time_s,adc_raw,voltage
0.0000,614,1.9806
0.0044,621,2.0032
0.0087,627,2.0226
0.0130,628,2.0258
0.0173,631,2.0355
0.0216,630,2.0323
0.0259,628,2.0258
0.0304,623,2.0097
0.0347,617,1.9903
0.0391,610,1.9677
0.0434,600,1.9355
0.0478,590,1.9032
0.0522,581,1.8742
0.0566,568,1.8323
0.0611,556,1.7935
0.0654,543,1.7516
0.0698,529,1.7065
0.0742,514,1.6581
0.0785,500,1.6129
0.0829,487,1.5710
0.0871,473,1.5258
0.0914,460,1.4839
0.0955,450,1.4516
0.0997,438,1.4129
0.1040,432,1.3935
0.1082,430,1.3871
0.1123,429,1.3839
0.1165,433,1.3968
0.1207,436,1.4065
0.1249,437,1.4097
0.1291,439,1.4161
0.1333,440,1.4194
0.1375,441,1.4226
0.1417,443,1.4290
0.1460,445,1.4355
0.1502,446,1.4387
0.1543,446,1.4387
0.1587,446,1.4387
0.1632,450,1.4516
0.1677,461,1.4871
0.1723,476,1.5355
0.1768,493,1.5903
0.1813,509,1.6419
0.1858,523,1.6871
0.1904,535,1.7258
0.1951,545,1.7581
0.1998,549,1.7710
0.2045,550,1.7742
0.2092,548,1.7677
0.2136,540,1.7419
0.2180,531,1.7129
0.2223,518,1.6710
0.2266,506,1.6323
0.2309,491,1.5839
0.2351,477,1.5387
0.2393,464,1.4968
0.2435,455,1.4677
0.2477,452,1.4581
0.2519,452,1.4581
0.2560,455,1.4677
0.2602,456,1.4710
0.2644,460,1.4839
0.2686,461,1.4871
0.2728,461,1.4871
0.2769,462,1.4903
0.2811,463,1.4935
0.2853,464,1.4968
0.2895,465,1.5000
0.2938,460,1.4839
0.2981,449,1.4484
0.3023,421,1.3581
0.3065,391,1.2613
0.3108,392,1.2645
0.3150,454,1.4645
0.3192,578,1.8645
0.3235,742,2.3935
0.3277,928,2.9935
0.3319,1000,3.2258
0.3362,1001,3.2290
0.3404,998,3.2194
0.3446,923,2.9774
0.3489,718,2.3161
0.3531,519,1.6742
0.3573,405,1.3065
0.3615,362,1.1677
0.3657,363,1.1710
0.3700,387,1.2484
0.3742,415,1.3387
0.3784,432,1.3935
0.3826,438,1.4129
0.3869,440,1.4194
0.3911,440,1.4194
0.3954,440,1.4194
0.3997,443,1.4290
0.4040,445,1.4355
0.4083,445,1.4355
0.4127,448,1.4452
0.4170,449,1.4484
0.4213,451,1.4548
0.4256,453,1.4613
0.4300,453,1.4613
0.4343,455,1.4677
0.4387,456,1.4710
0.4430,459,1.4806
0.4473,467,1.5065
0.4517,481,1.5516
0.4560,495,1.5968
0.4603,507,1.6355
0.4646,521,1.6806
0.4690,534,1.7226
0.4733,548,1.7677
0.4777,562,1.8129
0.4821,575,1.8548
0.4865,587,1.8935
0.4910,598,1.9290
0.4953,608,1.9613
0.4997,616,1.9871
0.5040,621,2.0032
0.5083,624,2.0129
0.5126,629,2.0290
0.5169,629,2.0290
0.5212,630,2.0323
0.5255,629,2.0290
0.5297,626,2.0194
0.5341,618,1.9935
0.5383,610,1.9677
0.5427,602,1.9419
0.5469,593,1.9129
0.5512,583,1.8806
0.5555,570,1.8387
0.5598,557,1.7968
0.5641,546,1.7613
0.5684,532,1.7161
0.5728,518,1.6710
0.5771,504,1.6258
0.5814,491,1.5839
0.5857,478,1.5419
0.5900,464,1.4968
0.5943,451,1.4548
0.5986,439,1.4161
0.6029,431,1.3903
0.6072,429,1.3839
0.6115,429,1.3839
0.6158,432,1.3935
0.6201,436,1.4065
0.6244,438,1.4129
0.6286,439,1.4161
0.6329,440,1.4194
0.6373,442,1.4258
0.6416,443,1.4290
0.6458,444,1.4323
0.6501,445,1.4355
0.6545,446,1.4387
0.6588,447,1.4419
0.6631,450,1.4516
0.6674,450,1.4516
0.6716,457,1.4742
0.6760,467,1.5065
0.6802,482,1.5548
0.6845,498,1.6065
0.6888,512,1.6516
0.6931,524,1.6903
0.6974,537,1.7323
0.7018,546,1.7613
0.7061,550,1.7742
0.7104,552,1.7806
0.7146,550,1.7742
0.7190,546,1.7613
0.7232,538,1.7355
0.7275,527,1.7000
0.7318,514,1.6581
0.7361,500,1.6129
0.7404,486,1.5677
0.7447,471,1.5194
0.7490,459,1.4806
0.7533,454,1.4645
0.7576,455,1.4677
0.7619,456,1.4710
0.7662,458,1.4774
0.7705,458,1.4774
0.7748,459,1.4806
0.7791,461,1.4871
0.7834,462,1.4903
0.7877,464,1.4968
0.7920,464,1.4968
0.7963,465,1.5000
0.8006,464,1.4968
0.8049,451,1.4548
0.8092,422,1.3613
0.8135,391,1.2613
0.8179,392,1.2645
0.8222,459,1.4806
0.8265,586,1.8903
0.8307,754,2.4323
0.8350,942,3.0387
0.8393,1001,3.2290
0.8437,1001,3.2290
0.8480,996,3.2129
0.8523,899,2.9000
0.8566,680,2.1935
0.8609,492,1.5871
0.8652,394,1.2710
0.8695,361,1.1645
0.8738,368,1.1871
0.8781,395,1.2742
0.8824,423,1.3645
0.8867,437,1.4097
0.8910,439,1.4161
0.8954,440,1.4194
0.8997,442,1.4258
0.9040,443,1.4290
0.9083,444,1.4323
0.9126,445,1.4355
0.9169,447,1.4419
0.9212,448,1.4452
0.9255,450,1.4516
0.9298,450,1.4516
0.9341,451,1.4548
0.9384,453,1.4613
0.9428,456,1.4710
0.9471,457,1.4742
0.9514,461,1.4871
0.9556,471,1.5194
0.9599,484,1.5613
0.9643,499,1.6097
0.9686,513,1.6548
0.9729,526,1.6968
0.9774,540,1.7419
0.9817,554,1.7871
0.9860,566,1.8258
0.9903,579,1.8677
0.9946,588,1.8968
0.9990,600,1.9355
1.0033,608,1.9613
1.0076,616,1.9871
1.0119,622,2.0065
1.0162,627,2.0226
1.0205,630,2.0323
1.0249,632,2.0387
1.0291,632,2.0387
1.0334,628,2.0258
1.0377,624,2.0129
1.0420,617,1.9903
1.0464,611,1.9710
1.0507,603,1.9452
1.0549,593,1.9129
1.0597,579,1.8677
1.0640,566,1.8258
1.0683,553,1.7839
1.0726,540,1.7419
1.0769,525,1.6935
1.0814,512,1.6516
1.0858,498,1.6065
1.0902,484,1.5613
1.0946,470,1.5161
1.0989,459,1.4806
1.1032,447,1.4419
1.1076,436,1.4065
1.1118,430,1.3871
1.1161,430,1.3871
1.1204,432,1.3935
1.1248,435,1.4032
1.1291,434,1.4000
1.1334,436,1.4065
1.1377,438,1.4129
1.1422,441,1.4226
1.1465,443,1.4290
1.1508,445,1.4355
1.1551,446,1.4387
1.1594,447,1.4419
1.1637,448,1.4452
1.1681,449,1.4484
1.1724,455,1.4677
1.1766,467,1.5065
1.1809,482,1.5548
1.1852,498,1.6065
1.1896,513,1.6548
1.1944,528,1.7032
1.1987,538,1.7355
1.2030,547,1.7645
1.2079,552,1.7806
1.2122,552,1.7806
1.2165,548,1.7677
1.2208,541,1.7452
1.2251,530,1.7097
1.2293,519,1.6742
1.2336,505,1.6290
1.2379,491,1.5839
1.2422,478,1.5419
1.2464,465,1.5000
1.2507,456,1.4710
1.2550,453,1.4613
1.2592,453,1.4613
1.2635,455,1.4677
1.2678,457,1.4742
1.2721,459,1.4806
1.2763,460,1.4839
1.2806,461,1.4871
1.2849,462,1.4903
1.2891,464,1.4968
1.2934,464,1.4968
1.2977,465,1.5000
1.3019,461,1.4871
1.3062,444,1.4323
1.3104,412,1.3290
1.3148,385,1.2419
1.3190,404,1.3032
1.3233,487,1.5710
1.3276,629,2.0290
1.3319,805,2.5968
1.3362,984,3.1742
1.3405,1001,3.2290
1.3449,1000,3.2258
1.3491,990,3.1935
1.3534,840,2.7097
1.3577,615,1.9839
1.3621,453,1.4613
1.3664,376,1.2129
1.3707,357,1.1516
1.3750,372,1.2000
1.3795,403,1.3000
1.3841,427,1.3774
1.3886,436,1.4065
1.3931,439,1.4161
1.3980,440,1.4194
1.4023,441,1.4226
1.4065,443,1.4290
1.4108,445,1.4355
1.4152,446,1.4387
1.4195,446,1.4387
1.4238,448,1.4452
1.4280,450,1.4516
1.4323,452,1.4581
1.4366,453,1.4613
1.4409,454,1.4645
1.4451,455,1.4677
1.4494,457,1.4742
1.4536,465,1.5000
1.4580,478,1.5419
1.4622,491,1.5839
1.4665,506,1.6323
1.4708,519,1.6742
1.4750,532,1.7161
1.4793,547,1.7645
1.4836,561,1.8097
1.4879,573,1.8484
1.4921,584,1.8839
1.4964,593,1.9129
1.5006,603,1.9452
1.5049,613,1.9774
1.5092,619,1.9968
1.5135,624,2.0129
1.5179,628,2.0258
1.5222,631,2.0355
1.5265,630,2.0323
1.5308,629,2.0290
1.5351,626,2.0194
1.5394,622,2.0065
1.5437,616,1.9871
1.5480,606,1.9548
1.5523,597,1.9258
1.5567,588,1.8968
1.5610,576,1.8581
1.5653,564,1.8194
1.5696,550,1.7742
1.5739,537,1.7323
1.5782,523,1.6871
1.5825,510,1.6452
1.5868,497,1.6032
1.5911,483,1.5581
1.5954,469,1.5129
1.5997,457,1.4742
1.6040,445,1.4355
1.6083,435,1.4032
1.6126,430,1.3871
1.6169,430,1.3871
1.6212,432,1.3935
1.6255,435,1.4032
1.6298,437,1.4097
1.6341,439,1.4161
1.6384,440,1.4194
1.6427,441,1.4226
1.6470,442,1.4258
1.6513,443,1.4290
1.6556,445,1.4355
1.6599,447,1.4419
1.6643,448,1.4452
1.6686,451,1.4548
1.6729,458,1.4774
1.6772,470,1.5161
1.6815,486,1.5677
1.6858,501,1.6161
1.6901,515,1.6613
1.6944,528,1.7032
1.6987,537,1.7323
1.7030,544,1.7548
1.7073,549,1.7710
1.7116,551,1.7774
1.7159,547,1.7645
1.7202,542,1.7484
1.7245,531,1.7129
1.7288,518,1.6710
1.7331,505,1.6290
1.7373,492,1.5871
1.7417,477,1.5387
1.7460,464,1.4968
1.7502,455,1.4677
1.7546,451,1.4548
1.7589,451,1.4548
1.7632,453,1.4613
1.7675,455,1.4677
1.7718,456,1.4710
1.7761,457,1.4742
1.7804,459,1.4806
1.7847,461,1.4871
1.7890,462,1.4903
1.7933,463,1.4935
1.7976,465,1.5000
1.8019,461,1.4871
1.8062,444,1.4323
1.8104,410,1.3226
1.8147,382,1.2323
1.8190,401,1.2935
1.8234,484,1.5613
1.8277,628,2.0258
1.8320,805,2.5968
1.8363,984,3.1742
1.8406,1001,3.2290
1.8449,1000,3.2258
1.8492,989,3.1903
1.8542,800,2.5806
1.8586,579,1.8677
1.8629,431,1.3903
1.8672,369,1.1903
1.8715,356,1.1484
1.8758,362,1.1677
1.8801,374,1.2065
1.8844,395,1.2742
1.8887,420,1.3548
1.8930,436,1.4065
1.8973,441,1.4226
1.9016,443,1.4290
1.9059,444,1.4323
1.9102,444,1.4323
1.9145,446,1.4387
1.9188,447,1.4419
1.9231,450,1.4516
1.9275,452,1.4581
1.9318,453,1.4613
1.9361,454,1.4645
1.9404,455,1.4677
1.9447,456,1.4710
1.9490,458,1.4774
1.9532,459,1.4806
1.9575,462,1.4903
1.9618,468,1.5097
1.9660,481,1.5516
1.9703,494,1.5935
1.9746,510,1.6452
1.9789,523,1.6871
1.9833,538,1.7355
1.9876,550,1.7742
1.9920,565,1.8226
1.9963,575,1.8548
2.0005,586,1.8903
2.0048,597,1.9258
2.0091,608,1.9613
2.0133,616,1.9871
2.0176,620,2.0000
2.0218,627,2.0226
2.0261,631,2.0355
2.0304,632,2.0387
2.0347,633,2.0419
2.0390,632,2.0387
2.0432,629,2.0290
2.0475,624,2.0129
2.0518,617,1.9903
2.0560,609,1.9645
2.0603,602,1.9419
2.0646,592,1.9097
2.0688,580,1.8710
2.0731,567,1.8290
2.0774,554,1.7871
2.0816,542,1.7484
2.0859,528,1.7032
2.0902,514,1.6581
2.0945,500,1.6129
2.0987,486,1.5677
2.1030,474,1.5290
2.1073,462,1.4903
2.1115,450,1.4516
2.1158,439,1.4161
2.1201,433,1.3968
2.1243,433,1.3968
2.1286,434,1.4000
2.1329,436,1.4065
2.1372,438,1.4129
2.1415,440,1.4194
2.1458,441,1.4226
2.1501,442,1.4258
2.1544,444,1.4323
2.1587,446,1.4387
2.1630,448,1.4452
2.1673,449,1.4484
2.1717,450,1.4516
2.1759,452,1.4581
2.1803,458,1.4774
2.1846,470,1.5161
2.1889,485,1.5645
2.1932,500,1.6129
2.1975,515,1.6613
2.2018,528,1.7032
2.2061,539,1.7387
2.2104,547,1.7645
2.2147,551,1.7774
2.2190,553,1.7839
2.2233,551,1.7774
2.2275,544,1.7548
2.2318,536,1.7290
2.2362,525,1.6935
2.2405,511,1.6484
2.2448,497,1.6032
2.2491,482,1.5548
2.2534,468,1.5097
2.2577,458,1.4774
2.2620,453,1.4613
2.2663,454,1.4645
2.2706,456,1.4710
2.2749,457,1.4742
2.2792,458,1.4774
2.2837,460,1.4839
2.2881,462,1.4903
2.2925,463,1.4935
2.2968,463,1.4935
2.3011,465,1.5000
2.3054,465,1.5000
2.3097,461,1.4871
2.3140,444,1.4323
2.3183,412,1.3290
2.3226,385,1.2419
2.3269,401,1.2935
2.3312,481,1.5516
2.3355,619,1.9968
2.3398,796,2.5677
2.3442,986,3.1806
2.3485,1001,3.2290
2.3528,999,3.2226
2.3571,991,3.1968
2.3614,848,2.7355
2.3656,627,2.0226
2.3699,461,1.4871
2.3741,380,1.2258
2.3784,357,1.1516
2.3827,372,1.2000
2.3870,403,1.3000
2.3912,427,1.3774
2.3955,437,1.4097
2.3997,439,1.4161
2.4040,440,1.4194
2.4083,441,1.4226
2.4125,442,1.4258
2.4168,443,1.4290
2.4210,444,1.4323
2.4253,445,1.4355
2.4295,447,1.4419
2.4338,448,1.4452
2.4381,450,1.4516
2.4423,450,1.4516
2.4467,452,1.4581
2.4509,454,1.4645
2.4552,455,1.4677
2.4596,460,1.4839
2.4639,471,1.5194
2.4682,484,1.5613
2.4725,498,1.6065
2.4768,510,1.6452
2.4810,517,1.6677
2.4853,526,1.6968
2.4896,537,1.7323
2.4939,551,1.7774
2.4982,565,1.8226
2.5025,578,1.8645
2.5068,589,1.9000
2.5111,601,1.9387
2.5155,608,1.9613
2.5198,616,1.9871
2.5240,621,2.0032
2.5283,626,2.0194
2.5326,630,2.0323
2.5369,630,2.0323
2.5412,632,2.0387
2.5455,628,2.0258
2.5498,625,2.0161
2.5541,619,1.9968
2.5584,611,1.9710
2.5628,603,1.9452
2.5671,593,1.9129
2.5714,583,1.8806
2.5757,571,1.8419
2.5800,558,1.8000
2.5843,546,1.7613
2.5886,533,1.7194
2.5929,519,1.6742
2.5972,505,1.6290
2.6015,491,1.5839
2.6058,477,1.5387
2.6101,464,1.4968
2.6144,452,1.4581
2.6187,440,1.4194
2.6230,432,1.3935
2.6273,429,1.3839
2.6316,430,1.3871
2.6359,431,1.3903
2.6402,433,1.3968
2.6445,436,1.4065
2.6488,438,1.4129
2.6531,439,1.4161
2.6574,440,1.4194
2.6617,442,1.4258
2.6660,444,1.4323
2.6703,444,1.4323
2.6746,446,1.4387
2.6789,449,1.4484
2.6832,453,1.4613
2.6876,462,1.4903
2.6918,476,1.5355
2.6962,492,1.5871
2.7004,507,1.6355
2.7047,522,1.6839
2.7090,532,1.7161
2.7134,542,1.7484
2.7177,549,1.7710
2.7219,552,1.7806
2.7262,552,1.7806
2.7305,549,1.7710
2.7348,539,1.7387
2.7391,529,1.7065
2.7434,517,1.6677
2.7478,503,1.6226
2.7520,491,1.5839
2.7564,475,1.5323
2.7607,462,1.4903
2.7650,455,1.4677
2.7693,453,1.4613
2.7736,456,1.4710
2.7779,457,1.4742
2.7822,458,1.4774
2.7865,460,1.4839
2.7908,461,1.4871
2.7951,462,1.4903
2.7994,462,1.4903
2.8037,464,1.4968
2.8080,465,1.5000
2.8123,464,1.4968
2.8166,456,1.4710
2.8209,432,1.3935
2.8252,400,1.2903
2.8295,385,1.2419
2.8338,428,1.3806
2.8381,536,1.7290
2.8424,693,2.2355
2.8467,878,2.8323
2.8510,1000,3.2258
2.8553,1001,3.2290
2.8596,999,3.2226
2.8639,951,3.0677
2.8682,753,2.4290
2.8725,541,1.7452
2.8774,393,1.2677
2.8839,359,1.1581
2.8883,374,1.2065
2.8927,404,1.3032
2.8970,426,1.3742
2.9013,435,1.4032
2.9056,438,1.4129
2.9099,440,1.4194
2.9143,441,1.4226
2.9185,442,1.4258
2.9228,444,1.4323
2.9271,445,1.4355
2.9314,446,1.4387
2.9357,447,1.4419
2.9400,449,1.4484
2.9443,451,1.4548
2.9486,452,1.4581
2.9529,454,1.4645
2.9572,454,1.4645
2.9615,456,1.4710
2.9658,461,1.4871
2.9701,472,1.5226
2.9743,487,1.5710
2.9786,502,1.6194
2.9829,515,1.6613
2.9871,529,1.7065
2.9914,544,1.7548
2.9957,559,1.8032
2.9999,572,1.8452
3.0042,582,1.8774
3.0084,590,1.9032
3.0127,600,1.9355
3.0170,609,1.9645
3.0212,617,1.9903
3.0255,621,2.0032
3.0298,626,2.0194
3.0340,629,2.0290
3.0383,630,2.0323
3.0426,631,2.0355
3.0468,626,2.0194
3.0511,623,2.0097
3.0554,616,1.9871
3.0596,607,1.9581
3.0639,599,1.9323
3.0682,590,1.9032
3.0725,579,1.8677
3.0768,568,1.8323
3.0811,556,1.7935
3.0854,550,1.7742
3.0897,543,1.7516
3.0940,534,1.7226
3.0983,519,1.6742
3.1026,506,1.6323
3.1069,491,1.5839
3.1112,478,1.5419
3.1154,464,1.4968
3.1197,452,1.4581
3.1240,441,1.4226
3.1283,431,1.3903
3.1326,427,1.3774
3.1369,428,1.3806
3.1412,430,1.3871
3.1455,433,1.3968
3.1497,435,1.4032
3.1540,437,1.4097
3.1583,439,1.4161
3.1627,440,1.4194
3.1670,441,1.4226
3.1713,442,1.4258
3.1757,443,1.4290
3.1801,444,1.4323
3.1866,448,1.4452
3.1910,454,1.4645
3.1953,464,1.4968
3.1996,480,1.5484
3.2040,496,1.6000
3.2083,510,1.6452
3.2125,523,1.6871
3.2168,533,1.7194
3.2211,543,1.7516
3.2254,548,1.7677
3.2297,549,1.7710
3.2340,547,1.7645
3.2383,541,1.7452
3.2426,533,1.7194
3.2469,523,1.6871
3.2512,510,1.6452
3.2555,496,1.6000
3.2598,482,1.5548
3.2642,467,1.5065
3.2685,457,1.4742
3.2728,452,1.4581
3.2770,453,1.4613
3.2813,455,1.4677
3.2856,456,1.4710
3.2899,457,1.4742
3.2941,459,1.4806
3.2984,462,1.4903
3.3027,463,1.4935
3.3070,463,1.4935
3.3112,464,1.4968
3.3155,465,1.5000
3.3198,464,1.4968
3.3240,449,1.4484
3.3283,420,1.3548
3.3326,389,1.2548
3.3369,390,1.2581
3.3411,454,1.4645
3.3454,579,1.8677
3.3497,747,2.4097
3.3540,928,2.9935
3.3582,1000,3.2258
3.3625,1001,3.2290
3.3668,995,3.2097
3.3712,901,2.9065
3.3755,684,2.2065
3.3798,496,1.6000
3.3841,394,1.2710
3.3884,359,1.1581
3.3926,364,1.1742
3.3969,393,1.2677
3.4012,419,1.3516
3.4055,433,1.3968
3.4098,437,1.4097
3.4141,438,1.4129
3.4184,438,1.4129
3.4227,440,1.4194
3.4270,443,1.4290
3.4313,444,1.4323
3.4356,445,1.4355
3.4398,446,1.4387
3.4441,447,1.4419
3.4484,449,1.4484
3.4527,450,1.4516
3.4570,452,1.4581
3.4613,453,1.4613
3.4656,455,1.4677
3.4699,459,1.4806
3.4742,469,1.5129
3.4785,481,1.5516
3.4828,495,1.5968
3.4871,511,1.6484
3.4913,524,1.6903
3.4957,537,1.7323
3.4999,551,1.7774
3.5042,564,1.8194
3.5085,577,1.8613
3.5128,587,1.8935
3.5171,597,1.9258
3.5214,606,1.9548
3.5257,615,1.9839
3.5300,621,2.0032
3.5343,625,2.0161
3.5386,628,2.0258
3.5429,630,2.0323
3.5472,630,2.0323
3.5514,629,2.0290
3.5557,624,2.0129
3.5600,618,1.9935
3.5644,611,1.9710
3.5687,603,1.9452
3.5730,594,1.9161
3.5773,582,1.8774
3.5816,571,1.8419
3.5859,559,1.8032
3.5901,546,1.7613
3.5944,532,1.7161
3.5987,518,1.6710
3.6030,505,1.6290
3.6073,490,1.5806
3.6116,477,1.5387
3.6159,465,1.5000
3.6201,453,1.4613
3.6245,441,1.4226
3.6287,432,1.3935
3.6330,429,1.3839
3.6373,431,1.3903
3.6416,433,1.3968
3.6459,434,1.4000
3.6502,435,1.4032
3.6545,436,1.4065
3.6588,438,1.4129
3.6631,440,1.4194
3.6674,442,1.4258
3.6717,443,1.4290
3.6760,444,1.4323
3.6803,446,1.4387
3.6846,448,1.4452
3.6889,449,1.4484
3.6932,451,1.4548
3.6975,460,1.4839
3.7018,475,1.5323
3.7061,491,1.5839
3.7110,508,1.6387
3.7153,522,1.6839
3.7197,534,1.7226
3.7240,543,1.7516
3.7283,549,1.7710
3.7325,552,1.7806
3.7369,549,1.7710
3.7412,545,1.7581
3.7454,536,1.7290
3.7497,527,1.7000
3.7540,514,1.6581
3.7583,501,1.6161
3.7626,487,1.5710
3.7669,473,1.5258
3.7712,461,1.4871
3.7755,454,1.4645
3.7798,453,1.4613
3.7844,456,1.4710
3.7887,457,1.4742
3.7931,459,1.4806
3.7974,460,1.4839
3.8017,461,1.4871
3.8060,462,1.4903
3.8103,464,1.4968
3.8147,465,1.5000
3.8191,466,1.5032
3.8234,464,1.4968
3.8278,452,1.4581
3.8322,423,1.3645
3.8365,391,1.2613
3.8408,391,1.2613
3.8452,455,1.4677
3.8495,583,1.8806
3.8538,752,2.4258
3.8582,940,3.0323
3.8625,999,3.2226
3.8669,1000,3.2258
3.8712,996,3.2129
3.8755,892,2.8774
3.8798,673,2.1710
3.8841,486,1.5677
3.8884,390,1.2581
3.8927,360,1.1613
3.8970,367,1.1839
3.9013,396,1.2774
3.9056,422,1.3613
3.9099,436,1.4065
3.9142,439,1.4161
3.9185,440,1.4194
3.9228,440,1.4194
3.9271,442,1.4258
3.9314,444,1.4323
3.9357,445,1.4355
3.9400,447,1.4419
3.9443,449,1.4484
3.9486,451,1.4548
3.9529,451,1.4548
3.9571,453,1.4613
3.9615,453,1.4613
3.9659,454,1.4645
3.9702,455,1.4677
3.9745,460,1.4839
3.9789,471,1.5194
3.9832,484,1.5613
3.9875,499,1.6097
3.9919,513,1.6548
3.9962,527,1.7000
4.0005,540,1.7419
4.0049,555,1.7903
4.0092,568,1.8323
4.0135,579,1.8677
4.0179,591,1.9065
4.0222,601,1.9387
4.0266,610,1.9677
4.0309,615,1.9839
4.0353,624,2.0129
4.0396,626,2.0194
4.0439,631,2.0355
4.0483,632,2.0387
4.0526,630,2.0323
4.0569,628,2.0258
4.0613,624,2.0129
4.0656,617,1.9903
4.0699,611,1.9710
4.0743,602,1.9419
4.0787,591,1.9065
4.0838,577,1.8613
4.0882,563,1.8161
4.0927,553,1.7839
4.0970,539,1.7387
4.1013,525,1.6935
4.1056,510,1.6452
4.1099,496,1.6000
4.1142,483,1.5581
4.1185,469,1.5129
4.1228,457,1.4742
4.1271,445,1.4355
4.1314,436,1.4065
4.1357,430,1.3871
4.1400,431,1.3903
4.1442,432,1.3935
4.1485,434,1.4000
4.1528,435,1.4032
4.1571,436,1.4065
4.1614,438,1.4129
4.1657,439,1.4161
4.1700,441,1.4226
4.1743,443,1.4290
4.1786,445,1.4355
4.1829,446,1.4387
4.1872,448,1.4452
4.1915,449,1.4484
4.1958,456,1.4710
4.2001,469,1.5129
4.2044,485,1.5645
4.2086,500,1.6129
4.2130,515,1.6613
4.2172,526,1.6968
4.2215,537,1.7323
4.2258,545,1.7581
4.2301,550,1.7742
4.2344,551,1.7774
4.2387,548,1.7677
4.2430,543,1.7516
4.2473,533,1.7194
4.2516,520,1.6774
4.2559,507,1.6355
4.2602,493,1.5903
4.2645,479,1.5452
4.2688,466,1.5032
4.2731,456,1.4710
4.2775,453,1.4613
4.2818,455,1.4677
4.2861,457,1.4742
4.2905,457,1.4742
4.2948,459,1.4806
4.2991,460,1.4839
4.3035,461,1.4871
4.3078,463,1.4935
4.3122,464,1.4968
4.3165,465,1.5000
4.3208,467,1.5065
4.3252,461,1.4871
4.3295,442,1.4258
4.3338,410,1.3226
4.3382,386,1.2452
4.3425,409,1.3194
4.3468,498,1.6065
4.3511,645,2.0806
4.3555,823,2.6548
4.3598,995,3.2097
4.3641,1001,3.2290
4.3686,1001,3.2290
4.3729,980,3.1613
4.3772,810,2.6129
4.3815,589,1.9000
4.3858,439,1.4161
4.3901,372,1.2000
4.3944,359,1.1581
4.3987,378,1.2194
4.4030,409,1.3194
4.4073,430,1.3871
4.4116,439,1.4161
4.4159,440,1.4194
4.4202,441,1.4226
4.4245,443,1.4290
4.4288,443,1.4290
4.4331,445,1.4355
4.4374,446,1.4387
4.4416,449,1.4484
4.4459,449,1.4484
4.4502,449,1.4484
4.4545,451,1.4548
4.4588,452,1.4581
4.4631,455,1.4677
4.4674,457,1.4742
4.4717,459,1.4806
4.4760,464,1.4968
4.4804,475,1.5323
4.4847,491,1.5839
4.4890,505,1.6290
4.4933,519,1.6742
4.4977,533,1.7194
4.5020,547,1.7645
4.5063,560,1.8065
4.5106,572,1.8452
4.5150,584,1.8839
4.5193,593,1.9129
4.5236,605,1.9516
4.5280,613,1.9774
4.5323,618,1.9935
4.5367,622,2.0065
4.5410,628,2.0258
4.5453,631,2.0355
4.5497,630,2.0323
4.5540,629,2.0290
4.5583,627,2.0226
4.5627,621,2.0032
4.5670,614,1.9806
4.5714,606,1.9548
4.5757,596,1.9226
4.5801,587,1.8935
4.5844,577,1.8613
4.5887,564,1.8194
4.5929,554,1.7871
4.5972,548,1.7677
4.6015,538,1.7355
4.6058,526,1.6968
4.6101,512,1.6516
4.6144,497,1.6032
4.6187,482,1.5548
4.6230,470,1.5161
4.6273,457,1.4742
4.6316,445,1.4355
4.6359,434,1.4000
4.6402,429,1.3839
4.6445,429,1.3839
4.6488,430,1.3871
4.6531,431,1.3903
4.6573,434,1.4000
4.6617,435,1.4032
4.6660,438,1.4129
4.6702,440,1.4194
4.6745,442,1.4258
4.6789,443,1.4290
4.6834,444,1.4323
4.6878,446,1.4387
4.6922,446,1.4387
4.6965,448,1.4452
4.7009,454,1.4645
4.7052,467,1.5065
4.7095,483,1.5581
4.7139,499,1.6097
4.7182,514,1.6581
4.7225,527,1.7000
4.7269,539,1.7387
4.7312,547,1.7645
4.7355,550,1.7742
4.7399,550,1.7742
4.7442,547,1.7645
4.7485,541,1.7452
4.7529,531,1.7129
4.7572,519,1.6742
4.7615,506,1.6323
4.7659,492,1.5871
4.7702,477,1.5387
4.7745,463,1.4935
4.7788,454,1.4645
4.7831,452,1.4581
4.7874,453,1.4613
4.7917,456,1.4710
4.7960,457,1.4742
4.8003,458,1.4774
4.8047,459,1.4806
4.8090,461,1.4871
4.8133,462,1.4903
4.8176,462,1.4903
4.8219,463,1.4935
4.8262,464,1.4968
4.8305,459,1.4806
4.8348,437,1.4097
4.8391,405,1.3065
4.8433,381,1.2290
4.8476,407,1.3129
4.8519,496,1.6000
4.8562,640,2.0645
4.8605,820,2.6452
4.8648,993,3.2032
4.8691,1000,3.2258
4.8734,1001,3.2290
4.8777,984,3.1742
4.8820,817,2.6355
4.8864,594,1.9161
4.8907,439,1.4161
4.8951,370,1.1935
4.8994,358,1.1548
4.9037,377,1.2161
4.9080,407,1.3129
4.9124,428,1.3806
4.9167,435,1.4032
4.9210,438,1.4129
4.9253,439,1.4161
4.9297,440,1.4194
4.9340,440,1.4194
4.9384,441,1.4226
4.9427,443,1.4290
4.9470,445,1.4355
4.9514,446,1.4387
4.9557,447,1.4419
4.9600,448,1.4452
4.9643,450,1.4516
4.9687,450,1.4516
4.9730,452,1.4581
4.9773,454,1.4645
4.9816,463,1.4935
4.9872,479,1.5452
4.9916,494,1.5935
4.9958,507,1.6355
5.0003,513,1.6548
5.0046,518,1.6710
5.0091,525,1.6935
5.0135,539,1.7387
5.0181,554,1.7871
5.0225,566,1.8258
5.0268,579,1.8677
5.0311,589,1.9000
5.0355,598,1.9290
5.0397,608,1.9613
5.0440,616,1.9871
5.0483,621,2.0032
5.0525,625,2.0161
5.0568,630,2.0323
5.0611,632,2.0387
5.0653,631,2.0355
5.0696,628,2.0258
5.0739,622,2.0065
5.0781,617,1.9903
5.0824,611,1.9710
5.0866,603,1.9452
5.0909,593,1.9129
5.0951,581,1.8742
5.0994,568,1.8323
5.1036,558,1.8000
5.1079,544,1.7548
5.1121,532,1.7161
5.1164,517,1.6677
5.1206,503,1.6226
5.1248,490,1.5806
5.1291,477,1.5387
5.1333,465,1.5000
5.1376,452,1.4581
5.1418,441,1.4226
5.1460,432,1.3935
5.1503,429,1.3839
5.1545,431,1.3903
5.1587,432,1.3935
5.1630,433,1.3968
5.1672,436,1.4065
5.1715,437,1.4097
5.1757,439,1.4161
5.1800,440,1.4194
5.1843,442,1.4258
5.1886,443,1.4290
5.1929,445,1.4355
5.1972,446,1.4387
5.2014,447,1.4419
5.2057,450,1.4516
5.2100,460,1.4839
5.2143,473,1.5258
5.2186,488,1.5742
5.2229,503,1.6226
5.2272,518,1.6710
5.2315,531,1.7129
5.2358,540,1.7419
5.2401,547,1.7645
5.2444,552,1.7806
5.2487,552,1.7806
5.2530,546,1.7613
5.2573,539,1.7387
5.2616,531,1.7129
5.2659,518,1.6710
5.2702,504,1.6258
5.2745,491,1.5839
5.2788,476,1.5355
5.2831,464,1.4968
5.2874,456,1.4710
5.2916,455,1.4677
5.2960,455,1.4677
5.3002,457,1.4742
5.3045,459,1.4806
5.3088,460,1.4839
5.3131,462,1.4903
5.3173,462,1.4903
5.3217,464,1.4968
5.3259,465,1.5000
5.3302,466,1.5032
5.3345,466,1.5032
5.3388,460,1.4839
5.3431,438,1.4129
5.3474,406,1.3097
5.3517,384,1.2387
5.3562,417,1.3452
5.3605,514,1.6581
5.3648,665,2.1452
5.3691,848,2.7355
5.3734,999,3.2226
5.3777,1002,3.2323
5.3820,998,3.2194
5.3863,972,3.1355
5.3906,793,2.5581
5.3949,575,1.8548
5.3992,429,1.3839
5.4035,368,1.1871
5.4078,359,1.1581
5.4121,380,1.2258
5.4164,408,1.3161
5.4207,428,1.3806
5.4250,436,1.4065
5.4293,438,1.4129
5.4335,440,1.4194
5.4379,441,1.4226
5.4422,442,1.4258
5.4465,443,1.4290
5.4508,444,1.4323
5.4550,446,1.4387
5.4593,446,1.4387
5.4637,449,1.4484
5.4680,451,1.4548
5.4722,452,1.4581
5.4765,454,1.4645
5.4808,455,1.4677
5.4851,456,1.4710
5.4894,462,1.4903
5.4937,475,1.5323
5.4980,490,1.5806
5.5023,503,1.6226
5.5066,518,1.6710
5.5109,532,1.7161
5.5152,545,1.7581
5.5195,557,1.7968
5.5238,569,1.8355
5.5281,581,1.8742
5.5323,594,1.9161
5.5367,603,1.9452
5.5410,612,1.9742
5.5452,619,1.9968
5.5496,623,2.0097
5.5538,627,2.0226
5.5581,628,2.0258
5.5624,629,2.0290
5.5667,630,2.0323
5.5717,626,2.0194
5.5760,620,2.0000
5.5803,612,1.9742
5.5853,604,1.9484
5.5897,594,1.9161
5.5941,585,1.8871
5.5984,573,1.8484
5.6027,560,1.8065
5.6070,546,1.7613
5.6113,533,1.7194
5.6156,519,1.6742
5.6199,505,1.6290
5.6242,491,1.5839
5.6285,478,1.5419
5.6328,466,1.5032
5.6371,453,1.4613
5.6414,441,1.4226
5.6457,431,1.3903
5.6500,428,1.3806
5.6543,430,1.3871
5.6586,433,1.3968
5.6629,435,1.4032
5.6672,436,1.4065
5.6715,437,1.4097
5.6758,438,1.4129
5.6801,438,1.4129
5.6844,440,1.4194
5.6887,443,1.4290
5.6930,445,1.4355
5.6973,445,1.4355
5.7016,447,1.4419
5.7059,449,1.4484
5.7102,458,1.4774
5.7145,473,1.5258
5.7188,488,1.5742
5.7231,504,1.6258
5.7274,519,1.6742
5.7317,530,1.7097
5.7360,540,1.7419
5.7403,548,1.7677
5.7446,552,1.7806
5.7489,550,1.7742
5.7532,547,1.7645
5.7575,539,1.7387
5.7618,531,1.7129
5.7661,519,1.6742
5.7703,504,1.6258
5.7747,490,1.5806
5.7789,475,1.5323
5.7833,462,1.4903
5.7876,454,1.4645
5.7920,453,1.4613
5.7964,454,1.4645
5.8007,456,1.4710
5.8050,457,1.4742
5.8093,458,1.4774
5.8137,459,1.4806
5.8180,462,1.4903
5.8224,463,1.4935
5.8267,464,1.4968
5.8310,465,1.5000
5.8354,464,1.4968
5.8397,455,1.4677
5.8440,430,1.3871
5.8484,398,1.2839
5.8527,385,1.2419
5.8570,431,1.3903
5.8614,542,1.7484
5.8657,703,2.2677
5.8701,891,2.8742
5.8744,998,3.2194
5.8797,1000,3.2258
5.8857,985,3.1774
5.8904,802,2.5871
5.8948,576,1.8581
5.8991,432,1.3935
5.9034,369,1.1903
5.9076,359,1.1581
5.9119,379,1.2226
5.9162,409,1.3194
5.9205,429,1.3839
5.9247,439,1.4161
5.9290,440,1.4194
5.9333,441,1.4226
5.9376,440,1.4194
5.9419,442,1.4258
5.9462,444,1.4323
5.9504,445,1.4355
5.9547,445,1.4355
5.9590,446,1.4387
5.9632,446,1.4387
5.9675,448,1.4452
5.9717,450,1.4516
5.9760,452,1.4581
5.9803,453,1.4613
5.9846,455,1.4677
5.9889,461,1.4871
5.9934,474,1.5290
5.9977,488,1.5742
6.0020,502,1.6194
6.0062,516,1.6645
6.0105,530,1.7097
6.0148,543,1.7516
6.0191,556,1.7935
6.0233,568,1.8323
6.0276,581,1.8742
6.0319,590,1.9032
6.0362,603,1.9452
6.0410,612,1.9742
6.0452,620,2.0000
6.0495,625,2.0161
6.0538,627,2.0226
6.0581,631,2.0355
6.0624,630,2.0323
6.0667,630,2.0323
6.0709,626,2.0194
6.0756,620,2.0000
6.0799,613,1.9774
6.0842,607,1.9581
6.0884,597,1.9258
6.0927,589,1.9000
6.0970,577,1.8613
6.1013,564,1.8194
6.1056,551,1.7774
6.1099,538,1.7355
6.1141,525,1.6935
6.1184,511,1.6484
6.1227,496,1.6000
6.1270,483,1.5581
6.1312,469,1.5129
6.1355,457,1.4742
6.1398,445,1.4355
6.1441,435,1.4032
6.1484,430,1.3871
6.1526,430,1.3871
6.1569,432,1.3935
6.1619,434,1.4000
6.1662,435,1.4032
6.1704,437,1.4097
6.1747,439,1.4161
6.1790,440,1.4194
6.1833,443,1.4290
6.1881,445,1.4355
6.1924,446,1.4387
6.1967,448,1.4452
6.2009,448,1.4452
6.2052,450,1.4516
6.2095,458,1.4774
6.2138,470,1.5161
6.2180,486,1.5677
6.2223,502,1.6194
6.2266,516,1.6645
6.2309,528,1.7032
6.2351,538,1.7355
6.2396,547,1.7645
6.2439,549,1.7710
6.2482,552,1.7806
6.2525,548,1.7677
6.2567,542,1.7484
6.2610,532,1.7161
6.2653,519,1.6742
6.2695,507,1.6355
6.2738,492,1.5871
6.2781,478,1.5419
6.2823,465,1.5000
6.2866,455,1.4677
6.2909,453,1.4613
6.2952,454,1.4645
6.2995,455,1.4677
6.3038,457,1.4742
6.3081,458,1.4774
6.3123,461,1.4871
6.3166,461,1.4871
6.3212,463,1.4935
6.3255,464,1.4968
6.3298,464,1.4968
6.3341,466,1.5032
6.3383,460,1.4839
6.3426,440,1.4194
6.3469,409,1.3194
6.3512,385,1.2419
6.3554,406,1.3097
6.3597,491,1.5839
6.3640,634,2.0452
6.3683,809,2.6097
6.3725,987,3.1839
6.3768,1002,3.2323
6.3811,1001,3.2290
6.3854,988,3.1871
6.3898,833,2.6871
6.3941,612,1.9742
6.3984,450,1.4516
6.4029,374,1.2065
6.4072,358,1.1548
6.4114,375,1.2097
6.4157,405,1.3065
6.4200,425,1.3710
6.4242,434,1.4000
6.4285,437,1.4097
6.4328,438,1.4129
6.4371,440,1.4194
6.4413,441,1.4226
6.4456,442,1.4258
6.4499,444,1.4323
6.4542,446,1.4387
6.4585,447,1.4419
6.4627,448,1.4452
6.4670,450,1.4516
6.4713,451,1.4548
6.4755,452,1.4581
6.4798,455,1.4677
6.4848,457,1.4742
6.4892,464,1.4968
6.4936,476,1.5355
6.4980,490,1.5806
6.5023,505,1.6290
6.5065,517,1.6677
6.5109,532,1.7161
6.5151,545,1.7581
6.5194,558,1.8000
6.5236,573,1.8484
6.5279,584,1.8839
6.5322,594,1.9161
6.5365,603,1.9452
6.5409,611,1.9710
6.5453,617,1.9903
6.5495,624,2.0129
6.5539,629,2.0290
6.5581,629,2.0290
6.5624,632,2.0387
6.5666,629,2.0290
6.5709,627,2.0226
6.5751,623,2.0097
6.5794,616,1.9871
6.5836,608,1.9613
6.5879,599,1.9323
6.5923,588,1.8968
6.5966,575,1.8548
6.6008,565,1.8226
6.6051,554,1.7871
6.6094,541,1.7452
6.6137,528,1.7032
6.6180,514,1.6581
6.6222,498,1.6065
6.6265,485,1.5645
6.6307,473,1.5258
6.6350,460,1.4839
6.6393,449,1.4484
6.6436,437,1.4097
6.6483,430,1.3871
6.6526,429,1.3839
6.6569,432,1.3935
6.6612,434,1.4000
6.6654,437,1.4097
6.6697,438,1.4129
6.6740,439,1.4161
6.6783,440,1.4194
6.6825,442,1.4258
6.6868,443,1.4290
6.6911,445,1.4355
6.6954,446,1.4387
6.6997,447,1.4419
6.7040,449,1.4484
6.7082,455,1.4677
6.7125,467,1.5065
6.7168,480,1.5484
6.7211,496,1.6000
6.7254,512,1.6516
6.7300,526,1.6968
6.7343,538,1.7355
6.7385,547,1.7645
6.7428,550,1.7742
6.7471,552,1.7806
6.7514,550,1.7742
6.7557,544,1.7548
6.7600,535,1.7258
6.7642,523,1.6871
6.7685,510,1.6452
6.7727,495,1.5968
6.7770,481,1.5516
6.7813,467,1.5065
6.7857,458,1.4774
6.7901,454,1.4645
6.7944,454,1.4645
6.7987,455,1.4677
6.8030,456,1.4710
6.8073,458,1.4774
6.8119,459,1.4806
6.8161,462,1.4903
6.8204,463,1.4935
6.8247,464,1.4968
6.8289,465,1.5000
6.8332,467,1.5065
6.8375,463,1.4935
6.8417,447,1.4419
6.8460,417,1.3452
6.8504,389,1.2548
6.8546,398,1.2839
6.8590,473,1.5258
6.8632,606,1.9548
6.8675,775,2.5000
6.8717,957,3.0871
6.8760,1002,3.2323
6.8803,1001,3.2290
6.8846,997,3.2161
6.8888,884,2.8516
6.8938,627,2.0226
6.8981,458,1.4774
6.9024,378,1.2194
6.9067,357,1.1516
6.9109,372,1.2000
6.9152,403,1.3000
6.9195,426,1.3742
6.9237,437,1.4097
6.9280,440,1.4194
6.9323,440,1.4194
6.9366,441,1.4226
6.9408,442,1.4258
6.9451,444,1.4323
6.9494,445,1.4355
6.9537,445,1.4355
6.9580,448,1.4452
6.9623,448,1.4452
6.9666,449,1.4484
6.9708,452,1.4581
6.9751,452,1.4581
6.9795,455,1.4677
6.9838,456,1.4710
6.9880,460,1.4839
6.9923,471,1.5194
6.9966,485,1.5645
7.0009,500,1.6129
7.0052,515,1.6613
7.0095,530,1.7097
7.0138,542,1.7484
7.0181,557,1.7968
7.0224,569,1.8355
7.0267,580,1.8710
7.0310,591,1.9065
7.0353,601,1.9387
7.0396,611,1.9710
7.0440,619,1.9968
7.0483,623,2.0097
7.0527,629,2.0290
7.0570,630,2.0323
7.0614,630,2.0323
7.0657,632,2.0387
7.0700,629,2.0290
7.0743,624,2.0129
7.0786,617,1.9903
7.0829,610,1.9677
7.0872,602,1.9419
7.0915,592,1.9097
7.0958,580,1.8710
7.1001,569,1.8355
7.1044,556,1.7935
7.1087,543,1.7516
7.1129,528,1.7032
7.1172,513,1.6548
7.1214,501,1.6161
7.1257,486,1.5677
7.1300,473,1.5258
7.1343,461,1.4871
7.1386,449,1.4484
7.1429,438,1.4129
7.1471,430,1.3871
7.1514,428,1.3806
7.1557,430,1.3871
7.1600,432,1.3935
7.1643,434,1.4000
7.1686,436,1.4065
7.1728,438,1.4129
7.1771,440,1.4194
7.1813,441,1.4226
7.1856,442,1.4258
7.1899,443,1.4290
7.1942,443,1.4290
7.1984,445,1.4355
7.2027,446,1.4387
7.2071,450,1.4516
7.2114,461,1.4871
7.2157,476,1.5355
7.2200,492,1.5871
7.2244,508,1.6387
7.2287,522,1.6839
7.2330,533,1.7194
7.2372,542,1.7484
7.2415,547,1.7645
7.2458,550,1.7742
7.2502,549,1.7710
7.2545,544,1.7548
7.2588,536,1.7290
7.2631,525,1.6935
7.2674,513,1.6548
7.2717,499,1.6097
7.2760,484,1.5613
7.2803,470,1.5161
7.2846,458,1.4774
7.2889,452,1.4581
7.2932,451,1.4548
7.2975,453,1.4613
7.3018,454,1.4645
7.3061,456,1.4710
7.3104,458,1.4774
7.3147,459,1.4806
7.3189,460,1.4839
7.3232,461,1.4871
7.3275,463,1.4935
7.3317,464,1.4968
7.3360,463,1.4935
7.3403,453,1.4613
7.3446,426,1.3742
7.3489,395,1.2742
7.3531,385,1.2419
7.3574,435,1.4032
7.3616,548,1.7677
7.3659,708,2.2839
7.3702,893,2.8806
7.3745,999,3.2226
7.3794,999,3.2226
7.3858,982,3.1677
7.3902,811,2.6161
7.3945,592,1.9097
7.3988,440,1.4194
7.4031,372,1.2000
7.4074,358,1.1548
7.4117,375,1.2097
7.4159,405,1.3065
7.4202,427,1.3774
7.4245,436,1.4065
7.4287,440,1.4194
7.4336,441,1.4226
7.4381,441,1.4226
7.4423,443,1.4290
7.4466,444,1.4323
7.4509,446,1.4387
7.4552,446,1.4387
7.4594,448,1.4452
7.4637,449,1.4484
7.4680,451,1.4548
7.4723,452,1.4581
7.4765,453,1.4613
7.4808,454,1.4645
7.4850,457,1.4742
7.4893,463,1.4935
7.4936,475,1.5323
7.4979,489,1.5774
7.5022,503,1.6226
7.5065,515,1.6613
7.5109,526,1.6968
7.5153,538,1.7355
7.5196,550,1.7742
7.5241,565,1.8226
7.5286,577,1.8613
7.5331,589,1.9000
7.5375,599,1.9323
7.5418,608,1.9613
7.5461,616,1.9871
7.5504,623,2.0097
7.5548,626,2.0194
7.5591,629,2.0290
7.5635,629,2.0290
7.5678,630,2.0323
7.5722,628,2.0258
7.5765,622,2.0065
7.5808,615,1.9839
7.5852,608,1.9613
7.5895,600,1.9355
7.5938,589,1.9000
7.5983,577,1.8613
7.6026,566,1.8258
7.6069,557,1.7968
7.6112,549,1.7710
7.6155,541,1.7452
7.6197,528,1.7032
7.6240,515,1.6613
7.6282,501,1.6161
7.6325,487,1.5710
7.6368,473,1.5258
7.6410,461,1.4871
7.6453,449,1.4484
7.6496,438,1.4129
7.6539,430,1.3871
7.6581,427,1.3774
7.6624,430,1.3871
7.6667,433,1.3968
7.6710,434,1.4000
7.6752,435,1.4032
7.6800,436,1.4065
7.6854,439,1.4161
7.6898,441,1.4226
7.6941,442,1.4258
7.6985,442,1.4258
7.7028,443,1.4290
7.7071,445,1.4355
7.7114,448,1.4452
7.7157,454,1.4645
7.7200,465,1.5000
7.7243,481,1.5516
7.7286,497,1.6032
7.7329,512,1.6516
7.7372,526,1.6968
7.7415,537,1.7323
7.7458,546,1.7613
7.7501,550,1.7742
7.7544,551,1.7774
7.7587,547,1.7645
7.7631,541,1.7452
7.7674,532,1.7161
7.7716,521,1.6806
7.7759,509,1.6419
7.7802,495,1.5968
7.7845,480,1.5484
7.7888,467,1.5065
7.7931,456,1.4710
7.7974,452,1.4581
7.8017,452,1.4581
7.8060,455,1.4677
7.8103,458,1.4774
7.8146,460,1.4839
7.8189,460,1.4839
7.8232,462,1.4903
7.8275,463,1.4935
7.8318,465,1.5000
7.8361,466,1.5032
7.8404,467,1.5065
7.8447,463,1.4935
7.8490,447,1.4419
7.8533,417,1.3452
7.8576,389,1.2548
7.8619,400,1.2903
7.8662,477,1.5387
7.8705,614,1.9806
7.8748,788,2.5419
7.8791,973,3.1387
7.8834,999,3.2226
7.8877,1001,3.2290
7.8920,993,3.2032
7.8963,863,2.7839
7.9006,641,2.0677
7.9049,466,1.5032
7.9092,381,1.2290
7.9136,358,1.1548
7.9179,372,1.2000
7.9222,402,1.2968
7.9265,426,1.3742
7.9308,437,1.4097
7.9351,442,1.4258
7.9394,441,1.4226
7.9437,441,1.4226
7.9480,442,1.4258
7.9523,444,1.4323
7.9566,444,1.4323
7.9609,445,1.4355
7.9652,447,1.4419
7.9694,448,1.4452
7.9737,450,1.4516
7.9780,452,1.4581
7.9823,453,1.4613
7.9866,454,1.4645
7.9909,455,1.4677
7.9952,460,1.4839
7.9995,471,1.5194
8.0037,484,1.5613
8.0081,499,1.6097
8.0124,514,1.6581
8.0167,527,1.7000
8.0209,541,1.7452
8.0253,555,1.7903
8.0295,568,1.8323
8.0338,579,1.8677
8.0381,590,1.9032
8.0424,600,1.9355
8.0467,610,1.9677
8.0510,616,1.9871
8.0553,621,2.0032
8.0596,625,2.0161
8.0639,627,2.0226
8.0682,628,2.0258
8.0725,628,2.0258
8.0767,625,2.0161
8.0810,622,2.0065
8.0853,617,1.9903
8.0896,610,1.9677
8.0939,602,1.9419
8.0982,592,1.9097
8.1025,578,1.8645
8.1068,568,1.8323
8.1111,555,1.7903
8.1154,543,1.7516
8.1197,529,1.7065
8.1239,516,1.6645
8.1282,503,1.6226
8.1325,489,1.5774
8.1368,476,1.5355
8.1411,464,1.4968
8.1454,451,1.4548
8.1497,439,1.4161
8.1540,432,1.3935
8.1582,430,1.3871
8.1626,432,1.3935
8.1668,435,1.4032
8.1712,436,1.4065
8.1754,437,1.4097
8.1797,439,1.4161
8.1840,440,1.4194
8.1883,441,1.4226
8.1926,441,1.4226
8.1969,444,1.4323
8.2012,446,1.4387
8.2054,448,1.4452
8.2097,448,1.4452
8.2140,448,1.4452
8.2183,450,1.4516
8.2226,459,1.4806
8.2269,472,1.5226
8.2312,488,1.5742
8.2354,503,1.6226
8.2397,518,1.6710
8.2440,530,1.7097
8.2483,540,1.7419
8.2526,548,1.7677
8.2569,553,1.7839
8.2612,554,1.7871
8.2655,551,1.7774
8.2698,545,1.7581
8.2741,534,1.7226
8.2784,523,1.6871
8.2829,504,1.6258
8.2882,490,1.5806
8.2927,476,1.5355
8.2970,464,1.4968
8.3013,456,1.4710
8.3056,453,1.4613
8.3098,454,1.4645
8.3141,456,1.4710
8.3184,458,1.4774
8.3226,459,1.4806
8.3269,460,1.4839
8.3311,462,1.4903
8.3354,462,1.4903
8.3396,464,1.4968
8.3439,465,1.5000
8.3481,466,1.5032
8.3523,459,1.4806
8.3566,437,1.4097
8.3609,405,1.3065
8.3651,387,1.2484
8.3694,420,1.3548
8.3736,518,1.6710
8.3779,668,2.1548
8.3822,849,2.7387
8.3865,998,3.2194
8.3907,1001,3.2290
8.3950,1000,3.2258
8.3992,977,3.1516
8.4035,802,2.5871
8.4078,583,1.8806
8.4121,435,1.4032
8.4164,371,1.1968
8.4207,359,1.1581
8.4250,379,1.2226
8.4293,409,1.3194
8.4336,431,1.3903
8.4379,439,1.4161
8.4422,440,1.4194
8.4465,440,1.4194
8.4508,440,1.4194
8.4551,441,1.4226
8.4594,442,1.4258
8.4637,445,1.4355
8.4680,447,1.4419
8.4723,448,1.4452
8.4766,448,1.4452
8.4809,449,1.4484
8.4852,451,1.4548
8.4895,454,1.4645
8.4938,455,1.4677
8.4981,457,1.4742
8.5024,463,1.4935
8.5067,475,1.5323
8.5110,489,1.5774
8.5153,503,1.6226
8.5196,517,1.6677
8.5239,531,1.7129
8.5282,543,1.7516
8.5325,558,1.8000
8.5368,568,1.8323
8.5411,582,1.8774
8.5454,594,1.9161
8.5497,602,1.9419
8.5540,611,1.9710
8.5582,617,1.9903
8.5626,624,2.0129
8.5670,629,2.0290
8.5713,631,2.0355
8.5756,632,2.0387
8.5800,630,2.0323
8.5844,626,2.0194
8.5894,618,1.9935
8.5938,611,1.9710
8.5982,604,1.9484
8.6027,596,1.9226
8.6072,584,1.8839
8.6114,574,1.8516
8.6157,563,1.8161
8.6200,550,1.7742
8.6242,537,1.7323
8.6285,523,1.6871
8.6328,509,1.6419
8.6370,495,1.5968
8.6413,480,1.5484
8.6455,467,1.5065
8.6498,455,1.4677
8.6540,444,1.4323
8.6583,433,1.3968
8.6626,430,1.3871
8.6669,430,1.3871
8.6711,432,1.3935
8.6754,435,1.4032
8.6796,437,1.4097
8.6839,439,1.4161
8.6882,440,1.4194
8.6924,443,1.4290
8.6967,444,1.4323
8.7009,445,1.4355
8.7052,446,1.4387
8.7095,447,1.4419
8.7137,449,1.4484
8.7180,450,1.4516
8.7223,457,1.4742
8.7266,470,1.5161
8.7309,486,1.5677
8.7352,501,1.6161
8.7394,515,1.6613
8.7437,528,1.7032
8.7480,538,1.7355
8.7523,547,1.7645
8.7566,552,1.7806
8.7609,553,1.7839
8.7652,549,1.7710
8.7695,541,1.7452
8.7738,532,1.7161
8.7781,521,1.6806
8.7823,508,1.6387
8.7867,494,1.5935
8.7909,481,1.5516
8.7952,467,1.5065
8.7995,457,1.4742
8.8038,452,1.4581
8.8081,453,1.4613
8.8124,454,1.4645
8.8167,457,1.4742
8.8210,459,1.4806
8.8253,459,1.4806
8.8296,461,1.4871
8.8339,461,1.4871
8.8382,462,1.4903
8.8424,464,1.4968
8.8467,465,1.5000
8.8510,461,1.4871
8.8553,443,1.4290
8.8598,411,1.3258
8.8641,385,1.2419
8.8684,404,1.3032
8.8727,489,1.5774
8.8770,632,2.0387
8.8813,806,2.6000
8.8856,986,3.1806
8.8898,999,3.2226
8.8942,1000,3.2258
8.8984,991,3.1968
8.9027,842,2.7161
8.9070,619,1.9968
8.9113,455,1.4677
8.9156,377,1.2161
8.9199,358,1.1548
8.9242,373,1.2032
8.9285,402,1.2968
8.9328,426,1.3742
8.9371,436,1.4065
8.9413,439,1.4161
8.9456,439,1.4161
8.9499,441,1.4226
8.9542,441,1.4226
8.9586,443,1.4290
8.9628,444,1.4323
8.9671,445,1.4355
8.9714,446,1.4387
8.9757,447,1.4419
8.9800,448,1.4452
8.9843,449,1.4484
8.9886,451,1.4548
8.9928,453,1.4613
8.9971,455,1.4677
9.0014,459,1.4806
9.0057,471,1.5194
9.0100,484,1.5613
9.0143,498,1.6065
9.0186,512,1.6516
9.0228,525,1.6935
9.0271,541,1.7452
9.0314,553,1.7839
9.0357,567,1.8290
9.0400,578,1.8645
9.0443,590,1.9032
9.0486,600,1.9355
9.0528,608,1.9613
9.0571,617,1.9903
9.0615,621,2.0032
9.0657,626,2.0194
9.0701,627,2.0226
9.0744,630,2.0323
9.0786,628,2.0258
9.0829,627,2.0226
9.0872,623,2.0097
9.0915,615,1.9839
9.0958,609,1.9645
9.1001,599,1.9323
9.1044,590,1.9032
9.1087,581,1.8742
9.1130,569,1.8355
9.1173,556,1.7935
9.1216,543,1.7516
9.1259,530,1.7097
9.1302,516,1.6645
9.1345,502,1.6194
9.1387,489,1.5774
9.1430,476,1.5355
9.1473,463,1.4935
9.1516,451,1.4548
9.1559,439,1.4161
9.1602,430,1.3871
9.1645,429,1.3839
9.1688,431,1.3903
9.1731,433,1.3968
9.1774,436,1.4065
9.1817,436,1.4065
9.1869,437,1.4097
9.1913,440,1.4194
9.1957,442,1.4258
9.2000,444,1.4323
9.2043,444,1.4323
9.2086,445,1.4355
9.2129,446,1.4387
9.2173,448,1.4452
9.2216,455,1.4677
9.2259,468,1.5097
9.2302,483,1.5581
9.2345,498,1.6065
9.2388,512,1.6516
9.2431,524,1.6903
9.2474,535,1.7258
9.2516,544,1.7548
9.2559,552,1.7806
9.2602,553,1.7839
9.2646,550,1.7742
9.2688,542,1.7484
9.2731,534,1.7226
9.2774,522,1.6839
9.2817,509,1.6419
9.2860,493,1.5903
9.2909,477,1.5387
9.2952,463,1.4935
9.2995,453,1.4613
9.3038,450,1.4516
9.3082,451,1.4548
9.3125,453,1.4613
9.3168,456,1.4710
9.3211,457,1.4742
9.3254,460,1.4839
9.3297,462,1.4903
9.3339,463,1.4935
9.3382,464,1.4968
9.3425,464,1.4968
9.3468,465,1.5000
9.3511,462,1.4903
9.3554,444,1.4323
9.3597,412,1.3290
9.3641,384,1.2387
9.3684,403,1.3000
9.3727,486,1.5677
9.3770,627,2.0226
9.3813,806,2.6000
9.3856,986,3.1806
9.3899,1000,3.2258
9.3941,998,3.2194
9.3984,991,3.1968
9.4028,842,2.7161
9.4070,622,2.0065
9.4113,457,1.4742
9.4157,377,1.2161
9.4200,358,1.1548
9.4244,374,1.2065
9.4287,404,1.3032
9.4331,426,1.3742
9.4374,437,1.4097
9.4417,440,1.4194
9.4461,441,1.4226
9.4504,441,1.4226
9.4547,442,1.4258
9.4591,444,1.4323
9.4634,444,1.4323
9.4678,446,1.4387
9.4722,449,1.4484
9.4765,450,1.4516
9.4810,450,1.4516
9.4876,452,1.4581
9.4921,454,1.4645
9.4965,456,1.4710
9.5009,460,1.4839
9.5053,471,1.5194
9.5096,485,1.5645
9.5139,499,1.6097
9.5183,513,1.6548
9.5226,527,1.7000
9.5269,542,1.7484
9.5312,555,1.7903
9.5355,567,1.8290
9.5398,579,1.8677
9.5441,590,1.9032
9.5484,600,1.9355
9.5527,610,1.9677
9.5570,617,1.9903
9.5613,623,2.0097
9.5656,628,2.0258
9.5699,629,2.0290
9.5742,631,2.0355
9.5785,630,2.0323
9.5828,629,2.0290
9.5871,625,2.0161
9.5914,620,2.0000
9.5957,611,1.9710
9.6000,602,1.9419
9.6043,592,1.9097
9.6086,581,1.8742
9.6129,570,1.8387
9.6171,558,1.8000
9.6214,543,1.7516
9.6258,530,1.7097
9.6302,515,1.6613
9.6345,500,1.6129
9.6388,488,1.5742
9.6431,473,1.5258
9.6475,461,1.4871
9.6518,448,1.4452
9.6561,437,1.4097
9.6605,429,1.3839
9.6648,428,1.3806
9.6692,431,1.3903
9.6735,433,1.3968
9.6779,436,1.4065
9.6822,438,1.4129
9.6865,441,1.4226
9.6909,443,1.4290
9.6952,444,1.4323
9.6995,443,1.4290
9.7039,445,1.4355
9.7082,445,1.4355
9.7125,446,1.4387
9.7169,447,1.4419
9.7212,447,1.4419
9.7255,453,1.4613
9.7298,463,1.4935
9.7341,479,1.5452
9.7384,495,1.5968
9.7427,510,1.6452
9.7470,524,1.6903
9.7513,536,1.7290
9.7556,545,1.7581
9.7599,550,1.7742
9.7642,553,1.7839
9.7685,550,1.7742
9.7728,546,1.7613
9.7771,537,1.7323
9.7814,527,1.7000
9.7857,516,1.6645
9.7900,502,1.6194
9.7943,487,1.5710
9.7986,472,1.5226
9.8029,460,1.4839
9.8072,453,1.4613
9.8115,454,1.4645
9.8158,456,1.4710
9.8202,458,1.4774
9.8245,459,1.4806
9.8288,459,1.4806
9.8332,460,1.4839
9.8375,463,1.4935
9.8418,464,1.4968
9.8462,465,1.5000
9.8505,466,1.5032
9.8548,464,1.4968
9.8592,451,1.4548
9.8635,423,1.3645
9.8679,391,1.2613
9.8722,393,1.2677
9.8766,459,1.4806
9.8809,588,1.8968
9.8852,760,2.4516
9.8896,947,3.0548
9.8939,999,3.2226
9.8983,1000,3.2258
9.9026,994,3.2065
9.9069,883,2.8484
9.9112,662,2.1355
9.9156,480,1.5484
9.9199,387,1.2484
9.9242,360,1.1613
9.9286,370,1.1935
9.9329,401,1.2935
9.9372,426,1.3742
9.9415,438,1.4129
9.9458,441,1.4226
9.9501,441,1.4226
9.9543,442,1.4258
9.9587,443,1.4290
9.9630,445,1.4355
9.9673,448,1.4452
9.9715,449,1.4484
9.9758,450,1.4516
9.9802,450,1.4516
9.9845,452,1.4581
9.9887,453,1.4613
9.9930,454,1.4645
9.9973,455,1.4677
10.0016,456,1.4710
10.0059,460,1.4839
10.0102,471,1.5194
10.0147,485,1.5645
10.0192,501,1.6161
10.0245,517,1.6677
10.0289,532,1.7161
10.0332,545,1.7581
10.0375,559,1.8032
10.0420,570,1.8387
10.0463,583,1.8806
10.0506,592,1.9097
10.0548,602,1.9419
10.0591,610,1.9677
10.0635,619,1.9968
10.0678,625,2.0161
10.0721,627,2.0226
10.0764,629,2.0290
10.0816,630,2.0323
10.0873,627,2.0226
10.0918,623,2.0097
10.0962,618,1.9935
10.1005,608,1.9613
10.1048,600,1.9355
10.1091,590,1.9032
10.1134,581,1.8742
10.1177,571,1.8419
10.1220,557,1.7968
10.1263,544,1.7548
10.1307,531,1.7129
10.1350,516,1.6645
10.1393,502,1.6194
10.1436,488,1.5742
10.1479,474,1.5290
10.1522,462,1.4903
10.1565,450,1.4516
10.1608,438,1.4129
10.1651,431,1.3903
10.1694,429,1.3839
10.1737,432,1.3935
10.1780,432,1.3935
10.1823,434,1.4000
10.1866,436,1.4065
10.1909,439,1.4161
10.1952,439,1.4161
10.1995,441,1.4226
10.2038,442,1.4258
10.2081,444,1.4323
10.2124,445,1.4355
10.2167,446,1.4387
10.2210,446,1.4387
10.2253,451,1.4548
10.2296,462,1.4903
10.2339,477,1.5387
10.2382,492,1.5871
10.2425,507,1.6355
10.2468,522,1.6839
10.2511,534,1.7226
10.2554,544,1.7548
10.2597,551,1.7774
10.2640,550,1.7742
10.2683,549,1.7710
10.2726,544,1.7548
10.2769,536,1.7290
10.2812,526,1.6968
10.2855,513,1.6548
10.2898,500,1.6129
10.2941,485,1.5645
10.2983,472,1.5226
10.3026,460,1.4839
10.3070,455,1.4677
10.3112,454,1.4645
10.3155,455,1.4677
10.3198,457,1.4742
10.3242,458,1.4774
10.3286,459,1.4806
10.3329,461,1.4871
10.3372,462,1.4903
10.3416,464,1.4968
10.3459,464,1.4968
10.3502,465,1.5000
10.3546,463,1.4935
10.3589,451,1.4548
10.3632,422,1.3613
10.3676,391,1.2613
10.3719,389,1.2548
10.3763,451,1.4548
10.3806,624,2.0129
10.3880,882,2.8452
10.3925,1000,3.2258
10.3969,1000,3.2258
10.4013,999,3.2226
10.4056,939,3.0290
10.4099,732,2.3613
10.4143,527,1.7000
10.4186,407,1.3129
10.4229,363,1.1710
10.4273,361,1.1645
10.4316,375,1.2097
10.4360,401,1.2935
10.4403,426,1.3742
10.4445,439,1.4161
10.4488,442,1.4258
10.4531,442,1.4258
10.4574,443,1.4290
10.4617,445,1.4355
10.4660,447,1.4419
10.4703,448,1.4452
10.4746,449,1.4484
10.4789,450,1.4516
10.4832,451,1.4548
10.4875,454,1.4645
10.4918,454,1.4645
10.4961,456,1.4710
10.5004,457,1.4742
10.5047,458,1.4774
10.5090,460,1.4839
10.5133,470,1.5161
10.5176,483,1.5581
10.5219,498,1.6065
10.5262,512,1.6516
10.5305,526,1.6968
10.5349,540,1.7419
10.5392,553,1.7839
10.5434,567,1.8290
10.5477,579,1.8677
10.5520,589,1.9000
10.5563,599,1.9323
10.5606,606,1.9548
10.5649,615,1.9839
10.5692,622,2.0065
10.5735,628,2.0258
10.5779,632,2.0387
10.5822,632,2.0387
10.5865,632,2.0387
10.5908,630,2.0323
10.5951,627,2.0226
10.5994,621,2.0032
10.6037,612,1.9742
10.6080,606,1.9548
10.6123,596,1.9226
10.6166,586,1.8903
10.6209,573,1.8484
10.6252,561,1.8097
10.6295,548,1.7677
10.6338,536,1.7290
10.6382,521,1.6806
10.6425,506,1.6323
10.6469,493,1.5903
10.6512,480,1.5484
10.6555,467,1.5065
10.6599,456,1.4710
10.6642,443,1.4290
10.6685,434,1.4000
10.6729,431,1.3903
10.6772,432,1.3935
10.6816,433,1.3968
10.6859,435,1.4032
10.6902,437,1.4097
10.6946,439,1.4161
10.6989,440,1.4194
10.7033,441,1.4226
10.7076,442,1.4258
10.7119,444,1.4323
10.7163,446,1.4387
10.7206,447,1.4419
10.7249,448,1.4452
10.7293,450,1.4516
10.7336,453,1.4613
10.7379,461,1.4871
10.7422,474,1.5290
10.7465,490,1.5806
10.7508,505,1.6290
10.7551,519,1.6742
10.7594,530,1.7097
10.7638,540,1.7419
10.7680,549,1.7710
10.7723,553,1.7839
10.7766,553,1.7839
10.7809,549,1.7710
10.7852,543,1.7516
10.7895,533,1.7194
10.7938,522,1.6839
10.7981,510,1.6452
10.8024,495,1.5968
10.8067,479,1.5452
10.8110,465,1.5000
10.8153,457,1.4742
10.8196,454,1.4645
10.8239,455,1.4677
10.8282,456,1.4710
10.8325,459,1.4806
10.8369,461,1.4871
10.8412,462,1.4903
10.8456,464,1.4968
10.8499,465,1.5000
10.8542,465,1.5000
10.8586,467,1.5065
10.8629,467,1.5065
10.8673,459,1.4806
10.8716,437,1.4097
10.8759,406,1.3097
10.8803,386,1.2452
10.8846,422,1.3613
10.8890,524,1.6903
10.8933,679,2.1903
10.8976,865,2.7903
10.9020,999,3.2226
10.9063,1000,3.2258
10.9106,999,3.2226
10.9150,963,3.1065
10.9193,768,2.4774
10.9237,551,1.7774
10.9280,417,1.3452
10.9324,365,1.1774
10.9367,362,1.1677
10.9410,386,1.2452
10.9453,415,1.3387
10.9496,433,1.3968
10.9539,440,1.4194
10.9582,442,1.4258
10.9625,442,1.4258
10.9668,442,1.4258
10.9711,443,1.4290
10.9754,444,1.4323
10.9797,446,1.4387
10.9840,448,1.4452
10.9885,449,1.4484
10.9929,450,1.4516
10.9973,451,1.4548
11.0016,453,1.4613
11.0059,455,1.4677
11.0102,456,1.4710
11.0145,459,1.4806
11.0187,468,1.5097
11.0230,479,1.5452
11.0273,493,1.5903
11.0316,507,1.6355
11.0359,522,1.6839
11.0402,536,1.7290
11.0445,550,1.7742
11.0489,563,1.8161
11.0532,576,1.8581
11.0575,587,1.8935
11.0618,599,1.9323
11.0661,608,1.9613
11.0704,617,1.9903
11.0747,622,2.0065
11.0790,627,2.0226
11.0833,630,2.0323
11.0876,632,2.0387
11.0919,632,2.0387
11.0962,631,2.0355
11.1005,625,2.0161
11.1054,619,1.9968
11.1097,611,1.9710
11.1140,603,1.9452
11.1183,592,1.9097
11.1226,581,1.8742
11.1269,572,1.8452
11.1312,560,1.8065
11.1355,545,1.7581
11.1398,531,1.7129
11.1441,517,1.6677
11.1484,504,1.6258
11.1527,490,1.5806
11.1570,476,1.5355
11.1613,463,1.4935
11.1656,451,1.4548
11.1699,440,1.4194
11.1742,432,1.3935
11.1785,429,1.3839
11.1828,430,1.3871
11.1871,431,1.3903
11.1914,432,1.3935
11.1957,434,1.4000
11.2000,436,1.4065
11.2043,438,1.4129
11.2086,440,1.4194
11.2129,442,1.4258
11.2172,445,1.4355
11.2215,446,1.4387
11.2258,447,1.4419
11.2301,448,1.4452
11.2344,451,1.4548
11.2387,461,1.4871
11.2431,474,1.5290
11.2474,491,1.5839
11.2517,506,1.6323
11.2561,519,1.6742
11.2606,531,1.7129
11.2649,541,1.7452
11.2693,549,1.7710
11.2736,551,1.7774
11.2780,549,1.7710
11.2828,543,1.7516
11.2887,531,1.7129
11.2932,519,1.6742
11.2977,506,1.6323
11.3020,491,1.5839
11.3063,478,1.5419
11.3106,464,1.4968
11.3150,456,1.4710
11.3193,452,1.4581
11.3237,452,1.4581
11.3280,454,1.4645
11.3324,456,1.4710
11.3367,457,1.4742
11.3411,459,1.4806
11.3454,460,1.4839
11.3497,455,1.4677
11.3542,463,1.4935
11.3585,464,1.4968
11.3628,463,1.4935
11.3671,457,1.4742
11.3714,436,1.4065
11.3757,404,1.3032
11.3800,383,1.2355
11.3843,413,1.3323
11.3886,511,1.6484
11.3930,665,2.1452
11.3973,848,2.7355
11.4016,997,3.2161
11.4059,1001,3.2290
11.4102,999,3.2226
11.4145,971,3.1323
11.4188,790,2.5484
11.4231,573,1.8484
11.4274,429,1.3839
11.4317,367,1.1839
11.4360,358,1.1548
11.4403,378,1.2194
11.4446,408,1.3161
11.4489,429,1.3839
11.4532,438,1.4129
11.4575,441,1.4226
11.4618,442,1.4258
11.4661,442,1.4258
11.4704,444,1.4323
11.4747,445,1.4355
11.4790,446,1.4387
11.4833,446,1.4387
11.4876,448,1.4452
11.4919,449,1.4484
11.4962,450,1.4516
11.5005,451,1.4548
11.5048,452,1.4581
11.5091,453,1.4613
11.5134,456,1.4710
11.5178,463,1.4935
11.5221,475,1.5323
11.5264,490,1.5806
11.5307,503,1.6226
11.5350,518,1.6710
11.5393,533,1.7194
11.5436,545,1.7581
11.5479,559,1.8032
11.5522,571,1.8419
11.5565,581,1.8742
11.5609,592,1.9097
11.5652,602,1.9419
11.5694,610,1.9677
11.5737,618,1.9935
11.5780,623,2.0097
11.5823,628,2.0258
11.5866,630,2.0323
11.5909,631,2.0355
11.5952,630,2.0323
11.5995,627,2.0226
11.6038,621,2.0032
11.6081,613,1.9774
11.6124,606,1.9548
11.6167,598,1.9290
11.6210,588,1.8968
11.6253,578,1.8645
11.6296,565,1.8226
11.6339,551,1.7774
11.6382,538,1.7355
11.6425,524,1.6903
11.6468,510,1.6452
11.6511,496,1.6000
11.6554,482,1.5548
11.6597,468,1.5097
11.6641,455,1.4677
11.6684,445,1.4355
11.6727,435,1.4032
11.6770,430,1.3871
11.6813,429,1.3839
11.6856,431,1.3903
11.6899,433,1.3968
11.6942,435,1.4032
11.6985,436,1.4065
11.7028,439,1.4161
11.7071,441,1.4226
11.7114,442,1.4258
11.7157,443,1.4290
11.7200,443,1.4290
11.7243,445,1.4355
11.7286,447,1.4419
11.7329,449,1.4484
11.7372,457,1.4742
11.7416,469,1.5129
11.7459,485,1.5645
11.7502,500,1.6129
11.7545,515,1.6613
11.7588,528,1.7032
11.7631,538,1.7355
11.7674,547,1.7645
11.7717,551,1.7774
11.7760,552,1.7806
11.7803,547,1.7645
11.7846,540,1.7419
11.7889,533,1.7194
11.7932,521,1.6806
11.7975,506,1.6323
11.8018,492,1.5871
11.8061,478,1.5419
11.8104,465,1.5000
11.8147,456,1.4710
11.8190,453,1.4613
11.8233,454,1.4645
11.8276,455,1.4677
11.8319,457,1.4742
11.8362,457,1.4742
11.8405,458,1.4774
11.8448,460,1.4839
11.8491,461,1.4871
11.8534,463,1.4935
11.8577,465,1.5000
11.8620,467,1.5065
11.8663,463,1.4935
11.8706,445,1.4355
11.8749,413,1.3323
11.8792,386,1.2452
11.8835,405,1.3065
11.8885,508,1.6387
11.8929,662,2.1355
11.8973,848,2.7355
11.9016,998,3.2194
11.9059,1000,3.2258
11.9102,1000,3.2258
11.9145,975,3.1452
11.9188,795,2.5645
11.9231,575,1.8548
11.9274,430,1.3871
11.9317,369,1.1903
11.9360,359,1.1581
11.9403,380,1.2258
11.9446,409,1.3194
11.9489,430,1.3871
11.9532,438,1.4129
11.9579,441,1.4226
11.9623,441,1.4226
11.9666,442,1.4258
11.9709,443,1.4290
11.9753,444,1.4323
11.9795,446,1.4387
11.9838,448,1.4452
11.9881,451,1.4548
11.9924,451,1.4548
11.9967,453,1.4613
12.0010,453,1.4613
12.0053,455,1.4677
12.0096,456,1.4710
12.0139,458,1.4774
12.0182,465,1.5000
12.0225,476,1.5355
12.0268,491,1.5839
12.0311,506,1.6323
12.0354,520,1.6774
12.0397,532,1.7161
12.0440,545,1.7581
12.0483,559,1.8032
12.0526,573,1.8484
12.0569,583,1.8806
12.0612,594,1.9161
12.0655,604,1.9484
12.0698,613,1.9774
12.0741,618,1.9935
12.0784,625,2.0161
12.0827,629,2.0290
12.0870,631,2.0355
12.0913,633,2.0419
12.0956,632,2.0387
12.0999,629,2.0290
12.1042,622,2.0065
12.1085,615,1.9839
12.1128,608,1.9613
12.1171,598,1.9290
12.1214,587,1.8935
12.1257,577,1.8613
12.1299,565,1.8226
12.1343,550,1.7742
12.1386,538,1.7355
12.1429,523,1.6871
12.1472,509,1.6419
12.1515,495,1.5968
12.1559,481,1.5516
12.1602,469,1.5129
12.1646,457,1.4742
12.1689,445,1.4355
12.1733,435,1.4032
12.1776,431,1.3903
12.1820,431,1.3903
12.1864,433,1.3968
12.1909,436,1.4065
12.1962,437,1.4097
12.2006,440,1.4194
12.2049,441,1.4226
12.2100,442,1.4258
12.2144,445,1.4355
12.2187,447,1.4419
12.2230,447,1.4419
12.2274,448,1.4452
12.2317,450,1.4516
12.2361,455,1.4677
12.2405,466,1.5032
12.2448,481,1.5516
12.2492,497,1.6032
12.2535,512,1.6516
12.2578,525,1.6935
12.2621,536,1.7290
12.2664,544,1.7548
12.2707,550,1.7742
12.2750,551,1.7774
12.2794,549,1.7710
12.2836,543,1.7516
12.2880,534,1.7226
12.2929,520,1.6774
12.2973,507,1.6355
12.3016,492,1.5871
12.3059,478,1.5419
12.3101,466,1.5032
12.3144,455,1.4677
12.3188,453,1.4613
12.3231,453,1.4613
12.3274,456,1.4710
12.3316,457,1.4742
12.3359,458,1.4774
12.3403,459,1.4806
12.3446,460,1.4839
12.3489,461,1.4871
12.3532,462,1.4903
12.3575,463,1.4935
12.3618,464,1.4968
12.3661,460,1.4839
12.3704,443,1.4290
12.3747,412,1.3290
12.3791,385,1.2419
12.3834,401,1.2935
12.3876,482,1.5548
12.3919,621,2.0032
12.3962,798,2.5742
12.4006,980,3.1613
12.4049,1000,3.2258
12.4092,1001,3.2290
12.4135,990,3.1935
12.4178,848,2.7355
12.4221,623,2.0097
12.4264,456,1.4710
12.4307,377,1.2161
12.4350,358,1.1548
12.4393,374,1.2065
12.4436,407,1.3129
12.4485,429,1.3839
12.4528,439,1.4161
12.4571,441,1.4226
12.4615,441,1.4226
12.4658,441,1.4226
12.4701,443,1.4290
12.4744,444,1.4323
12.4786,444,1.4323
12.4830,446,1.4387
12.4873,447,1.4419
12.4916,450,1.4516
12.4959,451,1.4548
12.5002,452,1.4581
12.5045,453,1.4613
12.5088,455,1.4677
12.5131,458,1.4774
12.5174,465,1.5000
12.5224,477,1.5387
12.5267,491,1.5839
12.5310,506,1.6323
12.5352,519,1.6742
12.5395,531,1.7129
12.5439,546,1.7613
12.5482,560,1.8065
12.5525,571,1.8419
12.5568,584,1.8839
12.5611,596,1.9226
12.5655,605,1.9516
12.5698,611,1.9710
12.5741,619,1.9968
12.5783,624,2.0129
12.5826,628,2.0258
12.5870,631,2.0355
12.5913,630,2.0323
12.5956,629,2.0290
12.5999,624,2.0129
12.6042,620,2.0000
12.6085,613,1.9774
12.6128,605,1.9516
12.6171,597,1.9258
12.6214,587,1.8935
12.6257,575,1.8548
12.6300,564,1.8194
12.6343,553,1.7839
12.6386,543,1.7516
12.6429,529,1.7065
12.6472,516,1.6645
12.6515,501,1.6161
12.6558,488,1.5742
12.6601,474,1.5290
12.6644,462,1.4903
12.6687,450,1.4516
12.6730,438,1.4129
12.6773,430,1.3871
12.6816,428,1.3806
12.6860,429,1.3839
12.6902,432,1.3935
12.6945,435,1.4032
12.6988,437,1.4097
12.7032,438,1.4129
12.7075,439,1.4161
12.7118,440,1.4194
12.7161,441,1.4226
12.7204,443,1.4290
12.7247,444,1.4323
12.7290,446,1.4387
12.7333,448,1.4452
12.7376,451,1.4548
12.7418,462,1.4903
12.7467,478,1.5419
12.7510,494,1.5935
12.7553,508,1.6387
12.7596,523,1.6871
12.7639,534,1.7226
12.7682,543,1.7516
12.7725,549,1.7710
12.7768,551,1.7774
12.7811,550,1.7742
12.7854,545,1.7581
12.7899,534,1.7226
12.7943,523,1.6871
12.7986,509,1.6419
12.8029,499,1.6097
12.8073,481,1.5516
12.8116,467,1.5065
12.8159,455,1.4677
12.8202,452,1.4581
12.8248,453,1.4613
12.8291,453,1.4613
12.8334,456,1.4710
12.8377,458,1.4774
12.8420,458,1.4774
12.8463,460,1.4839
12.8506,462,1.4903
12.8550,463,1.4935
12.8593,465,1.5000
12.8636,466,1.5032
12.8679,463,1.4935
12.8722,447,1.4419
12.8765,415,1.3387
12.8812,385,1.2419
12.8863,413,1.3323
12.8906,509,1.6419
12.8949,658,2.1226
12.8992,840,2.7097
12.9035,996,3.2129
12.9079,1000,3.2258
12.9122,1001,3.2290
12.9165,975,3.1452
12.9208,796,2.5677
12.9251,577,1.8613
12.9294,430,1.3871
12.9337,368,1.1871
12.9380,359,1.1581
12.9423,380,1.2258
12.9466,410,1.3226
12.9509,430,1.3871
12.9553,439,1.4161
12.9596,441,1.4226
12.9639,441,1.4226
12.9682,441,1.4226
12.9725,441,1.4226
12.9768,443,1.4290
12.9811,444,1.4323
12.9854,445,1.4355
12.9897,447,1.4419
12.9940,450,1.4516
12.9983,452,1.4581
13.0026,453,1.4613
13.0069,454,1.4645
13.0112,456,1.4710
13.0155,457,1.4742
13.0198,464,1.4968
13.0241,476,1.5355
13.0284,490,1.5806
13.0333,507,1.6355
13.0375,521,1.6806
13.0418,535,1.7258
13.0461,548,1.7677
13.0504,562,1.8129
13.0548,574,1.8516
13.0591,587,1.8935
13.0634,595,1.9194
13.0677,605,1.9516
13.0720,613,1.9774
13.0763,619,1.9968
13.0806,625,2.0161
13.0849,627,2.0226
13.0894,628,2.0258
13.0938,631,2.0355
13.0982,630,2.0323
13.1031,625,2.0161
13.1074,619,1.9968
13.1117,612,1.9742
13.1161,604,1.9484
13.1204,594,1.9161
13.1247,582,1.8774
13.1289,571,1.8419
13.1332,556,1.7935
13.1376,545,1.7581
13.1419,532,1.7161
13.1462,517,1.6677
13.1505,504,1.6258
13.1548,490,1.5806
13.1591,476,1.5355
13.1634,462,1.4903
13.1677,449,1.4484
13.1723,438,1.4129
13.1766,431,1.3903
13.1809,429,1.3839
13.1852,431,1.3903
13.1895,433,1.3968
13.1938,435,1.4032
13.1981,437,1.4097
13.2024,438,1.4129
13.2068,439,1.4161
13.2110,441,1.4226
13.2154,443,1.4290
13.2197,443,1.4290
13.2240,444,1.4323
13.2283,444,1.4323
13.2325,447,1.4419
13.2368,451,1.4548
13.2412,460,1.4839
13.2455,474,1.5290
13.2500,491,1.5839
13.2543,506,1.6323
13.2586,520,1.6774
13.2629,532,1.7161
13.2672,541,1.7452
13.2715,545,1.7581
13.2758,549,1.7710
13.2801,547,1.7645
13.2844,543,1.7516
13.2887,535,1.7258
13.2930,526,1.6968
13.2973,514,1.6581
13.3016,500,1.6129
13.3060,486,1.5677
13.3103,472,1.5226
13.3146,459,1.4806
13.3193,452,1.4581
13.3236,452,1.4581
13.3280,454,1.4645
13.3323,457,1.4742
13.3365,458,1.4774
13.3409,458,1.4774
13.3452,460,1.4839
13.3495,462,1.4903
13.3538,464,1.4968
13.3582,464,1.4968
13.3625,464,1.4968
13.3668,464,1.4968
13.3711,460,1.4839
13.3754,446,1.4387
13.3797,415,1.3387
13.3840,387,1.2484
13.3883,400,1.2903
13.3926,480,1.5484
13.3969,618,1.9935
13.4012,797,2.5710
13.4055,979,3.1581
13.4098,1000,3.2258
13.4141,998,3.2194
13.4184,993,3.2032
13.4228,850,2.7419
13.4270,628,2.0258
13.4313,460,1.4839
13.4356,379,1.2226
13.4399,359,1.1581
13.4443,374,1.2065
13.4485,404,1.3032
13.4528,426,1.3742
13.4572,437,1.4097
13.4615,440,1.4194
13.4658,441,1.4226
13.4701,441,1.4226
13.4744,443,1.4290
13.4787,445,1.4355
13.4830,446,1.4387
13.4873,446,1.4387
13.4916,448,1.4452
13.4959,450,1.4516
13.5002,451,1.4548
13.5045,451,1.4548
13.5088,454,1.4645
13.5131,456,1.4710
13.5174,457,1.4742
13.5217,462,1.4903
13.5261,473,1.5258
13.5303,488,1.5742
13.5346,502,1.6194
13.5389,516,1.6645
13.5437,531,1.7129
13.5480,545,1.7581
13.5523,556,1.7935
13.5566,568,1.8323
13.5609,578,1.8645
13.5653,590,1.9032
13.5696,601,1.9387
13.5739,609,1.9645
13.5781,617,1.9903
13.5824,622,2.0065
13.5868,628,2.0258
13.5911,631,2.0355
13.5953,630,2.0323
13.5996,631,2.0355
13.6039,627,2.0226
13.6083,622,2.0065
13.6126,617,1.9903
13.6169,608,1.9613
13.6212,600,1.9355
13.6255,589,1.9000
13.6298,577,1.8613
13.6341,567,1.8290
13.6384,554,1.7871
13.6427,540,1.7419
13.6470,526,1.6968
13.6513,511,1.6484
13.6556,497,1.6032
13.6599,485,1.5645
13.6642,471,1.5194
13.6686,459,1.4806
13.6728,447,1.4419
13.6771,435,1.4032
13.6814,431,1.3903
13.6858,431,1.3903
13.6902,432,1.3935
13.6946,434,1.4000
13.6990,435,1.4032
13.7034,437,1.4097
13.7078,439,1.4161
13.7121,441,1.4226
13.7164,442,1.4258
13.7207,443,1.4290
13.7250,443,1.4290
13.7294,445,1.4355
13.7337,447,1.4419
13.7380,449,1.4484
13.7423,457,1.4742
13.7466,469,1.5129
13.7509,485,1.5645
13.7552,501,1.6161
13.7595,515,1.6613
13.7638,528,1.7032
13.7687,540,1.7419
13.7730,547,1.7645
13.7773,553,1.7839
13.7816,554,1.7871
13.7859,551,1.7774
13.7902,543,1.7516
13.7945,534,1.7226
13.7988,521,1.6806
13.8031,507,1.6355
13.8074,493,1.5903
13.8117,479,1.5452
13.8160,465,1.5000
13.8203,456,1.4710
13.8246,453,1.4613
13.8289,454,1.4645
13.8332,455,1.4677
13.8375,457,1.4742
13.8418,458,1.4774
13.8461,460,1.4839
13.8504,462,1.4903
13.8547,463,1.4935
13.8590,464,1.4968
13.8633,465,1.5000
13.8676,466,1.5032
13.8720,467,1.5065
13.8763,467,1.5065
13.8805,465,1.5000
13.8848,450,1.4516
13.8891,420,1.3548
13.8935,391,1.2613
13.8978,399,1.2871
13.9021,471,1.5194
13.9064,604,1.9484
13.9107,777,2.5065
13.9150,962,3.1032
13.9193,1000,3.2258
13.9236,1000,3.2258
13.9280,996,3.2129
13.9323,877,2.8290
13.9366,656,2.1161
13.9409,478,1.5419
13.9451,388,1.2516
13.9494,362,1.1677
13.9538,373,1.2032
13.9581,402,1.2968
13.9624,427,1.3774
13.9667,440,1.4194
13.9710,442,1.4258
13.9753,443,1.4290
13.9796,444,1.4323
13.9840,445,1.4355
13.9885,446,1.4387
13.9929,447,1.4419
13.9973,448,1.4452
14.0016,450,1.4516
14.0058,451,1.4548
14.0101,452,1.4581
14.0144,453,1.4613
14.0187,455,1.4677
14.0230,455,1.4677
14.0272,456,1.4710
14.0315,462,1.4903
14.0358,474,1.5290
14.0401,488,1.5742
14.0443,502,1.6194
14.0486,515,1.6613
14.0529,530,1.7097
14.0571,542,1.7484
14.0614,554,1.7871
14.0657,566,1.8258
14.0700,579,1.8677
14.0743,590,1.9032
14.0785,601,1.9387
14.0828,609,1.9645
14.0870,615,1.9839
14.0913,622,2.0065
14.0956,626,2.0194
14.0998,629,2.0290
14.1041,631,2.0355
14.1083,631,2.0355
14.1126,628,2.0258
14.1169,625,2.0161
14.1211,619,1.9968
14.1254,611,1.9710
14.1296,601,1.9387
14.1339,593,1.9129
14.1382,582,1.8774
14.1424,571,1.8419
14.1467,559,1.8032
14.1510,545,1.7581
14.1552,533,1.7194
14.1595,519,1.6742
14.1638,505,1.6290
14.1681,492,1.5871
14.1724,478,1.5419
14.1767,464,1.4968
14.1810,452,1.4581
14.1853,440,1.4194
14.1896,432,1.3935
14.1939,429,1.3839
14.1982,430,1.3871
14.2025,433,1.3968
14.2068,436,1.4065
14.2111,438,1.4129
14.2154,440,1.4194
14.2197,440,1.4194
14.2240,443,1.4290
14.2283,443,1.4290
14.2326,445,1.4355
14.2369,446,1.4387
14.2412,446,1.4387
14.2455,448,1.4452
14.2498,452,1.4581
14.2541,461,1.4871
14.2584,475,1.5323
14.2627,491,1.5839
14.2669,506,1.6323
14.2712,520,1.6774
14.2755,533,1.7194
14.2797,543,1.7516
14.2840,549,1.7710
14.2882,551,1.7774
14.2925,551,1.7774
14.2967,547,1.7645
14.3010,539,1.7387
14.3053,529,1.7065
14.3095,516,1.6645
14.3138,504,1.6258
14.3181,489,1.5774
14.3223,476,1.5355
14.3266,463,1.4935
14.3309,455,1.4677
14.3351,453,1.4613
14.3394,454,1.4645
14.3437,455,1.4677
14.3480,457,1.4742
14.3522,459,1.4806
14.3565,460,1.4839
14.3608,461,1.4871
14.3651,462,1.4903
14.3694,463,1.4935
14.3737,465,1.5000
14.3780,466,1.5032
14.3823,459,1.4806
14.3866,437,1.4097
14.3909,405,1.3065
14.3952,384,1.2387
14.3994,416,1.3419
14.4038,514,1.6581
14.4081,664,2.1419
14.4124,847,2.7323
14.4167,997,3.2161
14.4210,1000,3.2258
14.4253,1000,3.2258
14.4296,974,3.1419
14.4339,794,2.5613
14.4382,575,1.8548
14.4425,430,1.3871
14.4468,368,1.1871
14.4511,357,1.1516
14.4554,367,1.1839
14.4597,390,1.2581
14.4640,417,1.3452
14.4683,434,1.4000
14.4726,440,1.4194
14.4769,442,1.4258
14.4812,443,1.4290
14.4855,444,1.4323
14.4898,444,1.4323
14.4941,445,1.4355
14.4984,447,1.4419
14.5027,449,1.4484
14.5070,450,1.4516
14.5113,451,1.4548
14.5156,452,1.4581
14.5199,454,1.4645
14.5242,456,1.4710
14.5284,458,1.4774
14.5327,460,1.4839
14.5371,467,1.5065
14.5414,480,1.5484
14.5457,495,1.5968
14.5500,508,1.6387
14.5543,522,1.6839
14.5587,534,1.7226
14.5630,548,1.7677
14.5673,560,1.8065
14.5715,572,1.8452
14.5758,583,1.8806
14.5800,594,1.9161
14.5843,605,1.9516
14.5887,614,1.9806
14.5931,621,2.0032
14.5974,625,2.0161
14.6017,628,2.0258
14.6060,630,2.0323
14.6103,631,2.0355
14.6145,630,2.0323
14.6188,626,2.0194
14.6231,621,2.0032
14.6273,614,1.9806
14.6316,609,1.9645
14.6359,600,1.9355
14.6402,589,1.9000
14.6445,575,1.8548
14.6491,563,1.8161
14.6534,552,1.7806
14.6576,548,1.7677
14.6619,540,1.7419
14.6662,528,1.7032
14.6705,515,1.6613
14.6747,501,1.6161
14.6790,488,1.5742
14.6833,475,1.5323
14.6875,461,1.4871
14.6918,449,1.4484
14.6961,438,1.4129
14.7004,431,1.3903
14.7046,428,1.3806
14.7089,430,1.3871
14.7132,431,1.3903
14.7174,434,1.4000
14.7217,437,1.4097
14.7260,438,1.4129
14.7302,440,1.4194
14.7345,440,1.4194
14.7387,443,1.4290
14.7430,445,1.4355
14.7473,446,1.4387
14.7516,447,1.4419
14.7558,448,1.4452
14.7602,452,1.4581
14.7645,462,1.4903
14.7688,476,1.5355
14.7731,492,1.5871
14.7774,508,1.6387
14.7817,521,1.6806
14.7860,532,1.7161
14.7903,542,1.7484
14.7946,549,1.7710
14.7988,551,1.7774
14.8031,550,1.7742
14.8075,545,1.7581
14.8117,537,1.7323
14.8160,528,1.7032
14.8203,514,1.6581
14.8246,500,1.6129
14.8289,487,1.5710
14.8332,473,1.5258
14.8375,461,1.4871
14.8418,454,1.4645
14.8461,453,1.4613
14.8504,454,1.4645
14.8546,456,1.4710
14.8590,457,1.4742
14.8633,458,1.4774
14.8675,459,1.4806
14.8718,460,1.4839
14.8761,461,1.4871
14.8803,462,1.4903
14.8846,463,1.4935
14.8890,462,1.4903
14.8934,453,1.4613
14.8977,428,1.3806
14.9020,396,1.2774
14.9063,384,1.2387
14.9105,432,1.3935
14.9148,542,1.7484
14.9190,701,2.2613
14.9233,885,2.8548
14.9276,999,3.2226
14.9319,1001,3.2290
14.9362,999,3.2226
14.9405,947,3.0548
14.9448,745,2.4032
14.9491,539,1.7387
14.9533,413,1.3323
14.9576,363,1.1710
14.9619,361,1.1645
14.9662,383,1.2355
14.9705,411,1.3258
14.9747,431,1.3903
14.9790,439,1.4161
14.9833,440,1.4194
14.9875,440,1.4194
14.9918,441,1.4226
14.9961,443,1.4290
15.0003,445,1.4355
15.0046,446,1.4387
15.0089,447,1.4419
15.0132,448,1.4452
15.0175,450,1.4516
15.0220,451,1.4548
15.0264,454,1.4645
15.0310,454,1.4645
15.0353,455,1.4677
15.0396,458,1.4774
15.0440,467,1.5065
15.0483,480,1.5484
15.0525,493,1.5903
15.0568,506,1.6323
15.0611,518,1.6710
15.0654,530,1.7097
15.0697,544,1.7548
15.0740,558,1.8000
15.0783,570,1.8387
15.0825,583,1.8806
15.0868,593,1.9129
15.0911,602,1.9419
15.0954,609,1.9645
15.0997,617,1.9903
15.1039,624,2.0129
15.1082,626,2.0194
15.1124,628,2.0258
15.1174,628,2.0258
15.1217,629,2.0290
15.1260,625,2.0161
15.1302,619,1.9968
15.1345,612,1.9742
15.1388,605,1.9516
15.1430,595,1.9194
15.1473,585,1.8871
15.1516,572,1.8452
15.1558,561,1.8097
15.1603,549,1.7710
15.1645,537,1.7323
15.1688,522,1.6839
15.1731,508,1.6387
15.1774,495,1.5968
15.1817,482,1.5548
15.1859,469,1.5129
15.1902,456,1.4710
15.1944,446,1.4387
15.1988,434,1.4000
15.2030,429,1.3839
15.2073,428,1.3806
15.2116,430,1.3871
15.2158,433,1.3968
15.2201,434,1.4000
15.2244,435,1.4032
15.2286,437,1.4097
15.2329,439,1.4161
15.2372,441,1.4226
15.2415,442,1.4258
15.2457,442,1.4258
15.2500,445,1.4355
15.2542,447,1.4419
15.2585,449,1.4484
15.2628,455,1.4677
15.2671,467,1.5065
15.2714,483,1.5581
15.2757,499,1.6097
15.2800,514,1.6581
15.2843,527,1.7000
15.2886,538,1.7355
15.2929,547,1.7645
15.2972,551,1.7774
15.3016,552,1.7806
15.3059,551,1.7774
15.3101,546,1.7613
15.3144,536,1.7290
15.3187,523,1.6871
15.3230,511,1.6484
15.3273,497,1.6032
15.3316,483,1.5581
15.3359,469,1.5129
15.3403,459,1.4806
15.3446,454,1.4645
15.3489,454,1.4645
15.3532,456,1.4710
15.3575,458,1.4774
15.3619,460,1.4839
15.3662,462,1.4903
15.3705,462,1.4903
15.3748,463,1.4935
15.3791,464,1.4968
15.3834,465,1.5000
15.3876,466,1.5032
15.3919,464,1.4968
15.3961,449,1.4484
15.4004,418,1.3484
15.4047,388,1.2516
15.4090,396,1.2774
15.4132,470,1.5161
15.4175,603,1.9452
15.4218,776,2.5032
15.4261,958,3.0903
15.4304,999,3.2226
15.4346,1000,3.2258
15.4389,996,3.2129
15.4431,885,2.8548
15.4474,664,2.1419
15.4517,483,1.5581
15.4559,387,1.2484
15.4602,357,1.1516
15.4645,366,1.1806
15.4688,395,1.2742
15.4731,422,1.3613
15.4774,434,1.4000
15.4817,438,1.4129
15.4860,439,1.4161
15.4904,442,1.4258
15.4948,442,1.4258
15.4992,443,1.4290
15.5035,444,1.4323
15.5079,446,1.4387
15.5122,447,1.4419
15.5167,448,1.4452
15.5210,450,1.4516
15.5253,451,1.4548
15.5296,453,1.4613
15.5339,455,1.4677
15.5382,457,1.4742
15.5425,462,1.4903
15.5468,472,1.5226
15.5510,485,1.5645
15.5554,500,1.6129
15.5598,514,1.6581
15.5641,528,1.7032
15.5684,542,1.7484
15.5727,554,1.7871
15.5770,568,1.8323
15.5812,580,1.8710
15.5855,590,1.9032
15.5898,600,1.9355
15.5940,610,1.9677
15.5983,617,1.9903
15.6025,623,2.0097
15.6068,628,2.0258
15.6110,631,2.0355
15.6153,630,2.0323
15.6195,630,2.0323
15.6238,627,2.0226
15.6280,624,2.0129
15.6323,618,1.9935
15.6365,609,1.9645
15.6408,600,1.9355
15.6450,592,1.9097
15.6493,580,1.8710
15.6535,569,1.8355
15.6578,556,1.7935
15.6621,550,1.7742
15.6663,542,1.7484
15.6706,531,1.7129
15.6750,516,1.6645
15.6792,501,1.6161
15.6835,488,1.5742
15.6879,474,1.5290
15.6922,461,1.4871
15.6966,450,1.4516
15.7008,439,1.4161
15.7051,431,1.3903
15.7094,428,1.3806
15.7137,429,1.3839
15.7180,431,1.3903
15.7222,434,1.4000
15.7265,436,1.4065
15.7308,436,1.4065
15.7351,438,1.4129
15.7394,440,1.4194
15.7437,442,1.4258
15.7480,442,1.4258
15.7523,444,1.4323
15.7565,446,1.4387
15.7608,446,1.4387
15.7651,450,1.4516
15.7694,460,1.4839
15.7737,474,1.5290
15.7780,491,1.5839
15.7823,506,1.6323
15.7867,522,1.6839
15.7912,533,1.7194
15.7956,543,1.7516
15.7999,550,1.7742
15.8042,550,1.7742
15.8085,549,1.7710
15.8128,544,1.7548
15.8171,535,1.7258
15.8214,526,1.6968
15.8257,514,1.6581
15.8300,499,1.6097
15.8343,484,1.5613
15.8386,471,1.5194
15.8428,457,1.4742
15.8471,451,1.4548
15.8514,450,1.4516
15.8557,452,1.4581
15.8606,454,1.4645
15.8649,456,1.4710
15.8693,458,1.4774
15.8736,459,1.4806
15.8780,461,1.4871
15.8822,462,1.4903
15.8865,463,1.4935
15.8907,464,1.4968
15.8950,462,1.4903
15.8992,451,1.4548
15.9035,422,1.3613
15.9078,391,1.2613
15.9120,389,1.2548
15.9163,447,1.4419
15.9206,568,1.8323
15.9248,732,2.3613
15.9291,915,2.9516
15.9333,1000,3.2258
15.9376,998,3.2194
15.9418,997,3.2161
15.9461,926,2.9871
15.9504,719,2.3194
15.9546,519,1.6742
15.9589,403,1.3000
15.9632,361,1.1645
15.9674,362,1.1677
15.9717,388,1.2516
15.9760,416,1.3419
15.9803,432,1.3935
15.9846,437,1.4097
15.9888,438,1.4129
15.9931,439,1.4161
15.9974,441,1.4226
16.0017,442,1.4258
16.0060,443,1.4290
16.0102,444,1.4323
16.0145,446,1.4387
16.0188,448,1.4452
16.0232,449,1.4484
16.0274,450,1.4516
16.0317,451,1.4548
16.0360,452,1.4581
16.0403,454,1.4645
16.0445,457,1.4742
16.0488,465,1.5000
16.0531,478,1.5419
16.0574,493,1.5903
16.0617,507,1.6355
16.0660,521,1.6806
16.0703,533,1.7194
16.0746,546,1.7613
16.0789,561,1.8097
16.0832,573,1.8484
16.0875,585,1.8871
16.0918,596,1.9226
16.0961,604,1.9484
16.1003,613,1.9774
16.1047,619,1.9968
16.1089,624,2.0129
16.1132,628,2.0258
16.1175,630,2.0323
16.1218,630,2.0323
16.1261,629,2.0290
16.1304,625,2.0161
16.1346,620,2.0000
16.1389,614,1.9806
16.1432,603,1.9452
16.1475,596,1.9226
16.1518,586,1.8903
16.1560,573,1.8484
16.1604,562,1.8129
16.1647,554,1.7871
16.1690,546,1.7613
16.1733,536,1.7290
16.1776,524,1.6903
16.1818,510,1.6452
16.1861,496,1.6000
16.1904,482,1.5548
16.1947,469,1.5129
16.1990,456,1.4710
16.2033,444,1.4323
16.2076,433,1.3968
16.2118,427,1.3774
16.2161,428,1.3806
16.2204,430,1.3871
16.2247,432,1.3935
16.2290,434,1.4000
16.2333,436,1.4065
16.2376,437,1.4097
16.2419,439,1.4161
16.2462,440,1.4194
16.2504,442,1.4258
16.2548,443,1.4290
16.2590,444,1.4323
16.2633,445,1.4355
16.2677,447,1.4419
16.2720,455,1.4677
16.2763,466,1.5032
16.2806,482,1.5548
16.2849,497,1.6032
16.2892,512,1.6516
16.2935,525,1.6935
16.2979,537,1.7323
16.3021,545,1.7581
16.3064,550,1.7742
16.3107,549,1.7710
16.3150,546,1.7613
16.3193,540,1.7419
16.3236,531,1.7129
16.3280,520,1.6774
16.3323,507,1.6355
16.3366,493,1.5903
16.3409,480,1.5484
16.3452,465,1.5000
16.3495,455,1.4677
16.3538,453,1.4613
16.3581,452,1.4581
16.3624,455,1.4677
16.3667,456,1.4710
16.3710,458,1.4774
16.3753,460,1.4839
16.3796,462,1.4903
16.3839,463,1.4935
16.3882,463,1.4935
16.3927,464,1.4968
16.3971,464,1.4968
16.4014,466,1.5032
16.4058,463,1.4935
16.4105,444,1.4323
16.4148,414,1.3355
16.4191,388,1.2516
16.4234,402,1.2968
16.4277,482,1.5548
16.4320,621,2.0032
16.4363,797,2.5710
16.4406,978,3.1548
16.4449,1000,3.2258
16.4492,999,3.2226
16.4535,993,3.2032
16.4578,855,2.7581
16.4621,633,2.0419
16.4664,462,1.4903
16.4707,381,1.2290
16.4752,360,1.1613
16.4795,375,1.2097
16.4838,405,1.3065
16.4880,429,1.3839
16.4923,440,1.4194
16.4966,442,1.4258
16.5008,443,1.4290
16.5051,443,1.4290
16.5094,444,1.4323
16.5136,445,1.4355
16.5180,446,1.4387
16.5222,446,1.4387
16.5265,447,1.4419
16.5307,449,1.4484
16.5350,450,1.4516
16.5393,452,1.4581
16.5436,453,1.4613
16.5478,454,1.4645
16.5521,456,1.4710
16.5564,461,1.4871
16.5607,473,1.5258
16.5649,487,1.5710
16.5692,501,1.6161
16.5734,515,1.6613
16.5777,528,1.7032
16.5820,542,1.7484
16.5863,555,1.7903
16.5906,567,1.8290
16.5949,579,1.8677
16.5992,590,1.9032
16.6035,601,1.9387
16.6078,610,1.9677
16.6121,617,1.9903
16.6164,624,2.0129
16.6207,627,2.0226
16.6250,631,2.0355
16.6293,632,2.0387
16.6336,632,2.0387
16.6380,630,2.0323
16.6423,625,2.0161
16.6466,619,1.9968
16.6509,612,1.9742
16.6552,603,1.9452
16.6595,594,1.9161
16.6638,582,1.8774
16.6681,570,1.8387
16.6724,557,1.7968
16.6766,544,1.7548
16.6810,530,1.7097
16.6853,516,1.6645
16.6897,502,1.6194
16.6941,490,1.5806
16.6984,476,1.5355
16.7027,462,1.4903
16.7070,450,1.4516
16.7113,438,1.4129
16.7156,431,1.3903
16.7200,429,1.3839
16.7243,430,1.3871
16.7286,433,1.3968
16.7329,434,1.4000
16.7372,437,1.4097
16.7415,439,1.4161
16.7458,439,1.4161
16.7501,441,1.4226
16.7544,443,1.4290
16.7586,444,1.4323
16.7630,446,1.4387
16.7673,448,1.4452
16.7716,448,1.4452
16.7759,451,1.4548
16.7801,463,1.4935
16.7845,478,1.5419
16.7888,494,1.5935
16.7930,510,1.6452
16.7973,522,1.6839
16.8016,535,1.7258
16.8059,545,1.7581
16.8101,549,1.7710
16.8144,553,1.7839
16.8186,551,1.7774
16.8229,546,1.7613
16.8272,537,1.7323
16.8314,527,1.7000
16.8357,515,1.6613
16.8400,500,1.6129
16.8443,487,1.5710
16.8485,472,1.5226
16.8528,460,1.4839
16.8570,454,1.4645
16.8613,453,1.4613
16.8656,455,1.4677
16.8699,457,1.4742
16.8741,458,1.4774
16.8784,460,1.4839
16.8827,460,1.4839
16.8870,462,1.4903
16.8913,464,1.4968
16.8956,464,1.4968
16.8999,466,1.5032
16.9042,464,1.4968
16.9085,455,1.4677
16.9128,430,1.3871
16.9171,397,1.2806
16.9214,387,1.2484
16.9257,436,1.4065
16.9300,548,1.7677
16.9343,709,2.2871
16.9386,895,2.8871
16.9429,1000,3.2258
16.9472,1000,3.2258
16.9515,998,3.2194
16.9558,939,3.0290
16.9601,736,2.3742
16.9645,528,1.7032
16.9688,406,1.3097
16.9731,362,1.1677
16.9774,363,1.1710
16.9817,389,1.2548
16.9860,416,1.3419
16.9903,432,1.3935
16.9946,439,1.4161
16.9989,441,1.4226
17.0032,442,1.4258
17.0075,443,1.4290
17.0118,443,1.4290
17.0161,445,1.4355
17.0204,447,1.4419
17.0247,448,1.4452
17.0290,450,1.4516
17.0333,450,1.4516
17.0376,452,1.4581
17.0419,453,1.4613
17.0461,455,1.4677
17.0505,456,1.4710
17.0548,458,1.4774
17.0591,468,1.5097
17.0634,481,1.5516
17.0677,495,1.5968
17.0720,510,1.6452
17.0763,524,1.6903
17.0806,538,1.7355
17.0849,551,1.7774
17.0893,564,1.8194
17.0936,576,1.8581
17.0979,588,1.8968
17.1023,597,1.9258
17.1066,607,1.9581
17.1109,614,1.9806
17.1152,621,2.0032
17.1195,626,2.0194
17.1238,629,2.0290
17.1281,632,2.0387
17.1324,631,2.0355
17.1367,630,2.0323
17.1410,627,2.0226
17.1453,621,2.0032
17.1496,612,1.9742
17.1539,604,1.9484
17.1583,596,1.9226
17.1626,585,1.8871
17.1669,573,1.8484
17.1712,560,1.8065
17.1755,547,1.7645
17.1798,536,1.7290
17.1841,520,1.6774
17.1884,506,1.6323
17.1927,490,1.5806
17.1970,477,1.5387
17.2013,465,1.5000
17.2056,454,1.4645
17.2099,441,1.4226
17.2142,433,1.3968
17.2185,429,1.3839
17.2228,430,1.3871
17.2271,432,1.3935
17.2314,434,1.4000
17.2357,435,1.4032
17.2400,437,1.4097
17.2444,439,1.4161
17.2487,441,1.4226
17.2530,442,1.4258
17.2573,443,1.4290
17.2616,444,1.4323
17.2659,445,1.4355
17.2702,446,1.4387
17.2745,449,1.4484
17.2788,459,1.4806
17.2832,474,1.5290
17.2875,490,1.5806
17.2921,506,1.6323
17.2965,519,1.6742
17.3009,532,1.7161
17.3052,542,1.7484
17.3095,548,1.7677
17.3138,552,1.7806
17.3183,550,1.7742
17.3226,545,1.7581
17.3269,537,1.7323
17.3312,525,1.6935
17.3355,515,1.6613
17.3398,500,1.6129
17.3441,485,1.5645
17.3484,471,1.5194
17.3527,459,1.4806
17.3570,452,1.4581
17.3614,452,1.4581
17.3657,453,1.4613
17.3699,455,1.4677
17.3742,457,1.4742
17.3786,458,1.4774
17.3828,460,1.4839
17.3871,461,1.4871
17.3914,462,1.4903
17.3956,463,1.4935
17.3999,464,1.4968
17.4041,464,1.4968
17.4084,454,1.4645
17.4126,429,1.3839
17.4169,397,1.2806
17.4211,383,1.2355
17.4254,427,1.3774
17.4296,534,1.7226
17.4339,688,2.2194
17.4381,870,2.8065
17.4424,999,3.2226
17.4466,1001,3.2290
17.4509,1000,3.2258
17.4551,962,3.1032
17.4594,774,2.4968
17.4637,559,1.8032
17.4680,423,1.3645
17.4723,366,1.1806
17.4766,359,1.1581
17.4809,381,1.2290
17.4853,412,1.3290
17.4896,430,1.3871
17.4939,437,1.4097
17.4983,439,1.4161
17.5026,439,1.4161
17.5069,442,1.4258
17.5113,443,1.4290
17.5156,444,1.4323
17.5199,445,1.4355
17.5243,446,1.4387
17.5286,447,1.4419
17.5329,448,1.4452
17.5372,449,1.4484
17.5416,451,1.4548
17.5459,452,1.4581
17.5502,454,1.4645
17.5546,457,1.4742
17.5589,466,1.5032
17.5632,479,1.5452
17.5676,493,1.5903
17.5719,507,1.6355
17.5763,520,1.6774
17.5806,536,1.7290
17.5849,549,1.7710
17.5894,565,1.8226
17.5939,576,1.8581
17.5983,587,1.8935
17.6026,597,1.9258
17.6069,607,1.9581
17.6112,614,1.9806
17.6154,620,2.0000
17.6197,626,2.0194
17.6240,632,2.0387
17.6283,633,2.0419
17.6326,632,2.0387
17.6369,629,2.0290
17.6412,627,2.0226
17.6455,621,2.0032
17.6498,614,1.9806
17.6541,606,1.9548
17.6584,595,1.9194
17.6627,584,1.8839
17.6670,574,1.8516
17.6713,562,1.8129
17.6756,554,1.7871
17.6799,546,1.7613
17.6842,535,1.7258
17.6885,521,1.6806
17.6928,506,1.6323
17.6971,492,1.5871
17.7014,478,1.5419
17.7057,465,1.5000
17.7100,454,1.4645
17.7143,442,1.4258
17.7185,432,1.3935
17.7228,429,1.3839
17.7271,429,1.3839
17.7314,430,1.3871
17.7357,433,1.3968
17.7400,435,1.4032
17.7443,437,1.4097
17.7486,439,1.4161
17.7529,439,1.4161
17.7572,441,1.4226
17.7615,442,1.4258
17.7658,443,1.4290
17.7701,445,1.4355
17.7744,447,1.4419
17.7787,449,1.4484
17.7830,458,1.4774
17.7873,470,1.5161
17.7916,486,1.5677
17.7959,502,1.6194
17.8002,517,1.6677
17.8046,530,1.7097
17.8089,541,1.7452
17.8133,548,1.7677
17.8176,551,1.7774
17.8219,550,1.7742
17.8262,546,1.7613
17.8306,540,1.7419
17.8350,529,1.7065
17.8393,516,1.6645
17.8437,501,1.6161
17.8480,488,1.5742
17.8524,473,1.5258
17.8567,461,1.4871
17.8610,452,1.4581
17.8654,451,1.4548
17.8697,453,1.4613
17.8740,456,1.4710
17.8784,457,1.4742
17.8827,459,1.4806
17.8870,460,1.4839
17.8913,460,1.4839
17.8957,462,1.4903
17.9000,463,1.4935
17.9042,465,1.5000
17.9085,465,1.5000
17.9128,458,1.4774
17.9171,434,1.4000
17.9214,401,1.2935
17.9257,382,1.2323
17.9300,420,1.3548
17.9343,523,1.6871
17.9386,677,2.1839
17.9429,860,2.7742
17.9472,999,3.2226
17.9515,1001,3.2290
17.9558,999,3.2226
17.9601,964,3.1097
17.9644,775,2.5000
17.9687,560,1.8065
17.9730,422,1.3613
17.9773,366,1.1806
17.9816,360,1.1613
17.9859,383,1.2355
17.9903,412,1.3290
17.9946,430,1.3871
17.9989,437,1.4097
18.0033,439,1.4161
18.0076,439,1.4161
18.0119,440,1.4194
18.0163,442,1.4258
18.0206,444,1.4323
18.0249,446,1.4387
18.0292,447,1.4419
18.0336,447,1.4419
18.0380,449,1.4484
18.0423,450,1.4516
18.0466,452,1.4581
18.0509,454,1.4645
18.0553,455,1.4677
18.0596,458,1.4774
18.0640,465,1.5000
18.0683,478,1.5419
18.0726,493,1.5903
18.0770,508,1.6387
18.0813,521,1.6806
18.0856,535,1.7258
18.0899,548,1.7677
18.0943,563,1.8161
18.0986,575,1.8548
18.1029,585,1.8871
18.1072,597,1.9258
18.1115,606,1.9548
18.1158,614,1.9806
18.1201,621,2.0032
18.1244,624,2.0129
18.1286,628,2.0258
18.1329,629,2.0290
18.1372,631,2.0355
18.1415,628,2.0258
18.1458,625,2.0161
18.1501,619,1.9968
18.1544,613,1.9774
18.1587,606,1.9548
18.1630,597,1.9258
18.1673,586,1.8903
18.1716,574,1.8516
18.1797,550,1.7742
18.1841,536,1.7290
18.1884,523,1.6871
18.1928,508,1.6387
18.1972,494,1.5935
18.2016,480,1.5484
18.2059,467,1.5065
18.2102,455,1.4677
18.2145,444,1.4323
18.2188,433,1.3968
18.2231,429,1.3839
18.2274,430,1.3871
18.2317,431,1.3903
18.2360,434,1.4000
18.2403,436,1.4065
18.2446,439,1.4161
18.2489,440,1.4194
18.2532,440,1.4194
18.2575,442,1.4258
18.2617,443,1.4290
18.2661,444,1.4323
18.2703,446,1.4387
18.2746,446,1.4387
18.2789,450,1.4516
18.2832,460,1.4839
18.2875,473,1.5258
18.2919,488,1.5742
18.2962,503,1.6226
18.3005,517,1.6677
18.3048,529,1.7065
18.3091,540,1.7419
18.3133,546,1.7613
18.3176,549,1.7710
18.3219,549,1.7710
18.3262,545,1.7581
18.3305,539,1.7387
18.3348,530,1.7097
18.3391,517,1.6677
18.3434,503,1.6226
18.3477,489,1.5774
18.3520,475,1.5323
18.3563,461,1.4871
18.3606,452,1.4581
18.3649,449,1.4484
18.3692,451,1.4548
18.3735,453,1.4613
18.3778,455,1.4677
18.3821,457,1.4742
18.3864,458,1.4774
18.3907,461,1.4871
18.3950,461,1.4871
18.3993,462,1.4903
18.4036,463,1.4935
18.4080,464,1.4968
18.4123,465,1.5000
18.4166,466,1.5032
18.4209,463,1.4935
18.4253,446,1.4387
18.4296,415,1.3387
18.4339,386,1.2452
18.4383,397,1.2806
18.4426,473,1.5258
18.4469,612,1.9742
18.4513,789,2.5452
18.4556,972,3.1355
18.4599,999,3.2226
18.4642,999,3.2226
18.4686,993,3.2032
18.4729,855,2.7581
18.4772,630,2.0323
18.4815,461,1.4871
18.4859,379,1.2226
18.4904,360,1.1613
18.4949,377,1.2161
18.4993,407,1.3129
18.5037,428,1.3806
18.5080,438,1.4129
18.5123,440,1.4194
18.5166,440,1.4194
18.5209,441,1.4226
18.5252,443,1.4290
18.5295,444,1.4323
18.5338,445,1.4355
18.5381,448,1.4452
18.5424,450,1.4516
18.5467,451,1.4548
18.5510,452,1.4581
18.5553,453,1.4613
18.5596,454,1.4645
18.5639,457,1.4742
18.5682,459,1.4806
18.5725,465,1.5000
18.5768,476,1.5355
18.5811,490,1.5806
18.5854,504,1.6258
18.5897,519,1.6742
18.5940,531,1.7129
18.5983,545,1.7581
18.6026,558,1.8000
18.6069,571,1.8419
18.6112,583,1.8806
18.6155,596,1.9226
18.6197,605,1.9516
18.6240,614,1.9806
18.6283,619,1.9968
18.6326,625,2.0161
18.6369,629,2.0290
18.6412,630,2.0323
18.6455,633,2.0419
18.6498,631,2.0355
18.6541,629,2.0290
18.6584,625,2.0161
18.6627,618,1.9935
18.6670,611,1.9710
18.6713,602,1.9419
18.6756,591,1.9065
18.6799,579,1.8677
18.6842,567,1.8290
18.6884,557,1.7968
18.6927,550,1.7742
18.6970,541,1.7452
18.7013,529,1.7065
18.7057,516,1.6645
18.7100,501,1.6161
18.7144,487,1.5710
18.7187,474,1.5290
18.7230,461,1.4871
18.7273,449,1.4484
18.7317,438,1.4129
18.7360,431,1.3903
18.7403,429,1.3839
18.7447,430,1.3871
18.7490,433,1.3968
18.7533,434,1.4000
18.7577,436,1.4065
18.7620,438,1.4129
18.7663,439,1.4161
18.7706,440,1.4194
18.7750,441,1.4226
18.7793,444,1.4323
18.7836,446,1.4387
18.7880,448,1.4452
18.7923,449,1.4484
18.7967,455,1.4677
18.8010,466,1.5032
18.8053,481,1.5516
18.8096,498,1.6065
18.8139,512,1.6516
18.8182,525,1.6935
18.8225,537,1.7323
18.8268,544,1.7548
18.8311,550,1.7742
18.8354,552,1.7806
18.8397,548,1.7677
18.8440,542,1.7484
18.8482,535,1.7258
18.8525,523,1.6871
18.8568,511,1.6484
18.8611,496,1.6000
18.8654,482,1.5548
18.8697,470,1.5161
18.8740,458,1.4774
18.8783,453,1.4613
18.8826,454,1.4645
18.8869,456,1.4710
18.8912,457,1.4742
18.8955,459,1.4806
18.8998,459,1.4806
18.9041,460,1.4839
18.9084,463,1.4935
18.9127,464,1.4968
18.9171,464,1.4968
18.9214,465,1.5000
18.9257,466,1.5032
18.9301,467,1.5065
18.9344,468,1.5097
18.9387,468,1.5097
18.9431,470,1.5161
18.9474,470,1.5161
18.9517,467,1.5065
18.9560,447,1.4419
18.9604,415,1.3387
18.9647,389,1.2548
18.9690,412,1.3290
18.9734,501,1.6161
18.9777,649,2.0935
18.9820,829,2.6742
18.9864,996,3.2129
18.9907,1001,3.2290
18.9950,999,3.2226
18.9995,985,3.1774
19.0038,818,2.6387
19.0081,595,1.9194
19.0124,441,1.4226
19.0167,374,1.2065
19.0210,362,1.1677
19.0253,382,1.2323
19.0296,412,1.3290
19.0339,433,1.3968
19.0382,441,1.4226
19.0425,443,1.4290
19.0468,443,1.4290
19.0510,444,1.4323
19.0553,447,1.4419
19.0596,449,1.4484
19.0640,450,1.4516
19.0682,450,1.4516
19.0725,452,1.4581
19.0768,453,1.4613
19.0811,454,1.4645
19.0854,455,1.4677
19.0899,456,1.4710
19.0943,457,1.4742
19.0987,459,1.4806
19.1030,466,1.5032
19.1073,478,1.5419
19.1116,491,1.5839
19.1159,506,1.6323
19.1203,521,1.6806
19.1246,535,1.7258
19.1289,550,1.7742
19.1332,562,1.8129
19.1375,576,1.8581
19.1418,586,1.8903
19.1461,597,1.9258
19.1504,607,1.9581
19.1547,617,1.9903
19.1590,624,2.0129
19.1633,629,2.0290
19.1676,631,2.0355
19.1719,633,2.0419
19.1762,632,2.0387
19.1805,633,2.0419
19.1848,630,2.0323
19.1891,624,2.0129
19.1934,617,1.9903
19.1977,612,1.9742
19.2020,602,1.9419
19.2063,591,1.9065
19.2106,580,1.8710
19.2149,566,1.8258
19.2193,554,1.7871
19.2236,541,1.7452
19.2280,526,1.6968
19.2324,511,1.6484
19.2367,498,1.6065
19.2410,484,1.5613
19.2453,471,1.5194
19.2497,458,1.4774
19.2540,446,1.4387
19.2583,436,1.4065
19.2627,432,1.3935
19.2670,432,1.3935
19.2713,435,1.4032
19.2757,436,1.4065
19.2800,438,1.4129
19.2843,439,1.4161
19.2886,441,1.4226
19.2930,442,1.4258
19.2973,443,1.4290
19.3017,446,1.4387
19.3060,446,1.4387
19.3104,448,1.4452
19.3147,449,1.4484
19.3190,452,1.4581
19.3232,459,1.4806
19.3275,473,1.5258
19.3318,489,1.5774
19.3361,504,1.6258
19.3404,518,1.6710
19.3447,530,1.7097
19.3490,541,1.7452
19.3533,547,1.7645
19.3576,552,1.7806
19.3619,552,1.7806
19.3662,549,1.7710
19.3705,541,1.7452
19.3748,530,1.7097
19.3791,520,1.6774
19.3834,508,1.6387
19.3877,493,1.5903
19.3921,478,1.5419
19.3964,464,1.4968
19.4008,456,1.4710
19.4051,454,1.4645
19.4095,454,1.4645
19.4138,456,1.4710
19.4181,459,1.4806
19.4225,460,1.4839
19.4268,460,1.4839
19.4311,461,1.4871
19.4354,463,1.4935
19.4398,464,1.4968
19.4442,466,1.5032
19.4485,466,1.5032
19.4529,459,1.4806
19.4572,435,1.4032
19.4616,403,1.3000
19.4659,387,1.2484
19.4702,427,1.3774
19.4746,532,1.7161
19.4789,690,2.2258
19.4832,876,2.8258
19.4875,999,3.2226
19.4919,999,3.2226
19.4962,997,3.2161
19.5005,956,3.0839
19.5049,758,2.4452
19.5092,545,1.7581
19.5135,415,1.3387
19.5179,364,1.1742
19.5222,362,1.1677
19.5265,387,1.2484
19.5308,416,1.3419
19.5351,432,1.3935
19.5394,438,1.4129
19.5437,440,1.4194
19.5480,440,1.4194
19.5523,442,1.4258
19.5566,442,1.4258
19.5609,443,1.4290
19.5652,444,1.4323
19.5695,445,1.4355
19.5738,447,1.4419
19.5781,448,1.4452
19.5823,450,1.4516
19.5866,451,1.4548
19.5909,453,1.4613
19.5952,454,1.4645
19.5995,456,1.4710
19.6038,464,1.4968
19.6081,477,1.5387
19.6124,491,1.5839
19.6168,507,1.6355
19.6211,520,1.6774
19.6255,536,1.7290
19.6298,549,1.7710
19.6341,563,1.8161
19.6384,575,1.8548
19.6428,587,1.8935
19.6471,598,1.9290
19.6514,607,1.9581
19.6557,617,1.9903
19.6601,624,2.0129
19.6645,627,2.0226
19.6688,630,2.0323
19.6731,632,2.0387
19.6774,631,2.0355
19.6818,631,2.0355
19.6861,627,2.0226
19.6904,621,2.0032
19.6947,615,1.9839
19.6991,607,1.9581
19.7034,597,1.9258
19.7077,586,1.8903
19.7121,575,1.8548
19.7164,562,1.8129
19.7208,549,1.7710
19.7251,535,1.7258
19.7294,522,1.6839
19.7337,508,1.6387
19.7380,493,1.5903
19.7423,480,1.5484
19.7466,467,1.5065
19.7509,454,1.4645
19.7552,443,1.4290
19.7595,433,1.3968
19.7638,431,1.3903
19.7681,431,1.3903
19.7724,432,1.3935
19.7767,434,1.4000
19.7809,435,1.4032
19.7853,437,1.4097
19.7896,438,1.4129
19.7938,440,1.4194
19.7981,441,1.4226
19.8024,443,1.4290
19.8068,444,1.4323
19.8111,444,1.4323
19.8155,446,1.4387
19.8198,449,1.4484
19.8242,459,1.4806
19.8285,473,1.5258
19.8328,489,1.5774
19.8371,504,1.6258
19.8415,519,1.6742
19.8458,531,1.7129
19.8501,540,1.7419
19.8545,548,1.7677
19.8588,550,1.7742
19.8632,548,1.7677
19.8675,543,1.7516
19.8718,536,1.7290
19.8761,525,1.6935
19.8805,512,1.6516
19.8848,499,1.6097
19.8891,486,1.5677
19.8935,471,1.5194
19.8978,458,1.4774
19.9022,452,1.4581
19.9065,451,1.4548
19.9108,453,1.4613
19.9152,456,1.4710
19.9194,458,1.4774
19.9237,459,1.4806
19.9280,461,1.4871
19.9323,460,1.4839
19.9366,461,1.4871
19.9409,462,1.4903
19.9452,464,1.4968
19.9498,464,1.4968
19.9542,452,1.4581
19.9585,422,1.3613
19.9628,391,1.2613
19.9671,387,1.2484
19.9714,444,1.4323
19.9757,564,1.8194
19.9799,729,2.3516
19.9842,916,2.9548
19.9886,1000,3.2258
19.9930,999,3.2226
19.9974,998,3.2194
20.0017,907,2.9258
20.0060,692,2.2323
20.0103,499,1.6097
20.0146,392,1.2645
20.0191,357,1.1516
20.0236,365,1.1774
20.0281,396,1.2774
20.0326,423,1.3645
20.0370,435,1.4032
20.0414,438,1.4129
20.0459,440,1.4194
20.0503,439,1.4161
20.0546,441,1.4226
20.0590,443,1.4290
20.0633,444,1.4323
20.0677,446,1.4387
20.0721,448,1.4452
20.0764,448,1.4452
20.0807,449,1.4484
20.0850,450,1.4516
20.0894,452,1.4581
20.0937,454,1.4645
20.0981,455,1.4677
20.1024,461,1.4871
20.1067,473,1.5258
20.1110,486,1.5677
20.1154,500,1.6129
20.1197,515,1.6613
20.1240,528,1.7032
20.1283,543,1.7516
20.1326,556,1.7935
20.1369,570,1.8387
20.1411,580,1.8710
20.1454,592,1.9097
20.1497,603,1.9452
20.1540,611,1.9710
20.1583,617,1.9903
20.1626,622,2.0065
20.1669,627,2.0226
20.1712,628,2.0258
20.1755,631,2.0355
20.1798,629,2.0290
20.1841,627,2.0226
20.1884,622,2.0065
20.1927,615,1.9839
20.1970,606,1.9548
20.2013,598,1.9290
20.2055,589,1.9000
20.2098,577,1.8613
20.2142,566,1.8258
20.2185,553,1.7839
20.2228,538,1.7355
20.2272,526,1.6968
20.2315,512,1.6516
20.2358,497,1.6032
20.2402,484,1.5613
20.2445,471,1.5194
20.2488,458,1.4774
20.2531,446,1.4387
20.2575,434,1.4000
20.2618,429,1.3839
20.2661,428,1.3806
20.2705,430,1.3871
20.2748,432,1.3935
20.2791,434,1.4000
20.2835,436,1.4065
20.2879,438,1.4129
20.2923,439,1.4161
20.2967,440,1.4194
20.3012,443,1.4290
20.3055,444,1.4323
20.3098,445,1.4355
20.3141,446,1.4387
20.3185,448,1.4452
20.3228,455,1.4677
20.3271,469,1.5129
20.3314,485,1.5645
20.3357,501,1.6161
20.3400,514,1.6581
20.3443,527,1.7000
20.3486,538,1.7355
20.3529,545,1.7581
20.3572,550,1.7742
20.3615,548,1.7677
20.3658,547,1.7645
20.3701,540,1.7419
20.3744,531,1.7129
20.3787,519,1.6742
20.3830,505,1.6290
20.3873,492,1.5871
20.3916,476,1.5355
20.3958,462,1.4903
20.4001,454,1.4645
20.4044,452,1.4581
20.4087,455,1.4677
20.4131,456,1.4710
20.4174,457,1.4742
20.4218,458,1.4774
20.4261,458,1.4774
20.4304,459,1.4806
20.4348,460,1.4839
20.4391,461,1.4871
20.4434,463,1.4935
20.4477,463,1.4935
20.4521,459,1.4806
20.4564,439,1.4161
20.4608,407,1.3129
20.4651,383,1.2355
20.4694,409,1.3194
20.4737,502,1.6194
20.4781,653,2.1065
20.4824,836,2.6968
20.4867,997,3.2161
20.4911,1001,3.2290
20.4954,1000,3.2258
20.4997,977,3.1516
20.5041,799,2.5774
20.5084,577,1.8613
20.5127,430,1.3871
20.5170,369,1.1903
20.5214,360,1.1613
20.5257,379,1.2226
20.5300,408,1.3161
20.5342,427,1.3774
20.5385,435,1.4032
20.5428,437,1.4097
20.5471,440,1.4194
20.5514,440,1.4194
20.5557,441,1.4226
20.5600,442,1.4258
20.5643,445,1.4355
20.5686,447,1.4419
20.5729,448,1.4452
20.5772,449,1.4484
20.5815,450,1.4516
20.5858,453,1.4613
20.5901,454,1.4645
20.5944,455,1.4677
20.5987,456,1.4710
20.6030,464,1.4968
20.6073,476,1.5355
20.6115,491,1.5839
20.6158,504,1.6258
20.6201,517,1.6677
20.6245,532,1.7161
20.6289,544,1.7548
20.6332,559,1.8032
20.6375,570,1.8387
20.6418,582,1.8774
20.6462,595,1.9194
20.6505,605,1.9516
20.6548,611,1.9710
20.6592,620,2.0000
20.6636,624,2.0129
20.6681,627,2.0226
20.6724,629,2.0290
20.6768,630,2.0323
20.6811,628,2.0258
20.6854,625,2.0161
20.6898,621,2.0032
20.6941,613,1.9774
20.6984,606,1.9548
20.7028,596,1.9226
20.7071,586,1.8903
20.7114,574,1.8516
20.7159,562,1.8129
20.7202,550,1.7742
20.7245,536,1.7290
20.7288,521,1.6806
20.7331,509,1.6419
20.7374,494,1.5935
20.7417,481,1.5516
20.7460,468,1.5097
20.7503,455,1.4677
20.7546,442,1.4258
20.7589,434,1.4000
20.7632,430,1.3871
20.7675,430,1.3871
20.7718,433,1.3968
20.7761,433,1.3968
20.7804,436,1.4065
20.7846,438,1.4129
20.7890,439,1.4161
20.7932,441,1.4226
20.7975,442,1.4258
20.8018,443,1.4290
20.8061,444,1.4323
20.8104,446,1.4387
20.8147,447,1.4419
20.8190,450,1.4516
20.8234,459,1.4806
20.8277,474,1.5290
20.8320,489,1.5774
20.8364,504,1.6258
20.8407,518,1.6710
20.8450,531,1.7129
20.8493,540,1.7419
20.8537,548,1.7677
20.8580,552,1.7806
20.8624,552,1.7806
20.8667,547,1.7645
20.8710,540,1.7419
20.8754,530,1.7097
20.8797,517,1.6677
20.8840,504,1.6258
20.8884,490,1.5806
20.8928,474,1.5290
20.8972,461,1.4871
20.9017,454,1.4645
20.9060,454,1.4645
20.9103,454,1.4645
20.9147,456,1.4710
20.9190,457,1.4742
20.9234,458,1.4774
20.9277,460,1.4839
20.9320,461,1.4871
20.9363,463,1.4935
20.9406,464,1.4968
20.9448,464,1.4968
20.9491,465,1.5000
20.9534,455,1.4677
20.9577,428,1.3806
20.9620,396,1.2774
20.9663,383,1.2355
20.9706,429,1.3839
20.9749,537,1.7323
20.9792,699,2.2548
20.9836,886,2.8581
20.9879,1000,3.2258
20.9922,1001,3.2290
20.9965,998,3.2194
21.0008,948,3.0581
21.0051,746,2.4065
21.0094,538,1.7355
21.0137,410,1.3226
21.0180,362,1.1677
21.0223,362,1.1677
21.0266,387,1.2484
21.0309,414,1.3355
21.0352,431,1.3903
21.0395,438,1.4129
21.0438,439,1.4161
21.0481,440,1.4194
21.0524,440,1.4194
21.0567,440,1.4194
21.0610,442,1.4258
21.0653,445,1.4355
21.0696,446,1.4387
21.0739,448,1.4452
21.0782,449,1.4484
21.0825,449,1.4484
21.0868,451,1.4548
21.0911,452,1.4581
21.0954,453,1.4613
21.0997,456,1.4710
21.1040,465,1.5000
21.1082,478,1.5419
21.1125,491,1.5839
21.1168,504,1.6258
21.1211,519,1.6742
21.1255,534,1.7226
21.1298,548,1.7677
21.1341,562,1.8129
21.1385,574,1.8516
21.1428,587,1.8935
21.1471,598,1.9290
21.1514,606,1.9548
21.1558,615,1.9839
21.1601,621,2.0032
21.1645,626,2.0194
21.1688,629,2.0290
21.1731,632,2.0387
21.1774,632,2.0387
21.1818,631,2.0355
21.1861,627,2.0226
21.1905,622,2.0065
21.1950,613,1.9774
21.1995,603,1.9452
21.2039,594,1.9161
21.2085,582,1.8774
21.2128,571,1.8419
21.2172,558,1.8000
21.2215,545,1.7581
21.2259,532,1.7161
21.2302,518,1.6710
21.2345,504,1.6258
21.2388,491,1.5839
21.2431,477,1.5387
21.2473,464,1.4968
21.2516,451,1.4548
21.2559,439,1.4161
21.2602,430,1.3871
21.2645,429,1.3839
21.2688,431,1.3903
21.2731,433,1.3968
21.2774,435,1.4032
21.2817,436,1.4065
21.2860,437,1.4097
21.2903,438,1.4129
21.2946,439,1.4161
21.2989,440,1.4194
21.3032,443,1.4290
21.3075,444,1.4323
21.3118,445,1.4355
21.3161,447,1.4419
21.3204,451,1.4548
21.3247,462,1.4903
21.3290,475,1.5323
21.3333,490,1.5806
21.3377,505,1.6290
21.3420,521,1.6806
21.3463,533,1.7194
21.3507,542,1.7484
21.3550,548,1.7677
21.3593,551,1.7774
21.3637,551,1.7774
21.3680,544,1.7548
21.3724,537,1.7323
21.3767,524,1.6903
21.3810,512,1.6516
21.3854,499,1.6097
21.3897,484,1.5613
21.3941,470,1.5161
21.3985,459,1.4806
21.4028,454,1.4645
21.4071,454,1.4645
21.4115,455,1.4677
21.4158,457,1.4742
21.4201,458,1.4774
21.4244,460,1.4839
21.4288,461,1.4871
21.4331,462,1.4903
21.4374,464,1.4968
21.4416,465,1.5000
21.4459,464,1.4968
21.4502,464,1.4968
21.4545,452,1.4581
21.4588,423,1.3645
21.4631,392,1.2645
21.4674,391,1.2613
21.4717,453,1.4613
21.4760,577,1.8613
21.4803,744,2.4000
21.4846,929,2.9968
21.4889,999,3.2226
21.4932,1000,3.2258
21.4975,998,3.2194
21.5018,906,2.9226
21.5061,692,2.2323
21.5104,500,1.6129
21.5147,396,1.2774
21.5190,361,1.1645
21.5233,365,1.1774
21.5276,394,1.2710
21.5319,421,1.3581
21.5363,435,1.4032
21.5406,439,1.4161
21.5449,440,1.4194
21.5493,440,1.4194
21.5536,441,1.4226
21.5580,443,1.4290
21.5623,445,1.4355
21.5666,447,1.4419
21.5710,449,1.4484
21.5753,450,1.4516
21.5796,450,1.4516
21.5840,451,1.4548
21.5883,453,1.4613
21.5926,455,1.4677
21.5970,455,1.4677
21.6013,459,1.4806
21.6056,471,1.5194
21.6099,485,1.5645
21.6143,499,1.6097
21.6186,512,1.6516
21.6229,526,1.6968
21.6272,540,1.7419
21.6316,555,1.7903
21.6359,567,1.8290
21.6402,579,1.8677
21.6444,590,1.9032
21.6488,601,1.9387
21.6531,608,1.9613
21.6574,616,1.9871
21.6617,624,2.0129
21.6660,627,2.0226
21.6703,631,2.0355
21.6746,631,2.0355
21.6789,631,2.0355
21.6832,629,2.0290
21.6875,622,2.0065
21.6917,617,1.9903
21.6960,610,1.9677
21.7003,602,1.9419
21.7046,593,1.9129
21.7089,582,1.8774
21.7132,570,1.8387
21.7176,558,1.8000
21.7222,543,1.7516
21.7266,529,1.7065
21.7309,516,1.6645
21.7353,502,1.6194
21.7396,487,1.5710
21.7439,473,1.5258
21.7482,460,1.4839
21.7526,448,1.4452
21.7569,437,1.4097
21.7613,431,1.3903
21.7656,430,1.3871
21.7700,432,1.3935
21.7743,433,1.3968
21.7786,435,1.4032
21.7830,436,1.4065
21.7874,438,1.4129
21.7920,440,1.4194
21.7967,440,1.4194
21.8011,443,1.4290
21.8054,444,1.4323
21.8097,446,1.4387
21.8140,448,1.4452
21.8183,450,1.4516
21.8226,456,1.4710
21.8270,469,1.5129
21.8313,483,1.5581
21.8356,499,1.6097
21.8399,513,1.6548
21.8442,527,1.7000
21.8485,538,1.7355
21.8527,546,1.7613
21.8570,549,1.7710
21.8613,551,1.7774
21.8656,548,1.7677
21.8699,542,1.7484
21.8743,532,1.7161
21.8786,521,1.6806
21.8828,507,1.6355
21.8871,494,1.5935
21.8914,480,1.5484
21.8957,466,1.5032
21.9000,457,1.4742
21.9043,454,1.4645
21.9085,455,1.4677
21.9128,457,1.4742
21.9171,457,1.4742
21.9214,459,1.4806
21.9256,459,1.4806
21.9299,461,1.4871
21.9342,461,1.4871
21.9385,463,1.4935
21.9428,464,1.4968
21.9470,466,1.5032
21.9513,463,1.4935
21.9556,446,1.4387
21.9598,416,1.3419
21.9641,388,1.2516
21.9684,400,1.2903
21.9727,475,1.5323
21.9770,613,1.9774
21.9814,788,2.5419
21.9857,971,3.1323
21.9899,1001,3.2290
21.9942,1001,3.2290
21.9985,993,3.2032
22.0028,870,2.8065
22.0070,648,2.0903
22.0113,471,1.5194
22.0156,385,1.2419
22.0198,359,1.1581
22.0241,369,1.1903
22.0284,399,1.2871
22.0327,423,1.3645
22.0370,435,1.4032
22.0413,439,1.4161
22.0456,440,1.4194
22.0499,441,1.4226
22.0541,442,1.4258
22.0591,443,1.4290
22.0634,445,1.4355
22.0677,446,1.4387
22.0719,447,1.4419
22.0762,449,1.4484
22.0805,450,1.4516
22.0848,452,1.4581
22.0891,453,1.4613
22.0935,453,1.4613
22.0979,455,1.4677
22.1022,460,1.4839
22.1065,471,1.5194
22.1109,485,1.5645
22.1151,500,1.6129
22.1194,515,1.6613
22.1237,528,1.7032
22.1281,542,1.7484
22.1323,556,1.7935
22.1366,568,1.8323
22.1415,581,1.8742
22.1458,592,1.9097
22.1500,601,1.9387
22.1543,611,1.9710
22.1586,618,1.9935
22.1628,625,2.0161
22.1672,626,2.0194
22.1714,630,2.0323
22.1757,632,2.0387
22.1799,631,2.0355
22.1842,627,2.0226
22.1885,623,2.0097
22.1928,616,1.9871
22.1971,609,1.9645
22.2013,599,1.9323
22.2056,590,1.9032
22.2099,578,1.8645
22.2142,565,1.8226
22.2184,553,1.7839
22.2232,538,1.7355
22.2274,525,1.6935
22.2317,511,1.6484
22.2360,498,1.6065
22.2403,484,1.5613
22.2446,470,1.5161
22.2489,457,1.4742
22.2532,445,1.4355
22.2574,434,1.4000
22.2617,428,1.3806
22.2659,428,1.3806
22.2702,429,1.3839
22.2745,432,1.3935
22.2787,434,1.4000
22.2830,437,1.4097
22.2873,438,1.4129
22.2916,440,1.4194
22.2959,441,1.4226
22.3001,442,1.4258
22.3048,443,1.4290
22.3091,445,1.4355
22.3133,446,1.4387
22.3176,448,1.4452
22.3218,453,1.4613
22.3261,467,1.5065
22.3304,481,1.5516
22.3347,498,1.6065
22.3390,512,1.6516
22.3433,524,1.6903
22.3476,536,1.7290
22.3519,545,1.7581
22.3562,548,1.7677
22.3604,551,1.7774
22.3647,549,1.7710
22.3689,543,1.7516
22.3732,534,1.7226
22.3775,523,1.6871
22.3822,510,1.6452
22.3865,496,1.6000
22.3908,481,1.5516
22.3951,467,1.5065
22.3994,457,1.4742
22.4036,452,1.4581
22.4080,453,1.4613
22.4123,454,1.4645
22.4165,455,1.4677
22.4208,456,1.4710
22.4250,458,1.4774
22.4293,459,1.4806
22.4336,462,1.4903
22.4379,463,1.4935
22.4422,466,1.5032
22.4465,466,1.5032
22.4507,462,1.4903
22.4550,448,1.4452
22.4593,419,1.3516
22.4635,388,1.2516
22.4681,395,1.2742
22.4724,467,1.5065
22.4767,598,1.9290
22.4810,769,2.4806
22.4853,953,3.0742
22.4896,1001,3.2290
22.4939,1001,3.2290
22.4981,996,3.2129
22.5024,883,2.8484
22.5067,665,2.1452
22.5110,482,1.5548
22.5153,389,1.2548
22.5195,358,1.1548
22.5238,368,1.1871
22.5281,397,1.2806
22.5324,422,1.3613
22.5367,436,1.4065
22.5410,440,1.4194
22.5453,440,1.4194
22.5497,440,1.4194
22.5540,441,1.4226
22.5583,442,1.4258
22.5625,444,1.4323
22.5668,445,1.4355
22.5710,447,1.4419
22.5753,447,1.4419
22.5796,449,1.4484
22.5839,451,1.4548
22.5881,452,1.4581
22.5924,454,1.4645
22.5967,454,1.4645
22.6010,459,1.4806
22.6052,469,1.5129
22.6095,482,1.5548
22.6138,497,1.6032
22.6181,512,1.6516
22.6223,525,1.6935
22.6266,539,1.7387
22.6313,553,1.7839
22.6356,567,1.8290
22.6399,579,1.8677
22.6442,589,1.9000
22.6484,600,1.9355
22.6527,609,1.9645
22.6570,618,1.9935
22.6613,623,2.0097
22.6655,627,2.0226
22.6698,629,2.0290
22.6740,631,2.0355
22.6783,631,2.0355
22.6826,630,2.0323
22.6869,626,2.0194
22.6913,620,2.0000
22.6957,612,1.9742
22.7003,604,1.9484
22.7046,594,1.9161
22.7088,583,1.8806
22.7133,568,1.8323
22.7176,554,1.7871
22.7218,542,1.7484
22.7261,530,1.7097
22.7304,516,1.6645
22.7346,502,1.6194
22.7389,488,1.5742
22.7432,475,1.5323
22.7474,462,1.4903
22.7517,450,1.4516
22.7559,438,1.4129
22.7603,430,1.3871
22.7646,428,1.3806
22.7689,430,1.3871
22.7732,432,1.3935
22.7775,434,1.4000
22.7818,437,1.4097
22.7861,438,1.4129
22.7904,440,1.4194
22.7948,442,1.4258
22.7991,443,1.4290
22.8033,443,1.4290
22.8076,445,1.4355
22.8119,446,1.4387
22.8161,448,1.4452
22.8204,451,1.4548
22.8247,460,1.4839
22.8289,475,1.5323
22.8332,491,1.5839
22.8375,507,1.6355
22.8417,521,1.6806
22.8460,532,1.7161
22.8503,542,1.7484
22.8546,549,1.7710
22.8588,553,1.7839
22.8631,552,1.7806
22.8674,547,1.7645
22.8717,539,1.7387
22.8759,528,1.7032
22.8802,517,1.6677
22.8845,503,1.6226
22.8887,489,1.5774
22.8930,475,1.5323
22.8973,462,1.4903
22.9015,454,1.4645
22.9058,453,1.4613
22.9101,454,1.4645
22.9143,456,1.4710
22.9186,458,1.4774
22.9229,459,1.4806
22.9272,462,1.4903
22.9314,462,1.4903
22.9357,464,1.4968
22.9401,463,1.4935
22.9444,465,1.5000
22.9487,465,1.5000
22.9529,458,1.4774
22.9573,435,1.4032
22.9616,402,1.2968
22.9659,384,1.2387
22.9701,420,1.3548
22.9744,520,1.6774
22.9787,677,2.1839
22.9831,859,2.7710
22.9876,1000,3.2258
22.9938,1000,3.2258
22.9983,994,3.2065
23.0027,869,2.8032
23.0072,642,2.0710
23.0115,467,1.5065
23.0158,381,1.2290
23.0202,358,1.1548
23.0246,372,1.2000
23.0289,403,1.3000
23.0332,426,1.3742
23.0376,438,1.4129
23.0419,442,1.4258
23.0462,442,1.4258
23.0505,442,1.4258
23.0548,443,1.4290
23.0591,444,1.4323
23.0634,444,1.4323
23.0677,446,1.4387
23.0720,448,1.4452
23.0763,450,1.4516
23.0806,451,1.4548
23.0854,451,1.4548
23.0897,453,1.4613
23.0940,454,1.4645
23.0983,456,1.4710
23.1026,463,1.4935
23.1070,474,1.5290
23.1113,488,1.5742
23.1155,502,1.6194
23.1198,516,1.6645
23.1241,530,1.7097
23.1285,543,1.7516
23.1327,558,1.8000
23.1371,569,1.8355
23.1414,582,1.8774
23.1456,593,1.9129
23.1499,604,1.9484
23.1542,610,1.9677
23.1584,618,1.9935
23.1627,623,2.0097
23.1670,627,2.0226
23.1713,630,2.0323
23.1756,632,2.0387
23.1798,629,2.0290
23.1841,628,2.0258
23.1884,623,2.0097
23.1926,616,1.9871
23.1969,610,1.9677
23.2012,601,1.9387
23.2055,589,1.9000
23.2097,579,1.8677
23.2140,566,1.8258
23.2183,553,1.7839
23.2225,540,1.7419
23.2268,527,1.7000
23.2311,514,1.6581
23.2353,500,1.6129
23.2396,486,1.5677
23.2440,473,1.5258
23.2483,461,1.4871
23.2526,449,1.4484
23.2569,437,1.4097
23.2612,430,1.3871
23.2655,428,1.3806
23.2698,432,1.3935
23.2741,433,1.3968
23.2784,434,1.4000
23.2827,437,1.4097
23.2870,438,1.4129
23.2913,440,1.4194
23.2956,441,1.4226
23.2999,442,1.4258
23.3042,443,1.4290
23.3084,445,1.4355
23.3127,446,1.4387
23.3170,447,1.4419
23.3213,452,1.4581
23.3256,464,1.4968
23.3300,480,1.5484
23.3343,495,1.5968
23.3386,511,1.6484
23.3429,524,1.6903
23.3472,533,1.7194
23.3515,542,1.7484
23.3557,547,1.7645
23.3602,550,1.7742
23.3644,549,1.7710
23.3687,542,1.7484
23.3730,534,1.7226
23.3772,524,1.6903
23.3815,511,1.6484
23.3858,497,1.6032
23.3901,483,1.5581
23.3944,468,1.5097
23.3987,456,1.4710
23.4029,452,1.4581
23.4072,453,1.4613
23.4115,454,1.4645
23.4157,455,1.4677
23.4200,456,1.4710
23.4243,456,1.4710
23.4285,459,1.4806
23.4328,461,1.4871
23.4371,462,1.4903
23.4413,464,1.4968
23.4456,466,1.5032
23.4499,464,1.4968
23.4542,453,1.4613
23.4585,425,1.3710
23.4628,392,1.2645
23.4671,387,1.2484
23.4714,443,1.4290
23.4757,562,1.8129
23.4800,727,2.3452
23.4843,913,2.9452
23.4893,1001,3.2290
23.4938,1000,3.2258
23.4981,997,3.2161
23.5024,887,2.8613
23.5067,665,2.1452
23.5110,483,1.5581
23.5153,389,1.2548
23.5196,358,1.1548
23.5239,367,1.1839
23.5282,397,1.2806
23.5325,423,1.3645
23.5368,435,1.4032
23.5411,440,1.4194
23.5454,442,1.4258
23.5496,442,1.4258
23.5539,443,1.4290
23.5582,444,1.4323
23.5624,445,1.4355
23.5667,447,1.4419
23.5710,448,1.4452
23.5752,449,1.4484
23.5795,450,1.4516
23.5837,451,1.4548
23.5882,453,1.4613
23.5938,455,1.4677
23.5983,455,1.4677
23.6027,462,1.4903
23.6070,474,1.5290
23.6112,487,1.5710
23.6155,502,1.6194
23.6199,516,1.6645
23.6242,531,1.7129
23.6285,544,1.7548
23.6333,559,1.8032
23.6376,570,1.8387
23.6419,584,1.8839
23.6463,594,1.9161
23.6506,602,1.9419
23.6549,611,1.9710
23.6592,619,1.9968
23.6635,624,2.0129
23.6678,629,2.0290
23.6721,632,2.0387
23.6764,632,2.0387
23.6808,630,2.0323
23.6851,625,2.0161
23.6894,620,2.0000
23.6937,614,1.9806
23.6980,606,1.9548
23.7024,599,1.9323
23.7067,588,1.8968
23.7109,577,1.8613
23.7154,563,1.8161
23.7198,550,1.7742
23.7240,536,1.7290
23.7283,521,1.6806
23.7326,508,1.6387
23.7369,496,1.6000
23.7413,483,1.5581
23.7456,469,1.5129
23.7499,457,1.4742
23.7542,444,1.4323
23.7585,434,1.4000
23.7629,429,1.3839
23.7672,430,1.3871
23.7715,433,1.3968
23.7757,435,1.4032
23.7800,436,1.4065
23.7844,437,1.4097
23.7887,438,1.4129
23.7931,440,1.4194
23.7975,441,1.4226
23.8018,443,1.4290
23.8061,443,1.4290
23.8104,444,1.4323
23.8147,446,1.4387
23.8190,448,1.4452
23.8234,457,1.4742
23.8277,470,1.5161
23.8319,486,1.5677
23.8362,502,1.6194
23.8405,516,1.6645
23.8449,528,1.7032
23.8492,539,1.7387
23.8535,547,1.7645
23.8578,550,1.7742
23.8621,552,1.7806
23.8665,547,1.7645
23.8708,541,1.7452
23.8751,530,1.7097
23.8798,518,1.6710
23.8841,504,1.6258
23.8884,489,1.5774
23.8929,475,1.5323
23.8973,461,1.4871
23.9017,453,1.4613
23.9061,452,1.4581
23.9104,454,1.4645
23.9147,456,1.4710
23.9189,457,1.4742
23.9232,458,1.4774
23.9276,460,1.4839
23.9319,461,1.4871
23.9362,461,1.4871
23.9404,463,1.4935
23.9448,464,1.4968
23.9491,465,1.5000
23.9535,456,1.4710
23.9577,432,1.3935
23.9623,397,1.2806
23.9666,384,1.2387
23.9709,431,1.3903
23.9752,543,1.7516
23.9795,702,2.2645
23.9838,891,2.8742
23.9881,999,3.2226
23.9924,1000,3.2258
23.9967,1000,3.2258
24.0010,944,3.0452
24.0053,739,2.3839
24.0096,531,1.7129
24.0139,409,1.3194
24.0182,362,1.1677
24.0225,362,1.1677
24.0268,387,1.2484
24.0311,415,1.3387
24.0354,432,1.3935
24.0397,438,1.4129
24.0440,438,1.4129
24.0484,439,1.4161
24.0527,441,1.4226
24.0570,441,1.4226
24.0613,441,1.4226
24.0656,443,1.4290
24.0699,446,1.4387
24.0742,447,1.4419
24.0785,449,1.4484
24.0828,451,1.4548
24.0871,452,1.4581
24.0914,453,1.4613
24.0957,454,1.4645
24.1000,458,1.4774
24.1043,467,1.5065
24.1086,480,1.5484
24.1129,496,1.6000
24.1172,510,1.6452
24.1215,522,1.6839
24.1258,535,1.7258
24.1301,549,1.7710
24.1344,563,1.8161
24.1387,577,1.8613
24.1430,588,1.8968
24.1473,597,1.9258
24.1517,605,1.9516
24.1559,614,1.9806
24.1602,620,2.0000
24.1645,625,2.0161
24.1688,627,2.0226
24.1732,628,2.0258
24.1775,629,2.0290
24.1817,630,2.0323
24.1860,624,2.0129
24.1908,619,1.9968
24.1951,611,1.9710
24.1994,603,1.9452
24.2037,594,1.9161
24.2080,582,1.8774
24.2124,571,1.8419
24.2167,559,1.8032
24.2209,546,1.7613
24.2252,533,1.7194
24.2295,519,1.6742
24.2339,504,1.6258
24.2382,490,1.5806
24.2424,476,1.5355
24.2469,463,1.4935
24.2512,451,1.4548
24.2556,439,1.4161
24.2598,431,1.3903
24.2641,427,1.3774
24.2684,429,1.3839
24.2728,432,1.3935
24.2771,434,1.4000
24.2813,436,1.4065
24.2856,439,1.4161
24.2899,440,1.4194
24.2943,441,1.4226
24.2986,442,1.4258
24.3029,443,1.4290
24.3072,446,1.4387
24.3115,448,1.4452
24.3158,449,1.4484
24.3201,451,1.4548
24.3244,461,1.4871
24.3287,476,1.5355
24.3330,491,1.5839
24.3373,508,1.6387
24.3416,521,1.6806
24.3459,533,1.7194
24.3502,541,1.7452
24.3545,548,1.7677
24.3588,551,1.7774
24.3631,552,1.7806
24.3674,546,1.7613
24.3717,539,1.7387
24.3760,529,1.7065
24.3803,517,1.6677
24.3846,503,1.6226
24.3889,488,1.5742
24.3932,473,1.5258
24.3976,460,1.4839
24.4019,454,1.4645
24.4062,454,1.4645
24.4105,456,1.4710
24.4148,458,1.4774
24.4191,459,1.4806
24.4234,460,1.4839
24.4276,460,1.4839
24.4319,461,1.4871
24.4361,462,1.4903
24.4404,463,1.4935
24.4447,465,1.5000
24.4490,464,1.4968
24.4532,456,1.4710
24.4575,432,1.3935
24.4619,399,1.2871
24.4661,383,1.2355
24.4704,424,1.3677
24.4747,530,1.7097
24.4790,686,2.2129
24.4833,869,2.8032
24.4878,1000,3.2258
24.4933,1001,3.2290
24.4978,997,3.2161
24.5023,889,2.8677
24.5067,666,2.1484
24.5110,481,1.5516
24.5154,387,1.2484
24.5197,358,1.1548
24.5241,369,1.1903
24.5284,399,1.2871
24.5327,425,1.3710
24.5371,437,1.4097
24.5414,441,1.4226
24.5458,441,1.4226
24.5501,442,1.4258
24.5547,442,1.4258
24.5591,443,1.4290
24.5634,445,1.4355
24.5677,447,1.4419
24.5720,448,1.4452
24.5763,450,1.4516
24.5806,451,1.4548
24.5849,453,1.4613
24.5892,455,1.4677
24.5935,456,1.4710
24.5978,456,1.4710
24.6022,461,1.4871
24.6065,472,1.5226
24.6108,486,1.5677
24.6151,501,1.6161
24.6194,515,1.6613
24.6237,528,1.7032
24.6280,541,1.7452
24.6323,554,1.7871
24.6366,568,1.8323
24.6409,580,1.8710
24.6452,591,1.9065
24.6495,602,1.9419
24.6538,611,1.9710
24.6582,617,1.9903
24.6625,623,2.0097
24.6668,628,2.0258
24.6711,630,2.0323
24.6754,631,2.0355
24.6797,630,2.0323
24.6840,628,2.0258
24.6883,622,2.0065
24.6926,617,1.9903
24.6969,608,1.9613
24.7012,601,1.9387
24.7055,589,1.9000
24.7098,578,1.8645
24.7141,566,1.8258
24.7184,554,1.7871
24.7227,542,1.7484
24.7270,527,1.7000
24.7313,514,1.6581
24.7356,499,1.6097
24.7399,485,1.5645
24.7442,472,1.5226
24.7485,460,1.4839
24.7528,448,1.4452
24.7571,436,1.4065
24.7614,430,1.3871
24.7658,429,1.3839
24.7700,430,1.3871
24.7743,433,1.3968
24.7786,435,1.4032
24.7834,435,1.4032
24.7877,437,1.4097
24.7921,439,1.4161
24.7965,441,1.4226
24.8012,442,1.4258
24.8056,444,1.4323
24.8099,446,1.4387
24.8141,448,1.4452
24.8184,450,1.4516
24.8227,456,1.4710
24.8271,468,1.5097
24.8314,484,1.5613
24.8357,500,1.6129
24.8400,514,1.6581
24.8443,526,1.6968
24.8486,537,1.7323
24.8529,545,1.7581
24.8572,549,1.7710
24.8615,550,1.7742
24.8659,548,1.7677
24.8702,541,1.7452
24.8745,531,1.7129
24.8787,520,1.6774
24.8830,508,1.6387
24.8874,493,1.5903
24.8917,479,1.5452
24.8960,464,1.4968
24.9002,454,1.4645
24.9045,452,1.4581
24.9089,455,1.4677
24.9132,456,1.4710
24.9175,457,1.4742
24.9218,458,1.4774
24.9261,459,1.4806
24.9304,461,1.4871
24.9347,462,1.4903
24.9390,464,1.4968
24.9433,465,1.5000
24.9476,465,1.5000
24.9523,460,1.4839
24.9566,440,1.4194
24.9609,407,1.3129
24.9652,384,1.2387
24.9695,411,1.3258
24.9738,502,1.6194
24.9781,649,2.0935
24.9824,829,2.6742
24.9867,997,3.2161
24.9910,1001,3.2290
24.9953,1001,3.2290
24.9996,983,3.1710
25.0044,793,2.5581
25.0087,572,1.8452
25.0130,429,1.3839
25.0178,364,1.1742
25.0227,362,1.1677
25.0294,406,1.3097
25.0339,429,1.3839
25.0382,438,1.4129
25.0425,440,1.4194
25.0468,439,1.4161
25.0512,441,1.4226
25.0554,442,1.4258
25.0597,445,1.4355
25.0640,446,1.4387
25.0682,447,1.4419
25.0724,449,1.4484
25.0767,450,1.4516
25.0809,451,1.4548
25.0851,454,1.4645
25.0894,455,1.4677
25.0936,456,1.4710
25.0979,457,1.4742
25.1021,462,1.4903
25.1063,473,1.5258
25.1105,486,1.5677
25.1148,499,1.6097
25.1190,513,1.6548
25.1233,527,1.7000
25.1275,540,1.7419
25.1317,554,1.7871
25.1360,566,1.8258
25.1402,579,1.8677
25.1444,590,1.9032
25.1487,599,1.9323
25.1530,610,1.9677
25.1573,616,1.9871
25.1616,623,2.0097
25.1659,628,2.0258
25.1702,630,2.0323
25.1745,632,2.0387
25.1788,632,2.0387
25.1831,629,2.0290
25.1873,624,2.0129
25.1916,619,1.9968
25.1959,612,1.9742
25.2002,603,1.9452
25.2045,593,1.9129
25.2088,583,1.8806
25.2131,572,1.8452
25.2174,558,1.8000
25.2216,545,1.7581
25.2259,532,1.7161
25.2302,518,1.6710
25.2345,503,1.6226
25.2388,489,1.5774
25.2431,476,1.5355
25.2473,463,1.4935
25.2516,451,1.4548
25.2559,440,1.4194
25.2603,431,1.3903
25.2652,429,1.3839
25.2695,430,1.3871
25.2738,433,1.3968
25.2781,435,1.4032
25.2824,437,1.4097
25.2867,439,1.4161
25.2910,439,1.4161
25.2953,441,1.4226
25.2996,442,1.4258
25.3039,444,1.4323
25.3081,445,1.4355
25.3124,448,1.4452
25.3167,448,1.4452
25.3210,452,1.4581
25.3253,462,1.4903
25.3296,477,1.5387
25.3339,493,1.5903
25.3382,508,1.6387
25.3425,521,1.6806
25.3467,532,1.7161
25.3511,542,1.7484
25.3553,550,1.7742
25.3597,551,1.7774
25.3640,550,1.7742
25.3683,545,1.7581
25.3726,537,1.7323
25.3769,526,1.6968
25.3812,513,1.6548
25.3854,498,1.6065
25.3898,484,1.5613
25.3953,460,1.4839
25.4022,453,1.4613
25.4065,451,1.4548
25.4108,453,1.4613
25.4151,455,1.4677
25.4194,456,1.4710
25.4237,457,1.4742
25.4280,458,1.4774
25.4323,460,1.4839
25.4366,461,1.4871
25.4409,463,1.4935
25.4451,463,1.4935
25.4494,462,1.4903
25.4537,454,1.4645
25.4580,429,1.3839
25.4623,396,1.2774
25.4666,384,1.2387
25.4709,431,1.3903
25.4751,539,1.7387
25.4794,697,2.2484
25.4837,883,2.8484
25.4880,998,3.2194
25.4923,1001,3.2290
25.4965,998,3.2194
25.5008,952,3.0710
25.5051,754,2.4323
25.5093,545,1.7581
25.5136,416,1.3419
25.5179,364,1.1742
25.5222,359,1.1581
25.5264,382,1.2323
25.5307,412,1.3290
25.5350,430,1.3871
25.5392,437,1.4097
25.5434,438,1.4129
25.5477,437,1.4097
25.5519,439,1.4161
25.5562,441,1.4226
25.5605,442,1.4258
25.5649,444,1.4323
25.5691,444,1.4323
25.5734,445,1.4355
25.5777,447,1.4419
25.5820,448,1.4452
25.5863,449,1.4484
25.5906,451,1.4548
25.5949,452,1.4581
25.5992,454,1.4645
25.6035,462,1.4903
25.6078,475,1.5323
25.6121,489,1.5774
25.6164,503,1.6226
25.6207,518,1.6710
25.6250,532,1.7161
25.6293,545,1.7581
25.6336,559,1.8032
25.6379,573,1.8484
25.6422,584,1.8839
25.6465,595,1.9194
25.6508,603,1.9452
25.6551,612,1.9742
25.6593,617,1.9903
25.6637,623,2.0097
25.6680,625,2.0161
25.6723,630,2.0323
25.6766,631,2.0355
25.6809,631,2.0355
25.6852,627,2.0226
25.6895,622,2.0065
25.6953,606,1.9548
25.7021,598,1.9290
25.7064,587,1.8935
25.7107,577,1.8613
25.7150,563,1.8161
25.7193,550,1.7742
25.7235,538,1.7355
25.7279,524,1.6903
25.7321,511,1.6484
25.7364,497,1.6032
25.7407,483,1.5581
25.7450,469,1.5129
25.7493,456,1.4710
25.7536,445,1.4355
25.7580,433,1.3968
25.7623,428,1.3806
25.7666,429,1.3839
25.7709,431,1.3903
25.7752,434,1.4000
25.7794,436,1.4065
25.7837,437,1.4097
25.7879,438,1.4129
25.7922,441,1.4226
25.7965,441,1.4226
25.8008,442,1.4258
25.8050,444,1.4323
25.8093,448,1.4452
25.8135,449,1.4484
25.8179,450,1.4516
25.8221,455,1.4677
25.8264,467,1.5065
25.8306,483,1.5581
25.8349,498,1.6065
25.8391,512,1.6516
25.8434,525,1.6935
25.8477,537,1.7323
25.8519,544,1.7548
25.8562,550,1.7742
25.8605,551,1.7774
25.8647,550,1.7742
25.8690,544,1.7548
25.8733,536,1.7290
25.8776,525,1.6935
25.8819,512,1.6516
25.8861,498,1.6065
25.8904,483,1.5581
25.8947,469,1.5129
25.8990,458,1.4774
25.9033,453,1.4613
25.9076,455,1.4677
25.9119,457,1.4742
25.9162,457,1.4742
25.9205,458,1.4774
25.9248,459,1.4806
25.9291,461,1.4871
25.9334,461,1.4871
25.9377,462,1.4903
25.9419,464,1.4968
25.9462,465,1.5000
25.9505,463,1.4935
25.9547,450,1.4516
25.9590,421,1.3581
25.9633,391,1.2613
25.9676,391,1.2613
25.9719,453,1.4613
25.9762,576,1.8581
25.9805,744,2.4000
25.9847,927,2.9903
25.9890,1001,3.2290
25.9933,1000,3.2258
25.9976,996,3.2129
26.0019,915,2.9516
26.0062,699,2.2548
26.0105,506,1.6323
26.0148,398,1.2839
26.0191,360,1.1613
26.0234,365,1.1774
26.0277,392,1.2645
26.0320,419,1.3516
26.0363,434,1.4000
26.0406,439,1.4161
26.0448,439,1.4161
26.0491,439,1.4161
26.0534,440,1.4194
26.0577,442,1.4258
26.0621,443,1.4290
26.0664,445,1.4355
26.0706,448,1.4452
26.0749,449,1.4484
26.0792,449,1.4484
26.0835,450,1.4516
26.0879,453,1.4613
26.0921,454,1.4645
26.0964,455,1.4677
26.1007,458,1.4774
26.1050,468,1.5097
26.1093,481,1.5516
26.1136,497,1.6032
26.1179,511,1.6484
26.1222,524,1.6903
26.1265,537,1.7323
26.1307,550,1.7742
26.1351,563,1.8161
26.1393,576,1.8581
26.1437,588,1.8968
26.1480,596,1.9226
26.1523,606,1.9548
26.1566,614,1.9806
26.1609,622,2.0065
26.1652,626,2.0194
26.1695,630,2.0323
26.1738,632,2.0387
26.1781,630,2.0323
26.1824,629,2.0290
26.1866,625,2.0161
26.1909,619,1.9968
26.1952,614,1.9806
26.1995,605,1.9516
26.2038,596,1.9226
26.2081,586,1.8903
26.2124,574,1.8516
26.2167,560,1.8065
26.2210,547,1.7645
26.2253,534,1.7226
26.2296,520,1.6774
26.2338,506,1.6323
26.2381,491,1.5839
26.2424,477,1.5387
26.2467,464,1.4968
26.2510,452,1.4581
26.2553,441,1.4226
26.2596,432,1.3935
26.2640,429,1.3839
26.2683,431,1.3903
26.2726,432,1.3935
26.2769,434,1.4000
26.2811,436,1.4065
26.2854,438,1.4129
26.2898,440,1.4194
26.2955,447,1.4419
26.3023,444,1.4323
26.3067,445,1.4355
26.3110,447,1.4419
26.3153,450,1.4516
26.3196,451,1.4548
26.3239,459,1.4806
26.3281,473,1.5258
26.3325,490,1.5806
26.3367,505,1.6290
26.3410,519,1.6742
26.3453,529,1.7065
26.3496,541,1.7452
26.3539,547,1.7645
26.3582,552,1.7806
26.3625,551,1.7774
26.3668,548,1.7677
26.3711,541,1.7452
26.3753,530,1.7097
26.3796,518,1.6710
26.3838,504,1.6258
26.3881,490,1.5806
26.3924,476,1.5355
26.3974,462,1.4903
26.4017,455,1.4677
26.4060,452,1.4581
26.4104,454,1.4645
26.4146,455,1.4677
26.4188,458,1.4774
26.4231,460,1.4839
26.4273,460,1.4839
26.4316,461,1.4871
26.4359,463,1.4935
26.4401,464,1.4968
26.4444,464,1.4968
26.4486,465,1.5000
26.4529,459,1.4806
26.4571,436,1.4065
26.4614,404,1.3032
26.4657,383,1.2355
26.4699,414,1.3355
26.4742,509,1.6419
26.4784,657,2.1194
26.4827,837,2.7000
26.4870,997,3.2161
26.4913,1000,3.2258
26.4955,1001,3.2290
26.4998,979,3.1581
26.5041,811,2.6161
26.5083,590,1.9032
26.5126,440,1.4194
26.5168,369,1.1903
26.5211,356,1.1484
26.5253,373,1.2032
26.5296,404,1.3032
26.5339,426,1.3742
26.5381,436,1.4065
26.5424,438,1.4129
26.5466,439,1.4161
26.5509,440,1.4194
26.5551,441,1.4226
26.5594,443,1.4290
26.5636,445,1.4355
26.5679,446,1.4387
26.5722,447,1.4419
26.5766,448,1.4452
26.5808,450,1.4516
26.5851,452,1.4581
26.5897,453,1.4613
26.5968,457,1.4742
26.6035,463,1.4935
26.6079,476,1.5355
26.6122,491,1.5839
26.6166,506,1.6323
26.6208,519,1.6742
26.6251,533,1.7194
26.6294,547,1.7645
26.6337,560,1.8065
26.6380,573,1.8484
26.6423,585,1.8871
26.6466,595,1.9194
26.6509,604,1.9484
26.6552,613,1.9774
26.6595,620,2.0000
26.6638,624,2.0129
26.6681,629,2.0290
26.6724,630,2.0323
26.6767,631,2.0355
26.6809,628,2.0258
26.6852,624,2.0129
26.6894,619,1.9968
26.6937,613,1.9774
26.6980,604,1.9484
26.7022,596,1.9226
26.7065,586,1.8903
26.7107,576,1.8581
26.7150,564,1.8194
26.7193,551,1.7774
26.7235,539,1.7387
26.7279,524,1.6903
26.7321,511,1.6484
26.7364,497,1.6032
26.7407,484,1.5613
26.7449,470,1.5161
26.7492,458,1.4774
26.7535,445,1.4355
26.7577,435,1.4032
26.7620,429,1.3839
26.7663,428,1.3806
26.7705,431,1.3903
26.7748,434,1.4000
26.7791,436,1.4065
26.7835,437,1.4097
26.7877,439,1.4161
26.7920,440,1.4194
26.7963,442,1.4258
26.8006,443,1.4290
26.8049,445,1.4355
26.8092,447,1.4419
26.8135,448,1.4452
26.8177,450,1.4516
26.8221,456,1.4710
26.8264,468,1.5097
26.8306,482,1.5548
26.8349,498,1.6065
26.8392,511,1.6484
26.8435,524,1.6903
26.8478,536,1.7290
26.8521,544,1.7548
26.8564,551,1.7774
26.8608,552,1.7806
26.8651,549,1.7710
26.8694,542,1.7484
26.8737,535,1.7258
26.8780,523,1.6871
26.8823,510,1.6452
26.8866,496,1.6000
26.8909,482,1.5548
26.8952,468,1.5097
26.8995,455,1.4677
26.9038,451,1.4548
26.9081,452,1.4581
26.9123,455,1.4677
26.9166,457,1.4742
26.9210,459,1.4806
26.9253,459,1.4806
26.9296,461,1.4871
26.9338,462,1.4903
26.9381,462,1.4903
26.9424,462,1.4903
26.9467,464,1.4968
26.9510,462,1.4903
26.9553,449,1.4484
26.9596,419,1.3516
26.9639,388,1.2516
26.9682,394,1.2710
26.9725,465,1.5000
26.9768,596,1.9226
26.9811,764,2.4645
26.9854,951,3.0677
26.9897,1001,3.2290
26.9940,1001,3.2290
26.9983,995,3.2097
27.0026,882,2.8452
27.0069,661,2.1323
27.0112,479,1.5452
27.0155,385,1.2419
27.0198,358,1.1548
27.0242,368,1.1871
27.0285,398,1.2839
27.0328,423,1.3645
27.0371,435,1.4032
27.0421,440,1.4194
27.0464,441,1.4226
27.0507,441,1.4226
27.0550,442,1.4258
27.0593,443,1.4290
27.0637,444,1.4323
27.0680,446,1.4387
27.0723,447,1.4419
27.0766,448,1.4452
27.0808,448,1.4452
27.0851,451,1.4548
27.0894,451,1.4548
27.0937,452,1.4581
27.0980,454,1.4645
27.1022,460,1.4839
27.1065,472,1.5226
27.1108,485,1.5645
27.1150,500,1.6129
27.1193,515,1.6613
27.1236,528,1.7032
27.1279,543,1.7516
27.1322,556,1.7935
27.1364,569,1.8355
27.1407,580,1.8710
27.1450,591,1.9065
27.1493,600,1.9355
27.1535,610,1.9677
27.1578,617,1.9903
27.1621,623,2.0097
27.1664,628,2.0258
27.1706,629,2.0290
27.1749,631,2.0355
27.1792,631,2.0355
27.1835,627,2.0226
27.1878,622,2.0065
27.1922,615,1.9839
27.1979,606,1.9548
27.2023,598,1.9290
27.2066,586,1.8903
27.2109,575,1.8548
27.2152,562,1.8129
27.2195,549,1.7710
27.2237,536,1.7290
27.2281,521,1.6806
27.2324,508,1.6387
27.2367,493,1.5903
27.2409,480,1.5484
27.2452,468,1.5097
27.2495,456,1.4710
27.2538,445,1.4355
27.2580,434,1.4000
27.2623,428,1.3806
27.2666,428,1.3806
27.2709,429,1.3839
27.2752,431,1.3903
27.2794,433,1.3968
27.2837,435,1.4032
27.2879,437,1.4097
27.2922,438,1.4129
27.2964,439,1.4161
27.3007,440,1.4194
27.3049,442,1.4258
27.3092,444,1.4323
27.3134,445,1.4355
27.3177,447,1.4419
27.3219,453,1.4613
27.3262,465,1.5000
27.3304,481,1.5516
27.3347,497,1.6032
27.3389,511,1.6484
27.3432,523,1.6871
27.3474,534,1.7226
27.3517,542,1.7484
27.3559,548,1.7677
27.3602,550,1.7742
27.3644,549,1.7710
27.3687,544,1.7548
27.3730,534,1.7226
27.3772,524,1.6903
27.3815,512,1.6516
27.3858,498,1.6065
27.3901,484,1.5613
27.3945,471,1.5194
27.3988,458,1.4774
27.4031,452,1.4581
27.4075,452,1.4581
27.4118,454,1.4645
27.4161,454,1.4645
27.4205,456,1.4710
27.4248,458,1.4774
27.4291,459,1.4806
27.4335,461,1.4871
27.4379,463,1.4935
27.4422,463,1.4935
27.4465,464,1.4968
27.4508,462,1.4903
27.4552,448,1.4452
27.4595,418,1.3484
27.4638,387,1.2484
27.4682,392,1.2645
27.4725,462,1.4903
27.4768,595,1.9194
27.4812,770,2.4839
27.4855,957,3.0871
27.4898,1000,3.2258
27.4942,999,3.2226
27.4987,994,3.2065
27.5031,855,2.7581
27.5075,631,2.0355
27.5118,461,1.4871
27.5162,379,1.2226
27.5205,358,1.1548
27.5249,372,1.2000
27.5292,402,1.2968
27.5335,426,1.3742
27.5379,435,1.4032
27.5422,439,1.4161
27.5466,439,1.4161
27.5509,440,1.4194
27.5552,442,1.4258
27.5597,444,1.4323
27.5641,446,1.4387
27.5684,447,1.4419
27.5727,448,1.4452
27.5771,449,1.4484
27.5814,451,1.4548
27.5857,453,1.4613
27.5900,454,1.4645
27.5943,456,1.4710
27.5986,457,1.4742
27.6029,463,1.4935
27.6072,474,1.5290
27.6115,488,1.5742
27.6158,503,1.6226
27.6201,517,1.6677
27.6244,530,1.7097
27.6287,543,1.7516
27.6330,557,1.7968
27.6372,571,1.8419
27.6415,582,1.8774
27.6458,592,1.9097
27.6501,603,1.9452
27.6544,611,1.9710
27.6587,619,1.9968
27.6631,623,2.0097
27.6674,627,2.0226
27.6716,629,2.0290
27.6759,629,2.0290
27.6802,630,2.0323
27.6846,627,2.0226
27.6889,622,2.0065
27.6933,615,1.9839
27.6976,608,1.9613
27.7019,597,1.9258
27.7063,588,1.8968
27.7106,577,1.8613
27.7149,564,1.8194
27.7192,552,1.7806
27.7235,539,1.7387
27.7280,525,1.6935
27.7323,510,1.6452
27.7366,497,1.6032
27.7410,483,1.5581
27.7453,469,1.5129
27.7496,457,1.4742
27.7540,446,1.4387
27.7583,436,1.4065
27.7626,430,1.3871
27.7670,430,1.3871
27.7713,432,1.3935
27.7756,434,1.4000
27.7800,435,1.4032
27.7843,437,1.4097
27.7886,439,1.4161
27.7929,441,1.4226
27.7972,442,1.4258
27.8015,444,1.4323
27.8058,445,1.4355
27.8101,447,1.4419
27.8144,447,1.4419
27.8187,450,1.4516
27.8230,457,1.4742
27.8273,470,1.5161
27.8316,487,1.5710
27.8359,502,1.6194
27.8402,515,1.6613
27.8445,528,1.7032
27.8488,536,1.7290
27.8531,547,1.7645
27.8573,551,1.7774
27.8616,551,1.7774
27.8659,549,1.7710
27.8702,542,1.7484
27.8745,533,1.7194
27.8788,520,1.6774
27.8831,507,1.6355
27.8875,493,1.5903
27.8918,479,1.5452
27.8962,465,1.5000
27.9005,456,1.4710
27.9048,452,1.4581
27.9092,452,1.4581
27.9135,455,1.4677
27.9180,458,1.4774
27.9223,459,1.4806
27.9267,460,1.4839
27.9310,460,1.4839
27.9354,462,1.4903
27.9397,464,1.4968
27.9440,465,1.5000
27.9483,466,1.5032
27.9527,459,1.4806
27.9570,438,1.4129
27.9614,404,1.3032
27.9657,382,1.2323
27.9700,414,1.3355
27.9743,511,1.6484
27.9787,665,2.1452
27.9830,849,2.7387
27.9873,998,3.2194
27.9916,1001,3.2290
27.9959,1000,3.2258
28.0002,973,3.1387
28.0045,794,2.5613
28.0088,576,1.8581
28.0131,431,1.3903
28.0174,368,1.1871
28.0216,358,1.1548
28.0259,379,1.2226
28.0302,408,1.3161
28.0345,429,1.3839
28.0388,436,1.4065
28.0431,437,1.4097
28.0474,438,1.4129
28.0517,440,1.4194
28.0560,442,1.4258
28.0603,444,1.4323
28.0646,445,1.4355
28.0689,446,1.4387
28.0732,447,1.4419
28.0775,449,1.4484
28.0819,451,1.4548
28.0862,452,1.4581
28.0906,454,1.4645
28.0953,455,1.4677
28.0998,457,1.4742
28.1042,467,1.5065
28.1085,480,1.5484
28.1131,494,1.5935
28.1174,509,1.6419
28.1218,523,1.6871
28.1261,535,1.7258
28.1304,551,1.7774
28.1348,564,1.8194
28.1391,575,1.8548
28.1435,587,1.8935
28.1478,597,1.9258
28.1522,604,1.9484
28.1565,615,1.9839
28.1609,622,2.0065
28.1652,627,2.0226
28.1695,629,2.0290
28.1738,630,2.0323
28.1782,632,2.0387
28.1826,630,2.0323
28.1870,625,2.0161
28.1913,619,1.9968
28.1956,611,1.9710
28.1999,603,1.9452
28.2042,594,1.9161
28.2084,583,1.8806
28.2127,571,1.8419
28.2170,559,1.8032
28.2213,546,1.7613
28.2256,533,1.7194
28.2299,519,1.6742
28.2342,504,1.6258
28.2385,491,1.5839
28.2428,477,1.5387
28.2471,464,1.4968
28.2514,452,1.4581
28.2557,439,1.4161
28.2601,431,1.3903
28.2644,430,1.3871
28.2687,432,1.3935
28.2730,433,1.3968
28.2773,435,1.4032
28.2816,435,1.4032
28.2859,437,1.4097
28.2902,438,1.4129
28.2946,440,1.4194
28.2989,443,1.4290
28.3032,444,1.4323
28.3075,444,1.4323
28.3119,445,1.4355
28.3162,446,1.4387
28.3205,449,1.4484
28.3249,457,1.4742
28.3292,472,1.5226
28.3335,487,1.5710
28.3379,504,1.6258
28.3423,518,1.6710
28.3466,530,1.7097
28.3509,541,1.7452
28.3552,549,1.7710
28.3596,552,1.7806
28.3640,552,1.7806
28.3683,547,1.7645
28.3726,540,1.7419
28.3769,529,1.7065
28.3813,517,1.6677
28.3856,504,1.6258
28.3899,489,1.5774
28.3943,474,1.5290
28.3988,461,1.4871
28.4032,453,1.4613
28.4075,452,1.4581
28.4118,456,1.4710
28.4161,458,1.4774
28.4204,459,1.4806
28.4247,460,1.4839
28.4290,461,1.4871
28.4333,462,1.4903
28.4376,463,1.4935
28.4419,464,1.4968
28.4462,466,1.5032
28.4505,466,1.5032
28.4548,456,1.4710
28.4591,431,1.3903
28.4634,398,1.2839
28.4677,386,1.2452
28.4720,433,1.3968
28.4763,543,1.7516
28.4806,702,2.2645
28.4849,890,2.8710
28.4892,1000,3.2258
28.4935,1001,3.2290
28.4978,999,3.2226
28.5021,947,3.0548
28.5064,746,2.4065
28.5107,536,1.7290
28.5150,412,1.3290
28.5193,364,1.1742
28.5236,363,1.1710
28.5279,387,1.2484
28.5322,417,1.3452
28.5365,434,1.4000
28.5408,441,1.4226
28.5451,441,1.4226
28.5494,441,1.4226
28.5537,442,1.4258
28.5580,444,1.4323
28.5623,445,1.4355
28.5666,446,1.4387
28.5709,447,1.4419
28.5752,448,1.4452
28.5795,451,1.4548
28.5838,451,1.4548
28.5881,453,1.4613
28.5924,454,1.4645
28.5967,455,1.4677
28.6011,459,1.4806
28.6054,467,1.5065
28.6097,480,1.5484
28.6141,494,1.5935
28.6184,509,1.6419
28.6227,523,1.6871
28.6271,536,1.7290
28.6314,551,1.7774
28.6357,564,1.8194
28.6400,575,1.8548
28.6444,586,1.8903
28.6487,596,1.9226
28.6531,607,1.9581
28.6574,615,1.9839
28.6617,621,2.0032
28.6660,626,2.0194
28.6704,628,2.0258
28.6747,630,2.0323
28.6790,631,2.0355
28.6834,628,2.0258
28.6877,624,2.0129
28.6920,619,1.9968
28.6964,612,1.9742
28.7007,604,1.9484
28.7050,593,1.9129
28.7094,584,1.8839
28.7137,572,1.8452
28.7180,559,1.8032
28.7223,547,1.7645
28.7267,534,1.7226
28.7310,520,1.6774
28.7353,505,1.6290
28.7397,492,1.5871
28.7440,476,1.5355
28.7483,463,1.4935
28.7527,451,1.4548
28.7570,439,1.4161
28.7613,430,1.3871
28.7657,428,1.3806
28.7700,428,1.3806
28.7743,430,1.3871
28.7787,433,1.3968
28.7830,435,1.4032
28.7873,437,1.4097
28.7916,438,1.4129
28.7960,440,1.4194
28.8003,441,1.4226
28.8046,442,1.4258
28.8088,444,1.4323
28.8167,448,1.4452
28.8211,451,1.4548
28.8254,460,1.4839
28.8297,474,1.5290
28.8340,490,1.5806
28.8383,506,1.6323
28.8426,520,1.6774
28.8469,532,1.7161
28.8512,541,1.7452
28.8555,547,1.7645
28.8598,549,1.7710
28.8641,550,1.7742
28.8684,546,1.7613
28.8727,539,1.7387
28.8770,528,1.7032
28.8813,515,1.6613
28.8856,501,1.6161
28.8898,487,1.5710
28.8942,474,1.5290
28.8985,461,1.4871
28.9028,454,1.4645
28.9072,452,1.4581
28.9115,453,1.4613
28.9158,455,1.4677
28.9202,456,1.4710
28.9245,457,1.4742
28.9288,459,1.4806
28.9331,461,1.4871
28.9375,462,1.4903
28.9418,462,1.4903
28.9461,464,1.4968
28.9505,463,1.4935
28.9548,455,1.4677
28.9591,429,1.3839
28.9635,396,1.2774
28.9678,384,1.2387
28.9721,433,1.3968
28.9765,546,1.7613
28.9808,709,2.2871
28.9851,895,2.8871
28.9896,999,3.2226
28.9939,1000,3.2258
28.9983,998,3.2194
29.0027,924,2.9806
29.0071,709,2.2871
29.0114,512,1.6516
29.0157,400,1.2903
29.0200,361,1.1645
29.0243,364,1.1742
29.0286,391,1.2613
29.0328,418,1.3484
29.0371,434,1.4000
29.0414,439,1.4161
29.0458,441,1.4226
29.0500,441,1.4226
29.0543,441,1.4226
29.0586,443,1.4290
29.0630,445,1.4355
29.0673,446,1.4387
29.0716,447,1.4419
29.0759,448,1.4452
29.0802,450,1.4516
29.0845,451,1.4548
29.0887,453,1.4613
29.0930,455,1.4677
29.0973,454,1.4645
29.1016,459,1.4806
29.1059,468,1.5097
29.1102,481,1.5516
29.1145,495,1.5968
29.1188,508,1.6387
29.1231,523,1.6871
29.1274,537,1.7323
29.1317,550,1.7742
29.1360,564,1.8194
29.1403,577,1.8613
29.1446,588,1.8968
29.1489,598,1.9290
29.1532,607,1.9581
29.1575,616,1.9871
29.1618,620,2.0000
29.1661,626,2.0194
29.1704,627,2.0226
29.1747,630,2.0323
29.1789,631,2.0355
29.1832,629,2.0290
29.1875,626,2.0194
29.1918,620,2.0000
29.1961,610,1.9677
29.2005,603,1.9452
29.2048,593,1.9129
29.2091,584,1.8839
29.2135,573,1.8484
29.2178,562,1.8129
29.2222,548,1.7677
29.2265,535,1.7258
29.2308,519,1.6742
29.2352,505,1.6290
29.2395,491,1.5839
29.2438,478,1.5419
29.2482,465,1.5000
29.2525,453,1.4613
29.2568,441,1.4226
29.2612,433,1.3968
29.2655,430,1.3871
29.2698,431,1.3903
29.2742,433,1.3968
29.2785,436,1.4065
29.2828,437,1.4097
29.2872,439,1.4161
29.2916,441,1.4226
29.2960,442,1.4258
29.3004,444,1.4323
29.3048,445,1.4355
29.3091,446,1.4387
29.3134,446,1.4387
29.3177,448,1.4452
29.3220,451,1.4548
29.3263,463,1.4935
29.3306,478,1.5419
29.3349,494,1.5935
29.3392,509,1.6419
29.3435,522,1.6839
29.3478,535,1.7258
29.3521,543,1.7516
29.3564,548,1.7677
29.3607,551,1.7774
29.3650,550,1.7742
29.3693,543,1.7516
29.3736,536,1.7290
29.3779,526,1.6968
29.3822,513,1.6548
29.3865,500,1.6129
29.3908,485,1.5645
29.3951,471,1.5194
29.3995,458,1.4774
29.4038,451,1.4548
29.4081,451,1.4548
29.4124,454,1.4645
29.4167,456,1.4710
29.4210,457,1.4742
29.4253,457,1.4742
29.4296,458,1.4774
29.4339,460,1.4839
29.4382,462,1.4903
29.4425,462,1.4903
29.4468,463,1.4935
29.4511,463,1.4935
29.4554,452,1.4581
29.4597,426,1.3742
29.4640,393,1.2677
29.4683,387,1.2484
29.4727,443,1.4290
29.4769,562,1.8129
29.4812,727,2.3452
29.4855,910,2.9355
29.4898,1000,3.2258
29.4942,1001,3.2290
29.4985,998,3.2194
29.5028,921,2.9710
29.5073,697,2.2484
29.5117,502,1.6194
29.5160,396,1.2774
29.5202,360,1.1613
29.5245,365,1.1774
29.5288,392,1.2645
29.5332,419,1.3516
29.5375,435,1.4032
29.5417,439,1.4161
29.5460,440,1.4194
29.5504,440,1.4194
29.5547,442,1.4258
29.5590,442,1.4258
29.5633,444,1.4323
29.5676,446,1.4387
29.5719,447,1.4419
29.5762,448,1.4452
29.5805,450,1.4516
29.5848,451,1.4548
29.5894,453,1.4613
29.5937,454,1.4645
29.5980,455,1.4677
29.6024,460,1.4839
29.6066,469,1.5129
29.6109,484,1.5613
29.6153,498,1.6065
29.6196,512,1.6516
29.6239,525,1.6935
29.6281,538,1.7355
29.6324,553,1.7839
29.6368,566,1.8258
29.6411,577,1.8613
29.6454,587,1.8935
29.6497,599,1.9323
29.6540,608,1.9613
29.6583,615,1.9839
29.6626,620,2.0000
29.6669,625,2.0161
29.6714,629,2.0290
29.6758,632,2.0387
29.6801,632,2.0387
29.6844,630,2.0323
29.6886,625,2.0161
29.6929,619,1.9968
29.6973,611,1.9710
29.7016,603,1.9452
29.7059,593,1.9129
29.7102,580,1.8710
29.7145,569,1.8355
29.7188,556,1.7935
29.7231,542,1.7484
29.7274,531,1.7129
29.7317,516,1.6645
29.7360,502,1.6194
29.7403,489,1.5774
29.7446,475,1.5323
29.7489,462,1.4903
29.7534,450,1.4516
29.7577,439,1.4161
29.7620,432,1.3935
29.7663,430,1.3871
29.7706,432,1.3935
29.7749,434,1.4000
29.7792,437,1.4097
29.7835,439,1.4161
29.7878,440,1.4194
29.7921,441,1.4226
29.7964,442,1.4258
29.8008,443,1.4290
29.8051,444,1.4323
29.8094,446,1.4387
29.8137,447,1.4419
29.8180,449,1.4484
29.8223,454,1.4645
29.8266,464,1.4968
29.8309,480,1.5484
29.8352,495,1.5968
29.8395,509,1.6419
29.8438,522,1.6839
29.8481,533,1.7194
29.8525,542,1.7484
29.8568,548,1.7677
29.8611,551,1.7774
29.8654,549,1.7710
29.8697,545,1.7581
29.8740,536,1.7290
29.8783,526,1.6968
29.8826,514,1.6581
29.8869,501,1.6161
29.8912,485,1.5645
29.8957,470,1.5161
29.9008,457,1.4742
29.9052,453,1.4613
29.9098,454,1.4645
29.9141,456,1.4710
29.9184,457,1.4742
29.9226,457,1.4742
29.9269,458,1.4774
29.9311,461,1.4871
29.9354,463,1.4935
29.9397,464,1.4968
29.9439,466,1.5032
29.9482,466,1.5032
29.9524,463,1.4935
29.9567,447,1.4419
29.9610,415,1.3387
29.9652,386,1.2452
29.9695,394,1.2710
29.9737,467,1.5065
29.9780,600,1.9355
29.9823,768,2.4774
29.9865,955,3.0806
29.9908,1000,3.2258
29.9950,1001,3.2290
29.9993,996,3.2129
30.0035,894,2.8839
30.0078,674,2.1742
30.0121,490,1.5806
30.0163,391,1.2613
30.0206,358,1.1548
30.0250,364,1.1742
30.0294,395,1.2742
30.0339,420,1.3548
30.0382,434,1.4000
30.0425,438,1.4129
30.0468,439,1.4161
30.0511,440,1.4194
30.0554,441,1.4226
30.0597,442,1.4258
30.0639,441,1.4226
30.0682,444,1.4323
30.0724,446,1.4387
30.0767,448,1.4452
30.0809,451,1.4548
30.0852,453,1.4613
30.0894,454,1.4645
30.0937,455,1.4677
30.0979,456,1.4710
30.1022,460,1.4839
30.1065,469,1.5129
30.1107,482,1.5548
30.1150,496,1.6000
30.1192,509,1.6419
30.1234,523,1.6871
30.1277,536,1.7290
30.1319,550,1.7742
30.1362,565,1.8226
30.1405,577,1.8613
30.1447,588,1.8968
30.1490,597,1.9258
30.1532,607,1.9581
30.1575,614,1.9806
30.1618,620,2.0000
30.1660,624,2.0129
30.1703,627,2.0226
30.1745,629,2.0290
30.1788,631,2.0355
30.1830,629,2.0290
30.1873,626,2.0194
30.1916,618,1.9935
30.1962,612,1.9742
30.2006,605,1.9516
30.2050,595,1.9194
30.2093,585,1.8871
30.2135,573,1.8484
30.2179,561,1.8097
30.2221,547,1.7645
30.2264,534,1.7226
30.2307,518,1.6710
30.2349,505,1.6290
30.2392,491,1.5839
30.2434,478,1.5419
30.2477,466,1.5032
30.2520,453,1.4613
30.2562,442,1.4258
30.2605,433,1.3968
30.2647,430,1.3871
30.2690,430,1.3871
30.2732,432,1.3935
30.2775,434,1.4000
30.2817,436,1.4065
30.2859,437,1.4097
30.2902,438,1.4129
30.2944,439,1.4161
30.2987,441,1.4226
30.3030,441,1.4226
30.3072,442,1.4258
30.3115,444,1.4323
30.3157,446,1.4387
30.3200,449,1.4484
30.3242,457,1.4742
30.3285,469,1.5129
30.3327,485,1.5645
30.3370,500,1.6129
30.3412,514,1.6581
30.3455,526,1.6968
30.3497,537,1.7323
30.3540,546,1.7613
30.3582,551,1.7774
30.3625,553,1.7839
30.3667,549,1.7710
30.3710,543,1.7516
30.3752,533,1.7194
30.3795,523,1.6871
30.3837,509,1.6419
30.3880,495,1.5968
30.3922,480,1.5484
30.3965,467,1.5065
30.4007,456,1.4710
30.4050,452,1.4581
30.4093,452,1.4581
30.4136,454,1.4645
30.4179,456,1.4710
30.4222,458,1.4774
30.4264,461,1.4871
30.4307,461,1.4871
30.4350,461,1.4871
30.4393,462,1.4903
30.4436,464,1.4968
30.4479,465,1.5000
30.4522,463,1.4935
30.4565,447,1.4419
30.4608,418,1.3484
30.4650,388,1.2516
30.4693,394,1.2710
30.4736,463,1.4935
30.4779,595,1.9194
30.4822,763,2.4613
30.4865,947,3.0548
30.4907,999,3.2226
30.4950,999,3.2226
30.4993,995,3.2097
30.5036,887,2.8613
30.5079,667,2.1516
30.5122,484,1.5613
30.5165,388,1.2516
30.5207,358,1.1548
30.5250,365,1.1774
30.5293,394,1.2710
30.5335,420,1.3548
30.5379,433,1.3968
30.5422,436,1.4065
30.5465,438,1.4129
30.5507,438,1.4129
30.5550,439,1.4161
30.5593,441,1.4226
30.5636,444,1.4323
30.5679,446,1.4387
30.5722,448,1.4452
30.5765,449,1.4484
30.5811,450,1.4516
30.5854,450,1.4516
30.5897,451,1.4548
30.5940,454,1.4645
30.5983,456,1.4710
30.6026,461,1.4871
30.6069,470,1.5161
30.6112,482,1.5548
30.6155,498,1.6065
30.6198,510,1.6452
30.6240,525,1.6935
30.6283,539,1.7387
30.6326,552,1.7806
30.6369,566,1.8258
30.6412,578,1.8645
30.6454,587,1.8935
30.6497,599,1.9323
30.6540,608,1.9613
30.6583,616,1.9871
30.6626,621,2.0032
30.6669,626,2.0194
30.6712,629,2.0290
30.6754,631,2.0355
30.6797,631,2.0355
30.6840,626,2.0194
30.6883,623,2.0097
30.6925,617,1.9903
30.6968,611,1.9710
30.7011,601,1.9387
30.7054,592,1.9097
30.7096,580,1.8710
30.7139,569,1.8355
30.7182,556,1.7935
30.7225,544,1.7548
30.7268,532,1.7161
30.7310,518,1.6710
30.7353,504,1.6258
30.7396,491,1.5839
30.7439,478,1.5419
30.7481,466,1.5032
30.7524,453,1.4613
30.7567,441,1.4226
30.7610,432,1.3935
30.7653,429,1.3839
30.7695,430,1.3871
30.7738,433,1.3968
30.7781,435,1.4032
30.7824,436,1.4065
30.7866,438,1.4129
30.7909,440,1.4194
30.7953,442,1.4258
30.7997,443,1.4290
30.8043,444,1.4323
30.8087,445,1.4355
30.8131,446,1.4387
30.8174,448,1.4452
30.8217,452,1.4581
30.8260,463,1.4935
30.8302,477,1.5387
30.8345,493,1.5903
30.8388,509,1.6419
30.8431,522,1.6839
30.8474,533,1.7194
30.8517,542,1.7484
30.8560,549,1.7710
30.8604,551,1.7774
30.8647,551,1.7774
30.8691,546,1.7613
30.8734,538,1.7355
30.8776,527,1.7000
30.8819,514,1.6581
30.8862,501,1.6161
30.8905,487,1.5710
30.8948,473,1.5258
30.8991,460,1.4839
30.9034,452,1.4581
30.9077,452,1.4581
30.9120,455,1.4677
30.9163,456,1.4710
30.9206,457,1.4742
30.9249,459,1.4806
30.9292,461,1.4871
30.9334,462,1.4903
30.9377,463,1.4935
30.9420,464,1.4968
30.9463,465,1.5000
30.9506,464,1.4968
30.9549,454,1.4645
30.9592,429,1.3839
30.9635,397,1.2806
30.9678,385,1.2419
30.9721,433,1.3968
30.9764,543,1.7516
30.9807,703,2.2677
30.9850,887,2.8613
30.9893,998,3.2194
30.9936,999,3.2226
30.9979,1000,3.2258
31.0022,948,3.0581
31.0065,747,2.4097
31.0108,537,1.7323
31.0151,412,1.3290
31.0195,364,1.1742
31.0238,362,1.1677
31.0281,388,1.2516
31.0325,417,1.3452
31.0368,434,1.4000
31.0411,440,1.4194
31.0454,441,1.4226
31.0498,442,1.4258
31.0541,443,1.4290
31.0584,444,1.4323
31.0628,446,1.4387
31.0672,447,1.4419
31.0715,448,1.4452
31.0758,450,1.4516
31.0801,451,1.4548
31.0845,453,1.4613
31.0888,454,1.4645
31.0932,456,1.4710
31.0985,458,1.4774
31.1030,462,1.4903
31.1074,472,1.5226
31.1118,487,1.5710
31.1162,500,1.6129
31.1205,514,1.6581
31.1248,528,1.7032
31.1291,542,1.7484
31.1334,556,1.7935
31.1377,569,1.8355
31.1420,581,1.8742
31.1463,592,1.9097
31.1507,601,1.9387
31.1550,610,1.9677
31.1593,615,1.9839
31.1636,621,2.0032
31.1680,624,2.0129
31.1723,628,2.0258
31.1766,630,2.0323
31.1809,629,2.0290
31.1851,626,2.0194
31.1895,623,2.0097
31.1937,616,1.9871
31.1980,608,1.9613
31.2023,601,1.9387
31.2066,591,1.9065
31.2109,580,1.8710
31.2152,568,1.8323
31.2195,555,1.7903
31.2238,542,1.7484
31.2281,528,1.7032
31.2324,515,1.6613
31.2367,501,1.6161
31.2410,488,1.5742
31.2453,475,1.5323
31.2496,462,1.4903
31.2538,450,1.4516
31.2581,437,1.4097
31.2624,431,1.3903
31.2667,430,1.3871
31.2710,431,1.3903
31.2753,435,1.4032
31.2796,436,1.4065
31.2839,437,1.4097
31.2882,439,1.4161
31.2925,440,1.4194
31.2968,441,1.4226
31.3011,443,1.4290
31.3054,444,1.4323
31.3097,446,1.4387
31.3140,447,1.4419
31.3183,448,1.4452
31.3226,453,1.4613
31.3270,463,1.4935
31.3313,477,1.5387
31.3356,494,1.5935
31.3400,509,1.6419
31.3443,523,1.6871
31.3486,534,1.7226
31.3530,543,1.7516
31.3573,549,1.7710
31.3616,549,1.7710
31.3660,546,1.7613
31.3703,540,1.7419
31.3746,531,1.7129
31.3790,521,1.6806
31.3833,510,1.6452
31.3876,496,1.6000
31.3920,482,1.5548
31.3963,468,1.5097
31.4006,456,1.4710
31.4050,452,1.4581
31.4095,452,1.4581
31.4138,454,1.4645
31.4181,456,1.4710
31.4224,458,1.4774
31.4267,459,1.4806
31.4310,461,1.4871
31.4353,461,1.4871
31.4396,462,1.4903
31.4439,463,1.4935
31.4482,465,1.5000
31.4524,461,1.4871
31.4568,446,1.4387
31.4611,416,1.3419
31.4654,386,1.2452
31.4697,395,1.2742
31.4740,470,1.5161
31.4782,605,1.9516
31.4825,777,2.5065
31.4868,961,3.1000
31.4911,1000,3.2258
31.4954,1000,3.2258
31.4997,995,3.2097
31.5040,875,2.8226
31.5083,653,2.1065
31.5126,475,1.5323
31.5169,384,1.2387
31.5212,358,1.1548
31.5255,369,1.1903
31.5297,397,1.2806
31.5340,424,1.3677
31.5383,437,1.4097
31.5426,439,1.4161
31.5469,440,1.4194
31.5512,440,1.4194
31.5559,442,1.4258
31.5602,444,1.4323
31.5645,445,1.4355
31.5688,446,1.4387
31.5731,448,1.4452
31.5774,449,1.4484
31.5817,451,1.4548
31.5860,451,1.4548
31.5903,453,1.4613
31.5946,454,1.4645
31.5989,455,1.4677
31.6032,460,1.4839
31.6074,470,1.5161
31.6117,484,1.5613
31.6161,498,1.6065
31.6204,513,1.6548
31.6247,526,1.6968
31.6291,540,1.7419
31.6334,555,1.7903
31.6377,567,1.8290
31.6420,579,1.8677
31.6464,590,1.9032
31.6507,600,1.9355
31.6550,607,1.9581
31.6594,616,1.9871
31.6637,623,2.0097
31.6681,627,2.0226
31.6724,629,2.0290
31.6767,630,2.0323
31.6811,629,2.0290
31.6854,625,2.0161
31.6897,621,2.0032
31.6941,615,1.9839
31.6986,609,1.9645
31.7030,600,1.9355
31.7075,590,1.9032
31.7118,578,1.8645
31.7161,567,1.8290
31.7204,552,1.7806
31.7247,539,1.7387
31.7290,525,1.6935
31.7334,509,1.6419
31.7377,497,1.6032
31.7420,483,1.5581
31.7463,469,1.5129
31.7506,457,1.4742
31.7549,444,1.4323
31.7592,433,1.3968
31.7635,428,1.3806
31.7679,428,1.3806
31.7722,432,1.3935
31.7765,433,1.3968
31.7808,434,1.4000
31.7851,436,1.4065
31.7894,438,1.4129
31.7937,440,1.4194
31.7980,440,1.4194
31.8023,443,1.4290
31.8066,445,1.4355
31.8109,445,1.4355
31.8151,448,1.4452
31.8195,450,1.4516
31.8238,456,1.4710
31.8281,468,1.5097
31.8323,483,1.5581
31.8366,498,1.6065
31.8410,513,1.6548
31.8453,524,1.6903
31.8496,537,1.7323
31.8539,545,1.7581
31.8582,548,1.7677
31.8626,549,1.7710
31.8669,547,1.7645
31.8711,540,1.7419
31.8754,531,1.7129
31.8797,521,1.6806
31.8840,508,1.6387
31.8883,494,1.5935
31.8926,479,1.5452
31.8969,465,1.5000
31.9012,455,1.4677
31.9055,452,1.4581
31.9098,453,1.4613
31.9141,455,1.4677
31.9184,457,1.4742
31.9227,458,1.4774
31.9270,459,1.4806
31.9312,460,1.4839
31.9355,461,1.4871
31.9398,463,1.4935
31.9441,464,1.4968
31.9484,465,1.5000
31.9527,462,1.4903
31.9570,445,1.4355
31.9613,415,1.3387
31.9656,386,1.2452
31.9699,400,1.2903
31.9742,479,1.5452
31.9785,617,1.9903
31.9828,789,2.5452
31.9871,972,3.1355
31.9919,1001,3.2290
31.9984,999,3.2226
32.0028,926,2.9871
32.0072,710,2.2903
32.0115,511,1.6484
32.0158,400,1.2903
32.0201,361,1.1645
32.0244,364,1.1742
32.0287,391,1.2613
32.0330,418,1.3484
32.0373,433,1.3968
32.0416,437,1.4097
32.0459,440,1.4194
32.0502,439,1.4161
32.0545,440,1.4194
32.0588,443,1.4290
32.0631,445,1.4355
32.0674,446,1.4387
32.0717,449,1.4484
32.0760,449,1.4484
32.0803,451,1.4548
32.0846,451,1.4548
32.0889,452,1.4581
32.0931,453,1.4613
32.0974,455,1.4677
32.1017,458,1.4774
32.1060,468,1.5097
32.1103,481,1.5516
32.1146,495,1.5968
32.1189,508,1.6387
32.1232,522,1.6839
32.1276,537,1.7323
32.1319,551,1.7774
32.1362,564,1.8194
32.1406,577,1.8613
32.1450,589,1.9000
32.1493,598,1.9290
32.1536,608,1.9613
32.1580,614,1.9806
32.1624,622,2.0065
32.1667,626,2.0194
32.1711,629,2.0290
32.1754,630,2.0323
32.1797,632,2.0387
32.1840,629,2.0290
32.1884,626,2.0194
32.1927,618,1.9935
32.1970,610,1.9677
32.2013,602,1.9419
32.2057,594,1.9161
32.2100,582,1.8774
32.2143,569,1.8355
32.2187,558,1.8000
32.2230,546,1.7613
32.2273,532,1.7161
32.2316,518,1.6710
32.2359,505,1.6290
32.2401,492,1.5871
32.2444,477,1.5387
32.2487,465,1.5000
32.2530,452,1.4581
32.2573,439,1.4161
32.2616,432,1.3935
32.2659,428,1.3806
32.2702,430,1.3871
32.2745,433,1.3968
32.2788,436,1.4065
32.2831,437,1.4097
32.2874,438,1.4129
32.2917,440,1.4194
32.2960,442,1.4258
32.3003,443,1.4290
32.3045,445,1.4355
32.3088,447,1.4419
32.3131,447,1.4419
32.3174,449,1.4484
32.3217,452,1.4581
32.3261,462,1.4903
32.3304,476,1.5355
32.3348,494,1.5935
32.3391,510,1.6452
32.3434,524,1.6903
32.3477,535,1.7258
32.3525,544,1.7548
32.3569,551,1.7774
32.3612,553,1.7839
32.3656,550,1.7742
32.3699,545,1.7581
32.3743,537,1.7323
32.3786,525,1.6935
32.3829,512,1.6516
32.3872,497,1.6032
32.3916,484,1.5613
32.3959,470,1.5161
32.4002,459,1.4806
32.4045,454,1.4645
32.4089,453,1.4613
32.4132,455,1.4677
32.4175,456,1.4710
32.4219,458,1.4774
32.4262,458,1.4774
32.4305,460,1.4839
32.4348,462,1.4903
32.4391,463,1.4935
32.4433,464,1.4968
32.4476,466,1.5032
32.4519,464,1.4968
32.4562,451,1.4548
32.4605,422,1.3613
32.4648,391,1.2613
32.4691,393,1.2677
32.4734,459,1.4806
32.4777,583,1.8806
32.4820,754,2.4323
32.4863,940,3.0323
32.4906,1000,3.2258
32.4949,1000,3.2258
32.4992,998,3.2194
32.5035,900,2.9032
32.5078,679,2.1903
32.5121,492,1.5871
32.5164,391,1.2613
32.5207,359,1.1581
32.5250,367,1.1839
32.5294,395,1.2742
32.5337,421,1.3581
32.5380,434,1.4000
32.5424,438,1.4129
32.5467,440,1.4194
32.5510,439,1.4161
32.5553,441,1.4226
32.5597,442,1.4258
32.5640,444,1.4323
32.5684,445,1.4355
32.5727,446,1.4387
32.5770,447,1.4419
32.5814,448,1.4452
32.5857,450,1.4516
32.5900,453,1.4613
32.5944,454,1.4645
32.5990,456,1.4710
32.6035,460,1.4839
32.6081,471,1.5194
32.6124,486,1.5677
32.6168,500,1.6129
32.6212,515,1.6613
32.6256,530,1.7097
32.6299,543,1.7516
32.6342,557,1.7968
32.6385,570,1.8387
32.6428,581,1.8742
32.6471,593,1.9129
32.6513,601,1.9387
32.6558,611,1.9710
32.6601,616,1.9871
32.6644,621,2.0032
32.6687,626,2.0194
32.6730,627,2.0226
32.6773,630,2.0323
32.6816,629,2.0290
32.6859,628,2.0258
32.6901,621,2.0032
32.6944,614,1.9806
32.6987,608,1.9613
32.7030,598,1.9290
32.7073,588,1.8968
32.7116,577,1.8613
32.7159,565,1.8226
32.7203,552,1.7806
32.7246,537,1.7323
32.7289,524,1.6903
32.7333,511,1.6484
32.7376,497,1.6032
32.7419,482,1.5548
32.7463,469,1.5129
32.7506,457,1.4742
32.7549,445,1.4355
32.7592,434,1.4000
32.7636,428,1.3806
32.7680,427,1.3774
32.7723,430,1.3871
32.7766,432,1.3935
32.7810,435,1.4032
32.7853,437,1.4097
32.7896,439,1.4161
32.7939,439,1.4161
32.7983,440,1.4194
32.8026,441,1.4226
32.8069,444,1.4323
32.8113,445,1.4355
32.8156,446,1.4387
32.8199,448,1.4452
32.8242,457,1.4742
32.8286,468,1.5097
32.8329,484,1.5613
32.8371,500,1.6129
32.8414,514,1.6581
32.8457,526,1.6968
32.8500,538,1.7355
32.8543,546,1.7613
32.8586,551,1.7774
32.8629,551,1.7774
32.8672,547,1.7645
32.8715,541,1.7452
32.8758,532,1.7161
32.8801,520,1.6774
32.8844,507,1.6355
32.8887,494,1.5935
32.8931,479,1.5452
32.8987,461,1.4871
32.9031,454,1.4645
32.9075,453,1.4613
32.9118,454,1.4645
32.9161,456,1.4710
32.9205,457,1.4742
32.9248,458,1.4774
32.9291,459,1.4806
32.9334,460,1.4839
32.9377,461,1.4871
32.9420,462,1.4903
32.9463,463,1.4935
32.9506,463,1.4935
32.9549,451,1.4548
32.9597,425,1.3710
32.9641,393,1.2677
32.9684,385,1.2419
32.9727,439,1.4161
32.9770,559,1.8032
32.9813,722,2.3290
32.9856,910,2.9355
32.9899,1000,3.2258
32.9942,1000,3.2258
32.9985,999,3.2226
33.0028,930,3.0000
33.0071,719,2.3194
33.0114,519,1.6742
33.0157,404,1.3032
33.0199,361,1.1645
33.0242,363,1.1710
33.0285,389,1.2548
33.0328,418,1.3484
33.0371,433,1.3968
33.0414,439,1.4161
33.0457,442,1.4258
33.0500,443,1.4290
33.0543,444,1.4323
33.0586,444,1.4323
33.0629,445,1.4355
33.0672,447,1.4419
33.0715,447,1.4419
33.0758,448,1.4452
33.0801,449,1.4484
33.0844,450,1.4516
33.0887,451,1.4548
33.0930,453,1.4613
33.0973,454,1.4645
33.1016,458,1.4774
33.1058,466,1.5032
33.1101,479,1.5452
33.1144,492,1.5871
33.1187,508,1.6387
33.1231,523,1.6871
33.1274,536,1.7290
33.1318,549,1.7710
33.1361,564,1.8194
33.1404,575,1.8548
33.1448,588,1.8968
33.1491,597,1.9258
33.1534,607,1.9581
33.1578,615,1.9839
33.1621,622,2.0065
33.1664,624,2.0129
33.1708,628,2.0258
33.1751,630,2.0323
33.1794,629,2.0290
33.1838,629,2.0290
33.1881,625,2.0161
33.1924,620,2.0000
33.1968,611,1.9710
33.2011,604,1.9484
33.2054,594,1.9161
33.2097,583,1.8806
33.2141,570,1.8387
33.2184,556,1.7935
33.2227,545,1.7581
33.2271,532,1.7161
33.2314,519,1.6742
33.2357,504,1.6258
33.2400,490,1.5806
33.2443,476,1.5355
33.2486,463,1.4935
33.2529,451,1.4548
33.2572,438,1.4129
33.2615,430,1.3871
33.2658,426,1.3742
33.2701,428,1.3806
33.2743,431,1.3903
33.2786,434,1.4000
33.2829,435,1.4032
33.2872,437,1.4097
33.2915,439,1.4161
33.2958,440,1.4194
33.3001,442,1.4258
33.3044,444,1.4323
33.3087,446,1.4387
33.3130,447,1.4419
33.3173,448,1.4452
33.3216,451,1.4548
33.3259,461,1.4871
33.3302,473,1.5258
33.3345,490,1.5806
33.3389,506,1.6323
33.3432,520,1.6774
33.3475,532,1.7161
33.3518,541,1.7452
33.3562,549,1.7710
33.3609,552,1.7806
33.3653,550,1.7742
33.3696,545,1.7581
33.3739,536,1.7290
33.3783,526,1.6968
33.3826,513,1.6548
33.3869,499,1.6097
33.3913,484,1.5613
33.3956,470,1.5161
33.3999,458,1.4774
33.4043,451,1.4548
33.4086,452,1.4581
33.4129,453,1.4613
33.4172,455,1.4677
33.4216,457,1.4742
33.4260,459,1.4806
33.4303,460,1.4839
33.4347,461,1.4871
33.4389,463,1.4935
33.4432,465,1.5000
33.4475,466,1.5032
33.4518,464,1.4968
33.4561,450,1.4516
33.4604,421,1.3581
33.4647,391,1.2613
33.4690,391,1.2613
33.4733,455,1.4677
33.4776,581,1.8742
33.4819,748,2.4129
33.4862,934,3.0129
33.4905,999,3.2226
33.4949,1001,3.2290
33.4993,997,3.2161
33.5038,888,2.8645
33.5081,664,2.1419
33.5124,480,1.5484
33.5168,387,1.2484
33.5211,358,1.1548
33.5254,368,1.1871
33.5297,397,1.2806
33.5340,423,1.3645
33.5383,436,1.4065
33.5426,439,1.4161
33.5469,439,1.4161
33.5512,439,1.4161
33.5555,440,1.4194
33.5598,442,1.4258
33.5641,443,1.4290
33.5684,445,1.4355
33.5727,446,1.4387
33.5769,448,1.4452
33.5812,450,1.4516
33.5856,452,1.4581
33.5898,453,1.4613
33.5941,454,1.4645
33.5984,455,1.4677
33.6027,460,1.4839
33.6070,471,1.5194
33.6113,484,1.5613
33.6156,498,1.6065
33.6199,512,1.6516
33.6242,526,1.6968
33.6285,538,1.7355
33.6328,554,1.7871
33.6371,567,1.8290
33.6415,579,1.8677
33.6458,590,1.9032
33.6501,601,1.9387
33.6545,609,1.9645
33.6588,615,1.9839
33.6631,622,2.0065
33.6675,625,2.0161
33.6718,629,2.0290
33.6761,630,2.0323
33.6805,631,2.0355
33.6848,629,2.0290
33.6892,624,2.0129
33.6935,617,1.9903
33.6978,610,1.9677
33.7022,601,1.9387
33.7065,592,1.9097
33.7108,581,1.8742
33.7152,570,1.8387
33.7195,557,1.7968
33.7238,545,1.7581
33.7281,531,1.7129
33.7325,515,1.6613
33.7368,501,1.6161
33.7411,488,1.5742
33.7454,472,1.5226
33.7497,460,1.4839
33.7540,447,1.4419
33.7583,437,1.4097
33.7625,431,1.3903
33.7668,429,1.3839
33.7711,431,1.3903
33.7754,434,1.4000
33.7797,435,1.4032
33.7840,438,1.4129
33.7883,440,1.4194
33.7936,442,1.4258
33.7992,444,1.4323
33.8036,445,1.4355
33.8080,446,1.4387
33.8123,447,1.4419
33.8166,446,1.4387
33.8209,449,1.4484
33.8252,458,1.4774
33.8295,471,1.5194
33.8338,487,1.5710
33.8381,503,1.6226
33.8424,518,1.6710
33.8467,530,1.7097
33.8510,539,1.7387
33.8553,546,1.7613
33.8596,550,1.7742
33.8639,550,1.7742
33.8682,547,1.7645
33.8725,539,1.7387
33.8768,530,1.7097
33.8812,518,1.6710
33.8855,504,1.6258
33.8898,489,1.5774
33.8941,474,1.5290
33.8984,462,1.4903
33.9027,455,1.4677
33.9070,452,1.4581
33.9113,454,1.4645
33.9156,456,1.4710
33.9199,458,1.4774
33.9242,460,1.4839
33.9284,460,1.4839
33.9327,462,1.4903
33.9371,462,1.4903
33.9413,464,1.4968
33.9456,465,1.5000
33.9499,465,1.5000
33.9542,458,1.4774
33.9585,435,1.4032
33.9628,402,1.2968
33.9671,383,1.2355
33.9714,417,1.3452
33.9757,516,1.6645
33.9800,669,2.1581
33.9843,848,2.7355
33.9886,998,3.2194
33.9929,1000,3.2258
33.9972,999,3.2226
34.0015,972,3.1355
34.0058,791,2.5516
34.0100,573,1.8484
34.0143,430,1.3871
34.0186,369,1.1903
34.0229,359,1.1581
34.0272,379,1.2226
34.0316,410,1.3226
34.0359,430,1.3871
34.0403,437,1.4097
34.0446,440,1.4194
34.0489,440,1.4194
34.0532,440,1.4194
34.0576,441,1.4226
34.0619,442,1.4258
34.0663,445,1.4355
34.0706,446,1.4387
34.0749,448,1.4452
34.0793,449,1.4484
34.0836,450,1.4516
34.0880,451,1.4548
34.0923,453,1.4613
34.0966,454,1.4645
34.1010,457,1.4742
34.1053,466,1.5032
34.1096,479,1.5452
34.1139,494,1.5935
34.1183,508,1.6387
34.1226,520,1.6774
34.1318,549,1.7710
34.1362,564,1.8194
34.1405,576,1.8581
34.1448,586,1.8903
34.1491,596,1.9226
34.1534,608,1.9613
34.1577,616,1.9871
34.1620,623,2.0097
34.1663,627,2.0226
34.1706,629,2.0290
34.1749,632,2.0387
34.1792,633,2.0419
34.1835,629,2.0290
34.1879,626,2.0194
34.1922,619,1.9968
34.1964,613,1.9774
34.2007,605,1.9516
34.2050,595,1.9194
34.2093,585,1.8871
34.2136,574,1.8516
34.2179,562,1.8129
34.2222,548,1.7677
34.2265,536,1.7290
34.2308,521,1.6806
34.2351,506,1.6323
34.2394,492,1.5871
34.2437,479,1.5452
34.2480,467,1.5065
34.2523,455,1.4677
34.2566,443,1.4290
34.2609,434,1.4000
34.2652,430,1.3871
34.2695,431,1.3903
34.2737,432,1.3935
34.2780,434,1.4000
34.2823,436,1.4065
34.2866,438,1.4129
34.2909,439,1.4161
34.2952,440,1.4194
34.2995,442,1.4258
34.3038,443,1.4290
34.3081,444,1.4323
34.3124,445,1.4355
34.3167,447,1.4419
34.3210,450,1.4516
34.3253,458,1.4774
34.3296,472,1.5226
34.3338,487,1.5710
34.3381,502,1.6194
34.3425,516,1.6645
34.3468,530,1.7097
34.3512,540,1.7419
34.3559,546,1.7613
34.3602,552,1.7806
34.3645,553,1.7839
34.3689,547,1.7645
34.3732,539,1.7387
34.3775,529,1.7065
34.3818,515,1.6613
34.3862,501,1.6161
34.3905,487,1.5710
34.3949,473,1.5258
34.4001,458,1.4774
34.4046,452,1.4581
34.4090,451,1.4548
34.4134,452,1.4581
34.4177,454,1.4645
34.4221,457,1.4742
34.4264,460,1.4839
34.4308,461,1.4871
34.4352,462,1.4903
34.4395,462,1.4903
34.4438,463,1.4935
34.4481,465,1.5000
34.4524,462,1.4903
34.4567,447,1.4419
34.4610,418,1.3484
34.4653,388,1.2516
34.4696,395,1.2742
34.4739,465,1.5000
34.4782,598,1.9290
34.4825,768,2.4774
34.4868,955,3.0806
34.4911,1000,3.2258
34.4954,1001,3.2290
34.4997,996,3.2129
34.5040,882,2.8452
34.5083,659,2.1258
34.5126,477,1.5387
34.5168,386,1.2452
34.5211,358,1.1548
34.5254,367,1.1839
34.5297,396,1.2774
34.5340,422,1.3613
34.5383,436,1.4065
34.5426,441,1.4226
34.5469,443,1.4290
34.5512,442,1.4258
34.5555,444,1.4323
34.5601,446,1.4387
34.5644,446,1.4387
34.5687,447,1.4419
34.5730,448,1.4452
34.5773,448,1.4452
34.5816,449,1.4484
34.5859,450,1.4516
34.5902,452,1.4581
34.5945,453,1.4613
34.5988,455,1.4677
34.6031,462,1.4903
34.6074,473,1.5258
34.6117,485,1.5645
34.6160,499,1.6097
34.6202,512,1.6516
34.6245,526,1.6968
34.6288,539,1.7387
34.6331,553,1.7839
34.6375,568,1.8323
34.6418,579,1.8677
34.6462,591,1.9065
34.6505,602,1.9419
34.6548,611,1.9710
34.6592,618,1.9935
34.6635,625,2.0161
34.6679,628,2.0258
34.6722,629,2.0290
34.6766,629,2.0290
34.6809,627,2.0226
34.6852,626,2.0194
34.6895,623,2.0097
34.6943,615,1.9839
34.7002,606,1.9548
34.7047,595,1.9194
34.7093,585,1.8871
34.7137,570,1.8387
34.7181,559,1.8032
34.7224,546,1.7613
34.7268,531,1.7129
34.7312,517,1.6677
34.7355,504,1.6258
34.7399,490,1.5806
34.7442,476,1.5355
34.7485,463,1.4935
34.7528,451,1.4548
34.7571,440,1.4194
34.7614,432,1.3935
34.7657,430,1.3871
34.7700,430,1.3871
34.7743,431,1.3903
34.7786,433,1.3968
34.7829,434,1.4000
34.7872,435,1.4032
34.7915,436,1.4065
34.7958,438,1.4129
34.8001,440,1.4194
34.8044,442,1.4258
34.8087,444,1.4323
34.8130,445,1.4355
34.8173,446,1.4387
34.8215,448,1.4452
34.8258,459,1.4806
34.8301,474,1.5290
34.8344,489,1.5774
34.8388,506,1.6323
34.8431,520,1.6774
34.8475,531,1.7129
34.8518,542,1.7484
34.8565,549,1.7710
34.8609,552,1.7806
34.8652,550,1.7742
34.8695,544,1.7548
34.8739,536,1.7290
34.8782,526,1.6968
34.8825,514,1.6581
34.8869,501,1.6161
34.8912,486,1.5677
34.8955,472,1.5226
34.8999,460,1.4839
34.9042,455,1.4677
34.9085,455,1.4677
34.9128,455,1.4677
34.9172,456,1.4710
34.9215,458,1.4774
34.9258,459,1.4806
34.9302,460,1.4839
34.9345,461,1.4871
34.9389,464,1.4968
34.9433,466,1.5032
34.9476,466,1.5032
34.9519,465,1.5000
34.9562,452,1.4581
34.9605,423,1.3645
34.9648,392,1.2645
34.9691,392,1.2645
34.9734,455,1.4677
34.9777,580,1.8710
34.9820,748,2.4129
34.9863,936,3.0194
34.9906,1001,3.2290
34.9948,999,3.2226
34.9991,996,3.2129
35.0035,907,2.9258
35.0077,691,2.2290
35.0120,498,1.6065
35.0163,394,1.2710
35.0206,360,1.1613
35.0249,366,1.1806
35.0293,396,1.2774
35.0338,423,1.3645
35.0383,436,1.4065
35.0427,439,1.4161
35.0471,442,1.4258
35.0514,443,1.4290
35.0559,443,1.4290
35.0605,444,1.4323
35.0648,446,1.4387
35.0691,447,1.4419
35.0734,447,1.4419
35.0777,448,1.4452
35.0820,449,1.4484
35.0863,451,1.4548
35.0906,453,1.4613
35.0949,455,1.4677
35.0992,456,1.4710
35.1035,462,1.4903
35.1078,472,1.5226
35.1121,485,1.5645
35.1164,499,1.6097
35.1207,515,1.6613
35.1250,529,1.7065
35.1293,543,1.7516
35.1336,557,1.7968
35.1379,570,1.8387
35.1422,580,1.8710
35.1465,590,1.9032
35.1508,600,1.9355
35.1551,610,1.9677
35.1594,618,1.9935
35.1637,623,2.0097
35.1680,629,2.0290
35.1723,632,2.0387
35.1766,632,2.0387
35.1809,631,2.0355
35.1852,627,2.0226
35.1895,621,2.0032
35.1938,616,1.9871
35.1981,610,1.9677
35.2024,602,1.9419
35.2067,592,1.9097
35.2110,578,1.8645
35.2153,566,1.8258
35.2196,555,1.7903
35.2239,541,1.7452
35.2282,528,1.7032
35.2325,515,1.6613
35.2367,501,1.6161
35.2410,486,1.5677
35.2453,473,1.5258
35.2497,460,1.4839
35.2540,449,1.4484
35.2584,437,1.4097
35.2627,430,1.3871
35.2670,429,1.3839
35.2714,431,1.3903
35.2757,433,1.3968
35.2800,435,1.4032
35.2844,436,1.4065
35.2887,438,1.4129
35.2932,439,1.4161
35.2976,441,1.4226
35.3021,443,1.4290
35.3066,444,1.4323
35.3109,445,1.4355
35.3152,447,1.4419
35.3195,448,1.4452
35.3238,455,1.4677
35.3281,467,1.5065
35.3325,482,1.5548
35.3368,498,1.6065
35.3411,513,1.6548
35.3454,526,1.6968
35.3498,536,1.7290
35.3541,545,1.7581
35.3584,550,1.7742
35.3626,549,1.7710
35.3669,548,1.7677
35.3712,542,1.7484
35.3755,532,1.7161
35.3797,521,1.6806
35.3840,507,1.6355
35.3882,493,1.5903
35.3925,478,1.5419
35.3968,465,1.5000
35.4012,454,1.4645
35.4054,450,1.4516
35.4097,452,1.4581
35.4140,453,1.4613
35.4183,455,1.4677
35.4226,455,1.4677
35.4269,457,1.4742
35.4311,459,1.4806
35.4354,460,1.4839
35.4397,461,1.4871
35.4440,463,1.4935
35.4483,463,1.4935
35.4526,459,1.4806
35.4569,444,1.4323
35.4612,415,1.3387
35.4654,387,1.2484
35.4697,395,1.2742
35.4740,467,1.5065
35.4783,599,1.9323
35.4826,771,2.4871
35.4868,956,3.0839
35.4911,1001,3.2290
35.4964,1000,3.2258
35.5007,988,3.1871
35.5050,835,2.6935
35.5092,615,1.9839
35.5135,451,1.4548
35.5178,375,1.2097
35.5221,357,1.1516
35.5264,372,1.2000
35.5306,402,1.2968
35.5349,425,1.3710
35.5392,435,1.4032
35.5435,437,1.4097
35.5477,438,1.4129
35.5520,439,1.4161
35.5563,440,1.4194
35.5606,442,1.4258
35.5649,445,1.4355
35.5691,446,1.4387
35.5738,446,1.4387
35.5782,446,1.4387
35.5825,449,1.4484
35.5868,451,1.4548
35.5910,453,1.4613
35.5954,454,1.4645
35.5998,456,1.4710
35.6041,462,1.4903
35.6085,474,1.5290
35.6128,488,1.5742
35.6171,503,1.6226
35.6214,518,1.6710
35.6257,530,1.7097
35.6300,545,1.7581
35.6343,558,1.8000
35.6386,570,1.8387
35.6429,583,1.8806
35.6472,592,1.9097
35.6515,604,1.9484
35.6558,612,1.9742
35.6601,619,1.9968
35.6644,626,2.0194
35.6687,629,2.0290
35.6730,629,2.0290
35.6773,632,2.0387
35.6816,632,2.0387
35.6859,629,2.0290
35.6902,623,2.0097
35.6945,616,1.9871
35.6988,608,1.9613
35.7031,600,1.9355
35.7074,590,1.9032
35.7117,579,1.8677
35.7160,565,1.8226
35.7203,552,1.7806
35.7246,539,1.7387
35.7288,526,1.6968
35.7331,513,1.6548
35.7374,499,1.6097
35.7417,486,1.5677
35.7460,473,1.5258
35.7503,459,1.4806
35.7547,447,1.4419
35.7590,436,1.4065
35.7634,430,1.3871
35.7677,431,1.3903
35.7720,433,1.3968
35.7763,434,1.4000
35.7807,436,1.4065
35.7850,438,1.4129
35.7893,439,1.4161
35.7937,440,1.4194
35.7980,441,1.4226
35.8024,443,1.4290
35.8067,444,1.4323
35.8110,446,1.4387
35.8154,447,1.4419
35.8197,449,1.4484
35.8240,455,1.4677
35.8284,470,1.5161
35.8327,485,1.5645
35.8370,500,1.6129
35.8413,515,1.6613
35.8457,528,1.7032
35.8500,540,1.7419
35.8544,547,1.7645
35.8586,552,1.7806
35.8629,552,1.7806
35.8673,548,1.7677
35.8715,542,1.7484
35.8758,534,1.7226
35.8801,522,1.6839
35.8844,509,1.6419
35.8887,494,1.5935
35.8930,481,1.5516
35.8973,466,1.5032
35.9016,456,1.4710
35.9063,453,1.4613
35.9106,454,1.4645
35.9149,455,1.4677
35.9192,456,1.4710
35.9235,458,1.4774
35.9278,460,1.4839
35.9321,461,1.4871
35.9364,462,1.4903
35.9407,464,1.4968
35.9450,465,1.5000
35.9494,467,1.5065
35.9537,460,1.4839
35.9581,439,1.4161
35.9624,408,1.3161
35.9667,384,1.2387
35.9711,412,1.3290
35.9754,506,1.6323
35.9797,655,2.1129
35.9840,837,2.7000
35.9884,997,3.2161
35.9927,1001,3.2290
35.9970,999,3.2226
36.0014,975,3.1452
36.0057,798,2.5742
36.0101,577,1.8613
36.0144,430,1.3871
36.0187,369,1.1903
36.0230,360,1.1613
36.0274,381,1.2290
36.0317,411,1.3258
36.0360,431,1.3903
36.0403,438,1.4129
36.0447,439,1.4161
36.0490,439,1.4161
36.0533,441,1.4226
36.0576,443,1.4290
36.0619,445,1.4355
36.0662,446,1.4387
36.0705,447,1.4419
36.0748,448,1.4452
36.0791,450,1.4516
36.0834,451,1.4548
36.0877,452,1.4581
36.0920,453,1.4613
36.0963,455,1.4677
36.1006,457,1.4742
36.1049,465,1.5000
36.1092,476,1.5355
36.1135,489,1.5774
36.1178,504,1.6258
36.1221,519,1.6742
36.1264,533,1.7194
36.1307,547,1.7645
36.1350,561,1.8097
36.1393,573,1.8484
36.1435,583,1.8806
36.1479,595,1.9194
36.1522,604,1.9484
36.1565,612,1.9742
36.1608,618,1.9935
36.1652,624,2.0129
36.1695,630,2.0323
36.1738,632,2.0387
36.1782,631,2.0355
36.1825,631,2.0355
36.1868,628,2.0258
36.1911,622,2.0065
36.1955,614,1.9806
36.1999,606,1.9548
36.2043,598,1.9290
36.2088,589,1.9000
36.2131,575,1.8548
36.2174,563,1.8161
36.2217,551,1.7774
36.2261,537,1.7323
36.2304,524,1.6903
36.2347,509,1.6419
36.2391,495,1.5968
36.2435,482,1.5548
36.2478,468,1.5097
36.2523,454,1.4645
36.2566,443,1.4290
36.2610,433,1.3968
36.2653,429,1.3839
36.2696,430,1.3871
36.2739,431,1.3903
36.2782,435,1.4032
36.2825,437,1.4097
36.2867,438,1.4129
36.2910,438,1.4129
36.2953,442,1.4258
36.2996,443,1.4290
36.3039,445,1.4355
36.3082,446,1.4387
36.3125,447,1.4419
36.3168,448,1.4452
36.3211,450,1.4516
36.3254,458,1.4774
36.3297,472,1.5226
36.3340,488,1.5742
36.3383,504,1.6258
36.3426,518,1.6710
36.3468,529,1.7065
36.3511,539,1.7387
36.3554,546,1.7613
36.3598,550,1.7742
36.3641,550,1.7742
36.3685,545,1.7581
36.3728,536,1.7290
36.3771,527,1.7000
36.3815,514,1.6581
36.3858,501,1.6161
36.3901,487,1.5710
36.3944,473,1.5258
36.3988,460,1.4839
36.4031,453,1.4613
36.4075,451,1.4548
36.4119,452,1.4581
36.4162,454,1.4645
36.4205,457,1.4742
36.4249,458,1.4774
36.4292,458,1.4774
36.4335,458,1.4774
36.4379,461,1.4871
36.4422,462,1.4903
36.4465,465,1.5000
36.4509,465,1.5000
36.4552,455,1.4677
36.4595,428,1.3806
36.4639,395,1.2742
36.4682,384,1.2387
36.4724,431,1.3903
36.4767,544,1.7548
36.4810,705,2.2742
36.4853,890,2.8710
36.4896,999,3.2226
36.4939,1001,3.2290
36.4982,999,3.2226
36.5028,931,3.0032
36.5072,715,2.3065
36.5116,515,1.6613
36.5159,400,1.2903
36.5201,360,1.1613
36.5244,361,1.1645
36.5287,388,1.2516
36.5330,415,1.3387
36.5373,431,1.3903
36.5416,432,1.3935
36.5460,438,1.4129
36.5503,438,1.4129
36.5546,440,1.4194
36.5589,441,1.4226
36.5632,443,1.4290
36.5675,445,1.4355
36.5718,446,1.4387
36.5761,448,1.4452
36.5804,448,1.4452
36.5847,449,1.4484
36.5890,450,1.4516
36.5933,450,1.4516
36.5975,451,1.4548
36.6018,455,1.4677
36.6061,464,1.4968
36.6104,478,1.5419
36.6147,494,1.5935
36.6190,508,1.6387
36.6233,521,1.6806
36.6276,535,1.7258
36.6319,549,1.7710
36.6362,562,1.8129
36.6405,575,1.8548
36.6448,587,1.8935
36.6491,598,1.9290
36.6534,605,1.9516
36.6577,614,1.9806
36.6620,619,1.9968
36.6664,625,2.0161
36.6707,629,2.0290
36.6750,629,2.0290
36.6794,630,2.0323
36.6837,629,2.0290
36.6881,626,2.0194
36.6924,620,2.0000
36.6967,612,1.9742
36.7010,603,1.9452
36.7054,593,1.9129
36.7097,583,1.8806
36.7140,570,1.8387
36.7184,558,1.8000
36.7227,545,1.7581
36.7270,532,1.7161
36.7313,517,1.6677
36.7357,504,1.6258
36.7400,491,1.5839
36.7443,477,1.5387
36.7487,465,1.5000
36.7530,453,1.4613
36.7574,440,1.4194
36.7618,432,1.3935
36.7661,430,1.3871
36.7704,430,1.3871
36.7747,432,1.3935
36.7790,434,1.4000
36.7832,437,1.4097
36.7875,438,1.4129
36.7918,439,1.4161
36.7961,440,1.4194
36.8004,441,1.4226
36.8047,443,1.4290
36.8090,444,1.4323
36.8133,446,1.4387
36.8176,447,1.4419
36.8219,451,1.4548
36.8262,461,1.4871
36.8305,476,1.5355
36.8348,491,1.5839
36.8391,507,1.6355
36.8433,520,1.6774
36.8476,533,1.7194
36.8519,543,1.7516
36.8562,549,1.7710
36.8605,552,1.7806
36.8649,552,1.7806
36.8692,548,1.7677
36.8735,541,1.7452
36.8779,529,1.7065
36.8823,517,1.6677
36.8866,503,1.6226
36.8909,486,1.5677
36.8953,471,1.5194
36.8996,459,1.4806
36.9039,453,1.4613
36.9082,453,1.4613
36.9126,454,1.4645
36.9169,457,1.4742
36.9212,458,1.4774
36.9256,461,1.4871
36.9299,461,1.4871
36.9342,462,1.4903
36.9386,463,1.4935
36.9429,464,1.4968
36.9472,465,1.5000
36.9515,463,1.4935
36.9559,452,1.4581
36.9602,424,1.3677
36.9645,393,1.2677
36.9688,389,1.2548
36.9731,447,1.4419
36.9774,567,1.8290
36.9817,732,2.3613
36.9860,916,2.9548
36.9903,999,3.2226
36.9946,1000,3.2258
36.9989,997,3.2161
37.0032,918,2.9613
37.0074,707,2.2806
37.0117,509,1.6419
37.0161,398,1.2839
37.0203,360,1.1613
37.0246,364,1.1742
37.0289,391,1.2613
37.0332,418,1.3484
37.0375,433,1.3968
37.0418,438,1.4129
37.0461,441,1.4226
37.0504,441,1.4226
37.0547,442,1.4258
37.0591,444,1.4323
37.0634,444,1.4323
37.0677,447,1.4419
37.0721,448,1.4452
37.0764,449,1.4484
37.0807,450,1.4516
37.0850,451,1.4548
37.0894,451,1.4548
37.0937,452,1.4581
37.0981,454,1.4645
37.1026,459,1.4806
37.1070,470,1.5161
37.1114,483,1.5581
37.1157,498,1.6065
37.1201,512,1.6516
37.1244,526,1.6968
37.1287,539,1.7387
37.1330,553,1.7839
37.1374,566,1.8258
37.1418,579,1.8677
37.1461,589,1.9000
37.1505,600,1.9355
37.1548,609,1.9645
37.1592,616,1.9871
37.1636,623,2.0097
37.1679,627,2.0226
37.1722,629,2.0290
37.1765,631,2.0355
37.1808,631,2.0355
37.1851,630,2.0323
37.1894,625,2.0161
37.1937,620,2.0000
37.1980,612,1.9742
37.2023,602,1.9419
37.2066,593,1.9129
37.2109,581,1.8742
37.2152,568,1.8323
37.2195,555,1.7903
37.2238,543,1.7516
37.2281,529,1.7065
37.2324,515,1.6613
37.2367,501,1.6161
37.2409,488,1.5742
37.2452,474,1.5290
37.2495,462,1.4903
37.2538,450,1.4516
37.2581,439,1.4161
37.2624,431,1.3903
37.2668,430,1.3871
37.2711,431,1.3903
37.2754,433,1.3968
37.2797,434,1.4000
37.2840,436,1.4065
37.2883,438,1.4129
37.2926,439,1.4161
37.2968,440,1.4194
37.3012,443,1.4290
37.3054,445,1.4355
37.3097,447,1.4419
37.3140,447,1.4419
37.3183,449,1.4484
37.3226,453,1.4613
37.3269,464,1.4968
37.3312,479,1.5452
37.3355,494,1.5935
37.3398,509,1.6419
37.3441,523,1.6871
37.3484,534,1.7226
37.3527,543,1.7516
37.3570,548,1.7677
37.3614,550,1.7742
37.3657,548,1.7677
37.3700,544,1.7548
37.3744,535,1.7258
37.3787,524,1.6903
37.3830,511,1.6484
37.3874,497,1.6032
37.3917,483,1.5581
37.3960,468,1.5097
37.4004,457,1.4742
37.4048,453,1.4613
37.4093,454,1.4645
37.4136,456,1.4710
37.4180,457,1.4742
37.4224,458,1.4774
37.4267,459,1.4806
37.4311,460,1.4839
37.4354,461,1.4871
37.4397,462,1.4903
37.4441,464,1.4968
37.4484,466,1.5032
37.4527,462,1.4903
37.4570,445,1.4355
37.4615,413,1.3323
37.4658,385,1.2419
37.4701,398,1.2839
37.4744,477,1.5387
37.4787,614,1.9806
37.4830,790,2.5484
37.4873,972,3.1355
37.4916,999,3.2226
37.4959,1000,3.2258
37.5002,993,3.2032
37.5045,864,2.7871
37.5088,642,2.0710
37.5131,469,1.5129
37.5174,383,1.2355
37.5216,359,1.1581
37.5260,371,1.1968
37.5302,401,1.2935
37.5345,423,1.3645
37.5388,435,1.4032
37.5431,438,1.4129
37.5474,440,1.4194
37.5517,440,1.4194
37.5560,442,1.4258
37.5603,444,1.4323
37.5646,445,1.4355
37.5689,446,1.4387
37.5733,448,1.4452
37.5776,449,1.4484
37.5819,451,1.4548
37.5863,453,1.4613
37.5906,454,1.4645
37.5949,455,1.4677
37.5992,456,1.4710
37.6036,460,1.4839
37.6079,471,1.5194
37.6122,484,1.5613
37.6165,500,1.6129
37.6208,513,1.6548
37.6251,528,1.7032
37.6293,541,1.7452
37.6337,554,1.7871
37.6380,566,1.8258
37.6423,578,1.8645
37.6466,589,1.9000
37.6509,599,1.9323
37.6552,608,1.9613
37.6594,616,1.9871
37.6638,622,2.0065
37.6681,626,2.0194
37.6724,631,2.0355
37.6771,632,2.0387
37.6814,632,2.0387
37.6856,629,2.0290
37.6899,623,2.0097
37.6942,616,1.9871
37.6985,608,1.9613
37.7028,600,1.9355
37.7071,590,1.9032
37.7114,581,1.8742
37.7157,569,1.8355
37.7199,554,1.7871
37.7243,541,1.7452
37.7285,527,1.7000
37.7328,514,1.6581
37.7371,499,1.6097
37.7414,487,1.5710
37.7457,474,1.5290
37.7500,461,1.4871
37.7543,450,1.4516
37.7586,438,1.4129
37.7629,432,1.3935
37.7672,431,1.3903
37.7715,433,1.3968
37.7758,433,1.3968
37.7801,435,1.4032
37.7843,438,1.4129
37.7886,439,1.4161
37.7929,440,1.4194
37.7972,442,1.4258
37.8015,443,1.4290
37.8058,444,1.4323
37.8101,446,1.4387
37.8144,447,1.4419
37.8186,447,1.4419
37.8229,452,1.4581
37.8272,464,1.4968
37.8315,479,1.5452
37.8358,495,1.5968
37.8401,509,1.6419
37.8443,521,1.6806
37.8486,533,1.7194
37.8529,542,1.7484
37.8572,547,1.7645
37.8615,549,1.7710
37.8658,549,1.7710
37.8701,543,1.7516
37.8743,535,1.7258
37.8786,524,1.6903
37.8829,512,1.6516
37.8872,498,1.6065
37.8915,483,1.5581
37.8958,469,1.5129
37.9000,457,1.4742
37.9043,452,1.4581
37.9086,451,1.4548
37.9129,453,1.4613
37.9172,455,1.4677
37.9215,458,1.4774
37.9258,458,1.4774
37.9301,460,1.4839
37.9343,462,1.4903
37.9386,462,1.4903
37.9429,463,1.4935
37.9472,464,1.4968
37.9515,464,1.4968
37.9558,453,1.4613
37.9600,426,1.3742
37.9643,394,1.2710
37.9686,386,1.2452
37.9729,442,1.4258
37.9772,560,1.8065
37.9815,722,2.3290
37.9858,906,2.9226
37.9901,1000,3.2258
37.9944,1001,3.2290
37.9987,997,3.2161
38.0031,923,2.9774
38.0075,710,2.2903
38.0118,509,1.6419
38.0162,398,1.2839
38.0205,360,1.1613
38.0249,365,1.1774
38.0292,393,1.2677
38.0335,420,1.3548
38.0379,434,1.4000
38.0422,439,1.4161
38.0465,439,1.4161
38.0509,440,1.4194
38.0552,442,1.4258
38.0595,444,1.4323
38.0638,446,1.4387
38.0682,447,1.4419
38.0725,448,1.4452
38.0768,449,1.4484
38.0812,450,1.4516
38.0855,452,1.4581
38.0898,453,1.4613
38.0941,455,1.4677
38.0984,455,1.4677
38.1027,459,1.4806
38.1069,468,1.5097
38.1112,482,1.5548
38.1155,497,1.6032
38.1198,512,1.6516
38.1241,523,1.6871
38.1284,538,1.7355
38.1327,553,1.7839
38.1370,564,1.8194
38.1413,578,1.8645
38.1456,590,1.9032
38.1499,599,1.9323
38.1542,609,1.9645
38.1585,617,1.9903
38.1628,621,2.0032
38.1670,626,2.0194
38.1713,628,2.0258
38.1757,630,2.0323
38.1800,631,2.0355
38.1842,629,2.0290
38.1885,624,2.0129
38.1928,617,1.9903
38.1971,610,1.9677
38.2014,600,1.9355
38.2057,592,1.9097
38.2100,583,1.8806
38.2143,571,1.8419
38.2186,559,1.8032
38.2229,546,1.7613
38.2272,532,1.7161
38.2315,518,1.6710
38.2358,504,1.6258
38.2401,490,1.5806
38.2444,478,1.5419
38.2486,464,1.4968
38.2529,453,1.4613
38.2572,440,1.4194
38.2615,432,1.3935
38.2658,430,1.3871
38.2701,430,1.3871
38.2745,432,1.3935
38.2788,434,1.4000
38.2831,437,1.4097
38.2875,437,1.4097
38.2918,439,1.4161
38.2962,440,1.4194
38.3006,442,1.4258
38.3050,444,1.4323
38.3094,446,1.4387
38.3137,448,1.4452
38.3181,449,1.4484
38.3224,451,1.4548
38.3267,463,1.4935
38.3311,479,1.5452
38.3354,495,1.5968
38.3397,509,1.6419
38.3441,524,1.6903
38.3484,535,1.7258
38.3527,544,1.7548
38.3570,548,1.7677
38.3614,551,1.7774
38.3657,551,1.7774
38.3701,546,1.7613
38.3744,537,1.7323
38.3787,527,1.7000
38.3830,512,1.6516
38.3873,499,1.6097
38.3916,486,1.5677
38.3959,472,1.5226
38.4002,460,1.4839
38.4045,456,1.4710
38.4088,454,1.4645
38.4131,455,1.4677
38.4174,457,1.4742
38.4217,458,1.4774
38.4260,458,1.4774
38.4303,460,1.4839
38.4346,461,1.4871
38.4389,463,1.4935
38.4432,464,1.4968
38.4475,466,1.5032
38.4518,465,1.5000
38.4560,453,1.4613
38.4603,424,1.3677
38.4647,392,1.2645
38.4689,388,1.2516
38.4732,448,1.4452
38.4775,568,1.8323
38.4818,736,2.3742
38.4861,922,2.9742
38.4904,998,3.2194
38.4947,999,3.2226
38.4990,997,3.2161
38.5033,914,2.9484
38.5076,701,2.2613
38.5119,508,1.6387
38.5162,398,1.2839
38.5204,360,1.1613
38.5248,363,1.1710
38.5291,390,1.2581
38.5333,418,1.3484
38.5376,432,1.3935
38.5419,438,1.4129
38.5462,440,1.4194
38.5505,441,1.4226
38.5548,441,1.4226
38.5591,442,1.4258
38.5634,443,1.4290
38.5677,444,1.4323
38.5720,444,1.4323
38.5763,446,1.4387
38.5807,448,1.4452
38.5850,451,1.4548
38.5894,453,1.4613
38.5937,453,1.4613
38.5980,455,1.4677
38.6024,458,1.4774
38.6067,467,1.5065
38.6110,481,1.5516
38.6154,495,1.5968
38.6197,509,1.6419
38.6240,524,1.6903
38.6284,537,1.7323
38.6327,550,1.7742
38.6370,565,1.8226
38.6413,577,1.8613
38.6457,588,1.8968
38.6500,598,1.9290
38.6544,609,1.9645
38.6587,618,1.9935
38.6630,622,2.0065
38.6673,626,2.0194
38.6718,630,2.0323
38.6761,630,2.0323
38.6804,629,2.0290
38.6847,628,2.0258
38.6890,624,2.0129
38.6933,617,1.9903
38.6976,610,1.9677
38.7019,602,1.9419
38.7062,592,1.9097
38.7105,581,1.8742
38.7148,570,1.8387
38.7191,557,1.7968
38.7233,544,1.7548
38.7276,530,1.7097
38.7320,515,1.6613
38.7363,500,1.6129
38.7405,487,1.5710
38.7448,475,1.5323
38.7491,462,1.4903
38.7534,451,1.4548
38.7577,439,1.4161
38.7620,432,1.3935
38.7663,430,1.3871
38.7706,432,1.3935
38.7749,433,1.3968
38.7792,435,1.4032
38.7836,438,1.4129
38.7879,439,1.4161
38.7923,440,1.4194
38.7966,441,1.4226
38.8009,442,1.4258
38.8053,443,1.4290
38.8096,444,1.4323
38.8139,446,1.4387
38.8183,447,1.4419
38.8226,452,1.4581
38.8269,463,1.4935
38.8312,477,1.5387
38.8356,494,1.5935
38.8399,509,1.6419
38.8443,523,1.6871
38.8486,534,1.7226
38.8529,542,1.7484
38.8572,548,1.7677
38.8616,550,1.7742
38.8659,549,1.7710
38.8702,545,1.7581
38.8746,535,1.7258
38.8789,524,1.6903
38.8832,511,1.6484
38.8875,499,1.6097
38.8918,483,1.5581
38.8961,469,1.5129
38.9005,457,1.4742
38.9049,452,1.4581
38.9092,452,1.4581
38.9135,453,1.4613
38.9179,457,1.4742
38.9222,458,1.4774
38.9265,459,1.4806
38.9308,460,1.4839
38.9351,461,1.4871
38.9394,463,1.4935
38.9437,464,1.4968
38.9480,465,1.5000
38.9523,463,1.4935
38.9566,449,1.4484
38.9609,420,1.3548
38.9652,390,1.2581
38.9694,392,1.2645
38.9737,459,1.4806
38.9780,588,1.8968
38.9824,757,2.4419
38.9866,945,3.0484
38.9909,1001,3.2290
38.9952,1001,3.2290
38.9995,992,3.2000
39.0038,893,2.8806
39.0082,675,2.1774
39.0125,488,1.5742
39.0168,390,1.2581
39.0211,358,1.1548
39.0253,367,1.1839
39.0296,397,1.2806
39.0339,422,1.3613
39.0382,435,1.4032
39.0425,438,1.4129
39.0468,439,1.4161
39.0511,440,1.4194
39.0554,441,1.4226
39.0597,442,1.4258
39.0640,442,1.4258
39.0683,444,1.4323
39.0726,446,1.4387
39.0769,448,1.4452
39.0812,450,1.4516
39.0855,451,1.4548
39.0899,453,1.4613
39.0942,454,1.4645
39.0985,455,1.4677
39.1029,461,1.4871
39.1072,470,1.5161
39.1115,483,1.5581
39.1158,498,1.6065
39.1202,512,1.6516
39.1245,525,1.6935
39.1288,539,1.7387
39.1332,552,1.7806
39.1375,566,1.8258
39.1418,578,1.8645
39.1461,589,1.9000
39.1505,600,1.9355
39.1548,608,1.9613
39.1591,615,1.9839
39.1635,622,2.0065
39.1678,626,2.0194
39.1722,628,2.0258
39.1766,630,2.0323
39.1809,629,2.0290
39.1853,628,2.0258
39.1896,624,2.0129
39.1938,618,1.9935
39.1982,609,1.9645
39.2026,600,1.9355
39.2069,592,1.9097
39.2113,578,1.8645
39.2156,568,1.8323
39.2199,556,1.7935
39.2242,542,1.7484
39.2285,529,1.7065
39.2328,515,1.6613
39.2371,500,1.6129
39.2414,487,1.5710
39.2457,472,1.5226
39.2499,460,1.4839
39.2542,449,1.4484
39.2585,437,1.4097
39.2628,430,1.3871
39.2671,428,1.3806
39.2714,430,1.3871
39.2757,431,1.3903
39.2800,434,1.4000
39.2843,435,1.4032
39.2886,437,1.4097
39.2929,438,1.4129
39.2972,441,1.4226
39.3015,441,1.4226
39.3058,443,1.4290
39.3101,445,1.4355
39.3144,446,1.4387
39.3186,448,1.4452
39.3229,454,1.4645
39.3272,465,1.5000
39.3315,479,1.5452
39.3358,494,1.5935
39.3401,509,1.6419
39.3444,523,1.6871
39.3487,535,1.7258
39.3530,544,1.7548
39.3573,550,1.7742
39.3616,551,1.7774
39.3659,549,1.7710
39.3702,545,1.7581
39.3745,535,1.7258
39.3789,523,1.6871
39.3832,512,1.6516
39.3875,498,1.6065
39.3919,484,1.5613
39.3962,468,1.5097
39.4005,456,1.4710
39.4048,451,1.4548
39.4092,452,1.4581
39.4135,454,1.4645
39.4179,455,1.4677
39.4222,456,1.4710
39.4265,457,1.4742
39.4309,459,1.4806
39.4352,459,1.4806
39.4396,461,1.4871
39.4443,463,1.4935
39.4488,463,1.4935
39.4531,460,1.4839
39.4574,443,1.4290
39.4618,413,1.3323
39.4661,385,1.2419
39.4704,401,1.2935
39.4748,481,1.5516
39.4792,628,2.0258
39.4835,808,2.6065
39.4879,988,3.1871
39.4922,1001,3.2290
39.4965,1000,3.2258
39.5008,991,3.1968
39.5050,839,2.7065
39.5093,617,1.9903
39.5136,452,1.4581
39.5180,376,1.2129
39.5222,358,1.1548
39.5265,374,1.2065
39.5308,404,1.3032
39.5351,427,1.3774
39.5394,437,1.4097
39.5437,440,1.4194
39.5480,440,1.4194
39.5523,442,1.4258
39.5566,443,1.4290
39.5609,445,1.4355
39.5652,446,1.4387
39.5695,449,1.4484
39.5738,449,1.4484
39.5781,449,1.4484
39.5824,451,1.4548
39.5867,454,1.4645
39.5911,455,1.4677
39.5954,455,1.4677
39.5997,457,1.4742
39.6041,464,1.4968
39.6084,475,1.5323
39.6127,487,1.5710
39.6170,501,1.6161
39.6214,515,1.6613
39.6257,531,1.7129
39.6300,545,1.7581
39.6344,559,1.8032
39.6387,570,1.8387
39.6430,583,1.8806
39.6474,593,1.9129
39.6517,603,1.9452
39.6560,611,1.9710
39.6604,618,1.9935
39.6647,625,2.0161
39.6690,629,2.0290
39.6733,632,2.0387
39.6777,634,2.0452
39.6820,632,2.0387
39.6863,628,2.0258
39.6906,623,2.0097
39.6949,616,1.9871
39.6992,608,1.9613
39.7035,601,1.9387
39.7079,590,1.9032
39.7121,579,1.8677
39.7165,566,1.8258
39.7207,553,1.7839
39.7250,540,1.7419
39.7293,525,1.6935
39.7336,511,1.6484
39.7379,498,1.6065
39.7422,486,1.5677
39.7465,472,1.5226
39.7508,460,1.4839
39.7551,448,1.4452
39.7594,437,1.4097
39.7637,431,1.3903
39.7680,431,1.3903
39.7723,433,1.3968
39.7766,435,1.4032
39.7809,437,1.4097
39.7852,437,1.4097
39.7895,440,1.4194
39.7938,442,1.4258
39.7982,443,1.4290
39.8027,444,1.4323
39.8071,444,1.4323
39.8115,446,1.4387
39.8158,448,1.4452
39.8202,450,1.4516
39.8245,456,1.4710
39.8288,467,1.5065
39.8331,484,1.5613
39.8375,500,1.6129
39.8418,514,1.6581
39.8462,528,1.7032
39.8505,537,1.7323
39.8548,545,1.7581
39.8591,550,1.7742
39.8635,549,1.7710
39.8679,547,1.7645
39.8722,539,1.7387
39.8765,530,1.7097
39.8809,518,1.6710
39.8852,504,1.6258
39.8895,489,1.5774
39.8938,474,1.5290
39.8981,460,1.4839
39.9024,452,1.4581
39.9067,450,1.4516
39.9110,452,1.4581
39.9153,454,1.4645
39.9196,457,1.4742
39.9239,458,1.4774
39.9282,459,1.4806
39.9325,460,1.4839
39.9368,462,1.4903
39.9411,463,1.4935
39.9454,464,1.4968
39.9497,464,1.4968
39.9540,459,1.4806
39.9583,439,1.4161
39.9626,405,1.3065
39.9669,382,1.2323
39.9712,409,1.3194
39.9755,501,1.6161
39.9798,650,2.0968
39.9841,834,2.6903
39.9884,997,3.2161
39.9927,1000,3.2258
39.9970,999,3.2226
40.0013,981,3.1645
40.0056,813,2.6226
40.0099,591,1.9065
40.0142,439,1.4161
40.0185,372,1.2000
40.0228,359,1.1581
40.0271,378,1.2194
40.0314,408,1.3161
40.0359,429,1.3839
40.0405,436,1.4065
40.0450,438,1.4129
40.0494,439,1.4161
40.0537,440,1.4194
40.0580,442,1.4258
40.0624,443,1.4290
40.0667,445,1.4355
40.0710,447,1.4419
40.0753,448,1.4452
40.0796,449,1.4484
40.0839,450,1.4516
40.0882,451,1.4548
40.0925,453,1.4613
40.0968,454,1.4645
40.1012,457,1.4742
40.1056,463,1.4935
40.1099,476,1.5355
40.1142,491,1.5839
40.1186,507,1.6355
40.1229,520,1.6774
40.1271,533,1.7194
40.1315,546,1.7613
40.1358,560,1.8065
40.1400,571,1.8419
40.1443,584,1.8839
40.1486,596,1.9226
40.1529,606,1.9548
40.1572,613,1.9774
40.1615,620,2.0000
40.1658,625,2.0161
40.1701,628,2.0258
40.1744,631,2.0355
40.1787,632,2.0387
40.1830,630,2.0323
40.1873,627,2.0226
40.1916,622,2.0065
40.1959,615,1.9839
40.2002,607,1.9581
40.2045,596,1.9226
40.2088,585,1.8871
40.2131,573,1.8484
40.2174,560,1.8065
40.2216,549,1.7710
40.2259,536,1.7290
40.2302,522,1.6839
40.2345,508,1.6387
40.2388,494,1.5935
40.2431,480,1.5484
40.2474,467,1.5065
40.2517,455,1.4677
40.2560,443,1.4290
40.2603,432,1.3935
40.2646,428,1.3806
40.2689,429,1.3839
40.2732,431,1.3903
40.2775,433,1.3968
40.2818,435,1.4032
40.2860,436,1.4065
40.2903,438,1.4129
40.2947,440,1.4194
40.2990,442,1.4258
40.3034,444,1.4323
40.3077,445,1.4355
40.3120,447,1.4419
40.3164,448,1.4452
40.3207,449,1.4484
40.3250,458,1.4774
40.3293,471,1.5194
40.3337,486,1.5677
40.3381,503,1.6226
40.3424,516,1.6645
40.3467,530,1.7097
40.3511,541,1.7452
40.3554,547,1.7645
40.3597,552,1.7806
40.3641,553,1.7839
40.3684,549,1.7710
40.3727,540,1.7419
40.3771,531,1.7129
40.3814,518,1.6710
40.3857,503,1.6226
40.3900,490,1.5806
40.3944,475,1.5323
40.3987,462,1.4903
40.4030,455,1.4677
40.4073,453,1.4613
40.4115,453,1.4613
40.4158,455,1.4677
40.4201,457,1.4742
40.4244,459,1.4806
40.4287,462,1.4903
40.4330,463,1.4935
40.4373,464,1.4968
40.4416,464,1.4968
40.4459,465,1.5000
40.4502,466,1.5032
40.4545,459,1.4806
40.4589,434,1.4000
40.4632,402,1.2968
40.4675,384,1.2387
40.4718,420,1.3548
40.4761,522,1.6839
40.4805,676,2.1806
40.4848,858,2.7677
40.4891,1000,3.2258
40.4934,1001,3.2290
40.4977,997,3.2161
40.5021,964,3.1097
40.5064,775,2.5000
40.5107,559,1.8032
40.5153,414,1.3355
40.5197,365,1.1774
40.5240,362,1.1677
40.5283,387,1.2484
40.5325,415,1.3387
40.5369,432,1.3935
40.5412,439,1.4161
40.5456,440,1.4194
40.5498,440,1.4194
40.5541,442,1.4258
40.5584,443,1.4290
40.5628,444,1.4323
40.5671,446,1.4387
40.5714,447,1.4419
40.5757,448,1.4452
40.5800,450,1.4516
40.5843,451,1.4548
40.5886,451,1.4548
40.5929,453,1.4613
40.5976,455,1.4677
40.6019,458,1.4774
40.6062,466,1.5032
40.6105,480,1.5484
40.6148,492,1.5871
40.6191,508,1.6387
40.6234,523,1.6871
40.6277,538,1.7355
40.6323,552,1.7806
40.6366,565,1.8226
40.6409,576,1.8581
40.6452,587,1.8935
40.6496,599,1.9323
40.6539,608,1.9613
40.6581,614,1.9806
40.6624,621,2.0032
40.6668,626,2.0194
40.6711,630,2.0323
40.6754,631,2.0355
40.6798,631,2.0355
40.6841,629,2.0290
40.6884,625,2.0161
40.6927,620,2.0000
40.6971,612,1.9742
40.7016,602,1.9419
40.7060,592,1.9097
40.7104,581,1.8742
40.7147,569,1.8355
40.7190,557,1.7968
40.7233,544,1.7548
40.7277,530,1.7097
40.7320,518,1.6710
40.7363,505,1.6290
40.7406,490,1.5806
40.7449,477,1.5387
40.7492,463,1.4935
40.7535,453,1.4613
40.7579,441,1.4226
40.7628,431,1.3903
40.7672,429,1.3839
40.7715,432,1.3935
40.7758,434,1.4000
40.7800,434,1.4000
40.7844,435,1.4032
40.7887,437,1.4097
40.7933,439,1.4161
40.7976,444,1.4323
40.8019,442,1.4258
40.8062,444,1.4323
40.8106,446,1.4387
40.8149,448,1.4452
40.8192,448,1.4452
40.8235,453,1.4613
40.8278,464,1.4968
40.8321,479,1.5452
40.8365,496,1.6000
40.8407,510,1.6452
40.8450,524,1.6903
40.8494,536,1.7290
40.8537,544,1.7548
40.8580,548,1.7677
40.8623,549,1.7710
40.8666,547,1.7645
40.8709,540,1.7419
40.8752,531,1.7129
40.8795,520,1.6774
40.8838,508,1.6387
40.8881,495,1.5968
40.8924,481,1.5516
40.8967,468,1.5097
40.9010,457,1.4742
40.9053,455,1.4677
40.9096,455,1.4677
40.9140,455,1.4677
40.9183,457,1.4742
40.9225,458,1.4774
40.9271,459,1.4806
40.9314,461,1.4871
40.9357,461,1.4871
40.9400,463,1.4935
40.9446,464,1.4968
40.9489,465,1.5000
40.9532,461,1.4871
40.9575,444,1.4323
40.9618,412,1.3290
40.9661,385,1.2419
40.9704,401,1.2935
40.9747,481,1.5516
40.9790,621,2.0032
40.9833,794,2.5613
40.9876,978,3.1548
40.9925,1001,3.2290
40.9968,1001,3.2290
41.0013,981,3.1645
41.0057,810,2.6129
41.0101,584,1.8839
41.0144,434,1.4000
41.0188,371,1.1968
41.0231,359,1.1581
41.0273,380,1.2258
41.0317,409,1.3194
41.0360,428,1.3806
41.0403,437,1.4097
41.0446,440,1.4194
41.0489,440,1.4194
41.0532,441,1.4226
41.0576,441,1.4226
41.0619,441,1.4226
41.0662,444,1.4323
41.0705,446,1.4387
41.0748,448,1.4452
41.0793,449,1.4484
41.0836,451,1.4548
41.0880,452,1.4581
41.0923,454,1.4645
41.0966,456,1.4710
41.1009,458,1.4774
41.1052,466,1.5032
41.1095,477,1.5387
41.1138,491,1.5839
41.1181,506,1.6323
41.1224,519,1.6742
41.1267,532,1.7161
41.1310,547,1.7645
41.1358,562,1.8129
41.1402,575,1.8548
41.1445,587,1.8935
41.1488,598,1.9290
41.1532,606,1.9548
41.1575,614,1.9806
41.1618,621,2.0032
41.1661,626,2.0194
41.1704,630,2.0323
41.1747,632,2.0387
41.1790,632,2.0387
41.1833,630,2.0323
41.1876,625,2.0161
41.1919,621,2.0032
41.1964,614,1.9806
41.2008,605,1.9516
41.2051,594,1.9161
41.2094,584,1.8839
41.2137,573,1.8484
41.2184,561,1.8097
41.2227,547,1.7645
41.2270,534,1.7226
41.2313,518,1.6710
41.2356,503,1.6226
41.2399,490,1.5806
41.2442,476,1.5355
41.2485,464,1.4968
41.2529,452,1.4581
41.2572,439,1.4161
41.2615,430,1.3871
41.2658,428,1.3806
41.2701,429,1.3839
41.2747,430,1.3871
41.2791,431,1.3903
41.2834,434,1.4000
41.2876,436,1.4065
41.2919,437,1.4097
41.2963,439,1.4161
41.3006,440,1.4194
41.3049,443,1.4290
41.3092,444,1.4323
41.3135,445,1.4355
41.3179,446,1.4387
41.3222,449,1.4484
41.3265,460,1.4839
41.3308,475,1.5323
41.3351,491,1.5839
41.3394,507,1.6355
41.3437,521,1.6806
41.3480,534,1.7226
41.3523,542,1.7484
41.3566,549,1.7710
41.3610,551,1.7774
41.3653,551,1.7774
41.3696,546,1.7613
41.3739,539,1.7387
41.3782,528,1.7032
41.3825,515,1.6613
41.3868,501,1.6161
41.3911,486,1.5677
41.3954,472,1.5226
41.3997,460,1.4839
41.4040,453,1.4613
41.4083,452,1.4581
41.4127,454,1.4645
41.4170,455,1.4677
41.4221,457,1.4742
41.4264,458,1.4774
41.4307,460,1.4839
41.4350,460,1.4839
41.4393,462,1.4903
41.4436,464,1.4968
41.4481,465,1.5000
41.4524,463,1.4935
41.4566,449,1.4484
41.4609,419,1.3516
41.4652,389,1.2548
41.4694,390,1.2581
41.4737,455,1.4677
41.4780,579,1.8677
41.4822,746,2.4065
41.4865,935,3.0161
41.4908,1000,3.2258
41.4950,1001,3.2290
41.4995,997,3.2161
41.5038,904,2.9161
41.5080,689,2.2226
41.5123,499,1.6097
41.5165,396,1.2774
41.5208,361,1.1645
41.5251,365,1.1774
41.5293,393,1.2677
41.5336,419,1.3516
41.5378,435,1.4032
41.5421,439,1.4161
41.5464,439,1.4161
41.5507,439,1.4161
41.5549,441,1.4226
41.5592,442,1.4258
41.5634,443,1.4290
41.5678,446,1.4387
41.5720,448,1.4452
41.5763,449,1.4484
41.5811,449,1.4484
41.5854,450,1.4516
41.5896,451,1.4548
41.5939,452,1.4581
41.5982,454,1.4645
41.6026,459,1.4806
41.6070,469,1.5129
41.6114,482,1.5548
41.6156,496,1.6000
41.6199,509,1.6419
41.6241,523,1.6871
41.6284,537,1.7323
41.6327,550,1.7742
41.6369,564,1.8194
41.6412,577,1.8613
41.6454,588,1.8968
41.6497,598,1.9290
41.6540,607,1.9581
41.6583,615,1.9839
41.6632,622,2.0065
41.6675,625,2.0161
41.6717,629,2.0290
41.6760,631,2.0355
41.6802,631,2.0355
41.6845,628,2.0258
41.6888,624,2.0129
41.6930,620,2.0000
41.6973,612,1.9742
41.7015,605,1.9516
41.7058,595,1.9194
41.7101,584,1.8839
41.7144,573,1.8484
41.7186,559,1.8032
41.7228,547,1.7645
41.7271,533,1.7194
41.7314,520,1.6774
41.7357,505,1.6290
41.7399,490,1.5806
41.7441,478,1.5419
41.7489,465,1.5000
41.7532,451,1.4548
41.7575,440,1.4194
41.7618,431,1.3903
41.7660,429,1.3839
41.7703,430,1.3871
41.7746,433,1.3968
41.7788,434,1.4000
41.7831,436,1.4065
41.7873,437,1.4097
41.7916,439,1.4161
41.7958,441,1.4226
41.8001,442,1.4258
41.8049,444,1.4323
41.8092,446,1.4387
41.8134,447,1.4419
41.8177,448,1.4452
41.8219,451,1.4548
41.8265,461,1.4871
41.8308,475,1.5323
41.8351,491,1.5839
41.8393,507,1.6355
41.8435,520,1.6774
41.8478,533,1.7194
41.8522,542,1.7484
41.8564,548,1.7677
41.8607,553,1.7839
41.8649,552,1.7806
41.8692,548,1.7677
41.8735,540,1.7419
41.8778,529,1.7065
41.8820,516,1.6645
41.8863,504,1.6258
41.8905,490,1.5806
41.8948,475,1.5323
41.8991,461,1.4871
41.9036,455,1.4677
41.9085,454,1.4645
41.9128,456,1.4710
41.9171,457,1.4742
41.9213,458,1.4774
41.9256,459,1.4806
41.9299,460,1.4839
41.9342,462,1.4903
41.9384,463,1.4935
41.9427,464,1.4968
41.9469,466,1.5032
41.9512,466,1.5032
41.9559,454,1.4645
41.9602,426,1.3742
41.9645,395,1.2742
41.9687,386,1.2452
41.9730,439,1.4161
41.9773,556,1.7935
41.9815,718,2.3161
41.9858,902,2.9097
41.9903,998,3.2194
41.9946,1001,3.2290
41.9988,998,3.2194
42.0031,933,3.0097
42.0074,722,2.3290
42.0117,521,1.6806
42.0160,404,1.3032
42.0202,362,1.1677
42.0244,362,1.1677
42.0287,388,1.2516
42.0329,416,1.3419
42.0372,432,1.3935
42.0415,438,1.4129
42.0457,439,1.4161
42.0500,441,1.4226
42.0542,442,1.4258
42.0586,443,1.4290
42.0629,444,1.4323
42.0671,446,1.4387
42.0719,447,1.4419
42.0762,448,1.4452
42.0804,450,1.4516
42.0847,450,1.4516
42.0889,452,1.4581
42.0932,453,1.4613
42.0975,454,1.4645
42.1017,457,1.4742
42.1060,464,1.4968
42.1102,478,1.5419
42.1145,493,1.5903
42.1188,508,1.6387
42.1230,522,1.6839
42.1273,535,1.7258
42.1316,549,1.7710
42.1358,563,1.8161
42.1401,574,1.8516
42.1444,585,1.8871
42.1486,595,1.9194
42.1536,607,1.9581
42.1579,615,1.9839
42.1622,622,2.0065
42.1664,626,2.0194
42.1707,629,2.0290
42.1749,630,2.0323
42.1792,629,2.0290
42.1835,629,2.0290
42.1877,626,2.0194
42.1920,619,1.9968
42.1962,613,1.9774
42.2006,605,1.9516
42.2048,596,1.9226
42.2091,586,1.8903
42.2134,575,1.8548
42.2176,562,1.8129
42.2219,548,1.7677
42.2262,537,1.7323
42.2304,524,1.6903
42.2347,509,1.6419
42.2395,493,1.5903
42.2438,479,1.5452
42.2480,466,1.5032
42.2523,455,1.4677
42.2565,442,1.4258
42.2609,433,1.3968
42.2651,429,1.3839
42.2694,430,1.3871
42.2736,432,1.3935
42.2779,433,1.3968
42.2822,435,1.4032
42.2864,437,1.4097
42.2907,440,1.4194
42.2949,442,1.4258
42.2992,443,1.4290
42.3035,444,1.4323
42.3083,445,1.4355
42.3125,447,1.4419
42.3169,448,1.4452
42.3212,449,1.4484
42.3255,458,1.4774
42.3297,471,1.5194
42.3340,487,1.5710
42.3382,503,1.6226
42.3425,517,1.6677
42.3468,529,1.7065
42.3510,538,1.7355
42.3553,545,1.7581
42.3596,550,1.7742
42.3639,551,1.7774
42.3682,546,1.7613
42.3724,538,1.7355
42.3767,530,1.7097
42.3809,519,1.6742
42.3852,506,1.6323
42.3895,492,1.5871
42.3937,478,1.5419
42.3979,462,1.4903
42.4028,454,1.4645
42.4070,451,1.4548
42.4113,452,1.4581
42.4156,455,1.4677
42.4198,456,1.4710
42.4242,457,1.4742
42.4284,458,1.4774
42.4326,461,1.4871
42.4369,462,1.4903
42.4411,462,1.4903
42.4454,464,1.4968
42.4497,464,1.4968
42.4539,461,1.4871
42.4582,441,1.4226
42.4625,407,1.3129
42.4668,383,1.2355
42.4712,409,1.3194
42.4756,500,1.6129
42.4802,662,2.1355
42.4845,845,2.7258
42.4887,997,3.2161
42.4930,999,3.2226
42.4973,998,3.2194
42.5017,974,3.1419
42.5061,788,2.5419
42.5105,569,1.8355
42.5147,428,1.3806
42.5190,369,1.1903
42.5232,358,1.1548
42.5275,379,1.2226
42.5318,409,1.3194
42.5360,429,1.3839
42.5403,437,1.4097
42.5445,439,1.4161
42.5488,439,1.4161
42.5531,439,1.4161
42.5573,441,1.4226
42.5621,443,1.4290
42.5664,444,1.4323
42.5707,446,1.4387
42.5749,447,1.4419
42.5792,448,1.4452
42.5834,450,1.4516
42.5877,452,1.4581
42.5920,453,1.4613
42.5962,455,1.4677
42.6005,455,1.4677
42.6047,462,1.4903
42.6090,473,1.5258
42.6133,488,1.5742
42.6176,503,1.6226
42.6218,516,1.6645
42.6261,529,1.7065
42.6303,545,1.7581
42.6346,559,1.8032
42.6389,570,1.8387
42.6431,582,1.8774
42.6480,595,1.9194
42.6522,604,1.9484
42.6565,612,1.9742
42.6608,618,1.9935
42.6651,624,2.0129
42.6693,628,2.0258
42.6736,630,2.0323
42.6778,630,2.0323
42.6821,630,2.0323
42.6863,628,2.0258
42.6906,624,2.0129
42.6948,617,1.9903
42.6991,610,1.9677
42.7033,602,1.9419
42.7076,590,1.9032
42.7119,580,1.8710
42.7162,567,1.8290
42.7205,553,1.7839
42.7248,540,1.7419
42.7291,527,1.7000
42.7334,513,1.6548
42.7377,499,1.6097
42.7420,485,1.5645
42.7463,471,1.5194
42.7506,458,1.4774
42.7549,447,1.4419
42.7592,437,1.4097
42.7636,431,1.3903
42.7680,429,1.3839
42.7725,431,1.3903
42.7769,432,1.3935
42.7812,435,1.4032
42.7855,437,1.4097
42.7898,439,1.4161
42.7941,440,1.4194
42.7984,441,1.4226
42.8028,443,1.4290
42.8073,445,1.4355
42.8118,446,1.4387
42.8161,446,1.4387
42.8204,449,1.4484
42.8247,457,1.4742
42.8290,468,1.5097
42.8332,483,1.5581
42.8375,498,1.6065
42.8417,513,1.6548
42.8460,526,1.6968
42.8502,537,1.7323
42.8545,546,1.7613
42.8587,550,1.7742
42.8630,550,1.7742
42.8673,548,1.7677
42.8715,542,1.7484
42.8758,532,1.7161
42.8801,521,1.6806
42.8843,508,1.6387
42.8886,494,1.5935
42.8929,480,1.5484
42.8971,466,1.5032
42.9014,456,1.4710
42.9056,453,1.4613
42.9099,453,1.4613
42.9142,455,1.4677
42.9185,457,1.4742
42.9228,458,1.4774
42.9271,459,1.4806
42.9314,460,1.4839
42.9357,461,1.4871
42.9400,463,1.4935
42.9443,463,1.4935
42.9485,464,1.4968
42.9529,461,1.4871
42.9571,446,1.4387
42.9614,416,1.3419
42.9658,386,1.2452
42.9700,394,1.2710
42.9743,468,1.5097
42.9786,603,1.9452
42.9835,801,2.5839
42.9879,984,3.1742
42.9922,1001,3.2290
42.9965,1000,3.2258
43.0008,989,3.1903
43.0051,839,2.7065
43.0095,617,1.9903
43.0138,453,1.4613
43.0181,376,1.2129
43.0224,358,1.1548
43.0267,374,1.2065
43.0310,404,1.3032
43.0353,427,1.3774
43.0397,436,1.4065
43.0440,439,1.4161
43.0483,440,1.4194
43.0526,441,1.4226
43.0569,442,1.4258
43.0612,443,1.4290
43.0655,445,1.4355
43.0698,446,1.4387
43.0741,448,1.4452
43.0784,450,1.4516
43.0827,451,1.4548
43.0870,453,1.4613
43.0913,455,1.4677
43.0956,455,1.4677
43.0999,456,1.4710
43.1042,463,1.4935
43.1085,475,1.5323
43.1128,488,1.5742
43.1171,501,1.6161
43.1214,515,1.6613
43.1257,529,1.7065
43.1300,543,1.7516
43.1343,557,1.7968
43.1386,571,1.8419
43.1429,582,1.8774
43.1472,593,1.9129
43.1515,601,1.9387
43.1558,609,1.9645
43.1601,617,1.9903
43.1644,622,2.0065
43.1687,625,2.0161
43.1730,629,2.0290
43.1773,631,2.0355
43.1816,630,2.0323
43.1859,629,2.0290
43.1902,624,2.0129
43.1945,616,1.9871
43.1988,608,1.9613
43.2031,599,1.9323
43.2074,591,1.9065
43.2118,580,1.8710
43.2161,567,1.8290
43.2203,554,1.7871
43.2248,539,1.7387
43.2291,526,1.6968
43.2334,513,1.6548
43.2377,498,1.6065
43.2420,484,1.5613
43.2463,469,1.5129
43.2506,457,1.4742
43.2549,446,1.4387
43.2592,435,1.4032
43.2636,429,1.3839
43.2679,429,1.3839
43.2722,431,1.3903
43.2765,434,1.4000
43.2808,436,1.4065
43.2852,438,1.4129
43.2894,439,1.4161
43.2937,439,1.4161
43.2980,440,1.4194
43.3023,442,1.4258
43.3067,443,1.4290
43.3110,446,1.4387
43.3153,446,1.4387
43.3196,447,1.4419
43.3239,454,1.4645
43.3282,466,1.5032
43.3325,482,1.5548
43.3368,498,1.6065
43.3411,512,1.6516
43.3454,524,1.6903
43.3497,534,1.7226
43.3540,543,1.7516
43.3583,549,1.7710
43.3626,552,1.7806
43.3669,550,1.7742
43.3712,543,1.7516
43.3756,534,1.7226
43.3799,522,1.6839
43.3841,508,1.6387
43.3884,496,1.6000
43.3927,481,1.5516
43.3970,467,1.5065
43.4014,455,1.4677
43.4069,453,1.4613
43.4113,453,1.4613
43.4156,456,1.4710
43.4199,457,1.4742
43.4247,458,1.4774
43.4290,460,1.4839
43.4333,461,1.4871
43.4376,462,1.4903
43.4418,464,1.4968
43.4461,465,1.5000
43.4504,466,1.5032
43.4546,459,1.4806
43.4589,435,1.4032
43.4631,403,1.3000
43.4674,384,1.2387
43.4717,417,1.3452
43.4760,513,1.6548
43.4802,661,2.1323
43.4845,841,2.7129
43.4887,998,3.2194
43.4930,1001,3.2290
43.4973,999,3.2226
43.5016,977,3.1516
43.5058,808,2.6065
43.5101,589,1.9000
43.5144,438,1.4129
43.5186,371,1.1968
43.5229,358,1.1548
43.5276,379,1.2226
43.5319,409,1.3194
43.5362,428,1.3806
43.5404,436,1.4065
43.5447,439,1.4161
43.5489,441,1.4226
43.5532,441,1.4226
43.5575,442,1.4258
43.5617,443,1.4290
43.5660,445,1.4355
43.5703,446,1.4387
43.5746,447,1.4419
43.5789,449,1.4484
43.5831,451,1.4548
43.5874,452,1.4581
43.5916,455,1.4677
43.5960,455,1.4677
43.6002,457,1.4742
43.6045,461,1.4871
43.6087,472,1.5226
43.6130,485,1.5645
43.6173,500,1.6129
43.6216,515,1.6613
43.6258,529,1.7065
43.6302,543,1.7516
43.6345,556,1.7935
43.6388,569,1.8355
43.6431,580,1.8710
43.6473,591,1.9065
43.6516,601,1.9387
43.6559,610,1.9677
43.6602,619,1.9968
43.6644,624,2.0129
43.6687,628,2.0258
43.6730,631,2.0355
43.6773,632,2.0387
43.6815,630,2.0323
43.6858,627,2.0226
43.6900,623,2.0097
43.6943,617,1.9903
43.6986,609,1.9645
43.7030,599,1.9323
43.7074,589,1.9000
43.7117,576,1.8581
43.7175,563,1.8161
43.7218,549,1.7710
43.7260,536,1.7290
43.7303,522,1.6839
43.7346,509,1.6419
43.7389,494,1.5935
43.7431,481,1.5516
43.7474,466,1.5032
43.7517,454,1.4645
43.7559,443,1.4290
43.7602,433,1.3968
43.7645,428,1.3806
43.7688,429,1.3839
43.7731,431,1.3903
43.7773,433,1.3968
43.7817,435,1.4032
43.7859,438,1.4129
43.7902,440,1.4194
43.7948,440,1.4194
43.7991,441,1.4226
43.8033,442,1.4258
43.8076,444,1.4323
43.8118,445,1.4355
43.8162,447,1.4419
43.8205,449,1.4484
43.8248,457,1.4742
43.8290,469,1.5129
43.8333,485,1.5645
43.8376,501,1.6161
43.8418,515,1.6613
43.8461,528,1.7032
43.8504,540,1.7419
43.8546,545,1.7581
43.8589,551,1.7774
43.8632,552,1.7806
43.8674,548,1.7677
43.8717,541,1.7452
43.8760,532,1.7161
43.8808,520,1.6774
43.8851,507,1.6355
43.8893,493,1.5903
43.8936,479,1.5452
43.8979,465,1.5000
43.9022,455,1.4677
43.9065,453,1.4613
43.9107,454,1.4645
43.9150,456,1.4710
43.9192,457,1.4742
43.9235,459,1.4806
43.9278,461,1.4871
43.9320,462,1.4903
43.9363,462,1.4903
43.9405,463,1.4935
43.9449,465,1.5000
43.9491,465,1.5000
43.9534,461,1.4871
43.9582,440,1.4194
43.9625,409,1.3194
43.9668,385,1.2419
43.9710,407,1.3129
43.9753,494,1.5935
43.9796,637,2.0548
43.9839,815,2.6290
43.9881,990,3.1935
43.9924,1001,3.2290
43.9966,998,3.2194
44.0009,989,3.1903
44.0052,839,2.7065
44.0095,620,2.0000
44.0137,456,1.4710
44.0180,378,1.2194
44.0223,359,1.1581
44.0266,374,1.2065
44.0308,403,1.3000
44.0351,426,1.3742
44.0398,438,1.4129
44.0441,441,1.4226
44.0484,440,1.4194
44.0527,440,1.4194
44.0569,443,1.4290
44.0612,444,1.4323
44.0655,446,1.4387
44.0701,447,1.4419
44.0744,449,1.4484
44.0787,451,1.4548
44.0830,452,1.4581
44.0872,452,1.4581
44.0915,452,1.4581
44.0957,454,1.4645
44.1000,456,1.4710
44.1042,462,1.4903
44.1085,474,1.5290
44.1128,488,1.5742
44.1171,502,1.6194
44.1214,516,1.6645
44.1258,530,1.7097
44.1300,544,1.7548
44.1343,557,1.7968
44.1385,569,1.8355
44.1428,584,1.8839
44.1471,594,1.9161
44.1514,604,1.9484
44.1556,612,1.9742
44.1598,618,1.9935
44.1641,622,2.0065
44.1685,628,2.0258
44.1727,630,2.0323
44.1770,632,2.0387
44.1812,631,2.0355
44.1855,628,2.0258
44.1898,623,2.0097
44.1941,616,1.9871
44.1983,610,1.9677
44.2030,601,1.9387
44.2073,591,1.9065
44.2116,580,1.8710
44.2158,568,1.8323
44.2201,553,1.7839
44.2244,542,1.7484
44.2287,527,1.7000
44.2329,513,1.6548
44.2372,500,1.6129
44.2415,485,1.5645
44.2458,471,1.5194
44.2501,458,1.4774
44.2544,446,1.4387
44.2586,436,1.4065
44.2629,429,1.3839
44.2672,428,1.3806
44.2715,430,1.3871
44.2758,433,1.3968
44.2801,435,1.4032
44.2846,436,1.4065
44.2889,438,1.4129
44.2931,439,1.4161
44.2974,441,1.4226
44.3018,443,1.4290
44.3061,444,1.4323
44.3105,444,1.4323
44.3148,447,1.4419
44.3190,448,1.4452
44.3233,454,1.4645
44.3276,465,1.5000
44.3319,479,1.5452
44.3362,494,1.5935
44.3405,509,1.6419
44.3447,523,1.6871
44.3490,533,1.7194
44.3533,542,1.7484
44.3575,548,1.7677
44.3618,551,1.7774
44.3661,550,1.7742
44.3704,545,1.7581
44.3747,536,1.7290
44.3789,524,1.6903
44.3832,512,1.6516
44.3874,499,1.6097
44.3917,486,1.5677
44.3959,471,1.5194
44.4002,459,1.4806
44.4044,453,1.4613
44.4087,453,1.4613
44.4129,455,1.4677
44.4172,456,1.4710
44.4215,458,1.4774
44.4258,458,1.4774
44.4301,458,1.4774
44.4344,460,1.4839
44.4387,460,1.4839
44.4429,462,1.4903
44.4472,462,1.4903
44.4515,461,1.4871
44.4558,453,1.4613
44.4600,427,1.3774
44.4643,394,1.2710
44.4686,385,1.2419
44.4729,436,1.4065
44.4772,549,1.7710
44.4814,710,2.2903
44.4857,894,2.8839
44.4900,1000,3.2258
44.4943,1001,3.2290
44.4997,992,3.2000
44.5050,847,2.7323
44.5095,620,2.0000
44.5139,451,1.4548
44.5182,375,1.2097
44.5226,358,1.1548
44.5270,374,1.2065
44.5312,405,1.3065
44.5355,427,1.3774
44.5397,437,1.4097
44.5440,439,1.4161
44.5482,439,1.4161
44.5525,440,1.4194
44.5567,441,1.4226
44.5610,443,1.4290
44.5653,444,1.4323
44.5695,445,1.4355
44.5737,447,1.4419
44.5780,449,1.4484
44.5823,451,1.4548
44.5865,451,1.4548
44.5908,452,1.4581
44.5951,454,1.4645
44.5994,457,1.4742
44.6037,462,1.4903
44.6081,472,1.5226
44.6124,485,1.5645
44.6168,501,1.6161
44.6210,515,1.6613
44.6253,528,1.7032
44.6296,541,1.7452
44.6338,554,1.7871
44.6381,569,1.8355
44.6423,581,1.8742
44.6465,589,1.9000
44.6508,600,1.9355
44.6550,608,1.9613
44.6593,617,1.9903
44.6636,623,2.0097
44.6679,626,2.0194
44.6721,628,2.0258
44.6764,631,2.0355
44.6806,631,2.0355
44.6849,628,2.0258
44.6891,624,2.0129
44.6934,618,1.9935
44.6977,611,1.9710
44.7020,603,1.9452
44.7062,593,1.9129
44.7105,583,1.8806
44.7147,571,1.8419
44.7190,559,1.8032
44.7232,546,1.7613
44.7275,532,1.7161
44.7318,518,1.6710
44.7361,504,1.6258
44.7404,490,1.5806
44.7447,478,1.5419
44.7526,454,1.4645
44.7570,443,1.4290
44.7613,433,1.3968
44.7657,429,1.3839
44.7699,430,1.3871
44.7742,432,1.3935
44.7785,434,1.4000
44.7828,435,1.4032
44.7871,437,1.4097
44.7914,438,1.4129
44.7957,440,1.4194
44.8001,442,1.4258
44.8044,443,1.4290
44.8086,445,1.4355
44.8129,447,1.4419
44.8173,448,1.4452
44.8216,451,1.4548
44.8259,457,1.4742
44.8302,469,1.5129
44.8344,485,1.5645
44.8387,500,1.6129
44.8430,514,1.6581
44.8473,527,1.7000
44.8515,538,1.7355
44.8558,545,1.7581
44.8600,550,1.7742
44.8643,552,1.7806
44.8686,548,1.7677
44.8728,542,1.7484
44.8771,533,1.7194
44.8814,520,1.6774
44.8857,508,1.6387
44.8899,494,1.5935
44.8942,480,1.5484
44.8985,465,1.5000
44.9027,455,1.4677
44.9070,452,1.4581
44.9113,453,1.4613
44.9155,455,1.4677
44.9198,457,1.4742
44.9241,458,1.4774
44.9283,460,1.4839
44.9327,460,1.4839
44.9369,461,1.4871
44.9413,461,1.4871
44.9456,464,1.4968
44.9499,466,1.5032
44.9542,462,1.4903
44.9585,445,1.4355
44.9628,413,1.3323
44.9671,385,1.2419
44.9714,398,1.2839
44.9756,473,1.5258
44.9799,609,1.9645
44.9842,784,2.5290
44.9885,968,3.1226
44.9928,999,3.2226
44.9971,1001,3.2290
45.0013,995,3.2097
45.0057,867,2.7968
45.0099,647,2.0871
45.0142,471,1.5194
45.0185,383,1.2355
45.0228,357,1.1516
45.0271,369,1.1903
45.0319,403,1.3000
45.0374,430,1.3871
45.0439,438,1.4129
45.0484,439,1.4161
45.0528,440,1.4194
45.0571,441,1.4226
45.0619,444,1.4323
45.0663,444,1.4323
45.0706,446,1.4387
45.0748,448,1.4452
45.0791,450,1.4516
45.0835,450,1.4516
45.0879,450,1.4516
45.0921,451,1.4548
45.0964,453,1.4613
45.1007,455,1.4677
45.1050,460,1.4839
45.1093,473,1.5258
45.1136,486,1.5677
45.1179,500,1.6129
45.1222,513,1.6548
45.1266,527,1.7000
45.1310,542,1.7484
45.1353,555,1.7903
45.1395,568,1.8323
45.1441,581,1.8742
45.1484,591,1.9065
45.1526,602,1.9419
45.1569,611,1.9710
45.1611,618,1.9935
45.1654,623,2.0097
45.1697,627,2.0226
45.1740,628,2.0258
45.1785,629,2.0290
45.1828,629,2.0290
45.1870,628,2.0258
45.1913,622,2.0065
45.1956,615,1.9839
45.1999,609,1.9645
45.2043,600,1.9355
45.2087,589,1.9000
45.2131,578,1.8645
45.2174,564,1.8194
45.2217,552,1.7806
45.2266,537,1.7323
45.2310,522,1.6839
45.2353,509,1.6419
45.2396,495,1.5968
45.2439,481,1.5516
45.2482,468,1.5097
45.2526,455,1.4677
45.2569,444,1.4323
45.2612,434,1.4000
45.2655,429,1.3839
45.2698,429,1.3839
45.2741,430,1.3871
45.2784,433,1.3968
45.2827,435,1.4032
45.2870,436,1.4065
45.2913,437,1.4097
45.2957,440,1.4194
45.3000,440,1.4194
45.3043,442,1.4258
45.3090,445,1.4355
45.3133,447,1.4419
45.3176,448,1.4452
45.3219,451,1.4548
45.3262,459,1.4806
45.3305,473,1.5258
45.3349,487,1.5710
45.3391,502,1.6194
45.3434,517,1.6677
45.3477,529,1.7065
45.3520,539,1.7387
45.3564,547,1.7645
45.3607,550,1.7742
45.3649,551,1.7774
45.3692,547,1.7645
45.3735,540,1.7419
45.3779,530,1.7097
45.3822,518,1.6710
45.3865,506,1.6323
45.3911,490,1.5806
45.3954,475,1.5323
45.3997,461,1.4871
45.4040,454,1.4645
45.4083,453,1.4613
45.4126,454,1.4645
45.4170,456,1.4710
45.4212,457,1.4742
45.4255,458,1.4774
45.4299,461,1.4871
45.4342,463,1.4935
45.4385,463,1.4935
45.4428,465,1.5000
45.4471,465,1.5000
45.4514,466,1.5032
45.4557,460,1.4839
45.4600,436,1.4065
45.4643,404,1.3032
45.4686,384,1.2387
45.4729,420,1.3548
45.4773,520,1.6774
45.4816,673,2.1710
45.4859,855,2.7581
45.4902,999,3.2226
45.4945,998,3.2194
45.4988,1000,3.2258
45.5033,963,3.1065
45.5077,769,2.4806
45.5120,552,1.7806
45.5163,418,1.3484
45.5207,365,1.1774
45.5250,360,1.1613
45.5293,385,1.2419
45.5337,415,1.3387
45.5380,433,1.3968
45.5423,439,1.4161
45.5465,440,1.4194
45.5508,441,1.4226
45.5550,442,1.4258
45.5594,444,1.4323
45.5636,445,1.4355
45.5679,446,1.4387
45.5722,448,1.4452
45.5764,450,1.4516
45.5807,451,1.4548
45.5850,450,1.4516
45.5893,453,1.4613
45.5935,455,1.4677
45.5978,455,1.4677
45.6021,458,1.4774
45.6064,464,1.4968
45.6106,476,1.5355
45.6149,491,1.5839
45.6192,504,1.6258
45.6235,518,1.6710
45.6277,532,1.7161
45.6320,547,1.7645
45.6364,560,1.8065
45.6407,573,1.8484
45.6450,584,1.8839
45.6493,594,1.9161
45.6536,603,1.9452
45.6580,612,1.9742
45.6623,619,1.9968
45.6666,623,2.0097
45.6709,626,2.0194
45.6752,629,2.0290
45.6795,630,2.0323
45.6838,630,2.0323
45.6881,626,2.0194
45.6924,619,1.9968
45.6967,614,1.9806
45.7011,607,1.9581
45.7054,597,1.9258
45.7097,588,1.8968
45.7140,575,1.8548
45.7183,562,1.8129
45.7226,549,1.7710
45.7269,536,1.7290
45.7312,523,1.6871
45.7355,510,1.6452
45.7397,495,1.5968
45.7440,480,1.5484
45.7483,467,1.5065
45.7525,455,1.4677
45.7568,443,1.4290
45.7611,433,1.3968
45.7654,429,1.3839
45.7696,429,1.3839
45.7739,430,1.3871
45.7781,433,1.3968
45.7824,435,1.4032
45.7867,436,1.4065
45.7910,437,1.4097
45.7952,439,1.4161
45.7995,440,1.4194
45.8038,443,1.4290
45.8081,444,1.4323
45.8123,446,1.4387
45.8166,448,1.4452
45.8209,451,1.4548
45.8252,457,1.4742
45.8295,468,1.5097
45.8337,482,1.5548
45.8380,497,1.6032
45.8423,512,1.6516
45.8467,525,1.6935
45.8510,537,1.7323
45.8553,546,1.7613
45.8596,551,1.7774
45.8639,552,1.7806
45.8682,549,1.7710
45.8725,543,1.7516
45.8768,534,1.7226
45.8811,522,1.6839
45.8855,509,1.6419
45.8898,494,1.5935
45.8941,479,1.5452
45.8984,466,1.5032
45.9027,456,1.4710
45.9070,452,1.4581
45.9113,452,1.4581
45.9156,454,1.4645
45.9199,457,1.4742
45.9243,458,1.4774
45.9286,460,1.4839
45.9329,460,1.4839
45.9372,461,1.4871
45.9415,462,1.4903
45.9458,463,1.4935
45.9501,463,1.4935
45.9543,461,1.4871
45.9586,445,1.4355
45.9628,414,1.3355
45.9671,386,1.2452
45.9714,398,1.2839
45.9756,473,1.5258
45.9799,608,1.9613
45.9842,778,2.5097
45.9885,965,3.1129
45.9928,1000,3.2258
45.9971,998,3.2194
46.0014,994,3.2065
46.0056,871,2.8097
46.0099,651,2.1000
46.0142,473,1.5258
46.0185,383,1.2355
46.0227,357,1.1516
46.0270,368,1.1871
46.0313,397,1.2806
46.0356,423,1.3645
46.0399,435,1.4032
46.0442,439,1.4161
46.0486,441,1.4226
46.0529,442,1.4258
46.0572,443,1.4290
46.0614,444,1.4323
46.0657,446,1.4387
46.0701,446,1.4387
46.0744,448,1.4452
46.0786,450,1.4516
46.0830,451,1.4548
46.0873,452,1.4581
46.0916,452,1.4581
46.0959,453,1.4613
46.1003,455,1.4677
46.1047,461,1.4871
46.1102,476,1.5355
46.1146,490,1.5806
46.1188,504,1.6258
46.1231,518,1.6710
46.1274,531,1.7129
46.1317,543,1.7516
46.1361,557,1.7968
46.1404,570,1.8387
46.1448,582,1.8774
46.1492,594,1.9161
46.1535,604,1.9484
46.1578,612,1.9742
46.1621,620,2.0000
46.1663,625,2.0161
46.1706,627,2.0226
46.1749,630,2.0323
46.1791,629,2.0290
46.1833,629,2.0290
46.1878,626,2.0194
46.1921,619,1.9968
46.1963,614,1.9806
46.2006,606,1.9548
46.2048,596,1.9226
46.2091,588,1.8968
46.2133,576,1.8581
46.2176,564,1.8194
46.2219,552,1.7806
46.2261,539,1.7387
46.2304,526,1.6968
46.2347,510,1.6452
46.2389,497,1.6032
46.2432,484,1.5613
46.2475,471,1.5194
46.2517,458,1.4774
46.2560,447,1.4419
46.2603,436,1.4065
46.2645,430,1.3871
46.2688,429,1.3839
46.2736,431,1.3903
46.2779,433,1.3968
46.2821,435,1.4032
46.2864,436,1.4065
46.2906,438,1.4129
46.2950,440,1.4194
46.2992,441,1.4226
46.3034,443,1.4290
46.3077,444,1.4323
46.3120,446,1.4387
46.3163,447,1.4419
46.3205,449,1.4484
46.3248,453,1.4613
46.3291,466,1.5032
46.3333,481,1.5516
46.3376,498,1.6065
46.3419,512,1.6516
46.3462,524,1.6903
46.3505,534,1.7226
46.3548,544,1.7548
46.3591,549,1.7710
46.3634,550,1.7742
46.3676,549,1.7710
46.3719,543,1.7516
46.3762,536,1.7290
46.3804,526,1.6968
46.3847,512,1.6516
46.3890,499,1.6097
46.3932,484,1.5613
46.3976,470,1.5161
46.4019,458,1.4774
46.4063,454,1.4645
46.4107,454,1.4645
46.4150,454,1.4645
46.4193,457,1.4742
46.4236,457,1.4742
46.4280,458,1.4774
46.4323,459,1.4806
46.4366,460,1.4839
46.4409,462,1.4903
46.4452,462,1.4903
46.4495,464,1.4968
46.4538,462,1.4903
46.4582,446,1.4387
46.4625,416,1.3419
46.4668,387,1.2484
46.4711,394,1.2710
46.4754,467,1.5065
46.4797,599,1.9323
46.4840,770,2.4839
46.4882,955,3.0806
46.4925,999,3.2226
46.4968,1000,3.2258
46.5011,996,3.2129
46.5054,885,2.8548
46.5097,665,2.1452
46.5140,483,1.5581
46.5183,388,1.2516
46.5229,359,1.1581
46.5273,370,1.1935
46.5316,401,1.2935
46.5359,425,1.3710
46.5402,437,1.4097
46.5445,441,1.4226
46.5488,442,1.4258
46.5530,442,1.4258
46.5573,442,1.4258
46.5617,444,1.4323
46.5660,444,1.4323
46.5703,447,1.4419
46.5745,448,1.4452
46.5788,450,1.4516
46.5831,451,1.4548
46.5874,453,1.4613
46.5917,454,1.4645
46.5960,455,1.4677
46.6003,456,1.4710
46.6046,460,1.4839
46.6089,471,1.5194
46.6132,484,1.5613
46.6175,499,1.6097
46.6218,513,1.6548
46.6260,527,1.7000
46.6303,540,1.7419
46.6346,554,1.7871
46.6390,568,1.8323
46.6433,579,1.8677
46.6477,590,1.9032
46.6520,601,1.9387
46.6563,610,1.9677
46.6607,618,1.9935
46.6650,623,2.0097
46.6694,626,2.0194
46.6737,630,2.0323
46.6780,632,2.0387
46.6824,630,2.0323
46.6867,628,2.0258
46.6910,622,2.0065
46.6953,618,1.9935
46.6997,609,1.9645
46.7040,599,1.9323
46.7083,590,1.9032
46.7127,579,1.8677
46.7170,567,1.8290
46.7213,553,1.7839
46.7256,539,1.7387
46.7300,527,1.7000
46.7343,513,1.6548
46.7386,498,1.6065
46.7429,485,1.5645
46.7473,472,1.5226
46.7516,459,1.4806
46.7558,447,1.4419
46.7601,436,1.4065
46.7645,429,1.3839
46.7688,429,1.3839
46.7731,431,1.3903
46.7774,433,1.3968
46.7816,435,1.4032
46.7859,437,1.4097
46.7902,439,1.4161
46.7945,441,1.4226
46.7988,442,1.4258
46.8031,442,1.4258
46.8074,443,1.4290
46.8117,444,1.4323
46.8160,446,1.4387
46.8203,448,1.4452
46.8246,454,1.4645
46.8289,465,1.5000
46.8331,480,1.5484
46.8374,496,1.6000
46.8417,512,1.6516
46.8461,525,1.6935
46.8504,537,1.7323
46.8548,545,1.7581
46.8591,551,1.7774
46.8634,552,1.7806
46.8679,549,1.7710
46.8722,542,1.7484
46.8766,533,1.7194
46.8809,522,1.6839
46.8852,509,1.6419
46.8896,496,1.6000
46.8939,480,1.5484
46.8982,468,1.5097
46.9026,458,1.4774
46.9069,454,1.4645
46.9112,455,1.4677
46.9155,457,1.4742
46.9199,459,1.4806
46.9242,460,1.4839
46.9285,461,1.4871
46.9329,461,1.4871
46.9372,462,1.4903
46.9415,463,1.4935
46.9459,465,1.5000
46.9502,466,1.5032
46.9545,462,1.4903
46.9588,445,1.4355
46.9631,413,1.3323
46.9673,385,1.2419
46.9717,399,1.2871
46.9759,479,1.5452
46.9802,616,1.9871
46.9845,793,2.5581
46.9888,975,3.1452
46.9931,1001,3.2290
46.9974,1001,3.2290
47.0017,993,3.2032
47.0062,847,2.7323
47.0106,619,1.9968
47.0149,454,1.4645
47.0192,376,1.2129
47.0235,360,1.1613
47.0279,375,1.2097
47.0323,404,1.3032
47.0366,426,1.3742
47.0409,436,1.4065
47.0451,440,1.4194
47.0495,439,1.4161
47.0538,442,1.4258
47.0581,444,1.4323
47.0624,445,1.4355
47.0667,445,1.4355
47.0709,445,1.4355
47.0753,447,1.4419
47.0796,449,1.4484
47.0838,450,1.4516
47.0881,451,1.4548
47.0925,452,1.4581
47.0968,453,1.4613
47.1011,454,1.4645
47.1054,461,1.4871
47.1097,472,1.5226
47.1140,487,1.5710
47.1183,502,1.6194
47.1226,515,1.6613
47.1269,527,1.7000
47.1312,541,1.7452
47.1355,555,1.7903
47.1398,567,1.8290
47.1441,580,1.8710
47.1484,592,1.9097
47.1526,602,1.9419
47.1570,610,1.9677
47.1613,619,1.9968
47.1656,623,2.0097
47.1699,628,2.0258
47.1742,631,2.0355
47.1785,632,2.0387
47.1827,630,2.0323
47.1870,627,2.0226
47.1913,621,2.0032
47.1956,615,1.9839
47.1999,608,1.9613
47.2042,599,1.9323
47.2085,590,1.9032
47.2128,579,1.8677
47.2171,568,1.8323
47.2214,555,1.7903
47.2257,543,1.7516
47.2300,529,1.7065
47.2343,513,1.6548
47.2386,500,1.6129
47.2430,485,1.5645
47.2473,474,1.5290
47.2516,461,1.4871
47.2560,450,1.4516
47.2604,437,1.4097
47.2648,431,1.3903
47.2691,430,1.3871
47.2734,432,1.3935
47.2778,434,1.4000
47.2821,436,1.4065
47.2865,437,1.4097
47.2908,439,1.4161
47.2951,440,1.4194
47.2995,442,1.4258
47.3040,443,1.4290
47.3084,445,1.4355
47.3128,447,1.4419
47.3172,448,1.4452
47.3215,449,1.4484
47.3258,456,1.4710
47.3302,469,1.5129
47.3345,484,1.5613
47.3388,500,1.6129
47.3433,515,1.6613
47.3476,527,1.7000
47.3519,538,1.7355
47.3562,547,1.7645
47.3606,553,1.7839
47.3649,553,1.7839
47.3691,550,1.7742
47.3734,543,1.7516
47.3777,533,1.7194
47.3820,520,1.6774
47.3863,506,1.6323
47.3906,492,1.5871
47.3949,478,1.5419
47.3992,465,1.5000
47.4035,455,1.4677
47.4078,451,1.4548
47.4121,453,1.4613
47.4164,454,1.4645
47.4207,456,1.4710
47.4250,458,1.4774
47.4293,458,1.4774
47.4336,459,1.4806
47.4379,460,1.4839
47.4422,461,1.4871
47.4465,463,1.4935
47.4508,463,1.4935
47.4551,458,1.4774
47.4594,438,1.4129
47.4638,406,1.3097
47.4682,382,1.2323
47.4725,409,1.3194
47.4768,502,1.6194
47.4811,650,2.0968
47.4855,833,2.6871
47.4898,996,3.2129
47.4943,1000,3.2258
47.4988,1000,3.2258
47.5032,968,3.1226
47.5075,778,2.5097
47.5119,562,1.8129
47.5162,424,1.3677
47.5205,367,1.1839
47.5249,360,1.1613
47.5292,382,1.2323
47.5335,412,1.3290
47.5380,432,1.3935
47.5423,440,1.4194
47.5466,442,1.4258
47.5509,441,1.4226
47.5552,443,1.4290
47.5595,445,1.4355
47.5638,445,1.4355
47.5681,447,1.4419
47.5723,448,1.4452
47.5766,450,1.4516
47.5809,451,1.4548
47.5852,451,1.4548
47.5895,452,1.4581
47.5938,453,1.4613
47.5980,454,1.4645
47.6023,456,1.4710
47.6067,465,1.5000
47.6109,476,1.5355
47.6152,489,1.5774
47.6195,504,1.6258
47.6238,519,1.6742
47.6280,532,1.7161
47.6323,546,1.7613
47.6366,559,1.8032
47.6409,571,1.8419
47.6451,582,1.8774
47.6494,591,1.9065
47.6537,602,1.9419
47.6580,610,1.9677
47.6623,617,1.9903
47.6666,623,2.0097
47.6709,626,2.0194
47.6751,629,2.0290
47.6794,630,2.0323
47.6836,628,2.0258
47.6880,626,2.0194
47.6922,622,2.0065
47.6965,615,1.9839
47.7008,607,1.9581
47.7051,597,1.9258
47.7094,587,1.8935
47.7137,577,1.8613
47.7180,564,1.8194
47.7223,551,1.7774
47.7266,538,1.7355
47.7309,525,1.6935
47.7352,512,1.6516
47.7395,497,1.6032
47.7438,484,1.5613
47.7481,472,1.5226
47.7524,459,1.4806
47.7567,446,1.4387
47.7611,435,1.4032
47.7654,429,1.3839
47.7697,429,1.3839
47.7741,432,1.3935
47.7784,435,1.4032
47.7827,437,1.4097
47.7871,438,1.4129
47.7915,439,1.4161
47.7958,441,1.4226
47.8001,442,1.4258
47.8045,443,1.4290
47.8088,444,1.4323
47.8131,445,1.4355
47.8175,447,1.4419
47.8218,450,1.4516
47.8261,459,1.4806
47.8305,472,1.5226
47.8348,488,1.5742
47.8391,502,1.6194
47.8434,516,1.6645
47.8480,529,1.7065
47.8524,539,1.7387
47.8568,547,1.7645
47.8611,552,1.7806
47.8654,552,1.7806
47.8697,547,1.7645
47.8740,540,1.7419
47.8782,528,1.7032
47.8825,517,1.6677
47.8868,504,1.6258
47.8911,491,1.5839
47.8954,476,1.5355
47.8997,462,1.4903
47.9042,454,1.4645
47.9086,452,1.4581
47.9130,453,1.4613
47.9173,455,1.4677
47.9216,457,1.4742
47.9259,459,1.4806
47.9302,460,1.4839
47.9345,461,1.4871
47.9388,462,1.4903
47.9431,464,1.4968
47.9473,464,1.4968
47.9517,464,1.4968
47.9560,456,1.4710
47.9603,434,1.4000
47.9646,401,1.2935
47.9689,382,1.2323
47.9732,419,1.3516
47.9775,521,1.6806
47.9817,673,2.1710
47.9860,857,2.7645
47.9903,996,3.2129
47.9946,1001,3.2290
47.9989,999,3.2226
48.0032,966,3.1161
48.0075,792,2.5548
48.0118,563,1.8161
48.0162,422,1.3613
48.0205,366,1.1806
48.0248,359,1.1581
48.0291,382,1.2323
48.0334,411,1.3258
48.0377,430,1.3871
48.0420,437,1.4097
48.0462,438,1.4129
48.0506,439,1.4161
48.0549,440,1.4194
48.0592,440,1.4194
48.0635,442,1.4258
48.0678,444,1.4323
48.0721,446,1.4387
48.0764,447,1.4419
48.0807,449,1.4484
48.0850,450,1.4516
48.0893,451,1.4548
48.0936,453,1.4613
48.0979,455,1.4677
48.1022,459,1.4806
48.1065,466,1.5032
48.1108,476,1.5355
48.1151,491,1.5839
48.1194,505,1.6290
48.1237,519,1.6742
48.1280,533,1.7194
48.1323,546,1.7613
48.1366,561,1.8097
48.1409,572,1.8452
48.1452,585,1.8871
48.1494,595,1.9194
48.1537,603,1.9452
48.1581,613,1.9774
48.1625,620,2.0000
48.1668,625,2.0161
48.1711,630,2.0323
48.1754,632,2.0387
48.1798,631,2.0355
48.1841,629,2.0290
48.1884,627,2.0226
48.1928,621,2.0032
48.1971,615,1.9839
48.2015,605,1.9516
48.2060,596,1.9226
48.2104,585,1.8871
48.2151,572,1.8452
48.2195,558,1.8000
48.2239,545,1.7581
48.2283,532,1.7161
48.2327,519,1.6742
48.2370,505,1.6290
48.2414,491,1.5839
48.2457,478,1.5419
48.2500,465,1.5000
48.2543,452,1.4581
48.2587,439,1.4161
48.2630,432,1.3935
48.2673,429,1.3839
48.2716,429,1.3839
48.2759,432,1.3935
48.2802,433,1.3968
48.2845,435,1.4032
48.2888,436,1.4065
48.2934,439,1.4161
48.2977,440,1.4194
48.3020,442,1.4258
48.3063,442,1.4258
48.3106,443,1.4290
48.3149,445,1.4355
48.3192,448,1.4452
48.3235,451,1.4548
48.3278,462,1.4903
48.3321,476,1.5355
48.3364,491,1.5839
48.3407,507,1.6355
48.3450,520,1.6774
48.3493,531,1.7129
48.3536,541,1.7452
48.3579,548,1.7677
48.3622,551,1.7774
48.3665,549,1.7710
48.3708,546,1.7613
48.3751,538,1.7355
48.3794,527,1.7000
48.3837,515,1.6613
48.3880,502,1.6194
48.3923,487,1.5710
48.3966,473,1.5258
48.4009,461,1.4871
48.4052,454,1.4645
48.4095,453,1.4613
48.4138,455,1.4677
48.4181,457,1.4742
48.4223,459,1.4806
48.4267,460,1.4839
48.4309,460,1.4839
48.4352,461,1.4871
48.4395,463,1.4935
48.4438,464,1.4968
48.4481,464,1.4968
48.4524,464,1.4968
48.4567,455,1.4677
48.4611,429,1.3839
48.4654,396,1.2774
48.4698,386,1.2452
48.4741,436,1.4065
48.4784,552,1.7806
48.4827,715,2.3065
48.4871,902,2.9097
48.4914,1000,3.2258
48.4958,999,3.2226
48.5001,998,3.2194
48.5044,927,2.9903
48.5088,718,2.3161
48.5131,515,1.6613
48.5174,401,1.2935
48.5218,361,1.1645
48.5262,364,1.1742
48.5305,391,1.2613
48.5348,419,1.3516
48.5391,434,1.4000
48.5435,439,1.4161
48.5479,440,1.4194
48.5522,441,1.4226
48.5566,442,1.4258
48.5610,444,1.4323
48.5653,444,1.4323
48.5696,445,1.4355
48.5739,447,1.4419
48.5782,448,1.4452
48.5825,450,1.4516
48.5868,451,1.4548
48.5911,452,1.4581
48.5954,453,1.4613
48.5997,454,1.4645
48.6040,459,1.4806
48.6083,470,1.5161
48.6126,482,1.5548
48.6169,497,1.6032
48.6212,511,1.6484
48.6255,526,1.6968
48.6298,538,1.7355
48.6341,552,1.7806
48.6384,565,1.8226
48.6427,577,1.8613
48.6469,588,1.8968
48.6512,599,1.9323
48.6555,608,1.9613
48.6598,615,1.9839
48.6642,622,2.0065
48.6685,628,2.0258
48.6728,629,2.0290
48.6771,633,2.0419
48.6814,633,2.0419
48.6857,630,2.0323
48.6900,625,2.0161
48.6943,617,1.9903
48.6986,612,1.9742
48.7028,602,1.9419
48.7071,594,1.9161
48.7114,583,1.8806
48.7158,572,1.8452
48.7200,559,1.8032
48.7243,546,1.7613
48.7286,533,1.7194
48.7329,517,1.6677
48.7372,502,1.6194
48.7415,487,1.5710
48.7458,474,1.5290
48.7501,462,1.4903
48.7544,450,1.4516
48.7587,439,1.4161
48.7631,432,1.3935
48.7674,428,1.3806
48.7717,430,1.3871
48.7760,432,1.3935
48.7802,434,1.4000
48.7845,436,1.4065
48.7888,438,1.4129
48.7931,439,1.4161
48.7974,441,1.4226
48.8019,443,1.4290
48.8064,444,1.4323
48.8108,445,1.4355
48.8152,446,1.4387
48.8195,447,1.4419
48.8238,451,1.4548
48.8285,463,1.4935
48.8329,479,1.5452
48.8373,496,1.6000
48.8415,511,1.6484
48.8458,524,1.6903
48.8501,534,1.7226
48.8545,541,1.7452
48.8588,548,1.7677
48.8631,550,1.7742
48.8674,548,1.7677
48.8718,543,1.7516
48.8761,534,1.7226
48.8804,522,1.6839
48.8847,511,1.6484
48.8890,496,1.6000
48.8933,482,1.5548
48.8976,468,1.5097
48.9019,457,1.4742
48.9062,452,1.4581
48.9105,451,1.4548
48.9154,454,1.4645
48.9197,457,1.4742
48.9240,457,1.4742
48.9282,460,1.4839
48.9325,460,1.4839
48.9369,461,1.4871
48.9412,462,1.4903
48.9455,463,1.4935
48.9498,465,1.5000
48.9541,462,1.4903
48.9584,446,1.4387
48.9627,416,1.3419
48.9670,387,1.2484
48.9713,396,1.2774
48.9756,470,1.5161
48.9800,605,1.9516
48.9843,780,2.5161
48.9885,963,3.1065
48.9932,1000,3.2258
48.9975,1000,3.2258
49.0018,993,3.2032
49.0061,856,2.7613
49.0104,633,2.0419
49.0147,461,1.4871
49.0191,379,1.2226
49.0234,359,1.1581
49.0277,372,1.2000
49.0319,401,1.2935
49.0362,426,1.3742
49.0406,437,1.4097
49.0449,440,1.4194
49.0492,441,1.4226
49.0534,442,1.4258
49.0578,442,1.4258
49.0621,443,1.4290
49.0665,445,1.4355
49.0708,446,1.4387
49.0753,446,1.4387
49.0796,449,1.4484
49.0839,450,1.4516
49.0882,452,1.4581
49.0925,453,1.4613
49.0968,454,1.4645
49.1011,455,1.4677
49.1056,462,1.4903
49.1101,475,1.5323
49.1145,489,1.5774
49.1189,503,1.6226
49.1232,517,1.6677
49.1275,530,1.7097
49.1318,545,1.7581
49.1370,561,1.8097
49.1414,575,1.8548
49.1457,585,1.8871
49.1500,596,1.9226
49.1543,605,1.9516
49.1586,613,1.9774
49.1630,621,2.0032
49.1673,624,2.0129
49.1716,628,2.0258
49.1759,630,2.0323
49.1802,631,2.0355
49.1845,631,2.0355
49.1888,626,2.0194
49.1931,618,1.9935
49.1974,614,1.9806
49.2016,606,1.9548
49.2060,595,1.9194
49.2102,583,1.8806
49.2145,573,1.8484
49.2188,561,1.8097
49.2231,548,1.7677
49.2275,534,1.7226
49.2317,520,1.6774
49.2360,507,1.6355
49.2403,492,1.5871
49.2446,478,1.5419
49.2489,464,1.4968
49.2532,454,1.4645
49.2575,443,1.4290
49.2618,433,1.3968
49.2661,430,1.3871
49.2705,429,1.3839
49.2748,431,1.3903
49.2792,434,1.4000
49.2835,435,1.4032
49.2879,437,1.4097
49.2922,437,1.4097
49.2965,438,1.4129
49.3009,440,1.4194
49.3052,441,1.4226
49.3096,443,1.4290
49.3139,444,1.4323
49.3182,447,1.4419
49.3226,450,1.4516
49.3269,459,1.4806
49.3312,472,1.5226
49.3356,488,1.5742
49.3399,503,1.6226
49.3442,517,1.6677
49.3486,530,1.7097
49.3529,540,1.7419
49.3572,547,1.7645
49.3616,549,1.7710
49.3659,548,1.7677
49.3702,545,1.7581
49.3745,538,1.7355
49.3788,528,1.7032
49.3831,516,1.6645
49.3874,501,1.6161
49.3917,488,1.5742
49.3960,474,1.5290
49.4003,462,1.4903
49.4046,455,1.4677
49.4089,453,1.4613
49.4132,454,1.4645
49.4175,456,1.4710
49.4218,457,1.4742
49.4261,459,1.4806
49.4304,461,1.4871
49.4347,461,1.4871
49.4389,463,1.4935
49.4432,463,1.4935
49.4475,464,1.4968
49.4518,464,1.4968
49.4561,457,1.4742
49.4604,434,1.4000
49.4648,400,1.2903
49.4691,383,1.2355
49.4735,423,1.3645
49.4779,534,1.7226
49.4822,690,2.2258
49.4865,875,2.8226
49.4908,998,3.2194
49.4951,999,3.2226
49.4994,1000,3.2258
49.5037,954,3.0774
49.5080,759,2.4484
49.5123,546,1.7613
49.5166,415,1.3387
49.5209,365,1.1774
49.5252,361,1.1645
49.5295,384,1.2387
49.5338,414,1.3355
49.5381,433,1.3968
49.5424,439,1.4161
49.5467,440,1.4194
49.5510,441,1.4226
49.5553,443,1.4290
49.5595,445,1.4355
49.5638,446,1.4387
49.5681,447,1.4419
49.5724,448,1.4452
49.5767,449,1.4484
49.5810,451,1.4548
49.5853,452,1.4581
49.5896,454,1.4645
49.5939,455,1.4677
49.5982,456,1.4710
49.6025,458,1.4774
49.6068,466,1.5032
49.6111,479,1.5452
49.6154,493,1.5903
49.6197,507,1.6355
49.6240,522,1.6839
49.6283,535,1.7258
49.6326,549,1.7710
49.6369,561,1.8097
49.6412,574,1.8516
49.6455,586,1.8903
49.6498,596,1.9226
49.6541,605,1.9516
49.6584,612,1.9742
49.6627,620,2.0000
49.6670,627,2.0226
49.6713,630,2.0323
49.6756,630,2.0323
49.6799,632,2.0387
49.6842,630,2.0323
49.6885,626,2.0194
49.6928,620,2.0000
49.6971,614,1.9806
49.7014,607,1.9581
49.7058,596,1.9226
49.7101,586,1.8903
49.7145,575,1.8548
49.7188,563,1.8161
49.7232,550,1.7742
49.7275,536,1.7290
49.7318,522,1.6839
49.7360,508,1.6387
49.7404,494,1.5935
49.7446,482,1.5548
49.7489,469,1.5129
49.7532,457,1.4742
49.7575,444,1.4323
49.7618,435,1.4032
49.7661,431,1.3903
49.7704,430,1.3871
49.7746,433,1.3968
49.7789,435,1.4032
49.7831,437,1.4097
49.7874,438,1.4129
49.7916,440,1.4194
49.7959,442,1.4258
49.8001,443,1.4290
49.8044,443,1.4290
49.8086,443,1.4290
49.8128,445,1.4355
49.8171,447,1.4419
49.8214,450,1.4516
49.8256,457,1.4742
49.8299,467,1.5065
49.8342,483,1.5581
49.8384,498,1.6065
49.8427,513,1.6548
49.8469,526,1.6968
49.8511,536,1.7290
49.8554,544,1.7548
49.8596,549,1.7710
49.8639,551,1.7774
49.8683,550,1.7742
49.8725,543,1.7516
49.8768,534,1.7226
49.8811,522,1.6839
49.8854,509,1.6419
49.8897,495,1.5968
49.8940,481,1.5516
49.8983,468,1.5097
49.9025,456,1.4710
49.9068,453,1.4613
49.9111,453,1.4613
49.9154,455,1.4677
49.9196,456,1.4710
49.9239,457,1.4742
49.9282,459,1.4806
49.9325,460,1.4839
49.9367,460,1.4839
49.9410,462,1.4903
49.9453,463,1.4935
49.9496,464,1.4968
49.9538,463,1.4935
49.9581,449,1.4484
49.9624,419,1.3516
49.9667,388,1.2516
49.9709,392,1.2645
49.9752,458,1.4774
49.9795,586,1.8903
49.9838,755,2.4355
49.9881,941,3.0355
49.9923,1000,3.2258
49.9966,1000,3.2258
50.0009,996,3.2129
50.0053,893,2.8806
50.0097,670,2.1613
50.0141,484,1.5613
50.0183,389,1.2548
50.0226,358,1.1548
50.0270,367,1.1839
50.0313,397,1.2806
50.0361,426,1.3742
50.0415,437,1.4097
50.0490,440,1.4194
50.0535,441,1.4226
50.0580,440,1.4194
50.0624,443,1.4290
50.0707,444,1.4323
50.0751,446,1.4387
50.0794,448,1.4452
50.0836,450,1.4516
50.0879,450,1.4516
50.0922,453,1.4613
50.0964,454,1.4645
50.1006,455,1.4677
50.1049,461,1.4871
50.1091,471,1.5194
50.1133,486,1.5677
50.1176,500,1.6129
50.1218,515,1.6613
50.1261,528,1.7032
50.1303,542,1.7484
50.1346,554,1.7871
50.1388,566,1.8258
50.1430,579,1.8677
50.1473,590,1.9032
50.1515,601,1.9387
50.1558,609,1.9645
50.1600,616,1.9871
50.1643,622,2.0065
50.1685,627,2.0226
50.1728,629,2.0290
50.1770,630,2.0323
50.1813,630,2.0323
50.1856,630,2.0323
50.1899,626,2.0194
50.1942,619,1.9968
50.1985,612,1.9742
50.2028,604,1.9484
50.2071,594,1.9161
50.2114,584,1.8839
50.2157,571,1.8419
50.2200,558,1.8000
50.2243,545,1.7581
50.2286,532,1.7161
50.2329,518,1.6710
50.2372,504,1.6258
50.2415,490,1.5806
50.2458,476,1.5355
50.2501,463,1.4935
50.2544,451,1.4548
50.2587,439,1.4161
50.2630,431,1.3903
50.2672,429,1.3839
50.2715,430,1.3871
50.2758,432,1.3935
50.2801,434,1.4000
50.2844,436,1.4065
50.2886,438,1.4129
50.2929,438,1.4129
50.2972,440,1.4194
50.3015,442,1.4258
50.3058,444,1.4323
50.3101,444,1.4323
50.3144,446,1.4387
50.3186,446,1.4387
50.3229,449,1.4484
50.3272,459,1.4806
50.3315,473,1.5258
50.3358,488,1.5742
50.3401,505,1.6290
50.3445,518,1.6710
50.3487,530,1.7097
50.3530,539,1.7387
50.3573,547,1.7645
50.3617,552,1.7806
50.3660,552,1.7806
50.3702,547,1.7645
50.3746,539,1.7387
50.3788,528,1.7032
50.3831,516,1.6645
50.3874,503,1.6226
50.3917,488,1.5742
50.3960,474,1.5290
50.4003,462,1.4903
50.4046,454,1.4645
50.4089,451,1.4548
50.4132,452,1.4581
50.4175,455,1.4677
50.4218,457,1.4742
50.4261,458,1.4774
50.4303,458,1.4774
50.4347,459,1.4806
50.4389,461,1.4871
50.4432,462,1.4903
50.4475,465,1.5000
50.4518,465,1.5000
50.4561,457,1.4742
50.4605,433,1.3968
50.4647,402,1.2968
50.4690,384,1.2387
50.4733,421,1.3581
50.4776,524,1.6903
50.4819,677,2.1839
50.4862,861,2.7774
50.4905,997,3.2161
50.4948,999,3.2226
50.4991,999,3.2226
50.5034,965,3.1129
50.5077,776,2.5032
50.5120,562,1.8129
50.5163,423,1.3645
50.5205,365,1.1774
50.5248,358,1.1548
50.5292,379,1.2226
50.5334,409,1.3194
50.5377,430,1.3871
50.5420,437,1.4097
50.5463,439,1.4161
50.5506,439,1.4161
50.5549,440,1.4194
50.5592,441,1.4226
50.5635,443,1.4290
50.5678,445,1.4355
50.5721,446,1.4387
50.5764,446,1.4387
50.5807,447,1.4419
50.5850,450,1.4516
50.5893,451,1.4548
50.5936,453,1.4613
50.5980,455,1.4677
50.6023,458,1.4774
50.6068,466,1.5032
50.6111,478,1.5419
50.6155,492,1.5871
50.6198,506,1.6323
50.6241,521,1.6806
50.6284,534,1.7226
50.6327,547,1.7645
50.6369,559,1.8032
50.6412,573,1.8484
50.6455,585,1.8871
50.6498,594,1.9161
50.6540,603,1.9452
50.6583,611,1.9710
50.6626,619,1.9968
50.6669,624,2.0129
50.6713,627,2.0226
50.6756,630,2.0323
50.6799,631,2.0355
50.6843,630,2.0323
50.6886,625,2.0161
50.6928,619,1.9968
50.6971,613,1.9774
50.7014,606,1.9548
50.7057,595,1.9194
50.7100,586,1.8903
50.7143,576,1.8581
50.7186,562,1.8129
50.7229,549,1.7710
50.7272,536,1.7290
50.7315,523,1.6871
50.7358,509,1.6419
50.7401,494,1.5935
50.7444,482,1.5548
50.7487,468,1.5097
50.7530,457,1.4742
50.7573,444,1.4323
50.7616,433,1.3968
50.7659,428,1.3806
50.7702,430,1.3871
50.7745,431,1.3903
50.7788,433,1.3968
50.7831,435,1.4032
50.7875,436,1.4065
50.7918,438,1.4129
50.7961,439,1.4161
50.8004,441,1.4226
50.8048,442,1.4258
50.8091,444,1.4323
50.8134,447,1.4419
50.8177,448,1.4452
50.8221,449,1.4484
50.8264,456,1.4710
50.8307,469,1.5129
50.8351,486,1.5677
50.8394,503,1.6226
50.8437,517,1.6677
50.8481,529,1.7065
50.8524,539,1.7387
50.8567,546,1.7613
50.8611,550,1.7742
50.8654,550,1.7742
50.8697,547,1.7645
50.8741,540,1.7419
50.8784,529,1.7065
50.8827,516,1.6645
50.8870,504,1.6258
50.8913,490,1.5806
50.8956,475,1.5323
50.9007,460,1.4839
50.9064,452,1.4581
50.9108,452,1.4581
50.9152,454,1.4645
50.9195,456,1.4710
50.9238,457,1.4742
50.9281,460,1.4839
50.9325,460,1.4839
50.9368,461,1.4871
50.9410,463,1.4935
50.9453,464,1.4968
50.9496,466,1.5032
50.9539,463,1.4935
50.9582,449,1.4484
50.9625,419,1.3516
50.9668,388,1.2516
50.9711,392,1.2645
50.9754,461,1.4871
50.9797,591,1.9065
50.9840,764,2.4645
50.9883,951,3.0677
50.9927,1000,3.2258
50.9969,1000,3.2258
51.0012,995,3.2097
51.0055,887,2.8613
51.0098,665,2.1452
51.0141,483,1.5581
51.0184,388,1.2516
51.0227,358,1.1548
51.0270,368,1.1871
51.0313,397,1.2806
51.0356,422,1.3613
51.0399,435,1.4032
51.0442,439,1.4161
51.0485,439,1.4161
51.0528,439,1.4161
51.0571,441,1.4226
51.0614,444,1.4323
51.0657,445,1.4355
51.0700,446,1.4387
51.0743,447,1.4419
51.0787,449,1.4484
51.0830,451,1.4548
51.0873,452,1.4581
51.0916,452,1.4581
51.0959,453,1.4613
51.1002,454,1.4645
51.1045,458,1.4774
51.1088,468,1.5097
51.1131,483,1.5581
51.1174,497,1.6032
51.1217,511,1.6484
51.1260,523,1.6871
51.1303,537,1.7323
51.1347,551,1.7774
51.1390,565,1.8226
51.1433,578,1.8645
51.1476,588,1.8968
51.1519,598,1.9290
51.1562,606,1.9548
51.1605,615,1.9839
51.1648,621,2.0032
51.1691,625,2.0161
51.1735,629,2.0290
51.1779,631,2.0355
51.1822,630,2.0323
51.1865,629,2.0290
51.1908,622,2.0065
51.1951,617,1.9903
51.1994,610,1.9677
51.2037,601,1.9387
51.2080,593,1.9129
51.2123,582,1.8774
51.2166,570,1.8387
51.2209,557,1.7968
51.2252,544,1.7548
51.2295,529,1.7065
51.2339,515,1.6613
51.2382,502,1.6194
51.2425,487,1.5710
51.2467,474,1.5290
51.2510,460,1.4839
51.2553,448,1.4452
51.2596,438,1.4129
51.2639,430,1.3871
51.2682,429,1.3839
51.2725,430,1.3871
51.2768,432,1.3935
51.2811,434,1.4000
51.2854,436,1.4065
51.2898,438,1.4129
51.2941,439,1.4161
51.2984,441,1.4226
51.3028,442,1.4258
51.3071,443,1.4290
51.3114,445,1.4355
51.3158,446,1.4387
51.3201,448,1.4452
51.3244,453,1.4613
51.3287,465,1.5000
51.3331,479,1.5452
51.3374,495,1.5968
51.3418,511,1.6484
51.3461,524,1.6903
51.3504,536,1.7290
51.3548,544,1.7548
51.3591,548,1.7677
51.3634,551,1.7774
51.3678,549,1.7710
51.3721,544,1.7548
51.3764,535,1.7258
51.3808,523,1.6871
51.3852,509,1.6419
51.3895,495,1.5968
51.3938,480,1.5484
51.3981,468,1.5097
51.4024,456,1.4710
51.4066,452,1.4581
51.4109,452,1.4581
51.4153,453,1.4613
51.4196,455,1.4677
51.4239,458,1.4774
51.4282,458,1.4774
51.4325,460,1.4839
51.4368,463,1.4935
51.4411,464,1.4968
51.4454,465,1.5000
51.4497,467,1.5065
51.4540,464,1.4968
51.4583,448,1.4452
51.4626,419,1.3516
51.4669,389,1.2548
51.4712,395,1.2742
51.4755,463,1.4935
51.4798,595,1.9194
51.4841,766,2.4710
51.4884,951,3.0677
51.4927,1000,3.2258
51.4970,1001,3.2290
51.5013,996,3.2129
51.5057,881,2.8419
51.5101,654,2.1097
51.5145,474,1.5290
51.5188,383,1.2355
51.5231,358,1.1548
51.5274,370,1.1935
51.5317,399,1.2871
51.5360,424,1.3677
51.5403,435,1.4032
51.5446,439,1.4161
51.5489,439,1.4161
51.5532,439,1.4161
51.5575,441,1.4226
51.5618,443,1.4290
51.5661,445,1.4355
51.5704,446,1.4387
51.5747,448,1.4452
51.5790,449,1.4484
51.5833,450,1.4516
51.5876,452,1.4581
51.5919,454,1.4645
51.5962,455,1.4677
51.6006,457,1.4742
51.6049,460,1.4839
51.6092,471,1.5194
51.6135,485,1.5645
51.6177,498,1.6065
51.6221,514,1.6581
51.6263,527,1.7000
51.6306,541,1.7452
51.6349,555,1.7903
51.6392,569,1.8355
51.6435,581,1.8742
51.6479,592,1.9097
51.6522,602,1.9419
51.6564,611,1.9710
51.6607,618,1.9935
51.6651,625,2.0161
51.6694,630,2.0323
51.6736,632,2.0387
51.6780,634,2.0452
51.6823,634,2.0452
51.6866,630,2.0323
51.6909,625,2.0161
51.6952,619,1.9968
51.6995,612,1.9742
51.7038,603,1.9452
51.7081,592,1.9097
51.7124,582,1.8774
51.7167,569,1.8355
51.7210,557,1.7968
51.7253,544,1.7548
51.7296,529,1.7065
51.7339,514,1.6581
51.7382,499,1.6097
51.7425,487,1.5710
51.7468,472,1.5226
51.7511,459,1.4806
51.7553,448,1.4452
51.7596,436,1.4065
51.7640,429,1.3839
51.7683,428,1.3806
51.7726,430,1.3871
51.7768,431,1.3903
51.7811,433,1.3968
51.7854,435,1.4032
51.7898,437,1.4097
51.7941,439,1.4161
51.7984,440,1.4194
51.8027,442,1.4258
51.8071,444,1.4323
51.8115,446,1.4387
51.8159,447,1.4419
51.8201,449,1.4484
51.8245,454,1.4645
51.8287,467,1.5065
51.8330,481,1.5516
51.8377,498,1.6065
51.8420,513,1.6548
51.8464,525,1.6935
51.8507,536,1.7290
51.8549,546,1.7613
51.8592,550,1.7742
51.8635,552,1.7806
51.8679,550,1.7742
51.8722,544,1.7548
51.8765,534,1.7226
51.8807,523,1.6871
51.8850,511,1.6484
51.8893,498,1.6065
51.8936,483,1.5581
51.8979,470,1.5161
51.9022,458,1.4774
51.9066,453,1.4613
51.9109,453,1.4613
51.9152,455,1.4677
51.9195,458,1.4774
51.9238,458,1.4774
51.9281,459,1.4806
51.9324,460,1.4839
51.9367,462,1.4903
51.9410,462,1.4903
51.9453,463,1.4935
51.9496,465,1.5000
51.9539,463,1.4935
51.9582,449,1.4484
51.9624,419,1.3516
51.9667,389,1.2548
51.9710,390,1.2581
51.9753,457,1.4742
51.9796,586,1.8903
51.9839,758,2.4452
51.9882,944,3.0452
51.9926,1000,3.2258
51.9969,999,3.2226
52.0012,996,3.2129
52.0055,884,2.8516
52.0099,664,2.1419
52.0142,480,1.5484
52.0185,387,1.2484
52.0229,359,1.1581
52.0272,369,1.1903
52.0315,398,1.2839
52.0358,424,1.3677
52.0402,435,1.4032
52.0445,439,1.4161
52.0488,440,1.4194
52.0532,441,1.4226
52.0575,442,1.4258
52.0618,443,1.4290
52.0662,445,1.4355
52.0705,446,1.4387
52.0748,448,1.4452
52.0792,449,1.4484
52.0835,450,1.4516
52.0879,452,1.4581
52.0922,454,1.4645
52.0965,455,1.4677
52.1009,456,1.4710
52.1052,462,1.4903
52.1095,473,1.5258
52.1139,486,1.5677
52.1182,501,1.6161
52.1225,516,1.6645
52.1269,530,1.7097
52.1312,544,1.7548
52.1355,558,1.8000
52.1399,570,1.8387
52.1442,582,1.8774
52.1485,592,1.9097
52.1528,604,1.9484
52.1572,612,1.9742
52.1615,619,1.9968
52.1658,625,2.0161
52.1702,627,2.0226
52.1745,631,2.0355
52.1789,631,2.0355
52.1832,631,2.0355
52.1875,628,2.0258
52.1918,622,2.0065
52.1962,616,1.9871
52.2005,609,1.9645
52.2047,600,1.9355
52.2090,590,1.9032
52.2133,579,1.8677
52.2176,566,1.8258
52.2219,554,1.7871
52.2262,541,1.7452
52.2305,527,1.7000
52.2348,513,1.6548
52.2391,499,1.6097
52.2434,487,1.5710
52.2477,473,1.5258
52.2520,459,1.4806
52.2563,446,1.4387
52.2606,434,1.4000
52.2649,430,1.3871
52.2691,429,1.3839
52.2734,432,1.3935
52.2777,434,1.4000
52.2820,437,1.4097
52.2863,439,1.4161
52.2906,439,1.4161
52.2950,439,1.4161
52.2993,441,1.4226
52.3036,443,1.4290
52.3080,444,1.4323
52.3123,446,1.4387
52.3167,447,1.4419
52.3210,448,1.4452
52.3253,455,1.4677
52.3297,467,1.5065
52.3340,483,1.5581
52.3383,499,1.6097
52.3427,515,1.6613
52.3470,528,1.7032
52.3513,539,1.7387
52.3557,546,1.7613
52.3600,553,1.7839
52.3643,553,1.7839
52.3687,550,1.7742
52.3730,541,1.7452
52.3773,534,1.7226
52.3816,522,1.6839
52.3860,508,1.6387
52.3903,494,1.5935
52.3946,479,1.5452
52.3989,465,1.5000
52.4033,455,1.4677
52.4077,452,1.4581
52.4121,454,1.4645
52.4164,456,1.4710
52.4207,458,1.4774
52.4250,459,1.4806
52.4293,460,1.4839
52.4336,460,1.4839
52.4379,461,1.4871
52.4422,462,1.4903
52.4465,463,1.4935
52.4508,464,1.4968
52.4551,459,1.4806
52.4594,440,1.4194
52.4637,408,1.3161
52.4680,383,1.2355
52.4723,403,1.3000
52.4766,489,1.5774
52.4809,635,2.0484
52.4852,811,2.6161
52.4895,991,3.1968
52.4938,1000,3.2258
52.4981,1001,3.2290
52.5024,986,3.1806
52.5067,830,2.6774
52.5110,610,1.9677
52.5153,448,1.4452
52.5196,373,1.2032
52.5239,356,1.1484
52.5282,373,1.2032
52.5325,404,1.3032
52.5368,428,1.3806
52.5411,437,1.4097
52.5454,438,1.4129
52.5497,439,1.4161
52.5540,440,1.4194
52.5583,441,1.4226
52.5626,443,1.4290
52.5669,445,1.4355
52.5712,445,1.4355
52.5754,447,1.4419
52.5797,448,1.4452
52.5840,450,1.4516
52.5883,452,1.4581
52.5926,453,1.4613
52.5970,454,1.4645
52.6013,455,1.4677
52.6057,462,1.4903
52.6100,473,1.5258
52.6143,487,1.5710
52.6186,501,1.6161
52.6230,514,1.6581
52.6274,529,1.7065
52.6317,542,1.7484
52.6360,555,1.7903
52.6403,570,1.8387
52.6447,582,1.8774
52.6490,591,1.9065
52.6533,601,1.9387
52.6577,611,1.9710
52.6620,619,1.9968
52.6663,625,2.0161
52.6707,628,2.0258
52.6750,628,2.0258
52.6793,629,2.0290
52.6836,631,2.0355
52.6880,627,2.0226
52.6924,619,1.9968
52.6967,614,1.9806
52.7010,608,1.9613
52.7055,599,1.9323
52.7099,587,1.8935
52.7143,576,1.8581
52.7186,563,1.8161
52.7229,551,1.7774
52.7272,538,1.7355
52.7315,524,1.6903
52.7358,508,1.6387
52.7401,494,1.5935
52.7444,480,1.5484
52.7487,468,1.5097
52.7530,455,1.4677
52.7572,443,1.4290
52.7615,434,1.4000
52.7658,429,1.3839
52.7701,429,1.3839
52.7744,430,1.3871
52.7787,432,1.3935
52.7830,435,1.4032
52.7873,434,1.4000
52.7916,437,1.4097
52.7959,438,1.4129
52.8002,439,1.4161
52.8045,440,1.4194
52.8088,442,1.4258
52.8131,445,1.4355
52.8174,447,1.4419
52.8216,450,1.4516
52.8259,457,1.4742
52.8302,468,1.5097
52.8346,484,1.5613
52.8389,500,1.6129
52.8432,514,1.6581
52.8475,527,1.7000
52.8518,536,1.7290
52.8561,544,1.7548
52.8604,549,1.7710
52.8646,550,1.7742
52.8689,547,1.7645
52.8732,541,1.7452
52.8775,530,1.7097
52.8818,518,1.6710
52.8861,506,1.6323
52.8904,492,1.5871
52.8947,478,1.5419
52.8990,464,1.4968
52.9034,455,1.4677
52.9077,452,1.4581
52.9120,453,1.4613
52.9164,454,1.4645
52.9207,456,1.4710
52.9250,458,1.4774
52.9293,459,1.4806
52.9337,460,1.4839
52.9380,461,1.4871
52.9424,464,1.4968
52.9467,465,1.5000
52.9510,466,1.5032
52.9554,460,1.4839
52.9597,440,1.4194
52.9640,408,1.3161
52.9684,384,1.2387
52.9727,410,1.3226
52.9770,503,1.6226
52.9813,653,2.1065
52.9857,833,2.6871
52.9900,997,3.2161
52.9944,1001,3.2290
52.9988,1000,3.2258
53.0031,976,3.1484
53.0074,801,2.5839
53.0117,581,1.8742
53.0160,434,1.4000
53.0203,370,1.1935
53.0246,360,1.1613
53.0288,380,1.2258
53.0331,410,1.3226
53.0374,430,1.3871
53.0417,438,1.4129
53.0460,440,1.4194
53.0503,441,1.4226
53.0546,443,1.4290
53.0589,444,1.4323
53.0632,446,1.4387
53.0675,446,1.4387
53.0718,447,1.4419
53.0761,448,1.4452
53.0804,450,1.4516
53.0847,451,1.4548
53.0890,454,1.4645
53.0932,453,1.4613
53.0975,455,1.4677
53.1019,456,1.4710
53.1062,463,1.4935
53.1106,474,1.5290
53.1149,487,1.5710
53.1192,503,1.6226
53.1236,517,1.6677
53.1279,532,1.7161
53.1323,545,1.7581
53.1366,559,1.8032
53.1409,572,1.8452
53.1453,585,1.8871
53.1496,594,1.9161
53.1539,604,1.9484
53.1583,614,1.9806
53.1626,621,2.0032
53.1669,626,2.0194
53.1713,629,2.0290
53.1756,631,2.0355
53.1799,631,2.0355
53.1843,631,2.0355
53.1886,628,2.0258
53.1929,623,2.0097
53.1972,616,1.9871
53.2017,608,1.9613
53.2060,598,1.9290
53.2103,587,1.8935
53.2145,576,1.8581
53.2188,564,1.8194
53.2231,550,1.7742
53.2274,537,1.7323
53.2317,523,1.6871
53.2360,509,1.6419
53.2403,495,1.5968
53.2446,482,1.5548
53.2489,468,1.5097
53.2532,454,1.4645
53.2575,442,1.4258
53.2618,433,1.3968
53.2661,428,1.3806
53.2704,429,1.3839
53.2746,430,1.3871
53.2789,433,1.3968
53.2832,435,1.4032
53.2875,436,1.4065
53.2918,438,1.4129
53.2961,439,1.4161
53.3004,440,1.4194
53.3048,442,1.4258
53.3093,444,1.4323
53.3137,445,1.4355
53.3181,448,1.4452
53.3224,451,1.4548
53.3267,459,1.4806
53.3311,472,1.5226
53.3354,489,1.5774
53.3397,505,1.6290
53.3441,519,1.6742
53.3484,532,1.7161
53.3528,541,1.7452
53.3571,547,1.7645
53.3614,551,1.7774
53.3658,551,1.7774
53.3701,547,1.7645
53.3744,538,1.7355
53.3789,526,1.6968
53.3832,514,1.6581
53.3876,501,1.6161
53.3919,488,1.5742
53.3962,474,1.5290
53.4006,459,1.4806
53.4049,453,1.4613
53.4092,452,1.4581
53.4135,454,1.4645
53.4178,454,1.4645
53.4221,455,1.4677
53.4264,457,1.4742
53.4307,460,1.4839
53.4350,460,1.4839
53.4393,461,1.4871
53.4436,461,1.4871
53.4479,463,1.4935
53.4522,463,1.4935
53.4565,455,1.4677
53.4608,431,1.3903
53.4651,399,1.2871
53.4694,381,1.2290
53.4737,422,1.3613
53.4780,529,1.7065
53.4823,687,2.2161
53.4866,871,2.8097
53.4909,1000,3.2258
53.4952,999,3.2226
53.4995,999,3.2226
53.5038,958,3.0903
53.5081,761,2.4548
53.5125,547,1.7645
53.5168,415,1.3387
53.5211,363,1.1710
53.5254,360,1.1613
53.5298,386,1.2452
53.5341,416,1.3419
53.5384,433,1.3968
53.5428,437,1.4097
53.5471,439,1.4161
53.5514,439,1.4161
53.5558,440,1.4194
53.5601,442,1.4258
53.5644,444,1.4323
53.5688,446,1.4387
53.5731,448,1.4452
53.5775,449,1.4484
53.5818,451,1.4548
53.5861,452,1.4581
53.5904,452,1.4581
53.5948,454,1.4645
53.5991,455,1.4677
53.6035,458,1.4774
53.6083,470,1.5161
53.6127,483,1.5581
53.6171,497,1.6032
53.6214,510,1.6452
53.6257,525,1.6935
53.6300,539,1.7387
53.6343,552,1.7806
53.6386,566,1.8258
53.6429,577,1.8613
53.6472,587,1.8935
53.6515,598,1.9290
53.6559,607,1.9581
53.6601,614,1.9806
53.6644,621,2.0032
53.6687,626,2.0194
53.6730,628,2.0258
53.6773,629,2.0290
53.6816,630,2.0323
53.6859,629,2.0290
53.6902,625,2.0161
53.6945,619,1.9968
53.6988,612,1.9742
53.7031,603,1.9452
53.7074,593,1.9129
53.7117,583,1.8806
53.7160,571,1.8419
53.7203,558,1.8000
53.7246,544,1.7548
53.7288,532,1.7161
53.7331,517,1.6677
53.7374,503,1.6226
53.7417,489,1.5774
53.7460,476,1.5355
53.7503,463,1.4935
53.7546,451,1.4548
53.7589,440,1.4194
53.7632,432,1.3935
53.7675,428,1.3806
53.7718,430,1.3871
53.7761,431,1.3903
53.7804,434,1.4000
53.7847,435,1.4032
53.7890,437,1.4097
53.7933,439,1.4161
53.7976,440,1.4194
53.8020,441,1.4226
53.8063,444,1.4323
53.8106,446,1.4387
53.8149,447,1.4419
53.8193,448,1.4452
53.8236,450,1.4516
53.8279,461,1.4871
53.8323,475,1.5323
53.8366,491,1.5839
53.8409,507,1.6355
53.8453,522,1.6839
53.8496,534,1.7226
53.8539,543,1.7516
53.8583,549,1.7710
53.8626,552,1.7806
53.8669,551,1.7774
53.8713,545,1.7581
53.8756,536,1.7290
53.8799,525,1.6935
53.8843,514,1.6581
53.8886,500,1.6129
53.8929,485,1.5645
53.8972,471,1.5194
53.9016,458,1.4774
53.9059,452,1.4581
53.9102,452,1.4581
53.9145,454,1.4645
53.9188,456,1.4710
53.9231,458,1.4774
53.9274,460,1.4839
53.9317,460,1.4839
53.9360,461,1.4871
53.9403,460,1.4839
53.9446,462,1.4903
53.9489,465,1.5000
53.9532,463,1.4935
53.9575,452,1.4581
53.9618,425,1.3710
53.9661,394,1.2710
53.9704,388,1.2516
53.9747,442,1.4258
53.9789,561,1.8097
53.9833,726,2.3419
53.9875,913,2.9452
53.9918,1000,3.2258
53.9961,1001,3.2290
54.0004,999,3.2226
54.0047,927,2.9903
54.0090,714,2.3032
54.0134,513,1.6548
54.0177,401,1.2935
54.0220,360,1.1613
54.0264,364,1.1742
54.0307,391,1.2613
54.0350,419,1.3516
54.0393,433,1.3968
54.0437,439,1.4161
54.0481,440,1.4194
54.0524,441,1.4226
54.0567,442,1.4258
54.0611,442,1.4258
54.0654,443,1.4290
54.0697,445,1.4355
54.0741,447,1.4419
54.0784,448,1.4452
54.0827,449,1.4484
54.0871,451,1.4548
54.0914,453,1.4613
54.0957,454,1.4645
54.1000,454,1.4645
54.1045,459,1.4806
54.1088,470,1.5161
54.1131,483,1.5581
54.1174,497,1.6032
54.1217,510,1.6452
54.1260,524,1.6903
54.1303,539,1.7387
54.1346,552,1.7806
54.1389,566,1.8258
54.1432,577,1.8613
54.1475,588,1.8968
54.1518,599,1.9323
54.1561,608,1.9613
54.1604,616,1.9871
54.1647,620,2.0000
54.1690,627,2.0226
54.1733,630,2.0323
54.1776,630,2.0323
54.1818,631,2.0355
54.1861,629,2.0290
54.1904,624,2.0129
54.1947,619,1.9968
54.1990,611,1.9710
54.2033,601,1.9387
54.2077,591,1.9065
54.2122,581,1.8742
54.2166,567,1.8290
54.2209,556,1.7935
54.2253,544,1.7548
54.2296,529,1.7065
54.2339,515,1.6613
54.2383,501,1.6161
54.2426,486,1.5677
54.2469,473,1.5258
54.2513,460,1.4839
54.2556,451,1.4548
54.2599,436,1.4065
54.2644,430,1.3871
54.2687,428,1.3806
54.2730,430,1.3871
54.2774,432,1.3935
54.2817,434,1.4000
54.2860,435,1.4032
54.2903,437,1.4097
54.2947,439,1.4161
54.2990,441,1.4226
54.3033,442,1.4258
54.3076,443,1.4290
54.3120,445,1.4355
54.3163,446,1.4387
54.3206,448,1.4452
54.3249,454,1.4645
54.3292,465,1.5000
54.3335,479,1.5452
54.3378,495,1.5968
54.3421,511,1.6484
54.3464,524,1.6903
54.3507,536,1.7290
54.3550,544,1.7548
54.3593,550,1.7742
54.3636,553,1.7839
54.3679,549,1.7710
54.3722,543,1.7516
54.3765,533,1.7194
54.3808,523,1.6871
54.3851,511,1.6484
54.3894,497,1.6032
54.3937,482,1.5548
54.3980,468,1.5097
54.4023,455,1.4677
54.4067,451,1.4548
54.4110,451,1.4548
54.4153,453,1.4613
54.4197,455,1.4677
54.4240,458,1.4774
54.4283,460,1.4839
54.4326,461,1.4871
54.4370,462,1.4903
54.4413,464,1.4968
54.4456,465,1.5000
54.4500,466,1.5032
54.4543,463,1.4935
54.4586,447,1.4419
54.4630,415,1.3387
54.4673,386,1.2452
54.4716,396,1.2774
54.4760,473,1.5258
54.4803,610,1.9677
54.4846,786,2.5355
54.4890,972,3.1355
54.4933,1001,3.2290
54.4976,1001,3.2290
54.5020,992,3.2000
54.5064,852,2.7484
54.5108,622,2.0065
54.5153,454,1.4645
54.5196,376,1.2129
54.5240,358,1.1548
54.5283,374,1.2065
54.5325,404,1.3032
54.5368,426,1.3742
54.5411,437,1.4097
54.5454,439,1.4161
54.5497,440,1.4194
54.5540,440,1.4194
54.5583,442,1.4258
54.5626,443,1.4290
54.5669,444,1.4323
54.5712,447,1.4419
54.5755,448,1.4452
54.5798,448,1.4452
54.5841,451,1.4548
54.5884,452,1.4581
54.5927,453,1.4613
54.5970,455,1.4677
54.6013,456,1.4710
54.6056,461,1.4871
54.6099,473,1.5258
54.6142,486,1.5677
54.6185,500,1.6129
54.6228,515,1.6613
54.6271,529,1.7065
54.6314,542,1.7484
54.6357,556,1.7935
54.6400,567,1.8290
54.6443,580,1.8710
54.6486,592,1.9097
54.6529,601,1.9387
54.6571,610,1.9677
54.6615,618,1.9935
54.6658,623,2.0097
54.6701,627,2.0226
54.6743,629,2.0290
54.6786,629,2.0290
54.6829,630,2.0323
54.6872,626,2.0194
54.6915,624,2.0129
54.6958,615,1.9839
54.7001,611,1.9710
54.7044,602,1.9419
54.7087,591,1.9065
54.7130,579,1.8677
54.7173,567,1.8290
54.7216,552,1.7806
54.7260,539,1.7387
54.7303,526,1.6968
54.7346,512,1.6516
54.7389,499,1.6097
54.7433,485,1.5645
54.7476,472,1.5226
54.7519,459,1.4806
54.7563,447,1.4419
54.7606,436,1.4065
54.7649,430,1.3871
54.7693,431,1.3903
54.7736,434,1.4000
54.7779,435,1.4032
54.7823,437,1.4097
54.7866,438,1.4129
54.7909,440,1.4194
54.7953,441,1.4226
54.7996,442,1.4258
54.8039,443,1.4290
54.8083,445,1.4355
54.8126,446,1.4387
54.8169,446,1.4387
54.8212,448,1.4452
54.8255,455,1.4677
54.8298,468,1.5097
54.8341,483,1.5581
54.8384,498,1.6065
54.8427,512,1.6516
54.8470,526,1.6968
54.8513,537,1.7323
54.8556,545,1.7581
54.8599,551,1.7774
54.8642,552,1.7806
54.8685,548,1.7677
54.8728,542,1.7484
54.8771,533,1.7194
54.8814,520,1.6774
54.8857,509,1.6419
54.8899,495,1.5968
54.8942,481,1.5516
54.8985,467,1.5065
54.9028,456,1.4710
54.9071,453,1.4613
54.9114,454,1.4645
54.9157,456,1.4710
54.9200,457,1.4742
54.9243,458,1.4774
54.9287,459,1.4806
54.9330,459,1.4806
54.9373,460,1.4839
54.9417,461,1.4871
54.9460,463,1.4935
54.9503,465,1.5000
54.9547,461,1.4871
54.9590,445,1.4355
54.9633,414,1.3355
54.9677,386,1.2452
54.9720,399,1.2871
54.9763,479,1.5452
54.9807,619,1.9968
54.9850,799,2.5774
54.9893,982,3.1677
54.9937,999,3.2226
54.9980,999,3.2226
55.0023,990,3.1935
55.0067,841,2.7129
55.0110,615,1.9839
55.0155,448,1.4452
55.0198,374,1.2065
55.0241,357,1.1516
55.0284,375,1.2097
55.0327,406,1.3097
55.0375,429,1.3839
55.0423,439,1.4161
55.0491,441,1.4226
55.0535,442,1.4258
55.0579,441,1.4226
55.0622,443,1.4290
55.0665,444,1.4323
55.0709,445,1.4355
55.0752,447,1.4419
55.0795,449,1.4484
55.0838,451,1.4548
55.0881,452,1.4581
55.0924,454,1.4645
55.0967,456,1.4710
55.1010,458,1.4774
55.1078,469,1.5129
55.1122,481,1.5516
55.1167,495,1.5968
55.1210,509,1.6419
55.1252,523,1.6871
55.1295,538,1.7355
55.1338,551,1.7774
55.1380,564,1.8194
55.1423,575,1.8548
55.1466,585,1.8871
55.1508,597,1.9258
55.1551,606,1.9548
55.1594,614,1.9806
55.1636,622,2.0065
55.1680,625,2.0161
55.1723,629,2.0290
55.1765,630,2.0323
55.1808,633,2.0419
55.1851,630,2.0323
55.1894,627,2.0226
55.1937,622,2.0065
55.1980,616,1.9871
55.2022,607,1.9581
55.2065,597,1.9258
55.2108,584,1.8839
55.2150,574,1.8516
55.2193,563,1.8161
55.2236,549,1.7710
55.2279,537,1.7323
55.2322,522,1.6839
55.2365,508,1.6387
55.2408,494,1.5935
55.2451,481,1.5516
55.2494,468,1.5097
55.2537,455,1.4677
55.2581,444,1.4323
55.2623,435,1.4032
55.2666,431,1.3903
55.2710,431,1.3903
55.2753,432,1.3935
55.2796,434,1.4000
55.2839,436,1.4065
55.2882,437,1.4097
55.2925,439,1.4161
55.2968,440,1.4194
55.3011,441,1.4226
55.3054,444,1.4323
55.3097,445,1.4355
55.3140,446,1.4387
55.3184,447,1.4419
55.3228,450,1.4516
55.3271,458,1.4774
55.3313,472,1.5226
55.3356,488,1.5742
55.3399,504,1.6258
55.3442,519,1.6742
55.3484,532,1.7161
55.3527,541,1.7452
55.3570,546,1.7613
55.3613,550,1.7742
55.3655,549,1.7710
55.3698,545,1.7581
55.3740,540,1.7419
55.3783,531,1.7129
55.3864,506,1.6323
55.3907,492,1.5871
55.3950,477,1.5387
55.3993,464,1.4968
55.4036,454,1.4645
55.4080,452,1.4581
55.4124,452,1.4581
55.4168,454,1.4645
55.4212,456,1.4710
55.4255,458,1.4774
55.4298,458,1.4774
55.4341,460,1.4839
55.4384,461,1.4871
55.4427,463,1.4935
55.4470,465,1.5000
55.4513,465,1.5000
55.4556,461,1.4871
55.4599,440,1.4194
55.4642,407,1.3129
55.4685,384,1.2387
55.4728,412,1.3290
55.4771,503,1.6226
55.4814,651,2.1000
55.4857,832,2.6839
55.4901,996,3.2129
55.4944,1000,3.2258
55.4987,1000,3.2258
55.5030,982,3.1677
55.5073,810,2.6129
55.5116,590,1.9032
55.5159,438,1.4129
55.5202,371,1.1968
55.5245,358,1.1548
55.5288,378,1.2194
55.5331,408,1.3161
55.5374,429,1.3839
55.5417,438,1.4129
55.5460,441,1.4226
55.5503,441,1.4226
55.5546,441,1.4226
55.5589,442,1.4258
55.5632,443,1.4290
55.5675,445,1.4355
55.5718,447,1.4419
55.5761,449,1.4484
55.5804,451,1.4548
55.5847,452,1.4581
55.5890,452,1.4581
55.5933,455,1.4677
55.5976,456,1.4710
55.6019,457,1.4742
55.6062,463,1.4935
55.6105,474,1.5290
55.6148,488,1.5742
55.6191,501,1.6161
55.6234,517,1.6677
55.6277,530,1.7097
55.6320,544,1.7548
55.6363,558,1.8000
55.6406,570,1.8387
55.6449,582,1.8774
55.6492,592,1.9097
55.6535,603,1.9452
55.6578,612,1.9742
55.6621,619,1.9968
55.6665,623,2.0097
55.6708,627,2.0226
55.6751,628,2.0258
55.6794,630,2.0323
55.6837,629,2.0290
55.6880,626,2.0194
55.6926,622,2.0065
55.6969,614,1.9806
55.7012,605,1.9516
55.7056,597,1.9258
55.7098,587,1.8935
55.7141,575,1.8548
55.7184,564,1.8194
55.7227,551,1.7774
55.7270,538,1.7355
55.7313,524,1.6903
55.7356,510,1.6452
55.7399,496,1.6000
55.7442,482,1.5548
55.7485,469,1.5129
55.7528,456,1.4710
55.7571,444,1.4323
55.7614,433,1.3968
55.7659,428,1.3806
55.7702,429,1.3839
55.7745,430,1.3871
55.7788,433,1.3968
55.7831,435,1.4032
55.7874,437,1.4097
55.7917,439,1.4161
55.7960,439,1.4161
55.8003,440,1.4194
55.8045,442,1.4258
55.8089,443,1.4290
55.8131,446,1.4387
55.8174,447,1.4419
55.8218,449,1.4484
55.8261,456,1.4710
55.8305,468,1.5097
55.8348,484,1.5613
55.8390,499,1.6097
55.8433,514,1.6581
55.8477,528,1.7032
55.8519,538,1.7355
55.8562,546,1.7613
55.8605,551,1.7774
55.8648,551,1.7774
55.8691,546,1.7613
55.8734,540,1.7419
55.8778,530,1.7097
55.8821,518,1.6710
55.8864,506,1.6323
55.8907,492,1.5871
55.8950,478,1.5419
55.8993,464,1.4968
55.9036,454,1.4645
55.9080,452,1.4581
55.9123,453,1.4613
55.9166,454,1.4645
55.9209,455,1.4677
55.9252,456,1.4710
55.9295,459,1.4806
55.9338,461,1.4871
55.9381,462,1.4903
55.9424,463,1.4935
55.9467,463,1.4935
55.9510,464,1.4968
55.9553,459,1.4806
55.9596,440,1.4194
55.9639,409,1.3194
55.9682,383,1.2355
55.9725,403,1.3000
55.9768,491,1.5839
55.9811,634,2.0452
55.9854,812,2.6194
55.9897,988,3.1871
55.9940,1000,3.2258
55.9983,998,3.2194
56.0026,988,3.1871
56.0069,825,2.6613
56.0114,596,1.9226
56.0158,439,1.4161
56.0201,371,1.1968
56.0244,358,1.1548
56.0287,378,1.2194
56.0331,408,1.3161
56.0374,428,1.3806
56.0417,437,1.4097
56.0459,440,1.4194
56.0502,441,1.4226
56.0545,441,1.4226
56.0588,443,1.4290
56.0631,443,1.4290
56.0674,445,1.4355
56.0718,447,1.4419
56.0760,448,1.4452
56.0804,450,1.4516
56.0846,452,1.4581
56.0889,452,1.4581
56.0933,452,1.4581
56.0975,454,1.4645
56.1018,455,1.4677
56.1062,462,1.4903
56.1105,474,1.5290
56.1148,489,1.5774
56.1191,502,1.6194
56.1234,517,1.6677
56.1277,530,1.7097
56.1320,544,1.7548
56.1363,558,1.8000
56.1406,570,1.8387
56.1449,582,1.8774
56.1492,593,1.9129
56.1535,603,1.9452
56.1579,611,1.9710
56.1622,619,1.9968
56.1665,624,2.0129
56.1708,628,2.0258
56.1751,630,2.0323
56.1794,630,2.0323
56.1837,630,2.0323
56.1880,627,2.0226
56.1923,622,2.0065
56.1966,616,1.9871
56.2009,608,1.9613
56.2052,600,1.9355
56.2095,587,1.8935
56.2138,577,1.8613
56.2181,564,1.8194
56.2224,552,1.7806
56.2267,539,1.7387
56.2310,526,1.6968
56.2353,511,1.6484
56.2396,497,1.6032
56.2439,483,1.5581
56.2482,469,1.5129
56.2525,457,1.4742
56.2568,446,1.4387
56.2611,435,1.4032
56.2654,429,1.3839
56.2697,428,1.3806
56.2740,431,1.3903
56.2783,434,1.4000
56.2826,435,1.4032
56.2869,436,1.4065
56.2912,438,1.4129
56.2956,439,1.4161
56.2999,441,1.4226
56.3042,442,1.4258
56.3086,443,1.4290
56.3153,445,1.4355
56.3197,448,1.4452
56.3240,452,1.4581
56.3283,463,1.4935
56.3326,478,1.5419
56.3370,494,1.5935
56.3413,509,1.6419
56.3455,521,1.6806
56.3498,533,1.7194
56.3541,543,1.7516
56.3584,549,1.7710
56.3627,551,1.7774
56.3670,550,1.7742
56.3713,544,1.7548
56.3756,536,1.7290
56.3800,525,1.6935
56.3843,513,1.6548
56.3886,500,1.6129
56.3929,487,1.5710
56.3972,472,1.5226
56.4015,460,1.4839
56.4058,454,1.4645
56.4100,454,1.4645
56.4144,455,1.4677
56.4188,457,1.4742
56.4231,458,1.4774
56.4273,458,1.4774
56.4317,460,1.4839
56.4359,461,1.4871
56.4403,463,1.4935
56.4446,463,1.4935
56.4488,464,1.4968
56.4531,462,1.4903
56.4574,452,1.4581
56.4618,424,1.3677
56.4661,393,1.2677
56.4704,384,1.2387
56.4746,438,1.4129
56.4789,556,1.7935
56.4833,721,2.3258
56.4876,908,2.9290
56.4919,1000,3.2258
56.4962,1000,3.2258
56.5005,996,3.2129
56.5048,928,2.9935
56.5090,719,2.3194
56.5133,517,1.6677
56.5176,402,1.2968
56.5220,361,1.1645
56.5264,364,1.1742
56.5307,393,1.2677
56.5350,421,1.3581
56.5393,436,1.4065
56.5436,440,1.4194
56.5479,442,1.4258
56.5522,443,1.4290
56.5566,443,1.4290
56.5609,444,1.4323
56.5652,445,1.4355
56.5695,447,1.4419
56.5738,449,1.4484
56.5781,449,1.4484
56.5824,450,1.4516
56.5867,452,1.4581
56.5910,454,1.4645
56.5953,455,1.4677
56.5996,457,1.4742
56.6039,459,1.4806
56.6082,467,1.5065
56.6125,481,1.5516
56.6168,495,1.5968
56.6210,509,1.6419
56.6254,524,1.6903
56.6297,537,1.7323
56.6340,551,1.7774
56.6383,565,1.8226
56.6426,578,1.8645
56.6469,589,1.9000
56.6512,599,1.9323
56.6555,608,1.9613
56.6598,616,1.9871
56.6641,623,2.0097
56.6684,626,2.0194
56.6727,630,2.0323
56.6770,632,2.0387
56.6813,633,2.0419
56.6856,631,2.0355
56.6899,625,2.0161
56.6942,621,2.0032
56.6985,614,1.9806
56.7028,605,1.9516
56.7071,594,1.9161
56.7114,585,1.8871
56.7157,572,1.8452
56.7200,558,1.8000
56.7243,546,1.7613
56.7286,533,1.7194
56.7330,520,1.6774
56.7373,505,1.6290
56.7416,492,1.5871
56.7459,478,1.5419
56.7502,465,1.5000
56.7544,454,1.4645
56.7587,441,1.4226
56.7630,432,1.3935
56.7674,430,1.3871
56.7717,432,1.3935
56.7760,435,1.4032
56.7803,434,1.4000
56.7846,437,1.4097
56.7889,440,1.4194
56.7932,440,1.4194
56.7975,440,1.4194
56.8018,442,1.4258
56.8061,444,1.4323
56.8104,446,1.4387
56.8147,448,1.4452
56.8189,448,1.4452
56.8232,450,1.4516
56.8276,459,1.4806
56.8319,473,1.5258
56.8362,490,1.5806
56.8405,506,1.6323
56.8448,519,1.6742
56.8491,530,1.7097
56.8534,540,1.7419
56.8576,547,1.7645
56.8619,550,1.7742
56.8663,550,1.7742
56.8706,546,1.7613
56.8749,537,1.7323
56.8792,527,1.7000
56.8835,514,1.6581
56.8879,501,1.6161
56.8922,487,1.5710
56.8965,473,1.5258
56.9008,460,1.4839
56.9051,453,1.4613
56.9114,451,1.4548
56.9158,453,1.4613
56.9201,456,1.4710
56.9245,458,1.4774
56.9288,459,1.4806
56.9331,460,1.4839
56.9374,462,1.4903
56.9417,463,1.4935
56.9460,464,1.4968
56.9503,465,1.5000
56.9546,462,1.4903
56.9589,446,1.4387
56.9632,414,1.3355
56.9675,386,1.2452
56.9718,397,1.2806
56.9761,472,1.5226
56.9804,608,1.9613
56.9847,784,2.5290
56.9890,969,3.1258
56.9933,999,3.2226
56.9976,1001,3.2290
57.0019,993,3.2032
57.0062,865,2.7903
57.0105,643,2.0742
57.0148,469,1.5129
57.0191,381,1.2290
57.0234,357,1.1516
57.0277,369,1.1903
57.0320,400,1.2903
57.0363,424,1.3677
57.0406,435,1.4032
57.0449,439,1.4161
57.0492,439,1.4161
57.0535,440,1.4194
57.0578,441,1.4226
57.0621,443,1.4290
57.0664,445,1.4355
57.0708,446,1.4387
57.0751,448,1.4452
57.0794,448,1.4452
57.0837,449,1.4484
57.0880,452,1.4581
57.0923,452,1.4581
57.0966,454,1.4645
57.1009,456,1.4710
57.1052,459,1.4806
57.1095,471,1.5194
57.1138,484,1.5613
57.1181,499,1.6097
57.1224,512,1.6516
57.1267,526,1.6968
57.1310,541,1.7452
57.1354,556,1.7935
57.1397,567,1.8290
57.1440,579,1.8677
57.1483,589,1.9000
57.1527,601,1.9387
57.1575,611,1.9710
57.1619,618,1.9935
57.1662,623,2.0097
57.1705,625,2.0161
57.1748,630,2.0323
57.1791,630,2.0323
57.1834,629,2.0290
57.1877,627,2.0226
57.1920,622,2.0065
57.1963,617,1.9903
57.2006,611,1.9710
57.2050,601,1.9387
57.2102,588,1.8968
57.2146,575,1.8548
57.2189,562,1.8129
57.2232,549,1.7710
57.2275,535,1.7258
57.2321,521,1.6806
57.2365,507,1.6355
57.2408,492,1.5871
57.2451,479,1.5452
57.2494,466,1.5032
57.2537,453,1.4613
57.2581,441,1.4226
57.2624,432,1.3935
57.2666,427,1.3774
57.2709,428,1.3806
57.2752,431,1.3903
57.2796,433,1.3968
57.2839,435,1.4032
57.2882,438,1.4129
57.2925,440,1.4194
57.2968,440,1.4194
57.3011,441,1.4226
57.3054,443,1.4290
57.3097,445,1.4355
57.3140,447,1.4419
57.3183,448,1.4452
57.3226,449,1.4484
57.3269,458,1.4774
57.3312,471,1.5194
57.3355,488,1.5742
57.3399,503,1.6226
57.3442,517,1.6677
57.3485,529,1.7065
57.3528,540,1.7419
57.3571,548,1.7677
57.3614,551,1.7774
57.3657,550,1.7742
57.3700,547,1.7645
57.3749,538,1.7355
57.3792,528,1.7032
57.3836,516,1.6645
57.3879,503,1.6226
57.3922,489,1.5774
57.3965,473,1.5258
57.4009,460,1.4839
57.4052,453,1.4613
57.4094,452,1.4581
57.4137,454,1.4645
57.4180,456,1.4710
57.4224,458,1.4774
57.4267,458,1.4774
57.4309,461,1.4871
57.4352,462,1.4903
57.4396,463,1.4935
57.4439,464,1.4968
57.4482,464,1.4968
57.4525,465,1.5000
57.4569,456,1.4710
57.4613,431,1.3903
57.4656,398,1.2839
57.4699,386,1.2452
57.4742,431,1.3903
57.4785,541,1.7452
57.4828,702,2.2645
57.4871,887,2.8613
57.4914,999,3.2226
57.4957,1000,3.2258
57.5000,998,3.2194
57.5043,946,3.0516
57.5086,744,2.4000
57.5129,537,1.7323
57.5172,410,1.3226
57.5215,361,1.1645
57.5258,360,1.1613
57.5301,386,1.2452
57.5350,418,1.3484
57.5393,433,1.3968
57.5437,438,1.4129
57.5480,438,1.4129
57.5523,440,1.4194
57.5566,440,1.4194
57.5609,441,1.4226
57.5652,443,1.4290
57.5695,445,1.4355
57.5738,447,1.4419
57.5781,448,1.4452
57.5824,449,1.4484
57.5867,451,1.4548
57.5910,453,1.4613
57.5953,453,1.4613
57.6001,454,1.4645
57.6045,458,1.4774
57.6088,469,1.5129
57.6131,482,1.5548
57.6174,497,1.6032
57.6217,511,1.6484
57.6260,524,1.6903
57.6303,538,1.7355
57.6346,552,1.7806
57.6389,565,1.8226
57.6432,577,1.8613
57.6476,589,1.9000
57.6519,599,1.9323
57.6562,607,1.9581
57.6604,615,1.9839
57.6647,620,2.0000
57.6691,625,2.0161
57.6734,630,2.0323
57.6777,631,2.0355
57.6820,630,2.0323
57.6863,627,2.0226
57.6906,624,2.0129
57.6949,618,1.9935
57.6992,612,1.9742
57.7035,604,1.9484
57.7079,595,1.9194
57.7122,583,1.8806
57.7165,571,1.8419
57.7208,558,1.8000
57.7251,544,1.7548
57.7294,532,1.7161
57.7337,517,1.6677
57.7380,502,1.6194
57.7423,489,1.5774
57.7472,473,1.5258
57.7515,461,1.4871
57.7557,449,1.4484
57.7600,438,1.4129
57.7643,431,1.3903
57.7687,431,1.3903
57.7730,432,1.3935
57.7773,433,1.3968
57.7815,435,1.4032
57.7858,436,1.4065
57.7902,436,1.4065
57.7945,438,1.4129
57.7988,440,1.4194
57.8031,441,1.4226
57.8077,442,1.4258
57.8121,443,1.4290
57.8165,445,1.4355
57.8208,447,1.4419
57.8251,452,1.4581
57.8295,464,1.4968
57.8338,480,1.5484
57.8381,496,1.6000
57.8424,511,1.6484
57.8467,523,1.6871
57.8511,535,1.7258
57.8554,544,1.7548
57.8597,549,1.7710
57.8640,550,1.7742
57.8683,548,1.7677
57.8726,543,1.7516
57.8769,536,1.7290
57.8812,524,1.6903
57.8855,511,1.6484
57.8898,497,1.6032
57.8941,482,1.5548
57.8984,468,1.5097
57.9027,458,1.4774
57.9070,454,1.4645
57.9113,454,1.4645
57.9156,456,1.4710
57.9199,457,1.4742
57.9242,459,1.4806
57.9285,460,1.4839
57.9328,460,1.4839
57.9372,461,1.4871
57.9419,462,1.4903
57.9462,464,1.4968
57.9505,465,1.5000
57.9549,462,1.4903
57.9592,445,1.4355
57.9634,415,1.3387
57.9682,385,1.2419
57.9725,406,1.3097
57.9768,491,1.5839
57.9811,633,2.0419
57.9854,811,2.6161
57.9897,987,3.1839
57.9940,1000,3.2258
57.9983,1001,3.2290
58.0026,989,3.1903
58.0069,836,2.6968
58.0112,613,1.9774
58.0155,452,1.4581
58.0198,375,1.2097
58.0241,358,1.1548
58.0284,374,1.2065
58.0327,405,1.3065
58.0370,428,1.3806
58.0413,438,1.4129
58.0457,440,1.4194
58.0500,440,1.4194
58.0543,441,1.4226
58.0586,442,1.4258
58.0629,443,1.4290
58.0672,444,1.4323
58.0715,446,1.4387
58.0758,448,1.4452
58.0801,449,1.4484
58.0844,450,1.4516
58.0887,452,1.4581
58.0930,455,1.4677
58.0973,456,1.4710
58.1016,457,1.4742
58.1060,462,1.4903
58.1113,476,1.5355
58.1157,491,1.5839
58.1201,506,1.6323
58.1243,521,1.6806
58.1286,534,1.7226
58.1329,548,1.7677
58.1373,561,1.8097
58.1416,571,1.8419
58.1459,584,1.8839
58.1502,595,1.9194
58.1546,605,1.9516
58.1589,613,1.9774
58.1632,621,2.0032
58.1675,625,2.0161
58.1718,630,2.0323
58.1761,630,2.0323
58.1804,632,2.0387
58.1847,628,2.0258
58.1894,625,2.0161
58.1937,619,1.9968
58.1980,611,1.9710
58.2023,604,1.9484
58.2066,595,1.9194
58.2109,585,1.8871
58.2152,574,1.8516
58.2195,562,1.8129
58.2238,549,1.7710
58.2281,535,1.7258
58.2324,521,1.6806
58.2367,507,1.6355
58.2411,492,1.5871
58.2454,479,1.5452
58.2497,466,1.5032
58.2543,453,1.4613
58.2586,442,1.4258
58.2629,432,1.3935
58.2672,430,1.3871
58.2715,429,1.3839
58.2758,431,1.3903
58.2802,433,1.3968
58.2844,435,1.4032
58.2887,437,1.4097
58.2930,437,1.4097
58.2974,440,1.4194
58.3017,442,1.4258
58.3060,443,1.4290
58.3103,445,1.4355
58.3146,446,1.4387
58.3189,446,1.4387
58.3232,450,1.4516
58.3275,458,1.4774
58.3318,473,1.5258
58.3361,487,1.5710
58.3404,503,1.6226
58.3447,516,1.6645
58.3490,530,1.7097
58.3533,541,1.7452
58.3576,549,1.7710
58.3620,551,1.7774
58.3663,551,1.7774
58.3705,547,1.7645
58.3748,539,1.7387
58.3791,528,1.7032
58.3835,517,1.6677
58.3877,503,1.6226
58.3920,489,1.5774
58.3964,473,1.5258
58.4007,459,1.4806
58.4050,452,1.4581
58.4093,451,1.4548
58.4136,453,1.4613
58.4179,455,1.4677
58.4222,457,1.4742
58.4265,458,1.4774
58.4308,459,1.4806
58.4351,460,1.4839
58.4394,461,1.4871
58.4437,462,1.4903
58.4481,464,1.4968
58.4524,464,1.4968
58.4567,456,1.4710
58.4610,432,1.3935
58.4653,399,1.2871
58.4696,383,1.2355
58.4739,424,1.3677
58.4782,528,1.7032
58.4830,704,2.2710
58.4873,890,2.8710
58.4916,998,3.2194
58.4959,1001,3.2290
58.5002,999,3.2226
58.5045,941,3.0355
58.5088,737,2.3774
58.5131,533,1.7194
58.5174,411,1.3258
58.5217,363,1.1710
58.5260,363,1.1710
58.5303,387,1.2484
58.5346,415,1.3387
58.5389,433,1.3968
58.5432,439,1.4161
58.5476,442,1.4258
58.5518,441,1.4226
58.5561,443,1.4290
58.5604,444,1.4323
58.5648,445,1.4355
58.5691,445,1.4355
58.5733,447,1.4419
58.5776,449,1.4484
58.5819,450,1.4516
58.5863,452,1.4581
58.5906,453,1.4613
58.5949,454,1.4645
58.5992,454,1.4645
58.6035,457,1.4742
58.6078,465,1.5000
58.6121,478,1.5419
58.6164,494,1.5935
58.6207,508,1.6387
58.6250,523,1.6871
58.6293,536,1.7290
58.6336,550,1.7742
58.6379,563,1.8161
58.6424,575,1.8548
58.6467,588,1.8968
58.6510,597,1.9258
58.6553,607,1.9581
58.6596,614,1.9806
58.6639,620,2.0000
58.6682,624,2.0129
58.6725,630,2.0323
58.6768,630,2.0323
58.6811,631,2.0355
58.6854,630,2.0323
58.6897,626,2.0194
58.6940,620,2.0000
58.6983,612,1.9742
58.7028,603,1.9452
58.7080,593,1.9129
58.7124,581,1.8742
58.7168,570,1.8387
58.7211,556,1.7935
58.7254,543,1.7516
58.7298,529,1.7065
58.7341,515,1.6613
58.7383,501,1.6161
58.7428,488,1.5742
58.7471,475,1.5323
58.7514,463,1.4935
58.7557,451,1.4548
58.7600,438,1.4129
58.7643,430,1.3871
58.7686,429,1.3839
58.7729,431,1.3903
58.7772,433,1.3968
58.7815,435,1.4032
58.7858,436,1.4065
58.7900,437,1.4097
58.7943,440,1.4194
58.7986,441,1.4226
58.8028,442,1.4258
58.8071,445,1.4355
58.8114,446,1.4387
58.8156,448,1.4452
58.8199,449,1.4484
58.8242,452,1.4581
58.8284,463,1.4935
58.8327,476,1.5355
58.8370,493,1.5903
58.8413,508,1.6387
58.8455,520,1.6774
58.8498,532,1.7161
58.8541,540,1.7419
58.8583,547,1.7645
58.8626,549,1.7710
58.8669,549,1.7710
58.8712,545,1.7581
58.8755,537,1.7323
58.8798,526,1.6968
58.8840,513,1.6548
58.8883,500,1.6129
58.8926,486,1.5677
58.8969,472,1.5226
58.9011,459,1.4806
58.9054,453,1.4613
58.9097,452,1.4581
58.9139,453,1.4613
58.9182,456,1.4710
58.9224,457,1.4742
58.9267,459,1.4806
58.9316,460,1.4839
58.9359,461,1.4871
58.9402,463,1.4935
58.9444,464,1.4968
58.9488,465,1.5000
58.9531,464,1.4968
58.9574,454,1.4645
58.9617,428,1.3806
58.9660,394,1.2710
58.9703,385,1.2419
58.9746,436,1.4065
58.9789,552,1.7806
58.9832,717,2.3129
58.9876,903,2.9129
58.9919,1000,3.2258
58.9962,999,3.2226
59.0004,997,3.2161
59.0048,930,3.0000
59.0092,713,2.3000
59.0137,503,1.6226
59.0182,393,1.2677
59.0225,358,1.1548
59.0268,364,1.1742
59.0311,393,1.2677
59.0354,419,1.3516
59.0397,434,1.4000
59.0440,440,1.4194
59.0483,441,1.4226
59.0526,442,1.4258
59.0569,442,1.4258
59.0611,443,1.4290
59.0654,444,1.4323
59.0697,445,1.4355
59.0740,446,1.4387
59.0783,446,1.4387
59.0826,447,1.4419
59.0869,449,1.4484
59.0911,451,1.4548
59.0954,453,1.4613
59.0997,455,1.4677
59.1039,458,1.4774
59.1082,467,1.5065
59.1125,480,1.5484
59.1168,494,1.5935
59.1211,509,1.6419
59.1254,523,1.6871
59.1297,537,1.7323
59.1340,550,1.7742
59.1383,564,1.8194
59.1426,576,1.8581
59.1469,586,1.8903
59.1512,597,1.9258
59.1556,607,1.9581
59.1599,614,1.9806
59.1642,619,1.9968
59.1685,623,2.0097
59.1728,626,2.0194
59.1771,630,2.0323
59.1814,629,2.0290
59.1857,627,2.0226
59.1900,624,2.0129
59.1943,620,2.0000
59.1986,613,1.9774
59.2029,603,1.9452
59.2072,594,1.9161
59.2115,584,1.8839
59.2158,572,1.8452
59.2201,559,1.8032
59.2244,545,1.7581
59.2287,532,1.7161
59.2330,520,1.6774
59.2373,504,1.6258
59.2416,490,1.5806
59.2459,478,1.5419
59.2502,464,1.4968
59.2546,453,1.4613
59.2589,441,1.4226
59.2632,432,1.3935
59.2675,429,1.3839
59.2718,430,1.3871
59.2761,432,1.3935
59.2804,435,1.4032
59.2847,436,1.4065
59.2890,438,1.4129
59.2933,439,1.4161
59.2976,441,1.4226
59.3019,443,1.4290
59.3062,444,1.4323
59.3105,445,1.4355
59.3148,447,1.4419
59.3191,449,1.4484
59.3234,452,1.4581
59.3277,461,1.4871
59.3320,475,1.5323
59.3363,492,1.5871
59.3411,508,1.6387
59.3454,520,1.6774
59.3497,533,1.7194
59.3540,541,1.7452
59.3583,548,1.7677
59.3626,550,1.7742
59.3669,551,1.7774
59.3712,544,1.7548
59.3755,537,1.7323
59.3798,527,1.7000
59.3841,514,1.6581
59.3884,500,1.6129
59.3927,486,1.5677
59.3970,473,1.5258
59.4013,459,1.4806
59.4057,452,1.4581
59.4099,451,1.4548
59.4142,452,1.4581
59.4185,455,1.4677
59.4229,456,1.4710
59.4271,457,1.4742
59.4314,459,1.4806
59.4357,460,1.4839
59.4400,460,1.4839
59.4443,463,1.4935
59.4487,464,1.4968
59.4530,463,1.4935
59.4573,454,1.4645
59.4616,429,1.3839
59.4659,395,1.2742
59.4702,383,1.2355
59.4745,433,1.3968
59.4788,547,1.7645
59.4831,709,2.2871
59.4874,896,2.8903
59.4917,998,3.2194
59.4960,1001,3.2290
59.5003,997,3.2161
59.5046,941,3.0355
59.5089,734,2.3677
59.5132,528,1.7032
59.5175,408,1.3161
59.5218,363,1.1710
59.5261,363,1.1710
59.5304,389,1.2548
59.5347,417,1.3452
59.5390,434,1.4000
59.5433,440,1.4194
59.5476,441,1.4226
59.5519,442,1.4258
59.5562,443,1.4290
59.5605,444,1.4323
59.5654,446,1.4387
59.5697,448,1.4452
59.5740,448,1.4452
59.5783,449,1.4484
59.5826,450,1.4516
59.5869,453,1.4613
59.5912,454,1.4645
59.5955,455,1.4677
59.5998,456,1.4710
59.6042,459,1.4806
59.6086,468,1.5097
59.6130,482,1.5548
59.6174,496,1.6000
59.6216,511,1.6484
59.6259,526,1.6968
59.6303,539,1.7387
59.6346,554,1.7871
59.6389,566,1.8258
59.6432,579,1.8677
59.6475,589,1.9000
59.6518,600,1.9355
59.6561,609,1.9645
59.6604,616,1.9871
59.6647,623,2.0097
59.6690,627,2.0226
59.6733,630,2.0323
59.6776,631,2.0355
59.6819,631,2.0355
59.6862,630,2.0323
59.6906,624,2.0129
59.6949,620,2.0000
59.6992,613,1.9774
59.7039,603,1.9452
59.7087,593,1.9129
59.7130,581,1.8742
59.7173,569,1.8355
59.7216,555,1.7903
59.7259,542,1.7484
59.7302,530,1.7097
59.7345,515,1.6613
59.7388,502,1.6194
59.7431,489,1.5774
59.7474,476,1.5355
59.7517,463,1.4935
59.7560,451,1.4548
59.7604,438,1.4129
59.7646,432,1.3935
59.7689,431,1.3903
59.7733,433,1.3968
59.7776,435,1.4032
59.7819,436,1.4065
59.7863,438,1.4129
59.7906,439,1.4161
59.7949,439,1.4161
59.7992,441,1.4226
59.8035,442,1.4258
59.8078,445,1.4355
59.8122,446,1.4387
59.8165,446,1.4387
59.8207,448,1.4452
59.8250,453,1.4613
59.8293,465,1.5000
59.8337,480,1.5484
59.8380,496,1.6000
59.8423,512,1.6516
59.8466,524,1.6903
59.8509,536,1.7290
59.8552,546,1.7613
59.8595,552,1.7806
59.8638,553,1.7839
59.8681,551,1.7774
59.8724,544,1.7548
59.8767,535,1.7258
59.8810,522,1.6839
59.8853,511,1.6484
59.8896,497,1.6032
59.8939,484,1.5613
59.8982,469,1.5129
59.9025,457,1.4742
59.9073,451,1.4548
59.9118,452,1.4581
59.9162,454,1.4645
59.9205,456,1.4710
59.9248,457,1.4742
59.9295,460,1.4839
59.9338,460,1.4839
59.9381,461,1.4871
59.9424,462,1.4903
59.9467,462,1.4903
59.9511,464,1.4968
59.9555,460,1.4839
59.9599,440,1.4194
59.9642,408,1.3161
59.9684,382,1.2323
59.9727,405,1.3065
59.9770,492,1.5871
59.9813,636,2.0516
59.9855,813,2.6226
59.9898,989,3.1903
59.9941,1000,3.2258
59.9984,1000,3.2258
60.0027,988,3.1871
60.0070,837,2.7000
60.0112,614,1.9806
60.0155,453,1.4613
60.0198,376,1.2129
60.0240,357,1.1516
60.0283,373,1.2032
60.0326,402,1.2968
60.0368,427,1.3774
60.0411,437,1.4097
60.0454,439,1.4161
60.0499,440,1.4194
60.0543,440,1.4194
60.0587,441,1.4226
60.0631,443,1.4290
60.0673,445,1.4355
60.0716,446,1.4387
60.0760,448,1.4452
60.0803,449,1.4484
60.0845,450,1.4516
60.0888,450,1.4516
60.0931,452,1.4581
60.0974,454,1.4645
60.1017,457,1.4742
60.1060,463,1.4935
60.1103,473,1.5258
60.1145,487,1.5710
60.1188,503,1.6226
60.1231,517,1.6677
60.1273,529,1.7065
60.1316,544,1.7548
60.1359,556,1.7935
60.1401,569,1.8355
60.1444,581,1.8742
60.1487,592,1.9097
60.1530,602,1.9419
60.1573,611,1.9710
60.1617,619,1.9968
60.1659,624,2.0129
60.1702,627,2.0226
60.1745,631,2.0355
60.1787,631,2.0355
60.1830,630,2.0323
60.1872,628,2.0258
60.1915,622,2.0065
60.1958,616,1.9871
60.2000,610,1.9677
60.2043,602,1.9419
60.2086,592,1.9097
60.2128,581,1.8742
60.2171,568,1.8323
60.2214,556,1.7935
60.2257,542,1.7484
60.2299,529,1.7065
60.2342,515,1.6613
60.2385,502,1.6194
60.2427,488,1.5742
60.2470,475,1.5323
60.2513,462,1.4903
60.2555,450,1.4516
60.2602,437,1.4097
60.2646,430,1.3871
60.2689,429,1.3839
60.2732,430,1.3871
60.2775,432,1.3935
60.2818,433,1.3968
60.2861,434,1.4000
60.2904,437,1.4097
60.2947,440,1.4194
60.2990,441,1.4226
60.3033,443,1.4290
60.3076,443,1.4290
60.3119,446,1.4387
60.3162,446,1.4387
60.3205,447,1.4419
60.3248,453,1.4613
60.3291,464,1.4968
60.3334,479,1.5452
60.3377,495,1.5968
60.3420,509,1.6419
60.3463,522,1.6839
60.3506,534,1.7226
60.3548,543,1.7516
60.3592,550,1.7742
60.3635,551,1.7774
60.3678,550,1.7742
60.3721,546,1.7613
60.3763,538,1.7355
60.3806,524,1.6903
60.3849,512,1.6516
60.3891,498,1.6065
60.3934,484,1.5613
60.3977,470,1.5161
60.4020,459,1.4806
60.4062,454,1.4645
60.4105,454,1.4645
60.4148,455,1.4677
60.4190,455,1.4677
60.4233,456,1.4710
60.4276,457,1.4742
60.4319,459,1.4806
60.4361,461,1.4871
60.4404,462,1.4903
60.4447,463,1.4935
60.4489,465,1.5000
60.4532,463,1.4935
60.4575,453,1.4613
60.4619,426,1.3742
60.4662,393,1.2677
60.4705,386,1.2452
60.4748,439,1.4161
60.4791,556,1.7935
60.4834,720,2.3226
60.4877,906,2.9226
60.4920,1000,3.2258
60.4963,1000,3.2258
60.5006,998,3.2194
60.5051,922,2.9742
60.5095,703,2.2677
60.5140,502,1.6194
60.5184,395,1.2742
60.5227,360,1.1613
60.5276,371,1.1968
60.5319,400,1.2903
60.5362,424,1.3677
60.5405,436,1.4065
60.5449,439,1.4161
60.5492,440,1.4194
60.5535,439,1.4161
60.5579,441,1.4226
60.5622,444,1.4323
60.5665,446,1.4387
60.5708,447,1.4419
60.5750,448,1.4452
60.5793,451,1.4548
60.5838,453,1.4613
60.5881,453,1.4613
60.5924,454,1.4645
60.5967,455,1.4677
60.6009,457,1.4742
60.6052,462,1.4903
60.6095,472,1.5226
60.6138,486,1.5677
60.6180,500,1.6129
60.6223,512,1.6516
60.6265,525,1.6935
60.6308,538,1.7355
60.6351,553,1.7839
60.6394,566,1.8258
60.6436,577,1.8613
60.6480,588,1.8968
60.6523,600,1.9355
60.6565,608,1.9613
60.6608,615,1.9839
60.6652,622,2.0065
60.6694,625,2.0161
60.6737,627,2.0226
60.6780,629,2.0290
60.6823,630,2.0323
60.6866,628,2.0258
60.6909,624,2.0129
60.6952,618,1.9935
60.7030,604,1.9484
60.7074,593,1.9129
60.7117,583,1.8806
60.7161,572,1.8452
60.7203,559,1.8032
60.7246,545,1.7581
60.7289,532,1.7161
60.7333,518,1.6710
60.7376,504,1.6258
60.7419,490,1.5806
60.7462,477,1.5387
60.7505,464,1.4968
60.7548,452,1.4581
60.7591,439,1.4161
60.7634,430,1.3871
60.7677,428,1.3806
60.7720,429,1.3839
60.7764,430,1.3871
60.7806,434,1.4000
60.7849,435,1.4032
60.7892,437,1.4097
60.7935,439,1.4161
60.7978,440,1.4194
60.8021,441,1.4226
60.8064,441,1.4226
60.8108,443,1.4290
60.8152,445,1.4355
60.8196,447,1.4419
60.8239,450,1.4516
60.8282,459,1.4806
60.8325,474,1.5290
60.8369,489,1.5774
60.8411,505,1.6290
60.8454,518,1.6710
60.8498,530,1.7097
60.8541,540,1.7419
60.8585,548,1.7677
60.8628,551,1.7774
60.8671,550,1.7742
60.8713,545,1.7581
60.8756,537,1.7323
60.8799,526,1.6968
60.8841,514,1.6581
60.8884,501,1.6161
60.8927,487,1.5710
60.8970,472,1.5226
60.9012,460,1.4839
60.9055,454,1.4645
60.9098,453,1.4613
60.9140,455,1.4677
60.9183,456,1.4710
60.9226,457,1.4742
60.9269,458,1.4774
60.9311,458,1.4774
60.9354,460,1.4839
60.9397,462,1.4903
60.9439,464,1.4968
60.9482,463,1.4935
60.9525,463,1.4935
60.9567,455,1.4677
60.9610,431,1.3903
60.9653,398,1.2839
60.9696,382,1.2323
60.9739,423,1.3645
60.9782,527,1.7000
60.9825,686,2.2129
60.9869,870,2.8065
60.9912,998,3.2194
60.9955,1001,3.2290
60.9997,1000,3.2258
61.0040,958,3.0903
61.0083,768,2.4774
61.0126,552,1.7806
61.0169,417,1.3452
61.0212,363,1.1710
61.0255,357,1.1516
61.0298,381,1.2290
61.0341,411,1.3258
61.0384,430,1.3871
61.0427,437,1.4097
61.0470,439,1.4161
61.0513,439,1.4161
61.0556,440,1.4194
61.0599,441,1.4226
61.0642,444,1.4323
61.0686,446,1.4387
61.0729,448,1.4452
61.0772,449,1.4484
61.0815,450,1.4516
61.0858,451,1.4548
61.0900,453,1.4613
61.0944,453,1.4613
61.0986,456,1.4710
61.1030,458,1.4774
61.1073,465,1.5000
61.1116,478,1.5419
61.1159,492,1.5871
61.1202,506,1.6323
61.1246,519,1.6742
61.1289,533,1.7194
61.1332,548,1.7677
61.1375,561,1.8097
61.1418,575,1.8548
61.1461,584,1.8839
61.1504,596,1.9226
61.1547,606,1.9548
61.1590,615,1.9839
61.1633,621,2.0032
61.1676,626,2.0194
61.1719,627,2.0226
61.1762,631,2.0355
61.1805,630,2.0323
61.1848,629,2.0290
61.1891,625,2.0161
61.1934,621,2.0032
61.1977,615,1.9839
61.2020,607,1.9581
61.2063,598,1.9290
61.2106,588,1.8968
61.2149,576,1.8581
61.2192,564,1.8194
61.2235,550,1.7742
61.2278,536,1.7290
61.2321,522,1.6839
61.2364,508,1.6387
61.2407,495,1.5968
61.2450,481,1.5516
61.2493,468,1.5097
61.2536,456,1.4710
61.2580,444,1.4323
61.2622,433,1.3968
61.2665,428,1.3806
61.2709,430,1.3871
61.2752,431,1.3903
61.2795,434,1.4000
61.2838,436,1.4065
61.2881,437,1.4097
61.2924,440,1.4194
61.2967,440,1.4194
61.3010,442,1.4258
61.3053,444,1.4323
61.3096,445,1.4355
61.3139,446,1.4387
61.3182,448,1.4452
61.3225,449,1.4484
61.3268,455,1.4677
61.3311,467,1.5065
61.3354,482,1.5548
61.3397,499,1.6097
61.3440,513,1.6548
61.3483,526,1.6968
61.3526,537,1.7323
61.3569,546,1.7613
61.3612,550,1.7742
61.3655,552,1.7806
61.3698,550,1.7742
61.3741,544,1.7548
61.3784,534,1.7226
61.3827,522,1.6839
61.3870,509,1.6419
61.3913,494,1.5935
61.3956,481,1.5516
61.3999,470,1.5161
61.4042,459,1.4806
61.4085,454,1.4645
61.4129,454,1.4645
61.4173,455,1.4677
61.4217,457,1.4742
61.4260,458,1.4774
61.4303,460,1.4839
61.4347,461,1.4871
61.4389,461,1.4871
61.4432,462,1.4903
61.4475,463,1.4935
61.4518,465,1.5000
61.4561,462,1.4903
61.4604,444,1.4323
61.4648,411,1.3258
61.4691,384,1.2387
61.4734,402,1.2968
61.4777,483,1.5581
61.4820,623,2.0097
61.4862,798,2.5742
61.4905,978,3.1548
61.4948,999,3.2226
61.4991,1001,3.2290
61.5033,991,3.1968
61.5076,855,2.7581
61.5119,633,2.0419
61.5162,463,1.4935
61.5204,379,1.2226
61.5247,356,1.1484
61.5290,369,1.1903
61.5333,399,1.2871
61.5376,424,1.3677
61.5418,436,1.4065
61.5461,439,1.4161
61.5504,440,1.4194
61.5546,440,1.4194
61.5589,443,1.4290
61.5632,443,1.4290
61.5674,443,1.4290
61.5717,445,1.4355
61.5760,446,1.4387
61.5803,449,1.4484
61.5846,450,1.4516
61.5889,451,1.4548
61.5932,452,1.4581
61.5975,453,1.4613
61.6018,454,1.4645
61.6061,460,1.4839
61.6104,471,1.5194
61.6147,484,1.5613
61.6190,498,1.6065
61.6233,513,1.6548
61.6276,526,1.6968
61.6319,541,1.7452
61.6362,554,1.7871
61.6405,566,1.8258
61.6448,579,1.8677
61.6491,590,1.9032
61.6534,600,1.9355
61.6577,609,1.9645
61.6621,615,1.9839
61.6664,620,2.0000
61.6707,626,2.0194
61.6750,627,2.0226
61.6793,630,2.0323
61.6836,630,2.0323
61.6880,627,2.0226
61.6923,623,2.0097
61.6966,619,1.9968
61.7009,612,1.9742
61.7053,602,1.9419
61.7097,591,1.9065
61.7141,580,1.8710
61.7184,568,1.8323
61.7228,554,1.7871
61.7271,541,1.7452
61.7314,527,1.7000
61.7357,514,1.6581
61.7400,500,1.6129
61.7443,486,1.5677
61.7486,471,1.5194
61.7529,459,1.4806
61.7572,447,1.4419
61.7615,435,1.4032
61.7658,429,1.3839
61.7701,428,1.3806
61.7744,429,1.3839
61.7787,432,1.3935
61.7830,434,1.4000
61.7873,436,1.4065
61.7915,438,1.4129
61.7958,439,1.4161
61.8001,440,1.4194
61.8043,442,1.4258
61.8086,443,1.4290
61.8128,444,1.4323
61.8171,446,1.4387
61.8214,448,1.4452
61.8256,453,1.4613
61.8299,464,1.4968
61.8342,479,1.5452
61.8385,495,1.5968
61.8427,508,1.6387
61.8470,521,1.6806
61.8513,535,1.7258
61.8555,545,1.7581
61.8598,549,1.7710
61.8641,552,1.7806
61.8684,550,1.7742
61.8727,546,1.7613
61.8770,537,1.7323
61.8813,526,1.6968
61.8856,513,1.6548
61.8899,501,1.6161
61.8942,487,1.5710
61.8985,473,1.5258
61.9028,459,1.4806
61.9071,454,1.4645
61.9114,453,1.4613
61.9157,454,1.4645
61.9200,456,1.4710
61.9243,456,1.4710
61.9287,457,1.4742
61.9330,460,1.4839
61.9373,461,1.4871
61.9416,464,1.4968
61.9459,466,1.5032
61.9502,466,1.5032
61.9545,465,1.5000
61.9587,455,1.4677
61.9630,428,1.3806
61.9674,395,1.2742
61.9717,388,1.2516
61.9759,441,1.4226
61.9803,561,1.8097
61.9846,726,2.3419
61.9889,911,2.9387
61.9932,999,3.2226
61.9975,999,3.2226
62.0018,998,3.2194
62.0061,924,2.9806
62.0104,713,2.3000
62.0147,514,1.6581
62.0190,402,1.2968
62.0233,362,1.1677
62.0276,364,1.1742
62.0319,392,1.2645
62.0362,419,1.3516
62.0405,434,1.4000
62.0448,439,1.4161
62.0491,441,1.4226
62.0534,443,1.4290
62.0577,443,1.4290
62.0620,445,1.4355
62.0663,447,1.4419
62.0706,447,1.4419
62.0749,448,1.4452
62.0792,449,1.4484
62.0835,451,1.4548
62.0879,453,1.4613
62.0922,455,1.4677
62.0964,456,1.4710
62.1007,457,1.4742
62.1051,460,1.4839
62.1093,469,1.5129
62.1136,482,1.5548
62.1180,495,1.5968
62.1223,508,1.6387
62.1266,523,1.6871
62.1309,537,1.7323
62.1352,552,1.7806
62.1395,565,1.8226
62.1438,576,1.8581
62.1481,586,1.8903
62.1524,597,1.9258
62.1567,607,1.9581
62.1610,616,1.9871
62.1653,620,2.0000
62.1696,625,2.0161
62.1739,629,2.0290
62.1782,631,2.0355
62.1825,631,2.0355
62.1868,629,2.0290
62.1911,626,2.0194
62.1954,621,2.0032
62.1997,614,1.9806
62.2040,604,1.9484
62.2083,595,1.9194
62.2126,584,1.8839
62.2169,573,1.8484
62.2212,560,1.8065
62.2255,547,1.7645
62.2298,533,1.7194
62.2341,520,1.6774
62.2384,506,1.6323
62.2427,492,1.5871
62.2470,478,1.5419
62.2513,465,1.5000
62.2556,453,1.4613
62.2599,442,1.4258
62.2642,433,1.3968
62.2685,428,1.3806
62.2728,430,1.3871
62.2771,434,1.4000
62.2814,435,1.4032
62.2857,437,1.4097
62.2899,439,1.4161
62.2942,440,1.4194
62.2985,442,1.4258
62.3028,443,1.4290
62.3071,443,1.4290
62.3115,443,1.4290
62.3159,444,1.4323
62.3203,447,1.4419
62.3246,448,1.4452
62.3289,457,1.4742
62.3333,472,1.5226
62.3376,488,1.5742
62.3419,504,1.6258
62.3462,519,1.6742
62.3505,530,1.7097
62.3548,538,1.7355
62.3591,545,1.7581
62.3634,549,1.7710
62.3677,549,1.7710
62.3719,545,1.7581
62.3762,536,1.7290
62.3805,527,1.7000
62.3848,513,1.6548
62.3890,499,1.6097
62.3933,486,1.5677
62.3976,473,1.5258
62.4019,460,1.4839
62.4061,452,1.4581
62.4104,451,1.4548
62.4147,452,1.4581
62.4189,454,1.4645
62.4232,456,1.4710
62.4275,457,1.4742
62.4318,458,1.4774
62.4360,460,1.4839
62.4403,461,1.4871
62.4446,462,1.4903
62.4489,464,1.4968
62.4531,464,1.4968
62.4574,458,1.4774
62.4617,435,1.4032
62.4663,401,1.2935
62.4706,383,1.2355
62.4749,421,1.3581
62.4792,524,1.6903
62.4835,679,2.1903
62.4878,865,2.7903
62.4921,999,3.2226
62.4964,1001,3.2290
62.5007,1000,3.2258
62.5050,961,3.1000
62.5093,770,2.4839
62.5136,553,1.7839
62.5180,420,1.3548
62.5223,365,1.1774
62.5266,360,1.1613
62.5309,382,1.2323
62.5352,411,1.3258
62.5395,430,1.3871
62.5438,437,1.4097
62.5481,439,1.4161
62.5524,439,1.4161
62.5567,440,1.4194
62.5610,441,1.4226
62.5653,443,1.4290
62.5696,445,1.4355
62.5739,447,1.4419
62.5782,448,1.4452
62.5825,450,1.4516
62.5868,451,1.4548
62.5911,451,1.4548
62.5954,452,1.4581
62.5997,455,1.4677
62.6040,457,1.4742
62.6083,465,1.5000
62.6127,478,1.5419
62.6171,493,1.5903
62.6215,508,1.6387
62.6259,521,1.6806
62.6301,534,1.7226
62.6344,548,1.7677
62.6387,562,1.8129
62.6430,574,1.8516
62.6473,585,1.8871
62.6516,594,1.9161
62.6559,604,1.9484
62.6602,611,1.9710
62.6645,619,1.9968
62.6688,623,2.0097
62.6731,628,2.0258
62.6775,630,2.0323
62.6817,630,2.0323
62.6860,627,2.0226
62.6903,624,2.0129
62.6946,619,1.9968
62.6988,613,1.9774
62.7031,606,1.9548
62.7074,596,1.9226
62.7116,585,1.8871
62.7159,575,1.8548
62.7201,562,1.8129
62.7244,549,1.7710
62.7287,535,1.7258
62.7330,523,1.6871
62.7372,509,1.6419
62.7415,496,1.6000
62.7457,482,1.5548
62.7500,467,1.5065
62.7543,454,1.4645
62.7586,443,1.4290
62.7628,433,1.3968
62.7671,428,1.3806
62.7713,429,1.3839
62.7756,432,1.3935
62.7798,435,1.4032
62.7841,436,1.4065
62.7884,438,1.4129
62.7927,439,1.4161
62.7970,440,1.4194
62.8012,443,1.4290
62.8055,444,1.4323
62.8098,445,1.4355
62.8141,447,1.4419
62.8184,448,1.4452
62.8227,449,1.4484
62.8270,456,1.4710
62.8313,468,1.5097
62.8356,483,1.5581
62.8399,499,1.6097
62.8442,514,1.6581
62.8486,527,1.7000
62.8529,536,1.7290
62.8572,546,1.7613
62.8614,549,1.7710
62.8658,550,1.7742
62.8700,548,1.7677
62.8743,542,1.7484
62.8786,532,1.7161
62.8829,521,1.6806
62.8872,508,1.6387
62.8915,493,1.5903
62.8958,479,1.5452
62.9001,466,1.5032
62.9044,456,1.4710
62.9087,453,1.4613
62.9131,452,1.4581
62.9174,455,1.4677
62.9217,456,1.4710
62.9260,460,1.4839
62.9303,460,1.4839
62.9346,462,1.4903
62.9389,463,1.4935
62.9432,464,1.4968
62.9475,465,1.5000
62.9518,466,1.5032
62.9561,462,1.4903
62.9604,445,1.4355
62.9647,414,1.3355
62.9690,386,1.2452
62.9733,399,1.2871
62.9775,479,1.5452
62.9818,617,1.9903
62.9861,793,2.5581
62.9905,976,3.1484
62.9948,1001,3.2290
62.9991,1001,3.2290
63.0034,993,3.2032
63.0077,860,2.7742
63.0120,635,2.0484
63.0163,464,1.4968
63.0206,382,1.2323
63.0249,359,1.1581
63.0292,373,1.2032
63.0335,403,1.3000
63.0378,427,1.3774
63.0421,438,1.4129
63.0464,441,1.4226
63.0507,443,1.4290
63.0550,443,1.4290
63.0593,444,1.4323
63.0636,444,1.4323
63.0679,445,1.4355
63.0722,445,1.4355
63.0766,446,1.4387
63.0809,449,1.4484
63.0852,449,1.4484
63.0895,450,1.4516
63.0938,451,1.4548
63.0981,454,1.4645
63.1024,456,1.4710
63.1067,461,1.4871
63.1110,472,1.5226
63.1153,485,1.5645
63.1196,500,1.6129
63.1239,515,1.6613
63.1282,527,1.7000
63.1325,542,1.7484
63.1368,555,1.7903
63.1411,568,1.8323
63.1455,579,1.8677
63.1497,589,1.9000
63.1540,600,1.9355
63.1583,609,1.9645
63.1626,617,1.9903
63.1669,623,2.0097
63.1712,627,2.0226
63.1755,629,2.0290
63.1798,632,2.0387
63.1841,632,2.0387
63.1884,628,2.0258
63.1927,623,2.0097
63.1970,616,1.9871
63.2013,609,1.9645
63.2057,600,1.9355
63.2101,590,1.9032
63.2145,578,1.8645
63.2189,566,1.8258
63.2232,554,1.7871
63.2275,541,1.7452
63.2318,527,1.7000
63.2361,513,1.6548
63.2404,499,1.6097
63.2447,484,1.5613
63.2490,471,1.5194
63.2533,459,1.4806
63.2576,447,1.4419
63.2619,436,1.4065
63.2662,429,1.3839
63.2704,429,1.3839
63.2747,431,1.3903
63.2790,434,1.4000
63.2835,436,1.4065
63.2878,437,1.4097
63.2921,437,1.4097
63.2963,438,1.4129
63.3006,440,1.4194
63.3049,441,1.4226
63.3091,443,1.4290
63.3134,445,1.4355
63.3176,447,1.4419
63.3219,449,1.4484
63.3262,455,1.4677
63.3304,466,1.5032
63.3347,481,1.5516
63.3390,497,1.6032
63.3433,512,1.6516
63.3475,526,1.6968
63.3518,536,1.7290
63.3561,545,1.7581
63.3603,550,1.7742
63.3646,551,1.7774
63.3689,549,1.7710
63.3731,545,1.7581
63.3774,536,1.7290
63.3818,525,1.6935
63.3861,513,1.6548
63.3904,499,1.6097
63.3947,484,1.5613
63.3990,470,1.5161
63.4033,458,1.4774
63.4076,452,1.4581
63.4119,452,1.4581
63.4162,454,1.4645
63.4205,455,1.4677
63.4248,457,1.4742
63.4291,458,1.4774
63.4334,460,1.4839
63.4377,462,1.4903
63.4420,463,1.4935
63.4463,464,1.4968
63.4506,465,1.5000
63.4549,464,1.4968
63.4592,452,1.4581
63.4635,424,1.3677
63.4679,391,1.2613
63.4722,389,1.2548
63.4765,450,1.4516
63.4808,575,1.8548
63.4851,747,2.4097
63.4894,933,3.0097
63.4938,999,3.2226
63.4980,999,3.2226
63.5023,998,3.2194
63.5067,901,2.9065
63.5111,678,2.1871
63.5155,487,1.5710
63.5199,389,1.2548
63.5242,358,1.1548
63.5285,366,1.1806
63.5328,395,1.2742
63.5371,421,1.3581
63.5414,435,1.4032
63.5457,438,1.4129
63.5500,439,1.4161
63.5543,439,1.4161
63.5586,441,1.4226
63.5629,443,1.4290
63.5672,444,1.4323
63.5714,446,1.4387
63.5757,447,1.4419
63.5800,448,1.4452
63.5843,450,1.4516
63.5886,452,1.4581
63.5929,453,1.4613
63.5972,454,1.4645
63.6014,455,1.4677
63.6057,458,1.4774
63.6100,468,1.5097
63.6143,483,1.5581
63.6186,498,1.6065
63.6228,512,1.6516
63.6271,525,1.6935
63.6314,538,1.7355
63.6357,553,1.7839
63.6399,566,1.8258
63.6442,578,1.8645
63.6485,588,1.8968
63.6527,600,1.9355
63.6570,608,1.9613
63.6613,616,1.9871
63.6655,621,2.0032
63.6698,626,2.0194
63.6741,628,2.0258
63.6783,628,2.0258
63.6826,631,2.0355
63.6870,628,2.0258
63.6912,624,2.0129
63.6956,618,1.9935
63.6999,608,1.9613
63.7042,601,1.9387
63.7085,592,1.9097
63.7128,582,1.8774
63.7171,570,1.8387
63.7214,559,1.8032
63.7257,546,1.7613
63.7300,532,1.7161
63.7343,517,1.6677
63.7386,503,1.6226
63.7429,490,1.5806
63.7472,477,1.5387
63.7515,463,1.4935
63.7559,451,1.4548
63.7602,440,1.4194
63.7644,431,1.3903
63.7687,428,1.3806
63.7731,428,1.3806
63.7774,430,1.3871
63.7817,433,1.3968
63.7860,434,1.4000
63.7903,436,1.4065
63.7946,437,1.4097
63.7990,439,1.4161
63.8033,441,1.4226
63.8076,443,1.4290
63.8119,444,1.4323
63.8162,445,1.4355
63.8204,447,1.4419
63.8247,449,1.4484
63.8290,459,1.4806
63.8333,473,1.5258
63.8377,489,1.5774
63.8419,505,1.6290
63.8463,519,1.6742
63.8505,530,1.7097
63.8548,540,1.7419
63.8592,547,1.7645
63.8634,550,1.7742
63.8677,551,1.7774
63.8720,545,1.7581
63.8763,539,1.7387
63.8806,529,1.7065
63.8849,517,1.6677
63.8893,503,1.6226
63.8935,488,1.5742
63.8980,473,1.5258
63.9023,461,1.4871
63.9066,454,1.4645
63.9109,452,1.4581
63.9152,454,1.4645
63.9196,456,1.4710
63.9239,458,1.4774
63.9281,458,1.4774
63.9324,459,1.4806
63.9367,460,1.4839
63.9411,462,1.4903
63.9454,463,1.4935
63.9497,464,1.4968
63.9540,464,1.4968
63.9583,456,1.4710
63.9627,430,1.3871
63.9669,397,1.2806
63.9712,384,1.2387
63.9755,431,1.3903
63.9798,542,1.7484
63.9841,704,2.2710
63.9884,888,2.8645
63.9927,999,3.2226
63.9970,1001,3.2290
64.0013,997,3.2161
64.0056,944,3.0452
64.0098,747,2.4097
64.0141,537,1.7323
64.0184,412,1.3290
64.0227,363,1.1710
64.0269,360,1.1613
64.0312,384,1.2387
64.0355,413,1.3323
64.0397,432,1.3935
64.0440,438,1.4129
64.0483,441,1.4226
64.0526,441,1.4226
64.0569,442,1.4258
64.0612,443,1.4290
64.0655,445,1.4355
64.0697,446,1.4387
64.0740,446,1.4387
64.0783,449,1.4484
64.0825,450,1.4516
64.0868,451,1.4548
64.0911,452,1.4581
64.0954,454,1.4645
64.0997,455,1.4677
64.1040,457,1.4742
64.1083,464,1.4968
64.1127,478,1.5419
64.1171,494,1.5935
64.1215,507,1.6355
64.1259,521,1.6806
64.1302,535,1.7258
64.1345,547,1.7645
64.1388,562,1.8129
64.1431,576,1.8581
64.1475,586,1.8903
64.1517,597,1.9258
64.1560,604,1.9484
64.1603,613,1.9774
64.1646,621,2.0032
64.1689,626,2.0194
64.1732,629,2.0290
64.1775,630,2.0323
64.1818,630,2.0323
64.1861,628,2.0258
64.1904,625,2.0161
64.1947,619,1.9968
64.1990,613,1.9774
64.2033,604,1.9484
64.2076,596,1.9226
64.2119,585,1.8871
64.2161,573,1.8484
64.2204,561,1.8097
64.2246,548,1.7677
64.2293,534,1.7226
64.2336,521,1.6806
64.2379,507,1.6355
64.2422,493,1.5903
64.2465,480,1.5484
64.2508,467,1.5065
64.2551,454,1.4645
64.2594,442,1.4258
64.2636,433,1.3968
64.2679,428,1.3806
64.2722,429,1.3839
64.2765,431,1.3903
64.2807,434,1.4000
64.2850,435,1.4032
64.2893,437,1.4097
64.2936,438,1.4129
64.2979,440,1.4194
64.3022,441,1.4226
64.3065,442,1.4258
64.3108,444,1.4323
64.3151,444,1.4323
64.3194,446,1.4387
64.3237,449,1.4484
64.3281,457,1.4742
64.3324,470,1.5161
64.3367,486,1.5677
64.3410,503,1.6226
64.3453,517,1.6677
64.3497,529,1.7065
64.3540,540,1.7419
64.3583,547,1.7645
64.3625,551,1.7774
64.3669,551,1.7774
64.3712,546,1.7613
64.3755,539,1.7387
64.3798,531,1.7129
64.3841,519,1.6742
64.3885,506,1.6323
64.3929,490,1.5806
64.3972,477,1.5387
64.4015,463,1.4935
64.4058,456,1.4710
64.4101,453,1.4613
64.4145,453,1.4613
64.4188,456,1.4710
64.4231,458,1.4774
64.4274,459,1.4806
64.4317,460,1.4839
64.4359,461,1.4871
64.4402,463,1.4935
64.4444,464,1.4968
64.4487,465,1.5000
64.4530,466,1.5032
64.4572,460,1.4839
64.4615,440,1.4194
64.4657,407,1.3129
64.4700,385,1.2419
64.4743,412,1.3290
64.4785,503,1.6226
64.4828,650,2.0968
64.4871,828,2.6710
64.4914,993,3.2032
64.4956,1000,3.2258
64.4999,999,3.2226
64.5043,982,3.1677
64.5086,815,2.6290
64.5129,592,1.9097
64.5172,439,1.4161
64.5215,370,1.1935
64.5258,358,1.1548
64.5301,376,1.2129
64.5345,407,1.3129
64.5388,429,1.3839
64.5431,437,1.4097
64.5474,439,1.4161
64.5517,439,1.4161
64.5560,440,1.4194
64.5603,442,1.4258
64.5646,444,1.4323
64.5689,445,1.4355
64.5732,446,1.4387
64.5775,447,1.4419
64.5818,449,1.4484
64.5861,451,1.4548
64.5904,452,1.4581
64.5947,453,1.4613
64.5991,454,1.4645
64.6034,456,1.4710
64.6077,463,1.4935
64.6120,475,1.5323
64.6163,487,1.5710
64.6206,502,1.6194
64.6249,516,1.6645
64.6292,528,1.7032
64.6335,543,1.7516
64.6378,557,1.7968
64.6421,569,1.8355
64.6464,582,1.8774
64.6507,594,1.9161
64.6551,603,1.9452
64.6594,611,1.9710
64.6636,619,1.9968
64.6680,623,2.0097
64.6723,626,2.0194
64.6766,628,2.0258
64.6810,630,2.0323
64.6853,628,2.0258
64.6896,624,2.0129
64.6939,618,1.9935
64.6982,614,1.9806
64.7025,606,1.9548
64.7068,599,1.9323
64.7110,587,1.8935
64.7153,575,1.8548
64.7196,563,1.8161
64.7238,552,1.7806
64.7281,539,1.7387
64.7324,525,1.6935
64.7367,512,1.6516
64.7409,499,1.6097
64.7452,485,1.5645
64.7494,472,1.5226
64.7537,459,1.4806
64.7580,447,1.4419
64.7623,436,1.4065
64.7665,431,1.3903
64.7708,430,1.3871
64.7751,431,1.3903
64.7793,432,1.3935
64.7836,436,1.4065
64.7879,437,1.4097
64.7922,439,1.4161
64.7965,441,1.4226
64.8008,443,1.4290
64.8052,444,1.4323
64.8094,445,1.4355
64.8138,446,1.4387
64.8181,446,1.4387
64.8224,448,1.4452
64.8267,454,1.4645
64.8310,466,1.5032
64.8353,481,1.5516
64.8396,497,1.6032
64.8439,512,1.6516
64.8482,525,1.6935
64.8525,536,1.7290
64.8568,546,1.7613
64.8612,551,1.7774
64.8655,551,1.7774
64.8698,548,1.7677
64.8741,543,1.7516
64.8784,533,1.7194
64.8828,522,1.6839
64.8870,509,1.6419
64.8913,495,1.5968
64.8956,479,1.5452
64.9000,466,1.5032
64.9043,456,1.4710
64.9085,451,1.4548
64.9128,452,1.4581
64.9170,454,1.4645
64.9213,456,1.4710
64.9256,457,1.4742
64.9298,459,1.4806
64.9341,461,1.4871
64.9384,463,1.4935
64.9427,464,1.4968
64.9469,464,1.4968
64.9512,465,1.5000
64.9555,462,1.4903
64.9598,449,1.4484
64.9641,419,1.3516
64.9683,389,1.2548
64.9726,393,1.2677
64.9769,460,1.4839
64.9812,589,1.9000
64.9854,757,2.4419
64.9897,940,3.0323
64.9940,1000,3.2258
64.9982,1001,3.2290
65.0025,996,3.2129
65.0069,891,2.8742
65.0114,670,2.1613
65.0157,482,1.5548
65.0201,386,1.2452
65.0245,358,1.1548
65.0288,368,1.1871
65.0331,397,1.2806
65.0374,422,1.3613
65.0417,435,1.4032
65.0466,440,1.4194
65.0522,441,1.4226
65.0568,442,1.4258
65.0613,443,1.4290
65.0658,445,1.4355
65.0701,447,1.4419
65.0745,447,1.4419
65.0799,448,1.4452
65.0844,449,1.4484
65.0887,451,1.4548
65.0930,453,1.4613
65.0973,456,1.4710
65.1015,457,1.4742
65.1058,461,1.4871
65.1101,470,1.5161
65.1143,482,1.5548
65.1186,496,1.6000
65.1228,510,1.6452
65.1271,523,1.6871
65.1313,538,1.7355
65.1356,552,1.7806
65.1398,564,1.8194
65.1440,575,1.8548
65.1483,587,1.8935
65.1525,596,1.9226
65.1568,605,1.9516
65.1610,614,1.9806
65.1653,620,2.0000
65.1696,624,2.0129
65.1738,629,2.0290
65.1780,632,2.0387
65.1825,633,2.0419
65.1868,631,2.0355
65.1910,626,2.0194
65.1952,620,2.0000
65.1995,613,1.9774
65.2038,605,1.9516
65.2081,594,1.9161
65.2124,586,1.8903
65.2166,574,1.8516
65.2209,562,1.8129
65.2252,548,1.7677
65.2294,537,1.7323
65.2337,523,1.6871
65.2380,508,1.6387
65.2422,496,1.6000
65.2465,483,1.5581
65.2508,468,1.5097
65.2551,456,1.4710
65.2594,444,1.4323
65.2637,434,1.4000
65.2679,429,1.3839
65.2722,430,1.3871
65.2765,432,1.3935
65.2808,434,1.4000
65.2852,435,1.4032
65.2895,437,1.4097
65.2937,440,1.4194
65.2980,441,1.4226
65.3022,443,1.4290
65.3074,444,1.4323
65.3118,445,1.4355
65.3161,447,1.4419
65.3204,449,1.4484
65.3247,451,1.4548
65.3290,460,1.4839
65.3333,474,1.5290
65.3375,490,1.5806
65.3418,505,1.6290
65.3461,519,1.6742
65.3503,530,1.7097
65.3546,541,1.7452
65.3589,550,1.7742
65.3631,553,1.7839
65.3674,552,1.7806
65.3716,547,1.7645
65.3759,539,1.7387
65.3801,529,1.7065
65.3844,518,1.6710
65.3886,505,1.6290
65.3929,491,1.5839
65.3971,476,1.5355
65.4014,463,1.4935
65.4057,454,1.4645
65.4099,452,1.4581
65.4142,452,1.4581
65.4185,454,1.4645
65.4227,456,1.4710
65.4270,457,1.4742
65.4312,460,1.4839
65.4355,460,1.4839
65.4397,461,1.4871
65.4440,462,1.4903
65.4482,462,1.4903
65.4525,464,1.4968
65.4568,459,1.4806
65.4611,440,1.4194
65.4654,409,1.3194
65.4696,384,1.2387
65.4739,405,1.3065
65.4781,488,1.5742
65.4824,631,2.0355
65.4866,808,2.6065
65.4909,986,3.1806
65.4951,1001,3.2290
65.4994,999,3.2226
65.5036,992,3.2000
65.5079,850,2.7419
65.5122,628,2.0258
65.5165,460,1.4839
65.5208,379,1.2226
65.5251,358,1.1548
65.5293,372,1.2000
65.5336,402,1.2968
65.5379,426,1.3742
65.5422,437,1.4097
65.5465,440,1.4194
65.5507,440,1.4194
65.5552,442,1.4258
65.5597,442,1.4258
65.5640,445,1.4355
65.5683,446,1.4387
65.5726,446,1.4387
65.5768,448,1.4452
65.5811,449,1.4484
65.5854,450,1.4516
65.5896,451,1.4548
65.5939,453,1.4613
65.5982,454,1.4645
65.6025,456,1.4710
65.6068,461,1.4871
65.6111,471,1.5194
65.6154,485,1.5645
65.6197,500,1.6129
65.6240,514,1.6581
65.6283,527,1.7000
65.6325,539,1.7387
65.6368,553,1.7839
65.6411,566,1.8258
65.6454,578,1.8645
65.6496,590,1.9032
65.6539,601,1.9387
65.6582,610,1.9677
65.6626,617,1.9903
65.6668,623,2.0097
65.6711,626,2.0194
65.6754,629,2.0290
65.6797,630,2.0323
65.6840,630,2.0323
65.6882,627,2.0226
65.6925,621,2.0032
65.6968,615,1.9839
65.7011,610,1.9677
65.7054,602,1.9419
65.7096,590,1.9032
65.7139,579,1.8677
65.7182,568,1.8323
65.7225,556,1.7935
65.7268,544,1.7548
65.7311,529,1.7065
65.7354,514,1.6581
65.7396,500,1.6129
65.7439,486,1.5677
65.7482,473,1.5258
65.7525,461,1.4871
65.7568,448,1.4452
65.7611,437,1.4097
65.7654,429,1.3839
65.7697,427,1.3774
65.7740,429,1.3839
65.7783,432,1.3935
65.7825,433,1.3968
65.7868,434,1.4000
65.7911,436,1.4065
65.7954,438,1.4129
65.7996,439,1.4161
65.8039,441,1.4226
65.8082,443,1.4290
65.8125,446,1.4387
65.8168,447,1.4419
65.8210,449,1.4484
65.8253,453,1.4613
65.8296,462,1.4903
65.8339,476,1.5355
65.8382,491,1.5839
65.8425,506,1.6323
65.8468,520,1.6774
65.8510,531,1.7129
65.8553,541,1.7452
65.8596,548,1.7677
65.8640,551,1.7774
65.8683,550,1.7742
65.8726,545,1.7581
65.8769,536,1.7290
65.8811,526,1.6968
65.8854,514,1.6581
65.8897,501,1.6161
65.8940,486,1.5677
65.8983,472,1.5226
65.9026,458,1.4774
65.9069,452,1.4581
65.9112,451,1.4548
65.9156,452,1.4581
65.9200,455,1.4677
65.9244,456,1.4710
65.9288,458,1.4774
65.9331,459,1.4806
65.9374,459,1.4806
65.9418,460,1.4839
65.9460,462,1.4903
65.9503,462,1.4903
65.9546,462,1.4903
65.9589,453,1.4613
65.9632,427,1.3774
65.9675,395,1.2742
65.9718,388,1.2516
65.9761,441,1.4226
65.9804,558,1.8000
65.9847,723,2.3323
65.9890,908,2.9290
65.9971,1001,3.2290
66.0015,999,3.2226
66.0058,941,3.0355
66.0101,738,2.3806
66.0143,534,1.7226
66.0186,412,1.3290
66.0228,364,1.1742
66.0271,361,1.1645
66.0313,384,1.2387
66.0356,414,1.3355
66.0398,431,1.3903
66.0441,437,1.4097
66.0483,439,1.4161
66.0526,440,1.4194
66.0568,440,1.4194
66.0611,443,1.4290
66.0653,445,1.4355
66.0696,446,1.4387
66.0738,448,1.4452
66.0781,448,1.4452
66.0823,449,1.4484
66.0866,451,1.4548
66.0909,452,1.4581
66.0951,453,1.4613
66.0993,456,1.4710
66.1036,457,1.4742
66.1079,464,1.4968
66.1122,476,1.5355
66.1164,489,1.5774
66.1207,503,1.6226
66.1250,518,1.6710
66.1293,531,1.7129
66.1336,545,1.7581
66.1379,558,1.8000
66.1422,570,1.8387
66.1465,583,1.8806
66.1508,593,1.9129
66.1551,602,1.9419
66.1594,613,1.9774
66.1637,619,1.9968
66.1680,623,2.0097
66.1723,628,2.0258
66.1765,629,2.0290
66.1808,631,2.0355
66.1851,631,2.0355
66.1894,629,2.0290
66.1937,623,2.0097
66.1980,615,1.9839
66.2023,607,1.9581
66.2066,599,1.9323
66.2110,589,1.9000
66.2154,576,1.8581
66.2198,564,1.8194
66.2241,551,1.7774
66.2284,538,1.7355
66.2327,525,1.6935
66.2370,519,1.6742
66.2417,497,1.6032
66.2460,484,1.5613
66.2503,470,1.5161
66.2546,456,1.4710
66.2589,445,1.4355
66.2632,436,1.4065
66.2675,431,1.3903
66.2718,431,1.3903
66.2761,433,1.3968
66.2804,435,1.4032
66.2846,436,1.4065
66.2889,438,1.4129
66.2932,440,1.4194
66.2975,441,1.4226
66.3017,442,1.4258
66.3060,444,1.4323
66.3103,445,1.4355
66.3146,447,1.4419
66.3188,448,1.4452
66.3231,450,1.4516
66.3273,457,1.4742
66.3316,469,1.5129
66.3358,485,1.5645
66.3401,501,1.6161
66.3444,515,1.6613
66.3487,528,1.7032
66.3530,539,1.7387
66.3573,545,1.7581
66.3616,550,1.7742
66.3659,551,1.7774
66.3702,547,1.7645
66.3745,542,1.7484
66.3788,532,1.7161
66.3831,521,1.6806
66.3874,508,1.6387
66.3917,493,1.5903
66.3960,480,1.5484
66.4003,467,1.5065
66.4046,456,1.4710
66.4089,453,1.4613
66.4132,453,1.4613
66.4175,454,1.4645
66.4220,456,1.4710
66.4263,458,1.4774
66.4306,459,1.4806
66.4349,461,1.4871
66.4393,461,1.4871
66.4436,462,1.4903
66.4480,463,1.4935
66.4523,464,1.4968
66.4567,459,1.4806
66.4610,441,1.4226
66.4654,408,1.3161
66.4697,383,1.2355
66.4740,405,1.3065
66.4783,495,1.5968
66.4827,640,2.0645
66.4870,821,2.6484
66.4913,994,3.2065
66.4957,1001,3.2290
66.5000,1000,3.2258
66.5043,983,3.1710
66.5087,815,2.6290
66.5130,593,1.9129
66.5173,439,1.4161
66.5216,372,1.2000
66.5259,359,1.1581
66.5302,377,1.2161
66.5345,406,1.3097
66.5388,427,1.3774
66.5431,436,1.4065
66.5474,439,1.4161
66.5517,438,1.4129
66.5560,440,1.4194
66.5603,442,1.4258
66.5646,443,1.4290
66.5689,444,1.4323
66.5732,446,1.4387
66.5775,448,1.4452
66.5818,449,1.4484
66.5861,448,1.4452
66.5904,449,1.4484
66.5947,451,1.4548
66.5989,452,1.4581
66.6032,454,1.4645
66.6075,462,1.4903
66.6118,474,1.5290
66.6161,488,1.5742
66.6205,501,1.6161
66.6248,515,1.6613
66.6291,531,1.7129
66.6335,545,1.7581
66.6378,559,1.8032
66.6422,572,1.8452
66.6465,583,1.8806
66.6508,592,1.9097
66.6552,602,1.9419
66.6595,609,1.9645
66.6638,617,1.9903
66.6682,622,2.0065
66.6725,628,2.0258
66.6769,630,2.0323
66.6812,630,2.0323
66.6855,630,2.0323
66.6898,625,2.0161
66.6942,621,2.0032
66.6985,614,1.9806
66.7028,606,1.9548
66.7071,596,1.9226
66.7115,587,1.8935
66.7158,576,1.8581
66.7201,563,1.8161
66.7244,550,1.7742
66.7287,535,1.7258
66.7330,523,1.6871
66.7373,508,1.6387
66.7416,496,1.6000
66.7459,482,1.5548
66.7502,468,1.5097
66.7545,455,1.4677
66.7588,443,1.4290
66.7631,433,1.3968
66.7674,428,1.3806
66.7717,429,1.3839
66.7760,430,1.3871
66.7803,433,1.3968
66.7846,434,1.4000
66.7889,437,1.4097
66.7932,439,1.4161
66.7974,440,1.4194
66.8017,442,1.4258
66.8060,443,1.4290
66.8104,444,1.4323
66.8149,445,1.4355
66.8193,448,1.4452
66.8236,451,1.4548
66.8281,459,1.4806
66.8324,471,1.5194
66.8367,487,1.5710
66.8411,503,1.6226
66.8454,518,1.6710
66.8497,530,1.7097
66.8540,540,1.7419
66.8583,547,1.7645
66.8626,549,1.7710
66.8669,551,1.7774
66.8712,548,1.7677
66.8755,540,1.7419
66.8798,532,1.7161
66.8841,519,1.6742
66.8884,506,1.6323
66.8927,491,1.5839
66.8970,477,1.5387
66.9012,462,1.4903
66.9055,453,1.4613
66.9098,452,1.4581
66.9141,453,1.4613
66.9184,455,1.4677
66.9227,457,1.4742
66.9270,459,1.4806
66.9313,460,1.4839
66.9356,461,1.4871
66.9399,461,1.4871
66.9442,464,1.4968
66.9485,465,1.5000
66.9528,465,1.5000
66.9571,460,1.4839
66.9614,439,1.4161
66.9657,407,1.3129
66.9700,383,1.2355
66.9743,410,1.3226
66.9786,503,1.6226
66.9829,650,2.0968
66.9872,828,2.6710
66.9915,997,3.2161
66.9958,999,3.2226
67.0001,999,3.2226
67.0043,985,3.1774
67.0086,818,2.6387
67.0129,596,1.9226
67.0173,440,1.4194
67.0216,372,1.2000
67.0260,360,1.1613
67.0303,379,1.2226
67.0347,410,1.3226
67.0390,430,1.3871
67.0433,438,1.4129
67.0476,440,1.4194
67.0520,442,1.4258
67.0563,442,1.4258
67.0607,443,1.4290
67.0650,444,1.4323
67.0693,444,1.4323
67.0737,447,1.4419
67.0781,449,1.4484
67.0824,451,1.4548
67.0867,451,1.4548
67.0910,452,1.4581
67.0954,453,1.4613
67.0997,454,1.4645
67.1040,457,1.4742
67.1084,466,1.5032
67.1131,479,1.5452
67.1175,493,1.5903
67.1220,508,1.6387
67.1264,522,1.6839
67.1307,536,1.7290
67.1350,549,1.7710
67.1393,564,1.8194
67.1436,576,1.8581
67.1479,588,1.8968
67.1522,597,1.9258
67.1565,606,1.9548
67.1609,615,1.9839
67.1652,622,2.0065
67.1695,627,2.0226
67.1738,629,2.0290
67.1781,631,2.0355
67.1824,631,2.0355
67.1867,628,2.0258
67.1910,625,2.0161
67.1953,618,1.9935
67.1996,610,1.9677
67.2039,604,1.9484
67.2082,595,1.9194
67.2124,583,1.8806
67.2167,572,1.8452
67.2211,560,1.8065
67.2254,545,1.7581
67.2297,534,1.7226
67.2340,519,1.6742
67.2383,506,1.6323
67.2426,491,1.5839
67.2469,478,1.5419
67.2511,465,1.5000
67.2554,453,1.4613
67.2600,441,1.4226
67.2643,432,1.3935
67.2686,429,1.3839
67.2729,430,1.3871
67.2772,431,1.3903
67.2815,432,1.3935
67.2858,435,1.4032
67.2901,437,1.4097
67.2944,439,1.4161
67.2986,440,1.4194
67.3029,442,1.4258
67.3072,443,1.4290
67.3115,446,1.4387
67.3158,446,1.4387
67.3202,447,1.4419
67.3245,451,1.4548
67.3289,459,1.4806
67.3332,473,1.5258
67.3375,489,1.5774
67.3419,505,1.6290
67.3462,520,1.6774
67.3505,532,1.7161
67.3549,541,1.7452
67.3592,549,1.7710
67.3635,553,1.7839
67.3679,552,1.7806
67.3722,548,1.7677
67.3766,539,1.7387
67.3809,527,1.7000
67.3853,515,1.6613
67.3896,500,1.6129
67.3939,486,1.5677
67.3982,472,1.5226
67.4026,459,1.4806
67.4069,451,1.4548
67.4112,451,1.4548
67.4155,452,1.4581
67.4199,454,1.4645
67.4242,456,1.4710
67.4285,457,1.4742
67.4328,458,1.4774
67.4371,459,1.4806
67.4414,460,1.4839
67.4457,462,1.4903
67.4500,464,1.4968
67.4543,463,1.4935
67.4586,453,1.4613
67.4629,427,1.3774
67.4672,394,1.2710
67.4715,382,1.2323
67.4758,432,1.3935
67.4801,545,1.7581
67.4844,706,2.2774
67.4887,891,2.8742
67.4930,1001,3.2290
67.4972,1001,3.2290
67.5016,998,3.2194
67.5059,939,3.0290
67.5103,729,2.3516
67.5147,521,1.6806
67.5191,401,1.2935
67.5235,359,1.1581
67.5280,363,1.1710
67.5324,392,1.2645
67.5367,418,1.3484
67.5410,433,1.3968
67.5453,438,1.4129
67.5496,440,1.4194
67.5539,440,1.4194
67.5582,440,1.4194
67.5625,442,1.4258
67.5668,443,1.4290
67.5711,444,1.4323
67.5754,446,1.4387
67.5797,447,1.4419
67.5840,448,1.4452
67.5883,451,1.4548
67.5926,452,1.4581
67.5969,453,1.4613
67.6012,455,1.4677
67.6054,458,1.4774
67.6097,467,1.5065
67.6140,480,1.5484
67.6183,494,1.5935
67.6227,509,1.6419
67.6270,524,1.6903
67.6313,538,1.7355
67.6356,551,1.7774
67.6399,562,1.8129
67.6442,576,1.8581
67.6484,587,1.8935
67.6528,598,1.9290
67.6570,608,1.9613
67.6614,616,1.9871
67.6656,621,2.0032
67.6699,625,2.0161
67.6742,629,2.0290
67.6785,631,2.0355
67.6828,632,2.0387
67.6871,628,2.0258
67.6914,626,2.0194
67.6957,619,1.9968
67.7000,613,1.9774
67.7043,606,1.9548
67.7086,595,1.9194
67.7130,584,1.8839
67.7174,570,1.8387
67.7218,558,1.8000
67.7262,545,1.7581
67.7305,533,1.7194
67.7349,517,1.6677
67.7392,504,1.6258
67.7435,490,1.5806
67.7478,476,1.5355
67.7521,463,1.4935
67.7564,451,1.4548
67.7607,440,1.4194
67.7653,431,1.3903
67.7696,429,1.3839
67.7739,430,1.3871
67.7783,432,1.3935
67.7826,435,1.4032
67.7868,437,1.4097
67.7911,439,1.4161
67.7954,441,1.4226
67.7997,442,1.4258
67.8040,442,1.4258
67.8083,445,1.4355
67.8126,447,1.4419
67.8169,448,1.4452
67.8212,449,1.4484
67.8255,452,1.4581
67.8298,462,1.4903
67.8341,477,1.5387
67.8384,494,1.5935
67.8427,508,1.6387
67.8470,521,1.6806
67.8513,533,1.7194
67.8556,544,1.7548
67.8600,549,1.7710
67.8643,553,1.7839
67.8686,550,1.7742
67.8729,547,1.7645
67.8772,538,1.7355
67.8815,527,1.7000
67.8858,514,1.6581
67.8901,502,1.6194
67.8944,487,1.5710
67.8987,473,1.5258
67.9030,462,1.4903
67.9073,454,1.4645
67.9115,453,1.4613
67.9158,454,1.4645
67.9201,456,1.4710
67.9244,458,1.4774
67.9287,459,1.4806
67.9331,462,1.4903
67.9374,464,1.4968
67.9418,464,1.4968
67.9461,464,1.4968
67.9504,465,1.5000
67.9547,465,1.5000
67.9591,454,1.4645
67.9634,425,1.3710
67.9679,391,1.2613
67.9722,387,1.2484
67.9765,448,1.4452
67.9809,573,1.8484
67.9852,743,2.3968
67.9895,931,3.0032
67.9939,1001,3.2290
67.9982,999,3.2226
68.0025,999,3.2226
68.0069,903,2.9129
68.0113,672,2.1677
68.0159,480,1.5484
68.0204,384,1.2387
68.0248,358,1.1548
68.0291,371,1.1968
68.0334,400,1.2903
68.0377,425,1.3710
68.0420,437,1.4097
68.0463,441,1.4226
68.0506,442,1.4258
68.0549,442,1.4258
68.0592,442,1.4258
68.0635,444,1.4323
68.0679,445,1.4355
68.0721,446,1.4387
68.0764,447,1.4419
68.0807,448,1.4452
68.0851,451,1.4548
68.0894,451,1.4548
68.0937,453,1.4613
68.0980,455,1.4677
68.1023,456,1.4710
68.1066,462,1.4903
68.1109,471,1.5194
68.1152,485,1.5645
68.1195,499,1.6097
68.1238,513,1.6548
68.1281,528,1.7032
68.1324,542,1.7484
68.1367,555,1.7903
68.1410,568,1.8323
68.1453,580,1.8710
68.1496,589,1.9000
68.1539,600,1.9355
68.1582,609,1.9645
68.1625,615,1.9839
68.1668,622,2.0065
68.1711,627,2.0226
68.1754,628,2.0258
68.1797,630,2.0323
68.1840,629,2.0290
68.1883,627,2.0226
68.1926,622,2.0065
68.1968,617,1.9903
68.2011,610,1.9677
68.2054,603,1.9452
68.2097,592,1.9097
68.2140,581,1.8742
68.2183,570,1.8387
68.2226,556,1.7935
68.2269,544,1.7548
68.2312,529,1.7065
68.2355,515,1.6613
68.2399,502,1.6194
68.2442,489,1.5774
68.2485,474,1.5290
68.2529,462,1.4903
68.2572,449,1.4484
68.2615,438,1.4129
68.2659,431,1.3903
68.2702,430,1.3871
68.2745,433,1.3968
68.2789,435,1.4032
68.2832,436,1.4065
68.2875,438,1.4129
68.2919,439,1.4161
68.2962,441,1.4226
68.3005,443,1.4290
68.3048,445,1.4355
68.3092,446,1.4387
68.3135,447,1.4419
68.3179,449,1.4484
68.3222,450,1.4516
68.3265,455,1.4677
68.3309,466,1.5032
68.3352,481,1.5516
68.3395,497,1.6032
68.3438,511,1.6484
68.3481,525,1.6935
68.3524,538,1.7355
68.3567,545,1.7581
68.3610,550,1.7742
68.3653,550,1.7742
68.3696,548,1.7677
68.3739,543,1.7516
68.3782,534,1.7226
68.3824,523,1.6871
68.3868,510,1.6452
68.3911,497,1.6032
68.3954,483,1.5581
68.3996,468,1.5097
68.4039,457,1.4742
68.4082,452,1.4581
68.4125,453,1.4613
68.4168,455,1.4677
68.4211,456,1.4710
68.4254,458,1.4774
68.4297,459,1.4806
68.4340,460,1.4839
68.4384,461,1.4871
68.4427,462,1.4903
68.4470,463,1.4935
68.4513,464,1.4968
68.4558,462,1.4903
68.4603,446,1.4387
68.4646,416,1.3419
68.4689,387,1.2484
68.4733,397,1.2806
68.4776,472,1.5226
68.4819,608,1.9613
68.4862,783,2.5258
68.4906,968,3.1226
68.4949,1001,3.2290
68.4992,1000,3.2258
68.5036,992,3.2000
68.5079,854,2.7548
68.5123,627,2.0226
68.5166,457,1.4742
68.5210,376,1.2129
68.5253,356,1.1484
68.5296,371,1.1968
68.5339,401,1.2935
68.5383,426,1.3742
68.5426,436,1.4065
68.5469,438,1.4129
68.5512,440,1.4194
68.5555,441,1.4226
68.5598,442,1.4258
68.5641,443,1.4290
68.5683,444,1.4323
68.5726,446,1.4387
68.5769,448,1.4452
68.5812,449,1.4484
68.5855,451,1.4548
68.5898,452,1.4581
68.5941,453,1.4613
68.5984,453,1.4613
68.6027,456,1.4710
68.6070,461,1.4871
68.6114,472,1.5226
68.6158,487,1.5710
68.6201,502,1.6194
68.6244,516,1.6645
68.6287,528,1.7032
68.6330,542,1.7484
68.6372,556,1.7935
68.6416,568,1.8323
68.6459,579,1.8677
68.6502,589,1.9000
68.6545,599,1.9323
68.6588,608,1.9613
68.6631,616,1.9871
68.6674,622,2.0065
68.6717,627,2.0226
68.6760,630,2.0323
68.6803,630,2.0323
68.6846,629,2.0290
68.6889,626,2.0194
68.6932,620,2.0000
68.6975,615,1.9839
68.7019,607,1.9581
68.7062,598,1.9290
68.7105,588,1.8968
68.7148,576,1.8581
68.7191,564,1.8194
68.7234,553,1.7839
68.7277,540,1.7419
68.7320,526,1.6968
68.7363,512,1.6516
68.7406,498,1.6065
68.7449,484,1.5613
68.7492,471,1.5194
68.7536,458,1.4774
68.7579,445,1.4355
68.7623,434,1.4000
68.7666,427,1.3774
68.7709,427,1.3774
68.7752,430,1.3871
68.7795,432,1.3935
68.7838,434,1.4000
68.7880,435,1.4032
68.7924,435,1.4032
68.7966,437,1.4097
68.8009,439,1.4161
68.8053,440,1.4194
68.8096,441,1.4226
68.8139,443,1.4290
68.8181,444,1.4323
68.8224,447,1.4419
68.8267,454,1.4645
68.8310,466,1.5032
68.8354,483,1.5581
68.8397,497,1.6032
68.8440,512,1.6516
68.8483,525,1.6935
68.8526,536,1.7290
68.8569,544,1.7548
68.8612,551,1.7774
68.8655,552,1.7806
68.8698,550,1.7742
68.8741,544,1.7548
68.8784,535,1.7258
68.8827,523,1.6871
68.8870,510,1.6452
68.8913,496,1.6000
68.8956,482,1.5548
68.8999,468,1.5097
68.9042,457,1.4742
68.9095,452,1.4581
68.9153,454,1.4645
68.9197,456,1.4710
68.9241,458,1.4774
68.9284,459,1.4806
68.9327,460,1.4839
68.9370,461,1.4871
68.9413,463,1.4935
68.9456,463,1.4935
68.9499,465,1.5000
68.9541,465,1.5000
68.9584,457,1.4742
68.9627,431,1.3903
68.9670,399,1.2871
68.9712,385,1.2419
68.9755,427,1.3774
68.9797,533,1.7194
68.9840,691,2.2290
68.9883,875,2.8226
68.9926,1000,3.2258
68.9969,1001,3.2290
69.0011,998,3.2194
69.0054,960,3.0968
69.0097,767,2.4742
69.0139,557,1.7968
69.0182,423,1.3645
69.0225,367,1.1839
69.0267,361,1.1645
69.0310,382,1.2323
69.0353,411,1.3258
69.0395,430,1.3871
69.0438,438,1.4129
69.0481,440,1.4194
69.0524,440,1.4194
69.0567,442,1.4258
69.0610,442,1.4258
69.0653,444,1.4323
69.0696,445,1.4355
69.0739,447,1.4419
69.0782,449,1.4484
69.0825,451,1.4548
69.0868,452,1.4581
69.0912,452,1.4581
69.0955,453,1.4613
69.0997,456,1.4710
69.1041,458,1.4774
69.1084,465,1.5000
69.1127,477,1.5387
69.1170,491,1.5839
69.1213,506,1.6323
69.1256,520,1.6774
69.1299,533,1.7194
69.1342,545,1.7581
69.1385,559,1.8032
69.1428,571,1.8419
69.1471,583,1.8806
69.1515,593,1.9129
69.1558,604,1.9484
69.1601,613,1.9774
69.1643,620,2.0000
69.1686,626,2.0194
69.1730,629,2.0290
69.1773,629,2.0290
69.1816,630,2.0323
69.1859,629,2.0290
69.1902,626,2.0194
69.1945,620,2.0000
69.1988,615,1.9839
69.2031,607,1.9581
69.2074,597,1.9258
69.2117,586,1.8903
69.2160,576,1.8581
69.2203,564,1.8194
69.2246,550,1.7742
69.2289,536,1.7290
69.2332,523,1.6871
69.2375,510,1.6452
69.2418,496,1.6000
69.2461,483,1.5581
69.2504,469,1.5129
69.2548,457,1.4742
69.2591,444,1.4323
69.2633,434,1.4000
69.2676,430,1.3871
69.2719,429,1.3839
69.2762,431,1.3903
69.2805,433,1.3968
69.2848,434,1.4000
69.2891,436,1.4065
69.2934,437,1.4097
69.2977,438,1.4129
69.3020,439,1.4161
69.3063,442,1.4258
69.3106,444,1.4323
69.3149,446,1.4387
69.3192,448,1.4452
69.3235,450,1.4516
69.3279,457,1.4742
69.3322,469,1.5129
69.3365,484,1.5613
69.3407,500,1.6129
69.3451,514,1.6581
69.3494,527,1.7000
69.3536,538,1.7355
69.3583,546,1.7613
69.3626,551,1.7774
69.3669,552,1.7806
69.3712,547,1.7645
69.3755,542,1.7484
69.3798,531,1.7129
69.3841,519,1.6742
69.3884,505,1.6290
69.3927,490,1.5806
69.3970,474,1.5290
69.4013,461,1.4871
69.4056,454,1.4645
69.4099,452,1.4581
69.4142,453,1.4613
69.4186,455,1.4677
69.4229,457,1.4742
69.4272,458,1.4774
69.4315,460,1.4839
69.4358,460,1.4839
69.4401,461,1.4871
69.4444,462,1.4903
69.4487,462,1.4903
69.4530,464,1.4968
69.4573,458,1.4774
69.4616,437,1.4097
69.4659,405,1.3065
69.4702,383,1.2355
69.4745,411,1.3258
69.4788,505,1.6290
69.4831,654,2.1097
69.4875,836,2.6968
69.4918,995,3.2097
69.4961,1001,3.2290
69.5004,1000,3.2258
69.5047,977,3.1516
69.5097,762,2.4581
69.5148,521,1.6806
69.5192,403,1.3000
69.5236,361,1.1645
69.5279,364,1.1742
69.5322,390,1.2581
69.5369,420,1.3548
69.5414,435,1.4032
69.5457,439,1.4161
69.5500,439,1.4161
69.5543,441,1.4226
69.5585,442,1.4258
69.5629,444,1.4323
69.5671,446,1.4387
69.5714,447,1.4419
69.5756,447,1.4419
69.5804,449,1.4484
69.5847,451,1.4548
69.5890,453,1.4613
69.5933,453,1.4613
69.5976,453,1.4613
69.6019,455,1.4677
69.6061,459,1.4806
69.6104,470,1.5161
69.6147,483,1.5581
69.6190,497,1.6032
69.6233,512,1.6516
69.6276,525,1.6935
69.6318,539,1.7387
69.6361,553,1.7839
69.6404,565,1.8226
69.6447,578,1.8645
69.6490,590,1.9032
69.6532,600,1.9355
69.6576,609,1.9645
69.6619,615,1.9839
69.6662,622,2.0065
69.6705,627,2.0226
69.6748,630,2.0323
69.6791,630,2.0323
69.6834,629,2.0290
69.6876,629,2.0290
69.6919,624,2.0129
69.6962,617,1.9903
69.7005,611,1.9710
69.7048,604,1.9484
69.7090,594,1.9161
69.7132,584,1.8839
69.7175,570,1.8387
69.7218,559,1.8032
69.7261,545,1.7581
69.7304,534,1.7226
69.7346,519,1.6742
69.7389,505,1.6290
69.7432,491,1.5839
69.7475,478,1.5419
69.7518,466,1.5032
69.7561,454,1.4645
69.7604,442,1.4258
69.7647,432,1.3935
69.7690,429,1.3839
69.7733,429,1.3839
69.7776,432,1.3935
69.7819,434,1.4000
69.7862,436,1.4065
69.7905,438,1.4129
69.7948,439,1.4161
69.7991,440,1.4194
69.8034,441,1.4226
69.8078,444,1.4323
69.8122,444,1.4323
69.8182,441,1.4226
69.8226,447,1.4419
69.8270,453,1.4613
69.8313,467,1.5065
69.8356,481,1.5516
69.8399,497,1.6032
69.8442,512,1.6516
69.8485,526,1.6968
69.8528,537,1.7323
69.8570,546,1.7613
69.8613,552,1.7806
69.8656,552,1.7806
69.8699,551,1.7774
69.8742,544,1.7548
69.8784,536,1.7290
69.8829,523,1.6871
69.8872,510,1.6452
69.8915,496,1.6000
69.8958,482,1.5548
69.9001,468,1.5097
69.9044,457,1.4742
69.9086,454,1.4645
69.9129,455,1.4677
69.9172,457,1.4742
69.9215,458,1.4774
69.9257,459,1.4806
69.9300,457,1.4742
69.9343,459,1.4806
69.9386,460,1.4839
69.9428,462,1.4903
69.9471,463,1.4935
69.9514,463,1.4935
69.9557,461,1.4871
69.9600,446,1.4387
69.9646,414,1.3355
69.9689,387,1.2484
69.9732,395,1.2742
69.9774,467,1.5065
69.9817,598,1.9290
69.9860,771,2.4871
69.9903,956,3.0839
69.9947,1000,3.2258
69.9990,1000,3.2258
