time_s,adc_raw,voltage
0.0000,563,1.8161
0.0044,557,1.7968
0.0090,553,1.7839
0.0135,547,1.7645
0.0178,543,1.7516
0.0221,535,1.7258
0.0265,528,1.7032
0.0309,522,1.6839
0.0353,515,1.6613
0.0396,508,1.6387
0.0441,500,1.6129
0.0484,492,1.5871
0.0529,486,1.5677
0.0573,480,1.5484
0.0617,475,1.5323
0.0661,472,1.5226
0.0705,473,1.5258
0.0750,475,1.5323
0.0794,476,1.5355
0.0838,478,1.5419
0.0882,478,1.5419
0.0926,478,1.5419
0.0970,481,1.5516
0.1015,481,1.5516
0.1059,483,1.5581
0.1103,484,1.5613
0.1148,485,1.5645
0.1193,486,1.5677
0.1238,488,1.5742
0.1282,492,1.5871
0.1327,498,1.6065
0.1372,507,1.6355
0.1416,515,1.6613
0.1460,521,1.6806
0.1504,527,1.7000
0.1548,530,1.7097
0.1592,533,1.7194
0.1636,534,1.7226
0.1681,535,1.7258
0.1726,531,1.7129
0.1770,526,1.6968
0.1814,520,1.6774
0.1857,514,1.6581
0.1901,508,1.6387
0.1946,499,1.6097
0.1991,492,1.5871
0.2034,487,1.5710
0.2078,486,1.5677
0.2123,486,1.5677
0.2167,488,1.5742
0.2214,489,1.5774
0.2260,490,1.5806
0.2306,491,1.5839
0.2352,491,1.5839
0.2399,491,1.5839
0.2447,491,1.5839
0.2496,492,1.5871
0.2544,492,1.5871
0.2592,484,1.5613
0.2641,466,1.5032
0.2689,452,1.4581
0.2733,465,1.5000
0.2779,511,1.6484
0.2823,587,1.8935
0.2868,681,2.1968
0.2913,771,2.4871
0.2957,813,2.6226
0.3001,784,2.5290
0.3050,703,2.2677
0.3096,600,1.9355
0.3140,513,1.6548
0.3184,463,1.4935
0.3228,442,1.4258
0.3276,444,1.4323
0.3320,457,1.4742
0.3363,469,1.5129
0.3407,475,1.5323
0.3451,477,1.5387
0.3495,479,1.5452
0.3539,479,1.5452
0.3582,481,1.5516
0.3626,480,1.5484
0.3670,481,1.5516
0.3713,482,1.5548
0.3757,482,1.5548
0.3801,482,1.5548
0.3845,484,1.5613
0.3888,485,1.5645
0.3931,486,1.5677
0.3976,487,1.5710
0.4020,488,1.5742
0.4064,491,1.5839
0.4108,497,1.6032
0.4152,504,1.6258
0.4196,511,1.6484
0.4240,519,1.6742
0.4285,526,1.6968
0.4329,532,1.7161
0.4374,540,1.7419
0.4418,545,1.7581
0.4463,551,1.7774
0.4508,557,1.7968
0.4553,560,1.8065
0.4597,564,1.8194
0.4642,567,1.8290
0.4685,572,1.8452
0.4729,574,1.8516
0.4772,575,1.8548
0.4815,575,1.8548
0.4858,574,1.8516
0.4902,571,1.8419
0.4946,569,1.8355
0.4992,567,1.8290
0.5035,562,1.8129
0.5079,557,1.7968
0.5123,552,1.7806
0.5166,546,1.7613
0.5210,539,1.7387
0.5255,533,1.7194
0.5298,526,1.6968
0.5342,519,1.6742
0.5386,512,1.6516
0.5430,505,1.6290
0.5474,497,1.6032
0.5518,491,1.5839
0.5562,484,1.5613
0.5606,479,1.5452
0.5649,476,1.5355
0.5693,475,1.5323
0.5737,476,1.5355
0.5781,478,1.5419
0.5825,479,1.5452
0.5868,480,1.5484
0.5912,481,1.5516
0.5956,482,1.5548
0.6000,483,1.5581
0.6044,483,1.5581
0.6088,482,1.5548
0.6132,482,1.5548
0.6176,483,1.5581
0.6221,484,1.5613
0.6266,486,1.5677
0.6310,489,1.5774
0.6354,497,1.6032
0.6398,503,1.6226
0.6441,512,1.6516
0.6484,519,1.6742
0.6526,525,1.6935
0.6568,530,1.7097
0.6610,535,1.7258
0.6652,539,1.7387
0.6695,537,1.7323
0.6738,536,1.7290
0.6781,530,1.7097
0.6824,527,1.7000
0.6867,520,1.6774
0.6910,514,1.6581
0.6953,506,1.6323
0.6996,500,1.6129
0.7039,493,1.5903
0.7080,488,1.5742
0.7122,487,1.5710
0.7164,487,1.5710
0.7206,487,1.5710
0.7247,488,1.5742
0.7289,489,1.5774
0.7331,490,1.5806
0.7373,491,1.5839
0.7414,492,1.5871
0.7456,492,1.5871
0.7498,492,1.5871
0.7540,492,1.5871
0.7582,492,1.5871
0.7624,487,1.5710
0.7665,475,1.5323
0.7707,459,1.4806
0.7749,454,1.4645
0.7791,477,1.5387
0.7832,530,1.7097
0.7874,606,1.9548
0.7916,693,2.2355
0.7958,774,2.4968
0.8000,814,2.6258
0.8042,788,2.5419
0.8084,719,2.3194
0.8125,627,2.0226
0.8167,538,1.7355
0.8209,478,1.5419
0.8251,446,1.4387
0.8293,440,1.4194
0.8334,448,1.4452
0.8376,462,1.4903
0.8418,473,1.5258
0.8460,477,1.5387
0.8501,479,1.5452
0.8543,480,1.5484
0.8585,480,1.5484
0.8627,481,1.5516
0.8669,482,1.5548
0.8710,482,1.5548
0.8752,482,1.5548
0.8794,484,1.5613
0.8836,485,1.5645
0.8878,486,1.5677
0.8920,486,1.5677
0.8961,486,1.5677
0.9003,487,1.5710
0.9045,488,1.5742
0.9087,491,1.5839
0.9129,493,1.5903
0.9170,499,1.6097
0.9212,506,1.6323
0.9254,513,1.6548
0.9296,520,1.6774
0.9338,527,1.7000
0.9379,534,1.7226
0.9421,540,1.7419
0.9463,546,1.7613
0.9505,553,1.7839
0.9547,557,1.7968
0.9588,561,1.8097
0.9630,565,1.8226
0.9672,568,1.8323
0.9714,571,1.8419
0.9756,573,1.8484
0.9797,574,1.8516
0.9839,574,1.8516
0.9881,572,1.8452
0.9923,571,1.8419
0.9965,571,1.8419
1.0007,568,1.8323
1.0050,566,1.8258
1.0092,560,1.8065
1.0135,555,1.7903
1.0176,549,1.7710
1.0219,544,1.7548
1.0261,538,1.7355
1.0304,531,1.7129
1.0346,524,1.6903
1.0389,517,1.6677
1.0431,510,1.6452
1.0473,504,1.6258
1.0515,498,1.6065
1.0558,491,1.5839
1.0600,486,1.5677
1.0642,479,1.5452
1.0684,475,1.5323
1.0727,474,1.5290
1.0769,474,1.5290
1.0811,476,1.5355
1.0853,476,1.5355
1.0896,476,1.5355
1.0938,477,1.5387
1.0980,479,1.5452
1.1022,480,1.5484
1.1065,481,1.5516
1.1107,481,1.5516
1.1150,482,1.5548
1.1192,482,1.5548
1.1235,484,1.5613
1.1279,485,1.5645
1.1322,490,1.5806
1.1365,497,1.6032
1.1409,505,1.6290
1.1452,512,1.6516
1.1495,519,1.6742
1.1539,525,1.6935
1.1582,530,1.7097
1.1625,534,1.7226
1.1669,535,1.7258
1.1712,535,1.7258
1.1755,533,1.7194
1.1799,529,1.7065
1.1842,525,1.6935
1.1886,519,1.6742
1.1930,511,1.6484
1.1973,503,1.6226
1.2016,497,1.6032
1.2059,490,1.5806
1.2108,486,1.5677
1.2153,486,1.5677
1.2196,487,1.5710
1.2239,487,1.5710
1.2282,489,1.5774
1.2324,491,1.5839
1.2368,491,1.5839
1.2411,492,1.5871
1.2453,492,1.5871
1.2496,493,1.5903
1.2539,493,1.5903
1.2582,492,1.5871
1.2625,486,1.5677
1.2668,473,1.5258
1.2711,457,1.4742
1.2754,455,1.4677
1.2797,484,1.5613
1.2840,543,1.7516
1.2883,624,2.0129
1.2926,715,2.3065
1.2969,794,2.5613
1.3014,812,2.6194
1.3057,765,2.4677
1.3101,682,2.2000
1.3144,585,1.8871
1.3187,507,1.6355
1.3230,461,1.4871
1.3273,445,1.4355
1.3316,445,1.4355
1.3359,457,1.4742
1.3402,469,1.5129
1.3445,475,1.5323
1.3488,477,1.5387
1.3531,478,1.5419
1.3574,480,1.5484
1.3617,481,1.5516
1.3660,481,1.5516
1.3703,481,1.5516
1.3746,483,1.5581
1.3789,484,1.5613
1.3832,485,1.5645
1.3875,485,1.5645
1.3918,486,1.5677
1.3961,486,1.5677
1.4004,486,1.5677
1.4047,489,1.5774
1.4090,490,1.5806
1.4133,496,1.6000
1.4176,502,1.6194
1.4220,508,1.6387
1.4262,514,1.6581
1.4305,518,1.6710
1.4348,523,1.6871
1.4391,528,1.7032
1.4434,533,1.7194
1.4477,539,1.7387
1.4520,547,1.7645
1.4563,551,1.7774
1.4606,557,1.7968
1.4649,561,1.8097
1.4692,564,1.8194
1.4735,567,1.8290
1.4778,570,1.8387
1.4821,574,1.8516
1.4864,575,1.8548
1.4907,574,1.8516
1.4950,572,1.8452
1.4992,570,1.8387
1.5036,569,1.8355
1.5078,567,1.8290
1.5121,562,1.8129
1.5164,556,1.7935
1.5207,552,1.7806
1.5250,545,1.7581
1.5293,539,1.7387
1.5337,533,1.7194
1.5380,526,1.6968
1.5424,520,1.6774
1.5467,512,1.6516
1.5510,505,1.6290
1.5553,497,1.6032
1.5597,490,1.5806
1.5640,484,1.5613
1.5683,479,1.5452
1.5727,475,1.5323
1.5770,474,1.5290
1.5813,475,1.5323
1.5856,476,1.5355
1.5900,476,1.5355
1.5943,478,1.5419
1.5986,478,1.5419
1.6030,479,1.5452
1.6073,481,1.5516
1.6116,481,1.5516
1.6159,482,1.5548
1.6203,482,1.5548
1.6247,484,1.5613
1.6290,484,1.5613
1.6333,486,1.5677
1.6376,491,1.5839
1.6419,498,1.6065
1.6463,505,1.6290
1.6506,513,1.6548
1.6548,520,1.6774
1.6591,526,1.6968
1.6634,531,1.7129
1.6677,533,1.7194
1.6720,536,1.7290
1.6763,535,1.7258
1.6806,534,1.7226
1.6849,528,1.7032
1.6892,524,1.6903
1.6935,517,1.6677
1.6978,511,1.6484
1.7021,504,1.6258
1.7064,498,1.6065
1.7107,491,1.5839
1.7150,487,1.5710
1.7193,487,1.5710
1.7236,488,1.5742
1.7279,487,1.5710
1.7322,488,1.5742
1.7365,489,1.5774
1.7408,490,1.5806
1.7451,491,1.5839
1.7494,492,1.5871
1.7537,491,1.5839
1.7580,493,1.5903
1.7623,492,1.5871
1.7666,488,1.5742
1.7709,475,1.5323
1.7752,460,1.4839
1.7795,454,1.4645
1.7837,474,1.5290
1.7880,528,1.7032
1.7923,605,1.9516
1.7966,695,2.2419
1.8009,776,2.5032
1.8052,814,2.6258
1.8095,785,2.5323
1.8138,711,2.2935
1.8181,615,1.9839
1.8224,529,1.7065
1.8267,472,1.5226
1.8310,445,1.4355
1.8353,441,1.4226
1.8396,451,1.4548
1.8439,466,1.5032
1.8483,474,1.5290
1.8526,476,1.5355
1.8569,477,1.5387
1.8620,478,1.5419
1.8664,479,1.5452
1.8708,479,1.5452
1.8751,480,1.5484
1.8795,481,1.5516
1.8838,483,1.5581
1.8882,484,1.5613
1.8925,484,1.5613
1.8969,485,1.5645
1.9013,486,1.5677
1.9057,487,1.5710
1.9102,488,1.5742
1.9146,490,1.5806
1.9189,495,1.5968
1.9233,501,1.6161
1.9276,508,1.6387
1.9320,516,1.6645
1.9363,523,1.6871
1.9406,528,1.7032
1.9449,536,1.7290
1.9492,542,1.7484
1.9535,549,1.7710
1.9578,554,1.7871
1.9621,559,1.8032
1.9664,564,1.8194
1.9707,566,1.8258
1.9750,570,1.8387
1.9793,572,1.8452
1.9836,572,1.8452
1.9878,573,1.8484
1.9921,572,1.8452
1.9964,571,1.8419
2.0007,569,1.8355
2.0050,567,1.8290
2.0093,562,1.8129
2.0136,557,1.7968
2.0179,553,1.7839
2.0222,547,1.7645
2.0265,543,1.7516
2.0308,536,1.7290
2.0351,531,1.7129
2.0394,524,1.6903
2.0438,518,1.6710
2.0481,510,1.6452
2.0524,503,1.6226
2.0567,497,1.6032
2.0611,490,1.5806
2.0654,484,1.5613
2.0697,479,1.5452
2.0741,474,1.5290
2.0784,473,1.5258
2.0827,474,1.5290
2.0870,475,1.5323
2.0914,476,1.5355
2.0957,476,1.5355
2.1000,476,1.5355
2.1044,478,1.5419
2.1087,478,1.5419
2.1130,480,1.5484
2.1174,479,1.5452
2.1217,480,1.5484
2.1260,482,1.5548
2.1305,482,1.5548
2.1348,483,1.5581
2.1391,488,1.5742
2.1434,495,1.5968
2.1477,504,1.6258
2.1521,512,1.6516
2.1564,519,1.6742
2.1607,523,1.6871
2.1650,528,1.7032
2.1693,530,1.7097
2.1735,534,1.7226
2.1779,534,1.7226
2.1821,531,1.7129
2.1864,527,1.7000
2.1907,522,1.6839
2.1950,515,1.6613
2.1994,508,1.6387
2.2038,501,1.6161
2.2082,494,1.5935
2.2125,490,1.5806
2.2168,488,1.5742
2.2211,488,1.5742
2.2254,487,1.5710
2.2298,488,1.5742
2.2341,489,1.5774
2.2384,491,1.5839
2.2427,491,1.5839
2.2470,492,1.5871
2.2513,493,1.5903
2.2555,494,1.5935
2.2598,495,1.5968
2.2641,494,1.5935
2.2685,489,1.5774
2.2727,476,1.5355
2.2770,459,1.4806
2.2813,455,1.4677
2.2856,482,1.5548
2.2899,539,1.7387
2.2942,619,1.9968
2.2985,711,2.2935
2.3028,788,2.5419
2.3071,814,2.6258
2.3114,772,2.4903
2.3156,692,2.2323
2.3199,598,1.9290
2.3243,513,1.6548
2.3285,464,1.4968
2.3328,442,1.4258
2.3372,442,1.4258
2.3415,454,1.4645
2.3459,467,1.5065
2.3502,475,1.5323
2.3545,478,1.5419
2.3588,479,1.5452
2.3632,480,1.5484
2.3675,481,1.5516
2.3718,481,1.5516
2.3762,482,1.5548
2.3805,484,1.5613
2.3848,484,1.5613
2.3892,484,1.5613
2.3935,484,1.5613
2.3978,485,1.5645
2.4021,485,1.5645
2.4065,486,1.5677
2.4108,487,1.5710
2.4151,489,1.5774
2.4195,494,1.5935
2.4238,500,1.6129
2.4281,506,1.6323
2.4325,514,1.6581
2.4368,522,1.6839
2.4412,529,1.7065
2.4456,537,1.7323
2.4499,542,1.7484
2.4542,547,1.7645
2.4585,553,1.7839
2.4627,560,1.8065
2.4670,564,1.8194
2.4713,567,1.8290
2.4756,572,1.8452
2.4799,575,1.8548
2.4842,576,1.8581
2.4885,576,1.8581
2.4928,574,1.8516
2.4971,572,1.8452
2.5014,570,1.8387
2.5057,568,1.8323
2.5100,564,1.8194
2.5143,560,1.8065
2.5186,555,1.7903
2.5229,552,1.7806
2.5272,546,1.7613
2.5315,538,1.7355
2.5357,531,1.7129
2.5400,525,1.6935
2.5443,517,1.6677
2.5486,511,1.6484
2.5530,505,1.6290
2.5573,497,1.6032
2.5616,491,1.5839
2.5659,484,1.5613
2.5703,479,1.5452
2.5746,475,1.5323
2.5790,475,1.5323
2.5833,476,1.5355
2.5876,477,1.5387
2.5920,477,1.5387
2.5963,478,1.5419
2.6006,479,1.5452
2.6050,480,1.5484
2.6093,480,1.5484
2.6136,480,1.5484
2.6180,481,1.5516
2.6223,482,1.5548
2.6266,483,1.5581
2.6310,485,1.5645
2.6353,487,1.5710
2.6396,492,1.5871
2.6440,499,1.6097
2.6483,506,1.6323
2.6526,515,1.6613
2.6569,522,1.6839
2.6612,526,1.6968
2.6655,532,1.7161
2.6698,534,1.7226
2.6741,535,1.7258
2.6784,534,1.7226
2.6827,532,1.7161
2.6869,527,1.7000
2.6912,522,1.6839
2.6955,517,1.6677
2.6998,510,1.6452
2.7041,502,1.6194
2.7084,496,1.6000
2.7127,491,1.5839
2.7170,488,1.5742
2.7213,488,1.5742
2.7256,489,1.5774
2.7299,490,1.5806
2.7342,490,1.5806
2.7386,491,1.5839
2.7428,492,1.5871
2.7472,492,1.5871
2.7515,491,1.5839
2.7559,493,1.5903
2.7602,493,1.5903
2.7645,493,1.5903
2.7689,492,1.5871
2.7732,485,1.5645
2.7775,470,1.5161
2.7820,455,1.4677
2.7863,458,1.4774
2.7907,492,1.5871
2.7950,560,1.8065
2.7995,645,2.0806
2.8039,740,2.3871
2.8083,805,2.5968
2.8127,806,2.6000
2.8170,747,2.4097
2.8213,657,2.1194
2.8257,560,1.8065
2.8300,489,1.5774
2.8343,452,1.4581
2.8387,441,1.4226
2.8430,446,1.4387
2.8474,461,1.4871
2.8517,471,1.5194
2.8560,476,1.5355
2.8603,479,1.5452
2.8646,480,1.5484
2.8689,480,1.5484
2.8732,481,1.5516
2.8775,481,1.5516
2.8818,481,1.5516
2.8861,481,1.5516
2.8904,482,1.5548
2.8947,482,1.5548
2.8990,483,1.5581
2.9033,484,1.5613
2.9076,484,1.5613
2.9119,486,1.5677
2.9162,487,1.5710
2.9205,490,1.5806
2.9248,495,1.5968
2.9292,502,1.6194
2.9335,508,1.6387
2.9378,515,1.6613
2.9421,523,1.6871
2.9464,529,1.7065
2.9507,535,1.7258
2.9550,542,1.7484
2.9593,550,1.7742
2.9636,555,1.7903
2.9679,559,1.8032
2.9722,564,1.8194
2.9765,567,1.8290
2.9808,570,1.8387
2.9851,573,1.8484
2.9894,573,1.8484
2.9937,573,1.8484
2.9980,573,1.8484
3.0023,572,1.8452
3.0065,571,1.8419
3.0108,569,1.8355
3.0151,565,1.8226
3.0194,559,1.8032
3.0237,555,1.7903
3.0280,550,1.7742
3.0323,542,1.7484
3.0366,535,1.7258
3.0409,529,1.7065
3.0452,522,1.6839
3.0495,515,1.6613
3.0539,510,1.6452
3.0582,502,1.6194
3.0625,496,1.6000
3.0668,489,1.5774
3.0712,484,1.5613
3.0755,478,1.5419
3.0800,476,1.5355
3.0844,475,1.5323
3.0887,476,1.5355
3.0930,477,1.5387
3.0973,478,1.5419
3.1017,480,1.5484
3.1062,480,1.5484
3.1105,481,1.5516
3.1148,481,1.5516
3.1191,481,1.5516
3.1234,486,1.5677
3.1277,482,1.5548
3.1320,482,1.5548
3.1363,484,1.5613
3.1406,488,1.5742
3.1448,494,1.5935
3.1491,500,1.6129
3.1534,508,1.6387
3.1579,517,1.6677
3.1622,522,1.6839
3.1665,528,1.7032
3.1708,533,1.7194
3.1751,534,1.7226
3.1793,534,1.7226
3.1836,533,1.7194
3.1879,530,1.7097
3.1922,527,1.7000
3.1965,521,1.6806
3.2008,514,1.6581
3.2050,508,1.6387
3.2093,501,1.6161
3.2136,495,1.5968
3.2179,489,1.5774
3.2222,488,1.5742
3.2265,488,1.5742
3.2308,487,1.5710
3.2350,488,1.5742
3.2393,488,1.5742
3.2437,490,1.5806
3.2480,490,1.5806
3.2523,492,1.5871
3.2565,492,1.5871
3.2608,493,1.5903
3.2651,493,1.5903
3.2694,493,1.5903
3.2736,484,1.5613
3.2779,469,1.5129
3.2822,454,1.4645
3.2864,458,1.4774
3.2907,494,1.5935
3.2950,558,1.8000
3.2993,643,2.0742
3.3035,733,2.3645
3.3078,802,2.5871
3.3121,811,2.6161
3.3164,759,2.4484
3.3207,672,2.1677
3.3249,576,1.8581
3.3293,499,1.6097
3.3337,457,1.4742
3.3380,444,1.4323
3.3423,448,1.4452
3.3465,460,1.4839
3.3509,472,1.5226
3.3551,477,1.5387
3.3594,479,1.5452
3.3637,480,1.5484
3.3680,480,1.5484
3.3723,481,1.5516
3.3766,480,1.5484
3.3808,481,1.5516
3.3851,483,1.5581
3.3894,484,1.5613
3.3937,483,1.5581
3.3979,484,1.5613
3.4022,485,1.5645
3.4065,486,1.5677
3.4107,487,1.5710
3.4150,488,1.5742
3.4193,491,1.5839
3.4236,494,1.5935
3.4284,501,1.6161
3.4327,506,1.6323
3.4370,514,1.6581
3.4412,522,1.6839
3.4455,529,1.7065
3.4498,535,1.7258
3.4541,542,1.7484
3.4584,548,1.7677
3.4626,554,1.7871
3.4669,560,1.8065
3.4712,563,1.8161
3.4755,567,1.8290
3.4797,570,1.8387
3.4840,571,1.8419
3.4882,574,1.8516
3.4925,575,1.8548
3.4968,572,1.8452
3.5011,572,1.8452
3.5053,572,1.8452
3.5096,570,1.8387
3.5138,566,1.8258
3.5181,561,1.8097
3.5224,555,1.7903
3.5267,552,1.7806
3.5312,545,1.7581
3.5355,538,1.7355
3.5398,533,1.7194
3.5440,526,1.6968
3.5483,519,1.6742
3.5525,512,1.6516
3.5568,506,1.6323
3.5611,498,1.6065
3.5654,491,1.5839
3.5697,484,1.5613
3.5740,479,1.5452
3.5783,476,1.5355
3.5826,475,1.5323
3.5868,476,1.5355
3.5911,477,1.5387
3.5953,477,1.5387
3.5996,479,1.5452
3.6039,480,1.5484
3.6082,480,1.5484
3.6128,480,1.5484
3.6171,481,1.5516
3.6214,482,1.5548
3.6256,483,1.5581
3.6299,483,1.5581
3.6342,485,1.5645
3.6385,485,1.5645
3.6428,487,1.5710
3.6471,488,1.5742
3.6513,491,1.5839
3.6556,498,1.6065
3.6599,504,1.6258
3.6642,511,1.6484
3.6685,517,1.6677
3.6728,523,1.6871
3.6771,530,1.7097
3.6814,534,1.7226
3.6857,538,1.7355
3.6899,537,1.7323
3.6946,535,1.7258
3.6990,531,1.7129
3.7039,524,1.6903
3.7083,519,1.6742
3.7125,512,1.6516
3.7168,505,1.6290
3.7211,497,1.6032
3.7257,491,1.5839
3.7301,488,1.5742
3.7343,488,1.5742
3.7386,489,1.5774
3.7429,489,1.5774
3.7472,489,1.5774
3.7515,489,1.5774
3.7562,489,1.5774
3.7605,490,1.5806
3.7648,490,1.5806
3.7690,491,1.5839
3.7734,493,1.5903
3.7777,493,1.5903
3.7822,488,1.5742
3.7866,474,1.5290
3.7909,458,1.4774
3.7952,455,1.4677
3.7994,480,1.5484
3.8037,537,1.7323
3.8080,616,1.9871
3.8122,705,2.2742
3.8165,785,2.5323
3.8207,815,2.6290
3.8250,780,2.5161
3.8298,692,2.2323
3.8341,596,1.9226
3.8384,514,1.6581
3.8427,464,1.4968
3.8470,443,1.4290
3.8512,443,1.4290
3.8555,455,1.4677
3.8598,468,1.5097
3.8641,476,1.5355
3.8683,479,1.5452
3.8726,480,1.5484
3.8769,488,1.5742
3.8812,482,1.5548
3.8856,482,1.5548
3.8898,483,1.5581
3.8941,484,1.5613
3.8983,484,1.5613
3.9026,484,1.5613
3.9069,486,1.5677
3.9111,487,1.5710
3.9154,488,1.5742
3.9196,487,1.5710
3.9239,488,1.5742
3.9282,489,1.5774
3.9325,493,1.5903
3.9367,500,1.6129
3.9410,506,1.6323
3.9453,512,1.6516
3.9496,518,1.6710
3.9539,523,1.6871
3.9582,528,1.7032
3.9624,535,1.7258
3.9667,540,1.7419
3.9710,546,1.7613
3.9753,552,1.7806
3.9796,557,1.7968
3.9838,563,1.8161
3.9881,566,1.8258
3.9924,569,1.8355
3.9967,573,1.8484
4.0011,573,1.8484
4.0080,575,1.8548
4.0125,579,1.8677
4.0168,574,1.8516
4.0211,571,1.8419
4.0254,570,1.8387
4.0297,566,1.8258
4.0341,561,1.8097
4.0384,556,1.7935
4.0427,550,1.7742
4.0469,545,1.7581
4.0513,538,1.7355
4.0555,532,1.7161
4.0598,525,1.6935
4.0641,518,1.6710
4.0684,511,1.6484
4.0727,504,1.6258
4.0770,497,1.6032
4.0814,491,1.5839
4.0856,484,1.5613
4.0900,480,1.5484
4.0943,477,1.5387
4.0986,476,1.5355
4.1029,477,1.5387
4.1072,476,1.5355
4.1115,477,1.5387
4.1158,478,1.5419
4.1201,479,1.5452
4.1243,479,1.5452
4.1286,480,1.5484
4.1330,481,1.5516
4.1373,482,1.5548
4.1415,483,1.5581
4.1458,483,1.5581
4.1501,484,1.5613
4.1544,486,1.5677
4.1587,491,1.5839
4.1630,499,1.6097
4.1673,506,1.6323
4.1717,514,1.6581
4.1759,520,1.6774
4.1802,526,1.6968
4.1845,532,1.7161
4.1888,535,1.7258
4.1931,535,1.7258
4.1974,534,1.7226
4.2017,532,1.7161
4.2060,529,1.7065
4.2103,523,1.6871
4.2146,516,1.6645
4.2189,509,1.6419
4.2232,502,1.6194
4.2275,495,1.5968
4.2318,489,1.5774
4.2361,488,1.5742
4.2404,488,1.5742
4.2447,488,1.5742
4.2490,489,1.5774
4.2533,489,1.5774
4.2576,490,1.5806
4.2620,491,1.5839
4.2662,492,1.5871
4.2705,492,1.5871
4.2748,492,1.5871
4.2791,492,1.5871
4.2834,493,1.5903
4.2877,489,1.5774
4.2920,475,1.5323
4.2964,458,1.4774
4.3006,456,1.4710
4.3049,485,1.5645
4.3092,542,1.7484
4.3135,624,2.0129
4.3178,716,2.3097
4.3221,790,2.5484
4.3264,814,2.6258
4.3307,767,2.4742
4.3351,685,2.2097
4.3394,587,1.8935
4.3437,506,1.6323
4.3480,459,1.4806
4.3522,441,1.4226
4.3565,441,1.4226
4.3608,454,1.4645
4.3651,467,1.5065
4.3694,474,1.5290
4.3737,476,1.5355
4.3780,477,1.5387
4.3823,479,1.5452
4.3866,479,1.5452
4.3909,479,1.5452
4.3952,480,1.5484
4.3995,482,1.5548
4.4038,483,1.5581
4.4081,483,1.5581
4.4124,484,1.5613
4.4167,484,1.5613
4.4209,485,1.5645
4.4252,487,1.5710
4.4295,487,1.5710
4.4338,488,1.5742
4.4382,492,1.5871
4.4424,499,1.6097
4.4467,505,1.6290
4.4510,512,1.6516
4.4553,520,1.6774
4.4596,527,1.7000
4.4639,535,1.7258
4.4682,542,1.7484
4.4725,547,1.7645
4.4768,553,1.7839
4.4811,557,1.7968
4.4854,561,1.8097
4.4897,565,1.8226
4.4940,568,1.8323
4.4984,572,1.8452
4.5027,573,1.8484
4.5070,574,1.8516
4.5114,574,1.8516
4.5157,573,1.8484
4.5200,570,1.8387
4.5244,568,1.8323
4.5287,563,1.8161
4.5330,559,1.8032
4.5374,553,1.7839
4.5417,549,1.7710
4.5461,544,1.7548
4.5504,537,1.7323
4.5547,534,1.7226
4.5591,531,1.7129
4.5634,525,1.6935
4.5677,519,1.6742
4.5720,512,1.6516
4.5764,505,1.6290
4.5807,498,1.6065
4.5851,491,1.5839
4.5894,485,1.5645
4.5937,479,1.5452
4.5980,476,1.5355
4.6024,475,1.5323
4.6068,475,1.5323
4.6112,476,1.5355
4.6154,478,1.5419
4.6197,478,1.5419
4.6241,479,1.5452
4.6283,481,1.5516
4.6326,482,1.5548
4.6370,482,1.5548
4.6413,482,1.5548
4.6456,483,1.5581
4.6499,483,1.5581
4.6541,484,1.5613
4.6584,485,1.5645
4.6627,489,1.5774
4.6670,496,1.6000
4.6713,504,1.6258
4.6756,510,1.6452
4.6799,518,1.6710
4.6842,524,1.6903
4.6885,529,1.7065
4.6928,532,1.7161
4.6972,535,1.7258
4.7016,534,1.7226
4.7059,531,1.7129
4.7102,528,1.7032
4.7145,522,1.6839
4.7188,517,1.6677
4.7231,509,1.6419
4.7273,501,1.6161
4.7316,494,1.5935
4.7359,488,1.5742
4.7402,487,1.5710
4.7446,487,1.5710
4.7488,487,1.5710
4.7531,488,1.5742
4.7574,488,1.5742
4.7617,490,1.5806
4.7660,489,1.5774
4.7703,491,1.5839
4.7746,491,1.5839
4.7789,491,1.5839
4.7832,492,1.5871
4.7875,492,1.5871
4.7918,488,1.5742
4.7961,476,1.5355
4.8004,460,1.4839
4.8047,452,1.4581
4.8090,473,1.5258
4.8133,525,1.6935
4.8176,604,1.9484
4.8219,695,2.2419
4.8262,778,2.5097
4.8305,813,2.6226
4.8348,782,2.5226
4.8391,707,2.2806
4.8434,613,1.9774
4.8477,524,1.6903
4.8520,470,1.5161
4.8563,445,1.4355
4.8606,442,1.4258
4.8649,451,1.4548
4.8692,465,1.5000
4.8735,475,1.5323
4.8778,479,1.5452
4.8821,478,1.5419
4.8865,480,1.5484
4.8908,481,1.5516
4.8951,482,1.5548
4.8994,483,1.5581
4.9044,483,1.5581
4.9088,483,1.5581
4.9130,484,1.5613
4.9173,485,1.5645
4.9215,487,1.5710
4.9258,487,1.5710
4.9301,489,1.5774
4.9344,489,1.5774
4.9387,491,1.5839
4.9429,495,1.5968
4.9472,502,1.6194
4.9515,508,1.6387
4.9558,514,1.6581
4.9600,521,1.6806
4.9643,528,1.7032
4.9686,535,1.7258
4.9729,542,1.7484
4.9771,548,1.7677
4.9814,555,1.7903
4.9858,561,1.8097
4.9901,565,1.8226
4.9944,569,1.8355
4.9987,569,1.8355
5.0030,571,1.8419
5.0073,573,1.8484
5.0117,574,1.8516
5.0162,573,1.8484
5.0207,572,1.8452
5.0250,570,1.8387
5.0294,568,1.8323
5.0338,564,1.8194
5.0383,561,1.8097
5.0427,556,1.7935
5.0470,551,1.7774
5.0513,544,1.7548
5.0556,538,1.7355
5.0599,531,1.7129
5.0641,523,1.6871
5.0684,516,1.6645
5.0727,509,1.6419
5.0770,503,1.6226
5.0813,496,1.6000
5.0856,490,1.5806
5.0899,483,1.5581
5.0942,478,1.5419
5.0985,474,1.5290
5.1028,473,1.5258
5.1071,474,1.5290
5.1114,476,1.5355
5.1157,477,1.5387
5.1200,479,1.5452
5.1243,480,1.5484
5.1287,481,1.5516
5.1330,481,1.5516
5.1373,481,1.5516
5.1416,482,1.5548
5.1459,483,1.5581
5.1502,485,1.5645
5.1545,484,1.5613
5.1588,486,1.5677
5.1631,491,1.5839
5.1674,497,1.6032
5.1716,505,1.6290
5.1760,512,1.6516
5.1802,518,1.6710
5.1846,526,1.6968
5.1889,530,1.7097
5.1932,532,1.7161
5.1975,534,1.7226
5.2018,533,1.7194
5.2061,531,1.7129
5.2103,527,1.7000
5.2146,522,1.6839
5.2189,516,1.6645
5.2232,509,1.6419
5.2275,502,1.6194
5.2318,494,1.5935
5.2361,488,1.5742
5.2404,485,1.5645
5.2447,485,1.5645
5.2490,485,1.5645
5.2533,486,1.5677
5.2576,487,1.5710
5.2620,488,1.5742
5.2663,488,1.5742
5.2706,488,1.5742
5.2749,490,1.5806
5.2792,491,1.5839
5.2835,492,1.5871
5.2877,492,1.5871
5.2921,488,1.5742
5.2964,474,1.5290
5.3007,457,1.4742
5.3050,453,1.4613
5.3093,477,1.5387
5.3136,531,1.7129
5.3179,609,1.9645
5.3222,700,2.2581
5.3265,781,2.5194
5.3308,814,2.6258
5.3350,780,2.5161
5.3394,701,2.2613
5.3437,604,1.9484
5.3480,520,1.6774
5.3522,465,1.5000
5.3565,442,1.4258
5.3608,440,1.4194
5.3651,451,1.4548
5.3694,463,1.4935
5.3738,472,1.5226
5.3781,476,1.5355
5.3824,477,1.5387
5.3866,478,1.5419
5.3910,479,1.5452
5.3953,479,1.5452
5.3997,480,1.5484
5.4040,483,1.5581
5.4083,483,1.5581
5.4127,484,1.5613
5.4170,484,1.5613
5.4213,484,1.5613
5.4256,486,1.5677
5.4300,486,1.5677
5.4343,488,1.5742
5.4386,489,1.5774
5.4430,494,1.5935
5.4473,499,1.6097
5.4516,505,1.6290
5.4560,513,1.6548
5.4603,521,1.6806
5.4646,527,1.7000
5.4690,534,1.7226
5.4733,539,1.7387
5.4776,545,1.7581
5.4821,552,1.7806
5.4866,558,1.8000
5.4909,561,1.8097
5.4952,566,1.8258
5.4995,569,1.8355
5.5040,571,1.8419
5.5084,572,1.8452
5.5127,572,1.8452
5.5170,574,1.8516
5.5212,571,1.8419
5.5255,570,1.8387
5.5298,568,1.8323
5.5341,564,1.8194
5.5384,560,1.8065
5.5427,556,1.7935
5.5470,550,1.7742
5.5513,543,1.7516
5.5556,537,1.7323
5.5599,530,1.7097
5.5642,524,1.6903
5.5686,518,1.6710
5.5729,512,1.6516
5.5772,503,1.6226
5.5815,496,1.6000
5.5858,490,1.5806
5.5957,476,1.5355
5.6001,474,1.5290
5.6045,473,1.5258
5.6088,475,1.5323
5.6130,475,1.5323
5.6173,476,1.5355
5.6217,478,1.5419
5.6260,478,1.5419
5.6303,480,1.5484
5.6346,481,1.5516
5.6389,482,1.5548
5.6432,483,1.5581
5.6475,483,1.5581
5.6518,484,1.5613
5.6560,485,1.5645
5.6603,486,1.5677
5.6646,489,1.5774
5.6689,494,1.5935
5.6732,501,1.6161
5.6775,508,1.6387
5.6818,515,1.6613
5.6861,522,1.6839
5.6904,528,1.7032
5.6947,532,1.7161
5.6990,534,1.7226
5.7033,536,1.7290
5.7076,536,1.7290
5.7119,532,1.7161
5.7162,528,1.7032
5.7205,523,1.6871
5.7248,516,1.6645
5.7292,508,1.6387
5.7334,504,1.6258
5.7377,496,1.6000
5.7420,491,1.5839
5.7463,488,1.5742
5.7505,488,1.5742
5.7547,488,1.5742
5.7590,490,1.5806
5.7632,490,1.5806
5.7675,490,1.5806
5.7718,490,1.5806
5.7760,491,1.5839
5.7803,491,1.5839
5.7845,492,1.5871
5.7889,492,1.5871
5.7931,493,1.5903
5.7975,488,1.5742
5.8020,474,1.5290
5.8064,458,1.4774
5.8108,456,1.4710
5.8150,485,1.5645
5.8193,545,1.7581
5.8236,625,2.0161
5.8279,720,2.3226
5.8322,795,2.5645
5.8366,813,2.6226
5.8409,771,2.4871
5.8452,687,2.2161
5.8495,590,1.9032
5.8537,509,1.6419
5.8580,462,1.4903
5.8623,443,1.4290
5.8666,444,1.4323
5.8709,456,1.4710
5.8752,470,1.5161
5.8794,477,1.5387
5.8837,479,1.5452
5.8880,480,1.5484
5.8923,481,1.5516
5.8965,481,1.5516
5.9008,481,1.5516
5.9050,482,1.5548
5.9093,482,1.5548
5.9136,483,1.5581
5.9179,483,1.5581
5.9221,484,1.5613
5.9264,485,1.5645
5.9306,487,1.5710
5.9349,487,1.5710
5.9392,487,1.5710
5.9435,488,1.5742
5.9477,492,1.5871
5.9520,498,1.6065
5.9563,505,1.6290
5.9606,513,1.6548
5.9648,521,1.6806
5.9691,527,1.7000
5.9734,533,1.7194
5.9776,541,1.7452
5.9819,547,1.7645
5.9862,553,1.7839
5.9906,557,1.7968
5.9948,561,1.8097
5.9991,564,1.8194
6.0034,567,1.8290
6.0077,571,1.8419
6.0121,572,1.8452
6.0164,573,1.8484
6.0207,572,1.8452
6.0249,572,1.8452
6.0292,571,1.8419
6.0336,569,1.8355
6.0379,565,1.8226
6.0422,561,1.8097
6.0464,557,1.7968
6.0507,552,1.7806
6.0551,545,1.7581
6.0594,540,1.7419
6.0636,534,1.7226
6.0679,527,1.7000
6.0722,520,1.6774
6.0765,511,1.6484
6.0808,505,1.6290
6.0851,499,1.6097
6.0894,493,1.5903
6.0938,486,1.5677
6.0981,481,1.5516
6.1024,477,1.5387
6.1067,474,1.5290
6.1110,474,1.5290
6.1153,475,1.5323
6.1196,476,1.5355
6.1239,477,1.5387
6.1282,477,1.5387
6.1325,478,1.5419
6.1368,478,1.5419
6.1411,480,1.5484
6.1454,482,1.5548
6.1497,483,1.5581
6.1540,483,1.5581
6.1583,484,1.5613
6.1626,485,1.5645
6.1669,489,1.5774
6.1712,495,1.5968
6.1755,503,1.6226
6.1797,510,1.6452
6.1840,517,1.6677
6.1883,523,1.6871
6.1927,529,1.7065
6.1970,532,1.7161
6.2013,533,1.7194
6.2056,534,1.7226
6.2099,533,1.7194
6.2141,529,1.7065
6.2185,524,1.6903
6.2227,519,1.6742
6.2270,511,1.6484
6.2313,504,1.6258
6.2356,497,1.6032
6.2399,491,1.5839
6.2442,489,1.5774
6.2485,487,1.5710
6.2528,488,1.5742
6.2571,490,1.5806
6.2614,490,1.5806
6.2656,491,1.5839
6.2699,492,1.5871
6.2742,493,1.5903
6.2785,493,1.5903
6.2828,494,1.5935
6.2871,493,1.5903
6.2914,492,1.5871
6.2957,491,1.5839
6.3000,481,1.5516
6.3043,465,1.5000
6.3086,454,1.4645
6.3129,466,1.5032
6.3172,510,1.6452
6.3215,583,1.8806
6.3258,670,2.1613
6.3301,757,2.4419
6.3344,810,2.6129
6.3387,797,2.5710
6.3429,732,2.3613
6.3473,641,2.0677
6.3515,547,1.7645
6.3558,482,1.5548
6.3601,450,1.4516
6.3644,442,1.4258
6.3687,448,1.4452
6.3730,462,1.4903
6.3773,472,1.5226
6.3816,477,1.5387
6.3859,478,1.5419
6.3902,479,1.5452
6.3945,479,1.5452
6.3988,482,1.5548
6.4067,482,1.5548
6.4111,482,1.5548
6.4154,483,1.5581
6.4197,484,1.5613
6.4240,485,1.5645
6.4283,485,1.5645
6.4326,485,1.5645
6.4369,486,1.5677
6.4412,487,1.5710
6.4455,489,1.5774
6.4498,494,1.5935
6.4540,501,1.6161
6.4583,508,1.6387
6.4627,513,1.6548
6.4670,522,1.6839
6.4714,529,1.7065
6.4757,537,1.7323
6.4800,543,1.7516
6.4844,550,1.7742
6.4887,555,1.7903
6.4930,560,1.8065
6.4973,565,1.8226
6.5016,569,1.8355
6.5060,572,1.8452
6.5102,574,1.8516
6.5145,575,1.8548
6.5188,573,1.8484
6.5231,572,1.8452
6.5274,571,1.8419
6.5317,570,1.8387
6.5360,567,1.8290
6.5403,564,1.8194
6.5446,559,1.8032
6.5489,554,1.7871
6.5532,548,1.7677
6.5575,544,1.7548
6.5617,538,1.7355
6.5660,531,1.7129
6.5703,524,1.6903
6.5746,517,1.6677
6.5789,508,1.6387
6.5832,503,1.6226
6.5875,496,1.6000
6.5918,490,1.5806
6.5961,485,1.5645
6.6004,478,1.5419
6.6047,477,1.5387
6.6091,476,1.5355
6.6134,476,1.5355
6.6177,477,1.5387
6.6221,478,1.5419
6.6265,480,1.5484
6.6308,480,1.5484
6.6351,480,1.5484
6.6395,481,1.5516
6.6438,481,1.5516
6.6481,483,1.5581
6.6525,485,1.5645
6.6568,486,1.5677
6.6611,486,1.5677
6.6654,487,1.5710
6.6698,488,1.5742
6.6741,494,1.5935
6.6784,501,1.6161
6.6827,509,1.6419
6.6871,516,1.6645
6.6914,523,1.6871
6.6969,530,1.7097
6.7021,534,1.7226
6.7065,536,1.7290
6.7108,535,1.7258
6.7151,533,1.7194
6.7193,530,1.7097
6.7235,526,1.6968
6.7278,519,1.6742
6.7321,513,1.6548
6.7363,506,1.6323
6.7406,499,1.6097
6.7448,493,1.5903
6.7491,489,1.5774
6.7535,487,1.5710
6.7577,487,1.5710
6.7620,490,1.5806
6.7663,490,1.5806
6.7705,490,1.5806
6.7748,490,1.5806
6.7790,492,1.5871
6.7833,493,1.5903
6.7875,493,1.5903
6.7918,493,1.5903
6.7961,494,1.5935
6.8003,492,1.5871
6.8046,483,1.5581
6.8089,467,1.5065
6.8132,454,1.4645
6.8175,464,1.4968
6.8217,505,1.6290
6.8260,574,1.8516
6.8303,660,2.1290
6.8345,750,2.4194
6.8388,810,2.6129
6.8430,807,2.6032
6.8473,746,2.4065
6.8517,654,2.1097
6.8560,559,1.8032
6.8603,488,1.5742
6.8646,452,1.4581
6.8688,442,1.4258
6.8732,448,1.4452
6.8774,462,1.4903
6.8817,473,1.5258
6.8860,480,1.5484
6.8903,482,1.5548
6.8946,482,1.5548
6.8989,483,1.5581
6.9032,483,1.5581
6.9075,481,1.5516
6.9119,483,1.5581
6.9163,484,1.5613
6.9206,486,1.5677
6.9249,486,1.5677
6.9293,486,1.5677
6.9338,487,1.5710
6.9382,487,1.5710
6.9425,487,1.5710
6.9468,489,1.5774
6.9511,492,1.5871
6.9555,497,1.6032
6.9598,503,1.6226
6.9641,510,1.6452
6.9685,519,1.6742
6.9728,527,1.7000
6.9771,533,1.7194
6.9815,539,1.7387
6.9858,546,1.7613
6.9901,550,1.7742
6.9944,557,1.7968
6.9988,561,1.8097
7.0031,567,1.8290
7.0074,569,1.8355
7.0117,572,1.8452
7.0160,573,1.8484
7.0203,573,1.8484
7.0246,572,1.8452
7.0289,572,1.8452
7.0334,573,1.8484
7.0377,571,1.8419
7.0420,568,1.8323
7.0463,565,1.8226
7.0506,559,1.8032
7.0549,554,1.7871
7.0592,549,1.7710
7.0635,542,1.7484
7.0678,536,1.7290
7.0721,533,1.7194
7.0764,529,1.7065
7.0807,523,1.6871
7.0849,515,1.6613
7.0892,508,1.6387
7.0935,500,1.6129
7.0978,496,1.6000
7.1022,489,1.5774
7.1066,483,1.5581
7.1109,478,1.5419
7.1152,475,1.5323
7.1196,475,1.5323
7.1239,477,1.5387
7.1282,478,1.5419
7.1325,478,1.5419
7.1369,479,1.5452
7.1412,480,1.5484
7.1456,480,1.5484
7.1499,481,1.5516
7.1542,481,1.5516
7.1586,481,1.5516
7.1629,482,1.5548
7.1672,483,1.5581
7.1716,484,1.5613
7.1759,487,1.5710
7.1802,494,1.5935
7.1845,501,1.6161
7.1889,509,1.6419
7.1932,517,1.6677
7.1975,523,1.6871
7.2018,528,1.7032
7.2062,532,1.7161
7.2104,534,1.7226
7.2147,534,1.7226
7.2190,533,1.7194
7.2233,530,1.7097
7.2276,526,1.6968
7.2319,518,1.6710
7.2362,511,1.6484
7.2405,505,1.6290
7.2448,499,1.6097
7.2491,493,1.5903
7.2534,489,1.5774
7.2577,488,1.5742
7.2621,487,1.5710
7.2663,487,1.5710
7.2706,488,1.5742
7.2749,489,1.5774
7.2792,490,1.5806
7.2835,490,1.5806
7.2878,491,1.5839
7.2921,491,1.5839
7.2965,490,1.5806
7.3013,492,1.5871
7.3056,488,1.5742
7.3100,479,1.5452
7.3144,462,1.4903
7.3187,451,1.4548
7.3230,463,1.4935
7.3272,507,1.6355
7.3315,577,1.8613
7.3357,666,2.1484
7.3400,756,2.4387
7.3443,809,2.6097
7.3485,798,2.5742
7.3528,734,2.3677
7.3571,644,2.0774
7.3616,546,1.7613
7.3659,482,1.5548
7.3702,449,1.4484
7.3744,440,1.4194
7.3787,447,1.4419
7.3830,460,1.4839
7.3872,471,1.5194
7.3915,476,1.5355
7.3957,478,1.5419
7.4000,479,1.5452
7.4042,478,1.5419
7.4085,480,1.5484
7.4128,480,1.5484
7.4171,480,1.5484
7.4213,481,1.5516
7.4256,482,1.5548
7.4298,482,1.5548
7.4341,483,1.5581
7.4383,484,1.5613
7.4426,484,1.5613
7.4469,485,1.5645
7.4511,485,1.5645
7.4554,488,1.5742
7.4602,493,1.5903
7.4645,500,1.6129
7.4688,507,1.6355
7.4730,515,1.6613
7.4773,522,1.6839
7.4815,528,1.7032
7.4858,536,1.7290
7.4900,541,1.7452
7.4943,549,1.7710
7.4985,555,1.7903
7.5028,560,1.8065
7.5071,562,1.8129
7.5114,565,1.8226
7.5157,569,1.8355
7.5199,571,1.8419
7.5242,572,1.8452
7.5285,571,1.8419
7.5328,571,1.8419
7.5370,571,1.8419
7.5413,569,1.8355
7.5456,568,1.8323
7.5499,565,1.8226
7.5542,560,1.8065
7.5584,554,1.7871
7.5627,548,1.7677
7.5670,542,1.7484
7.5713,536,1.7290
7.5756,530,1.7097
7.5799,524,1.6903
7.5842,517,1.6677
7.5885,511,1.6484
7.5928,504,1.6258
7.5971,495,1.5968
7.6016,488,1.5742
7.6060,482,1.5548
7.6104,477,1.5387
7.6147,476,1.5355
7.6189,476,1.5355
7.6232,477,1.5387
7.6275,477,1.5387
7.6317,478,1.5419
7.6360,479,1.5452
7.6402,481,1.5516
7.6445,481,1.5516
7.6488,481,1.5516
7.6531,482,1.5548
7.6573,482,1.5548
7.6616,483,1.5581
7.6659,483,1.5581
7.6702,484,1.5613
7.6745,487,1.5710
7.6787,491,1.5839
7.6836,499,1.6097
7.6879,507,1.6355
7.6921,515,1.6613
7.6964,521,1.6806
7.7006,527,1.7000
7.7049,532,1.7161
7.7092,536,1.7290
7.7134,536,1.7290
7.7177,535,1.7258
7.7220,534,1.7226
7.7263,528,1.7032
7.7306,523,1.6871
7.7348,517,1.6677
7.7391,510,1.6452
7.7433,503,1.6226
7.7476,496,1.6000
7.7519,489,1.5774
7.7562,487,1.5710
7.7604,485,1.5645
7.7647,487,1.5710
7.7690,487,1.5710
7.7733,487,1.5710
7.7775,489,1.5774
7.7818,490,1.5806
7.7862,491,1.5839
7.7905,491,1.5839
7.7948,491,1.5839
7.7990,491,1.5839
7.8033,491,1.5839
7.8075,486,1.5677
7.8118,473,1.5258
7.8161,457,1.4742
7.8204,452,1.4581
7.8246,478,1.5419
7.8289,533,1.7194
7.8332,612,1.9742
7.8374,705,2.2742
7.8417,784,2.5290
7.8460,815,2.6290
7.8502,779,2.5129
7.8546,702,2.2645
7.8588,606,1.9548
7.8631,520,1.6774
7.8674,469,1.5129
7.8717,446,1.4387
7.8760,444,1.4323
7.8802,454,1.4645
7.8845,467,1.5065
7.8889,475,1.5323
7.8932,479,1.5452
7.8974,480,1.5484
7.9017,481,1.5516
7.9059,481,1.5516
7.9102,483,1.5581
7.9145,483,1.5581
7.9188,483,1.5581
7.9230,484,1.5613
7.9273,485,1.5645
7.9316,484,1.5613
7.9359,485,1.5645
7.9402,486,1.5677
7.9444,487,1.5710
7.9487,489,1.5774
7.9529,489,1.5774
7.9572,492,1.5871
7.9615,498,1.6065
7.9657,505,1.6290
7.9700,512,1.6516
7.9743,519,1.6742
7.9786,524,1.6903
7.9828,531,1.7129
7.9871,538,1.7355
7.9913,545,1.7581
7.9956,551,1.7774
7.9999,556,1.7935
8.0041,558,1.8000
8.0084,563,1.8161
8.0132,567,1.8290
8.0175,571,1.8419
8.0218,572,1.8452
8.0260,574,1.8516
8.0302,573,1.8484
8.0345,572,1.8452
8.0388,571,1.8419
8.0431,568,1.8323
8.0473,565,1.8226
8.0516,561,1.8097
8.0558,558,1.8000
8.0601,552,1.7806
8.0644,546,1.7613
8.0687,540,1.7419
8.0729,533,1.7194
8.0772,527,1.7000
8.0815,519,1.6742
8.0857,512,1.6516
8.0900,506,1.6323
8.0942,499,1.6097
8.0985,493,1.5903
8.1028,487,1.5710
8.1070,481,1.5516
8.1113,475,1.5323
8.1155,471,1.5194
8.1199,472,1.5226
8.1241,474,1.5290
8.1284,474,1.5290
8.1326,474,1.5290
8.1369,476,1.5355
8.1412,478,1.5419
8.1454,479,1.5452
8.1497,480,1.5484
8.1545,481,1.5516
8.1587,482,1.5548
8.1630,483,1.5581
8.1673,482,1.5548
8.1715,483,1.5581
8.1758,486,1.5677
8.1801,493,1.5903
8.1843,500,1.6129
8.1886,507,1.6355
8.1928,514,1.6581
8.1971,521,1.6806
8.2015,526,1.6968
8.2059,532,1.7161
8.2107,534,1.7226
8.2150,535,1.7258
8.2198,533,1.7194
8.2241,529,1.7065
8.2283,524,1.6903
8.2326,517,1.6677
8.2368,512,1.6516
8.2412,504,1.6258
8.2454,499,1.6097
8.2497,492,1.5871
8.2539,488,1.5742
8.2582,488,1.5742
8.2625,488,1.5742
8.2667,489,1.5774
8.2710,490,1.5806
8.2752,489,1.5774
8.2795,490,1.5806
8.2838,490,1.5806
8.2880,490,1.5806
8.2924,491,1.5839
8.2966,492,1.5871
8.3008,493,1.5903
8.3052,492,1.5871
8.3094,483,1.5581
8.3137,467,1.5065
8.3180,453,1.4613
8.3223,462,1.4903
8.3265,500,1.6129
8.3308,567,1.8290
8.3350,651,2.1000
8.3393,740,2.3871
8.3436,806,2.6000
8.3479,806,2.6000
8.3521,750,2.4194
8.3564,663,2.1387
8.3607,565,1.8226
8.3649,495,1.5968
8.3692,456,1.4710
8.3735,442,1.4258
8.3777,446,1.4387
8.3820,458,1.4774
8.3863,471,1.5194
8.3906,476,1.5355
8.3948,479,1.5452
8.3991,480,1.5484
8.4034,480,1.5484
8.4077,481,1.5516
8.4120,481,1.5516
8.4162,482,1.5548
8.4205,483,1.5581
8.4247,484,1.5613
8.4290,484,1.5613
8.4332,484,1.5613
8.4375,485,1.5645
8.4418,486,1.5677
8.4461,486,1.5677
8.4503,487,1.5710
8.4545,488,1.5742
8.4588,492,1.5871
8.4630,499,1.6097
8.4673,506,1.6323
8.4716,514,1.6581
8.4758,520,1.6774
8.4801,527,1.7000
8.4843,536,1.7290
8.4886,540,1.7419
8.4928,547,1.7645
8.4971,552,1.7806
8.5016,558,1.8000
8.5060,562,1.8129
8.5104,567,1.8290
8.5147,570,1.8387
8.5189,571,1.8419
8.5232,574,1.8516
8.5275,574,1.8516
8.5317,573,1.8484
8.5360,572,1.8452
8.5403,571,1.8419
8.5445,567,1.8290
8.5488,565,1.8226
8.5530,560,1.8065
8.5573,556,1.7935
8.5615,550,1.7742
8.5658,545,1.7581
8.5701,539,1.7387
8.5743,534,1.7226
8.5786,532,1.7161
8.5828,526,1.6968
8.5871,521,1.6806
8.5914,513,1.6548
8.5956,506,1.6323
8.5999,500,1.6129
8.6041,495,1.5968
8.6084,488,1.5742
8.6128,482,1.5548
8.6170,478,1.5419
8.6213,475,1.5323
8.6256,475,1.5323
8.6299,475,1.5323
8.6342,476,1.5355
8.6385,477,1.5387
8.6428,479,1.5452
8.6470,480,1.5484
8.6514,480,1.5484
8.6556,482,1.5548
8.6599,482,1.5548
8.6642,483,1.5581
8.6685,483,1.5581
8.6728,485,1.5645
8.6771,485,1.5645
8.6813,489,1.5774
8.6856,495,1.5968
8.6899,502,1.6194
8.6942,510,1.6452
8.6985,517,1.6677
8.7028,524,1.6903
8.7071,528,1.7032
8.7114,532,1.7161
8.7157,534,1.7226
8.7200,534,1.7226
8.7242,534,1.7226
8.7285,531,1.7129
8.7328,527,1.7000
8.7371,520,1.6774
8.7413,513,1.6548
8.7455,506,1.6323
8.7498,499,1.6097
8.7541,493,1.5903
8.7584,489,1.5774
8.7626,487,1.5710
8.7669,487,1.5710
8.7712,488,1.5742
8.7755,488,1.5742
8.7797,489,1.5774
8.7839,490,1.5806
8.7882,492,1.5871
8.7925,491,1.5839
8.7967,492,1.5871
8.8010,493,1.5903
8.8052,494,1.5935
8.8095,492,1.5871
8.8137,485,1.5645
8.8180,470,1.5161
8.8223,456,1.4710
8.8266,458,1.4774
8.8309,492,1.5871
8.8352,556,1.7935
8.8395,639,2.0613
8.8437,728,2.3484
8.8480,797,2.5710
8.8523,808,2.6065
8.8566,756,2.4387
8.8609,672,2.1677
8.8652,576,1.8581
8.8695,500,1.6129
8.8739,457,1.4742
8.8782,442,1.4258
8.8825,444,1.4323
8.8869,458,1.4774
8.8912,470,1.5161
8.8955,476,1.5355
8.8999,478,1.5419
8.9042,479,1.5452
8.9085,479,1.5452
8.9128,481,1.5516
8.9172,481,1.5516
8.9215,481,1.5516
8.9258,482,1.5548
8.9301,482,1.5548
8.9344,483,1.5581
8.9387,484,1.5613
8.9430,486,1.5677
8.9473,487,1.5710
8.9516,487,1.5710
8.9559,488,1.5742
8.9602,491,1.5839
8.9645,494,1.5935
8.9688,500,1.6129
8.9731,507,1.6355
8.9774,515,1.6613
8.9817,523,1.6871
8.9860,530,1.7097
8.9903,536,1.7290
8.9945,542,1.7484
8.9988,549,1.7710
9.0031,555,1.7903
9.0074,560,1.8065
9.0117,564,1.8194
9.0161,566,1.8258
9.0204,569,1.8355
9.0247,572,1.8452
9.0290,575,1.8548
9.0333,575,1.8548
9.0376,575,1.8548
9.0419,573,1.8484
9.0462,571,1.8419
9.0505,569,1.8355
9.0548,565,1.8226
9.0591,560,1.8065
9.0634,556,1.7935
9.0677,550,1.7742
9.0720,544,1.7548
9.0763,538,1.7355
9.0806,531,1.7129
9.0849,524,1.6903
9.0892,516,1.6645
9.0935,510,1.6452
9.0979,503,1.6226
9.1027,494,1.5935
9.1071,487,1.5710
9.1115,481,1.5516
9.1158,476,1.5355
9.1201,474,1.5290
9.1244,473,1.5258
9.1287,475,1.5323
9.1330,476,1.5355
9.1373,478,1.5419
9.1416,478,1.5419
9.1459,480,1.5484
9.1502,481,1.5516
9.1545,482,1.5548
9.1588,482,1.5548
9.1631,483,1.5581
9.1674,485,1.5645
9.1717,484,1.5613
9.1760,486,1.5677
9.1803,489,1.5774
9.1846,493,1.5903
9.1889,499,1.6097
9.1932,508,1.6387
9.1975,516,1.6645
9.2018,523,1.6871
9.2061,527,1.7000
9.2104,532,1.7161
9.2147,533,1.7194
9.2190,534,1.7226
9.2233,535,1.7258
9.2277,531,1.7129
9.2320,527,1.7000
9.2363,520,1.6774
9.2406,514,1.6581
9.2449,507,1.6355
9.2491,499,1.6097
9.2534,491,1.5839
9.2577,487,1.5710
9.2620,486,1.5677
9.2663,487,1.5710
9.2706,486,1.5677
9.2749,486,1.5677
9.2792,487,1.5710
9.2835,489,1.5774
9.2878,489,1.5774
9.2921,490,1.5806
9.2963,491,1.5839
9.3006,490,1.5806
9.3049,492,1.5871
9.3092,491,1.5839
9.3139,483,1.5581
9.3182,468,1.5097
9.3225,455,1.4677
9.3269,460,1.4839
9.3311,496,1.6000
9.3355,560,1.8065
9.3397,644,2.0774
9.3440,736,2.3742
9.3483,802,2.5871
9.3526,810,2.6129
9.3569,756,2.4387
9.3611,670,2.1613
9.3655,573,1.8484
9.3697,497,1.6032
9.3740,456,1.4710
9.3783,442,1.4258
9.3825,445,1.4355
9.3869,458,1.4774
9.3911,471,1.5194
9.3954,476,1.5355
9.3999,480,1.5484
9.4066,479,1.5452
9.4111,480,1.5484
9.4157,482,1.5548
9.4201,482,1.5548
9.4244,483,1.5581
9.4287,483,1.5581
9.4330,483,1.5581
9.4373,484,1.5613
9.4416,485,1.5645
9.4458,485,1.5645
9.4501,485,1.5645
9.4544,486,1.5677
9.4586,488,1.5742
9.4629,491,1.5839
9.4672,498,1.6065
9.4714,505,1.6290
9.4757,511,1.6484
9.4800,520,1.6774
9.4842,526,1.6968
9.4885,534,1.7226
9.4928,539,1.7387
9.4970,545,1.7581
9.5013,551,1.7774
9.5056,556,1.7935
9.5098,562,1.8129
9.5141,565,1.8226
9.5183,568,1.8323
9.5226,570,1.8387
9.5269,572,1.8452
9.5312,574,1.8516
9.5356,572,1.8452
9.5398,571,1.8419
9.5441,571,1.8419
9.5484,568,1.8323
9.5527,566,1.8258
9.5570,563,1.8161
9.5612,557,1.7968
9.5655,553,1.7839
9.5698,547,1.7645
9.5741,542,1.7484
9.5784,536,1.7290
9.5827,534,1.7226
9.5870,535,1.7258
9.5913,534,1.7226
9.5956,530,1.7097
9.5998,523,1.6871
9.6041,517,1.6677
9.6084,508,1.6387
9.6127,502,1.6194
9.6170,495,1.5968
9.6212,490,1.5806
9.6255,484,1.5613
9.6298,478,1.5419
9.6342,474,1.5290
9.6385,474,1.5290
9.6427,475,1.5323
9.6470,475,1.5323
9.6513,476,1.5355
9.6556,477,1.5387
9.6598,477,1.5387
9.6641,478,1.5419
9.6684,479,1.5452
9.6727,480,1.5484
9.6770,480,1.5484
9.6812,481,1.5516
9.6855,482,1.5548
9.6898,482,1.5548
9.6941,483,1.5581
9.6984,483,1.5581
9.7027,488,1.5742
9.7070,495,1.5968
9.7113,503,1.6226
9.7156,510,1.6452
9.7199,518,1.6710
9.7242,524,1.6903
9.7285,529,1.7065
9.7328,532,1.7161
9.7371,535,1.7258
9.7414,536,1.7290
9.7457,532,1.7161
9.7500,528,1.7032
9.7542,523,1.6871
9.7586,516,1.6645
9.7628,511,1.6484
9.7671,503,1.6226
9.7714,496,1.6000
9.7757,490,1.5806
9.7800,487,1.5710
9.7843,487,1.5710
9.7886,486,1.5677
9.7929,488,1.5742
9.7972,489,1.5774
9.8015,490,1.5806
9.8058,491,1.5839
9.8101,491,1.5839
9.8144,492,1.5871
9.8187,492,1.5871
9.8230,493,1.5903
9.8273,493,1.5903
9.8316,488,1.5742
9.8359,477,1.5387
9.8403,460,1.4839
9.8446,452,1.4581
9.8489,471,1.5194
9.8532,521,1.6806
9.8575,598,1.9290
9.8618,689,2.2226
9.8661,773,2.4935
9.8704,812,2.6194
9.8747,786,2.5355
9.8791,713,2.3000
9.8834,620,2.0000
9.8877,529,1.7065
9.8920,474,1.5290
9.8962,447,1.4419
9.9006,442,1.4258
9.9049,452,1.4581
9.9092,466,1.5032
9.9135,476,1.5355
9.9177,480,1.5484
9.9221,481,1.5516
9.9264,483,1.5581
9.9307,483,1.5581
9.9350,484,1.5613
9.9393,483,1.5581
9.9436,484,1.5613
9.9479,484,1.5613
9.9522,485,1.5645
9.9565,486,1.5677
9.9609,487,1.5710
9.9651,487,1.5710
9.9694,489,1.5774
9.9737,489,1.5774
9.9780,489,1.5774
9.9823,492,1.5871
9.9866,499,1.6097
9.9909,505,1.6290
9.9952,511,1.6484
9.9995,518,1.6710
10.0039,524,1.6903
10.0084,533,1.7194
10.0155,544,1.7548
10.0201,549,1.7710
10.0248,553,1.7839
10.0293,561,1.8097
10.0336,564,1.8194
10.0379,567,1.8290
10.0423,570,1.8387
10.0467,573,1.8484
10.0509,573,1.8484
10.0552,573,1.8484
10.0594,573,1.8484
10.0637,572,1.8452
10.0680,569,1.8355
10.0723,566,1.8258
10.0766,561,1.8097
10.0808,556,1.7935
10.0851,551,1.7774
10.0894,546,1.7613
10.0937,540,1.7419
10.0980,535,1.7258
10.1023,528,1.7032
10.1066,522,1.6839
10.1108,514,1.6581
10.1151,508,1.6387
10.1194,501,1.6161
10.1236,495,1.5968
10.1279,487,1.5710
10.1323,481,1.5516
10.1366,477,1.5387
10.1409,474,1.5290
10.1452,474,1.5290
10.1495,474,1.5290
10.1538,474,1.5290
10.1581,475,1.5323
10.1624,477,1.5387
10.1667,479,1.5452
10.1710,480,1.5484
10.1753,480,1.5484
10.1796,482,1.5548
10.1843,483,1.5581
10.1887,483,1.5581
10.1930,484,1.5613
10.1973,485,1.5645
10.2015,488,1.5742
10.2058,494,1.5935
10.2102,503,1.6226
10.2145,510,1.6452
10.2188,518,1.6710
10.2231,524,1.6903
10.2277,528,1.7032
10.2321,533,1.7194
10.2364,535,1.7258
10.2407,536,1.7290
10.2450,534,1.7226
10.2493,530,1.7097
10.2536,525,1.6935
10.2579,518,1.6710
10.2622,511,1.6484
10.2665,505,1.6290
10.2708,496,1.6000
10.2751,491,1.5839
10.2794,488,1.5742
10.2837,487,1.5710
10.2880,487,1.5710
10.2924,488,1.5742
10.2980,487,1.5710
10.3024,490,1.5806
10.3068,491,1.5839
10.3111,491,1.5839
10.3155,492,1.5871
10.3197,493,1.5903
10.3240,493,1.5903
10.3283,493,1.5903
10.3325,488,1.5742
10.3368,474,1.5290
10.3410,459,1.4806
10.3453,454,1.4645
10.3495,477,1.5387
10.3538,531,1.7129
10.3580,609,1.9645
10.3623,698,2.2516
10.3665,780,2.5161
10.3708,815,2.6290
10.3750,787,2.5387
10.3793,712,2.2968
10.3835,617,1.9903
10.3878,530,1.7097
10.3921,473,1.5258
10.3963,448,1.4452
10.4006,444,1.4323
10.4048,453,1.4613
10.4091,467,1.5065
10.4133,476,1.5355
10.4176,479,1.5452
10.4218,481,1.5516
10.4261,480,1.5484
10.4303,481,1.5516
10.4346,481,1.5516
10.4389,482,1.5548
10.4432,481,1.5516
10.4475,482,1.5548
10.4517,483,1.5581
10.4560,484,1.5613
10.4603,485,1.5645
10.4645,486,1.5677
10.4689,487,1.5710
10.4731,487,1.5710
10.4774,487,1.5710
10.4817,491,1.5839
10.4860,497,1.6032
10.4903,504,1.6258
10.4946,510,1.6452
10.4989,517,1.6677
10.5031,524,1.6903
10.5074,531,1.7129
10.5117,536,1.7290
10.5160,544,1.7548
10.5203,551,1.7774
10.5246,556,1.7935
10.5288,560,1.8065
10.5331,564,1.8194
10.5374,568,1.8323
10.5418,572,1.8452
10.5460,575,1.8548
10.5503,575,1.8548
10.5546,574,1.8516
10.5589,575,1.8548
10.5632,573,1.8484
10.5674,569,1.8355
10.5718,567,1.8290
10.5761,563,1.8161
10.5804,559,1.8032
10.5847,553,1.7839
10.5890,548,1.7677
10.5933,542,1.7484
10.5976,536,1.7290
10.6020,530,1.7097
10.6062,523,1.6871
10.6105,517,1.6677
10.6148,509,1.6419
10.6191,502,1.6194
10.6234,495,1.5968
10.6276,489,1.5774
10.6320,483,1.5581
10.6363,477,1.5387
10.6406,476,1.5355
10.6448,476,1.5355
10.6491,477,1.5387
10.6534,478,1.5419
10.6577,477,1.5387
10.6620,478,1.5419
10.6663,479,1.5452
10.6705,479,1.5452
10.6748,479,1.5452
10.6791,481,1.5516
10.6834,482,1.5548
10.6876,481,1.5516
10.6919,483,1.5581
10.6962,484,1.5613
10.7005,486,1.5677
10.7048,491,1.5839
10.7090,499,1.6097
10.7133,506,1.6323
10.7176,513,1.6548
10.7218,520,1.6774
10.7261,526,1.6968
10.7304,530,1.7097
10.7348,533,1.7194
10.7394,535,1.7258
10.7438,534,1.7226
10.7484,530,1.7097
10.7529,524,1.6903
10.7573,518,1.6710
10.7618,512,1.6516
10.7667,505,1.6290
10.7712,498,1.6065
10.7757,490,1.5806
10.7802,487,1.5710
10.7847,487,1.5710
10.7892,488,1.5742
10.7937,489,1.5774
10.7982,489,1.5774
10.8026,490,1.5806
10.8069,491,1.5839
10.8112,491,1.5839
10.8155,492,1.5871
10.8197,492,1.5871
10.8240,493,1.5903
10.8284,492,1.5871
10.8328,487,1.5710
10.8372,473,1.5258
10.8415,457,1.4742
10.8457,454,1.4645
10.8500,480,1.5484
10.8542,536,1.7290
10.8585,615,1.9839
10.8627,705,2.2742
10.8669,782,2.5226
10.8712,813,2.6226
10.8755,778,2.5097
10.8797,700,2.2581
10.8847,590,1.9032
10.8890,509,1.6419
10.8932,462,1.4903
10.8975,443,1.4290
10.9020,441,1.4226
10.9063,446,1.4387
10.9107,458,1.4774
10.9150,470,1.5161
10.9192,478,1.5419
10.9234,481,1.5516
10.9277,480,1.5484
10.9320,480,1.5484
10.9363,482,1.5548
10.9406,481,1.5516
10.9449,483,1.5581
10.9493,483,1.5581
10.9536,483,1.5581
10.9579,484,1.5613
10.9622,485,1.5645
10.9665,485,1.5645
10.9708,485,1.5645
10.9751,486,1.5677
10.9794,488,1.5742
10.9837,489,1.5774
10.9880,493,1.5903
10.9924,499,1.6097
10.9967,506,1.6323
11.0010,511,1.6484
11.0053,519,1.6742
11.0096,528,1.7032
11.0139,536,1.7290
11.0182,542,1.7484
11.0225,546,1.7613
11.0268,551,1.7774
11.0311,557,1.7968
11.0355,561,1.8097
11.0404,566,1.8258
11.0447,568,1.8323
11.0495,573,1.8484
11.0539,574,1.8516
11.0582,574,1.8516
11.0625,573,1.8484
11.0667,570,1.8387
11.0710,569,1.8355
11.0754,567,1.8290
11.0797,565,1.8226
11.0840,560,1.8065
11.0883,557,1.7968
11.0926,552,1.7806
11.0969,546,1.7613
11.1012,538,1.7355
11.1055,532,1.7161
11.1098,526,1.6968
11.1141,517,1.6677
11.1184,510,1.6452
11.1232,503,1.6226
11.1275,497,1.6032
11.1319,491,1.5839
11.1362,485,1.5645
11.1405,480,1.5484
11.1449,477,1.5387
11.1492,476,1.5355
11.1535,477,1.5387
11.1578,477,1.5387
11.1621,478,1.5419
11.1664,479,1.5452
11.1707,479,1.5452
11.1750,480,1.5484
11.1793,481,1.5516
11.1836,483,1.5581
11.1879,483,1.5581
11.1927,483,1.5581
11.1971,484,1.5613
11.2015,485,1.5645
11.2062,485,1.5645
11.2106,497,1.6032
11.2149,503,1.6226
11.2193,511,1.6484
11.2236,517,1.6677
11.2279,524,1.6903
11.2321,528,1.7032
11.2365,533,1.7194
11.2408,536,1.7290
11.2452,537,1.7323
11.2495,533,1.7194
11.2545,528,1.7032
11.2589,524,1.6903
11.2632,519,1.6742
11.2675,511,1.6484
11.2718,504,1.6258
11.2761,497,1.6032
11.2804,491,1.5839
11.2847,487,1.5710
11.2890,486,1.5677
11.2933,486,1.5677
11.2976,487,1.5710
11.3020,489,1.5774
11.3063,489,1.5774
11.3106,490,1.5806
11.3149,491,1.5839
11.3192,491,1.5839
11.3235,492,1.5871
11.3278,493,1.5903
11.3321,493,1.5903
11.3364,491,1.5839
11.3408,479,1.5452
11.3451,462,1.4903
11.3494,453,1.4613
11.3537,470,1.5161
11.3580,519,1.6742
11.3623,594,1.9161
11.3666,683,2.2032
11.3709,769,2.4806
11.3752,814,2.6258
11.3795,791,2.5516
11.3838,721,2.3258
11.3882,624,2.0129
11.3925,536,1.7290
11.3968,476,1.5355
11.4011,448,1.4452
11.4053,443,1.4290
11.4096,451,1.4548
11.4139,464,1.4968
11.4181,474,1.5290
11.4224,478,1.5419
11.4266,479,1.5452
11.4309,479,1.5452
11.4352,480,1.5484
11.4394,481,1.5516
11.4438,482,1.5548
11.4481,483,1.5581
11.4524,484,1.5613
11.4567,484,1.5613
11.4610,485,1.5645
11.4652,486,1.5677
11.4695,486,1.5677
11.4738,485,1.5645
11.4781,487,1.5710
11.4824,488,1.5742
11.4867,492,1.5871
11.4910,496,1.6000
11.4952,502,1.6194
11.4996,509,1.6419
11.5039,517,1.6677
11.5083,522,1.6839
11.5126,532,1.7161
11.5169,537,1.7323
11.5212,544,1.7548
11.5256,551,1.7774
11.5299,555,1.7903
11.5343,561,1.8097
11.5386,566,1.8258
11.5429,569,1.8355
11.5473,572,1.8452
11.5516,576,1.8581
11.5559,575,1.8548
11.5602,576,1.8581
11.5650,574,1.8516
11.5693,572,1.8452
11.5736,570,1.8387
11.5779,568,1.8323
11.5822,562,1.8129
11.5865,556,1.7935
11.5908,553,1.7839
11.5952,547,1.7645
11.5994,539,1.7387
11.6037,534,1.7226
11.6081,532,1.7161
11.6124,528,1.7032
11.6167,522,1.6839
11.6210,515,1.6613
11.6253,509,1.6419
11.6296,501,1.6161
11.6339,495,1.5968
11.6382,488,1.5742
11.6425,483,1.5581
11.6469,478,1.5419
11.6512,475,1.5323
11.6555,476,1.5355
11.6598,476,1.5355
11.6641,478,1.5419
11.6684,480,1.5484
11.6727,480,1.5484
11.6770,481,1.5516
11.6813,481,1.5516
11.6856,481,1.5516
11.6899,482,1.5548
11.6942,482,1.5548
11.6985,483,1.5581
11.7028,482,1.5548
11.7071,484,1.5613
11.7115,487,1.5710
11.7157,495,1.5968
11.7200,504,1.6258
11.7243,512,1.6516
11.7287,518,1.6710
11.7332,525,1.6935
11.7375,529,1.7065
11.7418,533,1.7194
11.7462,536,1.7290
11.7505,536,1.7290
11.7548,533,1.7194
11.7591,530,1.7097
11.7634,526,1.6968
11.7677,520,1.6774
11.7721,513,1.6548
11.7763,506,1.6323
11.7806,499,1.6097
11.7853,492,1.5871
11.7896,487,1.5710
11.7938,486,1.5677
11.7982,486,1.5677
11.8026,488,1.5742
11.8069,490,1.5806
11.8113,490,1.5806
11.8156,491,1.5839
11.8198,492,1.5871
11.8240,492,1.5871
11.8283,493,1.5903
11.8326,493,1.5903
11.8369,492,1.5871
11.8411,490,1.5806
11.8454,481,1.5516
11.8497,465,1.5000
11.8540,454,1.4645
11.8583,467,1.5065
11.8625,511,1.6484
11.8668,583,1.8806
11.8711,672,2.1677
11.8755,760,2.4516
11.8797,808,2.6065
11.8839,798,2.5742
11.8883,731,2.3581
11.8926,640,2.0645
11.8968,546,1.7613
11.9011,483,1.5581
11.9054,450,1.4516
11.9096,440,1.4194
11.9139,446,1.4387
11.9181,460,1.4839
11.9224,471,1.5194
11.9266,477,1.5387
11.9309,479,1.5452
11.9352,478,1.5419
11.9394,480,1.5484
11.9437,482,1.5548
11.9480,481,1.5516
11.9523,481,1.5516
11.9566,481,1.5516
11.9609,482,1.5548
11.9651,483,1.5581
11.9694,483,1.5581
11.9737,483,1.5581
11.9780,484,1.5613
11.9823,485,1.5645
11.9865,486,1.5677
11.9908,488,1.5742
11.9951,493,1.5903
11.9994,500,1.6129
12.0037,507,1.6355
12.0080,513,1.6548
12.0122,520,1.6774
12.0165,528,1.7032
12.0208,534,1.7226
12.0251,541,1.7452
12.0295,548,1.7677
12.0337,554,1.7871
12.0380,558,1.8000
12.0424,561,1.8097
12.0467,566,1.8258
12.0510,568,1.8323
12.0553,571,1.8419
12.0595,572,1.8452
12.0638,572,1.8452
12.0680,573,1.8484
12.0723,571,1.8419
12.0766,569,1.8355
12.0808,567,1.8290
12.0851,564,1.8194
12.0893,559,1.8032
12.0936,554,1.7871
12.0979,548,1.7677
12.1022,542,1.7484
12.1066,530,1.7097
12.1110,529,1.7065
12.1152,522,1.6839
12.1195,516,1.6645
12.1238,510,1.6452
12.1281,504,1.6258
12.1323,497,1.6032
12.1366,491,1.5839
12.1408,484,1.5613
12.1451,478,1.5419
12.1493,475,1.5323
12.1536,475,1.5323
12.1579,475,1.5323
12.1622,477,1.5387
12.1664,476,1.5355
12.1707,477,1.5387
12.1749,477,1.5387
12.1792,477,1.5387
12.1834,478,1.5419
12.1877,480,1.5484
12.1919,480,1.5484
12.1962,479,1.5452
12.2011,482,1.5548
12.2054,483,1.5581
12.2097,485,1.5645
12.2139,489,1.5774
12.2181,497,1.6032
12.2224,506,1.6323
12.2267,512,1.6516
12.2309,519,1.6742
12.2352,524,1.6903
12.2394,529,1.7065
12.2438,533,1.7194
12.2480,534,1.7226
12.2523,534,1.7226
12.2566,532,1.7161
12.2608,529,1.7065
12.2651,524,1.6903
12.2694,517,1.6677
12.2736,509,1.6419
12.2779,503,1.6226
12.2822,496,1.6000
12.2865,489,1.5774
12.2907,486,1.5677
12.2950,486,1.5677
12.2993,488,1.5742
12.3035,488,1.5742
12.3078,488,1.5742
12.3121,489,1.5774
12.3163,489,1.5774
12.3206,490,1.5806
12.3249,491,1.5839
12.3292,491,1.5839
12.3336,491,1.5839
12.3378,491,1.5839
12.3421,488,1.5742
12.3463,477,1.5387
12.3506,461,1.4871
12.3549,453,1.4613
12.3592,472,1.5226
12.3635,524,1.6903
12.3677,601,1.9387
12.3721,691,2.2290
12.3764,775,2.5000
12.3807,814,2.6258
12.3850,787,2.5387
12.3893,712,2.2968
12.3935,618,1.9935
12.3978,529,1.7065
12.4021,473,1.5258
12.4064,447,1.4419
12.4107,443,1.4290
12.4150,452,1.4581
12.4193,465,1.5000
12.4236,474,1.5290
12.4279,478,1.5419
12.4322,480,1.5484
12.4365,479,1.5452
12.4408,479,1.5452
12.4451,480,1.5484
12.4494,480,1.5484
12.4537,482,1.5548
12.4580,482,1.5548
12.4623,483,1.5581
12.4666,482,1.5548
12.4709,484,1.5613
12.4752,485,1.5645
12.4795,486,1.5677
12.4838,487,1.5710
12.4881,487,1.5710
12.4923,491,1.5839
12.4966,496,1.6000
12.5009,503,1.6226
12.5052,511,1.6484
12.5095,518,1.6710
12.5137,525,1.6935
12.5180,531,1.7129
12.5224,538,1.7355
12.5266,545,1.7581
12.5309,551,1.7774
12.5352,556,1.7935
12.5395,561,1.8097
12.5438,566,1.8258
12.5481,567,1.8290
12.5524,570,1.8387
12.5567,571,1.8419
12.5610,572,1.8452
12.5653,572,1.8452
12.5696,573,1.8484
12.5739,570,1.8387
12.5782,568,1.8323
12.5824,565,1.8226
12.5867,561,1.8097
12.5910,555,1.7903
12.5953,552,1.7806
12.5996,547,1.7645
12.6039,541,1.7452
12.6082,534,1.7226
12.6124,528,1.7032
12.6168,522,1.6839
12.6210,514,1.6581
12.6253,507,1.6355
12.6296,501,1.6161
12.6339,494,1.5935
12.6382,488,1.5742
12.6425,483,1.5581
12.6469,476,1.5355
12.6512,473,1.5258
12.6555,473,1.5258
12.6598,476,1.5355
12.6640,476,1.5355
12.6684,478,1.5419
12.6726,479,1.5452
12.6769,480,1.5484
12.6812,481,1.5516
12.6855,481,1.5516
12.6898,482,1.5548
12.6940,482,1.5548
12.6984,483,1.5581
12.7054,484,1.5613
12.7098,486,1.5677
12.7142,490,1.5806
12.7186,498,1.6065
12.7229,506,1.6323
12.7272,513,1.6548
12.7316,520,1.6774
12.7360,526,1.6968
12.7403,530,1.7097
12.7446,533,1.7194
12.7490,535,1.7258
12.7533,535,1.7258
12.7576,530,1.7097
12.7620,526,1.6968
12.7662,519,1.6742
12.7705,515,1.6613
12.7748,507,1.6355
12.7791,499,1.6097
12.7834,493,1.5903
12.7879,487,1.5710
12.7923,485,1.5645
12.7966,485,1.5645
12.8009,486,1.5677
12.8052,487,1.5710
12.8095,488,1.5742
12.8138,489,1.5774
12.8181,489,1.5774
12.8224,490,1.5806
12.8267,491,1.5839
12.8310,491,1.5839
12.8354,491,1.5839
12.8397,493,1.5903
12.8440,493,1.5903
12.8483,487,1.5710
12.8527,472,1.5226
12.8570,457,1.4742
12.8613,456,1.4710
12.8656,487,1.5710
12.8698,547,1.7645
12.8741,629,2.0290
12.8785,721,2.3258
12.8827,795,2.5645
12.8870,814,2.6258
12.8917,763,2.4613
12.8960,676,2.1806
12.9004,578,1.8645
12.9047,503,1.6226
12.9090,459,1.4806
12.9132,443,1.4290
12.9176,446,1.4387
12.9218,459,1.4806
12.9261,471,1.5194
12.9304,479,1.5452
12.9347,481,1.5516
12.9390,480,1.5484
12.9433,480,1.5484
12.9476,480,1.5484
12.9519,481,1.5516
12.9563,482,1.5548
12.9606,484,1.5613
12.9649,485,1.5645
12.9692,485,1.5645
12.9735,486,1.5677
12.9778,488,1.5742
12.9821,489,1.5774
12.9864,489,1.5774
12.9906,489,1.5774
12.9949,490,1.5806
12.9993,494,1.5935
13.0038,501,1.6161
13.0082,511,1.6484
13.0126,518,1.6710
13.0169,525,1.6935
13.0212,531,1.7129
13.0255,538,1.7355
13.0299,545,1.7581
13.0342,550,1.7742
13.0384,556,1.7935
13.0428,561,1.8097
13.0471,565,1.8226
13.0513,568,1.8323
13.0557,572,1.8452
13.0600,574,1.8516
13.0643,575,1.8548
13.0685,575,1.8548
13.0728,575,1.8548
13.0771,572,1.8452
13.0814,571,1.8419
13.0856,570,1.8387
13.0899,567,1.8290
13.0942,562,1.8129
13.0985,555,1.7903
13.1028,550,1.7742
13.1071,545,1.7581
13.1114,538,1.7355
13.1156,531,1.7129
13.1199,525,1.6935
13.1241,517,1.6677
13.1284,511,1.6484
13.1326,504,1.6258
13.1369,497,1.6032
13.1417,491,1.5839
13.1460,485,1.5645
13.1503,478,1.5419
13.1546,475,1.5323
13.1589,474,1.5290
13.1632,475,1.5323
13.1674,477,1.5387
13.1717,477,1.5387
13.1760,478,1.5419
13.1802,480,1.5484
13.1845,480,1.5484
13.1888,481,1.5516
13.1931,481,1.5516
13.1974,482,1.5548
13.2016,482,1.5548
13.2059,483,1.5581
13.2102,483,1.5581
13.2145,486,1.5677
13.2187,491,1.5839
13.2231,497,1.6032
13.2274,504,1.6258
13.2317,512,1.6516
13.2360,521,1.6806
13.2402,526,1.6968
13.2446,531,1.7129
13.2488,534,1.7226
13.2531,535,1.7258
13.2574,534,1.7226
13.2617,530,1.7097
13.2660,526,1.6968
13.2703,523,1.6871
13.2746,515,1.6613
13.2789,509,1.6419
13.2832,502,1.6194
13.2875,496,1.6000
13.2918,490,1.5806
13.2961,486,1.5677
13.3004,486,1.5677
13.3047,486,1.5677
13.3090,487,1.5710
13.3133,488,1.5742
13.3176,490,1.5806
13.3219,490,1.5806
13.3262,492,1.5871
13.3305,492,1.5871
13.3348,493,1.5903
13.3391,494,1.5935
13.3434,493,1.5903
13.3477,487,1.5710
13.3521,474,1.5290
13.3564,458,1.4774
13.3607,455,1.4677
13.3650,480,1.5484
13.3693,536,1.7290
13.3736,614,1.9806
13.3779,705,2.2742
13.3822,786,2.5355
13.3865,813,2.6226
13.3908,776,2.5032
13.3951,695,2.2419
13.3994,601,1.9387
13.4037,516,1.6645
13.4080,464,1.4968
13.4123,443,1.4290
13.4166,442,1.4258
13.4209,453,1.4613
13.4252,466,1.5032
13.4295,475,1.5323
13.4338,477,1.5387
13.4381,479,1.5452
13.4423,481,1.5516
13.4466,481,1.5516
13.4510,483,1.5581
13.4553,483,1.5581
13.4596,485,1.5645
13.4639,484,1.5613
13.4682,486,1.5677
13.4725,486,1.5677
13.4767,487,1.5710
13.4810,486,1.5677
13.4853,486,1.5677
13.4896,487,1.5710
13.4939,487,1.5710
13.4982,492,1.5871
13.5025,497,1.6032
13.5068,504,1.6258
13.5111,512,1.6516
13.5154,520,1.6774
13.5197,527,1.7000
13.5240,534,1.7226
13.5283,541,1.7452
13.5326,546,1.7613
13.5369,553,1.7839
13.5412,558,1.8000
13.5455,562,1.8129
13.5498,567,1.8290
13.5541,570,1.8387
13.5584,572,1.8452
13.5627,573,1.8484
13.5670,573,1.8484
13.5713,573,1.8484
13.5756,572,1.8452
13.5799,571,1.8419
13.5842,569,1.8355
13.5885,565,1.8226
13.5928,560,1.8065
13.5971,556,1.7935
13.6014,550,1.7742
13.6059,545,1.7581
13.6104,538,1.7355
13.6148,532,1.7161
13.6191,525,1.6935
13.6234,518,1.6710
13.6279,511,1.6484
13.6322,503,1.6226
13.6365,498,1.6065
13.6407,491,1.5839
13.6450,485,1.5645
13.6492,480,1.5484
13.6535,476,1.5355
13.6577,473,1.5258
13.6621,474,1.5290
13.6663,476,1.5355
13.6706,476,1.5355
13.6748,477,1.5387
13.6791,479,1.5452
13.6833,479,1.5452
13.6876,479,1.5452
13.6919,480,1.5484
13.6962,481,1.5516
13.7004,481,1.5516
13.7047,482,1.5548
13.7089,483,1.5581
13.7132,485,1.5645
13.7175,488,1.5742
13.7217,494,1.5935
13.7260,502,1.6194
13.7303,509,1.6419
13.7345,518,1.6710
13.7388,525,1.6935
13.7430,529,1.7065
13.7473,534,1.7226
13.7516,536,1.7290
13.7558,534,1.7226
13.7601,533,1.7194
13.7644,530,1.7097
13.7687,526,1.6968
13.7729,520,1.6774
13.7772,514,1.6581
13.7815,507,1.6355
13.7858,500,1.6129
13.7901,494,1.5935
13.7944,489,1.5774
13.7987,487,1.5710
13.8030,487,1.5710
13.8073,489,1.5774
13.8116,490,1.5806
13.8159,490,1.5806
13.8202,490,1.5806
13.8245,491,1.5839
13.8288,493,1.5903
13.8331,494,1.5935
13.8374,493,1.5903
13.8417,494,1.5935
13.8460,491,1.5839
13.8503,481,1.5516
13.8546,465,1.5000
13.8589,452,1.4581
13.8631,464,1.4968
13.8675,506,1.6323
13.8718,577,1.8613
13.8761,665,2.1452
13.8803,753,2.4290
13.8847,809,2.6097
13.8889,798,2.5742
13.8932,731,2.3581
13.8975,641,2.0677
13.9019,546,1.7613
13.9063,480,1.5484
13.9107,447,1.4419
13.9151,440,1.4194
13.9194,448,1.4452
13.9238,461,1.4871
13.9281,470,1.5161
13.9324,474,1.5290
13.9367,476,1.5355
13.9411,477,1.5387
13.9454,478,1.5419
13.9498,480,1.5484
13.9541,481,1.5516
13.9584,482,1.5548
13.9627,483,1.5581
13.9670,482,1.5548
13.9713,483,1.5581
13.9756,484,1.5613
13.9799,486,1.5677
13.9842,487,1.5710
13.9885,486,1.5677
13.9928,486,1.5677
13.9970,490,1.5806
14.0013,497,1.6032
14.0056,504,1.6258
14.0099,510,1.6452
14.0142,518,1.6710
14.0185,524,1.6903
14.0229,532,1.7161
14.0272,540,1.7419
14.0315,545,1.7581
14.0358,550,1.7742
14.0400,556,1.7935
14.0444,560,1.8065
14.0487,564,1.8194
14.0529,566,1.8258
14.0573,572,1.8452
14.0616,573,1.8484
14.0660,575,1.8548
14.0703,575,1.8548
14.0747,574,1.8516
14.0790,572,1.8452
14.0833,571,1.8419
14.0876,567,1.8290
14.0920,563,1.8161
14.0964,558,1.8000
14.1007,553,1.7839
14.1050,549,1.7710
14.1093,542,1.7484
14.1137,534,1.7226
14.1180,528,1.7032
14.1223,520,1.6774
14.1267,514,1.6581
14.1310,506,1.6323
14.1353,500,1.6129
14.1396,494,1.5935
14.1440,487,1.5710
14.1483,482,1.5548
14.1526,476,1.5355
14.1569,475,1.5323
14.1613,476,1.5355
14.1656,477,1.5387
14.1699,478,1.5419
14.1742,478,1.5419
14.1784,478,1.5419
14.1827,479,1.5452
14.1870,481,1.5516
14.1913,482,1.5548
14.1956,483,1.5581
14.1999,482,1.5548
14.2042,483,1.5581
14.2085,483,1.5581
14.2128,485,1.5645
14.2171,488,1.5742
14.2214,494,1.5935
14.2257,503,1.6226
14.2300,512,1.6516
14.2343,517,1.6677
14.2386,523,1.6871
14.2428,529,1.7065
14.2471,532,1.7161
14.2514,534,1.7226
14.2557,534,1.7226
14.2600,534,1.7226
14.2643,531,1.7129
14.2687,525,1.6935
14.2730,520,1.6774
14.2773,511,1.6484
14.2816,505,1.6290
14.2860,498,1.6065
14.2903,491,1.5839
14.2946,487,1.5710
14.2989,485,1.5645
14.3033,485,1.5645
14.3076,487,1.5710
14.3120,488,1.5742
14.3163,490,1.5806
14.3206,491,1.5839
14.3250,490,1.5806
14.3293,490,1.5806
14.3336,490,1.5806
14.3380,492,1.5871
14.3423,494,1.5935
14.3466,490,1.5806
14.3510,478,1.5419
14.3553,462,1.4903
14.3597,453,1.4613
14.3640,470,1.5161
14.3683,520,1.6774
14.3727,594,1.9161
14.3769,683,2.2032
14.3812,770,2.4839
14.3855,814,2.6258
14.3898,790,2.5484
14.3941,719,2.3194
14.3984,626,2.0194
14.4027,535,1.7258
14.4070,476,1.5355
14.4113,449,1.4484
14.4156,444,1.4323
14.4199,453,1.4613
14.4242,467,1.5065
14.4284,476,1.5355
14.4327,479,1.5452
14.4370,480,1.5484
14.4413,480,1.5484
14.4456,480,1.5484
14.4499,481,1.5516
14.4542,481,1.5516
14.4585,481,1.5516
14.4628,481,1.5516
14.4671,482,1.5548
14.4715,483,1.5581
14.4758,484,1.5613
14.4801,486,1.5677
14.4845,486,1.5677
14.4888,487,1.5710
14.4931,488,1.5742
14.4974,491,1.5839
14.5018,499,1.6097
14.5063,506,1.6323
14.5107,514,1.6581
14.5151,520,1.6774
14.5194,527,1.7000
14.5237,534,1.7226
14.5281,542,1.7484
14.5324,548,1.7677
14.5369,552,1.7806
14.5412,557,1.7968
14.5455,563,1.8161
14.5498,567,1.8290
14.5542,569,1.8355
14.5585,573,1.8484
14.5629,575,1.8548
14.5672,575,1.8548
14.5715,576,1.8581
14.5758,572,1.8452
14.5801,571,1.8419
14.5844,568,1.8323
14.5887,565,1.8226
14.5930,560,1.8065
14.5973,557,1.7968
14.6016,552,1.7806
14.6058,546,1.7613
14.6101,540,1.7419
14.6144,535,1.7258
14.6187,532,1.7161
14.6230,528,1.7032
14.6273,522,1.6839
14.6316,514,1.6581
14.6360,507,1.6355
14.6403,501,1.6161
14.6446,495,1.5968
14.6488,488,1.5742
14.6531,482,1.5548
14.6578,477,1.5387
14.6622,474,1.5290
14.6665,475,1.5323
14.6708,475,1.5323
14.6751,475,1.5323
14.6794,477,1.5387
14.6837,478,1.5419
14.6880,479,1.5452
14.6923,480,1.5484
14.6966,481,1.5516
14.7009,481,1.5516
14.7052,483,1.5581
14.7094,483,1.5581
14.7137,485,1.5645
14.7181,485,1.5645
14.7223,487,1.5710
14.7266,495,1.5968
14.7309,502,1.6194
14.7352,509,1.6419
14.7396,516,1.6645
14.7438,522,1.6839
14.7481,528,1.7032
14.7524,532,1.7161
14.7567,534,1.7226
14.7610,534,1.7226
14.7653,533,1.7194
14.7697,531,1.7129
14.7740,526,1.6968
14.7783,520,1.6774
14.7827,514,1.6581
14.7870,506,1.6323
14.7913,498,1.6065
14.7956,491,1.5839
14.8001,486,1.5677
14.8059,486,1.5677
14.8104,487,1.5710
14.8148,487,1.5710
14.8192,489,1.5774
14.8235,488,1.5742
14.8279,489,1.5774
14.8322,490,1.5806
14.8365,491,1.5839
14.8409,492,1.5871
14.8452,493,1.5903
14.8495,492,1.5871
14.8539,488,1.5742
14.8582,474,1.5290
14.8625,457,1.4742
14.8669,453,1.4613
14.8712,479,1.5452
14.8755,536,1.7290
14.8798,616,1.9871
14.8841,708,2.2839
14.8884,786,2.5355
14.8927,811,2.6161
14.8969,776,2.5032
14.9012,695,2.2419
14.9055,600,1.9355
14.9098,516,1.6645
14.9141,466,1.5032
14.9184,445,1.4355
14.9227,445,1.4355
14.9270,457,1.4742
14.9313,469,1.5129
14.9356,476,1.5355
14.9399,479,1.5452
14.9442,481,1.5516
14.9485,483,1.5581
14.9528,483,1.5581
14.9572,482,1.5548
14.9615,482,1.5548
14.9659,483,1.5581
14.9702,484,1.5613
14.9745,485,1.5645
14.9788,485,1.5645
14.9832,486,1.5677
14.9875,486,1.5677
14.9918,487,1.5710
14.9962,486,1.5677
15.0005,487,1.5710
15.0048,491,1.5839
15.0092,498,1.6065
15.0143,507,1.6355
15.0258,526,1.6968
15.0303,531,1.7129
15.0347,537,1.7323
15.0390,543,1.7516
15.0434,550,1.7742
15.0479,556,1.7935
15.0523,561,1.8097
15.0566,565,1.8226
15.0609,570,1.8387
15.0652,572,1.8452
15.0695,572,1.8452
15.0738,573,1.8484
15.0780,572,1.8452
15.0823,571,1.8419
15.0865,570,1.8387
15.0908,568,1.8323
15.0951,565,1.8226
15.0993,560,1.8065
15.1036,556,1.7935
15.1079,551,1.7774
15.1121,544,1.7548
15.1164,539,1.7387
15.1207,533,1.7194
15.1249,527,1.7000
15.1292,518,1.6710
15.1335,512,1.6516
15.1378,504,1.6258
15.1421,497,1.6032
15.1463,491,1.5839
15.1506,486,1.5677
15.1549,480,1.5484
15.1592,475,1.5323
15.1635,473,1.5258
15.1679,473,1.5258
15.1722,475,1.5323
15.1766,476,1.5355
15.1809,477,1.5387
15.1852,478,1.5419
15.1896,480,1.5484
15.1939,481,1.5516
15.1982,480,1.5484
15.2026,482,1.5548
15.2069,483,1.5581
15.2112,483,1.5581
15.2155,485,1.5645
15.2199,486,1.5677
15.2242,489,1.5774
15.2286,496,1.6000
15.2329,504,1.6258
15.2373,512,1.6516
15.2416,518,1.6710
15.2459,525,1.6935
15.2503,530,1.7097
15.2546,533,1.7194
15.2589,536,1.7290
15.2633,535,1.7258
15.2676,533,1.7194
15.2721,528,1.7032
15.2764,523,1.6871
15.2807,516,1.6645
15.2850,511,1.6484
15.2893,503,1.6226
15.2936,495,1.5968
15.2979,490,1.5806
15.3022,486,1.5677
15.3065,487,1.5710
15.3108,486,1.5677
15.3151,488,1.5742
15.3194,489,1.5774
15.3237,490,1.5806
15.3280,491,1.5839
15.3323,492,1.5871
15.3366,492,1.5871
15.3409,492,1.5871
15.3452,493,1.5903
15.3495,492,1.5871
15.3537,488,1.5742
15.3580,476,1.5355
15.3623,459,1.4806
15.3666,454,1.4645
15.3709,478,1.5419
15.3752,532,1.7161
15.3796,612,1.9742
15.3839,705,2.2742
15.3883,785,2.5323
15.3926,812,2.6194
15.3969,776,2.5032
15.4013,695,2.2419
15.4057,595,1.9194
15.4122,483,1.5581
15.4166,450,1.4516
15.4210,441,1.4226
15.4254,450,1.4516
15.4297,464,1.4968
15.4340,474,1.5290
15.4386,479,1.5452
15.4430,480,1.5484
15.4474,481,1.5516
15.4517,480,1.5484
15.4561,481,1.5516
15.4604,481,1.5516
15.4648,483,1.5581
15.4691,484,1.5613
15.4734,484,1.5613
15.4778,485,1.5645
15.4821,485,1.5645
15.4864,486,1.5677
15.4907,486,1.5677
15.4950,487,1.5710
15.4993,489,1.5774
15.5036,492,1.5871
15.5079,498,1.6065
15.5122,504,1.6258
15.5165,511,1.6484
15.5211,519,1.6742
15.5254,524,1.6903
15.5297,532,1.7161
15.5339,538,1.7355
15.5382,543,1.7516
15.5425,550,1.7742
15.5467,556,1.7935
15.5510,560,1.8065
15.5553,564,1.8194
15.5595,566,1.8258
15.5638,569,1.8355
15.5681,573,1.8484
15.5724,573,1.8484
15.5767,572,1.8452
15.5810,569,1.8355
15.5852,570,1.8387
15.5895,569,1.8355
15.5938,567,1.8290
15.5980,562,1.8129
15.6023,559,1.8032
15.6066,552,1.7806
15.6109,546,1.7613
15.6151,539,1.7387
15.6194,534,1.7226
15.6236,528,1.7032
15.6279,521,1.6806
15.6322,513,1.6548
15.6364,507,1.6355
15.6407,501,1.6161
15.6450,493,1.5903
15.6492,487,1.5710
15.6535,480,1.5484
15.6578,475,1.5323
15.6621,474,1.5290
15.6663,474,1.5290
15.6706,475,1.5323
15.6749,476,1.5355
15.6792,476,1.5355
15.6835,477,1.5387
15.6878,477,1.5387
15.6921,478,1.5419
15.6964,479,1.5452
15.7007,479,1.5452
15.7051,480,1.5484
15.7095,482,1.5548
15.7140,482,1.5548
15.7183,484,1.5613
15.7227,487,1.5710
15.7270,493,1.5903
15.7314,503,1.6226
15.7357,510,1.6452
15.7401,517,1.6677
15.7444,524,1.6903
15.7487,528,1.7032
15.7531,531,1.7129
15.7578,534,1.7226
15.7622,534,1.7226
15.7665,533,1.7194
15.7709,529,1.7065
15.7752,523,1.6871
15.7796,519,1.6742
15.7839,512,1.6516
15.7882,505,1.6290
15.7925,498,1.6065
15.7968,491,1.5839
15.8010,487,1.5710
15.8053,487,1.5710
15.8096,487,1.5710
15.8139,488,1.5742
15.8182,489,1.5774
15.8225,489,1.5774
15.8268,488,1.5742
15.8311,490,1.5806
15.8355,491,1.5839
15.8398,491,1.5839
15.8441,493,1.5903
15.8483,494,1.5935
15.8526,491,1.5839
15.8569,480,1.5484
15.8612,465,1.5000
15.8655,454,1.4645
15.8698,468,1.5097
15.8741,515,1.6613
15.8784,591,1.9065
15.8828,680,2.1935
15.8871,767,2.4742
15.8914,814,2.6258
15.8958,792,2.5548
15.9001,718,2.3161
15.9044,625,2.0161
15.9088,532,1.7161
15.9131,473,1.5258
15.9174,446,1.4387
15.9218,440,1.4194
15.9261,444,1.4323
15.9304,453,1.4613
15.9348,466,1.5032
15.9391,476,1.5355
15.9435,480,1.5484
15.9478,481,1.5516
15.9522,482,1.5548
15.9565,482,1.5548
15.9608,482,1.5548
15.9652,482,1.5548
15.9695,483,1.5581
15.9738,484,1.5613
15.9782,486,1.5677
15.9825,485,1.5645
15.9867,487,1.5710
15.9910,486,1.5677
15.9953,487,1.5710
15.9996,488,1.5742
16.0039,489,1.5774
16.0082,492,1.5871
16.0125,498,1.6065
16.0168,505,1.6290
16.0211,510,1.6452
16.0254,518,1.6710
16.0297,524,1.6903
16.0340,533,1.7194
16.0383,539,1.7387
16.0426,544,1.7548
16.0469,551,1.7774
16.0512,556,1.7935
16.0555,560,1.8065
16.0598,564,1.8194
16.0641,567,1.8290
16.0684,571,1.8419
16.0726,575,1.8548
16.0769,573,1.8484
16.0813,575,1.8548
16.0856,573,1.8484
16.0899,573,1.8484
16.0943,572,1.8452
16.0986,568,1.8323
16.1029,563,1.8161
16.1073,558,1.8000
16.1116,553,1.7839
16.1159,546,1.7613
16.1202,541,1.7452
16.1246,536,1.7290
16.1289,528,1.7032
16.1333,521,1.6806
16.1376,514,1.6581
16.1420,507,1.6355
16.1463,501,1.6161
16.1507,494,1.5935
16.1550,487,1.5710
16.1593,481,1.5516
16.1637,476,1.5355
16.1680,476,1.5355
16.1723,476,1.5355
16.1767,478,1.5419
16.1811,478,1.5419
16.1854,480,1.5484
16.1897,480,1.5484
16.1940,481,1.5516
16.1983,482,1.5548
16.2026,482,1.5548
16.2069,482,1.5548
16.2112,483,1.5581
16.2155,483,1.5581
16.2197,485,1.5645
16.2240,486,1.5677
16.2283,490,1.5806
16.2326,496,1.6000
16.2370,503,1.6226
16.2413,511,1.6484
16.2456,519,1.6742
16.2498,525,1.6935
16.2541,528,1.7032
16.2584,534,1.7226
16.2627,536,1.7290
16.2670,535,1.7258
16.2713,534,1.7226
16.2756,530,1.7097
16.2799,525,1.6935
16.2842,521,1.6806
16.2886,513,1.6548
16.2929,505,1.6290
16.2972,498,1.6065
16.3016,491,1.5839
16.3064,487,1.5710
16.3108,485,1.5645
16.3153,487,1.5710
16.3196,488,1.5742
16.3239,490,1.5806
16.3283,491,1.5839
16.3326,490,1.5806
16.3370,491,1.5839
16.3413,492,1.5871
16.3457,492,1.5871
16.3500,493,1.5903
16.3543,493,1.5903
16.3587,488,1.5742
16.3630,475,1.5323
16.3673,460,1.4839
16.3717,451,1.4548
16.3760,480,1.5484
16.3804,536,1.7290
16.3847,615,1.9839
16.3890,706,2.2774
16.3933,785,2.5323
16.3976,813,2.6226
16.4020,775,2.5000
16.4063,694,2.2387
16.4106,598,1.9290
16.4149,515,1.6613
16.4192,464,1.4968
16.4235,443,1.4290
16.4278,442,1.4258
16.4321,455,1.4677
16.4364,467,1.5065
16.4411,475,1.5323
16.4455,478,1.5419
16.4498,478,1.5419
16.4541,480,1.5484
16.4584,480,1.5484
16.4627,482,1.5548
16.4670,484,1.5613
16.4713,484,1.5613
16.4756,485,1.5645
16.4799,485,1.5645
16.4842,486,1.5677
16.4885,486,1.5677
16.4928,487,1.5710
16.4971,487,1.5710
16.5014,487,1.5710
16.5057,489,1.5774
16.5099,494,1.5935
16.5142,500,1.6129
16.5185,508,1.6387
16.5228,514,1.6581
16.5271,518,1.6710
16.5314,523,1.6871
16.5358,529,1.7065
16.5401,536,1.7290
16.5444,543,1.7516
16.5487,548,1.7677
16.5530,553,1.7839
16.5573,557,1.7968
16.5615,563,1.8161
16.5658,566,1.8258
16.5701,571,1.8419
16.5744,573,1.8484
16.5787,575,1.8548
16.5830,575,1.8548
16.5873,574,1.8516
16.5917,574,1.8516
16.5960,573,1.8484
16.6007,570,1.8387
16.6066,565,1.8226
16.6110,559,1.8032
16.6154,554,1.7871
16.6198,548,1.7677
16.6241,541,1.7452
16.6284,535,1.7258
16.6328,528,1.7032
16.6372,521,1.6806
16.6415,516,1.6645
16.6458,510,1.6452
16.6502,502,1.6194
16.6545,494,1.5935
16.6588,487,1.5710
16.6632,481,1.5516
16.6675,477,1.5387
16.6718,473,1.5258
16.6762,473,1.5258
16.6805,474,1.5290
16.6848,476,1.5355
16.6891,477,1.5387
16.6935,478,1.5419
16.6979,477,1.5387
16.7022,478,1.5419
16.7064,479,1.5452
16.7107,480,1.5484
16.7149,481,1.5516
16.7192,482,1.5548
16.7235,483,1.5581
16.7277,484,1.5613
16.7320,486,1.5677
16.7362,493,1.5903
16.7406,500,1.6129
16.7448,508,1.6387
16.7491,515,1.6613
16.7533,520,1.6774
16.7576,525,1.6935
16.7619,529,1.7065
16.7662,533,1.7194
16.7704,536,1.7290
16.7747,535,1.7258
16.7789,531,1.7129
16.7833,526,1.6968
16.7875,521,1.6806
16.7918,514,1.6581
16.7961,507,1.6355
16.8004,501,1.6161
16.8047,495,1.5968
16.8089,488,1.5742
16.8131,485,1.5645
16.8174,486,1.5677
16.8217,487,1.5710
16.8259,488,1.5742
16.8302,488,1.5742
16.8345,488,1.5742
16.8394,490,1.5806
16.8437,491,1.5839
16.8479,492,1.5871
16.8522,492,1.5871
16.8564,493,1.5903
16.8607,492,1.5871
16.8650,485,1.5645
16.8693,472,1.5226
16.8735,456,1.4710
16.8779,457,1.4742
16.8822,490,1.5806
16.8865,553,1.7839
16.8908,637,2.0548
16.8951,726,2.3419
16.8994,798,2.5742
16.9037,810,2.6129
16.9080,761,2.4548
16.9123,677,2.1839
16.9165,579,1.8677
16.9208,502,1.6194
16.9251,458,1.4774
16.9294,442,1.4258
16.9339,444,1.4323
16.9382,458,1.4774
16.9425,471,1.5194
16.9468,478,1.5419
16.9511,479,1.5452
16.9554,478,1.5419
16.9597,480,1.5484
16.9640,480,1.5484
16.9683,480,1.5484
16.9726,480,1.5484
16.9768,482,1.5548
16.9811,481,1.5516
16.9856,483,1.5581
16.9899,483,1.5581
16.9942,485,1.5645
16.9985,484,1.5613
17.0029,485,1.5645
17.0072,486,1.5677
17.0115,489,1.5774
17.0159,493,1.5903
17.0202,500,1.6129
17.0245,509,1.6419
17.0289,516,1.6645
17.0334,524,1.6903
17.0377,531,1.7129
17.0421,538,1.7355
17.0465,544,1.7548
17.0508,551,1.7774
17.0551,554,1.7871
17.0594,561,1.8097
17.0638,564,1.8194
17.0681,568,1.8323
17.0724,570,1.8387
17.0768,572,1.8452
17.0811,573,1.8484
17.0854,573,1.8484
17.0898,572,1.8452
17.0941,571,1.8419
17.0984,570,1.8387
17.1027,568,1.8323
17.1069,564,1.8194
17.1113,559,1.8032
17.1155,554,1.7871
17.1198,548,1.7677
17.1241,541,1.7452
17.1284,535,1.7258
17.1327,530,1.7097
17.1370,523,1.6871
17.1413,516,1.6645
17.1456,509,1.6419
17.1500,502,1.6194
17.1542,495,1.5968
17.1585,489,1.5774
17.1628,483,1.5581
17.1671,478,1.5419
17.1714,476,1.5355
17.1757,475,1.5323
17.1800,475,1.5323
17.1843,477,1.5387
17.1886,478,1.5419
17.1930,480,1.5484
17.1973,480,1.5484
17.2017,480,1.5484
17.2067,480,1.5484
17.2111,483,1.5581
17.2156,483,1.5581
17.2199,484,1.5613
17.2241,484,1.5613
17.2284,486,1.5677
17.2328,489,1.5774
17.2371,495,1.5968
17.2414,502,1.6194
17.2457,510,1.6452
17.2500,517,1.6677
17.2543,524,1.6903
17.2586,529,1.7065
17.2629,533,1.7194
17.2671,535,1.7258
17.2714,535,1.7258
17.2758,534,1.7226
17.2800,530,1.7097
17.2843,527,1.7000
17.2895,517,1.6677
17.2940,508,1.6387
17.2983,503,1.6226
17.3026,496,1.6000
17.3068,491,1.5839
17.3111,486,1.5677
17.3154,486,1.5677
17.3196,487,1.5710
17.3239,487,1.5710
17.3281,489,1.5774
17.3324,489,1.5774
17.3367,489,1.5774
17.3409,489,1.5774
17.3452,490,1.5806
17.3494,491,1.5839
17.3537,491,1.5839
17.3580,491,1.5839
17.3622,489,1.5774
17.3665,479,1.5452
17.3707,463,1.4935
17.3750,451,1.4548
17.3793,463,1.4935
17.3835,504,1.6258
17.3878,575,1.8548
17.3920,662,2.1355
17.3964,752,2.4258
17.4007,809,2.6097
17.4050,800,2.5806
17.4093,736,2.3742
17.4135,646,2.0839
17.4179,551,1.7774
17.4222,485,1.5645
17.4264,450,1.4516
17.4307,440,1.4194
17.4350,447,1.4419
17.4393,460,1.4839
17.4436,471,1.5194
17.4479,476,1.5355
17.4522,479,1.5452
17.4565,479,1.5452
17.4608,479,1.5452
17.4651,480,1.5484
17.4693,481,1.5516
17.4736,482,1.5548
17.4779,482,1.5548
17.4822,483,1.5581
17.4865,484,1.5613
17.4909,483,1.5581
17.4952,484,1.5613
17.4995,485,1.5645
17.5038,486,1.5677
17.5095,487,1.5710
17.5140,491,1.5839
17.5183,497,1.6032
17.5226,503,1.6226
17.5269,510,1.6452
17.5312,518,1.6710
17.5354,524,1.6903
17.5397,531,1.7129
17.5440,538,1.7355
17.5483,544,1.7548
17.5526,551,1.7774
17.5569,556,1.7935
17.5612,563,1.8161
17.5655,566,1.8258
17.5697,569,1.8355
17.5740,571,1.8419
17.5783,572,1.8452
17.5826,575,1.8548
17.5869,575,1.8548
17.5913,573,1.8484
17.5956,570,1.8387
17.5999,569,1.8355
17.6042,566,1.8258
17.6085,562,1.8129
17.6128,558,1.8000
17.6170,551,1.7774
17.6213,545,1.7581
17.6256,541,1.7452
17.6298,534,1.7226
17.6341,526,1.6968
17.6384,520,1.6774
17.6426,514,1.6581
17.6469,508,1.6387
17.6512,501,1.6161
17.6554,494,1.5935
17.6597,488,1.5742
17.6640,482,1.5548
17.6683,476,1.5355
17.6725,473,1.5258
17.6768,473,1.5258
17.6810,475,1.5323
17.6853,477,1.5387
17.6896,477,1.5387
17.6938,478,1.5419
17.6981,479,1.5452
17.7024,481,1.5516
17.7067,482,1.5548
17.7109,482,1.5548
17.7152,483,1.5581
17.7195,484,1.5613
17.7237,484,1.5613
17.7281,484,1.5613
17.7323,488,1.5742
17.7366,496,1.6000
17.7409,502,1.6194
17.7452,510,1.6452
17.7495,517,1.6677
17.7538,523,1.6871
17.7581,527,1.7000
17.7624,532,1.7161
17.7667,535,1.7258
17.7710,535,1.7258
17.7752,534,1.7226
17.7796,531,1.7129
17.7838,526,1.6968
17.7881,521,1.6806
17.7924,513,1.6548
17.7967,506,1.6323
17.8010,500,1.6129
17.8053,494,1.5935
17.8096,489,1.5774
17.8139,487,1.5710
17.8182,488,1.5742
17.8224,488,1.5742
17.8267,489,1.5774
17.8310,489,1.5774
17.8353,490,1.5806
17.8396,490,1.5806
17.8439,490,1.5806
17.8482,491,1.5839
17.8525,492,1.5871
17.8568,492,1.5871
17.8611,491,1.5839
17.8654,484,1.5613
17.8697,469,1.5129
17.8739,454,1.4645
17.8783,457,1.4742
17.8826,491,1.5839
17.8868,558,1.8000
17.8912,642,2.0710
17.8954,735,2.3710
17.8998,802,2.5871
17.9041,808,2.6065
17.9083,755,2.4355
17.9126,669,2.1581
17.9169,570,1.8387
17.9212,495,1.5968
17.9255,454,1.4645
17.9298,440,1.4194
17.9341,443,1.4290
17.9384,457,1.4742
17.9427,469,1.5129
17.9470,477,1.5387
17.9513,478,1.5419
17.9556,479,1.5452
17.9599,478,1.5419
17.9641,478,1.5419
17.9684,479,1.5452
17.9727,480,1.5484
17.9770,482,1.5548
17.9813,484,1.5613
17.9856,485,1.5645
17.9899,485,1.5645
17.9942,485,1.5645
17.9985,485,1.5645
18.0027,486,1.5677
18.0070,487,1.5710
18.0113,489,1.5774
18.0156,493,1.5903
18.0199,499,1.6097
18.0242,507,1.6355
18.0285,514,1.6581
18.0327,520,1.6774
18.0371,527,1.7000
18.0413,535,1.7258
18.0456,541,1.7452
18.0499,548,1.7677
18.0542,553,1.7839
18.0585,558,1.8000
18.0628,564,1.8194
18.0671,567,1.8290
18.0714,569,1.8355
18.0757,571,1.8419
18.0800,572,1.8452
18.0843,572,1.8452
18.0886,571,1.8419
18.0928,571,1.8419
18.0971,570,1.8387
18.1015,568,1.8323
18.1059,566,1.8258
18.1103,560,1.8065
18.1148,555,1.7903
18.1192,550,1.7742
18.1234,545,1.7581
18.1277,539,1.7387
18.1320,531,1.7129
18.1363,524,1.6903
18.1406,517,1.6677
18.1449,510,1.6452
18.1492,503,1.6226
18.1535,497,1.6032
18.1578,490,1.5806
18.1621,485,1.5645
18.1664,480,1.5484
18.1708,477,1.5387
18.1751,476,1.5355
18.1794,476,1.5355
18.1837,476,1.5355
18.1879,476,1.5355
18.1922,477,1.5387
18.1965,478,1.5419
18.2008,480,1.5484
18.2051,480,1.5484
18.2099,481,1.5516
18.2142,481,1.5516
18.2185,482,1.5548
18.2228,483,1.5581
18.2271,484,1.5613
18.2314,485,1.5645
18.2356,491,1.5839
18.2400,499,1.6097
18.2443,507,1.6355
18.2485,514,1.6581
18.2528,521,1.6806
18.2571,528,1.7032
18.2614,532,1.7161
18.2657,535,1.7258
18.2700,537,1.7323
18.2743,535,1.7258
18.2786,532,1.7161
18.2829,527,1.7000
18.2872,523,1.6871
18.2915,516,1.6645
18.2958,509,1.6419
18.3001,501,1.6161
18.3044,493,1.5903
18.3088,487,1.5710
18.3131,486,1.5677
18.3175,486,1.5677
18.3218,486,1.5677
18.3261,487,1.5710
18.3305,487,1.5710
18.3348,488,1.5742
18.3391,489,1.5774
18.3435,489,1.5774
18.3478,490,1.5806
18.3521,491,1.5839
18.3565,492,1.5871
18.3608,494,1.5935
18.3651,494,1.5935
18.3695,488,1.5742
18.3738,474,1.5290
18.3781,458,1.4774
18.3825,455,1.4677
18.3868,485,1.5645
18.3911,546,1.7613
18.3955,627,2.0226
18.3998,720,2.3226
18.4042,796,2.5677
18.4094,805,2.5968
18.4139,745,2.4032
18.4182,656,2.1161
18.4225,561,1.8097
18.4268,491,1.5839
18.4311,453,1.4613
18.4354,440,1.4194
18.4397,441,1.4226
18.4440,446,1.4387
18.4483,450,1.4516
18.4526,462,1.4903
18.4569,474,1.5290
18.4612,481,1.5516
18.4655,483,1.5581
18.4698,483,1.5581
18.4741,483,1.5581
18.4784,484,1.5613
18.4827,484,1.5613
18.4870,484,1.5613
18.4913,485,1.5645
18.4956,486,1.5677
18.4999,488,1.5742
18.5042,488,1.5742
18.5085,490,1.5806
18.5128,490,1.5806
18.5171,489,1.5774
18.5214,489,1.5774
18.5257,491,1.5839
18.5300,496,1.6000
18.5343,502,1.6194
18.5386,510,1.6452
18.5429,518,1.6710
18.5472,525,1.6935
18.5515,532,1.7161
18.5558,538,1.7355
18.5601,544,1.7548
18.5644,548,1.7677
18.5687,555,1.7903
18.5730,560,1.8065
18.5773,563,1.8161
18.5816,567,1.8290
18.5859,570,1.8387
18.5902,575,1.8548
18.5945,575,1.8548
18.5987,576,1.8581
18.6030,576,1.8581
18.6074,574,1.8516
18.6118,572,1.8452
18.6161,570,1.8387
18.6204,568,1.8323
18.6247,562,1.8129
18.6291,558,1.8000
18.6334,552,1.7806
18.6378,545,1.7581
18.6421,536,1.7290
18.6465,532,1.7161
18.6508,525,1.6935
18.6551,519,1.6742
18.6595,511,1.6484
18.6638,504,1.6258
18.6681,496,1.6000
18.6725,490,1.5806
18.6768,484,1.5613
18.6811,478,1.5419
18.6855,475,1.5323
18.6898,474,1.5290
18.6941,475,1.5323
18.6985,476,1.5355
18.7028,477,1.5387
18.7071,479,1.5452
18.7114,480,1.5484
18.7157,481,1.5516
18.7200,482,1.5548
18.7243,484,1.5613
18.7286,484,1.5613
18.7329,485,1.5645
18.7372,485,1.5645
18.7415,485,1.5645
18.7458,487,1.5710
18.7501,491,1.5839
18.7544,499,1.6097
18.7587,507,1.6355
18.7630,514,1.6581
18.7673,521,1.6806
18.7716,525,1.6935
18.7759,530,1.7097
18.7802,533,1.7194
18.7844,537,1.7323
18.7887,536,1.7290
18.7930,532,1.7161
18.7973,528,1.7032
18.8017,523,1.6871
18.8060,516,1.6645
18.8104,510,1.6452
18.8147,502,1.6194
18.8191,495,1.5968
18.8234,490,1.5806
18.8277,487,1.5710
18.8321,485,1.5645
18.8364,486,1.5677
18.8407,487,1.5710
18.8451,488,1.5742
18.8494,489,1.5774
18.8537,490,1.5806
18.8581,491,1.5839
18.8624,492,1.5871
18.8667,492,1.5871
18.8711,492,1.5871
18.8754,492,1.5871
18.8798,485,1.5645
18.8841,472,1.5226
18.8884,455,1.4677
18.8927,455,1.4677
18.8971,487,1.5710
18.9014,549,1.7710
18.9057,634,2.0452
18.9100,726,2.3419
18.9143,798,2.5742
18.9186,811,2.6161
18.9229,764,2.4645
18.9272,681,2.1968
18.9315,583,1.8806
18.9359,504,1.6258
18.9402,459,1.4806
18.9444,443,1.4290
18.9487,445,1.4355
18.9530,458,1.4774
18.9574,471,1.5194
18.9617,477,1.5387
18.9660,479,1.5452
18.9702,481,1.5516
18.9746,481,1.5516
18.9788,481,1.5516
18.9831,481,1.5516
18.9874,482,1.5548
18.9917,482,1.5548
18.9960,484,1.5613
19.0003,485,1.5645
19.0046,486,1.5677
19.0100,487,1.5710
19.0145,488,1.5742
19.0189,487,1.5710
19.0233,487,1.5710
19.0276,491,1.5839
19.0320,496,1.6000
19.0364,504,1.6258
19.0408,511,1.6484
19.0451,517,1.6677
19.0494,520,1.6774
19.0538,524,1.6903
19.0582,529,1.7065
19.0625,537,1.7323
19.0669,542,1.7484
19.0712,548,1.7677
19.0755,554,1.7871
19.0799,559,1.8032
19.0842,563,1.8161
19.0886,568,1.8323
19.0932,571,1.8419
19.0976,572,1.8452
19.1021,574,1.8516
19.1064,574,1.8516
19.1108,572,1.8452
19.1151,571,1.8419
19.1194,569,1.8355
19.1237,566,1.8258
19.1280,564,1.8194
19.1323,559,1.8032
19.1366,553,1.7839
19.1409,548,1.7677
19.1452,542,1.7484
19.1495,536,1.7290
19.1538,529,1.7065
19.1586,520,1.6774
19.1629,514,1.6581
19.1672,508,1.6387
19.1715,501,1.6161
19.1758,495,1.5968
19.1801,489,1.5774
19.1844,483,1.5581
19.1887,479,1.5452
19.1930,476,1.5355
19.1973,476,1.5355
19.2016,478,1.5419
19.2060,478,1.5419
19.2107,479,1.5452
19.2150,480,1.5484
19.2198,481,1.5516
19.2241,482,1.5548
19.2284,482,1.5548
19.2327,482,1.5548
19.2370,483,1.5581
19.2414,485,1.5645
19.2456,486,1.5677
19.2499,487,1.5710
19.2542,491,1.5839
19.2585,497,1.6032
19.2629,505,1.6290
19.2672,513,1.6548
19.2715,519,1.6742
19.2758,525,1.6935
19.2801,530,1.7097
19.2844,533,1.7194
19.2887,536,1.7290
19.2930,536,1.7290
19.2973,534,1.7226
19.3017,530,1.7097
19.3062,525,1.6935
19.3106,518,1.6710
19.3150,511,1.6484
19.3194,504,1.6258
19.3238,498,1.6065
19.3280,491,1.5839
19.3323,488,1.5742
19.3366,487,1.5710
19.3409,486,1.5677
19.3453,488,1.5742
19.3496,489,1.5774
19.3538,490,1.5806
19.3581,490,1.5806
19.3629,489,1.5774
19.3672,490,1.5806
19.3715,491,1.5839
19.3758,491,1.5839
19.3801,492,1.5871
19.3845,487,1.5710
19.3888,475,1.5323
19.3931,459,1.4806
19.3974,455,1.4677
19.4017,483,1.5581
19.4060,543,1.7516
19.4103,625,2.0161
19.4146,716,2.3097
19.4189,791,2.5516
19.4232,811,2.6161
19.4275,770,2.4839
19.4318,688,2.2194
19.4361,591,1.9065
19.4405,508,1.6387
19.4448,461,1.4871
19.4491,444,1.4323
19.4534,443,1.4290
19.4577,456,1.4710
19.4620,468,1.5097
19.4664,476,1.5355
19.4707,478,1.5419
19.4750,478,1.5419
19.4792,479,1.5452
19.4835,480,1.5484
19.4879,480,1.5484
19.4922,481,1.5516
19.4964,482,1.5548
19.5007,483,1.5581
19.5050,483,1.5581
19.5094,484,1.5613
19.5137,484,1.5613
19.5180,484,1.5613
19.5223,485,1.5645
19.5266,486,1.5677
19.5309,488,1.5742
19.5352,494,1.5935
19.5395,500,1.6129
19.5438,507,1.6355
19.5481,515,1.6613
19.5524,521,1.6806
19.5567,528,1.7032
19.5610,533,1.7194
19.5654,542,1.7484
19.5697,546,1.7613
19.5740,553,1.7839
19.5783,558,1.8000
19.5826,563,1.8161
19.5874,567,1.8290
19.5917,570,1.8387
19.5960,574,1.8516
19.6003,575,1.8548
19.6046,575,1.8548
19.6089,574,1.8516
19.6136,572,1.8452
19.6179,571,1.8419
19.6222,568,1.8323
19.6265,564,1.8194
19.6308,559,1.8032
19.6352,555,1.7903
19.6394,548,1.7677
19.6437,543,1.7516
19.6486,536,1.7290
19.6529,531,1.7129
19.6572,525,1.6935
19.6615,519,1.6742
19.6658,512,1.6516
19.6702,505,1.6290
19.6744,498,1.6065
19.6787,490,1.5806
19.6830,485,1.5645
19.6873,479,1.5452
19.6917,475,1.5323
19.6960,473,1.5258
19.7003,474,1.5290
19.7045,475,1.5323
19.7088,476,1.5355
19.7132,476,1.5355
19.7175,477,1.5387
19.7218,478,1.5419
19.7261,479,1.5452
19.7304,480,1.5484
19.7347,480,1.5484
19.7390,480,1.5484
19.7433,481,1.5516
19.7476,481,1.5516
19.7520,483,1.5581
19.7563,487,1.5710
19.7606,494,1.5935
19.7649,501,1.6161
19.7692,509,1.6419
19.7735,517,1.6677
19.7778,524,1.6903
19.7821,531,1.7129
19.7864,534,1.7226
19.7907,536,1.7290
19.7950,535,1.7258
19.7993,533,1.7194
19.8036,529,1.7065
19.8079,526,1.6968
19.8122,519,1.6742
19.8166,513,1.6548
19.8209,506,1.6323
19.8252,498,1.6065
19.8295,491,1.5839
19.8338,488,1.5742
19.8381,487,1.5710
19.8424,488,1.5742
19.8467,488,1.5742
19.8510,488,1.5742
19.8553,487,1.5710
19.8596,488,1.5742
19.8639,490,1.5806
19.8682,491,1.5839
19.8725,490,1.5806
19.8769,491,1.5839
19.8812,491,1.5839
19.8855,487,1.5710
19.8898,476,1.5355
19.8941,461,1.4871
19.8984,453,1.4613
19.9027,474,1.5290
19.9072,527,1.7000
19.9121,619,1.9968
19.9164,708,2.2839
19.9208,790,2.5484
19.9250,813,2.6226
19.9293,775,2.5000
19.9336,694,2.2387
19.9379,597,1.9258
19.9422,514,1.6581
19.9465,464,1.4968
19.9507,443,1.4290
19.9550,441,1.4226
19.9593,452,1.4581
19.9635,466,1.5032
19.9678,475,1.5323
19.9721,478,1.5419
19.9763,478,1.5419
19.9806,479,1.5452
19.9851,480,1.5484
19.9894,480,1.5484
19.9937,481,1.5516
19.9979,482,1.5548
20.0022,482,1.5548
20.0064,482,1.5548
20.0107,483,1.5581
20.0150,483,1.5581
20.0264,486,1.5677
20.0309,487,1.5710
20.0353,490,1.5806
20.0396,496,1.6000
20.0440,504,1.6258
20.0484,511,1.6484
20.0527,518,1.6710
20.0570,525,1.6935
20.0613,531,1.7129
20.0656,539,1.7387
20.0699,545,1.7581
20.0742,551,1.7774
20.0785,556,1.7935
20.0828,560,1.8065
20.0871,564,1.8194
20.0914,567,1.8290
20.0956,571,1.8419
20.1000,572,1.8452
20.1042,574,1.8516
20.1085,573,1.8484
20.1128,573,1.8484
20.1171,571,1.8419
20.1214,570,1.8387
20.1256,567,1.8290
20.1299,563,1.8161
20.1342,558,1.8000
20.1384,553,1.7839
20.1427,548,1.7677
20.1472,541,1.7452
20.1514,536,1.7290
20.1557,529,1.7065
20.1600,523,1.6871
20.1642,516,1.6645
20.1685,509,1.6419
20.1727,502,1.6194
20.1770,495,1.5968
20.1813,488,1.5742
20.1855,482,1.5548
20.1898,478,1.5419
20.1940,475,1.5323
20.1983,475,1.5323
20.2026,475,1.5323
20.2079,478,1.5419
20.2123,479,1.5452
20.2167,477,1.5387
20.2210,479,1.5452
20.2254,480,1.5484
20.2297,480,1.5484
20.2340,481,1.5516
20.2383,482,1.5548
20.2426,482,1.5548
20.2469,483,1.5581
20.2512,484,1.5613
20.2554,487,1.5710
20.2597,494,1.5935
20.2640,501,1.6161
20.2683,508,1.6387
20.2726,516,1.6645
20.2769,522,1.6839
20.2812,529,1.7065
20.2855,533,1.7194
20.2898,535,1.7258
20.2941,535,1.7258
20.2984,534,1.7226
20.3027,531,1.7129
20.3070,526,1.6968
20.3113,520,1.6774
20.3156,513,1.6548
20.3199,507,1.6355
20.3242,500,1.6129
20.3286,494,1.5935
20.3329,489,1.5774
20.3372,488,1.5742
20.3415,488,1.5742
20.3459,488,1.5742
20.3502,489,1.5774
20.3545,490,1.5806
20.3589,490,1.5806
20.3632,491,1.5839
20.3675,491,1.5839
20.3719,491,1.5839
20.3763,492,1.5871
20.3806,493,1.5903
20.3849,489,1.5774
20.3893,479,1.5452
20.3936,461,1.4871
20.3979,452,1.4581
20.4022,469,1.5129
20.4066,517,1.6677
20.4110,595,1.9194
20.4154,689,2.2226
20.4198,774,2.4968
20.4241,812,2.6194
20.4284,787,2.5387
20.4327,711,2.2935
20.4370,618,1.9935
20.4413,528,1.7032
20.4456,472,1.5226
20.4499,445,1.4355
20.4542,441,1.4226
20.4584,452,1.4581
20.4627,465,1.5000
20.4670,473,1.5258
20.4714,478,1.5419
20.4756,480,1.5484
20.4799,481,1.5516
20.4842,480,1.5484
20.4885,482,1.5548
20.4928,484,1.5613
20.4971,484,1.5613
20.5014,484,1.5613
20.5057,484,1.5613
20.5100,485,1.5645
20.5143,485,1.5645
20.5186,485,1.5645
20.5230,486,1.5677
20.5273,486,1.5677
20.5316,486,1.5677
20.5360,491,1.5839
20.5403,497,1.6032
20.5446,506,1.6323
20.5490,512,1.6516
20.5533,519,1.6742
20.5576,526,1.6968
20.5621,532,1.7161
20.5664,538,1.7355
20.5708,545,1.7581
20.5752,551,1.7774
20.5795,556,1.7935
20.5838,560,1.8065
20.5882,565,1.8226
20.5925,568,1.8323
20.5968,570,1.8387
20.6012,570,1.8387
20.6055,573,1.8484
20.6098,573,1.8484
20.6142,573,1.8484
20.6185,571,1.8419
20.6228,568,1.8323
20.6271,566,1.8258
20.6314,562,1.8129
20.6357,558,1.8000
20.6400,553,1.7839
20.6443,546,1.7613
20.6486,540,1.7419
20.6529,534,1.7226
20.6572,527,1.7000
20.6615,520,1.6774
20.6658,512,1.6516
20.6701,506,1.6323
20.6744,499,1.6097
20.6787,493,1.5903
20.6830,487,1.5710
20.6873,480,1.5484
20.6915,476,1.5355
20.6958,474,1.5290
20.7001,475,1.5323
20.7044,476,1.5355
20.7087,477,1.5387
20.7130,478,1.5419
20.7173,479,1.5452
20.7216,480,1.5484
20.7260,481,1.5516
20.7303,481,1.5516
20.7346,482,1.5548
20.7390,483,1.5581
20.7433,484,1.5613
20.7476,484,1.5613
20.7520,485,1.5645
20.7564,490,1.5806
20.7607,496,1.6000
20.7650,504,1.6258
20.7693,511,1.6484
20.7737,518,1.6710
20.7780,524,1.6903
20.7824,529,1.7065
20.7867,533,1.7194
20.7910,535,1.7258
20.7953,535,1.7258
20.7997,533,1.7194
20.8040,529,1.7065
20.8085,523,1.6871
20.8129,517,1.6677
20.8173,510,1.6452
20.8217,503,1.6226
20.8260,496,1.6000
20.8303,490,1.5806
20.8346,488,1.5742
20.8389,487,1.5710
20.8432,487,1.5710
20.8475,489,1.5774
20.8518,490,1.5806
20.8561,491,1.5839
20.8604,490,1.5806
20.8647,490,1.5806
20.8690,492,1.5871
20.8732,492,1.5871
20.8775,493,1.5903
20.8819,493,1.5903
20.8862,488,1.5742
20.8905,475,1.5323
20.8948,459,1.4806
20.8991,455,1.4677
20.9034,480,1.5484
20.9077,536,1.7290
20.9120,619,1.9968
20.9163,708,2.2839
20.9206,788,2.5419
20.9250,814,2.6258
20.9293,775,2.5000
20.9337,694,2.2387
20.9380,597,1.9258
20.9423,514,1.6581
20.9466,465,1.5000
20.9510,445,1.4355
20.9553,445,1.4355
20.9596,456,1.4710
20.9640,471,1.5194
20.9683,477,1.5387
20.9726,479,1.5452
20.9770,480,1.5484
20.9813,480,1.5484
20.9856,481,1.5516
20.9900,482,1.5548
20.9943,482,1.5548
20.9986,483,1.5581
21.0030,483,1.5581
21.0073,485,1.5645
21.0116,486,1.5677
21.0160,487,1.5710
21.0203,489,1.5774
21.0246,489,1.5774
21.0289,489,1.5774
21.0332,491,1.5839
21.0375,496,1.6000
21.0418,502,1.6194
21.0461,509,1.6419
21.0504,514,1.6581
21.0547,522,1.6839
21.0590,528,1.7032
21.0632,534,1.7226
21.0676,541,1.7452
21.0718,547,1.7645
21.0761,553,1.7839
21.0804,556,1.7935
21.0847,560,1.8065
21.0890,566,1.8258
21.0933,569,1.8355
21.0976,570,1.8387
21.1019,571,1.8419
21.1063,572,1.8452
21.1108,570,1.8387
21.1152,570,1.8387
21.1196,569,1.8355
21.1239,567,1.8290
21.1282,565,1.8226
21.1326,559,1.8032
21.1369,555,1.7903
21.1412,550,1.7742
21.1456,543,1.7516
21.1499,538,1.7355
21.1542,531,1.7129
21.1586,523,1.6871
21.1629,517,1.6677
21.1672,509,1.6419
21.1716,502,1.6194
21.1759,495,1.5968
21.1802,489,1.5774
21.1846,483,1.5581
21.1889,478,1.5419
21.1933,474,1.5290
21.1976,475,1.5323
21.2020,476,1.5355
21.2063,478,1.5419
21.2107,478,1.5419
21.2150,478,1.5419
21.2193,479,1.5452
21.2236,480,1.5484
21.2280,481,1.5516
21.2323,481,1.5516
21.2366,482,1.5548
21.2409,483,1.5581
21.2452,483,1.5581
21.2494,484,1.5613
21.2537,487,1.5710
21.2580,492,1.5871
21.2623,498,1.6065
21.2666,505,1.6290
21.2709,514,1.6581
21.2752,521,1.6806
21.2795,527,1.7000
21.2838,530,1.7097
21.2881,534,1.7226
21.2924,533,1.7194
21.2967,532,1.7161
21.3010,531,1.7129
21.3053,526,1.6968
21.3096,521,1.6806
21.3139,515,1.6613
21.3181,509,1.6419
21.3225,503,1.6226
21.3268,496,1.6000
21.3312,490,1.5806
21.3356,487,1.5710
21.3399,486,1.5677
21.3442,487,1.5710
21.3485,487,1.5710
21.3529,489,1.5774
21.3572,489,1.5774
21.3615,489,1.5774
21.3659,489,1.5774
21.3702,491,1.5839
21.3745,491,1.5839
21.3789,491,1.5839
21.3832,491,1.5839
21.3875,484,1.5613
21.3919,469,1.5129
21.3962,454,1.4645
21.4005,457,1.4742
21.4049,493,1.5903
21.4092,559,1.8032
21.4135,645,2.0806
21.4179,739,2.3839
21.4222,803,2.5903
21.4265,806,2.6000
21.4308,749,2.4161
21.4352,661,2.1323
21.4395,565,1.8226
21.4437,494,1.5935
21.4480,456,1.4710
21.4523,442,1.4258
21.4566,447,1.4419
21.4609,460,1.4839
21.4652,473,1.5258
21.4695,478,1.5419
21.4738,480,1.5484
21.4781,480,1.5484
21.4824,481,1.5516
21.4867,482,1.5548
21.4910,482,1.5548
21.4953,483,1.5581
21.4996,484,1.5613
21.5039,484,1.5613
21.5081,485,1.5645
21.5124,485,1.5645
21.5167,487,1.5710
21.5210,487,1.5710
21.5254,489,1.5774
21.5297,489,1.5774
21.5341,490,1.5806
21.5384,495,1.5968
21.5428,502,1.6194
21.5471,508,1.6387
21.5514,514,1.6581
21.5558,516,1.6645
21.5601,521,1.6806
21.5644,526,1.6968
21.5688,532,1.7161
21.5731,540,1.7419
21.5774,545,1.7581
21.5818,551,1.7774
21.5861,556,1.7935
21.5904,560,1.8065
21.5947,565,1.8226
21.5991,568,1.8323
21.6034,569,1.8355
21.6077,572,1.8452
21.6121,572,1.8452
21.6164,573,1.8484
21.6208,573,1.8484
21.6251,571,1.8419
21.6294,569,1.8355
21.6338,565,1.8226
21.6381,562,1.8129
21.6424,556,1.7935
21.6467,550,1.7742
21.6509,545,1.7581
21.6552,539,1.7387
21.6595,531,1.7129
21.6638,527,1.7000
21.6681,520,1.6774
21.6724,512,1.6516
21.6767,504,1.6258
21.6810,496,1.6000
21.6853,490,1.5806
21.6896,484,1.5613
21.6939,480,1.5484
21.6982,476,1.5355
21.7025,473,1.5258
21.7070,475,1.5323
21.7114,477,1.5387
21.7157,478,1.5419
21.7200,478,1.5419
21.7244,479,1.5452
21.7286,479,1.5452
21.7330,480,1.5484
21.7372,480,1.5484
21.7415,480,1.5484
21.7458,481,1.5516
21.7501,480,1.5484
21.7544,482,1.5548
21.7587,484,1.5613
21.7666,493,1.5903
21.7710,501,1.6161
21.7753,510,1.6452
21.7796,517,1.6677
21.7839,524,1.6903
21.7882,528,1.7032
21.7925,532,1.7161
21.7968,534,1.7226
21.8011,534,1.7226
21.8054,533,1.7194
21.8097,528,1.7032
21.8140,523,1.6871
21.8183,517,1.6677
21.8226,511,1.6484
21.8269,504,1.6258
21.8312,499,1.6097
21.8356,492,1.5871
21.8399,490,1.5806
21.8442,488,1.5742
21.8486,490,1.5806
21.8529,490,1.5806
21.8572,490,1.5806
21.8615,491,1.5839
21.8659,492,1.5871
21.8702,493,1.5903
21.8745,493,1.5903
21.8789,492,1.5871
21.8832,493,1.5903
21.8875,493,1.5903
21.8919,491,1.5839
21.8962,481,1.5516
21.9006,464,1.4968
21.9049,453,1.4613
21.9092,470,1.5161
21.9136,517,1.6677
21.9179,592,1.9097
21.9222,683,2.2032
21.9265,768,2.4774
21.9309,814,2.6258
21.9353,792,2.5548
21.9395,719,2.3194
21.9438,626,2.0194
21.9481,537,1.7323
21.9524,476,1.5355
21.9567,447,1.4419
21.9610,441,1.4226
21.9653,451,1.4548
21.9696,466,1.5032
21.9739,476,1.5355
21.9782,479,1.5452
21.9825,479,1.5452
21.9868,480,1.5484
21.9911,481,1.5516
21.9954,482,1.5548
21.9997,482,1.5548
22.0040,483,1.5581
22.0084,485,1.5645
22.0128,485,1.5645
22.0172,485,1.5645
22.0215,485,1.5645
22.0258,487,1.5710
22.0301,487,1.5710
22.0344,486,1.5677
22.0387,488,1.5742
22.0430,492,1.5871
22.0473,499,1.6097
22.0516,505,1.6290
22.0559,511,1.6484
22.0602,519,1.6742
22.0645,526,1.6968
22.0688,533,1.7194
22.0731,539,1.7387
22.0774,545,1.7581
22.0817,552,1.7806
22.0860,556,1.7935
22.0903,561,1.8097
22.0946,565,1.8226
22.0989,568,1.8323
22.1031,571,1.8419
22.1074,573,1.8484
22.1118,574,1.8516
22.1161,573,1.8484
22.1204,573,1.8484
22.1247,573,1.8484
22.1290,571,1.8419
22.1333,567,1.8290
22.1377,561,1.8097
22.1420,557,1.7968
22.1464,551,1.7774
22.1507,546,1.7613
22.1550,539,1.7387
22.1594,533,1.7194
22.1637,527,1.7000
22.1680,520,1.6774
22.1723,513,1.6548
22.1767,507,1.6355
22.1810,499,1.6097
22.1853,493,1.5903
22.1897,486,1.5677
22.1940,480,1.5484
22.1984,476,1.5355
22.2027,475,1.5323
22.2070,475,1.5323
22.2113,476,1.5355
22.2157,477,1.5387
22.2200,477,1.5387
22.2243,479,1.5452
22.2287,480,1.5484
22.2330,481,1.5516
22.2374,481,1.5516
22.2417,482,1.5548
22.2459,483,1.5581
22.2502,484,1.5613
22.2545,485,1.5645
22.2588,485,1.5645
22.2631,488,1.5742
22.2674,495,1.5968
22.2717,502,1.6194
22.2760,510,1.6452
22.2803,516,1.6645
22.2846,524,1.6903
22.2889,529,1.7065
22.2932,534,1.7226
22.2975,536,1.7290
22.3018,535,1.7258
22.3061,534,1.7226
22.3103,530,1.7097
22.3146,525,1.6935
22.3189,519,1.6742
22.3232,513,1.6548
22.3275,507,1.6355
22.3319,498,1.6065
22.3363,492,1.5871
22.3407,488,1.5742
22.3450,487,1.5710
22.3493,488,1.5742
22.3537,487,1.5710
22.3580,488,1.5742
22.3623,489,1.5774
22.3667,489,1.5774
22.3710,490,1.5806
22.3753,490,1.5806
22.3797,490,1.5806
22.3840,491,1.5839
22.3883,492,1.5871
22.3926,490,1.5806
22.3970,480,1.5484
22.4013,463,1.4935
22.4056,452,1.4581
22.4100,465,1.5000
22.4143,513,1.6548
22.4186,586,1.8903
22.4230,676,2.1806
22.4273,761,2.4548
22.4316,811,2.6161
22.4360,792,2.5548
22.4403,724,2.3355
22.4446,631,2.0355
22.4489,539,1.7387
22.4532,477,1.5387
22.4575,448,1.4452
22.4618,442,1.4258
22.4661,451,1.4548
22.4703,464,1.4968
22.4746,475,1.5323
22.4789,478,1.5419
22.4832,479,1.5452
22.4875,480,1.5484
22.4918,480,1.5484
22.4961,481,1.5516
22.5005,483,1.5581
22.5049,483,1.5581
22.5092,484,1.5613
22.5135,484,1.5613
22.5177,485,1.5645
22.5221,486,1.5677
22.5264,486,1.5677
22.5307,487,1.5710
22.5350,488,1.5742
22.5394,488,1.5742
22.5437,492,1.5871
22.5481,497,1.6032
22.5524,504,1.6258
22.5567,511,1.6484
22.5610,517,1.6677
22.5654,521,1.6806
22.5697,525,1.6935
22.5740,530,1.7097
22.5783,537,1.7323
22.5827,543,1.7516
22.5870,549,1.7710
22.5914,555,1.7903
22.5957,558,1.8000
22.6000,562,1.8129
22.6044,565,1.8226
22.6088,568,1.8323
22.6132,571,1.8419
22.6176,572,1.8452
22.6220,573,1.8484
22.6264,571,1.8419
22.6307,569,1.8355
22.6352,567,1.8290
22.6395,565,1.8226
22.6439,561,1.8097
22.6482,556,1.7935
22.6525,551,1.7774
22.6568,545,1.7581
22.6610,538,1.7355
22.6653,533,1.7194
22.6696,527,1.7000
22.6739,520,1.6774
22.6782,514,1.6581
22.6825,507,1.6355
22.6868,501,1.6161
22.6911,494,1.5935
22.6954,487,1.5710
22.6997,481,1.5516
22.7040,476,1.5355
22.7083,474,1.5290
22.7126,474,1.5290
22.7169,475,1.5323
22.7212,477,1.5387
22.7255,477,1.5387
22.7298,478,1.5419
22.7341,478,1.5419
22.7384,477,1.5387
22.7427,479,1.5452
22.7470,480,1.5484
22.7513,481,1.5516
22.7557,481,1.5516
22.7600,482,1.5548
22.7643,483,1.5581
22.7687,486,1.5677
22.7730,492,1.5871
22.7773,500,1.6129
22.7817,508,1.6387
22.7860,516,1.6645
22.7903,522,1.6839
22.7947,528,1.7032
22.7990,532,1.7161
22.8033,534,1.7226
22.8077,534,1.7226
22.8120,533,1.7194
22.8164,529,1.7065
22.8207,524,1.6903
22.8250,517,1.6677
22.8293,511,1.6484
22.8337,504,1.6258
22.8381,497,1.6032
22.8425,491,1.5839
22.8468,488,1.5742
22.8511,487,1.5710
22.8554,487,1.5710
22.8597,488,1.5742
22.8640,488,1.5742
22.8683,489,1.5774
22.8726,489,1.5774
22.8769,489,1.5774
22.8812,489,1.5774
22.8855,491,1.5839
22.8898,493,1.5903
22.8941,493,1.5903
22.8984,493,1.5903
22.9027,491,1.5839
22.9070,481,1.5516
22.9114,464,1.4968
22.9158,453,1.4613
22.9202,471,1.5194
22.9244,516,1.6645
22.9288,590,1.9032
22.9331,678,2.1871
22.9374,768,2.4774
22.9417,814,2.6258
22.9460,794,2.5613
22.9503,725,2.3387
22.9546,631,2.0355
22.9589,540,1.7419
22.9632,479,1.5452
22.9675,450,1.4516
22.9718,443,1.4290
22.9761,451,1.4548
22.9804,464,1.4968
22.9847,475,1.5323
22.9889,479,1.5452
22.9932,481,1.5516
22.9975,481,1.5516
23.0018,480,1.5484
23.0061,481,1.5516
23.0104,481,1.5516
23.0147,481,1.5516
23.0190,482,1.5548
23.0233,482,1.5548
23.0276,485,1.5645
23.0319,487,1.5710
23.0362,487,1.5710
23.0405,487,1.5710
23.0448,488,1.5742
23.0492,488,1.5742
23.0535,490,1.5806
23.0578,496,1.6000
23.0622,503,1.6226
23.0665,508,1.6387
23.0708,518,1.6710
23.0751,524,1.6903
23.0795,532,1.7161
23.0838,539,1.7387
23.0881,544,1.7548
23.0925,550,1.7742
23.0968,556,1.7935
23.1012,560,1.8065
23.1055,564,1.8194
23.1098,569,1.8355
23.1141,572,1.8452
23.1185,575,1.8548
23.1228,575,1.8548
23.1271,573,1.8484
23.1314,572,1.8452
23.1358,569,1.8355
23.1402,569,1.8355
23.1446,566,1.8258
23.1489,563,1.8161
23.1532,558,1.8000
23.1575,553,1.7839
23.1617,547,1.7645
23.1661,541,1.7452
23.1703,535,1.7258
23.1746,528,1.7032
23.1789,522,1.6839
23.1832,515,1.6613
23.1875,508,1.6387
23.1918,500,1.6129
23.1961,495,1.5968
23.2004,489,1.5774
23.2047,484,1.5613
23.2090,479,1.5452
23.2133,477,1.5387
23.2176,476,1.5355
23.2219,477,1.5387
23.2262,478,1.5419
23.2305,478,1.5419
23.2348,479,1.5452
23.2391,481,1.5516
23.2434,482,1.5548
23.2477,483,1.5581
23.2521,485,1.5645
23.2564,485,1.5645
23.2608,485,1.5645
23.2651,485,1.5645
23.2694,486,1.5677
23.2738,489,1.5774
23.2781,496,1.6000
23.2824,503,1.6226
23.2867,512,1.6516
23.2911,520,1.6774
23.2954,525,1.6935
23.2998,529,1.7065
23.3041,533,1.7194
23.3084,534,1.7226
23.3128,535,1.7258
23.3171,534,1.7226
23.3214,530,1.7097
23.3257,525,1.6935
23.3301,520,1.6774
23.3344,512,1.6516
23.3387,505,1.6290
23.3431,499,1.6097
23.3474,492,1.5871
23.3517,488,1.5742
23.3561,488,1.5742
23.3604,489,1.5774
23.3647,489,1.5774
23.3691,490,1.5806
23.3734,490,1.5806
23.3777,490,1.5806
23.3821,492,1.5871
23.3864,492,1.5871
23.3907,494,1.5935
23.3951,494,1.5935
23.3994,494,1.5935
23.4037,490,1.5806
23.4081,477,1.5387
23.4124,461,1.4871
23.4167,454,1.4645
23.4211,475,1.5323
23.4254,528,1.7032
23.4297,607,1.9581
23.4341,697,2.2484
23.4384,781,2.5194
23.4428,815,2.6290
23.4471,779,2.5129
23.4515,701,2.2613
23.4558,606,1.9548
23.4601,519,1.6742
23.4644,467,1.5065
23.4686,444,1.4323
23.4730,442,1.4258
23.4772,453,1.4613
23.4815,466,1.5032
23.4858,474,1.5290
23.4901,477,1.5387
23.4944,478,1.5419
23.4987,478,1.5419
23.5030,478,1.5419
23.5074,479,1.5452
23.5118,479,1.5452
23.5162,482,1.5548
23.5205,483,1.5581
23.5248,483,1.5581
23.5291,484,1.5613
23.5334,485,1.5645
23.5380,486,1.5677
23.5423,487,1.5710
23.5465,488,1.5742
23.5508,488,1.5742
23.5551,493,1.5903
23.5593,498,1.6065
23.5636,504,1.6258
23.5678,510,1.6452
23.5721,516,1.6645
23.5764,517,1.6677
23.5806,518,1.6710
23.5849,519,1.6742
23.5891,523,1.6871
23.5934,530,1.7097
23.5977,536,1.7290
23.6020,543,1.7516
23.6062,548,1.7677
23.6105,554,1.7871
23.6148,559,1.8032
23.6191,563,1.8161
23.6233,567,1.8290
23.6276,570,1.8387
23.6319,573,1.8484
23.6362,574,1.8516
23.6405,574,1.8516
23.6447,573,1.8484
23.6490,572,1.8452
23.6533,571,1.8419
23.6577,569,1.8355
23.6621,565,1.8226
23.6664,561,1.8097
23.6707,556,1.7935
23.6750,550,1.7742
23.6794,543,1.7516
23.6837,537,1.7323
23.6880,529,1.7065
23.6924,524,1.6903
23.6967,515,1.6613
23.7010,509,1.6419
23.7054,503,1.6226
23.7097,496,1.6000
23.7140,489,1.5774
23.7184,483,1.5581
23.7227,479,1.5452
23.7270,476,1.5355
23.7313,476,1.5355
23.7357,477,1.5387
23.7400,478,1.5419
23.7443,479,1.5452
23.7487,480,1.5484
23.7530,480,1.5484
23.7573,481,1.5516
23.7616,481,1.5516
23.7659,482,1.5548
23.7702,482,1.5548
23.7744,484,1.5613
23.7788,484,1.5613
23.7830,484,1.5613
23.7873,487,1.5710
23.7916,492,1.5871
23.7959,500,1.6129
23.8002,508,1.6387
23.8046,515,1.6613
23.8090,522,1.6839
23.8133,528,1.7032
23.8177,532,1.7161
23.8221,535,1.7258
23.8264,536,1.7290
23.8307,535,1.7258
23.8350,532,1.7161
23.8393,526,1.6968
23.8436,521,1.6806
23.8479,515,1.6613
23.8522,507,1.6355
23.8565,500,1.6129
23.8608,493,1.5903
23.8651,488,1.5742
23.8694,487,1.5710
23.8736,486,1.5677
23.8779,487,1.5710
23.8822,488,1.5742
23.8865,489,1.5774
23.8908,489,1.5774
23.8951,490,1.5806
23.8994,490,1.5806
23.9037,491,1.5839
23.9080,493,1.5903
23.9123,494,1.5935
23.9166,492,1.5871
23.9209,484,1.5613
23.9252,469,1.5129
23.9295,454,1.4645
23.9337,458,1.4774
23.9380,495,1.5968
23.9423,559,1.8032
23.9466,645,2.0806
23.9509,736,2.3742
23.9553,803,2.5903
23.9596,808,2.6065
23.9639,751,2.4226
23.9683,663,2.1387
23.9726,566,1.8258
23.9769,491,1.5839
23.9812,453,1.4613
23.9856,441,1.4226
23.9899,446,1.4387
23.9942,460,1.4839
23.9985,470,1.5161
24.0029,476,1.5355
24.0072,477,1.5387
24.0116,478,1.5419
24.0159,478,1.5419
24.0202,479,1.5452
24.0246,479,1.5452
24.0289,481,1.5516
24.0332,481,1.5516
24.0375,482,1.5548
24.0419,483,1.5581
24.0463,484,1.5613
24.0506,484,1.5613
24.0549,484,1.5613
24.0592,486,1.5677
24.0635,487,1.5710
24.0678,489,1.5774
24.0721,495,1.5968
24.0764,502,1.6194
24.0807,508,1.6387
24.0850,516,1.6645
24.0893,523,1.6871
24.0936,529,1.7065
24.0979,534,1.7226
24.1021,541,1.7452
24.1064,547,1.7645
24.1108,552,1.7806
24.1151,559,1.8032
24.1193,563,1.8161
24.1236,567,1.8290
24.1279,570,1.8387
24.1322,574,1.8516
24.1365,574,1.8516
24.1408,574,1.8516
24.1451,572,1.8452
24.1494,573,1.8484
24.1537,571,1.8419
24.1581,568,1.8323
24.1624,562,1.8129
24.1667,559,1.8032
24.1711,553,1.7839
24.1754,548,1.7677
24.1797,543,1.7516
24.1841,537,1.7323
24.1884,529,1.7065
24.1927,523,1.6871
24.1971,514,1.6581
24.2014,507,1.6355
24.2057,501,1.6161
24.2101,495,1.5968
24.2144,489,1.5774
24.2187,482,1.5548
24.2231,478,1.5419
24.2274,476,1.5355
24.2317,476,1.5355
24.2361,477,1.5387
24.2404,478,1.5419
24.2447,478,1.5419
24.2490,478,1.5419
24.2534,478,1.5419
24.2577,480,1.5484
24.2620,480,1.5484
24.2663,480,1.5484
24.2706,480,1.5484
24.2749,481,1.5516
24.2792,482,1.5548
24.2835,483,1.5581
24.2878,486,1.5677
24.2921,492,1.5871
24.2964,499,1.6097
24.3007,507,1.6355
24.3050,515,1.6613
24.3093,522,1.6839
24.3136,527,1.7000
24.3179,531,1.7129
24.3222,535,1.7258
24.3265,534,1.7226
24.3307,534,1.7226
24.3351,531,1.7129
24.3394,526,1.6968
24.3437,520,1.6774
24.3479,513,1.6548
24.3523,506,1.6323
24.3566,499,1.6097
24.3610,492,1.5871
24.3653,487,1.5710
24.3696,485,1.5645
24.3740,484,1.5613
24.3783,486,1.5677
24.3826,487,1.5710
24.3869,488,1.5742
24.3913,489,1.5774
24.3956,490,1.5806
24.4000,490,1.5806
24.4044,492,1.5871
24.4088,493,1.5903
24.4133,492,1.5871
24.4177,489,1.5774
24.4221,480,1.5484
24.4264,465,1.5000
24.4308,454,1.4645
24.4351,467,1.5065
24.4395,513,1.6548
24.4438,586,1.8903
24.4481,676,2.1806
24.4526,765,2.4677
24.4570,811,2.6161
24.4613,789,2.5452
24.4656,717,2.3129
24.4699,625,2.0161
24.4742,534,1.7226
24.4785,474,1.5290
24.4828,445,1.4355
24.4871,440,1.4194
24.4914,449,1.4484
24.4957,463,1.4935
24.5000,472,1.5226
24.5043,477,1.5387
24.5086,478,1.5419
24.5129,480,1.5484
24.5172,479,1.5452
24.5215,480,1.5484
24.5257,480,1.5484
24.5300,481,1.5516
24.5343,483,1.5581
24.5386,484,1.5613
24.5429,483,1.5581
24.5472,484,1.5613
24.5515,484,1.5613
24.5558,486,1.5677
24.5601,486,1.5677
24.5644,488,1.5742
24.5687,492,1.5871
24.5730,498,1.6065
24.5773,504,1.6258
24.5816,510,1.6452
24.5859,517,1.6677
24.5902,525,1.6935
24.5945,532,1.7161
24.5988,538,1.7355
24.6031,544,1.7548
24.6074,549,1.7710
24.6117,554,1.7871
24.6160,560,1.8065
24.6203,564,1.8194
24.6246,568,1.8323
24.6289,570,1.8387
24.6332,571,1.8419
24.6375,574,1.8516
24.6418,574,1.8516
24.6461,573,1.8484
24.6504,571,1.8419
24.6546,570,1.8387
24.6590,566,1.8258
24.6633,560,1.8065
24.6676,557,1.7968
24.6720,552,1.7806
24.6763,547,1.7645
24.6807,541,1.7452
24.6850,534,1.7226
24.6893,528,1.7032
24.6937,522,1.6839
24.6980,515,1.6613
24.7024,508,1.6387
24.7067,501,1.6161
24.7112,494,1.5935
24.7156,487,1.5710
24.7200,481,1.5516
24.7243,476,1.5355
24.7287,476,1.5355
24.7330,475,1.5323
24.7373,476,1.5355
24.7417,477,1.5387
24.7460,478,1.5419
24.7503,478,1.5419
24.7548,479,1.5452
24.7591,480,1.5484
24.7634,481,1.5516
24.7677,483,1.5581
24.7720,483,1.5581
24.7763,482,1.5548
24.7806,483,1.5581
24.7850,485,1.5645
24.7893,489,1.5774
24.7936,495,1.5968
24.7979,502,1.6194
24.8023,512,1.6516
24.8066,519,1.6742
24.8109,525,1.6935
24.8152,530,1.7097
24.8194,534,1.7226
24.8238,536,1.7290
24.8280,536,1.7290
24.8323,534,1.7226
24.8366,530,1.7097
24.8409,526,1.6968
24.8452,519,1.6742
24.8495,512,1.6516
24.8538,505,1.6290
24.8581,497,1.6032
24.8624,491,1.5839
24.8667,488,1.5742
24.8710,488,1.5742
24.8753,488,1.5742
24.8796,489,1.5774
24.8839,490,1.5806
24.8882,490,1.5806
24.8925,491,1.5839
24.8967,490,1.5806
24.9010,491,1.5839
24.9053,492,1.5871
24.9096,492,1.5871
24.9139,492,1.5871
24.9182,488,1.5742
24.9225,478,1.5419
24.9268,461,1.4871
24.9311,451,1.4548
24.9354,467,1.5065
24.9397,515,1.6613
24.9440,589,1.9000
24.9483,678,2.1871
24.9526,764,2.4645
24.9569,809,2.6097
24.9613,789,2.5452
24.9656,719,2.3194
24.9700,625,2.0161
24.9743,532,1.7161
24.9786,472,1.5226
24.9829,446,1.4387
24.9873,441,1.4226
24.9916,450,1.4516
24.9959,465,1.5000
25.0002,474,1.5290
25.0046,477,1.5387
25.0089,478,1.5419
25.0133,477,1.5387
25.0179,479,1.5452
25.0226,480,1.5484
25.0271,481,1.5516
25.0315,483,1.5581
25.0360,482,1.5548
25.0404,483,1.5581
25.0447,483,1.5581
25.0492,484,1.5613
25.0535,484,1.5613
25.0579,485,1.5645
25.0623,486,1.5677
25.0666,488,1.5742
25.0709,494,1.5935
25.0752,500,1.6129
25.0795,507,1.6355
25.0838,514,1.6581
25.0881,520,1.6774
25.0924,527,1.7000
25.0967,534,1.7226
25.1010,539,1.7387
25.1053,547,1.7645
25.1096,553,1.7839
25.1139,558,1.8000
25.1182,562,1.8129
25.1225,566,1.8258
25.1267,570,1.8387
25.1311,573,1.8484
25.1354,573,1.8484
25.1396,574,1.8516
25.1439,574,1.8516
25.1482,573,1.8484
25.1525,572,1.8452
25.1568,570,1.8387
25.1611,567,1.8290
25.1655,561,1.8097
25.1698,556,1.7935
25.1741,551,1.7774
25.1785,544,1.7548
25.1828,538,1.7355
25.1871,533,1.7194
25.1915,525,1.6935
25.1958,520,1.6774
25.2001,511,1.6484
25.2044,505,1.6290
25.2088,497,1.6032
25.2131,492,1.5871
25.2175,486,1.5677
25.2218,479,1.5452
25.2261,475,1.5323
25.2304,474,1.5290
25.2348,476,1.5355
25.2392,477,1.5387
25.2435,477,1.5387
25.2478,478,1.5419
25.2522,478,1.5419
25.2565,480,1.5484
25.2608,480,1.5484
25.2652,481,1.5516
25.2695,482,1.5548
25.2738,483,1.5581
25.2781,483,1.5581
25.2824,484,1.5613
25.2866,486,1.5677
25.2909,491,1.5839
25.2952,498,1.6065
25.2995,506,1.6323
25.3038,513,1.6548
25.3086,521,1.6806
25.3131,534,1.7226
25.3175,532,1.7161
25.3218,534,1.7226
25.3261,534,1.7226
25.3304,535,1.7258
25.3347,532,1.7161
25.3390,527,1.7000
25.3433,521,1.6806
25.3475,515,1.6613
25.3518,507,1.6355
25.3562,500,1.6129
25.3604,494,1.5935
25.3648,490,1.5806
25.3691,488,1.5742
25.3734,489,1.5774
25.3777,489,1.5774
25.3820,490,1.5806
25.3863,490,1.5806
25.3906,490,1.5806
25.3949,491,1.5839
25.3992,491,1.5839
25.4035,491,1.5839
25.4078,492,1.5871
25.4121,494,1.5935
25.4164,494,1.5935
25.4207,494,1.5935
25.4250,487,1.5710
25.4293,473,1.5258
25.4336,459,1.4806
25.4379,457,1.4742
25.4422,485,1.5645
25.4465,545,1.7581
25.4508,628,2.0258
25.4551,717,2.3129
25.4594,793,2.5581
25.4638,813,2.6226
25.4681,768,2.4774
25.4724,682,2.2000
25.4767,587,1.8935
25.4811,506,1.6323
25.4854,460,1.4839
25.4897,442,1.4258
25.4941,444,1.4323
25.4984,458,1.4774
25.5027,472,1.5226
25.5071,478,1.5419
25.5114,480,1.5484
25.5157,481,1.5516
25.5201,482,1.5548
25.5244,482,1.5548
25.5287,482,1.5548
25.5330,483,1.5581
25.5374,484,1.5613
25.5417,484,1.5613
25.5461,485,1.5645
25.5504,486,1.5677
25.5547,487,1.5710
25.5590,487,1.5710
25.5634,489,1.5774
25.5677,489,1.5774
25.5721,491,1.5839
25.5764,496,1.6000
25.5807,502,1.6194
25.5850,508,1.6387
25.5893,516,1.6645
25.5936,525,1.6935
25.5979,532,1.7161
25.6022,537,1.7323
25.6065,544,1.7548
25.6109,550,1.7742
25.6153,556,1.7935
25.6197,560,1.8065
25.6240,563,1.8161
25.6283,567,1.8290
25.6326,569,1.8355
25.6369,571,1.8419
25.6412,570,1.8387
25.6455,570,1.8387
25.6498,570,1.8387
25.6541,570,1.8387
25.6584,569,1.8355
25.6627,566,1.8258
25.6670,562,1.8129
25.6713,559,1.8032
25.6756,552,1.7806
25.6799,548,1.7677
25.6842,543,1.7516
25.6885,537,1.7323
25.6927,531,1.7129
25.6971,524,1.6903
25.7014,516,1.6645
25.7057,509,1.6419
25.7100,502,1.6194
25.7143,495,1.5968
25.7185,489,1.5774
25.7228,483,1.5581
25.7272,478,1.5419
25.7314,474,1.5290
25.7357,475,1.5323
25.7400,476,1.5355
25.7443,478,1.5419
25.7486,478,1.5419
25.7529,479,1.5452
25.7572,479,1.5452
25.7615,479,1.5452
25.7658,482,1.5548
25.7701,483,1.5581
25.7744,484,1.5613
25.7788,485,1.5645
25.7831,486,1.5677
25.7875,486,1.5677
25.7918,488,1.5742
25.7961,493,1.5903
25.8004,500,1.6129
25.8048,508,1.6387
25.8091,515,1.6613
25.8134,521,1.6806
25.8178,528,1.7032
25.8221,532,1.7161
25.8265,533,1.7194
25.8308,535,1.7258
25.8351,534,1.7226
25.8395,531,1.7129
25.8438,526,1.6968
25.8481,521,1.6806
25.8525,515,1.6613
25.8568,507,1.6355
25.8611,501,1.6161
25.8654,494,1.5935
25.8698,488,1.5742
25.8741,486,1.5677
25.8784,486,1.5677
25.8827,486,1.5677
25.8870,487,1.5710
25.8913,487,1.5710
25.8956,489,1.5774
25.8999,489,1.5774
25.9042,490,1.5806
25.9084,492,1.5871
25.9128,494,1.5935
25.9170,493,1.5903
25.9213,491,1.5839
25.9256,485,1.5645
25.9299,470,1.5161
25.9342,456,1.4710
25.9385,457,1.4742
25.9428,490,1.5806
25.9471,553,1.7839
25.9514,638,2.0581
25.9557,730,2.3548
25.9600,797,2.5710
25.9643,809,2.6097
25.9687,757,2.4419
25.9730,669,2.1581
25.9774,573,1.8484
25.9817,496,1.6000
25.9860,455,1.4677
25.9903,441,1.4226
25.9947,444,1.4323
25.9990,458,1.4774
26.0033,471,1.5194
26.0077,478,1.5419
26.0120,480,1.5484
26.0164,480,1.5484
26.0207,479,1.5452
26.0250,480,1.5484
26.0294,481,1.5516
26.0337,482,1.5548
26.0380,484,1.5613
26.0424,484,1.5613
26.0467,485,1.5645
26.0510,486,1.5677
26.0554,487,1.5710
26.0597,488,1.5742
26.0640,487,1.5710
26.0683,488,1.5742
26.0727,490,1.5806
26.0770,494,1.5935
26.0813,500,1.6129
26.0856,508,1.6387
26.0899,516,1.6645
26.0942,523,1.6871
26.0985,528,1.7032
26.1028,537,1.7323
26.1070,543,1.7516
26.1113,549,1.7710
26.1156,554,1.7871
26.1199,559,1.8032
26.1242,564,1.8194
26.1285,566,1.8258
26.1328,571,1.8419
26.1371,571,1.8419
26.1414,574,1.8516
26.1457,573,1.8484
26.1500,572,1.8452
26.1543,570,1.8387
26.1586,569,1.8355
26.1629,566,1.8258
26.1672,563,1.8161
26.1715,558,1.8000
26.1758,552,1.7806
26.1801,547,1.7645
26.1845,541,1.7452
26.1888,534,1.7226
26.1931,528,1.7032
26.1974,521,1.6806
26.2018,515,1.6613
26.2061,508,1.6387
26.2106,501,1.6161
26.2150,494,1.5935
26.2194,487,1.5710
26.2237,482,1.5548
26.2281,476,1.5355
26.2324,475,1.5323
26.2367,475,1.5323
26.2411,475,1.5323
26.2454,475,1.5323
26.2497,476,1.5355
26.2540,479,1.5452
26.2584,479,1.5452
26.2627,480,1.5484
26.2670,482,1.5548
26.2715,482,1.5548
26.2758,482,1.5548
26.2801,483,1.5581
26.2844,484,1.5613
26.2887,486,1.5677
26.2930,489,1.5774
26.2973,495,1.5968
26.3016,502,1.6194
26.3059,510,1.6452
26.3102,517,1.6677
26.3145,524,1.6903
26.3188,529,1.7065
26.3231,533,1.7194
26.3275,534,1.7226
26.3317,535,1.7258
26.3360,533,1.7194
26.3403,530,1.7097
26.3446,525,1.6935
26.3489,519,1.6742
26.3532,513,1.6548
26.3575,507,1.6355
26.3618,500,1.6129
26.3661,493,1.5903
26.3704,488,1.5742
26.3747,485,1.5645
26.3790,485,1.5645
26.3834,487,1.5710
26.3877,488,1.5742
26.3921,488,1.5742
26.3964,488,1.5742
26.4008,489,1.5774
26.4051,490,1.5806
26.4094,492,1.5871
26.4137,490,1.5806
26.4181,491,1.5839
26.4224,489,1.5774
26.4267,481,1.5516
26.4311,465,1.5000
26.4354,452,1.4581
26.4397,463,1.4935
26.4441,505,1.6290
26.4484,577,1.8613
26.4527,666,2.1484
26.4571,756,2.4387
26.4614,809,2.6097
26.4657,799,2.5774
26.4701,733,2.3645
26.4744,640,2.0645
26.4787,545,1.7581
26.4830,482,1.5548
26.4873,450,1.4516
26.4916,441,1.4226
26.4959,443,1.4290
26.5002,446,1.4387
26.5045,454,1.4645
26.5089,466,1.5032
26.5133,476,1.5355
26.5177,481,1.5516
26.5220,483,1.5581
26.5263,491,1.5839
26.5307,484,1.5613
26.5350,483,1.5581
26.5393,483,1.5581
26.5436,485,1.5645
26.5479,486,1.5677
26.5522,487,1.5710
26.5565,487,1.5710
26.5608,488,1.5742
26.5651,489,1.5774
26.5694,489,1.5774
26.5737,490,1.5806
26.5780,491,1.5839
26.5823,493,1.5903
26.5866,497,1.6032
26.5909,504,1.6258
26.5952,511,1.6484
26.5995,517,1.6677
26.6038,524,1.6903
26.6081,531,1.7129
26.6124,538,1.7355
26.6166,545,1.7581
26.6209,551,1.7774
26.6252,556,1.7935
26.6295,563,1.8161
26.6338,567,1.8290
26.6381,569,1.8355
26.6424,573,1.8484
26.6467,574,1.8516
26.6510,576,1.8581
26.6553,576,1.8581
26.6596,574,1.8516
26.6639,572,1.8452
26.6682,571,1.8419
26.6725,570,1.8387
26.6768,565,1.8226
26.6811,562,1.8129
26.6854,556,1.7935
26.6898,550,1.7742
26.6941,545,1.7581
26.6984,537,1.7323
26.7028,531,1.7129
26.7071,524,1.6903
26.7114,517,1.6677
26.7157,511,1.6484
26.7201,504,1.6258
26.7244,497,1.6032
26.7287,490,1.5806
26.7331,485,1.5645
26.7374,480,1.5484
26.7417,477,1.5387
26.7461,477,1.5387
26.7504,478,1.5419
26.7547,480,1.5484
26.7591,479,1.5452
26.7634,480,1.5484
26.7677,480,1.5484
26.7720,483,1.5581
26.7766,483,1.5581
26.7810,484,1.5613
26.7854,485,1.5645
26.7898,487,1.5710
26.7942,487,1.5710
26.7986,487,1.5710
26.8030,489,1.5774
26.8073,494,1.5935
26.8116,501,1.6161
26.8159,509,1.6419
26.8202,516,1.6645
26.8245,524,1.6903
26.8288,528,1.7032
26.8331,533,1.7194
26.8375,534,1.7226
26.8417,535,1.7258
26.8460,533,1.7194
26.8503,531,1.7129
26.8546,526,1.6968
26.8589,519,1.6742
26.8632,512,1.6516
26.8675,507,1.6355
26.8718,500,1.6129
26.8761,493,1.5903
26.8804,489,1.5774
26.8847,487,1.5710
26.8889,488,1.5742
26.8932,489,1.5774
26.8975,489,1.5774
26.9017,491,1.5839
26.9060,491,1.5839
26.9102,491,1.5839
26.9145,492,1.5871
26.9188,492,1.5871
26.9231,491,1.5839
26.9273,493,1.5903
26.9316,492,1.5871
26.9359,485,1.5645
26.9402,470,1.5161
26.9444,455,1.4677
26.9487,457,1.4742
26.9530,490,1.5806
26.9572,554,1.7871
26.9615,638,2.0581
26.9658,729,2.3516
26.9700,800,2.5806
26.9743,812,2.6194
26.9786,760,2.4516
26.9829,674,2.1742
26.9873,577,1.8613
26.9916,499,1.6097
26.9959,456,1.4710
27.0003,441,1.4226
27.0046,444,1.4323
27.0089,458,1.4774
27.0133,470,1.5161
27.0176,476,1.5355
27.0220,479,1.5452
27.0263,480,1.5484
27.0306,479,1.5452
27.0350,480,1.5484
27.0393,481,1.5516
27.0437,482,1.5548
27.0480,482,1.5548
27.0523,483,1.5581
27.0566,483,1.5581
27.0610,484,1.5613
27.0653,484,1.5613
27.0696,485,1.5645
27.0739,486,1.5677
27.0818,488,1.5742
27.0862,493,1.5903
27.0905,500,1.6129
27.0948,506,1.6323
27.0991,514,1.6581
27.1034,522,1.6839
27.1077,529,1.7065
27.1122,535,1.7258
27.1166,543,1.7516
27.1210,550,1.7742
27.1253,554,1.7871
27.1296,560,1.8065
27.1339,564,1.8194
27.1382,566,1.8258
27.1425,569,1.8355
27.1468,571,1.8419
27.1511,574,1.8516
27.1554,573,1.8484
27.1597,573,1.8484
27.1640,572,1.8452
27.1683,571,1.8419
27.1726,568,1.8323
27.1768,564,1.8194
27.1811,558,1.8000
27.1855,553,1.7839
27.1898,548,1.7677
27.1940,544,1.7548
27.1983,538,1.7355
27.2026,530,1.7097
27.2069,524,1.6903
27.2112,516,1.6645
27.2155,510,1.6452
27.2198,504,1.6258
27.2241,497,1.6032
27.2284,492,1.5871
27.2328,486,1.5677
27.2371,479,1.5452
27.2414,476,1.5355
27.2456,475,1.5323
27.2500,477,1.5387
27.2542,477,1.5387
27.2585,478,1.5419
27.2628,479,1.5452
27.2671,479,1.5452
27.2714,479,1.5452
27.2757,480,1.5484
27.2800,482,1.5548
27.2843,482,1.5548
27.2887,484,1.5613
27.2930,483,1.5581
27.2973,485,1.5645
27.3017,485,1.5645
27.3060,486,1.5677
27.3103,487,1.5710
27.3147,491,1.5839
27.3190,498,1.6065
27.3233,506,1.6323
27.3276,514,1.6581
27.3320,523,1.6871
27.3364,527,1.7000
27.3407,532,1.7161
27.3450,536,1.7290
27.3494,538,1.7355
27.3537,537,1.7323
27.3580,535,1.7258
27.3624,530,1.7097
27.3667,524,1.6903
27.3710,519,1.6742
27.3754,512,1.6516
27.3797,504,1.6258
27.3840,496,1.6000
27.3883,490,1.5806
27.3927,488,1.5742
27.3969,488,1.5742
27.4012,488,1.5742
27.4056,488,1.5742
27.4100,490,1.5806
27.4144,491,1.5839
27.4188,492,1.5871
27.4231,492,1.5871
27.4274,493,1.5903
27.4318,494,1.5935
27.4361,494,1.5935
27.4404,494,1.5935
27.4447,489,1.5774
27.4490,476,1.5355
27.4533,458,1.4774
27.4576,455,1.4677
27.4618,481,1.5516
27.4661,537,1.7323
27.4704,616,1.9871
27.4747,710,2.2903
27.4790,789,2.5452
27.4834,815,2.6290
27.4876,777,2.5065
27.4920,695,2.2419
27.4963,600,1.9355
27.5006,515,1.6613
27.5048,465,1.5000
27.5091,444,1.4323
27.5134,442,1.4258
27.5177,453,1.4613
27.5221,466,1.5032
27.5263,475,1.5323
27.5306,478,1.5419
27.5350,479,1.5452
27.5393,479,1.5452
27.5436,479,1.5452
27.5479,481,1.5516
27.5521,482,1.5548
27.5565,483,1.5581
27.5607,483,1.5581
27.5650,485,1.5645
27.5693,486,1.5677
27.5736,487,1.5710
27.5779,488,1.5742
27.5822,487,1.5710
27.5865,488,1.5742
27.5909,490,1.5806
27.5952,493,1.5903
27.5995,499,1.6097
27.6039,507,1.6355
27.6082,514,1.6581
27.6125,522,1.6839
27.6168,528,1.7032
27.6212,536,1.7290
27.6255,543,1.7516
27.6298,549,1.7710
27.6341,555,1.7903
27.6385,559,1.8032
27.6428,562,1.8129
27.6472,566,1.8258
27.6515,569,1.8355
27.6558,572,1.8452
27.6602,574,1.8516
27.6646,574,1.8516
27.6689,576,1.8581
27.6732,574,1.8516
27.6775,573,1.8484
27.6819,571,1.8419
27.6863,567,1.8290
27.6906,563,1.8161
27.6949,556,1.7935
27.6992,551,1.7774
27.7035,545,1.7581
27.7078,539,1.7387
27.7121,533,1.7194
27.7165,526,1.6968
27.7208,519,1.6742
27.7251,511,1.6484
27.7294,505,1.6290
27.7337,498,1.6065
27.7380,491,1.5839
27.7423,485,1.5645
27.7466,479,1.5452
27.7509,476,1.5355
27.7552,475,1.5323
27.7595,476,1.5355
27.7638,478,1.5419
27.7681,479,1.5452
27.7724,480,1.5484
27.7767,479,1.5452
27.7810,479,1.5452
27.7852,480,1.5484
27.7896,481,1.5516
27.7939,482,1.5548
27.7982,483,1.5581
27.8026,483,1.5581
27.8069,485,1.5645
27.8112,486,1.5677
27.8156,490,1.5806
27.8199,497,1.6032
27.8242,505,1.6290
27.8286,512,1.6516
27.8329,520,1.6774
27.8372,524,1.6903
27.8416,530,1.7097
27.8459,533,1.7194
27.8502,535,1.7258
27.8546,535,1.7258
27.8589,531,1.7129
27.8632,527,1.7000
27.8675,522,1.6839
27.8719,515,1.6613
27.8763,507,1.6355
27.8806,500,1.6129
27.8849,494,1.5935
27.8892,490,1.5806
27.8936,487,1.5710
27.8979,486,1.5677
27.9021,486,1.5677
27.9065,487,1.5710
27.9107,488,1.5742
27.9150,489,1.5774
27.9193,489,1.5774
27.9236,490,1.5806
27.9279,491,1.5839
27.9322,491,1.5839
27.9365,492,1.5871
27.9408,491,1.5839
27.9451,491,1.5839
27.9494,487,1.5710
27.9537,474,1.5290
27.9580,458,1.4774
27.9623,452,1.4581
27.9666,475,1.5323
27.9709,530,1.7097
27.9752,609,1.9645
27.9794,700,2.2581
27.9837,784,2.5290
27.9881,813,2.6226
27.9924,780,2.5161
27.9968,700,2.2581
28.0011,604,1.9484
28.0055,517,1.6677
28.0099,465,1.5000
28.0143,444,1.4323
28.0188,443,1.4290
28.0232,456,1.4710
28.0275,470,1.5161
28.0318,476,1.5355
28.0362,479,1.5452
28.0405,480,1.5484
28.0448,480,1.5484
28.0492,480,1.5484
28.0535,481,1.5516
28.0578,482,1.5548
28.0621,482,1.5548
28.0665,483,1.5581
28.0708,483,1.5581
28.0751,484,1.5613
28.0795,485,1.5645
28.0838,486,1.5677
28.0883,487,1.5710
28.0926,488,1.5742
28.0970,489,1.5774
28.1013,494,1.5935
28.1055,500,1.6129
28.1099,507,1.6355
28.1141,514,1.6581
28.1184,523,1.6871
28.1227,529,1.7065
28.1270,536,1.7290
28.1313,542,1.7484
28.1356,546,1.7613
28.1399,551,1.7774
28.1442,556,1.7935
28.1485,561,1.8097
28.1528,565,1.8226
28.1571,569,1.8355
28.1614,573,1.8484
28.1657,575,1.8548
28.1700,573,1.8484
28.1743,573,1.8484
28.1785,570,1.8387
28.1828,569,1.8355
28.1871,568,1.8323
28.1914,565,1.8226
28.1957,559,1.8032
28.2001,555,1.7903
28.2044,549,1.7710
28.2087,544,1.7548
28.2131,537,1.7323
28.2174,531,1.7129
28.2217,525,1.6935
28.2260,519,1.6742
28.2304,512,1.6516
28.2347,505,1.6290
28.2391,497,1.6032
28.2434,491,1.5839
28.2477,485,1.5645
28.2521,479,1.5452
28.2564,476,1.5355
28.2608,475,1.5323
28.2651,475,1.5323
28.2694,477,1.5387
28.2737,477,1.5387
28.2781,478,1.5419
28.2824,478,1.5419
28.2867,480,1.5484
28.2912,481,1.5516
28.2955,482,1.5548
28.2998,482,1.5548
28.3041,483,1.5581
28.3084,484,1.5613
28.3129,485,1.5645
28.3173,486,1.5677
28.3216,492,1.5871
28.3259,498,1.6065
28.3302,507,1.6355
28.3345,514,1.6581
28.3388,521,1.6806
28.3431,526,1.6968
28.3474,531,1.7129
28.3517,535,1.7258
28.3560,536,1.7290
28.3604,535,1.7258
28.3646,532,1.7161
28.3689,527,1.7000
28.3732,522,1.6839
28.3775,516,1.6645
28.3818,508,1.6387
28.3861,500,1.6129
28.3904,494,1.5935
28.3947,489,1.5774
28.3990,487,1.5710
28.4033,489,1.5774
28.4076,489,1.5774
28.4119,490,1.5806
28.4162,490,1.5806
28.4205,491,1.5839
28.4248,493,1.5903
28.4291,493,1.5903
28.4334,494,1.5935
28.4377,494,1.5935
28.4420,496,1.6000
28.4463,495,1.5968
28.4506,487,1.5710
28.4549,471,1.5194
28.4592,456,1.4710
28.4635,457,1.4742
28.4678,490,1.5806
28.4721,553,1.7839
28.4764,636,2.0516
28.4807,728,2.3484
28.4850,796,2.5677
28.4893,811,2.6161
28.4935,763,2.4613
28.4978,678,2.1871
28.5022,580,1.8710
28.5065,502,1.6194
28.5109,459,1.4806
28.5152,443,1.4290
28.5195,441,1.4226
28.5239,445,1.4355
28.5282,451,1.4548
28.5325,461,1.4871
28.5368,473,1.5258
28.5412,480,1.5484
28.5455,482,1.5548
28.5498,482,1.5548
28.5542,483,1.5581
28.5585,485,1.5645
28.5628,485,1.5645
28.5672,486,1.5677
28.5715,486,1.5677
28.5758,487,1.5710
28.5801,488,1.5742
28.5845,489,1.5774
28.5888,489,1.5774
28.5931,489,1.5774
28.5975,489,1.5774
28.6018,488,1.5742
28.6061,491,1.5839
28.6104,495,1.5968
28.6147,501,1.6161
28.6190,508,1.6387
28.6233,515,1.6613
28.6275,522,1.6839
28.6318,529,1.7065
28.6361,535,1.7258
28.6404,541,1.7452
28.6447,546,1.7613
28.6490,552,1.7806
28.6533,558,1.8000
28.6576,563,1.8161
28.6619,567,1.8290
28.6662,570,1.8387
28.6705,574,1.8516
28.6748,574,1.8516
28.6791,574,1.8516
28.6834,575,1.8548
28.6877,572,1.8452
28.6920,571,1.8419
28.6963,570,1.8387
28.7006,567,1.8290
28.7050,562,1.8129
28.7093,557,1.7968
28.7136,552,1.7806
28.7179,545,1.7581
28.7223,539,1.7387
28.7266,532,1.7161
28.7309,526,1.6968
28.7353,519,1.6742
28.7396,512,1.6516
28.7439,505,1.6290
28.7483,498,1.6065
28.7526,491,1.5839
28.7569,485,1.5645
28.7613,481,1.5516
28.7656,476,1.5355
28.7699,476,1.5355
28.7742,475,1.5323
28.7786,476,1.5355
28.7829,477,1.5387
28.7872,479,1.5452
28.7916,480,1.5484
28.7960,480,1.5484
28.8003,481,1.5516
28.8046,481,1.5516
28.8089,482,1.5548
28.8132,482,1.5548
28.8175,484,1.5613
28.8218,484,1.5613
28.8261,486,1.5677
28.8304,491,1.5839
28.8347,499,1.6097
28.8390,506,1.6323
28.8433,513,1.6548
28.8476,520,1.6774
28.8523,527,1.7000
28.8566,531,1.7129
28.8609,532,1.7161
28.8652,536,1.7290
28.8695,537,1.7323
28.8738,533,1.7194
28.8781,528,1.7032
28.8824,523,1.6871
28.8867,517,1.6677
28.8910,509,1.6419
28.8953,504,1.6258
28.8996,496,1.6000
28.9039,489,1.5774
28.9082,486,1.5677
28.9126,486,1.5677
28.9170,487,1.5710
28.9214,488,1.5742
28.9257,489,1.5774
28.9300,489,1.5774
28.9343,491,1.5839
28.9386,491,1.5839
28.9429,492,1.5871
28.9472,493,1.5903
28.9515,494,1.5935
28.9558,492,1.5871
28.9601,487,1.5710
28.9644,473,1.5258
28.9687,457,1.4742
28.9730,455,1.4677
28.9773,483,1.5581
28.9816,544,1.7548
28.9859,625,2.0161
28.9902,715,2.3065
28.9945,791,2.5516
28.9988,813,2.6226
29.0031,769,2.4806
29.0074,687,2.2161
29.0117,592,1.9097
29.0160,511,1.6484
29.0202,464,1.4968
29.0245,445,1.4355
29.0288,444,1.4323
29.0331,457,1.4742
29.0374,469,1.5129
29.0417,476,1.5355
29.0460,479,1.5452
29.0503,480,1.5484
29.0546,481,1.5516
29.0589,480,1.5484
29.0632,481,1.5516
29.0675,481,1.5516
29.0718,483,1.5581
29.0761,483,1.5581
29.0804,484,1.5613
29.0847,485,1.5645
29.0890,486,1.5677
29.0933,487,1.5710
29.0976,487,1.5710
29.1019,487,1.5710
29.1062,489,1.5774
29.1106,494,1.5935
29.1149,500,1.6129
29.1192,507,1.6355
29.1236,514,1.6581
29.1279,522,1.6839
29.1322,527,1.7000
29.1366,534,1.7226
29.1409,540,1.7419
29.1452,546,1.7613
29.1495,552,1.7806
29.1539,557,1.7968
29.1582,561,1.8097
29.1626,566,1.8258
29.1669,569,1.8355
29.1712,572,1.8452
29.1755,575,1.8548
29.1799,574,1.8516
29.1842,573,1.8484
29.1885,572,1.8452
29.1928,571,1.8419
29.1972,568,1.8323
29.2015,565,1.8226
29.2058,560,1.8065
29.2102,555,1.7903
29.2146,551,1.7774
29.2190,545,1.7581
29.2234,539,1.7387
29.2277,532,1.7161
29.2321,524,1.6903
29.2364,517,1.6677
29.2407,510,1.6452
29.2450,504,1.6258
29.2493,496,1.6000
29.2535,490,1.5806
29.2579,484,1.5613
29.2622,479,1.5452
29.2665,476,1.5355
29.2707,474,1.5290
29.2750,475,1.5323
29.2793,476,1.5355
29.2837,478,1.5419
29.2880,479,1.5452
29.2923,480,1.5484
29.2966,480,1.5484
29.3008,481,1.5516
29.3052,482,1.5548
29.3095,481,1.5516
29.3138,481,1.5516
29.3180,482,1.5548
29.3223,484,1.5613
29.3266,484,1.5613
29.3309,489,1.5774
29.3352,496,1.6000
29.3395,504,1.6258
29.3438,511,1.6484
29.3481,518,1.6710
29.3524,524,1.6903
29.3567,529,1.7065
29.3610,532,1.7161
29.3653,534,1.7226
29.3696,534,1.7226
29.3739,533,1.7194
29.3781,528,1.7032
29.3824,524,1.6903
29.3867,519,1.6742
29.3910,511,1.6484
29.3953,503,1.6226
29.3996,496,1.6000
29.4039,490,1.5806
29.4083,487,1.5710
29.4126,487,1.5710
29.4169,488,1.5742
29.4212,488,1.5742
29.4256,488,1.5742
29.4299,490,1.5806
29.4342,490,1.5806
29.4386,491,1.5839
29.4429,490,1.5806
29.4472,491,1.5839
29.4516,492,1.5871
29.4559,491,1.5839
29.4603,487,1.5710
29.4646,476,1.5355
29.4690,459,1.4806
29.4733,452,1.4581
29.4776,476,1.5355
29.4820,533,1.7194
29.4863,611,1.9710
29.4907,703,2.2677
29.4950,784,2.5290
29.4993,812,2.6194
29.5036,775,2.5000
29.5080,696,2.2452
29.5123,600,1.9355
29.5166,516,1.6645
29.5209,465,1.5000
29.5252,444,1.4323
29.5295,440,1.4194
29.5338,443,1.4290
29.5381,448,1.4452
29.5423,459,1.4806
29.5466,471,1.5194
29.5509,479,1.5452
29.5552,482,1.5548
29.5595,483,1.5581
29.5638,482,1.5548
29.5681,483,1.5581
29.5724,483,1.5581
29.5767,484,1.5613
29.5810,485,1.5645
29.5853,486,1.5677
29.5896,486,1.5677
29.5939,487,1.5710
29.5982,488,1.5742
29.6025,489,1.5774
29.6068,489,1.5774
29.6112,489,1.5774
29.6155,489,1.5774
29.6198,494,1.5935
29.6241,499,1.6097
29.6285,505,1.6290
29.6328,512,1.6516
29.6371,520,1.6774
29.6415,527,1.7000
29.6458,535,1.7258
29.6501,542,1.7484
29.6545,549,1.7710
29.6588,554,1.7871
29.6632,559,1.8032
29.6675,566,1.8258
29.6718,569,1.8355
29.6762,570,1.8387
29.6805,572,1.8452
29.6848,574,1.8516
29.6891,575,1.8548
29.6935,574,1.8516
29.6978,571,1.8419
29.7021,571,1.8419
29.7064,569,1.8355
29.7108,566,1.8258
29.7151,562,1.8129
29.7194,557,1.7968
29.7237,553,1.7839
29.7279,546,1.7613
29.7322,540,1.7419
29.7366,532,1.7161
29.7409,527,1.7000
29.7451,521,1.6806
29.7494,514,1.6581
29.7537,508,1.6387
29.7580,501,1.6161
29.7623,493,1.5903
29.7666,486,1.5677
29.7709,482,1.5548
29.7752,477,1.5387
29.7795,475,1.5323
29.7838,475,1.5323
29.7881,476,1.5355
29.7924,478,1.5419
29.7967,478,1.5419
29.8010,480,1.5484
29.8054,479,1.5452
29.8097,481,1.5516
29.8142,481,1.5516
29.8186,482,1.5548
29.8230,481,1.5516
29.8273,481,1.5516
29.8317,482,1.5548
29.8360,484,1.5613
29.8404,487,1.5710
29.8447,494,1.5935
29.8490,503,1.6226
29.8533,511,1.6484
29.8577,518,1.6710
29.8621,525,1.6935
29.8664,531,1.7129
29.8707,534,1.7226
29.8751,535,1.7258
29.8794,534,1.7226
29.8837,533,1.7194
29.8881,529,1.7065
29.8924,525,1.6935
29.8968,519,1.6742
29.9011,511,1.6484
29.9056,504,1.6258
29.9099,497,1.6032
29.9142,491,1.5839
29.9185,488,1.5742
29.9228,487,1.5710
29.9271,488,1.5742
29.9314,489,1.5774
29.9357,489,1.5774
29.9400,489,1.5774
29.9443,490,1.5806
29.9486,490,1.5806
29.9529,491,1.5839
29.9572,492,1.5871
29.9615,492,1.5871
29.9658,494,1.5935
29.9701,489,1.5774
29.9744,477,1.5387
29.9787,460,1.4839
29.9830,453,1.4613
29.9873,472,1.5226
29.9916,526,1.6968
29.9958,603,1.9452
30.0001,692,2.2323
30.0044,776,2.5032
30.0087,814,2.6258
30.0131,784,2.5290
30.0174,708,2.2839
30.0217,613,1.9774
30.0280,495,1.5968
30.0360,442,1.4258
30.0405,444,1.4323
30.0449,456,1.4710
30.0492,470,1.5161
30.0536,477,1.5387
30.0580,479,1.5452
30.0623,479,1.5452
30.0666,479,1.5452
30.0709,480,1.5484
30.0752,480,1.5484
30.0795,480,1.5484
30.0838,482,1.5548
30.0880,483,1.5581
30.0923,483,1.5581
30.0966,484,1.5613
30.1008,483,1.5581
30.1051,484,1.5613
30.1094,485,1.5645
30.1142,487,1.5710
30.1186,490,1.5806
30.1229,495,1.5968
30.1272,502,1.6194
30.1315,508,1.6387
30.1357,515,1.6613
30.1400,522,1.6839
30.1442,527,1.7000
30.1485,536,1.7290
30.1527,542,1.7484
30.1570,548,1.7677
30.1612,554,1.7871
30.1655,558,1.8000
30.1698,562,1.8129
30.1740,566,1.8258
30.1782,570,1.8387
30.1825,570,1.8387
30.1868,572,1.8452
30.1910,574,1.8516
30.1953,575,1.8548
30.2002,571,1.8419
30.2045,571,1.8419
30.2088,568,1.8323
30.2130,565,1.8226
30.2173,561,1.8097
30.2216,554,1.7871
30.2258,549,1.7710
30.2301,544,1.7548
30.2344,538,1.7355
30.2386,531,1.7129
30.2429,525,1.6935
30.2471,516,1.6645
30.2514,510,1.6452
30.2556,502,1.6194
30.2599,495,1.5968
30.2641,489,1.5774
30.2684,485,1.5645
30.2727,479,1.5452
30.2769,475,1.5323
30.2811,474,1.5290
30.2854,475,1.5323
30.2896,477,1.5387
30.2939,478,1.5419
30.2981,479,1.5452
30.3024,479,1.5452
30.3067,480,1.5484
30.3110,482,1.5548
30.3153,481,1.5516
30.3196,483,1.5581
30.3238,484,1.5613
30.3281,484,1.5613
30.3324,484,1.5613
30.3367,486,1.5677
30.3410,492,1.5871
30.3453,498,1.6065
30.3496,506,1.6323
30.3539,514,1.6581
30.3581,520,1.6774
30.3624,527,1.7000
30.3667,530,1.7097
30.3711,532,1.7161
30.3753,536,1.7290
30.3797,534,1.7226
30.3839,532,1.7161
30.3882,529,1.7065
30.3925,524,1.6903
30.3968,517,1.6677
30.4011,510,1.6452
30.4053,503,1.6226
30.4096,496,1.6000
30.4139,489,1.5774
30.4182,487,1.5710
30.4225,487,1.5710
30.4268,487,1.5710
30.4310,487,1.5710
30.4354,489,1.5774
30.4397,489,1.5774
30.4439,489,1.5774
30.4482,491,1.5839
30.4525,492,1.5871
30.4568,493,1.5903
30.4610,493,1.5903
30.4653,494,1.5935
30.4696,494,1.5935
30.4739,491,1.5839
30.4781,479,1.5452
30.4824,462,1.4903
30.4867,454,1.4645
30.4910,472,1.5226
30.4953,522,1.6839
30.4995,599,1.9323
30.5038,688,2.2194
30.5081,773,2.4935
30.5124,813,2.6226
30.5167,789,2.5452
30.5210,716,2.3097
30.5253,622,2.0065
30.5296,531,1.7129
30.5340,473,1.5258
30.5384,446,1.4387
30.5426,439,1.4161
30.5469,450,1.4516
30.5512,466,1.5032
30.5555,477,1.5387
30.5597,480,1.5484
30.5640,481,1.5516
30.5683,481,1.5516
30.5726,481,1.5516
30.5769,481,1.5516
30.5813,482,1.5548
30.5856,483,1.5581
30.5898,484,1.5613
30.5941,485,1.5645
30.5984,486,1.5677
30.6027,487,1.5710
30.6069,488,1.5742
30.6112,488,1.5742
30.6155,489,1.5774
30.6198,490,1.5806
30.6245,493,1.5903
30.6288,498,1.6065
30.6332,505,1.6290
30.6375,513,1.6548
30.6418,520,1.6774
30.6461,527,1.7000
30.6504,533,1.7194
30.6546,539,1.7387
30.6589,547,1.7645
30.6632,551,1.7774
30.6675,557,1.7968
30.6718,562,1.8129
30.6761,565,1.8226
30.6803,568,1.8323
30.6846,570,1.8387
30.6889,571,1.8419
30.6932,572,1.8452
30.6974,573,1.8484
30.7017,573,1.8484
30.7060,570,1.8387
30.7103,569,1.8355
30.7159,566,1.8258
30.7203,560,1.8065
30.7247,557,1.7968
30.7289,551,1.7774
30.7332,547,1.7645
30.7378,539,1.7387
30.7423,532,1.7161
30.7465,525,1.6935
30.7508,519,1.6742
30.7551,512,1.6516
30.7594,506,1.6323
30.7637,498,1.6065
30.7681,492,1.5871
30.7724,485,1.5645
30.7767,481,1.5516
30.7810,476,1.5355
30.7853,476,1.5355
30.7896,476,1.5355
30.7939,477,1.5387
30.7982,477,1.5387
30.8025,478,1.5419
30.8068,479,1.5452
30.8111,479,1.5452
30.8155,479,1.5452
30.8201,480,1.5484
30.8244,481,1.5516
30.8287,482,1.5548
30.8330,484,1.5613
30.8373,485,1.5645
30.8416,487,1.5710
30.8459,491,1.5839
30.8502,498,1.6065
30.8545,504,1.6258
30.8588,513,1.6548
30.8631,520,1.6774
30.8675,527,1.7000
30.8718,532,1.7161
30.8761,536,1.7290
30.8804,537,1.7323
30.8847,538,1.7355
30.8890,535,1.7258
30.8933,529,1.7065
30.8976,524,1.6903
30.9022,517,1.6677
30.9066,511,1.6484
30.9109,503,1.6226
30.9152,496,1.6000
30.9195,490,1.5806
30.9238,487,1.5710
30.9281,486,1.5677
30.9324,488,1.5742
30.9367,488,1.5742
30.9410,488,1.5742
30.9453,488,1.5742
30.9496,489,1.5774
30.9539,491,1.5839
30.9582,492,1.5871
30.9625,492,1.5871
30.9668,494,1.5935
30.9711,492,1.5871
30.9755,485,1.5645
30.9797,471,1.5194
30.9844,455,1.4677
30.9887,457,1.4742
30.9930,492,1.5871
30.9973,553,1.7839
31.0016,637,2.0548
31.0059,729,2.3516
31.0102,801,2.5839
31.0156,805,2.5968
31.0201,735,2.3710
31.0244,641,2.0677
31.0288,546,1.7613
31.0332,480,1.5484
31.0375,449,1.4484
31.0417,441,1.4226
31.0462,449,1.4484
31.0505,464,1.4968
31.0548,475,1.5323
31.0591,479,1.5452
31.0634,481,1.5516
31.0677,480,1.5484
31.0721,481,1.5516
31.0764,481,1.5516
31.0807,480,1.5484
31.0850,481,1.5516
31.0893,482,1.5548
31.0936,483,1.5581
31.0979,483,1.5581
31.1022,483,1.5581
31.1065,485,1.5645
31.1108,486,1.5677
31.1152,487,1.5710
31.1198,487,1.5710
31.1241,490,1.5806
31.1284,496,1.6000
31.1327,504,1.6258
31.1370,511,1.6484
31.1413,518,1.6710
31.1456,525,1.6935
31.1499,532,1.7161
31.1542,539,1.7387
31.1585,545,1.7581
31.1628,551,1.7774
31.1671,554,1.7871
31.1714,561,1.8097
31.1758,565,1.8226
31.1801,568,1.8323
31.1843,571,1.8419
31.1886,573,1.8484
31.1934,575,1.8548
31.1977,575,1.8548
31.2021,574,1.8516
31.2064,573,1.8484
31.2107,571,1.8419
31.2150,567,1.8290
31.2193,562,1.8129
31.2236,559,1.8032
31.2279,554,1.7871
31.2322,549,1.7710
31.2366,542,1.7484
31.2409,533,1.7194
31.2452,527,1.7000
31.2495,519,1.6742
31.2538,512,1.6516
31.2581,506,1.6323
31.2624,499,1.6097
31.2667,493,1.5903
31.2710,486,1.5677
31.2754,480,1.5484
31.2797,475,1.5323
31.2840,473,1.5258
31.2882,475,1.5323
31.2925,475,1.5323
31.2969,477,1.5387
31.3012,476,1.5355
31.3054,478,1.5419
31.3097,477,1.5387
31.3140,479,1.5452
31.3183,479,1.5452
31.3226,480,1.5484
31.3270,481,1.5516
31.3313,482,1.5548
31.3356,483,1.5581
31.3399,485,1.5645
31.3442,489,1.5774
31.3485,496,1.6000
31.3528,503,1.6226
31.3571,512,1.6516
31.3614,518,1.6710
31.3657,524,1.6903
31.3700,529,1.7065
31.3743,532,1.7161
31.3786,533,1.7194
31.3829,535,1.7258
31.3872,533,1.7194
31.3915,529,1.7065
31.3958,524,1.6903
31.4001,518,1.6710
31.4044,511,1.6484
31.4087,506,1.6323
31.4130,499,1.6097
31.4173,492,1.5871
31.4216,488,1.5742
31.4260,486,1.5677
31.4302,487,1.5710
31.4345,487,1.5710
31.4389,488,1.5742
31.4432,489,1.5774
31.4475,491,1.5839
31.4518,491,1.5839
31.4561,493,1.5903
31.4604,493,1.5903
31.4647,494,1.5935
31.4690,493,1.5903
31.4733,490,1.5806
31.4776,480,1.5484
31.4820,464,1.4968
31.4862,452,1.4581
31.4905,467,1.5065
31.4948,520,1.6774
31.4996,599,1.9323
31.5039,688,2.2194
31.5082,773,2.4935
31.5125,812,2.6194
31.5168,788,2.5419
31.5211,714,2.3032
31.5254,621,2.0032
31.5297,530,1.7097
31.5340,473,1.5258
31.5383,447,1.4419
31.5427,441,1.4226
31.5469,452,1.4581
31.5512,465,1.5000
31.5555,474,1.5290
31.5598,478,1.5419
31.5641,479,1.5452
31.5684,479,1.5452
31.5727,480,1.5484
31.5771,482,1.5548
31.5814,481,1.5516
31.5857,482,1.5548
31.5900,483,1.5581
31.5942,484,1.5613
31.5985,485,1.5645
31.6029,485,1.5645
31.6072,486,1.5677
31.6118,488,1.5742
31.6162,494,1.5935
31.6207,490,1.5806
31.6250,494,1.5935
31.6294,499,1.6097
31.6337,506,1.6323
31.6381,513,1.6548
31.6424,521,1.6806
31.6466,528,1.7032
31.6509,534,1.7226
31.6552,541,1.7452
31.6595,547,1.7645
31.6638,552,1.7806
31.6680,558,1.8000
31.6723,562,1.8129
31.6766,565,1.8226
31.6808,568,1.8323
31.6851,570,1.8387
31.6894,574,1.8516
31.6936,575,1.8548
31.6979,573,1.8484
31.7021,573,1.8484
31.7064,573,1.8484
31.7107,569,1.8355
31.7149,565,1.8226
31.7192,560,1.8065
31.7235,556,1.7935
31.7278,552,1.7806
31.7321,545,1.7581
31.7364,539,1.7387
31.7408,532,1.7161
31.7451,527,1.7000
31.7494,520,1.6774
31.7536,514,1.6581
31.7579,506,1.6323
31.7623,499,1.6097
31.7665,491,1.5839
31.7709,486,1.5677
31.7752,480,1.5484
31.7795,476,1.5355
31.7838,475,1.5323
31.7881,476,1.5355
31.7924,477,1.5387
31.7967,477,1.5387
31.8010,477,1.5387
31.8053,478,1.5419
31.8096,479,1.5452
31.8139,480,1.5484
31.8182,480,1.5484
31.8225,481,1.5516
31.8268,482,1.5548
31.8310,483,1.5581
31.8353,484,1.5613
31.8396,484,1.5613
31.8439,487,1.5710
31.8481,492,1.5871
31.8524,500,1.6129
31.8567,508,1.6387
31.8609,515,1.6613
31.8652,523,1.6871
31.8695,528,1.7032
31.8738,532,1.7161
31.8780,533,1.7194
31.8823,535,1.7258
31.8866,533,1.7194
31.8908,530,1.7097
31.8951,527,1.7000
31.8994,521,1.6806
31.9036,515,1.6613
31.9080,508,1.6387
31.9124,501,1.6161
31.9168,494,1.5935
31.9211,489,1.5774
31.9254,487,1.5710
31.9297,486,1.5677
31.9339,487,1.5710
31.9382,488,1.5742
31.9424,489,1.5774
31.9467,490,1.5806
31.9510,491,1.5839
31.9553,491,1.5839
31.9596,491,1.5839
31.9638,491,1.5839
31.9681,492,1.5871
31.9724,490,1.5806
31.9766,483,1.5581
31.9809,468,1.5097
31.9851,455,1.4677
31.9894,454,1.4645
31.9937,486,1.5677
31.9980,545,1.7581
32.0022,629,2.0290
32.0065,721,2.3258
32.0108,793,2.5581
32.0150,811,2.6161
32.0193,766,2.4710
32.0235,686,2.2129
32.0278,589,1.9000
32.0321,508,1.6387
32.0364,462,1.4903
32.0407,443,1.4290
32.0450,444,1.4323
32.0493,457,1.4742
32.0536,470,1.5161
32.0579,476,1.5355
32.0622,480,1.5484
32.0664,479,1.5452
32.0707,480,1.5484
32.0750,480,1.5484
32.0793,481,1.5516
32.0836,482,1.5548
32.0879,481,1.5516
32.0922,482,1.5548
32.0965,483,1.5581
32.1008,485,1.5645
32.1050,485,1.5645
32.1093,486,1.5677
32.1136,486,1.5677
32.1179,486,1.5677
32.1222,488,1.5742
32.1266,491,1.5839
32.1309,497,1.6032
32.1352,505,1.6290
32.1395,512,1.6516
32.1438,519,1.6742
32.1481,526,1.6968
32.1524,534,1.7226
32.1567,540,1.7419
32.1610,546,1.7613
32.1652,552,1.7806
32.1696,557,1.7968
32.1739,562,1.8129
32.1782,565,1.8226
32.1825,568,1.8323
32.1868,573,1.8484
32.1911,575,1.8548
32.1953,575,1.8548
32.1996,573,1.8484
32.2039,572,1.8452
32.2082,571,1.8419
32.2125,568,1.8323
32.2168,566,1.8258
32.2211,561,1.8097
32.2254,557,1.7968
32.2297,552,1.7806
32.2340,546,1.7613
32.2383,539,1.7387
32.2426,534,1.7226
32.2469,527,1.7000
32.2512,519,1.6742
32.2555,512,1.6516
32.2598,505,1.6290
32.2640,498,1.6065
32.2683,491,1.5839
32.2726,485,1.5645
32.2769,478,1.5419
32.2812,474,1.5290
32.2855,474,1.5290
32.2898,474,1.5290
32.2941,475,1.5323
32.2984,476,1.5355
32.3027,475,1.5323
32.3070,476,1.5355
32.3113,478,1.5419
32.3156,479,1.5452
32.3199,480,1.5484
32.3242,482,1.5548
32.3285,483,1.5581
32.3328,483,1.5581
32.3371,484,1.5613
32.3414,485,1.5645
32.3457,489,1.5774
32.3500,497,1.6032
32.3543,504,1.6258
32.3586,512,1.6516
32.3629,519,1.6742
32.3672,525,1.6935
32.3715,530,1.7097
32.3758,533,1.7194
32.3801,536,1.7290
32.3844,536,1.7290
32.3887,534,1.7226
32.3976,524,1.6903
32.4021,518,1.6710
32.4064,511,1.6484
32.4107,502,1.6194
32.4150,497,1.6032
32.4193,491,1.5839
32.4235,488,1.5742
32.4278,487,1.5710
32.4321,487,1.5710
32.4364,488,1.5742
32.4407,487,1.5710
32.4449,489,1.5774
32.4492,490,1.5806
32.4535,490,1.5806
32.4577,491,1.5839
32.4620,491,1.5839
32.4663,491,1.5839
32.4706,493,1.5903
32.4748,490,1.5806
32.4791,479,1.5452
32.4833,463,1.4935
32.4876,453,1.4613
32.4918,470,1.5161
32.4961,517,1.6677
32.5003,591,1.9065
32.5046,678,2.1871
32.5089,767,2.4742
32.5133,812,2.6194
32.5176,790,2.5484
32.5220,717,2.3129
32.5262,625,2.0161
32.5305,534,1.7226
32.5348,475,1.5323
32.5390,447,1.4419
32.5433,440,1.4194
32.5475,443,1.4290
32.5522,454,1.4645
32.5564,466,1.5032
32.5607,475,1.5323
32.5650,480,1.5484
32.5693,481,1.5516
32.5735,481,1.5516
32.5778,482,1.5548
32.5821,482,1.5548
32.5864,484,1.5613
32.5906,484,1.5613
32.5949,486,1.5677
32.5991,487,1.5710
32.6034,487,1.5710
32.6076,488,1.5742
32.6119,490,1.5806
32.6161,490,1.5806
32.6204,490,1.5806
32.6247,491,1.5839
32.6289,494,1.5935
32.6332,498,1.6065
32.6376,505,1.6290
32.6418,511,1.6484
32.6461,519,1.6742
32.6504,526,1.6968
32.6547,533,1.7194
32.6590,539,1.7387
32.6633,545,1.7581
32.6676,551,1.7774
32.6719,556,1.7935
32.6762,560,1.8065
32.6805,564,1.8194
32.6848,568,1.8323
32.6892,572,1.8452
32.6934,574,1.8516
32.6977,574,1.8516
32.7021,574,1.8516
32.7064,573,1.8484
32.7107,571,1.8419
32.7151,570,1.8387
32.7194,567,1.8290
32.7237,562,1.8129
32.7280,557,1.7968
32.7324,553,1.7839
32.7367,548,1.7677
32.7410,542,1.7484
32.7453,538,1.7355
32.7496,531,1.7129
32.7539,525,1.6935
32.7582,517,1.6677
32.7625,509,1.6419
32.7668,503,1.6226
32.7711,497,1.6032
32.7754,491,1.5839
32.7797,484,1.5613
32.7840,479,1.5452
32.7883,475,1.5323
32.7926,474,1.5290
32.7969,476,1.5355
32.8012,478,1.5419
32.8055,478,1.5419
32.8098,478,1.5419
32.8152,479,1.5452
32.8196,479,1.5452
32.8240,480,1.5484
32.8283,482,1.5548
32.8328,482,1.5548
32.8372,484,1.5613
32.8415,484,1.5613
32.8458,484,1.5613
32.8501,488,1.5742
32.8544,494,1.5935
32.8587,502,1.6194
32.8630,510,1.6452
32.8673,517,1.6677
32.8716,523,1.6871
32.8759,529,1.7065
32.8802,532,1.7161
32.8845,534,1.7226
32.8888,534,1.7226
32.8931,534,1.7226
32.8974,529,1.7065
32.9017,524,1.6903
32.9060,519,1.6742
32.9103,512,1.6516
32.9146,506,1.6323
32.9189,498,1.6065
32.9232,491,1.5839
32.9275,487,1.5710
32.9318,486,1.5677
32.9361,486,1.5677
32.9404,486,1.5677
32.9447,487,1.5710
32.9490,487,1.5710
32.9533,489,1.5774
32.9576,489,1.5774
32.9620,489,1.5774
32.9663,489,1.5774
32.9706,491,1.5839
32.9749,492,1.5871
32.9792,492,1.5871
32.9835,493,1.5903
32.9877,493,1.5903
32.9921,486,1.5677
32.9964,471,1.5194
33.0007,456,1.4710
33.0050,459,1.4806
33.0093,495,1.5968
33.0136,560,1.8065
33.0178,644,2.0774
33.0222,734,2.3677
33.0264,802,2.5871
33.0307,807,2.6032
33.0350,753,2.4290
33.0394,665,2.1452
33.0437,569,1.8355
33.0481,494,1.5935
33.0524,454,1.4645
33.0567,440,1.4194
33.0611,445,1.4355
33.0654,459,1.4806
33.0697,471,1.5194
33.0741,477,1.5387
33.0784,479,1.5452
33.0827,480,1.5484
33.0871,480,1.5484
33.0914,480,1.5484
33.0957,481,1.5516
33.1001,483,1.5581
33.1044,484,1.5613
33.1088,485,1.5645
33.1131,484,1.5613
33.1174,485,1.5645
33.1218,485,1.5645
33.1261,485,1.5645
33.1304,485,1.5645
33.1348,487,1.5710
33.1391,490,1.5806
33.1434,495,1.5968
33.1477,501,1.6161
33.1521,508,1.6387
33.1564,517,1.6677
33.1606,524,1.6903
33.1650,533,1.7194
33.1693,540,1.7419
33.1735,546,1.7613
33.1778,551,1.7774
33.1821,555,1.7903
33.1864,560,1.8065
33.1907,565,1.8226
33.1950,568,1.8323
33.1993,572,1.8452
33.2036,572,1.8452
33.2079,574,1.8516
33.2122,574,1.8516
33.2165,574,1.8516
33.2208,572,1.8452
33.2251,570,1.8387
33.2294,568,1.8323
33.2337,564,1.8194
33.2380,559,1.8032
33.2423,553,1.7839
33.2467,548,1.7677
33.2510,543,1.7516
33.2553,535,1.7258
33.2597,528,1.7032
33.2640,522,1.6839
33.2683,515,1.6613
33.2727,508,1.6387
33.2770,502,1.6194
33.2813,496,1.6000
33.2857,488,1.5742
33.2900,482,1.5548
33.2943,476,1.5355
33.2987,473,1.5258
33.3030,472,1.5226
33.3073,474,1.5290
33.3117,476,1.5355
33.3160,479,1.5452
33.3203,479,1.5452
33.3247,480,1.5484
33.3290,480,1.5484
33.3333,481,1.5516
33.3379,483,1.5581
33.3422,483,1.5581
33.3465,483,1.5581
33.3508,483,1.5581
33.3550,485,1.5645
33.3593,488,1.5742
33.3639,495,1.5968
33.3682,502,1.6194
33.3725,510,1.6452
33.3767,517,1.6677
33.3810,522,1.6839
33.3852,528,1.7032
33.3896,532,1.7161
33.3939,535,1.7258
33.3981,535,1.7258
33.4024,533,1.7194
33.4066,530,1.7097
33.4110,526,1.6968
33.4168,522,1.6839
33.4212,512,1.6516
33.4259,502,1.6194
33.4302,495,1.5968
33.4345,490,1.5806
33.4387,488,1.5742
33.4430,487,1.5710
33.4473,488,1.5742
33.4516,489,1.5774
33.4559,490,1.5806
33.4601,491,1.5839
33.4644,491,1.5839
33.4686,491,1.5839
33.4729,491,1.5839
33.4772,492,1.5871
33.4814,492,1.5871
33.4856,493,1.5903
33.4903,489,1.5774
33.4946,475,1.5323
33.4989,458,1.4774
33.5031,451,1.4548
33.5079,477,1.5387
33.5122,533,1.7194
33.5164,611,1.9710
33.5207,704,2.2710
33.5249,783,2.5258
33.5292,814,2.6258
33.5335,779,2.5129
33.5378,702,2.2645
33.5421,607,1.9581
33.5463,521,1.6806
33.5506,468,1.5097
33.5549,445,1.4355
33.5591,442,1.4258
33.5634,455,1.4677
33.5677,469,1.5129
33.5720,476,1.5355
33.5762,480,1.5484
33.5805,480,1.5484
33.5848,481,1.5516
33.5891,481,1.5516
33.5934,482,1.5548
33.5977,483,1.5581
33.6021,482,1.5548
33.6064,484,1.5613
33.6107,486,1.5677
33.6150,485,1.5645
33.6193,485,1.5645
33.6236,486,1.5677
33.6279,486,1.5677
33.6322,487,1.5710
33.6365,489,1.5774
33.6409,492,1.5871
33.6453,498,1.6065
33.6496,506,1.6323
33.6540,513,1.6548
33.6583,521,1.6806
33.6626,526,1.6968
33.6670,533,1.7194
33.6713,539,1.7387
33.6756,546,1.7613
33.6800,552,1.7806
33.6843,557,1.7968
33.6886,562,1.8129
33.6930,566,1.8258
33.6973,568,1.8323
33.7017,572,1.8452
33.7060,574,1.8516
33.7104,574,1.8516
33.7156,573,1.8484
33.7201,572,1.8452
33.7245,569,1.8355
33.7288,568,1.8323
33.7332,565,1.8226
33.7376,560,1.8065
33.7420,554,1.7871
33.7463,549,1.7710
33.7506,543,1.7516
33.7549,537,1.7323
33.7592,531,1.7129
33.7635,524,1.6903
33.7678,516,1.6645
33.7721,509,1.6419
33.7764,503,1.6226
33.7807,495,1.5968
33.7850,487,1.5710
33.7893,483,1.5581
33.7936,477,1.5387
33.7979,475,1.5323
33.8022,475,1.5323
33.8065,476,1.5355
33.8108,477,1.5387
33.8151,477,1.5387
33.8194,478,1.5419
33.8237,478,1.5419
33.8280,480,1.5484
33.8322,481,1.5516
33.8366,481,1.5516
33.8409,481,1.5516
33.8452,483,1.5581
33.8495,484,1.5613
33.8539,485,1.5645
33.8582,486,1.5677
33.8625,492,1.5871
33.8669,498,1.6065
33.8712,507,1.6355
33.8755,515,1.6613
33.8799,521,1.6806
33.8842,527,1.7000
33.8885,531,1.7129
33.8929,535,1.7258
33.8972,535,1.7258
33.9015,534,1.7226
33.9059,530,1.7097
33.9102,526,1.6968
33.9145,520,1.6774
33.9189,514,1.6581
33.9232,507,1.6355
33.9276,501,1.6161
33.9319,494,1.5935
33.9363,490,1.5806
33.9406,487,1.5710
33.9450,486,1.5677
33.9493,486,1.5677
33.9536,487,1.5710
33.9579,488,1.5742
33.9622,488,1.5742
33.9665,490,1.5806
33.9708,491,1.5839
33.9751,492,1.5871
33.9794,492,1.5871
33.9837,492,1.5871
33.9880,491,1.5839
33.9923,485,1.5645
33.9965,470,1.5161
34.0008,455,1.4677
34.0052,459,1.4806
34.0095,496,1.6000
34.0137,561,1.8097
34.0180,646,2.0839
34.0223,736,2.3742
34.0266,803,2.5903
34.0309,807,2.6032
34.0352,752,2.4258
34.0395,665,2.1452
34.0439,567,1.8290
34.0483,494,1.5935
34.0526,455,1.4677
34.0569,442,1.4258
34.0613,447,1.4419
34.0656,461,1.4871
34.0700,473,1.5258
34.0743,479,1.5452
34.0786,480,1.5484
34.0829,479,1.5452
34.0873,480,1.5484
34.0916,482,1.5548
34.0959,483,1.5581
34.1003,483,1.5581
34.1046,483,1.5581
34.1090,484,1.5613
34.1133,484,1.5613
34.1176,485,1.5645
34.1220,485,1.5645
34.1263,486,1.5677
34.1307,487,1.5710
34.1350,488,1.5742
34.1394,490,1.5806
34.1437,496,1.6000
34.1480,503,1.6226
34.1524,510,1.6452
34.1567,518,1.6710
34.1610,524,1.6903
34.1653,530,1.7097
34.1701,538,1.7355
34.1745,544,1.7548
34.1788,551,1.7774
34.1830,557,1.7968
34.1873,562,1.8129
34.1917,564,1.8194
34.1959,567,1.8290
34.2002,569,1.8355
34.2045,572,1.8452
34.2088,574,1.8516
34.2131,575,1.8548
34.2174,574,1.8516
34.2217,571,1.8419
34.2260,568,1.8323
34.2303,566,1.8258
34.2346,562,1.8129
34.2389,557,1.7968
34.2432,552,1.7806
34.2475,546,1.7613
34.2518,541,1.7452
34.2561,534,1.7226
34.2604,527,1.7000
34.2647,520,1.6774
34.2690,514,1.6581
34.2734,507,1.6355
34.2776,500,1.6129
34.2820,493,1.5903
34.2863,487,1.5710
34.2905,481,1.5516
34.2949,476,1.5355
34.2992,474,1.5290
34.3035,474,1.5290
34.3077,476,1.5355
34.3153,478,1.5419
34.3198,479,1.5452
34.3242,481,1.5516
34.3285,481,1.5516
34.3328,480,1.5484
34.3372,481,1.5516
34.3415,481,1.5516
34.3457,482,1.5548
34.3500,483,1.5581
34.3544,483,1.5581
34.3587,485,1.5645
34.3630,491,1.5839
34.3673,500,1.6129
34.3715,508,1.6387
34.3759,514,1.6581
34.3801,520,1.6774
34.3844,526,1.6968
34.3887,530,1.7097
34.3931,533,1.7194
34.3974,535,1.7258
34.4017,534,1.7226
34.4060,531,1.7129
34.4103,527,1.7000
34.4146,520,1.6774
34.4189,514,1.6581
34.4232,506,1.6323
34.4274,499,1.6097
34.4317,492,1.5871
34.4361,487,1.5710
34.4404,486,1.5677
34.4447,487,1.5710
34.4490,487,1.5710
34.4533,489,1.5774
34.4576,489,1.5774
34.4620,490,1.5806
34.4664,492,1.5871
34.4707,492,1.5871
34.4750,494,1.5935
34.4794,493,1.5903
34.4837,494,1.5935
34.4880,491,1.5839
34.4923,483,1.5581
34.4967,468,1.5097
34.5010,453,1.4613
34.5054,458,1.4774
34.5097,497,1.6032
34.5140,565,1.8226
34.5184,654,2.1097
34.5227,744,2.4000
34.5270,807,2.6032
34.5314,805,2.5968
34.5357,741,2.3903
34.5401,651,2.1000
34.5444,555,1.7903
34.5488,484,1.5613
34.5532,449,1.4484
34.5575,440,1.4194
34.5618,447,1.4419
34.5661,461,1.4871
34.5704,472,1.5226
34.5747,477,1.5387
34.5790,478,1.5419
34.5833,478,1.5419
34.5876,479,1.5452
34.5919,481,1.5516
34.5962,481,1.5516
34.6005,482,1.5548
34.6048,484,1.5613
34.6100,485,1.5645
34.6155,486,1.5677
34.6200,486,1.5677
34.6244,486,1.5677
34.6287,487,1.5710
34.6331,488,1.5742
34.6374,490,1.5806
34.6417,493,1.5903
34.6460,499,1.6097
34.6503,505,1.6290
34.6546,513,1.6548
34.6589,521,1.6806
34.6632,529,1.7065
34.6675,535,1.7258
34.6718,541,1.7452
34.6761,546,1.7613
34.6804,553,1.7839
34.6847,558,1.8000
34.6890,561,1.8097
34.6933,566,1.8258
34.6976,568,1.8323
34.7019,570,1.8387
34.7063,573,1.8484
34.7106,574,1.8516
34.7149,572,1.8452
34.7192,571,1.8419
34.7235,570,1.8387
34.7278,568,1.8323
34.7321,564,1.8194
34.7364,561,1.8097
34.7407,555,1.7903
34.7450,550,1.7742
34.7493,543,1.7516
34.7536,537,1.7323
34.7580,532,1.7161
34.7623,525,1.6935
34.7667,518,1.6710
34.7710,511,1.6484
34.7753,506,1.6323
34.7796,498,1.6065
34.7840,492,1.5871
34.7883,486,1.5677
34.7927,480,1.5484
34.7970,477,1.5387
34.8013,475,1.5323
34.8057,476,1.5355
34.8100,478,1.5419
34.8143,478,1.5419
34.8187,478,1.5419
34.8230,480,1.5484
34.8273,481,1.5516
34.8317,481,1.5516
34.8360,482,1.5548
34.8404,482,1.5548
34.8447,482,1.5548
34.8490,484,1.5613
34.8534,483,1.5581
34.8577,485,1.5645
34.8620,490,1.5806
34.8663,497,1.6032
34.8706,505,1.6290
34.8749,512,1.6516
34.8792,518,1.6710
34.8835,523,1.6871
34.8878,529,1.7065
34.8921,533,1.7194
34.8964,535,1.7258
34.9007,535,1.7258
34.9050,532,1.7161
34.9093,528,1.7032
34.9136,523,1.6871
34.9179,514,1.6581
34.9222,508,1.6387
34.9265,500,1.6129
34.9308,494,1.5935
34.9351,488,1.5742
34.9394,486,1.5677
34.9437,485,1.5645
34.9480,487,1.5710
34.9524,487,1.5710
34.9567,488,1.5742
34.9611,489,1.5774
34.9654,490,1.5806
34.9698,489,1.5774
34.9741,491,1.5839
34.9784,492,1.5871
34.9827,492,1.5871
34.9871,491,1.5839
34.9914,485,1.5645
34.9957,471,1.5194
35.0001,455,1.4677
35.0044,454,1.4645
35.0088,486,1.5677
35.0131,549,1.7710
35.0174,632,2.0387
35.0218,724,2.3355
35.0261,796,2.5677
35.0305,809,2.6097
35.0350,756,2.4387
35.0395,662,2.1355
35.0441,562,1.8129
35.0486,488,1.5742
35.0530,451,1.4548
35.0573,441,1.4226
35.0617,447,1.4419
35.0660,462,1.4903
35.0703,473,1.5258
35.0746,479,1.5452
35.0789,479,1.5452
35.0832,479,1.5452
35.0875,480,1.5484
35.0918,482,1.5548
35.0961,482,1.5548
35.1004,482,1.5548
35.1047,483,1.5581
35.1090,483,1.5581
35.1133,484,1.5613
35.1176,485,1.5645
35.1219,486,1.5677
35.1262,486,1.5677
35.1305,488,1.5742
35.1349,488,1.5742
35.1392,490,1.5806
35.1434,495,1.5968
35.1477,503,1.6226
35.1521,509,1.6419
35.1564,517,1.6677
35.1607,523,1.6871
35.1650,531,1.7129
35.1693,537,1.7323
35.1736,544,1.7548
35.1779,549,1.7710
35.1822,555,1.7903
35.1865,561,1.8097
35.1908,565,1.8226
35.1950,569,1.8355
35.1994,571,1.8419
35.2036,571,1.8419
35.2079,572,1.8452
35.2123,574,1.8516
35.2170,572,1.8452
35.2214,573,1.8484
35.2257,571,1.8419
35.2300,569,1.8355
35.2345,565,1.8226
35.2388,559,1.8032
35.2431,553,1.7839
35.2474,549,1.7710
35.2517,543,1.7516
35.2560,535,1.7258
35.2603,529,1.7065
35.2646,524,1.6903
35.2689,515,1.6613
35.2732,507,1.6355
35.2775,500,1.6129
35.2818,495,1.5968
35.2861,489,1.5774
35.2904,482,1.5548
35.2947,477,1.5387
35.2990,474,1.5290
35.3033,475,1.5323
35.3076,475,1.5323
35.3119,477,1.5387
35.3162,478,1.5419
35.3205,479,1.5452
35.3248,480,1.5484
35.3291,481,1.5516
35.3334,481,1.5516
35.3377,481,1.5516
35.3421,482,1.5548
35.3464,482,1.5548
35.3507,483,1.5581
35.3550,484,1.5613
35.3593,487,1.5710
35.3636,494,1.5935
35.3680,500,1.6129
35.3723,509,1.6419
35.3766,517,1.6677
35.3810,523,1.6871
35.3853,529,1.7065
35.3896,531,1.7129
35.3940,533,1.7194
35.3983,535,1.7258
35.4026,535,1.7258
35.4070,530,1.7097
35.4113,526,1.6968
35.4156,520,1.6774
35.4200,514,1.6581
35.4243,505,1.6290
35.4286,498,1.6065
35.4330,494,1.5935
35.4373,489,1.5774
35.4416,487,1.5710
35.4460,488,1.5742
35.4503,489,1.5774
35.4546,489,1.5774
35.4590,490,1.5806
35.4633,490,1.5806
35.4676,490,1.5806
35.4719,491,1.5839
35.4762,492,1.5871
35.4805,492,1.5871
35.4848,494,1.5935
35.4891,491,1.5839
35.4934,482,1.5548
35.4977,466,1.5032
35.5020,454,1.4645
35.5063,465,1.5000
35.5107,510,1.6452
35.5151,585,1.8871
35.5194,677,2.1839
35.5238,766,2.4710
35.5282,813,2.6226
35.5325,793,2.5581
35.5368,723,2.3323
35.5411,629,2.0290
35.5454,539,1.7387
35.5497,477,1.5387
35.5540,448,1.4452
35.5583,440,1.4194
35.5626,443,1.4290
35.5669,451,1.4548
35.5712,465,1.5000
35.5755,475,1.5323
35.5798,480,1.5484
35.5842,480,1.5484
35.5885,481,1.5516
35.5928,482,1.5548
35.5971,482,1.5548
35.6014,483,1.5581
35.6057,483,1.5581
35.6100,485,1.5645
35.6143,486,1.5677
35.6186,487,1.5710
35.6229,488,1.5742
35.6272,488,1.5742
35.6315,489,1.5774
35.6358,489,1.5774
35.6401,490,1.5806
35.6444,492,1.5871
35.6487,497,1.6032
35.6530,503,1.6226
35.6573,511,1.6484
35.6616,520,1.6774
35.6659,524,1.6903
35.6702,532,1.7161
35.6745,539,1.7387
35.6788,545,1.7581
35.6831,552,1.7806
35.6874,556,1.7935
35.6917,560,1.8065
35.6960,565,1.8226
35.7003,567,1.8290
35.7046,572,1.8452
35.7089,575,1.8548
35.7132,577,1.8613
35.7175,577,1.8613
35.7218,574,1.8516
35.7261,571,1.8419
35.7304,570,1.8387
35.7347,566,1.8258
35.7390,564,1.8194
35.7433,561,1.8097
35.7476,555,1.7903
35.7519,550,1.7742
35.7562,544,1.7548
35.7605,538,1.7355
35.7648,532,1.7161
35.7692,523,1.6871
35.7735,515,1.6613
35.7778,510,1.6452
35.7822,503,1.6226
35.7865,498,1.6065
35.7908,490,1.5806
35.7952,484,1.5613
35.7995,479,1.5452
35.8038,477,1.5387
35.8082,477,1.5387
35.8125,478,1.5419
35.8168,478,1.5419
35.8212,479,1.5452
35.8255,480,1.5484
35.8298,481,1.5516
35.8342,482,1.5548
35.8386,482,1.5548
35.8429,481,1.5516
35.8472,482,1.5548
35.8515,484,1.5613
35.8559,484,1.5613
35.8602,484,1.5613
35.8645,486,1.5677
35.8689,492,1.5871
35.8732,499,1.6097
35.8775,508,1.6387
35.8818,516,1.6645
35.8861,523,1.6871
35.8903,527,1.7000
35.8947,532,1.7161
35.8989,534,1.7226
35.9032,535,1.7258
35.9075,533,1.7194
35.9118,530,1.7097
35.9161,525,1.6935
35.9204,520,1.6774
35.9247,513,1.6548
35.9291,507,1.6355
35.9334,500,1.6129
35.9377,492,1.5871
35.9420,487,1.5710
35.9469,487,1.5710
35.9512,487,1.5710
35.9555,488,1.5742
35.9598,490,1.5806
35.9641,489,1.5774
35.9684,489,1.5774
35.9727,491,1.5839
35.9770,492,1.5871
35.9813,492,1.5871
35.9856,493,1.5903
35.9899,493,1.5903
35.9942,491,1.5839
35.9985,481,1.5516
36.0028,465,1.5000
36.0071,453,1.4613
36.0114,464,1.4968
36.0157,508,1.6387
36.0200,582,1.8774
36.0243,671,2.1645
36.0286,758,2.4452
36.0329,812,2.6194
36.0372,797,2.5710
36.0415,728,2.3484
36.0458,637,2.0548
36.0501,544,1.7548
36.0544,480,1.5484
36.0587,449,1.4484
36.0631,440,1.4194
36.0674,441,1.4226
36.0717,444,1.4323
36.0761,452,1.4581
36.0804,464,1.4968
36.0847,474,1.5290
36.0891,479,1.5452
36.0934,481,1.5516
36.0977,481,1.5516
36.1022,482,1.5548
36.1065,483,1.5581
36.1109,484,1.5613
36.1156,485,1.5645
36.1201,485,1.5645
36.1246,485,1.5645
36.1289,486,1.5677
36.1333,487,1.5710
36.1377,488,1.5742
36.1421,488,1.5742
36.1464,488,1.5742
36.1508,490,1.5806
36.1551,494,1.5935
36.1594,502,1.6194
36.1639,508,1.6387
36.1689,516,1.6645
36.1733,523,1.6871
36.1775,529,1.7065
36.1818,537,1.7323
36.1862,544,1.7548
36.1905,549,1.7710
36.1948,556,1.7935
36.1995,562,1.8129
36.2039,567,1.8290
36.2082,571,1.8419
36.2124,573,1.8484
36.2167,575,1.8548
36.2211,577,1.8613
36.2254,577,1.8613
36.2297,577,1.8613
36.2340,575,1.8548
36.2383,572,1.8452
36.2426,572,1.8452
36.2469,567,1.8290
36.2512,562,1.8129
36.2555,557,1.7968
36.2598,552,1.7806
36.2642,546,1.7613
36.2685,539,1.7387
36.2728,533,1.7194
36.2771,526,1.6968
36.2817,518,1.6710
36.2860,510,1.6452
36.2903,503,1.6226
36.2946,497,1.6032
36.2989,491,1.5839
36.3032,484,1.5613
36.3075,478,1.5419
36.3118,473,1.5258
36.3161,473,1.5258
36.3204,474,1.5290
36.3247,475,1.5323
36.3291,477,1.5387
36.3334,478,1.5419
36.3377,478,1.5419
36.3420,480,1.5484
36.3463,481,1.5516
36.3506,481,1.5516
36.3549,482,1.5548
36.3592,482,1.5548
36.3638,482,1.5548
36.3682,483,1.5581
36.3725,485,1.5645
36.3768,491,1.5839
36.3811,497,1.6032
36.3854,504,1.6258
36.3897,512,1.6516
36.3940,520,1.6774
36.3983,525,1.6935
36.4026,530,1.7097
36.4069,535,1.7258
36.4113,536,1.7290
36.4157,534,1.7226
36.4201,532,1.7161
36.4245,529,1.7065
36.4297,521,1.6806
36.4340,514,1.6581
36.4383,507,1.6355
36.4426,500,1.6129
36.4469,494,1.5935
36.4513,489,1.5774
36.4556,488,1.5742
36.4598,487,1.5710
36.4642,487,1.5710
36.4685,489,1.5774
36.4728,491,1.5839
36.4771,491,1.5839
36.4814,492,1.5871
36.4857,491,1.5839
36.4900,492,1.5871
36.4943,493,1.5903
36.4986,494,1.5935
36.5029,493,1.5903
36.5079,484,1.5613
36.5122,468,1.5097
36.5165,454,1.4645
36.5207,461,1.4871
36.5250,502,1.6194
36.5293,571,1.8419
36.5335,656,2.1161
36.5378,746,2.4065
36.5421,806,2.6000
36.5463,805,2.5968
36.5506,746,2.4065
36.5548,660,2.1290
36.5591,564,1.8194
36.5633,493,1.5903
36.5676,455,1.4677
36.5719,442,1.4258
36.5762,446,1.4387
36.5805,459,1.4806
36.5847,470,1.5161
36.5889,476,1.5355
36.5932,477,1.5387
36.5975,479,1.5452
36.6017,480,1.5484
36.6060,480,1.5484
36.6103,480,1.5484
36.6145,483,1.5581
36.6188,483,1.5581
36.6230,484,1.5613
36.6273,485,1.5645
36.6315,485,1.5645
36.6358,486,1.5677
36.6401,487,1.5710
36.6444,487,1.5710
36.6486,489,1.5774
36.6529,491,1.5839
36.6572,495,1.5968
36.6614,501,1.6161
36.6657,507,1.6355
36.6699,514,1.6581
36.6742,519,1.6742
36.6785,522,1.6839
36.6828,526,1.6968
36.6871,531,1.7129
36.6913,538,1.7355
36.6957,545,1.7581
36.6999,551,1.7774
36.7043,556,1.7935
36.7086,561,1.8097
36.7128,566,1.8258
36.7171,568,1.8323
36.7214,570,1.8387
36.7257,572,1.8452
36.7300,573,1.8484
36.7342,574,1.8516
36.7385,572,1.8452
36.7428,571,1.8419
36.7471,569,1.8355
36.7513,566,1.8258
36.7556,562,1.8129
36.7599,557,1.7968
36.7642,553,1.7839
36.7685,547,1.7645
36.7728,541,1.7452
36.7771,534,1.7226
36.7814,528,1.7032
36.7856,521,1.6806
36.7899,514,1.6581
36.7942,507,1.6355
36.7986,501,1.6161
36.8028,495,1.5968
36.8071,488,1.5742
36.8115,483,1.5581
36.8157,478,1.5419
36.8201,475,1.5323
36.8243,475,1.5323
36.8286,477,1.5387
36.8329,478,1.5419
36.8372,478,1.5419
36.8415,478,1.5419
36.8458,479,1.5452
36.8501,479,1.5452
36.8544,479,1.5452
36.8587,481,1.5516
36.8630,482,1.5548
36.8673,482,1.5548
36.8716,484,1.5613
36.8759,486,1.5677
36.8802,488,1.5742
36.8845,493,1.5903
36.8888,501,1.6161
36.8931,509,1.6419
36.8974,517,1.6677
36.9017,523,1.6871
36.9060,529,1.7065
36.9103,533,1.7194
36.9146,537,1.7323
36.9188,537,1.7323
36.9231,534,1.7226
36.9274,531,1.7129
36.9317,528,1.7032
36.9360,522,1.6839
36.9403,517,1.6677
36.9446,510,1.6452
36.9489,502,1.6194
36.9532,494,1.5935
36.9575,489,1.5774
36.9618,487,1.5710
36.9661,486,1.5677
36.9704,488,1.5742
36.9746,489,1.5774
36.9789,490,1.5806
36.9832,490,1.5806
36.9875,491,1.5839
36.9918,491,1.5839
36.9961,492,1.5871
37.0003,492,1.5871
37.0046,493,1.5903
37.0089,491,1.5839
37.0132,484,1.5613
37.0179,468,1.5097
37.0223,453,1.4613
37.0267,461,1.4871
37.0310,502,1.6194
37.0354,572,1.8452
37.0397,659,2.1258
37.0440,749,2.4161
37.0483,809,2.6097
37.0526,804,2.5935
37.0568,742,2.3935
37.0612,652,2.1032
37.0655,557,1.7968
37.0698,488,1.5742
37.0741,453,1.4613
37.0783,440,1.4194
37.0826,447,1.4419
37.0869,461,1.4871
37.0912,472,1.5226
37.0954,477,1.5387
37.0997,479,1.5452
37.1039,479,1.5452
37.1082,479,1.5452
37.1125,481,1.5516
37.1168,483,1.5581
37.1210,483,1.5581
37.1253,483,1.5581
37.1296,484,1.5613
37.1338,485,1.5645
37.1381,484,1.5613
37.1423,484,1.5613
37.1466,484,1.5613
37.1509,484,1.5613
37.1551,486,1.5677
37.1594,488,1.5742
37.1636,494,1.5935
37.1679,500,1.6129
37.1721,508,1.6387
37.1764,515,1.6613
37.1807,522,1.6839
37.1850,528,1.7032
37.1893,535,1.7258
37.1936,542,1.7484
37.1979,547,1.7645
37.2022,553,1.7839
37.2065,557,1.7968
37.2108,562,1.8129
37.2151,564,1.8194
37.2193,568,1.8323
37.2236,571,1.8419
37.2279,573,1.8484
37.2323,574,1.8516
37.2366,573,1.8484
37.2409,571,1.8419
37.2452,569,1.8355
37.2495,567,1.8290
37.2538,563,1.8161
37.2581,558,1.8000
37.2623,552,1.7806
37.2666,547,1.7645
37.2709,542,1.7484
37.2752,535,1.7258
37.2799,529,1.7065
37.2842,522,1.6839
37.2889,514,1.6581
37.2932,506,1.6323
37.2975,500,1.6129
37.3018,493,1.5903
37.3061,487,1.5710
37.3117,481,1.5516
37.3176,475,1.5323
37.3221,473,1.5258
37.3265,474,1.5290
37.3308,475,1.5323
37.3352,475,1.5323
37.3396,476,1.5355
37.3439,478,1.5419
37.3482,479,1.5452
37.3525,479,1.5452
37.3569,480,1.5484
37.3612,479,1.5452
37.3655,481,1.5516
37.3699,483,1.5581
37.3742,484,1.5613
37.3786,486,1.5677
37.3829,490,1.5806
37.3872,498,1.6065
37.3915,506,1.6323
37.3958,513,1.6548
37.4001,520,1.6774
37.4044,525,1.6935
37.4086,529,1.7065
37.4129,533,1.7194
37.4172,535,1.7258
37.4215,534,1.7226
37.4258,531,1.7129
37.4301,526,1.6968
37.4344,521,1.6806
37.4388,516,1.6645
37.4431,508,1.6387
37.4474,502,1.6194
37.4516,496,1.6000
37.4559,490,1.5806
37.4602,487,1.5710
37.4645,487,1.5710
37.4688,487,1.5710
37.4731,488,1.5742
37.4774,487,1.5710
37.4817,489,1.5774
37.4861,490,1.5806
37.4904,491,1.5839
37.4947,491,1.5839
37.4991,491,1.5839
37.5034,492,1.5871
37.5077,491,1.5839
37.5120,487,1.5710
37.5164,474,1.5290
37.5207,459,1.4806
37.5250,455,1.4677
37.5294,483,1.5581
37.5339,545,1.7581
37.5383,628,2.0258
37.5426,720,2.3226
37.5470,794,2.5613
37.5513,811,2.6161
37.5556,763,2.4613
37.5599,679,2.1903
37.5643,581,1.8742
37.5686,502,1.6194
37.5729,459,1.4806
37.5772,442,1.4258
37.5816,444,1.4323
37.5859,456,1.4710
37.5902,468,1.5097
37.5945,475,1.5323
37.5988,477,1.5387
37.6031,478,1.5419
37.6074,477,1.5387
37.6117,479,1.5452
37.6159,481,1.5516
37.6202,481,1.5516
37.6245,482,1.5548
37.6288,482,1.5548
37.6333,483,1.5581
37.6376,484,1.5613
37.6420,485,1.5645
37.6463,486,1.5677
37.6505,486,1.5677
37.6548,488,1.5742
37.6591,491,1.5839
37.6634,495,1.5968
37.6677,500,1.6129
37.6720,506,1.6323
37.6763,514,1.6581
37.6806,521,1.6806
37.6850,528,1.7032
37.6893,536,1.7290
37.6936,543,1.7516
37.6980,548,1.7677
37.7023,554,1.7871
37.7066,560,1.8065
37.7110,563,1.8161
37.7153,566,1.8258
37.7237,571,1.8419
37.7281,571,1.8419
37.7325,571,1.8419
37.7369,572,1.8452
37.7412,569,1.8355
37.7455,568,1.8323
37.7498,565,1.8226
37.7542,564,1.8194
37.7585,559,1.8032
37.7628,554,1.7871
37.7672,548,1.7677
37.7715,542,1.7484
37.7758,536,1.7290
37.7803,529,1.7065
37.7846,523,1.6871
37.7889,516,1.6645
37.7932,509,1.6419
37.7975,501,1.6161
37.8018,494,1.5935
37.8061,488,1.5742
37.8104,482,1.5548
37.8147,477,1.5387
37.8190,475,1.5323
37.8233,475,1.5323
37.8276,475,1.5323
37.8319,475,1.5323
37.8363,476,1.5355
37.8406,477,1.5387
37.8449,477,1.5387
37.8492,479,1.5452
37.8534,480,1.5484
37.8577,480,1.5484
37.8621,481,1.5516
37.8664,482,1.5548
37.8707,483,1.5581
37.8750,483,1.5581
37.8792,486,1.5677
37.8835,491,1.5839
37.8879,498,1.6065
37.8923,506,1.6323
37.8966,513,1.6548
37.9009,520,1.6774
37.9052,526,1.6968
37.9096,531,1.7129
37.9141,536,1.7290
37.9221,537,1.7323
37.9265,532,1.7161
37.9309,528,1.7032
37.9353,523,1.6871
37.9397,515,1.6613
37.9440,508,1.6387
37.9483,500,1.6129
37.9527,494,1.5935
37.9570,488,1.5742
37.9613,486,1.5677
37.9656,486,1.5677
37.9700,488,1.5742
37.9743,489,1.5774
37.9786,489,1.5774
37.9830,491,1.5839
37.9873,492,1.5871
37.9916,492,1.5871
37.9959,493,1.5903
38.0002,493,1.5903
38.0045,493,1.5903
38.0088,493,1.5903
38.0131,485,1.5645
38.0174,471,1.5194
38.0217,456,1.4710
38.0259,458,1.4774
38.0302,492,1.5871
38.0346,557,1.7968
38.0389,643,2.0742
38.0432,733,2.3645
38.0475,802,2.5871
38.0518,808,2.6065
38.0561,757,2.4419
38.0604,672,2.1677
38.0646,574,1.8516
38.0689,497,1.6032
38.0732,456,1.4710
38.0775,442,1.4258
38.0818,445,1.4355
38.0861,459,1.4806
38.0905,471,1.5194
38.0948,477,1.5387
38.0991,479,1.5452
38.1035,480,1.5484
38.1078,481,1.5516
38.1121,482,1.5548
38.1165,483,1.5581
38.1208,483,1.5581
38.1251,484,1.5613
38.1294,484,1.5613
38.1338,486,1.5677
38.1382,487,1.5710
38.1425,486,1.5677
38.1468,487,1.5710
38.1512,487,1.5710
38.1555,489,1.5774
38.1598,491,1.5839
38.1642,496,1.6000
38.1685,502,1.6194
38.1728,509,1.6419
38.1772,515,1.6613
38.1815,523,1.6871
38.1858,530,1.7097
38.1901,538,1.7355
38.1944,544,1.7548
38.1987,550,1.7742
38.2030,556,1.7935
38.2073,559,1.8032
38.2117,563,1.8161
38.2161,566,1.8258
38.2205,570,1.8387
38.2249,573,1.8484
38.2293,575,1.8548
38.2336,574,1.8516
38.2379,571,1.8419
38.2422,570,1.8387
38.2465,569,1.8355
38.2508,566,1.8258
38.2551,562,1.8129
38.2594,559,1.8032
38.2637,554,1.7871
38.2680,548,1.7677
38.2723,543,1.7516
38.2766,536,1.7290
38.2809,528,1.7032
38.2852,522,1.6839
38.2895,515,1.6613
38.2939,509,1.6419
38.2982,502,1.6194
38.3025,493,1.5903
38.3068,488,1.5742
38.3111,481,1.5516
38.3154,476,1.5355
38.3197,474,1.5290
38.3240,475,1.5323
38.3283,476,1.5355
38.3325,478,1.5419
38.3368,478,1.5419
38.3412,479,1.5452
38.3455,479,1.5452
38.3498,479,1.5452
38.3541,481,1.5516
38.3583,481,1.5516
38.3626,482,1.5548
38.3669,482,1.5548
38.3712,484,1.5613
38.3755,485,1.5645
38.3798,486,1.5677
38.3841,491,1.5839
38.3884,500,1.6129
38.3928,508,1.6387
38.3971,516,1.6645
38.4014,521,1.6806
38.4057,527,1.7000
38.4101,532,1.7161
38.4144,535,1.7258
38.4187,536,1.7290
38.4231,534,1.7226
38.4274,531,1.7129
38.4317,526,1.6968
38.4361,519,1.6742
38.4404,514,1.6581
38.4447,507,1.6355
38.4491,500,1.6129
38.4534,493,1.5903
38.4577,488,1.5742
38.4621,486,1.5677
38.4665,486,1.5677
38.4708,488,1.5742
38.4751,490,1.5806
38.4794,490,1.5806
38.4838,491,1.5839
38.4881,490,1.5806
38.4925,491,1.5839
38.4967,492,1.5871
38.5010,493,1.5903
38.5053,493,1.5903
38.5096,493,1.5903
38.5139,494,1.5935
38.5182,493,1.5903
38.5225,482,1.5548
38.5268,465,1.5000
38.5311,454,1.4645
38.5354,467,1.5065
38.5397,511,1.6484
38.5440,583,1.8806
38.5483,672,2.1677
38.5526,759,2.4484
38.5569,811,2.6161
38.5612,797,2.5710
38.5654,733,2.3645
38.5698,641,2.0677
38.5740,548,1.7677
38.5783,483,1.5581
38.5826,451,1.4548
38.5869,442,1.4258
38.5912,447,1.4419
38.5956,461,1.4871
38.5999,473,1.5258
38.6042,479,1.5452
38.6086,481,1.5516
38.6129,481,1.5516
38.6172,482,1.5548
38.6216,482,1.5548
38.6259,483,1.5581
38.6302,483,1.5581
38.6346,483,1.5581
38.6389,484,1.5613
38.6432,484,1.5613
38.6476,484,1.5613
38.6520,485,1.5645
38.6563,488,1.5742
38.6606,488,1.5742
38.6650,488,1.5742
38.6693,490,1.5806
38.6736,495,1.5968
38.6779,504,1.6258
38.6823,510,1.6452
38.6866,518,1.6710
38.6909,525,1.6935
38.6953,532,1.7161
38.6996,539,1.7387
38.7038,546,1.7613
38.7081,550,1.7742
38.7124,556,1.7935
38.7167,560,1.8065
38.7210,564,1.8194
38.7253,567,1.8290
38.7296,569,1.8355
38.7339,572,1.8452
38.7382,574,1.8516
38.7425,574,1.8516
38.7468,574,1.8516
38.7511,573,1.8484
38.7554,569,1.8355
38.7597,568,1.8323
38.7640,564,1.8194
38.7683,558,1.8000
38.7726,552,1.7806
38.7769,547,1.7645
38.7812,541,1.7452
38.7855,535,1.7258
38.7899,528,1.7032
38.7942,522,1.6839
38.7985,515,1.6613
38.8029,508,1.6387
38.8072,502,1.6194
38.8115,495,1.5968
38.8160,489,1.5774
38.8205,483,1.5581
38.8250,477,1.5387
38.8299,474,1.5290
38.8343,474,1.5290
38.8387,475,1.5323
38.8430,477,1.5387
38.8474,479,1.5452
38.8517,480,1.5484
38.8561,480,1.5484
38.8604,481,1.5516
38.8648,481,1.5516
38.8691,482,1.5548
38.8734,482,1.5548
38.8778,483,1.5581
38.8821,483,1.5581
38.8864,485,1.5645
38.8920,491,1.5839
38.8964,499,1.6097
38.9007,507,1.6355
38.9050,514,1.6581
38.9093,522,1.6839
38.9136,527,1.7000
38.9179,532,1.7161
38.9222,535,1.7258
38.9265,535,1.7258
38.9308,534,1.7226
38.9351,532,1.7161
38.9394,529,1.7065
38.9437,523,1.6871
38.9481,517,1.6677
38.9524,510,1.6452
38.9567,502,1.6194
38.9610,496,1.6000
38.9653,488,1.5742
38.9696,486,1.5677
38.9739,486,1.5677
38.9782,488,1.5742
38.9825,490,1.5806
38.9868,491,1.5839
38.9911,491,1.5839
38.9954,491,1.5839
38.9998,492,1.5871
39.0041,493,1.5903
39.0083,494,1.5935
39.0126,495,1.5968
39.0169,494,1.5935
39.0213,488,1.5742
39.0256,474,1.5290
39.0298,458,1.4774
39.0341,456,1.4710
39.0384,484,1.5613
39.0433,551,1.7774
39.0476,636,2.0516
39.0520,728,2.3484
39.0563,798,2.5742
39.0606,811,2.6161
39.0649,759,2.4484
39.0692,675,2.1774
39.0735,579,1.8677
39.0778,500,1.6129
39.0821,457,1.4742
39.0864,442,1.4258
39.0907,445,1.4355
39.0950,459,1.4806
39.0994,471,1.5194
39.1037,478,1.5419
39.1080,480,1.5484
39.1124,480,1.5484
39.1176,481,1.5516
39.1221,482,1.5548
39.1265,482,1.5548
39.1308,483,1.5581
39.1351,483,1.5581
39.1394,484,1.5613
39.1442,485,1.5645
39.1486,485,1.5645
39.1529,486,1.5677
39.1572,486,1.5677
39.1615,486,1.5677
39.1658,487,1.5710
39.1702,491,1.5839
39.1745,497,1.6032
39.1795,505,1.6290
39.1839,512,1.6516
39.1882,519,1.6742
39.1925,527,1.7000
39.1968,533,1.7194
39.2011,540,1.7419
39.2054,546,1.7613
39.2097,551,1.7774
39.2140,554,1.7871
39.2183,560,1.8065
39.2226,564,1.8194
39.2269,568,1.8323
39.2312,570,1.8387
39.2355,573,1.8484
39.2398,573,1.8484
39.2441,573,1.8484
39.2484,572,1.8452
39.2528,569,1.8355
39.2571,569,1.8355
39.2614,565,1.8226
39.2657,562,1.8129
39.2700,559,1.8032
39.2743,553,1.7839
39.2786,547,1.7645
39.2829,540,1.7419
39.2872,535,1.7258
39.2915,528,1.7032
39.2958,520,1.6774
39.3001,512,1.6516
39.3044,506,1.6323
39.3087,499,1.6097
39.3130,492,1.5871
39.3173,485,1.5645
39.3216,481,1.5516
39.3259,477,1.5387
39.3302,476,1.5355
39.3345,476,1.5355
39.3388,477,1.5387
39.3431,477,1.5387
39.3475,477,1.5387
39.3518,478,1.5419
39.3561,479,1.5452
39.3604,479,1.5452
39.3647,481,1.5516
39.3690,482,1.5548
39.3733,483,1.5581
39.3776,484,1.5613
39.3819,484,1.5613
39.3862,485,1.5645
39.3905,490,1.5806
39.3948,496,1.6000
39.3991,504,1.6258
39.4034,511,1.6484
39.4083,519,1.6742
39.4126,525,1.6935
39.4169,530,1.7097
39.4212,533,1.7194
39.4254,534,1.7226
39.4298,536,1.7290
39.4341,535,1.7258
39.4384,530,1.7097
39.4427,524,1.6903
39.4470,518,1.6710
39.4513,512,1.6516
39.4556,506,1.6323
39.4599,497,1.6032
39.4642,491,1.5839
39.4685,488,1.5742
39.4729,487,1.5710
39.4772,487,1.5710
39.4815,489,1.5774
39.4858,489,1.5774
39.4901,490,1.5806
39.4944,491,1.5839
39.4987,490,1.5806
39.5033,491,1.5839
39.5077,492,1.5871
39.5120,493,1.5903
39.5163,492,1.5871
39.5206,489,1.5774
39.5249,475,1.5323
39.5292,458,1.4774
39.5335,452,1.4581
39.5379,476,1.5355
39.5422,531,1.7129
39.5473,626,2.0194
39.5516,718,2.3161
39.5559,793,2.5581
39.5602,810,2.6129
39.5645,766,2.4710
39.5688,682,2.2000
39.5731,587,1.8935
39.5774,505,1.6290
39.5817,459,1.4806
39.5860,440,1.4194
39.5903,442,1.4258
39.5946,456,1.4710
39.5989,469,1.5129
39.6032,476,1.5355
39.6075,478,1.5419
39.6124,480,1.5484
39.6167,480,1.5484
39.6210,481,1.5516
39.6253,481,1.5516
39.6296,482,1.5548
39.6340,482,1.5548
39.6383,483,1.5581
39.6425,483,1.5581
39.6468,484,1.5613
39.6511,485,1.5645
39.6555,486,1.5677
39.6598,486,1.5677
39.6641,486,1.5677
39.6684,490,1.5806
39.6727,495,1.5968
39.6770,502,1.6194
39.6813,508,1.6387
39.6856,515,1.6613
39.6899,523,1.6871
39.6942,530,1.7097
39.6985,537,1.7323
39.7028,544,1.7548
39.7071,549,1.7710
39.7114,554,1.7871
39.7161,558,1.8000
39.7205,562,1.8129
39.7249,566,1.8258
39.7292,570,1.8387
39.7337,572,1.8452
39.7380,573,1.8484
39.7423,575,1.8548
39.7466,574,1.8516
39.7512,572,1.8452
39.7556,572,1.8452
39.7599,569,1.8355
39.7642,564,1.8194
39.7685,558,1.8000
39.7728,554,1.7871
39.7771,549,1.7710
39.7814,543,1.7516
39.7857,536,1.7290
39.7900,530,1.7097
39.7943,523,1.6871
39.7991,513,1.6548
39.8034,507,1.6355
39.8077,500,1.6129
39.8125,493,1.5903
39.8168,487,1.5710
39.8211,481,1.5516
39.8254,476,1.5355
39.8297,473,1.5258
39.8340,474,1.5290
39.8384,475,1.5323
39.8427,477,1.5387
39.8469,477,1.5387
39.8512,478,1.5419
39.8556,479,1.5452
39.8599,480,1.5484
39.8642,481,1.5516
39.8685,481,1.5516
39.8728,481,1.5516
39.8771,483,1.5581
39.8814,483,1.5581
39.8857,484,1.5613
39.8900,484,1.5613
39.8943,488,1.5742
39.8987,494,1.5935
39.9030,500,1.6129
39.9073,508,1.6387
39.9116,516,1.6645
39.9159,523,1.6871
39.9202,528,1.7032
39.9245,533,1.7194
39.9288,537,1.7323
39.9331,536,1.7290
39.9374,534,1.7226
39.9417,532,1.7161
39.9460,527,1.7000
39.9503,522,1.6839
39.9546,516,1.6645
39.9589,508,1.6387
39.9632,500,1.6129
39.9675,494,1.5935
39.9718,488,1.5742
39.9761,487,1.5710
39.9805,487,1.5710
39.9848,488,1.5742
39.9890,490,1.5806
39.9933,490,1.5806
39.9976,489,1.5774
40.0020,490,1.5806
40.0063,492,1.5871
40.0106,493,1.5903
40.0150,493,1.5903
40.0194,493,1.5903
40.0239,490,1.5806
40.0284,481,1.5516
40.0337,461,1.4871
40.0416,467,1.5065
40.0461,515,1.6613
40.0505,593,1.9129
40.0549,682,2.2000
40.0597,777,2.5065
40.0641,813,2.6226
40.0684,782,2.5226
40.0727,705,2.2742
40.0770,612,1.9742
40.0813,525,1.6935
40.0856,469,1.5129
40.0899,445,1.4355
40.0942,442,1.4258
40.0985,451,1.4548
40.1028,465,1.5000
40.1071,475,1.5323
40.1114,479,1.5452
40.1157,481,1.5516
40.1200,480,1.5484
40.1243,481,1.5516
40.1286,480,1.5484
40.1329,480,1.5484
40.1372,482,1.5548
40.1415,482,1.5548
40.1458,483,1.5581
40.1501,483,1.5581
40.1544,484,1.5613
40.1587,485,1.5645
40.1630,486,1.5677
40.1673,487,1.5710
40.1716,489,1.5774
40.1759,493,1.5903
40.1802,498,1.6065
40.1845,505,1.6290
40.1888,511,1.6484
40.1931,519,1.6742
40.1974,526,1.6968
40.2017,533,1.7194
40.2061,539,1.7387
40.2104,545,1.7581
40.2146,551,1.7774
40.2189,556,1.7935
40.2232,561,1.8097
40.2275,565,1.8226
40.2318,569,1.8355
40.2361,571,1.8419
40.2404,573,1.8484
40.2447,573,1.8484
40.2490,573,1.8484
40.2533,573,1.8484
40.2577,572,1.8452
40.2620,570,1.8387
40.2663,566,1.8258
40.2706,562,1.8129
40.2749,557,1.7968
40.2792,552,1.7806
40.2835,547,1.7645
40.2878,540,1.7419
40.2921,534,1.7226
40.2964,527,1.7000
40.3007,520,1.6774
40.3050,512,1.6516
40.3093,506,1.6323
40.3136,499,1.6097
40.3179,491,1.5839
40.3222,485,1.5645
40.3265,480,1.5484
40.3308,477,1.5387
40.3351,475,1.5323
40.3394,475,1.5323
40.3437,476,1.5355
40.3480,476,1.5355
40.3523,477,1.5387
40.3567,478,1.5419
40.3610,480,1.5484
40.3653,481,1.5516
40.3696,481,1.5516
40.3739,482,1.5548
40.3782,483,1.5581
40.3825,482,1.5548
40.3868,483,1.5581
40.3911,483,1.5581
40.3954,488,1.5742
40.3997,494,1.5935
40.4040,502,1.6194
40.4083,510,1.6452
40.4126,517,1.6677
40.4169,524,1.6903
40.4212,529,1.7065
40.4255,531,1.7129
40.4298,534,1.7226
40.4341,535,1.7258
40.4384,534,1.7226
40.4427,529,1.7065
40.4470,524,1.6903
40.4513,520,1.6774
40.4556,513,1.6548
40.4599,505,1.6290
40.4642,497,1.6032
40.4685,490,1.5806
40.4728,487,1.5710
40.4771,485,1.5645
40.4814,486,1.5677
40.4857,486,1.5677
40.4900,487,1.5710
40.4943,489,1.5774
40.4986,490,1.5806
40.5029,491,1.5839
40.5072,491,1.5839
40.5116,492,1.5871
40.5159,493,1.5903
40.5202,493,1.5903
40.5245,493,1.5903
40.5288,492,1.5871
40.5331,483,1.5581
40.5374,467,1.5065
40.5417,455,1.4677
40.5460,464,1.4968
40.5503,504,1.6258
40.5546,573,1.8484
40.5589,660,2.1290
40.5632,751,2.4226
40.5675,810,2.6129
40.5718,803,2.5903
40.5761,737,2.3774
40.5804,648,2.0903
40.5848,552,1.7806
40.5891,485,1.5645
40.5934,451,1.4548
40.5977,442,1.4258
40.6020,449,1.4484
40.6063,463,1.4935
40.6106,473,1.5258
40.6150,479,1.5452
40.6222,480,1.5484
40.6266,488,1.5742
40.6308,481,1.5516
40.6352,483,1.5581
40.6395,483,1.5581
40.6437,484,1.5613
40.6480,485,1.5645
40.6523,485,1.5645
40.6565,485,1.5645
40.6608,486,1.5677
40.6651,487,1.5710
40.6693,487,1.5710
40.6736,487,1.5710
40.6779,490,1.5806
40.6821,494,1.5935
40.6864,501,1.6161
40.6906,507,1.6355
40.6949,514,1.6581
40.6992,521,1.6806
40.7034,529,1.7065
40.7077,536,1.7290
40.7120,543,1.7516
40.7163,549,1.7710
40.7206,554,1.7871
40.7249,557,1.7968
40.7291,562,1.8129
40.7334,566,1.8258
40.7377,570,1.8387
40.7420,572,1.8452
40.7462,575,1.8548
40.7505,575,1.8548
40.7547,576,1.8581
40.7590,573,1.8484
40.7633,571,1.8419
40.7675,570,1.8387
40.7718,567,1.8290
40.7761,562,1.8129
40.7804,556,1.7935
40.7846,550,1.7742
40.7889,544,1.7548
40.7931,537,1.7323
40.7974,532,1.7161
40.8016,526,1.6968
40.8059,519,1.6742
40.8101,511,1.6484
40.8145,507,1.6355
40.8188,499,1.6097
40.8231,492,1.5871
40.8274,486,1.5677
40.8317,480,1.5484
40.8359,475,1.5323
40.8403,474,1.5290
40.8446,475,1.5323
40.8489,476,1.5355
40.8531,477,1.5387
40.8574,478,1.5419
40.8617,479,1.5452
40.8660,479,1.5452
40.8703,480,1.5484
40.8746,481,1.5516
40.8789,482,1.5548
40.8832,483,1.5581
40.8875,484,1.5613
40.8918,484,1.5613
40.8960,485,1.5645
40.9003,488,1.5742
40.9046,494,1.5935
40.9089,502,1.6194
40.9133,511,1.6484
40.9177,519,1.6742
40.9222,524,1.6903
40.9266,531,1.7129
40.9310,534,1.7226
40.9353,536,1.7290
40.9396,536,1.7290
40.9440,532,1.7161
40.9483,526,1.6968
40.9526,521,1.6806
40.9570,516,1.6645
40.9613,509,1.6419
40.9657,503,1.6226
40.9700,496,1.6000
40.9743,489,1.5774
40.9787,487,1.5710
40.9830,487,1.5710
40.9873,487,1.5710
40.9917,487,1.5710
40.9960,489,1.5774
41.0003,489,1.5774
41.0047,490,1.5806
41.0090,490,1.5806
41.0133,490,1.5806
41.0176,492,1.5871
41.0220,492,1.5871
41.0263,491,1.5839
41.0306,487,1.5710
41.0349,475,1.5323
41.0392,459,1.4806
41.0435,451,1.4548
41.0478,475,1.5323
41.0521,529,1.7065
41.0564,608,1.9613
41.0607,700,2.2581
41.0650,780,2.5161
41.0693,812,2.6194
41.0736,781,2.5194
41.0778,704,2.2710
41.0821,609,1.9645
41.0864,522,1.6839
41.0907,468,1.5097
41.0950,444,1.4323
41.0993,441,1.4226
41.1036,453,1.4613
41.1080,467,1.5065
41.1123,475,1.5323
41.1166,480,1.5484
41.1210,480,1.5484
41.1253,481,1.5516
41.1296,481,1.5516
41.1340,482,1.5548
41.1383,482,1.5548
41.1426,482,1.5548
41.1469,483,1.5581
41.1513,483,1.5581
41.1556,484,1.5613
41.1599,485,1.5645
41.1643,487,1.5710
41.1686,488,1.5742
41.1729,488,1.5742
41.1772,488,1.5742
41.1816,491,1.5839
41.1859,497,1.6032
41.1902,504,1.6258
41.1946,511,1.6484
41.1989,519,1.6742
41.2032,525,1.6935
41.2075,532,1.7161
41.2119,539,1.7387
41.2162,543,1.7516
41.2205,550,1.7742
41.2248,553,1.7839
41.2291,560,1.8065
41.2334,565,1.8226
41.2377,567,1.8290
41.2420,570,1.8387
41.2463,572,1.8452
41.2506,573,1.8484
41.2549,573,1.8484
41.2592,573,1.8484
41.2635,570,1.8387
41.2678,567,1.8290
41.2721,565,1.8226
41.2764,560,1.8065
41.2810,556,1.7935
41.2854,551,1.7774
41.2897,546,1.7613
41.2940,539,1.7387
41.2983,533,1.7194
41.3025,525,1.6935
41.3068,517,1.6677
41.3111,512,1.6516
41.3154,504,1.6258
41.3198,498,1.6065
41.3241,491,1.5839
41.3284,485,1.5645
41.3328,480,1.5484
41.3371,475,1.5323
41.3414,474,1.5290
41.3457,475,1.5323
41.3501,475,1.5323
41.3544,477,1.5387
41.3587,478,1.5419
41.3631,478,1.5419
41.3674,479,1.5452
41.3717,480,1.5484
41.3761,480,1.5484
41.3804,480,1.5484
41.3847,480,1.5484
41.3890,482,1.5548
41.3934,483,1.5581
41.3977,486,1.5677
41.4020,490,1.5806
41.4064,497,1.6032
41.4108,505,1.6290
41.4153,514,1.6581
41.4195,520,1.6774
41.4238,527,1.7000
41.4281,531,1.7129
41.4324,535,1.7258
41.4367,537,1.7323
41.4409,536,1.7290
41.4452,533,1.7194
41.4495,527,1.7000
41.4537,522,1.6839
41.4580,515,1.6613
41.4622,508,1.6387
41.4665,501,1.6161
41.4708,494,1.5935
41.4751,489,1.5774
41.4794,486,1.5677
41.4836,485,1.5645
41.4879,486,1.5677
41.4921,487,1.5710
41.4964,489,1.5774
41.5007,489,1.5774
41.5049,489,1.5774
41.5092,489,1.5774
41.5135,490,1.5806
41.5179,490,1.5806
41.5223,492,1.5871
41.5267,493,1.5903
41.5310,493,1.5903
41.5354,494,1.5935
41.5397,495,1.5968
41.5440,496,1.6000
41.5483,492,1.5871
41.5526,480,1.5484
41.5569,464,1.4968
41.5612,455,1.4677
41.5655,476,1.5355
41.5699,527,1.7000
41.5742,607,1.9581
41.5785,696,2.2452
41.5828,779,2.5129
41.5871,817,2.6355
41.5914,788,2.5419
41.5957,710,2.2903
41.6000,616,1.9871
41.6043,528,1.7032
41.6086,472,1.5226
41.6129,448,1.4452
41.6172,444,1.4323
41.6215,455,1.4677
41.6258,468,1.5097
41.6301,476,1.5355
41.6344,480,1.5484
41.6387,482,1.5548
41.6429,482,1.5548
41.6472,483,1.5581
41.6515,483,1.5581
41.6557,484,1.5613
41.6600,484,1.5613
41.6642,484,1.5613
41.6685,485,1.5645
41.6727,486,1.5677
41.6770,487,1.5710
41.6813,488,1.5742
41.6855,488,1.5742
41.6898,489,1.5774
41.6940,490,1.5806
41.6983,494,1.5935
41.7026,497,1.6032
41.7068,505,1.6290
41.7111,513,1.6548
41.7153,520,1.6774
41.7197,526,1.6968
41.7240,534,1.7226
41.7282,541,1.7452
41.7325,546,1.7613
41.7368,551,1.7774
41.7412,557,1.7968
41.7454,562,1.8129
41.7497,566,1.8258
41.7540,568,1.8323
41.7583,571,1.8419
41.7626,573,1.8484
41.7669,575,1.8548
41.7712,574,1.8516
41.7755,574,1.8516
41.7798,574,1.8516
41.7841,571,1.8419
41.7884,569,1.8355
41.7926,564,1.8194
41.7969,560,1.8065
41.8012,553,1.7839
41.8056,547,1.7645
41.8099,542,1.7484
41.8142,537,1.7323
41.8186,532,1.7161
41.8230,526,1.6968
41.8274,519,1.6742
41.8316,512,1.6516
41.8359,504,1.6258
41.8402,498,1.6065
41.8445,492,1.5871
41.8488,485,1.5645
41.8531,478,1.5419
41.8574,475,1.5323
41.8617,475,1.5323
41.8660,475,1.5323
41.8703,479,1.5452
41.8746,477,1.5387
41.8789,479,1.5452
41.8832,479,1.5452
41.8875,480,1.5484
41.8918,481,1.5516
41.8961,483,1.5581
41.9004,484,1.5613
41.9047,483,1.5581
41.9090,483,1.5581
41.9133,484,1.5613
41.9176,486,1.5677
41.9219,491,1.5839
41.9262,498,1.6065
41.9305,506,1.6323
41.9348,514,1.6581
41.9391,521,1.6806
41.9434,527,1.7000
41.9477,531,1.7129
41.9520,534,1.7226
41.9563,534,1.7226
41.9606,535,1.7258
41.9649,532,1.7161
41.9692,527,1.7000
41.9735,523,1.6871
41.9778,516,1.6645
41.9821,508,1.6387
41.9864,502,1.6194
41.9907,495,1.5968
41.9950,490,1.5806
41.9992,488,1.5742
42.0035,487,1.5710
42.0078,488,1.5742
42.0121,489,1.5774
42.0164,489,1.5774
42.0207,490,1.5806
42.0251,490,1.5806
42.0294,491,1.5839
42.0338,491,1.5839
42.0381,492,1.5871
42.0424,492,1.5871
42.0467,490,1.5806
42.0511,486,1.5677
42.0554,472,1.5226
42.0597,457,1.4742
42.0641,452,1.4581
42.0684,481,1.5516
42.0728,540,1.7419
42.0771,622,2.0065
42.0814,716,2.3097
42.0857,792,2.5548
42.0901,813,2.6226
42.0944,770,2.4839
42.0987,686,2.2129
42.1031,590,1.9032
42.1074,509,1.6419
42.1117,462,1.4903
42.1161,444,1.4323
42.1204,445,1.4355
42.1247,458,1.4774
42.1290,472,1.5226
42.1335,478,1.5419
42.1378,481,1.5516
42.1421,480,1.5484
42.1464,481,1.5516
42.1507,481,1.5516
42.1550,481,1.5516
42.1593,482,1.5548
42.1636,483,1.5581
42.1679,483,1.5581
42.1722,484,1.5613
42.1765,485,1.5645
42.1808,486,1.5677
42.1850,487,1.5710
42.1893,487,1.5710
42.1936,487,1.5710
42.1979,489,1.5774
42.2022,495,1.5968
42.2065,500,1.6129
42.2108,506,1.6323
42.2151,513,1.6548
42.2194,521,1.6806
42.2237,527,1.7000
42.2281,536,1.7290
42.2324,542,1.7484
42.2368,547,1.7645
42.2411,553,1.7839
42.2454,557,1.7968
42.2498,562,1.8129
42.2541,566,1.8258
42.2584,568,1.8323
42.2628,572,1.8452
42.2671,573,1.8484
42.2714,574,1.8516
42.2758,573,1.8484
42.2801,571,1.8419
42.2844,569,1.8355
42.2887,567,1.8290
42.2931,563,1.8161
42.2974,560,1.8065
42.3017,554,1.7871
42.3061,549,1.7710
42.3104,542,1.7484
42.3147,536,1.7290
42.3191,529,1.7065
42.3234,522,1.6839
42.3277,515,1.6613
42.3320,509,1.6419
42.3362,504,1.6258
42.3405,497,1.6032
42.3448,491,1.5839
42.3491,484,1.5613
42.3534,479,1.5452
42.3577,476,1.5355
42.3620,476,1.5355
42.3662,477,1.5387
42.3705,478,1.5419
42.3747,478,1.5419
42.3790,479,1.5452
42.3833,480,1.5484
42.3875,481,1.5516
42.3918,481,1.5516
42.3961,481,1.5516
42.4003,481,1.5516
42.4046,482,1.5548
42.4089,484,1.5613
42.4131,485,1.5645
42.4175,485,1.5645
42.4223,486,1.5677
42.4267,491,1.5839
42.4311,497,1.6032
42.4363,508,1.6387
42.4407,515,1.6613
42.4451,522,1.6839
42.4494,527,1.7000
42.4537,531,1.7129
42.4581,534,1.7226
42.4624,536,1.7290
42.4668,534,1.7226
42.4711,531,1.7129
42.4754,526,1.6968
42.4798,522,1.6839
42.4842,514,1.6581
42.4885,507,1.6355
42.4928,499,1.6097
42.4971,494,1.5935
42.5015,488,1.5742
42.5058,486,1.5677
42.5103,488,1.5742
42.5147,489,1.5774
42.5192,490,1.5806
42.5235,489,1.5774
42.5279,488,1.5742
42.5322,490,1.5806
42.5365,491,1.5839
42.5408,491,1.5839
42.5451,492,1.5871
42.5494,493,1.5903
42.5537,490,1.5806
42.5580,481,1.5516
42.5623,464,1.4968
42.5666,451,1.4548
42.5709,460,1.4839
42.5752,500,1.6129
42.5795,570,1.8387
42.5838,658,2.1226
42.5882,749,2.4161
42.5925,809,2.6097
42.5967,801,2.5839
42.6012,738,2.3806
42.6055,646,2.0839
42.6098,550,1.7742
42.6141,484,1.5613
42.6184,449,1.4484
42.6227,439,1.4161
42.6271,446,1.4387
42.6314,462,1.4903
42.6357,474,1.5290
42.6400,478,1.5419
42.6443,479,1.5452
42.6486,480,1.5484
42.6529,481,1.5516
42.6572,482,1.5548
42.6615,482,1.5548
42.6658,482,1.5548
42.6701,482,1.5548
42.6745,483,1.5581
42.6788,485,1.5645
42.6834,485,1.5645
42.6877,486,1.5677
42.6920,486,1.5677
42.6963,487,1.5710
42.7005,488,1.5742
42.7047,490,1.5806
42.7090,496,1.6000
42.7133,502,1.6194
42.7180,510,1.6452
42.7224,517,1.6677
42.7268,524,1.6903
42.7311,532,1.7161
42.7354,539,1.7387
42.7397,546,1.7613
42.7439,551,1.7774
42.7482,555,1.7903
42.7525,560,1.8065
42.7568,565,1.8226
42.7611,568,1.8323
42.7658,572,1.8452
42.7701,574,1.8516
42.7744,575,1.8548
42.7786,575,1.8548
42.7829,574,1.8516
42.7872,572,1.8452
42.7915,570,1.8387
42.7958,567,1.8290
42.8001,560,1.8065
42.8044,556,1.7935
42.8086,551,1.7774
42.8130,546,1.7613
42.8172,541,1.7452
42.8215,535,1.7258
42.8259,527,1.7000
42.8302,520,1.6774
42.8346,513,1.6548
42.8389,507,1.6355
42.8431,500,1.6129
42.8477,492,1.5871
42.8521,487,1.5710
42.8564,483,1.5581
42.8606,479,1.5452
42.8648,477,1.5387
42.8691,476,1.5355
42.8734,476,1.5355
42.8777,476,1.5355
42.8820,476,1.5355
42.8862,478,1.5419
42.8905,479,1.5452
42.8948,480,1.5484
42.8991,481,1.5516
42.9033,481,1.5516
42.9076,483,1.5581
42.9118,483,1.5581
42.9161,484,1.5613
42.9204,485,1.5645
42.9247,487,1.5710
42.9291,494,1.5935
42.9334,502,1.6194
42.9377,510,1.6452
42.9420,515,1.6613
42.9463,522,1.6839
42.9506,527,1.7000
42.9549,532,1.7161
42.9592,535,1.7258
42.9635,536,1.7290
42.9678,533,1.7194
42.9721,529,1.7065
42.9764,525,1.6935
42.9808,520,1.6774
42.9851,513,1.6548
42.9894,506,1.6323
42.9937,499,1.6097
42.9980,491,1.5839
43.0023,487,1.5710
43.0065,485,1.5645
43.0108,486,1.5677
43.0152,487,1.5710
43.0195,488,1.5742
43.0238,489,1.5774
43.0281,488,1.5742
43.0324,490,1.5806
43.0367,490,1.5806
43.0410,491,1.5839
43.0452,491,1.5839
43.0532,492,1.5871
43.0575,484,1.5613
43.0618,469,1.5129
43.0661,455,1.4677
43.0703,458,1.4774
43.0746,493,1.5903
43.0788,558,1.8000
43.0831,641,2.0677
43.0874,733,2.3645
43.0917,801,2.5839
43.0959,808,2.6065
43.1002,754,2.4323
43.1045,671,2.1645
43.1087,576,1.8581
43.1130,499,1.6097
43.1173,457,1.4742
43.1216,442,1.4258
43.1258,445,1.4355
43.1301,458,1.4774
43.1344,470,1.5161
43.1387,476,1.5355
43.1430,478,1.5419
43.1473,479,1.5452
43.1515,480,1.5484
43.1558,480,1.5484
43.1601,481,1.5516
43.1644,483,1.5581
43.1686,483,1.5581
43.1729,484,1.5613
43.1771,485,1.5645
43.1814,486,1.5677
43.1857,486,1.5677
43.1900,487,1.5710
43.1942,487,1.5710
43.1986,488,1.5742
43.2029,490,1.5806
43.2071,494,1.5935
43.2114,499,1.6097
43.2156,506,1.6323
43.2199,515,1.6613
43.2242,522,1.6839
43.2285,529,1.7065
43.2328,536,1.7290
43.2371,543,1.7516
43.2415,548,1.7677
43.2458,554,1.7871
43.2501,559,1.8032
43.2543,563,1.8161
43.2587,567,1.8290
43.2630,571,1.8419
43.2673,571,1.8419
43.2716,572,1.8452
43.2758,574,1.8516
43.2802,573,1.8484
43.2845,572,1.8452
43.2888,570,1.8387
43.2932,567,1.8290
43.2975,564,1.8194
43.3018,560,1.8065
43.3061,556,1.7935
43.3104,551,1.7774
43.3147,544,1.7548
43.3204,535,1.7258
43.3248,529,1.7065
43.3292,523,1.6871
43.3335,516,1.6645
43.3378,509,1.6419
43.3421,501,1.6161
43.3464,494,1.5935
43.3506,489,1.5774
43.3549,482,1.5548
43.3591,477,1.5387
43.3634,474,1.5290
43.3677,474,1.5290
43.3719,476,1.5355
43.3762,477,1.5387
43.3805,478,1.5419
43.3848,478,1.5419
43.3890,479,1.5452
43.3933,480,1.5484
43.3976,481,1.5516
43.4019,482,1.5548
43.4062,483,1.5581
43.4104,483,1.5581
43.4147,483,1.5581
43.4190,483,1.5581
43.4232,486,1.5677
43.4275,492,1.5871
43.4318,500,1.6129
43.4361,507,1.6355
43.4404,514,1.6581
43.4447,522,1.6839
43.4490,527,1.7000
43.4533,532,1.7161
43.4576,535,1.7258
43.4619,535,1.7258
43.4663,534,1.7226
43.4706,532,1.7161
43.4749,529,1.7065
43.4792,523,1.6871
43.4835,516,1.6645
43.4878,509,1.6419
43.4921,502,1.6194
43.4964,495,1.5968
43.5007,489,1.5774
43.5050,486,1.5677
43.5093,485,1.5645
43.5136,486,1.5677
43.5179,487,1.5710
43.5222,489,1.5774
43.5265,489,1.5774
43.5309,490,1.5806
43.5352,490,1.5806
43.5395,491,1.5839
43.5438,491,1.5839
43.5481,492,1.5871
43.5524,492,1.5871
43.5567,485,1.5645
43.5610,471,1.5194
43.5653,454,1.4645
43.5696,454,1.4645
43.5739,485,1.5645
43.5782,546,1.7613
43.5825,628,2.0258
43.5868,719,2.3194
43.5911,793,2.5581
43.5954,809,2.6097
43.5997,764,2.4645
43.6040,682,2.2000
43.6083,585,1.8871
43.6126,506,1.6323
43.6179,454,1.4645
43.6224,443,1.4290
43.6268,449,1.4484
43.6313,462,1.4903
43.6356,473,1.5258
43.6399,477,1.5387
43.6441,479,1.5452
43.6484,479,1.5452
43.6527,480,1.5484
43.6570,480,1.5484
43.6613,481,1.5516
43.6655,483,1.5581
43.6697,483,1.5581
43.6740,483,1.5581
43.6783,484,1.5613
43.6830,484,1.5613
43.6875,484,1.5613
43.6918,486,1.5677
43.6961,486,1.5677
43.7003,487,1.5710
43.7046,490,1.5806
43.7088,495,1.5968
43.7132,503,1.6226
43.7176,510,1.6452
43.7219,518,1.6710
43.7262,526,1.6968
43.7305,532,1.7161
43.7348,539,1.7387
43.7391,545,1.7581
43.7433,551,1.7774
43.7476,556,1.7935
43.7519,559,1.8032
43.7562,564,1.8194
43.7605,567,1.8290
43.7647,572,1.8452
43.7690,574,1.8516
43.7732,574,1.8516
43.7775,574,1.8516
43.7818,572,1.8452
43.7860,572,1.8452
43.7903,568,1.8323
43.7945,567,1.8290
43.7988,563,1.8161
43.8031,559,1.8032
43.8073,553,1.7839
43.8116,550,1.7742
43.8159,543,1.7516
43.8201,537,1.7323
43.8244,530,1.7097
43.8287,523,1.6871
43.8329,516,1.6645
43.8372,509,1.6419
43.8415,503,1.6226
43.8458,495,1.5968
43.8500,488,1.5742
43.8543,484,1.5613
43.8586,479,1.5452
43.8628,474,1.5290
43.8671,474,1.5290
43.8714,474,1.5290
43.8757,476,1.5355
43.8799,477,1.5387
43.8842,476,1.5355
43.8885,477,1.5387
43.8928,478,1.5419
43.8971,480,1.5484
43.9014,480,1.5484
43.9057,481,1.5516
43.9100,481,1.5516
43.9143,483,1.5581
43.9186,483,1.5581
43.9229,486,1.5677
43.9272,491,1.5839
43.9315,498,1.6065
43.9358,505,1.6290
43.9402,514,1.6581
43.9445,521,1.6806
43.9488,526,1.6968
43.9532,531,1.7129
43.9575,535,1.7258
43.9618,536,1.7290
43.9662,534,1.7226
43.9705,531,1.7129
43.9748,528,1.7032
43.9792,524,1.6903
43.9835,518,1.6710
43.9878,510,1.6452
43.9921,502,1.6194
43.9965,496,1.6000
44.0008,489,1.5774
44.0051,487,1.5710
44.0095,487,1.5710
44.0139,488,1.5742
44.0182,489,1.5774
44.0225,490,1.5806
44.0268,490,1.5806
44.0312,491,1.5839
44.0355,492,1.5871
44.0399,493,1.5903
44.0442,494,1.5935
44.0485,494,1.5935
44.0528,492,1.5871
44.0571,486,1.5677
44.0614,471,1.5194
44.0657,457,1.4742
44.0700,459,1.4806
44.0742,491,1.5839
44.0785,555,1.7903
44.0828,638,2.0581
44.0871,729,2.3516
44.0914,799,2.5774
44.0958,812,2.6194
44.1001,760,2.4516
44.1044,675,2.1774
44.1087,579,1.8677
44.1130,503,1.6226
44.1173,459,1.4806
44.1216,442,1.4258
44.1259,445,1.4355
44.1301,458,1.4774
44.1344,470,1.5161
44.1387,477,1.5387
44.1431,478,1.5419
44.1474,479,1.5452
44.1516,478,1.5419
44.1559,480,1.5484
44.1602,480,1.5484
44.1645,481,1.5516
44.1688,481,1.5516
44.1731,483,1.5581
44.1775,484,1.5613
44.1818,485,1.5645
44.1861,484,1.5613
44.1904,485,1.5645
44.1947,486,1.5677
44.1989,487,1.5710
44.2033,490,1.5806
44.2075,496,1.6000
44.2118,501,1.6161
44.2162,508,1.6387
44.2206,515,1.6613
44.2250,522,1.6839
44.2294,529,1.7065
44.2339,536,1.7290
44.2382,544,1.7548
44.2426,550,1.7742
44.2470,555,1.7903
44.2513,560,1.8065
44.2556,565,1.8226
44.2599,566,1.8258
44.2642,571,1.8419
44.2685,573,1.8484
44.2728,574,1.8516
44.2770,574,1.8516
44.2813,574,1.8516
44.2856,572,1.8452
44.2899,571,1.8419
44.2942,568,1.8323
44.2985,566,1.8258
44.3028,559,1.8032
44.3071,554,1.7871
44.3114,548,1.7677
44.3157,543,1.7516
44.3200,538,1.7355
44.3243,531,1.7129
44.3286,524,1.6903
44.3329,516,1.6645
44.3373,508,1.6387
44.3416,501,1.6161
44.3459,495,1.5968
44.3502,488,1.5742
44.3545,482,1.5548
44.3588,477,1.5387
44.3631,475,1.5323
44.3674,473,1.5258
44.3717,474,1.5290
44.3759,475,1.5323
44.3802,477,1.5387
44.3845,476,1.5355
44.3888,477,1.5387
44.3932,478,1.5419
44.3974,479,1.5452
44.4017,480,1.5484
44.4061,481,1.5516
44.4104,481,1.5516
44.4147,483,1.5581
44.4190,482,1.5548
44.4232,484,1.5613
44.4276,490,1.5806
44.4318,499,1.6097
44.4361,506,1.6323
44.4404,513,1.6548
44.4448,519,1.6742
44.4491,526,1.6968
44.4534,530,1.7097
44.4576,534,1.7226
44.4620,534,1.7226
44.4663,535,1.7258
44.4706,532,1.7161
44.4749,527,1.7000
44.4792,522,1.6839
44.4834,516,1.6645
44.4877,509,1.6419
44.4921,501,1.6161
44.4964,495,1.5968
44.5006,489,1.5774
44.5049,486,1.5677
44.5093,486,1.5677
44.5135,487,1.5710
44.5179,487,1.5710
44.5224,488,1.5742
44.5268,490,1.5806
44.5311,491,1.5839
44.5355,492,1.5871
44.5398,492,1.5871
44.5441,492,1.5871
44.5484,492,1.5871
44.5528,491,1.5839
44.5570,485,1.5645
44.5613,470,1.5161
44.5656,455,1.4677
44.5699,457,1.4742
44.5742,489,1.5774
44.5785,553,1.7839
44.5828,636,2.0516
44.5871,728,2.3484
44.5914,799,2.5774
44.5957,809,2.6097
44.6000,761,2.4548
44.6043,676,2.1806
44.6086,580,1.8710
44.6129,502,1.6194
44.6172,458,1.4774
44.6215,442,1.4258
44.6258,445,1.4355
44.6301,458,1.4774
44.6344,470,1.5161
44.6388,475,1.5323
44.6431,477,1.5387
44.6474,478,1.5419
44.6517,480,1.5484
44.6560,481,1.5516
44.6603,482,1.5548
44.6645,481,1.5516
44.6688,481,1.5516
44.6731,482,1.5548
44.6774,484,1.5613
44.6817,486,1.5677
44.6860,486,1.5677
44.6903,486,1.5677
44.6946,486,1.5677
44.6989,487,1.5710
44.7032,489,1.5774
44.7075,494,1.5935
44.7119,500,1.6129
44.7162,506,1.6323
44.7205,515,1.6613
44.7248,521,1.6806
44.7291,527,1.7000
44.7334,535,1.7258
44.7377,542,1.7484
44.7421,548,1.7677
44.7464,554,1.7871
44.7507,558,1.8000
44.7550,562,1.8129
44.7593,565,1.8226
44.7635,568,1.8323
44.7678,572,1.8452
44.7721,573,1.8484
44.7764,574,1.8516
44.7807,572,1.8452
44.7850,570,1.8387
44.7893,568,1.8323
44.7936,566,1.8258
44.7979,563,1.8161
44.8022,559,1.8032
44.8065,554,1.7871
44.8108,548,1.7677
44.8151,542,1.7484
44.8198,536,1.7290
44.8241,529,1.7065
44.8284,523,1.6871
44.8327,517,1.6677
44.8370,509,1.6419
44.8413,502,1.6194
44.8456,496,1.6000
44.8499,490,1.5806
44.8542,483,1.5581
44.8585,478,1.5419
44.8628,475,1.5323
44.8671,474,1.5290
44.8714,476,1.5355
44.8757,477,1.5387
44.8800,477,1.5387
44.8843,478,1.5419
44.8886,478,1.5419
44.8929,479,1.5452
44.8972,479,1.5452
44.9015,480,1.5484
44.9058,481,1.5516
44.9101,481,1.5516
44.9143,483,1.5581
44.9187,483,1.5581
44.9229,483,1.5581
44.9272,485,1.5645
44.9316,489,1.5774
44.9359,498,1.6065
44.9402,506,1.6323
44.9445,514,1.6581
44.9488,520,1.6774
44.9531,526,1.6968
44.9574,531,1.7129
44.9617,533,1.7194
44.9660,535,1.7258
44.9703,535,1.7258
44.9745,533,1.7194
44.9789,529,1.7065
44.9832,524,1.6903
44.9874,517,1.6677
44.9917,510,1.6452
44.9961,504,1.6258
45.0004,497,1.6032
45.0047,491,1.5839
45.0090,487,1.5710
45.0133,486,1.5677
45.0176,487,1.5710
45.0219,488,1.5742
45.0262,489,1.5774
45.0305,488,1.5742
45.0348,490,1.5806
45.0413,491,1.5839
45.0459,491,1.5839
45.0504,491,1.5839
45.0548,492,1.5871
45.0592,491,1.5839
45.0635,480,1.5484
45.0679,464,1.4968
45.0722,452,1.4581
45.0765,464,1.4968
45.0808,510,1.6452
45.0851,581,1.8742
45.0894,670,2.1613
45.0937,758,2.4452
45.0980,812,2.6194
45.1023,799,2.5774
45.1066,734,2.3677
45.1109,641,2.0677
45.1152,548,1.7677
45.1197,481,1.5516
45.1241,450,1.4516
45.1285,443,1.4290
45.1331,451,1.4548
45.1374,466,1.5032
45.1417,475,1.5323
45.1460,479,1.5452
45.1503,480,1.5484
45.1546,483,1.5581
45.1589,482,1.5548
45.1633,482,1.5548
45.1676,483,1.5581
45.1719,483,1.5581
45.1762,484,1.5613
45.1805,484,1.5613
45.1848,487,1.5710
45.1891,486,1.5677
45.1934,485,1.5645
45.1978,486,1.5677
45.2022,486,1.5677
45.2065,486,1.5677
45.2108,490,1.5806
45.2150,497,1.6032
45.2193,504,1.6258
45.2236,512,1.6516
45.2279,519,1.6742
45.2322,525,1.6935
45.2365,531,1.7129
45.2408,538,1.7355
45.2451,545,1.7581
45.2494,551,1.7774
45.2537,555,1.7903
45.2580,559,1.8032
45.2623,563,1.8161
45.2666,568,1.8323
45.2709,571,1.8419
45.2752,574,1.8516
45.2795,574,1.8516
45.2838,574,1.8516
45.2881,572,1.8452
45.2924,570,1.8387
45.2967,569,1.8355
45.3010,566,1.8258
45.3053,562,1.8129
45.3096,556,1.7935
45.3138,551,1.7774
45.3181,547,1.7645
45.3224,541,1.7452
45.3267,534,1.7226
45.3310,527,1.7000
45.3353,520,1.6774
45.3396,512,1.6516
45.3440,506,1.6323
45.3483,499,1.6097
45.3526,492,1.5871
45.3569,486,1.5677
45.3612,481,1.5516
45.3655,476,1.5355
45.3698,474,1.5290
45.3740,474,1.5290
45.3783,475,1.5323
45.3826,476,1.5355
45.3870,477,1.5387
45.3913,478,1.5419
45.3955,480,1.5484
45.3998,482,1.5548
45.4041,482,1.5548
45.4085,483,1.5581
45.4127,485,1.5645
45.4171,485,1.5645
45.4217,485,1.5645
45.4261,486,1.5677
45.4305,488,1.5742
45.4348,494,1.5935
45.4390,502,1.6194
45.4433,511,1.6484
45.4477,517,1.6677
45.4520,523,1.6871
45.4563,529,1.7065
45.4606,531,1.7129
45.4650,533,1.7194
45.4693,533,1.7194
45.4736,532,1.7161
45.4779,528,1.7032
45.4822,524,1.6903
45.4865,519,1.6742
45.4908,512,1.6516
45.4951,504,1.6258
45.4994,497,1.6032
45.5037,489,1.5774
45.5080,487,1.5710
45.5123,486,1.5677
45.5166,486,1.5677
45.5209,488,1.5742
45.5252,489,1.5774
45.5295,489,1.5774
45.5338,490,1.5806
45.5381,490,1.5806
45.5424,491,1.5839
45.5467,491,1.5839
45.5510,491,1.5839
45.5553,492,1.5871
45.5596,489,1.5774
45.5639,479,1.5452
45.5682,462,1.4903
45.5725,452,1.4581
45.5768,466,1.5032
45.5811,513,1.6548
45.5854,587,1.8935
45.5898,677,2.1839
45.5941,764,2.4645
45.5984,813,2.6226
45.6027,794,2.5613
45.6069,724,2.3355
45.6113,632,2.0387
45.6155,539,1.7387
45.6198,479,1.5452
45.6241,448,1.4452
45.6284,441,1.4226
45.6327,451,1.4548
45.6370,465,1.5000
45.6413,475,1.5323
45.6457,479,1.5452
45.6500,481,1.5516
45.6543,481,1.5516
45.6586,481,1.5516
45.6629,481,1.5516
45.6672,480,1.5484
45.6715,481,1.5516
45.6758,482,1.5548
45.6801,484,1.5613
45.6844,485,1.5645
45.6887,486,1.5677
45.6930,485,1.5645
45.6973,486,1.5677
45.7016,487,1.5710
45.7059,488,1.5742
45.7102,492,1.5871
45.7145,497,1.6032
45.7188,505,1.6290
45.7231,511,1.6484
45.7274,520,1.6774
45.7316,527,1.7000
45.7360,533,1.7194
45.7403,540,1.7419
45.7446,545,1.7581
45.7489,552,1.7806
45.7532,558,1.8000
45.7575,563,1.8161
45.7618,566,1.8258
45.7661,568,1.8323
45.7704,571,1.8419
45.7747,573,1.8484
45.7790,575,1.8548
45.7833,574,1.8516
45.7876,573,1.8484
45.7919,570,1.8387
45.7962,569,1.8355
45.8005,567,1.8290
45.8048,562,1.8129
45.8091,558,1.8000
45.8134,551,1.7774
45.8177,547,1.7645
45.8220,540,1.7419
45.8263,535,1.7258
45.8306,530,1.7097
45.8349,523,1.6871
45.8392,516,1.6645
45.8435,508,1.6387
45.8478,501,1.6161
45.8521,493,1.5903
45.8565,487,1.5710
45.8607,481,1.5516
45.8650,475,1.5323
45.8693,473,1.5258
45.8736,473,1.5258
45.8779,474,1.5290
45.8822,476,1.5355
45.8865,478,1.5419
45.8908,478,1.5419
45.8951,479,1.5452
45.8994,479,1.5452
45.9037,480,1.5484
45.9080,480,1.5484
45.9123,482,1.5548
45.9166,484,1.5613
45.9209,484,1.5613
45.9252,485,1.5645
45.9295,488,1.5742
45.9338,493,1.5903
45.9381,501,1.6161
45.9424,508,1.6387
45.9466,516,1.6645
45.9509,523,1.6871
45.9552,529,1.7065
45.9596,533,1.7194
45.9638,534,1.7226
45.9681,535,1.7258
45.9724,533,1.7194
45.9768,529,1.7065
45.9811,525,1.6935
45.9854,520,1.6774
45.9896,514,1.6581
45.9939,507,1.6355
45.9982,500,1.6129
46.0026,492,1.5871
46.0069,488,1.5742
46.0112,486,1.5677
46.0155,487,1.5710
46.0199,486,1.5677
46.0243,488,1.5742
46.0287,489,1.5774
46.0330,489,1.5774
46.0373,490,1.5806
46.0416,491,1.5839
46.0459,491,1.5839
46.0502,492,1.5871
46.0545,492,1.5871
46.0589,489,1.5774
46.0632,481,1.5516
46.0675,465,1.5000
46.0717,453,1.4613
46.0760,462,1.4903
46.0804,504,1.6258
46.0847,574,1.8516
46.0890,661,2.1323
46.0933,748,2.4129
46.0976,807,2.6032
46.1019,802,2.5871
46.1062,739,2.3839
46.1105,649,2.0935
46.1148,553,1.7839
46.1191,485,1.5645
46.1234,450,1.4516
46.1277,440,1.4194
46.1320,445,1.4355
46.1364,457,1.4742
46.1407,470,1.5161
46.1449,475,1.5323
46.1493,478,1.5419
46.1535,478,1.5419
46.1579,478,1.5419
46.1621,480,1.5484
46.1664,481,1.5516
46.1708,483,1.5581
46.1751,482,1.5548
46.1794,483,1.5581
46.1837,484,1.5613
46.1879,484,1.5613
46.1922,485,1.5645
46.1965,486,1.5677
46.2008,486,1.5677
46.2051,486,1.5677
46.2095,488,1.5742
46.2137,493,1.5903
46.2180,499,1.6097
46.2223,506,1.6323
46.2266,514,1.6581
46.2309,521,1.6806
46.2352,527,1.7000
46.2395,536,1.7290
46.2438,542,1.7484
46.2481,549,1.7710
46.2524,553,1.7839
46.2567,558,1.8000
46.2610,561,1.8097
46.2653,564,1.8194
46.2696,569,1.8355
46.2739,572,1.8452
46.2782,574,1.8516
46.2825,576,1.8581
46.2867,574,1.8516
46.2911,572,1.8452
46.2953,570,1.8387
46.2996,568,1.8323
46.3039,565,1.8226
46.3082,560,1.8065
46.3125,555,1.7903
46.3169,550,1.7742
46.3213,545,1.7581
46.3257,538,1.7355
46.3301,530,1.7097
46.3344,523,1.6871
46.3387,517,1.6677
46.3430,510,1.6452
46.3473,503,1.6226
46.3516,496,1.6000
46.3558,489,1.5774
46.3601,484,1.5613
46.3643,478,1.5419
46.3686,474,1.5290
46.3729,472,1.5226
46.3771,474,1.5290
46.3814,475,1.5323
46.3859,476,1.5355
46.3903,479,1.5452
46.3946,479,1.5452
46.3989,481,1.5516
46.4032,482,1.5548
46.4076,483,1.5581
46.4121,483,1.5581
46.4164,482,1.5548
46.4207,483,1.5581
46.4250,484,1.5613
46.4293,485,1.5645
46.4337,491,1.5839
46.4379,498,1.6065
46.4422,506,1.6323
46.4465,513,1.6548
46.4508,520,1.6774
46.4551,525,1.6935
46.4595,530,1.7097
46.4638,534,1.7226
46.4681,536,1.7290
46.4724,536,1.7290
46.4767,533,1.7194
46.4810,527,1.7000
46.4852,522,1.6839
46.4895,517,1.6677
46.4939,510,1.6452
46.4982,502,1.6194
46.5024,495,1.5968
46.5070,488,1.5742
46.5114,485,1.5645
46.5157,486,1.5677
46.5200,487,1.5710
46.5242,487,1.5710
46.5285,487,1.5710
46.5329,488,1.5742
46.5372,489,1.5774
46.5415,490,1.5806
46.5458,491,1.5839
46.5501,491,1.5839
46.5544,492,1.5871
46.5587,493,1.5903
46.5630,491,1.5839
46.5673,484,1.5613
46.5716,470,1.5161
46.5759,457,1.4742
46.5802,460,1.4839
46.5845,494,1.5935
46.5894,569,1.8355
46.5938,654,2.1097
46.5981,746,2.4065
46.6024,807,2.6032
46.6067,804,2.5935
46.6110,744,2.4000
46.6153,655,2.1129
46.6196,560,1.8065
46.6239,489,1.5774
46.6282,453,1.4613
46.6325,441,1.4226
46.6368,447,1.4419
46.6411,462,1.4903
46.6454,473,1.5258
46.6497,478,1.5419
46.6541,480,1.5484
46.6589,480,1.5484
46.6632,481,1.5516
46.6675,482,1.5548
46.6718,482,1.5548
46.6761,483,1.5581
46.6804,484,1.5613
46.6847,485,1.5645
46.6890,485,1.5645
46.6933,486,1.5677
46.6976,487,1.5710
46.7020,487,1.5710
46.7063,487,1.5710
46.7106,487,1.5710
46.7149,491,1.5839
46.7192,497,1.6032
46.7235,505,1.6290
46.7278,510,1.6452
46.7321,518,1.6710
46.7364,524,1.6903
46.7407,531,1.7129
46.7450,539,1.7387
46.7493,544,1.7548
46.7536,551,1.7774
46.7580,557,1.7968
46.7623,560,1.8065
46.7666,566,1.8258
46.7709,568,1.8323
46.7752,572,1.8452
46.7795,573,1.8484
46.7838,574,1.8516
46.7881,574,1.8516
46.7924,573,1.8484
46.7966,572,1.8452
46.8010,570,1.8387
46.8053,569,1.8355
46.8100,564,1.8194
46.8146,559,1.8032
46.8189,552,1.7806
46.8232,547,1.7645
46.8275,541,1.7452
46.8318,535,1.7258
46.8361,528,1.7032
46.8404,520,1.6774
46.8447,513,1.6548
46.8490,506,1.6323
46.8533,500,1.6129
46.8576,494,1.5935
46.8620,488,1.5742
46.8663,482,1.5548
46.8706,476,1.5355
46.8748,474,1.5290
46.8792,475,1.5323
46.8835,476,1.5355
46.8878,478,1.5419
46.8921,479,1.5452
46.8964,480,1.5484
46.9007,480,1.5484
46.9050,481,1.5516
46.9093,481,1.5516
46.9136,483,1.5581
46.9179,482,1.5548
46.9225,482,1.5548
46.9269,483,1.5581
46.9312,484,1.5613
46.9355,488,1.5742
46.9398,494,1.5935
46.9442,502,1.6194
46.9485,510,1.6452
46.9528,517,1.6677
46.9571,524,1.6903
46.9614,529,1.7065
46.9657,533,1.7194
46.9700,535,1.7258
46.9743,536,1.7290
46.9786,535,1.7258
46.9829,531,1.7129
46.9872,526,1.6968
46.9915,520,1.6774
46.9958,512,1.6516
47.0002,504,1.6258
47.0045,498,1.6065
47.0088,491,1.5839
47.0131,487,1.5710
47.0174,487,1.5710
47.0217,487,1.5710
47.0260,488,1.5742
47.0303,488,1.5742
47.0346,489,1.5774
47.0389,489,1.5774
47.0439,489,1.5774
47.0482,489,1.5774
47.0525,490,1.5806
47.0568,493,1.5903
47.0611,494,1.5935
47.0654,489,1.5774
47.0697,476,1.5355
47.0740,459,1.4806
47.0783,451,1.4548
47.0826,472,1.5226
47.0869,524,1.6903
47.0912,601,1.9387
47.0955,694,2.2387
47.0998,775,2.5000
47.1041,814,2.6258
47.1084,784,2.5290
47.1128,710,2.2903
47.1170,615,1.9839
47.1213,528,1.7032
47.1257,472,1.5226
47.1300,447,1.4419
47.1343,443,1.4290
47.1386,454,1.4645
47.1428,466,1.5032
47.1472,475,1.5323
47.1515,480,1.5484
47.1558,480,1.5484
47.1601,481,1.5516
47.1644,482,1.5548
47.1687,483,1.5581
47.1730,483,1.5581
47.1773,484,1.5613
47.1816,485,1.5645
47.1859,486,1.5677
47.1902,487,1.5710
47.1945,486,1.5677
47.1988,486,1.5677
47.2031,487,1.5710
47.2074,487,1.5710
47.2117,488,1.5742
47.2161,493,1.5903
47.2205,500,1.6129
47.2249,507,1.6355
47.2293,513,1.6548
47.2336,521,1.6806
47.2379,528,1.7032
47.2422,535,1.7258
47.2465,542,1.7484
47.2509,548,1.7677
47.2551,554,1.7871
47.2594,559,1.8032
47.2638,563,1.8161
47.2686,566,1.8258
47.2729,569,1.8355
47.2772,571,1.8419
47.2815,573,1.8484
47.2858,574,1.8516
47.2901,573,1.8484
47.2944,571,1.8419
47.2987,571,1.8419
47.3030,568,1.8323
47.3073,564,1.8194
47.3117,558,1.8000
47.3160,554,1.7871
47.3203,548,1.7677
47.3246,543,1.7516
47.3289,537,1.7323
47.3333,531,1.7129
47.3376,524,1.6903
47.3418,519,1.6742
47.3464,511,1.6484
47.3507,504,1.6258
47.3550,496,1.6000
47.3597,489,1.5774
47.3640,483,1.5581
47.3683,478,1.5419
47.3726,475,1.5323
47.3769,474,1.5290
47.3812,475,1.5323
47.3855,476,1.5355
47.3898,477,1.5387
47.3941,478,1.5419
47.3984,479,1.5452
47.4027,479,1.5452
47.4075,480,1.5484
47.4118,481,1.5516
47.4161,482,1.5548
47.4204,482,1.5548
47.4247,483,1.5581
47.4290,483,1.5581
47.4334,482,1.5548
47.4376,485,1.5645
47.4420,490,1.5806
47.4463,497,1.6032
47.4506,505,1.6290
47.4549,513,1.6548
47.4592,520,1.6774
47.4635,526,1.6968
47.4678,531,1.7129
47.4721,534,1.7226
47.4765,537,1.7323
47.4808,536,1.7290
47.4850,533,1.7194
47.4893,529,1.7065
47.4937,524,1.6903
47.4979,517,1.6677
47.5022,512,1.6516
47.5065,504,1.6258
47.5108,496,1.6000
47.5152,489,1.5774
47.5195,486,1.5677
47.5237,486,1.5677
47.5280,486,1.5677
47.5323,487,1.5710
47.5367,488,1.5742
47.5410,489,1.5774
47.5453,489,1.5774
47.5496,490,1.5806
47.5538,490,1.5806
47.5582,492,1.5871
47.5625,492,1.5871
47.5668,492,1.5871
47.5711,487,1.5710
47.5754,474,1.5290
47.5797,458,1.4774
47.5840,454,1.4645
47.5883,478,1.5419
47.5926,534,1.7226
47.5969,616,1.9871
47.6012,707,2.2806
47.6055,786,2.5355
47.6098,814,2.6258
47.6141,777,2.5065
47.6184,696,2.2452
47.6227,602,1.9419
47.6270,517,1.6677
47.6313,466,1.5032
47.6356,445,1.4355
47.6399,443,1.4290
47.6442,454,1.4645
47.6485,467,1.5065
47.6528,476,1.5355
47.6571,479,1.5452
47.6615,480,1.5484
47.6658,481,1.5516
47.6701,481,1.5516
47.6744,481,1.5516
47.6788,481,1.5516
47.6831,483,1.5581
47.6873,484,1.5613
47.6916,485,1.5645
47.6959,485,1.5645
47.7003,485,1.5645
47.7045,487,1.5710
47.7088,488,1.5742
47.7132,488,1.5742
47.7176,489,1.5774
47.7218,493,1.5903
47.7261,498,1.6065
47.7304,505,1.6290
47.7346,512,1.6516
47.7389,519,1.6742
47.7432,525,1.6935
47.7475,533,1.7194
47.7517,538,1.7355
47.7560,544,1.7548
47.7603,551,1.7774
47.7645,555,1.7903
47.7688,560,1.8065
47.7731,565,1.8226
47.7773,569,1.8355
47.7816,573,1.8484
47.7859,574,1.8516
47.7901,574,1.8516
47.7944,574,1.8516
47.7987,574,1.8516
47.8029,572,1.8452
47.8072,569,1.8355
47.8114,566,1.8258
47.8160,562,1.8129
47.8204,556,1.7935
47.8248,552,1.7806
47.8292,546,1.7613
47.8334,540,1.7419
47.8378,532,1.7161
47.8421,527,1.7000
47.8464,520,1.6774
47.8507,513,1.6548
47.8550,506,1.6323
47.8593,499,1.6097
47.8636,492,1.5871
47.8680,486,1.5677
47.8723,481,1.5516
47.8766,477,1.5387
47.8814,475,1.5323
47.8857,477,1.5387
47.8900,477,1.5387
47.8943,479,1.5452
47.8986,480,1.5484
47.9029,481,1.5516
47.9072,482,1.5548
47.9115,479,1.5452
47.9158,484,1.5613
47.9202,483,1.5581
47.9246,485,1.5645
47.9288,485,1.5645
47.9331,486,1.5677
47.9374,486,1.5677
47.9417,490,1.5806
47.9461,497,1.6032
47.9503,503,1.6226
47.9546,510,1.6452
47.9591,517,1.6677
47.9636,524,1.6903
47.9679,529,1.7065
47.9722,533,1.7194
47.9765,536,1.7290
47.9808,534,1.7226
47.9851,533,1.7194
47.9894,528,1.7032
47.9937,523,1.6871
47.9980,518,1.6710
48.0023,513,1.6548
48.0066,504,1.6258
48.0109,497,1.6032
48.0152,491,1.5839
48.0195,489,1.5774
48.0238,488,1.5742
48.0281,488,1.5742
48.0324,488,1.5742
48.0367,489,1.5774
48.0410,489,1.5774
48.0453,489,1.5774
48.0496,490,1.5806
48.0539,492,1.5871
48.0582,493,1.5903
48.0625,493,1.5903
48.0668,494,1.5935
48.0711,494,1.5935
48.0754,491,1.5839
48.0797,480,1.5484
48.0840,464,1.4968
48.0883,454,1.4645
48.0926,467,1.5065
48.0969,512,1.6516
48.1012,584,1.8839
48.1060,683,2.2032
48.1103,769,2.4806
48.1147,816,2.6323
48.1194,787,2.5387
48.1238,707,2.2806
48.1283,611,1.9710
48.1326,524,1.6903
48.1369,470,1.5161
48.1412,446,1.4387
48.1455,443,1.4290
48.1498,454,1.4645
48.1541,468,1.5097
48.1584,475,1.5323
48.1627,478,1.5419
48.1670,480,1.5484
48.1713,480,1.5484
48.1756,481,1.5516
48.1799,482,1.5548
48.1842,483,1.5581
48.1885,485,1.5645
48.1928,486,1.5677
48.1971,485,1.5645
48.2014,486,1.5677
48.2057,486,1.5677
48.2100,486,1.5677
48.2143,488,1.5742
48.2186,488,1.5742
48.2229,490,1.5806
48.2272,493,1.5903
48.2316,498,1.6065
48.2359,505,1.6290
48.2402,513,1.6548
48.2445,519,1.6742
48.2494,528,1.7032
48.2538,535,1.7258
48.2580,542,1.7484
48.2623,548,1.7677
48.2666,553,1.7839
48.2710,558,1.8000
48.2753,562,1.8129
48.2796,567,1.8290
48.2838,570,1.8387
48.2881,573,1.8484
48.2925,574,1.8516
48.2968,574,1.8516
48.3010,573,1.8484
48.3053,572,1.8452
48.3096,570,1.8387
48.3140,569,1.8355
48.3183,565,1.8226
48.3226,561,1.8097
48.3271,554,1.7871
48.3314,548,1.7677
48.3357,542,1.7484
48.3400,538,1.7355
48.3443,532,1.7161
48.3486,526,1.6968
48.3529,518,1.6710
48.3572,510,1.6452
48.3671,495,1.5968
48.3715,488,1.5742
48.3758,481,1.5516
48.3801,476,1.5355
48.3844,474,1.5290
48.3887,474,1.5290
48.3930,474,1.5290
48.3973,476,1.5355
48.4016,476,1.5355
48.4059,477,1.5387
48.4102,478,1.5419
48.4145,479,1.5452
48.4188,480,1.5484
48.4231,481,1.5516
48.4274,482,1.5548
48.4317,483,1.5581
48.4361,483,1.5581
48.4404,486,1.5677
48.4447,488,1.5742
48.4489,491,1.5839
48.4532,498,1.6065
48.4576,505,1.6290
48.4619,513,1.6548
48.4662,520,1.6774
48.4705,524,1.6903
48.4749,528,1.7032
48.4792,532,1.7161
48.4835,533,1.7194
48.4877,533,1.7194
48.4921,532,1.7161
48.4964,527,1.7000
48.5007,523,1.6871
48.5050,516,1.6645
48.5093,509,1.6419
48.5136,503,1.6226
48.5179,496,1.6000
48.5222,490,1.5806
48.5265,488,1.5742
48.5309,489,1.5774
48.5352,488,1.5742
48.5394,489,1.5774
48.5437,489,1.5774
48.5479,490,1.5806
48.5522,490,1.5806
48.5565,489,1.5774
48.5608,491,1.5839
48.5650,492,1.5871
48.5693,492,1.5871
48.5736,492,1.5871
48.5778,488,1.5742
48.5821,475,1.5323
48.5863,459,1.4806
48.5906,452,1.4581
48.5949,474,1.5290
48.5991,526,1.6968
48.6034,604,1.9484
48.6077,693,2.2355
48.6120,776,2.5032
48.6163,812,2.6194
48.6205,783,2.5258
48.6248,709,2.2871
48.6292,611,1.9710
48.6335,523,1.6871
48.6377,469,1.5129
48.6420,445,1.4355
48.6463,441,1.4226
48.6506,451,1.4548
48.6549,465,1.5000
48.6591,474,1.5290
48.6634,479,1.5452
48.6678,480,1.5484
48.6721,480,1.5484
48.6764,480,1.5484
48.6807,480,1.5484
48.6850,481,1.5516
48.6893,481,1.5516
48.6936,482,1.5548
48.6979,482,1.5548
48.7022,483,1.5581
48.7065,485,1.5645
48.7108,484,1.5613
48.7152,486,1.5677
48.7227,486,1.5677
48.7272,489,1.5774
48.7316,494,1.5935
48.7359,502,1.6194
48.7402,509,1.6419
48.7445,517,1.6677
48.7488,524,1.6903
48.7531,531,1.7129
48.7574,538,1.7355
48.7617,544,1.7548
48.7660,550,1.7742
48.7703,553,1.7839
48.7746,560,1.8065
48.7789,563,1.8161
48.7831,567,1.8290
48.7874,571,1.8419
48.7917,572,1.8452
48.7959,575,1.8548
48.8002,574,1.8516
48.8045,572,1.8452
48.8087,571,1.8419
48.8130,570,1.8387
48.8173,567,1.8290
48.8216,563,1.8161
48.8258,557,1.7968
48.8301,553,1.7839
48.8344,547,1.7645
48.8387,540,1.7419
48.8429,535,1.7258
48.8472,529,1.7065
48.8515,522,1.6839
48.8558,515,1.6613
48.8601,509,1.6419
48.8643,502,1.6194
48.8686,495,1.5968
48.8729,487,1.5710
48.8772,483,1.5581
48.8815,477,1.5387
48.8858,474,1.5290
48.8901,474,1.5290
48.8944,475,1.5323
48.8987,477,1.5387
48.9030,479,1.5452
48.9073,479,1.5452
48.9116,480,1.5484
48.9159,480,1.5484
48.9202,481,1.5516
48.9245,481,1.5516
48.9288,482,1.5548
48.9331,482,1.5548
48.9374,483,1.5581
48.9417,483,1.5581
48.9460,486,1.5677
48.9503,493,1.5903
48.9546,499,1.6097
48.9589,507,1.6355
48.9632,514,1.6581
48.9675,522,1.6839
48.9718,526,1.6968
48.9761,531,1.7129
48.9804,533,1.7194
48.9847,534,1.7226
48.9890,532,1.7161
48.9933,530,1.7097
48.9976,525,1.6935
49.0018,521,1.6806
49.0061,515,1.6613
49.0104,507,1.6355
49.0147,500,1.6129
49.0192,489,1.5774
49.0269,486,1.5677
49.0314,486,1.5677
49.0357,486,1.5677
49.0400,487,1.5710
49.0444,488,1.5742
49.0488,488,1.5742
49.0531,490,1.5806
49.0575,491,1.5839
49.0618,490,1.5806
49.0661,491,1.5839
49.0705,491,1.5839
49.0748,490,1.5806
49.0792,486,1.5677
49.0835,471,1.5194
49.0877,455,1.4677
49.0921,457,1.4742
49.0964,489,1.5774
49.1007,550,1.7742
49.1050,636,2.0516
49.1093,728,2.3484
49.1136,798,2.5742
49.1179,809,2.6097
49.1222,757,2.4419
49.1265,671,2.1645
49.1308,576,1.8581
49.1351,499,1.6097
49.1394,457,1.4742
49.1437,441,1.4226
49.1480,443,1.4290
49.1524,457,1.4742
49.1567,470,1.5161
49.1610,478,1.5419
49.1653,480,1.5484
49.1696,481,1.5516
49.1739,481,1.5516
49.1782,481,1.5516
49.1825,481,1.5516
49.1868,481,1.5516
49.1911,482,1.5548
49.1954,484,1.5613
49.1997,484,1.5613
49.2040,485,1.5645
49.2087,485,1.5645
49.2131,486,1.5677
49.2173,486,1.5677
49.2216,487,1.5710
49.2259,489,1.5774
49.2303,495,1.5968
49.2346,501,1.6161
49.2389,507,1.6355
49.2432,515,1.6613
49.2475,523,1.6871
49.2518,529,1.7065
49.2561,535,1.7258
49.2604,543,1.7516
49.2647,548,1.7677
49.2690,555,1.7903
49.2733,560,1.8065
49.2777,564,1.8194
49.2820,567,1.8290
49.2863,570,1.8387
49.2908,574,1.8516
49.2951,575,1.8548
49.2994,577,1.8613
49.3037,574,1.8516
49.3080,573,1.8484
49.3123,570,1.8387
49.3166,569,1.8355
49.3209,565,1.8226
49.3252,560,1.8065
49.3295,553,1.7839
49.3338,549,1.7710
49.3382,543,1.7516
49.3425,537,1.7323
49.3467,531,1.7129
49.3510,524,1.6903
49.3553,517,1.6677
49.3597,510,1.6452
49.3640,503,1.6226
49.3682,495,1.5968
49.3728,488,1.5742
49.3771,483,1.5581
49.3814,478,1.5419
49.3857,476,1.5355
49.3900,476,1.5355
49.3943,475,1.5323
49.3986,477,1.5387
49.4029,478,1.5419
49.4072,477,1.5387
49.4115,478,1.5419
49.4158,478,1.5419
49.4201,480,1.5484
49.4244,482,1.5548
49.4287,482,1.5548
49.4330,483,1.5581
49.4373,484,1.5613
49.4417,485,1.5645
49.4460,485,1.5645
49.4503,488,1.5742
49.4546,494,1.5935
49.4589,502,1.6194
49.4632,510,1.6452
49.4675,517,1.6677
49.4718,523,1.6871
49.4761,528,1.7032
49.4805,533,1.7194
49.4848,535,1.7258
49.4891,537,1.7323
49.4933,534,1.7226
49.4976,532,1.7161
49.5020,528,1.7032
49.5063,521,1.6806
49.5106,514,1.6581
49.5149,507,1.6355
49.5197,500,1.6129
49.5240,493,1.5903
49.5283,489,1.5774
49.5327,487,1.5710
49.5370,488,1.5742
49.5413,490,1.5806
49.5456,491,1.5839
49.5499,492,1.5871
49.5542,492,1.5871
49.5585,493,1.5903
49.5628,493,1.5903
49.5671,494,1.5935
49.5714,494,1.5935
49.5757,495,1.5968
49.5800,492,1.5871
49.5844,482,1.5548
49.5887,466,1.5032
49.5929,454,1.4645
49.5972,463,1.4935
49.6016,505,1.6290
49.6059,575,1.8548
49.6101,663,2.1387
49.6144,753,2.4290
49.6188,811,2.6161
49.6232,802,2.5871
49.6276,734,2.3677
49.6320,642,2.0710
49.6363,548,1.7677
49.6406,482,1.5548
49.6450,449,1.4484
49.6493,440,1.4194
49.6536,448,1.4452
49.6579,462,1.4903
49.6622,473,1.5258
49.6665,478,1.5419
49.6708,480,1.5484
49.6751,480,1.5484
49.6794,481,1.5516
49.6837,480,1.5484
49.6880,481,1.5516
49.6923,483,1.5581
49.6966,484,1.5613
49.7009,485,1.5645
49.7052,485,1.5645
49.7095,486,1.5677
49.7138,487,1.5710
49.7181,487,1.5710
49.7224,487,1.5710
49.7267,488,1.5742
49.7310,490,1.5806
49.7354,496,1.6000
49.7397,503,1.6226
49.7440,510,1.6452
49.7483,518,1.6710
49.7526,524,1.6903
49.7569,531,1.7129
49.7612,537,1.7323
49.7655,544,1.7548
49.7698,551,1.7774
49.7741,556,1.7935
49.7784,560,1.8065
49.7827,565,1.8226
49.7870,569,1.8355
49.7912,571,1.8419
49.7955,573,1.8484
49.7998,573,1.8484
49.8040,572,1.8452
49.8083,572,1.8452
49.8125,570,1.8387
49.8168,569,1.8355
49.8211,567,1.8290
49.8253,563,1.8161
49.8296,557,1.7968
49.8339,553,1.7839
49.8382,550,1.7742
49.8424,543,1.7516
49.8467,537,1.7323
49.8510,531,1.7129
49.8552,524,1.6903
49.8595,517,1.6677
49.8638,510,1.6452
49.8680,505,1.6290
49.8723,496,1.6000
49.8766,490,1.5806
49.8808,484,1.5613
49.8851,479,1.5452
49.8894,476,1.5355
49.8937,476,1.5355
49.8980,477,1.5387
49.9023,478,1.5419
49.9066,478,1.5419
49.9109,479,1.5452
49.9152,480,1.5484
49.9230,480,1.5484
49.9274,482,1.5548
49.9319,484,1.5613
49.9363,484,1.5613
49.9406,485,1.5645
49.9449,485,1.5645
49.9492,488,1.5742
49.9535,493,1.5903
49.9578,500,1.6129
49.9621,508,1.6387
49.9664,516,1.6645
49.9707,522,1.6839
49.9750,527,1.7000
49.9794,532,1.7161
49.9837,535,1.7258
49.9879,535,1.7258
49.9922,533,1.7194
49.9965,532,1.7161
50.0007,527,1.7000
50.0050,522,1.6839
50.0092,518,1.6710
50.0135,510,1.6452
50.0178,504,1.6258
50.0221,496,1.6000
50.0263,490,1.5806
50.0306,486,1.5677
50.0349,486,1.5677
50.0392,487,1.5710
50.0435,488,1.5742
50.0479,488,1.5742
50.0525,489,1.5774
50.0570,489,1.5774
50.0614,489,1.5774
50.0658,490,1.5806
50.0702,491,1.5839
50.0746,491,1.5839
50.0789,491,1.5839
50.0832,485,1.5645
50.0875,469,1.5129
50.0918,454,1.4645
50.0961,455,1.4677
50.1004,488,1.5742
50.1047,551,1.7774
50.1090,634,2.0452
50.1133,725,2.3387
50.1176,796,2.5677
50.1219,808,2.6065
50.1262,758,2.4452
50.1305,672,2.1677
50.1348,574,1.8516
50.1392,499,1.6097
50.1440,453,1.4613
50.1483,440,1.4194
50.1526,444,1.4323
50.1569,459,1.4806
50.1612,471,1.5194
50.1655,476,1.5355
50.1699,477,1.5387
50.1742,478,1.5419
50.1785,479,1.5452
50.1827,479,1.5452
50.1870,480,1.5484
50.1913,482,1.5548
50.1956,482,1.5548
50.1998,483,1.5581
50.2041,483,1.5581
50.2083,483,1.5581
50.2126,485,1.5645
50.2169,485,1.5645
50.2211,485,1.5645
50.2254,487,1.5710
50.2296,488,1.5742
50.2339,492,1.5871
50.2382,499,1.6097
50.2425,506,1.6323
50.2467,513,1.6548
50.2511,521,1.6806
50.2554,527,1.7000
50.2598,534,1.7226
50.2640,542,1.7484
50.2683,549,1.7710
50.2726,552,1.7806
50.2769,557,1.7968
50.2812,562,1.8129
50.2855,565,1.8226
50.2899,569,1.8355
50.2942,572,1.8452
50.2986,572,1.8452
50.3029,573,1.8484
50.3072,572,1.8452
50.3116,571,1.8419
50.3159,570,1.8387
50.3203,568,1.8323
50.3246,564,1.8194
50.3290,558,1.8000
50.3333,554,1.7871
50.3377,549,1.7710
50.3420,544,1.7548
50.3463,538,1.7355
50.3506,532,1.7161
50.3550,525,1.6935
50.3593,516,1.6645
50.3636,509,1.6419
50.3679,502,1.6194
50.3722,494,1.5935
50.3765,489,1.5774
50.3808,483,1.5581
50.3851,477,1.5387
50.3894,475,1.5323
50.3937,474,1.5290
50.3979,474,1.5290
50.4022,476,1.5355
50.4064,477,1.5387
50.4107,477,1.5387
50.4150,477,1.5387
50.4193,478,1.5419
50.4236,479,1.5452
50.4279,481,1.5516
50.4322,481,1.5516
50.4364,482,1.5548
50.4407,484,1.5613
50.4450,485,1.5645
50.4493,486,1.5677
50.4536,490,1.5806
50.4578,497,1.6032
50.4621,506,1.6323
50.4664,514,1.6581
50.4706,520,1.6774
50.4749,526,1.6968
50.4792,531,1.7129
50.4836,535,1.7258
50.4878,535,1.7258
50.4921,533,1.7194
50.4964,530,1.7097
50.5008,526,1.6968
50.5051,521,1.6806
50.5094,514,1.6581
50.5137,508,1.6387
50.5180,501,1.6161
50.5232,493,1.5903
50.5276,488,1.5742
50.5320,487,1.5710
50.5363,487,1.5710
50.5407,488,1.5742
50.5450,489,1.5774
50.5493,490,1.5806
50.5536,490,1.5806
50.5579,491,1.5839
50.5622,491,1.5839
50.5665,492,1.5871
50.5708,492,1.5871
50.5751,492,1.5871
50.5794,493,1.5903
50.5845,491,1.5839
50.5889,482,1.5548
50.5932,467,1.5065
50.5974,454,1.4645
50.6017,459,1.4806
50.6059,497,1.6032
50.6102,563,1.8161
50.6144,646,2.0839
50.6187,736,2.3742
50.6230,805,2.5968
50.6272,810,2.6129
50.6315,755,2.4355
50.6358,666,2.1484
50.6401,573,1.8484
50.6443,498,1.6065
50.6486,456,1.4710
50.6528,442,1.4258
50.6571,446,1.4387
50.6614,459,1.4806
50.6657,473,1.5258
50.6699,479,1.5452
50.6742,480,1.5484
50.6784,480,1.5484
50.6827,480,1.5484
50.6870,481,1.5516
50.6913,481,1.5516
50.6955,482,1.5548
50.6998,483,1.5581
50.7041,484,1.5613
50.7083,485,1.5645
50.7126,486,1.5677
50.7169,488,1.5742
50.7212,488,1.5742
50.7255,488,1.5742
50.7297,488,1.5742
50.7340,489,1.5774
50.7383,494,1.5935
50.7426,499,1.6097
50.7468,507,1.6355
50.7511,513,1.6548
50.7553,521,1.6806
50.7596,527,1.7000
50.7639,535,1.7258
50.7682,540,1.7419
50.7724,546,1.7613
50.7767,553,1.7839
50.7810,559,1.8032
50.7853,564,1.8194
50.7895,566,1.8258
50.7939,569,1.8355
50.7982,572,1.8452
50.8025,574,1.8516
50.8068,575,1.8548
50.8111,575,1.8548
50.8154,575,1.8548
50.8197,569,1.8355
50.8279,567,1.8290
50.8323,561,1.8097
50.8367,558,1.8000
50.8410,552,1.7806
50.8453,545,1.7581
50.8496,538,1.7355
50.8539,532,1.7161
50.8582,526,1.6968
50.8625,519,1.6742
50.8668,512,1.6516
50.8711,505,1.6290
50.8753,497,1.6032
50.8796,492,1.5871
50.8840,485,1.5645
50.8883,478,1.5419
50.8926,475,1.5323
50.8969,473,1.5258
50.9012,473,1.5258
50.9054,474,1.5290
50.9097,475,1.5323
50.9140,477,1.5387
50.9182,478,1.5419
50.9225,480,1.5484
50.9268,480,1.5484
50.9310,481,1.5516
50.9353,482,1.5548
50.9396,482,1.5548
50.9439,483,1.5581
50.9482,484,1.5613
50.9524,485,1.5645
50.9567,489,1.5774
50.9609,495,1.5968
50.9652,503,1.6226
50.9695,510,1.6452
50.9738,517,1.6677
50.9780,523,1.6871
50.9823,528,1.7032
50.9867,532,1.7161
50.9910,534,1.7226
50.9953,533,1.7194
50.9996,532,1.7161
51.0039,529,1.7065
51.0082,524,1.6903
51.0125,518,1.6710
51.0168,512,1.6516
51.0211,506,1.6323
51.0254,499,1.6097
51.0298,491,1.5839
51.0341,487,1.5710
51.0384,487,1.5710
51.0427,488,1.5742
51.0470,489,1.5774
51.0513,490,1.5806
51.0556,489,1.5774
51.0599,490,1.5806
51.0642,490,1.5806
51.0685,491,1.5839
51.0728,491,1.5839
51.0771,492,1.5871
51.0814,492,1.5871
51.0857,489,1.5774
51.0900,479,1.5452
51.0943,464,1.4968
51.0986,453,1.4613
51.1029,467,1.5065
51.1072,512,1.6516
51.1114,585,1.8871
51.1158,676,2.1806
51.1201,763,2.4613
51.1243,812,2.6194
51.1286,795,2.5645
51.1329,726,2.3419
51.1373,635,2.0484
51.1416,542,1.7484
51.1459,478,1.5419
51.1502,447,1.4419
51.1545,440,1.4194
51.1588,449,1.4484
51.1631,464,1.4968
51.1674,474,1.5290
51.1717,479,1.5452
51.1760,479,1.5452
51.1803,479,1.5452
51.1846,479,1.5452
51.1889,480,1.5484
51.1932,480,1.5484
51.1975,481,1.5516
51.2018,482,1.5548
51.2061,482,1.5548
51.2105,482,1.5548
51.2148,484,1.5613
51.2191,486,1.5677
51.2234,487,1.5710
51.2277,488,1.5742
51.2320,488,1.5742
51.2363,492,1.5871
51.2406,497,1.6032
51.2449,503,1.6226
51.2493,510,1.6452
51.2535,515,1.6613
51.2578,520,1.6774
51.2621,524,1.6903
51.2664,530,1.7097
51.2707,537,1.7323
51.2751,543,1.7516
51.2794,549,1.7710
51.2836,555,1.7903
51.2880,560,1.8065
51.2923,564,1.8194
51.2965,567,1.8290
51.3008,570,1.8387
51.3052,572,1.8452
51.3094,573,1.8484
51.3137,574,1.8516
51.3180,572,1.8452
51.3223,571,1.8419
51.3266,570,1.8387
51.3310,569,1.8355
51.3353,564,1.8194
51.3396,560,1.8065
51.3439,555,1.7903
51.3482,550,1.7742
51.3525,543,1.7516
51.3568,535,1.7258
51.3611,529,1.7065
51.3654,524,1.6903
51.3697,516,1.6645
51.3740,509,1.6419
51.3783,502,1.6194
51.3826,495,1.5968
51.3869,489,1.5774
51.3913,483,1.5581
51.3956,478,1.5419
51.3999,475,1.5323
51.4042,475,1.5323
51.4084,476,1.5355
51.4127,477,1.5387
51.4174,478,1.5419
51.4230,478,1.5419
51.4274,479,1.5452
51.4317,479,1.5452
51.4360,480,1.5484
51.4402,481,1.5516
51.4445,481,1.5516
51.4488,483,1.5581
51.4530,484,1.5613
51.4573,484,1.5613
51.4616,488,1.5742
51.4658,495,1.5968
51.4701,503,1.6226
51.4744,510,1.6452
51.4786,517,1.6677
51.4829,525,1.6935
51.4872,529,1.7065
51.4915,532,1.7161
51.4958,534,1.7226
51.5001,535,1.7258
51.5044,533,1.7194
51.5087,530,1.7097
51.5129,526,1.6968
51.5172,520,1.6774
51.5214,513,1.6548
51.5257,504,1.6258
51.5299,497,1.6032
51.5342,491,1.5839
51.5385,487,1.5710
51.5428,486,1.5677
51.5471,486,1.5677
51.5513,487,1.5710
51.5556,487,1.5710
51.5598,489,1.5774
51.5641,490,1.5806
51.5684,491,1.5839
51.5726,492,1.5871
51.5769,493,1.5903
51.5812,493,1.5903
51.5854,493,1.5903
51.5897,491,1.5839
51.5940,483,1.5581
51.5982,467,1.5065
51.6026,454,1.4645
51.6069,460,1.4839
51.6112,498,1.6065
51.6154,565,1.8226
51.6197,652,2.1032
51.6241,744,2.4000
51.6283,806,2.6000
51.6327,807,2.6032
51.6370,746,2.4065
51.6413,658,2.1226
51.6456,562,1.8129
51.6499,490,1.5806
51.6542,453,1.4613
51.6585,441,1.4226
51.6628,447,1.4419
51.6671,461,1.4871
51.6714,471,1.5194
51.6757,476,1.5355
51.6800,478,1.5419
51.6844,478,1.5419
51.6886,479,1.5452
51.6930,480,1.5484
51.6972,480,1.5484
51.7015,482,1.5548
51.7058,484,1.5613
51.7100,484,1.5613
51.7143,484,1.5613
51.7186,485,1.5645
51.7232,486,1.5677
51.7275,486,1.5677
51.7319,486,1.5677
51.7362,486,1.5677
51.7405,489,1.5774
51.7448,494,1.5935
51.7491,501,1.6161
51.7533,508,1.6387
51.7576,516,1.6645
51.7619,523,1.6871
51.7662,528,1.7032
51.7704,536,1.7290
51.7747,542,1.7484
51.7790,548,1.7677
51.7832,554,1.7871
51.7875,559,1.8032
51.7918,563,1.8161
51.7960,566,1.8258
51.8003,570,1.8387
51.8046,572,1.8452
51.8089,574,1.8516
51.8132,574,1.8516
51.8175,570,1.8387
51.8218,571,1.8419
51.8260,569,1.8355
51.8303,566,1.8258
51.8346,562,1.8129
51.8389,560,1.8065
51.8431,555,1.7903
51.8474,548,1.7677
51.8517,542,1.7484
51.8559,536,1.7290
51.8602,530,1.7097
51.8645,525,1.6935
51.8687,517,1.6677
51.8731,511,1.6484
51.8774,503,1.6226
51.8817,496,1.6000
51.8859,491,1.5839
51.8902,486,1.5677
51.8945,479,1.5452
51.8989,475,1.5323
51.9032,474,1.5290
51.9075,475,1.5323
51.9125,476,1.5355
51.9170,478,1.5419
51.9213,479,1.5452
51.9256,480,1.5484
51.9299,480,1.5484
51.9343,480,1.5484
51.9386,482,1.5548
51.9430,483,1.5581
51.9473,483,1.5581
51.9516,484,1.5613
51.9560,485,1.5645
51.9603,487,1.5710
51.9647,493,1.5903
51.9690,501,1.6161
51.9733,508,1.6387
51.9777,516,1.6645
51.9820,523,1.6871
51.9864,528,1.7032
51.9907,532,1.7161
51.9951,533,1.7194
51.9995,533,1.7194
52.0038,533,1.7194
52.0081,529,1.7065
52.0124,525,1.6935
52.0167,520,1.6774
52.0210,513,1.6548
52.0253,507,1.6355
52.0296,499,1.6097
52.0339,493,1.5903
52.0382,488,1.5742
52.0425,486,1.5677
52.0467,487,1.5710
52.0510,488,1.5742
52.0553,489,1.5774
52.0595,489,1.5774
52.0638,491,1.5839
52.0681,491,1.5839
52.0723,491,1.5839
52.0766,492,1.5871
52.0809,492,1.5871
52.0851,494,1.5935
52.0894,493,1.5903
52.0936,485,1.5645
52.0979,470,1.5161
52.1022,455,1.4677
52.1065,459,1.4806
52.1107,495,1.5968
52.1150,559,1.8032
52.1194,646,2.0839
52.1237,737,2.3774
52.1280,803,2.5903
52.1323,807,2.6032
52.1365,753,2.4290
52.1409,666,2.1484
52.1452,572,1.8452
52.1495,497,1.6032
52.1537,456,1.4710
52.1581,441,1.4226
52.1624,444,1.4323
52.1667,458,1.4774
52.1710,470,1.5161
52.1753,477,1.5387
52.1796,478,1.5419
52.1838,479,1.5452
52.1881,479,1.5452
52.1924,480,1.5484
52.1967,481,1.5516
52.2010,482,1.5548
52.2053,484,1.5613
52.2096,484,1.5613
52.2139,485,1.5645
52.2182,485,1.5645
52.2225,487,1.5710
52.2267,486,1.5677
52.2310,486,1.5677
52.2353,487,1.5710
52.2396,488,1.5742
52.2439,493,1.5903
52.2482,501,1.6161
52.2525,507,1.6355
52.2567,516,1.6645
52.2610,521,1.6806
52.2653,529,1.7065
52.2696,536,1.7290
52.2739,542,1.7484
52.2782,546,1.7613
52.2826,553,1.7839
52.2869,559,1.8032
52.2912,563,1.8161
52.2954,565,1.8226
52.2998,569,1.8355
52.3040,572,1.8452
52.3083,573,1.8484
52.3126,572,1.8452
52.3169,572,1.8452
52.3212,570,1.8387
52.3257,569,1.8355
52.3301,567,1.8290
52.3345,563,1.8161
52.3388,559,1.8032
52.3431,554,1.7871
52.3475,550,1.7742
52.3518,541,1.7452
52.3562,535,1.7258
52.3605,529,1.7065
52.3648,522,1.6839
52.3692,515,1.6613
52.3735,509,1.6419
52.3778,502,1.6194
52.3821,495,1.5968
52.3865,489,1.5774
52.3908,483,1.5581
52.3951,478,1.5419
52.3996,474,1.5290
52.4039,474,1.5290
52.4082,474,1.5290
52.4125,475,1.5323
52.4168,476,1.5355
52.4212,477,1.5387
52.4254,477,1.5387
52.4298,478,1.5419
52.4341,479,1.5452
52.4384,479,1.5452
52.4426,480,1.5484
52.4469,482,1.5548
52.4512,483,1.5581
52.4555,484,1.5613
52.4598,485,1.5645
52.4641,486,1.5677
52.4684,487,1.5710
52.4727,491,1.5839
52.4770,496,1.6000
52.4813,505,1.6290
52.4856,513,1.6548
52.4899,521,1.6806
52.4942,527,1.7000
52.4985,533,1.7194
52.5028,536,1.7290
52.5071,537,1.7323
52.5114,537,1.7323
52.5157,534,1.7226
52.5200,531,1.7129
52.5242,524,1.6903
52.5285,519,1.6742
52.5329,513,1.6548
52.5372,505,1.6290
52.5414,499,1.6097
52.5457,492,1.5871
52.5500,489,1.5774
52.5543,489,1.5774
52.5586,489,1.5774
52.5629,489,1.5774
52.5672,489,1.5774
52.5715,491,1.5839
52.5758,492,1.5871
52.5801,493,1.5903
52.5844,494,1.5935
52.5887,494,1.5935
52.5930,494,1.5935
52.5973,493,1.5903
52.6017,489,1.5774
52.6060,477,1.5387
52.6103,460,1.4839
52.6147,453,1.4613
52.6190,476,1.5355
52.6235,532,1.7161
52.6279,615,1.9839
52.6324,709,2.2871
52.6367,787,2.5387
52.6411,815,2.6290
52.6454,775,2.5000
52.6497,692,2.2323
52.6541,595,1.9194
52.6584,511,1.6484
52.6628,462,1.4903
52.6671,444,1.4323
52.6714,444,1.4323
52.6758,457,1.4742
52.6801,469,1.5129
52.6844,477,1.5387
52.6887,479,1.5452
52.6931,481,1.5516
52.6974,481,1.5516
52.7019,483,1.5581
52.7062,484,1.5613
52.7105,484,1.5613
52.7148,485,1.5645
52.7191,486,1.5677
52.7236,486,1.5677
52.7279,486,1.5677
52.7322,486,1.5677
52.7366,487,1.5710
52.7409,487,1.5710
52.7452,488,1.5742
52.7494,490,1.5806
52.7537,495,1.5968
52.7580,501,1.6161
52.7623,508,1.6387
52.7666,515,1.6613
52.7709,523,1.6871
52.7752,528,1.7032
52.7795,536,1.7290
52.7838,542,1.7484
52.7881,548,1.7677
52.7924,553,1.7839
52.7967,558,1.8000
52.8010,563,1.8161
52.8053,567,1.8290
52.8096,571,1.8419
52.8139,573,1.8484
52.8182,575,1.8548
52.8224,576,1.8581
52.8267,574,1.8516
52.8310,573,1.8484
52.8353,572,1.8452
52.8396,569,1.8355
52.8439,564,1.8194
52.8482,560,1.8065
52.8525,557,1.7968
52.8568,551,1.7774
52.8611,545,1.7581
52.8654,539,1.7387
52.8697,532,1.7161
52.8740,526,1.6968
52.8783,520,1.6774
52.8826,512,1.6516
52.8868,506,1.6323
52.8911,498,1.6065
52.8954,491,1.5839
52.8997,485,1.5645
52.9041,479,1.5452
52.9084,476,1.5355
52.9128,474,1.5290
52.9171,475,1.5323
52.9214,476,1.5355
52.9258,478,1.5419
52.9301,477,1.5387
52.9344,477,1.5387
52.9388,477,1.5387
52.9431,478,1.5419
52.9474,479,1.5452
52.9518,481,1.5516
52.9561,482,1.5548
52.9604,483,1.5581
52.9648,484,1.5613
52.9691,486,1.5677
52.9734,490,1.5806
52.9777,497,1.6032
52.9821,506,1.6323
52.9865,513,1.6548
52.9908,520,1.6774
52.9951,525,1.6935
52.9994,532,1.7161
53.0038,536,1.7290
53.0081,536,1.7290
53.0124,534,1.7226
53.0167,532,1.7161
53.0210,528,1.7032
53.0253,522,1.6839
53.0296,516,1.6645
53.0339,508,1.6387
53.0382,500,1.6129
53.0425,493,1.5903
53.0468,487,1.5710
53.0511,485,1.5645
53.0554,485,1.5645
53.0596,486,1.5677
53.0639,487,1.5710
53.0683,488,1.5742
53.0725,488,1.5742
53.0768,489,1.5774
53.0811,490,1.5806
53.0854,491,1.5839
53.0897,492,1.5871
53.0940,492,1.5871
53.0983,493,1.5903
53.1026,488,1.5742
53.1069,474,1.5290
53.1112,458,1.4774
53.1155,453,1.4613
53.1199,482,1.5548
53.1242,542,1.7484
53.1285,625,2.0161
53.1329,716,2.3097
53.1372,793,2.5581
53.1415,810,2.6129
53.1458,766,2.4710
53.1502,682,2.2000
53.1545,586,1.8903
53.1588,505,1.6290
53.1632,459,1.4806
53.1675,442,1.4258
53.1718,442,1.4258
53.1762,455,1.4677
53.1805,468,1.5097
53.1848,477,1.5387
53.1892,480,1.5484
53.1935,479,1.5452
53.1978,479,1.5452
53.2022,479,1.5452
53.2066,480,1.5484
53.2109,480,1.5484
53.2152,482,1.5548
53.2196,484,1.5613
53.2241,485,1.5645
53.2285,484,1.5613
53.2329,485,1.5645
53.2372,486,1.5677
53.2415,486,1.5677
53.2458,488,1.5742
53.2501,490,1.5806
53.2544,496,1.6000
53.2587,501,1.6161
53.2630,507,1.6355
53.2673,514,1.6581
53.2716,522,1.6839
53.2759,528,1.7032
53.2802,536,1.7290
53.2845,542,1.7484
53.2888,547,1.7645
53.2931,553,1.7839
53.2974,558,1.8000
53.3016,562,1.8129
53.3059,565,1.8226
53.3102,569,1.8355
53.3145,572,1.8452
53.3188,573,1.8484
53.3231,573,1.8484
53.3274,571,1.8419
53.3317,571,1.8419
53.3360,568,1.8323
53.3403,566,1.8258
53.3446,563,1.8161
53.3489,558,1.8000
53.3532,554,1.7871
53.3575,549,1.7710
53.3618,543,1.7516
53.3661,536,1.7290
53.3704,531,1.7129
53.3747,523,1.6871
53.3791,512,1.6516
53.3834,510,1.6452
53.3877,503,1.6226
53.3920,496,1.6000
53.3962,489,1.5774
53.4005,484,1.5613
53.4047,478,1.5419
53.4090,476,1.5355
53.4133,475,1.5323
53.4176,476,1.5355
53.4219,476,1.5355
53.4261,478,1.5419
53.4304,480,1.5484
53.4347,479,1.5452
53.4390,479,1.5452
53.4433,479,1.5452
53.4476,482,1.5548
53.4519,481,1.5516
53.4563,483,1.5581
53.4606,483,1.5581
53.4649,483,1.5581
53.4692,485,1.5645
53.4735,490,1.5806
53.4778,498,1.6065
53.4821,506,1.6323
53.4864,514,1.6581
53.4907,521,1.6806
53.4950,525,1.6935
53.4993,531,1.7129
53.5036,533,1.7194
53.5078,535,1.7258
53.5121,534,1.7226
53.5165,532,1.7161
53.5208,528,1.7032
53.5252,522,1.6839
53.5295,515,1.6613
53.5339,509,1.6419
53.5383,501,1.6161
53.5427,495,1.5968
53.5469,489,1.5774
53.5512,486,1.5677
53.5555,486,1.5677
53.5598,487,1.5710
53.5641,488,1.5742
53.5684,490,1.5806
53.5727,490,1.5806
53.5770,491,1.5839
53.5813,491,1.5839
53.5855,491,1.5839
53.5898,492,1.5871
53.5941,492,1.5871
53.5984,493,1.5903
53.6027,487,1.5710
53.6070,474,1.5290
53.6113,458,1.4774
53.6156,454,1.4645
53.6199,482,1.5548
53.6241,541,1.7452
53.6284,622,2.0065
53.6327,712,2.2968
53.6369,791,2.5516
53.6412,815,2.6290
53.6455,774,2.4968
53.6497,693,2.2355
53.6540,599,1.9323
53.6582,515,1.6613
53.6625,466,1.5032
53.6668,445,1.4355
53.6710,443,1.4290
53.6753,454,1.4645
53.6832,476,1.5355
53.6875,480,1.5484
53.6918,481,1.5516
53.6961,480,1.5484
53.7004,480,1.5484
53.7046,481,1.5516
53.7088,482,1.5548
53.7131,482,1.5548
53.7174,484,1.5613
53.7217,484,1.5613
53.7260,484,1.5613
53.7302,484,1.5613
53.7345,485,1.5645
53.7388,486,1.5677
53.7431,485,1.5645
53.7474,487,1.5710
53.7517,491,1.5839
53.7560,496,1.6000
53.7603,504,1.6258
53.7645,510,1.6452
53.7688,518,1.6710
53.7731,525,1.6935
53.7774,531,1.7129
53.7817,537,1.7323
53.7860,543,1.7516
53.7903,549,1.7710
53.7946,553,1.7839
53.7989,559,1.8032
53.8032,563,1.8161
53.8075,566,1.8258
53.8118,570,1.8387
53.8161,573,1.8484
53.8204,573,1.8484
53.8247,574,1.8516
53.8290,573,1.8484
53.8333,572,1.8452
53.8375,570,1.8387
53.8418,567,1.8290
53.8461,562,1.8129
53.8504,559,1.8032
53.8547,554,1.7871
53.8590,548,1.7677
53.8633,541,1.7452
53.8676,536,1.7290
53.8719,528,1.7032
53.8762,522,1.6839
53.8805,514,1.6581
53.8848,507,1.6355
53.8891,500,1.6129
53.8933,492,1.5871
53.8976,487,1.5710
53.9019,481,1.5516
53.9062,476,1.5355
53.9105,473,1.5258
53.9148,473,1.5258
53.9191,475,1.5323
53.9234,476,1.5355
53.9276,478,1.5419
53.9320,479,1.5452
53.9362,480,1.5484
53.9405,481,1.5516
53.9449,484,1.5613
53.9491,483,1.5581
53.9534,484,1.5613
53.9577,485,1.5645
53.9620,485,1.5645
53.9663,485,1.5645
53.9706,488,1.5742
53.9749,494,1.5935
53.9792,500,1.6129
53.9835,508,1.6387
53.9878,516,1.6645
53.9921,522,1.6839
53.9963,528,1.7032
54.0006,532,1.7161
54.0049,535,1.7258
54.0092,536,1.7290
54.0135,532,1.7161
54.0178,529,1.7065
54.0221,526,1.6968
54.0264,520,1.6774
54.0307,514,1.6581
54.0349,507,1.6355
54.0392,500,1.6129
54.0435,492,1.5871
54.0478,487,1.5710
54.0521,486,1.5677
54.0564,486,1.5677
54.0607,488,1.5742
54.0650,489,1.5774
54.0693,490,1.5806
54.0736,489,1.5774
54.0778,490,1.5806
54.0821,489,1.5774
54.0864,491,1.5839
54.0907,490,1.5806
54.0950,491,1.5839
54.0993,490,1.5806
54.1036,482,1.5548
54.1078,467,1.5065
54.1121,454,1.4645
54.1164,456,1.4710
54.1207,490,1.5806
54.1252,558,1.8000
54.1296,647,2.0871
54.1340,739,2.3839
54.1383,805,2.5968
54.1426,805,2.5968
54.1468,748,2.4129
54.1512,660,2.1290
54.1554,565,1.8226
54.1597,493,1.5903
54.1640,454,1.4645
54.1683,441,1.4226
54.1726,447,1.4419
54.1769,459,1.4806
54.1812,470,1.5161
54.1855,476,1.5355
54.1898,479,1.5452
54.1941,480,1.5484
54.1984,479,1.5452
54.2026,480,1.5484
54.2069,480,1.5484
54.2112,480,1.5484
54.2155,480,1.5484
54.2198,481,1.5516
54.2241,482,1.5548
54.2283,483,1.5581
54.2326,485,1.5645
54.2368,485,1.5645
54.2411,486,1.5677
54.2454,486,1.5677
54.2496,489,1.5774
54.2539,492,1.5871
54.2581,499,1.6097
54.2624,506,1.6323
54.2667,514,1.6581
54.2709,522,1.6839
54.2752,529,1.7065
54.2794,536,1.7290
54.2837,543,1.7516
54.2879,549,1.7710
54.2922,555,1.7903
54.2965,557,1.7968
54.3007,563,1.8161
54.3050,566,1.8258
54.3092,570,1.8387
54.3135,572,1.8452
54.3177,573,1.8484
54.3220,574,1.8516
54.3263,574,1.8516
54.3306,573,1.8484
54.3350,570,1.8387
54.3393,569,1.8355
54.3435,564,1.8194
54.3478,560,1.8065
54.3521,556,1.7935
54.3564,551,1.7774
54.3611,546,1.7613
54.3655,538,1.7355
54.3698,532,1.7161
54.3741,526,1.6968
54.3784,518,1.6710
54.3827,512,1.6516
54.3870,505,1.6290
54.3913,498,1.6065
54.3956,491,1.5839
54.3999,486,1.5677
54.4042,479,1.5452
54.4085,476,1.5355
54.4128,474,1.5290
54.4173,476,1.5355
54.4219,477,1.5387
54.4264,476,1.5355
54.4308,478,1.5419
54.4352,480,1.5484
54.4395,482,1.5548
54.4438,481,1.5516
54.4480,482,1.5548
54.4523,482,1.5548
54.4566,482,1.5548
54.4609,484,1.5613
54.4651,484,1.5613
54.4694,486,1.5677
54.4737,491,1.5839
54.4780,498,1.6065
54.4822,507,1.6355
54.4865,515,1.6613
54.4907,521,1.6806
54.4950,526,1.6968
54.4993,530,1.7097
54.5036,534,1.7226
54.5078,536,1.7290
54.5121,534,1.7226
54.5165,531,1.7129
54.5207,528,1.7032
54.5250,522,1.6839
54.5292,517,1.6677
54.5335,510,1.6452
54.5378,503,1.6226
54.5420,497,1.6032
54.5463,490,1.5806
54.5505,487,1.5710
54.5548,486,1.5677
54.5591,487,1.5710
54.5633,488,1.5742
54.5676,489,1.5774
54.5720,490,1.5806
54.5763,491,1.5839
54.5806,491,1.5839
54.5849,491,1.5839
54.5892,491,1.5839
54.5935,492,1.5871
54.5978,491,1.5839
54.6021,487,1.5710
54.6064,474,1.5290
54.6107,458,1.4774
54.6150,453,1.4613
54.6193,478,1.5419
54.6237,534,1.7226
54.6280,615,1.9839
54.6323,705,2.2742
54.6366,784,2.5290
54.6409,810,2.6129
54.6452,775,2.5000
54.6495,696,2.2452
54.6538,601,1.9387
54.6581,516,1.6645
54.6624,465,1.5000
54.6667,443,1.4290
54.6710,442,1.4258
54.6753,453,1.4613
54.6803,469,1.5129
54.6846,477,1.5387
54.6889,479,1.5452
54.6932,480,1.5484
54.6975,481,1.5516
54.7018,481,1.5516
54.7061,482,1.5548
54.7104,483,1.5581
54.7147,483,1.5581
54.7193,483,1.5581
54.7236,484,1.5613
54.7279,485,1.5645
54.7322,484,1.5613
54.7365,484,1.5613
54.7408,485,1.5645
54.7452,486,1.5677
54.7495,488,1.5742
54.7538,493,1.5903
54.7582,501,1.6161
54.7626,508,1.6387
54.7669,515,1.6613
54.7712,522,1.6839
54.7755,530,1.7097
54.7798,535,1.7258
54.7841,543,1.7516
54.7884,549,1.7710
54.7927,554,1.7871
54.7970,559,1.8032
54.8013,562,1.8129
54.8056,567,1.8290
54.8099,570,1.8387
54.8142,573,1.8484
54.8185,573,1.8484
54.8228,573,1.8484
54.8272,572,1.8452
54.8315,570,1.8387
54.8358,569,1.8355
54.8404,565,1.8226
54.8447,563,1.8161
54.8490,558,1.8000
54.8533,553,1.7839
54.8576,547,1.7645
54.8619,540,1.7419
54.8663,535,1.7258
54.8706,529,1.7065
54.8749,523,1.6871
54.8792,516,1.6645
54.8835,509,1.6419
54.8879,503,1.6226
54.8922,495,1.5968
54.8964,489,1.5774
54.9007,483,1.5581
54.9050,478,1.5419
54.9094,474,1.5290
54.9137,474,1.5290
54.9180,475,1.5323
54.9224,476,1.5355
54.9267,477,1.5387
54.9310,478,1.5419
54.9353,478,1.5419
54.9396,478,1.5419
54.9439,479,1.5452
54.9482,481,1.5516
54.9525,481,1.5516
54.9568,482,1.5548
54.9611,482,1.5548
54.9654,483,1.5581
54.9697,486,1.5677
54.9741,492,1.5871
54.9784,498,1.6065
54.9827,506,1.6323
54.9870,514,1.6581
54.9913,520,1.6774
54.9956,526,1.6968
54.9999,530,1.7097
55.0042,533,1.7194
55.0085,535,1.7258
55.0128,533,1.7194
55.0171,530,1.7097
55.0221,524,1.6903
55.0266,519,1.6742
55.0311,512,1.6516
55.0354,505,1.6290
55.0397,500,1.6129
55.0440,493,1.5903
55.0502,487,1.5710
55.0547,487,1.5710
55.0592,488,1.5742
55.0637,489,1.5774
55.0680,490,1.5806
55.0724,491,1.5839
55.0768,491,1.5839
55.0811,491,1.5839
55.0855,492,1.5871
55.0905,493,1.5903
55.0949,494,1.5935
55.0991,492,1.5871
55.1034,485,1.5645
55.1077,472,1.5226
55.1121,455,1.4677
55.1164,458,1.4774
55.1207,493,1.5903
55.1250,557,1.7968
55.1293,643,2.0742
55.1336,733,2.3645
55.1379,803,2.5903
55.1422,810,2.6129
55.1465,758,2.4452
55.1508,671,2.1645
55.1551,573,1.8484
55.1594,498,1.6065
55.1637,456,1.4710
55.1680,442,1.4258
55.1724,445,1.4355
55.1767,458,1.4774
55.1810,469,1.5129
55.1853,476,1.5355
55.1896,479,1.5452
55.1939,480,1.5484
55.1982,480,1.5484
55.2025,480,1.5484
55.2068,481,1.5516
55.2111,482,1.5548
55.2154,484,1.5613
55.2197,484,1.5613
55.2240,484,1.5613
55.2289,485,1.5645
55.2332,487,1.5710
55.2375,488,1.5742
55.2417,487,1.5710
55.2460,488,1.5742
55.2502,490,1.5806
55.2545,495,1.5968
55.2588,501,1.6161
55.2630,508,1.6387
55.2673,515,1.6613
55.2716,521,1.6806
55.2758,529,1.7065
55.2801,536,1.7290
55.2844,541,1.7452
55.2886,547,1.7645
55.2929,553,1.7839
55.2972,558,1.8000
55.3014,563,1.8161
55.3057,566,1.8258
55.3100,568,1.8323
55.3142,572,1.8452
55.3185,572,1.8452
55.3229,572,1.8452
55.3273,570,1.8387
55.3317,571,1.8419
55.3360,570,1.8387
55.3402,568,1.8323
55.3445,563,1.8161
55.3488,560,1.8065
55.3530,555,1.7903
55.3573,547,1.7645
55.3615,540,1.7419
55.3658,536,1.7290
55.3700,531,1.7129
55.3743,524,1.6903
55.3786,517,1.6677
55.3835,508,1.6387
55.3879,503,1.6226
55.3926,495,1.5968
55.3970,488,1.5742
55.4013,482,1.5548
55.4056,477,1.5387
55.4098,475,1.5323
55.4141,474,1.5290
55.4185,475,1.5323
55.4228,476,1.5355
55.4271,477,1.5387
55.4314,479,1.5452
55.4357,478,1.5419
55.4400,478,1.5419
55.4443,479,1.5452
55.4486,481,1.5516
55.4532,482,1.5548
55.4582,485,1.5645
55.4625,485,1.5645
55.4668,484,1.5613
55.4711,487,1.5710
55.4754,494,1.5935
55.4797,501,1.6161
55.4840,510,1.6452
55.4883,517,1.6677
55.4926,523,1.6871
55.4969,528,1.7032
55.5012,532,1.7161
55.5055,535,1.7258
55.5098,537,1.7323
55.5141,534,1.7226
55.5184,530,1.7097
55.5227,526,1.6968
55.5270,521,1.6806
55.5313,515,1.6613
55.5356,507,1.6355
55.5400,499,1.6097
55.5443,492,1.5871
55.5485,487,1.5710
55.5528,488,1.5742
55.5571,488,1.5742
55.5615,489,1.5774
55.5658,488,1.5742
55.5700,489,1.5774
55.5743,491,1.5839
55.5786,491,1.5839
55.5830,491,1.5839
55.5873,492,1.5871
55.5916,492,1.5871
55.5959,493,1.5903
55.6002,491,1.5839
55.6046,482,1.5548
55.6088,466,1.5032
55.6131,453,1.4613
55.6175,464,1.4968
55.6218,506,1.6323
55.6261,576,1.8581
55.6304,664,2.1419
55.6348,756,2.4387
55.6391,810,2.6129
55.6434,800,2.5806
55.6477,734,2.3677
55.6520,643,2.0742
55.6563,549,1.7710
55.6606,484,1.5613
55.6648,450,1.4516
55.6691,441,1.4226
55.6734,446,1.4387
55.6777,461,1.4871
55.6820,473,1.5258
55.6863,478,1.5419
55.6905,480,1.5484
55.6948,480,1.5484
55.6991,480,1.5484
55.7034,481,1.5516
55.7077,482,1.5548
55.7120,483,1.5581
55.7162,483,1.5581
55.7205,483,1.5581
55.7248,484,1.5613
55.7291,485,1.5645
55.7334,485,1.5645
55.7377,486,1.5677
55.7419,486,1.5677
55.7462,488,1.5742
55.7505,488,1.5742
55.7547,494,1.5935
55.7590,501,1.6161
55.7633,509,1.6419
55.7676,516,1.6645
55.7718,524,1.6903
55.7761,530,1.7097
55.7807,537,1.7323
55.7850,543,1.7516
55.7892,548,1.7677
55.7935,555,1.7903
55.7977,560,1.8065
55.8020,563,1.8161
55.8063,567,1.8290
55.8106,571,1.8419
55.8149,573,1.8484
55.8191,573,1.8484
55.8234,575,1.8548
55.8277,573,1.8484
55.8320,572,1.8452
55.8363,569,1.8355
55.8406,567,1.8290
55.8449,562,1.8129
55.8491,558,1.8000
55.8534,552,1.7806
55.8577,547,1.7645
55.8623,542,1.7484
55.8665,536,1.7290
55.8708,528,1.7032
55.8751,523,1.6871
55.8794,514,1.6581
55.8837,509,1.6419
55.8879,503,1.6226
55.8922,495,1.5968
55.8965,489,1.5774
55.9008,482,1.5548
55.9050,477,1.5387
55.9093,475,1.5323
55.9136,474,1.5290
55.9179,475,1.5323
55.9223,476,1.5355
55.9267,477,1.5387
55.9311,477,1.5387
55.9355,478,1.5419
55.9397,477,1.5387
55.9441,478,1.5419
55.9484,478,1.5419
55.9527,479,1.5452
55.9569,480,1.5484
55.9612,480,1.5484
55.9654,481,1.5516
55.9697,483,1.5581
55.9740,484,1.5613
55.9782,490,1.5806
55.9825,497,1.6032
55.9867,505,1.6290
55.9911,511,1.6484
55.9953,518,1.6710
55.9995,524,1.6903
56.0038,531,1.7129
56.0080,534,1.7226
56.0123,535,1.7258
56.0166,536,1.7290
56.0208,534,1.7226
56.0251,531,1.7129
56.0293,526,1.6968
56.0336,520,1.6774
56.0379,514,1.6581
56.0422,506,1.6323
56.0465,500,1.6129
56.0507,493,1.5903
56.0550,489,1.5774
56.0592,488,1.5742
56.0635,489,1.5774
56.0677,490,1.5806
56.0720,492,1.5871
56.0763,492,1.5871
56.0805,493,1.5903
56.0848,493,1.5903
56.0891,492,1.5871
56.0934,492,1.5871
56.0976,492,1.5871
56.1019,491,1.5839
56.1061,489,1.5774
56.1104,478,1.5419
56.1147,462,1.4903
56.1189,452,1.4581
56.1232,466,1.5032
56.1276,515,1.6613
56.1320,591,1.9065
56.1363,682,2.2000
56.1406,768,2.4774
56.1448,813,2.6226
56.1491,792,2.5548
56.1534,721,2.3258
56.1576,632,2.0387
56.1618,541,1.7452
56.1661,479,1.5452
56.1704,448,1.4452
56.1746,442,1.4258
56.1789,451,1.4548
56.1831,464,1.4968
56.1874,474,1.5290
56.1917,478,1.5419
56.1960,478,1.5419
56.2003,478,1.5419
56.2045,480,1.5484
56.2089,481,1.5516
56.2132,482,1.5548
56.2174,484,1.5613
56.2217,483,1.5581
56.2261,483,1.5581
56.2304,484,1.5613
56.2348,484,1.5613
56.2391,485,1.5645
56.2434,486,1.5677
56.2477,486,1.5677
56.2520,487,1.5710
56.2563,489,1.5774
56.2606,494,1.5935
56.2649,500,1.6129
56.2692,509,1.6419
56.2735,515,1.6613
56.2778,518,1.6710
56.2821,518,1.6710
56.2864,522,1.6839
56.2907,528,1.7032
56.2950,536,1.7290
56.2993,542,1.7484
56.3036,547,1.7645
56.3079,554,1.7871
56.3122,560,1.8065
56.3165,564,1.8194
56.3209,568,1.8323
56.3251,571,1.8419
56.3294,574,1.8516
56.3337,575,1.8548
56.3380,574,1.8516
56.3423,574,1.8516
56.3466,573,1.8484
56.3509,571,1.8419
56.3552,568,1.8323
56.3595,565,1.8226
56.3638,560,1.8065
56.3681,555,1.7903
56.3724,550,1.7742
56.3767,545,1.7581
56.3810,539,1.7387
56.3853,532,1.7161
56.3896,524,1.6903
56.3939,517,1.6677
56.3982,510,1.6452
56.4024,504,1.6258
56.4067,496,1.6000
56.4110,489,1.5774
56.4154,484,1.5613
56.4197,479,1.5452
56.4240,476,1.5355
56.4283,476,1.5355
56.4326,475,1.5323
56.4369,476,1.5355
56.4412,477,1.5387
56.4455,479,1.5452
56.4498,480,1.5484
56.4541,481,1.5516
56.4584,481,1.5516
56.4627,481,1.5516
56.4670,482,1.5548
56.4713,482,1.5548
56.4756,484,1.5613
56.4799,485,1.5645
56.4842,486,1.5677
56.4885,490,1.5806
56.4928,498,1.6065
56.4971,506,1.6323
56.5014,513,1.6548
56.5057,519,1.6742
56.5100,525,1.6935
56.5143,531,1.7129
56.5186,535,1.7258
56.5229,535,1.7258
56.5272,535,1.7258
56.5315,532,1.7161
56.5358,528,1.7032
56.5402,523,1.6871
56.5446,516,1.6645
56.5489,509,1.6419
56.5532,501,1.6161
56.5575,494,1.5935
56.5619,487,1.5710
56.5662,485,1.5645
56.5706,487,1.5710
56.5749,487,1.5710
56.5792,488,1.5742
56.5836,488,1.5742
56.5880,491,1.5839
56.5923,491,1.5839
56.5966,492,1.5871
56.6010,492,1.5871
56.6053,493,1.5903
56.6096,493,1.5903
56.6140,492,1.5871
56.6183,486,1.5677
56.6226,473,1.5258
56.6270,458,1.4774
56.6313,458,1.4774
56.6356,491,1.5839
56.6399,555,1.7903
56.6442,639,2.0613
56.6485,731,2.3581
56.6528,801,2.5839
56.6573,809,2.6097
56.6616,752,2.4258
56.6659,667,2.1516
56.6702,572,1.8452
56.6745,497,1.6032
56.6788,456,1.4710
56.6831,441,1.4226
56.6874,443,1.4290
56.6917,456,1.4710
56.6960,469,1.5129
56.7003,475,1.5323
56.7046,477,1.5387
56.7089,479,1.5452
56.7132,480,1.5484
56.7174,480,1.5484
56.7217,482,1.5548
56.7260,482,1.5548
56.7303,483,1.5581
56.7347,484,1.5613
56.7390,483,1.5581
56.7433,484,1.5613
56.7476,484,1.5613
56.7519,485,1.5645
56.7562,486,1.5677
56.7605,487,1.5710
56.7649,489,1.5774
56.7692,494,1.5935
56.7734,501,1.6161
56.7777,506,1.6323
56.7821,514,1.6581
56.7864,521,1.6806
56.7907,528,1.7032
56.7950,534,1.7226
56.7993,541,1.7452
56.8036,547,1.7645
56.8079,553,1.7839
56.8122,558,1.8000
56.8165,562,1.8129
56.8208,567,1.8290
56.8253,568,1.8323
56.8297,571,1.8419
56.8341,573,1.8484
56.8384,574,1.8516
56.8427,573,1.8484
56.8470,570,1.8387
56.8513,570,1.8387
56.8556,566,1.8258
56.8599,564,1.8194
56.8642,560,1.8065
56.8685,554,1.7871
56.8728,549,1.7710
56.8771,543,1.7516
56.8814,536,1.7290
56.8856,533,1.7194
56.8900,530,1.7097
56.8943,524,1.6903
56.8986,517,1.6677
56.9029,511,1.6484
56.9072,503,1.6226
56.9115,495,1.5968
56.9158,487,1.5710
56.9201,482,1.5548
56.9244,477,1.5387
56.9288,474,1.5290
56.9332,473,1.5258
56.9375,474,1.5290
56.9418,475,1.5323
56.9461,476,1.5355
56.9504,478,1.5419
56.9547,478,1.5419
56.9589,478,1.5419
56.9632,480,1.5484
56.9675,481,1.5516
56.9718,482,1.5548
56.9761,483,1.5581
56.9804,483,1.5581
56.9847,483,1.5581
56.9890,485,1.5645
56.9933,490,1.5806
56.9976,498,1.6065
57.0019,506,1.6323
57.0062,514,1.6581
57.0105,521,1.6806
57.0148,524,1.6903
57.0191,530,1.7097
57.0234,534,1.7226
57.0277,536,1.7290
57.0321,535,1.7258
57.0365,531,1.7129
57.0408,528,1.7032
57.0451,523,1.6871
57.0494,517,1.6677
57.0538,509,1.6419
57.0581,503,1.6226
57.0624,496,1.6000
57.0668,489,1.5774
57.0711,486,1.5677
57.0754,486,1.5677
57.0797,487,1.5710
57.0841,488,1.5742
57.0884,490,1.5806
57.0928,491,1.5839
57.0971,491,1.5839
57.1014,491,1.5839
57.1057,491,1.5839
57.1101,493,1.5903
57.1144,493,1.5903
57.1187,492,1.5871
57.1231,486,1.5677
57.1276,471,1.5194
57.1324,455,1.4677
57.1369,459,1.4806
57.1412,496,1.6000
57.1456,564,1.8194
57.1499,652,2.1032
57.1542,742,2.3935
57.1585,805,2.5968
57.1627,804,2.5935
57.1670,746,2.4065
57.1713,658,2.1226
57.1756,564,1.8194
57.1799,491,1.5839
57.1842,453,1.4613
57.1885,441,1.4226
57.1928,446,1.4387
57.1971,460,1.4839
57.2014,470,1.5161
57.2057,476,1.5355
57.2100,477,1.5387
57.2143,478,1.5419
57.2189,480,1.5484
57.2232,481,1.5516
57.2275,483,1.5581
57.2318,483,1.5581
57.2362,484,1.5613
57.2404,485,1.5645
57.2447,486,1.5677
57.2490,486,1.5677
57.2533,486,1.5677
57.2576,487,1.5710
57.2620,486,1.5677
57.2662,487,1.5710
57.2705,490,1.5806
57.2748,494,1.5935
57.2791,501,1.6161
57.2834,508,1.6387
57.2877,515,1.6613
57.2920,521,1.6806
57.2963,529,1.7065
57.3006,536,1.7290
57.3049,542,1.7484
57.3092,549,1.7710
57.3135,554,1.7871
57.3178,559,1.8032
57.3221,564,1.8194
57.3264,567,1.8290
57.3307,570,1.8387
57.3349,573,1.8484
57.3394,573,1.8484
57.3437,573,1.8484
57.3480,572,1.8452
57.3524,569,1.8355
57.3567,569,1.8355
57.3610,566,1.8258
57.3653,562,1.8129
57.3697,559,1.8032
57.3740,555,1.7903
57.3783,547,1.7645
57.3827,542,1.7484
57.3870,536,1.7290
57.3913,528,1.7032
57.3957,521,1.6806
57.4000,515,1.6613
57.4043,509,1.6419
57.4087,501,1.6161
57.4130,495,1.5968
57.4173,487,1.5710
57.4217,482,1.5548
57.4260,478,1.5419
57.4303,475,1.5323
57.4346,475,1.5323
57.4390,476,1.5355
57.4433,476,1.5355
57.4476,478,1.5419
57.4520,480,1.5484
57.4563,481,1.5516
57.4605,481,1.5516
57.4648,481,1.5516
57.4691,482,1.5548
57.4734,483,1.5581
57.4777,484,1.5613
57.4820,485,1.5645
57.4863,486,1.5677
57.4906,489,1.5774
57.4949,493,1.5903
57.4992,501,1.6161
57.5035,509,1.6419
57.5078,517,1.6677
57.5121,522,1.6839
57.5164,528,1.7032
57.5207,532,1.7161
57.5250,536,1.7290
57.5293,537,1.7323
57.5335,536,1.7290
57.5378,533,1.7194
57.5421,527,1.7000
57.5465,522,1.6839
57.5508,516,1.6645
57.5551,509,1.6419
57.5594,501,1.6161
57.5638,495,1.5968
57.5681,490,1.5806
57.5724,488,1.5742
57.5767,488,1.5742
57.5811,489,1.5774
57.5854,489,1.5774
57.5897,491,1.5839
57.5941,492,1.5871
57.5984,491,1.5839
57.6027,491,1.5839
57.6071,492,1.5871
57.6114,492,1.5871
57.6157,494,1.5935
57.6201,491,1.5839
57.6244,483,1.5581
57.6287,467,1.5065
57.6330,454,1.4645
57.6374,461,1.4871
57.6418,504,1.6258
57.6462,576,1.8581
57.6505,666,2.1484
57.6548,755,2.4355
57.6591,810,2.6129
57.6633,803,2.5903
57.6676,737,2.3774
57.6720,647,2.0871
57.6763,552,1.7806
57.6805,485,1.5645
57.6848,451,1.4548
57.6891,441,1.4226
57.6934,447,1.4419
57.6977,460,1.4839
57.7021,472,1.5226
57.7063,478,1.5419
57.7107,480,1.5484
57.7149,481,1.5516
57.7192,480,1.5484
57.7236,480,1.5484
57.7281,488,1.5742
57.7324,482,1.5548
57.7367,482,1.5548
57.7410,483,1.5581
57.7453,484,1.5613
57.7496,485,1.5645
57.7539,486,1.5677
57.7582,486,1.5677
57.7625,487,1.5710
57.7668,487,1.5710
57.7711,491,1.5839
57.7754,496,1.6000
57.7797,501,1.6161
57.7840,508,1.6387
57.7883,515,1.6613
57.7926,523,1.6871
57.7969,531,1.7129
57.8012,536,1.7290
57.8055,542,1.7484
57.8098,549,1.7710
57.8141,553,1.7839
57.8184,558,1.8000
57.8226,562,1.8129
57.8269,565,1.8226
57.8312,568,1.8323
57.8355,571,1.8419
57.8398,572,1.8452
57.8442,571,1.8419
57.8485,573,1.8484
57.8528,570,1.8387
57.8571,569,1.8355
57.8614,566,1.8258
57.8657,562,1.8129
57.8700,557,1.7968
57.8743,552,1.7806
57.8786,545,1.7581
57.8829,540,1.7419
57.8871,534,1.7226
57.8914,527,1.7000
57.8957,521,1.6806
57.9000,513,1.6548
57.9043,506,1.6323
57.9086,500,1.6129
57.9129,493,1.5903
57.9172,486,1.5677
57.9215,482,1.5548
57.9258,475,1.5323
57.9301,472,1.5226
57.9344,471,1.5194
57.9387,473,1.5258
57.9430,474,1.5290
57.9473,474,1.5290
57.9516,476,1.5355
57.9560,477,1.5387
57.9603,478,1.5419
57.9646,478,1.5419
57.9689,481,1.5516
57.9733,482,1.5548
57.9776,483,1.5581
57.9820,482,1.5548
57.9863,484,1.5613
57.9906,487,1.5710
57.9950,492,1.5871
57.9993,500,1.6129
58.0036,508,1.6387
58.0080,516,1.6645
58.0123,522,1.6839
58.0166,528,1.7032
58.0210,531,1.7129
58.0254,533,1.7194
58.0298,532,1.7161
58.0343,532,1.7161
58.0386,528,1.7032
58.0430,518,1.6710
58.0474,517,1.6677
58.0517,511,1.6484
58.0560,504,1.6258
58.0603,497,1.6032
58.0646,491,1.5839
58.0689,487,1.5710
58.0732,486,1.5677
58.0775,487,1.5710
58.0818,488,1.5742
58.0861,489,1.5774
58.0904,490,1.5806
58.0947,490,1.5806
58.0990,492,1.5871
58.1033,492,1.5871
58.1076,492,1.5871
58.1119,493,1.5903
58.1162,494,1.5935
58.1205,491,1.5839
58.1248,481,1.5516
58.1291,466,1.5032
58.1334,453,1.4613
58.1377,463,1.4935
58.1420,506,1.6323
58.1463,578,1.8645
58.1506,666,2.1484
58.1549,755,2.4355
58.1593,810,2.6129
58.1636,799,2.5774
58.1679,730,2.3548
58.1723,640,2.0645
58.1766,547,1.7645
58.1809,482,1.5548
58.1853,450,1.4516
58.1896,442,1.4258
58.1939,450,1.4516
58.1982,464,1.4968
58.2026,473,1.5258
58.2069,478,1.5419
58.2112,480,1.5484
58.2156,479,1.5452
58.2199,480,1.5484
58.2242,480,1.5484
58.2286,482,1.5548
58.2329,483,1.5581
58.2372,483,1.5581
58.2416,485,1.5645
58.2459,486,1.5677
58.2502,486,1.5677
58.2545,486,1.5677
58.2588,485,1.5645
58.2631,487,1.5710
58.2674,488,1.5742
58.2717,492,1.5871
58.2760,497,1.6032
58.2803,503,1.6226
58.2846,510,1.6452
58.2889,518,1.6710
58.2932,524,1.6903
58.2974,530,1.7097
58.3017,538,1.7355
58.3061,545,1.7581
58.3104,550,1.7742
58.3146,555,1.7903
58.3189,559,1.8032
58.3232,562,1.8129
58.3275,567,1.8290
58.3318,572,1.8452
58.3361,574,1.8516
58.3404,574,1.8516
58.3447,574,1.8516
58.3491,573,1.8484
58.3534,573,1.8484
58.3577,571,1.8419
58.3621,567,1.8290
58.3664,564,1.8194
58.3708,559,1.8032
58.3751,553,1.7839
58.3794,548,1.7677
58.3837,543,1.7516
58.3881,536,1.7290
58.3924,529,1.7065
58.3967,521,1.6806
58.4011,514,1.6581
58.4054,508,1.6387
58.4097,500,1.6129
58.4141,493,1.5903
58.4184,487,1.5710
58.4227,482,1.5548
58.4271,477,1.5387
58.4314,475,1.5323
58.4357,475,1.5323
58.4400,476,1.5355
58.4444,476,1.5355
58.4487,478,1.5419
58.4530,477,1.5387
58.4573,479,1.5452
58.4616,481,1.5516
58.4659,481,1.5516
58.4702,481,1.5516
58.4745,483,1.5581
58.4788,483,1.5581
58.4831,484,1.5613
58.4874,485,1.5645
58.4917,486,1.5677
58.4960,486,1.5677
58.5002,488,1.5742
58.5045,493,1.5903
58.5089,501,1.6161
58.5131,509,1.6419
58.5174,517,1.6677
58.5217,523,1.6871
58.5260,528,1.7032
58.5303,533,1.7194
58.5346,535,1.7258
58.5389,536,1.7290
58.5432,537,1.7323
58.5475,534,1.7226
58.5518,529,1.7065
58.5561,522,1.6839
58.5604,517,1.6677
58.5647,509,1.6419
58.5691,501,1.6161
58.5734,495,1.5968
58.5777,489,1.5774
58.5821,486,1.5677
58.5864,487,1.5710
58.5908,488,1.5742
58.5951,488,1.5742
58.5994,489,1.5774
58.6038,490,1.5806
58.6081,490,1.5806
58.6125,491,1.5839
58.6168,492,1.5871
58.6211,492,1.5871
58.6256,493,1.5903
58.6300,492,1.5871
58.6344,483,1.5581
58.6387,467,1.5065
58.6431,453,1.4613
58.6474,462,1.4903
58.6518,505,1.6290
58.6562,575,1.8548
58.6605,664,2.1419
58.6648,753,2.4290
58.6691,810,2.6129
58.6734,800,2.5806
58.6777,738,2.3806
58.6821,647,2.0871
58.6863,551,1.7774
58.6906,484,1.5613
58.6949,451,1.4548
58.6992,443,1.4290
58.7035,449,1.4484
58.7078,462,1.4903
58.7121,473,1.5258
58.7164,479,1.5452
58.7207,480,1.5484
58.7250,480,1.5484
58.7293,481,1.5516
58.7336,481,1.5516
58.7379,483,1.5581
58.7422,484,1.5613
58.7465,485,1.5645
58.7507,486,1.5677
58.7551,486,1.5677
58.7594,487,1.5710
58.7637,488,1.5742
58.7679,488,1.5742
58.7722,489,1.5774
58.7765,490,1.5806
58.7808,492,1.5871
58.7851,497,1.6032
58.7894,505,1.6290
58.7937,512,1.6516
58.7980,519,1.6742
58.8023,525,1.6935
58.8066,532,1.7161
58.8109,538,1.7355
58.8152,545,1.7581
58.8195,550,1.7742
58.8238,556,1.7935
58.8280,560,1.8065
58.8323,566,1.8258
58.8367,568,1.8323
58.8410,572,1.8452
58.8452,573,1.8484
58.8495,575,1.8548
58.8538,576,1.8581
58.8581,575,1.8548
58.8625,573,1.8484
58.8668,572,1.8452
58.8711,569,1.8355
58.8755,565,1.8226
58.8799,559,1.8032
58.8842,553,1.7839
58.8885,548,1.7677
58.8928,542,1.7484
58.8972,535,1.7258
58.9015,529,1.7065
58.9058,523,1.6871
58.9102,515,1.6613
58.9145,508,1.6387
58.9188,501,1.6161
58.9232,494,1.5935
58.9276,488,1.5742
58.9321,483,1.5581
58.9365,478,1.5419
58.9409,475,1.5323
58.9452,474,1.5290
58.9495,475,1.5323
58.9540,476,1.5355
58.9583,476,1.5355
58.9626,478,1.5419
58.9669,479,1.5452
58.9712,480,1.5484
58.9755,482,1.5548
58.9799,481,1.5516
58.9843,482,1.5548
58.9890,483,1.5581
58.9933,484,1.5613
58.9976,485,1.5645
59.0020,489,1.5774
59.0063,496,1.6000
59.0106,504,1.6258
59.0149,511,1.6484
59.0192,518,1.6710
59.0236,525,1.6935
59.0279,530,1.7097
59.0322,534,1.7226
59.0364,536,1.7290
59.0407,535,1.7258
59.0451,534,1.7226
59.0494,529,1.7065
59.0537,525,1.6935
59.0580,520,1.6774
59.0629,512,1.6516
59.0672,505,1.6290
59.0715,497,1.6032
59.0758,491,1.5839
59.0801,487,1.5710
59.0844,486,1.5677
59.0887,487,1.5710
59.0930,488,1.5742
59.0972,487,1.5710
59.1015,489,1.5774
59.1059,489,1.5774
59.1102,490,1.5806
59.1145,492,1.5871
59.1188,492,1.5871
59.1231,492,1.5871
59.1274,491,1.5839
59.1317,488,1.5742
59.1360,477,1.5387
59.1408,459,1.4806
59.1451,452,1.4581
59.1494,476,1.5355
59.1537,531,1.7129
59.1580,611,1.9710
59.1623,703,2.2677
59.1666,781,2.5194
59.1709,812,2.6194
59.1752,778,2.5097
59.1795,701,2.2613
59.1838,606,1.9548
59.1881,519,1.6742
59.1924,466,1.5032
59.1967,444,1.4323
59.2010,442,1.4258
59.2053,453,1.4613
59.2096,467,1.5065
59.2140,476,1.5355
59.2183,478,1.5419
59.2228,477,1.5387
59.2271,479,1.5452
59.2314,478,1.5419
59.2357,480,1.5484
59.2400,480,1.5484
59.2443,482,1.5548
59.2486,484,1.5613
59.2529,485,1.5645
59.2572,484,1.5613
59.2621,485,1.5645
59.2664,485,1.5645
59.2708,486,1.5677
59.2751,488,1.5742
59.2794,488,1.5742
59.2842,493,1.5903
59.2886,501,1.6161
59.2929,508,1.6387
59.2972,514,1.6581
59.3014,521,1.6806
59.3057,527,1.7000
59.3101,534,1.7226
59.3144,542,1.7484
59.3187,547,1.7645
59.3230,553,1.7839
59.3273,557,1.7968
59.3316,563,1.8161
59.3359,566,1.8258
59.3402,569,1.8355
59.3445,572,1.8452
59.3488,574,1.8516
59.3531,574,1.8516
59.3574,573,1.8484
59.3617,571,1.8419
59.3661,570,1.8387
59.3704,568,1.8323
59.3747,565,1.8226
59.3790,560,1.8065
59.3832,554,1.7871
59.3875,550,1.7742
59.3919,545,1.7581
59.3962,538,1.7355
59.4005,535,1.7258
59.4048,531,1.7129
59.4091,525,1.6935
59.4134,518,1.6710
59.4177,511,1.6484
59.4220,505,1.6290
59.4263,499,1.6097
59.4312,493,1.5903
59.4355,487,1.5710
59.4398,481,1.5516
59.4441,477,1.5387
59.4484,476,1.5355
59.4527,476,1.5355
59.4570,477,1.5387
59.4613,478,1.5419
59.4657,478,1.5419
59.4700,478,1.5419
59.4743,481,1.5516
59.4786,481,1.5516
59.4829,482,1.5548
59.4871,482,1.5548
59.4914,484,1.5613
59.4958,484,1.5613
59.5001,483,1.5581
59.5044,485,1.5645
59.5086,491,1.5839
59.5130,498,1.6065
59.5173,506,1.6323
59.5216,513,1.6548
59.5261,522,1.6839
59.5305,526,1.6968
59.5349,531,1.7129
59.5392,534,1.7226
59.5434,534,1.7226
59.5477,535,1.7258
59.5521,531,1.7129
59.5564,528,1.7032
59.5607,521,1.6806
59.5650,515,1.6613
59.5693,509,1.6419
59.5736,503,1.6226
59.5779,495,1.5968
59.5822,489,1.5774
59.5865,486,1.5677
59.5909,486,1.5677
59.5952,487,1.5710
59.5995,489,1.5774
59.6038,487,1.5710
59.6081,488,1.5742
59.6124,488,1.5742
59.6167,490,1.5806
59.6210,491,1.5839
59.6253,491,1.5839
59.6296,492,1.5871
59.6339,491,1.5839
59.6382,485,1.5645
59.6425,470,1.5161
59.6468,454,1.4645
59.6511,454,1.4645
59.6554,485,1.5645
59.6598,548,1.7677
59.6641,632,2.0387
59.6684,723,2.3323
59.6727,797,2.5710
59.6770,808,2.6065
59.6813,760,2.4516
59.6856,677,2.1839
59.6899,580,1.8710
59.6942,501,1.6161
59.6985,456,1.4710
59.7028,440,1.4194
59.7071,443,1.4290
59.7114,456,1.4710
59.7157,469,1.5129
59.7200,477,1.5387
59.7244,479,1.5452
59.7288,480,1.5484
59.7337,480,1.5484
59.7381,482,1.5548
59.7424,483,1.5581
59.7467,483,1.5581
59.7510,483,1.5581
59.7553,485,1.5645
59.7596,484,1.5613
59.7639,479,1.5452
59.7682,487,1.5710
59.7725,488,1.5742
59.7768,489,1.5774
59.7812,488,1.5742
59.7854,490,1.5806
59.7897,496,1.6000
59.7940,503,1.6226
59.7983,510,1.6452
59.8027,516,1.6645
59.8070,522,1.6839
59.8113,529,1.7065
59.8156,536,1.7290
59.8199,543,1.7516
59.8242,549,1.7710
59.8286,555,1.7903
59.8331,560,1.8065
59.8374,564,1.8194
59.8417,568,1.8323
59.8459,571,1.8419
59.8502,573,1.8484
59.8545,575,1.8548
59.8588,575,1.8548
59.8630,574,1.8516
59.8673,572,1.8452
59.8715,571,1.8419
59.8758,567,1.8290
59.8800,563,1.8161
59.8843,558,1.8000
59.8886,554,1.7871
59.8929,549,1.7710
59.8971,540,1.7419
59.9014,535,1.7258
59.9056,529,1.7065
59.9099,523,1.6871
59.9142,516,1.6645
59.9184,509,1.6419
59.9227,502,1.6194
59.9273,496,1.6000
59.9316,490,1.5806
59.9358,483,1.5581
59.9401,477,1.5387
59.9443,474,1.5290
59.9486,474,1.5290
59.9529,475,1.5323
59.9572,476,1.5355
59.9615,477,1.5387
59.9657,478,1.5419
59.9700,480,1.5484
59.9742,480,1.5484
59.9785,481,1.5516
59.9827,480,1.5484
59.9870,481,1.5516
59.9913,480,1.5484
59.9956,482,1.5548
59.9999,483,1.5581
60.0041,482,1.5548
60.0084,484,1.5613
60.0126,488,1.5742
60.0169,496,1.6000
60.0211,503,1.6226
60.0254,511,1.6484
60.0297,517,1.6677
60.0339,525,1.6935
60.0382,529,1.7065
60.0425,531,1.7129
60.0472,533,1.7194
60.0516,536,1.7290
60.0580,532,1.7161
60.0625,527,1.7000
60.0668,520,1.6774
60.0711,513,1.6548
60.0754,506,1.6323
60.0798,499,1.6097
60.0840,492,1.5871
60.0883,487,1.5710
60.0926,486,1.5677
60.0968,486,1.5677
60.1011,487,1.5710
60.1053,487,1.5710
60.1096,488,1.5742
60.1138,489,1.5774
60.1181,489,1.5774
60.1224,490,1.5806
60.1266,491,1.5839
60.1309,491,1.5839
60.1351,492,1.5871
60.1394,491,1.5839
60.1437,484,1.5613
60.1479,469,1.5129
60.1522,455,1.4677
60.1565,458,1.4774
60.1607,490,1.5806
60.1650,552,1.7806
60.1693,639,2.0613
60.1736,729,2.3516
60.1779,799,2.5774
60.1822,808,2.6065
60.1865,757,2.4419
60.1908,673,2.1710
60.1951,577,1.8613
60.1994,500,1.6129
60.2037,457,1.4742
60.2080,441,1.4226
60.2123,444,1.4323
60.2166,458,1.4774
60.2210,470,1.5161
60.2252,477,1.5387
60.2295,479,1.5452
60.2338,480,1.5484
60.2381,480,1.5484
60.2424,481,1.5516
60.2467,482,1.5548
60.2510,482,1.5548
60.2553,483,1.5581
60.2596,483,1.5581
60.2639,484,1.5613
60.2682,484,1.5613
60.2725,486,1.5677
60.2768,487,1.5710
60.2812,487,1.5710
60.2855,487,1.5710
60.2898,489,1.5774
60.2941,494,1.5935
60.2984,500,1.6129
60.3027,506,1.6323
60.3069,513,1.6548
60.3113,521,1.6806
60.3155,529,1.7065
60.3199,536,1.7290
60.3242,543,1.7516
60.3285,549,1.7710
60.3328,553,1.7839
60.3371,559,1.8032
60.3417,564,1.8194
60.3460,568,1.8323
60.3503,570,1.8387
60.3546,572,1.8452
60.3589,573,1.8484
60.3632,571,1.8419
60.3675,573,1.8484
60.3719,572,1.8452
60.3762,571,1.8419
60.3804,569,1.8355
60.3847,564,1.8194
60.3890,560,1.8065
60.3932,555,1.7903
60.3976,550,1.7742
60.4019,546,1.7613
60.4062,539,1.7387
60.4105,533,1.7194
60.4147,528,1.7032
60.4190,524,1.6903
60.4233,518,1.6710
60.4277,511,1.6484
60.4322,503,1.6226
60.4365,496,1.6000
60.4408,489,1.5774
60.4451,483,1.5581
60.4493,477,1.5387
60.4536,474,1.5290
60.4579,473,1.5258
60.4622,474,1.5290
60.4664,476,1.5355
60.4707,476,1.5355
60.4750,476,1.5355
60.4793,478,1.5419
60.4835,477,1.5387
60.4878,480,1.5484
60.4921,481,1.5516
60.4964,482,1.5548
60.5006,483,1.5581
60.5049,484,1.5613
60.5091,485,1.5645
60.5134,486,1.5677
60.5177,490,1.5806
60.5220,496,1.6000
60.5262,505,1.6290
60.5305,513,1.6548
60.5347,521,1.6806
60.5390,527,1.7000
60.5433,531,1.7129
60.5476,535,1.7258
60.5518,535,1.7258
60.5561,535,1.7258
60.5604,531,1.7129
60.5647,527,1.7000
60.5689,521,1.6806
60.5732,515,1.6613
60.5776,510,1.6452
60.5818,503,1.6226
60.5861,496,1.6000
60.5904,489,1.5774
60.5948,487,1.5710
60.5991,486,1.5677
60.6034,486,1.5677
60.6077,488,1.5742
60.6121,490,1.5806
60.6164,490,1.5806
60.6207,491,1.5839
60.6250,491,1.5839
60.6293,490,1.5806
60.6335,490,1.5806
60.6378,492,1.5871
60.6422,492,1.5871
60.6465,487,1.5710
60.6508,474,1.5290
60.6551,458,1.4774
60.6595,455,1.4677
60.6638,482,1.5548
60.6681,539,1.7387
60.6724,620,2.0000
60.6766,711,2.2935
60.6809,789,2.5452
60.6851,813,2.6226
60.6894,776,2.5032
60.6936,699,2.2548
60.6979,606,1.9548
60.7022,521,1.6806
60.7064,469,1.5129
60.7106,445,1.4355
60.7149,443,1.4290
60.7192,454,1.4645
60.7235,467,1.5065
60.7279,475,1.5323
60.7322,480,1.5484
60.7365,481,1.5516
60.7408,480,1.5484
60.7451,481,1.5516
60.7493,481,1.5516
60.7535,482,1.5548
60.7581,482,1.5548
60.7625,483,1.5581
60.7667,484,1.5613
60.7709,485,1.5645
60.7753,486,1.5677
60.7796,486,1.5677
60.7839,486,1.5677
60.7881,487,1.5710
60.7924,487,1.5710
60.7967,492,1.5871
60.8010,499,1.6097
60.8053,506,1.6323
60.8096,513,1.6548
60.8139,519,1.6742
60.8182,526,1.6968
60.8225,532,1.7161
60.8268,540,1.7419
60.8311,545,1.7581
60.8354,549,1.7710
60.8396,556,1.7935
60.8439,560,1.8065
60.8482,565,1.8226
60.8525,569,1.8355
60.8568,570,1.8387
60.8611,572,1.8452
60.8654,572,1.8452
60.8697,573,1.8484
60.8740,573,1.8484
60.8783,570,1.8387
60.8825,567,1.8290
60.8868,564,1.8194
60.8910,561,1.8097
60.8953,558,1.8000
60.8996,552,1.7806
60.9038,547,1.7645
60.9081,540,1.7419
60.9123,534,1.7226
60.9166,528,1.7032
60.9208,520,1.6774
60.9251,512,1.6516
60.9293,507,1.6355
60.9336,500,1.6129
60.9379,493,1.5903
60.9421,487,1.5710
60.9464,481,1.5516
60.9506,476,1.5355
60.9549,474,1.5290
60.9591,475,1.5323
60.9634,475,1.5323
60.9676,477,1.5387
60.9719,478,1.5419
60.9762,478,1.5419
60.9805,478,1.5419
60.9847,480,1.5484
60.9890,480,1.5484
60.9933,482,1.5548
60.9976,482,1.5548
61.0018,482,1.5548
61.0062,484,1.5613
61.0105,485,1.5645
61.0147,489,1.5774
61.0190,494,1.5935
61.0233,501,1.6161
61.0276,509,1.6419
61.0321,516,1.6645
61.0364,522,1.6839
61.0406,527,1.7000
61.0449,531,1.7129
61.0492,534,1.7226
61.0535,534,1.7226
61.0578,533,1.7194
61.0621,530,1.7097
61.0663,526,1.6968
61.0707,520,1.6774
61.0749,513,1.6548
61.0792,508,1.6387
61.0835,501,1.6161
61.0878,494,1.5935
61.0921,489,1.5774
61.0964,486,1.5677
61.1007,486,1.5677
61.1049,487,1.5710
61.1093,489,1.5774
61.1135,490,1.5806
61.1178,491,1.5839
61.1221,490,1.5806
61.1264,491,1.5839
61.1307,493,1.5903
61.1350,494,1.5935
61.1393,494,1.5935
61.1436,492,1.5871
61.1479,485,1.5645
61.1522,469,1.5129
61.1565,455,1.4677
61.1608,457,1.4742
61.1651,494,1.5935
61.1694,560,1.8065
61.1737,646,2.0839
61.1781,740,2.3871
61.1823,804,2.5935
61.1866,808,2.6065
61.1909,753,2.4290
61.1953,664,2.1419
61.1996,567,1.8290
61.2039,495,1.5968
61.2082,456,1.4710
61.2125,442,1.4258
61.2168,446,1.4387
61.2211,459,1.4806
61.2254,470,1.5161
61.2297,478,1.5419
61.2341,479,1.5452
61.2384,479,1.5452
61.2426,478,1.5419
61.2469,479,1.5452
61.2512,479,1.5452
61.2556,480,1.5484
61.2599,482,1.5548
61.2642,483,1.5581
61.2685,483,1.5581
61.2729,484,1.5613
61.2772,485,1.5645
61.2815,485,1.5645
61.2857,485,1.5645
61.2900,487,1.5710
61.2943,490,1.5806
61.2986,495,1.5968
61.3029,502,1.6194
61.3071,508,1.6387
61.3114,515,1.6613
61.3157,522,1.6839
61.3199,529,1.7065
61.3242,537,1.7323
61.3286,542,1.7484
61.3330,546,1.7613
61.3373,552,1.7806
61.3416,557,1.7968
61.3459,562,1.8129
61.3501,567,1.8290
61.3544,569,1.8355
61.3587,571,1.8419
61.3629,571,1.8419
61.3672,574,1.8516
61.3714,574,1.8516
61.3757,572,1.8452
61.3800,570,1.8387
61.3843,567,1.8290
61.3886,564,1.8194
61.3930,560,1.8065
61.3973,556,1.7935
61.4016,550,1.7742
61.4059,542,1.7484
61.4102,537,1.7323
61.4145,532,1.7161
61.4188,525,1.6935
61.4231,518,1.6710
61.4274,511,1.6484
61.4317,504,1.6258
61.4360,497,1.6032
61.4403,490,1.5806
61.4446,484,1.5613
61.4489,477,1.5387
61.4532,474,1.5290
61.4575,473,1.5258
61.4618,474,1.5290
61.4661,475,1.5323
61.4704,476,1.5355
61.4748,477,1.5387
61.4791,478,1.5419
61.4834,480,1.5484
61.4877,480,1.5484
61.4921,482,1.5548
61.4964,481,1.5516
61.5007,481,1.5516
61.5050,481,1.5516
61.5093,483,1.5581
61.5136,484,1.5613
61.5179,489,1.5774
61.5222,495,1.5968
61.5265,504,1.6258
61.5308,512,1.6516
61.5359,521,1.6806
61.5402,526,1.6968
61.5446,530,1.7097
61.5489,534,1.7226
61.5532,535,1.7258
61.5574,534,1.7226
61.5617,531,1.7129
61.5661,526,1.6968
61.5703,520,1.6774
61.5746,513,1.6548
61.5789,509,1.6419
61.5832,501,1.6161
61.5875,494,1.5935
61.5918,487,1.5710
61.5961,485,1.5645
61.6004,485,1.5645
61.6047,486,1.5677
61.6090,487,1.5710
61.6133,488,1.5742
61.6176,490,1.5806
61.6220,491,1.5839
61.6265,493,1.5903
61.6309,492,1.5871
61.6353,492,1.5871
61.6396,493,1.5903
61.6439,492,1.5871
61.6482,485,1.5645
61.6525,470,1.5161
61.6568,454,1.4645
61.6611,454,1.4645
61.6654,484,1.5613
61.6697,546,1.7613
61.6740,630,2.0323
61.6783,720,2.3226
61.6827,795,2.5645
61.6870,808,2.6065
61.6913,762,2.4581
61.6956,678,2.1871
61.6999,581,1.8742
61.7042,502,1.6194
61.7085,457,1.4742
61.7128,441,1.4226
61.7171,442,1.4258
61.7214,455,1.4677
61.7257,468,1.5097
61.7301,475,1.5323
61.7344,477,1.5387
61.7387,478,1.5419
61.7430,479,1.5452
61.7473,480,1.5484
61.7516,480,1.5484
61.7559,481,1.5516
61.7602,482,1.5548
61.7648,483,1.5581
61.7691,483,1.5581
61.7734,485,1.5645
61.7777,486,1.5677
61.7821,486,1.5677
61.7864,486,1.5677
61.7907,487,1.5710
61.7950,489,1.5774
61.7993,492,1.5871
61.8036,499,1.6097
61.8079,506,1.6323
61.8122,513,1.6548
61.8165,521,1.6806
61.8208,528,1.7032
61.8251,534,1.7226
61.8294,541,1.7452
61.8338,547,1.7645
61.8381,553,1.7839
61.8423,558,1.8000
61.8468,562,1.8129
61.8511,566,1.8258
61.8554,569,1.8355
61.8597,571,1.8419
61.8640,571,1.8419
61.8683,572,1.8452
61.8726,572,1.8452
61.8769,571,1.8419
61.8812,569,1.8355
61.8855,567,1.8290
61.8898,564,1.8194
61.8941,559,1.8032
61.8984,552,1.7806
61.9027,548,1.7677
61.9070,542,1.7484
61.9113,537,1.7323
61.9156,534,1.7226
61.9199,529,1.7065
61.9242,523,1.6871
61.9286,517,1.6677
61.9329,510,1.6452
61.9372,503,1.6226
61.9415,495,1.5968
61.9458,488,1.5742
61.9501,483,1.5581
61.9544,479,1.5452
61.9587,474,1.5290
61.9630,472,1.5226
61.9673,473,1.5258
61.9716,474,1.5290
61.9759,475,1.5323
61.9804,476,1.5355
61.9847,477,1.5387
61.9890,476,1.5355
61.9933,477,1.5387
61.9976,478,1.5419
62.0020,479,1.5452
62.0063,481,1.5516
62.0106,483,1.5581
62.0149,483,1.5581
62.0192,485,1.5645
62.0235,488,1.5742
62.0277,496,1.6000
62.0321,504,1.6258
62.0365,513,1.6548
62.0408,520,1.6774
62.0450,525,1.6935
62.0493,530,1.7097
62.0536,534,1.7226
62.0579,534,1.7226
62.0622,534,1.7226
62.0665,530,1.7097
62.0708,527,1.7000
62.0756,520,1.6774
62.0799,515,1.6613
62.0842,508,1.6387
62.0886,502,1.6194
62.0929,496,1.6000
62.0972,491,1.5839
62.1015,489,1.5774
62.1058,488,1.5742
62.1100,489,1.5774
62.1143,490,1.5806
62.1187,491,1.5839
62.1230,491,1.5839
62.1272,490,1.5806
62.1317,492,1.5871
62.1360,493,1.5903
62.1403,492,1.5871
62.1446,493,1.5903
62.1489,492,1.5871
62.1532,486,1.5677
62.1575,472,1.5226
62.1618,457,1.4742
62.1661,456,1.4710
62.1704,486,1.5677
62.1747,546,1.7613
62.1790,632,2.0387
62.1833,723,2.3323
62.1876,797,2.5710
62.1920,813,2.6226
62.1963,764,2.4645
62.2006,677,2.1839
62.2049,583,1.8806
62.2092,504,1.6258
62.2134,459,1.4806
62.2183,441,1.4226
62.2226,445,1.4355
62.2271,459,1.4806
62.2314,471,1.5194
62.2358,477,1.5387
62.2402,480,1.5484
62.2445,480,1.5484
62.2488,481,1.5516
62.2531,481,1.5516
62.2574,483,1.5581
62.2617,483,1.5581
62.2660,484,1.5613
62.2703,484,1.5613
62.2746,484,1.5613
62.2795,487,1.5710
62.2839,487,1.5710
62.2882,487,1.5710
62.2925,487,1.5710
62.2968,487,1.5710
62.3011,490,1.5806
62.3054,497,1.6032
62.3097,504,1.6258
62.3140,511,1.6484
62.3183,518,1.6710
62.3226,526,1.6968
62.3269,532,1.7161
62.3312,538,1.7355
62.3355,545,1.7581
62.3398,549,1.7710
62.3441,555,1.7903
62.3484,559,1.8032
62.3528,564,1.8194
62.3571,567,1.8290
62.3614,571,1.8419
62.3657,573,1.8484
62.3700,575,1.8548
62.3743,576,1.8581
62.3786,575,1.8548
62.3829,572,1.8452
62.3877,571,1.8419
62.3920,566,1.8258
62.3963,563,1.8161
62.4006,558,1.8000
62.4049,554,1.7871
62.4092,549,1.7710
62.4135,544,1.7548
62.4179,537,1.7323
62.4222,530,1.7097
62.4264,523,1.6871
62.4307,516,1.6645
62.4350,510,1.6452
62.4392,503,1.6226
62.4435,496,1.6000
62.4478,488,1.5742
62.4521,484,1.5613
62.4563,479,1.5452
62.4606,475,1.5323
62.4649,476,1.5355
62.4691,478,1.5419
62.4734,479,1.5452
62.4777,479,1.5452
62.4819,480,1.5484
62.4862,480,1.5484
62.4905,480,1.5484
62.4948,480,1.5484
62.4991,481,1.5516
62.5034,483,1.5581
62.5077,484,1.5613
62.5120,485,1.5645
62.5163,486,1.5677
62.5207,485,1.5645
62.5259,488,1.5742
62.5304,493,1.5903
62.5349,501,1.6161
62.5393,508,1.6387
62.5437,516,1.6645
62.5480,523,1.6871
62.5523,529,1.7065
62.5567,534,1.7226
62.5610,535,1.7258
62.5654,535,1.7258
62.5697,533,1.7194
62.5741,529,1.7065
62.5784,524,1.6903
62.5827,518,1.6710
62.5871,512,1.6516
62.5914,505,1.6290
62.5957,498,1.6065
62.6000,492,1.5871
62.6043,488,1.5742
62.6086,487,1.5710
62.6129,488,1.5742
62.6172,489,1.5774
62.6215,489,1.5774
62.6258,490,1.5806
62.6301,490,1.5806
62.6344,492,1.5871
62.6387,491,1.5839
62.6430,491,1.5839
62.6473,492,1.5871
62.6516,492,1.5871
62.6559,490,1.5806
62.6602,481,1.5516
62.6645,464,1.4968
62.6688,453,1.4613
62.6731,467,1.5065
62.6774,512,1.6516
62.6817,584,1.8839
62.6860,672,2.1677
62.6903,762,2.4581
62.6946,811,2.6161
62.6989,795,2.5645
62.7032,728,2.3484
62.7076,634,2.0452
62.7119,541,1.7452
62.7162,478,1.5419
62.7205,447,1.4419
62.7248,440,1.4194
62.7291,448,1.4452
62.7334,461,1.4871
62.7377,466,1.5032
62.7421,476,1.5355
62.7464,478,1.5419
62.7507,478,1.5419
62.7550,478,1.5419
62.7593,479,1.5452
62.7636,480,1.5484
62.7679,480,1.5484
62.7722,481,1.5516
62.7765,482,1.5548
62.7808,483,1.5581
62.7851,484,1.5613
62.7894,484,1.5613
62.7937,486,1.5677
62.7980,487,1.5710
62.8023,488,1.5742
62.8066,491,1.5839
62.8109,496,1.6000
62.8152,503,1.6226
62.8195,509,1.6419
62.8238,517,1.6677
62.8281,525,1.6935
62.8324,530,1.7097
62.8367,538,1.7355
62.8411,544,1.7548
62.8454,550,1.7742
62.8497,555,1.7903
62.8540,561,1.8097
62.8583,565,1.8226
62.8626,568,1.8323
62.8669,573,1.8484
62.8713,574,1.8516
62.8755,576,1.8581
62.8798,575,1.8548
62.8841,575,1.8548
62.8884,573,1.8484
62.8928,571,1.8419
62.8970,567,1.8290
62.9013,563,1.8161
62.9056,560,1.8065
62.9099,555,1.7903
62.9142,548,1.7677
62.9185,542,1.7484
62.9228,536,1.7290
62.9271,528,1.7032
62.9314,519,1.6742
62.9358,514,1.6581
62.9401,507,1.6355
62.9444,500,1.6129
62.9487,493,1.5903
62.9530,487,1.5710
62.9573,481,1.5516
62.9616,476,1.5355
62.9659,474,1.5290
62.9702,474,1.5290
62.9745,475,1.5323
62.9788,476,1.5355
62.9831,477,1.5387
62.9874,477,1.5387
62.9918,478,1.5419
62.9961,479,1.5452
63.0004,480,1.5484
63.0047,479,1.5452
63.0090,480,1.5484
63.0133,482,1.5548
63.0176,483,1.5581
63.0219,485,1.5645
63.0262,489,1.5774
63.0305,495,1.5968
63.0349,502,1.6194
63.0392,510,1.6452
63.0435,517,1.6677
63.0477,524,1.6903
63.0521,528,1.7032
63.0564,532,1.7161
63.0607,535,1.7258
63.0650,536,1.7290
63.0693,535,1.7258
63.0736,530,1.7097
63.0779,527,1.7000
63.0822,521,1.6806
63.0865,514,1.6581
63.0907,506,1.6323
63.0951,500,1.6129
63.0994,494,1.5935
63.1037,489,1.5774
63.1080,488,1.5742
63.1122,489,1.5774
63.1166,490,1.5806
63.1208,489,1.5774
63.1252,489,1.5774
63.1297,490,1.5806
63.1341,491,1.5839
63.1385,490,1.5806
63.1428,492,1.5871
63.1471,492,1.5871
63.1514,491,1.5839
63.1558,491,1.5839
63.1601,484,1.5613
63.1644,468,1.5097
63.1687,455,1.4677
63.1730,460,1.4839
63.1772,496,1.6000
63.1816,562,1.8129
63.1859,647,2.0871
63.1901,738,2.3806
63.1945,802,2.5871
63.1988,807,2.6032
63.2031,749,2.4161
63.2073,661,2.1323
63.2116,567,1.8290
63.2159,494,1.5935
63.2202,454,1.4645
63.2245,442,1.4258
63.2288,446,1.4387
63.2331,461,1.4871
63.2374,472,1.5226
63.2417,478,1.5419
63.2461,480,1.5484
63.2503,481,1.5516
63.2546,481,1.5516
63.2589,481,1.5516
63.2632,481,1.5516
63.2675,482,1.5548
63.2718,481,1.5516
63.2761,483,1.5581
63.2805,484,1.5613
63.2848,484,1.5613
63.2892,485,1.5645
63.2935,486,1.5677
63.2978,488,1.5742
63.3022,488,1.5742
63.3065,490,1.5806
63.3109,494,1.5935
63.3152,500,1.6129
63.3195,507,1.6355
63.3239,514,1.6581
63.3282,522,1.6839
63.3325,529,1.7065
63.3369,537,1.7323
63.3412,545,1.7581
63.3456,550,1.7742
63.3499,555,1.7903
63.3542,561,1.8097
63.3586,564,1.8194
63.3629,568,1.8323
63.3672,572,1.8452
63.3716,573,1.8484
63.3759,574,1.8516
63.3802,574,1.8516
63.3846,574,1.8516
63.3889,572,1.8452
63.3932,570,1.8387
63.3975,568,1.8323
63.4018,563,1.8161
63.4062,559,1.8032
63.4105,554,1.7871
63.4147,550,1.7742
63.4190,544,1.7548
63.4234,537,1.7323
63.4278,530,1.7097
63.4322,523,1.6871
63.4366,517,1.6677
63.4409,509,1.6419
63.4453,500,1.6129
63.4496,492,1.5871
63.4539,487,1.5710
63.4582,482,1.5548
63.4625,478,1.5419
63.4668,476,1.5355
63.4711,476,1.5355
63.4754,477,1.5387
63.4797,477,1.5387
63.4840,477,1.5387
63.4883,478,1.5419
63.4926,478,1.5419
63.4969,478,1.5419
63.5012,480,1.5484
63.5055,480,1.5484
63.5098,482,1.5548
63.5141,482,1.5548
63.5184,482,1.5548
63.5227,485,1.5645
63.5270,488,1.5742
63.5313,493,1.5903
63.5356,500,1.6129
63.5399,507,1.6355
63.5442,515,1.6613
63.5485,523,1.6871
63.5528,528,1.7032
63.5571,533,1.7194
63.5614,535,1.7258
63.5657,534,1.7226
63.5700,535,1.7258
63.5743,531,1.7129
63.5786,526,1.6968
63.5829,520,1.6774
63.5871,513,1.6548
63.5915,506,1.6323
63.5958,500,1.6129
63.6001,491,1.5839
63.6044,485,1.5645
63.6088,485,1.5645
63.6131,486,1.5677
63.6174,487,1.5710
63.6218,487,1.5710
63.6261,488,1.5742
63.6305,489,1.5774
63.6348,490,1.5806
63.6391,491,1.5839
63.6435,492,1.5871
63.6478,491,1.5839
63.6522,491,1.5839
63.6565,490,1.5806
63.6608,480,1.5484
63.6652,463,1.4935
63.6695,450,1.4516
63.6738,462,1.4903
63.6782,505,1.6290
63.6825,576,1.8581
63.6868,664,2.1419
63.6912,756,2.4387
63.6955,810,2.6129
63.6998,799,2.5774
63.7041,730,2.3548
63.7084,641,2.0677
63.7127,546,1.7613
63.7170,480,1.5484
63.7213,448,1.4452
63.7256,440,1.4194
63.7299,447,1.4419
63.7342,461,1.4871
63.7385,472,1.5226
63.7428,477,1.5387
63.7471,479,1.5452
63.7514,480,1.5484
63.7557,480,1.5484
63.7600,480,1.5484
63.7643,481,1.5516
63.7686,481,1.5516
63.7729,482,1.5548
63.7772,484,1.5613
63.7816,484,1.5613
63.7861,485,1.5645
63.7905,485,1.5645
63.7949,484,1.5613
63.7992,485,1.5645
63.8035,487,1.5710
63.8078,492,1.5871
63.8121,497,1.6032
63.8164,504,1.6258
63.8207,511,1.6484
63.8250,518,1.6710
63.8293,524,1.6903
63.8337,532,1.7161
63.8380,538,1.7355
63.8423,543,1.7516
63.8466,550,1.7742
63.8509,556,1.7935
63.8552,562,1.8129
63.8595,566,1.8258
63.8638,569,1.8355
63.8681,571,1.8419
63.8723,573,1.8484
63.8767,573,1.8484
63.8809,574,1.8516
63.8852,572,1.8452
63.8895,572,1.8452
63.8938,570,1.8387
63.8981,568,1.8323
63.9025,563,1.8161
63.9068,559,1.8032
63.9111,552,1.7806
63.9155,547,1.7645
63.9198,540,1.7419
63.9241,534,1.7226
63.9285,528,1.7032
63.9328,521,1.6806
63.9372,515,1.6613
63.9415,509,1.6419
63.9459,502,1.6194
63.9502,493,1.5903
63.9545,487,1.5710
63.9589,482,1.5548
63.9632,477,1.5387
63.9675,475,1.5323
63.9719,475,1.5323
63.9763,476,1.5355
63.9806,476,1.5355
63.9849,477,1.5387
63.9893,477,1.5387
63.9936,480,1.5484
63.9979,480,1.5484
64.0023,480,1.5484
64.0066,482,1.5548
64.0109,482,1.5548
64.0152,483,1.5581
64.0195,484,1.5613
64.0238,484,1.5613
64.0282,488,1.5742
64.0328,496,1.6000
64.0372,505,1.6290
64.0416,513,1.6548
64.0459,521,1.6806
64.0502,526,1.6968
64.0545,532,1.7161
64.0588,534,1.7226
64.0631,535,1.7258
64.0674,535,1.7258
64.0717,534,1.7226
64.0759,531,1.7129
64.0802,524,1.6903
64.0845,519,1.6742
64.0888,513,1.6548
64.0931,504,1.6258
64.0974,497,1.6032
64.1018,490,1.5806
64.1061,487,1.5710
64.1104,488,1.5742
64.1147,487,1.5710
64.1190,488,1.5742
64.1233,487,1.5710
64.1276,488,1.5742
64.1319,488,1.5742
64.1362,490,1.5806
64.1405,491,1.5839
64.1448,492,1.5871
64.1491,492,1.5871
64.1534,492,1.5871
64.1577,488,1.5742
64.1621,475,1.5323
64.1664,460,1.4839
64.1707,451,1.4548
64.1749,470,1.5161
64.1792,520,1.6774
64.1835,598,1.9290
64.1878,688,2.2194
64.1921,772,2.4903
64.1964,814,2.6258
64.2007,786,2.5355
64.2051,710,2.2903
64.2094,614,1.9806
64.2138,526,1.6968
64.2181,469,1.5129
64.2224,445,1.4355
64.2268,442,1.4258
64.2311,453,1.4613
64.2354,466,1.5032
64.2398,475,1.5323
64.2441,478,1.5419
64.2485,478,1.5419
64.2528,479,1.5452
64.2571,479,1.5452
64.2615,480,1.5484
64.2658,482,1.5548
64.2701,483,1.5581
64.2745,484,1.5613
64.2788,484,1.5613
64.2831,485,1.5645
64.2875,485,1.5645
64.2918,485,1.5645
64.2999,487,1.5710
64.3043,489,1.5774
64.3087,493,1.5903
64.3130,500,1.6129
64.3172,507,1.6355
64.3215,514,1.6581
64.3259,521,1.6806
64.3303,527,1.7000
64.3347,534,1.7226
64.3390,540,1.7419
64.3433,546,1.7613
64.3476,551,1.7774
64.3520,556,1.7935
64.3564,561,1.8097
64.3607,566,1.8258
64.3650,568,1.8323
64.3693,572,1.8452
64.3736,574,1.8516
64.3779,574,1.8516
64.3822,573,1.8484
64.3865,572,1.8452
64.3908,569,1.8355
64.3951,568,1.8323
64.3994,565,1.8226
64.4037,560,1.8065
64.4080,556,1.7935
64.4123,551,1.7774
64.4166,546,1.7613
64.4209,539,1.7387
64.4252,533,1.7194
64.4296,531,1.7129
64.4340,529,1.7065
64.4383,525,1.6935
64.4426,519,1.6742
64.4469,512,1.6516
64.4512,505,1.6290
64.4555,498,1.6065
64.4598,492,1.5871
64.4641,486,1.5677
64.4684,481,1.5516
64.4727,476,1.5355
64.4770,475,1.5323
64.4813,474,1.5290
64.4856,474,1.5290
64.4899,476,1.5355
64.4942,477,1.5387
64.4985,477,1.5387
64.5028,479,1.5452
64.5071,478,1.5419
64.5114,480,1.5484
64.5158,481,1.5516
64.5201,481,1.5516
64.5244,481,1.5516
64.5288,482,1.5548
64.5332,484,1.5613
64.5376,489,1.5774
64.5420,496,1.6000
64.5463,504,1.6258
64.5507,510,1.6452
64.5550,517,1.6677
64.5593,524,1.6903
64.5637,528,1.7032
64.5680,532,1.7161
64.5723,534,1.7226
64.5767,534,1.7226
64.5810,532,1.7161
64.5853,529,1.7065
64.5897,523,1.6871
64.5940,517,1.6677
64.5983,510,1.6452
64.6027,502,1.6194
64.6070,496,1.6000
64.6113,490,1.5806
64.6156,487,1.5710
64.6199,487,1.5710
64.6242,487,1.5710
64.6285,487,1.5710
64.6328,489,1.5774
64.6372,489,1.5774
64.6414,490,1.5806
64.6457,491,1.5839
64.6500,490,1.5806
64.6543,492,1.5871
64.6586,492,1.5871
64.6629,493,1.5903
64.6672,491,1.5839
64.6715,479,1.5452
64.6758,463,1.4935
64.6801,451,1.4548
64.6844,466,1.5032
64.6887,513,1.6548
64.6930,588,1.8968
64.6973,676,2.1806
64.7016,763,2.4613
64.7059,812,2.6194
64.7103,794,2.5613
64.7146,722,2.3290
64.7189,629,2.0290
64.7233,536,1.7290
64.7276,475,1.5323
64.7320,446,1.4387
64.7363,441,1.4226
64.7407,451,1.4548
64.7450,465,1.5000
64.7493,474,1.5290
64.7537,478,1.5419
64.7580,479,1.5452
64.7624,480,1.5484
64.7667,480,1.5484
64.7710,481,1.5516
64.7754,482,1.5548
64.7797,481,1.5516
64.7840,483,1.5581
64.7884,483,1.5581
64.7927,484,1.5613
64.7970,485,1.5645
64.8014,484,1.5613
64.8057,485,1.5645
64.8100,485,1.5645
64.8143,487,1.5710
64.8186,491,1.5839
64.8229,496,1.6000
64.8272,504,1.6258
64.8315,512,1.6516
64.8358,520,1.6774
64.8401,524,1.6903
64.8444,533,1.7194
64.8487,538,1.7355
64.8530,544,1.7548
64.8573,551,1.7774
64.8616,556,1.7935
64.8660,561,1.8097
64.8702,565,1.8226
64.8745,568,1.8323
64.8788,571,1.8419
64.8831,573,1.8484
64.8874,574,1.8516
64.8917,573,1.8484
64.8960,573,1.8484
64.9003,570,1.8387
64.9046,568,1.8323
64.9089,564,1.8194
64.9133,559,1.8032
64.9176,555,1.7903
64.9220,551,1.7774
64.9264,544,1.7548
64.9309,538,1.7355
64.9353,532,1.7161
64.9397,525,1.6935
64.9440,518,1.6710
64.9484,511,1.6484
64.9527,504,1.6258
64.9570,498,1.6065
64.9614,492,1.5871
64.9657,485,1.5645
64.9701,479,1.5452
64.9744,475,1.5323
64.9787,474,1.5290
64.9831,475,1.5323
64.9874,475,1.5323
64.9917,476,1.5355
64.9961,477,1.5387
65.0004,479,1.5452
65.0047,479,1.5452
65.0091,479,1.5452
65.0134,480,1.5484
65.0177,481,1.5516
65.0220,481,1.5516
65.0263,482,1.5548
65.0306,483,1.5581
65.0349,483,1.5581
65.0392,484,1.5613
65.0435,487,1.5710
65.0479,495,1.5968
65.0522,504,1.6258
65.0565,514,1.6581
65.0621,521,1.6806
65.0666,527,1.7000
65.0710,531,1.7129
65.0753,535,1.7258
65.0797,535,1.7258
65.0841,534,1.7226
65.0884,531,1.7129
65.0927,526,1.6968
65.0970,520,1.6774
65.1013,514,1.6581
65.1056,508,1.6387
65.1099,502,1.6194
65.1142,495,1.5968
65.1185,488,1.5742
65.1228,485,1.5645
65.1270,486,1.5677
65.1314,487,1.5710
65.1357,489,1.5774
65.1400,490,1.5806
65.1442,491,1.5839
65.1485,491,1.5839
65.1529,492,1.5871
65.1571,492,1.5871
65.1614,493,1.5903
65.1657,493,1.5903
65.1700,493,1.5903
65.1743,488,1.5742
65.1786,474,1.5290
65.1829,458,1.4774
65.1872,457,1.4742
65.1915,488,1.5742
65.1958,550,1.7742
65.2001,633,2.0419
65.2044,724,2.3355
65.2087,797,2.5710
65.2131,815,2.6290
65.2174,766,2.4710
65.2218,680,2.1935
65.2261,579,1.8677
65.2307,499,1.6097
65.2352,457,1.4742
65.2396,442,1.4258
65.2441,447,1.4419
65.2485,461,1.4871
65.2528,472,1.5226
65.2573,478,1.5419
65.2616,480,1.5484
65.2659,480,1.5484
65.2703,481,1.5516
65.2746,482,1.5548
65.2789,482,1.5548
65.2833,483,1.5581
65.2876,484,1.5613
65.2920,484,1.5613
65.2963,485,1.5645
65.3006,486,1.5677
65.3050,486,1.5677
65.3094,488,1.5742
65.3137,487,1.5710
65.3181,488,1.5742
65.3224,491,1.5839
65.3267,496,1.6000
65.3310,504,1.6258
65.3353,510,1.6452
65.3396,518,1.6710
65.3439,525,1.6935
65.3482,531,1.7129
65.3525,537,1.7323
65.3568,543,1.7516
65.3611,550,1.7742
65.3654,555,1.7903
65.3697,560,1.8065
65.3739,565,1.8226
65.3783,568,1.8323
65.3825,571,1.8419
65.3868,573,1.8484
65.3911,574,1.8516
65.3954,573,1.8484
65.3997,574,1.8516
65.4040,572,1.8452
65.4083,571,1.8419
65.4126,568,1.8323
65.4170,563,1.8161
65.4213,557,1.7968
65.4256,550,1.7742
65.4300,547,1.7645
65.4343,542,1.7484
65.4387,535,1.7258
65.4430,528,1.7032
65.4473,521,1.6806
65.4517,512,1.6516
65.4560,507,1.6355
65.4603,499,1.6097
65.4647,493,1.5903
65.4690,487,1.5710
65.4733,482,1.5548
65.4777,477,1.5387
65.4821,474,1.5290
65.4864,473,1.5258
65.4907,475,1.5323
65.4951,476,1.5355
65.4994,478,1.5419
65.5037,478,1.5419
65.5081,480,1.5484
65.5124,481,1.5516
65.5167,483,1.5581
65.5210,483,1.5581
65.5253,482,1.5548
65.5296,484,1.5613
65.5339,483,1.5581
65.5382,484,1.5613
65.5425,486,1.5677
65.5468,492,1.5871
65.5511,500,1.6129
65.5554,509,1.6419
65.5597,518,1.6710
65.5640,524,1.6903
65.5683,528,1.7032
65.5726,533,1.7194
65.5769,536,1.7290
65.5812,536,1.7290
65.5855,534,1.7226
65.5898,532,1.7161
65.5941,527,1.7000
65.5985,520,1.6774
65.6028,513,1.6548
65.6071,505,1.6290
65.6114,498,1.6065
65.6157,492,1.5871
65.6200,488,1.5742
65.6243,487,1.5710
65.6286,487,1.5710
65.6329,488,1.5742
65.6372,489,1.5774
65.6415,490,1.5806
65.6458,490,1.5806
65.6501,491,1.5839
65.6544,492,1.5871
65.6587,492,1.5871
65.6629,492,1.5871
65.6673,492,1.5871
65.6716,489,1.5774
65.6759,480,1.5484
65.6802,463,1.4935
65.6845,452,1.4581
65.6888,463,1.4935
65.6930,505,1.6290
65.6973,575,1.8548
65.7016,663,2.1387
65.7059,750,2.4194
65.7102,808,2.6065
65.7145,800,2.5806
65.7188,737,2.3774
65.7232,645,2.0806
65.7275,549,1.7710
65.7318,483,1.5581
65.7362,450,1.4516
65.7405,441,1.4226
65.7448,448,1.4452
65.7492,463,1.4935
65.7535,474,1.5290
65.7579,478,1.5419
65.7622,479,1.5452
65.7665,480,1.5484
65.7709,480,1.5484
65.7752,481,1.5516
65.7795,480,1.5484
65.7839,480,1.5484
65.7882,480,1.5484
65.7926,482,1.5548
65.7969,484,1.5613
65.8012,485,1.5645
65.8055,486,1.5677
65.8099,487,1.5710
65.8143,487,1.5710
65.8187,488,1.5742
65.8230,492,1.5871
65.8274,498,1.6065
65.8318,504,1.6258
65.8362,513,1.6548
65.8405,520,1.6774
65.8448,527,1.7000
65.8491,533,1.7194
65.8534,541,1.7452
65.8577,547,1.7645
65.8620,553,1.7839
65.8663,558,1.8000
65.8706,562,1.8129
65.8749,566,1.8258
65.8792,569,1.8355
65.8835,570,1.8387
65.8878,571,1.8419
65.8921,571,1.8419
65.8964,571,1.8419
65.9007,571,1.8419
65.9050,569,1.8355
65.9093,568,1.8323
65.9136,566,1.8258
65.9179,560,1.8065
65.9222,556,1.7935
65.9265,551,1.7774
65.9308,547,1.7645
65.9351,542,1.7484
65.9394,535,1.7258
65.9437,528,1.7032
65.9480,520,1.6774
65.9523,514,1.6581
65.9566,506,1.6323
65.9609,499,1.6097
65.9652,492,1.5871
65.9695,488,1.5742
65.9738,482,1.5548
65.9781,478,1.5419
65.9824,475,1.5323
65.9867,475,1.5323
65.9910,475,1.5323
65.9953,476,1.5355
65.9996,477,1.5387
66.0039,478,1.5419
66.0082,479,1.5452
66.0125,479,1.5452
66.0168,481,1.5516
66.0211,481,1.5516
66.0254,482,1.5548
66.0298,482,1.5548
66.0342,484,1.5613
66.0385,485,1.5645
66.0428,488,1.5742
66.0472,495,1.5968
66.0515,504,1.6258
66.0558,512,1.6516
66.0602,519,1.6742
66.0645,525,1.6935
66.0688,530,1.7097
66.0738,533,1.7194
66.0782,535,1.7258
66.0826,536,1.7290
66.0869,533,1.7194
66.0912,529,1.7065
66.0956,524,1.6903
66.0999,518,1.6710
66.1042,512,1.6516
66.1086,503,1.6226
66.1129,496,1.6000
66.1174,489,1.5774
66.1217,486,1.5677
66.1261,486,1.5677
66.1307,487,1.5710
66.1351,489,1.5774
66.1395,490,1.5806
66.1438,489,1.5774
66.1481,489,1.5774
66.1524,490,1.5806
66.1567,491,1.5839
66.1610,491,1.5839
66.1653,492,1.5871
66.1696,492,1.5871
66.1739,487,1.5710
66.1782,473,1.5258
66.1825,456,1.4710
66.1868,454,1.4645
66.1911,482,1.5548
66.1954,541,1.7452
66.1997,621,2.0032
66.2040,711,2.2935
66.2083,790,2.5484
66.2126,814,2.6258
66.2169,774,2.4968
66.2212,690,2.2258
66.2255,595,1.9194
66.2298,513,1.6548
66.2341,464,1.4968
66.2384,443,1.4290
66.2427,443,1.4290
66.2470,454,1.4645
66.2513,467,1.5065
66.2556,475,1.5323
66.2599,478,1.5419
66.2642,479,1.5452
66.2685,478,1.5419
66.2728,479,1.5452
66.2771,480,1.5484
66.2814,480,1.5484
66.2857,481,1.5516
66.2900,482,1.5548
66.2942,483,1.5581
66.2985,483,1.5581
66.3028,484,1.5613
66.3071,485,1.5645
66.3114,486,1.5677
66.3157,487,1.5710
66.3200,488,1.5742
66.3244,492,1.5871
66.3288,497,1.6032
66.3333,506,1.6323
66.3376,515,1.6613
66.3420,521,1.6806
66.3463,527,1.7000
66.3507,534,1.7226
66.3550,542,1.7484
66.3593,547,1.7645
66.3637,551,1.7774
66.3680,557,1.7968
66.3723,562,1.8129
66.3767,566,1.8258
66.3810,568,1.8323
66.3853,571,1.8419
66.3897,575,1.8548
66.3940,574,1.8516
66.3983,573,1.8484
66.4027,573,1.8484
66.4070,571,1.8419
66.4114,569,1.8355
66.4157,565,1.8226
66.4200,560,1.8065
66.4244,554,1.7871
66.4287,550,1.7742
66.4330,545,1.7581
66.4373,537,1.7323
66.4416,530,1.7097
66.4459,524,1.6903
66.4502,517,1.6677
66.4545,509,1.6419
66.4588,503,1.6226
66.4631,497,1.6032
66.4674,491,1.5839
66.4717,485,1.5645
66.4760,480,1.5484
66.4803,476,1.5355
66.4846,474,1.5290
66.4889,475,1.5323
66.4932,475,1.5323
66.4974,476,1.5355
66.5017,477,1.5387
66.5060,478,1.5419
66.5103,480,1.5484
66.5146,480,1.5484
66.5189,480,1.5484
66.5232,481,1.5516
66.5276,483,1.5581
66.5320,483,1.5581
66.5363,485,1.5645
66.5406,485,1.5645
66.5450,490,1.5806
66.5493,498,1.6065
66.5536,506,1.6323
66.5580,514,1.6581
66.5623,520,1.6774
66.5666,526,1.6968
66.5710,530,1.7097
66.5753,533,1.7194
66.5796,534,1.7226
66.5840,533,1.7194
66.5883,531,1.7129
66.5926,528,1.7032
66.5970,522,1.6839
66.6013,515,1.6613
66.6056,507,1.6355
66.6100,500,1.6129
66.6143,494,1.5935
66.6186,487,1.5710
66.6230,486,1.5677
66.6273,487,1.5710
66.6316,489,1.5774
66.6359,488,1.5742
66.6402,488,1.5742
66.6445,489,1.5774
66.6488,491,1.5839
66.6531,491,1.5839
66.6574,490,1.5806
66.6617,490,1.5806
66.6660,490,1.5806
66.6703,491,1.5839
66.6746,485,1.5645
66.6789,470,1.5161
66.6832,455,1.4677
66.6875,456,1.4710
66.6918,489,1.5774
66.6961,552,1.7806
66.7004,635,2.0484
66.7047,727,2.3452
66.7090,798,2.5742
66.7133,812,2.6194
66.7176,762,2.4581
66.7218,676,2.1806
66.7262,577,1.8613
66.7307,499,1.6097
66.7351,456,1.4710
66.7396,441,1.4226
66.7439,446,1.4387
66.7482,460,1.4839
66.7526,473,1.5258
66.7569,477,1.5387
66.7613,479,1.5452
66.7656,478,1.5419
66.7699,479,1.5452
66.7743,480,1.5484
66.7786,481,1.5516
66.7829,481,1.5516
66.7873,483,1.5581
66.7916,483,1.5581
66.7959,485,1.5645
66.8003,485,1.5645
66.8046,486,1.5677
66.8089,487,1.5710
66.8132,488,1.5742
66.8176,487,1.5710
66.8220,490,1.5806
66.8263,495,1.5968
66.8306,502,1.6194
66.8349,508,1.6387
66.8392,518,1.6710
66.8435,524,1.6903
66.8478,531,1.7129
66.8521,537,1.7323
66.8564,545,1.7581
66.8607,548,1.7677
66.8650,554,1.7871
66.8693,559,1.8032
66.8736,563,1.8161
66.8779,567,1.8290
66.8822,569,1.8355
66.8865,571,1.8419
66.8908,572,1.8452
66.8951,572,1.8452
66.8994,572,1.8452
66.9037,571,1.8419
66.9080,570,1.8387
66.9123,568,1.8323
66.9166,563,1.8161
66.9209,559,1.8032
66.9252,553,1.7839
66.9296,548,1.7677
66.9339,543,1.7516
66.9383,535,1.7258
66.9426,529,1.7065
66.9470,523,1.6871
66.9513,515,1.6613
66.9556,508,1.6387
66.9600,501,1.6161
66.9643,494,1.5935
66.9686,489,1.5774
66.9730,482,1.5548
66.9773,478,1.5419
66.9817,475,1.5323
66.9860,474,1.5290
66.9903,474,1.5290
66.9947,475,1.5323
66.9990,477,1.5387
67.0033,477,1.5387
67.0077,478,1.5419
67.0120,478,1.5419
67.0164,480,1.5484
67.0207,482,1.5548
67.0251,483,1.5581
67.0295,484,1.5613
67.0339,484,1.5613
67.0383,486,1.5677
67.0427,489,1.5774
67.0470,497,1.6032
67.0513,503,1.6226
67.0556,511,1.6484
67.0599,519,1.6742
67.0642,524,1.6903
67.0685,529,1.7065
67.0728,533,1.7194
67.0770,535,1.7258
67.0814,535,1.7258
67.0857,534,1.7226
67.0900,531,1.7129
67.0943,525,1.6935
67.0986,520,1.6774
67.1029,512,1.6516
67.1071,505,1.6290
67.1114,498,1.6065
67.1157,492,1.5871
67.1200,487,1.5710
67.1243,487,1.5710
67.1286,487,1.5710
67.1330,488,1.5742
67.1373,489,1.5774
67.1417,489,1.5774
67.1460,489,1.5774
67.1503,491,1.5839
67.1547,491,1.5839
67.1590,490,1.5806
67.1633,491,1.5839
67.1677,491,1.5839
67.1721,489,1.5774
67.1764,480,1.5484
67.1807,464,1.4968
67.1851,452,1.4581
67.1894,466,1.5032
67.1938,513,1.6548
67.1981,588,1.8968
67.2024,677,2.1839
67.2068,766,2.4710
67.2111,811,2.6161
67.2154,792,2.5548
67.2197,720,2.3226
67.2241,625,2.0161
67.2284,535,1.7258
67.2328,475,1.5323
67.2371,446,1.4387
67.2414,442,1.4258
67.2457,451,1.4548
67.2500,464,1.4968
67.2543,475,1.5323
67.2585,479,1.5452
67.2628,480,1.5484
67.2671,481,1.5516
67.2714,480,1.5484
67.2757,480,1.5484
67.2800,481,1.5516
67.2843,482,1.5548
67.2886,482,1.5548
67.2929,483,1.5581
67.2972,483,1.5581
67.3015,485,1.5645
67.3058,486,1.5677
67.3101,487,1.5710
67.3144,489,1.5774
67.3187,490,1.5806
67.3230,493,1.5903
67.3273,497,1.6032
67.3316,503,1.6226
67.3360,510,1.6452
67.3403,517,1.6677
67.3446,524,1.6903
67.3490,531,1.7129
67.3533,537,1.7323
67.3576,544,1.7548
67.3620,550,1.7742
67.3663,555,1.7903
67.3707,559,1.8032
67.3750,562,1.8129
67.3793,566,1.8258
67.3836,567,1.8290
67.3880,570,1.8387
67.3923,573,1.8484
67.3966,572,1.8452
67.4010,573,1.8484
67.4053,570,1.8387
67.4096,568,1.8323
67.4140,566,1.8258
67.4183,561,1.8097
67.4226,556,1.7935
67.4270,550,1.7742
67.4313,544,1.7548
67.4356,539,1.7387
67.4399,534,1.7226
67.4442,531,1.7129
67.4485,530,1.7097
67.4528,529,1.7065
67.4571,527,1.7000
67.4614,521,1.6806
67.4657,513,1.6548
67.4700,505,1.6290
67.4743,500,1.6129
67.4786,493,1.5903
67.4829,487,1.5710
67.4872,480,1.5484
67.4915,475,1.5323
67.4958,472,1.5226
67.5001,472,1.5226
67.5044,472,1.5226
67.5087,473,1.5258
67.5130,474,1.5290
67.5173,475,1.5323
67.5215,477,1.5387
67.5258,477,1.5387
67.5302,476,1.5355
67.5346,478,1.5419
67.5390,480,1.5484
67.5434,481,1.5516
67.5477,482,1.5548
67.5521,482,1.5548
67.5564,484,1.5613
67.5607,489,1.5774
67.5651,497,1.6032
67.5694,505,1.6290
67.5737,512,1.6516
67.5781,519,1.6742
67.5824,525,1.6935
67.5867,530,1.7097
67.5911,533,1.7194
67.5954,534,1.7226
67.5998,532,1.7161
67.6041,529,1.7065
67.6084,525,1.6935
67.6128,520,1.6774
67.6171,514,1.6581
67.6214,507,1.6355
67.6258,499,1.6097
67.6304,492,1.5871
67.6348,486,1.5677
67.6392,485,1.5645
67.6435,485,1.5645
67.6478,487,1.5710
67.6521,488,1.5742
67.6564,489,1.5774
67.6607,491,1.5839
67.6650,491,1.5839
67.6693,492,1.5871
67.6736,492,1.5871
67.6779,494,1.5935
67.6822,494,1.5935
67.6865,492,1.5871
67.6908,483,1.5581
67.6951,468,1.5097
67.6994,454,1.4645
67.7037,462,1.4903
67.7079,502,1.6194
67.7122,573,1.8484
67.7165,661,2.1323
67.7208,751,2.4226
67.7251,810,2.6129
67.7294,805,2.5968
67.7337,742,2.3935
67.7380,651,2.1000
67.7424,557,1.7968
67.7467,488,1.5742
67.7511,453,1.4613
67.7554,443,1.4290
67.7597,449,1.4484
67.7641,461,1.4871
67.7684,471,1.5194
67.7727,477,1.5387
67.7770,478,1.5419
67.7814,479,1.5452
67.7857,479,1.5452
67.7901,480,1.5484
67.7944,480,1.5484
67.7987,482,1.5548
67.8031,483,1.5581
67.8074,482,1.5548
67.8117,483,1.5581
67.8161,485,1.5645
67.8204,485,1.5645
67.8247,486,1.5677
67.8291,487,1.5710
67.8335,488,1.5742
67.8378,491,1.5839
67.8422,496,1.6000
67.8470,504,1.6258
67.8513,511,1.6484
67.8556,519,1.6742
67.8599,526,1.6968
67.8642,533,1.7194
67.8685,539,1.7387
67.8728,548,1.7677
67.8771,553,1.7839
67.8814,558,1.8000
67.8857,562,1.8129
67.8900,564,1.8194
67.8943,568,1.8323
67.8986,572,1.8452
67.9029,573,1.8484
67.9072,575,1.8548
67.9115,574,1.8516
67.9158,572,1.8452
67.9201,570,1.8387
67.9244,569,1.8355
67.9288,565,1.8226
67.9332,562,1.8129
67.9376,557,1.7968
67.9420,552,1.7806
67.9463,546,1.7613
67.9506,539,1.7387
67.9549,533,1.7194
67.9592,528,1.7032
67.9635,521,1.6806
67.9678,513,1.6548
67.9721,506,1.6323
67.9764,500,1.6129
67.9807,492,1.5871
67.9850,484,1.5613
67.9893,478,1.5419
67.9936,473,1.5258
67.9979,474,1.5290
68.0022,475,1.5323
68.0065,476,1.5355
68.0108,476,1.5355
68.0151,477,1.5387
68.0194,479,1.5452
68.0237,479,1.5452
68.0280,479,1.5452
68.0323,480,1.5484
68.0366,481,1.5516
68.0409,481,1.5516
68.0453,482,1.5548
68.0496,483,1.5581
68.0540,485,1.5645
68.0583,489,1.5774
68.0626,496,1.6000
68.0669,503,1.6226
68.0713,511,1.6484
68.0756,517,1.6677
68.0799,524,1.6903
68.0843,529,1.7065
68.0886,533,1.7194
68.0930,534,1.7226
68.0973,535,1.7258
68.1016,533,1.7194
68.1060,529,1.7065
68.1103,524,1.6903
68.1147,519,1.6742
68.1190,512,1.6516
68.1233,505,1.6290
68.1276,498,1.6065
68.1320,491,1.5839
68.1365,487,1.5710
68.1408,486,1.5677
68.1451,487,1.5710
68.1494,488,1.5742
68.1537,487,1.5710
68.1580,489,1.5774
68.1623,490,1.5806
68.1666,490,1.5806
68.1709,492,1.5871
68.1752,493,1.5903
68.1795,493,1.5903
68.1838,492,1.5871
68.1881,488,1.5742
68.1924,475,1.5323
68.1967,459,1.4806
68.2010,453,1.4613
68.2053,474,1.5290
68.2096,526,1.6968
68.2139,604,1.9484
68.2182,695,2.2419
68.2225,777,2.5065
68.2268,813,2.6226
68.2311,782,2.5226
68.2354,707,2.2806
68.2397,613,1.9774
68.2441,522,1.6839
68.2484,468,1.5097
68.2527,444,1.4323
68.2571,441,1.4226
68.2614,452,1.4581
68.2657,465,1.5000
68.2701,473,1.5258
68.2744,476,1.5355
68.2787,478,1.5419
68.2831,478,1.5419
68.2874,480,1.5484
68.2917,480,1.5484
68.2961,481,1.5516
68.3004,481,1.5516
68.3047,482,1.5548
68.3091,482,1.5548
68.3134,484,1.5613
68.3177,484,1.5613
68.3221,484,1.5613
68.3264,486,1.5677
68.3308,487,1.5710
68.3351,488,1.5742
68.3395,493,1.5903
68.3438,499,1.6097
68.3481,504,1.6258
68.3524,513,1.6548
68.3567,519,1.6742
68.3610,527,1.7000
68.3653,533,1.7194
68.3696,540,1.7419
68.3739,545,1.7581
68.3782,551,1.7774
68.3825,556,1.7935
68.3867,559,1.8032
68.3910,564,1.8194
68.3954,566,1.8258
68.3997,570,1.8387
68.4040,572,1.8452
68.4083,574,1.8516
68.4125,573,1.8484
68.4169,571,1.8419
68.4211,569,1.8355
68.4254,568,1.8323
68.4297,564,1.8194
68.4340,560,1.8065
68.4383,555,1.7903
68.4425,549,1.7710
68.4468,545,1.7581
68.4511,538,1.7355
68.4554,532,1.7161
68.4597,526,1.6968
68.4640,519,1.6742
68.4683,511,1.6484
68.4726,505,1.6290
68.4769,498,1.6065
68.4812,491,1.5839
68.4855,485,1.5645
68.4898,480,1.5484
68.4941,475,1.5323
68.4984,475,1.5323
68.5027,475,1.5323
68.5070,476,1.5355
68.5113,476,1.5355
68.5156,476,1.5355
68.5199,477,1.5387
68.5242,477,1.5387
68.5286,478,1.5419
68.5330,479,1.5452
68.5374,480,1.5484
68.5418,481,1.5516
68.5461,481,1.5516
68.5504,482,1.5548
68.5547,485,1.5645
68.5590,490,1.5806
68.5633,496,1.6000
68.5676,503,1.6226
68.5719,509,1.6419
68.5762,518,1.6710
68.5805,525,1.6935
68.5848,529,1.7065
68.5891,532,1.7161
68.5934,535,1.7258
68.5977,535,1.7258
68.6021,531,1.7129
68.6064,526,1.6968
68.6107,522,1.6839
68.6151,516,1.6645
68.6194,510,1.6452
68.6237,503,1.6226
68.6280,495,1.5968
68.6323,489,1.5774
68.6366,485,1.5645
68.6410,485,1.5645
68.6453,484,1.5613
68.6496,486,1.5677
68.6539,488,1.5742
68.6582,489,1.5774
68.6625,490,1.5806
68.6668,490,1.5806
68.6711,490,1.5806
68.6754,490,1.5806
68.6797,492,1.5871
68.6841,492,1.5871
68.6884,487,1.5710
68.6926,475,1.5323
68.6970,460,1.4839
68.7013,453,1.4613
68.7056,476,1.5355
68.7099,530,1.7097
68.7142,610,1.9677
68.7185,703,2.2677
68.7228,784,2.5290
68.7272,816,2.6323
68.7315,780,2.5161
68.7357,703,2.2677
68.7400,606,1.9548
68.7443,520,1.6774
68.7486,467,1.5065
68.7529,445,1.4355
68.7572,442,1.4258
68.7615,454,1.4645
68.7658,467,1.5065
68.7701,475,1.5323
68.7744,479,1.5452
68.7787,478,1.5419
68.7830,479,1.5452
68.7873,480,1.5484
68.7916,480,1.5484
68.7959,481,1.5516
68.8002,482,1.5548
68.8045,483,1.5581
68.8088,484,1.5613
68.8132,485,1.5645
68.8175,486,1.5677
68.8218,487,1.5710
68.8261,487,1.5710
68.8306,488,1.5742
68.8349,489,1.5774
68.8393,494,1.5935
68.8436,499,1.6097
68.8479,507,1.6355
68.8523,515,1.6613
68.8566,522,1.6839
68.8609,529,1.7065
68.8652,535,1.7258
68.8695,541,1.7452
68.8738,549,1.7710
68.8781,554,1.7871
68.8824,560,1.8065
68.8867,563,1.8161
68.8911,567,1.8290
68.8954,571,1.8419
68.8997,574,1.8516
68.9040,575,1.8548
68.9083,575,1.8548
68.9126,576,1.8581
68.9169,575,1.8548
68.9212,572,1.8452
68.9255,569,1.8355
68.9298,565,1.8226
68.9341,561,1.8097
68.9384,556,1.7935
68.9427,550,1.7742
68.9470,544,1.7548
68.9513,539,1.7387
68.9556,534,1.7226
68.9599,528,1.7032
68.9642,520,1.6774
68.9685,513,1.6548
68.9727,506,1.6323
68.9770,498,1.6065
68.9813,493,1.5903
68.9856,486,1.5677
68.9899,480,1.5484
68.9942,476,1.5355
68.9985,474,1.5290
69.0028,475,1.5323
69.0071,475,1.5323
69.0114,476,1.5355
69.0158,478,1.5419
69.0200,478,1.5419
69.0243,479,1.5452
69.0286,480,1.5484
69.0329,482,1.5548
69.0372,482,1.5548
69.0415,481,1.5516
69.0458,483,1.5581
69.0502,484,1.5613
69.0545,486,1.5677
69.0588,491,1.5839
69.0631,497,1.6032
69.0674,506,1.6323
69.0717,514,1.6581
69.0760,522,1.6839
69.0803,527,1.7000
69.0846,531,1.7129
69.0889,533,1.7194
69.0931,535,1.7258
69.0975,535,1.7258
69.1018,534,1.7226
69.1060,529,1.7065
69.1103,524,1.6903
69.1146,518,1.6710
69.1189,511,1.6484
69.1232,504,1.6258
69.1275,496,1.6000
69.1318,489,1.5774
69.1361,486,1.5677
69.1404,486,1.5677
69.1447,486,1.5677
69.1490,488,1.5742
69.1533,488,1.5742
69.1576,489,1.5774
69.1619,489,1.5774
69.1662,489,1.5774
69.1706,489,1.5774
69.1748,490,1.5806
69.1792,491,1.5839
69.1835,491,1.5839
69.1877,488,1.5742
69.1921,476,1.5355
69.1964,460,1.4839
69.2008,452,1.4581
69.2051,472,1.5226
69.2094,522,1.6839
69.2137,599,1.9323
69.2180,691,2.2290
69.2223,775,2.5000
69.2266,812,2.6194
69.2309,786,2.5355
69.2352,710,2.2903
69.2395,617,1.9903
69.2438,528,1.7032
69.2481,472,1.5226
69.2524,447,1.4419
69.2567,443,1.4290
69.2611,453,1.4613
69.2654,465,1.5000
69.2697,474,1.5290
69.2740,478,1.5419
69.2783,479,1.5452
69.2826,480,1.5484
69.2869,479,1.5452
69.2912,480,1.5484
69.2955,482,1.5548
69.2998,483,1.5581
69.3041,483,1.5581
69.3085,483,1.5581
69.3127,484,1.5613
69.3170,485,1.5645
69.3214,485,1.5645
69.3256,486,1.5677
69.3300,487,1.5710
69.3342,489,1.5774
69.3385,492,1.5871
69.3429,498,1.6065
69.3472,505,1.6290
69.3515,512,1.6516
69.3558,520,1.6774
69.3601,526,1.6968
69.3644,534,1.7226
69.3687,539,1.7387
69.3730,546,1.7613
69.3773,551,1.7774
69.3816,556,1.7935
69.3860,561,1.8097
69.3903,565,1.8226
69.3946,568,1.8323
69.3989,570,1.8387
69.4032,573,1.8484
69.4075,573,1.8484
69.4118,573,1.8484
69.4161,572,1.8452
69.4204,571,1.8419
69.4247,569,1.8355
69.4291,565,1.8226
69.4336,562,1.8129
69.4379,557,1.7968
69.4423,551,1.7774
69.4466,544,1.7548
69.4509,539,1.7387
69.4552,532,1.7161
69.4595,526,1.6968
69.4638,519,1.6742
69.4681,511,1.6484
69.4724,505,1.6290
69.4767,497,1.6032
69.4810,492,1.5871
69.4853,485,1.5645
69.4896,480,1.5484
69.4939,475,1.5323
69.4982,473,1.5258
69.5025,474,1.5290
69.5068,475,1.5323
69.5111,477,1.5387
69.5154,478,1.5419
69.5197,478,1.5419
69.5240,479,1.5452
69.5283,480,1.5484
69.5327,481,1.5516
69.5369,482,1.5548
69.5412,483,1.5581
69.5455,484,1.5613
69.5499,484,1.5613
69.5542,486,1.5677
69.5585,490,1.5806
69.5628,495,1.5968
69.5671,502,1.6194
69.5714,510,1.6452
69.5757,517,1.6677
69.5800,524,1.6903
69.5844,529,1.7065
69.5887,532,1.7161
69.5930,534,1.7226
69.5973,534,1.7226
69.6016,533,1.7194
69.6059,529,1.7065
69.6103,524,1.6903
69.6153,517,1.6677
69.6196,510,1.6452
69.6239,502,1.6194
69.6283,496,1.6000
69.6326,491,1.5839
69.6369,489,1.5774
69.6412,488,1.5742
69.6455,489,1.5774
69.6498,488,1.5742
69.6541,488,1.5742
69.6584,490,1.5806
69.6627,491,1.5839
69.6670,492,1.5871
69.6713,492,1.5871
69.6756,494,1.5935
69.6799,494,1.5935
69.6842,493,1.5903
69.6885,489,1.5774
69.6928,475,1.5323
69.6971,460,1.4839
69.7013,454,1.4645
69.7056,477,1.5387
69.7099,532,1.7161
69.7143,613,1.9774
69.7186,704,2.2710
69.7228,783,2.5258
69.7272,817,2.6355
69.7316,780,2.5161
69.7360,697,2.2484
69.7404,598,1.9290
69.7447,514,1.6581
69.7490,463,1.4935
69.7533,443,1.4290
69.7577,442,1.4258
69.7620,455,1.4677
69.7664,468,1.5097
69.7707,476,1.5355
69.7750,479,1.5452
69.7794,480,1.5484
69.7837,479,1.5452
69.7880,480,1.5484
69.7924,481,1.5516
69.7967,482,1.5548
69.8010,483,1.5581
69.8054,485,1.5645
69.8097,484,1.5613
69.8140,484,1.5613
69.8184,484,1.5613
69.8227,485,1.5645
69.8270,486,1.5677
69.8314,486,1.5677
69.8357,490,1.5806
69.8401,493,1.5903
69.8444,500,1.6129
69.8487,505,1.6290
69.8532,513,1.6548
69.8575,522,1.6839
69.8618,530,1.7097
69.8661,537,1.7323
69.8704,543,1.7516
69.8747,549,1.7710
69.8790,554,1.7871
69.8833,559,1.8032
69.8876,562,1.8129
69.8919,566,1.8258
69.8962,570,1.8387
69.9005,572,1.8452
69.9048,574,1.8516
69.9091,572,1.8452
69.9134,573,1.8484
69.9177,572,1.8452
69.9220,570,1.8387
69.9263,568,1.8323
69.9306,565,1.8226
69.9349,559,1.8032
69.9392,555,1.7903
69.9435,550,1.7742
69.9478,543,1.7516
69.9521,537,1.7323
69.9564,531,1.7129
69.9608,525,1.6935
69.9651,517,1.6677
69.9694,510,1.6452
69.9737,503,1.6226
69.9781,496,1.6000
69.9824,490,1.5806
69.9867,484,1.5613
69.9911,477,1.5387
69.9954,474,1.5290
69.9997,474,1.5290
