time_s,adc_raw,voltage
0.0000,507,1.6355
0.0044,508,1.6387
0.0088,511,1.6484
0.0132,515,1.6613
0.0175,519,1.6742
0.0219,521,1.6806
0.0324,530,1.7097
0.0368,532,1.7161
0.0412,536,1.7290
0.0455,540,1.7419
0.0530,542,1.7484
0.0574,545,1.7581
0.0618,547,1.7645
0.0661,548,1.7677
0.0705,547,1.7645
0.0749,547,1.7645
0.0793,547,1.7645
0.0837,546,1.7613
0.0880,545,1.7581
0.0923,543,1.7516
0.0965,542,1.7484
0.1007,540,1.7419
0.1049,538,1.7355
0.1091,535,1.7258
0.1133,531,1.7129
0.1175,528,1.7032
0.1217,525,1.6935
0.1259,522,1.6839
0.1301,519,1.6742
0.1343,514,1.6581
0.1385,511,1.6484
0.1427,508,1.6387
0.1470,504,1.6258
0.1516,499,1.6097
0.1560,499,1.6097
0.1604,496,1.6000
0.1646,497,1.6032
0.1830,499,1.6097
0.1875,500,1.6129
0.1921,501,1.6161
0.1968,501,1.6161
0.2015,503,1.6226
0.2061,502,1.6194
0.2107,503,1.6226
0.2151,503,1.6226
0.2194,503,1.6226
0.2237,505,1.6290
0.2279,508,1.6387
0.2322,513,1.6548
0.2365,517,1.6677
0.2408,520,1.6774
0.2450,523,1.6871
0.2491,524,1.6903
0.2534,526,1.6968
0.2576,525,1.6935
0.2618,528,1.7032
0.2660,526,1.6968
0.2701,524,1.6903
0.2743,523,1.6871
0.2785,519,1.6742
0.2826,516,1.6645
0.2868,511,1.6484
0.2909,507,1.6355
0.2951,504,1.6258
0.2993,503,1.6226
0.3034,503,1.6226
0.3076,504,1.6258
0.3117,504,1.6258
0.3159,503,1.6226
0.3200,504,1.6258
0.3242,506,1.6323
0.3284,507,1.6355
0.3325,506,1.6323
0.3367,505,1.6290
0.3409,506,1.6323
0.3450,507,1.6355
0.3492,507,1.6355
0.3533,503,1.6226
0.3575,495,1.5968
0.3617,488,1.5742
0.3658,488,1.5742
0.3700,500,1.6129
0.3742,528,1.7032
0.3784,567,1.8290
0.3825,611,1.9710
0.3867,649,2.0935
0.3909,664,2.1419
0.3951,649,2.0935
0.3993,615,1.9839
0.4034,570,1.8387
0.4076,525,1.6935
0.4118,499,1.6097
0.4160,485,1.5645
0.4202,482,1.5548
0.4244,487,1.5710
0.4285,492,1.5871
0.4327,496,1.6000
0.4369,499,1.6097
0.4411,500,1.6129
0.4453,501,1.6161
0.4494,500,1.6129
0.4536,500,1.6129
0.4578,501,1.6161
0.4620,502,1.6194
0.4662,501,1.6161
0.4703,502,1.6194
0.4745,503,1.6226
0.4787,502,1.6194
0.4829,504,1.6258
0.4872,504,1.6258
0.4915,504,1.6258
0.4957,505,1.6290
0.4999,505,1.6290
0.5041,507,1.6355
0.5083,510,1.6452
0.5125,513,1.6548
0.5167,515,1.6613
0.5208,517,1.6677
0.5250,519,1.6742
0.5292,521,1.6806
0.5334,524,1.6903
0.5376,528,1.7032
0.5417,532,1.7161
0.5459,535,1.7258
0.5501,539,1.7387
0.5543,538,1.7355
0.5585,541,1.7452
0.5627,543,1.7516
0.5669,544,1.7548
0.5711,546,1.7613
0.5752,547,1.7645
0.5794,547,1.7645
0.5836,547,1.7645
0.5878,546,1.7613
0.5920,545,1.7581
0.5961,544,1.7548
0.6003,542,1.7484
0.6045,540,1.7419
0.6087,538,1.7355
0.6129,535,1.7258
0.6171,533,1.7194
0.6213,528,1.7032
0.6254,525,1.6935
0.6296,522,1.6839
0.6338,519,1.6742
0.6380,515,1.6613
0.6422,511,1.6484
0.6463,507,1.6355
0.6505,505,1.6290
0.6547,502,1.6194
0.6589,499,1.6097
0.6631,497,1.6032
0.6672,499,1.6097
0.6714,499,1.6097
0.6756,500,1.6129
0.6798,499,1.6097
0.6840,501,1.6161
0.6882,499,1.6097
0.6923,499,1.6097
0.6965,500,1.6129
0.7007,501,1.6161
0.7049,501,1.6161
0.7091,502,1.6194
0.7133,503,1.6226
0.7175,503,1.6226
0.7217,502,1.6194
0.7259,503,1.6226
0.7301,504,1.6258
0.7343,508,1.6387
0.7385,513,1.6548
0.7427,515,1.6613
0.7468,519,1.6742
0.7510,522,1.6839
0.7552,524,1.6903
0.7594,525,1.6935
0.7636,526,1.6968
0.7677,527,1.7000
0.7719,525,1.6935
0.7761,523,1.6871
0.7803,520,1.6774
0.7845,516,1.6645
0.7886,513,1.6548
0.7928,510,1.6452
0.7970,506,1.6323
0.8012,503,1.6226
0.8054,503,1.6226
0.8096,502,1.6194
0.8137,503,1.6226
0.8179,502,1.6194
0.8221,502,1.6194
0.8263,503,1.6226
0.8305,503,1.6226
0.8346,504,1.6258
0.8388,504,1.6258
0.8430,504,1.6258
0.8472,504,1.6258
0.8514,504,1.6258
0.8555,503,1.6226
0.8597,499,1.6097
0.8639,493,1.5903
0.8682,485,1.5645
0.8724,488,1.5742
0.8766,508,1.6387
0.8809,541,1.7452
0.8852,583,1.8806
0.8895,627,2.0226
0.8938,658,2.1226
0.8981,658,2.1226
0.9024,631,2.0355
0.9067,588,1.8968
0.9110,540,1.7419
0.9153,504,1.6258
0.9196,486,1.5677
0.9239,480,1.5484
0.9282,483,1.5581
0.9325,490,1.5806
0.9368,495,1.5968
0.9411,498,1.6065
0.9454,499,1.6097
0.9497,499,1.6097
0.9540,501,1.6161
0.9583,502,1.6194
0.9626,503,1.6226
0.9669,502,1.6194
0.9713,503,1.6226
0.9756,504,1.6258
0.9799,505,1.6290
0.9843,505,1.6290
0.9886,505,1.6290
0.9929,505,1.6290
0.9973,504,1.6258
1.0016,506,1.6323
1.0059,507,1.6355
1.0103,507,1.6355
1.0146,511,1.6484
1.0189,515,1.6613
1.0233,519,1.6742
1.0276,521,1.6806
1.0320,524,1.6903
1.0363,527,1.7000
1.0406,531,1.7129
1.0450,533,1.7194
1.0493,535,1.7258
1.0536,538,1.7355
1.0580,541,1.7452
1.0623,543,1.7516
1.0667,545,1.7581
1.0710,545,1.7581
1.0753,546,1.7613
1.0796,547,1.7645
1.0839,546,1.7613
1.0900,547,1.7645
1.0945,543,1.7516
1.0988,540,1.7419
1.1031,539,1.7387
1.1074,537,1.7323
1.1117,536,1.7290
1.1160,533,1.7194
1.1203,529,1.7065
1.1246,526,1.6968
1.1289,525,1.6935
1.1332,521,1.6806
1.1375,517,1.6677
1.1418,514,1.6581
1.1461,511,1.6484
1.1504,508,1.6387
1.1547,504,1.6258
1.1590,507,1.6355
1.1633,498,1.6065
1.1676,496,1.6000
1.1720,495,1.5968
1.1763,497,1.6032
1.1806,497,1.6032
1.1849,498,1.6065
1.1892,498,1.6065
1.1935,498,1.6065
1.1978,499,1.6097
1.2021,499,1.6097
1.2064,500,1.6129
1.2107,500,1.6129
1.2150,500,1.6129
1.2193,501,1.6161
1.2236,501,1.6161
1.2278,501,1.6161
1.2322,503,1.6226
1.2364,507,1.6355
1.2407,510,1.6452
1.2450,515,1.6613
1.2493,519,1.6742
1.2536,522,1.6839
1.2579,525,1.6935
1.2622,527,1.7000
1.2665,526,1.6968
1.2708,526,1.6968
1.2752,524,1.6903
1.2795,523,1.6871
1.2839,520,1.6774
1.2882,518,1.6710
1.2926,515,1.6613
1.2969,512,1.6516
1.3012,508,1.6387
1.3055,505,1.6290
1.3099,504,1.6258
1.3142,502,1.6194
1.3186,504,1.6258
1.3229,503,1.6226
1.3273,503,1.6226
1.3316,505,1.6290
1.3359,506,1.6323
1.3403,506,1.6323
1.3446,507,1.6355
1.3489,506,1.6323
1.3533,506,1.6323
1.3576,507,1.6355
1.3620,505,1.6290
1.3663,499,1.6097
1.3706,490,1.5806
1.3750,485,1.5645
1.3793,496,1.6000
1.3836,524,1.6903
1.3888,571,1.8419
1.3932,617,1.9903
1.3976,654,2.1097
1.4019,664,2.1419
1.4062,643,2.0742
1.4105,604,1.9484
1.4148,556,1.7935
1.4191,514,1.6581
1.4234,492,1.5871
1.4277,482,1.5548
1.4320,481,1.5516
1.4364,488,1.5742
1.4407,495,1.5968
1.4450,498,1.6065
1.4493,500,1.6129
1.4536,500,1.6129
1.4579,500,1.6129
1.4622,500,1.6129
1.4665,501,1.6161
1.4708,500,1.6129
1.4751,501,1.6161
1.4794,500,1.6129
1.4837,500,1.6129
1.4880,501,1.6161
1.4923,501,1.6161
1.4967,501,1.6161
1.5010,501,1.6161
1.5053,502,1.6194
1.5096,503,1.6226
1.5143,505,1.6290
1.5186,507,1.6355
1.5229,511,1.6484
1.5272,514,1.6581
1.5315,518,1.6710
1.5358,523,1.6871
1.5401,525,1.6935
1.5444,528,1.7032
1.5487,532,1.7161
1.5530,533,1.7194
1.5573,536,1.7290
1.5616,538,1.7355
1.5659,542,1.7484
1.5702,542,1.7484
1.5745,543,1.7516
1.5788,545,1.7581
1.5831,546,1.7613
1.5874,547,1.7645
1.5917,546,1.7613
1.5963,543,1.7516
1.6006,542,1.7484
1.6049,541,1.7452
1.6092,538,1.7355
1.6135,535,1.7258
1.6178,533,1.7194
1.6221,531,1.7129
1.6265,529,1.7065
1.6307,527,1.7000
1.6350,524,1.6903
1.6393,521,1.6806
1.6437,519,1.6742
1.6480,515,1.6613
1.6523,512,1.6516
1.6566,509,1.6419
1.6609,506,1.6323
1.6652,503,1.6226
1.6695,499,1.6097
1.6738,498,1.6065
1.6784,497,1.6032
1.6828,496,1.6000
1.6871,498,1.6065
1.6914,498,1.6065
1.6957,500,1.6129
1.6999,499,1.6097
1.7042,499,1.6097
1.7085,501,1.6161
1.7128,501,1.6161
1.7170,500,1.6129
1.7213,501,1.6161
1.7256,501,1.6161
1.7299,501,1.6161
1.7342,502,1.6194
1.7384,505,1.6290
1.7426,508,1.6387
1.7470,512,1.6516
1.7512,515,1.6613
1.7555,519,1.6742
1.7598,521,1.6806
1.7646,523,1.6871
1.7688,524,1.6903
1.7731,524,1.6903
1.7773,525,1.6935
1.7816,525,1.6935
1.7859,522,1.6839
1.7901,520,1.6774
1.7944,518,1.6710
1.7987,514,1.6581
1.8030,510,1.6452
1.8073,506,1.6323
1.8115,503,1.6226
1.8158,501,1.6161
1.8200,500,1.6129
1.8243,502,1.6194
1.8286,502,1.6194
1.8329,503,1.6226
1.8372,503,1.6226
1.8423,504,1.6258
1.8466,506,1.6323
1.8508,505,1.6290
1.8551,506,1.6323
1.8593,507,1.6355
1.8640,507,1.6355
1.8684,503,1.6226
1.8726,496,1.6000
1.8770,487,1.5710
1.8813,488,1.5742
1.8856,502,1.6194
1.8899,531,1.7129
1.8941,570,1.8387
1.8984,618,1.9935
1.9027,653,2.1065
1.9075,662,2.1355
1.9118,636,2.0516
1.9161,593,1.9129
1.9203,549,1.7710
1.9246,510,1.6452
1.9289,488,1.5742
1.9332,481,1.5516
1.9374,482,1.5548
1.9417,488,1.5742
1.9460,496,1.6000
1.9503,499,1.6097
1.9545,500,1.6129
1.9588,500,1.6129
1.9630,500,1.6129
1.9673,500,1.6129
1.9716,500,1.6129
1.9759,500,1.6129
1.9801,500,1.6129
1.9846,500,1.6129
1.9905,501,1.6161
1.9949,501,1.6161
1.9992,502,1.6194
2.0035,501,1.6161
2.0078,503,1.6226
2.0121,502,1.6194
2.0164,504,1.6258
2.0207,506,1.6323
2.0250,509,1.6419
2.0293,513,1.6548
2.0336,515,1.6613
2.0379,519,1.6742
2.0422,523,1.6871
2.0465,526,1.6968
2.0508,530,1.7097
2.0551,534,1.7226
2.0594,537,1.7323
2.0637,539,1.7387
2.0680,541,1.7452
2.0723,542,1.7484
2.0766,545,1.7581
2.0809,547,1.7645
2.0853,546,1.7613
2.0896,546,1.7613
2.0939,546,1.7613
2.0983,545,1.7581
2.1026,545,1.7581
2.1068,544,1.7548
2.1111,542,1.7484
2.1154,539,1.7387
2.1197,537,1.7323
2.1241,534,1.7226
2.1284,530,1.7097
2.1327,527,1.7000
2.1371,523,1.6871
2.1413,520,1.6774
2.1456,516,1.6645
2.1500,513,1.6548
2.1543,510,1.6452
2.1586,507,1.6355
2.1629,504,1.6258
2.1672,500,1.6129
2.1715,498,1.6065
2.1758,498,1.6065
2.1801,498,1.6065
2.1844,499,1.6097
2.1887,499,1.6097
2.1931,499,1.6097
2.1974,498,1.6065
2.2017,499,1.6097
2.2060,499,1.6097
2.2103,499,1.6097
2.2146,499,1.6097
2.2189,500,1.6129
2.2232,500,1.6129
2.2275,500,1.6129
2.2317,501,1.6161
2.2360,502,1.6194
2.2403,505,1.6290
2.2447,510,1.6452
2.2490,514,1.6581
2.2533,517,1.6677
2.2576,521,1.6806
2.2619,523,1.6871
2.2662,525,1.6935
2.2705,526,1.6968
2.2748,526,1.6968
2.2791,526,1.6968
2.2834,524,1.6903
2.2878,523,1.6871
2.2922,521,1.6806
2.2966,517,1.6677
2.3009,513,1.6548
2.3052,508,1.6387
2.3096,505,1.6290
2.3139,504,1.6258
2.3182,504,1.6258
2.3225,504,1.6258
2.3268,506,1.6323
2.3311,505,1.6290
2.3354,506,1.6323
2.3397,505,1.6290
2.3440,506,1.6323
2.3483,507,1.6355
2.3526,507,1.6355
2.3570,507,1.6355
2.3613,507,1.6355
2.3656,507,1.6355
2.3699,502,1.6194
2.3742,493,1.5903
2.3785,486,1.5677
2.3828,491,1.5839
2.3871,511,1.6484
2.3914,548,1.7677
2.3957,590,1.9032
2.4001,635,2.0484
2.4044,664,2.1419
2.4087,660,2.1290
2.4130,627,2.0226
2.4173,584,1.8839
2.4216,537,1.7323
2.4259,504,1.6258
2.4302,488,1.5742
2.4345,483,1.5581
2.4388,482,1.5548
2.4431,484,1.5613
2.4474,486,1.5677
2.4517,493,1.5903
2.4560,498,1.6065
2.4603,500,1.6129
2.4646,501,1.6161
2.4689,501,1.6161
2.4732,501,1.6161
2.4775,501,1.6161
2.4818,501,1.6161
2.4861,501,1.6161
2.4904,502,1.6194
2.4947,502,1.6194
2.4990,502,1.6194
2.5033,503,1.6226
2.5076,502,1.6194
2.5119,504,1.6258
2.5162,503,1.6226
2.5205,503,1.6226
2.5248,505,1.6290
2.5291,506,1.6323
2.5334,509,1.6419
2.5377,514,1.6581
2.5420,518,1.6710
2.5463,521,1.6806
2.5507,523,1.6871
2.5550,527,1.7000
2.5593,530,1.7097
2.5636,533,1.7194
2.5679,535,1.7258
2.5722,537,1.7323
2.5765,540,1.7419
2.5808,542,1.7484
2.5851,543,1.7516
2.5894,545,1.7581
2.5937,545,1.7581
2.5980,545,1.7581
2.6023,546,1.7613
2.6066,545,1.7581
2.6109,545,1.7581
2.6152,543,1.7516
2.6195,541,1.7452
2.6238,539,1.7387
2.6281,537,1.7323
2.6324,536,1.7290
2.6367,534,1.7226
2.6410,529,1.7065
2.6453,526,1.6968
2.6496,522,1.6839
2.6539,517,1.6677
2.6582,515,1.6613
2.6625,512,1.6516
2.6668,510,1.6452
2.6711,507,1.6355
2.6754,503,1.6226
2.6797,501,1.6161
2.6840,500,1.6129
2.6883,499,1.6097
2.6926,500,1.6129
2.6970,499,1.6097
2.7013,500,1.6129
2.7057,500,1.6129
2.7100,500,1.6129
2.7143,500,1.6129
2.7187,501,1.6161
2.7230,502,1.6194
2.7274,502,1.6194
2.7317,503,1.6226
2.7360,503,1.6226
2.7403,503,1.6226
2.7447,504,1.6258
2.7490,505,1.6290
2.7534,509,1.6419
2.7577,513,1.6548
2.7620,517,1.6677
2.7664,521,1.6806
2.7707,523,1.6871
2.7751,525,1.6935
2.7794,525,1.6935
2.7837,526,1.6968
2.7881,526,1.6968
2.7924,526,1.6968
2.7967,524,1.6903
2.8010,522,1.6839
2.8055,518,1.6710
2.8098,516,1.6645
2.8141,512,1.6516
2.8183,507,1.6355
2.8226,504,1.6258
2.8271,504,1.6258
2.8314,504,1.6258
2.8357,503,1.6226
2.8399,503,1.6226
2.8442,505,1.6290
2.8485,505,1.6290
2.8529,505,1.6290
2.8572,505,1.6290
2.8615,506,1.6323
2.8658,507,1.6355
2.8701,506,1.6323
2.8744,506,1.6323
2.8787,503,1.6226
2.8830,496,1.6000
2.8876,489,1.5774
2.8919,490,1.5806
2.8963,506,1.6323
2.9006,539,1.7387
2.9050,580,1.8710
2.9093,626,2.0194
2.9136,659,2.1258
2.9179,661,2.1323
2.9222,636,2.0516
2.9265,594,1.9161
2.9308,544,1.7548
2.9351,508,1.6387
2.9394,488,1.5742
2.9437,480,1.5484
2.9479,482,1.5548
2.9523,490,1.5806
2.9566,496,1.6000
2.9609,500,1.6129
2.9652,501,1.6161
2.9695,501,1.6161
2.9738,501,1.6161
2.9780,500,1.6129
2.9823,500,1.6129
2.9866,501,1.6161
2.9909,501,1.6161
2.9953,502,1.6194
2.9996,502,1.6194
3.0039,505,1.6290
3.0082,504,1.6258
3.0125,505,1.6290
3.0168,504,1.6258
3.0211,505,1.6290
3.0254,506,1.6323
3.0298,508,1.6387
3.0341,512,1.6516
3.0384,516,1.6645
3.0427,518,1.6710
3.0470,519,1.6742
3.0513,521,1.6806
3.0556,525,1.6935
3.0599,527,1.7000
3.0642,531,1.7129
3.0685,534,1.7226
3.0728,538,1.7355
3.0771,540,1.7419
3.0814,541,1.7452
3.0857,544,1.7548
3.0900,545,1.7581
3.0943,547,1.7645
3.0986,548,1.7677
3.1029,549,1.7710
3.1072,549,1.7710
3.1115,548,1.7677
3.1158,546,1.7613
3.1201,545,1.7581
3.1244,542,1.7484
3.1287,539,1.7387
3.1330,538,1.7355
3.1373,534,1.7226
3.1416,530,1.7097
3.1459,527,1.7000
3.1502,524,1.6903
3.1545,520,1.6774
3.1588,517,1.6677
3.1631,514,1.6581
3.1674,511,1.6484
3.1717,508,1.6387
3.1760,506,1.6323
3.1803,503,1.6226
3.1846,499,1.6097
3.1895,498,1.6065
3.1939,497,1.6032
3.1983,496,1.6000
3.2026,496,1.6000
3.2070,498,1.6065
3.2113,499,1.6097
3.2156,499,1.6097
3.2199,499,1.6097
3.2242,499,1.6097
3.2285,499,1.6097
3.2328,500,1.6129
3.2372,501,1.6161
3.2415,501,1.6161
3.2458,502,1.6194
3.2501,502,1.6194
3.2544,505,1.6290
3.2587,509,1.6419
3.2630,513,1.6548
3.2673,516,1.6645
3.2716,520,1.6774
3.2760,522,1.6839
3.2803,524,1.6903
3.2845,526,1.6968
3.2888,527,1.7000
3.2931,524,1.6903
3.2975,523,1.6871
3.3018,521,1.6806
3.3067,520,1.6774
3.3110,516,1.6645
3.3153,513,1.6548
3.3196,509,1.6419
3.3239,506,1.6323
3.3282,504,1.6258
3.3325,503,1.6226
3.3375,503,1.6226
3.3418,504,1.6258
3.3461,505,1.6290
3.3504,506,1.6323
3.3547,505,1.6290
3.3591,506,1.6323
3.3634,507,1.6355
3.3677,506,1.6323
3.3719,506,1.6323
3.3762,506,1.6323
3.3806,505,1.6290
3.3849,501,1.6161
3.3891,493,1.5903
3.3934,486,1.5677
3.3977,490,1.5806
3.4021,511,1.6484
3.4064,545,1.7581
3.4107,589,1.9000
3.4151,634,2.0452
3.4194,660,2.1290
3.4237,659,2.1258
3.4280,627,2.0226
3.4323,582,1.8774
3.4366,536,1.7290
3.4409,503,1.6226
3.4452,487,1.5710
3.4495,482,1.5548
3.4538,485,1.5645
3.4581,492,1.5871
3.4624,497,1.6032
3.4667,499,1.6097
3.4710,501,1.6161
3.4753,500,1.6129
3.4796,501,1.6161
3.4839,502,1.6194
3.4882,501,1.6161
3.4925,503,1.6226
3.4968,502,1.6194
3.5012,502,1.6194
3.5055,502,1.6194
3.5098,503,1.6226
3.5141,503,1.6226
3.5184,503,1.6226
3.5227,503,1.6226
3.5270,503,1.6226
3.5313,505,1.6290
3.5356,507,1.6355
3.5399,511,1.6484
3.5442,515,1.6613
3.5485,517,1.6677
3.5528,520,1.6774
3.5571,523,1.6871
3.5615,528,1.7032
3.5658,530,1.7097
3.5701,533,1.7194
3.5744,535,1.7258
3.5787,538,1.7355
3.5830,540,1.7419
3.5873,542,1.7484
3.5916,544,1.7548
3.5959,544,1.7548
3.6002,544,1.7548
3.6047,546,1.7613
3.6090,545,1.7581
3.6133,544,1.7548
3.6176,543,1.7516
3.6219,543,1.7516
3.6262,540,1.7419
3.6305,539,1.7387
3.6348,536,1.7290
3.6395,531,1.7129
3.6438,528,1.7032
3.6481,527,1.7000
3.6524,526,1.6968
3.6567,525,1.6935
3.6610,524,1.6903
3.6653,521,1.6806
3.6696,517,1.6677
3.6739,514,1.6581
3.6782,511,1.6484
3.6825,510,1.6452
3.6868,506,1.6323
3.6911,503,1.6226
3.6954,497,1.6032
3.6997,496,1.6000
3.7040,497,1.6032
3.7083,499,1.6097
3.7126,499,1.6097
3.7170,500,1.6129
3.7213,500,1.6129
3.7256,502,1.6194
3.7303,501,1.6161
3.7346,501,1.6161
3.7389,501,1.6161
3.7433,501,1.6161
3.7477,502,1.6194
3.7520,502,1.6194
3.7563,502,1.6194
3.7606,502,1.6194
3.7649,507,1.6355
3.7692,511,1.6484
3.7735,515,1.6613
3.7778,517,1.6677
3.7827,520,1.6774
3.7872,523,1.6871
3.7916,525,1.6935
3.7960,527,1.7000
3.8003,526,1.6968
3.8047,525,1.6935
3.8090,525,1.6935
3.8133,523,1.6871
3.8176,519,1.6742
3.8219,516,1.6645
3.8262,513,1.6548
3.8306,509,1.6419
3.8349,505,1.6290
3.8392,504,1.6258
3.8435,504,1.6258
3.8478,505,1.6290
3.8521,503,1.6226
3.8564,504,1.6258
3.8607,504,1.6258
3.8650,503,1.6226
3.8694,503,1.6226
3.8737,505,1.6290
3.8780,505,1.6290
3.8822,506,1.6323
3.8865,507,1.6355
3.8909,505,1.6290
3.8952,499,1.6097
3.8994,492,1.5871
3.9037,485,1.5645
3.9080,489,1.5774
3.9124,512,1.6516
3.9167,545,1.7581
3.9210,588,1.8968
3.9253,633,2.0419
3.9301,662,2.1355
3.9344,652,2.1032
3.9387,621,2.0032
3.9430,575,1.8548
3.9473,530,1.7097
3.9516,499,1.6097
3.9559,484,1.5613
3.9602,480,1.5484
3.9645,484,1.5613
3.9688,491,1.5839
3.9732,496,1.6000
3.9774,497,1.6032
3.9817,498,1.6065
3.9860,498,1.6065
3.9903,500,1.6129
3.9946,500,1.6129
3.9989,500,1.6129
4.0032,501,1.6161
4.0076,500,1.6129
4.0119,499,1.6097
4.0162,500,1.6129
4.0205,500,1.6129
4.0248,501,1.6161
4.0291,503,1.6226
4.0335,502,1.6194
4.0377,503,1.6226
4.0420,504,1.6258
4.0463,507,1.6355
4.0506,510,1.6452
4.0549,514,1.6581
4.0592,517,1.6677
4.0636,520,1.6774
4.0679,522,1.6839
4.0722,527,1.7000
4.0765,530,1.7097
4.0808,535,1.7258
4.0851,538,1.7355
4.0896,541,1.7452
4.0941,542,1.7484
4.0984,544,1.7548
4.1027,545,1.7581
4.1071,546,1.7613
4.1114,547,1.7645
4.1157,546,1.7613
4.1200,546,1.7613
4.1243,544,1.7548
4.1286,545,1.7581
4.1329,542,1.7484
4.1373,541,1.7452
4.1416,539,1.7387
4.1459,536,1.7290
4.1502,532,1.7161
4.1552,529,1.7065
4.1595,527,1.7000
4.1638,521,1.6806
4.1681,520,1.6774
4.1724,517,1.6677
4.1767,512,1.6516
4.1810,510,1.6452
4.1853,506,1.6323
4.1896,503,1.6226
4.1939,501,1.6161
4.1982,499,1.6097
4.2025,498,1.6065
4.2068,498,1.6065
4.2111,499,1.6097
4.2154,499,1.6097
4.2198,499,1.6097
4.2241,500,1.6129
4.2283,500,1.6129
4.2326,499,1.6097
4.2370,499,1.6097
4.2413,500,1.6129
4.2456,500,1.6129
4.2499,501,1.6161
4.2542,501,1.6161
4.2585,503,1.6226
4.2628,503,1.6226
4.2672,506,1.6323
4.2715,510,1.6452
4.2758,513,1.6548
4.2801,516,1.6645
4.2844,520,1.6774
4.2887,522,1.6839
4.2930,525,1.6935
4.2973,526,1.6968
4.3016,527,1.7000
4.3059,527,1.7000
4.3102,525,1.6935
4.3145,522,1.6839
4.3188,521,1.6806
4.3231,517,1.6677
4.3274,514,1.6581
4.3317,508,1.6387
4.3360,504,1.6258
4.3403,502,1.6194
4.3446,502,1.6194
4.3489,502,1.6194
4.3532,504,1.6258
4.3575,505,1.6290
4.3619,506,1.6323
4.3662,506,1.6323
4.3705,506,1.6323
4.3748,505,1.6290
4.3796,506,1.6323
4.3839,506,1.6323
4.3882,506,1.6323
4.3925,503,1.6226
4.3968,498,1.6065
4.4011,490,1.5806
4.4054,487,1.5710
4.4102,502,1.6194
4.4145,531,1.7129
4.4188,569,1.8355
4.4232,615,1.9839
4.4275,654,2.1097
4.4317,665,2.1452
4.4360,644,2.0774
4.4409,601,1.9387
4.4452,554,1.7871
4.4495,515,1.6613
4.4538,492,1.5871
4.4581,484,1.5613
4.4624,483,1.5581
4.4668,489,1.5774
4.4711,495,1.5968
4.4753,499,1.6097
4.4796,500,1.6129
4.4840,501,1.6161
4.4883,501,1.6161
4.4925,501,1.6161
4.4968,501,1.6161
4.5011,502,1.6194
4.5055,502,1.6194
4.5098,503,1.6226
4.5141,502,1.6194
4.5184,502,1.6194
4.5228,503,1.6226
4.5271,503,1.6226
4.5314,503,1.6226
4.5357,504,1.6258
4.5400,504,1.6258
4.5443,506,1.6323
4.5486,510,1.6452
4.5529,514,1.6581
4.5572,517,1.6677
4.5615,521,1.6806
4.5658,525,1.6935
4.5701,526,1.6968
4.5744,529,1.7065
4.5787,532,1.7161
4.5830,535,1.7258
4.5873,539,1.7387
4.5916,540,1.7419
4.5959,542,1.7484
4.6002,543,1.7516
4.6045,545,1.7581
4.6088,546,1.7613
4.6131,546,1.7613
4.6175,547,1.7645
4.6218,546,1.7613
4.6261,544,1.7548
4.6304,542,1.7484
4.6347,540,1.7419
4.6390,538,1.7355
4.6433,536,1.7290
4.6476,534,1.7226
4.6519,531,1.7129
4.6562,527,1.7000
4.6605,523,1.6871
4.6653,522,1.6839
4.6697,519,1.6742
4.6740,516,1.6645
4.6782,513,1.6548
4.6826,511,1.6484
4.6870,507,1.6355
4.6915,504,1.6258
4.6959,500,1.6129
4.7002,498,1.6065
4.7045,496,1.6000
4.7088,497,1.6032
4.7131,497,1.6032
4.7175,499,1.6097
4.7217,498,1.6065
4.7260,499,1.6097
4.7304,500,1.6129
4.7347,500,1.6129
4.7390,499,1.6097
4.7433,499,1.6097
4.7476,500,1.6129
4.7520,501,1.6161
4.7563,501,1.6161
4.7605,502,1.6194
4.7648,503,1.6226
4.7692,504,1.6258
4.7735,507,1.6355
4.7778,512,1.6516
4.7821,516,1.6645
4.7864,519,1.6742
4.7907,521,1.6806
4.7950,523,1.6871
4.7993,525,1.6935
4.8036,527,1.7000
4.8084,527,1.7000
4.8130,525,1.6935
4.8173,522,1.6839
4.8216,520,1.6774
4.8258,516,1.6645
4.8301,514,1.6581
4.8344,510,1.6452
4.8386,506,1.6323
4.8429,503,1.6226
4.8472,503,1.6226
4.8514,502,1.6194
4.8557,501,1.6161
4.8599,501,1.6161
4.8642,502,1.6194
4.8684,502,1.6194
4.8727,504,1.6258
4.8770,504,1.6258
4.8813,504,1.6258
4.8855,504,1.6258
4.8898,504,1.6258
4.8940,504,1.6258
4.8983,503,1.6226
4.9025,496,1.6000
4.9068,488,1.5742
4.9111,487,1.5710
4.9153,500,1.6129
4.9197,529,1.7065
4.9240,569,1.8355
4.9283,614,1.9806
4.9326,652,2.1032
4.9369,663,2.1387
4.9412,643,2.0742
4.9455,603,1.9452
4.9498,557,1.7968
4.9540,516,1.6645
4.9583,492,1.5871
4.9626,483,1.5581
4.9669,482,1.5548
4.9712,488,1.5742
4.9755,495,1.5968
4.9798,498,1.6065
4.9842,500,1.6129
4.9886,499,1.6097
4.9931,499,1.6097
4.9975,499,1.6097
5.0023,499,1.6097
5.0067,499,1.6097
5.0130,499,1.6097
5.0175,501,1.6161
5.0219,501,1.6161
5.0263,500,1.6129
5.0306,501,1.6161
5.0349,502,1.6194
5.0391,502,1.6194
5.0434,504,1.6258
5.0477,505,1.6290
5.0520,508,1.6387
5.0562,510,1.6452
5.0608,515,1.6613
5.0651,519,1.6742
5.0694,522,1.6839
5.0736,524,1.6903
5.0779,528,1.7032
5.0822,531,1.7129
5.0864,535,1.7258
5.0907,536,1.7290
5.0949,539,1.7387
5.0992,541,1.7452
5.1034,543,1.7516
5.1077,543,1.7516
5.1120,544,1.7548
5.1163,546,1.7613
5.1205,546,1.7613
5.1248,544,1.7548
5.1291,544,1.7548
5.1334,543,1.7516
5.1376,541,1.7452
5.1419,539,1.7387
5.1461,538,1.7355
5.1504,536,1.7290
5.1547,533,1.7194
5.1589,529,1.7065
5.1632,526,1.6968
5.1675,526,1.6968
5.1717,527,1.7000
5.1760,524,1.6903
5.1803,521,1.6806
5.1845,517,1.6677
5.1888,512,1.6516
5.1930,510,1.6452
5.1973,506,1.6323
5.2016,503,1.6226
5.2058,501,1.6161
5.2101,499,1.6097
5.2143,497,1.6032
5.2186,498,1.6065
5.2230,498,1.6065
5.2272,498,1.6065
5.2315,499,1.6097
5.2359,499,1.6097
5.2402,499,1.6097
5.2446,499,1.6097
5.2489,500,1.6129
5.2532,500,1.6129
5.2574,501,1.6161
5.2618,501,1.6161
5.2660,503,1.6226
5.2703,503,1.6226
5.2746,503,1.6226
5.2789,505,1.6290
5.2832,510,1.6452
5.2875,514,1.6581
5.2918,517,1.6677
5.2961,522,1.6839
5.3004,524,1.6903
5.3047,525,1.6935
5.3090,527,1.7000
5.3133,526,1.6968
5.3176,525,1.6935
5.3219,524,1.6903
5.3262,522,1.6839
5.3304,518,1.6710
5.3347,515,1.6613
5.3390,511,1.6484
5.3432,508,1.6387
5.3475,505,1.6290
5.3518,504,1.6258
5.3560,503,1.6226
5.3603,503,1.6226
5.3646,504,1.6258
5.3688,504,1.6258
5.3731,504,1.6258
5.3774,505,1.6290
5.3816,506,1.6323
5.3859,507,1.6355
5.3902,506,1.6323
5.3944,506,1.6323
5.3987,508,1.6387
5.4030,507,1.6355
5.4072,503,1.6226
5.4115,495,1.5968
5.4158,487,1.5710
5.4201,488,1.5742
5.4244,506,1.6323
5.4287,537,1.7323
5.4330,579,1.8677
5.4373,623,2.0097
5.4416,658,2.1226
5.4459,660,2.1290
5.4502,634,2.0452
5.4546,592,1.9097
5.4589,545,1.7581
5.4632,508,1.6387
5.4674,488,1.5742
5.4718,481,1.5516
5.4760,483,1.5581
5.4804,488,1.5742
5.4847,495,1.5968
5.4890,498,1.6065
5.4933,499,1.6097
5.4976,497,1.6032
5.5019,498,1.6065
5.5062,499,1.6097
5.5105,499,1.6097
5.5148,501,1.6161
5.5191,500,1.6129
5.5235,500,1.6129
5.5278,500,1.6129
5.5321,501,1.6161
5.5364,501,1.6161
5.5407,502,1.6194
5.5450,503,1.6226
5.5493,504,1.6258
5.5535,503,1.6226
5.5578,505,1.6290
5.5621,509,1.6419
5.5664,513,1.6548
5.5707,517,1.6677
5.5750,518,1.6710
5.5793,520,1.6774
5.5837,522,1.6839
5.5882,523,1.6871
5.5926,527,1.7000
5.6026,534,1.7226
5.6070,539,1.7387
5.6114,539,1.7387
5.6157,542,1.7484
5.6200,543,1.7516
5.6243,545,1.7581
5.6286,545,1.7581
5.6328,544,1.7548
5.6371,546,1.7613
5.6414,546,1.7613
5.6457,545,1.7581
5.6499,544,1.7548
5.6542,542,1.7484
5.6585,539,1.7387
5.6627,536,1.7290
5.6670,533,1.7194
5.6714,531,1.7129
5.6757,527,1.7000
5.6800,525,1.6935
5.6842,523,1.6871
5.6885,519,1.6742
5.6927,516,1.6645
5.6970,511,1.6484
5.7013,509,1.6419
5.7055,506,1.6323
5.7098,503,1.6226
5.7141,498,1.6065
5.7183,496,1.6000
5.7226,497,1.6032
5.7269,497,1.6032
5.7312,497,1.6032
5.7355,497,1.6032
5.7398,497,1.6032
5.7441,499,1.6097
5.7484,500,1.6129
5.7527,500,1.6129
5.7570,500,1.6129
5.7614,501,1.6161
5.7656,501,1.6161
5.7699,502,1.6194
5.7742,501,1.6161
5.7785,502,1.6194
5.7828,504,1.6258
5.7871,506,1.6323
5.7914,512,1.6516
5.7957,516,1.6645
5.8000,519,1.6742
5.8043,520,1.6774
5.8086,521,1.6806
5.8129,523,1.6871
5.8172,526,1.6968
5.8215,524,1.6903
5.8258,524,1.6903
5.8301,524,1.6903
5.8345,522,1.6839
5.8387,517,1.6677
5.8430,515,1.6613
5.8473,512,1.6516
5.8516,508,1.6387
5.8559,504,1.6258
5.8602,502,1.6194
5.8645,502,1.6194
5.8688,502,1.6194
5.8731,504,1.6258
5.8774,505,1.6290
5.8817,504,1.6258
5.8861,505,1.6290
5.8925,505,1.6290
5.8969,506,1.6323
5.9012,507,1.6355
5.9055,508,1.6387
5.9098,508,1.6387
5.9141,505,1.6290
5.9184,496,1.6000
5.9228,488,1.5742
5.9271,490,1.5806
5.9314,506,1.6323
5.9357,538,1.7355
5.9400,578,1.8645
5.9442,623,2.0097
5.9485,658,2.1226
5.9527,661,2.1323
5.9570,637,2.0548
5.9613,596,1.9226
5.9656,550,1.7742
5.9698,512,1.6516
5.9741,490,1.5806
5.9784,481,1.5516
5.9827,481,1.5516
5.9870,488,1.5742
5.9913,494,1.5935
5.9955,497,1.6032
5.9998,498,1.6065
6.0041,500,1.6129
6.0084,501,1.6161
6.0126,501,1.6161
6.0169,501,1.6161
6.0212,500,1.6129
6.0254,501,1.6161
6.0297,502,1.6194
6.0340,502,1.6194
6.0383,502,1.6194
6.0426,503,1.6226
6.0469,503,1.6226
6.0512,504,1.6258
6.0555,504,1.6258
6.0598,503,1.6226
6.0641,506,1.6323
6.0684,510,1.6452
6.0727,514,1.6581
6.0771,516,1.6645
6.0813,520,1.6774
6.0856,523,1.6871
6.0900,526,1.6968
6.0942,529,1.7065
6.0985,533,1.7194
6.1028,535,1.7258
6.1072,537,1.7323
6.1115,540,1.7419
6.1158,543,1.7516
6.1201,545,1.7581
6.1245,545,1.7581
6.1288,545,1.7581
6.1331,545,1.7581
6.1373,546,1.7613
6.1416,545,1.7581
6.1459,546,1.7613
6.1502,544,1.7548
6.1545,542,1.7484
6.1588,538,1.7355
6.1631,536,1.7290
6.1674,533,1.7194
6.1717,530,1.7097
6.1760,527,1.7000
6.1803,524,1.6903
6.1846,521,1.6806
6.1889,517,1.6677
6.1932,515,1.6613
6.1975,511,1.6484
6.2018,509,1.6419
6.2061,506,1.6323
6.2104,504,1.6258
6.2147,501,1.6161
6.2190,498,1.6065
6.2233,498,1.6065
6.2276,499,1.6097
6.2319,499,1.6097
6.2362,500,1.6129
6.2405,501,1.6161
6.2448,502,1.6194
6.2491,502,1.6194
6.2534,501,1.6161
6.2577,501,1.6161
6.2620,501,1.6161
6.2663,502,1.6194
6.2706,502,1.6194
6.2749,503,1.6226
6.2792,504,1.6258
6.2835,505,1.6290
6.2878,509,1.6419
6.2921,513,1.6548
6.2964,516,1.6645
6.3007,520,1.6774
6.3050,521,1.6806
6.3093,524,1.6903
6.3136,524,1.6903
6.3179,524,1.6903
6.3222,525,1.6935
6.3265,524,1.6903
6.3308,523,1.6871
6.3351,520,1.6774
6.3394,517,1.6677
6.3437,513,1.6548
6.3480,509,1.6419
6.3523,506,1.6323
6.3566,502,1.6194
6.3609,503,1.6226
6.3652,504,1.6258
6.3695,504,1.6258
6.3738,504,1.6258
6.3781,506,1.6323
6.3824,505,1.6290
6.3867,505,1.6290
6.3910,506,1.6323
6.3953,506,1.6323
6.3996,507,1.6355
6.4038,506,1.6323
6.4082,505,1.6290
6.4124,504,1.6258
6.4167,498,1.6065
6.4210,489,1.5774
6.4253,486,1.5677
6.4296,497,1.6032
6.4340,523,1.6871
6.4383,561,1.8097
6.4426,606,1.9548
6.4469,648,2.0903
6.4512,664,2.1419
6.4555,649,2.0935
6.4598,612,1.9742
6.4641,566,1.8258
6.4684,523,1.6871
6.4727,496,1.6000
6.4769,484,1.5613
6.4813,483,1.5581
6.4856,487,1.5710
6.4900,495,1.5968
6.4944,498,1.6065
6.4988,499,1.6097
6.5031,500,1.6129
6.5074,501,1.6161
6.5117,501,1.6161
6.5160,501,1.6161
6.5203,500,1.6129
6.5246,502,1.6194
6.5289,502,1.6194
6.5332,501,1.6161
6.5375,501,1.6161
6.5418,503,1.6226
6.5460,503,1.6226
6.5503,502,1.6194
6.5546,503,1.6226
6.5588,503,1.6226
6.5631,504,1.6258
6.5674,508,1.6387
6.5717,511,1.6484
6.5759,515,1.6613
6.5802,517,1.6677
6.5844,520,1.6774
6.5887,523,1.6871
6.5930,526,1.6968
6.5973,530,1.7097
6.6016,532,1.7161
6.6058,535,1.7258
6.6101,537,1.7323
6.6144,539,1.7387
6.6187,541,1.7452
6.6229,542,1.7484
6.6272,545,1.7581
6.6315,545,1.7581
6.6357,544,1.7548
6.6400,544,1.7548
6.6443,545,1.7581
6.6487,542,1.7484
6.6530,542,1.7484
6.6573,540,1.7419
6.6616,537,1.7323
6.6659,536,1.7290
6.6702,534,1.7226
6.6745,531,1.7129
6.6788,528,1.7032
6.6831,525,1.6935
6.6874,521,1.6806
6.6916,518,1.6710
6.6959,513,1.6548
6.7002,510,1.6452
6.7045,507,1.6355
6.7088,505,1.6290
6.7132,502,1.6194
6.7175,498,1.6065
6.7218,496,1.6000
6.7261,496,1.6000
6.7304,497,1.6032
6.7347,498,1.6065
6.7390,498,1.6065
6.7433,499,1.6097
6.7476,499,1.6097
6.7519,499,1.6097
6.7562,499,1.6097
6.7605,500,1.6129
6.7648,501,1.6161
6.7691,500,1.6129
6.7734,500,1.6129
6.7777,501,1.6161
6.7820,501,1.6161
6.7864,503,1.6226
6.7930,511,1.6484
6.7975,514,1.6581
6.8018,517,1.6677
6.8062,519,1.6742
6.8105,522,1.6839
6.8149,525,1.6935
6.8192,525,1.6935
6.8236,525,1.6935
6.8279,524,1.6903
6.8323,522,1.6839
6.8366,521,1.6806
6.8409,519,1.6742
6.8452,515,1.6613
6.8495,512,1.6516
6.8538,508,1.6387
6.8581,504,1.6258
6.8624,502,1.6194
6.8667,503,1.6226
6.8710,504,1.6258
6.8753,505,1.6290
6.8795,505,1.6290
6.8838,503,1.6226
6.8882,505,1.6290
6.8925,505,1.6290
6.8968,505,1.6290
6.9010,504,1.6258
6.9054,505,1.6290
6.9096,505,1.6290
6.9139,505,1.6290
6.9182,500,1.6129
6.9225,492,1.5871
6.9269,484,1.5613
6.9311,491,1.5839
6.9355,512,1.6516
6.9398,547,1.7645
6.9441,592,1.9097
6.9485,636,2.0516
6.9528,664,2.1419
6.9572,658,2.1226
6.9615,624,2.0129
6.9658,581,1.8742
6.9702,534,1.7226
6.9745,502,1.6194
6.9788,486,1.5677
6.9831,482,1.5548
6.9875,485,1.5645
6.9918,491,1.5839
6.9962,496,1.6000
7.0005,498,1.6065
7.0048,499,1.6097
7.0092,500,1.6129
7.0135,500,1.6129
7.0178,500,1.6129
7.0222,502,1.6194
7.0265,502,1.6194
7.0308,502,1.6194
7.0352,500,1.6129
7.0395,501,1.6161
7.0438,501,1.6161
7.0481,503,1.6226
7.0524,502,1.6194
7.0567,502,1.6194
7.0610,502,1.6194
7.0653,504,1.6258
7.0696,508,1.6387
7.0739,512,1.6516
7.0782,515,1.6613
7.0824,519,1.6742
7.0867,522,1.6839
7.0911,525,1.6935
7.0953,528,1.7032
7.0996,532,1.7161
7.1039,536,1.7290
7.1082,537,1.7323
7.1125,540,1.7419
7.1168,541,1.7452
7.1211,543,1.7516
7.1255,544,1.7548
7.1298,544,1.7548
7.1341,544,1.7548
7.1384,544,1.7548
7.1428,545,1.7581
7.1471,544,1.7548
7.1515,543,1.7516
7.1558,542,1.7484
7.1602,538,1.7355
7.1645,538,1.7355
7.1688,536,1.7290
7.1732,532,1.7161
7.1775,529,1.7065
7.1818,525,1.6935
7.1861,523,1.6871
7.1905,520,1.6774
7.1948,517,1.6677
7.1992,513,1.6548
7.2035,510,1.6452
7.2078,506,1.6323
7.2122,503,1.6226
7.2165,500,1.6129
7.2208,498,1.6065
7.2252,498,1.6065
7.2295,498,1.6065
7.2339,498,1.6065
7.2382,499,1.6097
7.2425,500,1.6129
7.2468,501,1.6161
7.2511,501,1.6161
7.2554,503,1.6226
7.2597,501,1.6161
7.2640,502,1.6194
7.2683,502,1.6194
7.2726,502,1.6194
7.2769,502,1.6194
7.2812,503,1.6226
7.2855,503,1.6226
7.2898,507,1.6355
7.2941,511,1.6484
7.2984,516,1.6645
7.3027,518,1.6710
7.3070,521,1.6806
7.3113,523,1.6871
7.3156,525,1.6935
7.3199,526,1.6968
7.3242,528,1.7032
7.3285,527,1.7000
7.3328,525,1.6935
7.3371,523,1.6871
7.3414,518,1.6710
7.3458,517,1.6677
7.3501,512,1.6516
7.3545,509,1.6419
7.3588,506,1.6323
7.3631,503,1.6226
7.3675,503,1.6226
7.3718,504,1.6258
7.3761,504,1.6258
7.3805,504,1.6258
7.3848,505,1.6290
7.3893,506,1.6323
7.3938,505,1.6290
7.3983,507,1.6355
7.4026,507,1.6355
7.4070,508,1.6387
7.4113,508,1.6387
7.4157,506,1.6323
7.4200,499,1.6097
7.4244,490,1.5806
7.4287,487,1.5710
7.4330,498,1.6065
7.4375,526,1.6968
7.4418,565,1.8226
7.4461,611,1.9710
7.4504,652,2.1032
7.4547,664,2.1419
7.4590,647,2.0871
7.4633,608,1.9613
7.4680,557,1.7968
7.4723,516,1.6645
7.4766,492,1.5871
7.4809,481,1.5516
7.4852,481,1.5516
7.4895,486,1.5677
7.4938,493,1.5903
7.4981,496,1.6000
7.5024,499,1.6097
7.5067,499,1.6097
7.5110,499,1.6097
7.5153,500,1.6129
7.5196,501,1.6161
7.5240,500,1.6129
7.5283,501,1.6161
7.5326,501,1.6161
7.5368,501,1.6161
7.5411,501,1.6161
7.5455,501,1.6161
7.5498,502,1.6194
7.5541,503,1.6226
7.5584,503,1.6226
7.5627,504,1.6258
7.5670,507,1.6355
7.5713,509,1.6419
7.5756,513,1.6548
7.5799,516,1.6645
7.5842,517,1.6677
7.5885,518,1.6710
7.5928,519,1.6742
7.5971,523,1.6871
7.6014,526,1.6968
7.6057,530,1.7097
7.6100,533,1.7194
7.6143,536,1.7290
7.6186,539,1.7387
7.6229,542,1.7484
7.6272,543,1.7516
7.6315,544,1.7548
7.6358,544,1.7548
7.6401,544,1.7548
7.6444,544,1.7548
7.6488,546,1.7613
7.6531,546,1.7613
7.6574,543,1.7516
7.6618,542,1.7484
7.6661,541,1.7452
7.6704,540,1.7419
7.6748,538,1.7355
7.6791,533,1.7194
7.6834,529,1.7065
7.6878,526,1.6968
7.6930,523,1.6871
7.6974,518,1.6710
7.7018,515,1.6613
7.7062,511,1.6484
7.7106,510,1.6452
7.7149,507,1.6355
7.7192,504,1.6258
7.7236,500,1.6129
7.7279,497,1.6032
7.7322,497,1.6032
7.7366,498,1.6065
7.7409,498,1.6065
7.7453,500,1.6129
7.7497,501,1.6161
7.7540,499,1.6097
7.7583,499,1.6097
7.7626,500,1.6129
7.7670,502,1.6194
7.7713,502,1.6194
7.7757,501,1.6161
7.7800,501,1.6161
7.7843,501,1.6161
7.7886,501,1.6161
7.7930,503,1.6226
7.7973,507,1.6355
7.8016,511,1.6484
7.8060,514,1.6581
7.8103,518,1.6710
7.8146,520,1.6774
7.8191,523,1.6871
7.8235,525,1.6935
7.8279,526,1.6968
7.8322,526,1.6968
7.8365,524,1.6903
7.8409,522,1.6839
7.8452,521,1.6806
7.8495,517,1.6677
7.8538,515,1.6613
7.8581,510,1.6452
7.8624,506,1.6323
7.8667,503,1.6226
7.8710,503,1.6226
7.8753,504,1.6258
7.8796,503,1.6226
7.8838,504,1.6258
7.8881,505,1.6290
7.8924,505,1.6290
7.8967,504,1.6258
7.9010,505,1.6290
7.9053,506,1.6323
7.9096,506,1.6323
7.9139,506,1.6323
7.9182,506,1.6323
7.9225,504,1.6258
7.9268,497,1.6032
7.9311,491,1.5839
7.9354,487,1.5710
7.9397,497,1.6032
7.9440,523,1.6871
7.9483,561,1.8097
7.9526,606,1.9548
7.9571,647,2.0871
7.9615,664,2.1419
7.9658,647,2.0871
7.9701,608,1.9613
7.9745,561,1.8097
7.9788,518,1.6710
7.9831,493,1.5903
7.9874,482,1.5548
7.9918,482,1.5548
7.9961,487,1.5710
8.0004,493,1.5903
8.0048,497,1.6032
8.0091,498,1.6065
8.0134,499,1.6097
8.0177,499,1.6097
8.0221,498,1.6065
8.0264,499,1.6097
8.0308,499,1.6097
8.0351,500,1.6129
8.0394,500,1.6129
8.0439,500,1.6129
8.0482,501,1.6161
8.0525,501,1.6161
8.0568,502,1.6194
8.0611,502,1.6194
8.0654,502,1.6194
8.0697,503,1.6226
8.0740,506,1.6323
8.0783,510,1.6452
8.0826,513,1.6548
8.0868,515,1.6613
8.0911,518,1.6710
8.0954,522,1.6839
8.0997,524,1.6903
8.1040,528,1.7032
8.1083,531,1.7129
8.1126,535,1.7258
8.1169,536,1.7290
8.1212,539,1.7387
8.1255,541,1.7452
8.1298,543,1.7516
8.1341,543,1.7516
8.1384,545,1.7581
8.1427,545,1.7581
8.1470,546,1.7613
8.1514,546,1.7613
8.1557,544,1.7548
8.1601,543,1.7516
8.1644,541,1.7452
8.1687,539,1.7387
8.1730,537,1.7323
8.1774,535,1.7258
8.1817,532,1.7161
8.1860,528,1.7032
8.1904,525,1.6935
8.1947,521,1.6806
8.1990,518,1.6710
8.2034,515,1.6613
8.2077,511,1.6484
8.2120,509,1.6419
8.2163,505,1.6290
8.2207,501,1.6161
8.2250,498,1.6065
8.2294,498,1.6065
8.2337,498,1.6065
8.2380,498,1.6065
8.2424,498,1.6065
8.2467,499,1.6097
8.2510,499,1.6097
8.2553,500,1.6129
8.2596,500,1.6129
8.2639,500,1.6129
8.2682,500,1.6129
8.2725,500,1.6129
8.2768,501,1.6161
8.2811,503,1.6226
8.2855,503,1.6226
8.2899,501,1.6161
8.2943,502,1.6194
8.2987,507,1.6355
8.3030,510,1.6452
8.3073,514,1.6581
8.3116,518,1.6710
8.3159,521,1.6806
8.3202,523,1.6871
8.3245,525,1.6935
8.3288,525,1.6935
8.3331,526,1.6968
8.3374,525,1.6935
8.3417,525,1.6935
8.3461,523,1.6871
8.3504,520,1.6774
8.3547,516,1.6645
8.3590,511,1.6484
8.3633,507,1.6355
8.3676,504,1.6258
8.3718,503,1.6226
8.3761,503,1.6226
8.3804,503,1.6226
8.3847,505,1.6290
8.3890,506,1.6323
8.3933,506,1.6323
8.3976,506,1.6323
8.4019,505,1.6290
8.4062,504,1.6258
8.4105,506,1.6323
8.4148,506,1.6323
8.4191,506,1.6323
8.4235,504,1.6258
8.4278,498,1.6065
8.4321,490,1.5806
8.4364,485,1.5645
8.4407,497,1.6032
8.4450,521,1.6806
8.4493,559,1.8032
8.4537,605,1.9516
8.4580,647,2.0871
8.4623,664,2.1419
8.4667,647,2.0871
8.4710,610,1.9677
8.4753,563,1.8161
8.4796,521,1.6806
8.4840,496,1.6000
8.4883,483,1.5581
8.4926,482,1.5548
8.4970,487,1.5710
8.5013,493,1.5903
8.5057,498,1.6065
8.5100,500,1.6129
8.5143,500,1.6129
8.5188,500,1.6129
8.5232,501,1.6161
8.5275,502,1.6194
8.5318,500,1.6129
8.5361,501,1.6161
8.5404,501,1.6161
8.5447,502,1.6194
8.5490,502,1.6194
8.5538,502,1.6194
8.5581,501,1.6161
8.5623,501,1.6161
8.5666,502,1.6194
8.5709,502,1.6194
8.5752,504,1.6258
8.5794,509,1.6419
8.5837,512,1.6516
8.5880,516,1.6645
8.5925,520,1.6774
8.5968,522,1.6839
8.6012,525,1.6935
8.6056,529,1.7065
8.6100,531,1.7129
8.6142,534,1.7226
8.6185,536,1.7290
8.6227,539,1.7387
8.6270,542,1.7484
8.6313,542,1.7484
8.6356,545,1.7581
8.6399,547,1.7645
8.6442,546,1.7613
8.6485,547,1.7645
8.6529,547,1.7645
8.6572,547,1.7645
8.6615,545,1.7581
8.6658,542,1.7484
8.6701,540,1.7419
8.6744,536,1.7290
8.6787,534,1.7226
8.6830,532,1.7161
8.6873,529,1.7065
8.6916,526,1.6968
8.6959,524,1.6903
8.7002,522,1.6839
8.7045,518,1.6710
8.7088,515,1.6613
8.7132,511,1.6484
8.7175,509,1.6419
8.7218,506,1.6323
8.7261,503,1.6226
8.7304,500,1.6129
8.7347,499,1.6097
8.7390,497,1.6032
8.7433,499,1.6097
8.7476,499,1.6097
8.7519,500,1.6129
8.7562,500,1.6129
8.7605,500,1.6129
8.7648,501,1.6161
8.7691,502,1.6194
8.7734,502,1.6194
8.7777,502,1.6194
8.7820,501,1.6161
8.7863,502,1.6194
8.7907,503,1.6226
8.7951,502,1.6194
8.7994,503,1.6226
8.8037,506,1.6323
8.8080,510,1.6452
8.8123,515,1.6613
8.8166,518,1.6710
8.8209,520,1.6774
8.8252,523,1.6871
8.8295,525,1.6935
8.8338,526,1.6968
8.8381,526,1.6968
8.8424,525,1.6935
8.8467,523,1.6871
8.8510,522,1.6839
8.8553,519,1.6742
8.8597,515,1.6613
8.8640,512,1.6516
8.8683,507,1.6355
8.8728,504,1.6258
8.8772,503,1.6226
8.8815,503,1.6226
8.8858,503,1.6226
8.8901,503,1.6226
8.8944,504,1.6258
8.8987,504,1.6258
8.9032,505,1.6290
8.9075,505,1.6290
8.9118,506,1.6323
8.9161,507,1.6355
8.9204,507,1.6355
8.9247,506,1.6323
8.9290,505,1.6290
8.9333,499,1.6097
8.9376,491,1.5839
8.9419,487,1.5710
8.9462,499,1.6097
8.9505,527,1.7000
8.9548,566,1.8258
8.9591,612,1.9742
8.9634,651,2.1000
8.9677,664,2.1419
8.9720,649,2.0935
8.9763,609,1.9645
8.9806,561,1.8097
8.9849,519,1.6742
8.9892,494,1.5935
8.9935,484,1.5613
8.9978,482,1.5548
9.0022,487,1.5710
9.0065,493,1.5903
9.0108,498,1.6065
9.0151,500,1.6129
9.0195,500,1.6129
9.0239,500,1.6129
9.0282,501,1.6161
9.0325,501,1.6161
9.0368,502,1.6194
9.0411,501,1.6161
9.0454,502,1.6194
9.0497,503,1.6226
9.0542,504,1.6258
9.0585,503,1.6226
9.0630,502,1.6194
9.0673,503,1.6226
9.0715,503,1.6226
9.0758,503,1.6226
9.0801,506,1.6323
9.0845,511,1.6484
9.0888,514,1.6581
9.0930,517,1.6677
9.0974,519,1.6742
9.1018,521,1.6806
9.1061,526,1.6968
9.1104,529,1.7065
9.1147,532,1.7161
9.1191,535,1.7258
9.1234,537,1.7323
9.1278,540,1.7419
9.1321,541,1.7452
9.1364,544,1.7548
9.1407,543,1.7516
9.1450,544,1.7548
9.1493,545,1.7581
9.1536,546,1.7613
9.1579,545,1.7581
9.1627,544,1.7548
9.1671,542,1.7484
9.1714,542,1.7484
9.1757,539,1.7387
9.1800,537,1.7323
9.1847,534,1.7226
9.1891,530,1.7097
9.1936,526,1.6968
9.1980,523,1.6871
9.2023,520,1.6774
9.2067,518,1.6710
9.2110,514,1.6581
9.2153,511,1.6484
9.2201,508,1.6387
9.2245,505,1.6290
9.2288,502,1.6194
9.2331,498,1.6065
9.2374,497,1.6032
9.2417,498,1.6065
9.2460,499,1.6097
9.2503,499,1.6097
9.2547,500,1.6129
9.2590,500,1.6129
9.2633,500,1.6129
9.2676,500,1.6129
9.2719,500,1.6129
9.2762,500,1.6129
9.2805,501,1.6161
9.2848,503,1.6226
9.2891,501,1.6161
9.2934,501,1.6161
9.2977,503,1.6226
9.3020,502,1.6194
9.3063,505,1.6290
9.3107,508,1.6387
9.3149,512,1.6516
9.3192,518,1.6710
9.3237,521,1.6806
9.3280,523,1.6871
9.3323,524,1.6903
9.3370,525,1.6935
9.3413,526,1.6968
9.3457,527,1.7000
9.3500,525,1.6935
9.3543,523,1.6871
9.3586,522,1.6839
9.3630,519,1.6742
9.3673,515,1.6613
9.3715,510,1.6452
9.3758,507,1.6355
9.3801,504,1.6258
9.3843,503,1.6226
9.3886,504,1.6258
9.3929,504,1.6258
9.3971,506,1.6323
9.4014,507,1.6355
9.4056,506,1.6323
9.4099,506,1.6323
9.4141,506,1.6323
9.4184,506,1.6323
9.4227,505,1.6290
9.4269,507,1.6355
9.4312,507,1.6355
9.4354,503,1.6226
9.4397,497,1.6032
9.4439,488,1.5742
9.4482,490,1.5806
9.4525,505,1.6290
9.4567,536,1.7290
9.4610,577,1.8613
9.4653,621,2.0032
9.4696,656,2.1161
9.4739,663,2.1387
9.4782,638,2.0581
9.4825,596,1.9226
9.4868,549,1.7710
9.4912,509,1.6419
9.4955,487,1.5710
9.4999,480,1.5484
9.5042,483,1.5581
9.5085,488,1.5742
9.5128,494,1.5935
9.5171,498,1.6065
9.5214,499,1.6097
9.5256,499,1.6097
9.5299,499,1.6097
9.5342,499,1.6097
9.5385,500,1.6129
9.5428,499,1.6097
9.5471,500,1.6129
9.5514,501,1.6161
9.5557,501,1.6161
9.5600,502,1.6194
9.5643,502,1.6194
9.5686,502,1.6194
9.5728,504,1.6258
9.5771,504,1.6258
9.5814,504,1.6258
9.5856,505,1.6290
9.5899,509,1.6419
9.5942,512,1.6516
9.5984,515,1.6613
9.6027,518,1.6710
9.6070,521,1.6806
9.6113,525,1.6935
9.6155,528,1.7032
9.6198,530,1.7097
9.6240,534,1.7226
9.6283,537,1.7323
9.6326,540,1.7419
9.6368,541,1.7452
9.6411,541,1.7452
9.6454,543,1.7516
9.6496,544,1.7548
9.6539,545,1.7581
9.6582,546,1.7613
9.6625,546,1.7613
9.6668,543,1.7516
9.6711,543,1.7516
9.6754,541,1.7452
9.6797,539,1.7387
9.6840,537,1.7323
9.6883,535,1.7258
9.6926,531,1.7129
9.6969,528,1.7032
9.7012,525,1.6935
9.7055,523,1.6871
9.7098,519,1.6742
9.7141,517,1.6677
9.7184,513,1.6548
9.7227,510,1.6452
9.7270,507,1.6355
9.7313,503,1.6226
9.7356,500,1.6129
9.7399,499,1.6097
9.7442,498,1.6065
9.7484,499,1.6097
9.7527,499,1.6097
9.7571,498,1.6065
9.7614,499,1.6097
9.7657,499,1.6097
9.7699,498,1.6065
9.7742,500,1.6129
9.7785,499,1.6097
9.7828,501,1.6161
9.7872,501,1.6161
9.7914,501,1.6161
9.7957,500,1.6129
9.8000,501,1.6161
9.8043,504,1.6258
9.8086,507,1.6355
9.8129,512,1.6516
9.8172,515,1.6613
9.8215,519,1.6742
9.8258,523,1.6871
9.8301,525,1.6935
9.8344,525,1.6935
9.8386,526,1.6968
9.8429,526,1.6968
9.8472,525,1.6935
9.8515,524,1.6903
9.8558,521,1.6806
9.8601,517,1.6677
9.8644,513,1.6548
9.8687,511,1.6484
9.8730,507,1.6355
9.8773,504,1.6258
9.8816,503,1.6226
9.8858,503,1.6226
9.8902,503,1.6226
9.8944,504,1.6258
9.8987,504,1.6258
9.9030,505,1.6290
9.9073,504,1.6258
9.9116,505,1.6290
9.9159,505,1.6290
9.9202,505,1.6290
9.9246,506,1.6323
9.9288,506,1.6323
9.9331,505,1.6290
9.9374,500,1.6129
9.9417,491,1.5839
9.9460,486,1.5677
9.9503,494,1.5935
9.9546,518,1.6710
9.9589,555,1.7903
9.9632,600,1.9355
9.9675,641,2.0677
9.9718,663,2.1387
9.9760,653,2.1065
9.9803,618,1.9935
9.9846,573,1.8484
9.9889,528,1.7032
9.9932,498,1.6065
9.9975,485,1.5645
10.0018,483,1.5581
10.0061,487,1.5710
10.0104,492,1.5871
10.0149,498,1.6065
10.0194,499,1.6097
10.0238,500,1.6129
10.0283,499,1.6097
10.0326,500,1.6129
10.0369,499,1.6097
10.0413,500,1.6129
10.0456,500,1.6129
10.0499,500,1.6129
10.0542,502,1.6194
10.0585,501,1.6161
10.0628,502,1.6194
10.0671,502,1.6194
10.0714,504,1.6258
10.0757,504,1.6258
10.0799,505,1.6290
10.0842,505,1.6290
10.0885,508,1.6387
10.0929,511,1.6484
10.0973,515,1.6613
10.1016,519,1.6742
10.1058,523,1.6871
10.1101,525,1.6935
10.1144,528,1.7032
10.1187,531,1.7129
10.1229,532,1.7161
10.1272,537,1.7323
10.1315,538,1.7355
10.1358,540,1.7419
10.1401,542,1.7484
10.1443,543,1.7516
10.1486,543,1.7516
10.1529,544,1.7548
10.1571,546,1.7613
10.1614,545,1.7581
10.1656,544,1.7548
10.1699,542,1.7484
10.1741,541,1.7452
10.1784,541,1.7452
10.1826,539,1.7387
10.1869,536,1.7290
10.1912,534,1.7226
10.1954,530,1.7097
10.1997,526,1.6968
10.2040,524,1.6903
10.2082,520,1.6774
10.2125,517,1.6677
10.2168,514,1.6581
10.2210,509,1.6419
10.2253,507,1.6355
10.2296,504,1.6258
10.2338,502,1.6194
10.2381,500,1.6129
10.2423,499,1.6097
10.2466,499,1.6097
10.2509,498,1.6065
10.2552,498,1.6065
10.2595,498,1.6065
10.2637,498,1.6065
10.2680,499,1.6097
10.2723,500,1.6129
10.2766,500,1.6129
10.2809,500,1.6129
10.2852,500,1.6129
10.2895,501,1.6161
10.2938,502,1.6194
10.2980,501,1.6161
10.3023,502,1.6194
10.3066,505,1.6290
10.3109,509,1.6419
10.3152,513,1.6548
10.3195,516,1.6645
10.3238,520,1.6774
10.3281,522,1.6839
10.3324,525,1.6935
10.3367,525,1.6935
10.3410,525,1.6935
10.3453,526,1.6968
10.3496,525,1.6935
10.3539,523,1.6871
10.3582,519,1.6742
10.3625,516,1.6645
10.3668,514,1.6581
10.3711,512,1.6516
10.3754,507,1.6355
10.3797,505,1.6290
10.3840,505,1.6290
10.3883,505,1.6290
10.3927,505,1.6290
10.3972,505,1.6290
10.4015,505,1.6290
10.4058,506,1.6323
10.4101,506,1.6323
10.4144,505,1.6290
10.4187,505,1.6290
10.4230,506,1.6323
10.4275,506,1.6323
10.4318,507,1.6355
10.4361,503,1.6226
10.4404,494,1.5935
10.4447,486,1.5677
10.4490,490,1.5806
10.4533,509,1.6419
10.4576,543,1.7516
10.4619,586,1.8903
10.4663,631,2.0355
10.4706,661,2.1323
10.4748,660,2.1290
10.4791,632,2.0387
10.4835,587,1.8935
10.4877,542,1.7484
10.4920,506,1.6323
10.4963,488,1.5742
10.5005,482,1.5548
10.5048,484,1.5613
10.5091,491,1.5839
10.5133,495,1.5968
10.5176,498,1.6065
10.5219,499,1.6097
10.5262,498,1.6065
10.5304,499,1.6097
10.5347,500,1.6129
10.5389,500,1.6129
10.5432,501,1.6161
10.5474,501,1.6161
10.5517,501,1.6161
10.5560,501,1.6161
10.5602,502,1.6194
10.5645,502,1.6194
10.5687,502,1.6194
10.5730,503,1.6226
10.5773,502,1.6194
10.5816,504,1.6258
10.5859,505,1.6290
10.5901,508,1.6387
10.5944,511,1.6484
10.5987,515,1.6613
10.6030,518,1.6710
10.6073,519,1.6742
10.6116,522,1.6839
10.6159,525,1.6935
10.6202,528,1.7032
10.6245,531,1.7129
10.6288,534,1.7226
10.6331,538,1.7355
10.6373,540,1.7419
10.6416,544,1.7548
10.6459,545,1.7581
10.6502,546,1.7613
10.6545,546,1.7613
10.6587,546,1.7613
10.6630,547,1.7645
10.6673,546,1.7613
10.6716,545,1.7581
10.6758,544,1.7548
10.6801,542,1.7484
10.6844,540,1.7419
10.6887,538,1.7355
10.6929,534,1.7226
10.6972,530,1.7097
10.7015,528,1.7032
10.7058,525,1.6935
10.7100,521,1.6806
10.7143,516,1.6645
10.7186,513,1.6548
10.7229,510,1.6452
10.7272,508,1.6387
10.7315,505,1.6290
10.7358,503,1.6226
10.7401,500,1.6129
10.7444,497,1.6032
10.7487,496,1.6000
10.7530,496,1.6000
10.7573,498,1.6065
10.7616,499,1.6097
10.7658,498,1.6065
10.7702,499,1.6097
10.7745,499,1.6097
10.7788,499,1.6097
10.7831,499,1.6097
10.7874,500,1.6129
10.7917,501,1.6161
10.7960,501,1.6161
10.8002,502,1.6194
10.8045,502,1.6194
10.8088,503,1.6226
10.8131,506,1.6323
10.8174,510,1.6452
10.8217,512,1.6516
10.8260,517,1.6677
10.8303,518,1.6710
10.8346,521,1.6806
10.8389,524,1.6903
10.8432,525,1.6935
10.8475,524,1.6903
10.8518,523,1.6871
10.8561,521,1.6806
10.8604,519,1.6742
10.8647,517,1.6677
10.8689,516,1.6645
10.8732,511,1.6484
10.8776,508,1.6387
10.8819,504,1.6258
10.8862,503,1.6226
10.8904,503,1.6226
10.8948,503,1.6226
10.8991,503,1.6226
10.9033,503,1.6226
10.9076,504,1.6258
10.9119,504,1.6258
10.9162,505,1.6290
10.9205,505,1.6290
10.9248,506,1.6323
10.9291,506,1.6323
10.9334,506,1.6323
10.9377,505,1.6290
10.9419,499,1.6097
10.9462,491,1.5839
10.9505,486,1.5677
10.9548,492,1.5871
10.9591,515,1.6613
10.9634,550,1.7742
10.9677,593,1.9129
10.9720,638,2.0581
10.9763,664,2.1419
10.9806,658,2.1226
10.9849,624,2.0129
10.9892,578,1.8645
10.9937,531,1.7129
10.9981,499,1.6097
11.0024,485,1.5645
11.0067,480,1.5484
11.0110,481,1.5516
11.0153,488,1.5742
11.0196,494,1.5935
11.0239,498,1.6065
11.0282,499,1.6097
11.0325,499,1.6097
11.0368,500,1.6129
11.0411,500,1.6129
11.0454,500,1.6129
11.0496,502,1.6194
11.0539,502,1.6194
11.0582,503,1.6226
11.0625,502,1.6194
11.0668,501,1.6161
11.0711,503,1.6226
11.0754,503,1.6226
11.0797,503,1.6226
11.0840,504,1.6258
11.0882,504,1.6258
11.0925,505,1.6290
11.0967,507,1.6355
11.1010,511,1.6484
11.1053,515,1.6613
11.1095,518,1.6710
11.1138,523,1.6871
11.1180,526,1.6968
11.1223,529,1.7065
11.1266,531,1.7129
11.1312,535,1.7258
11.1355,538,1.7355
11.1398,540,1.7419
11.1441,543,1.7516
11.1483,544,1.7548
11.1526,545,1.7581
11.1568,545,1.7581
11.1611,545,1.7581
11.1653,545,1.7581
11.1696,546,1.7613
11.1738,545,1.7581
11.1781,545,1.7581
11.1824,542,1.7484
11.1867,540,1.7419
11.1910,539,1.7387
11.1953,536,1.7290
11.1997,534,1.7226
11.2040,532,1.7161
11.2083,528,1.7032
11.2126,526,1.6968
11.2169,524,1.6903
11.2211,519,1.6742
11.2255,516,1.6645
11.2298,513,1.6548
11.2341,511,1.6484
11.2383,508,1.6387
11.2426,505,1.6290
11.2469,502,1.6194
11.2512,498,1.6065
11.2556,497,1.6032
11.2599,496,1.6000
11.2642,496,1.6000
11.2684,497,1.6032
11.2727,498,1.6065
11.2770,499,1.6097
11.2813,501,1.6161
11.2855,500,1.6129
11.2898,500,1.6129
11.2943,500,1.6129
11.2986,501,1.6161
11.3029,501,1.6161
11.3071,501,1.6161
11.3114,502,1.6194
11.3157,502,1.6194
11.3199,504,1.6258
11.3242,507,1.6355
11.3285,512,1.6516
11.3328,515,1.6613
11.3371,519,1.6742
11.3413,522,1.6839
11.3456,524,1.6903
11.3498,525,1.6935
11.3541,526,1.6968
11.3583,527,1.7000
11.3626,527,1.7000
11.3668,524,1.6903
11.3711,522,1.6839
11.3754,519,1.6742
11.3797,515,1.6613
11.3839,511,1.6484
11.3882,507,1.6355
11.3924,505,1.6290
11.3967,504,1.6258
11.4010,503,1.6226
11.4052,504,1.6258
11.4095,505,1.6290
11.4137,505,1.6290
11.4180,504,1.6258
11.4223,504,1.6258
11.4266,504,1.6258
11.4308,505,1.6290
11.4351,505,1.6290
11.4393,506,1.6323
11.4436,506,1.6323
11.4479,504,1.6258
11.4521,500,1.6129
11.4564,491,1.5839
11.4607,485,1.5645
11.4650,492,1.5871
11.4692,513,1.6548
11.4735,548,1.7677
11.4778,594,1.9161
11.4820,637,2.0548
11.4863,663,2.1387
11.4906,656,2.1161
11.4949,623,2.0097
11.4992,577,1.8613
11.5035,531,1.7129
11.5077,500,1.6129
11.5120,484,1.5613
11.5163,481,1.5516
11.5206,485,1.5645
11.5249,491,1.5839
11.5292,496,1.6000
11.5335,499,1.6097
11.5377,500,1.6129
11.5420,501,1.6161
11.5463,501,1.6161
11.5506,500,1.6129
11.5549,501,1.6161
11.5592,502,1.6194
11.5635,502,1.6194
11.5678,502,1.6194
11.5721,502,1.6194
11.5764,503,1.6226
11.5807,503,1.6226
11.5850,504,1.6258
11.5893,504,1.6258
11.5936,504,1.6258
11.5979,506,1.6323
11.6022,508,1.6387
11.6065,512,1.6516
11.6108,515,1.6613
11.6150,518,1.6710
11.6193,521,1.6806
11.6236,524,1.6903
11.6279,526,1.6968
11.6322,531,1.7129
11.6365,533,1.7194
11.6408,537,1.7323
11.6451,538,1.7355
11.6494,540,1.7419
11.6537,543,1.7516
11.6580,544,1.7548
11.6623,545,1.7581
11.6666,546,1.7613
11.6709,546,1.7613
11.6752,547,1.7645
11.6795,546,1.7613
11.6838,544,1.7548
11.6881,542,1.7484
11.6924,541,1.7452
11.6967,539,1.7387
11.7009,535,1.7258
11.7052,533,1.7194
11.7095,531,1.7129
11.7138,527,1.7000
11.7181,523,1.6871
11.7224,520,1.6774
11.7267,516,1.6645
11.7310,513,1.6548
11.7353,509,1.6419
11.7395,506,1.6323
11.7438,502,1.6194
11.7481,499,1.6097
11.7524,497,1.6032
11.7567,496,1.6000
11.7610,496,1.6000
11.7653,496,1.6000
11.7696,497,1.6032
11.7739,499,1.6097
11.7782,499,1.6097
11.7825,499,1.6097
11.7868,499,1.6097
11.7911,499,1.6097
11.7954,500,1.6129
11.7997,500,1.6129
11.8039,501,1.6161
11.8082,501,1.6161
11.8125,502,1.6194
11.8168,502,1.6194
11.8211,502,1.6194
11.8254,504,1.6258
11.8297,508,1.6387
11.8340,512,1.6516
11.8383,515,1.6613
11.8426,518,1.6710
11.8469,523,1.6871
11.8512,527,1.7000
11.8555,527,1.7000
11.8598,528,1.7032
11.8641,526,1.6968
11.8683,525,1.6935
11.8726,525,1.6935
11.8769,523,1.6871
11.8812,520,1.6774
11.8855,517,1.6677
11.8898,514,1.6581
11.8943,511,1.6484
11.8987,507,1.6355
11.9031,504,1.6258
11.9073,505,1.6290
11.9116,504,1.6258
11.9160,506,1.6323
11.9203,505,1.6290
11.9246,506,1.6323
11.9290,506,1.6323
11.9333,507,1.6355
11.9376,507,1.6355
11.9420,507,1.6355
11.9463,506,1.6323
11.9506,505,1.6290
11.9550,502,1.6194
11.9593,496,1.6000
11.9636,488,1.5742
11.9680,489,1.5774
11.9723,504,1.6258
11.9766,535,1.7258
11.9810,576,1.8581
11.9854,623,2.0097
11.9897,657,2.1194
11.9940,664,2.1419
11.9983,638,2.0581
12.0026,597,1.9258
12.0069,549,1.7710
12.0112,512,1.6516
12.0155,491,1.5839
12.0198,484,1.5613
12.0241,483,1.5581
12.0284,489,1.5774
12.0327,494,1.5935
12.0370,498,1.6065
12.0413,500,1.6129
12.0456,500,1.6129
12.0499,501,1.6161
12.0542,501,1.6161
12.0585,502,1.6194
12.0627,501,1.6161
12.0671,502,1.6194
12.0714,503,1.6226
12.0757,503,1.6226
12.0800,502,1.6194
12.0843,502,1.6194
12.0886,503,1.6226
12.0930,503,1.6226
12.0973,504,1.6258
12.1016,504,1.6258
12.1059,506,1.6323
12.1103,509,1.6419
12.1146,514,1.6581
12.1189,518,1.6710
12.1232,522,1.6839
12.1276,523,1.6871
12.1319,526,1.6968
12.1363,529,1.7065
12.1406,532,1.7161
12.1449,536,1.7290
12.1493,539,1.7387
12.1537,542,1.7484
12.1580,544,1.7548
12.1623,544,1.7548
12.1667,546,1.7613
12.1711,547,1.7645
12.1755,546,1.7613
12.1798,548,1.7677
12.1841,546,1.7613
12.1885,546,1.7613
12.1929,544,1.7548
12.1973,542,1.7484
12.2016,539,1.7387
12.2059,537,1.7323
12.2103,533,1.7194
12.2146,531,1.7129
12.2189,528,1.7032
12.2232,525,1.6935
12.2274,520,1.6774
12.2318,517,1.6677
12.2360,514,1.6581
12.2403,511,1.6484
12.2446,506,1.6323
12.2489,504,1.6258
12.2532,500,1.6129
12.2575,497,1.6032
12.2618,496,1.6000
12.2661,497,1.6032
12.2704,497,1.6032
12.2747,497,1.6032
12.2790,498,1.6065
12.2834,499,1.6097
12.2877,498,1.6065
12.2920,499,1.6097
12.2964,499,1.6097
12.3007,499,1.6097
12.3050,500,1.6129
12.3094,500,1.6129
12.3137,501,1.6161
12.3180,502,1.6194
12.3223,502,1.6194
12.3267,505,1.6290
12.3310,509,1.6419
12.3353,513,1.6548
12.3397,516,1.6645
12.3440,519,1.6742
12.3483,523,1.6871
12.3527,525,1.6935
12.3570,524,1.6903
12.3614,525,1.6935
12.3657,525,1.6935
12.3700,523,1.6871
12.3744,522,1.6839
12.3787,519,1.6742
12.3830,516,1.6645
12.3873,513,1.6548
12.3916,509,1.6419
12.3960,506,1.6323
12.4003,504,1.6258
12.4045,503,1.6226
12.4088,504,1.6258
12.4131,505,1.6290
12.4174,506,1.6323
12.4217,506,1.6323
12.4260,506,1.6323
12.4303,507,1.6355
12.4346,508,1.6387
12.4389,507,1.6355
12.4432,506,1.6323
12.4475,507,1.6355
12.4518,506,1.6323
12.4561,503,1.6226
12.4604,495,1.5968
12.4647,487,1.5710
12.4689,491,1.5839
12.4732,509,1.6419
12.4775,542,1.7484
12.4818,584,1.8839
12.4861,628,2.0258
12.4904,661,2.1323
12.4948,660,2.1290
12.4991,631,2.0355
12.5034,586,1.8903
12.5078,538,1.7355
12.5121,503,1.6226
12.5164,486,1.5677
12.5208,481,1.5516
12.5251,483,1.5581
12.5294,491,1.5839
12.5337,497,1.6032
12.5381,498,1.6065
12.5424,499,1.6097
12.5468,499,1.6097
12.5511,499,1.6097
12.5554,499,1.6097
12.5597,500,1.6129
12.5641,501,1.6161
12.5684,501,1.6161
12.5727,501,1.6161
12.5771,501,1.6161
12.5814,501,1.6161
12.5858,501,1.6161
12.5901,501,1.6161
12.5944,503,1.6226
12.5987,504,1.6258
12.6030,504,1.6258
12.6073,506,1.6323
12.6116,510,1.6452
12.6159,513,1.6548
12.6202,518,1.6710
12.6245,520,1.6774
12.6288,522,1.6839
12.6330,526,1.6968
12.6373,530,1.7097
12.6416,532,1.7161
12.6460,536,1.7290
12.6502,536,1.7290
12.6545,540,1.7419
12.6588,542,1.7484
12.6631,543,1.7516
12.6674,545,1.7581
12.6717,545,1.7581
12.6760,546,1.7613
12.6803,546,1.7613
12.6846,544,1.7548
12.6889,542,1.7484
12.6932,541,1.7452
12.6975,540,1.7419
12.7019,538,1.7355
12.7062,536,1.7290
12.7105,533,1.7194
12.7148,530,1.7097
12.7192,527,1.7000
12.7235,523,1.6871
12.7278,519,1.6742
12.7322,517,1.6677
12.7365,512,1.6516
12.7408,509,1.6419
12.7452,506,1.6323
12.7495,503,1.6226
12.7540,500,1.6129
12.7583,497,1.6032
12.7627,496,1.6000
12.7671,496,1.6000
12.7714,498,1.6065
12.7757,498,1.6065
12.7801,498,1.6065
12.7844,498,1.6065
12.7888,499,1.6097
12.7932,498,1.6065
12.7976,501,1.6161
12.8020,501,1.6161
12.8064,500,1.6129
12.8107,501,1.6161
12.8149,502,1.6194
12.8192,502,1.6194
12.8236,504,1.6258
12.8279,506,1.6323
12.8321,510,1.6452
12.8364,515,1.6613
12.8408,519,1.6742
12.8451,521,1.6806
12.8494,523,1.6871
12.8537,525,1.6935
12.8580,526,1.6968
12.8623,526,1.6968
12.8666,524,1.6903
12.8709,523,1.6871
12.8752,521,1.6806
12.8794,518,1.6710
12.8837,514,1.6581
12.8880,511,1.6484
12.8923,508,1.6387
12.8970,505,1.6290
12.9014,504,1.6258
12.9057,504,1.6258
12.9100,504,1.6258
12.9143,505,1.6290
12.9186,505,1.6290
12.9229,505,1.6290
12.9272,506,1.6323
12.9315,507,1.6355
12.9358,506,1.6323
12.9401,505,1.6290
12.9444,506,1.6323
12.9487,508,1.6387
12.9530,506,1.6323
12.9573,500,1.6129
12.9616,492,1.5871
12.9659,486,1.5677
12.9702,495,1.5968
12.9745,517,1.6677
12.9787,553,1.7839
12.9830,595,1.9194
12.9873,638,2.0581
12.9916,663,2.1387
12.9959,656,2.1161
13.0003,621,2.0032
13.0046,575,1.8548
13.0089,529,1.7065
13.0133,499,1.6097
13.0176,485,1.5645
13.0219,482,1.5548
13.0262,486,1.5677
13.0306,492,1.5871
13.0349,497,1.6032
13.0392,499,1.6097
13.0436,499,1.6097
13.0479,500,1.6129
13.0523,500,1.6129
13.0566,499,1.6097
13.0609,501,1.6161
13.0652,500,1.6129
13.0696,501,1.6161
13.0739,502,1.6194
13.0782,502,1.6194
13.0826,502,1.6194
13.0869,502,1.6194
13.0913,503,1.6226
13.0959,503,1.6226
13.1003,504,1.6258
13.1046,505,1.6290
13.1089,507,1.6355
13.1132,510,1.6452
13.1175,515,1.6613
13.1219,518,1.6710
13.1262,521,1.6806
13.1305,524,1.6903
13.1348,527,1.7000
13.1391,531,1.7129
13.1434,535,1.7258
13.1477,536,1.7290
13.1520,539,1.7387
13.1563,541,1.7452
13.1606,541,1.7452
13.1649,543,1.7516
13.1692,542,1.7484
13.1736,542,1.7484
13.1778,542,1.7484
13.1821,545,1.7581
13.1864,543,1.7516
13.1907,543,1.7516
13.1950,541,1.7452
13.1993,539,1.7387
13.2036,536,1.7290
13.2079,535,1.7258
13.2122,532,1.7161
13.2165,529,1.7065
13.2208,527,1.7000
13.2251,523,1.6871
13.2294,519,1.6742
13.2337,514,1.6581
13.2380,512,1.6516
13.2422,508,1.6387
13.2465,505,1.6290
13.2508,503,1.6226
13.2551,501,1.6161
13.2594,497,1.6032
13.2637,497,1.6032
13.2680,498,1.6065
13.2723,497,1.6032
13.2766,499,1.6097
13.2809,499,1.6097
13.2852,499,1.6097
13.2895,498,1.6065
13.2939,499,1.6097
13.2982,499,1.6097
13.3025,500,1.6129
13.3069,501,1.6161
13.3112,503,1.6226
13.3155,503,1.6226
13.3199,503,1.6226
13.3242,504,1.6258
13.3285,506,1.6323
13.3329,512,1.6516
13.3373,517,1.6677
13.3416,521,1.6806
13.3459,524,1.6903
13.3502,525,1.6935
13.3547,526,1.6968
13.3591,526,1.6968
13.3634,526,1.6968
13.3677,525,1.6935
13.3721,524,1.6903
13.3764,522,1.6839
13.3807,519,1.6742
13.3851,516,1.6645
13.3894,511,1.6484
13.3937,507,1.6355
13.3980,505,1.6290
13.4024,504,1.6258
13.4067,504,1.6258
13.4109,505,1.6290
13.4152,505,1.6290
13.4195,504,1.6258
13.4239,503,1.6226
13.4282,505,1.6290
13.4325,505,1.6290
13.4368,506,1.6323
13.4411,506,1.6323
13.4454,506,1.6323
13.4497,506,1.6323
13.4540,504,1.6258
13.4583,498,1.6065
13.4626,490,1.5806
13.4669,486,1.5677
13.4712,498,1.6065
13.4755,524,1.6903
13.4798,563,1.8161
13.4841,607,1.9581
13.4883,648,2.0903
13.4926,665,2.1452
13.4969,650,2.0968
13.5013,612,1.9742
13.5056,564,1.8194
13.5099,520,1.6774
13.5142,494,1.5935
13.5186,482,1.5548
13.5231,482,1.5548
13.5274,486,1.5677
13.5317,493,1.5903
13.5360,497,1.6032
13.5404,499,1.6097
13.5447,500,1.6129
13.5490,500,1.6129
13.5534,502,1.6194
13.5577,502,1.6194
13.5620,501,1.6161
13.5664,500,1.6129
13.5707,501,1.6161
13.5750,501,1.6161
13.5794,501,1.6161
13.5837,503,1.6226
13.5880,502,1.6194
13.5923,503,1.6226
13.5967,503,1.6226
13.6010,504,1.6258
13.6053,506,1.6323
13.6096,509,1.6419
13.6139,512,1.6516
13.6182,516,1.6645
13.6225,518,1.6710
13.6268,519,1.6742
13.6311,520,1.6774
13.6354,523,1.6871
13.6397,526,1.6968
13.6440,528,1.7032
13.6483,532,1.7161
13.6526,536,1.7290
13.6569,539,1.7387
13.6612,540,1.7419
13.6655,541,1.7452
13.6698,544,1.7548
13.6741,545,1.7581
13.6783,546,1.7613
13.6826,545,1.7581
13.6869,547,1.7645
13.6913,546,1.7613
13.6957,546,1.7613
13.7001,545,1.7581
13.7045,542,1.7484
13.7088,540,1.7419
13.7131,537,1.7323
13.7174,535,1.7258
13.7217,534,1.7226
13.7260,530,1.7097
13.7303,526,1.6968
13.7346,523,1.6871
13.7389,519,1.6742
13.7431,516,1.6645
13.7475,513,1.6548
13.7517,511,1.6484
13.7560,502,1.6194
13.7603,503,1.6226
13.7647,500,1.6129
13.7690,497,1.6032
13.7733,496,1.6000
13.7776,499,1.6097
13.7818,500,1.6129
13.7861,499,1.6097
13.7904,499,1.6097
13.7947,499,1.6097
13.7990,500,1.6129
13.8033,500,1.6129
13.8077,500,1.6129
13.8120,501,1.6161
13.8163,501,1.6161
13.8207,502,1.6194
13.8250,502,1.6194
13.8293,501,1.6161
13.8337,503,1.6226
13.8380,506,1.6323
13.8423,510,1.6452
13.8466,514,1.6581
13.8510,519,1.6742
13.8553,521,1.6806
13.8597,525,1.6935
13.8640,525,1.6935
13.8683,526,1.6968
13.8726,527,1.7000
13.8770,527,1.7000
13.8813,525,1.6935
13.8857,522,1.6839
13.8900,521,1.6806
13.8943,516,1.6645
13.8988,512,1.6516
13.9031,508,1.6387
13.9074,504,1.6258
13.9117,502,1.6194
13.9160,503,1.6226
13.9203,503,1.6226
13.9246,504,1.6258
13.9289,505,1.6290
13.9332,505,1.6290
13.9375,505,1.6290
13.9418,505,1.6290
13.9461,504,1.6258
13.9504,505,1.6290
13.9547,506,1.6323
13.9590,506,1.6323
13.9633,502,1.6194
13.9676,497,1.6032
13.9719,490,1.5806
13.9762,487,1.5710
13.9805,495,1.5968
13.9848,518,1.6710
13.9891,556,1.7935
13.9935,601,1.9387
13.9979,644,2.0774
14.0023,665,2.1452
14.0067,651,2.1000
14.0110,614,1.9806
14.0153,568,1.8323
14.0196,523,1.6871
14.0239,497,1.6032
14.0281,485,1.5645
14.0324,481,1.5516
14.0367,487,1.5710
14.0410,494,1.5935
14.0453,497,1.6032
14.0496,499,1.6097
14.0539,500,1.6129
14.0582,500,1.6129
14.0625,499,1.6097
14.0670,500,1.6129
14.0713,500,1.6129
14.0756,501,1.6161
14.0799,501,1.6161
14.0842,501,1.6161
14.0885,503,1.6226
14.0928,504,1.6258
14.0972,504,1.6258
14.1015,504,1.6258
14.1058,504,1.6258
14.1101,504,1.6258
14.1144,505,1.6290
14.1188,508,1.6387
14.1234,511,1.6484
14.1277,517,1.6677
14.1320,520,1.6774
14.1364,523,1.6871
14.1407,526,1.6968
14.1450,529,1.7065
14.1494,532,1.7161
14.1537,535,1.7258
14.1580,538,1.7355
14.1624,540,1.7419
14.1667,542,1.7484
14.1710,543,1.7516
14.1753,544,1.7548
14.1797,545,1.7581
14.1840,544,1.7548
14.1883,545,1.7581
14.1927,545,1.7581
14.1970,543,1.7516
14.2014,542,1.7484
14.2057,540,1.7419
14.2100,538,1.7355
14.2143,537,1.7323
14.2186,534,1.7226
14.2229,532,1.7161
14.2272,528,1.7032
14.2315,525,1.6935
14.2358,520,1.6774
14.2401,516,1.6645
14.2444,513,1.6548
14.2487,511,1.6484
14.2529,508,1.6387
14.2572,505,1.6290
14.2616,503,1.6226
14.2658,499,1.6097
14.2701,498,1.6065
14.2744,498,1.6065
14.2787,498,1.6065
14.2830,498,1.6065
14.2873,498,1.6065
14.2916,499,1.6097
14.2959,500,1.6129
14.3002,500,1.6129
14.3045,501,1.6161
14.3088,501,1.6161
14.3131,501,1.6161
14.3174,502,1.6194
14.3218,502,1.6194
14.3262,503,1.6226
14.3305,504,1.6258
14.3348,504,1.6258
14.3391,505,1.6290
14.3435,508,1.6387
14.3478,512,1.6516
14.3521,516,1.6645
14.3565,518,1.6710
14.3608,522,1.6839
14.3651,523,1.6871
14.3695,525,1.6935
14.3738,526,1.6968
14.3781,526,1.6968
14.3824,525,1.6935
14.3868,523,1.6871
14.3911,520,1.6774
14.3954,519,1.6742
14.3998,515,1.6613
14.4042,512,1.6516
14.4085,508,1.6387
14.4128,506,1.6323
14.4172,504,1.6258
14.4215,505,1.6290
14.4258,505,1.6290
14.4301,505,1.6290
14.4344,505,1.6290
14.4387,505,1.6290
14.4430,505,1.6290
14.4473,505,1.6290
14.4516,505,1.6290
14.4559,505,1.6290
14.4602,505,1.6290
14.4645,506,1.6323
14.4688,504,1.6258
14.4730,497,1.6032
14.4773,490,1.5806
14.4816,485,1.5645
14.4859,494,1.5935
14.4902,520,1.6774
14.4945,558,1.8000
14.4988,602,1.9419
14.5031,644,2.0774
14.5074,661,2.1323
14.5118,647,2.0871
14.5161,613,1.9774
14.5204,564,1.8194
14.5248,520,1.6774
14.5291,494,1.5935
14.5334,482,1.5548
14.5378,482,1.5548
14.5421,487,1.5710
14.5464,493,1.5903
14.5507,496,1.6000
14.5551,498,1.6065
14.5594,499,1.6097
14.5638,499,1.6097
14.5681,500,1.6129
14.5724,502,1.6194
14.5768,502,1.6194
14.5811,502,1.6194
14.5854,503,1.6226
14.5898,502,1.6194
14.5942,503,1.6226
14.5987,502,1.6194
14.6031,503,1.6226
14.6075,503,1.6226
14.6118,502,1.6194
14.6161,503,1.6226
14.6204,505,1.6290
14.6247,507,1.6355
14.6290,511,1.6484
14.6333,516,1.6645
14.6376,519,1.6742
14.6419,521,1.6806
14.6462,526,1.6968
14.6505,529,1.7065
14.6548,533,1.7194
14.6591,536,1.7290
14.6634,536,1.7290
14.6680,539,1.7387
14.6724,543,1.7516
14.6767,543,1.7516
14.6810,545,1.7581
14.6853,545,1.7581
14.6896,544,1.7548
14.6939,544,1.7548
14.6981,545,1.7581
14.7024,544,1.7548
14.7068,540,1.7419
14.7111,540,1.7419
14.7154,538,1.7355
14.7197,536,1.7290
14.7240,535,1.7258
14.7283,531,1.7129
14.7326,529,1.7065
14.7369,526,1.6968
14.7412,522,1.6839
14.7455,517,1.6677
14.7498,514,1.6581
14.7541,511,1.6484
14.7584,507,1.6355
14.7627,504,1.6258
14.7670,501,1.6161
14.7713,499,1.6097
14.7756,498,1.6065
14.7799,498,1.6065
14.7842,498,1.6065
14.7885,499,1.6097
14.7928,500,1.6129
14.7971,501,1.6161
14.8014,500,1.6129
14.8057,501,1.6161
14.8100,502,1.6194
14.8143,501,1.6161
14.8187,501,1.6161
14.8233,501,1.6161
14.8276,501,1.6161
14.8319,503,1.6226
14.8363,503,1.6226
14.8406,504,1.6258
14.8449,508,1.6387
14.8492,512,1.6516
14.8536,516,1.6645
14.8579,520,1.6774
14.8622,522,1.6839
14.8666,525,1.6935
14.8709,525,1.6935
14.8752,526,1.6968
14.8796,527,1.7000
14.8839,527,1.7000
14.8882,525,1.6935
14.8926,522,1.6839
14.8972,518,1.6710
14.9016,515,1.6613
14.9060,511,1.6484
14.9103,506,1.6323
14.9147,504,1.6258
14.9190,503,1.6226
14.9233,504,1.6258
14.9276,504,1.6258
14.9319,504,1.6258
14.9362,503,1.6226
14.9405,504,1.6258
14.9448,505,1.6290
14.9491,505,1.6290
14.9534,504,1.6258
14.9576,506,1.6323
14.9620,506,1.6323
14.9663,505,1.6290
14.9705,502,1.6194
14.9748,495,1.5968
14.9791,488,1.5742
14.9834,488,1.5742
14.9877,504,1.6258
14.9921,535,1.7258
14.9964,578,1.8645
15.0007,624,2.0129
15.0049,658,2.1226
15.0092,662,2.1355
15.0136,629,2.0290
15.0190,581,1.8742
15.0237,531,1.7129
15.0291,494,1.5935
15.0336,483,1.5581
15.0380,480,1.5484
15.0423,485,1.5645
15.0468,492,1.5871
15.0511,496,1.6000
15.0555,498,1.6065
15.0598,499,1.6097
15.0641,500,1.6129
15.0685,500,1.6129
15.0728,499,1.6097
15.0771,501,1.6161
15.0815,502,1.6194
15.0858,501,1.6161
15.0901,502,1.6194
15.0945,502,1.6194
15.0988,502,1.6194
15.1031,504,1.6258
15.1074,503,1.6226
15.1118,503,1.6226
15.1161,502,1.6194
15.1204,505,1.6290
15.1247,509,1.6419
15.1290,511,1.6484
15.1333,515,1.6613
15.1376,520,1.6774
15.1419,524,1.6903
15.1462,527,1.7000
15.1505,531,1.7129
15.1548,534,1.7226
15.1591,538,1.7355
15.1634,540,1.7419
15.1677,542,1.7484
15.1720,543,1.7516
15.1763,544,1.7548
15.1806,545,1.7581
15.1849,545,1.7581
15.1892,546,1.7613
15.1935,548,1.7677
15.1977,549,1.7710
15.2020,547,1.7645
15.2063,545,1.7581
15.2106,544,1.7548
15.2149,542,1.7484
15.2192,538,1.7355
15.2235,536,1.7290
15.2278,532,1.7161
15.2321,529,1.7065
15.2364,527,1.7000
15.2407,523,1.6871
15.2450,519,1.6742
15.2494,514,1.6581
15.2537,511,1.6484
15.2580,507,1.6355
15.2623,503,1.6226
15.2666,500,1.6129
15.2709,497,1.6032
15.2752,496,1.6000
15.2795,496,1.6000
15.2838,496,1.6000
15.2881,497,1.6032
15.2924,498,1.6065
15.2967,498,1.6065
15.3010,498,1.6065
15.3052,499,1.6097
15.3095,500,1.6129
15.3139,500,1.6129
15.3182,501,1.6161
15.3225,501,1.6161
15.3268,499,1.6097
15.3311,500,1.6129
15.3354,500,1.6129
15.3397,503,1.6226
15.3440,507,1.6355
15.3482,510,1.6452
15.3525,514,1.6581
15.3568,518,1.6710
15.3611,521,1.6806
15.3654,523,1.6871
15.3697,526,1.6968
15.3740,528,1.7032
15.3783,527,1.7000
15.3826,525,1.6935
15.3869,522,1.6839
15.3912,519,1.6742
15.3955,517,1.6677
15.3998,513,1.6548
15.4041,511,1.6484
15.4083,507,1.6355
15.4126,504,1.6258
15.4170,502,1.6194
15.4214,502,1.6194
15.4257,503,1.6226
15.4301,504,1.6258
15.4344,505,1.6290
15.4387,504,1.6258
15.4431,504,1.6258
15.4474,504,1.6258
15.4517,504,1.6258
15.4560,506,1.6323
15.4604,505,1.6290
15.4647,504,1.6258
15.4690,503,1.6226
15.4734,497,1.6032
15.4777,489,1.5774
15.4820,486,1.5677
15.4864,496,1.6000
15.4907,524,1.6903
15.4961,576,1.8581
15.5006,622,2.0065
15.5050,658,2.1226
15.5094,662,2.1355
15.5137,637,2.0548
15.5180,594,1.9161
15.5224,546,1.7613
15.5267,509,1.6419
15.5310,489,1.5774
15.5353,481,1.5516
15.5396,483,1.5581
15.5439,489,1.5774
15.5482,495,1.5968
15.5525,499,1.6097
15.5568,499,1.6097
15.5611,500,1.6129
15.5653,499,1.6097
15.5696,500,1.6129
15.5739,500,1.6129
15.5782,501,1.6161
15.5825,503,1.6226
15.5868,502,1.6194
15.5911,502,1.6194
15.5954,503,1.6226
15.5998,503,1.6226
15.6041,503,1.6226
15.6084,504,1.6258
15.6127,505,1.6290
15.6170,505,1.6290
15.6214,507,1.6355
15.6257,511,1.6484
15.6300,514,1.6581
15.6343,517,1.6677
15.6386,518,1.6710
15.6429,518,1.6710
15.6472,522,1.6839
15.6515,527,1.7000
15.6558,531,1.7129
15.6600,535,1.7258
15.6644,537,1.7323
15.6686,537,1.7323
15.6730,539,1.7387
15.6772,542,1.7484
15.6815,543,1.7516
15.6858,544,1.7548
15.6901,545,1.7581
15.6944,545,1.7581
15.6987,546,1.7613
15.7030,546,1.7613
15.7073,545,1.7581
15.7116,545,1.7581
15.7160,542,1.7484
15.7203,540,1.7419
15.7247,538,1.7355
15.7290,536,1.7290
15.7334,532,1.7161
15.7377,529,1.7065
15.7420,525,1.6935
15.7464,522,1.6839
15.7507,518,1.6710
15.7550,513,1.6548
15.7593,510,1.6452
15.7637,507,1.6355
15.7680,504,1.6258
15.7724,501,1.6161
15.7767,498,1.6065
15.7810,496,1.6000
15.7854,496,1.6000
15.7902,497,1.6032
15.7961,499,1.6097
15.8006,499,1.6097
15.8051,499,1.6097
15.8094,499,1.6097
15.8138,500,1.6129
15.8182,501,1.6161
15.8226,500,1.6129
15.8269,500,1.6129
15.8312,501,1.6161
15.8355,501,1.6161
15.8398,502,1.6194
15.8441,504,1.6258
15.8484,507,1.6355
15.8527,510,1.6452
15.8570,514,1.6581
15.8613,518,1.6710
15.8656,521,1.6806
15.8699,525,1.6935
15.8742,525,1.6935
15.8785,525,1.6935
15.8828,526,1.6968
15.8871,524,1.6903
15.8914,523,1.6871
15.8957,522,1.6839
15.9000,519,1.6742
15.9043,515,1.6613
15.9086,511,1.6484
15.9129,508,1.6387
15.9172,503,1.6226
15.9215,502,1.6194
15.9258,502,1.6194
15.9301,502,1.6194
15.9344,502,1.6194
15.9387,504,1.6258
15.9430,505,1.6290
15.9473,505,1.6290
15.9516,506,1.6323
15.9559,505,1.6290
15.9602,505,1.6290
15.9645,505,1.6290
15.9688,506,1.6323
15.9731,504,1.6258
15.9774,498,1.6065
15.9817,490,1.5806
15.9859,484,1.5613
15.9903,492,1.5871
15.9945,516,1.6645
15.9988,551,1.7774
16.0031,595,1.9194
16.0074,639,2.0613
16.0117,661,2.1323
16.0160,655,2.1129
16.0203,621,2.0032
16.0246,575,1.8548
16.0290,530,1.7097
16.0334,499,1.6097
16.0377,486,1.5677
16.0420,482,1.5548
16.0463,486,1.5677
16.0507,491,1.5839
16.0550,497,1.6032
16.0593,499,1.6097
16.0636,501,1.6161
16.0680,501,1.6161
16.0723,501,1.6161
16.0767,500,1.6129
16.0810,501,1.6161
16.0853,502,1.6194
16.0896,501,1.6161
16.0940,501,1.6161
16.0983,501,1.6161
16.1026,500,1.6129
16.1070,502,1.6194
16.1113,502,1.6194
16.1157,502,1.6194
16.1201,503,1.6226
16.1301,509,1.6419
16.1354,514,1.6581
16.1398,517,1.6677
16.1443,520,1.6774
16.1487,523,1.6871
16.1530,526,1.6968
16.1574,530,1.7097
16.1617,532,1.7161
16.1660,536,1.7290
16.1704,539,1.7387
16.1748,540,1.7419
16.1792,543,1.7516
16.1835,544,1.7548
16.1877,544,1.7548
16.1920,545,1.7581
16.1963,546,1.7613
16.2006,546,1.7613
16.2049,543,1.7516
16.2099,543,1.7516
16.2143,541,1.7452
16.2187,540,1.7419
16.2230,538,1.7355
16.2273,536,1.7290
16.2315,532,1.7161
16.2356,531,1.7129
16.2398,529,1.7065
16.2440,525,1.6935
16.2481,521,1.6806
16.2523,518,1.6710
16.2565,513,1.6548
16.2607,510,1.6452
16.2648,507,1.6355
16.2690,504,1.6258
16.2732,501,1.6161
16.2773,499,1.6097
16.2815,497,1.6032
16.2857,497,1.6032
16.2898,497,1.6032
16.2940,498,1.6065
16.2982,498,1.6065
16.3024,499,1.6097
16.3065,500,1.6129
16.3107,500,1.6129
16.3148,501,1.6161
16.3190,502,1.6194
16.3235,502,1.6194
16.3277,501,1.6161
16.3318,503,1.6226
16.3360,503,1.6226
16.3402,503,1.6226
16.3444,504,1.6258
16.3485,508,1.6387
16.3527,513,1.6548
16.3568,515,1.6613
16.3610,521,1.6806
16.3652,523,1.6871
16.3693,526,1.6968
16.3738,527,1.7000
16.3780,529,1.7065
16.3822,529,1.7065
16.3863,527,1.7000
16.3905,525,1.6935
16.3957,522,1.6839
16.4000,519,1.6742
16.4042,515,1.6613
16.4084,512,1.6516
16.4125,509,1.6419
16.4167,507,1.6355
16.4209,506,1.6323
16.4251,504,1.6258
16.4293,506,1.6323
16.4335,506,1.6323
16.4379,504,1.6258
16.4421,506,1.6323
16.4465,507,1.6355
16.4506,507,1.6355
16.4548,507,1.6355
16.4590,507,1.6355
16.4631,507,1.6355
16.4673,507,1.6355
16.4714,507,1.6355
16.4756,503,1.6226
16.4798,495,1.5968
16.4840,488,1.5742
16.4882,488,1.5742
16.4923,502,1.6194
16.4965,530,1.7097
16.5007,569,1.8355
16.5049,612,1.9742
16.5090,649,2.0935
16.5132,664,2.1419
16.5174,647,2.0871
16.5215,609,1.9645
16.5257,564,1.8194
16.5299,522,1.6839
16.5341,495,1.5968
16.5383,484,1.5613
16.5424,481,1.5516
16.5466,482,1.5548
16.5508,487,1.5710
16.5550,492,1.5871
16.5591,496,1.6000
16.5633,499,1.6097
16.5675,499,1.6097
16.5717,500,1.6129
16.5758,501,1.6161
16.5802,502,1.6194
16.5844,501,1.6161
16.5886,503,1.6226
16.5928,503,1.6226
16.5970,503,1.6226
16.6011,503,1.6226
16.6053,503,1.6226
16.6095,504,1.6258
16.6136,502,1.6194
16.6178,503,1.6226
16.6220,504,1.6258
16.6262,505,1.6290
16.6304,505,1.6290
16.6345,509,1.6419
16.6387,514,1.6581
16.6429,516,1.6645
16.6471,520,1.6774
16.6512,522,1.6839
16.6554,525,1.6935
16.6595,529,1.7065
16.6637,532,1.7161
16.6679,536,1.7290
16.6721,537,1.7323
16.6762,540,1.7419
16.6804,543,1.7516
16.6846,543,1.7516
16.6888,543,1.7516
16.6931,544,1.7548
16.6973,545,1.7581
16.7016,546,1.7613
16.7058,547,1.7645
16.7100,547,1.7645
16.7141,545,1.7581
16.7183,544,1.7548
16.7228,542,1.7484
16.7271,539,1.7387
16.7313,536,1.7290
16.7355,535,1.7258
16.7396,531,1.7129
16.7438,528,1.7032
16.7480,526,1.6968
16.7522,522,1.6839
16.7563,518,1.6710
16.7605,516,1.6645
16.7647,513,1.6548
16.7688,511,1.6484
16.7730,506,1.6323
16.7772,502,1.6194
16.7814,501,1.6161
16.7855,499,1.6097
16.7897,498,1.6065
16.7939,498,1.6065
16.7980,499,1.6097
16.8022,498,1.6065
16.8064,499,1.6097
16.8106,499,1.6097
16.8147,501,1.6161
16.8189,501,1.6161
16.8230,502,1.6194
16.8272,501,1.6161
16.8314,501,1.6161
16.8356,501,1.6161
16.8397,502,1.6194
16.8439,502,1.6194
16.8481,502,1.6194
16.8523,503,1.6226
16.8564,503,1.6226
16.8606,503,1.6226
16.8647,505,1.6290
16.8689,508,1.6387
16.8731,513,1.6548
16.8773,516,1.6645
16.8814,518,1.6710
16.8856,520,1.6774
16.8898,523,1.6871
16.8940,526,1.6968
16.8981,528,1.7032
16.9023,529,1.7065
16.9064,527,1.7000
16.9106,525,1.6935
16.9148,524,1.6903
16.9189,520,1.6774
16.9231,517,1.6677
16.9273,513,1.6548
16.9315,508,1.6387
16.9358,506,1.6323
16.9401,504,1.6258
16.9443,504,1.6258
16.9486,504,1.6258
16.9530,505,1.6290
16.9573,506,1.6323
16.9616,506,1.6323
16.9658,506,1.6323
16.9701,506,1.6323
16.9745,505,1.6290
16.9788,506,1.6323
16.9831,506,1.6323
16.9881,507,1.6355
16.9925,507,1.6355
16.9968,502,1.6194
17.0011,494,1.5935
17.0054,487,1.5710
17.0096,492,1.5871
17.0140,513,1.6548
17.0183,548,1.7677
17.0226,591,1.9065
17.0269,636,2.0516
17.0312,664,2.1419
17.0355,659,2.1258
17.0398,630,2.0323
17.0441,585,1.8871
17.0483,538,1.7355
17.0526,503,1.6226
17.0569,487,1.5710
17.0611,483,1.5581
17.0654,486,1.5677
17.0698,493,1.5903
17.0741,498,1.6065
17.0784,500,1.6129
17.0827,500,1.6129
17.0870,500,1.6129
17.0912,500,1.6129
17.0956,502,1.6194
17.0998,502,1.6194
17.1041,502,1.6194
17.1084,501,1.6161
17.1126,501,1.6161
17.1169,501,1.6161
17.1212,503,1.6226
17.1255,504,1.6258
17.1297,504,1.6258
17.1341,505,1.6290
17.1384,504,1.6258
17.1427,505,1.6290
17.1469,507,1.6355
17.1514,512,1.6516
17.1557,516,1.6645
17.1600,520,1.6774
17.1642,523,1.6871
17.1685,526,1.6968
17.1728,528,1.7032
17.1771,531,1.7129
17.1814,534,1.7226
17.1857,535,1.7258
17.1899,539,1.7387
17.1942,541,1.7452
17.1985,544,1.7548
17.2027,545,1.7581
17.2070,546,1.7613
17.2113,546,1.7613
17.2155,547,1.7645
17.2198,546,1.7613
17.2241,546,1.7613
17.2284,543,1.7516
17.2330,543,1.7516
17.2373,540,1.7419
17.2416,538,1.7355
17.2458,536,1.7290
17.2501,534,1.7226
17.2544,530,1.7097
17.2586,527,1.7000
17.2629,524,1.6903
17.2672,520,1.6774
17.2714,518,1.6710
17.2757,514,1.6581
17.2800,511,1.6484
17.2843,507,1.6355
17.2885,504,1.6258
17.2932,503,1.6226
17.2982,500,1.6129
17.3026,499,1.6097
17.3069,499,1.6097
17.3111,499,1.6097
17.3154,499,1.6097
17.3197,500,1.6129
17.3240,500,1.6129
17.3283,500,1.6129
17.3325,500,1.6129
17.3368,501,1.6161
17.3412,502,1.6194
17.3455,501,1.6161
17.3497,501,1.6161
17.3540,502,1.6194
17.3583,502,1.6194
17.3626,502,1.6194
17.3668,505,1.6290
17.3711,510,1.6452
17.3753,514,1.6581
17.3795,517,1.6677
17.3839,520,1.6774
17.3881,522,1.6839
17.3924,523,1.6871
17.3968,526,1.6968
17.4011,526,1.6968
17.4053,526,1.6968
17.4096,523,1.6871
17.4138,522,1.6839
17.4181,519,1.6742
17.4224,516,1.6645
17.4267,512,1.6516
17.4309,509,1.6419
17.4352,506,1.6323
17.4395,504,1.6258
17.4438,503,1.6226
17.4481,503,1.6226
17.4523,503,1.6226
17.4566,503,1.6226
17.4608,504,1.6258
17.4651,505,1.6290
17.4694,505,1.6290
17.4736,505,1.6290
17.4780,506,1.6323
17.4828,506,1.6323
17.4871,506,1.6323
17.4914,506,1.6323
17.4956,503,1.6226
17.4999,496,1.6000
17.5041,488,1.5742
17.5084,487,1.5710
17.5126,504,1.6258
17.5169,533,1.7194
17.5211,575,1.8548
17.5254,619,1.9968
17.5297,655,2.1129
17.5340,664,2.1419
17.5383,641,2.0677
17.5426,601,1.9387
17.5470,552,1.7806
17.5513,511,1.6484
17.5556,490,1.5806
17.5599,482,1.5548
17.5643,480,1.5484
17.5686,483,1.5581
17.5729,489,1.5774
17.5772,494,1.5935
17.5815,497,1.6032
17.5859,498,1.6065
17.5903,499,1.6097
17.5947,499,1.6097
17.5991,500,1.6129
17.6035,501,1.6161
17.6078,500,1.6129
17.6121,501,1.6161
17.6164,502,1.6194
17.6207,503,1.6226
17.6250,502,1.6194
17.6293,503,1.6226
17.6336,503,1.6226
17.6379,503,1.6226
17.6421,503,1.6226
17.6464,505,1.6290
17.6507,507,1.6355
17.6550,510,1.6452
17.6592,514,1.6581
17.6635,518,1.6710
17.6677,521,1.6806
17.6720,523,1.6871
17.6762,527,1.7000
17.6805,530,1.7097
17.6848,533,1.7194
17.6891,535,1.7258
17.6933,538,1.7355
17.6976,540,1.7419
17.7019,543,1.7516
17.7061,544,1.7548
17.7104,544,1.7548
17.7147,547,1.7645
17.7189,547,1.7645
17.7232,549,1.7710
17.7275,546,1.7613
17.7318,546,1.7613
17.7361,543,1.7516
17.7405,543,1.7516
17.7448,540,1.7419
17.7491,538,1.7355
17.7534,535,1.7258
17.7577,532,1.7161
17.7619,528,1.7032
17.7662,525,1.6935
17.7706,522,1.6839
17.7749,518,1.6710
17.7792,514,1.6581
17.7835,511,1.6484
17.7878,510,1.6452
17.7921,506,1.6323
17.7964,503,1.6226
17.8007,501,1.6161
17.8050,498,1.6065
17.8094,498,1.6065
17.8137,498,1.6065
17.8180,499,1.6097
17.8223,499,1.6097
17.8266,500,1.6129
17.8309,500,1.6129
17.8352,500,1.6129
17.8395,500,1.6129
17.8438,500,1.6129
17.8480,501,1.6161
17.8523,501,1.6161
17.8566,500,1.6129
17.8608,500,1.6129
17.8651,501,1.6161
17.8693,503,1.6226
17.8736,507,1.6355
17.8779,511,1.6484
17.8821,515,1.6613
17.8864,519,1.6742
17.8907,522,1.6839
17.8950,523,1.6871
17.8992,525,1.6935
17.9035,524,1.6903
17.9078,525,1.6935
17.9121,525,1.6935
17.9163,524,1.6903
17.9206,522,1.6839
17.9249,519,1.6742
17.9291,515,1.6613
17.9335,510,1.6452
17.9377,507,1.6355
17.9421,505,1.6290
17.9464,503,1.6226
17.9506,504,1.6258
17.9550,503,1.6226
17.9592,503,1.6226
17.9635,503,1.6226
17.9678,504,1.6258
17.9721,505,1.6290
17.9765,505,1.6290
17.9807,506,1.6323
17.9850,505,1.6290
17.9894,507,1.6355
17.9937,507,1.6355
17.9980,504,1.6258
18.0023,499,1.6097
18.0066,491,1.5839
18.0109,486,1.5677
18.0152,492,1.5871
18.0195,514,1.6581
18.0238,550,1.7742
18.0280,593,1.9129
18.0323,637,2.0548
18.0367,662,2.1355
18.0410,656,2.1161
18.0452,623,2.0097
18.0495,578,1.8645
18.0538,533,1.7194
18.0581,501,1.6161
18.0623,485,1.5645
18.0666,480,1.5484
18.0708,483,1.5581
18.0751,490,1.5806
18.0794,496,1.6000
18.0837,498,1.6065
18.0879,498,1.6065
18.0922,498,1.6065
18.0965,499,1.6097
18.1008,500,1.6129
18.1050,499,1.6097
18.1093,500,1.6129
18.1136,501,1.6161
18.1178,502,1.6194
18.1221,502,1.6194
18.1264,503,1.6226
18.1306,503,1.6226
18.1350,502,1.6194
18.1393,502,1.6194
18.1436,502,1.6194
18.1479,503,1.6226
18.1522,505,1.6290
18.1565,510,1.6452
18.1609,513,1.6548
18.1652,516,1.6645
18.1695,518,1.6710
18.1738,520,1.6774
18.1781,524,1.6903
18.1824,527,1.7000
18.1867,530,1.7097
18.1911,533,1.7194
18.1967,536,1.7290
18.2011,538,1.7355
18.2055,541,1.7452
18.2098,543,1.7516
18.2141,544,1.7548
18.2184,543,1.7516
18.2227,544,1.7548
18.2270,545,1.7581
18.2313,547,1.7645
18.2357,545,1.7581
18.2400,543,1.7516
18.2443,542,1.7484
18.2485,538,1.7355
18.2528,537,1.7323
18.2571,535,1.7258
18.2614,540,1.7419
18.2657,529,1.7065
18.2699,526,1.6968
18.2742,522,1.6839
18.2784,518,1.6710
18.2827,516,1.6645
18.2870,512,1.6516
18.2913,508,1.6387
18.2955,506,1.6323
18.2998,503,1.6226
18.3041,502,1.6194
18.3083,498,1.6065
18.3126,497,1.6032
18.3169,498,1.6065
18.3212,499,1.6097
18.3255,499,1.6097
18.3297,498,1.6065
18.3340,498,1.6065
18.3382,499,1.6097
18.3425,501,1.6161
18.3468,502,1.6194
18.3511,501,1.6161
18.3554,501,1.6161
18.3597,502,1.6194
18.3641,502,1.6194
18.3684,502,1.6194
18.3726,503,1.6226
18.3770,506,1.6323
18.3813,510,1.6452
18.3857,514,1.6581
18.3900,519,1.6742
18.3943,522,1.6839
18.3986,525,1.6935
18.4029,527,1.7000
18.4072,528,1.7032
18.4115,528,1.7032
18.4158,527,1.7000
18.4201,525,1.6935
18.4245,522,1.6839
18.4288,520,1.6774
18.4331,518,1.6710
18.4374,514,1.6581
18.4417,509,1.6419
18.4461,506,1.6323
18.4504,504,1.6258
18.4546,503,1.6226
18.4589,504,1.6258
18.4632,505,1.6290
18.4675,505,1.6290
18.4719,505,1.6290
18.4762,506,1.6323
18.4805,506,1.6323
18.4848,507,1.6355
18.4891,507,1.6355
18.4935,506,1.6323
18.5014,506,1.6323
18.5059,503,1.6226
18.5102,495,1.5968
18.5145,489,1.5774
18.5188,490,1.5806
18.5231,506,1.6323
18.5274,538,1.7355
18.5317,579,1.8677
18.5360,623,2.0097
18.5403,658,2.1226
18.5446,663,2.1387
18.5489,637,2.0548
18.5532,594,1.9161
18.5574,548,1.7677
18.5617,511,1.6484
18.5659,490,1.5806
18.5702,482,1.5548
18.5745,483,1.5581
18.5788,484,1.5613
18.5830,489,1.5774
18.5873,496,1.6000
18.5916,499,1.6097
18.5959,501,1.6161
18.6001,500,1.6129
18.6044,501,1.6161
18.6086,501,1.6161
18.6129,502,1.6194
18.6172,502,1.6194
18.6214,503,1.6226
18.6257,504,1.6258
18.6300,503,1.6226
18.6343,503,1.6226
18.6386,504,1.6258
18.6428,504,1.6258
18.6472,504,1.6258
18.6516,504,1.6258
18.6559,505,1.6290
18.6602,506,1.6323
18.6645,509,1.6419
18.6688,512,1.6516
18.6731,517,1.6677
18.6774,520,1.6774
18.6817,522,1.6839
18.6860,524,1.6903
18.6904,529,1.7065
18.6947,532,1.7161
18.6990,535,1.7258
18.7033,536,1.7290
18.7076,540,1.7419
18.7119,541,1.7452
18.7162,543,1.7516
18.7205,546,1.7613
18.7248,547,1.7645
18.7291,547,1.7645
18.7334,546,1.7613
18.7377,547,1.7645
18.7420,545,1.7581
18.7463,544,1.7548
18.7506,543,1.7516
18.7550,542,1.7484
18.7593,539,1.7387
18.7636,537,1.7323
18.7679,533,1.7194
18.7722,529,1.7065
18.7765,525,1.6935
18.7808,523,1.6871
18.7851,519,1.6742
18.7894,515,1.6613
18.7937,512,1.6516
18.7980,509,1.6419
18.8024,506,1.6323
18.8067,502,1.6194
18.8110,499,1.6097
18.8153,498,1.6065
18.8197,497,1.6032
18.8240,498,1.6065
18.8283,499,1.6097
18.8326,499,1.6097
18.8370,500,1.6129
18.8413,501,1.6161
18.8456,499,1.6097
18.8500,499,1.6097
18.8543,499,1.6097
18.8586,499,1.6097
18.8629,500,1.6129
18.8672,501,1.6161
18.8715,501,1.6161
18.8758,502,1.6194
18.8801,504,1.6258
18.8844,507,1.6355
18.8887,511,1.6484
18.8930,513,1.6548
18.8974,518,1.6710
18.9017,522,1.6839
18.9060,524,1.6903
18.9103,525,1.6935
18.9146,526,1.6968
18.9189,527,1.7000
18.9234,525,1.6935
18.9277,523,1.6871
18.9320,521,1.6806
18.9363,517,1.6677
18.9407,515,1.6613
18.9450,511,1.6484
18.9493,508,1.6387
18.9536,504,1.6258
18.9579,504,1.6258
18.9622,503,1.6226
18.9665,504,1.6258
18.9708,504,1.6258
18.9751,503,1.6226
18.9794,505,1.6290
18.9837,505,1.6290
18.9880,506,1.6323
18.9923,506,1.6323
18.9966,505,1.6290
19.0009,506,1.6323
19.0053,506,1.6323
19.0095,504,1.6258
19.0138,498,1.6065
19.0181,490,1.5806
19.0225,487,1.5710
19.0268,499,1.6097
19.0311,527,1.7000
19.0354,565,1.8226
19.0397,611,1.9710
19.0441,651,2.1000
19.0484,664,2.1419
19.0527,644,2.0774
19.0570,605,1.9516
19.0614,559,1.8032
19.0657,517,1.6677
19.0699,492,1.5871
19.0743,482,1.5548
19.0786,482,1.5548
19.0829,488,1.5742
19.0872,494,1.5935
19.0915,497,1.6032
19.0970,500,1.6129
19.1015,500,1.6129
19.1059,500,1.6129
19.1101,500,1.6129
19.1144,501,1.6161
19.1187,500,1.6129
19.1230,500,1.6129
19.1273,500,1.6129
19.1317,501,1.6161
19.1360,502,1.6194
19.1402,503,1.6226
19.1447,503,1.6226
19.1490,502,1.6194
19.1533,503,1.6226
19.1575,503,1.6226
19.1618,505,1.6290
19.1661,508,1.6387
19.1704,513,1.6548
19.1746,516,1.6645
19.1789,518,1.6710
19.1832,521,1.6806
19.1874,524,1.6903
19.1917,528,1.7032
19.1960,532,1.7161
19.2002,535,1.7258
19.2045,539,1.7387
19.2088,539,1.7387
19.2130,542,1.7484
19.2173,543,1.7516
19.2215,544,1.7548
19.2258,545,1.7581
19.2301,545,1.7581
19.2344,546,1.7613
19.2386,544,1.7548
19.2429,544,1.7548
19.2471,542,1.7484
19.2515,539,1.7387
19.2558,537,1.7323
19.2601,535,1.7258
19.2644,533,1.7194
19.2686,530,1.7097
19.2730,527,1.7000
19.2772,525,1.6935
19.2815,521,1.6806
19.2858,516,1.6645
19.2902,512,1.6516
19.2945,509,1.6419
19.2987,507,1.6355
19.3031,504,1.6258
19.3074,502,1.6194
19.3117,499,1.6097
19.3160,497,1.6032
19.3203,497,1.6032
19.3246,497,1.6032
19.3289,497,1.6032
19.3333,499,1.6097
19.3376,499,1.6097
19.3419,499,1.6097
19.3462,500,1.6129
19.3505,501,1.6161
19.3549,501,1.6161
19.3592,502,1.6194
19.3635,502,1.6194
19.3678,502,1.6194
19.3721,503,1.6226
19.3764,504,1.6258
19.3807,505,1.6290
19.3850,509,1.6419
19.3893,512,1.6516
19.3938,520,1.6774
19.4016,523,1.6871
19.4061,525,1.6935
19.4103,526,1.6968
19.4146,528,1.7032
19.4189,528,1.7032
19.4232,527,1.7000
19.4275,526,1.6968
19.4318,523,1.6871
19.4361,521,1.6806
19.4404,518,1.6710
19.4448,513,1.6548
19.4490,509,1.6419
19.4533,507,1.6355
19.4576,505,1.6290
19.4618,505,1.6290
19.4661,506,1.6323
19.4703,506,1.6323
19.4746,505,1.6290
19.4788,505,1.6290
19.4831,506,1.6323
19.4874,505,1.6290
19.4916,505,1.6290
19.4959,505,1.6290
19.5001,506,1.6323
19.5044,507,1.6355
19.5086,505,1.6290
19.5129,500,1.6129
19.5172,492,1.5871
19.5214,487,1.5710
19.5257,494,1.5935
19.5299,518,1.6710
19.5342,555,1.7903
19.5385,599,1.9323
19.5428,642,2.0710
19.5472,664,2.1419
19.5515,655,2.1129
19.5558,620,2.0000
19.5601,575,1.8548
19.5644,530,1.7097
19.5687,500,1.6129
19.5730,486,1.5677
19.5773,482,1.5548
19.5816,483,1.5581
19.5859,487,1.5710
19.5902,491,1.5839
19.5945,497,1.6032
19.5988,499,1.6097
19.6031,499,1.6097
19.6074,500,1.6129
19.6117,500,1.6129
19.6160,500,1.6129
19.6203,501,1.6161
19.6246,501,1.6161
19.6289,500,1.6129
19.6331,502,1.6194
19.6374,502,1.6194
19.6417,504,1.6258
19.6460,504,1.6258
19.6503,504,1.6258
19.6546,504,1.6258
19.6589,505,1.6290
19.6632,506,1.6323
19.6675,507,1.6355
19.6718,510,1.6452
19.6761,514,1.6581
19.6804,517,1.6677
19.6846,521,1.6806
19.6889,524,1.6903
19.6932,527,1.7000
19.6975,531,1.7129
19.7018,534,1.7226
19.7061,536,1.7290
19.7104,540,1.7419
19.7147,541,1.7452
19.7190,544,1.7548
19.7233,545,1.7581
19.7276,545,1.7581
19.7319,545,1.7581
19.7362,544,1.7548
19.7405,544,1.7548
19.7448,544,1.7548
19.7491,543,1.7516
19.7534,542,1.7484
19.7577,540,1.7419
19.7620,537,1.7323
19.7663,535,1.7258
19.7706,532,1.7161
19.7749,529,1.7065
19.7793,526,1.6968
19.7836,522,1.6839
19.7879,518,1.6710
19.7922,516,1.6645
19.7965,512,1.6516
19.8008,510,1.6452
19.8051,508,1.6387
19.8094,505,1.6290
19.8137,502,1.6194
19.8181,499,1.6097
19.8224,497,1.6032
19.8267,498,1.6065
19.8310,497,1.6032
19.8353,497,1.6032
19.8396,498,1.6065
19.8439,499,1.6097
19.8482,500,1.6129
19.8525,501,1.6161
19.8567,502,1.6194
19.8610,501,1.6161
19.8653,502,1.6194
19.8696,503,1.6226
19.8740,503,1.6226
19.8783,503,1.6226
19.8826,504,1.6258
19.8869,507,1.6355
19.8912,510,1.6452
19.8955,513,1.6548
19.8998,517,1.6677
19.9041,519,1.6742
19.9084,522,1.6839
19.9127,525,1.6935
19.9170,526,1.6968
19.9213,527,1.7000
19.9256,526,1.6968
19.9299,524,1.6903
19.9343,522,1.6839
19.9386,520,1.6774
19.9429,516,1.6645
19.9472,512,1.6516
19.9515,509,1.6419
19.9558,505,1.6290
19.9601,502,1.6194
19.9644,503,1.6226
19.9692,504,1.6258
19.9735,504,1.6258
19.9778,504,1.6258
19.9821,505,1.6290
19.9864,505,1.6290
19.9908,505,1.6290
19.9952,506,1.6323
20.0002,506,1.6323
20.0046,507,1.6355
20.0089,506,1.6323
20.0132,505,1.6290
20.0176,501,1.6161
20.0227,492,1.5871
20.0273,487,1.5710
20.0318,500,1.6129
20.0362,528,1.7032
20.0406,567,1.8290
20.0449,615,1.9839
20.0493,652,2.1032
20.0537,664,2.1419
20.0580,646,2.0839
20.0622,607,1.9581
20.0665,558,1.8000
20.0707,517,1.6677
20.0750,493,1.5903
20.0792,483,1.5581
20.0835,482,1.5548
20.0877,483,1.5581
20.0919,487,1.5710
20.0962,492,1.5871
20.1004,497,1.6032
20.1047,500,1.6129
20.1090,499,1.6097
20.1133,500,1.6129
20.1175,501,1.6161
20.1218,501,1.6161
20.1260,502,1.6194
20.1303,502,1.6194
20.1345,502,1.6194
20.1388,502,1.6194
20.1430,503,1.6226
20.1473,502,1.6194
20.1515,502,1.6194
20.1558,503,1.6226
20.1601,504,1.6258
20.1644,505,1.6290
20.1687,506,1.6323
20.1729,507,1.6355
20.1772,510,1.6452
20.1815,515,1.6613
20.1858,519,1.6742
20.1901,522,1.6839
20.1943,525,1.6935
20.1987,529,1.7065
20.2029,532,1.7161
20.2072,534,1.7226
20.2116,537,1.7323
20.2159,539,1.7387
20.2202,541,1.7452
20.2245,542,1.7484
20.2287,543,1.7516
20.2330,544,1.7548
20.2373,545,1.7581
20.2416,547,1.7645
20.2459,545,1.7581
20.2506,545,1.7581
20.2549,543,1.7516
20.2592,540,1.7419
20.2635,540,1.7419
20.2677,539,1.7387
20.2720,536,1.7290
20.2762,531,1.7129
20.2805,529,1.7065
20.2848,527,1.7000
20.2890,524,1.6903
20.2933,520,1.6774
20.2977,516,1.6645
20.3021,512,1.6516
20.3064,509,1.6419
20.3107,507,1.6355
20.3149,504,1.6258
20.3192,500,1.6129
20.3235,497,1.6032
20.3277,496,1.6000
20.3320,497,1.6032
20.3362,497,1.6032
20.3405,497,1.6032
20.3448,498,1.6065
20.3490,498,1.6065
20.3533,499,1.6097
20.3576,500,1.6129
20.3619,499,1.6097
20.3661,500,1.6129
20.3704,501,1.6161
20.3747,501,1.6161
20.3789,502,1.6194
20.3832,504,1.6258
20.3875,504,1.6258
20.3918,507,1.6355
20.3960,510,1.6452
20.4003,513,1.6548
20.4046,516,1.6645
20.4089,519,1.6742
20.4131,523,1.6871
20.4174,525,1.6935
20.4217,527,1.7000
20.4259,527,1.7000
20.4302,527,1.7000
20.4344,527,1.7000
20.4387,525,1.6935
20.4430,524,1.6903
20.4472,521,1.6806
20.4515,515,1.6613
20.4558,512,1.6516
20.4601,509,1.6419
20.4644,506,1.6323
20.4687,505,1.6290
20.4730,506,1.6323
20.4773,506,1.6323
20.4816,506,1.6323
20.4859,507,1.6355
20.4902,507,1.6355
20.4945,507,1.6355
20.4989,508,1.6387
20.5031,508,1.6387
20.5075,508,1.6387
20.5118,507,1.6355
20.5161,507,1.6355
20.5204,504,1.6258
20.5247,498,1.6065
20.5290,489,1.5774
20.5333,489,1.5774
20.5376,504,1.6258
20.5419,533,1.7194
20.5462,574,1.8516
20.5505,619,1.9968
20.5547,658,2.1226
20.5590,667,2.1516
20.5633,644,2.0774
20.5676,601,1.9387
20.5720,553,1.7839
20.5763,513,1.6548
20.5805,489,1.5774
20.5848,481,1.5516
20.5891,482,1.5548
20.5934,487,1.5710
20.5977,493,1.5903
20.6019,497,1.6032
20.6062,498,1.6065
20.6105,499,1.6097
20.6148,499,1.6097
20.6191,499,1.6097
20.6235,499,1.6097
20.6278,500,1.6129
20.6321,501,1.6161
20.6364,501,1.6161
20.6407,502,1.6194
20.6493,503,1.6226
20.6538,504,1.6258
20.6581,503,1.6226
20.6624,502,1.6194
20.6667,503,1.6226
20.6710,506,1.6323
20.6753,509,1.6419
20.6795,513,1.6548
20.6838,516,1.6645
20.6881,519,1.6742
20.6923,522,1.6839
20.6966,526,1.6968
20.7009,530,1.7097
20.7051,532,1.7161
20.7094,534,1.7226
20.7137,536,1.7290
20.7179,538,1.7355
20.7222,542,1.7484
20.7265,543,1.7516
20.7308,543,1.7516
20.7351,544,1.7548
20.7393,544,1.7548
20.7436,545,1.7581
20.7479,545,1.7581
20.7522,544,1.7548
20.7564,541,1.7452
20.7607,542,1.7484
20.7650,539,1.7387
20.7693,536,1.7290
20.7736,534,1.7226
20.7779,531,1.7129
20.7822,529,1.7065
20.7865,527,1.7000
20.7908,524,1.6903
20.7951,520,1.6774
20.7994,516,1.6645
20.8037,513,1.6548
20.8080,509,1.6419
20.8123,508,1.6387
20.8166,505,1.6290
20.8209,501,1.6161
20.8252,499,1.6097
20.8295,498,1.6065
20.8339,498,1.6065
20.8382,499,1.6097
20.8425,500,1.6129
20.8468,500,1.6129
20.8510,499,1.6097
20.8553,500,1.6129
20.8596,501,1.6161
20.8640,501,1.6161
20.8683,501,1.6161
20.8726,500,1.6129
20.8769,501,1.6161
20.8812,501,1.6161
20.8855,502,1.6194
20.8898,502,1.6194
20.8942,505,1.6290
20.9022,514,1.6581
20.9066,517,1.6677
20.9109,521,1.6806
20.9152,522,1.6839
20.9196,524,1.6903
20.9239,525,1.6935
20.9282,525,1.6935
20.9325,525,1.6935
20.9368,524,1.6903
20.9411,523,1.6871
20.9454,519,1.6742
20.9496,514,1.6581
20.9539,510,1.6452
20.9582,507,1.6355
20.9625,504,1.6258
20.9668,501,1.6161
20.9711,501,1.6161
20.9753,502,1.6194
20.9796,503,1.6226
20.9839,503,1.6226
20.9881,503,1.6226
20.9924,504,1.6258
20.9967,504,1.6258
21.0010,503,1.6226
21.0052,505,1.6290
21.0095,505,1.6290
21.0137,504,1.6258
21.0180,503,1.6226
21.0223,498,1.6065
21.0266,491,1.5839
21.0309,484,1.5613
21.0352,491,1.5839
21.0394,512,1.6516
21.0437,547,1.7645
21.0480,587,1.8935
21.0522,632,2.0387
21.0565,660,2.1290
21.0608,657,2.1194
21.0651,627,2.0226
21.0693,582,1.8774
21.0736,535,1.7258
21.0779,502,1.6194
21.0823,487,1.5710
21.0866,481,1.5516
21.0908,485,1.5645
21.0952,491,1.5839
21.0994,497,1.6032
21.1038,498,1.6065
21.1080,500,1.6129
21.1123,500,1.6129
21.1166,500,1.6129
21.1210,499,1.6097
21.1253,501,1.6161
21.1296,501,1.6161
21.1339,501,1.6161
21.1382,502,1.6194
21.1426,502,1.6194
21.1468,503,1.6226
21.1511,503,1.6226
21.1554,504,1.6258
21.1597,503,1.6226
21.1640,503,1.6226
21.1683,505,1.6290
21.1726,507,1.6355
21.1770,511,1.6484
21.1813,517,1.6677
21.1856,520,1.6774
21.1899,523,1.6871
21.1943,525,1.6935
21.1987,528,1.7032
21.2031,531,1.7129
21.2075,533,1.7194
21.2118,537,1.7323
21.2161,540,1.7419
21.2204,543,1.7516
21.2248,543,1.7516
21.2290,543,1.7516
21.2333,543,1.7516
21.2376,545,1.7581
21.2419,545,1.7581
21.2462,546,1.7613
21.2505,545,1.7581
21.2548,544,1.7548
21.2591,541,1.7452
21.2634,540,1.7419
21.2678,538,1.7355
21.2721,537,1.7323
21.2763,534,1.7226
21.2806,530,1.7097
21.2849,526,1.6968
21.2892,523,1.6871
21.2934,520,1.6774
21.2977,516,1.6645
21.3020,513,1.6548
21.3062,510,1.6452
21.3105,506,1.6323
21.3147,504,1.6258
21.3191,500,1.6129
21.3233,498,1.6065
21.3276,496,1.6000
21.3319,497,1.6032
21.3361,497,1.6032
21.3404,497,1.6032
21.3446,498,1.6065
21.3489,498,1.6065
21.3531,498,1.6065
21.3574,499,1.6097
21.3616,500,1.6129
21.3658,500,1.6129
21.3701,501,1.6161
21.3744,500,1.6129
21.3788,500,1.6129
21.3831,501,1.6161
21.3874,501,1.6161
21.3917,504,1.6258
21.3961,508,1.6387
21.4004,512,1.6516
21.4047,516,1.6645
21.4091,520,1.6774
21.4134,522,1.6839
21.4177,524,1.6903
21.4221,526,1.6968
21.4265,525,1.6935
21.4309,525,1.6935
21.4352,523,1.6871
21.4395,520,1.6774
21.4438,519,1.6742
21.4482,514,1.6581
21.4525,511,1.6484
21.4568,508,1.6387
21.4611,504,1.6258
21.4655,503,1.6226
21.4699,503,1.6226
21.4743,502,1.6194
21.4786,503,1.6226
21.4829,504,1.6258
21.4872,504,1.6258
21.4915,504,1.6258
21.4958,505,1.6290
21.5001,506,1.6323
21.5044,507,1.6355
21.5087,508,1.6387
21.5130,508,1.6387
21.5172,507,1.6355
21.5215,502,1.6194
21.5259,495,1.5968
21.5302,486,1.5677
21.5345,489,1.5774
21.5388,508,1.6387
21.5431,541,1.7452
21.5474,584,1.8839
21.5517,628,2.0258
21.5560,661,2.1323
21.5603,660,2.1290
21.5645,632,2.0387
21.5688,590,1.9032
21.5731,542,1.7484
21.5775,506,1.6323
21.5818,486,1.5677
21.5861,481,1.5516
21.5905,481,1.5516
21.5948,484,1.5613
21.5991,490,1.5806
21.6035,497,1.6032
21.6078,499,1.6097
21.6121,500,1.6129
21.6165,502,1.6194
21.6208,502,1.6194
21.6251,503,1.6226
21.6295,502,1.6194
21.6338,500,1.6129
21.6382,500,1.6129
21.6425,502,1.6194
21.6468,502,1.6194
21.6511,504,1.6258
21.6555,504,1.6258
21.6598,504,1.6258
21.6641,504,1.6258
21.6685,505,1.6290
21.6728,506,1.6323
21.6772,508,1.6387
21.6815,511,1.6484
21.6858,514,1.6581
21.6901,518,1.6710
21.6943,522,1.6839
21.6987,526,1.6968
21.7029,528,1.7032
21.7072,531,1.7129
21.7115,534,1.7226
21.7158,537,1.7323
21.7201,539,1.7387
21.7244,542,1.7484
21.7287,543,1.7516
21.7330,544,1.7548
21.7373,545,1.7581
21.7420,544,1.7548
21.7464,546,1.7613
21.7507,546,1.7613
21.7550,545,1.7581
21.7593,545,1.7581
21.7636,543,1.7516
21.7679,540,1.7419
21.7722,538,1.7355
21.7765,534,1.7226
21.7809,531,1.7129
21.7852,529,1.7065
21.7894,524,1.6903
21.7938,521,1.6806
21.7982,519,1.6742
21.8027,516,1.6645
21.8071,514,1.6581
21.8114,511,1.6484
21.8157,508,1.6387
21.8200,504,1.6258
21.8243,501,1.6161
21.8286,498,1.6065
21.8329,497,1.6032
21.8372,498,1.6065
21.8415,498,1.6065
21.8458,499,1.6097
21.8501,498,1.6065
21.8544,499,1.6097
21.8587,499,1.6097
21.8630,500,1.6129
21.8673,500,1.6129
21.8716,500,1.6129
21.8759,500,1.6129
21.8802,501,1.6161
21.8845,502,1.6194
21.8888,502,1.6194
21.8931,502,1.6194
21.8973,505,1.6290
21.9016,510,1.6452
21.9059,514,1.6581
21.9102,517,1.6677
21.9145,520,1.6774
21.9188,523,1.6871
21.9233,526,1.6968
21.9276,526,1.6968
21.9319,527,1.7000
21.9362,525,1.6935
21.9405,525,1.6935
21.9448,523,1.6871
21.9491,521,1.6806
21.9534,517,1.6677
21.9577,513,1.6548
21.9620,509,1.6419
21.9663,506,1.6323
21.9706,504,1.6258
21.9750,503,1.6226
21.9793,504,1.6258
21.9836,503,1.6226
21.9880,504,1.6258
21.9923,502,1.6194
21.9966,503,1.6226
22.0010,504,1.6258
22.0053,504,1.6258
22.0096,504,1.6258
22.0140,505,1.6290
22.0184,505,1.6290
22.0227,504,1.6258
22.0271,502,1.6194
22.0315,493,1.5903
22.0358,485,1.5645
22.0401,488,1.5742
22.0445,507,1.6355
22.0488,540,1.7419
22.0531,581,1.8742
22.0575,625,2.0161
22.0618,659,2.1258
22.0661,661,2.1323
22.0705,633,2.0419
22.0748,589,1.9000
22.0791,542,1.7484
22.0834,506,1.6323
22.0877,487,1.5710
22.0929,480,1.5484
22.0984,486,1.5677
22.1028,494,1.5935
22.1073,496,1.6000
22.1116,498,1.6065
22.1159,498,1.6065
22.1202,499,1.6097
22.1245,499,1.6097
22.1289,499,1.6097
22.1332,499,1.6097
22.1375,500,1.6129
22.1417,502,1.6194
22.1460,502,1.6194
22.1504,503,1.6226
22.1546,503,1.6226
22.1589,504,1.6258
22.1632,504,1.6258
22.1675,504,1.6258
22.1718,504,1.6258
22.1762,506,1.6323
22.1804,509,1.6419
22.1848,512,1.6516
22.1890,516,1.6645
22.1934,520,1.6774
22.1976,523,1.6871
22.2019,526,1.6968
22.2062,530,1.7097
22.2105,533,1.7194
22.2148,534,1.7226
22.2191,537,1.7323
22.2234,541,1.7452
22.2277,543,1.7516
22.2320,544,1.7548
22.2363,545,1.7581
22.2406,547,1.7645
22.2449,547,1.7645
22.2492,546,1.7613
22.2535,547,1.7645
22.2578,546,1.7613
22.2621,545,1.7581
22.2663,544,1.7548
22.2706,540,1.7419
22.2749,539,1.7387
22.2793,535,1.7258
22.2836,532,1.7161
22.2879,528,1.7032
22.2923,526,1.6968
22.2966,523,1.6871
22.3009,519,1.6742
22.3053,516,1.6645
22.3096,514,1.6581
22.3139,509,1.6419
22.3183,505,1.6290
22.3226,502,1.6194
22.3269,499,1.6097
22.3313,497,1.6032
22.3356,496,1.6000
22.3400,496,1.6000
22.3443,497,1.6032
22.3486,497,1.6032
22.3529,498,1.6065
22.3573,498,1.6065
22.3616,499,1.6097
22.3659,500,1.6129
22.3703,500,1.6129
22.3746,501,1.6161
22.3789,502,1.6194
22.3833,502,1.6194
22.3876,502,1.6194
22.3919,502,1.6194
22.3962,504,1.6258
22.4005,508,1.6387
22.4047,511,1.6484
22.4090,516,1.6645
22.4133,519,1.6742
22.4176,523,1.6871
22.4219,525,1.6935
22.4262,526,1.6968
22.4305,526,1.6968
22.4348,525,1.6935
22.4391,526,1.6968
22.4434,524,1.6903
22.4477,522,1.6839
22.4520,518,1.6710
22.4563,515,1.6613
22.4606,513,1.6548
22.4649,509,1.6419
22.4692,504,1.6258
22.4735,504,1.6258
22.4778,504,1.6258
22.4821,505,1.6290
22.4864,505,1.6290
22.4908,505,1.6290
22.4951,505,1.6290
22.4994,506,1.6323
22.5038,506,1.6323
22.5081,505,1.6290
22.5124,506,1.6323
22.5167,507,1.6355
22.5211,507,1.6355
22.5254,507,1.6355
22.5298,507,1.6355
22.5341,506,1.6323
22.5384,503,1.6226
22.5428,494,1.5935
22.5473,487,1.5710
22.5516,491,1.5839
22.5559,510,1.6452
22.5602,544,1.7548
22.5646,587,1.8935
22.5689,633,2.0419
22.5732,662,2.1355
22.5776,661,2.1323
22.5819,631,2.0355
22.5862,588,1.8968
22.5905,541,1.7452
22.5948,506,1.6323
22.5991,488,1.5742
22.6034,481,1.5516
22.6077,484,1.5613
22.6120,488,1.5742
22.6163,493,1.5903
22.6206,499,1.6097
22.6249,500,1.6129
22.6292,501,1.6161
22.6335,501,1.6161
22.6378,502,1.6194
22.6421,502,1.6194
22.6464,502,1.6194
22.6507,503,1.6226
22.6550,502,1.6194
22.6593,502,1.6194
22.6636,501,1.6161
22.6679,503,1.6226
22.6722,502,1.6194
22.6764,504,1.6258
22.6808,503,1.6226
22.6852,505,1.6290
22.6895,506,1.6323
22.6939,508,1.6387
22.6992,513,1.6548
22.7037,516,1.6645
22.7081,519,1.6742
22.7124,522,1.6839
22.7167,525,1.6935
22.7211,530,1.7097
22.7254,533,1.7194
22.7298,537,1.7323
22.7341,541,1.7452
22.7384,541,1.7452
22.7428,543,1.7516
22.7472,544,1.7548
22.7515,545,1.7581
22.7558,546,1.7613
22.7601,546,1.7613
22.7645,547,1.7645
22.7688,545,1.7581
22.7731,543,1.7516
22.7775,542,1.7484
22.7818,541,1.7452
22.7861,540,1.7419
22.7904,538,1.7355
22.7947,536,1.7290
22.7990,533,1.7194
22.8033,523,1.6871
22.8077,526,1.6968
22.8120,522,1.6839
22.8163,519,1.6742
22.8206,515,1.6613
22.8249,512,1.6516
22.8292,509,1.6419
22.8335,505,1.6290
22.8378,502,1.6194
22.8421,498,1.6065
22.8464,497,1.6032
22.8507,497,1.6032
22.8550,497,1.6032
22.8593,498,1.6065
22.8636,499,1.6097
22.8678,500,1.6129
22.8721,499,1.6097
22.8764,500,1.6129
22.8807,501,1.6161
22.8850,502,1.6194
22.8894,503,1.6226
22.8937,503,1.6226
22.8981,504,1.6258
22.9024,503,1.6226
22.9067,503,1.6226
22.9111,505,1.6290
22.9154,509,1.6419
22.9197,513,1.6548
22.9241,515,1.6613
22.9284,518,1.6710
22.9327,521,1.6806
22.9371,523,1.6871
22.9415,525,1.6935
22.9458,525,1.6935
22.9501,526,1.6968
22.9545,526,1.6968
22.9588,523,1.6871
22.9631,521,1.6806
22.9674,517,1.6677
22.9718,513,1.6548
22.9761,509,1.6419
22.9804,507,1.6355
22.9848,504,1.6258
22.9892,503,1.6226
22.9935,504,1.6258
22.9989,505,1.6290
23.0033,505,1.6290
23.0077,505,1.6290
23.0120,507,1.6355
23.0163,506,1.6323
23.0206,506,1.6323
23.0249,507,1.6355
23.0292,507,1.6355
23.0335,507,1.6355
23.0378,505,1.6290
23.0421,501,1.6161
23.0464,494,1.5935
23.0507,488,1.5742
23.0550,494,1.5935
23.0593,513,1.6548
23.0636,547,1.7645
23.0679,591,1.9065
23.0722,635,2.0484
23.0765,664,2.1419
23.0808,660,2.1290
23.0851,629,2.0290
23.0894,585,1.8871
23.0937,538,1.7355
23.0980,504,1.6258
23.1023,487,1.5710
23.1066,483,1.5581
23.1109,484,1.5613
23.1152,491,1.5839
23.1195,496,1.6000
23.1238,500,1.6129
23.1281,501,1.6161
23.1323,501,1.6161
23.1367,499,1.6097
23.1410,498,1.6065
23.1453,501,1.6161
23.1497,500,1.6129
23.1540,500,1.6129
23.1583,500,1.6129
23.1626,501,1.6161
23.1668,502,1.6194
23.1711,502,1.6194
23.1754,503,1.6226
23.1797,504,1.6258
23.1840,504,1.6258
23.1883,505,1.6290
23.1927,507,1.6355
23.1971,510,1.6452
23.2014,514,1.6581
23.2057,516,1.6645
23.2100,516,1.6645
23.2144,520,1.6774
23.2187,521,1.6806
23.2231,524,1.6903
23.2274,528,1.7032
23.2317,531,1.7129
23.2360,533,1.7194
23.2404,537,1.7323
23.2447,540,1.7419
23.2491,541,1.7452
23.2534,541,1.7452
23.2577,543,1.7516
23.2620,544,1.7548
23.2664,544,1.7548
23.2707,545,1.7581
23.2750,544,1.7548
23.2794,544,1.7548
23.2837,542,1.7484
23.2880,538,1.7355
23.2924,536,1.7290
23.2966,534,1.7226
23.3010,531,1.7129
23.3052,529,1.7065
23.3095,524,1.6903
23.3138,523,1.6871
23.3181,517,1.6677
23.3224,514,1.6581
23.3267,512,1.6516
23.3310,509,1.6419
23.3353,507,1.6355
23.3396,504,1.6258
23.3439,500,1.6129
23.3482,497,1.6032
23.3525,494,1.5935
23.3568,495,1.5968
23.3611,496,1.6000
23.3654,497,1.6032
23.3697,497,1.6032
23.3739,498,1.6065
23.3782,498,1.6065
23.3825,498,1.6065
23.3868,497,1.6032
23.3911,499,1.6097
23.3955,499,1.6097
23.3998,500,1.6129
23.4042,502,1.6194
23.4085,502,1.6194
23.4128,501,1.6161
23.4172,503,1.6226
23.4215,507,1.6355
23.4259,512,1.6516
23.4302,516,1.6645
23.4345,519,1.6742
23.4389,521,1.6806
23.4432,524,1.6903
23.4475,526,1.6968
23.4519,526,1.6968
23.4562,525,1.6935
23.4605,523,1.6871
23.4648,522,1.6839
23.4692,520,1.6774
23.4735,516,1.6645
23.4778,511,1.6484
23.4822,508,1.6387
23.4865,505,1.6290
23.4910,504,1.6258
23.4954,502,1.6194
23.4998,502,1.6194
23.5042,503,1.6226
23.5086,503,1.6226
23.5128,503,1.6226
23.5175,504,1.6258
23.5217,505,1.6290
23.5260,506,1.6323
23.5303,506,1.6323
23.5345,506,1.6323
23.5388,506,1.6323
23.5430,505,1.6290
23.5473,501,1.6161
23.5515,493,1.5903
23.5558,486,1.5677
23.5601,491,1.5839
23.5644,511,1.6484
23.5687,546,1.7613
23.5730,589,1.9000
23.5772,635,2.0484
23.5815,663,2.1387
23.5858,660,2.1290
23.5902,629,2.0290
23.5945,583,1.8806
23.5990,535,1.7258
23.6033,503,1.6226
23.6077,486,1.5677
23.6120,480,1.5484
23.6162,485,1.5645
23.6205,491,1.5839
23.6247,496,1.6000
23.6290,499,1.6097
23.6332,500,1.6129
23.6375,500,1.6129
23.6417,501,1.6161
23.6460,500,1.6129
23.6503,501,1.6161
23.6546,501,1.6161
23.6589,502,1.6194
23.6632,503,1.6226
23.6675,503,1.6226
23.6718,503,1.6226
23.6761,503,1.6226
23.6804,504,1.6258
23.6847,504,1.6258
23.6890,506,1.6323
23.6933,506,1.6323
23.6976,508,1.6387
23.7019,513,1.6548
23.7062,517,1.6677
23.7105,519,1.6742
23.7148,522,1.6839
23.7191,525,1.6935
23.7234,528,1.7032
23.7277,533,1.7194
23.7320,536,1.7290
23.7363,539,1.7387
23.7406,540,1.7419
23.7449,542,1.7484
23.7492,544,1.7548
23.7535,544,1.7548
23.7578,546,1.7613
23.7621,546,1.7613
23.7664,545,1.7581
23.7706,547,1.7645
23.7749,547,1.7645
23.7792,545,1.7581
23.7835,542,1.7484
23.7878,541,1.7452
23.7922,538,1.7355
23.7965,535,1.7258
23.8009,533,1.7194
23.8052,530,1.7097
23.8095,526,1.6968
23.8139,523,1.6871
23.8182,522,1.6839
23.8225,520,1.6774
23.8269,517,1.6677
23.8312,514,1.6581
23.8355,511,1.6484
23.8399,507,1.6355
23.8442,505,1.6290
23.8485,502,1.6194
23.8529,498,1.6065
23.8573,498,1.6065
23.8616,497,1.6032
23.8659,496,1.6000
23.8703,497,1.6032
23.8746,498,1.6065
23.8789,498,1.6065
23.8833,499,1.6097
23.8876,499,1.6097
23.8919,499,1.6097
23.8963,500,1.6129
23.9007,501,1.6161
23.9051,502,1.6194
23.9094,502,1.6194
23.9137,502,1.6194
23.9181,502,1.6194
23.9224,507,1.6355
23.9267,511,1.6484
23.9310,514,1.6581
23.9353,517,1.6677
23.9396,520,1.6774
23.9439,522,1.6839
23.9481,525,1.6935
23.9524,526,1.6968
23.9567,526,1.6968
23.9610,526,1.6968
23.9653,524,1.6903
23.9696,523,1.6871
23.9739,519,1.6742
23.9782,516,1.6645
23.9825,513,1.6548
23.9868,509,1.6419
23.9911,506,1.6323
23.9954,505,1.6290
23.9998,505,1.6290
24.0041,505,1.6290
24.0084,504,1.6258
24.0127,503,1.6226
24.0171,503,1.6226
24.0214,505,1.6290
24.0258,506,1.6323
24.0301,506,1.6323
24.0344,505,1.6290
24.0387,505,1.6290
24.0431,505,1.6290
24.0474,505,1.6290
24.0518,500,1.6129
24.0561,492,1.5871
24.0604,485,1.5645
24.0647,489,1.5774
24.0691,508,1.6387
24.0734,543,1.7516
24.0777,585,1.8871
24.0821,631,2.0355
24.0864,659,2.1258
24.0907,659,2.1258
24.0952,627,2.0226
24.0995,581,1.8742
24.1038,535,1.7258
24.1081,502,1.6194
24.1124,485,1.5645
24.1167,480,1.5484
24.1210,483,1.5581
24.1253,490,1.5806
24.1296,495,1.5968
24.1339,497,1.6032
24.1382,498,1.6065
24.1425,500,1.6129
24.1468,500,1.6129
24.1511,500,1.6129
24.1554,500,1.6129
24.1597,499,1.6097
24.1640,500,1.6129
24.1683,500,1.6129
24.1726,500,1.6129
24.1768,502,1.6194
24.1811,504,1.6258
24.1854,504,1.6258
24.1897,503,1.6226
24.1940,505,1.6290
24.1983,506,1.6323
24.2027,508,1.6387
24.2071,510,1.6452
24.2114,514,1.6581
24.2157,517,1.6677
24.2200,520,1.6774
24.2244,523,1.6871
24.2287,526,1.6968
24.2331,531,1.7129
24.2374,535,1.7258
24.2417,537,1.7323
24.2461,538,1.7355
24.2504,541,1.7452
24.2547,542,1.7484
24.2590,545,1.7581
24.2634,546,1.7613
24.2677,548,1.7677
24.2720,548,1.7677
24.2764,548,1.7677
24.2807,547,1.7645
24.2850,546,1.7613
24.2894,543,1.7516
24.2937,542,1.7484
24.2980,540,1.7419
24.3024,538,1.7355
24.3067,535,1.7258
24.3110,532,1.7161
24.3153,528,1.7032
24.3195,525,1.6935
24.3238,522,1.6839
24.3281,516,1.6645
24.3324,513,1.6548
24.3367,511,1.6484
24.3410,508,1.6387
24.3453,505,1.6290
24.3496,502,1.6194
24.3539,499,1.6097
24.3582,498,1.6065
24.3625,497,1.6032
24.3668,497,1.6032
24.3711,497,1.6032
24.3754,498,1.6065
24.3797,499,1.6097
24.3839,499,1.6097
24.3883,500,1.6129
24.3925,500,1.6129
24.3968,501,1.6161
24.4011,501,1.6161
24.4055,502,1.6194
24.4098,502,1.6194
24.4142,503,1.6226
24.4185,503,1.6226
24.4228,506,1.6323
24.4272,510,1.6452
24.4315,514,1.6581
24.4359,517,1.6677
24.4402,521,1.6806
24.4445,522,1.6839
24.4488,525,1.6935
24.4532,525,1.6935
24.4575,525,1.6935
24.4618,524,1.6903
24.4661,522,1.6839
24.4705,521,1.6806
24.4748,518,1.6710
24.4791,516,1.6645
24.4835,511,1.6484
24.4878,508,1.6387
24.4921,505,1.6290
24.4965,502,1.6194
24.5010,502,1.6194
24.5054,503,1.6226
24.5097,505,1.6290
24.5140,503,1.6226
24.5183,504,1.6258
24.5226,504,1.6258
24.5269,505,1.6290
24.5312,505,1.6290
24.5355,505,1.6290
24.5398,504,1.6258
24.5441,505,1.6290
24.5484,506,1.6323
24.5527,506,1.6323
24.5570,503,1.6226
24.5613,496,1.6000
24.5656,488,1.5742
24.5699,488,1.5742
24.5742,504,1.6258
24.5785,536,1.7290
24.5828,576,1.8581
24.5872,623,2.0097
24.5915,657,2.1194
24.5958,662,2.1355
24.6001,638,2.0581
24.6044,597,1.9258
24.6087,547,1.7645
24.6130,509,1.6419
24.6174,488,1.5742
24.6217,481,1.5516
24.6261,483,1.5581
24.6304,488,1.5742
24.6348,495,1.5968
24.6391,497,1.6032
24.6434,499,1.6097
24.6478,500,1.6129
24.6521,500,1.6129
24.6564,499,1.6097
24.6608,498,1.6065
24.6651,500,1.6129
24.6694,501,1.6161
24.6737,502,1.6194
24.6781,502,1.6194
24.6824,502,1.6194
24.6867,502,1.6194
24.6911,504,1.6258
24.6954,503,1.6226
24.6997,503,1.6226
24.7041,504,1.6258
24.7084,507,1.6355
24.7127,508,1.6387
24.7171,512,1.6516
24.7214,516,1.6645
24.7257,519,1.6742
24.7299,523,1.6871
24.7342,527,1.7000
24.7385,529,1.7065
24.7428,531,1.7129
24.7471,534,1.7226
24.7514,538,1.7355
24.7557,541,1.7452
24.7600,542,1.7484
24.7643,543,1.7516
24.7686,544,1.7548
24.7729,545,1.7581
24.7772,546,1.7613
24.7815,545,1.7581
24.7858,544,1.7548
24.7901,543,1.7516
24.7944,542,1.7484
24.7988,538,1.7355
24.8032,538,1.7355
24.8076,536,1.7290
24.8119,532,1.7161
24.8163,531,1.7129
24.8206,527,1.7000
24.8250,524,1.6903
24.8293,521,1.6806
24.8336,518,1.6710
24.8380,515,1.6613
24.8423,511,1.6484
24.8466,507,1.6355
24.8510,505,1.6290
24.8553,501,1.6161
24.8596,498,1.6065
24.8640,496,1.6000
24.8683,497,1.6032
24.8726,498,1.6065
24.8770,499,1.6097
24.8813,499,1.6097
24.8857,500,1.6129
24.8900,499,1.6097
24.8943,500,1.6129
24.8987,500,1.6129
24.9031,501,1.6161
24.9074,501,1.6161
24.9118,503,1.6226
24.9160,503,1.6226
24.9203,503,1.6226
24.9247,503,1.6226
24.9290,505,1.6290
24.9333,510,1.6452
24.9375,513,1.6548
24.9418,516,1.6645
24.9461,520,1.6774
24.9504,522,1.6839
24.9547,524,1.6903
24.9590,526,1.6968
24.9633,526,1.6968
24.9676,524,1.6903
24.9719,523,1.6871
24.9762,520,1.6774
24.9805,518,1.6710
24.9848,514,1.6581
24.9891,511,1.6484
24.9933,507,1.6355
24.9976,503,1.6226
25.0019,502,1.6194
25.0062,502,1.6194
25.0106,503,1.6226
25.0149,502,1.6194
25.0198,503,1.6226
25.0242,504,1.6258
25.0328,506,1.6323
25.0374,507,1.6355
25.0418,506,1.6323
25.0461,506,1.6323
25.0505,505,1.6290
25.0549,504,1.6258
25.0592,499,1.6097
25.0635,492,1.5871
25.0678,487,1.5710
25.0721,495,1.5968
25.0764,518,1.6710
25.0806,555,1.7903
25.0849,599,1.9323
25.0892,642,2.0710
25.0934,663,2.1387
25.0977,653,2.1065
25.1020,619,1.9968
25.1063,572,1.8452
25.1106,527,1.7000
25.1148,497,1.6032
25.1191,484,1.5613
25.1233,480,1.5484
25.1276,485,1.5645
25.1319,491,1.5839
25.1361,496,1.6000
25.1404,497,1.6032
25.1446,498,1.6065
25.1489,499,1.6097
25.1532,500,1.6129
25.1574,500,1.6129
25.1617,503,1.6226
25.1659,503,1.6226
25.1702,502,1.6194
25.1744,501,1.6161
25.1787,502,1.6194
25.1829,503,1.6226
25.1872,503,1.6226
25.1914,503,1.6226
25.1957,503,1.6226
25.1999,503,1.6226
25.2042,504,1.6258
25.2084,507,1.6355
25.2128,510,1.6452
25.2171,514,1.6581
25.2214,518,1.6710
25.2256,522,1.6839
25.2299,524,1.6903
25.2342,527,1.7000
25.2385,531,1.7129
25.2428,534,1.7226
25.2471,536,1.7290
25.2514,538,1.7355
25.2557,541,1.7452
25.2600,543,1.7516
25.2643,544,1.7548
25.2686,545,1.7581
25.2729,546,1.7613
25.2772,545,1.7581
25.2814,546,1.7613
25.2857,545,1.7581
25.2904,544,1.7548
25.2947,543,1.7516
25.2990,540,1.7419
25.3033,539,1.7387
25.3076,537,1.7323
25.3119,534,1.7226
25.3162,531,1.7129
25.3205,527,1.7000
25.3248,526,1.6968
25.3291,520,1.6774
25.3334,516,1.6645
25.3376,514,1.6581
25.3419,511,1.6484
25.3462,508,1.6387
25.3505,506,1.6323
25.3548,503,1.6226
25.3590,499,1.6097
25.3634,498,1.6065
25.3676,498,1.6065
25.3719,497,1.6032
25.3763,499,1.6097
25.3805,500,1.6129
25.3848,500,1.6129
25.3891,500,1.6129
25.3933,501,1.6161
25.3978,500,1.6129
25.4022,501,1.6161
25.4066,502,1.6194
25.4109,503,1.6226
25.4152,503,1.6226
25.4195,503,1.6226
25.4238,505,1.6290
25.4280,507,1.6355
25.4323,509,1.6419
25.4365,514,1.6581
25.4408,519,1.6742
25.4450,522,1.6839
25.4493,524,1.6903
25.4535,527,1.7000
25.4578,528,1.7032
25.4620,529,1.7065
25.4663,527,1.7000
25.4705,526,1.6968
25.4748,524,1.6903
25.4791,521,1.6806
25.4833,517,1.6677
25.4876,514,1.6581
25.4918,511,1.6484
25.4961,507,1.6355
25.5004,504,1.6258
25.5046,503,1.6226
25.5089,503,1.6226
25.5132,503,1.6226
25.5175,504,1.6258
25.5218,504,1.6258
25.5261,505,1.6290
25.5304,504,1.6258
25.5347,506,1.6323
25.5390,506,1.6323
25.5433,506,1.6323
25.5475,506,1.6323
25.5518,507,1.6355
25.5561,507,1.6355
25.5604,507,1.6355
25.5647,506,1.6323
25.5690,500,1.6129
25.5732,491,1.5839
25.5775,485,1.5645
25.5818,493,1.5903
25.5861,516,1.6645
25.5904,550,1.7742
25.5947,595,1.9194
25.5989,638,2.0581
25.6033,662,2.1355
25.6075,654,2.1097
25.6118,622,2.0065
25.6161,576,1.8581
25.6204,531,1.7129
25.6247,501,1.6161
25.6290,486,1.5677
25.6333,482,1.5548
25.6376,485,1.5645
25.6418,492,1.5871
25.6462,496,1.6000
25.6504,498,1.6065
25.6547,498,1.6065
25.6590,499,1.6097
25.6633,500,1.6129
25.6676,501,1.6161
25.6719,500,1.6129
25.6761,500,1.6129
25.6804,500,1.6129
25.6847,501,1.6161
25.6890,501,1.6161
25.6932,502,1.6194
25.6975,502,1.6194
25.7019,503,1.6226
25.7063,502,1.6194
25.7106,504,1.6258
25.7149,505,1.6290
25.7192,507,1.6355
25.7235,511,1.6484
25.7278,513,1.6548
25.7320,516,1.6645
25.7362,516,1.6645
25.7405,518,1.6710
25.7448,520,1.6774
25.7491,524,1.6903
25.7533,527,1.7000
25.7575,531,1.7129
25.7618,533,1.7194
25.7661,536,1.7290
25.7704,538,1.7355
25.7746,540,1.7419
25.7788,542,1.7484
25.7831,542,1.7484
25.7873,543,1.7516
25.7916,544,1.7548
25.7959,546,1.7613
25.8001,546,1.7613
25.8044,544,1.7548
25.8086,544,1.7548
25.8129,542,1.7484
25.8172,541,1.7452
25.8215,540,1.7419
25.8258,537,1.7323
25.8301,533,1.7194
25.8344,531,1.7129
25.8386,527,1.7000
25.8429,525,1.6935
25.8472,523,1.6871
25.8515,517,1.6677
25.8558,514,1.6581
25.8600,511,1.6484
25.8643,508,1.6387
25.8686,505,1.6290
25.8729,503,1.6226
25.8772,499,1.6097
25.8815,497,1.6032
25.8858,497,1.6032
25.8900,497,1.6032
25.8943,498,1.6065
25.8986,497,1.6032
25.9028,498,1.6065
25.9071,499,1.6097
25.9114,500,1.6129
25.9157,500,1.6129
25.9200,500,1.6129
25.9243,502,1.6194
25.9285,502,1.6194
25.9329,502,1.6194
25.9372,503,1.6226
25.9414,503,1.6226
25.9457,506,1.6323
25.9500,507,1.6355
25.9543,511,1.6484
25.9585,515,1.6613
25.9628,519,1.6742
25.9671,522,1.6839
25.9714,524,1.6903
25.9758,526,1.6968
25.9800,526,1.6968
25.9843,526,1.6968
25.9886,526,1.6968
25.9929,523,1.6871
25.9972,520,1.6774
26.0014,518,1.6710
26.0057,514,1.6581
26.0100,511,1.6484
26.0143,508,1.6387
26.0186,504,1.6258
26.0229,502,1.6194
26.0272,502,1.6194
26.0315,503,1.6226
26.0358,503,1.6226
26.0401,504,1.6258
26.0444,504,1.6258
26.0486,504,1.6258
26.0529,505,1.6290
26.0572,505,1.6290
26.0615,505,1.6290
26.0657,505,1.6290
26.0700,507,1.6355
26.0743,506,1.6323
26.0786,501,1.6161
26.0829,492,1.5871
26.0872,485,1.5645
26.0914,492,1.5871
26.0957,513,1.6548
26.1000,548,1.7677
26.1043,591,1.9065
26.1086,634,2.0452
26.1128,662,2.1355
26.1172,657,2.1194
26.1215,626,2.0194
26.1258,580,1.8710
26.1301,536,1.7290
26.1343,503,1.6226
26.1386,487,1.5710
26.1429,483,1.5581
26.1472,486,1.5677
26.1514,492,1.5871
26.1557,496,1.6000
26.1600,498,1.6065
26.1643,499,1.6097
26.1685,501,1.6161
26.1728,501,1.6161
26.1772,502,1.6194
26.1814,502,1.6194
26.1858,502,1.6194
26.1900,502,1.6194
26.1943,502,1.6194
26.1986,502,1.6194
26.2029,501,1.6161
26.2072,503,1.6226
26.2114,503,1.6226
26.2157,503,1.6226
26.2200,504,1.6258
26.2244,504,1.6258
26.2286,507,1.6355
26.2329,510,1.6452
26.2372,512,1.6516
26.2415,515,1.6613
26.2457,519,1.6742
26.2500,523,1.6871
26.2543,526,1.6968
26.2585,529,1.7065
26.2628,532,1.7161
26.2671,537,1.7323
26.2714,539,1.7387
26.2757,541,1.7452
26.2800,544,1.7548
26.2843,544,1.7548
26.2885,546,1.7613
26.2928,547,1.7645
26.2972,547,1.7645
26.3016,547,1.7645
26.3060,546,1.7613
26.3104,545,1.7581
26.3146,543,1.7516
26.3189,540,1.7419
26.3232,539,1.7387
26.3276,537,1.7323
26.3318,533,1.7194
26.3360,532,1.7161
26.3403,529,1.7065
26.3446,527,1.7000
26.3488,524,1.6903
26.3531,521,1.6806
26.3573,518,1.6710
26.3616,515,1.6613
26.3658,511,1.6484
26.3701,507,1.6355
26.3744,504,1.6258
26.3786,500,1.6129
26.3829,498,1.6065
26.3871,497,1.6032
26.3914,496,1.6000
26.3957,497,1.6032
26.3999,498,1.6065
26.4041,498,1.6065
26.4084,499,1.6097
26.4127,498,1.6065
26.4169,499,1.6097
26.4212,501,1.6161
26.4255,501,1.6161
26.4298,500,1.6129
26.4341,499,1.6097
26.4384,501,1.6161
26.4426,501,1.6161
26.4469,503,1.6226
26.4512,504,1.6258
26.4555,508,1.6387
26.4598,511,1.6484
26.4640,516,1.6645
26.4683,519,1.6742
26.4726,522,1.6839
26.4769,525,1.6935
26.4812,527,1.7000
26.4855,527,1.7000
26.4897,527,1.7000
26.4940,527,1.7000
26.4983,525,1.6935
26.5026,523,1.6871
26.5068,520,1.6774
26.5111,516,1.6645
26.5154,513,1.6548
26.5197,509,1.6419
26.5240,507,1.6355
26.5283,505,1.6290
26.5326,504,1.6258
26.5369,504,1.6258
26.5411,504,1.6258
26.5454,504,1.6258
26.5497,504,1.6258
26.5540,506,1.6323
26.5582,506,1.6323
26.5625,506,1.6323
26.5668,506,1.6323
26.5710,505,1.6290
26.5754,505,1.6290
26.5797,502,1.6194
26.5840,499,1.6097
26.5882,491,1.5839
26.5925,486,1.5677
26.5969,493,1.5903
26.6013,517,1.6677
26.6056,553,1.7839
26.6100,599,1.9323
26.6144,642,2.0710
26.6187,663,2.1387
26.6230,653,2.1065
26.6273,619,1.9968
26.6316,572,1.8452
26.6359,527,1.7000
26.6401,498,1.6065
26.6444,484,1.5613
26.6486,482,1.5548
26.6529,485,1.5645
26.6572,492,1.5871
26.6614,497,1.6032
26.6657,499,1.6097
26.6699,500,1.6129
26.6742,499,1.6097
26.6784,499,1.6097
26.6827,500,1.6129
26.6869,500,1.6129
26.6911,501,1.6161
26.6954,501,1.6161
26.6996,501,1.6161
26.7039,502,1.6194
26.7081,502,1.6194
26.7124,503,1.6226
26.7166,503,1.6226
26.7210,502,1.6194
26.7253,502,1.6194
26.7296,504,1.6258
26.7339,507,1.6355
26.7382,510,1.6452
26.7425,513,1.6548
26.7468,516,1.6645
26.7510,519,1.6742
26.7553,523,1.6871
26.7596,526,1.6968
26.7639,529,1.7065
26.7682,534,1.7226
26.7725,537,1.7323
26.7768,538,1.7355
26.7811,539,1.7387
26.7854,542,1.7484
26.7896,544,1.7548
26.7940,544,1.7548
26.7982,545,1.7581
26.8025,546,1.7613
26.8068,547,1.7645
26.8111,545,1.7581
26.8153,544,1.7548
26.8196,543,1.7516
26.8239,541,1.7452
26.8282,539,1.7387
26.8325,537,1.7323
26.8368,533,1.7194
26.8411,530,1.7097
26.8453,528,1.7032
26.8496,523,1.6871
26.8539,520,1.6774
26.8581,517,1.6677
26.8624,514,1.6581
26.8667,512,1.6516
26.8710,509,1.6419
26.8752,505,1.6290
26.8795,502,1.6194
26.8838,499,1.6097
26.8881,499,1.6097
26.8924,498,1.6065
26.8966,500,1.6129
26.9010,500,1.6129
26.9052,500,1.6129
26.9095,501,1.6161
26.9138,500,1.6129
26.9181,501,1.6161
26.9224,501,1.6161
26.9266,501,1.6161
26.9309,501,1.6161
26.9352,501,1.6161
26.9395,502,1.6194
26.9438,503,1.6226
26.9481,504,1.6258
26.9524,504,1.6258
26.9567,505,1.6290
26.9609,509,1.6419
26.9652,513,1.6548
26.9695,516,1.6645
26.9738,520,1.6774
26.9780,521,1.6806
26.9824,524,1.6903
26.9866,526,1.6968
26.9909,527,1.7000
26.9952,527,1.7000
26.9995,526,1.6968
27.0038,523,1.6871
27.0081,521,1.6806
27.0123,519,1.6742
27.0166,515,1.6613
27.0209,512,1.6516
27.0252,507,1.6355
27.0295,504,1.6258
27.0338,503,1.6226
27.0381,504,1.6258
27.0423,503,1.6226
27.0503,504,1.6258
27.0547,505,1.6290
27.0590,504,1.6258
27.0633,504,1.6258
27.0676,504,1.6258
27.0719,505,1.6290
27.0762,505,1.6290
27.0804,506,1.6323
27.0848,504,1.6258
27.0890,499,1.6097
27.0933,492,1.5871
27.0976,487,1.5710
27.1019,494,1.5935
27.1062,517,1.6677
27.1105,553,1.7839
27.1147,597,1.9258
27.1190,640,2.0645
27.1233,663,2.1387
27.1276,655,2.1129
27.1319,622,2.0065
27.1362,576,1.8581
27.1405,531,1.7129
27.1447,499,1.6097
27.1490,485,1.5645
27.1533,481,1.5516
27.1576,484,1.5613
27.1619,491,1.5839
27.1662,497,1.6032
27.1706,499,1.6097
27.1749,499,1.6097
27.1792,500,1.6129
27.1835,500,1.6129
27.1878,500,1.6129
27.1920,501,1.6161
27.1963,501,1.6161
27.2007,501,1.6161
27.2051,502,1.6194
27.2095,502,1.6194
27.2138,503,1.6226
27.2181,503,1.6226
27.2224,503,1.6226
27.2267,503,1.6226
27.2310,504,1.6258
27.2353,505,1.6290
27.2395,507,1.6355
27.2438,511,1.6484
27.2481,514,1.6581
27.2523,518,1.6710
27.2566,521,1.6806
27.2608,524,1.6903
27.2651,527,1.7000
27.2694,531,1.7129
27.2736,532,1.7161
27.2779,537,1.7323
27.2822,539,1.7387
27.2864,542,1.7484
27.2907,542,1.7484
27.2950,544,1.7548
27.2992,545,1.7581
27.3035,546,1.7613
27.3077,547,1.7645
27.3120,546,1.7613
27.3163,545,1.7581
27.3205,544,1.7548
27.3248,544,1.7548
27.3291,541,1.7452
27.3334,538,1.7355
27.3377,536,1.7290
27.3420,532,1.7161
27.3463,530,1.7097
27.3506,528,1.7032
27.3548,524,1.6903
27.3591,519,1.6742
27.3634,516,1.6645
27.3677,512,1.6516
27.3720,510,1.6452
27.3762,506,1.6323
27.3805,504,1.6258
27.3848,501,1.6161
27.3891,499,1.6097
27.3934,497,1.6032
27.3976,497,1.6032
27.4019,498,1.6065
27.4062,500,1.6129
27.4105,499,1.6097
27.4148,499,1.6097
27.4191,500,1.6129
27.4234,500,1.6129
27.4278,502,1.6194
27.4321,502,1.6194
27.4365,502,1.6194
27.4408,502,1.6194
27.4451,502,1.6194
27.4494,502,1.6194
27.4538,504,1.6258
27.4581,506,1.6323
27.4624,508,1.6387
27.4668,512,1.6516
27.4711,516,1.6645
27.4754,520,1.6774
27.4797,522,1.6839
27.4841,525,1.6935
27.4884,525,1.6935
27.4927,524,1.6903
27.4971,524,1.6903
27.5016,523,1.6871
27.5060,521,1.6806
27.5104,519,1.6742
27.5148,515,1.6613
27.5191,512,1.6516
27.5234,508,1.6387
27.5278,504,1.6258
27.5321,502,1.6194
27.5364,501,1.6161
27.5407,502,1.6194
27.5450,503,1.6226
27.5493,504,1.6258
27.5536,504,1.6258
27.5579,504,1.6258
27.5622,505,1.6290
27.5665,504,1.6258
27.5707,504,1.6258
27.5750,505,1.6290
27.5793,504,1.6258
27.5837,503,1.6226
27.5880,499,1.6097
27.5923,492,1.5871
27.5966,485,1.5645
27.6009,488,1.5742
27.6052,508,1.6387
27.6095,541,1.7452
27.6138,585,1.8871
27.6181,629,2.0290
27.6224,661,2.1323
27.6266,660,2.1290
27.6309,630,2.0323
27.6353,587,1.8935
27.6396,539,1.7387
27.6440,504,1.6258
27.6483,486,1.5677
27.6526,479,1.5452
27.6569,483,1.5581
27.6613,491,1.5839
27.6656,496,1.6000
27.6699,498,1.6065
27.6743,500,1.6129
27.6786,499,1.6097
27.6829,498,1.6065
27.6873,499,1.6097
27.6916,499,1.6097
27.6959,499,1.6097
27.7002,499,1.6097
27.7046,500,1.6129
27.7089,501,1.6161
27.7132,502,1.6194
27.7175,502,1.6194
27.7219,502,1.6194
27.7262,503,1.6226
27.7305,504,1.6258
27.7349,504,1.6258
27.7392,507,1.6355
27.7435,512,1.6516
27.7478,516,1.6645
27.7520,518,1.6710
27.7563,522,1.6839
27.7606,524,1.6903
27.7649,527,1.7000
27.7692,530,1.7097
27.7735,534,1.7226
27.7778,535,1.7258
27.7821,539,1.7387
27.7864,542,1.7484
27.7907,543,1.7516
27.7950,544,1.7548
27.7993,544,1.7548
27.8036,545,1.7581
27.8079,547,1.7645
27.8122,547,1.7645
27.8165,547,1.7645
27.8208,546,1.7613
27.8251,545,1.7581
27.8294,541,1.7452
27.8337,539,1.7387
27.8380,536,1.7290
27.8424,533,1.7194
27.8467,531,1.7129
27.8510,526,1.6968
27.8554,523,1.6871
27.8597,520,1.6774
27.8640,518,1.6710
27.8683,514,1.6581
27.8727,511,1.6484
27.8770,507,1.6355
27.8814,505,1.6290
27.8857,502,1.6194
27.8901,500,1.6129
27.8944,498,1.6065
27.8987,499,1.6097
27.9030,499,1.6097
27.9074,499,1.6097
27.9117,500,1.6129
27.9160,500,1.6129
27.9204,500,1.6129
27.9247,501,1.6161
27.9291,502,1.6194
27.9334,503,1.6226
27.9377,502,1.6194
27.9420,501,1.6161
27.9463,502,1.6194
27.9506,502,1.6194
27.9549,504,1.6258
27.9591,506,1.6323
27.9634,510,1.6452
27.9677,514,1.6581
27.9720,518,1.6710
27.9763,521,1.6806
27.9806,524,1.6903
27.9849,526,1.6968
27.9892,528,1.7032
27.9935,527,1.7000
27.9978,525,1.6935
28.0021,525,1.6935
28.0064,522,1.6839
28.0107,520,1.6774
28.0150,517,1.6677
28.0192,513,1.6548
28.0235,509,1.6419
28.0278,506,1.6323
28.0322,503,1.6226
28.0365,503,1.6226
28.0409,502,1.6194
28.0452,503,1.6226
28.0495,503,1.6226
28.0539,504,1.6258
28.0582,504,1.6258
28.0625,503,1.6226
28.0668,505,1.6290
28.0712,505,1.6290
28.0755,505,1.6290
28.0798,505,1.6290
28.0842,504,1.6258
28.0885,500,1.6129
28.0929,491,1.5839
28.0973,485,1.5645
28.1017,492,1.5871
28.1061,515,1.6613
28.1105,551,1.7774
28.1149,595,1.9194
28.1192,639,2.0613
28.1235,663,2.1387
28.1278,654,2.1097
28.1323,619,1.9968
28.1366,572,1.8452
28.1409,525,1.6935
28.1452,497,1.6032
28.1495,483,1.5581
28.1538,479,1.5452
28.1581,484,1.5613
28.1624,491,1.5839
28.1667,495,1.5968
28.1710,499,1.6097
28.1753,498,1.6065
28.1795,497,1.6032
28.1838,498,1.6065
28.1881,499,1.6097
28.1924,500,1.6129
28.1967,499,1.6097
28.2011,499,1.6097
28.2054,499,1.6097
28.2096,500,1.6129
28.2140,501,1.6161
28.2182,502,1.6194
28.2225,502,1.6194
28.2268,502,1.6194
28.2311,502,1.6194
28.2354,504,1.6258
28.2398,507,1.6355
28.2441,511,1.6484
28.2485,514,1.6581
28.2528,517,1.6677
28.2572,520,1.6774
28.2615,523,1.6871
28.2658,526,1.6968
28.2701,529,1.7065
28.2745,534,1.7226
28.2788,534,1.7226
28.2831,538,1.7355
28.2875,540,1.7419
28.2918,542,1.7484
28.2961,544,1.7548
28.3005,544,1.7548
28.3048,544,1.7548
28.3091,545,1.7581
28.3134,546,1.7613
28.3178,544,1.7548
28.3221,543,1.7516
28.3264,540,1.7419
28.3308,539,1.7387
28.3352,537,1.7323
28.3395,534,1.7226
28.3439,532,1.7161
28.3481,528,1.7032
28.3524,526,1.6968
28.3567,523,1.6871
28.3610,519,1.6742
28.3653,516,1.6645
28.3696,512,1.6516
28.3739,508,1.6387
28.3782,505,1.6290
28.3825,503,1.6226
28.3868,500,1.6129
28.3911,499,1.6097
28.3954,499,1.6097
28.3998,498,1.6065
28.4042,499,1.6097
28.4086,500,1.6129
28.4129,500,1.6129
28.4172,499,1.6097
28.4215,501,1.6161
28.4258,501,1.6161
28.4301,501,1.6161
28.4344,501,1.6161
28.4387,501,1.6161
28.4430,502,1.6194
28.4473,503,1.6226
28.4516,504,1.6258
28.4559,504,1.6258
28.4601,507,1.6355
28.4644,511,1.6484
28.4687,516,1.6645
28.4729,518,1.6710
28.4772,520,1.6774
28.4815,524,1.6903
28.4857,527,1.7000
28.4900,527,1.7000
28.4943,526,1.6968
28.4985,527,1.7000
28.5028,526,1.6968
28.5072,524,1.6903
28.5114,520,1.6774
28.5157,516,1.6645
28.5200,513,1.6548
28.5243,508,1.6387
28.5286,506,1.6323
28.5328,503,1.6226
28.5371,503,1.6226
28.5414,503,1.6226
28.5457,504,1.6258
28.5500,505,1.6290
28.5542,505,1.6290
28.5585,505,1.6290
28.5628,506,1.6323
28.5671,507,1.6355
28.5713,506,1.6323
28.5756,506,1.6323
28.5799,506,1.6323
28.5842,505,1.6290
28.5884,500,1.6129
28.5927,492,1.5871
28.5970,486,1.5677
28.6013,492,1.5871
28.6056,512,1.6516
28.6098,547,1.7645
28.6141,589,1.9000
28.6184,632,2.0387
28.6227,661,2.1323
28.6270,661,2.1323
28.6312,630,2.0323
28.6355,586,1.8903
28.6398,538,1.7355
28.6441,503,1.6226
28.6484,486,1.5677
28.6527,481,1.5516
28.6570,483,1.5581
28.6613,490,1.5806
28.6656,497,1.6032
28.6699,500,1.6129
28.6742,500,1.6129
28.6785,500,1.6129
28.6828,499,1.6097
28.6871,500,1.6129
28.6914,499,1.6097
28.6957,499,1.6097
28.7000,500,1.6129
28.7043,500,1.6129
28.7086,501,1.6161
28.7129,501,1.6161
28.7172,503,1.6226
28.7215,502,1.6194
28.7259,502,1.6194
28.7302,503,1.6226
28.7345,503,1.6226
28.7388,506,1.6323
28.7431,510,1.6452
28.7474,513,1.6548
28.7517,517,1.6677
28.7560,520,1.6774
28.7603,524,1.6903
28.7646,528,1.7032
28.7689,531,1.7129
28.7732,534,1.7226
28.7775,536,1.7290
28.7818,537,1.7323
28.7861,541,1.7452
28.7905,543,1.7516
28.7948,544,1.7548
28.7991,545,1.7581
28.8034,544,1.7548
28.8077,545,1.7581
28.8120,546,1.7613
28.8169,544,1.7548
28.8212,544,1.7548
28.8256,541,1.7452
28.8299,540,1.7419
28.8342,537,1.7323
28.8385,534,1.7226
28.8428,534,1.7226
28.8471,531,1.7129
28.8514,529,1.7065
28.8557,526,1.6968
28.8600,523,1.6871
28.8643,521,1.6806
28.8685,518,1.6710
28.8728,515,1.6613
28.8771,511,1.6484
28.8813,508,1.6387
28.8856,505,1.6290
28.8899,501,1.6161
28.8942,498,1.6065
28.8984,498,1.6065
28.9027,498,1.6065
28.9070,498,1.6065
28.9113,499,1.6097
28.9155,498,1.6065
28.9198,498,1.6065
28.9241,498,1.6065
28.9283,499,1.6097
28.9326,500,1.6129
28.9369,500,1.6129
28.9412,500,1.6129
28.9454,501,1.6161
28.9497,502,1.6194
28.9540,502,1.6194
28.9583,502,1.6194
28.9626,503,1.6226
28.9669,508,1.6387
28.9712,511,1.6484
28.9755,515,1.6613
28.9798,519,1.6742
28.9841,522,1.6839
28.9884,523,1.6871
28.9927,525,1.6935
28.9971,525,1.6935
29.0027,524,1.6903
29.0071,522,1.6839
29.0115,519,1.6742
29.0158,517,1.6677
29.0201,515,1.6613
29.0244,512,1.6516
29.0287,509,1.6419
29.0331,506,1.6323
29.0374,503,1.6226
29.0418,502,1.6194
29.0461,502,1.6194
29.0503,504,1.6258
29.0546,503,1.6226
29.0589,503,1.6226
29.0632,504,1.6258
29.0674,506,1.6323
29.0717,507,1.6355
29.0760,508,1.6387
29.0803,507,1.6355
29.0845,507,1.6355
29.0888,506,1.6323
29.0931,503,1.6226
29.0974,495,1.5968
29.1016,487,1.5710
29.1059,491,1.5839
29.1102,509,1.6419
29.1145,543,1.7516
29.1188,583,1.8806
29.1234,633,2.0419
29.1277,662,2.1355
29.1320,661,2.1323
29.1362,631,2.0355
29.1405,586,1.8903
29.1448,540,1.7419
29.1490,505,1.6290
29.1533,487,1.5710
29.1576,480,1.5484
29.1618,481,1.5516
29.1661,488,1.5742
29.1704,493,1.5903
29.1747,498,1.6065
29.1789,498,1.6065
29.1832,499,1.6097
29.1874,500,1.6129
29.1917,501,1.6161
29.1960,501,1.6161
29.2003,502,1.6194
29.2046,502,1.6194
29.2088,503,1.6226
29.2131,501,1.6161
29.2173,502,1.6194
29.2216,502,1.6194
29.2259,503,1.6226
29.2302,504,1.6258
29.2344,504,1.6258
29.2387,504,1.6258
29.2430,506,1.6323
29.2472,509,1.6419
29.2515,513,1.6548
29.2558,516,1.6645
29.2601,520,1.6774
29.2643,523,1.6871
29.2686,526,1.6968
29.2729,528,1.7032
29.2772,531,1.7129
29.2814,534,1.7226
29.2857,537,1.7323
29.2900,539,1.7387
29.2944,542,1.7484
29.2988,542,1.7484
29.3068,543,1.7516
29.3113,544,1.7548
29.3156,546,1.7613
29.3200,543,1.7516
29.3244,543,1.7516
29.3287,542,1.7484
29.3330,539,1.7387
29.3374,537,1.7323
29.3417,535,1.7258
29.3460,533,1.7194
29.3504,529,1.7065
29.3547,525,1.6935
29.3590,523,1.6871
29.3633,519,1.6742
29.3676,517,1.6677
29.3718,513,1.6548
29.3761,511,1.6484
29.3804,508,1.6387
29.3847,504,1.6258
29.3890,502,1.6194
29.3933,498,1.6065
29.3976,495,1.5968
29.4019,496,1.6000
29.4062,497,1.6032
29.4105,499,1.6097
29.4148,498,1.6065
29.4191,498,1.6065
29.4234,499,1.6097
29.4277,500,1.6129
29.4320,501,1.6161
29.4363,500,1.6129
29.4406,501,1.6161
29.4450,501,1.6161
29.4493,502,1.6194
29.4537,502,1.6194
29.4580,501,1.6161
29.4623,503,1.6226
29.4667,504,1.6258
29.4710,507,1.6355
29.4753,510,1.6452
29.4797,513,1.6548
29.4840,516,1.6645
29.4883,520,1.6774
29.4927,522,1.6839
29.4970,524,1.6903
29.5014,526,1.6968
29.5057,526,1.6968
29.5100,526,1.6968
29.5144,524,1.6903
29.5187,522,1.6839
29.5232,519,1.6742
29.5276,516,1.6645
29.5319,513,1.6548
29.5362,510,1.6452
29.5405,506,1.6323
29.5449,504,1.6258
29.5492,505,1.6290
29.5535,504,1.6258
29.5578,506,1.6323
29.5621,506,1.6323
29.5664,507,1.6355
29.5707,505,1.6290
29.5750,507,1.6355
29.5793,507,1.6355
29.5836,506,1.6323
29.5879,507,1.6355
29.5922,507,1.6355
29.5965,506,1.6323
29.6007,501,1.6161
29.6050,492,1.5871
29.6093,487,1.5710
29.6136,492,1.5871
29.6179,513,1.6548
29.6222,548,1.7677
29.6265,590,1.9032
29.6308,637,2.0548
29.6351,664,2.1419
29.6394,659,2.1258
29.6437,627,2.0226
29.6480,583,1.8806
29.6524,536,1.7290
29.6567,503,1.6226
29.6610,487,1.5710
29.6654,482,1.5548
29.6697,485,1.5645
29.6740,491,1.5839
29.6784,497,1.6032
29.6827,499,1.6097
29.6871,499,1.6097
29.6914,501,1.6161
29.6957,501,1.6161
29.7001,500,1.6129
29.7044,501,1.6161
29.7087,501,1.6161
29.7131,502,1.6194
29.7174,502,1.6194
29.7217,502,1.6194
29.7261,502,1.6194
29.7304,503,1.6226
29.7347,504,1.6258
29.7391,503,1.6226
29.7434,503,1.6226
29.7478,505,1.6290
29.7522,508,1.6387
29.7565,512,1.6516
29.7608,516,1.6645
29.7651,518,1.6710
29.7694,521,1.6806
29.7737,524,1.6903
29.7780,527,1.7000
29.7822,532,1.7161
29.7865,536,1.7290
29.7908,538,1.7355
29.7951,540,1.7419
29.7994,542,1.7484
29.8037,542,1.7484
29.8080,543,1.7516
29.8123,546,1.7613
29.8166,546,1.7613
29.8209,547,1.7645
29.8252,546,1.7613
29.8295,545,1.7581
29.8338,544,1.7548
29.8381,542,1.7484
29.8424,541,1.7452
29.8467,538,1.7355
29.8510,536,1.7290
29.8554,532,1.7161
29.8597,530,1.7097
29.8641,525,1.6935
29.8684,522,1.6839
29.8727,518,1.6710
29.8772,515,1.6613
29.8815,512,1.6516
29.8858,509,1.6419
29.8901,508,1.6387
29.8945,504,1.6258
29.8989,500,1.6129
29.9034,498,1.6065
29.9078,499,1.6097
29.9122,498,1.6065
29.9166,498,1.6065
29.9209,498,1.6065
29.9253,499,1.6097
29.9296,498,1.6065
29.9342,499,1.6097
29.9385,500,1.6129
29.9429,501,1.6161
29.9472,500,1.6129
29.9516,500,1.6129
29.9559,500,1.6129
29.9602,500,1.6129
29.9645,501,1.6161
29.9688,504,1.6258
29.9731,508,1.6387
29.9774,513,1.6548
29.9817,515,1.6613
29.9860,519,1.6742
29.9903,522,1.6839
29.9945,525,1.6935
29.9988,525,1.6935
30.0031,526,1.6968
30.0074,525,1.6935
30.0117,524,1.6903
30.0160,523,1.6871
30.0203,520,1.6774
30.0246,518,1.6710
30.0290,515,1.6613
30.0334,511,1.6484
30.0379,506,1.6323
30.0424,504,1.6258
30.0468,503,1.6226
30.0511,503,1.6226
30.0555,503,1.6226
30.0599,504,1.6258
30.0642,505,1.6290
30.0685,505,1.6290
30.0728,504,1.6258
30.0771,504,1.6258
30.0819,505,1.6290
30.0862,506,1.6323
30.0905,508,1.6387
30.0948,506,1.6323
30.0991,503,1.6226
30.1035,495,1.5968
30.1078,486,1.5677
30.1121,487,1.5710
30.1164,502,1.6194
30.1207,534,1.7226
30.1250,574,1.8516
30.1293,621,2.0032
30.1336,656,2.1161
30.1379,661,2.1323
30.1422,639,2.0613
30.1465,598,1.9290
30.1508,552,1.7806
30.1551,511,1.6484
30.1595,489,1.5774
30.1638,480,1.5484
30.1681,481,1.5516
30.1724,488,1.5742
30.1767,494,1.5935
30.1810,498,1.6065
30.1853,499,1.6097
30.1896,499,1.6097
30.1939,499,1.6097
30.1983,499,1.6097
30.2030,500,1.6129
30.2075,501,1.6161
30.2118,501,1.6161
30.2161,501,1.6161
30.2204,500,1.6129
30.2247,501,1.6161
30.2291,504,1.6258
30.2334,504,1.6258
30.2376,505,1.6290
30.2419,504,1.6258
30.2462,505,1.6290
30.2505,507,1.6355
30.2548,509,1.6419
30.2592,512,1.6516
30.2635,514,1.6581
30.2678,518,1.6710
30.2721,522,1.6839
30.2764,525,1.6935
30.2807,527,1.7000
30.2849,531,1.7129
30.2892,534,1.7226
30.2935,535,1.7258
30.2978,539,1.7387
30.3021,540,1.7419
30.3064,544,1.7548
30.3107,544,1.7548
30.3150,545,1.7581
30.3193,545,1.7581
30.3236,547,1.7645
30.3279,546,1.7613
30.3322,545,1.7581
30.3365,544,1.7548
30.3408,542,1.7484
30.3451,538,1.7355
30.3494,536,1.7290
30.3538,534,1.7226
30.3581,531,1.7129
30.3624,528,1.7032
30.3668,525,1.6935
30.3711,521,1.6806
30.3754,516,1.6645
30.3798,513,1.6548
30.3841,510,1.6452
30.3884,507,1.6355
30.3928,504,1.6258
30.3971,502,1.6194
30.4015,498,1.6065
30.4058,497,1.6032
30.4101,498,1.6065
30.4145,499,1.6097
30.4188,500,1.6129
30.4231,499,1.6097
30.4275,499,1.6097
30.4318,501,1.6161
30.4361,500,1.6129
30.4405,500,1.6129
30.4448,501,1.6161
30.4491,502,1.6194
30.4534,503,1.6226
30.4578,503,1.6226
30.4621,503,1.6226
30.4664,503,1.6226
30.4707,506,1.6323
30.4750,509,1.6419
30.4793,512,1.6516
30.4836,516,1.6645
30.4878,520,1.6774
30.4921,524,1.6903
30.4964,526,1.6968
30.5007,527,1.7000
30.5050,527,1.7000
30.5093,526,1.6968
30.5136,525,1.6935
30.5179,522,1.6839
30.5222,520,1.6774
30.5265,517,1.6677
30.5308,513,1.6548
30.5351,509,1.6419
30.5394,505,1.6290
30.5437,503,1.6226
30.5480,502,1.6194
30.5523,504,1.6258
30.5567,503,1.6226
30.5610,504,1.6258
30.5653,505,1.6290
30.5697,505,1.6290
30.5740,506,1.6323
30.5783,505,1.6290
30.5827,507,1.6355
30.5870,506,1.6323
30.5917,507,1.6355
30.5961,505,1.6290
30.6004,501,1.6161
30.6048,493,1.5903
30.6091,486,1.5677
30.6134,491,1.5839
30.6178,512,1.6516
30.6221,547,1.7645
30.6264,590,1.9032
30.6308,636,2.0516
30.6351,662,2.1355
30.6394,656,2.1161
30.6438,626,2.0194
30.6481,582,1.8774
30.6524,536,1.7290
30.6568,502,1.6194
30.6612,486,1.5677
30.6655,482,1.5548
30.6698,486,1.5677
30.6741,492,1.5871
30.6784,496,1.6000
30.6827,498,1.6065
30.6870,499,1.6097
30.6913,499,1.6097
30.6956,500,1.6129
30.6999,500,1.6129
30.7042,499,1.6097
30.7085,500,1.6129
30.7128,499,1.6097
30.7171,500,1.6129
30.7214,500,1.6129
30.7257,500,1.6129
30.7300,501,1.6161
30.7343,502,1.6194
30.7386,503,1.6226
30.7429,504,1.6258
30.7472,504,1.6258
30.7515,507,1.6355
30.7558,511,1.6484
30.7601,514,1.6581
30.7644,517,1.6677
30.7688,520,1.6774
30.7731,524,1.6903
30.7774,526,1.6968
30.7817,530,1.7097
30.7861,534,1.7226
30.7904,538,1.7355
30.7947,540,1.7419
30.7991,542,1.7484
30.8035,542,1.7484
30.8080,543,1.7516
30.8124,545,1.7581
30.8168,547,1.7645
30.8211,546,1.7613
30.8255,546,1.7613
30.8298,544,1.7548
30.8341,543,1.7516
30.8385,541,1.7452
30.8428,539,1.7387
30.8472,537,1.7323
30.8515,535,1.7258
30.8558,532,1.7161
30.8602,528,1.7032
30.8645,525,1.6935
30.8688,522,1.6839
30.8731,520,1.6774
30.8774,516,1.6645
30.8817,513,1.6548
30.8860,510,1.6452
30.8903,506,1.6323
30.8946,503,1.6226
30.8989,499,1.6097
30.9031,497,1.6032
30.9076,497,1.6032
30.9119,497,1.6032
30.9162,497,1.6032
30.9205,497,1.6032
30.9248,497,1.6032
30.9291,497,1.6032
30.9334,499,1.6097
30.9377,498,1.6065
30.9420,500,1.6129
30.9463,501,1.6161
30.9506,501,1.6161
30.9549,501,1.6161
30.9591,501,1.6161
30.9634,502,1.6194
30.9678,504,1.6258
30.9722,508,1.6387
30.9765,511,1.6484
30.9808,514,1.6581
30.9851,517,1.6677
30.9895,519,1.6742
30.9938,523,1.6871
30.9981,524,1.6903
31.0024,524,1.6903
31.0068,526,1.6968
31.0111,525,1.6935
31.0154,524,1.6903
31.0198,520,1.6774
31.0241,518,1.6710
31.0284,514,1.6581
31.0328,509,1.6419
31.0372,506,1.6323
31.0415,502,1.6194
31.0458,502,1.6194
31.0501,502,1.6194
31.0545,504,1.6258
31.0588,504,1.6258
31.0631,505,1.6290
31.0674,505,1.6290
31.0717,506,1.6323
31.0760,506,1.6323
31.0803,507,1.6355
31.0846,507,1.6355
31.0889,507,1.6355
31.0932,508,1.6387
31.0975,505,1.6290
31.1020,499,1.6097
31.1063,491,1.5839
31.1107,486,1.5677
31.1150,497,1.6032
31.1194,523,1.6871
31.1237,562,1.8129
31.1280,605,1.9516
31.1323,646,2.0839
31.1365,662,2.1355
31.1408,648,2.0903
31.1451,611,1.9710
31.1494,566,1.8258
31.1537,522,1.6839
31.1580,495,1.5968
31.1623,483,1.5581
31.1666,481,1.5516
31.1709,486,1.5677
31.1752,493,1.5903
31.1795,497,1.6032
31.1838,497,1.6032
31.1881,499,1.6097
31.1924,498,1.6065
31.1967,500,1.6129
31.2010,501,1.6161
31.2053,501,1.6161
31.2096,502,1.6194
31.2139,502,1.6194
31.2182,503,1.6226
31.2225,502,1.6194
31.2268,503,1.6226
31.2311,502,1.6194
31.2354,504,1.6258
31.2397,504,1.6258
31.2439,505,1.6290
31.2482,506,1.6323
31.2525,509,1.6419
31.2568,512,1.6516
31.2611,515,1.6613
31.2654,518,1.6710
31.2698,522,1.6839
31.2741,525,1.6935
31.2784,529,1.7065
31.2828,532,1.7161
31.2871,535,1.7258
31.2915,538,1.7355
31.2958,540,1.7419
31.3001,542,1.7484
31.3045,542,1.7484
31.3088,544,1.7548
31.3131,545,1.7581
31.3174,546,1.7613
31.3218,546,1.7613
31.3261,546,1.7613
31.3304,545,1.7581
31.3348,543,1.7516
31.3391,541,1.7452
31.3435,539,1.7387
31.3478,537,1.7323
31.3521,535,1.7258
31.3564,533,1.7194
31.3608,528,1.7032
31.3651,526,1.6968
31.3694,525,1.6935
31.3737,521,1.6806
31.3780,518,1.6710
31.3823,515,1.6613
31.3866,512,1.6516
31.3909,509,1.6419
31.3952,506,1.6323
31.3995,502,1.6194
31.4038,499,1.6097
31.4081,497,1.6032
31.4124,496,1.6000
31.4167,497,1.6032
31.4210,497,1.6032
31.4253,498,1.6065
31.4296,498,1.6065
31.4339,499,1.6097
31.4381,499,1.6097
31.4425,499,1.6097
31.4467,499,1.6097
31.4510,500,1.6129
31.4553,501,1.6161
31.4596,501,1.6161
31.4639,502,1.6194
31.4682,502,1.6194
31.4726,503,1.6226
31.4769,506,1.6323
31.4812,510,1.6452
31.4856,514,1.6581
31.4899,518,1.6710
31.4942,522,1.6839
31.4985,523,1.6871
31.5029,525,1.6935
31.5072,525,1.6935
31.5116,526,1.6968
31.5159,525,1.6935
31.5202,522,1.6839
31.5246,519,1.6742
31.5289,517,1.6677
31.5333,513,1.6548
31.5376,509,1.6419
31.5419,506,1.6323
31.5462,504,1.6258
31.5506,504,1.6258
31.5549,504,1.6258
31.5592,504,1.6258
31.5636,505,1.6290
31.5679,506,1.6323
31.5722,506,1.6323
31.5765,505,1.6290
31.5808,505,1.6290
31.5851,506,1.6323
31.5894,506,1.6323
31.5937,506,1.6323
31.5980,504,1.6258
31.6023,501,1.6161
31.6066,494,1.5935
31.6109,486,1.5677
31.6152,487,1.5710
31.6194,504,1.6258
31.6238,535,1.7258
31.6281,576,1.8581
31.6324,622,2.0065
31.6367,656,2.1161
31.6410,664,2.1419
31.6453,640,2.0645
31.6495,599,1.9323
31.6538,551,1.7774
31.6581,511,1.6484
31.6624,490,1.5806
31.6667,482,1.5548
31.6710,482,1.5548
31.6754,488,1.5742
31.6797,495,1.5968
31.6840,499,1.6097
31.6884,501,1.6161
31.6927,500,1.6129
31.6971,501,1.6161
31.7016,500,1.6129
31.7061,501,1.6161
31.7106,501,1.6161
31.7149,501,1.6161
31.7193,502,1.6194
31.7237,502,1.6194
31.7281,502,1.6194
31.7324,504,1.6258
31.7367,503,1.6226
31.7411,503,1.6226
31.7454,503,1.6226
31.7498,504,1.6258
31.7541,507,1.6355
31.7584,511,1.6484
31.7628,514,1.6581
31.7673,518,1.6710
31.7716,522,1.6839
31.7760,525,1.6935
31.7803,528,1.7032
31.7846,532,1.7161
31.7889,535,1.7258
31.7932,537,1.7323
31.7975,540,1.7419
31.8018,541,1.7452
31.8061,542,1.7484
31.8104,543,1.7516
31.8147,545,1.7581
31.8190,546,1.7613
31.8233,546,1.7613
31.8276,547,1.7645
31.8320,546,1.7613
31.8363,546,1.7613
31.8406,542,1.7484
31.8449,541,1.7452
31.8491,539,1.7387
31.8535,535,1.7258
31.8578,533,1.7194
31.8621,531,1.7129
31.8663,528,1.7032
31.8706,524,1.6903
31.8750,520,1.6774
31.8793,517,1.6677
31.8836,513,1.6548
31.8879,510,1.6452
31.8923,508,1.6387
31.8966,504,1.6258
31.9009,500,1.6129
31.9052,498,1.6065
31.9095,497,1.6032
31.9138,496,1.6000
31.9181,497,1.6032
31.9224,499,1.6097
31.9267,499,1.6097
31.9310,498,1.6065
31.9354,499,1.6097
31.9397,498,1.6065
31.9439,500,1.6129
31.9482,500,1.6129
31.9525,500,1.6129
31.9569,502,1.6194
31.9611,502,1.6194
31.9654,502,1.6194
31.9700,502,1.6194
31.9743,503,1.6226
31.9786,504,1.6258
31.9830,506,1.6323
31.9872,511,1.6484
31.9915,514,1.6581
31.9959,517,1.6677
32.0002,521,1.6806
32.0047,523,1.6871
32.0091,526,1.6968
32.0134,527,1.7000
32.0177,528,1.7032
32.0221,527,1.7000
32.0264,526,1.6968
32.0307,523,1.6871
32.0350,519,1.6742
32.0393,516,1.6645
32.0436,513,1.6548
32.0479,509,1.6419
32.0523,505,1.6290
32.0566,503,1.6226
32.0609,502,1.6194
32.0652,503,1.6226
32.0695,503,1.6226
32.0738,503,1.6226
32.0782,504,1.6258
32.0825,505,1.6290
32.0868,504,1.6258
32.0911,506,1.6323
32.0954,506,1.6323
32.0997,506,1.6323
32.1040,506,1.6323
32.1083,506,1.6323
32.1126,503,1.6226
32.1169,495,1.5968
32.1212,487,1.5710
32.1255,488,1.5742
32.1299,506,1.6323
32.1343,538,1.7355
32.1386,581,1.8742
32.1429,624,2.0129
32.1472,658,2.1226
32.1515,661,2.1323
32.1558,635,2.0484
32.1601,592,1.9097
32.1644,544,1.7548
32.1687,508,1.6387
32.1730,487,1.5710
32.1774,480,1.5484
32.1817,482,1.5548
32.1860,490,1.5806
32.1902,495,1.5968
32.1945,498,1.6065
32.1988,498,1.6065
32.2030,497,1.6032
32.2073,499,1.6097
32.2115,499,1.6097
32.2158,500,1.6129
32.2201,501,1.6161
32.2244,501,1.6161
32.2286,502,1.6194
32.2329,502,1.6194
32.2371,502,1.6194
32.2414,503,1.6226
32.2457,503,1.6226
32.2499,503,1.6226
32.2542,505,1.6290
32.2584,505,1.6290
32.2627,507,1.6355
32.2670,510,1.6452
32.2712,513,1.6548
32.2755,517,1.6677
32.2798,518,1.6710
32.2841,521,1.6806
32.2884,525,1.6935
32.2927,528,1.7032
32.2970,532,1.7161
32.3013,536,1.7290
32.3056,537,1.7323
32.3099,541,1.7452
32.3142,544,1.7548
32.3185,545,1.7581
32.3228,546,1.7613
32.3272,545,1.7581
32.3315,545,1.7581
32.3358,546,1.7613
32.3401,545,1.7581
32.3444,543,1.7516
32.3487,542,1.7484
32.3530,540,1.7419
32.3573,537,1.7323
32.3666,533,1.7194
32.3709,530,1.7097
32.3752,528,1.7032
32.3795,524,1.6903
32.3838,521,1.6806
32.3881,517,1.6677
32.3924,514,1.6581
32.3967,510,1.6452
32.4010,508,1.6387
32.4053,505,1.6290
32.4096,502,1.6194
32.4139,498,1.6065
32.4182,497,1.6032
32.4225,496,1.6000
32.4268,497,1.6032
32.4311,498,1.6065
32.4354,497,1.6032
32.4397,498,1.6065
32.4440,497,1.6032
32.4483,498,1.6065
32.4526,500,1.6129
32.4569,500,1.6129
32.4612,500,1.6129
32.4655,500,1.6129
32.4698,501,1.6161
32.4741,501,1.6161
32.4784,502,1.6194
32.4827,504,1.6258
32.4870,504,1.6258
32.4913,508,1.6387
32.4956,512,1.6516
32.4999,515,1.6613
32.5042,518,1.6710
32.5085,522,1.6839
32.5128,526,1.6968
32.5171,527,1.7000
32.5214,527,1.7000
32.5257,527,1.7000
32.5300,526,1.6968
32.5343,524,1.6903
32.5386,523,1.6871
32.5429,519,1.6742
32.5472,515,1.6613
32.5515,512,1.6516
32.5558,509,1.6419
32.5601,505,1.6290
32.5644,504,1.6258
32.5687,504,1.6258
32.5730,505,1.6290
32.5773,505,1.6290
32.5816,505,1.6290
32.5859,505,1.6290
32.5902,506,1.6323
32.5945,506,1.6323
32.5988,508,1.6387
32.6032,508,1.6387
32.6076,508,1.6387
32.6120,507,1.6355
32.6163,506,1.6323
32.6206,500,1.6129
32.6249,491,1.5839
32.6292,488,1.5742
32.6335,500,1.6129
32.6378,527,1.7000
32.6421,566,1.8258
32.6464,612,1.9742
32.6507,652,2.1032
32.6550,666,2.1484
32.6593,649,2.0935
32.6636,610,1.9677
32.6679,563,1.8161
32.6722,520,1.6774
32.6766,496,1.6000
32.6809,485,1.5645
32.6852,484,1.5613
32.6895,489,1.5774
32.6937,496,1.6000
32.6980,499,1.6097
32.7023,500,1.6129
32.7066,502,1.6194
32.7109,502,1.6194
32.7152,503,1.6226
32.7194,502,1.6194
32.7237,502,1.6194
32.7280,502,1.6194
32.7322,502,1.6194
32.7365,503,1.6226
32.7408,502,1.6194
32.7450,502,1.6194
32.7493,502,1.6194
32.7536,501,1.6161
32.7578,502,1.6194
32.7621,503,1.6226
32.7664,504,1.6258
32.7706,507,1.6355
32.7749,510,1.6452
32.7792,514,1.6581
32.7834,517,1.6677
32.7877,520,1.6774
32.7920,523,1.6871
32.7963,527,1.7000
32.8006,529,1.7065
32.8049,533,1.7194
32.8092,537,1.7323
32.8135,540,1.7419
32.8178,542,1.7484
32.8221,542,1.7484
32.8264,544,1.7548
32.8307,546,1.7613
32.8350,546,1.7613
32.8393,545,1.7581
32.8436,545,1.7581
32.8479,544,1.7548
32.8522,543,1.7516
32.8565,541,1.7452
32.8608,540,1.7419
32.8651,538,1.7355
32.8693,535,1.7258
32.8736,530,1.7097
32.8780,528,1.7032
32.8822,525,1.6935
32.8865,521,1.6806
32.8908,518,1.6710
32.8951,514,1.6581
32.8994,510,1.6452
32.9038,508,1.6387
32.9082,504,1.6258
32.9126,501,1.6161
32.9169,499,1.6097
32.9212,498,1.6065
32.9255,497,1.6032
32.9298,497,1.6032
32.9341,497,1.6032
32.9384,499,1.6097
32.9427,500,1.6129
32.9470,500,1.6129
32.9513,500,1.6129
32.9556,500,1.6129
32.9599,499,1.6097
32.9642,501,1.6161
32.9684,501,1.6161
32.9727,502,1.6194
32.9770,502,1.6194
32.9813,501,1.6161
32.9856,502,1.6194
32.9898,506,1.6323
32.9941,510,1.6452
32.9984,514,1.6581
33.0026,517,1.6677
33.0069,519,1.6742
33.0112,521,1.6806
33.0155,523,1.6871
33.0198,525,1.6935
33.0240,526,1.6968
33.0283,525,1.6935
33.0326,524,1.6903
33.0368,521,1.6806
33.0411,520,1.6774
33.0454,517,1.6677
33.0496,514,1.6581
33.0539,510,1.6452
33.0581,507,1.6355
33.0624,505,1.6290
33.0667,504,1.6258
33.0709,504,1.6258
33.0752,505,1.6290
33.0795,505,1.6290
33.0837,503,1.6226
33.0881,504,1.6258
33.0923,506,1.6323
33.0966,506,1.6323
33.1009,507,1.6355
33.1052,506,1.6323
33.1095,507,1.6355
33.1138,507,1.6355
33.1181,503,1.6226
33.1224,495,1.5968
33.1267,487,1.5710
33.1310,489,1.5774
33.1353,507,1.6355
33.1396,539,1.7387
33.1439,582,1.8774
33.1482,628,2.0258
33.1525,659,2.1258
33.1568,661,2.1323
33.1611,632,2.0387
33.1654,589,1.9000
33.1697,542,1.7484
33.1739,507,1.6355
33.1783,487,1.5710
33.1825,480,1.5484
33.1869,482,1.5548
33.1911,488,1.5742
33.1955,494,1.5935
33.1998,498,1.6065
33.2041,499,1.6097
33.2083,500,1.6129
33.2126,500,1.6129
33.2169,500,1.6129
33.2212,500,1.6129
33.2255,499,1.6097
33.2298,501,1.6161
33.2341,501,1.6161
33.2384,501,1.6161
33.2427,501,1.6161
33.2470,502,1.6194
33.2513,502,1.6194
33.2556,501,1.6161
33.2599,502,1.6194
33.2642,504,1.6258
33.2685,506,1.6323
33.2727,510,1.6452
33.2770,513,1.6548
33.2813,516,1.6645
33.2856,519,1.6742
33.2899,522,1.6839
33.2942,526,1.6968
33.2985,530,1.7097
33.3028,534,1.7226
33.3071,536,1.7290
33.3114,538,1.7355
33.3157,540,1.7419
33.3200,541,1.7452
33.3243,543,1.7516
33.3286,545,1.7581
33.3329,546,1.7613
33.3372,545,1.7581
33.3415,547,1.7645
33.3458,546,1.7613
33.3501,544,1.7548
33.3544,542,1.7484
33.3586,541,1.7452
33.3629,538,1.7355
33.3672,535,1.7258
33.3715,533,1.7194
33.3758,530,1.7097
33.3801,527,1.7000
33.3844,525,1.6935
33.3887,522,1.6839
33.3930,518,1.6710
33.3974,515,1.6613
33.4016,511,1.6484
33.4059,508,1.6387
33.4102,505,1.6290
33.4145,502,1.6194
33.4188,499,1.6097
33.4231,497,1.6032
33.4274,498,1.6065
33.4317,497,1.6032
33.4360,498,1.6065
33.4403,499,1.6097
33.4446,498,1.6065
33.4489,499,1.6097
33.4532,499,1.6097
33.4574,499,1.6097
33.4617,498,1.6065
33.4660,500,1.6129
33.4703,501,1.6161
33.4746,502,1.6194
33.4789,502,1.6194
33.4832,503,1.6226
33.4874,503,1.6226
33.4917,504,1.6258
33.4960,507,1.6355
33.5004,512,1.6516
33.5048,515,1.6613
33.5092,519,1.6742
33.5136,523,1.6871
33.5179,526,1.6968
33.5222,527,1.7000
33.5265,526,1.6968
33.5308,525,1.6935
33.5351,525,1.6935
33.5394,523,1.6871
33.5437,520,1.6774
33.5480,518,1.6710
33.5523,515,1.6613
33.5566,512,1.6516
33.5608,509,1.6419
33.5651,505,1.6290
33.5694,503,1.6226
33.5737,503,1.6226
33.5780,503,1.6226
33.5823,504,1.6258
33.5866,504,1.6258
33.5909,504,1.6258
33.5952,505,1.6290
33.5994,505,1.6290
33.6037,505,1.6290
33.6079,504,1.6258
33.6122,504,1.6258
33.6164,505,1.6290
33.6207,503,1.6226
33.6250,497,1.6032
33.6293,490,1.5806
33.6336,487,1.5710
33.6378,495,1.5968
33.6421,519,1.6742
33.6464,558,1.8000
33.6506,601,1.9387
33.6549,643,2.0742
33.6592,664,2.1419
33.6634,652,2.1032
33.6677,619,1.9968
33.6720,573,1.8484
33.6762,528,1.7032
33.6805,498,1.6065
33.6848,484,1.5613
33.6890,482,1.5548
33.6933,486,1.5677
33.6976,493,1.5903
33.7019,497,1.6032
33.7062,498,1.6065
33.7105,498,1.6065
33.7148,499,1.6097
33.7191,499,1.6097
33.7234,499,1.6097
33.7277,501,1.6161
33.7319,502,1.6194
33.7362,502,1.6194
33.7406,502,1.6194
33.7449,501,1.6161
33.7491,501,1.6161
33.7534,502,1.6194
33.7577,502,1.6194
33.7620,503,1.6226
33.7663,503,1.6226
33.7706,505,1.6290
33.7749,508,1.6387
33.7792,511,1.6484
33.7835,514,1.6581
33.7879,517,1.6677
33.7922,521,1.6806
33.7965,524,1.6903
33.8008,527,1.7000
33.8052,530,1.7097
33.8096,533,1.7194
33.8139,535,1.7258
33.8182,538,1.7355
33.8226,540,1.7419
33.8269,542,1.7484
33.8312,544,1.7548
33.8355,544,1.7548
33.8398,544,1.7548
33.8441,545,1.7581
33.8484,544,1.7548
33.8526,544,1.7548
33.8569,543,1.7516
33.8612,542,1.7484
33.8655,540,1.7419
33.8698,538,1.7355
33.8741,536,1.7290
33.8784,534,1.7226
33.8827,531,1.7129
33.8870,528,1.7032
33.8913,524,1.6903
33.8956,520,1.6774
33.8999,516,1.6645
33.9042,514,1.6581
33.9084,510,1.6452
33.9127,507,1.6355
33.9169,504,1.6258
33.9212,501,1.6161
33.9255,498,1.6065
33.9298,497,1.6032
33.9340,497,1.6032
33.9383,498,1.6065
33.9426,499,1.6097
33.9469,500,1.6129
33.9511,500,1.6129
33.9554,499,1.6097
33.9596,501,1.6161
33.9639,500,1.6129
33.9682,500,1.6129
33.9724,501,1.6161
33.9767,502,1.6194
33.9810,503,1.6226
33.9852,502,1.6194
33.9895,505,1.6290
33.9937,506,1.6323
33.9981,510,1.6452
34.0024,514,1.6581
34.0067,518,1.6710
34.0111,521,1.6806
34.0154,523,1.6871
34.0197,525,1.6935
34.0241,525,1.6935
34.0284,527,1.7000
34.0327,525,1.6935
34.0371,525,1.6935
34.0414,523,1.6871
34.0458,520,1.6774
34.0501,517,1.6677
34.0544,514,1.6581
34.0588,510,1.6452
34.0631,506,1.6323
34.0674,503,1.6226
34.0718,504,1.6258
34.0761,506,1.6323
34.0804,505,1.6290
34.0847,504,1.6258
34.0891,504,1.6258
34.0934,505,1.6290
34.0977,506,1.6323
34.1020,507,1.6355
34.1063,507,1.6355
34.1106,506,1.6323
34.1149,507,1.6355
34.1192,506,1.6323
34.1235,501,1.6161
34.1281,493,1.5903
34.1325,487,1.5710
34.1368,493,1.5903
34.1411,514,1.6581
34.1454,548,1.7677
34.1497,591,1.9065
34.1540,634,2.0452
34.1583,662,2.1355
34.1626,657,2.1194
34.1668,625,2.0161
34.1711,583,1.8806
34.1754,536,1.7290
34.1797,503,1.6226
34.1840,487,1.5710
34.1883,483,1.5581
34.1926,486,1.5677
34.1969,492,1.5871
34.2013,496,1.6000
34.2056,499,1.6097
34.2099,500,1.6129
34.2143,500,1.6129
34.2186,500,1.6129
34.2229,500,1.6129
34.2272,500,1.6129
34.2316,502,1.6194
34.2359,501,1.6161
34.2402,501,1.6161
34.2446,501,1.6161
34.2489,502,1.6194
34.2533,502,1.6194
34.2576,503,1.6226
34.2619,503,1.6226
34.2662,503,1.6226
34.2706,505,1.6290
34.2749,508,1.6387
34.2792,512,1.6516
34.2836,515,1.6613
34.2879,519,1.6742
34.2922,521,1.6806
34.2965,523,1.6871
34.3009,528,1.7032
34.3052,531,1.7129
34.3094,534,1.7226
34.3137,538,1.7355
34.3180,539,1.7387
34.3223,543,1.7516
34.3266,546,1.7613
34.3309,547,1.7645
34.3352,547,1.7645
34.3395,547,1.7645
34.3438,547,1.7645
34.3481,546,1.7613
34.3524,545,1.7581
34.3567,543,1.7516
34.3610,541,1.7452
34.3653,539,1.7387
34.3696,537,1.7323
34.3739,535,1.7258
34.3782,533,1.7194
34.3825,530,1.7097
34.3867,526,1.6968
34.3910,523,1.6871
34.3953,519,1.6742
34.3997,514,1.6581
34.4042,510,1.6452
34.4086,508,1.6387
34.4130,505,1.6290
34.4173,503,1.6226
34.4217,499,1.6097
34.4260,497,1.6032
34.4303,496,1.6000
34.4347,497,1.6032
34.4390,498,1.6065
34.4434,498,1.6065
34.4477,499,1.6097
34.4521,498,1.6065
34.4564,499,1.6097
34.4607,499,1.6097
34.4651,500,1.6129
34.4694,500,1.6129
34.4737,500,1.6129
34.4780,499,1.6097
34.4824,499,1.6097
34.4867,499,1.6097
34.4910,502,1.6194
34.4954,505,1.6290
34.4997,509,1.6419
34.5040,513,1.6548
34.5083,518,1.6710
34.5126,520,1.6774
34.5169,523,1.6871
34.5212,524,1.6903
34.5255,525,1.6935
34.5298,526,1.6968
34.5341,526,1.6968
34.5384,523,1.6871
34.5427,521,1.6806
34.5470,518,1.6710
34.5513,514,1.6581
34.5556,511,1.6484
34.5599,507,1.6355
34.5642,505,1.6290
34.5685,503,1.6226
34.5728,503,1.6226
34.5771,504,1.6258
34.5814,504,1.6258
34.5857,504,1.6258
34.5900,504,1.6258
34.5943,504,1.6258
34.5986,505,1.6290
34.6029,505,1.6290
34.6073,506,1.6323
34.6116,507,1.6355
34.6159,507,1.6355
34.6203,507,1.6355
34.6246,507,1.6355
34.6290,501,1.6161
34.6333,492,1.5871
34.6376,487,1.5710
34.6419,492,1.5871
34.6463,514,1.6581
34.6506,549,1.7710
34.6549,594,1.9161
34.6593,639,2.0613
34.6636,664,2.1419
34.6679,656,2.1161
34.6723,623,2.0097
34.6766,578,1.8645
34.6809,531,1.7129
34.6853,501,1.6161
34.6896,485,1.5645
34.6939,481,1.5516
34.6983,485,1.5645
34.7027,493,1.5903
34.7072,498,1.6065
34.7116,500,1.6129
34.7159,500,1.6129
34.7202,500,1.6129
34.7245,499,1.6097
34.7288,498,1.6065
34.7331,500,1.6129
34.7373,500,1.6129
34.7416,500,1.6129
34.7459,499,1.6097
34.7502,501,1.6161
34.7546,501,1.6161
34.7589,501,1.6161
34.7632,502,1.6194
34.7675,502,1.6194
34.7718,503,1.6226
34.7761,504,1.6258
34.7804,507,1.6355
34.7846,511,1.6484
34.7889,515,1.6613
34.7932,519,1.6742
34.7976,521,1.6806
34.8019,524,1.6903
34.8062,527,1.7000
34.8105,531,1.7129
34.8148,534,1.7226
34.8191,537,1.7323
34.8233,539,1.7387
34.8276,543,1.7516
34.8319,544,1.7548
34.8362,546,1.7613
34.8405,548,1.7677
34.8448,546,1.7613
34.8491,548,1.7677
34.8534,546,1.7613
34.8577,544,1.7548
34.8620,543,1.7516
34.8663,542,1.7484
34.8706,539,1.7387
34.8749,539,1.7387
34.8792,536,1.7290
34.8835,534,1.7226
34.8878,530,1.7097
34.8921,528,1.7032
34.8964,523,1.6871
34.9007,519,1.6742
34.9050,516,1.6645
34.9094,514,1.6581
34.9137,511,1.6484
34.9180,506,1.6323
34.9224,503,1.6226
34.9267,501,1.6161
34.9310,498,1.6065
34.9354,498,1.6065
34.9397,499,1.6097
34.9440,499,1.6097
34.9483,500,1.6129
34.9527,500,1.6129
34.9571,499,1.6097
34.9614,500,1.6129
34.9657,500,1.6129
34.9701,501,1.6161
34.9744,501,1.6161
34.9787,502,1.6194
34.9830,503,1.6226
34.9874,503,1.6226
34.9917,503,1.6226
34.9960,504,1.6258
35.0004,507,1.6355
35.0047,510,1.6452
35.0090,514,1.6581
35.0133,518,1.6710
35.0176,522,1.6839
35.0219,524,1.6903
35.0267,526,1.6968
35.0310,525,1.6935
35.0384,526,1.6968
35.0428,522,1.6839
35.0473,521,1.6806
35.0515,519,1.6742
35.0559,515,1.6613
35.0603,513,1.6548
35.0645,509,1.6419
35.0688,505,1.6290
35.0730,504,1.6258
35.0773,504,1.6258
35.0816,504,1.6258
35.0858,503,1.6226
35.0901,505,1.6290
35.0943,505,1.6290
35.0986,505,1.6290
35.1028,505,1.6290
35.1071,507,1.6355
35.1113,506,1.6323
35.1156,507,1.6355
35.1198,507,1.6355
35.1241,506,1.6323
35.1284,503,1.6226
35.1326,495,1.5968
35.1369,487,1.5710
35.1411,490,1.5806
35.1454,508,1.6387
35.1496,541,1.7452
35.1539,581,1.8742
35.1581,626,2.0194
35.1624,659,2.1258
35.1667,660,2.1290
35.1709,634,2.0452
35.1752,594,1.9161
35.1794,546,1.7613
35.1837,508,1.6387
35.1879,489,1.5774
35.1921,482,1.5548
35.1964,482,1.5548
35.2007,484,1.5613
35.2049,489,1.5774
35.2092,494,1.5935
35.2135,498,1.6065
35.2178,499,1.6097
35.2221,500,1.6129
35.2264,500,1.6129
35.2307,500,1.6129
35.2350,500,1.6129
35.2393,501,1.6161
35.2436,502,1.6194
35.2479,502,1.6194
35.2522,502,1.6194
35.2565,502,1.6194
35.2609,503,1.6226
35.2652,503,1.6226
35.2695,504,1.6258
35.2737,504,1.6258
35.2780,504,1.6258
35.2823,506,1.6323
35.2866,508,1.6387
35.2908,513,1.6548
35.2951,516,1.6645
35.3007,520,1.6774
35.3067,526,1.6968
35.3111,529,1.7065
35.3154,532,1.7161
35.3197,534,1.7226
35.3240,537,1.7323
35.3283,540,1.7419
35.3325,543,1.7516
35.3368,544,1.7548
35.3410,544,1.7548
35.3453,546,1.7613
35.3496,546,1.7613
35.3538,547,1.7645
35.3581,546,1.7613
35.3623,545,1.7581
35.3666,543,1.7516
35.3709,540,1.7419
35.3752,540,1.7419
35.3794,537,1.7323
35.3837,536,1.7290
35.3879,533,1.7194
35.3922,530,1.7097
35.3965,526,1.6968
35.4007,523,1.6871
35.4049,520,1.6774
35.4092,516,1.6645
35.4135,514,1.6581
35.4177,511,1.6484
35.4220,509,1.6419
35.4263,505,1.6290
35.4306,503,1.6226
35.4348,498,1.6065
35.4391,497,1.6032
35.4433,496,1.6000
35.4476,496,1.6000
35.4518,498,1.6065
35.4561,498,1.6065
35.4603,498,1.6065
35.4646,500,1.6129
35.4689,500,1.6129
35.4731,502,1.6194
35.4774,502,1.6194
35.4816,502,1.6194
35.4858,501,1.6161
35.4901,501,1.6161
35.4943,502,1.6194
35.4986,502,1.6194
35.5028,501,1.6161
35.5071,504,1.6258
35.5115,508,1.6387
35.5158,512,1.6516
35.5202,515,1.6613
35.5245,518,1.6710
35.5288,519,1.6742
35.5332,524,1.6903
35.5375,526,1.6968
35.5418,526,1.6968
35.5461,525,1.6935
35.5505,523,1.6871
35.5548,521,1.6806
35.5591,520,1.6774
35.5634,518,1.6710
35.5678,514,1.6581
35.5721,511,1.6484
35.5764,507,1.6355
35.5808,505,1.6290
35.5851,504,1.6258
35.5894,503,1.6226
35.5938,505,1.6290
35.5981,505,1.6290
35.6025,504,1.6258
35.6111,503,1.6226
35.6159,505,1.6290
35.6203,506,1.6323
35.6246,506,1.6323
35.6289,505,1.6290
35.6331,506,1.6323
35.6374,503,1.6226
35.6417,497,1.6032
35.6459,488,1.5742
35.6502,489,1.5774
35.6544,503,1.6226
35.6587,532,1.7161
35.6630,572,1.8452
35.6672,616,1.9871
35.6714,652,2.1032
35.6757,664,2.1419
35.6800,644,2.0774
35.6842,603,1.9452
35.6884,558,1.8000
35.6927,517,1.6677
35.6970,493,1.5903
35.7013,482,1.5548
35.7056,481,1.5516
35.7098,487,1.5710
35.7141,494,1.5935
35.7184,497,1.6032
35.7227,498,1.6065
35.7270,498,1.6065
35.7313,498,1.6065
35.7356,498,1.6065
35.7399,499,1.6097
35.7442,500,1.6129
35.7485,501,1.6161
35.7528,502,1.6194
35.7571,502,1.6194
35.7614,502,1.6194
35.7657,502,1.6194
35.7700,503,1.6226
35.7743,502,1.6194
35.7786,503,1.6226
35.7829,503,1.6226
35.7872,504,1.6258
35.7915,508,1.6387
35.7957,512,1.6516
35.8000,517,1.6677
35.8043,518,1.6710
35.8086,521,1.6806
35.8129,524,1.6903
35.8172,526,1.6968
35.8215,531,1.7129
35.8258,532,1.7161
35.8300,536,1.7290
35.8343,537,1.7323
35.8386,540,1.7419
35.8429,542,1.7484
35.8472,543,1.7516
35.8515,545,1.7581
35.8558,545,1.7581
35.8601,546,1.7613
35.8644,544,1.7548
35.8686,543,1.7516
35.8729,543,1.7516
35.8772,541,1.7452
35.8815,540,1.7419
35.8858,536,1.7290
35.8901,534,1.7226
35.8944,531,1.7129
35.8986,528,1.7032
35.9033,524,1.6903
35.9076,520,1.6774
35.9119,516,1.6645
35.9162,513,1.6548
35.9205,511,1.6484
35.9248,507,1.6355
35.9291,504,1.6258
35.9334,502,1.6194
35.9376,498,1.6065
35.9419,497,1.6032
35.9462,496,1.6000
35.9505,498,1.6065
35.9548,498,1.6065
35.9590,498,1.6065
35.9634,499,1.6097
35.9676,499,1.6097
35.9719,501,1.6161
35.9762,501,1.6161
35.9805,501,1.6161
35.9848,501,1.6161
35.9891,502,1.6194
35.9934,502,1.6194
35.9977,501,1.6161
36.0020,500,1.6129
36.0062,502,1.6194
36.0105,506,1.6323
36.0148,510,1.6452
36.0191,515,1.6613
36.0236,519,1.6742
36.0278,522,1.6839
36.0321,524,1.6903
36.0364,524,1.6903
36.0407,524,1.6903
36.0450,525,1.6935
36.0493,524,1.6903
36.0535,523,1.6871
36.0578,522,1.6839
36.0621,519,1.6742
36.0664,515,1.6613
36.0707,513,1.6548
36.0750,509,1.6419
36.0793,505,1.6290
36.0836,503,1.6226
36.0879,504,1.6258
36.0922,504,1.6258
36.0964,504,1.6258
36.1007,505,1.6290
36.1050,504,1.6258
36.1093,505,1.6290
36.1136,506,1.6323
36.1179,507,1.6355
36.1222,506,1.6323
36.1266,506,1.6323
36.1309,506,1.6323
36.1352,506,1.6323
36.1395,501,1.6161
36.1437,492,1.5871
36.1481,487,1.5710
36.1524,495,1.5968
36.1567,517,1.6677
36.1609,553,1.7839
36.1653,597,1.9258
36.1696,641,2.0677
36.1739,663,2.1387
36.1782,654,2.1097
36.1825,620,2.0000
36.1868,577,1.8613
36.1911,532,1.7161
36.1954,501,1.6161
36.1997,487,1.5710
36.2041,482,1.5548
36.2085,486,1.5677
36.2130,493,1.5903
36.2173,497,1.6032
36.2216,500,1.6129
36.2259,499,1.6097
36.2302,500,1.6129
36.2345,500,1.6129
36.2388,500,1.6129
36.2431,500,1.6129
36.2474,500,1.6129
36.2517,501,1.6161
36.2560,500,1.6129
36.2603,502,1.6194
36.2646,502,1.6194
36.2689,502,1.6194
36.2732,502,1.6194
36.2775,503,1.6226
36.2818,503,1.6226
36.2861,504,1.6258
36.2904,507,1.6355
36.2947,511,1.6484
36.2990,515,1.6613
36.3033,519,1.6742
36.3076,522,1.6839
36.3120,524,1.6903
36.3163,528,1.7032
36.3207,530,1.7097
36.3250,534,1.7226
36.3293,538,1.7355
36.3337,540,1.7419
36.3380,543,1.7516
36.3423,544,1.7548
36.3466,542,1.7484
36.3510,543,1.7516
36.3553,545,1.7581
36.3596,545,1.7581
36.3640,545,1.7581
36.3683,544,1.7548
36.3727,543,1.7516
36.3771,540,1.7419
36.3814,539,1.7387
36.3857,536,1.7290
36.3900,535,1.7258
36.3944,532,1.7161
36.3987,529,1.7065
36.4030,526,1.6968
36.4073,523,1.6871
36.4117,519,1.6742
36.4160,515,1.6613
36.4203,512,1.6516
36.4246,510,1.6452
36.4289,507,1.6355
36.4332,504,1.6258
36.4375,500,1.6129
36.4418,498,1.6065
36.4461,497,1.6032
36.4504,497,1.6032
36.4547,497,1.6032
36.4590,497,1.6032
36.4633,498,1.6065
36.4676,498,1.6065
36.4719,499,1.6097
36.4762,498,1.6065
36.4805,499,1.6097
36.4848,500,1.6129
36.4891,500,1.6129
36.4934,501,1.6161
36.4977,502,1.6194
36.5020,502,1.6194
36.5064,502,1.6194
36.5108,504,1.6258
36.5152,508,1.6387
36.5195,511,1.6484
36.5239,514,1.6581
36.5281,517,1.6677
36.5324,519,1.6742
36.5368,524,1.6903
36.5411,526,1.6968
36.5453,527,1.7000
36.5496,527,1.7000
36.5539,525,1.6935
36.5582,524,1.6903
36.5625,522,1.6839
36.5668,519,1.6742
36.5711,517,1.6677
36.5754,513,1.6548
36.5797,510,1.6452
36.5840,506,1.6323
36.5883,504,1.6258
36.5926,504,1.6258
36.5969,503,1.6226
36.6012,505,1.6290
36.6055,504,1.6258
36.6098,504,1.6258
36.6141,505,1.6290
36.6184,505,1.6290
36.6227,505,1.6290
36.6272,506,1.6323
36.6315,506,1.6323
36.6358,506,1.6323
36.6402,504,1.6258
36.6445,500,1.6129
36.6488,492,1.5871
36.6532,487,1.5710
36.6575,494,1.5935
36.6618,518,1.6710
36.6661,554,1.7871
36.6705,597,1.9258
36.6748,642,2.0710
36.6791,664,2.1419
36.6835,654,2.1097
36.6878,620,2.0000
36.6921,573,1.8484
36.6965,528,1.7032
36.7008,497,1.6032
36.7051,483,1.5581
36.7094,481,1.5516
36.7138,484,1.5613
36.7181,492,1.5871
36.7224,495,1.5968
36.7267,498,1.6065
36.7310,499,1.6097
36.7353,500,1.6129
36.7396,500,1.6129
36.7439,501,1.6161
36.7482,501,1.6161
36.7525,501,1.6161
36.7568,502,1.6194
36.7611,503,1.6226
36.7654,503,1.6226
36.7697,504,1.6258
36.7740,504,1.6258
36.7783,503,1.6226
36.7826,504,1.6258
36.7869,504,1.6258
36.7911,505,1.6290
36.7954,508,1.6387
36.7997,512,1.6516
36.8040,516,1.6645
36.8083,520,1.6774
36.8126,523,1.6871
36.8170,526,1.6968
36.8213,529,1.7065
36.8257,534,1.7226
36.8300,537,1.7323
36.8344,539,1.7387
36.8387,540,1.7419
36.8430,541,1.7452
36.8474,544,1.7548
36.8517,545,1.7581
36.8560,548,1.7677
36.8603,547,1.7645
36.8647,548,1.7677
36.8690,548,1.7677
36.8733,547,1.7645
36.8777,545,1.7581
36.8820,543,1.7516
36.8863,540,1.7419
36.8907,536,1.7290
36.8950,534,1.7226
36.8993,531,1.7129
36.9036,527,1.7000
36.9080,525,1.6935
36.9123,523,1.6871
36.9166,518,1.6710
36.9210,515,1.6613
36.9253,511,1.6484
36.9296,508,1.6387
36.9339,506,1.6323
36.9382,502,1.6194
36.9425,499,1.6097
36.9468,498,1.6065
36.9511,498,1.6065
36.9554,499,1.6097
36.9597,498,1.6065
36.9640,500,1.6129
36.9683,500,1.6129
36.9726,499,1.6097
36.9769,499,1.6097
36.9812,500,1.6129
36.9854,501,1.6161
36.9897,501,1.6161
36.9940,501,1.6161
36.9983,501,1.6161
37.0026,502,1.6194
37.0069,502,1.6194
37.0112,504,1.6258
37.0155,507,1.6355
37.0198,511,1.6484
37.0241,515,1.6613
37.0285,517,1.6677
37.0328,519,1.6742
37.0372,522,1.6839
37.0415,525,1.6935
37.0458,525,1.6935
37.0502,525,1.6935
37.0545,525,1.6935
37.0588,522,1.6839
37.0632,520,1.6774
37.0675,519,1.6742
37.0718,515,1.6613
37.0762,512,1.6516
37.0805,507,1.6355
37.0848,503,1.6226
37.0891,502,1.6194
37.0935,503,1.6226
37.0978,503,1.6226
37.1022,504,1.6258
37.1066,504,1.6258
37.1113,505,1.6290
37.1157,506,1.6323
37.1201,505,1.6290
37.1244,505,1.6290
37.1287,505,1.6290
37.1330,505,1.6290
37.1373,505,1.6290
37.1416,505,1.6290
37.1459,505,1.6290
37.1502,499,1.6097
37.1545,492,1.5871
37.1588,489,1.5774
37.1631,496,1.6000
37.1674,520,1.6774
37.1717,558,1.8000
37.1760,602,1.9419
37.1803,645,2.0806
37.1846,665,2.1452
37.1888,654,2.1097
37.1931,617,1.9903
37.1974,570,1.8387
37.2017,527,1.7000
37.2060,499,1.6097
37.2104,485,1.5645
37.2147,483,1.5581
37.2190,488,1.5742
37.2233,493,1.5903
37.2276,498,1.6065
37.2319,500,1.6129
37.2362,501,1.6161
37.2405,501,1.6161
37.2448,500,1.6129
37.2491,501,1.6161
37.2534,501,1.6161
37.2577,501,1.6161
37.2619,502,1.6194
37.2662,503,1.6226
37.2705,502,1.6194
37.2748,503,1.6226
37.2791,503,1.6226
37.2834,503,1.6226
37.2877,503,1.6226
37.2920,504,1.6258
37.2963,506,1.6323
37.3006,508,1.6387
37.3049,510,1.6452
37.3092,514,1.6581
37.3135,519,1.6742
37.3178,521,1.6806
37.3221,525,1.6935
37.3265,529,1.7065
37.3308,532,1.7161
37.3351,536,1.7290
37.3395,538,1.7355
37.3438,540,1.7419
37.3481,541,1.7452
37.3525,543,1.7516
37.3568,546,1.7613
37.3611,546,1.7613
37.3655,547,1.7645
37.3698,547,1.7645
37.3741,547,1.7645
37.3785,545,1.7581
37.3828,544,1.7548
37.3872,541,1.7452
37.3916,539,1.7387
37.3959,537,1.7323
37.4002,535,1.7258
37.4046,532,1.7161
37.4091,528,1.7032
37.4136,526,1.6968
37.4179,522,1.6839
37.4224,518,1.6710
37.4268,515,1.6613
37.4311,511,1.6484
37.4354,507,1.6355
37.4397,505,1.6290
37.4440,501,1.6161
37.4483,499,1.6097
37.4526,497,1.6032
37.4569,497,1.6032
37.4612,497,1.6032
37.4655,498,1.6065
37.4698,500,1.6129
37.4741,500,1.6129
37.4784,500,1.6129
37.4827,500,1.6129
37.4870,499,1.6097
37.4913,499,1.6097
37.4956,500,1.6129
37.4999,502,1.6194
37.5042,501,1.6161
37.5084,502,1.6194
37.5127,502,1.6194
37.5171,503,1.6226
37.5214,507,1.6355
37.5257,510,1.6452
37.5300,515,1.6613
37.5343,519,1.6742
37.5386,522,1.6839
37.5430,524,1.6903
37.5473,526,1.6968
37.5516,527,1.7000
37.5559,528,1.7032
37.5602,525,1.6935
37.5645,524,1.6903
37.5688,521,1.6806
37.5731,518,1.6710
37.5774,515,1.6613
37.5817,510,1.6452
37.5860,508,1.6387
37.5903,505,1.6290
37.5946,504,1.6258
37.5989,504,1.6258
37.6031,504,1.6258
37.6074,504,1.6258
37.6117,504,1.6258
37.6160,503,1.6226
37.6203,504,1.6258
37.6248,504,1.6258
37.6291,505,1.6290
37.6334,505,1.6290
37.6378,504,1.6258
37.6421,503,1.6226
37.6464,504,1.6258
37.6507,499,1.6097
37.6551,491,1.5839
37.6594,487,1.5710
37.6637,496,1.6000
37.6681,517,1.6677
37.6785,618,1.9935
37.6829,656,2.1161
37.6873,663,2.1387
37.6916,639,2.0613
37.6960,599,1.9323
37.7003,551,1.7774
37.7046,512,1.6516
37.7090,489,1.5774
37.7133,482,1.5548
37.7176,481,1.5516
37.7219,481,1.5516
37.7263,485,1.5645
37.7306,491,1.5839
37.7350,496,1.6000
37.7392,500,1.6129
37.7435,502,1.6194
37.7478,502,1.6194
37.7521,502,1.6194
37.7564,501,1.6161
37.7607,500,1.6129
37.7650,501,1.6161
37.7693,501,1.6161
37.7736,503,1.6226
37.7779,503,1.6226
37.7822,503,1.6226
37.7865,503,1.6226
37.7908,503,1.6226
37.7951,503,1.6226
37.7993,504,1.6258
37.8036,504,1.6258
37.8079,506,1.6323
37.8122,508,1.6387
37.8165,513,1.6548
37.8208,517,1.6677
37.8251,520,1.6774
37.8294,524,1.6903
37.8338,526,1.6968
37.8381,530,1.7097
37.8424,534,1.7226
37.8468,535,1.7258
37.8511,537,1.7323
37.8554,540,1.7419
37.8597,541,1.7452
37.8641,543,1.7516
37.8684,543,1.7516
37.8727,545,1.7581
37.8771,546,1.7613
37.8814,544,1.7548
37.8858,544,1.7548
37.8901,543,1.7516
37.8945,541,1.7452
37.8988,540,1.7419
37.9031,538,1.7355
37.9074,536,1.7290
37.9118,534,1.7226
37.9161,531,1.7129
37.9204,530,1.7097
37.9248,527,1.7000
37.9291,523,1.6871
37.9334,517,1.6677
37.9377,514,1.6581
37.9420,511,1.6484
37.9463,508,1.6387
37.9506,505,1.6290
37.9549,502,1.6194
37.9592,499,1.6097
37.9635,497,1.6032
37.9678,498,1.6065
37.9721,499,1.6097
37.9764,500,1.6129
37.9807,499,1.6097
37.9849,500,1.6129
37.9892,500,1.6129
37.9935,501,1.6161
37.9978,501,1.6161
38.0022,501,1.6161
38.0066,501,1.6161
38.0110,500,1.6129
38.0154,501,1.6161
38.0197,501,1.6161
38.0240,502,1.6194
38.0283,504,1.6258
38.0326,508,1.6387
38.0370,512,1.6516
38.0413,516,1.6645
38.0456,518,1.6710
38.0499,522,1.6839
38.0542,524,1.6903
38.0585,525,1.6935
38.0628,524,1.6903
38.0671,525,1.6935
38.0714,524,1.6903
38.0756,523,1.6871
38.0800,521,1.6806
38.0843,517,1.6677
38.0885,514,1.6581
38.0928,510,1.6452
38.0972,507,1.6355
38.1015,504,1.6258
38.1058,502,1.6194
38.1100,503,1.6226
38.1143,504,1.6258
38.1186,503,1.6226
38.1229,505,1.6290
38.1272,505,1.6290
38.1315,505,1.6290
38.1359,505,1.6290
38.1402,504,1.6258
38.1446,504,1.6258
38.1489,505,1.6290
38.1532,506,1.6323
38.1576,503,1.6226
38.1619,495,1.5968
38.1662,488,1.5742
38.1706,487,1.5710
38.1749,502,1.6194
38.1792,535,1.7258
38.1836,575,1.8548
38.1879,622,2.0065
38.1922,657,2.1194
38.1965,662,2.1355
38.2009,637,2.0548
38.2052,595,1.9194
38.2095,547,1.7645
38.2139,510,1.6452
38.2182,489,1.5774
38.2225,481,1.5516
38.2269,481,1.5516
38.2312,488,1.5742
38.2355,494,1.5935
38.2398,499,1.6097
38.2442,500,1.6129
38.2484,499,1.6097
38.2527,499,1.6097
38.2571,500,1.6129
38.2614,500,1.6129
38.2656,501,1.6161
38.2699,501,1.6161
38.2742,500,1.6129
38.2785,500,1.6129
38.2828,500,1.6129
38.2871,501,1.6161
38.2914,502,1.6194
38.2957,503,1.6226
38.3000,504,1.6258
38.3043,505,1.6290
38.3088,507,1.6355
38.3132,510,1.6452
38.3175,514,1.6581
38.3218,518,1.6710
38.3262,518,1.6710
38.3304,520,1.6774
38.3348,523,1.6871
38.3392,526,1.6968
38.3435,529,1.7065
38.3478,532,1.7161
38.3521,536,1.7290
38.3564,539,1.7387
38.3607,542,1.7484
38.3650,544,1.7548
38.3693,543,1.7516
38.3735,544,1.7548
38.3778,545,1.7581
38.3821,547,1.7645
38.3864,548,1.7677
38.3907,546,1.7613
38.3950,545,1.7581
38.3993,543,1.7516
38.4036,540,1.7419
38.4079,538,1.7355
38.4122,536,1.7290
38.4165,534,1.7226
38.4208,532,1.7161
38.4251,528,1.7032
38.4294,524,1.6903
38.4337,521,1.6806
38.4380,519,1.6742
38.4424,515,1.6613
38.4467,512,1.6516
38.4510,508,1.6387
38.4554,505,1.6290
38.4597,503,1.6226
38.4640,499,1.6097
38.4683,497,1.6032
38.4727,497,1.6032
38.4770,497,1.6032
38.4813,499,1.6097
38.4857,499,1.6097
38.4900,500,1.6129
38.4944,501,1.6161
38.4987,500,1.6129
38.5030,500,1.6129
38.5073,501,1.6161
38.5117,501,1.6161
38.5160,501,1.6161
38.5203,501,1.6161
38.5247,502,1.6194
38.5290,503,1.6226
38.5335,505,1.6290
38.5378,510,1.6452
38.5421,512,1.6516
38.5464,516,1.6645
38.5507,519,1.6742
38.5550,522,1.6839
38.5593,524,1.6903
38.5635,525,1.6935
38.5678,525,1.6935
38.5721,524,1.6903
38.5764,525,1.6935
38.5807,522,1.6839
38.5850,521,1.6806
38.5894,516,1.6645
38.5937,514,1.6581
38.5979,510,1.6452
38.6022,507,1.6355
38.6065,503,1.6226
38.6108,503,1.6226
38.6151,504,1.6258
38.6194,504,1.6258
38.6237,504,1.6258
38.6280,505,1.6290
38.6323,506,1.6323
38.6366,507,1.6355
38.6409,507,1.6355
38.6453,507,1.6355
38.6496,508,1.6387
38.6539,508,1.6387
38.6583,507,1.6355
38.6626,503,1.6226
38.6669,495,1.5968
38.6713,488,1.5742
38.6756,490,1.5806
38.6799,505,1.6290
38.6842,536,1.7290
38.6886,576,1.8581
38.6929,622,2.0065
38.6973,658,2.1226
38.7016,662,2.1355
38.7059,636,2.0516
38.7102,595,1.9194
38.7146,547,1.7645
38.7189,509,1.6419
38.7232,488,1.5742
38.7276,481,1.5516
38.7319,482,1.5548
38.7362,490,1.5806
38.7406,496,1.6000
38.7449,499,1.6097
38.7492,499,1.6097
38.7535,500,1.6129
38.7578,500,1.6129
38.7620,500,1.6129
38.7663,503,1.6226
38.7706,503,1.6226
38.7749,503,1.6226
38.7792,501,1.6161
38.7835,501,1.6161
38.7878,501,1.6161
38.7921,502,1.6194
38.7964,501,1.6161
38.8007,502,1.6194
38.8050,503,1.6226
38.8093,504,1.6258
38.8136,507,1.6355
38.8179,510,1.6452
38.8221,513,1.6548
38.8264,516,1.6645
38.8307,519,1.6742
38.8350,523,1.6871
38.8393,525,1.6935
38.8437,530,1.7097
38.8480,532,1.7161
38.8524,534,1.7226
38.8567,536,1.7290
38.8610,539,1.7387
38.8653,542,1.7484
38.8697,543,1.7516
38.8740,544,1.7548
38.8783,546,1.7613
38.8827,547,1.7645
38.8870,546,1.7613
38.8914,544,1.7548
38.8957,543,1.7516
38.9001,542,1.7484
38.9045,540,1.7419
38.9090,537,1.7323
38.9134,536,1.7290
38.9178,532,1.7161
38.9222,529,1.7065
38.9265,526,1.6968
38.9308,523,1.6871
38.9352,520,1.6774
38.9395,517,1.6677
38.9438,512,1.6516
38.9481,509,1.6419
38.9524,506,1.6323
38.9567,503,1.6226
38.9610,500,1.6129
38.9653,498,1.6065
38.9696,497,1.6032
38.9739,498,1.6065
38.9782,498,1.6065
38.9825,497,1.6032
38.9868,497,1.6032
38.9911,498,1.6065
38.9954,499,1.6097
38.9997,499,1.6097
39.0040,500,1.6129
39.0083,501,1.6161
39.0126,501,1.6161
39.0168,501,1.6161
39.0212,501,1.6161
39.0255,503,1.6226
39.0297,503,1.6226
39.0340,504,1.6258
39.0384,509,1.6419
39.0428,513,1.6548
39.0471,517,1.6677
39.0514,520,1.6774
39.0557,522,1.6839
39.0600,525,1.6935
39.0643,526,1.6968
39.0685,526,1.6968
39.0728,525,1.6935
39.0771,523,1.6871
39.0814,522,1.6839
39.0857,520,1.6774
39.0900,515,1.6613
39.0943,512,1.6516
39.0985,509,1.6419
39.1029,504,1.6258
39.1072,502,1.6194
39.1115,502,1.6194
39.1157,502,1.6194
39.1200,502,1.6194
39.1244,502,1.6194
39.1286,503,1.6226
39.1329,505,1.6290
39.1372,505,1.6290
39.1414,506,1.6323
39.1458,505,1.6290
39.1501,505,1.6290
39.1544,507,1.6355
39.1587,506,1.6323
39.1630,502,1.6194
39.1673,495,1.5968
39.1715,487,1.5710
39.1759,489,1.5774
39.1801,505,1.6290
39.1844,537,1.7323
39.1887,578,1.8645
39.1930,624,2.0129
39.1974,658,2.1226
39.2016,662,2.1355
39.2060,635,2.0484
39.2104,592,1.9097
39.2148,544,1.7548
39.2191,507,1.6355
39.2234,487,1.5710
39.2278,480,1.5484
39.2321,482,1.5548
39.2364,489,1.5774
39.2406,495,1.5968
39.2450,498,1.6065
39.2492,499,1.6097
39.2535,499,1.6097
39.2577,500,1.6129
39.2620,500,1.6129
39.2663,500,1.6129
39.2705,500,1.6129
39.2748,501,1.6161
39.2790,502,1.6194
39.2833,502,1.6194
39.2875,503,1.6226
39.2918,503,1.6226
39.2960,502,1.6194
39.3003,503,1.6226
39.3045,503,1.6226
39.3088,503,1.6226
39.3130,505,1.6290
39.3172,509,1.6419
39.3215,512,1.6516
39.3258,516,1.6645
39.3301,521,1.6806
39.3343,524,1.6903
39.3386,527,1.7000
39.3428,529,1.7065
39.3472,532,1.7161
39.3515,535,1.7258
39.3558,538,1.7355
39.3600,539,1.7387
39.3643,542,1.7484
39.3686,543,1.7516
39.3729,543,1.7516
39.3772,545,1.7581
39.3814,545,1.7581
39.3857,546,1.7613
39.3900,546,1.7613
39.3943,546,1.7613
39.3985,543,1.7516
39.4028,542,1.7484
39.4071,539,1.7387
39.4115,538,1.7355
39.4157,536,1.7290
39.4200,534,1.7226
39.4243,529,1.7065
39.4286,526,1.6968
39.4329,520,1.6774
39.4372,518,1.6710
39.4414,515,1.6613
39.4461,511,1.6484
39.4505,508,1.6387
39.4548,504,1.6258
39.4591,501,1.6161
39.4634,498,1.6065
39.4676,496,1.6000
39.4719,497,1.6032
39.4762,496,1.6000
39.4805,497,1.6032
39.4848,497,1.6032
39.4891,499,1.6097
39.4934,500,1.6129
39.4977,500,1.6129
39.5020,500,1.6129
39.5063,500,1.6129
39.5106,501,1.6161
39.5149,501,1.6161
39.5192,501,1.6161
39.5235,501,1.6161
39.5278,501,1.6161
39.5322,503,1.6226
39.5365,506,1.6323
39.5407,511,1.6484
39.5450,514,1.6581
39.5493,519,1.6742
39.5537,522,1.6839
39.5579,524,1.6903
39.5622,524,1.6903
39.5665,526,1.6968
39.5708,527,1.7000
39.5751,525,1.6935
39.5794,524,1.6903
39.5837,521,1.6806
39.5880,518,1.6710
39.5923,515,1.6613
39.5966,511,1.6484
39.6009,506,1.6323
39.6052,503,1.6226
39.6095,503,1.6226
39.6138,504,1.6258
39.6181,504,1.6258
39.6224,503,1.6226
39.6267,504,1.6258
39.6310,505,1.6290
39.6353,504,1.6258
39.6396,505,1.6290
39.6439,504,1.6258
39.6482,504,1.6258
39.6525,504,1.6258
39.6568,503,1.6226
39.6611,503,1.6226
39.6654,496,1.6000
39.6697,489,1.5774
39.6740,485,1.5645
39.6783,495,1.5968
39.6826,520,1.6774
39.6869,556,1.7935
39.6912,601,1.9387
39.6955,643,2.0742
39.6998,663,2.1387
39.7041,650,2.0968
39.7084,615,1.9839
39.7127,568,1.8323
39.7169,524,1.6903
39.7213,497,1.6032
39.7256,483,1.5581
39.7299,480,1.5484
39.7341,486,1.5677
39.7384,493,1.5903
39.7428,497,1.6032
39.7471,500,1.6129
39.7514,501,1.6161
39.7557,500,1.6129
39.7600,499,1.6097
39.7643,499,1.6097
39.7686,500,1.6129
39.7729,500,1.6129
39.7772,501,1.6161
39.7815,502,1.6194
39.7858,502,1.6194
39.7901,502,1.6194
39.7944,503,1.6226
39.7987,503,1.6226
39.8031,504,1.6258
39.8075,504,1.6258
39.8118,505,1.6290
39.8162,509,1.6419
39.8205,512,1.6516
39.8249,516,1.6645
39.8291,520,1.6774
39.8334,523,1.6871
39.8377,525,1.6935
39.8420,529,1.7065
39.8464,531,1.7129
39.8507,534,1.7226
39.8549,537,1.7323
39.8592,538,1.7355
39.8635,541,1.7452
39.8677,542,1.7484
39.8720,545,1.7581
39.8763,545,1.7581
39.8805,545,1.7581
39.8848,546,1.7613
39.8890,546,1.7613
39.8932,544,1.7548
39.8975,543,1.7516
39.9017,541,1.7452
39.9060,538,1.7355
39.9103,537,1.7323
39.9145,535,1.7258
39.9188,533,1.7194
39.9230,531,1.7129
39.9274,528,1.7032
39.9316,523,1.6871
39.9358,521,1.6806
39.9401,517,1.6677
39.9443,514,1.6581
39.9486,511,1.6484
39.9529,506,1.6323
39.9572,504,1.6258
39.9614,502,1.6194
39.9658,499,1.6097
39.9700,498,1.6065
39.9743,497,1.6032
39.9786,499,1.6097
39.9829,499,1.6097
39.9872,498,1.6065
39.9915,499,1.6097
39.9958,500,1.6129
40.0000,499,1.6097
40.0044,499,1.6097
40.0087,500,1.6129
40.0129,501,1.6161
40.0172,501,1.6161
40.0215,502,1.6194
40.0258,502,1.6194
40.0306,503,1.6226
40.0350,505,1.6290
40.0431,510,1.6452
40.0478,514,1.6581
40.0522,518,1.6710
40.0565,521,1.6806
40.0608,524,1.6903
40.0652,526,1.6968
40.0695,526,1.6968
40.0737,526,1.6968
40.0780,525,1.6935
40.0823,524,1.6903
40.0866,522,1.6839
40.0908,520,1.6774
40.0951,518,1.6710
40.0994,515,1.6613
40.1037,512,1.6516
40.1080,506,1.6323
40.1124,505,1.6290
40.1168,504,1.6258
40.1214,504,1.6258
40.1258,505,1.6290
40.1301,506,1.6323
40.1344,507,1.6355
40.1386,507,1.6355
40.1429,507,1.6355
40.1471,506,1.6323
40.1514,507,1.6355
40.1557,509,1.6419
40.1599,508,1.6387
40.1642,508,1.6387
40.1684,503,1.6226
40.1727,497,1.6032
40.1769,489,1.5774
40.1812,491,1.5839
40.1854,507,1.6355
40.1897,538,1.7355
40.1939,579,1.8677
40.1982,625,2.0161
40.2024,658,2.1226
40.2067,663,2.1387
40.2109,638,2.0581
40.2152,596,1.9226
40.2195,550,1.7742
40.2237,511,1.6484
40.2280,490,1.5806
40.2322,482,1.5548
40.2365,481,1.5516
40.2407,483,1.5581
40.2450,485,1.5645
40.2492,489,1.5774
40.2535,496,1.6000
40.2579,499,1.6097
40.2622,500,1.6129
40.2665,500,1.6129
40.2708,499,1.6097
40.2751,501,1.6161
40.2794,501,1.6161
40.2838,502,1.6194
40.2881,502,1.6194
40.2924,502,1.6194
40.2968,503,1.6226
40.3011,502,1.6194
40.3054,504,1.6258
40.3098,504,1.6258
40.3141,505,1.6290
40.3185,505,1.6290
40.3228,504,1.6258
40.3271,507,1.6355
40.3315,509,1.6419
40.3358,514,1.6581
40.3402,517,1.6677
40.3445,520,1.6774
40.3488,523,1.6871
40.3531,527,1.7000
40.3575,531,1.7129
40.3618,533,1.7194
40.3660,535,1.7258
40.3703,539,1.7387
40.3746,541,1.7452
40.3789,543,1.7516
40.3832,544,1.7548
40.3875,544,1.7548
40.3918,547,1.7645
40.3961,548,1.7677
40.4004,548,1.7677
40.4047,547,1.7645
40.4090,545,1.7581
40.4133,545,1.7581
40.4176,542,1.7484
40.4219,540,1.7419
40.4262,539,1.7387
40.4305,536,1.7290
40.4348,534,1.7226
40.4391,531,1.7129
40.4434,527,1.7000
40.4477,523,1.6871
40.4521,519,1.6742
40.4564,516,1.6645
40.4608,513,1.6548
40.4651,510,1.6452
40.4694,506,1.6323
40.4738,503,1.6226
40.4781,502,1.6194
40.4824,500,1.6129
40.4868,500,1.6129
40.4911,499,1.6097
40.4954,498,1.6065
40.4997,499,1.6097
40.5041,499,1.6097
40.5084,500,1.6129
40.5127,500,1.6129
40.5171,500,1.6129
40.5215,501,1.6161
40.5258,502,1.6194
40.5301,501,1.6161
40.5345,503,1.6226
40.5388,503,1.6226
40.5432,502,1.6194
40.5475,503,1.6226
40.5518,507,1.6355
40.5561,512,1.6516
40.5605,517,1.6677
40.5648,519,1.6742
40.5691,522,1.6839
40.5734,525,1.6935
40.5776,527,1.7000
40.5819,528,1.7032
40.5863,527,1.7000
40.5905,526,1.6968
40.5948,523,1.6871
40.5991,520,1.6774
40.6034,518,1.6710
40.6077,514,1.6581
40.6120,511,1.6484
40.6163,507,1.6355
40.6206,504,1.6258
40.6250,503,1.6226
40.6292,503,1.6226
40.6335,504,1.6258
40.6378,504,1.6258
40.6421,504,1.6258
40.6464,504,1.6258
40.6507,505,1.6290
40.6550,505,1.6290
40.6593,504,1.6258
40.6637,505,1.6290
40.6680,505,1.6290
40.6723,505,1.6290
40.6767,503,1.6226
40.6810,497,1.6032
40.6853,489,1.5774
40.6897,486,1.5677
40.6940,498,1.6065
40.6983,526,1.6968
40.7027,567,1.8290
40.7074,615,1.9839
40.7119,655,2.1129
40.7163,664,2.1419
40.7207,640,2.0645
40.7251,598,1.9290
40.7294,550,1.7742
40.7338,512,1.6516
40.7381,490,1.5806
40.7424,482,1.5548
40.7468,483,1.5581
40.7511,489,1.5774
40.7554,495,1.5968
40.7598,498,1.6065
40.7641,500,1.6129
40.7684,500,1.6129
40.7727,500,1.6129
40.7770,501,1.6161
40.7813,499,1.6097
40.7856,499,1.6097
40.7899,502,1.6194
40.7942,502,1.6194
40.7985,503,1.6226
40.8028,503,1.6226
40.8071,502,1.6194
40.8114,502,1.6194
40.8157,503,1.6226
40.8200,505,1.6290
40.8243,506,1.6323
40.8286,507,1.6355
40.8329,509,1.6419
40.8372,513,1.6548
40.8415,517,1.6677
40.8458,520,1.6774
40.8501,522,1.6839
40.8544,525,1.6935
40.8587,527,1.7000
40.8630,529,1.7065
40.8674,533,1.7194
40.8717,536,1.7290
40.8760,538,1.7355
40.8804,540,1.7419
40.8847,540,1.7419
40.8890,542,1.7484
40.8934,544,1.7548
40.8977,545,1.7581
40.9020,545,1.7581
40.9064,545,1.7581
40.9107,546,1.7613
40.9151,545,1.7581
40.9194,543,1.7516
40.9237,542,1.7484
40.9281,538,1.7355
40.9324,537,1.7323
40.9367,533,1.7194
40.9411,531,1.7129
40.9454,527,1.7000
40.9497,525,1.6935
40.9541,520,1.6774
40.9584,517,1.6677
40.9627,515,1.6613
40.9671,511,1.6484
40.9714,509,1.6419
40.9757,506,1.6323
40.9800,503,1.6226
40.9843,499,1.6097
40.9886,498,1.6065
40.9929,497,1.6032
40.9972,497,1.6032
41.0015,497,1.6032
41.0058,497,1.6032
41.0114,501,1.6161
41.0158,499,1.6097
41.0201,499,1.6097
41.0244,499,1.6097
41.0287,499,1.6097
41.0330,500,1.6129
41.0373,502,1.6194
41.0416,502,1.6194
41.0459,503,1.6226
41.0502,503,1.6226
41.0545,506,1.6323
41.0588,510,1.6452
41.0631,513,1.6548
41.0674,516,1.6645
41.0717,521,1.6806
41.0760,524,1.6903
41.0803,524,1.6903
41.0846,524,1.6903
41.0889,526,1.6968
41.0932,524,1.6903
41.0975,527,1.7000
41.1018,522,1.6839
41.1061,520,1.6774
41.1104,516,1.6645
41.1147,513,1.6548
41.1190,509,1.6419
41.1233,506,1.6323
41.1276,503,1.6226
41.1319,502,1.6194
41.1362,502,1.6194
41.1405,504,1.6258
41.1448,504,1.6258
41.1491,504,1.6258
41.1534,505,1.6290
41.1577,504,1.6258
41.1620,503,1.6226
41.1663,503,1.6226
41.1706,504,1.6258
41.1749,505,1.6290
41.1792,505,1.6290
41.1835,501,1.6161
41.1878,495,1.5968
41.1921,486,1.5677
41.1964,486,1.5677
41.2007,501,1.6161
41.2050,531,1.7129
41.2093,571,1.8419
41.2136,617,1.9903
41.2183,656,2.1161
41.2227,662,2.1355
41.2270,635,2.0484
41.2313,595,1.9194
41.2356,549,1.7710
41.2399,511,1.6484
41.2442,490,1.5806
41.2485,483,1.5581
41.2528,483,1.5581
41.2571,490,1.5806
41.2614,496,1.6000
41.2657,498,1.6065
41.2700,497,1.6032
41.2743,498,1.6065
41.2786,498,1.6065
41.2829,499,1.6097
41.2872,500,1.6129
41.2915,499,1.6097
41.2958,500,1.6129
41.3001,501,1.6161
41.3044,501,1.6161
41.3087,501,1.6161
41.3130,501,1.6161
41.3173,501,1.6161
41.3216,501,1.6161
41.3259,503,1.6226
41.3302,504,1.6258
41.3345,505,1.6290
41.3388,509,1.6419
41.3431,511,1.6484
41.3474,514,1.6581
41.3517,518,1.6710
41.3560,521,1.6806
41.3603,524,1.6903
41.3646,526,1.6968
41.3689,530,1.7097
41.3732,533,1.7194
41.3774,536,1.7290
41.3817,537,1.7323
41.3860,539,1.7387
41.3903,541,1.7452
41.3946,543,1.7516
41.3989,543,1.7516
41.4032,543,1.7516
41.4075,545,1.7581
41.4118,545,1.7581
41.4161,544,1.7548
41.4204,541,1.7452
41.4248,540,1.7419
41.4290,538,1.7355
41.4334,537,1.7323
41.4376,534,1.7226
41.4419,530,1.7097
41.4462,525,1.6935
41.4505,523,1.6871
41.4548,521,1.6806
41.4591,517,1.6677
41.4634,515,1.6613
41.4678,512,1.6516
41.4721,508,1.6387
41.4764,506,1.6323
41.4807,501,1.6161
41.4850,499,1.6097
41.4893,497,1.6032
41.4936,497,1.6032
41.4979,497,1.6032
41.5022,497,1.6032
41.5065,497,1.6032
41.5108,498,1.6065
41.5151,499,1.6097
41.5194,500,1.6129
41.5237,501,1.6161
41.5280,500,1.6129
41.5323,501,1.6161
41.5366,501,1.6161
41.5409,501,1.6161
41.5452,502,1.6194
41.5495,502,1.6194
41.5538,503,1.6226
41.5581,506,1.6323
41.5624,510,1.6452
41.5667,514,1.6581
41.5710,518,1.6710
41.5754,521,1.6806
41.5796,522,1.6839
41.5839,524,1.6903
41.5882,524,1.6903
41.5925,526,1.6968
41.5968,526,1.6968
41.6011,524,1.6903
41.6054,523,1.6871
41.6099,519,1.6742
41.6143,515,1.6613
41.6188,512,1.6516
41.6231,507,1.6355
41.6275,504,1.6258
41.6318,503,1.6226
41.6361,504,1.6258
41.6405,504,1.6258
41.6448,505,1.6290
41.6491,505,1.6290
41.6535,506,1.6323
41.6578,505,1.6290
41.6621,503,1.6226
41.6664,505,1.6290
41.6708,506,1.6323
41.6751,507,1.6355
41.6794,507,1.6355
41.6837,505,1.6290
41.6879,498,1.6065
41.6922,492,1.5871
41.6965,487,1.5710
41.7008,495,1.5968
41.7051,518,1.6710
41.7094,554,1.7871
41.7137,600,1.9355
41.7181,642,2.0710
41.7224,664,2.1419
41.7267,655,2.1129
41.7310,620,2.0000
41.7353,575,1.8548
41.7396,530,1.7097
41.7439,501,1.6161
41.7482,485,1.5645
41.7525,482,1.5548
41.7568,485,1.5645
41.7611,492,1.5871
41.7654,496,1.6000
41.7697,498,1.6065
41.7740,498,1.6065
41.7783,499,1.6097
41.7826,499,1.6097
41.7869,500,1.6129
41.7912,500,1.6129
41.7955,500,1.6129
41.7998,500,1.6129
41.8041,500,1.6129
41.8084,502,1.6194
41.8127,502,1.6194
41.8170,502,1.6194
41.8213,503,1.6226
41.8256,504,1.6258
41.8299,504,1.6258
41.8342,505,1.6290
41.8385,508,1.6387
41.8428,512,1.6516
41.8471,515,1.6613
41.8514,518,1.6710
41.8557,522,1.6839
41.8600,525,1.6935
41.8643,528,1.7032
41.8686,531,1.7129
41.8729,534,1.7226
41.8773,536,1.7290
41.8816,538,1.7355
41.8860,540,1.7419
41.8903,542,1.7484
41.8946,544,1.7548
41.8990,545,1.7581
41.9033,546,1.7613
41.9077,546,1.7613
41.9123,547,1.7645
41.9168,547,1.7645
41.9215,553,1.7839
41.9262,542,1.7484
41.9306,539,1.7387
41.9349,535,1.7258
41.9392,534,1.7226
41.9436,530,1.7097
41.9479,527,1.7000
41.9522,524,1.6903
41.9566,521,1.6806
41.9609,517,1.6677
41.9652,514,1.6581
41.9696,512,1.6516
41.9739,508,1.6387
41.9782,506,1.6323
41.9825,502,1.6194
41.9868,499,1.6097
41.9911,497,1.6032
41.9954,497,1.6032
41.9997,498,1.6065
42.0040,498,1.6065
42.0083,500,1.6129
42.0125,500,1.6129
42.0168,499,1.6097
42.0211,498,1.6065
42.0255,500,1.6129
42.0298,500,1.6129
42.0341,500,1.6129
42.0384,501,1.6161
42.0427,501,1.6161
42.0470,502,1.6194
42.0513,503,1.6226
42.0556,505,1.6290
42.0599,508,1.6387
42.0642,511,1.6484
42.0685,516,1.6645
42.0728,519,1.6742
42.0772,523,1.6871
42.0815,525,1.6935
42.0858,526,1.6968
42.0902,527,1.7000
42.0945,526,1.6968
42.0988,525,1.6935
42.1032,521,1.6806
42.1075,519,1.6742
42.1118,518,1.6710
42.1162,513,1.6548
42.1205,509,1.6419
42.1249,506,1.6323
42.1292,503,1.6226
42.1335,503,1.6226
42.1379,503,1.6226
42.1422,503,1.6226
42.1465,504,1.6258
42.1509,504,1.6258
42.1553,503,1.6226
42.1596,504,1.6258
42.1639,503,1.6226
42.1684,502,1.6194
42.1727,502,1.6194
42.1771,504,1.6258
42.1814,504,1.6258
42.1857,502,1.6194
42.1900,494,1.5935
42.1943,487,1.5710
42.1986,486,1.5677
42.2029,501,1.6161
42.2072,531,1.7129
42.2115,572,1.8452
42.2158,617,1.9903
42.2201,655,2.1129
42.2244,661,2.1323
42.2287,640,2.0645
42.2330,599,1.9323
42.2373,552,1.7806
42.2416,512,1.6516
42.2459,490,1.5806
42.2502,481,1.5516
42.2545,481,1.5516
42.2588,489,1.5774
42.2631,494,1.5935
42.2674,497,1.6032
42.2717,497,1.6032
42.2760,498,1.6065
42.2804,497,1.6032
42.2847,499,1.6097
42.2890,501,1.6161
42.2934,501,1.6161
42.2977,502,1.6194
42.3020,502,1.6194
42.3064,502,1.6194
42.3107,501,1.6161
42.3150,501,1.6161
42.3194,502,1.6194
42.3237,502,1.6194
42.3281,502,1.6194
42.3324,503,1.6226
42.3367,506,1.6323
42.3411,509,1.6419
42.3454,513,1.6548
42.3497,516,1.6645
42.3541,520,1.6774
42.3584,522,1.6839
42.3627,524,1.6903
42.3671,529,1.7065
42.3714,533,1.7194
42.3758,537,1.7323
42.3801,538,1.7355
42.3844,540,1.7419
42.3887,543,1.7516
42.3930,544,1.7548
42.3973,546,1.7613
42.4016,547,1.7645
42.4059,547,1.7645
42.4102,545,1.7581
42.4145,545,1.7581
42.4188,544,1.7548
42.4231,543,1.7516
42.4274,541,1.7452
42.4317,540,1.7419
42.4360,537,1.7323
42.4403,534,1.7226
42.4446,530,1.7097
42.4489,529,1.7065
42.4532,526,1.6968
42.4575,524,1.6903
42.4617,520,1.6774
42.4660,515,1.6613
42.4703,511,1.6484
42.4746,508,1.6387
42.4790,505,1.6290
42.4833,503,1.6226
42.4877,499,1.6097
42.4920,497,1.6032
42.4964,496,1.6000
42.5007,497,1.6032
42.5050,497,1.6032
42.5095,497,1.6032
42.5139,498,1.6065
42.5183,498,1.6065
42.5227,499,1.6097
42.5271,501,1.6161
42.5315,503,1.6226
42.5358,503,1.6226
42.5402,503,1.6226
42.5445,502,1.6194
42.5488,503,1.6226
42.5531,503,1.6226
42.5575,505,1.6290
42.5618,508,1.6387
42.5662,512,1.6516
42.5705,516,1.6645
42.5748,519,1.6742
42.5792,523,1.6871
42.5835,525,1.6935
42.5878,526,1.6968
42.5921,527,1.7000
42.5964,527,1.7000
42.6007,526,1.6968
42.6050,524,1.6903
42.6093,521,1.6806
42.6135,519,1.6742
42.6179,515,1.6613
42.6222,512,1.6516
42.6264,507,1.6355
42.6308,503,1.6226
42.6351,502,1.6194
42.6394,503,1.6226
42.6437,503,1.6226
42.6479,504,1.6258
42.6522,504,1.6258
42.6565,504,1.6258
42.6608,504,1.6258
42.6651,505,1.6290
42.6694,506,1.6323
42.6738,506,1.6323
42.6781,506,1.6323
42.6825,507,1.6355
42.6868,506,1.6323
42.6912,500,1.6129
42.6955,492,1.5871
42.6998,486,1.5677
42.7042,494,1.5935
42.7085,519,1.6742
42.7128,556,1.7935
42.7172,602,1.9419
42.7215,645,2.0806
42.7259,664,2.1419
42.7302,652,2.1032
42.7346,613,1.9774
42.7389,568,1.8323
42.7432,524,1.6903
42.7476,496,1.6000
42.7519,484,1.5613
42.7562,482,1.5548
42.7606,487,1.5710
42.7649,493,1.5903
42.7692,497,1.6032
42.7736,498,1.6065
42.7779,497,1.6032
42.7822,499,1.6097
42.7865,501,1.6161
42.7908,502,1.6194
42.7951,503,1.6226
42.7994,502,1.6194
42.8037,502,1.6194
42.8081,502,1.6194
42.8125,503,1.6226
42.8169,503,1.6226
42.8212,503,1.6226
42.8255,504,1.6258
42.8298,504,1.6258
42.8341,504,1.6258
42.8384,505,1.6290
42.8428,508,1.6387
42.8471,512,1.6516
42.8514,516,1.6645
42.8557,520,1.6774
42.8600,523,1.6871
42.8643,525,1.6935
42.8686,528,1.7032
42.8729,531,1.7129
42.8772,535,1.7258
42.8815,538,1.7355
42.8858,540,1.7419
42.8901,543,1.7516
42.8944,542,1.7484
42.8987,543,1.7516
42.9030,544,1.7548
42.9073,546,1.7613
42.9116,546,1.7613
42.9159,545,1.7581
42.9202,545,1.7581
42.9245,543,1.7516
42.9288,541,1.7452
42.9331,540,1.7419
42.9374,536,1.7290
42.9417,535,1.7258
42.9460,533,1.7194
42.9503,530,1.7097
42.9546,526,1.6968
42.9589,523,1.6871
42.9632,516,1.6645
42.9675,514,1.6581
42.9718,512,1.6516
42.9761,509,1.6419
42.9804,506,1.6323
42.9847,502,1.6194
42.9929,498,1.6065
42.9973,498,1.6065
43.0017,498,1.6065
43.0060,498,1.6065
43.0103,498,1.6065
43.0147,498,1.6065
43.0190,500,1.6129
43.0233,500,1.6129
43.0277,501,1.6161
43.0320,503,1.6226
43.0364,502,1.6194
43.0407,501,1.6161
43.0450,500,1.6129
43.0494,501,1.6161
43.0537,502,1.6194
43.0580,505,1.6290
43.0624,508,1.6387
43.0667,511,1.6484
43.0710,516,1.6645
43.0754,519,1.6742
43.0797,521,1.6806
43.0840,525,1.6935
43.0883,525,1.6935
43.0926,527,1.7000
43.0969,527,1.7000
43.1012,526,1.6968
43.1055,524,1.6903
43.1098,521,1.6806
43.1141,517,1.6677
43.1184,515,1.6613
43.1227,512,1.6516
43.1270,507,1.6355
43.1313,505,1.6290
43.1357,503,1.6226
43.1399,503,1.6226
43.1442,503,1.6226
43.1485,503,1.6226
43.1528,505,1.6290
43.1572,506,1.6323
43.1614,507,1.6355
43.1657,507,1.6355
43.1700,507,1.6355
43.1743,506,1.6323
43.1787,507,1.6355
43.1830,506,1.6323
43.1874,504,1.6258
43.1917,497,1.6032
43.1961,490,1.5806
43.2004,486,1.5677
43.2047,496,1.6000
43.2091,522,1.6839
43.2134,560,1.8065
43.2177,605,1.9516
43.2221,645,2.0806
43.2264,662,2.1355
43.2307,647,2.0871
43.2351,608,1.9613
43.2394,561,1.8097
43.2438,519,1.6742
43.2481,494,1.5935
43.2524,482,1.5548
43.2568,481,1.5516
43.2611,487,1.5710
43.2654,494,1.5935
43.2697,499,1.6097
43.2741,498,1.6065
43.2784,498,1.6065
43.2828,499,1.6097
43.2871,500,1.6129
43.2914,499,1.6097
43.2957,500,1.6129
43.3000,500,1.6129
43.3043,502,1.6194
43.3086,501,1.6161
43.3129,502,1.6194
43.3172,503,1.6226
43.3215,503,1.6226
43.3258,502,1.6194
43.3301,502,1.6194
43.3344,502,1.6194
43.3387,504,1.6258
43.3430,509,1.6419
43.3473,512,1.6516
43.3516,516,1.6645
43.3559,517,1.6677
43.3602,519,1.6742
43.3645,522,1.6839
43.3688,524,1.6903
43.3731,528,1.7032
43.3774,531,1.7129
43.3817,536,1.7290
43.3860,538,1.7355
43.3903,539,1.7387
43.3947,542,1.7484
43.3990,544,1.7548
43.4034,543,1.7516
43.4077,544,1.7548
43.4122,544,1.7548
43.4167,547,1.7645
43.4211,547,1.7645
43.4254,544,1.7548
43.4298,545,1.7581
43.4341,542,1.7484
43.4385,540,1.7419
43.4428,537,1.7323
43.4471,534,1.7226
43.4515,532,1.7161
43.4558,529,1.7065
43.4602,527,1.7000
43.4645,523,1.6871
43.4688,519,1.6742
43.4731,516,1.6645
43.4775,513,1.6548
43.4819,510,1.6452
43.4863,506,1.6323
43.4906,502,1.6194
43.4949,500,1.6129
43.4992,498,1.6065
43.5035,496,1.6000
43.5078,498,1.6065
43.5120,499,1.6097
43.5163,500,1.6129
43.5206,500,1.6129
43.5249,500,1.6129
43.5292,500,1.6129
43.5335,500,1.6129
43.5378,501,1.6161
43.5421,502,1.6194
43.5464,502,1.6194
43.5507,502,1.6194
43.5550,502,1.6194
43.5593,502,1.6194
43.5636,504,1.6258
43.5679,508,1.6387
43.5722,513,1.6548
43.5765,516,1.6645
43.5808,519,1.6742
43.5851,522,1.6839
43.5895,524,1.6903
43.5938,524,1.6903
43.5981,525,1.6935
43.6025,524,1.6903
43.6068,523,1.6871
43.6111,522,1.6839
43.6155,519,1.6742
43.6198,517,1.6677
43.6242,513,1.6548
43.6285,509,1.6419
43.6328,507,1.6355
43.6372,504,1.6258
43.6415,503,1.6226
43.6459,503,1.6226
43.6502,503,1.6226
43.6546,503,1.6226
43.6589,503,1.6226
43.6632,504,1.6258
43.6676,504,1.6258
43.6719,504,1.6258
43.6762,505,1.6290
43.6805,505,1.6290
43.6849,505,1.6290
43.6892,505,1.6290
43.6935,503,1.6226
43.6978,496,1.6000
43.7021,488,1.5742
43.7064,486,1.5677
43.7109,500,1.6129
43.7152,531,1.7129
43.7196,574,1.8516
43.7239,618,1.9935
43.7282,655,2.1129
43.7325,664,2.1419
43.7368,640,2.0645
43.7411,599,1.9323
43.7454,550,1.7742
43.7497,512,1.6516
43.7540,491,1.5839
43.7583,483,1.5581
43.7626,483,1.5581
43.7669,489,1.5774
43.7712,494,1.5935
43.7755,498,1.6065
43.7798,499,1.6097
43.7842,498,1.6065
43.7886,498,1.6065
43.7929,499,1.6097
43.7973,500,1.6129
43.8016,500,1.6129
43.8059,501,1.6161
43.8103,501,1.6161
43.8146,502,1.6194
43.8189,501,1.6161
43.8233,501,1.6161
43.8276,502,1.6194
43.8320,501,1.6161
43.8363,503,1.6226
43.8406,503,1.6226
43.8450,505,1.6290
43.8493,508,1.6387
43.8536,512,1.6516
43.8580,514,1.6581
43.8623,518,1.6710
43.8666,521,1.6806
43.8710,524,1.6903
43.8753,529,1.7065
43.8796,532,1.7161
43.8840,536,1.7290
43.8883,538,1.7355
43.8926,540,1.7419
43.8969,543,1.7516
43.9012,543,1.7516
43.9055,545,1.7581
43.9098,546,1.7613
43.9141,547,1.7645
43.9184,547,1.7645
43.9227,547,1.7645
43.9270,544,1.7548
43.9313,543,1.7516
43.9356,540,1.7419
43.9399,538,1.7355
43.9442,536,1.7290
43.9485,533,1.7194
43.9528,531,1.7129
43.9571,529,1.7065
43.9614,524,1.6903
43.9657,521,1.6806
43.9700,518,1.6710
43.9743,514,1.6581
43.9786,511,1.6484
43.9829,508,1.6387
43.9872,504,1.6258
43.9915,501,1.6161
43.9959,499,1.6097
44.0002,497,1.6032
44.0046,497,1.6032
44.0089,498,1.6065
44.0132,498,1.6065
44.0176,499,1.6097
44.0219,499,1.6097
44.0262,499,1.6097
44.0306,500,1.6129
44.0349,499,1.6097
44.0392,499,1.6097
44.0436,500,1.6129
44.0479,500,1.6129
44.0522,501,1.6161
44.0566,500,1.6129
44.0609,502,1.6194
44.0652,506,1.6323
44.0696,510,1.6452
44.0739,515,1.6613
44.0783,519,1.6742
44.0826,522,1.6839
44.0870,524,1.6903
44.0914,526,1.6968
44.0957,527,1.7000
44.1000,526,1.6968
44.1043,526,1.6968
44.1086,525,1.6935
44.1129,523,1.6871
44.1172,520,1.6774
44.1215,518,1.6710
44.1258,514,1.6581
44.1301,509,1.6419
44.1344,506,1.6323
44.1387,504,1.6258
44.1430,503,1.6226
44.1473,502,1.6194
44.1516,502,1.6194
44.1559,501,1.6161
44.1602,504,1.6258
44.1645,504,1.6258
44.1688,506,1.6323
44.1731,505,1.6290
44.1774,506,1.6323
44.1817,506,1.6323
44.1860,506,1.6323
44.1903,506,1.6323
44.1946,502,1.6194
44.1990,494,1.5935
44.2033,487,1.5710
44.2076,490,1.5806
44.2120,508,1.6387
44.2163,542,1.7484
44.2207,586,1.8903
44.2250,629,2.0290
44.2293,660,2.1290
44.2336,661,2.1323
44.2380,631,2.0355
44.2423,588,1.8968
44.2467,540,1.7419
44.2510,505,1.6290
44.2553,487,1.5710
44.2597,480,1.5484
44.2640,483,1.5581
44.2683,487,1.5710
44.2727,493,1.5903
44.2770,496,1.6000
44.2814,498,1.6065
44.2857,497,1.6032
44.2900,498,1.6065
44.2944,497,1.6032
44.2987,498,1.6065
44.3030,499,1.6097
44.3073,500,1.6129
44.3118,501,1.6161
44.3161,501,1.6161
44.3205,503,1.6226
44.3248,503,1.6226
44.3291,502,1.6194
44.3334,503,1.6226
44.3377,505,1.6290
44.3420,506,1.6323
44.3463,507,1.6355
44.3506,511,1.6484
44.3549,514,1.6581
44.3592,516,1.6645
44.3635,520,1.6774
44.3678,524,1.6903
44.3721,528,1.7032
44.3764,531,1.7129
44.3807,535,1.7258
44.3850,538,1.7355
44.3893,540,1.7419
44.3936,541,1.7452
44.3979,542,1.7484
44.4022,544,1.7548
44.4065,546,1.7613
44.4108,546,1.7613
44.4151,547,1.7645
44.4194,547,1.7645
44.4237,545,1.7581
44.4280,543,1.7516
44.4323,542,1.7484
44.4366,538,1.7355
44.4409,537,1.7323
44.4452,535,1.7258
44.4495,532,1.7161
44.4538,530,1.7097
44.4581,528,1.7032
44.4624,525,1.6935
44.4667,519,1.6742
44.4710,516,1.6645
44.4753,513,1.6548
44.4796,510,1.6452
44.4839,507,1.6355
44.4882,504,1.6258
44.4925,501,1.6161
44.4968,498,1.6065
44.5011,497,1.6032
44.5055,497,1.6032
44.5098,497,1.6032
44.5141,499,1.6097
44.5185,499,1.6097
44.5228,500,1.6129
44.5272,499,1.6097
44.5315,500,1.6129
44.5359,500,1.6129
44.5402,500,1.6129
44.5445,500,1.6129
44.5489,501,1.6161
44.5532,502,1.6194
44.5576,502,1.6194
44.5619,502,1.6194
44.5662,503,1.6226
44.5706,506,1.6323
44.5749,510,1.6452
44.5792,514,1.6581
44.5836,517,1.6677
44.5879,522,1.6839
44.5924,525,1.6935
44.5967,526,1.6968
44.6010,526,1.6968
44.6053,527,1.7000
44.6098,526,1.6968
44.6141,524,1.6903
44.6185,520,1.6774
44.6228,519,1.6742
44.6271,515,1.6613
44.6314,513,1.6548
44.6357,509,1.6419
44.6400,506,1.6323
44.6443,504,1.6258
44.6486,503,1.6226
44.6529,503,1.6226
44.6572,504,1.6258
44.6615,505,1.6290
44.6658,505,1.6290
44.6701,505,1.6290
44.6744,504,1.6258
44.6787,505,1.6290
44.6830,505,1.6290
44.6873,506,1.6323
44.6916,506,1.6323
44.6959,506,1.6323
44.7002,502,1.6194
44.7045,494,1.5935
44.7088,486,1.5677
44.7131,491,1.5839
44.7174,512,1.6516
44.7217,546,1.7613
44.7260,588,1.8968
44.7303,633,2.0419
44.7346,662,2.1355
44.7389,658,2.1226
44.7432,628,2.0258
44.7475,585,1.8871
44.7518,538,1.7355
44.7561,504,1.6258
44.7604,487,1.5710
44.7651,482,1.5548
44.7694,485,1.5645
44.7737,492,1.5871
44.7780,496,1.6000
44.7823,498,1.6065
44.7866,499,1.6097
44.7909,497,1.6032
44.7952,498,1.6065
44.7995,498,1.6065
44.8038,500,1.6129
44.8082,500,1.6129
44.8125,502,1.6194
44.8168,503,1.6226
44.8212,504,1.6258
44.8255,503,1.6226
44.8298,504,1.6258
44.8342,504,1.6258
44.8385,504,1.6258
44.8430,504,1.6258
44.8473,505,1.6290
44.8516,508,1.6387
44.8560,512,1.6516
44.8603,515,1.6613
44.8646,518,1.6710
44.8690,520,1.6774
44.8733,523,1.6871
44.8776,526,1.6968
44.8820,531,1.7129
44.8863,533,1.7194
44.8906,537,1.7323
44.8951,538,1.7355
44.8994,541,1.7452
44.9038,542,1.7484
44.9080,543,1.7516
44.9123,544,1.7548
44.9167,545,1.7581
44.9209,544,1.7548
44.9252,545,1.7581
44.9295,543,1.7516
44.9338,543,1.7516
44.9381,542,1.7484
44.9424,539,1.7387
44.9467,538,1.7355
44.9510,535,1.7258
44.9553,532,1.7161
44.9596,529,1.7065
44.9639,526,1.6968
44.9682,523,1.6871
44.9725,520,1.6774
44.9768,516,1.6645
44.9811,513,1.6548
44.9854,510,1.6452
44.9897,506,1.6323
44.9940,503,1.6226
44.9983,499,1.6097
45.0027,497,1.6032
45.0070,496,1.6000
45.0114,497,1.6032
45.0157,499,1.6097
45.0200,499,1.6097
45.0244,499,1.6097
45.0287,500,1.6129
45.0330,500,1.6129
45.0422,501,1.6161
45.0468,502,1.6194
45.0514,502,1.6194
45.0558,503,1.6226
45.0602,504,1.6258
45.0646,504,1.6258
45.0690,505,1.6290
45.0733,508,1.6387
45.0777,511,1.6484
45.0820,516,1.6645
45.0864,518,1.6710
45.0907,521,1.6806
45.0950,524,1.6903
45.0993,526,1.6968
45.1037,527,1.7000
45.1080,525,1.6935
45.1123,525,1.6935
45.1166,522,1.6839
45.1209,519,1.6742
45.1252,517,1.6677
45.1295,513,1.6548
45.1338,511,1.6484
45.1381,507,1.6355
45.1424,504,1.6258
45.1467,503,1.6226
45.1510,504,1.6258
45.1553,504,1.6258
45.1596,505,1.6290
45.1639,505,1.6290
45.1682,505,1.6290
45.1725,506,1.6323
45.1768,507,1.6355
45.1811,507,1.6355
45.1854,508,1.6387
45.1897,507,1.6355
45.1939,508,1.6387
45.1983,505,1.6290
45.2026,498,1.6065
45.2071,490,1.5806
45.2116,487,1.5710
45.2160,503,1.6226
45.2204,534,1.7226
45.2248,576,1.8581
45.2291,622,2.0065
45.2334,657,2.1194
45.2378,662,2.1355
45.2421,639,2.0613
45.2465,597,1.9258
45.2508,549,1.7710
45.2551,511,1.6484
45.2595,491,1.5839
45.2639,483,1.5581
45.2682,485,1.5645
45.2726,490,1.5806
45.2769,497,1.6032
45.2812,500,1.6129
45.2855,500,1.6129
45.2899,501,1.6161
45.2942,502,1.6194
45.2987,502,1.6194
45.3030,502,1.6194
45.3074,502,1.6194
45.3117,502,1.6194
45.3160,502,1.6194
45.3203,502,1.6194
45.3246,503,1.6226
45.3289,503,1.6226
45.3332,503,1.6226
45.3375,503,1.6226
45.3418,504,1.6258
45.3461,504,1.6258
45.3504,506,1.6323
45.3547,509,1.6419
45.3590,513,1.6548
45.3633,516,1.6645
45.3676,520,1.6774
45.3719,523,1.6871
45.3762,526,1.6968
45.3804,529,1.7065
45.3847,531,1.7129
45.3890,534,1.7226
45.3933,536,1.7290
45.3976,539,1.7387
45.4019,542,1.7484
45.4063,542,1.7484
45.4106,543,1.7516
45.4150,544,1.7548
45.4193,545,1.7581
45.4236,546,1.7613
45.4280,544,1.7548
45.4323,543,1.7516
45.4367,542,1.7484
45.4410,540,1.7419
45.4453,538,1.7355
45.4496,535,1.7258
45.4540,533,1.7194
45.4583,531,1.7129
45.4627,527,1.7000
45.4672,524,1.6903
45.4715,523,1.6871
45.4759,521,1.6806
45.4802,517,1.6677
45.4845,512,1.6516
45.4888,510,1.6452
45.4932,507,1.6355
45.4975,505,1.6290
45.5018,501,1.6161
45.5062,498,1.6065
45.5106,497,1.6032
45.5150,498,1.6065
45.5194,498,1.6065
45.5237,498,1.6065
45.5280,499,1.6097
45.5323,498,1.6065
45.5366,499,1.6097
45.5409,500,1.6129
45.5452,500,1.6129
45.5495,500,1.6129
45.5538,500,1.6129
45.5581,500,1.6129
45.5624,499,1.6097
45.5667,500,1.6129
45.5710,502,1.6194
45.5753,505,1.6290
45.5796,509,1.6419
45.5839,513,1.6548
45.5881,516,1.6645
45.5924,519,1.6742
45.5967,521,1.6806
45.6010,523,1.6871
45.6053,525,1.6935
45.6097,526,1.6968
45.6141,525,1.6935
45.6184,523,1.6871
45.6227,522,1.6839
45.6271,520,1.6774
45.6314,516,1.6645
45.6358,512,1.6516
45.6401,507,1.6355
45.6444,504,1.6258
45.6488,501,1.6161
45.6531,501,1.6161
45.6575,502,1.6194
45.6618,504,1.6258
45.6661,503,1.6226
45.6705,503,1.6226
45.6748,504,1.6258
45.6791,504,1.6258
45.6835,504,1.6258
45.6878,504,1.6258
45.6921,504,1.6258
45.6964,505,1.6290
45.7008,503,1.6226
45.7051,498,1.6065
45.7094,491,1.5839
45.7137,486,1.5677
45.7180,489,1.5774
45.7223,509,1.6419
45.7266,543,1.7516
45.7309,585,1.8871
45.7352,630,2.0323
45.7395,661,2.1323
45.7438,659,2.1258
45.7481,630,2.0323
45.7524,587,1.8935
45.7567,539,1.7387
45.7610,505,1.6290
45.7653,487,1.5710
45.7696,481,1.5516
45.7739,483,1.5581
45.7782,490,1.5806
45.7825,496,1.6000
45.7867,499,1.6097
45.7910,500,1.6129
45.7953,500,1.6129
45.7996,499,1.6097
45.8040,500,1.6129
45.8083,500,1.6129
45.8127,500,1.6129
45.8171,501,1.6161
45.8214,502,1.6194
45.8257,502,1.6194
45.8301,502,1.6194
45.8344,502,1.6194
45.8387,502,1.6194
45.8431,503,1.6226
45.8474,504,1.6258
45.8517,505,1.6290
45.8561,508,1.6387
45.8604,511,1.6484
45.8648,516,1.6645
45.8691,517,1.6677
45.8734,518,1.6710
45.8777,517,1.6677
45.8821,519,1.6742
45.8864,521,1.6806
45.8907,524,1.6903
45.8951,528,1.7032
45.8994,531,1.7129
45.9038,533,1.7194
45.9081,536,1.7290
45.9124,539,1.7387
45.9167,541,1.7452
45.9210,543,1.7516
45.9253,544,1.7548
45.9296,545,1.7581
45.9339,544,1.7548
45.9382,546,1.7613
45.9425,544,1.7548
45.9468,543,1.7516
45.9511,541,1.7452
45.9554,539,1.7387
45.9597,538,1.7355
45.9640,535,1.7258
45.9683,533,1.7194
45.9726,531,1.7129
45.9769,527,1.7000
45.9812,525,1.6935
45.9855,521,1.6806
45.9898,517,1.6677
45.9940,514,1.6581
45.9983,510,1.6452
46.0026,507,1.6355
46.0069,503,1.6226
46.0112,500,1.6129
46.0156,497,1.6032
46.0199,497,1.6032
46.0242,496,1.6000
46.0286,496,1.6000
46.0329,499,1.6097
46.0372,500,1.6129
46.0416,500,1.6129
46.0459,500,1.6129
46.0502,500,1.6129
46.0546,500,1.6129
46.0589,500,1.6129
46.0632,500,1.6129
46.0676,500,1.6129
46.0719,499,1.6097
46.0763,501,1.6161
46.0806,502,1.6194
46.0849,504,1.6258
46.0892,508,1.6387
46.0936,512,1.6516
46.0979,516,1.6645
46.1022,519,1.6742
46.1066,522,1.6839
46.1110,524,1.6903
46.1154,524,1.6903
46.1198,524,1.6903
46.1241,526,1.6968
46.1284,524,1.6903
46.1327,522,1.6839
46.1370,520,1.6774
46.1413,517,1.6677
46.1456,513,1.6548
46.1499,510,1.6452
46.1542,506,1.6323
46.1585,504,1.6258
46.1628,503,1.6226
46.1671,502,1.6194
46.1714,503,1.6226
46.1757,504,1.6258
46.1800,504,1.6258
46.1843,505,1.6290
46.1886,506,1.6323
46.1929,506,1.6323
46.1972,507,1.6355
46.2015,507,1.6355
46.2058,506,1.6323
46.2101,505,1.6290
46.2144,502,1.6194
46.2188,493,1.5903
46.2231,486,1.5677
46.2274,488,1.5742
46.2318,505,1.6290
46.2361,538,1.7355
46.2405,581,1.8742
46.2448,630,2.0323
46.2491,662,2.1355
46.2535,663,2.1387
46.2578,633,2.0419
46.2621,591,1.9065
46.2665,542,1.7484
46.2708,506,1.6323
46.2751,487,1.5710
46.2795,481,1.5516
46.2838,484,1.5613
46.2881,490,1.5806
46.2924,496,1.6000
46.2968,499,1.6097
46.3011,499,1.6097
46.3054,499,1.6097
46.3098,501,1.6161
46.3141,501,1.6161
46.3184,500,1.6129
46.3227,499,1.6097
46.3270,500,1.6129
46.3313,500,1.6129
46.3357,500,1.6129
46.3399,502,1.6194
46.3442,503,1.6226
46.3485,504,1.6258
46.3528,504,1.6258
46.3571,505,1.6290
46.3614,505,1.6290
46.3657,507,1.6355
46.3700,511,1.6484
46.3743,515,1.6613
46.3786,520,1.6774
46.3829,522,1.6839
46.3872,525,1.6935
46.3915,527,1.7000
46.3958,531,1.7129
46.4001,535,1.7258
46.4044,537,1.7323
46.4088,538,1.7355
46.4133,540,1.7419
46.4177,542,1.7484
46.4221,543,1.7516
46.4265,543,1.7516
46.4308,544,1.7548
46.4351,545,1.7581
46.4395,546,1.7613
46.4438,545,1.7581
46.4482,544,1.7548
46.4525,543,1.7516
46.4568,541,1.7452
46.4612,539,1.7387
46.4655,537,1.7323
46.4698,533,1.7194
46.4741,529,1.7065
46.4785,526,1.6968
46.4828,523,1.6871
46.4872,519,1.6742
46.4915,515,1.6613
46.4960,513,1.6548
46.5004,509,1.6419
46.5049,505,1.6290
46.5093,502,1.6194
46.5138,498,1.6065
46.5182,497,1.6032
46.5225,495,1.5968
46.5269,496,1.6000
46.5311,497,1.6032
46.5354,497,1.6032
46.5397,498,1.6065
46.5443,497,1.6032
46.5486,497,1.6032
46.5529,499,1.6097
46.5571,500,1.6129
46.5614,501,1.6161
46.5657,500,1.6129
46.5700,500,1.6129
46.5743,499,1.6097
46.5786,501,1.6161
46.5828,502,1.6194
46.5872,506,1.6323
46.5915,510,1.6452
46.5957,515,1.6613
46.6000,519,1.6742
46.6043,521,1.6806
46.6086,522,1.6839
46.6129,524,1.6903
46.6172,524,1.6903
46.6215,525,1.6935
46.6259,525,1.6935
46.6302,523,1.6871
46.6345,521,1.6806
46.6388,518,1.6710
46.6431,515,1.6613
46.6474,511,1.6484
46.6517,508,1.6387
46.6560,505,1.6290
46.6603,504,1.6258
46.6646,503,1.6226
46.6689,502,1.6194
46.6732,502,1.6194
46.6775,504,1.6258
46.6822,505,1.6290
46.6865,505,1.6290
46.6908,505,1.6290
46.6951,506,1.6323
46.6994,506,1.6323
46.7037,506,1.6323
46.7080,506,1.6323
46.7124,504,1.6258
46.7167,499,1.6097
46.7210,491,1.5839
46.7253,486,1.5677
46.7297,496,1.6000
46.7340,521,1.6806
46.7383,559,1.8032
46.7425,604,1.9484
46.7468,646,2.0839
46.7512,664,2.1419
46.7555,650,2.0968
46.7598,615,1.9839
46.7645,565,1.8226
46.7688,521,1.6806
46.7731,495,1.5968
46.7774,482,1.5548
46.7817,482,1.5548
46.7860,486,1.5677
46.7903,493,1.5903
46.7946,498,1.6065
46.7989,500,1.6129
46.8032,500,1.6129
46.8075,501,1.6161
46.8118,501,1.6161
46.8161,500,1.6129
46.8205,500,1.6129
46.8248,501,1.6161
46.8291,503,1.6226
46.8334,502,1.6194
46.8377,502,1.6194
46.8420,503,1.6226
46.8466,503,1.6226
46.8509,504,1.6258
46.8552,503,1.6226
46.8595,504,1.6258
46.8638,506,1.6323
46.8681,509,1.6419
46.8725,513,1.6548
46.8768,517,1.6677
46.8811,519,1.6742
46.8854,522,1.6839
46.8897,525,1.6935
46.8940,528,1.7032
46.8983,533,1.7194
46.9026,536,1.7290
46.9069,539,1.7387
46.9112,540,1.7419
46.9155,542,1.7484
46.9198,544,1.7548
46.9242,546,1.7613
46.9285,546,1.7613
46.9328,546,1.7613
46.9371,547,1.7645
46.9414,546,1.7613
46.9457,545,1.7581
46.9500,545,1.7581
46.9543,542,1.7484
46.9586,540,1.7419
46.9629,539,1.7387
46.9672,537,1.7323
46.9716,533,1.7194
46.9759,530,1.7097
46.9802,526,1.6968
46.9845,522,1.6839
46.9888,518,1.6710
46.9936,514,1.6581
46.9979,512,1.6516
47.0022,509,1.6419
47.0066,506,1.6323
47.0111,501,1.6161
47.0162,499,1.6097
47.0206,498,1.6065
47.0250,499,1.6097
47.0292,499,1.6097
47.0336,500,1.6129
47.0379,500,1.6129
47.0423,500,1.6129
47.0466,500,1.6129
47.0512,500,1.6129
47.0556,499,1.6097
47.0599,499,1.6097
47.0641,500,1.6129
47.0684,502,1.6194
47.0728,503,1.6226
47.0771,502,1.6194
47.0814,503,1.6226
47.0857,505,1.6290
47.0900,508,1.6387
47.0943,512,1.6516
47.0987,515,1.6613
47.1030,520,1.6774
47.1072,522,1.6839
47.1115,524,1.6903
47.1159,525,1.6935
47.1202,527,1.7000
47.1246,527,1.7000
47.1289,526,1.6968
47.1332,524,1.6903
47.1375,520,1.6774
47.1418,516,1.6645
47.1461,513,1.6548
47.1504,508,1.6387
47.1547,505,1.6290
47.1591,503,1.6226
47.1634,502,1.6194
47.1677,503,1.6226
47.1720,504,1.6258
47.1763,504,1.6258
47.1807,505,1.6290
47.1850,505,1.6290
47.1893,505,1.6290
47.1937,506,1.6323
47.1980,507,1.6355
47.2022,506,1.6323
47.2065,507,1.6355
47.2108,506,1.6323
47.2150,506,1.6323
47.2193,501,1.6161
47.2236,496,1.6000
47.2278,488,1.5742
47.2321,490,1.5806
47.2363,505,1.6290
47.2406,535,1.7258
47.2449,574,1.8516
47.2491,621,2.0032
47.2534,657,2.1194
47.2576,666,2.1484
47.2619,643,2.0742
47.2661,602,1.9419
47.2704,554,1.7871
47.2747,515,1.6613
47.2789,492,1.5871
47.2832,483,1.5581
47.2874,482,1.5548
47.2917,488,1.5742
47.2960,494,1.5935
47.3004,498,1.6065
47.3047,500,1.6129
47.3090,500,1.6129
47.3150,501,1.6161
47.3194,501,1.6161
47.3238,500,1.6129
47.3281,501,1.6161
47.3324,501,1.6161
47.3371,503,1.6226
47.3415,503,1.6226
47.3458,503,1.6226
47.3500,504,1.6258
47.3543,504,1.6258
47.3586,504,1.6258
47.3630,504,1.6258
47.3673,506,1.6323
47.3716,507,1.6355
47.3759,510,1.6452
47.3802,514,1.6581
47.3845,518,1.6710
47.3888,522,1.6839
47.3931,527,1.7000
47.3974,530,1.7097
47.4017,532,1.7161
47.4060,535,1.7258
47.4103,537,1.7323
47.4146,540,1.7419
47.4190,542,1.7484
47.4234,544,1.7548
47.4277,545,1.7581
47.4320,545,1.7581
47.4362,544,1.7548
47.4406,546,1.7613
47.4449,547,1.7645
47.4492,545,1.7581
47.4535,544,1.7548
47.4578,542,1.7484
47.4621,540,1.7419
47.4664,539,1.7387
47.4707,535,1.7258
47.4751,532,1.7161
47.4794,530,1.7097
47.4843,527,1.7000
47.4886,524,1.6903
47.4929,521,1.6806
47.4972,518,1.6710
47.5015,515,1.6613
47.5058,511,1.6484
47.5101,508,1.6387
47.5144,505,1.6290
47.5187,503,1.6226
47.5231,500,1.6129
47.5274,497,1.6032
47.5317,497,1.6032
47.5360,497,1.6032
47.5403,496,1.6000
47.5446,496,1.6000
47.5489,498,1.6065
47.5532,499,1.6097
47.5575,498,1.6065
47.5618,497,1.6032
47.5662,498,1.6065
47.5705,498,1.6065
47.5748,500,1.6129
47.5791,501,1.6161
47.5834,502,1.6194
47.5877,501,1.6161
47.5920,503,1.6226
47.5963,505,1.6290
47.6006,508,1.6387
47.6049,514,1.6581
47.6092,517,1.6677
47.6135,519,1.6742
47.6178,522,1.6839
47.6221,523,1.6871
47.6264,525,1.6935
47.6308,524,1.6903
47.6351,525,1.6935
47.6394,522,1.6839
47.6437,521,1.6806
47.6480,517,1.6677
47.6523,514,1.6581
47.6566,510,1.6452
47.6609,508,1.6387
47.6652,504,1.6258
47.6695,502,1.6194
47.6738,502,1.6194
47.6781,502,1.6194
47.6824,502,1.6194
47.6867,502,1.6194
47.6910,501,1.6161
47.6953,502,1.6194
47.6996,503,1.6226
47.7039,503,1.6226
47.7087,504,1.6258
47.7130,504,1.6258
47.7173,504,1.6258
47.7216,503,1.6226
47.7260,498,1.6065
47.7303,491,1.5839
47.7346,485,1.5645
47.7389,492,1.5871
47.7432,515,1.6613
47.7475,549,1.7710
47.7518,594,1.9161
47.7561,638,2.0581
47.7604,663,2.1387
47.7647,657,2.1194
47.7690,623,2.0097
47.7733,578,1.8645
47.7777,533,1.7194
47.7819,502,1.6194
47.7862,486,1.5677
47.7906,482,1.5548
47.7949,486,1.5677
47.7992,492,1.5871
47.8034,496,1.6000
47.8077,498,1.6065
47.8121,498,1.6065
47.8164,499,1.6097
47.8207,499,1.6097
47.8250,498,1.6065
47.8293,499,1.6097
47.8336,499,1.6097
47.8379,500,1.6129
47.8422,501,1.6161
47.8465,502,1.6194
47.8508,501,1.6161
47.8552,502,1.6194
47.8594,501,1.6161
47.8637,502,1.6194
47.8680,503,1.6226
47.8724,504,1.6258
47.8767,507,1.6355
47.8810,511,1.6484
47.8853,516,1.6645
47.8896,518,1.6710
47.8939,522,1.6839
47.8982,525,1.6935
47.9025,527,1.7000
47.9068,531,1.7129
47.9113,533,1.7194
47.9157,538,1.7355
47.9202,539,1.7387
47.9245,542,1.7484
47.9291,542,1.7484
47.9334,544,1.7548
47.9377,545,1.7581
47.9420,546,1.7613
47.9463,546,1.7613
47.9506,546,1.7613
47.9549,546,1.7613
47.9593,544,1.7548
47.9636,542,1.7484
47.9679,541,1.7452
47.9722,539,1.7387
47.9765,536,1.7290
47.9809,533,1.7194
47.9852,529,1.7065
47.9895,525,1.6935
47.9938,522,1.6839
47.9981,518,1.6710
48.0024,516,1.6645
48.0067,513,1.6548
48.0110,509,1.6419
48.0153,506,1.6323
48.0196,503,1.6226
48.0239,498,1.6065
48.0282,496,1.6000
48.0325,495,1.5968
48.0369,496,1.6000
48.0412,497,1.6032
48.0454,497,1.6032
48.0497,498,1.6065
48.0540,499,1.6097
48.0584,499,1.6097
48.0627,501,1.6161
48.0670,501,1.6161
48.0713,502,1.6194
48.0756,502,1.6194
48.0799,501,1.6161
48.0842,502,1.6194
48.0885,503,1.6226
48.0928,504,1.6258
48.0972,507,1.6355
48.1015,510,1.6452
48.1058,514,1.6581
48.1101,517,1.6677
48.1144,521,1.6806
48.1187,523,1.6871
48.1230,524,1.6903
48.1273,526,1.6968
48.1316,526,1.6968
48.1359,525,1.6935
48.1403,522,1.6839
48.1446,521,1.6806
48.1488,518,1.6710
48.1531,514,1.6581
48.1579,511,1.6484
48.1622,507,1.6355
48.1665,503,1.6226
48.1708,502,1.6194
48.1751,502,1.6194
48.1795,503,1.6226
48.1838,503,1.6226
48.1881,504,1.6258
48.1924,504,1.6258
48.1967,504,1.6258
48.2010,504,1.6258
48.2054,504,1.6258
48.2097,504,1.6258
48.2141,505,1.6290
48.2185,504,1.6258
48.2229,503,1.6226
48.2272,497,1.6032
48.2316,488,1.5742
48.2359,485,1.5645
48.2402,497,1.6032
48.2445,523,1.6871
48.2488,561,1.8097
48.2531,606,1.9548
48.2574,646,2.0839
48.2617,663,2.1387
48.2660,647,2.0871
48.2703,607,1.9581
48.2746,562,1.8129
48.2789,520,1.6774
48.2833,494,1.5935
48.2876,482,1.5548
48.2919,481,1.5516
48.2961,486,1.5677
48.3004,494,1.5935
48.3048,498,1.6065
48.3091,499,1.6097
48.3134,499,1.6097
48.3180,501,1.6161
48.3225,501,1.6161
48.3268,501,1.6161
48.3311,501,1.6161
48.3354,501,1.6161
48.3397,501,1.6161
48.3440,502,1.6194
48.3483,502,1.6194
48.3526,502,1.6194
48.3569,502,1.6194
48.3612,504,1.6258
48.3655,504,1.6258
48.3698,504,1.6258
48.3741,507,1.6355
48.3787,510,1.6452
48.3831,512,1.6516
48.3874,515,1.6613
48.3917,519,1.6742
48.3959,523,1.6871
48.4002,526,1.6968
48.4046,529,1.7065
48.4089,532,1.7161
48.4132,536,1.7290
48.4174,538,1.7355
48.4217,540,1.7419
48.4262,542,1.7484
48.4306,542,1.7484
48.4348,543,1.7516
48.4391,544,1.7548
48.4434,546,1.7613
48.4476,546,1.7613
48.4519,546,1.7613
48.4562,544,1.7548
48.4605,543,1.7516
48.4648,541,1.7452
48.4690,539,1.7387
48.4733,537,1.7323
48.4775,535,1.7258
48.4818,533,1.7194
48.4861,530,1.7097
48.4903,527,1.7000
48.4946,525,1.6935
48.4989,522,1.6839
48.5032,519,1.6742
48.5074,516,1.6645
48.5117,513,1.6548
48.5159,510,1.6452
48.5202,507,1.6355
48.5245,505,1.6290
48.5288,501,1.6161
48.5331,499,1.6097
48.5374,499,1.6097
48.5417,499,1.6097
48.5460,499,1.6097
48.5503,500,1.6129
48.5546,500,1.6129
48.5589,501,1.6161
48.5632,500,1.6129
48.5675,501,1.6161
48.5718,501,1.6161
48.5761,501,1.6161
48.5804,502,1.6194
48.5847,502,1.6194
48.5890,502,1.6194
48.5933,502,1.6194
48.5976,503,1.6226
48.6019,505,1.6290
48.6062,511,1.6484
48.6105,515,1.6613
48.6148,518,1.6710
48.6191,522,1.6839
48.6235,524,1.6903
48.6278,525,1.6935
48.6321,526,1.6968
48.6364,526,1.6968
48.6407,526,1.6968
48.6450,524,1.6903
48.6493,521,1.6806
48.6536,518,1.6710
48.6579,516,1.6645
48.6622,513,1.6548
48.6665,508,1.6387
48.6708,505,1.6290
48.6751,502,1.6194
48.6794,504,1.6258
48.6837,504,1.6258
48.6880,504,1.6258
48.6923,503,1.6226
48.6966,504,1.6258
48.7009,504,1.6258
48.7052,504,1.6258
48.7095,505,1.6290
48.7138,506,1.6323
48.7181,505,1.6290
48.7224,504,1.6258
48.7267,505,1.6290
48.7310,505,1.6290
48.7353,501,1.6161
48.7396,494,1.5935
48.7438,486,1.5677
48.7481,490,1.5806
48.7523,509,1.6419
48.7566,542,1.7484
48.7609,584,1.8839
48.7651,629,2.0290
48.7694,662,2.1355
48.7737,662,2.1355
48.7779,634,2.0452
48.7822,590,1.9032
48.7865,542,1.7484
48.7908,507,1.6355
48.7950,489,1.5774
48.7993,482,1.5548
48.8036,483,1.5581
48.8079,489,1.5774
48.8123,494,1.5935
48.8166,497,1.6032
48.8210,500,1.6129
48.8253,500,1.6129
48.8296,500,1.6129
48.8338,500,1.6129
48.8381,501,1.6161
48.8424,502,1.6194
48.8467,501,1.6161
48.8509,502,1.6194
48.8552,502,1.6194
48.8594,503,1.6226
48.8637,503,1.6226
48.8680,502,1.6194
48.8722,502,1.6194
48.8765,502,1.6194
48.8808,504,1.6258
48.8852,506,1.6323
48.8895,509,1.6419
48.8937,514,1.6581
48.8980,518,1.6710
48.9023,521,1.6806
48.9065,523,1.6871
48.9108,525,1.6935
48.9151,529,1.7065
48.9193,533,1.7194
48.9236,535,1.7258
48.9279,537,1.7323
48.9322,539,1.7387
48.9365,541,1.7452
48.9408,542,1.7484
48.9451,544,1.7548
48.9494,545,1.7581
48.9537,545,1.7581
48.9580,546,1.7613
48.9623,544,1.7548
48.9666,542,1.7484
48.9709,539,1.7387
48.9752,539,1.7387
48.9796,538,1.7355
48.9839,537,1.7323
48.9882,534,1.7226
48.9925,529,1.7065
48.9968,527,1.7000
49.0011,526,1.6968
49.0054,526,1.6968
49.0097,524,1.6903
49.0140,521,1.6806
49.0183,518,1.6710
49.0226,515,1.6613
49.0269,510,1.6452
49.0312,507,1.6355
49.0355,505,1.6290
49.0398,503,1.6226
49.0441,499,1.6097
49.0484,496,1.6000
49.0527,496,1.6000
49.0571,496,1.6000
49.0614,496,1.6000
49.0657,496,1.6000
49.0700,498,1.6065
49.0743,498,1.6065
49.0786,499,1.6097
49.0829,500,1.6129
49.0872,500,1.6129
49.0915,499,1.6097
49.0958,499,1.6097
49.1001,500,1.6129
49.1044,501,1.6161
49.1087,501,1.6161
49.1132,503,1.6226
49.1187,509,1.6419
49.1231,513,1.6548
49.1274,518,1.6710
49.1323,520,1.6774
49.1367,523,1.6871
49.1410,525,1.6935
49.1453,524,1.6903
49.1497,526,1.6968
49.1540,527,1.7000
49.1583,525,1.6935
49.1626,522,1.6839
49.1669,520,1.6774
49.1712,516,1.6645
49.1759,513,1.6548
49.1803,509,1.6419
49.1846,505,1.6290
49.1889,503,1.6226
49.1932,503,1.6226
49.1975,503,1.6226
49.2019,503,1.6226
49.2062,503,1.6226
49.2105,503,1.6226
49.2147,503,1.6226
49.2191,504,1.6258
49.2234,505,1.6290
49.2277,505,1.6290
49.2320,505,1.6290
49.2363,505,1.6290
49.2407,505,1.6290
49.2450,501,1.6161
49.2493,494,1.5935
49.2536,486,1.5677
49.2582,488,1.5742
49.2625,508,1.6387
49.2668,541,1.7452
49.2711,582,1.8774
49.2754,630,2.0323
49.2797,662,2.1355
49.2840,661,2.1323
49.2883,632,2.0387
49.2926,588,1.8968
49.2969,541,1.7452
49.3012,506,1.6323
49.3055,489,1.5774
49.3098,481,1.5516
49.3141,484,1.5613
49.3184,490,1.5806
49.3227,497,1.6032
49.3271,500,1.6129
49.3314,499,1.6097
49.3357,500,1.6129
49.3402,499,1.6097
49.3445,499,1.6097
49.3488,499,1.6097
49.3531,499,1.6097
49.3574,500,1.6129
49.3617,502,1.6194
49.3660,502,1.6194
49.3703,503,1.6226
49.3746,502,1.6194
49.3789,502,1.6194
49.3832,503,1.6226
49.3875,502,1.6194
49.3919,503,1.6226
49.3962,506,1.6323
49.4004,511,1.6484
49.4048,514,1.6581
49.4091,518,1.6710
49.4134,520,1.6774
49.4177,524,1.6903
49.4223,527,1.7000
49.4266,530,1.7097
49.4309,533,1.7194
49.4352,537,1.7323
49.4396,539,1.7387
49.4439,542,1.7484
49.4482,543,1.7516
49.4525,545,1.7581
49.4568,545,1.7581
49.4610,546,1.7613
49.4654,546,1.7613
49.4697,546,1.7613
49.4740,544,1.7548
49.4783,544,1.7548
49.4826,543,1.7516
49.4869,540,1.7419
49.4912,537,1.7323
49.4955,536,1.7290
49.4998,534,1.7226
49.5041,530,1.7097
49.5085,527,1.7000
49.5128,524,1.6903
49.5171,521,1.6806
49.5214,516,1.6645
49.5257,515,1.6613
49.5300,512,1.6516
49.5343,510,1.6452
49.5386,508,1.6387
49.5429,505,1.6290
49.5472,501,1.6161
49.5516,499,1.6097
49.5559,499,1.6097
49.5601,498,1.6065
49.5644,499,1.6097
49.5687,498,1.6065
49.5731,499,1.6097
49.5774,500,1.6129
49.5816,500,1.6129
49.5861,500,1.6129
49.5904,499,1.6097
49.5947,499,1.6097
49.5990,500,1.6129
49.6033,501,1.6161
49.6076,500,1.6129
49.6119,502,1.6194
49.6162,504,1.6258
49.6205,507,1.6355
49.6248,510,1.6452
49.6291,515,1.6613
49.6334,519,1.6742
49.6377,521,1.6806
49.6421,524,1.6903
49.6464,524,1.6903
49.6512,524,1.6903
49.6555,523,1.6871
49.6598,523,1.6871
49.6641,520,1.6774
49.6684,518,1.6710
49.6727,515,1.6613
49.6771,512,1.6516
49.6814,510,1.6452
49.6857,507,1.6355
49.6900,504,1.6258
49.6943,502,1.6194
49.6986,502,1.6194
49.7029,502,1.6194
49.7073,503,1.6226
49.7125,504,1.6258
49.7169,506,1.6323
49.7213,507,1.6355
49.7256,506,1.6323
49.7299,506,1.6323
49.7343,506,1.6323
49.7386,506,1.6323
49.7429,505,1.6290
49.7472,501,1.6161
49.7515,493,1.5903
49.7558,486,1.5677
49.7601,489,1.5774
49.7644,508,1.6387
49.7687,542,1.7484
49.7730,585,1.8871
49.7773,630,2.0323
49.7816,662,2.1355
49.7859,661,2.1323
49.7902,632,2.0387
49.7945,589,1.9000
49.7988,541,1.7452
49.8031,506,1.6323
49.8074,487,1.5710
49.8117,481,1.5516
49.8161,484,1.5613
49.8204,489,1.5774
49.8247,496,1.6000
49.8289,498,1.6065
49.8332,500,1.6129
49.8379,499,1.6097
49.8423,499,1.6097
49.8466,499,1.6097
49.8509,500,1.6129
49.8557,501,1.6161
49.8600,501,1.6161
49.8643,501,1.6161
49.8686,502,1.6194
49.8729,502,1.6194
49.8772,503,1.6226
49.8815,504,1.6258
49.8858,504,1.6258
49.8901,504,1.6258
49.8944,504,1.6258
49.8988,508,1.6387
49.9031,512,1.6516
49.9073,515,1.6613
49.9116,518,1.6710
49.9159,522,1.6839
49.9203,524,1.6903
49.9246,527,1.7000
49.9289,529,1.7065
49.9332,533,1.7194
49.9375,535,1.7258
49.9419,538,1.7355
49.9462,541,1.7452
49.9505,542,1.7484
49.9548,544,1.7548
49.9591,545,1.7581
49.9634,544,1.7548
49.9677,545,1.7581
49.9720,545,1.7581
49.9762,543,1.7516
49.9806,542,1.7484
49.9849,540,1.7419
49.9892,538,1.7355
49.9935,535,1.7258
49.9978,533,1.7194
50.0021,532,1.7161
50.0064,529,1.7065
50.0108,525,1.6935
50.0153,522,1.6839
50.0197,518,1.6710
50.0240,516,1.6645
50.0283,513,1.6548
50.0326,510,1.6452
50.0374,507,1.6355
50.0420,503,1.6226
50.0490,498,1.6065
50.0534,496,1.6000
50.0578,498,1.6065
50.0621,498,1.6065
50.0664,498,1.6065
50.0707,498,1.6065
50.0750,499,1.6097
50.0793,499,1.6097
50.0836,499,1.6097
50.0878,500,1.6129
50.0927,499,1.6097
50.0970,499,1.6097
50.1014,500,1.6129
50.1057,501,1.6161
50.1099,501,1.6161
50.1142,502,1.6194
50.1185,507,1.6355
50.1227,509,1.6419
50.1270,513,1.6548
50.1313,517,1.6677
50.1355,520,1.6774
50.1398,521,1.6806
50.1442,523,1.6871
50.1484,525,1.6935
50.1527,524,1.6903
50.1569,525,1.6935
50.1611,522,1.6839
50.1654,520,1.6774
50.1696,519,1.6742
50.1739,516,1.6645
50.1781,514,1.6581
50.1824,508,1.6387
50.1866,505,1.6290
50.1908,503,1.6226
50.1951,503,1.6226
50.1993,503,1.6226
50.2036,504,1.6258
50.2078,505,1.6290
50.2120,505,1.6290
50.2162,504,1.6258
50.2205,505,1.6290
50.2248,505,1.6290
50.2290,504,1.6258
50.2333,505,1.6290
50.2375,505,1.6290
50.2418,505,1.6290
50.2460,502,1.6194
50.2504,495,1.5968
50.2546,487,1.5710
50.2589,486,1.5677
50.2633,500,1.6129
50.2677,530,1.7097
50.2719,570,1.8387
50.2762,615,1.9839
50.2805,652,2.1032
50.2848,661,2.1323
50.2891,640,2.0645
50.2934,599,1.9323
50.2977,553,1.7839
50.3020,513,1.6548
50.3063,490,1.5806
50.3106,481,1.5516
50.3149,483,1.5581
50.3195,490,1.5806
50.3238,497,1.6032
50.3281,500,1.6129
50.3324,501,1.6161
50.3367,500,1.6129
50.3411,501,1.6161
50.3455,501,1.6161
50.3500,502,1.6194
50.3543,503,1.6226
50.3587,502,1.6194
50.3630,504,1.6258
50.3673,504,1.6258
50.3716,503,1.6226
50.3760,502,1.6194
50.3803,504,1.6258
50.3846,503,1.6226
50.3889,503,1.6226
50.3932,504,1.6258
50.3975,508,1.6387
50.4018,511,1.6484
50.4060,515,1.6613
50.4103,518,1.6710
50.4146,521,1.6806
50.4190,524,1.6903
50.4232,526,1.6968
50.4275,530,1.7097
50.4318,532,1.7161
50.4361,536,1.7290
50.4403,539,1.7387
50.4446,541,1.7452
50.4489,543,1.7516
50.4532,543,1.7516
50.4575,545,1.7581
50.4617,546,1.7613
50.4660,546,1.7613
50.4702,546,1.7613
50.4745,544,1.7548
50.4787,545,1.7581
50.4830,544,1.7548
50.4873,541,1.7452
50.4915,538,1.7355
50.4958,536,1.7290
50.5001,534,1.7226
50.5043,531,1.7129
50.5086,528,1.7032
50.5129,524,1.6903
50.5172,523,1.6871
50.5214,519,1.6742
50.5257,514,1.6581
50.5300,512,1.6516
50.5343,509,1.6419
50.5386,505,1.6290
50.5428,502,1.6194
50.5472,498,1.6065
50.5515,496,1.6000
50.5558,496,1.6000
50.5601,497,1.6032
50.5644,498,1.6065
50.5687,498,1.6065
50.5729,498,1.6065
50.5772,499,1.6097
50.5815,499,1.6097
50.5858,499,1.6097
50.5901,500,1.6129
50.5944,501,1.6161
50.5987,501,1.6161
50.6030,502,1.6194
50.6081,502,1.6194
50.6125,503,1.6226
50.6169,504,1.6258
50.6213,508,1.6387
50.6257,512,1.6516
50.6300,516,1.6645
50.6344,519,1.6742
50.6387,522,1.6839
50.6432,524,1.6903
50.6475,525,1.6935
50.6519,526,1.6968
50.6562,525,1.6935
50.6605,524,1.6903
50.6648,522,1.6839
50.6694,519,1.6742
50.6737,516,1.6645
50.6780,514,1.6581
50.6823,508,1.6387
50.6866,506,1.6323
50.6909,505,1.6290
50.6952,504,1.6258
50.6995,505,1.6290
50.7038,504,1.6258
50.7081,505,1.6290
50.7124,504,1.6258
50.7167,505,1.6290
50.7210,506,1.6323
50.7254,506,1.6323
50.7297,507,1.6355
50.7340,507,1.6355
50.7383,506,1.6323
50.7426,505,1.6290
50.7469,501,1.6161
50.7512,494,1.5935
50.7556,486,1.5677
50.7599,489,1.5774
50.7642,506,1.6323
50.7684,538,1.7355
50.7727,582,1.8774
50.7771,626,2.0194
50.7814,658,2.1226
50.7857,661,2.1323
50.7900,634,2.0452
50.7943,590,1.9032
50.7986,543,1.7516
50.8030,505,1.6290
50.8073,486,1.5677
50.8115,481,1.5516
50.8158,484,1.5613
50.8202,491,1.5839
50.8245,497,1.6032
50.8288,499,1.6097
50.8331,499,1.6097
50.8374,500,1.6129
50.8417,500,1.6129
50.8460,500,1.6129
50.8503,501,1.6161
50.8546,500,1.6129
50.8589,500,1.6129
50.8632,500,1.6129
50.8675,500,1.6129
50.8718,499,1.6097
50.8761,500,1.6129
50.8804,500,1.6129
50.8847,501,1.6161
50.8890,502,1.6194
50.8933,504,1.6258
50.8981,505,1.6290
50.9024,508,1.6387
50.9068,512,1.6516
50.9111,515,1.6613
50.9156,519,1.6742
50.9200,523,1.6871
50.9243,526,1.6968
50.9286,530,1.7097
50.9329,532,1.7161
50.9372,535,1.7258
50.9416,539,1.7387
50.9461,542,1.7484
50.9505,542,1.7484
50.9548,542,1.7484
50.9591,544,1.7548
50.9634,544,1.7548
50.9677,545,1.7581
50.9720,546,1.7613
50.9763,544,1.7548
50.9806,544,1.7548
50.9849,541,1.7452
50.9892,538,1.7355
50.9935,537,1.7323
50.9978,535,1.7258
51.0021,533,1.7194
51.0064,530,1.7097
51.0107,526,1.6968
51.0150,524,1.6903
51.0193,521,1.6806
51.0236,517,1.6677
51.0279,515,1.6613
51.0322,511,1.6484
51.0365,508,1.6387
51.0414,502,1.6194
51.0458,498,1.6065
51.0501,497,1.6032
51.0544,497,1.6032
51.0587,499,1.6097
51.0631,499,1.6097
51.0674,499,1.6097
51.0716,500,1.6129
51.0759,501,1.6161
51.0802,501,1.6161
51.0846,501,1.6161
51.0889,501,1.6161
51.0931,501,1.6161
51.0974,502,1.6194
51.1018,503,1.6226
51.1061,502,1.6194
51.1104,502,1.6194
51.1147,504,1.6258
51.1190,507,1.6355
51.1233,513,1.6548
51.1276,515,1.6613
51.1319,517,1.6677
51.1362,521,1.6806
51.1405,524,1.6903
51.1448,526,1.6968
51.1491,526,1.6968
51.1535,524,1.6903
51.1578,524,1.6903
51.1621,524,1.6903
51.1664,522,1.6839
51.1707,518,1.6710
51.1750,514,1.6581
51.1793,512,1.6516
51.1836,508,1.6387
51.1879,504,1.6258
51.1922,503,1.6226
51.1965,502,1.6194
51.2008,503,1.6226
51.2051,501,1.6161
51.2094,502,1.6194
51.2137,503,1.6226
51.2180,505,1.6290
51.2223,504,1.6258
51.2266,505,1.6290
51.2309,505,1.6290
51.2352,504,1.6258
51.2395,505,1.6290
51.2438,504,1.6258
51.2484,498,1.6065
51.2527,491,1.5839
51.2571,486,1.5677
51.2617,495,1.5968
51.2660,519,1.6742
51.2703,556,1.7935
51.2746,601,1.9387
51.2789,643,2.0742
51.2832,664,2.1419
51.2875,653,2.1065
51.2918,618,1.9935
51.2961,571,1.8419
51.3004,527,1.7000
51.3047,497,1.6032
51.3090,484,1.5613
51.3133,481,1.5516
51.3176,485,1.5645
51.3219,492,1.5871
51.3262,497,1.6032
51.3305,498,1.6065
51.3348,498,1.6065
51.3391,498,1.6065
51.3434,498,1.6065
51.3477,499,1.6097
51.3520,499,1.6097
51.3564,499,1.6097
51.3607,500,1.6129
51.3650,501,1.6161
51.3693,501,1.6161
51.3736,502,1.6194
51.3779,502,1.6194
51.3822,502,1.6194
51.3865,503,1.6226
51.3908,504,1.6258
51.3951,505,1.6290
51.3994,507,1.6355
51.4037,510,1.6452
51.4080,514,1.6581
51.4123,518,1.6710
51.4166,521,1.6806
51.4209,524,1.6903
51.4252,528,1.7032
51.4296,531,1.7129
51.4339,534,1.7226
51.4381,536,1.7290
51.4424,540,1.7419
51.4467,542,1.7484
51.4511,544,1.7548
51.4554,545,1.7581
51.4597,547,1.7645
51.4640,547,1.7645
51.4683,548,1.7677
51.4726,548,1.7677
51.4769,546,1.7613
51.4812,544,1.7548
51.4854,542,1.7484
51.4902,539,1.7387
51.4946,538,1.7355
51.4988,536,1.7290
51.5031,532,1.7161
51.5075,530,1.7097
51.5120,526,1.6968
51.5164,526,1.6968
51.5208,524,1.6903
51.5251,522,1.6839
51.5294,519,1.6742
51.5337,514,1.6581
51.5380,511,1.6484
51.5423,508,1.6387
51.5466,505,1.6290
51.5509,501,1.6161
51.5553,498,1.6065
51.5596,497,1.6032
51.5639,498,1.6065
51.5682,497,1.6032
51.5725,498,1.6065
51.5768,498,1.6065
51.5811,499,1.6097
51.5854,499,1.6097
51.5897,499,1.6097
51.5940,500,1.6129
51.5983,501,1.6161
51.6026,501,1.6161
51.6069,501,1.6161
51.6112,503,1.6226
51.6156,503,1.6226
51.6198,503,1.6226
51.6241,505,1.6290
51.6284,508,1.6387
51.6327,512,1.6516
51.6371,517,1.6677
51.6414,520,1.6774
51.6457,523,1.6871
51.6500,525,1.6935
51.6543,527,1.7000
51.6587,528,1.7032
51.6629,527,1.7000
51.6672,525,1.6935
51.6715,524,1.6903
51.6759,523,1.6871
51.6802,521,1.6806
51.6844,517,1.6677
51.6887,513,1.6548
51.6930,507,1.6355
51.6974,505,1.6290
51.7017,503,1.6226
51.7060,504,1.6258
51.7103,503,1.6226
51.7151,504,1.6258
51.7194,503,1.6226
51.7237,504,1.6258
51.7280,505,1.6290
51.7323,506,1.6323
51.7367,506,1.6323
51.7409,507,1.6355
51.7452,506,1.6323
51.7495,506,1.6323
51.7538,503,1.6226
51.7582,496,1.6000
51.7625,488,1.5742
51.7668,487,1.5710
51.7710,501,1.6161
51.7753,529,1.7065
51.7797,569,1.8355
51.7840,613,1.9774
51.7882,652,2.1032
51.7926,662,2.1355
51.7969,644,2.0774
51.8012,605,1.9516
51.8055,557,1.7968
51.8099,513,1.6548
51.8144,490,1.5806
51.8188,481,1.5516
51.8232,483,1.5581
51.8275,489,1.5774
51.8318,495,1.5968
51.8361,498,1.6065
51.8405,500,1.6129
51.8447,500,1.6129
51.8490,499,1.6097
51.8533,500,1.6129
51.8577,500,1.6129
51.8623,500,1.6129
51.8667,502,1.6194
51.8710,502,1.6194
51.8753,503,1.6226
51.8796,503,1.6226
51.8839,503,1.6226
51.8882,503,1.6226
51.8925,504,1.6258
51.8968,504,1.6258
51.9011,504,1.6258
51.9054,506,1.6323
51.9097,509,1.6419
51.9140,511,1.6484
51.9183,516,1.6645
51.9226,520,1.6774
51.9270,523,1.6871
51.9313,526,1.6968
51.9361,531,1.7129
51.9405,532,1.7161
51.9448,534,1.7226
51.9491,536,1.7290
51.9536,539,1.7387
51.9580,542,1.7484
51.9623,544,1.7548
51.9666,544,1.7548
51.9709,545,1.7581
51.9752,545,1.7581
51.9795,545,1.7581
51.9838,545,1.7581
51.9881,543,1.7516
51.9924,542,1.7484
51.9967,540,1.7419
52.0015,538,1.7355
52.0058,535,1.7258
52.0102,533,1.7194
52.0144,530,1.7097
52.0187,527,1.7000
52.0232,523,1.6871
52.0275,519,1.6742
52.0318,515,1.6613
52.0360,512,1.6516
52.0403,510,1.6452
52.0447,506,1.6323
52.0490,503,1.6226
52.0533,500,1.6129
52.0576,496,1.6000
52.0619,497,1.6032
52.0663,497,1.6032
52.0706,497,1.6032
52.0749,497,1.6032
52.0791,498,1.6065
52.0835,499,1.6097
52.0878,500,1.6129
52.0921,500,1.6129
52.0963,500,1.6129
52.1006,501,1.6161
52.1050,500,1.6129
52.1093,501,1.6161
52.1136,500,1.6129
52.1179,500,1.6129
52.1222,502,1.6194
52.1266,502,1.6194
52.1308,503,1.6226
52.1351,506,1.6323
52.1394,511,1.6484
52.1443,513,1.6548
52.1486,518,1.6710
52.1529,522,1.6839
52.1572,525,1.6935
52.1615,525,1.6935
52.1659,526,1.6968
52.1701,527,1.7000
52.1744,527,1.7000
52.1787,525,1.6935
52.1830,523,1.6871
52.1873,520,1.6774
52.1918,515,1.6613
52.1961,512,1.6516
52.2004,509,1.6419
52.2047,507,1.6355
52.2094,505,1.6290
52.2137,504,1.6258
52.2180,505,1.6290
52.2223,505,1.6290
52.2266,504,1.6258
52.2309,504,1.6258
52.2352,504,1.6258
52.2395,505,1.6290
52.2438,507,1.6355
52.2482,507,1.6355
52.2524,506,1.6323
52.2567,506,1.6323
52.2611,504,1.6258
52.2654,498,1.6065
52.2697,491,1.5839
52.2740,487,1.5710
52.2783,496,1.6000
52.2830,526,1.6968
52.2873,565,1.8226
52.2916,611,1.9710
52.2958,649,2.0935
52.3001,664,2.1419
52.3044,647,2.0871
52.3086,610,1.9677
52.3129,564,1.8194
52.3172,522,1.6839
52.3214,496,1.6000
52.3257,482,1.5548
52.3300,481,1.5516
52.3342,486,1.5677
52.3385,493,1.5903
52.3428,497,1.6032
52.3471,499,1.6097
52.3513,499,1.6097
52.3557,500,1.6129
52.3600,501,1.6161
52.3643,502,1.6194
52.3686,503,1.6226
52.3729,503,1.6226
52.3772,502,1.6194
52.3815,502,1.6194
52.3858,503,1.6226
52.3901,502,1.6194
52.3944,502,1.6194
52.3987,503,1.6226
52.4030,503,1.6226
52.4073,505,1.6290
52.4118,506,1.6323
52.4172,511,1.6484
52.4216,514,1.6581
52.4260,517,1.6677
52.4303,519,1.6742
52.4346,523,1.6871
52.4389,526,1.6968
52.4432,531,1.7129
52.4475,533,1.7194
52.4518,535,1.7258
52.4562,538,1.7355
52.4605,542,1.7484
52.4648,543,1.7516
52.4692,543,1.7516
52.4736,545,1.7581
52.4778,546,1.7613
52.4821,546,1.7613
52.4863,546,1.7613
52.4906,545,1.7581
52.4949,542,1.7484
52.4991,540,1.7419
52.5034,539,1.7387
52.5077,538,1.7355
52.5119,536,1.7290
52.5162,533,1.7194
52.5205,532,1.7161
52.5247,528,1.7032
52.5290,526,1.6968
52.5333,521,1.6806
52.5375,517,1.6677
52.5418,512,1.6516
52.5460,509,1.6419
52.5503,507,1.6355
52.5546,504,1.6258
52.5588,502,1.6194
52.5631,497,1.6032
52.5674,496,1.6000
52.5717,495,1.5968
52.5760,496,1.6000
52.5802,497,1.6032
52.5845,498,1.6065
52.5888,499,1.6097
52.5931,499,1.6097
52.5974,499,1.6097
52.6017,499,1.6097
52.6060,499,1.6097
52.6103,499,1.6097
52.6146,499,1.6097
52.6189,500,1.6129
52.6232,501,1.6161
52.6275,501,1.6161
52.6318,502,1.6194
52.6361,506,1.6323
52.6404,510,1.6452
52.6447,514,1.6581
52.6490,516,1.6645
52.6533,518,1.6710
52.6576,521,1.6806
52.6619,524,1.6903
52.6662,525,1.6935
52.6705,525,1.6935
52.6748,523,1.6871
52.6791,520,1.6774
52.6834,519,1.6742
52.6877,516,1.6645
52.6920,513,1.6548
52.6962,510,1.6452
52.7005,506,1.6323
52.7048,502,1.6194
52.7091,500,1.6129
52.7136,500,1.6129
52.7179,502,1.6194
52.7223,503,1.6226
52.7266,504,1.6258
52.7309,503,1.6226
52.7352,505,1.6290
52.7395,505,1.6290
52.7438,506,1.6323
52.7481,506,1.6323
52.7523,506,1.6323
52.7566,507,1.6355
52.7609,504,1.6258
52.7652,500,1.6129
52.7695,491,1.5839
52.7738,486,1.5677
52.7781,496,1.6000
52.7823,521,1.6806
52.7866,560,1.8065
52.7908,603,1.9452
52.7951,644,2.0774
52.7994,664,2.1419
52.8036,653,2.1065
52.8079,616,1.9871
52.8122,571,1.8419
52.8164,527,1.7000
52.8207,497,1.6032
52.8250,482,1.5548
52.8293,480,1.5484
52.8335,486,1.5677
52.8378,492,1.5871
52.8420,497,1.6032
52.8463,500,1.6129
52.8505,499,1.6097
52.8548,501,1.6161
52.8590,500,1.6129
52.8633,501,1.6161
52.8676,500,1.6129
52.8719,501,1.6161
52.8762,503,1.6226
52.8805,504,1.6258
52.8848,504,1.6258
52.8890,504,1.6258
52.8933,502,1.6194
52.8976,504,1.6258
52.9019,504,1.6258
52.9062,505,1.6290
52.9105,506,1.6323
52.9148,508,1.6387
52.9191,511,1.6484
52.9234,515,1.6613
52.9277,519,1.6742
52.9320,522,1.6839
52.9362,525,1.6935
52.9405,528,1.7032
52.9448,532,1.7161
52.9491,535,1.7258
52.9534,538,1.7355
52.9577,539,1.7387
52.9620,541,1.7452
52.9663,543,1.7516
52.9706,543,1.7516
52.9749,545,1.7581
52.9792,546,1.7613
52.9835,547,1.7645
52.9878,548,1.7677
52.9921,545,1.7581
52.9963,543,1.7516
53.0006,542,1.7484
53.0049,540,1.7419
53.0092,537,1.7323
53.0135,535,1.7258
53.0178,532,1.7161
53.0221,530,1.7097
53.0264,527,1.7000
53.0307,524,1.6903
53.0350,519,1.6742
53.0393,515,1.6613
53.0436,511,1.6484
53.0479,508,1.6387
53.0521,504,1.6258
53.0565,502,1.6194
53.0607,499,1.6097
53.0650,497,1.6032
53.0693,497,1.6032
53.0736,496,1.6000
53.0779,495,1.5968
53.0822,498,1.6065
53.0865,499,1.6097
53.0908,499,1.6097
53.0950,497,1.6032
53.0993,499,1.6097
53.1036,499,1.6097
53.1079,499,1.6097
53.1122,499,1.6097
53.1165,499,1.6097
53.1208,500,1.6129
53.1250,500,1.6129
53.1293,501,1.6161
53.1336,503,1.6226
53.1379,508,1.6387
53.1422,513,1.6548
53.1465,517,1.6677
53.1508,519,1.6742
53.1550,521,1.6806
53.1593,522,1.6839
53.1636,525,1.6935
53.1679,525,1.6935
53.1722,524,1.6903
53.1765,522,1.6839
53.1808,522,1.6839
53.1851,520,1.6774
53.1894,516,1.6645
53.1937,513,1.6548
53.1979,509,1.6419
53.2022,507,1.6355
53.2065,503,1.6226
53.2108,503,1.6226
53.2151,503,1.6226
53.2194,503,1.6226
53.2237,504,1.6258
53.2279,504,1.6258
53.2322,503,1.6226
53.2365,505,1.6290
53.2408,505,1.6290
53.2451,505,1.6290
53.2494,505,1.6290
53.2536,505,1.6290
53.2579,505,1.6290
53.2622,503,1.6226
53.2665,495,1.5968
53.2708,487,1.5710
53.2751,487,1.5710
53.2793,502,1.6194
53.2836,530,1.7097
53.2879,571,1.8419
53.2922,615,1.9839
53.2965,652,2.1032
53.3008,665,2.1452
53.3051,644,2.0774
53.3094,602,1.9419
53.3138,553,1.7839
53.3182,513,1.6548
53.3226,491,1.5839
53.3269,482,1.5548
53.3312,483,1.5581
53.3355,490,1.5806
53.3397,496,1.6000
53.3440,499,1.6097
53.3483,500,1.6129
53.3526,500,1.6129
53.3569,500,1.6129
53.3611,500,1.6129
53.3656,500,1.6129
53.3699,500,1.6129
53.3741,501,1.6161
53.3784,500,1.6129
53.3826,502,1.6194
53.3869,499,1.6097
53.3912,503,1.6226
53.3955,504,1.6258
53.3997,504,1.6258
53.4040,505,1.6290
53.4082,506,1.6323
53.4125,506,1.6323
53.4168,508,1.6387
53.4210,511,1.6484
53.4253,516,1.6645
53.4295,518,1.6710
53.4338,518,1.6710
53.4380,521,1.6806
53.4423,523,1.6871
53.4466,527,1.7000
53.4508,529,1.7065
53.4551,532,1.7161
53.4593,536,1.7290
53.4636,539,1.7387
53.4678,541,1.7452
53.4721,542,1.7484
53.4764,544,1.7548
53.4807,545,1.7581
53.4850,545,1.7581
53.4892,546,1.7613
53.4935,546,1.7613
53.4978,545,1.7581
53.5021,544,1.7548
53.5064,543,1.7516
53.5107,541,1.7452
53.5150,538,1.7355
53.5193,536,1.7290
53.5237,533,1.7194
53.5280,530,1.7097
53.5322,527,1.7000
53.5365,524,1.6903
53.5415,518,1.6710
53.5458,516,1.6645
53.5501,513,1.6548
53.5544,510,1.6452
53.5587,506,1.6323
53.5630,502,1.6194
53.5674,500,1.6129
53.5717,496,1.6000
53.5760,495,1.5968
53.5803,495,1.5968
53.5846,497,1.6032
53.5889,498,1.6065
53.5931,498,1.6065
53.5974,498,1.6065
53.6017,500,1.6129
53.6059,500,1.6129
53.6103,499,1.6097
53.6147,499,1.6097
53.6193,501,1.6161
53.6238,501,1.6161
53.6285,501,1.6161
53.6329,500,1.6129
53.6372,501,1.6161
53.6415,505,1.6290
53.6459,510,1.6452
53.6501,514,1.6581
53.6544,518,1.6710
53.6587,520,1.6774
53.6630,521,1.6806
53.6674,523,1.6871
53.6717,525,1.6935
53.6760,527,1.7000
53.6802,525,1.6935
53.6845,524,1.6903
53.6888,521,1.6806
53.6932,518,1.6710
53.6975,515,1.6613
53.7018,512,1.6516
53.7061,509,1.6419
53.7104,506,1.6323
53.7147,503,1.6226
53.7190,504,1.6258
53.7233,504,1.6258
53.7276,505,1.6290
53.7319,505,1.6290
53.7362,505,1.6290
53.7405,504,1.6258
53.7448,505,1.6290
53.7491,507,1.6355
53.7534,507,1.6355
53.7577,507,1.6355
53.7619,507,1.6355
53.7662,507,1.6355
53.7705,502,1.6194
53.7749,495,1.5968
53.7792,487,1.5710
53.7835,492,1.5871
53.7879,512,1.6516
53.7922,546,1.7613
53.7965,589,1.9000
53.8008,631,2.0355
53.8052,661,2.1323
53.8095,657,2.1194
53.8138,627,2.0226
53.8182,584,1.8839
53.8225,536,1.7290
53.8269,503,1.6226
53.8312,486,1.5677
53.8355,481,1.5516
53.8399,483,1.5581
53.8442,491,1.5839
53.8485,497,1.6032
53.8529,500,1.6129
53.8572,501,1.6161
53.8616,501,1.6161
53.8659,501,1.6161
53.8704,500,1.6129
53.8747,500,1.6129
53.8790,501,1.6161
53.8833,502,1.6194
53.8876,502,1.6194
53.8919,502,1.6194
53.8962,502,1.6194
53.9005,503,1.6226
53.9047,502,1.6194
53.9090,502,1.6194
53.9133,503,1.6226
53.9176,504,1.6258
53.9219,507,1.6355
53.9263,510,1.6452
53.9306,514,1.6581
53.9349,518,1.6710
53.9391,520,1.6774
53.9434,524,1.6903
53.9477,528,1.7032
53.9520,531,1.7129
53.9563,535,1.7258
53.9606,538,1.7355
53.9649,539,1.7387
53.9692,541,1.7452
53.9735,543,1.7516
53.9778,544,1.7548
53.9822,546,1.7613
53.9865,547,1.7645
53.9908,547,1.7645
53.9952,547,1.7645
53.9995,546,1.7613
54.0038,544,1.7548
54.0081,541,1.7452
54.0125,539,1.7387
54.0168,538,1.7355
54.0211,537,1.7323
54.0255,534,1.7226
54.0298,530,1.7097
54.0342,525,1.6935
54.0385,523,1.6871
54.0428,519,1.6742
54.0472,516,1.6645
54.0515,512,1.6516
54.0559,509,1.6419
54.0602,506,1.6323
54.0645,503,1.6226
54.0689,500,1.6129
54.0732,497,1.6032
54.0775,496,1.6000
54.0818,497,1.6032
54.0861,497,1.6032
54.0904,497,1.6032
54.0947,498,1.6065
54.0990,498,1.6065
54.1033,498,1.6065
54.1076,499,1.6097
54.1119,500,1.6129
54.1162,500,1.6129
54.1205,500,1.6129
54.1248,501,1.6161
54.1291,500,1.6129
54.1334,501,1.6161
54.1377,502,1.6194
54.1420,505,1.6290
54.1463,510,1.6452
54.1506,512,1.6516
54.1548,516,1.6645
54.1591,520,1.6774
54.1634,523,1.6871
54.1677,524,1.6903
54.1720,527,1.7000
54.1763,526,1.6968
54.1807,526,1.6968
54.1851,524,1.6903
54.1894,522,1.6839
54.1942,518,1.6710
54.1985,515,1.6613
54.2029,512,1.6516
54.2072,508,1.6387
54.2116,504,1.6258
54.2162,504,1.6258
54.2207,504,1.6258
54.2251,505,1.6290
54.2295,504,1.6258
54.2338,504,1.6258
54.2382,505,1.6290
54.2425,505,1.6290
54.2469,506,1.6323
54.2512,505,1.6290
54.2563,506,1.6323
54.2606,507,1.6355
54.2650,507,1.6355
54.2693,503,1.6226
54.2738,498,1.6065
54.2781,489,1.5774
54.2825,490,1.5806
54.2868,505,1.6290
54.2910,536,1.7290
54.2953,575,1.8548
54.2996,620,2.0000
54.3040,656,2.1161
54.3083,664,2.1419
54.3126,638,2.0581
54.3169,598,1.9290
54.3212,550,1.7742
54.3259,509,1.6419
54.3302,490,1.5806
54.3345,481,1.5516
54.3388,482,1.5548
54.3431,490,1.5806
54.3474,496,1.6000
54.3517,498,1.6065
54.3560,500,1.6129
54.3603,499,1.6097
54.3646,499,1.6097
54.3689,499,1.6097
54.3732,500,1.6129
54.3775,500,1.6129
54.3819,501,1.6161
54.3862,501,1.6161
54.3905,501,1.6161
54.3948,501,1.6161
54.3991,502,1.6194
54.4034,503,1.6226
54.4077,502,1.6194
54.4120,503,1.6226
54.4163,503,1.6226
54.4206,505,1.6290
54.4249,510,1.6452
54.4292,514,1.6581
54.4336,517,1.6677
54.4378,518,1.6710
54.4422,518,1.6710
54.4465,520,1.6774
54.4508,522,1.6839
54.4551,526,1.6968
54.4593,531,1.7129
54.4636,532,1.7161
54.4680,535,1.7258
54.4723,538,1.7355
54.4766,538,1.7355
54.4820,542,1.7484
54.4863,544,1.7548
54.4906,545,1.7581
54.4949,545,1.7581
54.4992,546,1.7613
54.5035,546,1.7613
54.5078,547,1.7645
54.5121,544,1.7548
54.5168,542,1.7484
54.5212,540,1.7419
54.5256,539,1.7387
54.5300,537,1.7323
54.5343,534,1.7226
54.5386,531,1.7129
54.5429,528,1.7032
54.5472,524,1.6903
54.5515,519,1.6742
54.5558,516,1.6645
54.5601,512,1.6516
54.5644,509,1.6419
54.5687,507,1.6355
54.5730,506,1.6323
54.5774,502,1.6194
54.5822,499,1.6097
54.5866,498,1.6065
54.5909,497,1.6032
54.5952,497,1.6032
54.5995,498,1.6065
54.6038,498,1.6065
54.6081,499,1.6097
54.6124,500,1.6129
54.6167,501,1.6161
54.6210,501,1.6161
54.6257,502,1.6194
54.6301,502,1.6194
54.6344,503,1.6226
54.6387,502,1.6194
54.6430,503,1.6226
54.6473,502,1.6194
54.6516,505,1.6290
54.6559,508,1.6387
54.6602,513,1.6548
54.6645,517,1.6677
54.6688,520,1.6774
54.6731,522,1.6839
54.6775,525,1.6935
54.6818,526,1.6968
54.6861,525,1.6935
54.6904,526,1.6968
54.6947,525,1.6935
54.6990,523,1.6871
54.7033,521,1.6806
54.7076,517,1.6677
54.7119,514,1.6581
54.7162,510,1.6452
54.7205,505,1.6290
54.7248,502,1.6194
54.7291,502,1.6194
54.7335,503,1.6226
54.7378,504,1.6258
54.7421,504,1.6258
54.7463,505,1.6290
54.7506,505,1.6290
54.7550,506,1.6323
54.7593,507,1.6355
54.7636,507,1.6355
54.7678,507,1.6355
54.7727,507,1.6355
54.7770,508,1.6387
54.7813,507,1.6355
54.7856,506,1.6323
54.7900,503,1.6226
54.7943,496,1.6000
54.7986,489,1.5774
54.8029,490,1.5806
54.8072,506,1.6323
54.8115,538,1.7355
54.8158,580,1.8710
54.8201,625,2.0161
54.8244,658,2.1226
54.8287,660,2.1290
54.8330,634,2.0452
54.8373,592,1.9097
54.8416,545,1.7581
54.8459,508,1.6387
54.8502,488,1.5742
54.8546,482,1.5548
54.8589,483,1.5581
54.8632,490,1.5806
54.8674,495,1.5968
54.8717,497,1.6032
54.8761,498,1.6065
54.8804,499,1.6097
54.8848,500,1.6129
54.8891,501,1.6161
54.8934,500,1.6129
54.8977,500,1.6129
54.9020,499,1.6097
54.9063,501,1.6161
54.9106,501,1.6161
54.9149,501,1.6161
54.9192,502,1.6194
54.9236,502,1.6194
54.9279,504,1.6258
54.9322,504,1.6258
54.9365,503,1.6226
54.9408,506,1.6323
54.9451,509,1.6419
54.9494,514,1.6581
54.9537,518,1.6710
54.9580,521,1.6806
54.9623,524,1.6903
54.9666,527,1.7000
54.9709,531,1.7129
54.9752,532,1.7161
54.9795,536,1.7290
54.9838,537,1.7323
54.9881,539,1.7387
54.9930,541,1.7452
54.9973,543,1.7516
55.0016,545,1.7581
55.0058,546,1.7613
55.0101,546,1.7613
55.0144,546,1.7613
55.0186,546,1.7613
55.0229,544,1.7548
55.0272,541,1.7452
55.0315,539,1.7387
55.0358,538,1.7355
55.0400,535,1.7258
55.0454,532,1.7161
55.0498,529,1.7065
55.0544,524,1.6903
55.0590,522,1.6839
55.0634,519,1.6742
55.0677,516,1.6645
55.0720,512,1.6516
55.0765,509,1.6419
55.0809,505,1.6290
55.0852,502,1.6194
55.0895,499,1.6097
55.0938,497,1.6032
55.0980,497,1.6032
55.1023,497,1.6032
55.1066,499,1.6097
55.1109,499,1.6097
55.1163,499,1.6097
55.1207,498,1.6065
55.1251,499,1.6097
55.1294,499,1.6097
55.1337,501,1.6161
55.1379,501,1.6161
55.1421,501,1.6161
55.1464,502,1.6194
55.1506,502,1.6194
55.1548,503,1.6226
55.1591,503,1.6226
55.1633,507,1.6355
55.1676,512,1.6516
55.1718,514,1.6581
55.1761,518,1.6710
55.1803,522,1.6839
55.1846,524,1.6903
55.1889,525,1.6935
55.1931,526,1.6968
55.1974,526,1.6968
55.2017,527,1.7000
55.2059,525,1.6935
55.2102,523,1.6871
55.2144,520,1.6774
55.2187,514,1.6581
55.2230,512,1.6516
55.2273,508,1.6387
55.2316,505,1.6290
55.2358,503,1.6226
55.2401,503,1.6226
55.2444,504,1.6258
55.2486,505,1.6290
55.2529,506,1.6323
55.2571,506,1.6323
55.2614,505,1.6290
55.2657,505,1.6290
55.2701,505,1.6290
55.2743,505,1.6290
55.2786,506,1.6323
55.2830,505,1.6290
55.2873,504,1.6258
55.2916,499,1.6097
55.2959,491,1.5839
55.3003,485,1.5645
55.3046,494,1.5935
55.3089,517,1.6677
55.3132,553,1.7839
55.3175,599,1.9323
55.3218,643,2.0742
55.3261,666,2.1484
55.3304,657,2.1194
55.3347,622,2.0065
55.3391,575,1.8548
55.3434,531,1.7129
55.3477,500,1.6129
55.3520,485,1.5645
55.3563,482,1.5548
55.3606,486,1.5677
55.3649,492,1.5871
55.3692,497,1.6032
55.3735,498,1.6065
55.3778,499,1.6097
55.3821,499,1.6097
55.3864,500,1.6129
55.3907,499,1.6097
55.3950,500,1.6129
55.3993,500,1.6129
55.4040,500,1.6129
55.4084,502,1.6194
55.4127,502,1.6194
55.4172,503,1.6226
55.4216,504,1.6258
55.4260,505,1.6290
55.4304,504,1.6258
55.4348,504,1.6258
55.4392,506,1.6323
55.4436,509,1.6419
55.4479,513,1.6548
55.4522,516,1.6645
55.4565,517,1.6677
55.4608,521,1.6806
55.4651,523,1.6871
55.4694,527,1.7000
55.4737,530,1.7097
55.4780,533,1.7194
55.4822,537,1.7323
55.4865,539,1.7387
55.4909,541,1.7452
55.4952,541,1.7452
55.4995,543,1.7516
55.5038,545,1.7581
55.5081,545,1.7581
55.5124,545,1.7581
55.5167,544,1.7548
55.5210,545,1.7581
55.5253,543,1.7516
55.5296,540,1.7419
55.5339,541,1.7452
55.5382,538,1.7355
55.5425,536,1.7290
55.5468,534,1.7226
55.5512,531,1.7129
55.5555,527,1.7000
55.5598,523,1.6871
55.5640,519,1.6742
55.5683,516,1.6645
55.5727,514,1.6581
55.5770,511,1.6484
55.5813,507,1.6355
55.5858,504,1.6258
55.5906,500,1.6129
55.5949,497,1.6032
55.5992,498,1.6065
55.6035,499,1.6097
55.6078,499,1.6097
55.6121,499,1.6097
55.6164,499,1.6097
55.6207,500,1.6129
55.6250,500,1.6129
55.6293,500,1.6129
55.6337,501,1.6161
55.6380,501,1.6161
55.6423,501,1.6161
55.6466,502,1.6194
55.6509,502,1.6194
55.6552,502,1.6194
55.6595,504,1.6258
55.6638,508,1.6387
55.6681,512,1.6516
55.6724,516,1.6645
55.6767,518,1.6710
55.6810,521,1.6806
55.6853,522,1.6839
55.6896,525,1.6935
55.6939,525,1.6935
55.6982,526,1.6968
55.7025,525,1.6935
55.7068,524,1.6903
55.7111,520,1.6774
55.7154,516,1.6645
55.7197,513,1.6548
55.7240,510,1.6452
55.7283,505,1.6290
55.7326,503,1.6226
55.7369,501,1.6161
55.7413,502,1.6194
55.7456,501,1.6161
55.7499,502,1.6194
55.7542,503,1.6226
55.7585,502,1.6194
55.7628,503,1.6226
55.7671,505,1.6290
55.7714,506,1.6323
55.7757,505,1.6290
55.7800,504,1.6258
55.7843,505,1.6290
55.7886,503,1.6226
55.7929,497,1.6032
55.7973,488,1.5742
55.8016,487,1.5710
55.8058,499,1.6097
55.8101,526,1.6968
55.8149,571,1.8419
55.8192,618,1.9935
55.8238,657,2.1194
55.8281,666,2.1484
55.8324,643,2.0742
55.8367,601,1.9387
55.8410,553,1.7839
55.8453,514,1.6581
55.8496,492,1.5871
55.8539,483,1.5581
55.8582,484,1.5613
55.8625,489,1.5774
55.8668,494,1.5935
55.8711,497,1.6032
55.8754,498,1.6065
55.8797,497,1.6032
55.8840,498,1.6065
55.8883,498,1.6065
55.8927,499,1.6097
55.8970,500,1.6129
55.9013,500,1.6129
55.9056,501,1.6161
55.9099,501,1.6161
55.9142,502,1.6194
55.9185,503,1.6226
55.9230,502,1.6194
55.9273,503,1.6226
55.9316,503,1.6226
55.9358,502,1.6194
55.9402,505,1.6290
55.9445,509,1.6419
55.9488,514,1.6581
55.9531,516,1.6645
55.9579,519,1.6742
55.9622,523,1.6871
55.9665,527,1.7000
55.9708,530,1.7097
55.9751,534,1.7226
55.9794,535,1.7258
55.9837,537,1.7323
55.9880,539,1.7387
55.9927,542,1.7484
55.9971,544,1.7548
56.0014,543,1.7516
56.0057,544,1.7548
56.0100,546,1.7613
56.0153,544,1.7548
56.0197,543,1.7516
56.0241,541,1.7452
56.0284,541,1.7452
56.0327,538,1.7355
56.0371,538,1.7355
56.0414,535,1.7258
56.0457,531,1.7129
56.0500,528,1.7032
56.0544,525,1.6935
56.0587,523,1.6871
56.0630,519,1.6742
56.0673,516,1.6645
56.0716,511,1.6484
56.0759,509,1.6419
56.0802,507,1.6355
56.0845,502,1.6194
56.0893,499,1.6097
56.0936,497,1.6032
56.0979,497,1.6032
56.1022,497,1.6032
56.1065,497,1.6032
56.1108,498,1.6065
56.1151,498,1.6065
56.1194,499,1.6097
56.1238,499,1.6097
56.1281,499,1.6097
56.1323,500,1.6129
56.1366,500,1.6129
56.1409,501,1.6161
56.1453,500,1.6129
56.1496,501,1.6161
56.1539,501,1.6161
56.1584,505,1.6290
56.1627,508,1.6387
56.1671,512,1.6516
56.1714,515,1.6613
56.1756,518,1.6710
56.1799,522,1.6839
56.1843,524,1.6903
56.1886,526,1.6968
56.1929,525,1.6935
56.1972,525,1.6935
56.2015,525,1.6935
56.2059,524,1.6903
56.2101,522,1.6839
56.2144,518,1.6710
56.2187,514,1.6581
56.2230,511,1.6484
56.2274,509,1.6419
56.2317,505,1.6290
56.2360,504,1.6258
56.2404,503,1.6226
56.2448,504,1.6258
56.2490,505,1.6290
56.2533,505,1.6290
56.2576,504,1.6258
56.2619,505,1.6290
56.2662,506,1.6323
56.2705,506,1.6323
56.2748,506,1.6323
56.2791,507,1.6355
56.2834,506,1.6323
56.2877,506,1.6323
56.2920,500,1.6129
56.2964,492,1.5871
56.3007,487,1.5710
56.3050,496,1.6000
56.3094,520,1.6774
56.3138,558,1.8000
56.3183,605,1.9516
56.3229,649,2.0935
56.3273,663,2.1387
56.3316,647,2.0871
56.3359,608,1.9613
56.3402,561,1.8097
56.3445,519,1.6742
56.3489,493,1.5903
56.3532,482,1.5548
56.3575,482,1.5548
56.3617,488,1.5742
56.3660,494,1.5935
56.3704,497,1.6032
56.3747,499,1.6097
56.3790,499,1.6097
56.3833,500,1.6129
56.3876,500,1.6129
56.3919,501,1.6161
56.3962,500,1.6129
56.4005,500,1.6129
56.4048,501,1.6161
56.4091,501,1.6161
56.4134,501,1.6161
56.4177,502,1.6194
56.4220,503,1.6226
56.4263,503,1.6226
56.4307,502,1.6194
56.4350,502,1.6194
56.4392,505,1.6290
56.4435,507,1.6355
56.4479,512,1.6516
56.4522,515,1.6613
56.4565,517,1.6677
56.4608,520,1.6774
56.4651,525,1.6935
56.4694,529,1.7065
56.4737,532,1.7161
56.4780,534,1.7226
56.4823,534,1.7226
56.4866,538,1.7355
56.4909,541,1.7452
56.4952,543,1.7516
56.4995,544,1.7548
56.5038,547,1.7645
56.5081,545,1.7581
56.5124,545,1.7581
56.5167,545,1.7581
56.5210,545,1.7581
56.5253,544,1.7548
56.5296,542,1.7484
56.5340,540,1.7419
56.5382,538,1.7355
56.5426,533,1.7194
56.5469,531,1.7129
56.5513,527,1.7000
56.5556,524,1.6903
56.5599,521,1.6806
56.5642,518,1.6710
56.5685,514,1.6581
56.5728,512,1.6516
56.5771,507,1.6355
56.5814,504,1.6258
56.5857,501,1.6161
56.5900,497,1.6032
56.5943,496,1.6000
56.5986,496,1.6000
56.6029,497,1.6032
56.6073,498,1.6065
56.6116,498,1.6065
56.6159,499,1.6097
56.6202,499,1.6097
56.6244,501,1.6161
56.6287,502,1.6194
56.6330,502,1.6194
56.6372,501,1.6161
56.6415,502,1.6194
56.6458,503,1.6226
56.6500,503,1.6226
56.6543,502,1.6194
56.6586,503,1.6226
56.6628,505,1.6290
56.6671,508,1.6387
56.6714,512,1.6516
56.6757,516,1.6645
56.6799,519,1.6742
56.6842,522,1.6839
56.6885,524,1.6903
56.6928,526,1.6968
56.6972,525,1.6935
56.7014,524,1.6903
56.7058,521,1.6806
56.7101,519,1.6742
56.7144,517,1.6677
56.7187,514,1.6581
56.7229,511,1.6484
56.7272,508,1.6387
56.7315,505,1.6290
56.7358,504,1.6258
56.7401,504,1.6258
56.7444,504,1.6258
56.7487,504,1.6258
56.7530,505,1.6290
56.7573,505,1.6290
56.7616,505,1.6290
56.7659,504,1.6258
56.7702,506,1.6323
56.7745,506,1.6323
56.7788,508,1.6387
56.7831,509,1.6419
56.7874,507,1.6355
56.7917,503,1.6226
56.7960,493,1.5903
56.8003,487,1.5710
56.8046,495,1.5968
56.8088,518,1.6710
56.8131,552,1.7806
56.8174,596,1.9226
56.8217,639,2.0613
56.8259,663,2.1387
56.8302,657,2.1194
56.8345,625,2.0161
56.8387,581,1.8742
56.8430,535,1.7258
56.8473,503,1.6226
56.8515,488,1.5742
56.8558,483,1.5581
56.8601,487,1.5710
56.8644,492,1.5871
56.8686,497,1.6032
56.8729,499,1.6097
56.8772,500,1.6129
56.8815,501,1.6161
56.8857,500,1.6129
56.8900,500,1.6129
56.8943,500,1.6129
56.8986,500,1.6129
56.9029,502,1.6194
56.9072,502,1.6194
56.9116,503,1.6226
56.9171,503,1.6226
56.9240,503,1.6226
56.9283,504,1.6258
56.9326,504,1.6258
56.9369,505,1.6290
56.9413,508,1.6387
56.9456,510,1.6452
56.9500,514,1.6581
56.9542,517,1.6677
56.9585,520,1.6774
56.9628,524,1.6903
56.9671,527,1.7000
56.9714,531,1.7129
56.9764,535,1.7258
56.9807,538,1.7355
56.9850,539,1.7387
56.9893,541,1.7452
56.9936,543,1.7516
56.9979,544,1.7548
57.0022,545,1.7581
57.0065,546,1.7613
57.0107,544,1.7548
57.0150,545,1.7581
57.0194,543,1.7516
57.0237,540,1.7419
57.0279,540,1.7419
57.0322,539,1.7387
57.0365,537,1.7323
57.0407,534,1.7226
57.0451,532,1.7161
57.0493,529,1.7065
57.0536,527,1.7000
57.0583,523,1.6871
57.0626,519,1.6742
57.0669,515,1.6613
57.0712,512,1.6516
57.0755,508,1.6387
57.0797,504,1.6258
57.0840,501,1.6161
57.0883,499,1.6097
57.0926,495,1.5968
57.0971,495,1.5968
57.1014,496,1.6000
57.1057,498,1.6065
57.1100,500,1.6129
57.1142,500,1.6129
57.1186,498,1.6065
57.1230,499,1.6097
57.1273,499,1.6097
57.1315,501,1.6161
57.1358,501,1.6161
57.1404,502,1.6194
57.1447,503,1.6226
57.1490,503,1.6226
57.1533,504,1.6258
57.1576,504,1.6258
57.1618,507,1.6355
57.1661,510,1.6452
57.1704,515,1.6613
57.1747,518,1.6710
57.1793,522,1.6839
57.1836,524,1.6903
57.1879,525,1.6935
57.1921,526,1.6968
57.1964,527,1.7000
57.2007,526,1.6968
57.2050,525,1.6935
57.2099,522,1.6839
57.2142,519,1.6742
57.2187,514,1.6581
57.2232,512,1.6516
57.2276,508,1.6387
57.2319,505,1.6290
57.2362,503,1.6226
57.2405,503,1.6226
57.2448,503,1.6226
57.2491,503,1.6226
57.2535,504,1.6258
57.2578,504,1.6258
57.2621,504,1.6258
57.2664,505,1.6290
57.2707,506,1.6323
57.2750,507,1.6355
57.2793,506,1.6323
57.2836,507,1.6355
57.2884,505,1.6290
57.2927,500,1.6129
57.2970,490,1.5806
57.3013,486,1.5677
57.3057,494,1.5935
57.3100,517,1.6677
57.3143,554,1.7871
57.3186,598,1.9290
57.3229,640,2.0645
57.3272,663,2.1387
57.3315,654,2.1097
57.3358,619,1.9968
57.3401,575,1.8548
57.3444,530,1.7097
57.3489,498,1.6065
57.3532,484,1.5613
57.3575,481,1.5516
57.3618,484,1.5613
57.3661,491,1.5839
57.3704,495,1.5968
57.3747,497,1.6032
57.3790,497,1.6032
57.3833,499,1.6097
57.3876,498,1.6065
57.3919,499,1.6097
57.3962,500,1.6129
57.4005,501,1.6161
57.4048,502,1.6194
57.4091,503,1.6226
57.4135,502,1.6194
57.4178,502,1.6194
57.4220,503,1.6226
57.4264,504,1.6258
57.4312,504,1.6258
57.4355,503,1.6226
57.4398,505,1.6290
57.4441,506,1.6323
57.4484,511,1.6484
57.4527,513,1.6548
57.4571,516,1.6645
57.4614,518,1.6710
57.4657,520,1.6774
57.4700,524,1.6903
57.4743,528,1.7032
57.4786,531,1.7129
57.4829,536,1.7290
57.4872,537,1.7323
57.4915,538,1.7355
57.4958,541,1.7452
57.5001,542,1.7484
57.5044,542,1.7484
57.5087,544,1.7548
57.5131,544,1.7548
57.5173,546,1.7613
57.5216,546,1.7613
57.5259,543,1.7516
57.5302,543,1.7516
57.5346,541,1.7452
57.5389,537,1.7323
57.5431,536,1.7290
57.5474,533,1.7194
57.5517,531,1.7129
57.5561,528,1.7032
57.5604,523,1.6871
57.5647,519,1.6742
57.5690,517,1.6677
57.5733,513,1.6548
57.5776,511,1.6484
57.5819,508,1.6387
57.5862,504,1.6258
57.5905,502,1.6194
57.5948,499,1.6097
57.5991,496,1.6000
57.6034,495,1.5968
57.6077,497,1.6032
57.6120,497,1.6032
57.6163,498,1.6065
57.6206,499,1.6097
57.6249,498,1.6065
57.6292,500,1.6129
57.6335,500,1.6129
57.6379,501,1.6161
57.6421,500,1.6129
57.6464,502,1.6194
57.6508,503,1.6226
57.6556,505,1.6290
57.6599,503,1.6226
57.6642,505,1.6290
57.6685,508,1.6387
57.6728,512,1.6516
57.6772,514,1.6581
57.6815,518,1.6710
57.6857,520,1.6774
57.6900,523,1.6871
57.6943,525,1.6935
57.6987,526,1.6968
57.7030,526,1.6968
57.7073,524,1.6903
57.7116,524,1.6903
57.7159,522,1.6839
57.7202,519,1.6742
57.7245,515,1.6613
57.7288,511,1.6484
57.7331,508,1.6387
57.7374,505,1.6290
57.7417,504,1.6258
57.7460,503,1.6226
57.7503,504,1.6258
57.7546,504,1.6258
57.7589,504,1.6258
57.7632,505,1.6290
57.7675,506,1.6323
57.7718,507,1.6355
57.7761,507,1.6355
57.7804,505,1.6290
57.7847,506,1.6323
57.7890,508,1.6387
57.7933,506,1.6323
57.7976,501,1.6161
57.8019,493,1.5903
57.8063,487,1.5710
57.8106,495,1.5968
57.8153,519,1.6742
57.8198,559,1.8032
57.8242,604,1.9484
57.8285,648,2.0903
57.8328,666,2.1484
57.8372,651,2.1000
57.8415,616,1.9871
57.8458,566,1.8258
57.8501,523,1.6871
57.8544,495,1.5968
57.8587,484,1.5613
57.8631,482,1.5548
57.8674,483,1.5581
57.8716,489,1.5774
57.8762,495,1.5968
57.8805,498,1.6065
57.8848,500,1.6129
57.8891,501,1.6161
57.8934,500,1.6129
57.8977,501,1.6161
57.9021,501,1.6161
57.9068,502,1.6194
57.9111,502,1.6194
57.9153,501,1.6161
57.9196,503,1.6226
57.9240,503,1.6226
57.9283,503,1.6226
57.9326,503,1.6226
57.9370,504,1.6258
57.9413,504,1.6258
57.9456,505,1.6290
57.9498,506,1.6323
57.9541,510,1.6452
57.9584,512,1.6516
57.9627,517,1.6677
57.9670,519,1.6742
57.9712,524,1.6903
57.9755,526,1.6968
57.9798,531,1.7129
57.9840,534,1.7226
57.9883,536,1.7290
57.9926,539,1.7387
57.9968,540,1.7419
58.0011,542,1.7484
58.0053,543,1.7516
58.0097,545,1.7581
58.0140,546,1.7613
58.0183,546,1.7613
58.0226,546,1.7613
58.0269,545,1.7581
58.0312,544,1.7548
58.0355,543,1.7516
58.0398,539,1.7387
58.0441,538,1.7355
58.0484,537,1.7323
58.0527,533,1.7194
58.0570,532,1.7161
58.0614,529,1.7065
58.0657,526,1.6968
58.0700,523,1.6871
58.0743,519,1.6742
58.0785,516,1.6645
58.0829,513,1.6548
58.0872,510,1.6452
58.0915,506,1.6323
58.0958,503,1.6226
58.1001,500,1.6129
58.1045,498,1.6065
58.1088,496,1.6000
58.1131,496,1.6000
58.1175,497,1.6032
58.1219,499,1.6097
58.1263,499,1.6097
58.1305,500,1.6129
58.1347,500,1.6129
58.1390,500,1.6129
58.1433,501,1.6161
58.1475,501,1.6161
58.1518,502,1.6194
58.1560,502,1.6194
58.1603,502,1.6194
58.1645,502,1.6194
58.1688,503,1.6226
58.1730,506,1.6323
58.1773,509,1.6419
58.1815,514,1.6581
58.1858,518,1.6710
58.1901,522,1.6839
58.1943,523,1.6871
58.1986,524,1.6903
58.2029,525,1.6935
58.2073,525,1.6935
58.2115,524,1.6903
58.2158,523,1.6871
58.2201,521,1.6806
58.2243,518,1.6710
58.2286,514,1.6581
58.2328,511,1.6484
58.2372,508,1.6387
58.2415,505,1.6290
58.2458,502,1.6194
58.2500,503,1.6226
58.2543,503,1.6226
58.2586,504,1.6258
58.2629,505,1.6290
58.2672,506,1.6323
58.2714,507,1.6355
58.2757,506,1.6323
58.2800,506,1.6323
58.2843,507,1.6355
58.2885,507,1.6355
58.2928,506,1.6323
58.2971,505,1.6290
58.3014,501,1.6161
58.3056,492,1.5871
58.3100,485,1.5645
58.3143,486,1.5677
58.3186,505,1.6290
58.3228,537,1.7323
58.3272,580,1.8710
58.3315,625,2.0161
58.3358,657,2.1194
58.3400,659,2.1258
58.3443,633,2.0419
58.3486,592,1.9097
58.3529,544,1.7548
58.3572,508,1.6387
58.3616,488,1.5742
58.3659,480,1.5484
58.3702,483,1.5581
58.3745,488,1.5742
58.3788,494,1.5935
58.3831,497,1.6032
58.3874,497,1.6032
58.3917,498,1.6065
58.3960,499,1.6097
58.4003,500,1.6129
58.4046,500,1.6129
58.4089,499,1.6097
58.4133,500,1.6129
58.4176,502,1.6194
58.4218,502,1.6194
58.4261,502,1.6194
58.4304,503,1.6226
58.4347,503,1.6226
58.4390,502,1.6194
58.4433,503,1.6226
58.4475,504,1.6258
58.4519,507,1.6355
58.4562,511,1.6484
58.4604,513,1.6548
58.4647,516,1.6645
58.4690,517,1.6677
58.4733,520,1.6774
58.4776,523,1.6871
58.4819,527,1.7000
58.4862,531,1.7129
58.4905,533,1.7194
58.4948,536,1.7290
58.4991,537,1.7323
58.5034,542,1.7484
58.5077,544,1.7548
58.5120,544,1.7548
58.5164,544,1.7548
58.5207,545,1.7581
58.5250,546,1.7613
58.5293,546,1.7613
58.5336,545,1.7581
58.5379,544,1.7548
58.5422,542,1.7484
58.5465,541,1.7452
58.5508,540,1.7419
58.5551,537,1.7323
58.5594,533,1.7194
58.5637,530,1.7097
58.5680,528,1.7032
58.5723,524,1.6903
58.5766,519,1.6742
58.5809,515,1.6613
58.5852,513,1.6548
58.5894,510,1.6452
58.5938,507,1.6355
58.5981,505,1.6290
58.6024,502,1.6194
58.6067,499,1.6097
58.6110,496,1.6000
58.6154,495,1.5968
58.6197,496,1.6000
58.6240,498,1.6065
58.6283,500,1.6129
58.6326,500,1.6129
58.6369,499,1.6097
58.6411,500,1.6129
58.6455,500,1.6129
58.6498,501,1.6161
58.6540,501,1.6161
58.6584,501,1.6161
58.6627,502,1.6194
58.6670,502,1.6194
58.6713,503,1.6226
58.6756,504,1.6258
58.6800,508,1.6387
58.6842,513,1.6548
58.6885,517,1.6677
58.6928,519,1.6742
58.6971,522,1.6839
58.7014,524,1.6903
58.7057,526,1.6968
58.7100,527,1.7000
58.7143,527,1.7000
58.7187,526,1.6968
58.7231,524,1.6903
58.7275,521,1.6806
58.7317,518,1.6710
58.7360,514,1.6581
58.7404,511,1.6484
58.7448,508,1.6387
58.7490,505,1.6290
58.7533,504,1.6258
58.7576,504,1.6258
58.7619,504,1.6258
58.7662,503,1.6226
58.7705,504,1.6258
58.7749,506,1.6323
58.7792,506,1.6323
58.7835,505,1.6290
58.7878,506,1.6323
58.7920,506,1.6323
58.7963,506,1.6323
58.8006,506,1.6323
58.8049,504,1.6258
58.8092,498,1.6065
58.8136,488,1.5742
58.8179,487,1.5710
58.8223,500,1.6129
58.8266,529,1.7065
58.8309,568,1.8323
58.8352,612,1.9742
58.8395,652,2.1032
58.8438,663,2.1387
58.8481,646,2.0839
58.8524,606,1.9548
58.8566,560,1.8065
58.8609,518,1.6710
58.8652,492,1.5871
58.8695,482,1.5548
58.8738,482,1.5548
58.8781,487,1.5710
58.8824,494,1.5935
58.8867,497,1.6032
58.8910,498,1.6065
58.8953,498,1.6065
58.8996,499,1.6097
58.9039,500,1.6129
58.9082,502,1.6194
58.9125,501,1.6161
58.9168,502,1.6194
58.9211,502,1.6194
58.9255,501,1.6161
58.9298,503,1.6226
58.9340,502,1.6194
58.9383,502,1.6194
58.9427,503,1.6226
58.9476,503,1.6226
58.9519,504,1.6258
58.9562,504,1.6258
58.9605,508,1.6387
58.9648,513,1.6548
58.9691,517,1.6677
58.9734,520,1.6774
58.9777,523,1.6871
58.9820,526,1.6968
58.9863,529,1.7065
58.9906,531,1.7129
58.9949,535,1.7258
58.9992,538,1.7355
59.0035,540,1.7419
59.0078,542,1.7484
59.0121,543,1.7516
59.0166,542,1.7484
59.0210,544,1.7548
59.0254,545,1.7581
59.0297,546,1.7613
59.0339,544,1.7548
59.0382,543,1.7516
59.0425,542,1.7484
59.0468,539,1.7387
59.0511,537,1.7323
59.0554,535,1.7258
59.0597,532,1.7161
59.0640,531,1.7129
59.0684,527,1.7000
59.0726,525,1.6935
59.0769,520,1.6774
59.0812,517,1.6677
59.0855,513,1.6548
59.0898,508,1.6387
59.0941,507,1.6355
59.0984,503,1.6226
59.1027,501,1.6161
59.1071,498,1.6065
59.1113,496,1.6000
59.1163,496,1.6000
59.1206,496,1.6000
59.1249,496,1.6000
59.1292,496,1.6000
59.1335,496,1.6000
59.1377,496,1.6000
59.1419,497,1.6032
59.1462,498,1.6065
59.1505,499,1.6097
59.1548,500,1.6129
59.1590,501,1.6161
59.1633,500,1.6129
59.1676,501,1.6161
59.1719,502,1.6194
59.1761,504,1.6258
59.1804,507,1.6355
59.1847,510,1.6452
59.1889,515,1.6613
59.1932,518,1.6710
59.1974,519,1.6742
59.2017,523,1.6871
59.2060,524,1.6903
59.2102,525,1.6935
59.2145,524,1.6903
59.2188,522,1.6839
59.2231,521,1.6806
59.2274,520,1.6774
59.2317,517,1.6677
59.2360,514,1.6581
59.2403,512,1.6516
59.2446,507,1.6355
59.2489,504,1.6258
59.2532,503,1.6226
59.2575,503,1.6226
59.2618,504,1.6258
59.2661,503,1.6226
59.2704,505,1.6290
59.2747,505,1.6290
59.2790,504,1.6258
59.2833,503,1.6226
59.2875,505,1.6290
59.2919,506,1.6323
59.2962,507,1.6355
59.3004,507,1.6355
59.3047,504,1.6258
59.3090,498,1.6065
59.3133,491,1.5839
59.3176,488,1.5742
59.3220,499,1.6097
59.3262,526,1.6968
59.3305,564,1.8194
59.3348,611,1.9710
59.3391,651,2.1000
59.3434,666,2.1484
59.3477,649,2.0935
59.3520,611,1.9710
59.3563,563,1.8161
59.3606,521,1.6806
59.3649,494,1.5935
59.3692,482,1.5548
59.3735,480,1.5484
59.3778,487,1.5710
59.3821,494,1.5935
59.3864,499,1.6097
59.3907,499,1.6097
59.3950,500,1.6129
59.3993,499,1.6097
59.4036,500,1.6129
59.4079,501,1.6161
59.4122,500,1.6129
59.4165,500,1.6129
59.4208,500,1.6129
59.4251,502,1.6194
59.4294,501,1.6161
59.4337,501,1.6161
59.4380,502,1.6194
59.4423,503,1.6226
59.4466,503,1.6226
59.4509,504,1.6258
59.4551,506,1.6323
59.4594,510,1.6452
59.4637,513,1.6548
59.4680,517,1.6677
59.4723,520,1.6774
59.4766,521,1.6806
59.4809,521,1.6806
59.4852,525,1.6935
59.4894,527,1.7000
59.4937,531,1.7129
59.4980,534,1.7226
59.5023,537,1.7323
59.5066,539,1.7387
59.5109,541,1.7452
59.5152,543,1.7516
59.5196,545,1.7581
59.5239,545,1.7581
59.5282,546,1.7613
59.5325,546,1.7613
59.5368,545,1.7581
59.5411,544,1.7548
59.5454,544,1.7548
59.5496,541,1.7452
59.5539,540,1.7419
59.5583,538,1.7355
59.5625,534,1.7226
59.5668,532,1.7161
59.5711,528,1.7032
59.5755,524,1.6903
59.5797,521,1.6806
59.5840,518,1.6710
59.5883,515,1.6613
59.5926,511,1.6484
59.5970,508,1.6387
59.6013,505,1.6290
59.6056,504,1.6258
59.6098,500,1.6129
59.6142,498,1.6065
59.6188,497,1.6032
59.6233,498,1.6065
59.6276,499,1.6097
59.6319,499,1.6097
59.6362,499,1.6097
59.6405,500,1.6129
59.6448,499,1.6097
59.6491,499,1.6097
59.6534,499,1.6097
59.6577,498,1.6065
59.6620,499,1.6097
59.6663,501,1.6161
59.6706,502,1.6194
59.6748,503,1.6226
59.6791,503,1.6226
59.6834,507,1.6355
59.6877,511,1.6484
59.6920,515,1.6613
59.6963,518,1.6710
59.7006,521,1.6806
59.7049,523,1.6871
59.7092,526,1.6968
59.7135,525,1.6935
59.7178,526,1.6968
59.7221,525,1.6935
59.7264,523,1.6871
59.7307,521,1.6806
59.7350,520,1.6774
59.7394,517,1.6677
59.7437,514,1.6581
59.7480,510,1.6452
59.7522,505,1.6290
59.7565,504,1.6258
59.7608,504,1.6258
59.7651,505,1.6290
59.7694,506,1.6323
59.7737,505,1.6290
59.7780,506,1.6323
59.7823,505,1.6290
59.7866,507,1.6355
59.7909,507,1.6355
59.7952,507,1.6355
59.7995,508,1.6387
59.8038,507,1.6355
59.8081,506,1.6323
59.8123,500,1.6129
59.8166,493,1.5903
59.8210,486,1.5677
59.8253,493,1.5903
59.8296,514,1.6581
59.8339,549,1.7710
59.8381,591,1.9065
59.8424,635,2.0484
59.8467,662,2.1355
59.8510,659,2.1258
59.8553,627,2.0226
59.8596,583,1.8806
59.8639,536,1.7290
59.8682,503,1.6226
59.8725,487,1.5710
59.8768,482,1.5548
59.8811,486,1.5677
59.8854,493,1.5903
59.8897,497,1.6032
59.8940,499,1.6097
59.8982,500,1.6129
59.9025,500,1.6129
59.9068,500,1.6129
59.9111,501,1.6161
59.9156,501,1.6161
59.9200,502,1.6194
59.9248,502,1.6194
59.9292,504,1.6258
59.9335,504,1.6258
59.9379,504,1.6258
59.9422,504,1.6258
59.9466,504,1.6258
59.9509,504,1.6258
59.9553,504,1.6258
59.9596,506,1.6323
59.9639,509,1.6419
59.9683,512,1.6516
59.9726,515,1.6613
59.9769,520,1.6774
59.9812,523,1.6871
59.9856,526,1.6968
59.9899,528,1.7032
59.9942,531,1.7129
59.9986,535,1.7258
60.0029,537,1.7323
60.0072,540,1.7419
60.0116,542,1.7484
60.0160,542,1.7484
60.0203,543,1.7516
60.0247,545,1.7581
60.0290,546,1.7613
60.0333,545,1.7581
60.0376,546,1.7613
60.0419,544,1.7548
60.0462,544,1.7548
60.0505,541,1.7452
60.0549,540,1.7419
60.0594,538,1.7355
60.0639,534,1.7226
60.0684,532,1.7161
60.0727,529,1.7065
60.0771,526,1.6968
60.0816,522,1.6839
60.0859,518,1.6710
60.0902,516,1.6645
60.0945,513,1.6548
60.0987,510,1.6452
60.1030,507,1.6355
60.1073,504,1.6258
60.1116,500,1.6129
60.1160,498,1.6065
60.1203,498,1.6065
60.1246,500,1.6129
60.1289,500,1.6129
60.1332,499,1.6097
60.1375,498,1.6065
60.1418,498,1.6065
60.1461,499,1.6097
60.1504,500,1.6129
60.1546,501,1.6161
60.1589,502,1.6194
60.1632,501,1.6161
60.1675,502,1.6194
60.1718,502,1.6194
60.1761,503,1.6226
60.1804,505,1.6290
60.1847,507,1.6355
60.1890,510,1.6452
60.1933,514,1.6581
60.1976,518,1.6710
60.2019,520,1.6774
60.2062,523,1.6871
60.2104,525,1.6935
60.2147,525,1.6935
60.2190,525,1.6935
60.2237,523,1.6871
60.2281,522,1.6839
60.2324,519,1.6742
60.2367,516,1.6645
60.2410,512,1.6516
60.2454,509,1.6419
60.2497,506,1.6323
60.2540,503,1.6226
60.2584,502,1.6194
60.2627,502,1.6194
60.2671,503,1.6226
60.2715,504,1.6258
60.2759,504,1.6258
60.2802,504,1.6258
60.2846,505,1.6290
60.2889,505,1.6290
60.2932,506,1.6323
60.2975,506,1.6323
60.3019,507,1.6355
60.3062,506,1.6323
60.3105,503,1.6226
60.3149,495,1.5968
60.3192,487,1.5710
60.3235,487,1.5710
60.3279,502,1.6194
60.3321,532,1.7161
60.3365,573,1.8484
60.3407,617,1.9903
60.3450,655,2.1129
60.3493,663,2.1387
60.3536,642,2.0710
60.3579,600,1.9355
60.3622,553,1.7839
60.3665,513,1.6548
60.3708,490,1.5806
60.3751,481,1.5516
60.3794,480,1.5484
60.3837,484,1.5613
60.3880,491,1.5839
60.3923,496,1.6000
60.3966,499,1.6097
60.4008,499,1.6097
60.4051,499,1.6097
60.4094,500,1.6129
60.4137,501,1.6161
60.4180,501,1.6161
60.4223,502,1.6194
60.4266,502,1.6194
60.4309,502,1.6194
60.4352,502,1.6194
60.4395,502,1.6194
60.4438,502,1.6194
60.4481,503,1.6226
60.4524,504,1.6258
60.4567,504,1.6258
60.4610,505,1.6290
60.4653,508,1.6387
60.4696,511,1.6484
60.4739,513,1.6548
60.4782,517,1.6677
60.4825,521,1.6806
60.4868,524,1.6903
60.4911,527,1.7000
60.4953,531,1.7129
60.4996,534,1.7226
60.5039,536,1.7290
60.5082,540,1.7419
60.5126,542,1.7484
60.5181,543,1.7516
60.5226,543,1.7516
60.5270,546,1.7613
60.5313,546,1.7613
60.5356,546,1.7613
60.5399,547,1.7645
60.5442,546,1.7613
60.5485,546,1.7613
60.5528,543,1.7516
60.5572,539,1.7387
60.5615,536,1.7290
60.5658,536,1.7290
60.5701,533,1.7194
60.5744,530,1.7097
60.5787,527,1.7000
60.5830,525,1.6935
60.5873,522,1.6839
60.5916,518,1.6710
60.5959,515,1.6613
60.6002,511,1.6484
60.6045,508,1.6387
60.6088,504,1.6258
60.6130,501,1.6161
60.6173,498,1.6065
60.6216,497,1.6032
60.6260,497,1.6032
60.6303,497,1.6032
60.6346,497,1.6032
60.6389,497,1.6032
60.6432,497,1.6032
60.6474,499,1.6097
60.6517,499,1.6097
60.6560,498,1.6065
60.6603,499,1.6097
60.6646,500,1.6129
60.6689,501,1.6161
60.6732,501,1.6161
60.6775,500,1.6129
60.6818,502,1.6194
60.6861,503,1.6226
60.6904,507,1.6355
60.6947,511,1.6484
60.6990,513,1.6548
60.7033,520,1.6774
60.7076,523,1.6871
60.7118,525,1.6935
60.7167,525,1.6935
60.7210,525,1.6935
60.7254,524,1.6903
60.7297,524,1.6903
60.7340,523,1.6871
60.7383,520,1.6774
60.7426,516,1.6645
60.7469,513,1.6548
60.7512,511,1.6484
60.7555,507,1.6355
60.7598,505,1.6290
60.7641,504,1.6258
60.7684,503,1.6226
60.7726,504,1.6258
60.7769,505,1.6290
60.7812,505,1.6290
60.7855,506,1.6323
60.7898,507,1.6355
60.7941,507,1.6355
60.7984,508,1.6387
60.8027,507,1.6355
60.8070,507,1.6355
60.8123,505,1.6290
60.8181,499,1.6097
60.8226,490,1.5806
60.8270,485,1.5645
60.8313,495,1.5968
60.8356,519,1.6742
60.8399,557,1.7968
60.8442,601,1.9387
60.8485,644,2.0774
60.8528,662,2.1355
60.8572,649,2.0935
60.8616,613,1.9774
60.8663,563,1.8161
60.8705,520,1.6774
60.8748,493,1.5903
60.8791,481,1.5516
60.8834,480,1.5484
60.8877,485,1.5645
60.8919,491,1.5839
60.8962,495,1.5968
60.9004,497,1.6032
60.9047,497,1.6032
60.9090,498,1.6065
60.9133,498,1.6065
60.9175,499,1.6097
60.9218,501,1.6161
60.9261,501,1.6161
60.9304,501,1.6161
60.9347,501,1.6161
60.9389,501,1.6161
60.9433,501,1.6161
60.9476,503,1.6226
60.9519,502,1.6194
60.9561,502,1.6194
60.9604,502,1.6194
60.9646,505,1.6290
60.9689,508,1.6387
60.9732,512,1.6516
60.9774,515,1.6613
60.9817,517,1.6677
60.9860,519,1.6742
60.9903,521,1.6806
60.9946,524,1.6903
60.9988,527,1.7000
61.0030,531,1.7129
61.0073,534,1.7226
61.0116,537,1.7323
61.0158,539,1.7387
61.0201,540,1.7419
61.0244,543,1.7516
61.0294,545,1.7581
61.0337,546,1.7613
61.0379,547,1.7645
61.0422,547,1.7645
61.0464,546,1.7613
61.0508,545,1.7581
61.0550,542,1.7484
61.0593,541,1.7452
61.0635,540,1.7419
61.0677,538,1.7355
61.0720,535,1.7258
61.0763,533,1.7194
61.0806,528,1.7032
61.0848,525,1.6935
61.0891,523,1.6871
61.0934,519,1.6742
61.0977,515,1.6613
61.1019,512,1.6516
61.1065,510,1.6452
61.1108,506,1.6323
61.1150,501,1.6161
61.1193,499,1.6097
61.1236,496,1.6000
61.1278,496,1.6000
61.1322,497,1.6032
61.1364,497,1.6032
61.1407,496,1.6000
61.1449,497,1.6032
61.1492,497,1.6032
61.1535,498,1.6065
61.1577,498,1.6065
61.1620,498,1.6065
61.1662,501,1.6161
61.1705,502,1.6194
61.1748,503,1.6226
61.1790,503,1.6226
61.1833,503,1.6226
61.1877,503,1.6226
61.1920,506,1.6323
61.1963,509,1.6419
61.2006,513,1.6548
61.2049,516,1.6645
61.2092,520,1.6774
61.2135,522,1.6839
61.2178,524,1.6903
61.2221,526,1.6968
61.2263,527,1.7000
61.2307,527,1.7000
61.2350,525,1.6935
61.2394,522,1.6839
61.2437,519,1.6742
61.2480,516,1.6645
61.2523,514,1.6581
61.2567,509,1.6419
61.2610,506,1.6323
61.2653,503,1.6226
61.2697,503,1.6226
61.2741,503,1.6226
61.2784,504,1.6258
61.2827,504,1.6258
61.2869,505,1.6290
61.2912,504,1.6258
61.2956,504,1.6258
61.2998,503,1.6226
61.3041,504,1.6258
61.3084,504,1.6258
61.3127,506,1.6323
61.3170,504,1.6258
61.3213,500,1.6129
61.3256,492,1.5871
61.3299,485,1.5645
61.3342,487,1.5710
61.3385,502,1.6194
61.3428,534,1.7226
61.3470,577,1.8613
61.3514,622,2.0065
61.3557,658,2.1226
61.3599,662,2.1355
61.3642,636,2.0516
61.3684,595,1.9194
61.3727,548,1.7677
61.3770,510,1.6452
61.3813,489,1.5774
61.3856,482,1.5548
61.3898,483,1.5581
61.3941,490,1.5806
61.3984,495,1.5968
61.4026,499,1.6097
61.4069,500,1.6129
61.4111,500,1.6129
61.4155,498,1.6065
61.4205,499,1.6097
61.4249,500,1.6129
61.4291,501,1.6161
61.4334,500,1.6129
61.4377,501,1.6161
61.4420,501,1.6161
61.4462,500,1.6129
61.4505,501,1.6161
61.4547,501,1.6161
61.4590,503,1.6226
61.4633,502,1.6194
61.4675,503,1.6226
61.4718,507,1.6355
61.4761,510,1.6452
61.4805,513,1.6548
61.4848,516,1.6645
61.4890,519,1.6742
61.4933,522,1.6839
61.4976,524,1.6903
61.5019,528,1.7032
61.5061,530,1.7097
61.5104,534,1.7226
61.5150,537,1.7323
61.5193,539,1.7387
61.5236,541,1.7452
61.5279,542,1.7484
61.5321,543,1.7516
61.5365,545,1.7581
61.5408,544,1.7548
61.5450,546,1.7613
61.5493,544,1.7548
61.5535,542,1.7484
61.5578,542,1.7484
61.5621,540,1.7419
61.5663,540,1.7419
61.5706,538,1.7355
61.5748,534,1.7226
61.5791,530,1.7097
61.5837,528,1.7032
61.5880,524,1.6903
61.5922,520,1.6774
61.5966,517,1.6677
61.6009,513,1.6548
61.6052,511,1.6484
61.6094,508,1.6387
61.6137,504,1.6258
61.6179,502,1.6194
61.6222,498,1.6065
61.6265,497,1.6032
61.6308,497,1.6032
61.6350,498,1.6065
61.6393,498,1.6065
61.6436,498,1.6065
61.6479,497,1.6032
61.6521,497,1.6032
61.6564,496,1.6000
61.6606,498,1.6065
61.6649,499,1.6097
61.6692,500,1.6129
61.6734,501,1.6161
61.6778,501,1.6161
61.6821,501,1.6161
61.6864,502,1.6194
61.6907,504,1.6258
61.6950,506,1.6323
61.6993,511,1.6484
61.7036,515,1.6613
61.7079,520,1.6774
61.7122,523,1.6871
61.7167,525,1.6935
61.7211,525,1.6935
61.7255,525,1.6935
61.7298,525,1.6935
61.7341,524,1.6903
61.7384,522,1.6839
61.7427,521,1.6806
61.7470,517,1.6677
61.7513,513,1.6548
61.7556,510,1.6452
61.7599,507,1.6355
61.7642,505,1.6290
61.7685,503,1.6226
61.7728,503,1.6226
61.7771,504,1.6258
61.7814,503,1.6226
61.7857,504,1.6258
61.7900,502,1.6194
61.7943,503,1.6226
61.7986,504,1.6258
61.8029,504,1.6258
61.8073,506,1.6323
61.8116,507,1.6355
61.8158,507,1.6355
61.8201,505,1.6290
61.8244,497,1.6032
61.8287,487,1.5710
61.8330,486,1.5677
61.8374,498,1.6065
61.8417,528,1.7032
61.8460,570,1.8387
61.8504,615,1.9839
61.8547,653,2.1065
61.8591,663,2.1387
61.8634,643,2.0742
61.8678,603,1.9452
61.8721,555,1.7903
61.8765,514,1.6581
61.8808,490,1.5806
61.8851,481,1.5516
61.8895,482,1.5548
61.8938,489,1.5774
61.8981,493,1.5903
61.9024,497,1.6032
61.9068,499,1.6097
61.9111,500,1.6129
61.9154,500,1.6129
61.9198,500,1.6129
61.9241,500,1.6129
61.9284,499,1.6097
61.9328,501,1.6161
61.9372,500,1.6129
61.9415,502,1.6194
61.9457,502,1.6194
61.9501,503,1.6226
61.9544,503,1.6226
61.9586,503,1.6226
61.9629,504,1.6258
61.9672,505,1.6290
61.9715,507,1.6355
61.9758,510,1.6452
61.9801,514,1.6581
61.9844,517,1.6677
61.9887,520,1.6774
61.9930,523,1.6871
61.9973,526,1.6968
62.0016,529,1.7065
62.0059,533,1.7194
62.0102,535,1.7258
62.0145,538,1.7355
62.0188,539,1.7387
62.0230,540,1.7419
62.0274,542,1.7484
62.0318,544,1.7548
62.0361,545,1.7581
62.0404,547,1.7645
62.0447,547,1.7645
62.0490,546,1.7613
62.0533,545,1.7581
62.0576,544,1.7548
62.0619,541,1.7452
62.0661,540,1.7419
62.0704,539,1.7387
62.0748,535,1.7258
62.0790,533,1.7194
62.0833,530,1.7097
62.0876,525,1.6935
62.0919,523,1.6871
62.0962,519,1.6742
62.1005,515,1.6613
62.1048,511,1.6484
62.1091,509,1.6419
62.1134,507,1.6355
62.1177,503,1.6226
62.1220,499,1.6097
62.1263,498,1.6065
62.1306,498,1.6065
62.1349,498,1.6065
62.1392,498,1.6065
62.1435,500,1.6129
62.1478,501,1.6161
62.1521,500,1.6129
62.1565,499,1.6097
62.1608,499,1.6097
62.1650,501,1.6161
62.1693,501,1.6161
62.1736,501,1.6161
62.1780,501,1.6161
62.1823,502,1.6194
62.1866,504,1.6258
62.1909,505,1.6290
62.1954,508,1.6387
62.1997,511,1.6484
62.2039,516,1.6645
62.2082,519,1.6742
62.2125,523,1.6871
62.2169,525,1.6935
62.2211,526,1.6968
62.2254,527,1.7000
62.2297,527,1.7000
62.2344,524,1.6903
62.2387,522,1.6839
62.2430,519,1.6742
62.2473,517,1.6677
62.2522,513,1.6548
62.2566,509,1.6419
62.2608,505,1.6290
62.2651,502,1.6194
62.2694,502,1.6194
62.2737,503,1.6226
62.2781,503,1.6226
62.2824,503,1.6226
62.2866,503,1.6226
62.2910,505,1.6290
62.2953,506,1.6323
62.2996,505,1.6290
62.3039,505,1.6290
62.3082,506,1.6323
62.3125,506,1.6323
62.3171,505,1.6290
62.3215,501,1.6161
62.3259,494,1.5935
62.3302,487,1.5710
62.3352,491,1.5839
62.3395,512,1.6516
62.3438,547,1.7645
62.3481,589,1.9000
62.3524,634,2.0452
62.3567,661,2.1323
62.3610,659,2.1258
62.3653,630,2.0323
62.3696,585,1.8871
62.3739,539,1.7387
62.3782,505,1.6290
62.3825,487,1.5710
62.3868,482,1.5548
62.3912,484,1.5613
62.3954,487,1.5710
62.4006,495,1.5968
62.4050,499,1.6097
62.4093,501,1.6161
62.4135,502,1.6194
62.4178,502,1.6194
62.4222,501,1.6161
62.4265,501,1.6161
62.4308,501,1.6161
62.4351,501,1.6161
62.4394,501,1.6161
62.4438,501,1.6161
62.4481,502,1.6194
62.4523,502,1.6194
62.4566,502,1.6194
62.4609,503,1.6226
62.4653,503,1.6226
62.4695,504,1.6258
62.4738,506,1.6323
62.4785,509,1.6419
62.4828,514,1.6581
62.4875,518,1.6710
62.4918,520,1.6774
62.4961,522,1.6839
62.5004,525,1.6935
62.5048,529,1.7065
62.5091,532,1.7161
62.5134,537,1.7323
62.5176,540,1.7419
62.5219,540,1.7419
62.5263,543,1.7516
62.5306,544,1.7548
62.5349,547,1.7645
62.5393,546,1.7613
62.5436,547,1.7645
62.5479,547,1.7645
62.5522,546,1.7613
62.5564,545,1.7581
62.5607,545,1.7581
62.5649,543,1.7516
62.5692,540,1.7419
62.5735,538,1.7355
62.5778,535,1.7258
62.5820,532,1.7161
62.5863,531,1.7129
62.5905,527,1.7000
62.5948,525,1.6935
62.5991,521,1.6806
62.6033,516,1.6645
62.6076,513,1.6548
62.6119,512,1.6516
62.6163,507,1.6355
62.6210,504,1.6258
62.6254,501,1.6161
62.6297,499,1.6097
62.6339,498,1.6065
62.6382,497,1.6032
62.6425,499,1.6097
62.6467,498,1.6065
62.6510,500,1.6129
62.6552,501,1.6161
62.6595,501,1.6161
62.6638,501,1.6161
62.6681,501,1.6161
62.6723,502,1.6194
62.6766,502,1.6194
62.6808,502,1.6194
62.6851,503,1.6226
62.6894,503,1.6226
62.6936,503,1.6226
62.6979,507,1.6355
62.7021,510,1.6452
62.7064,515,1.6613
62.7108,519,1.6742
62.7150,522,1.6839
62.7193,524,1.6903
62.7236,526,1.6968
62.7279,526,1.6968
62.7322,526,1.6968
62.7365,525,1.6935
62.7407,523,1.6871
62.7450,521,1.6806
62.7493,519,1.6742
62.7537,516,1.6645
62.7579,513,1.6548
62.7622,508,1.6387
62.7665,505,1.6290
62.7708,503,1.6226
62.7751,502,1.6194
62.7794,503,1.6226
62.7837,504,1.6258
62.7880,504,1.6258
62.7923,504,1.6258
62.7966,505,1.6290
62.8009,504,1.6258
62.8052,504,1.6258
62.8095,505,1.6290
62.8138,505,1.6290
62.8180,504,1.6258
62.8223,503,1.6226
62.8267,500,1.6129
62.8310,493,1.5903
62.8353,486,1.5677
62.8396,489,1.5774
62.8439,507,1.6355
62.8482,540,1.7419
62.8524,581,1.8742
62.8568,627,2.0226
62.8610,659,2.1258
62.8653,662,2.1355
62.8696,635,2.0484
62.8739,592,1.9097
62.8782,543,1.7516
62.8825,508,1.6387
62.8868,489,1.5774
62.8911,481,1.5516
62.8954,483,1.5581
62.8997,488,1.5742
62.9040,494,1.5935
62.9083,497,1.6032
62.9126,499,1.6097
62.9169,498,1.6065
62.9212,499,1.6097
62.9255,499,1.6097
62.9298,500,1.6129
62.9341,500,1.6129
62.9384,500,1.6129
62.9427,500,1.6129
62.9470,501,1.6161
62.9513,503,1.6226
62.9556,501,1.6161
62.9599,501,1.6161
62.9642,500,1.6129
62.9684,501,1.6161
62.9728,502,1.6194
62.9771,505,1.6290
62.9814,510,1.6452
62.9857,513,1.6548
62.9899,517,1.6677
62.9942,520,1.6774
62.9985,522,1.6839
63.0029,525,1.6935
63.0072,528,1.7032
63.0115,533,1.7194
63.0158,535,1.7258
63.0201,538,1.7355
63.0244,540,1.7419
63.0287,542,1.7484
63.0330,543,1.7516
63.0373,544,1.7548
63.0416,544,1.7548
63.0459,543,1.7516
63.0502,543,1.7516
63.0545,544,1.7548
63.0588,541,1.7452
63.0631,541,1.7452
63.0674,539,1.7387
63.0717,537,1.7323
63.0760,535,1.7258
63.0803,533,1.7194
63.0846,529,1.7065
63.0888,525,1.6935
63.0932,522,1.6839
63.0974,518,1.6710
63.1017,515,1.6613
63.1060,512,1.6516
63.1103,509,1.6419
63.1146,506,1.6323
63.1190,502,1.6194
63.1233,500,1.6129
63.1276,498,1.6065
63.1319,498,1.6065
63.1361,497,1.6032
63.1404,497,1.6032
63.1447,496,1.6000
63.1490,497,1.6032
63.1533,497,1.6032
63.1576,497,1.6032
63.1619,497,1.6032
63.1662,499,1.6097
63.1705,499,1.6097
63.1748,499,1.6097
63.1791,499,1.6097
63.1834,501,1.6161
63.1877,501,1.6161
63.1920,502,1.6194
63.1963,502,1.6194
63.2006,504,1.6258
63.2049,507,1.6355
63.2092,511,1.6484
63.2135,515,1.6613
63.2180,518,1.6710
63.2225,521,1.6806
63.2269,523,1.6871
63.2313,525,1.6935
63.2356,525,1.6935
63.2399,526,1.6968
63.2443,523,1.6871
63.2487,523,1.6871
63.2530,522,1.6839
63.2573,518,1.6710
63.2616,515,1.6613
63.2659,511,1.6484
63.2702,506,1.6323
63.2745,503,1.6226
63.2788,503,1.6226
63.2831,503,1.6226
63.2874,503,1.6226
63.2917,503,1.6226
63.2960,502,1.6194
63.3003,503,1.6226
63.3046,504,1.6258
63.3089,504,1.6258
63.3132,505,1.6290
63.3175,505,1.6290
63.3218,505,1.6290
63.3262,505,1.6290
63.3305,503,1.6226
63.3348,496,1.6000
63.3391,488,1.5742
63.3434,485,1.5645
63.3478,500,1.6129
63.3521,531,1.7129
63.3564,571,1.8419
63.3607,616,1.9871
63.3650,654,2.1097
63.3693,664,2.1419
63.3736,643,2.0742
63.3779,603,1.9452
63.3825,553,1.7839
63.3868,513,1.6548
63.3911,492,1.5871
63.3954,483,1.5581
63.3997,483,1.5581
63.4041,488,1.5742
63.4084,493,1.5903
63.4127,497,1.6032
63.4170,497,1.6032
63.4213,497,1.6032
63.4256,498,1.6065
63.4299,500,1.6129
63.4342,500,1.6129
63.4385,501,1.6161
63.4428,501,1.6161
63.4471,502,1.6194
63.4515,502,1.6194
63.4558,503,1.6226
63.4601,503,1.6226
63.4646,503,1.6226
63.4689,502,1.6194
63.4732,504,1.6258
63.4775,505,1.6290
63.4818,506,1.6323
63.4861,509,1.6419
63.4904,513,1.6548
63.4947,517,1.6677
63.4990,517,1.6677
63.5033,518,1.6710
63.5076,520,1.6774
63.5121,523,1.6871
63.5165,526,1.6968
63.5210,530,1.7097
63.5254,533,1.7194
63.5307,539,1.7387
63.5350,540,1.7419
63.5393,542,1.7484
63.5436,544,1.7548
63.5479,544,1.7548
63.5523,546,1.7613
63.5566,546,1.7613
63.5609,545,1.7581
63.5652,547,1.7645
63.5695,546,1.7613
63.5738,545,1.7581
63.5781,543,1.7516
63.5824,541,1.7452
63.5867,540,1.7419
63.5910,539,1.7387
63.5953,537,1.7323
63.5996,533,1.7194
63.6039,529,1.7065
63.6082,526,1.6968
63.6126,522,1.6839
63.6169,518,1.6710
63.6211,514,1.6581
63.6254,511,1.6484
63.6297,509,1.6419
63.6341,505,1.6290
63.6384,502,1.6194
63.6427,500,1.6129
63.6471,499,1.6097
63.6514,499,1.6097
63.6557,500,1.6129
63.6600,501,1.6161
63.6643,501,1.6161
63.6686,501,1.6161
63.6735,500,1.6129
63.6778,499,1.6097
63.6821,500,1.6129
63.6863,501,1.6161
63.6906,502,1.6194
63.6950,501,1.6161
63.6993,502,1.6194
63.7036,502,1.6194
63.7079,503,1.6226
63.7122,505,1.6290
63.7165,510,1.6452
63.7208,513,1.6548
63.7251,517,1.6677
63.7294,519,1.6742
63.7337,522,1.6839
63.7380,524,1.6903
63.7423,526,1.6968
63.7467,527,1.7000
63.7510,526,1.6968
63.7553,524,1.6903
63.7596,522,1.6839
63.7639,520,1.6774
63.7682,518,1.6710
63.7725,515,1.6613
63.7768,510,1.6452
63.7811,506,1.6323
63.7854,504,1.6258
63.7897,504,1.6258
63.7940,504,1.6258
63.7983,504,1.6258
63.8027,504,1.6258
63.8070,505,1.6290
63.8113,505,1.6290
63.8156,504,1.6258
63.8199,504,1.6258
63.8242,504,1.6258
63.8285,505,1.6290
63.8328,505,1.6290
63.8372,505,1.6290
63.8415,503,1.6226
63.8458,495,1.5968
63.8501,488,1.5742
63.8544,489,1.5774
63.8587,506,1.6323
63.8630,537,1.7323
63.8673,579,1.8677
63.8716,625,2.0161
63.8759,658,2.1226
63.8802,662,2.1355
63.8845,635,2.0484
63.8888,594,1.9161
63.8931,546,1.7613
63.8980,505,1.6290
63.9023,486,1.5677
63.9066,482,1.5548
63.9109,484,1.5613
63.9152,490,1.5806
63.9195,495,1.5968
63.9238,499,1.6097
63.9281,501,1.6161
63.9324,501,1.6161
63.9367,500,1.6129
63.9410,500,1.6129
63.9453,500,1.6129
63.9496,499,1.6097
63.9540,501,1.6161
63.9583,502,1.6194
63.9626,503,1.6226
63.9669,503,1.6226
63.9712,503,1.6226
63.9755,501,1.6161
63.9798,501,1.6161
63.9841,502,1.6194
63.9884,504,1.6258
63.9927,506,1.6323
63.9970,510,1.6452
64.0013,514,1.6581
64.0056,517,1.6677
64.0099,520,1.6774
64.0142,523,1.6871
64.0185,526,1.6968
64.0229,529,1.7065
64.0272,531,1.7129
64.0315,534,1.7226
64.0358,539,1.7387
64.0407,541,1.7452
64.0450,540,1.7419
64.0498,542,1.7484
64.0541,542,1.7484
64.0584,544,1.7548
64.0627,545,1.7581
64.0670,544,1.7548
64.0713,544,1.7548
64.0756,543,1.7516
64.0799,540,1.7419
64.0842,540,1.7419
64.0885,538,1.7355
64.0928,534,1.7226
64.0972,531,1.7129
64.1020,528,1.7032
64.1064,524,1.6903
64.1106,524,1.6903
64.1150,523,1.6871
64.1195,518,1.6710
64.1239,514,1.6581
64.1283,512,1.6516
64.1326,509,1.6419
64.1369,506,1.6323
64.1412,503,1.6226
64.1456,499,1.6097
64.1504,495,1.5968
64.1547,494,1.5935
64.1594,494,1.5935
64.1638,496,1.6000
64.1681,496,1.6000
64.1724,497,1.6032
64.1766,498,1.6065
64.1809,498,1.6065
64.1853,499,1.6097
64.1896,499,1.6097
64.1938,499,1.6097
64.1981,499,1.6097
64.2024,500,1.6129
64.2068,501,1.6161
64.2111,502,1.6194
64.2154,502,1.6194
64.2197,506,1.6323
64.2240,512,1.6516
64.2283,515,1.6613
64.2326,518,1.6710
64.2369,521,1.6806
64.2412,523,1.6871
64.2455,524,1.6903
64.2498,525,1.6935
64.2541,526,1.6968
64.2621,523,1.6871
64.2665,520,1.6774
64.2708,518,1.6710
64.2751,516,1.6645
64.2793,512,1.6516
64.2836,508,1.6387
64.2880,505,1.6290
64.2923,504,1.6258
64.2966,502,1.6194
64.3008,503,1.6226
64.3056,505,1.6290
64.3100,505,1.6290
64.3143,505,1.6290
64.3185,505,1.6290
64.3230,506,1.6323
64.3273,505,1.6290
64.3316,506,1.6323
64.3359,506,1.6323
64.3401,507,1.6355
64.3444,505,1.6290
64.3487,500,1.6129
64.3530,493,1.5903
64.3572,486,1.5677
64.3615,492,1.5871
64.3657,512,1.6516
64.3700,547,1.7645
64.3743,590,1.9032
64.3785,634,2.0452
64.3828,662,2.1355
64.3870,659,2.1258
64.3913,630,2.0323
64.3956,586,1.8903
64.3998,539,1.7387
64.4041,504,1.6258
64.4084,487,1.5710
64.4126,482,1.5548
64.4171,485,1.5645
64.4214,490,1.5806
64.4258,497,1.6032
64.4301,500,1.6129
64.4343,499,1.6097
64.4386,499,1.6097
64.4429,500,1.6129
64.4472,500,1.6129
64.4515,500,1.6129
64.4558,500,1.6129
64.4601,501,1.6161
64.4644,501,1.6161
64.4687,502,1.6194
64.4730,502,1.6194
64.4773,501,1.6161
64.4816,502,1.6194
64.4858,502,1.6194
64.4901,504,1.6258
64.4944,504,1.6258
64.4987,507,1.6355
64.5030,511,1.6484
64.5073,515,1.6613
64.5116,518,1.6710
64.5159,521,1.6806
64.5202,524,1.6903
64.5245,527,1.7000
64.5288,530,1.7097
64.5331,534,1.7226
64.5374,538,1.7355
64.5417,540,1.7419
64.5460,541,1.7452
64.5503,542,1.7484
64.5546,543,1.7516
64.5588,544,1.7548
64.5632,545,1.7581
64.5675,546,1.7613
64.5718,545,1.7581
64.5760,545,1.7581
64.5803,543,1.7516
64.5846,543,1.7516
64.5889,541,1.7452
64.5932,539,1.7387
64.5975,537,1.7323
64.6018,532,1.7161
64.6061,530,1.7097
64.6103,526,1.6968
64.6146,523,1.6871
64.6189,519,1.6742
64.6232,516,1.6645
64.6275,512,1.6516
64.6318,509,1.6419
64.6361,505,1.6290
64.6404,502,1.6194
64.6447,499,1.6097
64.6490,498,1.6065
64.6533,497,1.6032
64.6576,496,1.6000
64.6619,496,1.6000
64.6662,497,1.6032
64.6705,498,1.6065
64.6748,500,1.6129
64.6791,500,1.6129
64.6834,501,1.6161
64.6877,501,1.6161
64.6919,502,1.6194
64.6962,502,1.6194
64.7005,502,1.6194
64.7048,502,1.6194
64.7091,502,1.6194
64.7134,503,1.6226
64.7177,505,1.6290
64.7220,508,1.6387
64.7263,512,1.6516
64.7306,517,1.6677
64.7349,521,1.6806
64.7392,523,1.6871
64.7435,526,1.6968
64.7478,528,1.7032
64.7521,527,1.7000
64.7563,527,1.7000
64.7606,527,1.7000
64.7649,524,1.6903
64.7692,522,1.6839
64.7735,519,1.6742
64.7778,516,1.6645
64.7821,511,1.6484
64.7864,507,1.6355
64.7907,503,1.6226
64.7950,502,1.6194
64.7993,503,1.6226
64.8036,503,1.6226
64.8079,504,1.6258
64.8121,505,1.6290
64.8164,505,1.6290
64.8207,504,1.6258
64.8250,505,1.6290
64.8293,506,1.6323
64.8335,506,1.6323
64.8378,507,1.6355
64.8421,506,1.6323
64.8464,503,1.6226
64.8507,496,1.6000
64.8550,489,1.5774
64.8593,486,1.5677
64.8636,500,1.6129
64.8679,528,1.7032
64.8722,567,1.8290
64.8765,613,1.9774
64.8808,651,2.1000
64.8851,663,2.1387
64.8894,645,2.0806
64.8937,606,1.9548
64.8979,559,1.8032
64.9022,517,1.6677
64.9065,492,1.5871
64.9108,481,1.5516
64.9151,481,1.5516
64.9194,486,1.5677
64.9237,492,1.5871
64.9280,497,1.6032
64.9323,497,1.6032
64.9366,499,1.6097
64.9409,500,1.6129
64.9451,500,1.6129
64.9494,500,1.6129
64.9537,499,1.6097
64.9580,500,1.6129
64.9623,500,1.6129
64.9666,500,1.6129
64.9709,501,1.6161
64.9752,501,1.6161
64.9794,502,1.6194
64.9837,502,1.6194
64.9880,502,1.6194
64.9923,503,1.6226
64.9966,504,1.6258
65.0009,506,1.6323
65.0052,511,1.6484
65.0095,515,1.6613
65.0138,518,1.6710
65.0182,521,1.6806
65.0226,525,1.6935
65.0271,528,1.7032
65.0314,532,1.7161
65.0357,536,1.7290
65.0400,537,1.7323
65.0443,539,1.7387
65.0486,541,1.7452
65.0529,544,1.7548
65.0573,544,1.7548
65.0617,546,1.7613
65.0663,546,1.7613
65.0707,546,1.7613
65.0751,545,1.7581
65.0794,544,1.7548
65.0841,542,1.7484
65.0885,541,1.7452
65.0928,539,1.7387
65.0971,536,1.7290
65.1014,532,1.7161
65.1057,531,1.7129
65.1100,528,1.7032
65.1144,524,1.6903
65.1187,520,1.6774
65.1230,516,1.6645
65.1273,513,1.6548
65.1316,510,1.6452
65.1359,508,1.6387
65.1402,504,1.6258
65.1445,501,1.6161
65.1488,498,1.6065
65.1531,497,1.6032
65.1575,497,1.6032
65.1618,497,1.6032
65.1666,498,1.6065
65.1710,499,1.6097
65.1753,498,1.6065
65.1795,499,1.6097
65.1838,498,1.6065
65.1881,499,1.6097
65.1925,500,1.6129
65.1968,501,1.6161
65.2011,502,1.6194
65.2053,502,1.6194
65.2098,501,1.6161
65.2141,503,1.6226
65.2184,504,1.6258
65.2227,510,1.6452
65.2270,514,1.6581
65.2313,519,1.6742
65.2357,522,1.6839
65.2399,523,1.6871
65.2442,524,1.6903
65.2487,525,1.6935
65.2531,526,1.6968
65.2573,526,1.6968
65.2616,524,1.6903
65.2660,523,1.6871
65.2703,521,1.6806
65.2747,518,1.6710
65.2790,512,1.6516
65.2833,509,1.6419
65.2876,505,1.6290
65.2919,503,1.6226
65.2962,502,1.6194
65.3005,503,1.6226
65.3048,504,1.6258
65.3091,505,1.6290
65.3134,504,1.6258
65.3179,507,1.6355
65.3223,504,1.6258
65.3267,507,1.6355
65.3314,507,1.6355
65.3357,508,1.6387
65.3400,507,1.6355
65.3443,507,1.6355
65.3486,502,1.6194
65.3529,493,1.5903
65.3572,487,1.5710
65.3616,491,1.5839
65.3659,512,1.6516
65.3702,548,1.7677
65.3745,590,1.9032
65.3789,635,2.0484
65.3831,663,2.1387
65.3874,657,2.1194
65.3917,626,2.0194
65.3960,581,1.8742
65.4003,534,1.7226
65.4046,501,1.6161
65.4089,486,1.5677
65.4135,481,1.5516
65.4179,481,1.5516
65.4222,482,1.5548
65.4265,486,1.5677
65.4307,493,1.5903
65.4351,499,1.6097
65.4394,502,1.6194
65.4437,502,1.6194
65.4480,502,1.6194
65.4522,501,1.6161
65.4565,502,1.6194
65.4609,502,1.6194
65.4652,503,1.6226
65.4696,504,1.6258
65.4739,504,1.6258
65.4782,504,1.6258
65.4825,505,1.6290
65.4868,505,1.6290
65.4911,505,1.6290
65.4956,504,1.6258
65.4999,504,1.6258
65.5042,505,1.6290
65.5085,508,1.6387
65.5128,512,1.6516
65.5171,516,1.6645
65.5215,518,1.6710
65.5258,521,1.6806
65.5301,525,1.6935
65.5343,529,1.7065
65.5386,533,1.7194
65.5430,534,1.7226
65.5473,538,1.7355
65.5515,540,1.7419
65.5558,542,1.7484
65.5601,543,1.7516
65.5645,546,1.7613
65.5688,545,1.7581
65.5731,546,1.7613
65.5774,548,1.7677
65.5817,547,1.7645
65.5860,546,1.7613
65.5903,546,1.7613
65.5946,544,1.7548
65.5989,541,1.7452
65.6032,539,1.7387
65.6075,537,1.7323
65.6118,536,1.7290
65.6161,532,1.7161
65.6205,528,1.7032
65.6249,525,1.6935
65.6292,521,1.6806
65.6335,517,1.6677
65.6378,514,1.6581
65.6428,510,1.6452
65.6471,506,1.6323
65.6514,503,1.6226
65.6557,499,1.6097
65.6600,497,1.6032
65.6643,496,1.6000
65.6686,497,1.6032
65.6729,497,1.6032
65.6772,497,1.6032
65.6815,498,1.6065
65.6858,500,1.6129
65.6901,500,1.6129
65.6944,501,1.6161
65.6987,500,1.6129
65.7030,500,1.6129
65.7073,501,1.6161
65.7116,501,1.6161
65.7159,501,1.6161
65.7203,500,1.6129
65.7246,501,1.6161
65.7289,506,1.6323
65.7332,510,1.6452
65.7375,514,1.6581
65.7418,517,1.6677
65.7461,520,1.6774
65.7504,522,1.6839
65.7547,524,1.6903
65.7590,524,1.6903
65.7633,525,1.6935
65.7677,525,1.6935
65.7720,524,1.6903
65.7763,522,1.6839
65.7806,519,1.6742
65.7854,513,1.6548
65.7897,510,1.6452
65.7940,506,1.6323
65.7983,504,1.6258
65.8026,501,1.6161
65.8069,501,1.6161
65.8112,502,1.6194
65.8155,502,1.6194
65.8198,503,1.6226
65.8241,505,1.6290
65.8285,505,1.6290
65.8328,506,1.6323
65.8371,505,1.6290
65.8414,506,1.6323
65.8457,505,1.6290
65.8500,505,1.6290
65.8543,503,1.6226
65.8586,498,1.6065
65.8629,489,1.5774
65.8672,486,1.5677
65.8716,495,1.5968
65.8759,517,1.6677
65.8801,556,1.7935
65.8844,600,1.9355
65.8888,644,2.0774
65.8931,663,2.1387
65.8974,653,2.1065
65.9016,616,1.9871
65.9059,572,1.8452
65.9103,526,1.6968
65.9146,497,1.6032
65.9197,483,1.5581
65.9244,483,1.5581
65.9288,489,1.5774
65.9331,494,1.5935
65.9374,497,1.6032
65.9417,499,1.6097
65.9460,499,1.6097
65.9503,500,1.6129
65.9546,501,1.6161
65.9589,500,1.6129
65.9632,501,1.6161
65.9675,501,1.6161
65.9718,502,1.6194
65.9761,503,1.6226
65.9805,505,1.6290
65.9848,503,1.6226
65.9890,504,1.6258
65.9933,503,1.6226
65.9976,503,1.6226
66.0018,504,1.6258
66.0061,505,1.6290
66.0103,509,1.6419
66.0146,512,1.6516
66.0189,515,1.6613
66.0231,519,1.6742
66.0274,521,1.6806
66.0322,525,1.6935
66.0365,529,1.7065
66.0408,532,1.7161
66.0451,535,1.7258
66.0493,539,1.7387
66.0536,541,1.7452
66.0579,542,1.7484
66.0621,542,1.7484
66.0664,543,1.7516
66.0706,544,1.7548
66.0749,545,1.7581
66.0792,546,1.7613
66.0835,544,1.7548
66.0878,543,1.7516
66.0921,542,1.7484
66.0964,540,1.7419
66.1007,539,1.7387
66.1050,537,1.7323
66.1093,535,1.7258
66.1136,531,1.7129
66.1179,527,1.7000
66.1221,525,1.6935
66.1265,525,1.6935
66.1308,523,1.6871
66.1351,519,1.6742
66.1393,515,1.6613
66.1436,512,1.6516
66.1479,509,1.6419
66.1522,507,1.6355
66.1565,503,1.6226
66.1608,500,1.6129
66.1651,497,1.6032
66.1694,496,1.6000
66.1737,497,1.6032
66.1780,496,1.6000
66.1823,497,1.6032
66.1866,498,1.6065
66.1909,498,1.6065
66.1952,498,1.6065
66.1995,500,1.6129
66.2038,500,1.6129
66.2081,500,1.6129
66.2124,501,1.6161
66.2167,501,1.6161
66.2212,501,1.6161
66.2256,502,1.6194
66.2300,503,1.6226
66.2344,506,1.6323
66.2387,511,1.6484
66.2430,515,1.6613
66.2474,519,1.6742
66.2517,521,1.6806
66.2560,524,1.6903
66.2604,526,1.6968
66.2647,527,1.7000
66.2690,526,1.6968
66.2733,526,1.6968
66.2776,524,1.6903
66.2819,522,1.6839
66.2862,520,1.6774
66.2905,516,1.6645
66.2949,511,1.6484
66.2992,508,1.6387
66.3035,505,1.6290
66.3078,503,1.6226
66.3121,504,1.6258
66.3164,504,1.6258
66.3207,505,1.6290
66.3250,505,1.6290
66.3293,506,1.6323
66.3336,507,1.6355
66.3379,507,1.6355
66.3422,507,1.6355
66.3465,507,1.6355
66.3507,507,1.6355
66.3550,507,1.6355
66.3593,505,1.6290
66.3636,501,1.6161
66.3680,492,1.5871
66.3722,486,1.5677
66.3765,495,1.5968
66.3808,520,1.6774
66.3851,556,1.7935
66.3894,601,1.9387
66.3937,645,2.0806
66.3980,666,2.1484
66.4023,653,2.1065
66.4066,619,1.9968
66.4109,572,1.8452
66.4152,529,1.7065
66.4195,499,1.6097
66.4238,485,1.5645
66.4281,484,1.5613
66.4324,487,1.5710
66.4367,493,1.5903
66.4410,497,1.6032
66.4453,499,1.6097
66.4495,500,1.6129
66.4538,500,1.6129
66.4581,499,1.6097
66.4624,499,1.6097
66.4667,499,1.6097
66.4710,499,1.6097
66.4753,500,1.6129
66.4797,501,1.6161
66.4840,501,1.6161
66.4883,502,1.6194
66.4927,503,1.6226
66.4970,503,1.6226
66.5014,503,1.6226
66.5057,504,1.6258
66.5100,505,1.6290
66.5143,508,1.6387
66.5187,511,1.6484
66.5230,515,1.6613
66.5274,518,1.6710
66.5317,522,1.6839
66.5360,525,1.6935
66.5404,529,1.7065
66.5447,531,1.7129
66.5490,535,1.7258
66.5534,538,1.7355
66.5577,540,1.7419
66.5620,542,1.7484
66.5663,544,1.7548
66.5707,543,1.7516
66.5750,545,1.7581
66.5793,544,1.7548
66.5837,545,1.7581
66.5880,546,1.7613
66.5923,545,1.7581
66.5965,543,1.7516
66.6008,540,1.7419
66.6051,539,1.7387
66.6094,536,1.7290
66.6137,533,1.7194
66.6180,532,1.7161
66.6223,529,1.7065
66.6266,527,1.7000
66.6309,524,1.6903
66.6352,524,1.6903
66.6395,522,1.6839
66.6438,519,1.6742
66.6481,514,1.6581
66.6524,512,1.6516
66.6567,508,1.6387
66.6610,504,1.6258
66.6653,501,1.6161
66.6696,499,1.6097
66.6739,496,1.6000
66.6782,496,1.6000
66.6825,496,1.6000
66.6868,496,1.6000
66.6910,496,1.6000
66.6953,496,1.6000
66.6996,497,1.6032
66.7039,497,1.6032
66.7082,497,1.6032
66.7125,498,1.6065
66.7168,499,1.6097
66.7211,500,1.6129
66.7254,500,1.6129
66.7297,501,1.6161
66.7340,502,1.6194
66.7383,501,1.6161
66.7426,504,1.6258
66.7469,509,1.6419
66.7512,514,1.6581
66.7555,517,1.6677
66.7598,519,1.6742
66.7640,521,1.6806
66.7683,524,1.6903
66.7726,524,1.6903
66.7771,525,1.6935
66.7815,524,1.6903
66.7858,523,1.6871
66.7901,521,1.6806
66.7945,519,1.6742
66.7988,515,1.6613
66.8031,512,1.6516
66.8074,507,1.6355
66.8118,504,1.6258
66.8161,502,1.6194
66.8207,502,1.6194
66.8251,502,1.6194
66.8296,503,1.6226
66.8339,503,1.6226
66.8383,503,1.6226
66.8426,504,1.6258
66.8470,505,1.6290
66.8514,506,1.6323
66.8557,506,1.6323
66.8601,506,1.6323
66.8644,505,1.6290
66.8687,503,1.6226
66.8732,499,1.6097
66.8775,490,1.5806
66.8818,484,1.5613
66.8861,491,1.5839
66.8904,515,1.6613
66.8947,549,1.7710
66.8990,595,1.9194
66.9033,638,2.0581
66.9076,661,2.1323
66.9119,656,2.1161
66.9162,623,2.0097
66.9204,577,1.8613
66.9247,531,1.7129
66.9290,499,1.6097
66.9333,485,1.5645
66.9376,481,1.5516
66.9419,486,1.5677
66.9462,491,1.5839
66.9505,497,1.6032
66.9548,498,1.6065
66.9591,499,1.6097
66.9634,499,1.6097
66.9677,498,1.6065
66.9720,498,1.6065
66.9763,499,1.6097
66.9806,499,1.6097
66.9849,499,1.6097
66.9893,500,1.6129
66.9936,500,1.6129
66.9979,501,1.6161
67.0022,501,1.6161
67.0066,502,1.6194
67.0109,503,1.6226
67.0152,504,1.6258
67.0196,504,1.6258
67.0239,506,1.6323
67.0282,510,1.6452
67.0326,515,1.6613
67.0369,518,1.6710
67.0412,521,1.6806
67.0456,525,1.6935
67.0499,529,1.7065
67.0542,532,1.7161
67.0586,535,1.7258
67.0629,536,1.7290
67.0672,539,1.7387
67.0715,541,1.7452
67.0759,543,1.7516
67.0802,543,1.7516
67.0845,543,1.7516
67.0888,542,1.7484
67.0931,543,1.7516
67.0974,543,1.7516
67.1017,544,1.7548
67.1060,543,1.7516
67.1103,542,1.7484
67.1147,541,1.7452
67.1191,536,1.7290
67.1235,533,1.7194
67.1279,531,1.7129
67.1321,528,1.7032
67.1364,524,1.6903
67.1406,520,1.6774
67.1449,517,1.6677
67.1492,514,1.6581
67.1534,511,1.6484
67.1577,509,1.6419
67.1620,506,1.6323
67.1662,503,1.6226
67.1705,501,1.6161
67.1748,497,1.6032
67.1790,497,1.6032
67.1833,496,1.6000
67.1876,496,1.6000
67.1918,496,1.6000
67.1961,498,1.6065
67.2004,499,1.6097
67.2046,499,1.6097
67.2089,499,1.6097
67.2131,500,1.6129
67.2175,500,1.6129
67.2218,500,1.6129
67.2261,502,1.6194
67.2304,502,1.6194
67.2347,503,1.6226
67.2390,503,1.6226
67.2433,505,1.6290
67.2476,508,1.6387
67.2519,513,1.6548
67.2561,516,1.6645
67.2604,519,1.6742
67.2647,522,1.6839
67.2690,526,1.6968
67.2733,526,1.6968
67.2776,527,1.7000
67.2819,526,1.6968
67.2863,523,1.6871
67.2906,522,1.6839
67.2949,518,1.6710
67.2993,515,1.6613
67.3036,512,1.6516
67.3079,509,1.6419
67.3122,506,1.6323
67.3166,503,1.6226
67.3209,502,1.6194
67.3252,502,1.6194
67.3296,503,1.6226
67.3339,503,1.6226
67.3383,504,1.6258
67.3426,504,1.6258
67.3469,505,1.6290
67.3512,506,1.6323
67.3556,506,1.6323
67.3599,506,1.6323
67.3642,505,1.6290
67.3685,505,1.6290
67.3729,506,1.6323
67.3774,503,1.6226
67.3817,495,1.5968
67.3860,488,1.5742
67.3903,492,1.5871
67.3946,512,1.6516
67.3989,544,1.7548
67.4032,588,1.8968
67.4075,633,2.0419
67.4118,662,2.1355
67.4161,660,2.1290
67.4204,630,2.0323
67.4247,586,1.8903
67.4290,540,1.7419
67.4333,506,1.6323
67.4376,488,1.5742
67.4419,481,1.5516
67.4462,484,1.5613
67.4505,492,1.5871
67.4547,497,1.6032
67.4590,499,1.6097
67.4633,500,1.6129
67.4676,502,1.6194
67.4719,502,1.6194
67.4762,501,1.6161
67.4805,501,1.6161
67.4849,501,1.6161
67.4892,502,1.6194
67.4935,502,1.6194
67.4978,503,1.6226
67.5022,502,1.6194
67.5065,503,1.6226
67.5108,504,1.6258
67.5152,504,1.6258
67.5195,505,1.6290
67.5239,504,1.6258
67.5282,507,1.6355
67.5325,511,1.6484
67.5369,513,1.6548
67.5412,517,1.6677
67.5455,521,1.6806
67.5499,524,1.6903
67.5542,526,1.6968
67.5585,531,1.7129
67.5629,534,1.7226
67.5672,537,1.7323
67.5716,538,1.7355
67.5759,540,1.7419
67.5802,541,1.7452
67.5845,543,1.7516
67.5888,545,1.7581
67.5931,546,1.7613
67.5974,546,1.7613
67.6017,547,1.7645
67.6060,545,1.7581
67.6103,544,1.7548
67.6146,542,1.7484
67.6189,541,1.7452
67.6233,539,1.7387
67.6276,536,1.7290
67.6319,533,1.7194
67.6362,530,1.7097
67.6405,527,1.7000
67.6448,524,1.6903
67.6491,520,1.6774
67.6534,516,1.6645
67.6577,513,1.6548
67.6620,510,1.6452
67.6663,508,1.6387
67.6706,505,1.6290
67.6749,501,1.6161
67.6792,496,1.6000
67.6836,496,1.6000
67.6879,496,1.6000
67.6922,497,1.6032
67.6966,497,1.6032
67.7009,499,1.6097
67.7052,500,1.6129
67.7095,499,1.6097
67.7149,500,1.6129
67.7208,500,1.6129
67.7253,501,1.6161
67.7298,501,1.6161
67.7341,502,1.6194
67.7384,502,1.6194
67.7428,503,1.6226
67.7471,505,1.6290
67.7515,509,1.6419
67.7558,512,1.6516
67.7601,516,1.6645
67.7645,519,1.6742
67.7688,523,1.6871
67.7731,524,1.6903
67.7775,526,1.6968
67.7818,527,1.7000
67.7861,527,1.7000
67.7904,525,1.6935
67.7947,524,1.6903
67.7990,521,1.6806
67.8036,517,1.6677
67.8080,513,1.6548
67.8123,510,1.6452
67.8166,507,1.6355
67.8209,505,1.6290
67.8252,504,1.6258
67.8295,503,1.6226
67.8338,504,1.6258
67.8381,504,1.6258
67.8424,505,1.6290
67.8467,505,1.6290
67.8510,505,1.6290
67.8553,505,1.6290
67.8596,505,1.6290
67.8639,505,1.6290
67.8682,506,1.6323
67.8725,504,1.6258
67.8767,500,1.6129
67.8811,493,1.5903
67.8854,487,1.5710
67.8898,489,1.5774
67.8941,507,1.6355
67.8984,539,1.7387
67.9028,581,1.8742
67.9072,628,2.0258
67.9115,660,2.1290
67.9158,661,2.1323
67.9202,633,2.0419
67.9245,587,1.8935
67.9288,541,1.7452
67.9332,506,1.6323
67.9375,487,1.5710
67.9419,480,1.5484
67.9462,483,1.5581
67.9505,490,1.5806
67.9548,497,1.6032
67.9592,499,1.6097
67.9635,499,1.6097
67.9678,500,1.6129
67.9722,500,1.6129
67.9765,499,1.6097
67.9808,500,1.6129
67.9851,500,1.6129
67.9894,501,1.6161
67.9937,502,1.6194
67.9980,503,1.6226
68.0023,503,1.6226
68.0066,503,1.6226
68.0109,503,1.6226
68.0153,503,1.6226
68.0206,503,1.6226
68.0251,505,1.6290
68.0295,507,1.6355
68.0338,512,1.6516
68.0382,515,1.6613
68.0425,518,1.6710
68.0467,521,1.6806
68.0510,523,1.6871
68.0553,527,1.7000
68.0596,531,1.7129
68.0639,534,1.7226
68.0682,537,1.7323
68.0725,539,1.7387
68.0768,542,1.7484
68.0811,543,1.7516
68.0854,544,1.7548
68.0897,544,1.7548
68.0940,545,1.7581
68.0983,545,1.7581
68.1026,544,1.7548
68.1069,545,1.7581
68.1111,543,1.7516
68.1154,542,1.7484
68.1197,539,1.7387
68.1240,536,1.7290
68.1283,532,1.7161
68.1326,530,1.7097
68.1370,526,1.6968
68.1413,525,1.6935
68.1456,522,1.6839
68.1499,518,1.6710
68.1542,514,1.6581
68.1585,511,1.6484
68.1628,508,1.6387
68.1671,505,1.6290
68.1714,502,1.6194
68.1756,499,1.6097
68.1799,497,1.6032
68.1842,496,1.6000
68.1885,496,1.6000
68.1929,497,1.6032
68.1972,497,1.6032
68.2016,497,1.6032
68.2059,498,1.6065
68.2102,499,1.6097
68.2145,500,1.6129
68.2189,501,1.6161
68.2234,502,1.6194
68.2277,502,1.6194
68.2320,501,1.6161
68.2364,502,1.6194
68.2407,503,1.6226
68.2451,504,1.6258
68.2494,507,1.6355
68.2537,510,1.6452
68.2580,513,1.6548
68.2624,518,1.6710
68.2667,522,1.6839
68.2710,525,1.6935
68.2754,527,1.7000
68.2797,526,1.6968
68.2840,526,1.6968
68.2883,524,1.6903
68.2926,523,1.6871
68.2969,521,1.6806
68.3012,519,1.6742
68.3055,515,1.6613
68.3098,512,1.6516
68.3141,509,1.6419
68.3184,505,1.6290
68.3227,503,1.6226
68.3270,503,1.6226
68.3313,503,1.6226
68.3356,503,1.6226
68.3399,503,1.6226
68.3442,503,1.6226
68.3485,504,1.6258
68.3528,505,1.6290
68.3571,504,1.6258
68.3614,504,1.6258
68.3657,506,1.6323
68.3700,506,1.6323
68.3743,507,1.6355
68.3786,508,1.6387
68.3829,506,1.6323
68.3872,500,1.6129
68.3915,492,1.5871
68.3958,487,1.5710
68.4002,494,1.5935
68.4045,516,1.6645
68.4088,551,1.7774
68.4132,596,1.9226
68.4175,639,2.0613
68.4218,662,2.1355
68.4262,653,2.1065
68.4305,620,2.0000
68.4349,575,1.8548
68.4392,529,1.7065
68.4436,499,1.6097
68.4479,485,1.5645
68.4522,482,1.5548
68.4565,486,1.5677
68.4609,492,1.5871
68.4652,496,1.6000
68.4695,499,1.6097
68.4739,500,1.6129
68.4782,500,1.6129
68.4825,501,1.6161
68.4869,501,1.6161
68.4912,502,1.6194
68.4955,502,1.6194
68.4998,502,1.6194
68.5041,502,1.6194
68.5084,502,1.6194
68.5126,502,1.6194
68.5169,502,1.6194
68.5212,503,1.6226
68.5256,502,1.6194
68.5299,503,1.6226
68.5342,504,1.6258
68.5385,507,1.6355
68.5428,512,1.6516
68.5471,516,1.6645
68.5514,519,1.6742
68.5557,523,1.6871
68.5600,526,1.6968
68.5643,529,1.7065
68.5686,532,1.7161
68.5729,535,1.7258
68.5772,536,1.7290
68.5815,539,1.7387
68.5859,541,1.7452
68.5902,543,1.7516
68.5945,544,1.7548
68.5989,545,1.7581
68.6032,547,1.7645
68.6075,548,1.7677
68.6119,546,1.7613
68.6162,545,1.7581
68.6211,543,1.7516
68.6257,541,1.7452
68.6302,540,1.7419
68.6345,538,1.7355
68.6388,535,1.7258
68.6432,532,1.7161
68.6475,528,1.7032
68.6519,525,1.6935
68.6562,522,1.6839
68.6605,519,1.6742
68.6649,514,1.6581
68.6692,510,1.6452
68.6735,508,1.6387
68.6779,505,1.6290
68.6822,501,1.6161
68.6866,497,1.6032
68.6910,497,1.6032
68.6953,497,1.6032
68.6996,498,1.6065
68.7039,499,1.6097
68.7082,498,1.6065
68.7125,499,1.6097
68.7168,499,1.6097
68.7210,500,1.6129
68.7253,501,1.6161
68.7296,501,1.6161
68.7339,501,1.6161
68.7382,501,1.6161
68.7425,501,1.6161
68.7468,501,1.6161
68.7511,503,1.6226
68.7554,505,1.6290
68.7597,510,1.6452
68.7640,513,1.6548
68.7683,515,1.6613
68.7726,519,1.6742
68.7769,523,1.6871
68.7812,524,1.6903
68.7855,526,1.6968
68.7897,527,1.7000
68.7941,526,1.6968
68.7984,526,1.6968
68.8026,523,1.6871
68.8069,519,1.6742
68.8112,518,1.6710
68.8155,515,1.6613
68.8198,511,1.6484
68.8241,507,1.6355
68.8284,505,1.6290
68.8327,504,1.6258
68.8371,505,1.6290
68.8414,505,1.6290
68.8457,505,1.6290
68.8500,505,1.6290
68.8543,507,1.6355
68.8585,507,1.6355
68.8628,507,1.6355
68.8671,507,1.6355
68.8714,507,1.6355
68.8757,507,1.6355
68.8800,506,1.6323
68.8843,503,1.6226
68.8887,496,1.6000
68.8930,489,1.5774
68.8974,487,1.5710
68.9017,499,1.6097
68.9060,527,1.7000
68.9104,567,1.8290
68.9156,623,2.0097
68.9214,661,2.1323
68.9260,656,2.1161
68.9304,621,2.0032
68.9348,574,1.8516
68.9391,528,1.7032
68.9434,497,1.6032
68.9478,484,1.5613
68.9521,480,1.5484
68.9565,485,1.5645
68.9609,493,1.5903
68.9652,497,1.6032
68.9695,499,1.6097
68.9738,500,1.6129
68.9782,499,1.6097
68.9825,500,1.6129
68.9868,500,1.6129
68.9912,501,1.6161
68.9955,500,1.6129
68.9998,501,1.6161
69.0041,501,1.6161
69.0084,500,1.6129
69.0127,503,1.6226
69.0170,503,1.6226
69.0213,503,1.6226
69.0256,504,1.6258
69.0299,504,1.6258
69.0342,505,1.6290
69.0385,507,1.6355
69.0428,511,1.6484
69.0471,515,1.6613
69.0514,519,1.6742
69.0557,522,1.6839
69.0600,525,1.6935
69.0643,528,1.7032
69.0686,531,1.7129
69.0729,534,1.7226
69.0772,537,1.7323
69.0815,539,1.7387
69.0858,541,1.7452
69.0901,544,1.7548
69.0944,545,1.7581
69.0987,544,1.7548
69.1031,545,1.7581
69.1074,545,1.7581
69.1117,546,1.7613
69.1160,544,1.7548
69.1204,544,1.7548
69.1248,540,1.7419
69.1291,538,1.7355
69.1334,534,1.7226
69.1377,531,1.7129
69.1421,529,1.7065
69.1464,525,1.6935
69.1508,524,1.6903
69.1552,521,1.6806
69.1595,516,1.6645
69.1638,513,1.6548
69.1682,510,1.6452
69.1725,507,1.6355
69.1768,504,1.6258
69.1811,501,1.6161
69.1855,498,1.6065
69.1898,496,1.6000
69.1941,495,1.5968
69.1984,496,1.6000
69.2027,496,1.6000
69.2071,497,1.6032
69.2114,496,1.6000
69.2156,497,1.6032
69.2199,497,1.6032
69.2243,497,1.6032
69.2286,498,1.6065
69.2329,498,1.6065
69.2372,498,1.6065
69.2415,498,1.6065
69.2458,498,1.6065
69.2501,499,1.6097
69.2544,500,1.6129
69.2587,505,1.6290
69.2629,509,1.6419
69.2672,513,1.6548
69.2715,516,1.6645
69.2758,519,1.6742
69.2801,521,1.6806
69.2844,523,1.6871
69.2887,525,1.6935
69.2931,524,1.6903
69.2974,524,1.6903
69.3017,521,1.6806
69.3061,519,1.6742
69.3104,519,1.6742
69.3148,517,1.6677
69.3191,513,1.6548
69.3234,509,1.6419
69.3278,506,1.6323
69.3321,503,1.6226
69.3365,502,1.6194
69.3408,502,1.6194
69.3451,503,1.6226
69.3495,504,1.6258
69.3538,504,1.6258
69.3581,504,1.6258
69.3625,504,1.6258
69.3668,505,1.6290
69.3711,505,1.6290
69.3755,504,1.6258
69.3798,506,1.6323
69.3841,504,1.6258
69.3885,498,1.6065
69.3928,490,1.5806
69.3972,484,1.5613
69.4015,492,1.5871
69.4058,514,1.6581
69.4101,552,1.7806
69.4144,596,1.9226
69.4186,640,2.0645
69.4229,663,2.1387
69.4272,655,2.1129
69.4315,620,2.0000
69.4358,576,1.8581
69.4401,530,1.7097
69.4444,499,1.6097
69.4487,485,1.5645
69.4530,482,1.5548
69.4573,487,1.5710
69.4616,493,1.5903
69.4659,497,1.6032
69.4702,500,1.6129
69.4745,500,1.6129
69.4788,501,1.6161
69.4831,501,1.6161
69.4874,501,1.6161
69.4917,501,1.6161
69.4960,500,1.6129
69.5003,501,1.6161
69.5046,502,1.6194
69.5089,501,1.6161
69.5133,502,1.6194
69.5177,503,1.6226
69.5222,503,1.6226
69.5266,503,1.6226
69.5310,503,1.6226
69.5354,506,1.6323
69.5397,508,1.6387
69.5441,511,1.6484
69.5484,515,1.6613
69.5528,518,1.6710
69.5571,521,1.6806
69.5614,526,1.6968
69.5657,528,1.7032
69.5700,531,1.7129
69.5743,534,1.7226
69.5791,536,1.7290
69.5835,539,1.7387
69.5878,541,1.7452
69.5921,543,1.7516
69.5964,544,1.7548
69.6007,544,1.7548
69.6050,544,1.7548
69.6092,544,1.7548
69.6135,546,1.7613
69.6178,544,1.7548
69.6220,542,1.7484
69.6263,540,1.7419
69.6306,538,1.7355
69.6349,536,1.7290
69.6391,532,1.7161
69.6434,530,1.7097
69.6476,528,1.7032
69.6519,527,1.7000
69.6562,523,1.6871
69.6605,519,1.6742
69.6647,514,1.6581
69.6689,511,1.6484
69.6732,509,1.6419
69.6775,505,1.6290
69.6818,503,1.6226
69.6861,499,1.6097
69.6903,497,1.6032
69.6946,496,1.6000
69.6989,496,1.6000
69.7032,496,1.6000
69.7075,497,1.6032
69.7118,498,1.6065
69.7161,499,1.6097
69.7204,500,1.6129
69.7247,500,1.6129
69.7290,500,1.6129
69.7333,501,1.6161
69.7377,501,1.6161
69.7419,502,1.6194
69.7462,501,1.6161
69.7505,502,1.6194
69.7548,503,1.6226
69.7591,506,1.6323
69.7635,511,1.6484
69.7677,514,1.6581
69.7720,519,1.6742
69.7763,523,1.6871
69.7806,524,1.6903
69.7849,526,1.6968
69.7892,527,1.7000
69.7935,526,1.6968
69.7978,526,1.6968
69.8021,523,1.6871
69.8065,522,1.6839
69.8108,520,1.6774
69.8160,516,1.6645
69.8207,511,1.6484
69.8252,508,1.6387
69.8296,505,1.6290
69.8339,504,1.6258
69.8382,503,1.6226
69.8425,504,1.6258
69.8468,505,1.6290
69.8512,505,1.6290
69.8555,506,1.6323
69.8598,506,1.6323
69.8641,506,1.6323
69.8684,506,1.6323
69.8728,507,1.6355
69.8772,507,1.6355
69.8815,507,1.6355
69.8858,504,1.6258
69.8901,498,1.6065
69.8944,490,1.5806
69.8987,488,1.5742
69.9030,501,1.6161
69.9073,528,1.7032
69.9116,569,1.8355
69.9158,614,1.9806
69.9201,651,2.1000
69.9244,667,2.1516
69.9287,644,2.0774
69.9329,607,1.9581
69.9372,560,1.8065
69.9414,519,1.6742
69.9457,494,1.5935
69.9499,483,1.5581
69.9542,482,1.5548
69.9585,488,1.5742
69.9627,494,1.5935
69.9670,498,1.6065
69.9713,500,1.6129
69.9756,501,1.6161
69.9798,500,1.6129
69.9841,501,1.6161
69.9883,501,1.6161
69.9926,501,1.6161
69.9969,502,1.6194
