time_s,adc_raw,voltage
0.0000,566,1.8258
0.0043,557,1.7968
0.0087,549,1.7710
0.0130,537,1.7323
0.0173,528,1.7032
0.0215,518,1.6710
0.0258,507,1.6355
0.0304,496,1.6000
0.0348,486,1.5677
0.0392,475,1.5323
0.0436,467,1.5065
0.0480,459,1.4806
0.0523,453,1.4613
0.0567,452,1.4581
0.0611,454,1.4645
0.0655,455,1.4677
0.0699,456,1.4710
0.0742,458,1.4774
0.0786,459,1.4806
0.0830,460,1.4839
0.0873,460,1.4839
0.0916,461,1.4871
0.0958,461,1.4871
0.1000,463,1.4935
0.1041,464,1.4968
0.1084,465,1.5000
0.1126,469,1.5129
0.1168,476,1.5355
0.1210,488,1.5742
0.1251,500,1.6129
0.1293,511,1.6484
0.1336,521,1.6806
0.1378,531,1.7129
0.1419,537,1.7323
0.1461,541,1.7452
0.1503,543,1.7516
0.1546,543,1.7516
0.1588,539,1.7387
0.1631,533,1.7194
0.1677,525,1.6935
0.1722,516,1.6645
0.1768,505,1.6290
0.1814,492,1.5871
0.1861,481,1.5516
0.1906,472,1.5226
0.1950,469,1.5129
0.1996,470,1.5161
0.2043,472,1.5226
0.2089,472,1.5226
0.2136,476,1.5355
0.2181,476,1.5355
0.2225,477,1.5387
0.2268,476,1.5355
0.2311,477,1.5387
0.2354,478,1.5419
0.2397,478,1.5419
0.2439,473,1.5258
0.2481,458,1.4774
0.2523,436,1.4065
0.2564,419,1.3516
0.2606,435,1.4032
0.2649,499,1.6097
0.2691,604,1.9484
0.2732,733,2.3645
0.2774,867,2.7968
0.2816,954,3.0774
0.2858,950,3.0645
0.2900,862,2.7806
0.2942,733,2.3645
0.2984,589,1.9000
0.3026,480,1.5484
0.3068,423,1.3645
0.3111,403,1.3000
0.3153,409,1.3194
0.3195,429,1.3839
0.3238,447,1.4419
0.3280,457,1.4742
0.3322,460,1.4839
0.3363,460,1.4839
0.3405,460,1.4839
0.3448,460,1.4839
0.3490,461,1.4871
0.3532,462,1.4903
0.3574,463,1.4935
0.3616,465,1.5000
0.3658,466,1.5032
0.3700,466,1.5032
0.3742,468,1.5097
0.3783,470,1.5161
0.3825,471,1.5194
0.3867,473,1.5258
0.3909,474,1.5290
0.3951,479,1.5452
0.3992,487,1.5710
0.4034,498,1.6065
0.4076,508,1.6387
0.4118,520,1.6774
0.4160,528,1.7032
0.4201,538,1.7355
0.4243,548,1.7677
0.4285,558,1.8000
0.4327,568,1.8323
0.4369,575,1.8548
0.4410,583,1.8806
0.4452,588,1.8968
0.4494,594,1.9161
0.4536,599,1.9323
0.4578,600,1.9355
0.4620,602,1.9419
0.4662,603,1.9452
0.4703,602,1.9419
0.4745,600,1.9355
0.4787,598,1.9290
0.4829,594,1.9161
0.4871,589,1.9000
0.4914,583,1.8806
0.4957,575,1.8548
0.4999,567,1.8290
0.5041,558,1.8000
0.5083,548,1.7677
0.5125,538,1.7355
0.5167,529,1.7065
0.5209,518,1.6710
0.5250,509,1.6419
0.5292,499,1.6097
0.5334,489,1.5774
0.5376,478,1.5419
0.5418,470,1.5161
0.5459,463,1.4935
0.5502,456,1.4710
0.5543,453,1.4613
0.5585,453,1.4613
0.5627,454,1.4645
0.5669,456,1.4710
0.5711,457,1.4742
0.5752,458,1.4774
0.5794,460,1.4839
0.5836,460,1.4839
0.5878,462,1.4903
0.5920,462,1.4903
0.5961,464,1.4968
0.6003,465,1.5000
0.6045,465,1.5000
0.6087,466,1.5032
0.6129,470,1.5161
0.6170,478,1.5419
0.6212,488,1.5742
0.6254,499,1.6097
0.6296,510,1.6452
0.6337,521,1.6806
0.6379,531,1.7129
0.6421,539,1.7387
0.6463,543,1.7516
0.6505,545,1.7581
0.6547,545,1.7581
0.6589,540,1.7419
0.6630,535,1.7258
0.6672,526,1.6968
0.6714,518,1.6710
0.6756,507,1.6355
0.6797,496,1.6000
0.6839,485,1.5645
0.6881,476,1.5355
0.6923,470,1.5161
0.6965,469,1.5129
0.7006,469,1.5129
0.7048,469,1.5129
0.7090,471,1.5194
0.7132,473,1.5258
0.7174,474,1.5290
0.7216,476,1.5355
0.7258,476,1.5355
0.7300,476,1.5355
0.7342,477,1.5387
0.7383,478,1.5419
0.7425,475,1.5323
0.7467,465,1.5000
0.7509,443,1.4290
0.7551,421,1.3581
0.7593,424,1.3677
0.7635,472,1.5226
0.7676,565,1.8226
0.7718,687,2.2161
0.7760,823,2.6548
0.7802,933,3.0097
0.7843,963,3.1065
0.7885,903,2.9129
0.7927,782,2.5226
0.7969,640,2.0645
0.8011,515,1.6613
0.8052,438,1.4129
0.8094,406,1.3097
0.8136,400,1.2903
0.8178,406,1.3097
0.8220,421,1.3581
0.8261,441,1.4226
0.8303,455,1.4677
0.8345,461,1.4871
0.8387,462,1.4903
0.8429,463,1.4935
0.8470,464,1.4968
0.8513,464,1.4968
0.8554,465,1.5000
0.8596,467,1.5065
0.8638,467,1.5065
0.8680,468,1.5097
0.8722,467,1.5065
0.8763,469,1.5129
0.8805,469,1.5129
0.8847,470,1.5161
0.8889,473,1.5258
0.8931,473,1.5258
0.8972,476,1.5355
0.9014,482,1.5548
0.9056,492,1.5871
0.9098,502,1.6194
0.9140,513,1.6548
0.9181,523,1.6871
0.9223,533,1.7194
0.9265,543,1.7516
0.9307,553,1.7839
0.9348,562,1.8129
0.9391,571,1.8419
0.9433,577,1.8613
0.9476,584,1.8839
0.9520,591,1.9065
0.9563,597,1.9258
0.9606,600,1.9355
0.9650,603,1.9452
0.9693,603,1.9452
0.9737,602,1.9419
0.9780,602,1.9419
0.9823,601,1.9387
0.9866,597,1.9258
0.9910,591,1.9065
0.9953,585,1.8871
0.9997,578,1.8645
1.0040,570,1.8387
1.0083,562,1.8129
1.0126,552,1.7806
1.0170,541,1.7452
1.0213,531,1.7129
1.0256,522,1.6839
1.0300,511,1.6484
1.0343,500,1.6129
1.0386,490,1.5806
1.0431,480,1.5484
1.0474,470,1.5161
1.0517,460,1.4839
1.0561,454,1.4645
1.0603,453,1.4613
1.0646,455,1.4677
1.0689,456,1.4710
1.0732,456,1.4710
1.0776,457,1.4742
1.0819,458,1.4774
1.0862,460,1.4839
1.0906,461,1.4871
1.0950,461,1.4871
1.0994,463,1.4935
1.1037,464,1.4968
1.1080,465,1.5000
1.1123,466,1.5032
1.1166,469,1.5129
1.1209,475,1.5323
1.1257,489,1.5774
1.1300,501,1.6161
1.1343,511,1.6484
1.1387,521,1.6806
1.1430,531,1.7129
1.1473,539,1.7387
1.1516,544,1.7548
1.1559,546,1.7613
1.1602,543,1.7516
1.1645,540,1.7419
1.1688,534,1.7226
1.1731,526,1.6968
1.1774,516,1.6645
1.1817,507,1.6355
1.1860,497,1.6032
1.1903,484,1.5613
1.1946,474,1.5290
1.1989,469,1.5129
1.2032,471,1.5194
1.2075,472,1.5226
1.2118,474,1.5290
1.2161,475,1.5323
1.2204,477,1.5387
1.2247,478,1.5419
1.2289,478,1.5419
1.2332,479,1.5452
1.2376,479,1.5452
1.2419,479,1.5452
1.2461,478,1.5419
1.2505,470,1.5161
1.2548,450,1.4516
1.2591,426,1.3742
1.2635,422,1.3613
1.2678,464,1.4968
1.2722,553,1.7839
1.2765,676,2.1806
1.2808,818,2.6387
1.2852,934,3.0129
1.2895,961,3.1000
1.2938,895,2.8871
1.2981,767,2.4742
1.3025,621,2.0032
1.3068,498,1.6065
1.3111,427,1.3774
1.3155,401,1.2935
1.3198,404,1.3032
1.3241,424,1.3677
1.3285,444,1.4323
1.3328,456,1.4710
1.3371,459,1.4806
1.3415,460,1.4839
1.3459,459,1.4806
1.3503,461,1.4871
1.3546,462,1.4903
1.3589,463,1.4935
1.3632,463,1.4935
1.3675,464,1.4968
1.3718,464,1.4968
1.3761,465,1.5000
1.3804,466,1.5032
1.3848,468,1.5097
1.3892,469,1.5129
1.3936,472,1.5226
1.3980,473,1.5258
1.4023,482,1.5548
1.4066,492,1.5871
1.4109,504,1.6258
1.4152,513,1.6548
1.4195,525,1.6935
1.4238,535,1.7258
1.4281,544,1.7548
1.4324,554,1.7871
1.4367,563,1.8161
1.4410,572,1.8452
1.4453,579,1.8677
1.4497,585,1.8871
1.4540,591,1.9065
1.4583,596,1.9226
1.4626,600,1.9355
1.4669,601,1.9387
1.4712,603,1.9452
1.4755,602,1.9419
1.4798,600,1.9355
1.4841,597,1.9258
1.4884,594,1.9161
1.4927,588,1.8968
1.4969,581,1.8742
1.5012,573,1.8484
1.5055,564,1.8194
1.5098,556,1.7935
1.5141,547,1.7645
1.5184,536,1.7290
1.5227,524,1.6903
1.5270,515,1.6613
1.5313,506,1.6323
1.5356,495,1.5968
1.5399,484,1.5613
1.5442,475,1.5323
1.5485,466,1.5032
1.5529,457,1.4742
1.5572,451,1.4548
1.5615,451,1.4548
1.5659,452,1.4581
1.5702,453,1.4613
1.5745,455,1.4677
1.5789,456,1.4710
1.5832,458,1.4774
1.5875,460,1.4839
1.5919,460,1.4839
1.5962,460,1.4839
1.6005,460,1.4839
1.6049,461,1.4871
1.6092,463,1.4935
1.6135,464,1.4968
1.6179,469,1.5129
1.6222,478,1.5419
1.6265,489,1.5774
1.6309,500,1.6129
1.6352,512,1.6516
1.6395,523,1.6871
1.6438,532,1.7161
1.6482,538,1.7355
1.6525,543,1.7516
1.6569,543,1.7516
1.6611,542,1.7484
1.6654,538,1.7355
1.6697,531,1.7129
1.6740,523,1.6871
1.6783,513,1.6548
1.6826,503,1.6226
1.6869,493,1.5903
1.6912,482,1.5548
1.6955,474,1.5290
1.6998,470,1.5161
1.7041,470,1.5161
1.7084,472,1.5226
1.7127,472,1.5226
1.7170,473,1.5258
1.7213,474,1.5290
1.7256,476,1.5355
1.7299,478,1.5419
1.7342,479,1.5452
1.7385,479,1.5452
1.7428,480,1.5484
1.7470,478,1.5419
1.7513,467,1.5065
1.7558,444,1.4323
1.7601,422,1.3613
1.7644,425,1.3710
1.7687,478,1.5419
1.7731,578,1.8645
1.7775,710,2.2903
1.7819,850,2.7419
1.7862,951,3.0677
1.7905,953,3.0742
1.7948,869,2.8032
1.7992,736,2.3742
1.8035,588,1.8968
1.8078,477,1.5387
1.8121,418,1.3484
1.8165,400,1.2903
1.8208,401,1.2935
1.8251,412,1.3290
1.8295,432,1.3935
1.8338,449,1.4484
1.8388,459,1.4806
1.8432,461,1.4871
1.8476,461,1.4871
1.8519,462,1.4903
1.8564,464,1.4968
1.8607,466,1.5032
1.8650,467,1.5065
1.8693,467,1.5065
1.8736,467,1.5065
1.8779,469,1.5129
1.8822,469,1.5129
1.8865,470,1.5161
1.8908,470,1.5161
1.8950,470,1.5161
1.8994,471,1.5194
1.9036,476,1.5355
1.9079,484,1.5613
1.9122,495,1.5968
1.9165,506,1.6323
1.9208,517,1.6677
1.9251,529,1.7065
1.9294,539,1.7387
1.9337,548,1.7677
1.9380,557,1.7968
1.9423,566,1.8258
1.9466,575,1.8548
1.9509,583,1.8806
1.9552,588,1.8968
1.9596,594,1.9161
1.9639,598,1.9290
1.9682,602,1.9419
1.9725,604,1.9484
1.9769,604,1.9484
1.9812,605,1.9516
1.9856,602,1.9419
1.9900,598,1.9290
1.9944,594,1.9161
1.9989,588,1.8968
2.0032,582,1.8774
2.0076,573,1.8484
2.0119,566,1.8258
2.0163,556,1.7935
2.0206,545,1.7581
2.0250,534,1.7226
2.0293,525,1.6935
2.0336,514,1.6581
2.0379,504,1.6258
2.0423,497,1.6032
2.0466,484,1.5613
2.0510,474,1.5290
2.0554,464,1.4968
2.0598,456,1.4710
2.0642,452,1.4581
2.0685,454,1.4645
2.0728,455,1.4677
2.0770,456,1.4710
2.0813,457,1.4742
2.0856,459,1.4806
2.0899,460,1.4839
2.0942,460,1.4839
2.0985,462,1.4903
2.1028,463,1.4935
2.1071,465,1.5000
2.1114,466,1.5032
2.1157,465,1.5000
2.1200,467,1.5065
2.1243,468,1.5097
2.1286,473,1.5258
2.1329,482,1.5548
2.1372,492,1.5871
2.1414,504,1.6258
2.1457,515,1.6613
2.1500,524,1.6903
2.1543,533,1.7194
2.1586,539,1.7387
2.1629,543,1.7516
2.1673,545,1.7581
2.1716,542,1.7484
2.1759,536,1.7290
2.1803,530,1.7097
2.1846,521,1.6806
2.1889,512,1.6516
2.1933,500,1.6129
2.1976,489,1.5774
2.2019,478,1.5419
2.2063,472,1.5226
2.2106,469,1.5129
2.2149,469,1.5129
2.2193,470,1.5161
2.2236,472,1.5226
2.2279,474,1.5290
2.2323,475,1.5323
2.2366,477,1.5387
2.2409,478,1.5419
2.2452,479,1.5452
2.2496,480,1.5484
2.2539,482,1.5548
2.2582,478,1.5419
2.2627,463,1.4935
2.2670,439,1.4161
2.2713,418,1.3484
2.2756,436,1.4065
2.2799,501,1.6161
2.2842,608,1.9613
2.2885,743,2.3968
2.2930,880,2.8387
2.2977,961,3.1000
2.3020,934,3.0129
2.3063,829,2.6742
2.3106,687,2.2161
2.3149,546,1.7613
2.3192,455,1.4677
2.3235,412,1.3290
2.3278,402,1.2968
2.3321,415,1.3387
2.3364,436,1.4065
2.3406,452,1.4581
2.3449,458,1.4774
2.3492,462,1.4903
2.3536,462,1.4903
2.3579,462,1.4903
2.3622,461,1.4871
2.3665,462,1.4903
2.3708,463,1.4935
2.3751,464,1.4968
2.3794,466,1.5032
2.3837,468,1.5097
2.3880,468,1.5097
2.3923,469,1.5129
2.3966,471,1.5194
2.4009,471,1.5194
2.4052,472,1.5226
2.4095,475,1.5323
2.4138,484,1.5613
2.4181,495,1.5968
2.4224,506,1.6323
2.4267,517,1.6677
2.4309,528,1.7032
2.4353,539,1.7387
2.4395,548,1.7677
2.4438,556,1.7935
2.4481,564,1.8194
2.4524,574,1.8516
2.4567,580,1.8710
2.4610,586,1.8903
2.4654,592,1.9097
2.4697,597,1.9258
2.4741,599,1.9323
2.4784,602,1.9419
2.4827,602,1.9419
2.4871,600,1.9355
2.4914,597,1.9258
2.4957,595,1.9194
2.5000,591,1.9065
2.5044,585,1.8871
2.5087,579,1.8677
2.5130,569,1.8355
2.5174,560,1.8065
2.5217,552,1.7806
2.5261,543,1.7516
2.5304,532,1.7161
2.5347,522,1.6839
2.5391,513,1.6548
2.5434,502,1.6194
2.5477,491,1.5839
2.5521,479,1.5452
2.5564,470,1.5161
2.5607,461,1.4871
2.5651,453,1.4613
2.5694,450,1.4516
2.5737,451,1.4548
2.5780,453,1.4613
2.5823,455,1.4677
2.5866,456,1.4710
2.5909,456,1.4710
2.5952,457,1.4742
2.5995,459,1.4806
2.6038,460,1.4839
2.6080,460,1.4839
2.6123,463,1.4935
2.6166,465,1.5000
2.6209,466,1.5032
2.6252,468,1.5097
2.6295,473,1.5258
2.6338,482,1.5548
2.6381,493,1.5903
2.6424,505,1.6290
2.6467,515,1.6613
2.6510,526,1.6968
2.6553,533,1.7194
2.6596,538,1.7355
2.6639,544,1.7548
2.6682,544,1.7548
2.6725,541,1.7452
2.6769,536,1.7290
2.6812,528,1.7032
2.6855,520,1.6774
2.6899,509,1.6419
2.6942,497,1.6032
2.6985,485,1.5645
2.7029,477,1.5387
2.7072,471,1.5194
2.7115,469,1.5129
2.7158,470,1.5161
2.7202,471,1.5194
2.7245,473,1.5258
2.7288,474,1.5290
2.7332,475,1.5323
2.7376,475,1.5323
2.7419,476,1.5355
2.7462,477,1.5387
2.7505,479,1.5452
2.7548,478,1.5419
2.7591,473,1.5258
2.7634,456,1.4710
2.7677,432,1.3935
2.7720,417,1.3452
2.7763,442,1.4258
2.7806,515,1.6613
2.7850,630,2.0323
2.7893,766,2.4710
2.7936,896,2.8903
2.7978,964,3.1097
2.8022,932,3.0065
2.8065,823,2.6548
2.8108,679,2.1903
2.8151,540,1.7419
2.8194,450,1.4516
2.8237,409,1.3194
2.8280,400,1.2903
2.8323,405,1.3065
2.8366,420,1.3548
2.8409,439,1.4161
2.8452,454,1.4645
2.8495,460,1.4839
2.8538,462,1.4903
2.8581,462,1.4903
2.8624,463,1.4935
2.8668,463,1.4935
2.8710,464,1.4968
2.8753,465,1.5000
2.8796,467,1.5065
2.8840,468,1.5097
2.8883,469,1.5129
2.8927,470,1.5161
2.8970,470,1.5161
2.9014,471,1.5194
2.9057,471,1.5194
2.9100,473,1.5258
2.9143,477,1.5387
2.9185,487,1.5710
2.9228,498,1.6065
2.9271,509,1.6419
2.9314,519,1.6742
2.9357,529,1.7065
2.9400,539,1.7387
2.9443,549,1.7710
2.9485,558,1.8000
2.9529,568,1.8323
2.9572,576,1.8581
2.9615,584,1.8839
2.9658,589,1.9000
2.9701,595,1.9194
2.9744,597,1.9258
2.9787,600,1.9355
2.9829,603,1.9452
2.9872,604,1.9484
2.9915,603,1.9452
2.9957,600,1.9355
2.9999,596,1.9226
3.0042,590,1.9032
3.0085,587,1.8935
3.0127,580,1.8710
3.0170,573,1.8484
3.0212,566,1.8258
3.0255,556,1.7935
3.0298,547,1.7645
3.0341,536,1.7290
3.0383,527,1.7000
3.0426,516,1.6645
3.0469,505,1.6290
3.0511,496,1.6000
3.0554,487,1.5710
3.0597,478,1.5419
3.0639,469,1.5129
3.0682,459,1.4806
3.0725,454,1.4645
3.0769,454,1.4645
3.0811,454,1.4645
3.0854,456,1.4710
3.0898,458,1.4774
3.0941,459,1.4806
3.0983,460,1.4839
3.1026,462,1.4903
3.1069,463,1.4935
3.1113,464,1.4968
3.1156,464,1.4968
3.1198,465,1.5000
3.1241,467,1.5065
3.1284,468,1.5097
3.1328,471,1.5194
3.1370,479,1.5452
3.1413,489,1.5774
3.1456,502,1.6194
3.1500,514,1.6581
3.1543,525,1.6935
3.1585,532,1.7161
3.1628,539,1.7387
3.1671,543,1.7516
3.1715,545,1.7581
3.1758,542,1.7484
3.1801,538,1.7355
3.1844,530,1.7097
3.1887,523,1.6871
3.1931,514,1.6581
3.1975,504,1.6258
3.2019,492,1.5871
3.2061,481,1.5516
3.2104,473,1.5258
3.2147,470,1.5161
3.2190,468,1.5097
3.2233,471,1.5194
3.2276,472,1.5226
3.2319,473,1.5258
3.2362,473,1.5258
3.2404,475,1.5323
3.2447,476,1.5355
3.2490,477,1.5387
3.2533,478,1.5419
3.2576,479,1.5452
3.2619,476,1.5355
3.2662,466,1.5032
3.2705,445,1.4355
3.2748,421,1.3581
3.2793,423,1.3645
3.2836,472,1.5226
3.2879,568,1.8323
3.2921,693,2.2355
3.2964,830,2.6774
3.3006,939,3.0290
3.3049,959,3.0935
3.3091,888,2.8645
3.3134,763,2.4613
3.3177,615,1.9839
3.3219,494,1.5935
3.3262,427,1.3774
3.3305,403,1.3000
3.3347,406,1.3097
3.3390,423,1.3645
3.3433,444,1.4323
3.3476,455,1.4677
3.3518,459,1.4806
3.3561,460,1.4839
3.3604,461,1.4871
3.3647,462,1.4903
3.3689,463,1.4935
3.3732,463,1.4935
3.3775,465,1.5000
3.3817,467,1.5065
3.3860,467,1.5065
3.3903,469,1.5129
3.3946,469,1.5129
3.3989,470,1.5161
3.4032,471,1.5194
3.4075,472,1.5226
3.4118,474,1.5290
3.4161,481,1.5516
3.4204,490,1.5806
3.4247,500,1.6129
3.4290,511,1.6484
3.4333,521,1.6806
3.4377,531,1.7129
3.4420,542,1.7484
3.4463,553,1.7839
3.4506,561,1.8097
3.4549,568,1.8323
3.4592,576,1.8581
3.4635,582,1.8774
3.4678,589,1.9000
3.4721,593,1.9129
3.4764,598,1.9290
3.4808,600,1.9355
3.4851,602,1.9419
3.4894,602,1.9419
3.4937,599,1.9323
3.4980,598,1.9290
3.5023,593,1.9129
3.5066,590,1.9032
3.5109,583,1.8806
3.5152,575,1.8548
3.5195,567,1.8290
3.5238,559,1.8032
3.5281,549,1.7710
3.5324,540,1.7419
3.5367,530,1.7097
3.5410,519,1.6742
3.5453,509,1.6419
3.5496,498,1.6065
3.5539,488,1.5742
3.5582,478,1.5419
3.5625,469,1.5129
3.5668,461,1.4871
3.5711,456,1.4710
3.5754,452,1.4581
3.5797,452,1.4581
3.5840,454,1.4645
3.5884,456,1.4710
3.5927,457,1.4742
3.5970,458,1.4774
3.6013,460,1.4839
3.6056,461,1.4871
3.6099,462,1.4903
3.6142,463,1.4935
3.6185,464,1.4968
3.6228,465,1.5000
3.6271,467,1.5065
3.6314,469,1.5129
3.6357,475,1.5323
3.6400,486,1.5677
3.6443,498,1.6065
3.6486,509,1.6419
3.6529,520,1.6774
3.6571,528,1.7032
3.6614,535,1.7258
3.6658,540,1.7419
3.6701,544,1.7548
3.6744,544,1.7548
3.6787,540,1.7419
3.6830,534,1.7226
3.6873,526,1.6968
3.6916,517,1.6677
3.6959,506,1.6323
3.7006,493,1.5903
3.7049,484,1.5613
3.7093,474,1.5290
3.7136,470,1.5161
3.7179,469,1.5129
3.7222,471,1.5194
3.7265,472,1.5226
3.7308,472,1.5226
3.7351,473,1.5258
3.7394,475,1.5323
3.7437,475,1.5323
3.7480,476,1.5355
3.7523,477,1.5387
3.7566,478,1.5419
3.7608,478,1.5419
3.7652,471,1.5194
3.7694,453,1.4613
3.7737,427,1.3774
3.7780,420,1.3548
3.7823,455,1.4677
3.7867,540,1.7419
3.7910,663,2.1387
3.7954,803,2.5903
3.7998,924,2.9806
3.8041,964,3.1097
3.8083,909,2.9323
3.8127,787,2.5387
3.8169,641,2.0677
3.8212,513,1.6548
3.8255,437,1.4097
3.8298,406,1.3097
3.8340,402,1.2968
3.8383,408,1.3161
3.8426,424,1.3677
3.8469,443,1.4290
3.8512,455,1.4677
3.8556,461,1.4871
3.8598,463,1.4935
3.8641,463,1.4935
3.8684,465,1.5000
3.8727,463,1.4935
3.8770,465,1.5000
3.8813,466,1.5032
3.8856,468,1.5097
3.8899,469,1.5129
3.8943,470,1.5161
3.8985,470,1.5161
3.9027,472,1.5226
3.9070,473,1.5258
3.9112,473,1.5258
3.9155,473,1.5258
3.9197,479,1.5452
3.9240,487,1.5710
3.9282,497,1.6032
3.9325,508,1.6387
3.9367,517,1.6677
3.9410,529,1.7065
3.9452,540,1.7419
3.9495,551,1.7774
3.9537,559,1.8032
3.9580,569,1.8355
3.9623,576,1.8581
3.9666,582,1.8774
3.9709,589,1.9000
3.9752,593,1.9129
3.9795,598,1.9290
3.9838,602,1.9419
3.9881,602,1.9419
3.9924,601,1.9387
3.9968,601,1.9387
4.0011,599,1.9323
4.0054,596,1.9226
4.0097,592,1.9097
4.0141,586,1.8903
4.0184,578,1.8645
4.0227,569,1.8355
4.0271,560,1.8065
4.0314,549,1.7710
4.0357,542,1.7484
4.0401,531,1.7129
4.0444,523,1.6871
4.0487,512,1.6516
4.0531,502,1.6194
4.0575,490,1.5806
4.0618,481,1.5516
4.0661,472,1.5226
4.0704,462,1.4903
4.0748,454,1.4645
4.0791,451,1.4548
4.0834,452,1.4581
4.0878,455,1.4677
4.0922,456,1.4710
4.0966,458,1.4774
4.1010,459,1.4806
4.1052,461,1.4871
4.1095,461,1.4871
4.1138,462,1.4903
4.1181,462,1.4903
4.1224,463,1.4935
4.1267,464,1.4968
4.1310,466,1.5032
4.1353,467,1.5065
4.1396,473,1.5258
4.1439,482,1.5548
4.1482,494,1.5935
4.1525,506,1.6323
4.1568,518,1.6710
4.1611,526,1.6968
4.1654,534,1.7226
4.1697,541,1.7452
4.1740,545,1.7581
4.1783,544,1.7548
4.1826,542,1.7484
4.1869,537,1.7323
4.1912,529,1.7065
4.1955,520,1.6774
4.1998,509,1.6419
4.2041,499,1.6097
4.2084,488,1.5742
4.2126,478,1.5419
4.2169,471,1.5194
4.2212,469,1.5129
4.2255,470,1.5161
4.2298,471,1.5194
4.2341,472,1.5226
4.2384,474,1.5290
4.2427,475,1.5323
4.2470,475,1.5323
4.2513,476,1.5355
4.2556,477,1.5387
4.2599,479,1.5452
4.2642,478,1.5419
4.2685,475,1.5323
4.2728,460,1.4839
4.2771,437,1.4097
4.2813,419,1.3516
4.2857,434,1.4000
4.2899,498,1.6065
4.2943,607,1.9581
4.2986,741,2.3903
4.3029,876,2.8258
4.3073,957,3.0871
4.3116,939,3.0290
4.3159,839,2.7065
4.3202,698,2.2516
4.3246,556,1.7935
4.3289,457,1.4742
4.3332,410,1.3226
4.3376,400,1.2903
4.3419,413,1.3323
4.3463,434,1.4000
4.3506,451,1.4548
4.3549,457,1.4742
4.3593,459,1.4806
4.3636,459,1.4806
4.3679,460,1.4839
4.3723,460,1.4839
4.3766,461,1.4871
4.3809,463,1.4935
4.3852,463,1.4935
4.3898,465,1.5000
4.3941,466,1.5032
4.3984,467,1.5065
4.4027,469,1.5129
4.4070,470,1.5161
4.4113,471,1.5194
4.4156,473,1.5258
4.4199,477,1.5387
4.4242,486,1.5677
4.4285,497,1.6032
4.4328,508,1.6387
4.4370,519,1.6742
4.4413,529,1.7065
4.4456,539,1.7387
4.4500,549,1.7710
4.4543,560,1.8065
4.4586,568,1.8323
4.4628,575,1.8548
4.4671,581,1.8742
4.4715,588,1.8968
4.4757,592,1.9097
4.4800,598,1.9290
4.4843,601,1.9387
4.4886,602,1.9419
4.4929,601,1.9387
4.4973,599,1.9323
4.5016,597,1.9258
4.5059,593,1.9129
4.5103,589,1.9000
4.5146,583,1.8806
4.5189,577,1.8613
4.5232,568,1.8323
4.5276,560,1.8065
4.5320,551,1.7774
4.5363,542,1.7484
4.5406,531,1.7129
4.5449,521,1.6806
4.5493,510,1.6452
4.5537,500,1.6129
4.5580,490,1.5806
4.5623,480,1.5484
4.5666,471,1.5194
4.5710,462,1.4903
4.5753,455,1.4677
4.5796,453,1.4613
4.5840,453,1.4613
4.5883,454,1.4645
4.5926,456,1.4710
4.5970,457,1.4742
4.6013,458,1.4774
4.6056,459,1.4806
4.6099,459,1.4806
4.6142,461,1.4871
4.6184,463,1.4935
4.6227,465,1.5000
4.6270,465,1.5000
4.6313,465,1.5000
4.6356,466,1.5032
4.6399,472,1.5226
4.6442,482,1.5548
4.6485,494,1.5935
4.6528,506,1.6323
4.6571,518,1.6710
4.6614,527,1.7000
4.6657,535,1.7258
4.6700,539,1.7387
4.6743,543,1.7516
4.6786,544,1.7548
4.6829,540,1.7419
4.6872,535,1.7258
4.6916,527,1.7000
4.6960,517,1.6677
4.7004,509,1.6419
4.7047,498,1.6065
4.7090,487,1.5710
4.7134,478,1.5419
4.7177,471,1.5194
4.7220,468,1.5097
4.7263,469,1.5129
4.7306,471,1.5194
4.7349,472,1.5226
4.7392,472,1.5226
4.7435,475,1.5323
4.7483,476,1.5355
4.7526,477,1.5387
4.7569,477,1.5387
4.7612,479,1.5452
4.7655,481,1.5516
4.7698,481,1.5516
4.7741,475,1.5323
4.7784,458,1.4774
4.7827,434,1.4000
4.7870,419,1.3516
4.7913,443,1.4290
4.7959,522,1.6839
4.8003,638,2.0581
4.8046,776,2.5032
4.8089,905,2.9194
4.8132,964,3.1097
4.8175,926,2.9871
4.8218,815,2.6290
4.8261,672,2.1677
4.8304,536,1.7290
4.8347,448,1.4452
4.8390,408,1.3161
4.8433,403,1.3000
4.8476,419,1.3516
4.8520,439,1.4161
4.8563,453,1.4613
4.8606,457,1.4742
4.8649,459,1.4806
4.8692,461,1.4871
4.8735,462,1.4903
4.8780,463,1.4935
4.8823,463,1.4935
4.8866,465,1.5000
4.8909,465,1.5000
4.8956,467,1.5065
4.8999,467,1.5065
4.9042,469,1.5129
4.9085,471,1.5194
4.9128,471,1.5194
4.9171,471,1.5194
4.9214,473,1.5258
4.9257,480,1.5484
4.9300,488,1.5742
4.9343,499,1.6097
4.9386,510,1.6452
4.9429,520,1.6774
4.9472,530,1.7097
4.9516,540,1.7419
4.9559,550,1.7742
4.9602,561,1.8097
4.9645,570,1.8387
4.9688,576,1.8581
4.9731,583,1.8806
4.9774,589,1.9000
4.9817,596,1.9226
4.9860,600,1.9355
4.9904,603,1.9452
4.9949,604,1.9484
4.9993,603,1.9452
5.0042,600,1.9355
5.0086,597,1.9258
5.0134,592,1.9097
5.0179,587,1.8935
5.0223,579,1.8677
5.0266,573,1.8484
5.0309,564,1.8194
5.0354,554,1.7871
5.0397,543,1.7516
5.0440,534,1.7226
5.0482,525,1.6935
5.0525,515,1.6613
5.0568,506,1.6323
5.0611,495,1.5968
5.0653,485,1.5645
5.0696,475,1.5323
5.0739,467,1.5065
5.0782,458,1.4774
5.0824,453,1.4613
5.0867,451,1.4548
5.0910,451,1.4548
5.0953,452,1.4581
5.0996,455,1.4677
5.1038,457,1.4742
5.1081,459,1.4806
5.1123,460,1.4839
5.1165,461,1.4871
5.1208,461,1.4871
5.1250,463,1.4935
5.1292,465,1.5000
5.1335,466,1.5032
5.1377,466,1.5032
5.1419,468,1.5097
5.1462,475,1.5323
5.1504,485,1.5645
5.1547,497,1.6032
5.1589,508,1.6387
5.1631,520,1.6774
5.1674,528,1.7032
5.1716,536,1.7290
5.1759,541,1.7452
5.1802,544,1.7548
5.1844,544,1.7548
5.1886,541,1.7452
5.1929,535,1.7258
5.1972,528,1.7032
5.2015,519,1.6742
5.2058,509,1.6419
5.2100,498,1.6065
5.2143,487,1.5710
5.2186,476,1.5355
5.2229,470,1.5161
5.2272,471,1.5194
5.2315,471,1.5194
5.2358,473,1.5258
5.2401,474,1.5290
5.2444,475,1.5323
5.2487,475,1.5323
5.2530,476,1.5355
5.2573,476,1.5355
5.2616,478,1.5419
5.2660,479,1.5452
5.2703,479,1.5452
5.2746,474,1.5290
5.2789,455,1.4677
5.2832,431,1.3903
5.2875,417,1.3452
5.2918,446,1.4387
5.2961,522,1.6839
5.3004,639,2.0613
5.3047,775,2.5000
5.3090,902,2.9097
5.3133,963,3.1065
5.3176,924,2.9806
5.3219,813,2.6226
5.3262,668,2.1548
5.3305,533,1.7194
5.3348,446,1.4387
5.3390,408,1.3161
5.3433,400,1.2903
5.3476,405,1.3065
5.3519,419,1.3516
5.3562,439,1.4161
5.3605,454,1.4645
5.3648,460,1.4839
5.3691,463,1.4935
5.3734,464,1.4968
5.3777,464,1.4968
5.3820,466,1.5032
5.3863,467,1.5065
5.3905,467,1.5065
5.3948,467,1.5065
5.3992,468,1.5097
5.4035,469,1.5129
5.4077,470,1.5161
5.4120,471,1.5194
5.4163,471,1.5194
5.4206,472,1.5226
5.4249,474,1.5290
5.4292,479,1.5452
5.4335,488,1.5742
5.4378,497,1.6032
5.4421,508,1.6387
5.4464,519,1.6742
5.4507,529,1.7065
5.4550,538,1.7355
5.4592,548,1.7677
5.4636,560,1.8065
5.4678,569,1.8355
5.4721,576,1.8581
5.4764,583,1.8806
5.4807,589,1.9000
5.4850,595,1.9194
5.4893,599,1.9323
5.4936,603,1.9452
5.4979,605,1.9516
5.5022,606,1.9548
5.5065,603,1.9452
5.5108,603,1.9452
5.5150,599,1.9323
5.5194,595,1.9194
5.5236,588,1.8968
5.5279,582,1.8774
5.5322,574,1.8516
5.5365,563,1.8161
5.5408,554,1.7871
5.5451,545,1.7581
5.5494,537,1.7323
5.5537,527,1.7000
5.5580,516,1.6645
5.5677,493,1.5903
5.5721,483,1.5581
5.5764,474,1.5290
5.5807,465,1.5000
5.5850,458,1.4774
5.5893,455,1.4677
5.5959,456,1.4710
5.6003,456,1.4710
5.6046,457,1.4742
5.6089,458,1.4774
5.6132,458,1.4774
5.6175,459,1.4806
5.6217,460,1.4839
5.6260,462,1.4903
5.6303,464,1.4968
5.6346,464,1.4968
5.6388,466,1.5032
5.6431,466,1.5032
5.6474,470,1.5161
5.6517,477,1.5387
5.6559,488,1.5742
5.6602,499,1.6097
5.6645,511,1.6484
5.6687,520,1.6774
5.6730,530,1.7097
5.6772,536,1.7290
5.6815,541,1.7452
5.6858,542,1.7484
5.6901,542,1.7484
5.6943,540,1.7419
5.6986,533,1.7194
5.7028,525,1.6935
5.7072,515,1.6613
5.7115,506,1.6323
5.7158,494,1.5935
5.7201,484,1.5613
5.7244,473,1.5258
5.7287,470,1.5161
5.7330,469,1.5129
5.7373,471,1.5194
5.7416,471,1.5194
5.7460,473,1.5258
5.7502,474,1.5290
5.7545,474,1.5290
5.7588,476,1.5355
5.7631,476,1.5355
5.7675,478,1.5419
5.7717,479,1.5452
5.7760,479,1.5452
5.7803,471,1.5194
5.7847,450,1.4516
5.7890,426,1.3742
5.7933,419,1.3516
5.7976,457,1.4742
5.8019,542,1.7484
5.8062,664,2.1419
5.8106,805,2.5968
5.8149,924,2.9806
5.8192,964,3.1097
5.8235,904,2.9161
5.8278,784,2.5290
5.8320,640,2.0645
5.8364,509,1.6419
5.8406,434,1.4000
5.8449,403,1.3000
5.8493,403,1.3000
5.8535,421,1.3581
5.8579,442,1.4258
5.8621,454,1.4645
5.8664,458,1.4774
5.8707,459,1.4806
5.8750,460,1.4839
5.8793,460,1.4839
5.8836,461,1.4871
5.8879,462,1.4903
5.8923,463,1.4935
5.8967,463,1.4935
5.9011,465,1.5000
5.9054,466,1.5032
5.9097,467,1.5065
5.9140,468,1.5097
5.9183,469,1.5129
5.9225,471,1.5194
5.9268,474,1.5290
5.9311,480,1.5484
5.9353,490,1.5806
5.9396,499,1.6097
5.9439,510,1.6452
5.9482,521,1.6806
5.9525,533,1.7194
5.9567,543,1.7516
5.9610,552,1.7806
5.9653,561,1.8097
5.9695,569,1.8355
5.9738,577,1.8613
5.9781,584,1.8839
5.9823,590,1.9032
5.9866,594,1.9161
5.9909,598,1.9290
5.9951,600,1.9355
5.9994,602,1.9419
6.0037,603,1.9452
6.0080,601,1.9387
6.0123,598,1.9290
6.0166,594,1.9161
6.0208,589,1.9000
6.0252,584,1.8839
6.0295,575,1.8548
6.0337,569,1.8355
6.0381,561,1.8097
6.0424,551,1.7774
6.0467,542,1.7484
6.0510,531,1.7129
6.0553,520,1.6774
6.0596,510,1.6452
6.0639,500,1.6129
6.0682,491,1.5839
6.0725,482,1.5548
6.0768,472,1.5226
6.0811,463,1.4935
6.0853,455,1.4677
6.0896,452,1.4581
6.0939,451,1.4548
6.0982,453,1.4613
6.1025,455,1.4677
6.1068,457,1.4742
6.1111,460,1.4839
6.1154,460,1.4839
6.1197,461,1.4871
6.1240,462,1.4903
6.1283,464,1.4968
6.1326,465,1.5000
6.1368,465,1.5000
6.1411,466,1.5032
6.1454,467,1.5065
6.1497,473,1.5258
6.1540,483,1.5581
6.1583,494,1.5935
6.1626,505,1.6290
6.1669,516,1.6645
6.1712,524,1.6903
6.1755,533,1.7194
6.1798,539,1.7387
6.1841,543,1.7516
6.1884,544,1.7548
6.1927,542,1.7484
6.1970,534,1.7226
6.2012,527,1.7000
6.2055,518,1.6710
6.2098,509,1.6419
6.2141,497,1.6032
6.2184,486,1.5677
6.2227,477,1.5387
6.2270,471,1.5194
6.2313,470,1.5161
6.2356,471,1.5194
6.2399,473,1.5258
6.2442,473,1.5258
6.2485,473,1.5258
6.2528,475,1.5323
6.2571,475,1.5323
6.2614,477,1.5387
6.2657,479,1.5452
6.2700,480,1.5484
6.2743,481,1.5516
6.2786,477,1.5387
6.2829,463,1.4935
6.2872,436,1.4065
6.2915,417,1.3452
6.2958,435,1.4032
6.3001,499,1.6097
6.3044,609,1.9645
6.3087,742,2.3935
6.3130,876,2.8258
6.3173,958,3.0903
6.3216,941,3.0355
6.3259,843,2.7194
6.3301,706,2.2774
6.3344,562,1.8129
6.3387,463,1.4935
6.3430,414,1.3355
6.3473,401,1.2935
6.3516,412,1.3290
6.3560,432,1.3935
6.3602,448,1.4452
6.3645,455,1.4677
6.3688,459,1.4806
6.3731,460,1.4839
6.3774,460,1.4839
6.3817,461,1.4871
6.3860,462,1.4903
6.3903,463,1.4935
6.3946,465,1.5000
6.3989,466,1.5032
6.4032,467,1.5065
6.4075,468,1.5097
6.4118,469,1.5129
6.4160,470,1.5161
6.4203,472,1.5226
6.4246,472,1.5226
6.4289,475,1.5323
6.4332,484,1.5613
6.4375,494,1.5935
6.4418,505,1.6290
6.4461,515,1.6613
6.4504,526,1.6968
6.4547,536,1.7290
6.4590,546,1.7613
6.4633,555,1.7903
6.4676,565,1.8226
6.4719,574,1.8516
6.4762,580,1.8710
6.4805,586,1.8903
6.4848,590,1.9032
6.4891,596,1.9226
6.4935,599,1.9323
6.4979,602,1.9419
6.5023,600,1.9355
6.5066,600,1.9355
6.5109,599,1.9323
6.5152,596,1.9226
6.5195,590,1.9032
6.5237,585,1.8871
6.5280,578,1.8645
6.5323,569,1.8355
6.5365,561,1.8097
6.5408,554,1.7871
6.5450,544,1.7548
6.5493,535,1.7258
6.5537,524,1.6903
6.5579,513,1.6548
6.5622,501,1.6161
6.5665,492,1.5871
6.5708,483,1.5581
6.5750,474,1.5290
6.5793,465,1.5000
6.5836,457,1.4742
6.5878,452,1.4581
6.5921,451,1.4548
6.5963,452,1.4581
6.6006,454,1.4645
6.6048,457,1.4742
6.6092,459,1.4806
6.6135,460,1.4839
6.6178,461,1.4871
6.6221,462,1.4903
6.6264,463,1.4935
6.6307,463,1.4935
6.6350,463,1.4935
6.6393,465,1.5000
6.6436,467,1.5065
6.6479,468,1.5097
6.6522,476,1.5355
6.6565,486,1.5677
6.6608,498,1.6065
6.6651,509,1.6419
6.6694,519,1.6742
6.6737,529,1.7065
6.6780,535,1.7258
6.6823,540,1.7419
6.6866,543,1.7516
6.6909,541,1.7452
6.6952,539,1.7387
6.6995,533,1.7194
6.7038,526,1.6968
6.7080,516,1.6645
6.7123,505,1.6290
6.7166,495,1.5968
6.7209,484,1.5613
6.7252,474,1.5290
6.7295,470,1.5161
6.7338,470,1.5161
6.7381,471,1.5194
6.7424,472,1.5226
6.7467,473,1.5258
6.7510,474,1.5290
6.7553,476,1.5355
6.7596,476,1.5355
6.7639,476,1.5355
6.7682,478,1.5419
6.7725,479,1.5452
6.7768,480,1.5484
6.7811,473,1.5258
6.7854,453,1.4613
6.7897,429,1.3839
6.7942,420,1.3548
6.7985,457,1.4742
6.8029,542,1.7484
6.8072,665,2.1452
6.8116,803,2.5903
6.8160,925,2.9839
6.8202,963,3.1065
6.8245,905,2.9194
6.8288,787,2.5387
6.8330,642,2.0710
6.8373,515,1.6613
6.8415,438,1.4129
6.8458,406,1.3097
6.8501,402,1.2968
6.8544,409,1.3194
6.8586,427,1.3774
6.8629,446,1.4387
6.8672,457,1.4742
6.8714,462,1.4903
6.8757,462,1.4903
6.8799,463,1.4935
6.8842,462,1.4903
6.8885,464,1.4968
6.8927,465,1.5000
6.8970,465,1.5000
6.9013,466,1.5032
6.9055,467,1.5065
6.9098,468,1.5097
6.9141,469,1.5129
6.9184,470,1.5161
6.9227,472,1.5226
6.9270,473,1.5258
6.9313,474,1.5290
6.9356,480,1.5484
6.9399,488,1.5742
6.9442,500,1.6129
6.9485,511,1.6484
6.9529,522,1.6839
6.9571,532,1.7161
6.9614,541,1.7452
6.9658,550,1.7742
6.9700,560,1.8065
6.9743,569,1.8355
6.9786,576,1.8581
6.9829,584,1.8839
6.9873,589,1.9000
6.9916,596,1.9226
6.9959,598,1.9290
7.0001,600,1.9355
7.0044,601,1.9387
7.0087,603,1.9452
7.0130,602,1.9419
7.0173,600,1.9355
7.0216,596,1.9226
7.0258,591,1.9065
7.0301,586,1.8903
7.0344,578,1.8645
7.0386,569,1.8355
7.0429,562,1.8129
7.0472,553,1.7839
7.0515,543,1.7516
7.0558,532,1.7161
7.0600,521,1.6806
7.0643,512,1.6516
7.0686,502,1.6194
7.0728,492,1.5871
7.0771,482,1.5548
7.0814,472,1.5226
7.0856,464,1.4968
7.0899,455,1.4677
7.0942,452,1.4581
7.0985,453,1.4613
7.1028,455,1.4677
7.1070,456,1.4710
7.1113,457,1.4742
7.1155,458,1.4774
7.1199,460,1.4839
7.1241,461,1.4871
7.1284,463,1.4935
7.1327,463,1.4935
7.1370,464,1.4968
7.1413,465,1.5000
7.1456,467,1.5065
7.1499,468,1.5097
7.1542,471,1.5194
7.1585,479,1.5452
7.1629,489,1.5774
7.1672,501,1.6161
7.1715,513,1.6548
7.1758,522,1.6839
7.1800,531,1.7129
7.1843,539,1.7387
7.1886,543,1.7516
7.1929,543,1.7516
7.1972,541,1.7452
7.2016,537,1.7323
7.2059,529,1.7065
7.2102,521,1.6806
7.2145,511,1.6484
7.2188,501,1.6161
7.2231,490,1.5806
7.2273,479,1.5452
7.2316,471,1.5194
7.2359,467,1.5065
7.2402,468,1.5097
7.2444,469,1.5129
7.2487,472,1.5226
7.2530,474,1.5290
7.2573,475,1.5323
7.2615,475,1.5323
7.2658,475,1.5323
7.2700,477,1.5387
7.2743,478,1.5419
7.2786,477,1.5387
7.2828,475,1.5323
7.2871,467,1.5065
7.2914,447,1.4419
7.2956,425,1.3710
7.2999,423,1.3645
7.3042,465,1.5000
7.3084,556,1.7935
7.3127,678,2.1871
7.3170,817,2.6355
7.3213,934,3.0129
7.3256,962,3.1032
7.3299,897,2.8935
7.3342,772,2.4903
7.3386,621,2.0032
7.3429,500,1.6129
7.3472,429,1.3839
7.3515,404,1.3032
7.3559,405,1.3065
7.3602,425,1.3710
7.3645,444,1.4323
7.3688,455,1.4677
7.3731,457,1.4742
7.3774,460,1.4839
7.3817,461,1.4871
7.3860,462,1.4903
7.3904,463,1.4935
7.3972,464,1.4968
7.4017,465,1.5000
7.4061,466,1.5032
7.4104,467,1.5065
7.4148,468,1.5097
7.4191,469,1.5129
7.4235,469,1.5129
7.4281,471,1.5194
7.4324,474,1.5290
7.4367,479,1.5452
7.4410,488,1.5742
7.4453,499,1.6097
7.4496,511,1.6484
7.4539,520,1.6774
7.4582,530,1.7097
7.4626,539,1.7387
7.4669,552,1.7806
7.4712,560,1.8065
7.4755,570,1.8387
7.4798,577,1.8613
7.4841,583,1.8806
7.4884,589,1.9000
7.4927,593,1.9129
7.4970,597,1.9258
7.5013,598,1.9290
7.5056,599,1.9323
7.5099,599,1.9323
7.5142,599,1.9323
7.5185,598,1.9290
7.5228,595,1.9194
7.5271,589,1.9000
7.5314,583,1.8806
7.5357,576,1.8581
7.5400,569,1.8355
7.5443,561,1.8097
7.5486,550,1.7742
7.5529,541,1.7452
7.5572,531,1.7129
7.5615,520,1.6774
7.5658,510,1.6452
7.5701,499,1.6097
7.5745,488,1.5742
7.5787,479,1.5452
7.5830,470,1.5161
7.5874,462,1.4903
7.5917,455,1.4677
7.5960,452,1.4581
7.6003,452,1.4581
7.6051,454,1.4645
7.6094,455,1.4677
7.6137,456,1.4710
7.6180,458,1.4774
7.6223,459,1.4806
7.6267,461,1.4871
7.6309,462,1.4903
7.6352,464,1.4968
7.6395,464,1.4968
7.6438,465,1.5000
7.6481,465,1.5000
7.6524,466,1.5032
7.6567,472,1.5226
7.6610,484,1.5613
7.6653,496,1.6000
7.6697,507,1.6355
7.6740,517,1.6677
7.6783,527,1.7000
7.6826,534,1.7226
7.6870,540,1.7419
7.6914,544,1.7548
7.6960,542,1.7484
7.7004,539,1.7387
7.7047,532,1.7161
7.7091,525,1.6935
7.7133,515,1.6613
7.7177,504,1.6258
7.7220,493,1.5903
7.7263,483,1.5581
7.7306,473,1.5258
7.7349,468,1.5097
7.7392,467,1.5065
7.7436,469,1.5129
7.7479,471,1.5194
7.7522,471,1.5194
7.7564,473,1.5258
7.7607,474,1.5290
7.7650,474,1.5290
7.7692,475,1.5323
7.7735,476,1.5355
7.7777,478,1.5419
7.7820,477,1.5387
7.7863,470,1.5161
7.7906,450,1.4516
7.7949,427,1.3774
7.7991,418,1.3484
7.8034,454,1.4645
7.8077,535,1.7258
7.8120,653,2.1065
7.8162,789,2.5452
7.8205,913,2.9452
7.8248,964,3.1097
7.8291,915,2.9516
7.8334,799,2.5774
7.8377,654,2.1097
7.8420,523,1.6871
7.8463,440,1.4194
7.8507,406,1.3097
7.8550,399,1.2871
7.8594,405,1.3065
7.8637,410,1.3226
7.8680,414,1.3355
7.8724,426,1.3742
7.8768,444,1.4323
7.8811,458,1.4774
7.8854,464,1.4968
7.8897,465,1.5000
7.8941,466,1.5032
7.8984,466,1.5032
7.9028,467,1.5065
7.9072,468,1.5097
7.9115,469,1.5129
7.9158,471,1.5194
7.9201,472,1.5226
7.9244,473,1.5258
7.9286,472,1.5226
7.9329,472,1.5226
7.9372,473,1.5258
7.9414,474,1.5290
7.9457,477,1.5387
7.9499,482,1.5548
7.9542,490,1.5806
7.9585,500,1.6129
7.9627,511,1.6484
7.9670,521,1.6806
7.9713,532,1.7161
7.9755,543,1.7516
7.9798,552,1.7806
7.9841,562,1.8129
7.9883,570,1.8387
7.9926,578,1.8645
7.9969,585,1.8871
8.0011,592,1.9097
8.0054,596,1.9226
8.0097,600,1.9355
8.0140,605,1.9516
8.0182,607,1.9581
8.0225,607,1.9581
8.0268,605,1.9516
8.0311,605,1.9516
8.0354,601,1.9387
8.0397,595,1.9194
8.0440,591,1.9065
8.0483,584,1.8839
8.0527,576,1.8581
8.0570,568,1.8323
8.0613,557,1.7968
8.0656,549,1.7710
8.0698,538,1.7355
8.0742,527,1.7000
8.0785,517,1.6677
8.0828,507,1.6355
8.0871,497,1.6032
8.0914,488,1.5742
8.0957,478,1.5419
8.1000,470,1.5161
8.1043,462,1.4903
8.1086,457,1.4742
8.1129,455,1.4677
8.1172,456,1.4710
8.1215,458,1.4774
8.1258,460,1.4839
8.1301,462,1.4903
8.1344,462,1.4903
8.1387,462,1.4903
8.1430,463,1.4935
8.1473,465,1.5000
8.1516,467,1.5065
8.1560,468,1.5097
8.1602,469,1.5129
8.1646,469,1.5129
8.1689,472,1.5226
8.1732,480,1.5484
8.1775,492,1.5871
8.1818,504,1.6258
8.1861,514,1.6581
8.1904,524,1.6903
8.1947,532,1.7161
8.1990,540,1.7419
8.2033,544,1.7548
8.2076,546,1.7613
8.2119,546,1.7613
8.2162,541,1.7452
8.2205,534,1.7226
8.2248,526,1.6968
8.2291,516,1.6645
8.2334,505,1.6290
8.2376,495,1.5968
8.2419,485,1.5645
8.2462,475,1.5323
8.2504,473,1.5258
8.2547,472,1.5226
8.2590,473,1.5258
8.2633,475,1.5323
8.2676,476,1.5355
8.2718,477,1.5387
8.2761,477,1.5387
8.2804,478,1.5419
8.2847,479,1.5452
8.2890,481,1.5516
8.2933,482,1.5548
8.2977,481,1.5516
8.3020,472,1.5226
8.3063,451,1.4548
8.3106,428,1.3806
8.3149,425,1.3710
8.3192,468,1.5097
8.3236,560,1.8065
8.3279,684,2.2065
8.3322,824,2.6581
8.3365,937,3.0226
8.3408,964,3.1097
8.3450,897,2.8935
8.3493,773,2.4935
8.3536,626,2.0194
8.3579,500,1.6129
8.3622,430,1.3871
8.3665,403,1.3000
8.3708,405,1.3065
8.3751,424,1.3677
8.3794,445,1.4355
8.3837,456,1.4710
8.3880,461,1.4871
8.3923,462,1.4903
8.3966,462,1.4903
8.4008,461,1.4871
8.4052,463,1.4935
8.4094,463,1.4935
8.4137,464,1.4968
8.4180,465,1.5000
8.4223,467,1.5065
8.4266,468,1.5097
8.4310,469,1.5129
8.4353,470,1.5161
8.4396,472,1.5226
8.4440,473,1.5258
8.4483,475,1.5323
8.4526,481,1.5516
8.4570,489,1.5774
8.4613,501,1.6161
8.4656,512,1.6516
8.4700,518,1.6710
8.4743,526,1.6968
8.4786,536,1.7290
8.4829,546,1.7613
8.4873,556,1.7935
8.4916,563,1.8161
8.4959,573,1.8484
8.5003,581,1.8742
8.5046,589,1.9000
8.5089,594,1.9161
8.5133,598,1.9290
8.5177,599,1.9323
8.5220,602,1.9419
8.5263,605,1.9516
8.5306,604,1.9484
8.5349,601,1.9387
8.5392,597,1.9258
8.5435,593,1.9129
8.5478,588,1.8968
8.5521,582,1.8774
8.5564,573,1.8484
8.5607,565,1.8226
8.5650,556,1.7935
8.5693,546,1.7613
8.5736,539,1.7387
8.5779,528,1.7032
8.5822,518,1.6710
8.5865,507,1.6355
8.5908,497,1.6032
8.5965,483,1.5581
8.6009,474,1.5290
8.6052,464,1.4968
8.6096,456,1.4710
8.6138,450,1.4516
8.6180,451,1.4548
8.6223,452,1.4581
8.6266,454,1.4645
8.6309,455,1.4677
8.6352,456,1.4710
8.6394,456,1.4710
8.6436,457,1.4742
8.6479,459,1.4806
8.6522,460,1.4839
8.6565,460,1.4839
8.6607,460,1.4839
8.6652,461,1.4871
8.6695,463,1.4935
8.6737,467,1.5065
8.6780,474,1.5290
8.6823,486,1.5677
8.6866,499,1.6097
8.6909,510,1.6452
8.6951,521,1.6806
8.6994,528,1.7032
8.7036,535,1.7258
8.7079,542,1.7484
8.7122,543,1.7516
8.7164,541,1.7452
8.7207,536,1.7290
8.7250,530,1.7097
8.7292,522,1.6839
8.7335,513,1.6548
8.7378,502,1.6194
8.7421,492,1.5871
8.7463,481,1.5516
8.7506,472,1.5226
8.7549,467,1.5065
8.7591,467,1.5065
8.7634,469,1.5129
8.7679,471,1.5194
8.7722,472,1.5226
8.7764,474,1.5290
8.7807,474,1.5290
8.7850,476,1.5355
8.7892,477,1.5387
8.7935,478,1.5419
8.7978,479,1.5452
8.8020,478,1.5419
8.8062,478,1.5419
8.8105,473,1.5258
8.8148,456,1.4710
8.8190,432,1.3935
8.8233,418,1.3484
8.8279,447,1.4419
8.8322,525,1.6935
8.8365,640,2.0645
8.8407,775,2.5000
8.8450,905,2.9194
8.8499,967,3.1194
8.8542,915,2.9516
8.8585,796,2.5677
8.8628,653,2.1065
8.8670,521,1.6806
8.8713,441,1.4226
8.8756,407,1.3129
8.8798,403,1.3000
8.8841,420,1.3548
8.8884,440,1.4194
8.8926,453,1.4613
8.8970,459,1.4806
8.9012,460,1.4839
8.9055,460,1.4839
8.9097,461,1.4871
8.9140,462,1.4903
8.9183,463,1.4935
8.9225,465,1.5000
8.9268,465,1.5000
8.9310,467,1.5065
8.9353,467,1.5065
8.9397,467,1.5065
8.9439,468,1.5097
8.9482,469,1.5129
8.9524,472,1.5226
8.9568,473,1.5258
8.9610,478,1.5419
8.9653,487,1.5710
8.9695,497,1.6032
8.9738,506,1.6323
8.9781,518,1.6710
8.9824,529,1.7065
8.9867,540,1.7419
8.9909,550,1.7742
8.9952,557,1.7968
8.9995,567,1.8290
9.0038,576,1.8581
9.0080,583,1.8806
9.0122,589,1.9000
9.0165,593,1.9129
9.0208,598,1.9290
9.0251,600,1.9355
9.0294,603,1.9452
9.0339,602,1.9419
9.0382,601,1.9387
9.0424,600,1.9355
9.0467,595,1.9194
9.0509,589,1.9000
9.0552,584,1.8839
9.0595,578,1.8645
9.0638,569,1.8355
9.0680,563,1.8161
9.0723,555,1.7903
9.0765,545,1.7581
9.0808,535,1.7258
9.0851,526,1.6968
9.0893,515,1.6613
9.0936,504,1.6258
9.0978,493,1.5903
9.1021,484,1.5613
9.1064,475,1.5323
9.1107,466,1.5032
9.1149,458,1.4774
9.1197,454,1.4645
9.1239,453,1.4613
9.1282,455,1.4677
9.1324,455,1.4677
9.1367,457,1.4742
9.1410,459,1.4806
9.1453,459,1.4806
9.1495,461,1.4871
9.1538,462,1.4903
9.1581,462,1.4903
9.1624,464,1.4968
9.1667,464,1.4968
9.1709,465,1.5000
9.1751,467,1.5065
9.1794,470,1.5161
9.1837,478,1.5419
9.1880,490,1.5806
9.1924,501,1.6161
9.1968,513,1.6548
9.2012,523,1.6871
9.2055,531,1.7129
9.2097,537,1.7323
9.2140,540,1.7419
9.2182,541,1.7452
9.2226,540,1.7419
9.2268,535,1.7258
9.2311,531,1.7129
9.2354,523,1.6871
9.2396,513,1.6548
9.2439,502,1.6194
9.2482,492,1.5871
9.2524,480,1.5484
9.2567,472,1.5226
9.2609,467,1.5065
9.2652,468,1.5097
9.2695,470,1.5161
9.2738,472,1.5226
9.2780,473,1.5258
9.2823,474,1.5290
9.2870,476,1.5355
9.2913,477,1.5387
9.2955,478,1.5419
9.2997,478,1.5419
9.3040,479,1.5452
9.3083,478,1.5419
9.3126,467,1.5065
9.3168,446,1.4387
9.3211,422,1.3613
9.3254,423,1.3645
9.3296,472,1.5226
9.3339,565,1.8226
9.3382,691,2.2290
9.3425,829,2.6742
9.3467,940,3.0323
9.3510,960,3.0968
9.3553,889,2.8677
9.3596,765,2.4677
9.3638,619,1.9968
9.3681,498,1.6065
9.3723,430,1.3871
9.3766,403,1.3000
9.3809,404,1.3032
9.3852,423,1.3645
9.3895,442,1.4258
9.3937,454,1.4645
9.3980,458,1.4774
9.4022,459,1.4806
9.4065,459,1.4806
9.4108,459,1.4806
9.4150,461,1.4871
9.4193,463,1.4935
9.4236,465,1.5000
9.4279,466,1.5032
9.4321,467,1.5065
9.4364,467,1.5065
9.4407,468,1.5097
9.4450,470,1.5161
9.4494,471,1.5194
9.4537,471,1.5194
9.4580,472,1.5226
9.4627,481,1.5516
9.4671,490,1.5806
9.4713,501,1.6161
9.4756,511,1.6484
9.4799,522,1.6839
9.4842,531,1.7129
9.4886,542,1.7484
9.4931,553,1.7839
9.4976,560,1.8065
9.5019,571,1.8419
9.5063,578,1.8645
9.5106,585,1.8871
9.5149,591,1.9065
9.5192,595,1.9194
9.5234,596,1.9226
9.5278,600,1.9355
9.5322,601,1.9387
9.5365,602,1.9419
9.5408,600,1.9355
9.5452,596,1.9226
9.5495,592,1.9097
9.5538,588,1.8968
9.5580,581,1.8742
9.5623,572,1.8452
9.5666,565,1.8226
9.5709,556,1.7935
9.5751,547,1.7645
9.5794,538,1.7355
9.5836,529,1.7065
9.5879,517,1.6677
9.5922,506,1.6323
9.5965,496,1.6000
9.6007,486,1.5677
9.6050,476,1.5355
9.6092,468,1.5097
9.6135,458,1.4774
9.6178,452,1.4581
9.6220,451,1.4548
9.6263,452,1.4581
9.6306,454,1.4645
9.6348,455,1.4677
9.6391,457,1.4742
9.6434,457,1.4742
9.6477,459,1.4806
9.6521,460,1.4839
9.6564,460,1.4839
9.6606,462,1.4903
9.6649,464,1.4968
9.6692,465,1.5000
9.6735,466,1.5032
9.6778,469,1.5129
9.6821,476,1.5355
9.6864,486,1.5677
9.6907,498,1.6065
9.6950,510,1.6452
9.6993,520,1.6774
9.7036,528,1.7032
9.7078,534,1.7226
9.7121,541,1.7452
9.7164,543,1.7516
9.7207,542,1.7484
9.7250,539,1.7387
9.7292,531,1.7129
9.7336,524,1.6903
9.7379,515,1.6613
9.7422,506,1.6323
9.7465,496,1.6000
9.7508,485,1.5645
9.7551,476,1.5355
9.7594,471,1.5194
9.7637,470,1.5161
9.7680,471,1.5194
9.7723,471,1.5194
9.7766,472,1.5226
9.7809,474,1.5290
9.7851,474,1.5290
9.7895,476,1.5355
9.7937,476,1.5355
9.7980,476,1.5355
9.8023,478,1.5419
9.8066,478,1.5419
9.8109,478,1.5419
9.8151,474,1.5290
9.8195,458,1.4774
9.8238,435,1.4032
9.8281,420,1.3548
9.8323,442,1.4258
9.8367,513,1.6548
9.8410,623,2.0097
9.8455,766,2.4710
9.8498,896,2.8903
9.8541,964,3.1097
9.8584,930,3.0000
9.8627,824,2.6581
9.8670,681,2.1968
9.8713,542,1.7484
9.8756,450,1.4516
9.8799,409,1.3194
9.8841,402,1.2968
9.8884,416,1.3419
9.8927,438,1.4129
9.8970,453,1.4613
9.9013,459,1.4806
9.9056,460,1.4839
9.9099,461,1.4871
9.9142,463,1.4935
9.9185,464,1.4968
9.9228,465,1.5000
9.9271,466,1.5032
9.9313,467,1.5065
9.9356,467,1.5065
9.9400,467,1.5065
9.9443,467,1.5065
9.9486,468,1.5097
9.9529,469,1.5129
9.9572,471,1.5194
9.9615,472,1.5226
9.9658,477,1.5387
9.9701,487,1.5710
9.9744,497,1.6032
9.9787,509,1.6419
9.9829,519,1.6742
9.9872,530,1.7097
9.9915,541,1.7452
9.9958,550,1.7742
10.0001,558,1.8000
10.0044,567,1.8290
10.0087,574,1.8516
10.0130,582,1.8774
10.0175,589,1.9000
10.0220,593,1.9129
10.0266,598,1.9290
10.0310,601,1.9387
10.0354,601,1.9387
10.0398,602,1.9419
10.0443,600,1.9355
10.0486,597,1.9258
10.0529,594,1.9161
10.0572,590,1.9032
10.0615,584,1.8839
10.0658,577,1.8613
10.0701,569,1.8355
10.0744,560,1.8065
10.0787,551,1.7774
10.0830,541,1.7452
10.0873,531,1.7129
10.0954,513,1.6548
10.0998,502,1.6194
10.1042,491,1.5839
10.1086,480,1.5484
10.1129,472,1.5226
10.1172,463,1.4935
10.1219,455,1.4677
10.1262,453,1.4613
10.1305,453,1.4613
10.1348,455,1.4677
10.1392,456,1.4710
10.1435,456,1.4710
10.1478,459,1.4806
10.1521,460,1.4839
10.1564,461,1.4871
10.1607,462,1.4903
10.1649,463,1.4935
10.1693,463,1.4935
10.1735,464,1.4968
10.1778,466,1.5032
10.1820,468,1.5097
10.1863,473,1.5258
10.1906,482,1.5548
10.1949,494,1.5935
10.1992,506,1.6323
10.2039,517,1.6677
10.2082,525,1.6935
10.2125,535,1.7258
10.2167,541,1.7452
10.2210,544,1.7548
10.2253,542,1.7484
10.2296,538,1.7355
10.2338,534,1.7226
10.2382,526,1.6968
10.2425,517,1.6677
10.2468,506,1.6323
10.2512,496,1.6000
10.2555,486,1.5677
10.2598,476,1.5355
10.2642,471,1.5194
10.2686,469,1.5129
10.2730,471,1.5194
10.2772,471,1.5194
10.2815,473,1.5258
10.2858,474,1.5290
10.2908,475,1.5323
10.2952,474,1.5290
10.2995,475,1.5323
10.3038,477,1.5387
10.3081,478,1.5419
10.3124,477,1.5387
10.3167,468,1.5097
10.3210,448,1.4452
10.3253,425,1.3710
10.3296,419,1.3516
10.3339,458,1.4774
10.3383,547,1.7645
10.3426,669,2.1581
10.3469,811,2.6161
10.3512,928,2.9935
10.3556,964,3.1097
10.3599,902,2.9097
10.3642,778,2.5097
10.3688,619,1.9968
10.3732,498,1.6065
10.3775,429,1.3839
10.3818,404,1.3032
10.3861,407,1.3129
10.3910,429,1.3839
10.3954,446,1.4387
10.3998,457,1.4742
10.4042,460,1.4839
10.4085,461,1.4871
10.4129,460,1.4839
10.4172,461,1.4871
10.4215,462,1.4903
10.4258,463,1.4935
10.4301,465,1.5000
10.4344,465,1.5000
10.4388,467,1.5065
10.4431,468,1.5097
10.4475,469,1.5129
10.4524,470,1.5161
10.4568,472,1.5226
10.4611,473,1.5258
10.4654,478,1.5419
10.4696,486,1.5677
10.4740,497,1.6032
10.4783,507,1.6355
10.4826,514,1.6581
10.4869,519,1.6742
10.4912,529,1.7065
10.4960,541,1.7452
10.5003,550,1.7742
10.5046,558,1.8000
10.5089,568,1.8323
10.5132,577,1.8613
10.5181,583,1.8806
10.5224,590,1.9032
10.5267,596,1.9226
10.5310,598,1.9290
10.5353,600,1.9355
10.5397,601,1.9387
10.5440,602,1.9419
10.5483,600,1.9355
10.5526,598,1.9290
10.5569,594,1.9161
10.5613,589,1.9000
10.5656,585,1.8871
10.5698,577,1.8613
10.5741,567,1.8290
10.5784,559,1.8032
10.5828,548,1.7677
10.5871,541,1.7452
10.5914,533,1.7194
10.5957,523,1.6871
10.6000,511,1.6484
10.6043,502,1.6194
10.6086,492,1.5871
10.6129,483,1.5581
10.6172,473,1.5258
10.6215,463,1.4935
10.6258,455,1.4677
10.6301,451,1.4548
10.6344,450,1.4516
10.6387,451,1.4548
10.6431,451,1.4548
10.6474,454,1.4645
10.6517,455,1.4677
10.6560,456,1.4710
10.6603,457,1.4742
10.6647,459,1.4806
10.6690,460,1.4839
10.6733,461,1.4871
10.6776,463,1.4935
10.6819,464,1.4968
10.6862,465,1.5000
10.6905,470,1.5161
10.6948,479,1.5452
10.6992,491,1.5839
10.7035,504,1.6258
10.7078,516,1.6645
10.7121,525,1.6935
10.7164,532,1.7161
10.7207,538,1.7355
10.7250,542,1.7484
10.7293,542,1.7484
10.7336,541,1.7452
10.7385,533,1.7194
10.7428,527,1.7000
10.7476,516,1.6645
10.7520,508,1.6387
10.7563,497,1.6032
10.7606,485,1.5645
10.7649,474,1.5290
10.7692,469,1.5129
10.7735,468,1.5097
10.7778,470,1.5161
10.7821,473,1.5258
10.7864,474,1.5290
10.7907,475,1.5323
10.7950,474,1.5290
10.7997,476,1.5355
10.8040,476,1.5355
10.8083,477,1.5387
10.8126,478,1.5419
10.8169,476,1.5355
10.8212,470,1.5161
10.8255,452,1.4581
10.8298,428,1.3806
10.8341,418,1.3484
10.8384,452,1.4581
10.8427,533,1.7194
10.8470,655,2.1129
10.8514,793,2.5581
10.8557,916,2.9548
10.8600,963,3.1065
10.8643,912,2.9419
10.8686,795,2.5645
10.8729,651,2.1000
10.8772,519,1.6742
10.8815,438,1.4129
10.8858,406,1.3097
10.8901,403,1.3000
10.8944,420,1.3548
10.8988,442,1.4258
10.9031,454,1.4645
10.9074,460,1.4839
10.9117,462,1.4903
10.9160,462,1.4903
10.9203,463,1.4935
10.9246,463,1.4935
10.9289,464,1.4968
10.9332,464,1.4968
10.9376,465,1.5000
10.9419,467,1.5065
10.9467,468,1.5097
10.9510,469,1.5129
10.9553,469,1.5129
10.9596,470,1.5161
10.9639,471,1.5194
10.9683,473,1.5258
10.9726,480,1.5484
10.9769,489,1.5774
10.9812,501,1.6161
10.9855,512,1.6516
10.9899,519,1.6742
10.9962,529,1.7065
11.0006,538,1.7355
11.0050,548,1.7677
11.0094,557,1.7968
11.0137,564,1.8194
11.0180,574,1.8516
11.0222,580,1.8710
11.0266,588,1.8968
11.0309,593,1.9129
11.0352,596,1.9226
11.0395,599,1.9323
11.0438,600,1.9355
11.0481,600,1.9355
11.0525,600,1.9355
11.0568,597,1.9258
11.0612,593,1.9129
11.0662,587,1.8935
11.0705,582,1.8774
11.0748,575,1.8548
11.0791,567,1.8290
11.0834,559,1.8032
11.0877,550,1.7742
11.0920,541,1.7452
11.0968,532,1.7161
11.1015,520,1.6774
11.1058,510,1.6452
11.1101,499,1.6097
11.1145,489,1.5774
11.1188,478,1.5419
11.1231,469,1.5129
11.1275,460,1.4839
11.1319,454,1.4645
11.1361,450,1.4516
11.1404,451,1.4548
11.1447,452,1.4581
11.1490,454,1.4645
11.1534,455,1.4677
11.1577,457,1.4742
11.1620,459,1.4806
11.1663,459,1.4806
11.1706,461,1.4871
11.1750,462,1.4903
11.1792,463,1.4935
11.1835,463,1.4935
11.1878,465,1.5000
11.1921,468,1.5097
11.1965,474,1.5290
11.2008,483,1.5581
11.2051,496,1.6000
11.2094,508,1.6387
11.2137,519,1.6742
11.2180,527,1.7000
11.2223,535,1.7258
11.2266,538,1.7355
11.2309,543,1.7516
11.2353,543,1.7516
11.2396,540,1.7419
11.2438,534,1.7226
11.2482,527,1.7000
11.2525,518,1.6710
11.2569,507,1.6355
11.2612,498,1.6065
11.2655,487,1.5710
11.2703,476,1.5355
11.2746,471,1.5194
11.2789,470,1.5161
11.2832,471,1.5194
11.2875,473,1.5258
11.2934,473,1.5258
11.2978,474,1.5290
11.3023,475,1.5323
11.3066,477,1.5387
11.3109,478,1.5419
11.3152,479,1.5452
11.3195,479,1.5452
11.3238,477,1.5387
11.3281,465,1.5000
11.3324,442,1.4258
11.3367,420,1.3548
11.3410,427,1.3774
11.3453,483,1.5581
11.3496,583,1.8806
11.3539,713,2.3000
11.3582,851,2.7452
11.3625,950,3.0645
11.3669,954,3.0774
11.3712,869,2.8032
11.3755,736,2.3742
11.3798,588,1.8968
11.3841,478,1.5419
11.3884,420,1.3548
11.3927,400,1.2903
11.3970,407,1.3129
11.4013,428,1.3806
11.4056,446,1.4387
11.4099,455,1.4677
11.4142,458,1.4774
11.4186,459,1.4806
11.4230,460,1.4839
11.4273,461,1.4871
11.4318,460,1.4839
11.4362,461,1.4871
11.4405,463,1.4935
11.4448,465,1.5000
11.4491,466,1.5032
11.4534,467,1.5065
11.4577,467,1.5065
11.4620,469,1.5129
11.4663,470,1.5161
11.4706,472,1.5226
11.4748,475,1.5323
11.4791,483,1.5581
11.4834,493,1.5903
11.4876,504,1.6258
11.4919,513,1.6548
11.4962,524,1.6903
11.5005,536,1.7290
11.5047,545,1.7581
11.5090,555,1.7903
11.5134,564,1.8194
11.5177,572,1.8452
11.5219,580,1.8710
11.5262,586,1.8903
11.5305,591,1.9065
11.5347,596,1.9226
11.5390,599,1.9323
11.5433,600,1.9355
11.5477,600,1.9355
11.5519,599,1.9323
11.5563,598,1.9290
11.5607,596,1.9226
11.5651,592,1.9097
11.5694,586,1.8903
11.5737,580,1.8710
11.5780,571,1.8419
11.5824,563,1.8161
11.5867,555,1.7903
11.5911,546,1.7613
11.5954,535,1.7258
11.5997,525,1.6935
11.6041,513,1.6548
11.6084,504,1.6258
11.6127,492,1.5871
11.6171,482,1.5548
11.6214,472,1.5226
11.6257,463,1.4935
11.6301,454,1.4645
11.6344,450,1.4516
11.6387,450,1.4516
11.6431,452,1.4581
11.6474,454,1.4645
11.6518,455,1.4677
11.6561,457,1.4742
11.6605,458,1.4774
11.6648,458,1.4774
11.6691,461,1.4871
11.6733,461,1.4871
11.6776,463,1.4935
11.6819,464,1.4968
11.6862,466,1.5032
11.6905,467,1.5065
11.6948,472,1.5226
11.6991,481,1.5516
11.7035,492,1.5871
11.7078,503,1.6226
11.7121,513,1.6548
11.7164,524,1.6903
11.7207,532,1.7161
11.7250,539,1.7387
11.7293,543,1.7516
11.7335,545,1.7581
11.7378,542,1.7484
11.7421,538,1.7355
11.7464,530,1.7097
11.7508,522,1.6839
11.7551,512,1.6516
11.7594,500,1.6129
11.7637,490,1.5806
11.7680,480,1.5484
11.7723,472,1.5226
11.7766,470,1.5161
11.7809,470,1.5161
11.7852,472,1.5226
11.7895,473,1.5258
11.7938,473,1.5258
11.7980,475,1.5323
11.8023,476,1.5355
11.8067,477,1.5387
11.8110,478,1.5419
11.8152,478,1.5419
11.8195,478,1.5419
11.8238,476,1.5355
11.8281,463,1.4935
11.8324,441,1.4226
11.8367,419,1.3516
11.8410,425,1.3710
11.8453,480,1.5484
11.8497,580,1.8710
11.8540,711,2.2935
11.8583,850,2.7419
11.8626,949,3.0613
11.8669,953,3.0742
11.8712,865,2.7903
11.8755,735,2.3710
11.8798,588,1.8968
11.8841,477,1.5387
11.8884,420,1.3548
11.8927,401,1.2935
11.8980,415,1.3387
11.9024,434,1.4000
11.9066,450,1.4516
11.9109,459,1.4806
11.9152,460,1.4839
11.9194,461,1.4871
11.9237,462,1.4903
11.9279,461,1.4871
11.9322,463,1.4935
11.9364,464,1.4968
11.9407,464,1.4968
11.9449,464,1.4968
11.9492,465,1.5000
11.9534,467,1.5065
11.9577,468,1.5097
11.9619,469,1.5129
11.9662,470,1.5161
11.9704,472,1.5226
11.9747,475,1.5323
11.9789,483,1.5581
11.9832,492,1.5871
11.9875,503,1.6226
11.9918,513,1.6548
11.9960,523,1.6871
12.0003,533,1.7194
12.0045,544,1.7548
12.0088,554,1.7871
12.0130,564,1.8194
12.0173,572,1.8452
12.0215,579,1.8677
12.0258,585,1.8871
12.0300,589,1.9000
12.0342,596,1.9226
12.0385,599,1.9323
12.0428,602,1.9419
12.0470,603,1.9452
12.0513,603,1.9452
12.0555,600,1.9355
12.0598,599,1.9323
12.0641,595,1.9194
12.0684,589,1.9000
12.0726,583,1.8806
12.0769,576,1.8581
12.0812,568,1.8323
12.0855,559,1.8032
12.0897,549,1.7710
12.0940,540,1.7419
12.0983,530,1.7097
12.1026,520,1.6774
12.1068,510,1.6452
12.1111,499,1.6097
12.1154,489,1.5774
12.1197,480,1.5484
12.1240,470,1.5161
12.1283,462,1.4903
12.1326,455,1.4677
12.1369,453,1.4613
12.1412,453,1.4613
12.1454,454,1.4645
12.1497,456,1.4710
12.1541,457,1.4742
12.1583,457,1.4742
12.1626,458,1.4774
12.1669,460,1.4839
12.1712,461,1.4871
12.1755,463,1.4935
12.1798,465,1.5000
12.1840,465,1.5000
12.1883,466,1.5032
12.1926,468,1.5097
12.1970,474,1.5290
12.2014,486,1.5677
12.2057,498,1.6065
12.2101,510,1.6452
12.2145,519,1.6742
12.2189,529,1.7065
12.2232,536,1.7290
12.2276,541,1.7452
12.2319,544,1.7548
12.2362,542,1.7484
12.2406,537,1.7323
12.2449,532,1.7161
12.2492,524,1.6903
12.2536,514,1.6581
12.2579,504,1.6258
12.2622,493,1.5903
12.2665,482,1.5548
12.2708,474,1.5290
12.2751,468,1.5097
12.2794,469,1.5129
12.2837,471,1.5194
12.2880,473,1.5258
12.2922,474,1.5290
12.2965,475,1.5323
12.3008,475,1.5323
12.3051,476,1.5355
12.3094,477,1.5387
12.3137,478,1.5419
12.3180,479,1.5452
12.3223,477,1.5387
12.3266,470,1.5161
12.3309,450,1.4516
12.3352,426,1.3742
12.3395,419,1.3516
12.3438,456,1.4710
12.3481,541,1.7452
12.3524,662,2.1355
12.3567,800,2.5806
12.3610,921,2.9710
12.3653,964,3.1097
12.3697,907,2.9258
12.3740,786,2.5355
12.3783,639,2.0613
12.3827,510,1.6452
12.3870,434,1.4000
12.3913,405,1.3065
12.3956,404,1.3032
12.4000,422,1.3613
12.4043,443,1.4290
12.4086,455,1.4677
12.4130,458,1.4774
12.4173,459,1.4806
12.4216,459,1.4806
12.4260,461,1.4871
12.4303,462,1.4903
12.4346,463,1.4935
12.4390,464,1.4968
12.4433,464,1.4968
12.4476,465,1.5000
12.4520,466,1.5032
12.4563,467,1.5065
12.4606,469,1.5129
12.4649,470,1.5161
12.4692,472,1.5226
12.4735,474,1.5290
12.4778,481,1.5516
12.4821,491,1.5839
12.4864,501,1.6161
12.4907,513,1.6548
12.4950,524,1.6903
12.4993,534,1.7226
12.5036,544,1.7548
12.5079,554,1.7871
12.5122,563,1.8161
12.5165,570,1.8387
12.5207,579,1.8677
12.5251,585,1.8871
12.5293,591,1.9065
12.5336,596,1.9226
12.5379,600,1.9355
12.5422,601,1.9387
12.5465,603,1.9452
12.5508,602,1.9419
12.5551,600,1.9355
12.5594,597,1.9258
12.5637,593,1.9129
12.5680,588,1.8968
12.5724,582,1.8774
12.5767,575,1.8548
12.5810,566,1.8258
12.5854,557,1.7968
12.5897,548,1.7677
12.5940,537,1.7323
12.5983,528,1.7032
12.6027,517,1.6677
12.6070,507,1.6355
12.6113,495,1.5968
12.6157,485,1.5645
12.6200,476,1.5355
12.6243,466,1.5032
12.6287,457,1.4742
12.6330,452,1.4581
12.6373,451,1.4548
12.6416,452,1.4581
12.6460,453,1.4613
12.6503,455,1.4677
12.6547,456,1.4710
12.6591,457,1.4742
12.6634,459,1.4806
12.6678,460,1.4839
12.6720,461,1.4871
12.6763,462,1.4903
12.6806,462,1.4903
12.6849,463,1.4935
12.6892,464,1.4968
12.6935,468,1.5097
12.6978,476,1.5355
12.7021,487,1.5710
12.7064,499,1.6097
12.7107,508,1.6387
12.7150,518,1.6710
12.7193,529,1.7065
12.7236,536,1.7290
12.7278,542,1.7484
12.7321,543,1.7516
12.7364,543,1.7516
12.7407,537,1.7323
12.7450,533,1.7194
12.7493,525,1.6935
12.7536,517,1.6677
12.7579,507,1.6355
12.7622,496,1.6000
12.7666,485,1.5645
12.7709,475,1.5323
12.7752,470,1.5161
12.7795,469,1.5129
12.7839,470,1.5161
12.7882,472,1.5226
12.7926,473,1.5258
12.7970,474,1.5290
12.8014,476,1.5355
12.8058,477,1.5387
12.8101,478,1.5419
12.8145,480,1.5484
12.8188,480,1.5484
12.8232,480,1.5484
12.8275,480,1.5484
12.8319,471,1.5194
12.8362,450,1.4516
12.8405,426,1.3742
12.8448,421,1.3581
12.8492,463,1.4935
12.8535,552,1.7806
12.8579,677,2.1839
12.8622,816,2.6323
12.8665,933,3.0097
12.8712,961,3.1000
12.8755,887,2.8613
12.8798,761,2.4548
12.8841,612,1.9742
12.8884,494,1.5935
12.8927,427,1.3774
12.8970,403,1.3000
12.9013,407,1.3129
12.9056,427,1.3774
12.9099,446,1.4387
12.9142,456,1.4710
12.9185,458,1.4774
12.9228,460,1.4839
12.9271,461,1.4871
12.9314,461,1.4871
12.9357,463,1.4935
12.9400,463,1.4935
12.9443,464,1.4968
12.9486,465,1.5000
12.9529,467,1.5065
12.9572,469,1.5129
12.9615,470,1.5161
12.9658,471,1.5194
12.9701,472,1.5226
12.9744,472,1.5226
12.9787,475,1.5323
12.9830,483,1.5581
12.9873,492,1.5871
12.9916,502,1.6194
12.9959,511,1.6484
13.0002,523,1.6871
13.0045,533,1.7194
13.0088,543,1.7516
13.0130,554,1.7871
13.0174,563,1.8161
13.0217,570,1.8387
13.0260,578,1.8645
13.0303,584,1.8839
13.0346,590,1.9032
13.0389,596,1.9226
13.0431,599,1.9323
13.0475,603,1.9452
13.0518,602,1.9419
13.0560,602,1.9419
13.0604,600,1.9355
13.0647,597,1.9258
13.0690,594,1.9161
13.0733,589,1.9000
13.0777,582,1.8774
13.0820,574,1.8516
13.0863,565,1.8226
13.0907,557,1.7968
13.0951,549,1.7710
13.0996,538,1.7355
13.1040,528,1.7032
13.1083,516,1.6645
13.1131,505,1.6290
13.1175,495,1.5968
13.1218,486,1.5677
13.1262,476,1.5355
13.1305,467,1.5065
13.1348,459,1.4806
13.1391,455,1.4677
13.1435,453,1.4613
13.1478,454,1.4645
13.1521,454,1.4645
13.1565,456,1.4710
13.1608,457,1.4742
13.1651,458,1.4774
13.1695,460,1.4839
13.1738,461,1.4871
13.1781,462,1.4903
13.1824,463,1.4935
13.1867,464,1.4968
13.1909,465,1.5000
13.1952,467,1.5065
13.1995,472,1.5226
13.2038,481,1.5516
13.2081,492,1.5871
13.2124,504,1.6258
13.2167,515,1.6613
13.2210,524,1.6903
13.2253,533,1.7194
13.2296,540,1.7419
13.2339,545,1.7581
13.2382,547,1.7645
13.2425,542,1.7484
13.2468,540,1.7419
13.2510,533,1.7194
13.2553,524,1.6903
13.2596,516,1.6645
13.2639,505,1.6290
13.2682,493,1.5903
13.2726,481,1.5516
13.2769,473,1.5258
13.2812,470,1.5161
13.2856,470,1.5161
13.2899,471,1.5194
13.2942,472,1.5226
13.2986,473,1.5258
13.3029,476,1.5355
13.3072,477,1.5387
13.3115,476,1.5355
13.3159,477,1.5387
13.3202,477,1.5387
13.3245,478,1.5419
13.3289,476,1.5355
13.3332,466,1.5032
13.3375,443,1.4290
13.3419,421,1.3581
13.3462,429,1.3839
13.3506,485,1.5645
13.3549,587,1.8935
13.3592,718,2.3161
13.3635,856,2.7613
13.3679,952,3.0710
13.3722,950,3.0645
13.3765,862,2.7806
13.3808,729,2.3516
13.3851,582,1.8774
13.3894,474,1.5290
13.3937,418,1.3484
13.3979,400,1.2903
13.4022,408,1.3161
13.4065,430,1.3871
13.4108,448,1.4452
13.4151,456,1.4710
13.4194,460,1.4839
13.4237,461,1.4871
13.4280,461,1.4871
13.4323,460,1.4839
13.4366,462,1.4903
13.4409,463,1.4935
13.4452,464,1.4968
13.4495,466,1.5032
13.4538,467,1.5065
13.4581,467,1.5065
13.4624,469,1.5129
13.4668,470,1.5161
13.4711,470,1.5161
13.4754,470,1.5161
13.4798,475,1.5323
13.4841,483,1.5581
13.4884,493,1.5903
13.4928,504,1.6258
13.4971,512,1.6516
13.5014,517,1.6677
13.5057,525,1.6935
13.5101,534,1.7226
13.5144,543,1.7516
13.5187,554,1.7871
13.5231,563,1.8161
13.5274,571,1.8419
13.5318,577,1.8613
13.5361,586,1.8903
13.5404,592,1.9097
13.5448,597,1.9258
13.5491,599,1.9323
13.5535,601,1.9387
13.5578,601,1.9387
13.5621,601,1.9387
13.5664,599,1.9323
13.5708,596,1.9226
13.5751,591,1.9065
13.5794,586,1.8903
13.5837,579,1.8677
13.5880,572,1.8452
13.5923,563,1.8161
13.5966,554,1.7871
13.6009,545,1.7581
13.6051,534,1.7226
13.6094,524,1.6903
13.6137,513,1.6548
13.6180,503,1.6226
13.6223,493,1.5903
13.6266,484,1.5613
13.6309,475,1.5323
13.6352,466,1.5032
13.6395,457,1.4742
13.6438,452,1.4581
13.6481,450,1.4516
13.6524,452,1.4581
13.6567,453,1.4613
13.6610,454,1.4645
13.6653,456,1.4710
13.6696,457,1.4742
13.6739,458,1.4774
13.6782,460,1.4839
13.6825,462,1.4903
13.6869,463,1.4935
13.6912,464,1.4968
13.6956,465,1.5000
13.7000,466,1.5032
13.7045,470,1.5161
13.7088,479,1.5452
13.7131,489,1.5774
13.7175,502,1.6194
13.7219,513,1.6548
13.7262,523,1.6871
13.7305,530,1.7097
13.7349,538,1.7355
13.7393,542,1.7484
13.7436,544,1.7548
13.7479,543,1.7516
13.7523,536,1.7290
13.7566,531,1.7129
13.7609,522,1.6839
13.7653,512,1.6516
13.7697,501,1.6161
13.7740,489,1.5774
13.7784,479,1.5452
13.7826,472,1.5226
13.7869,470,1.5161
13.7912,471,1.5194
13.7955,472,1.5226
13.7998,474,1.5290
13.8041,475,1.5323
13.8084,475,1.5323
13.8127,475,1.5323
13.8170,476,1.5355
13.8213,476,1.5355
13.8256,477,1.5387
13.8299,479,1.5452
13.8342,476,1.5355
13.8384,464,1.4968
13.8428,441,1.4226
13.8470,419,1.3516
13.8513,427,1.3774
13.8556,484,1.5613
13.8599,587,1.8935
13.8642,718,2.3161
13.8685,856,2.7613
13.8728,952,3.0710
13.8772,951,3.0677
13.8815,860,2.7742
13.8858,726,2.3419
13.8901,579,1.8677
13.8945,471,1.5194
13.8988,416,1.3419
13.9031,400,1.2903
13.9075,409,1.3194
13.9118,429,1.3839
13.9162,448,1.4452
13.9205,457,1.4742
13.9248,459,1.4806
13.9292,461,1.4871
13.9335,461,1.4871
13.9378,462,1.4903
13.9422,464,1.4968
13.9465,465,1.5000
13.9508,466,1.5032
13.9551,467,1.5065
13.9595,468,1.5097
13.9638,469,1.5129
13.9681,468,1.5097
13.9725,469,1.5129
13.9768,471,1.5194
13.9811,473,1.5258
13.9854,479,1.5452
13.9897,488,1.5742
13.9940,498,1.6065
13.9985,509,1.6419
14.0031,521,1.6806
14.0075,530,1.7097
14.0118,543,1.7516
14.0160,549,1.7710
14.0203,558,1.8000
14.0246,567,1.8290
14.0289,572,1.8452
14.0332,579,1.8677
14.0376,586,1.8903
14.0419,593,1.9129
14.0462,597,1.9258
14.0505,600,1.9355
14.0548,601,1.9387
14.0590,600,1.9355
14.0633,601,1.9387
14.0676,599,1.9323
14.0719,595,1.9194
14.0762,590,1.9032
14.0805,584,1.8839
14.0848,578,1.8645
14.0891,571,1.8419
14.0934,562,1.8129
14.0977,552,1.7806
14.1020,544,1.7548
14.1063,540,1.7419
14.1106,533,1.7194
14.1149,522,1.6839
14.1192,512,1.6516
14.1234,502,1.6194
14.1278,492,1.5871
14.1322,482,1.5548
14.1364,473,1.5258
14.1407,463,1.4935
14.1450,455,1.4677
14.1493,452,1.4581
14.1536,450,1.4516
14.1579,453,1.4613
14.1622,454,1.4645
14.1665,455,1.4677
14.1708,456,1.4710
14.1751,456,1.4710
14.1794,458,1.4774
14.1837,458,1.4774
14.1881,459,1.4806
14.1924,461,1.4871
14.1967,461,1.4871
14.2011,463,1.4935
14.2054,465,1.5000
14.2097,469,1.5129
14.2141,478,1.5419
14.2184,488,1.5742
14.2227,501,1.6161
14.2270,513,1.6548
14.2314,523,1.6871
14.2357,530,1.7097
14.2400,538,1.7355
14.2444,541,1.7452
14.2487,542,1.7484
14.2531,541,1.7452
14.2574,536,1.7290
14.2617,528,1.7032
14.2661,521,1.6806
14.2704,511,1.6484
14.2748,500,1.6129
14.2792,489,1.5774
14.2835,478,1.5419
14.2878,471,1.5194
14.2921,469,1.5129
14.2964,468,1.5097
14.3007,470,1.5161
14.3049,471,1.5194
14.3092,472,1.5226
14.3135,471,1.5194
14.3178,473,1.5258
14.3221,475,1.5323
14.3264,476,1.5355
14.3307,477,1.5387
14.3350,479,1.5452
14.3393,476,1.5355
14.3436,462,1.4903
14.3479,439,1.4161
14.3522,419,1.3516
14.3565,429,1.3839
14.3608,487,1.5710
14.3651,589,1.9000
14.3693,721,2.3258
14.3737,859,2.7710
14.3780,952,3.0710
14.3823,948,3.0581
14.3866,857,2.7645
14.3909,721,2.3258
14.3953,575,1.8548
14.3997,466,1.5032
14.4040,414,1.3355
14.4083,398,1.2839
14.4127,409,1.3194
14.4170,432,1.3935
14.4213,448,1.4452
14.4257,456,1.4710
14.4300,459,1.4806
14.4343,458,1.4774
14.4387,460,1.4839
14.4430,462,1.4903
14.4473,462,1.4903
14.4517,463,1.4935
14.4560,464,1.4968
14.4603,465,1.5000
14.4647,466,1.5032
14.4690,467,1.5065
14.4733,468,1.5097
14.4777,470,1.5161
14.4820,472,1.5226
14.4863,473,1.5258
14.4906,477,1.5387
14.4949,484,1.5613
14.4992,494,1.5935
14.5035,505,1.6290
14.5078,516,1.6645
14.5120,526,1.6968
14.5163,535,1.7258
14.5206,544,1.7548
14.5249,555,1.7903
14.5292,566,1.8258
14.5335,573,1.8484
14.5378,582,1.8774
14.5421,588,1.8968
14.5464,593,1.9129
14.5507,599,1.9323
14.5550,600,1.9355
14.5593,600,1.9355
14.5636,601,1.9387
14.5679,601,1.9387
14.5722,599,1.9323
14.5764,594,1.9161
14.5808,591,1.9065
14.5851,585,1.8871
14.5894,580,1.8710
14.5938,570,1.8387
14.5983,560,1.8065
14.6027,553,1.7839
14.6071,543,1.7516
14.6114,534,1.7226
14.6157,523,1.6871
14.6201,511,1.6484
14.6245,501,1.6161
14.6288,491,1.5839
14.6331,481,1.5516
14.6375,471,1.5194
14.6423,461,1.4871
14.6466,454,1.4645
14.6509,453,1.4613
14.6553,453,1.4613
14.6596,453,1.4613
14.6640,455,1.4677
14.6683,455,1.4677
14.6726,458,1.4774
14.6769,460,1.4839
14.6813,461,1.4871
14.6856,462,1.4903
14.6899,463,1.4935
14.6942,463,1.4935
14.6985,465,1.5000
14.7028,466,1.5032
14.7071,467,1.5065
14.7113,470,1.5161
14.7156,479,1.5452
14.7199,490,1.5806
14.7242,502,1.6194
14.7285,514,1.6581
14.7328,524,1.6903
14.7371,531,1.7129
14.7414,537,1.7323
14.7457,542,1.7484
14.7500,543,1.7516
14.7543,542,1.7484
14.7586,538,1.7355
14.7629,531,1.7129
14.7672,522,1.6839
14.7715,514,1.6581
14.7758,504,1.6258
14.7801,494,1.5935
14.7844,483,1.5581
14.7887,475,1.5323
14.7930,473,1.5258
14.7974,472,1.5226
14.8017,473,1.5258
14.8061,474,1.5290
14.8104,476,1.5355
14.8147,476,1.5355
14.8191,477,1.5387
14.8234,477,1.5387
14.8277,478,1.5419
14.8321,478,1.5419
14.8364,478,1.5419
14.8407,476,1.5355
14.8451,466,1.5032
14.8494,442,1.4258
14.8537,420,1.3548
14.8581,427,1.3774
14.8624,482,1.5548
14.8667,583,1.8806
14.8711,712,2.2968
14.8754,851,2.7452
14.8797,949,3.0613
14.8840,953,3.0742
14.8884,864,2.7871
14.8927,730,2.3548
14.8971,582,1.8774
14.9015,471,1.5194
14.9059,417,1.3452
14.9102,401,1.2935
14.9145,411,1.3258
14.9188,431,1.3903
14.9231,447,1.4419
14.9273,456,1.4710
14.9317,458,1.4774
14.9359,459,1.4806
14.9402,460,1.4839
14.9445,461,1.4871
14.9489,462,1.4903
14.9532,463,1.4935
14.9575,465,1.5000
14.9618,466,1.5032
14.9661,468,1.5097
14.9704,469,1.5129
14.9747,470,1.5161
14.9790,471,1.5194
14.9833,473,1.5258
14.9876,474,1.5290
14.9920,477,1.5387
14.9963,484,1.5613
15.0006,495,1.5968
15.0050,506,1.6323
15.0098,518,1.6710
15.0143,529,1.7065
15.0225,548,1.7677
15.0270,558,1.8000
15.0314,568,1.8323
15.0358,576,1.8581
15.0402,584,1.8839
15.0446,589,1.9000
15.0489,594,1.9161
15.0532,599,1.9323
15.0576,600,1.9355
15.0619,602,1.9419
15.0662,601,1.9387
15.0704,601,1.9387
15.0748,598,1.9290
15.0791,594,1.9161
15.0834,589,1.9000
15.0877,585,1.8871
15.0919,577,1.8613
15.0962,568,1.8323
15.1005,561,1.8097
15.1048,553,1.7839
15.1090,544,1.7548
15.1133,534,1.7226
15.1176,523,1.6871
15.1219,512,1.6516
15.1261,502,1.6194
15.1304,492,1.5871
15.1347,482,1.5548
15.1390,472,1.5226
15.1433,463,1.4935
15.1476,456,1.4710
15.1518,452,1.4581
15.1561,452,1.4581
15.1604,453,1.4613
15.1646,454,1.4645
15.1689,457,1.4742
15.1732,457,1.4742
15.1775,458,1.4774
15.1818,459,1.4806
15.1861,460,1.4839
15.1904,461,1.4871
15.1947,462,1.4903
15.1990,462,1.4903
15.2033,463,1.4935
15.2076,465,1.5000
15.2119,469,1.5129
15.2162,478,1.5419
15.2205,490,1.5806
15.2248,503,1.6226
15.2291,513,1.6548
15.2334,523,1.6871
15.2377,531,1.7129
15.2420,538,1.7355
15.2463,542,1.7484
15.2506,544,1.7548
15.2549,541,1.7452
15.2593,537,1.7323
15.2636,532,1.7161
15.2679,522,1.6839
15.2722,510,1.6452
15.2765,500,1.6129
15.2809,489,1.5774
15.2852,480,1.5484
15.2894,472,1.5226
15.2937,470,1.5161
15.2980,469,1.5129
15.3022,470,1.5161
15.3065,473,1.5258
15.3107,474,1.5290
15.3150,475,1.5323
15.3193,476,1.5355
15.3235,477,1.5387
15.3278,478,1.5419
15.3321,479,1.5452
15.3363,478,1.5419
15.3406,476,1.5355
15.3449,466,1.5032
15.3492,444,1.4323
15.3534,421,1.3581
15.3577,423,1.3645
15.3620,472,1.5226
15.3662,568,1.8323
15.3705,695,2.2419
15.3748,832,2.6839
15.3790,938,3.0258
15.3833,960,3.0968
15.3876,888,2.8645
15.3920,757,2.4419
15.3963,609,1.9645
15.4006,490,1.5806
15.4049,425,1.3710
15.4091,402,1.2968
15.4134,406,1.3097
15.4177,426,1.3742
15.4220,446,1.4387
15.4263,455,1.4677
15.4306,459,1.4806
15.4350,460,1.4839
15.4393,461,1.4871
15.4436,461,1.4871
15.4479,462,1.4903
15.4522,464,1.4968
15.4565,464,1.4968
15.4608,465,1.5000
15.4651,467,1.5065
15.4694,467,1.5065
15.4737,468,1.5097
15.4780,469,1.5129
15.4823,469,1.5129
15.4866,470,1.5161
15.4918,475,1.5323
15.4976,489,1.5774
15.5044,503,1.6226
15.5088,514,1.6581
15.5131,524,1.6903
15.5174,534,1.7226
15.5217,544,1.7548
15.5261,553,1.7839
15.5304,563,1.8161
15.5347,569,1.8355
15.5390,578,1.8645
15.5433,583,1.8806
15.5476,590,1.9032
15.5520,595,1.9194
15.5563,599,1.9323
15.5605,601,1.9387
15.5649,601,1.9387
15.5692,601,1.9387
15.5735,601,1.9387
15.5778,595,1.9194
15.5821,590,1.9032
15.5864,586,1.8903
15.5907,578,1.8645
15.5950,571,1.8419
15.5993,563,1.8161
15.6035,556,1.7935
15.6078,546,1.7613
15.6121,536,1.7290
15.6164,525,1.6935
15.6206,513,1.6548
15.6249,505,1.6290
15.6292,495,1.5968
15.6335,485,1.5645
15.6377,476,1.5355
15.6420,466,1.5032
15.6463,459,1.4806
15.6506,453,1.4613
15.6549,452,1.4581
15.6592,453,1.4613
15.6634,454,1.4645
15.6677,455,1.4677
15.6720,457,1.4742
15.6762,458,1.4774
15.6805,458,1.4774
15.6848,461,1.4871
15.6891,462,1.4903
15.6933,463,1.4935
15.6977,464,1.4968
15.7020,464,1.4968
15.7063,465,1.5000
15.7106,468,1.5097
15.7149,476,1.5355
15.7192,486,1.5677
15.7235,498,1.6065
15.7278,510,1.6452
15.7321,520,1.6774
15.7364,528,1.7032
15.7408,535,1.7258
15.7451,541,1.7452
15.7496,543,1.7516
15.7539,542,1.7484
15.7582,538,1.7355
15.7625,532,1.7161
15.7668,525,1.6935
15.7711,515,1.6613
15.7754,504,1.6258
15.7797,493,1.5903
15.7840,483,1.5581
15.7883,473,1.5258
15.7927,470,1.5161
15.7978,472,1.5226
15.8046,473,1.5258
15.8089,474,1.5290
15.8132,475,1.5323
15.8176,476,1.5355
15.8219,478,1.5419
15.8262,478,1.5419
15.8305,479,1.5452
15.8348,479,1.5452
15.8391,480,1.5484
15.8434,478,1.5419
15.8478,468,1.5097
15.8521,446,1.4387
15.8564,423,1.3645
15.8607,425,1.3710
15.8650,474,1.5290
15.8693,570,1.8387
15.8739,706,2.2774
15.8782,845,2.7258
15.8825,949,3.0613
15.8868,957,3.0871
15.8917,858,2.7677
15.8961,719,2.3194
15.9004,574,1.8516
15.9046,469,1.5129
15.9089,417,1.3452
15.9132,401,1.2935
15.9176,411,1.3258
15.9218,432,1.3935
15.9261,450,1.4516
15.9304,459,1.4806
15.9347,460,1.4839
15.9390,460,1.4839
15.9433,461,1.4871
15.9476,461,1.4871
15.9519,461,1.4871
15.9562,463,1.4935
15.9605,464,1.4968
15.9647,466,1.5032
15.9690,468,1.5097
15.9734,469,1.5129
15.9776,469,1.5129
15.9819,471,1.5194
15.9862,472,1.5226
15.9905,472,1.5226
15.9947,475,1.5323
15.9990,483,1.5581
16.0033,493,1.5903
16.0076,505,1.6290
16.0118,514,1.6581
16.0161,525,1.6935
16.0204,535,1.7258
16.0247,545,1.7581
16.0289,554,1.7871
16.0332,562,1.8129
16.0375,571,1.8419
16.0418,579,1.8677
16.0461,586,1.8903
16.0504,590,1.9032
16.0546,595,1.9194
16.0589,599,1.9323
16.0632,602,1.9419
16.0675,604,1.9484
16.0718,602,1.9419
16.0760,601,1.9387
16.0803,598,1.9290
16.0846,594,1.9161
16.0888,587,1.8935
16.0931,582,1.8774
16.0974,574,1.8516
16.1018,566,1.8258
16.1061,558,1.8000
16.1103,548,1.7677
16.1146,538,1.7355
16.1189,528,1.7032
16.1233,517,1.6677
16.1276,508,1.6387
16.1319,497,1.6032
16.1362,488,1.5742
16.1405,478,1.5419
16.1449,468,1.5097
16.1492,459,1.4806
16.1535,453,1.4613
16.1578,451,1.4548
16.1621,452,1.4581
16.1664,454,1.4645
16.1707,456,1.4710
16.1750,455,1.4677
16.1793,456,1.4710
16.1836,458,1.4774
16.1879,460,1.4839
16.1923,461,1.4871
16.1966,462,1.4903
16.2008,464,1.4968
16.2052,464,1.4968
16.2095,465,1.5000
16.2138,469,1.5129
16.2181,476,1.5355
16.2224,487,1.5710
16.2267,500,1.6129
16.2310,511,1.6484
16.2353,522,1.6839
16.2396,531,1.7129
16.2439,537,1.7323
16.2482,542,1.7484
16.2525,544,1.7548
16.2569,543,1.7516
16.2612,539,1.7387
16.2655,531,1.7129
16.2698,524,1.6903
16.2741,514,1.6581
16.2783,504,1.6258
16.2826,493,1.5903
16.2870,484,1.5613
16.2913,475,1.5323
16.2956,470,1.5161
16.2999,469,1.5129
16.3042,470,1.5161
16.3085,471,1.5194
16.3128,473,1.5258
16.3171,475,1.5323
16.3214,476,1.5355
16.3257,477,1.5387
16.3301,478,1.5419
16.3344,479,1.5452
16.3387,480,1.5484
16.3430,478,1.5419
16.3473,469,1.5129
16.3516,448,1.4452
16.3560,424,1.3677
16.3603,421,1.3581
16.3646,466,1.5032
16.3689,558,1.8000
16.3732,683,2.2032
16.3775,823,2.6548
16.3818,937,3.0226
16.3861,960,3.0968
16.3904,892,2.8774
16.3971,683,2.2032
16.4015,541,1.7452
16.4059,450,1.4516
16.4102,409,1.3194
16.4145,402,1.2968
16.4188,416,1.3419
16.4269,451,1.4548
16.4313,457,1.4742
16.4355,459,1.4806
16.4398,461,1.4871
16.4440,461,1.4871
16.4483,462,1.4903
16.4526,462,1.4903
16.4569,464,1.4968
16.4612,465,1.5000
16.4654,466,1.5032
16.4697,468,1.5097
16.4740,468,1.5097
16.4783,470,1.5161
16.4826,470,1.5161
16.4869,471,1.5194
16.4911,471,1.5194
16.4955,477,1.5387
16.4997,486,1.5677
16.5040,496,1.6000
16.5085,507,1.6355
16.5128,517,1.6677
16.5171,526,1.6968
16.5213,538,1.7355
16.5256,547,1.7645
16.5299,558,1.8000
16.5342,567,1.8290
16.5385,575,1.8548
16.5428,582,1.8774
16.5470,588,1.8968
16.5513,593,1.9129
16.5556,597,1.9258
16.5599,600,1.9355
16.5642,603,1.9452
16.5685,602,1.9419
16.5727,602,1.9419
16.5770,599,1.9323
16.5813,595,1.9194
16.5856,591,1.9065
16.5905,585,1.8871
16.5948,578,1.8645
16.5990,570,1.8387
16.6033,561,1.8097
16.6076,552,1.7806
16.6119,543,1.7516
16.6162,540,1.7419
16.6205,537,1.7323
16.6248,532,1.7161
16.6290,523,1.6871
16.6333,513,1.6548
16.6376,502,1.6194
16.6419,491,1.5839
16.6462,483,1.5581
16.6505,472,1.5226
16.6548,463,1.4935
16.6591,456,1.4710
16.6633,452,1.4581
16.6676,451,1.4548
16.6725,453,1.4613
16.6768,455,1.4677
16.6811,457,1.4742
16.6854,458,1.4774
16.6897,459,1.4806
16.6940,460,1.4839
16.6983,461,1.4871
16.7027,461,1.4871
16.7071,461,1.4871
16.7114,462,1.4903
16.7157,464,1.4968
16.7200,465,1.5000
16.7242,469,1.5129
16.7285,476,1.5355
16.7328,486,1.5677
16.7371,498,1.6065
16.7414,510,1.6452
16.7457,522,1.6839
16.7505,532,1.7161
16.7551,538,1.7355
16.7594,541,1.7452
16.7637,541,1.7452
16.7679,541,1.7452
16.7722,536,1.7290
16.7765,527,1.7000
16.7808,521,1.6806
16.7851,512,1.6516
16.7893,501,1.6161
16.7936,490,1.5806
16.7979,479,1.5452
16.8022,471,1.5194
16.8065,469,1.5129
16.8108,470,1.5161
16.8151,471,1.5194
16.8194,472,1.5226
16.8237,474,1.5290
16.8279,475,1.5323
16.8322,475,1.5323
16.8370,476,1.5355
16.8413,478,1.5419
16.8456,479,1.5452
16.8499,480,1.5484
16.8541,476,1.5355
16.8584,464,1.4968
16.8627,441,1.4226
16.8670,420,1.3548
16.8713,426,1.3742
16.8756,482,1.5548
16.8799,583,1.8806
16.8842,714,2.3032
16.8884,849,2.7387
16.8927,949,3.0613
16.8970,953,3.0742
16.9016,860,2.7742
16.9060,725,2.3387
16.9103,579,1.8677
16.9145,471,1.5194
16.9188,415,1.3387
16.9231,399,1.2871
16.9274,410,1.3226
16.9317,430,1.3871
16.9360,447,1.4419
16.9402,457,1.4742
16.9445,459,1.4806
16.9488,459,1.4806
16.9531,460,1.4839
16.9574,461,1.4871
16.9617,463,1.4935
16.9660,464,1.4968
16.9703,465,1.5000
16.9746,465,1.5000
16.9788,466,1.5032
16.9831,468,1.5097
16.9875,469,1.5129
16.9917,470,1.5161
16.9960,470,1.5161
17.0003,471,1.5194
17.0046,475,1.5323
17.0089,482,1.5548
17.0132,492,1.5871
17.0175,504,1.6258
17.0218,514,1.6581
17.0261,525,1.6935
17.0304,535,1.7258
17.0346,545,1.7581
17.0389,555,1.7903
17.0432,564,1.8194
17.0475,572,1.8452
17.0518,579,1.8677
17.0561,586,1.8903
17.0604,590,1.9032
17.0647,595,1.9194
17.0690,599,1.9323
17.0733,600,1.9355
17.0776,601,1.9387
17.0819,602,1.9419
17.0862,599,1.9323
17.0905,597,1.9258
17.0948,592,1.9097
17.0990,588,1.8968
17.1033,580,1.8710
17.1077,574,1.8516
17.1119,567,1.8290
17.1162,558,1.8000
17.1205,548,1.7677
17.1248,538,1.7355
17.1291,527,1.7000
17.1333,516,1.6645
17.1376,506,1.6323
17.1419,496,1.6000
17.1462,486,1.5677
17.1505,476,1.5355
17.1548,466,1.5032
17.1591,457,1.4742
17.1634,451,1.4548
17.1677,450,1.4516
17.1719,451,1.4548
17.1762,453,1.4613
17.1804,454,1.4645
17.1847,456,1.4710
17.1889,457,1.4742
17.1931,459,1.4806
17.1974,460,1.4839
17.2017,462,1.4903
17.2059,462,1.4903
17.2102,463,1.4935
17.2145,464,1.4968
17.2187,464,1.4968
17.2230,466,1.5032
17.2272,472,1.5226
17.2315,483,1.5581
17.2357,496,1.6000
17.2400,510,1.6452
17.2443,520,1.6774
17.2485,526,1.6968
17.2528,535,1.7258
17.2571,540,1.7419
17.2613,543,1.7516
17.2656,544,1.7548
17.2698,541,1.7452
17.2741,534,1.7226
17.2783,526,1.6968
17.2826,516,1.6645
17.2868,507,1.6355
17.2911,496,1.6000
17.2954,486,1.5677
17.2998,477,1.5387
17.3042,471,1.5194
17.3085,470,1.5161
17.3128,471,1.5194
17.3171,471,1.5194
17.3214,472,1.5226
17.3256,473,1.5258
17.3299,474,1.5290
17.3342,474,1.5290
17.3385,475,1.5323
17.3428,476,1.5355
17.3471,477,1.5387
17.3514,477,1.5387
17.3558,479,1.5452
17.3601,475,1.5323
17.3644,461,1.4871
17.3688,436,1.4065
17.3731,419,1.3516
17.3775,440,1.4194
17.3818,508,1.6387
17.3861,619,1.9968
17.3904,753,2.4290
17.3948,889,2.8677
17.3991,963,3.1065
17.4034,936,3.0194
17.4078,828,2.6710
17.4121,689,2.2226
17.4164,547,1.7645
17.4207,454,1.4645
17.4250,410,1.3226
17.4293,403,1.3000
17.4336,416,1.3419
17.4379,437,1.4097
17.4422,452,1.4581
17.4465,457,1.4742
17.4508,459,1.4806
17.4551,460,1.4839
17.4594,460,1.4839
17.4637,462,1.4903
17.4680,463,1.4935
17.4723,464,1.4968
17.4766,464,1.4968
17.4809,466,1.5032
17.4852,467,1.5065
17.4894,468,1.5097
17.4937,468,1.5097
17.4980,470,1.5161
17.5023,471,1.5194
17.5066,472,1.5226
17.5109,477,1.5387
17.5153,486,1.5677
17.5196,496,1.6000
17.5239,507,1.6355
17.5283,517,1.6677
17.5326,528,1.7032
17.5369,538,1.7355
17.5413,547,1.7645
17.5456,557,1.7968
17.5499,566,1.8258
17.5542,575,1.8548
17.5586,582,1.8774
17.5629,588,1.8968
17.5673,594,1.9161
17.5716,598,1.9290
17.5759,600,1.9355
17.5802,600,1.9355
17.5846,602,1.9419
17.5889,602,1.9419
17.5932,598,1.9290
17.5978,596,1.9226
17.6022,590,1.9032
17.6067,585,1.8871
17.6111,576,1.8581
17.6155,567,1.8290
17.6198,559,1.8032
17.6241,550,1.7742
17.6284,541,1.7452
17.6326,532,1.7161
17.6369,521,1.6806
17.6412,511,1.6484
17.6455,500,1.6129
17.6498,489,1.5774
17.6541,479,1.5452
17.6584,470,1.5161
17.6627,461,1.4871
17.6670,455,1.4677
17.6713,452,1.4581
17.6756,453,1.4613
17.6799,454,1.4645
17.6842,457,1.4742
17.6885,458,1.4774
17.6928,460,1.4839
17.6971,461,1.4871
17.7014,461,1.4871
17.7057,463,1.4935
17.7100,463,1.4935
17.7143,464,1.4968
17.7187,464,1.4968
17.7230,466,1.5032
17.7273,468,1.5097
17.7316,469,1.5129
17.7360,474,1.5290
17.7403,484,1.5613
17.7446,496,1.6000
17.7490,509,1.6419
17.7533,519,1.6742
17.7576,529,1.7065
17.7620,537,1.7323
17.7663,542,1.7484
17.7707,544,1.7548
17.7750,544,1.7548
17.7793,543,1.7516
17.7837,537,1.7323
17.7880,530,1.7097
17.7923,519,1.6742
17.7966,509,1.6419
17.8010,499,1.6097
17.8053,489,1.5774
17.8096,479,1.5452
17.8140,472,1.5226
17.8183,470,1.5161
17.8225,472,1.5226
17.8269,473,1.5258
17.8311,473,1.5258
17.8354,476,1.5355
17.8397,476,1.5355
17.8440,477,1.5387
17.8483,477,1.5387
17.8526,479,1.5452
17.8569,480,1.5484
17.8612,479,1.5452
17.8655,474,1.5290
17.8698,459,1.4806
17.8741,434,1.4000
17.8784,418,1.3484
17.8827,442,1.4258
17.8870,513,1.6548
17.8913,624,2.0129
17.8956,758,2.4452
17.8998,891,2.8742
17.9041,961,3.1000
17.9084,936,3.0194
17.9127,831,2.6806
17.9171,689,2.2226
17.9214,547,1.7645
17.9258,453,1.4613
17.9301,411,1.3258
17.9344,402,1.2968
17.9387,406,1.3097
17.9431,419,1.3516
17.9475,439,1.4161
17.9518,454,1.4645
17.9562,460,1.4839
17.9605,463,1.4935
17.9648,464,1.4968
17.9692,466,1.5032
17.9735,467,1.5065
17.9778,465,1.5000
17.9821,467,1.5065
17.9865,468,1.5097
17.9908,469,1.5129
17.9951,470,1.5161
17.9995,471,1.5194
18.0038,472,1.5226
18.0081,473,1.5258
18.0125,474,1.5290
18.0168,476,1.5355
18.0211,480,1.5484
18.0254,489,1.5774
18.0297,499,1.6097
18.0340,508,1.6387
18.0383,519,1.6742
18.0425,529,1.7065
18.0468,539,1.7387
18.0512,549,1.7710
18.0555,558,1.8000
18.0597,568,1.8323
18.0640,578,1.8645
18.0683,584,1.8839
18.0726,589,1.9000
18.0769,595,1.9194
18.0812,600,1.9355
18.0855,602,1.9419
18.0898,603,1.9452
18.0941,603,1.9452
18.0984,602,1.9419
18.1027,600,1.9355
18.1070,597,1.9258
18.1113,593,1.9129
18.1156,587,1.8935
18.1199,579,1.8677
18.1242,573,1.8484
18.1286,563,1.8161
18.1329,554,1.7871
18.1372,546,1.7613
18.1416,536,1.7290
18.1459,525,1.6935
18.1502,515,1.6613
18.1546,505,1.6290
18.1589,495,1.5968
18.1632,486,1.5677
18.1676,475,1.5323
18.1719,465,1.5000
18.1763,456,1.4710
18.1806,452,1.4581
18.1849,453,1.4613
18.1893,455,1.4677
18.1940,456,1.4710
18.1985,458,1.4774
18.2029,460,1.4839
18.2073,461,1.4871
18.2117,462,1.4903
18.2160,463,1.4935
18.2203,464,1.4968
18.2246,466,1.5032
18.2289,466,1.5032
18.2332,467,1.5065
18.2376,469,1.5129
18.2419,475,1.5323
18.2462,485,1.5645
18.2504,496,1.6000
18.2547,507,1.6355
18.2591,519,1.6742
18.2633,527,1.7000
18.2676,536,1.7290
18.2719,540,1.7419
18.2762,543,1.7516
18.2805,543,1.7516
18.2848,539,1.7387
18.2891,535,1.7258
18.2934,528,1.7032
18.2977,517,1.6677
18.3020,507,1.6355
18.3063,495,1.5968
18.3106,485,1.5645
18.3149,475,1.5323
18.3192,470,1.5161
18.3236,471,1.5194
18.3279,472,1.5226
18.3322,474,1.5290
18.3366,475,1.5323
18.3409,475,1.5323
18.3452,476,1.5355
18.3495,476,1.5355
18.3539,478,1.5419
18.3582,479,1.5452
18.3626,480,1.5484
18.3669,479,1.5452
18.3712,473,1.5258
18.3755,454,1.4645
18.3799,430,1.3871
18.3842,419,1.3516
18.3885,450,1.4516
18.3929,530,1.7097
18.3972,651,2.1000
18.4015,790,2.5484
18.4058,915,2.9516
18.4102,965,3.1129
18.4146,911,2.9387
18.4189,793,2.5581
18.4233,648,2.0903
18.4276,517,1.6677
18.4319,438,1.4129
18.4362,407,1.3129
18.4404,405,1.3065
18.4447,423,1.3645
18.4490,444,1.4323
18.4533,456,1.4710
18.4576,458,1.4774
18.4619,459,1.4806
18.4662,460,1.4839
18.4705,460,1.4839
18.4748,462,1.4903
18.4791,463,1.4935
18.4834,464,1.4968
18.4877,466,1.5032
18.4920,466,1.5032
18.4963,467,1.5065
18.5007,469,1.5129
18.5052,470,1.5161
18.5095,471,1.5194
18.5138,472,1.5226
18.5181,474,1.5290
18.5224,479,1.5452
18.5267,489,1.5774
18.5310,500,1.6129
18.5353,511,1.6484
18.5396,521,1.6806
18.5439,531,1.7129
18.5482,541,1.7452
18.5524,551,1.7774
18.5567,559,1.8032
18.5610,567,1.8290
18.5653,575,1.8548
18.5696,581,1.8742
18.5739,589,1.9000
18.5782,595,1.9194
18.5825,597,1.9258
18.5868,602,1.9419
18.5911,602,1.9419
18.5954,603,1.9452
18.5997,599,1.9323
18.6040,598,1.9290
18.6083,595,1.9194
18.6126,590,1.9032
18.6170,582,1.8774
18.6213,574,1.8516
18.6256,566,1.8258
18.6300,558,1.8000
18.6343,549,1.7710
18.6386,540,1.7419
18.6430,530,1.7097
18.6473,519,1.6742
18.6516,508,1.6387
18.6560,497,1.6032
18.6603,488,1.5742
18.6646,479,1.5452
18.6690,470,1.5161
18.6733,461,1.4871
18.6776,454,1.4645
18.6820,452,1.4581
18.6863,453,1.4613
18.6906,454,1.4645
18.6950,453,1.4613
18.6993,456,1.4710
18.7036,458,1.4774
18.7079,459,1.4806
18.7123,460,1.4839
18.7166,461,1.4871
18.7209,463,1.4935
18.7252,465,1.5000
18.7295,466,1.5032
18.7338,466,1.5032
18.7381,467,1.5065
18.7424,467,1.5065
18.7467,468,1.5097
18.7510,470,1.5161
18.7553,476,1.5355
18.7596,484,1.5613
18.7639,495,1.5968
18.7682,507,1.6355
18.7725,518,1.6710
18.7768,527,1.7000
18.7811,535,1.7258
18.7854,541,1.7452
18.7897,545,1.7581
18.7940,548,1.7677
18.7983,545,1.7581
18.8026,540,1.7419
18.8069,533,1.7194
18.8112,524,1.6903
18.8155,514,1.6581
18.8197,503,1.6226
18.8241,492,1.5871
18.8284,482,1.5548
18.8327,474,1.5290
18.8371,473,1.5258
18.8414,474,1.5290
18.8457,474,1.5290
18.8501,475,1.5323
18.8544,476,1.5355
18.8587,476,1.5355
18.8631,477,1.5387
18.8674,478,1.5419
18.8718,478,1.5419
18.8761,478,1.5419
18.8804,479,1.5452
18.8848,475,1.5323
18.8891,462,1.4903
18.8934,439,1.4161
18.8978,419,1.3516
18.9021,434,1.4000
18.9064,498,1.6065
18.9107,606,1.9548
18.9151,740,2.3871
18.9195,880,2.8387
18.9238,959,3.0935
18.9282,940,3.0323
18.9324,839,2.7065
18.9368,699,2.2548
18.9411,557,1.7968
18.9453,459,1.4806
18.9496,412,1.3290
18.9539,401,1.2935
18.9582,413,1.3323
18.9625,433,1.3968
18.9668,450,1.4516
18.9711,456,1.4710
18.9754,459,1.4806
18.9797,460,1.4839
18.9840,462,1.4903
18.9883,462,1.4903
18.9926,463,1.4935
18.9969,464,1.4968
19.0012,466,1.5032
19.0055,466,1.5032
19.0098,469,1.5129
19.0141,469,1.5129
19.0184,469,1.5129
19.0227,471,1.5194
19.0270,472,1.5226
19.0313,473,1.5258
19.0357,478,1.5419
19.0400,486,1.5677
19.0443,496,1.6000
19.0487,508,1.6387
19.0530,519,1.6742
19.0573,530,1.7097
19.0617,539,1.7387
19.0660,550,1.7742
19.0703,560,1.8065
19.0746,569,1.8355
19.0790,576,1.8581
19.0833,583,1.8806
19.0877,588,1.8968
19.0920,593,1.9129
19.0963,596,1.9226
19.1008,600,1.9355
19.1052,601,1.9387
19.1095,601,1.9387
19.1139,599,1.9323
19.1182,599,1.9323
19.1225,593,1.9129
19.1269,589,1.9000
19.1312,584,1.8839
19.1355,576,1.8581
19.1398,568,1.8323
19.1441,559,1.8032
19.1484,551,1.7774
19.1526,542,1.7484
19.1569,531,1.7129
19.1612,521,1.6806
19.1655,511,1.6484
19.1698,501,1.6161
19.1741,489,1.5774
19.1784,480,1.5484
19.1827,471,1.5194
19.1870,461,1.4871
19.1913,454,1.4645
19.1956,451,1.4548
19.1999,453,1.4613
19.2042,455,1.4677
19.2085,457,1.4742
19.2128,458,1.4774
19.2171,460,1.4839
19.2213,461,1.4871
19.2257,461,1.4871
19.2300,463,1.4935
19.2344,463,1.4935
19.2387,464,1.4968
19.2430,465,1.5000
19.2474,466,1.5032
19.2517,466,1.5032
19.2561,471,1.5194
19.2604,482,1.5548
19.2647,495,1.5968
19.2691,505,1.6290
19.2734,517,1.6677
19.2777,525,1.6935
19.2821,532,1.7161
19.2864,539,1.7387
19.2907,543,1.7516
19.2950,543,1.7516
19.2994,540,1.7419
19.3037,535,1.7258
19.3080,528,1.7032
19.3124,519,1.6742
19.3167,509,1.6419
19.3210,498,1.6065
19.3254,487,1.5710
19.3297,477,1.5387
19.3340,472,1.5226
19.3383,471,1.5194
19.3426,472,1.5226
19.3469,473,1.5258
19.3511,474,1.5290
19.3554,473,1.5258
19.3597,474,1.5290
19.3640,475,1.5323
19.3683,477,1.5387
19.3726,478,1.5419
19.3769,478,1.5419
19.3812,478,1.5419
19.3855,474,1.5290
19.3898,458,1.4774
19.3941,433,1.3968
19.3985,416,1.3419
19.4029,440,1.4194
19.4072,515,1.6613
19.4115,628,2.0258
19.4158,763,2.4613
19.4201,894,2.8839
19.4245,962,3.1032
19.4288,928,2.9935
19.4331,821,2.6484
19.4374,677,2.1839
19.4417,538,1.7355
19.4460,448,1.4452
19.4503,408,1.3161
19.4546,400,1.2903
19.4589,415,1.3387
19.4632,437,1.4097
19.4675,451,1.4548
19.4718,458,1.4774
19.4761,459,1.4806
19.4804,460,1.4839
19.4847,460,1.4839
19.4890,462,1.4903
19.4933,462,1.4903
19.4976,464,1.4968
19.5019,466,1.5032
19.5062,467,1.5065
19.5105,468,1.5097
19.5148,470,1.5161
19.5190,470,1.5161
19.5233,472,1.5226
19.5276,471,1.5194
19.5320,474,1.5290
19.5363,479,1.5452
19.5407,487,1.5710
19.5450,497,1.6032
19.5493,508,1.6387
19.5537,520,1.6774
19.5580,530,1.7097
19.5623,540,1.7419
19.5666,549,1.7710
19.5710,560,1.8065
19.5753,569,1.8355
19.5796,577,1.8613
19.5840,585,1.8871
19.5883,591,1.9065
19.5927,596,1.9226
19.5970,600,1.9355
19.6013,601,1.9387
19.6056,601,1.9387
19.6100,603,1.9452
19.6143,600,1.9355
19.6186,596,1.9226
19.6229,595,1.9194
19.6273,590,1.9032
19.6316,583,1.8806
19.6360,576,1.8581
19.6403,568,1.8323
19.6446,559,1.8032
19.6489,550,1.7742
19.6533,540,1.7419
19.6576,531,1.7129
19.6619,520,1.6774
19.6663,511,1.6484
19.6706,499,1.6097
19.6749,488,1.5742
19.6793,478,1.5419
19.6836,469,1.5129
19.6879,460,1.4839
19.6923,453,1.4613
19.6966,452,1.4581
19.7009,453,1.4613
19.7053,454,1.4645
19.7096,455,1.4677
19.7139,456,1.4710
19.7183,457,1.4742
19.7226,459,1.4806
19.7269,460,1.4839
19.7312,463,1.4935
19.7355,464,1.4968
19.7398,464,1.4968
19.7441,464,1.4968
19.7484,465,1.5000
19.7527,467,1.5065
19.7570,474,1.5290
19.7613,484,1.5613
19.7656,496,1.6000
19.7699,508,1.6387
19.7742,519,1.6742
19.7785,527,1.7000
19.7828,535,1.7258
19.7871,541,1.7452
19.7914,544,1.7548
19.7957,542,1.7484
19.8000,540,1.7419
19.8042,534,1.7226
19.8085,526,1.6968
19.8128,516,1.6645
19.8171,506,1.6323
19.8214,495,1.5968
19.8257,485,1.5645
19.8300,477,1.5387
19.8344,470,1.5161
19.8387,468,1.5097
19.8430,467,1.5065
19.8474,470,1.5161
19.8518,472,1.5226
19.8561,473,1.5258
19.8604,475,1.5323
19.8648,475,1.5323
19.8691,474,1.5290
19.8734,475,1.5323
19.8777,477,1.5387
19.8821,478,1.5419
19.8864,477,1.5387
19.8907,472,1.5226
19.8951,455,1.4677
19.8994,431,1.3903
19.9037,417,1.3452
19.9080,443,1.4290
19.9124,518,1.6710
19.9167,634,2.0452
19.9210,771,2.4871
19.9254,902,2.9097
19.9297,964,3.1097
19.9340,927,2.9903
19.9383,815,2.6290
19.9426,671,2.1645
19.9469,533,1.7194
19.9512,446,1.4387
19.9555,408,1.3161
19.9598,402,1.2968
19.9644,418,1.3484
19.9687,440,1.4194
19.9730,453,1.4613
19.9773,459,1.4806
19.9816,460,1.4839
19.9859,460,1.4839
19.9902,461,1.4871
19.9946,462,1.4903
19.9990,464,1.4968
20.0034,466,1.5032
20.0078,467,1.5065
20.0126,467,1.5065
20.0169,467,1.5065
20.0228,468,1.5097
20.0273,469,1.5129
20.0317,469,1.5129
20.0360,470,1.5161
20.0403,475,1.5323
20.0446,484,1.5613
20.0491,494,1.5935
20.0534,506,1.6323
20.0577,516,1.6645
20.0620,527,1.7000
20.0662,537,1.7323
20.0705,547,1.7645
20.0748,556,1.7935
20.0791,564,1.8194
20.0833,572,1.8452
20.0876,581,1.8742
20.0919,586,1.8903
20.0961,593,1.9129
20.1004,597,1.9258
20.1047,600,1.9355
20.1089,602,1.9419
20.1132,601,1.9387
20.1175,601,1.9387
20.1218,599,1.9323
20.1260,595,1.9194
20.1303,592,1.9097
20.1346,586,1.8903
20.1389,579,1.8677
20.1432,571,1.8419
20.1475,564,1.8194
20.1518,554,1.7871
20.1562,544,1.7548
20.1605,534,1.7226
20.1648,525,1.6935
20.1691,515,1.6613
20.1734,507,1.6355
20.1777,496,1.6000
20.1820,487,1.5710
20.1863,477,1.5387
20.1906,466,1.5032
20.1949,457,1.4742
20.1992,452,1.4581
20.2035,452,1.4581
20.2078,453,1.4613
20.2121,455,1.4677
20.2164,455,1.4677
20.2207,457,1.4742
20.2250,459,1.4806
20.2293,460,1.4839
20.2336,460,1.4839
20.2379,460,1.4839
20.2422,461,1.4871
20.2464,463,1.4935
20.2507,465,1.5000
20.2550,466,1.5032
20.2593,469,1.5129
20.2636,478,1.5419
20.2678,487,1.5710
20.2721,499,1.6097
20.2764,511,1.6484
20.2807,521,1.6806
20.2850,529,1.7065
20.2893,535,1.7258
20.2936,541,1.7452
20.2982,544,1.7548
20.3026,542,1.7484
20.3069,539,1.7387
20.3112,530,1.7097
20.3155,523,1.6871
20.3197,512,1.6516
20.3240,503,1.6226
20.3283,492,1.5871
20.3326,482,1.5548
20.3368,473,1.5258
20.3411,470,1.5161
20.3454,470,1.5161
20.3497,470,1.5161
20.3539,473,1.5258
20.3582,475,1.5323
20.3625,476,1.5355
20.3667,477,1.5387
20.3710,477,1.5387
20.3753,478,1.5419
20.3796,479,1.5452
20.3839,479,1.5452
20.3881,477,1.5387
20.3924,469,1.5129
20.3967,448,1.4452
20.4010,425,1.3710
20.4052,421,1.3581
20.4095,463,1.4935
20.4138,551,1.7774
20.4180,673,2.1710
20.4223,809,2.6097
20.4265,929,2.9968
20.4308,964,3.1097
20.4351,904,2.9161
20.4394,779,2.5129
20.4437,634,2.0452
20.4481,505,1.6290
20.4525,431,1.3903
20.4567,404,1.3032
20.4611,405,1.3065
20.4654,423,1.3645
20.4697,444,1.4323
20.4740,455,1.4677
20.4783,459,1.4806
20.4826,460,1.4839
20.4869,460,1.4839
20.4912,459,1.4806
20.4955,460,1.4839
20.4997,463,1.4935
20.5040,465,1.5000
20.5084,467,1.5065
20.5126,467,1.5065
20.5170,469,1.5129
20.5212,470,1.5161
20.5255,471,1.5194
20.5299,471,1.5194
20.5342,471,1.5194
20.5385,473,1.5258
20.5428,480,1.5484
20.5470,490,1.5806
20.5514,500,1.6129
20.5556,510,1.6452
20.5599,520,1.6774
20.5641,530,1.7097
20.5684,541,1.7452
20.5728,550,1.7742
20.5770,560,1.8065
20.5813,569,1.8355
20.5856,577,1.8613
20.5898,583,1.8806
20.5941,589,1.9000
20.5984,593,1.9129
20.6027,598,1.9290
20.6069,601,1.9387
20.6112,602,1.9419
20.6155,601,1.9387
20.6197,600,1.9355
20.6240,598,1.9290
20.6283,594,1.9161
20.6326,589,1.9000
20.6369,583,1.8806
20.6412,576,1.8581
20.6455,569,1.8355
20.6499,560,1.8065
20.6542,551,1.7774
20.6585,542,1.7484
20.6628,532,1.7161
20.6671,522,1.6839
20.6714,511,1.6484
20.6757,499,1.6097
20.6800,489,1.5774
20.6843,479,1.5452
20.6887,471,1.5194
20.6929,461,1.4871
20.6972,455,1.4677
20.7015,452,1.4581
20.7059,454,1.4645
20.7102,455,1.4677
20.7145,457,1.4742
20.7188,459,1.4806
20.7231,460,1.4839
20.7274,462,1.4903
20.7318,462,1.4903
20.7360,463,1.4935
20.7403,464,1.4968
20.7446,464,1.4968
20.7490,466,1.5032
20.7532,467,1.5065
20.7576,469,1.5129
20.7618,476,1.5355
20.7661,487,1.5710
20.7704,498,1.6065
20.7747,509,1.6419
20.7789,520,1.6774
20.7832,529,1.7065
20.7875,537,1.7323
20.7918,542,1.7484
20.7960,544,1.7548
20.8003,545,1.7581
20.8046,542,1.7484
20.8088,536,1.7290
20.8131,526,1.6968
20.8174,518,1.6710
20.8217,509,1.6419
20.8259,497,1.6032
20.8302,487,1.5710
20.8346,477,1.5387
20.8389,471,1.5194
20.8432,469,1.5129
20.8475,470,1.5161
20.8518,471,1.5194
20.8561,471,1.5194
20.8604,473,1.5258
20.8647,474,1.5290
20.8690,476,1.5355
20.8734,478,1.5419
20.8776,478,1.5419
20.8819,478,1.5419
20.8863,478,1.5419
20.8905,474,1.5290
20.8949,458,1.4774
20.8993,434,1.4000
20.9037,419,1.3516
20.9081,444,1.4323
20.9124,518,1.6710
20.9167,634,2.0452
20.9210,768,2.4774
20.9253,900,2.9032
20.9296,963,3.1065
20.9339,931,3.0032
20.9382,820,2.6452
20.9425,678,2.1871
20.9468,540,1.7419
20.9511,450,1.4516
20.9553,410,1.3226
20.9596,402,1.2968
20.9639,416,1.3419
20.9682,437,1.4097
20.9724,452,1.4581
20.9767,459,1.4806
20.9810,461,1.4871
20.9853,461,1.4871
20.9895,461,1.4871
20.9939,461,1.4871
20.9982,463,1.4935
21.0024,464,1.4968
21.0067,465,1.5000
21.0109,466,1.5032
21.0152,466,1.5032
21.0195,467,1.5065
21.0238,468,1.5097
21.0280,469,1.5129
21.0323,470,1.5161
21.0365,471,1.5194
21.0409,476,1.5355
21.0452,486,1.5677
21.0496,495,1.5968
21.0540,506,1.6323
21.0583,516,1.6645
21.0626,527,1.7000
21.0669,537,1.7323
21.0712,547,1.7645
21.0755,555,1.7903
21.0798,565,1.8226
21.0841,573,1.8484
21.0884,581,1.8742
21.0927,587,1.8935
21.0970,593,1.9129
21.1013,598,1.9290
21.1056,600,1.9355
21.1099,601,1.9387
21.1143,602,1.9419
21.1186,602,1.9419
21.1229,600,1.9355
21.1272,594,1.9161
21.1315,590,1.9032
21.1358,584,1.8839
21.1401,578,1.8645
21.1444,570,1.8387
21.1487,560,1.8065
21.1530,552,1.7806
21.1574,543,1.7516
21.1617,532,1.7161
21.1660,522,1.6839
21.1703,511,1.6484
21.1746,501,1.6161
21.1789,491,1.5839
21.1832,482,1.5548
21.1876,472,1.5226
21.1919,463,1.4935
21.1962,455,1.4677
21.2006,452,1.4581
21.2050,452,1.4581
21.2094,453,1.4613
21.2137,454,1.4645
21.2180,456,1.4710
21.2223,457,1.4742
21.2266,459,1.4806
21.2309,459,1.4806
21.2352,460,1.4839
21.2395,461,1.4871
21.2438,463,1.4935
21.2481,464,1.4968
21.2524,464,1.4968
21.2567,466,1.5032
21.2609,470,1.5161
21.2652,481,1.5516
21.2695,493,1.5903
21.2737,503,1.6226
21.2780,515,1.6613
21.2823,525,1.6935
21.2866,533,1.7194
21.2908,538,1.7355
21.2951,540,1.7419
21.2994,542,1.7484
21.3037,541,1.7452
21.3080,537,1.7323
21.3122,531,1.7129
21.3165,522,1.6839
21.3208,512,1.6516
21.3250,502,1.6194
21.3293,490,1.5806
21.3336,480,1.5484
21.3378,472,1.5226
21.3421,470,1.5161
21.3464,470,1.5161
21.3508,472,1.5226
21.3551,474,1.5290
21.3593,474,1.5290
21.3636,475,1.5323
21.3679,476,1.5355
21.3722,477,1.5387
21.3765,478,1.5419
21.3808,477,1.5387
21.3851,478,1.5419
21.3894,475,1.5323
21.3937,463,1.4935
21.3980,440,1.4194
21.4023,419,1.3516
21.4066,428,1.3806
21.4109,487,1.5710
21.4152,588,1.8968
21.4195,717,2.3129
21.4238,856,2.7613
21.4281,952,3.0710
21.4324,951,3.0677
21.4367,864,2.7871
21.4410,729,2.3516
21.4453,583,1.8806
21.4496,474,1.5290
21.4540,419,1.3516
21.4583,401,1.2935
21.4626,410,1.3226
21.4669,430,1.3871
21.4712,447,1.4419
21.4755,455,1.4677
21.4798,458,1.4774
21.4841,460,1.4839
21.4884,460,1.4839
21.4927,461,1.4871
21.4970,461,1.4871
21.5013,461,1.4871
21.5056,462,1.4903
21.5099,463,1.4935
21.5142,465,1.5000
21.5185,465,1.5000
21.5228,468,1.5097
21.5271,468,1.5097
21.5314,470,1.5161
21.5357,471,1.5194
21.5400,475,1.5323
21.5443,483,1.5581
21.5486,493,1.5903
21.5529,504,1.6258
21.5572,514,1.6581
21.5615,525,1.6935
21.5659,535,1.7258
21.5702,545,1.7581
21.5745,555,1.7903
21.5788,565,1.8226
21.5831,572,1.8452
21.5874,579,1.8677
21.5917,583,1.8806
21.5960,591,1.9065
21.6003,595,1.9194
21.6046,599,1.9323
21.6089,603,1.9452
21.6132,603,1.9452
21.6175,603,1.9452
21.6218,600,1.9355
21.6261,596,1.9226
21.6304,592,1.9097
21.6347,586,1.8903
21.6390,581,1.8742
21.6433,572,1.8452
21.6476,566,1.8258
21.6520,557,1.7968
21.6563,546,1.7613
21.6606,537,1.7323
21.6649,526,1.6968
21.6692,514,1.6581
21.6735,505,1.6290
21.6778,493,1.5903
21.6821,483,1.5581
21.6864,473,1.5258
21.6907,464,1.4968
21.6950,456,1.4710
21.6993,451,1.4548
21.7036,451,1.4548
21.7079,452,1.4581
21.7122,453,1.4613
21.7165,455,1.4677
21.7208,456,1.4710
21.7251,457,1.4742
21.7333,460,1.4839
21.7377,461,1.4871
21.7420,464,1.4968
21.7463,464,1.4968
21.7507,465,1.5000
21.7550,465,1.5000
21.7592,467,1.5065
21.7635,469,1.5129
21.7678,477,1.5387
21.7721,488,1.5742
21.7763,499,1.6097
21.7806,510,1.6452
21.7849,520,1.6774
21.7891,527,1.7000
21.7934,536,1.7290
21.7978,539,1.7387
21.8022,544,1.7548
21.8066,544,1.7548
21.8109,539,1.7387
21.8151,533,1.7194
21.8194,526,1.6968
21.8237,518,1.6710
21.8279,507,1.6355
21.8322,497,1.6032
21.8365,485,1.5645
21.8408,477,1.5387
21.8450,473,1.5258
21.8493,471,1.5194
21.8536,472,1.5226
21.8579,473,1.5258
21.8622,474,1.5290
21.8664,475,1.5323
21.8707,476,1.5355
21.8750,476,1.5355
21.8792,477,1.5387
21.8835,478,1.5419
21.8878,480,1.5484
21.8920,479,1.5452
21.8963,473,1.5258
21.9005,454,1.4645
21.9048,430,1.3871
21.9091,417,1.3452
21.9136,448,1.4452
21.9179,526,1.6968
21.9221,642,2.0710
21.9264,779,2.5129
21.9306,907,2.9258
21.9349,963,3.1065
21.9392,925,2.9839
21.9434,814,2.6258
21.9477,671,2.1645
21.9521,532,1.7161
21.9564,447,1.4419
21.9607,408,1.3161
21.9650,402,1.2968
21.9693,417,1.3452
21.9736,438,1.4129
21.9779,453,1.4613
21.9822,458,1.4774
21.9865,458,1.4774
21.9908,459,1.4806
21.9951,460,1.4839
21.9994,461,1.4871
22.0036,462,1.4903
22.0079,464,1.4968
22.0122,465,1.5000
22.0165,466,1.5032
22.0208,467,1.5065
22.0251,468,1.5097
22.0294,469,1.5129
22.0337,470,1.5161
22.0380,470,1.5161
22.0423,471,1.5194
22.0466,476,1.5355
22.0510,485,1.5645
22.0552,496,1.6000
22.0596,507,1.6355
22.0638,515,1.6613
22.0681,521,1.6806
22.0724,529,1.7065
22.0767,540,1.7419
22.0811,549,1.7710
22.0854,560,1.8065
22.0897,568,1.8323
22.0940,577,1.8613
22.0983,584,1.8839
22.1028,590,1.9032
22.1072,595,1.9194
22.1117,599,1.9323
22.1161,600,1.9355
22.1203,603,1.9452
22.1247,602,1.9419
22.1290,602,1.9419
22.1333,598,1.9290
22.1376,593,1.9129
22.1419,588,1.8968
22.1462,583,1.8806
22.1505,575,1.8548
22.1548,567,1.8290
22.1591,559,1.8032
22.1634,551,1.7774
22.1676,540,1.7419
22.1719,530,1.7097
22.1762,519,1.6742
22.1804,509,1.6419
22.1847,500,1.6129
22.1889,489,1.5774
22.1932,479,1.5452
22.1975,471,1.5194
22.2018,462,1.4903
22.2060,456,1.4710
22.2103,454,1.4645
22.2146,454,1.4645
22.2188,455,1.4677
22.2231,457,1.4742
22.2274,458,1.4774
22.2317,460,1.4839
22.2359,461,1.4871
22.2402,461,1.4871
22.2445,462,1.4903
22.2488,463,1.4935
22.2532,465,1.5000
22.2576,465,1.5000
22.2619,465,1.5000
22.2662,466,1.5032
22.2705,472,1.5226
22.2748,483,1.5581
22.2791,494,1.5935
22.2834,507,1.6355
22.2877,518,1.6710
22.2920,527,1.7000
22.2963,534,1.7226
22.3006,541,1.7452
22.3049,543,1.7516
22.3092,545,1.7581
22.3136,541,1.7452
22.3179,535,1.7258
22.3222,527,1.7000
22.3265,519,1.6742
22.3308,508,1.6387
22.3351,497,1.6032
22.3394,487,1.5710
22.3437,477,1.5387
22.3481,470,1.5161
22.3524,468,1.5097
22.3568,470,1.5161
22.3611,472,1.5226
22.3653,472,1.5226
22.3696,473,1.5258
22.3739,474,1.5290
22.3781,474,1.5290
22.3824,476,1.5355
22.3867,476,1.5355
22.3909,477,1.5387
22.3952,478,1.5419
22.3995,477,1.5387
22.4038,469,1.5129
22.4080,447,1.4419
22.4123,423,1.3645
22.4165,422,1.3613
22.4208,466,1.5032
22.4251,557,1.7968
22.4293,678,2.1871
22.4336,817,2.6355
22.4379,932,3.0065
22.4421,962,3.1032
22.4464,898,2.8968
22.4507,773,2.4935
22.4550,624,2.0129
22.4593,500,1.6129
22.4637,430,1.3871
22.4679,404,1.3032
22.4722,406,1.3097
22.4766,424,1.3677
22.4809,444,1.4323
22.4852,457,1.4742
22.4894,460,1.4839
22.4938,461,1.4871
22.4981,461,1.4871
22.5024,460,1.4839
22.5066,462,1.4903
22.5110,463,1.4935
22.5153,463,1.4935
22.5196,465,1.5000
22.5239,467,1.5065
22.5281,467,1.5065
22.5325,469,1.5129
22.5367,471,1.5194
22.5410,470,1.5161
22.5454,471,1.5194
22.5497,474,1.5290
22.5540,480,1.5484
22.5583,490,1.5806
22.5625,500,1.6129
22.5668,510,1.6452
22.5711,523,1.6871
22.5753,534,1.7226
22.5796,543,1.7516
22.5839,553,1.7839
22.5882,561,1.8097
22.5924,568,1.8323
22.5967,577,1.8613
22.6010,585,1.8871
22.6053,592,1.9097
22.6095,595,1.9194
22.6138,600,1.9355
22.6181,602,1.9419
22.6224,603,1.9452
22.6267,602,1.9419
22.6309,600,1.9355
22.6352,597,1.9258
22.6394,594,1.9161
22.6437,590,1.9032
22.6480,582,1.8774
22.6523,576,1.8581
22.6566,567,1.8290
22.6608,558,1.8000
22.6651,550,1.7742
22.6694,542,1.7484
22.6738,530,1.7097
22.6781,519,1.6742
22.6824,509,1.6419
22.6867,500,1.6129
22.6910,489,1.5774
22.6953,479,1.5452
22.6998,470,1.5161
22.7042,461,1.4871
22.7086,455,1.4677
22.7129,448,1.4452
22.7172,452,1.4581
22.7215,453,1.4613
22.7258,455,1.4677
22.7301,456,1.4710
22.7344,457,1.4742
22.7387,458,1.4774
22.7430,460,1.4839
22.7473,460,1.4839
22.7518,462,1.4903
22.7561,464,1.4968
22.7603,466,1.5032
22.7646,466,1.5032
22.7689,466,1.5032
22.7732,474,1.5290
22.7775,484,1.5613
22.7818,497,1.6032
22.7861,508,1.6387
22.7904,518,1.6710
22.7946,528,1.7032
22.7989,536,1.7290
22.8032,542,1.7484
22.8075,545,1.7581
22.8118,545,1.7581
22.8160,541,1.7452
22.8203,535,1.7258
22.8246,527,1.7000
22.8288,519,1.6742
22.8331,508,1.6387
22.8373,497,1.6032
22.8416,486,1.5677
22.8459,477,1.5387
22.8502,470,1.5161
22.8545,469,1.5129
22.8588,470,1.5161
22.8630,471,1.5194
22.8673,473,1.5258
22.8716,473,1.5258
22.8759,475,1.5323
22.8802,475,1.5323
22.8845,476,1.5355
22.8888,478,1.5419
22.8931,478,1.5419
22.8973,478,1.5419
22.9016,472,1.5226
22.9060,456,1.4710
22.9103,433,1.3968
22.9146,418,1.3484
22.9189,440,1.4194
22.9232,511,1.6484
22.9275,624,2.0129
22.9318,759,2.4484
22.9361,892,2.8774
22.9404,964,3.1097
22.9447,936,3.0194
22.9490,827,2.6677
22.9535,680,2.1935
22.9578,541,1.7452
22.9621,451,1.4548
22.9663,408,1.3161
22.9706,400,1.2903
22.9749,406,1.3097
22.9791,421,1.3581
22.9834,440,1.4194
22.9877,453,1.4613
22.9919,459,1.4806
22.9963,461,1.4871
23.0007,462,1.4903
23.0052,463,1.4935
23.0095,464,1.4968
23.0138,465,1.5000
23.0181,466,1.5032
23.0223,467,1.5065
23.0266,467,1.5065
23.0308,469,1.5129
23.0351,469,1.5129
23.0393,471,1.5194
23.0436,472,1.5226
23.0479,473,1.5258
23.0522,474,1.5290
23.0565,479,1.5452
23.0608,487,1.5710
23.0650,498,1.6065
23.0693,509,1.6419
23.0736,518,1.6710
23.0778,528,1.7032
23.0821,539,1.7387
23.0864,549,1.7710
23.0907,557,1.7968
23.0949,566,1.8258
23.0992,575,1.8548
23.1035,583,1.8806
23.1077,589,1.9000
23.1120,596,1.9226
23.1163,598,1.9290
23.1205,601,1.9387
23.1248,603,1.9452
23.1291,603,1.9452
23.1334,602,1.9419
23.1376,600,1.9355
23.1419,597,1.9258
23.1461,591,1.9065
23.1504,586,1.8903
23.1547,581,1.8742
23.1590,572,1.8452
23.1633,564,1.8194
23.1677,554,1.7871
23.1720,545,1.7581
23.1763,536,1.7290
23.1807,524,1.6903
23.1850,514,1.6581
23.1893,504,1.6258
23.1937,494,1.5935
23.1980,484,1.5613
23.2023,474,1.5290
23.2067,464,1.4968
23.2110,456,1.4710
23.2154,452,1.4581
23.2197,453,1.4613
23.2240,454,1.4645
23.2284,456,1.4710
23.2327,456,1.4710
23.2371,458,1.4774
23.2414,460,1.4839
23.2457,460,1.4839
23.2501,461,1.4871
23.2544,461,1.4871
23.2588,463,1.4935
23.2631,465,1.5000
23.2674,465,1.5000
23.2717,467,1.5065
23.2761,470,1.5161
23.2804,480,1.5484
23.2847,491,1.5839
23.2889,503,1.6226
23.2932,515,1.6613
23.2976,524,1.6903
23.3019,533,1.7194
23.3062,540,1.7419
23.3105,544,1.7548
23.3148,546,1.7613
23.3191,545,1.7581
23.3234,540,1.7419
23.3277,532,1.7161
23.3320,523,1.6871
23.3363,514,1.6581
23.3406,503,1.6226
23.3449,491,1.5839
23.3493,481,1.5516
23.3536,474,1.5290
23.3579,471,1.5194
23.3622,471,1.5194
23.3665,472,1.5226
23.3708,473,1.5258
23.3751,474,1.5290
23.3794,474,1.5290
23.3837,475,1.5323
23.3880,476,1.5355
23.3923,476,1.5355
23.3966,478,1.5419
23.4009,479,1.5452
23.4052,477,1.5387
23.4095,466,1.5032
23.4138,443,1.4290
23.4181,420,1.3548
23.4224,427,1.3774
23.4267,482,1.5548
23.4310,580,1.8710
23.4353,709,2.2871
23.4396,847,2.7323
23.4439,950,3.0645
23.4482,954,3.0774
23.4525,871,2.8097
23.4568,738,2.3806
23.4611,589,1.9000
23.4654,478,1.5419
23.4697,420,1.3548
23.4740,402,1.2968
23.4783,409,1.3194
23.4826,430,1.3871
23.4869,448,1.4452
23.4912,457,1.4742
23.4961,460,1.4839
23.5005,460,1.4839
23.5047,461,1.4871
23.5090,462,1.4903
23.5133,463,1.4935
23.5176,463,1.4935
23.5219,465,1.5000
23.5261,465,1.5000
23.5304,466,1.5032
23.5346,467,1.5065
23.5389,469,1.5129
23.5431,470,1.5161
23.5474,470,1.5161
23.5517,472,1.5226
23.5559,475,1.5323
23.5602,483,1.5581
23.5646,494,1.5935
23.5689,504,1.6258
23.5732,513,1.6548
23.5778,524,1.6903
23.5821,536,1.7290
23.5864,547,1.7645
23.5907,557,1.7968
23.5951,566,1.8258
23.5996,575,1.8548
23.6040,586,1.8903
23.6086,588,1.8968
23.6129,593,1.9129
23.6172,597,1.9258
23.6215,600,1.9355
23.6258,603,1.9452
23.6301,601,1.9387
23.6344,599,1.9323
23.6387,598,1.9290
23.6431,594,1.9161
23.6474,589,1.9000
23.6519,583,1.8806
23.6562,575,1.8548
23.6605,569,1.8355
23.6648,561,1.8097
23.6691,554,1.7871
23.6733,544,1.7548
23.6776,535,1.7258
23.6818,524,1.6903
23.6861,513,1.6548
23.6904,504,1.6258
23.6946,493,1.5903
23.6989,482,1.5548
23.7032,475,1.5323
23.7075,465,1.5000
23.7117,457,1.4742
23.7160,453,1.4613
23.7203,452,1.4581
23.7245,453,1.4613
23.7288,455,1.4677
23.7330,457,1.4742
23.7373,458,1.4774
23.7416,460,1.4839
23.7459,460,1.4839
23.7502,463,1.4935
23.7544,464,1.4968
23.7587,465,1.5000
23.7629,467,1.5065
23.7673,467,1.5065
23.7716,466,1.5032
23.7759,471,1.5194
23.7802,480,1.5484
23.7845,491,1.5839
23.7888,503,1.6226
23.7931,514,1.6581
23.7974,524,1.6903
23.8017,533,1.7194
23.8060,539,1.7387
23.8104,543,1.7516
23.8147,544,1.7548
23.8190,542,1.7484
23.8234,537,1.7323
23.8277,530,1.7097
23.8321,521,1.6806
23.8363,511,1.6484
23.8406,501,1.6161
23.8449,491,1.5839
23.8492,481,1.5516
23.8535,472,1.5226
23.8578,469,1.5129
23.8621,469,1.5129
23.8665,471,1.5194
23.8708,472,1.5226
23.8751,472,1.5226
23.8794,473,1.5258
23.8837,475,1.5323
23.8880,475,1.5323
23.8923,477,1.5387
23.8966,478,1.5419
23.9010,478,1.5419
23.9057,475,1.5323
23.9101,462,1.4903
23.9145,438,1.4129
23.9188,417,1.3452
23.9232,431,1.3903
23.9276,497,1.6032
23.9319,607,1.9581
23.9363,741,2.3903
23.9406,879,2.8355
23.9449,960,3.0968
23.9493,941,3.0355
23.9537,837,2.7000
23.9580,697,2.2484
23.9624,551,1.7774
23.9674,445,1.4355
23.9718,405,1.3065
23.9760,400,1.2903
23.9803,415,1.3387
23.9846,437,1.4097
23.9889,452,1.4581
23.9933,457,1.4742
23.9976,458,1.4774
24.0019,458,1.4774
24.0062,460,1.4839
24.0105,461,1.4871
24.0148,462,1.4903
24.0191,463,1.4935
24.0234,465,1.5000
24.0277,466,1.5032
24.0320,467,1.5065
24.0363,469,1.5129
24.0406,470,1.5161
24.0449,470,1.5161
24.0496,471,1.5194
24.0539,472,1.5226
24.0582,476,1.5355
24.0625,486,1.5677
24.0674,497,1.6032
24.0718,509,1.6419
24.0761,520,1.6774
24.0804,531,1.7129
24.0847,541,1.7452
24.0890,551,1.7774
24.0933,561,1.8097
24.0976,571,1.8419
24.1019,578,1.8645
24.1062,585,1.8871
24.1110,591,1.9065
24.1154,595,1.9194
24.1197,598,1.9290
24.1240,599,1.9323
24.1283,602,1.9419
24.1326,601,1.9387
24.1369,598,1.9290
24.1412,596,1.9226
24.1455,591,1.9065
24.1498,588,1.8968
24.1541,581,1.8742
24.1584,573,1.8484
24.1628,564,1.8194
24.1671,557,1.7968
24.1714,545,1.7581
24.1757,536,1.7290
24.1800,527,1.7000
24.1843,517,1.6677
24.1886,506,1.6323
24.1929,495,1.5968
24.1972,485,1.5645
24.2015,477,1.5387
24.2058,468,1.5097
24.2101,459,1.4806
24.2144,453,1.4613
24.2188,452,1.4581
24.2231,453,1.4613
24.2274,454,1.4645
24.2317,456,1.4710
24.2360,457,1.4742
24.2403,459,1.4806
24.2446,459,1.4806
24.2489,460,1.4839
24.2532,461,1.4871
24.2575,462,1.4903
24.2618,464,1.4968
24.2661,464,1.4968
24.2705,465,1.5000
24.2748,468,1.5097
24.2791,476,1.5355
24.2834,487,1.5710
24.2877,499,1.6097
24.2920,510,1.6452
24.2963,521,1.6806
24.3006,530,1.7097
24.3049,536,1.7290
24.3092,541,1.7452
24.3135,544,1.7548
24.3178,543,1.7516
24.3221,539,1.7387
24.3264,532,1.7161
24.3307,524,1.6903
24.3350,515,1.6613
24.3393,505,1.6290
24.3436,494,1.5935
24.3479,483,1.5581
24.3522,474,1.5290
24.3565,471,1.5194
24.3608,471,1.5194
24.3654,470,1.5161
24.3697,470,1.5161
24.3740,471,1.5194
24.3783,472,1.5226
24.3826,474,1.5290
24.3869,475,1.5323
24.3912,477,1.5387
24.3955,477,1.5387
24.3998,479,1.5452
24.4041,479,1.5452
24.4084,469,1.5129
24.4127,448,1.4452
24.4174,423,1.3645
24.4218,424,1.3677
24.4261,470,1.5161
24.4303,563,1.8161
24.4346,687,2.2161
24.4389,827,2.6677
24.4433,940,3.0323
24.4476,960,3.0968
24.4519,887,2.8613
24.4562,759,2.4484
24.4605,613,1.9774
24.4648,492,1.5871
24.4691,424,1.3677
24.4734,401,1.2935
24.4777,404,1.3032
24.4820,425,1.3710
24.4864,445,1.4355
24.4906,455,1.4677
24.4949,459,1.4806
24.4994,459,1.4806
24.5038,458,1.4774
24.5082,460,1.4839
24.5125,460,1.4839
24.5168,462,1.4903
24.5212,464,1.4968
24.5255,466,1.5032
24.5298,466,1.5032
24.5341,467,1.5065
24.5383,467,1.5065
24.5426,468,1.5097
24.5470,470,1.5161
24.5513,470,1.5161
24.5556,472,1.5226
24.5599,481,1.5516
24.5648,493,1.5903
24.5691,505,1.6290
24.5734,515,1.6613
24.5778,526,1.6968
24.5821,536,1.7290
24.5864,547,1.7645
24.5907,558,1.8000
24.5950,565,1.8226
24.5993,574,1.8516
24.6036,580,1.8710
24.6079,587,1.8935
24.6122,592,1.9097
24.6165,596,1.9226
24.6208,599,1.9323
24.6251,602,1.9419
24.6294,602,1.9419
24.6337,601,1.9387
24.6380,599,1.9323
24.6424,597,1.9258
24.6467,592,1.9097
24.6510,585,1.8871
24.6553,579,1.8677
24.6596,570,1.8387
24.6639,563,1.8161
24.6682,554,1.7871
24.6725,545,1.7581
24.6768,536,1.7290
24.6811,525,1.6935
24.6854,515,1.6613
24.6897,504,1.6258
24.6940,495,1.5968
24.6983,486,1.5677
24.7026,475,1.5323
24.7069,465,1.5000
24.7112,457,1.4742
24.7155,452,1.4581
24.7198,452,1.4581
24.7242,454,1.4645
24.7285,455,1.4677
24.7328,456,1.4710
24.7371,458,1.4774
24.7414,459,1.4806
24.7457,460,1.4839
24.7500,461,1.4871
24.7543,463,1.4935
24.7586,464,1.4968
24.7629,465,1.5000
24.7672,466,1.5032
24.7716,467,1.5065
24.7759,468,1.5097
24.7802,471,1.5194
24.7845,478,1.5419
24.7893,489,1.5774
24.7936,500,1.6129
24.7979,512,1.6516
24.8024,523,1.6871
24.8068,530,1.7097
24.8112,539,1.7387
24.8155,543,1.7516
24.8198,544,1.7548
24.8241,544,1.7548
24.8284,540,1.7419
24.8328,533,1.7194
24.8371,525,1.6935
24.8414,516,1.6645
24.8457,505,1.6290
24.8500,494,1.5935
24.8543,483,1.5581
24.8586,474,1.5290
24.8629,470,1.5161
24.8672,470,1.5161
24.8716,471,1.5194
24.8759,473,1.5258
24.8802,475,1.5323
24.8845,476,1.5355
24.8888,476,1.5355
24.8931,479,1.5452
24.8974,480,1.5484
24.9017,480,1.5484
24.9060,480,1.5484
24.9103,479,1.5452
24.9146,469,1.5129
24.9190,448,1.4452
24.9233,425,1.3710
24.9275,422,1.3613
24.9318,466,1.5032
24.9361,556,1.7935
24.9404,678,2.1871
24.9446,818,2.6387
24.9489,931,3.0032
24.9532,962,3.1032
24.9576,897,2.8935
24.9619,771,2.4871
24.9661,624,2.0129
24.9704,501,1.6161
24.9748,429,1.3839
24.9791,403,1.3000
24.9834,402,1.2968
24.9877,414,1.3355
24.9920,434,1.4000
24.9963,450,1.4516
25.0006,459,1.4806
25.0049,462,1.4903
25.0092,462,1.4903
25.0135,463,1.4935
25.0179,463,1.4935
25.0224,464,1.4968
25.0269,465,1.5000
25.0314,465,1.5000
25.0359,468,1.5097
25.0403,470,1.5161
25.0447,470,1.5161
25.0493,471,1.5194
25.0537,472,1.5226
25.0580,472,1.5226
25.0624,473,1.5258
25.0667,480,1.5484
25.0710,488,1.5742
25.0754,499,1.6097
25.0797,510,1.6452
25.0840,521,1.6806
25.0883,531,1.7129
25.0926,540,1.7419
25.0969,550,1.7742
25.1012,561,1.8097
25.1055,569,1.8355
25.1098,576,1.8581
25.1141,583,1.8806
25.1184,589,1.9000
25.1227,594,1.9161
25.1270,598,1.9290
25.1313,601,1.9387
25.1356,602,1.9419
25.1399,602,1.9419
25.1442,601,1.9387
25.1485,599,1.9323
25.1528,595,1.9194
25.1571,591,1.9065
25.1615,584,1.8839
25.1658,578,1.8645
25.1700,569,1.8355
25.1743,561,1.8097
25.1787,552,1.7806
25.1830,543,1.7516
25.1873,534,1.7226
25.1915,523,1.6871
25.1958,513,1.6548
25.2002,501,1.6161
25.2045,491,1.5839
25.2087,482,1.5548
25.2130,472,1.5226
25.2173,463,1.4935
25.2216,456,1.4710
25.2260,452,1.4581
25.2303,452,1.4581
25.2345,453,1.4613
25.2389,454,1.4645
25.2432,455,1.4677
25.2475,457,1.4742
25.2518,457,1.4742
25.2561,458,1.4774
25.2604,461,1.4871
25.2647,463,1.4935
25.2695,463,1.4935
25.2739,464,1.4968
25.2783,464,1.4968
25.2826,465,1.5000
25.2869,470,1.5161
25.2912,479,1.5452
25.2955,491,1.5839
25.2998,503,1.6226
25.3041,515,1.6613
25.3084,524,1.6903
25.3127,532,1.7161
25.3170,539,1.7387
25.3213,542,1.7484
25.3256,544,1.7548
25.3299,540,1.7419
25.3342,535,1.7258
25.3385,528,1.7032
25.3428,520,1.6774
25.3471,510,1.6452
25.3514,498,1.6065
25.3557,488,1.5742
25.3600,477,1.5387
25.3643,470,1.5161
25.3686,468,1.5097
25.3729,469,1.5129
25.3772,471,1.5194
25.3815,472,1.5226
25.3858,473,1.5258
25.3901,475,1.5323
25.3944,476,1.5355
25.3993,476,1.5355
25.4037,477,1.5387
25.4081,478,1.5419
25.4124,477,1.5387
25.4167,474,1.5290
25.4210,458,1.4774
25.4254,433,1.3968
25.4297,417,1.3452
25.4340,439,1.4161
25.4383,510,1.6452
25.4426,624,2.0129
25.4469,760,2.4516
25.4512,893,2.8806
25.4555,963,3.1065
25.4598,934,3.0129
25.4641,826,2.6645
25.4684,684,2.2065
25.4728,543,1.7516
25.4771,452,1.4581
25.4815,409,1.3194
25.4858,401,1.2935
25.4901,406,1.3097
25.4944,422,1.3613
25.4987,442,1.4258
25.5030,456,1.4710
25.5073,462,1.4903
25.5116,462,1.4903
25.5159,462,1.4903
25.5202,462,1.4903
25.5245,463,1.4935
25.5289,464,1.4968
25.5332,467,1.5065
25.5375,468,1.5097
25.5418,468,1.5097
25.5461,469,1.5129
25.5505,471,1.5194
25.5548,471,1.5194
25.5591,473,1.5258
25.5638,472,1.5226
25.5682,475,1.5323
25.5725,481,1.5516
25.5767,490,1.5806
25.5811,501,1.6161
25.5854,513,1.6548
25.5897,523,1.6871
25.5940,533,1.7194
25.5983,544,1.7548
25.6026,554,1.7871
25.6069,564,1.8194
25.6112,573,1.8484
25.6155,580,1.8710
25.6198,587,1.8935
25.6241,592,1.9097
25.6284,596,1.9226
25.6327,600,1.9355
25.6370,602,1.9419
25.6413,603,1.9452
25.6459,603,1.9452
25.6503,601,1.9387
25.6546,598,1.9290
25.6589,594,1.9161
25.6632,590,1.9032
25.6675,583,1.8806
25.6718,575,1.8548
25.6761,570,1.8387
25.6804,559,1.8032
25.6847,550,1.7742
25.6890,542,1.7484
25.6934,532,1.7161
25.6977,522,1.6839
25.7022,512,1.6516
25.7065,503,1.6226
25.7118,490,1.5806
25.7162,479,1.5452
25.7205,470,1.5161
25.7248,462,1.4903
25.7291,455,1.4677
25.7334,452,1.4581
25.7377,454,1.4645
25.7420,455,1.4677
25.7463,457,1.4742
25.7506,459,1.4806
25.7550,459,1.4806
25.7593,460,1.4839
25.7635,462,1.4903
25.7678,463,1.4935
25.7721,464,1.4968
25.7769,464,1.4968
25.7812,466,1.5032
25.7855,466,1.5032
25.7898,468,1.5097
25.7942,476,1.5355
25.7985,487,1.5710
25.8028,499,1.6097
25.8070,511,1.6484
25.8113,521,1.6806
25.8157,530,1.7097
25.8200,537,1.7323
25.8243,542,1.7484
25.8286,546,1.7613
25.8329,545,1.7581
25.8372,540,1.7419
25.8415,534,1.7226
25.8458,528,1.7032
25.8501,517,1.6677
25.8550,505,1.6290
25.8593,495,1.5968
25.8636,483,1.5581
25.8679,475,1.5323
25.8722,471,1.5194
25.8766,471,1.5194
25.8809,472,1.5226
25.8852,473,1.5258
25.8895,474,1.5290
25.8938,476,1.5355
25.8981,476,1.5355
25.9024,476,1.5355
25.9067,478,1.5419
25.9110,478,1.5419
25.9153,479,1.5452
25.9196,478,1.5419
25.9239,469,1.5129
25.9282,446,1.4387
25.9325,422,1.3613
25.9369,422,1.3613
25.9411,470,1.5161
25.9454,564,1.8194
25.9497,690,2.2258
25.9540,829,2.6742
25.9584,939,3.0290
25.9627,960,3.0968
25.9669,889,2.8677
25.9712,761,2.4548
25.9755,614,1.9806
25.9799,493,1.5903
25.9842,427,1.3774
25.9885,403,1.3000
25.9928,406,1.3097
25.9971,426,1.3742
26.0014,445,1.4355
26.0057,455,1.4677
26.0100,457,1.4742
26.0143,459,1.4806
26.0186,460,1.4839
26.0229,462,1.4903
26.0272,462,1.4903
26.0315,462,1.4903
26.0358,464,1.4968
26.0402,465,1.5000
26.0445,466,1.5032
26.0487,467,1.5065
26.0530,467,1.5065
26.0573,467,1.5065
26.0617,469,1.5129
26.0660,470,1.5161
26.0702,473,1.5258
26.0745,480,1.5484
26.0789,491,1.5839
26.0832,501,1.6161
26.0875,511,1.6484
26.0918,522,1.6839
26.0961,532,1.7161
26.1004,543,1.7516
26.1047,552,1.7806
26.1090,561,1.8097
26.1133,569,1.8355
26.1176,577,1.8613
26.1219,585,1.8871
26.1262,591,1.9065
26.1305,595,1.9194
26.1348,600,1.9355
26.1391,601,1.9387
26.1435,603,1.9452
26.1478,600,1.9355
26.1521,599,1.9323
26.1565,596,1.9226
26.1608,590,1.9032
26.1650,586,1.8903
26.1693,580,1.8710
26.1736,574,1.8516
26.1779,566,1.8258
26.1821,556,1.7935
26.1864,547,1.7645
26.1907,536,1.7290
26.1949,525,1.6935
26.1992,515,1.6613
26.2035,505,1.6290
26.2077,495,1.5968
26.2120,486,1.5677
26.2163,477,1.5387
26.2206,469,1.5129
26.2248,460,1.4839
26.2291,453,1.4613
26.2334,451,1.4548
26.2376,452,1.4581
26.2419,454,1.4645
26.2462,456,1.4710
26.2505,457,1.4742
26.2548,458,1.4774
26.2590,460,1.4839
26.2633,461,1.4871
26.2676,462,1.4903
26.2718,463,1.4935
26.2761,463,1.4935
26.2804,465,1.5000
26.2847,466,1.5032
26.2889,468,1.5097
26.2932,475,1.5323
26.2977,485,1.5645
26.3028,499,1.6097
26.3073,512,1.6516
26.3117,522,1.6839
26.3160,529,1.7065
26.3203,538,1.7355
26.3247,543,1.7516
26.3290,545,1.7581
26.3333,544,1.7548
26.3376,539,1.7387
26.3419,533,1.7194
26.3462,526,1.6968
26.3505,515,1.6613
26.3548,504,1.6258
26.3591,493,1.5903
26.3634,483,1.5581
26.3677,475,1.5323
26.3720,470,1.5161
26.3763,469,1.5129
26.3807,472,1.5226
26.3850,473,1.5258
26.3893,474,1.5290
26.3936,476,1.5355
26.3979,477,1.5387
26.4021,477,1.5387
26.4064,478,1.5419
26.4107,478,1.5419
26.4150,478,1.5419
26.4192,477,1.5387
26.4235,468,1.5097
26.4278,449,1.4484
26.4320,426,1.3742
26.4363,421,1.3581
26.4406,461,1.4871
26.4449,548,1.7677
26.4491,669,2.1581
26.4534,809,2.6097
26.4577,926,2.9871
26.4619,964,3.1097
26.4662,908,2.9290
26.4705,787,2.5387
26.4748,642,2.0710
26.4790,512,1.6516
26.4833,436,1.4065
26.4876,403,1.3000
26.4919,402,1.2968
26.4962,420,1.3548
26.5005,440,1.4194
26.5048,453,1.4613
26.5091,457,1.4742
26.5134,457,1.4742
26.5177,459,1.4806
26.5220,462,1.4903
26.5263,463,1.4935
26.5306,463,1.4935
26.5349,464,1.4968
26.5392,466,1.5032
26.5435,466,1.5032
26.5478,467,1.5065
26.5521,467,1.5065
26.5564,468,1.5097
26.5607,468,1.5097
26.5650,469,1.5129
26.5693,472,1.5226
26.5736,478,1.5419
26.5779,488,1.5742
26.5823,499,1.6097
26.5866,508,1.6387
26.5909,520,1.6774
26.5954,531,1.7129
26.6031,551,1.7774
26.6077,560,1.8065
26.6122,571,1.8419
26.6166,578,1.8645
26.6209,584,1.8839
26.6253,589,1.9000
26.6296,595,1.9194
26.6340,597,1.9258
26.6383,600,1.9355
26.6427,602,1.9419
26.6470,600,1.9355
26.6513,600,1.9355
26.6557,597,1.9258
26.6600,593,1.9129
26.6644,588,1.8968
26.6687,583,1.8806
26.6730,573,1.8484
26.6775,567,1.8290
26.6818,558,1.8000
26.6861,549,1.7710
26.6904,542,1.7484
26.6947,536,1.7290
26.6990,527,1.7000
26.7033,517,1.6677
26.7076,507,1.6355
26.7119,496,1.6000
26.7162,487,1.5710
26.7205,477,1.5387
26.7248,467,1.5065
26.7291,459,1.4806
26.7334,454,1.4645
26.7377,452,1.4581
26.7420,453,1.4613
26.7463,455,1.4677
26.7506,457,1.4742
26.7549,458,1.4774
26.7592,458,1.4774
26.7635,459,1.4806
26.7678,459,1.4806
26.7721,461,1.4871
26.7764,461,1.4871
26.7807,462,1.4903
26.7850,464,1.4968
26.7893,467,1.5065
26.7937,468,1.5097
26.7980,468,1.5097
26.8023,474,1.5290
26.8067,484,1.5613
26.8110,496,1.6000
26.8153,508,1.6387
26.8197,519,1.6742
26.8240,528,1.7032
26.8283,534,1.7226
26.8327,540,1.7419
26.8370,543,1.7516
26.8413,544,1.7548
26.8457,540,1.7419
26.8500,536,1.7290
26.8544,529,1.7065
26.8587,520,1.6774
26.8630,509,1.6419
26.8674,497,1.6032
26.8717,487,1.5710
26.8761,477,1.5387
26.8804,472,1.5226
26.8849,471,1.5194
26.8892,471,1.5194
26.8935,473,1.5258
26.8978,475,1.5323
26.9021,476,1.5355
26.9064,475,1.5323
26.9107,476,1.5355
26.9150,477,1.5387
26.9193,478,1.5419
26.9236,478,1.5419
26.9279,478,1.5419
26.9322,473,1.5258
26.9365,455,1.4677
26.9408,431,1.3903
26.9451,417,1.3452
26.9497,448,1.4452
26.9540,528,1.7032
26.9583,644,2.0774
26.9626,783,2.5258
26.9669,910,2.9355
26.9712,965,3.1129
26.9755,919,2.9645
26.9798,805,2.5968
26.9841,664,2.1419
26.9884,527,1.7000
26.9928,443,1.4290
26.9971,407,1.3129
27.0014,403,1.3000
27.0058,419,1.3516
27.0101,439,1.4161
27.0144,452,1.4581
27.0188,458,1.4774
27.0231,459,1.4806
27.0275,460,1.4839
27.0318,461,1.4871
27.0362,462,1.4903
27.0405,463,1.4935
27.0513,465,1.5000
27.0557,466,1.5032
27.0601,467,1.5065
27.0644,467,1.5065
27.0687,467,1.5065
27.0731,468,1.5097
27.0774,470,1.5161
27.0818,475,1.5323
27.0861,484,1.5613
27.0905,495,1.5968
27.0948,506,1.6323
27.0991,517,1.6677
27.1034,527,1.7000
27.1077,536,1.7290
27.1120,547,1.7645
27.1162,557,1.7968
27.1205,566,1.8258
27.1248,574,1.8516
27.1291,581,1.8742
27.1334,586,1.8903
27.1377,592,1.9097
27.1420,597,1.9258
27.1463,600,1.9355
27.1507,601,1.9387
27.1550,602,1.9419
27.1593,600,1.9355
27.1636,599,1.9323
27.1679,596,1.9226
27.1722,593,1.9129
27.1765,586,1.8903
27.1808,579,1.8677
27.1851,570,1.8387
27.1894,562,1.8129
27.1937,554,1.7871
27.1981,544,1.7548
27.2032,533,1.7194
27.2077,522,1.6839
27.2122,511,1.6484
27.2165,500,1.6129
27.2209,490,1.5806
27.2252,481,1.5516
27.2296,471,1.5194
27.2339,462,1.4903
27.2382,454,1.4645
27.2426,452,1.4581
27.2469,452,1.4581
27.2514,453,1.4613
27.2557,454,1.4645
27.2601,456,1.4710
27.2644,458,1.4774
27.2687,459,1.4806
27.2731,460,1.4839
27.2775,461,1.4871
27.2818,463,1.4935
27.2861,464,1.4968
27.2905,465,1.5000
27.2948,467,1.5065
27.2991,469,1.5129
27.3034,476,1.5355
27.3077,486,1.5677
27.3120,497,1.6032
27.3163,509,1.6419
27.3206,521,1.6806
27.3249,528,1.7032
27.3292,535,1.7258
27.3335,540,1.7419
27.3378,543,1.7516
27.3421,543,1.7516
27.3464,540,1.7419
27.3507,534,1.7226
27.3550,527,1.7000
27.3593,517,1.6677
27.3636,507,1.6355
27.3679,496,1.6000
27.3722,486,1.5677
27.3765,476,1.5355
27.3808,470,1.5161
27.3851,469,1.5129
27.3894,470,1.5161
27.3937,472,1.5226
27.3980,473,1.5258
27.4023,475,1.5323
27.4066,475,1.5323
27.4109,476,1.5355
27.4152,477,1.5387
27.4195,478,1.5419
27.4238,478,1.5419
27.4281,479,1.5452
27.4324,474,1.5290
27.4367,455,1.4677
27.4410,429,1.3839
27.4453,416,1.3419
27.4497,446,1.4387
27.4540,524,1.6903
27.4583,641,2.0677
27.4626,777,2.5065
27.4669,905,2.9194
27.4711,964,3.1097
27.4755,923,2.9774
27.4797,811,2.6161
27.4840,665,2.1452
27.4883,530,1.7097
27.4926,445,1.4355
27.4977,404,1.3032
27.5034,409,1.3194
27.5078,431,1.3903
27.5123,450,1.4516
27.5166,458,1.4774
27.5209,461,1.4871
27.5252,461,1.4871
27.5295,460,1.4839
27.5338,461,1.4871
27.5381,462,1.4903
27.5424,463,1.4935
27.5467,464,1.4968
27.5510,466,1.5032
27.5552,468,1.5097
27.5596,471,1.5194
27.5638,469,1.5129
27.5682,469,1.5129
27.5725,469,1.5129
27.5768,471,1.5194
27.5811,474,1.5290
27.5854,483,1.5581
27.5897,493,1.5903
27.5940,503,1.6226
27.5983,513,1.6548
27.6026,523,1.6871
27.6069,535,1.7258
27.6111,544,1.7548
27.6154,554,1.7871
27.6197,563,1.8161
27.6239,573,1.8484
27.6282,579,1.8677
27.6324,583,1.8806
27.6367,590,1.9032
27.6410,597,1.9258
27.6452,602,1.9419
27.6495,603,1.9452
27.6538,605,1.9516
27.6580,604,1.9484
27.6623,602,1.9419
27.6666,597,1.9258
27.6708,594,1.9161
27.6751,590,1.9032
27.6794,583,1.8806
27.6837,574,1.8516
27.6879,566,1.8258
27.6922,556,1.7935
27.6965,547,1.7645
27.7008,538,1.7355
27.7051,528,1.7032
27.7094,517,1.6677
27.7137,507,1.6355
27.7180,497,1.6032
27.7223,487,1.5710
27.7266,477,1.5387
27.7309,468,1.5097
27.7352,458,1.4774
27.7395,453,1.4613
27.7438,453,1.4613
27.7481,453,1.4613
27.7524,454,1.4645
27.7567,455,1.4677
27.7610,457,1.4742
27.7653,458,1.4774
27.7696,458,1.4774
27.7739,458,1.4774
27.7782,460,1.4839
27.7825,460,1.4839
27.7868,462,1.4903
27.7911,463,1.4935
27.7953,465,1.5000
27.7997,467,1.5065
27.8040,468,1.5097
27.8083,470,1.5161
27.8126,475,1.5323
27.8169,485,1.5645
27.8212,497,1.6032
27.8255,509,1.6419
27.8298,520,1.6774
27.8341,530,1.7097
27.8383,537,1.7323
27.8426,544,1.7548
27.8470,545,1.7581
27.8513,544,1.7548
27.8556,543,1.7516
27.8598,537,1.7323
27.8641,530,1.7097
27.8684,522,1.6839
27.8728,511,1.6484
27.8771,501,1.6161
27.8813,490,1.5806
27.8856,479,1.5452
27.8900,472,1.5226
27.8943,471,1.5194
27.8985,472,1.5226
27.9029,474,1.5290
27.9072,474,1.5290
27.9115,476,1.5355
27.9157,477,1.5387
27.9200,477,1.5387
27.9243,478,1.5419
27.9286,479,1.5452
27.9329,479,1.5452
27.9372,479,1.5452
27.9415,477,1.5387
27.9458,461,1.4871
27.9501,437,1.4097
27.9544,419,1.3516
27.9587,438,1.4129
27.9629,504,1.6258
27.9672,612,1.9742
27.9715,746,2.4065
27.9758,879,2.8355
27.9800,961,3.1000
27.9843,945,3.0484
27.9886,845,2.7258
27.9929,707,2.2806
27.9972,563,1.8161
28.0015,463,1.4935
28.0058,414,1.3355
28.0101,402,1.2968
28.0144,405,1.3065
28.0187,410,1.3226
28.0230,422,1.3613
28.0273,440,1.4194
28.0316,456,1.4710
28.0359,462,1.4903
28.0402,466,1.5032
28.0445,466,1.5032
28.0488,466,1.5032
28.0532,467,1.5065
28.0575,469,1.5129
28.0618,469,1.5129
28.0661,469,1.5129
28.0704,470,1.5161
28.0747,472,1.5226
28.0790,473,1.5258
28.0833,474,1.5290
28.0876,475,1.5323
28.0919,475,1.5323
28.0962,476,1.5355
28.1005,481,1.5516
28.1059,489,1.5774
28.1103,501,1.6161
28.1146,511,1.6484
28.1189,521,1.6806
28.1232,531,1.7129
28.1275,542,1.7484
28.1318,552,1.7806
28.1361,561,1.8097
28.1404,569,1.8355
28.1447,577,1.8613
28.1490,585,1.8871
28.1534,592,1.9097
28.1578,597,1.9258
28.1622,600,1.9355
28.1665,602,1.9419
28.1709,603,1.9452
28.1752,601,1.9387
28.1795,601,1.9387
28.1839,600,1.9355
28.1882,594,1.9161
28.1925,589,1.9000
28.1968,585,1.8871
28.2012,579,1.8677
28.2055,571,1.8419
28.2098,561,1.8097
28.2141,552,1.7806
28.2184,544,1.7548
28.2227,535,1.7258
28.2270,525,1.6935
28.2312,514,1.6581
28.2355,503,1.6226
28.2399,492,1.5871
28.2441,483,1.5581
28.2484,473,1.5258
28.2527,464,1.4968
28.2571,456,1.4710
28.2613,453,1.4613
28.2656,453,1.4613
28.2699,454,1.4645
28.2742,456,1.4710
28.2785,458,1.4774
28.2828,460,1.4839
28.2871,461,1.4871
28.2914,461,1.4871
28.2957,462,1.4903
28.3000,463,1.4935
28.3043,464,1.4968
28.3086,464,1.4968
28.3130,466,1.5032
28.3173,467,1.5065
28.3216,471,1.5194
28.3260,481,1.5516
28.3303,492,1.5871
28.3346,504,1.6258
28.3390,516,1.6645
28.3433,526,1.6968
28.3476,533,1.7194
28.3519,541,1.7452
28.3563,544,1.7548
28.3606,546,1.7613
28.3650,543,1.7516
28.3693,537,1.7323
28.3736,530,1.7097
28.3779,522,1.6839
28.3823,512,1.6516
28.3866,501,1.6161
28.3909,489,1.5774
28.3953,479,1.5452
28.3996,472,1.5226
28.4060,470,1.5161
28.4105,471,1.5194
28.4148,472,1.5226
28.4191,475,1.5323
28.4234,476,1.5355
28.4277,477,1.5387
28.4319,478,1.5419
28.4362,478,1.5419
28.4405,478,1.5419
28.4448,478,1.5419
28.4491,479,1.5452
28.4534,471,1.5194
28.4577,450,1.4516
28.4620,426,1.3742
28.4663,421,1.3581
28.4706,460,1.4839
28.4749,546,1.7613
28.4792,670,2.1613
28.4835,809,2.6097
28.4878,928,2.9935
28.4921,965,3.1129
28.4964,904,2.9161
28.5007,781,2.5194
28.5050,634,2.0452
28.5093,506,1.6323
28.5136,432,1.3935
28.5179,404,1.3032
28.5222,405,1.3065
28.5265,423,1.3645
28.5308,443,1.4290
28.5351,455,1.4677
28.5394,459,1.4806
28.5437,461,1.4871
28.5480,460,1.4839
28.5523,460,1.4839
28.5566,461,1.4871
28.5609,462,1.4903
28.5652,463,1.4935
28.5695,465,1.5000
28.5738,466,1.5032
28.5781,466,1.5032
28.5823,468,1.5097
28.5867,469,1.5129
28.5910,470,1.5161
28.5953,472,1.5226
28.5996,473,1.5258
28.6039,480,1.5484
28.6082,491,1.5839
28.6125,501,1.6161
28.6168,512,1.6516
28.6211,522,1.6839
28.6254,533,1.7194
28.6297,543,1.7516
28.6340,553,1.7839
28.6383,563,1.8161
28.6426,570,1.8387
28.6469,577,1.8613
28.6512,584,1.8839
28.6555,591,1.9065
28.6598,595,1.9194
28.6641,599,1.9323
28.6684,600,1.9355
28.6727,602,1.9419
28.6769,601,1.9387
28.6812,600,1.9355
28.6855,598,1.9290
28.6898,593,1.9129
28.6941,588,1.8968
28.6984,583,1.8806
28.7028,574,1.8516
28.7071,568,1.8323
28.7115,559,1.8032
28.7158,549,1.7710
28.7201,541,1.7452
28.7244,530,1.7097
28.7288,519,1.6742
28.7331,509,1.6419
28.7375,499,1.6097
28.7418,488,1.5742
28.7461,478,1.5419
28.7505,469,1.5129
28.7548,460,1.4839
28.7592,454,1.4645
28.7635,452,1.4581
28.7679,453,1.4613
28.7722,455,1.4677
28.7765,456,1.4710
28.7809,457,1.4742
28.7852,459,1.4806
28.7896,461,1.4871
28.7939,463,1.4935
28.7982,463,1.4935
28.8026,464,1.4968
28.8069,465,1.5000
28.8112,466,1.5032
28.8155,466,1.5032
28.8198,468,1.5097
28.8244,476,1.5355
28.8288,488,1.5742
28.8331,500,1.6129
28.8374,512,1.6516
28.8417,522,1.6839
28.8460,530,1.7097
28.8503,536,1.7290
28.8546,541,1.7452
28.8589,544,1.7548
28.8632,544,1.7548
28.8675,539,1.7387
28.8718,532,1.7161
28.8761,523,1.6871
28.8804,514,1.6581
28.8847,503,1.6226
28.8890,493,1.5903
28.8933,482,1.5548
28.8976,473,1.5258
28.9019,469,1.5129
28.9062,470,1.5161
28.9105,471,1.5194
28.9149,473,1.5258
28.9191,473,1.5258
28.9234,474,1.5290
28.9277,475,1.5323
28.9320,475,1.5323
28.9363,475,1.5323
28.9406,477,1.5387
28.9449,478,1.5419
28.9492,476,1.5355
28.9535,467,1.5065
28.9578,448,1.4452
28.9621,425,1.3710
28.9664,418,1.3484
28.9707,459,1.4806
28.9750,549,1.7710
28.9793,673,2.1710
28.9836,811,2.6161
28.9879,928,2.9935
28.9922,962,3.1032
28.9965,901,2.9065
29.0009,772,2.4903
29.0058,607,1.9581
29.0102,484,1.5613
29.0146,422,1.3613
29.0189,400,1.2903
29.0232,404,1.3032
29.0275,426,1.3742
29.0318,444,1.4323
29.0362,453,1.4613
29.0404,457,1.4742
29.0447,458,1.4774
29.0492,459,1.4806
29.0535,459,1.4806
29.0579,460,1.4839
29.0622,461,1.4871
29.0665,463,1.4935
29.0708,464,1.4968
29.0751,465,1.5000
29.0794,466,1.5032
29.0837,468,1.5097
29.0880,468,1.5097
29.0923,468,1.5097
29.0966,469,1.5129
29.1009,473,1.5258
29.1052,481,1.5516
29.1094,490,1.5806
29.1138,501,1.6161
29.1182,512,1.6516
29.1225,522,1.6839
29.1267,533,1.7194
29.1310,543,1.7516
29.1353,553,1.7839
29.1396,562,1.8129
29.1439,570,1.8387
29.1482,577,1.8613
29.1525,584,1.8839
29.1569,589,1.9000
29.1612,595,1.9194
29.1655,599,1.9323
29.1698,599,1.9323
29.1741,601,1.9387
29.1784,602,1.9419
29.1827,601,1.9387
29.1870,596,1.9226
29.1913,591,1.9065
29.1956,587,1.8935
29.1999,581,1.8742
29.2042,573,1.8484
29.2084,564,1.8194
29.2128,554,1.7871
29.2171,546,1.7613
29.2214,538,1.7355
29.2257,527,1.7000
29.2300,515,1.6613
29.2343,505,1.6290
29.2386,495,1.5968
29.2429,485,1.5645
29.2472,476,1.5355
29.2515,466,1.5032
29.2558,458,1.4774
29.2601,452,1.4581
29.2644,450,1.4516
29.2687,452,1.4581
29.2730,454,1.4645
29.2773,455,1.4677
29.2816,456,1.4710
29.2859,457,1.4742
29.2901,459,1.4806
29.2944,460,1.4839
29.2988,461,1.4871
29.3032,461,1.4871
29.3099,464,1.4968
29.3143,465,1.5000
29.3186,467,1.5065
29.3230,472,1.5226
29.3272,482,1.5548
29.3315,493,1.5903
29.3358,506,1.6323
29.3401,517,1.6677
29.3444,527,1.7000
29.3487,534,1.7226
29.3530,539,1.7387
29.3573,542,1.7484
29.3616,542,1.7484
29.3659,540,1.7419
29.3702,534,1.7226
29.3745,527,1.7000
29.3788,518,1.6710
29.3831,508,1.6387
29.3875,497,1.6032
29.3918,485,1.5645
29.3961,476,1.5355
29.4004,470,1.5161
29.4047,469,1.5129
29.4090,469,1.5129
29.4133,471,1.5194
29.4176,473,1.5258
29.4219,474,1.5290
29.4263,476,1.5355
29.4305,476,1.5355
29.4348,477,1.5387
29.4391,479,1.5452
29.4434,478,1.5419
29.4477,478,1.5419
29.4520,473,1.5258
29.4563,457,1.4742
29.4606,434,1.4000
29.4649,418,1.3484
29.4692,442,1.4258
29.4735,515,1.6613
29.4778,626,2.0194
29.4821,763,2.4613
29.4864,897,2.8935
29.4907,963,3.1065
29.4950,935,3.0161
29.4993,826,2.6645
29.5036,684,2.2065
29.5079,544,1.7548
29.5122,452,1.4581
29.5165,411,1.3258
29.5208,403,1.3000
29.5251,416,1.3419
29.5294,436,1.4065
29.5337,451,1.4548
29.5380,456,1.4710
29.5423,459,1.4806
29.5466,459,1.4806
29.5509,461,1.4871
29.5552,460,1.4839
29.5595,462,1.4903
29.5638,464,1.4968
29.5681,465,1.5000
29.5724,466,1.5032
29.5767,467,1.5065
29.5810,468,1.5097
29.5854,469,1.5129
29.5897,470,1.5161
29.5940,471,1.5194
29.5983,473,1.5258
29.6025,478,1.5419
29.6069,486,1.5677
29.6112,496,1.6000
29.6155,508,1.6387
29.6198,519,1.6742
29.6241,529,1.7065
29.6284,539,1.7387
29.6327,548,1.7677
29.6370,558,1.8000
29.6413,566,1.8258
29.6456,575,1.8548
29.6499,582,1.8774
29.6542,588,1.8968
29.6585,594,1.9161
29.6628,598,1.9290
29.6671,602,1.9419
29.6714,604,1.9484
29.6757,604,1.9484
29.6800,604,1.9484
29.6843,603,1.9452
29.6886,600,1.9355
29.6929,594,1.9161
29.6972,588,1.8968
29.7015,580,1.8710
29.7058,573,1.8484
29.7101,564,1.8194
29.7144,555,1.7903
29.7187,545,1.7581
29.7230,535,1.7258
29.7273,523,1.6871
29.7316,512,1.6516
29.7359,502,1.6194
29.7402,492,1.5871
29.7444,483,1.5581
29.7488,472,1.5226
29.7531,463,1.4935
29.7574,456,1.4710
29.7617,453,1.4613
29.7660,452,1.4581
29.7703,454,1.4645
29.7746,455,1.4677
29.7789,457,1.4742
29.7832,459,1.4806
29.7875,458,1.4774
29.7918,459,1.4806
29.7961,460,1.4839
29.8004,460,1.4839
29.8047,462,1.4903
29.8090,463,1.4935
29.8133,465,1.5000
29.8176,467,1.5065
29.8219,470,1.5161
29.8262,477,1.5387
29.8305,488,1.5742
29.8348,499,1.6097
29.8391,509,1.6419
29.8434,520,1.6774
29.8477,529,1.7065
29.8520,537,1.7323
29.8563,542,1.7484
29.8606,544,1.7548
29.8649,543,1.7516
29.8692,539,1.7387
29.8735,532,1.7161
29.8778,526,1.6968
29.8821,515,1.6613
29.8864,506,1.6323
29.8907,495,1.5968
29.8950,483,1.5581
29.8993,474,1.5290
29.9060,469,1.5129
29.9104,471,1.5194
29.9147,471,1.5194
29.9191,473,1.5258
29.9234,474,1.5290
29.9276,475,1.5323
29.9320,476,1.5355
29.9363,477,1.5387
29.9406,477,1.5387
29.9449,477,1.5387
29.9494,478,1.5419
29.9538,474,1.5290
29.9580,459,1.4806
29.9623,434,1.4000
29.9666,417,1.3452
29.9709,437,1.4097
29.9752,506,1.6323
29.9795,616,1.9871
29.9838,751,2.4226
29.9881,884,2.8516
29.9924,960,3.0968
29.9967,939,3.0290
30.0010,835,2.6935
30.0054,693,2.2355
30.0097,552,1.7806
30.0140,455,1.4677
30.0183,412,1.3290
30.0228,402,1.2968
30.0278,418,1.3484
30.0323,440,1.4194
30.0368,453,1.4613
30.0413,458,1.4774
30.0455,459,1.4806
30.0499,459,1.4806
30.0544,461,1.4871
30.0587,462,1.4903
30.0630,462,1.4903
30.0673,464,1.4968
30.0716,465,1.5000
30.0760,466,1.5032
30.0802,468,1.5097
30.0845,469,1.5129
30.0888,470,1.5161
30.0931,471,1.5194
30.0975,471,1.5194
30.1018,474,1.5290
30.1061,481,1.5516
30.1104,490,1.5806
30.1146,501,1.6161
30.1190,512,1.6516
30.1233,522,1.6839
30.1276,532,1.7161
30.1319,542,1.7484
30.1363,552,1.7806
30.1406,561,1.8097
30.1452,570,1.8387
30.1495,578,1.8645
30.1538,585,1.8871
30.1581,590,1.9032
30.1624,596,1.9226
30.1667,598,1.9290
30.1710,600,1.9355
30.1753,598,1.9290
30.1796,599,1.9323
30.1839,599,1.9323
30.1882,596,1.9226
30.1925,592,1.9097
30.1968,586,1.8903
30.2034,577,1.8613
30.2078,570,1.8387
30.2122,561,1.8097
30.2165,553,1.7839
30.2208,544,1.7548
30.2251,533,1.7194
30.2293,521,1.6806
30.2336,511,1.6484
30.2379,501,1.6161
30.2422,490,1.5806
30.2465,480,1.5484
30.2507,472,1.5226
30.2551,463,1.4935
30.2594,454,1.4645
30.2637,450,1.4516
30.2680,449,1.4484
30.2723,450,1.4516
30.2766,453,1.4613
30.2810,455,1.4677
30.2853,456,1.4710
30.2896,458,1.4774
30.2939,459,1.4806
30.2982,461,1.4871
30.3025,462,1.4903
30.3067,463,1.4935
30.3110,464,1.4968
30.3154,464,1.4968
30.3197,464,1.4968
30.3240,470,1.5161
30.3283,478,1.5419
30.3326,490,1.5806
30.3369,502,1.6194
30.3412,515,1.6613
30.3458,525,1.6935
30.3501,532,1.7161
30.3544,538,1.7355
30.3587,543,1.7516
30.3630,543,1.7516
30.3673,540,1.7419
30.3716,533,1.7194
30.3759,527,1.7000
30.3802,519,1.6742
30.3845,510,1.6452
30.3887,498,1.6065
30.3930,489,1.5774
30.3973,478,1.5419
30.4016,472,1.5226
30.4059,469,1.5129
30.4102,469,1.5129
30.4145,471,1.5194
30.4188,472,1.5226
30.4231,474,1.5290
30.4275,475,1.5323
30.4318,476,1.5355
30.4361,477,1.5387
30.4403,479,1.5452
30.4447,480,1.5484
30.4493,480,1.5484
30.4536,475,1.5323
30.4579,460,1.4839
30.4622,437,1.4097
30.4665,417,1.3452
30.4708,436,1.4065
30.4751,503,1.6226
30.4794,612,1.9742
30.4838,750,2.4194
30.4881,883,2.8484
30.4923,961,3.1000
30.4966,941,3.0355
30.5009,838,2.7032
30.5052,698,2.2516
30.5095,557,1.7968
30.5138,459,1.4806
30.5181,412,1.3290
30.5224,402,1.2968
30.5267,414,1.3355
30.5310,436,1.4065
30.5353,451,1.4548
30.5396,459,1.4806
30.5439,461,1.4871
30.5482,462,1.4903
30.5525,462,1.4903
30.5568,464,1.4968
30.5611,465,1.5000
30.5654,465,1.5000
30.5697,465,1.5000
30.5740,466,1.5032
30.5783,466,1.5032
30.5826,467,1.5065
30.5869,469,1.5129
30.5912,470,1.5161
30.5955,472,1.5226
30.6001,472,1.5226
30.6045,477,1.5387
30.6088,487,1.5710
30.6131,497,1.6032
30.6175,508,1.6387
30.6218,519,1.6742
30.6261,530,1.7097
30.6304,538,1.7355
30.6347,548,1.7677
30.6390,557,1.7968
30.6432,566,1.8258
30.6476,575,1.8548
30.6519,582,1.8774
30.6562,589,1.9000
30.6605,594,1.9161
30.6648,596,1.9226
30.6691,599,1.9323
30.6734,600,1.9355
30.6777,601,1.9387
30.6820,600,1.9355
30.6863,598,1.9290
30.6906,595,1.9194
30.6949,590,1.9032
30.6992,585,1.8871
30.7034,579,1.8677
30.7077,570,1.8387
30.7120,560,1.8065
30.7163,551,1.7774
30.7206,544,1.7548
30.7249,540,1.7419
30.7292,539,1.7387
30.7335,537,1.7323
30.7378,532,1.7161
30.7421,522,1.6839
30.7464,511,1.6484
30.7508,500,1.6129
30.7550,489,1.5774
30.7593,480,1.5484
30.7636,469,1.5129
30.7679,461,1.4871
30.7722,453,1.4613
30.7766,450,1.4516
30.7808,450,1.4516
30.7851,451,1.4548
30.7894,453,1.4613
30.7937,455,1.4677
30.7985,457,1.4742
30.8034,457,1.4742
30.8078,457,1.4742
30.8122,458,1.4774
30.8164,459,1.4806
30.8207,462,1.4903
30.8250,463,1.4935
30.8293,464,1.4968
30.8336,465,1.5000
30.8379,466,1.5032
30.8421,472,1.5226
30.8464,482,1.5548
30.8507,493,1.5903
30.8550,504,1.6258
30.8592,516,1.6645
30.8635,525,1.6935
30.8679,532,1.7161
30.8722,538,1.7355
30.8765,542,1.7484
30.8807,543,1.7516
30.8850,541,1.7452
30.8893,535,1.7258
30.8936,527,1.7000
30.8978,519,1.6742
30.9021,510,1.6452
30.9064,500,1.6129
30.9107,490,1.5806
30.9150,479,1.5452
30.9193,473,1.5258
30.9236,471,1.5194
30.9279,471,1.5194
30.9322,473,1.5258
30.9365,474,1.5290
30.9408,475,1.5323
30.9450,474,1.5290
30.9496,475,1.5323
30.9539,476,1.5355
30.9582,477,1.5387
30.9625,479,1.5452
30.9668,479,1.5452
30.9710,476,1.5355
30.9753,464,1.4968
30.9796,440,1.4194
30.9839,419,1.3516
30.9882,430,1.3871
30.9924,491,1.5839
30.9967,594,1.9161
31.0010,725,2.3387
31.0053,862,2.7806
31.0095,955,3.0806
31.0138,952,3.0710
31.0181,862,2.7806
31.0224,726,2.3419
31.0267,582,1.8774
31.0312,469,1.5129
31.0355,416,1.3419
31.0398,401,1.2935
31.0441,410,1.3226
31.0483,432,1.3935
31.0526,448,1.4452
31.0569,457,1.4742
31.0611,460,1.4839
31.0654,460,1.4839
31.0697,461,1.4871
31.0740,462,1.4903
31.0783,463,1.4935
31.0825,464,1.4968
31.0868,465,1.5000
31.0910,466,1.5032
31.0953,467,1.5065
31.0996,468,1.5097
31.1041,468,1.5097
31.1084,469,1.5129
31.1131,469,1.5129
31.1175,471,1.5194
31.1218,476,1.5355
31.1261,484,1.5613
31.1304,494,1.5935
31.1347,505,1.6290
31.1390,513,1.6548
31.1433,517,1.6677
31.1476,518,1.6710
31.1518,524,1.6903
31.1561,534,1.7226
31.1604,543,1.7516
31.1647,552,1.7806
31.1690,562,1.8129
31.1732,570,1.8387
31.1776,577,1.8613
31.1819,584,1.8839
31.1861,590,1.9032
31.1904,596,1.9226
31.1948,599,1.9323
31.1991,602,1.9419
31.2034,603,1.9452
31.2076,603,1.9452
31.2119,599,1.9323
31.2162,598,1.9290
31.2205,593,1.9129
31.2248,588,1.8968
31.2291,583,1.8806
31.2333,577,1.8613
31.2376,569,1.8355
31.2419,560,1.8065
31.2462,550,1.7742
31.2504,540,1.7419
31.2547,529,1.7065
31.2589,520,1.6774
31.2632,508,1.6387
31.2675,498,1.6065
31.2718,488,1.5742
31.2764,477,1.5387
31.2807,467,1.5065
31.2850,459,1.4806
31.2892,453,1.4613
31.2935,452,1.4581
31.2978,452,1.4581
31.3021,455,1.4677
31.3064,456,1.4710
31.3106,459,1.4806
31.3149,460,1.4839
31.3191,461,1.4871
31.3234,461,1.4871
31.3277,462,1.4903
31.3320,464,1.4968
31.3363,465,1.5000
31.3406,467,1.5065
31.3449,468,1.5097
31.3491,470,1.5161
31.3534,476,1.5355
31.3580,486,1.5677
31.3623,498,1.6065
31.3666,511,1.6484
31.3708,521,1.6806
31.3751,529,1.7065
31.3794,537,1.7323
31.3837,541,1.7452
31.3879,544,1.7548
31.3922,543,1.7516
31.3964,540,1.7419
31.4007,534,1.7226
31.4050,527,1.7000
31.4093,518,1.6710
31.4135,509,1.6419
31.4178,497,1.6032
31.4221,487,1.5710
31.4264,477,1.5387
31.4307,470,1.5161
31.4350,471,1.5194
31.4396,472,1.5226
31.4439,473,1.5258
31.4481,474,1.5290
31.4524,475,1.5323
31.4566,476,1.5355
31.4609,476,1.5355
31.4652,476,1.5355
31.4694,477,1.5387
31.4738,479,1.5452
31.4780,478,1.5419
31.4823,473,1.5258
31.4866,455,1.4677
31.4908,432,1.3935
31.4951,418,1.3484
31.4993,443,1.4290
31.5036,515,1.6613
31.5079,628,2.0258
31.5121,761,2.4548
31.5164,892,2.8774
31.5207,963,3.1065
31.5250,935,3.0161
31.5293,829,2.6742
31.5336,686,2.2129
31.5379,546,1.7613
31.5422,452,1.4581
31.5466,408,1.3161
31.5508,400,1.2903
31.5551,414,1.3355
31.5594,435,1.4032
31.5637,451,1.4548
31.5680,457,1.4742
31.5723,459,1.4806
31.5766,460,1.4839
31.5808,460,1.4839
31.5851,461,1.4871
31.5894,463,1.4935
31.5937,464,1.4968
31.5980,466,1.5032
31.6023,467,1.5065
31.6066,468,1.5097
31.6109,468,1.5097
31.6152,469,1.5129
31.6194,470,1.5161
31.6237,471,1.5194
31.6280,472,1.5226
31.6323,477,1.5387
31.6366,486,1.5677
31.6409,496,1.6000
31.6452,506,1.6323
31.6496,517,1.6677
31.6538,527,1.7000
31.6581,537,1.7323
31.6624,547,1.7645
31.6667,556,1.7935
31.6711,566,1.8258
31.6753,574,1.8516
31.6797,580,1.8710
31.6840,586,1.8903
31.6883,591,1.9065
31.6927,596,1.9226
31.6970,600,1.9355
31.7014,602,1.9419
31.7058,602,1.9419
31.7103,601,1.9387
31.7149,599,1.9323
31.7193,595,1.9194
31.7236,590,1.9032
31.7280,584,1.8839
31.7323,578,1.8645
31.7366,568,1.8323
31.7409,560,1.8065
31.7452,551,1.7774
31.7495,543,1.7516
31.7538,538,1.7355
31.7582,530,1.7097
31.7624,522,1.6839
31.7667,511,1.6484
31.7710,499,1.6097
31.7754,489,1.5774
31.7797,481,1.5516
31.7840,472,1.5226
31.7883,463,1.4935
31.7926,455,1.4677
31.7969,452,1.4581
31.8012,453,1.4613
31.8055,454,1.4645
31.8098,454,1.4645
31.8141,455,1.4677
31.8184,457,1.4742
31.8227,459,1.4806
31.8273,458,1.4774
31.8317,460,1.4839
31.8360,461,1.4871
31.8403,463,1.4935
31.8446,464,1.4968
31.8489,464,1.4968
31.8532,466,1.5032
31.8575,471,1.5194
31.8618,481,1.5516
31.8661,492,1.5871
31.8704,504,1.6258
31.8754,517,1.6677
31.8797,527,1.7000
31.8840,534,1.7226
31.8883,538,1.7355
31.8926,542,1.7484
31.8969,543,1.7516
31.9012,540,1.7419
31.9055,533,1.7194
31.9098,526,1.6968
31.9141,517,1.6677
31.9184,507,1.6355
31.9227,497,1.6032
31.9270,486,1.5677
31.9313,475,1.5323
31.9357,469,1.5129
31.9400,467,1.5065
31.9443,469,1.5129
31.9486,470,1.5161
31.9532,471,1.5194
31.9576,473,1.5258
31.9619,475,1.5323
31.9662,475,1.5323
31.9705,475,1.5323
31.9748,476,1.5355
31.9791,476,1.5355
31.9834,475,1.5323
31.9877,469,1.5129
31.9920,451,1.4548
31.9963,427,1.3774
32.0007,417,1.3452
32.0051,450,1.4516
32.0095,532,1.7161
32.0139,656,2.1161
32.0182,794,2.5613
32.0225,915,2.9516
32.0268,960,3.0968
32.0311,909,2.9323
32.0355,787,2.5387
32.0399,642,2.0710
32.0441,512,1.6516
32.0484,434,1.4000
32.0528,402,1.2968
32.0571,401,1.2935
32.0614,420,1.3548
32.0657,441,1.4226
32.0700,454,1.4645
32.0743,459,1.4806
32.0786,459,1.4806
32.0829,459,1.4806
32.0873,459,1.4806
32.0915,460,1.4839
32.0958,462,1.4903
32.1001,463,1.4935
32.1045,466,1.5032
32.1088,467,1.5065
32.1130,467,1.5065
32.1173,468,1.5097
32.1217,469,1.5129
32.1260,469,1.5129
32.1303,470,1.5161
32.1346,473,1.5258
32.1389,480,1.5484
32.1432,489,1.5774
32.1476,500,1.6129
32.1518,510,1.6452
32.1561,521,1.6806
32.1604,531,1.7129
32.1648,541,1.7452
32.1691,552,1.7806
32.1734,560,1.8065
32.1776,570,1.8387
32.1819,578,1.8645
32.1863,585,1.8871
32.1906,591,1.9065
32.1949,596,1.9226
32.1992,600,1.9355
32.2035,601,1.9387
32.2078,601,1.9387
32.2121,600,1.9355
32.2164,598,1.9290
32.2207,597,1.9258
32.2250,594,1.9161
32.2293,588,1.8968
32.2336,581,1.8742
32.2379,574,1.8516
32.2423,566,1.8258
32.2466,559,1.8032
32.2509,550,1.7742
32.2552,540,1.7419
32.2595,528,1.7032
32.2644,517,1.6677
32.2687,507,1.6355
32.2730,497,1.6032
32.2773,487,1.5710
32.2816,477,1.5387
32.2859,467,1.5065
32.2902,459,1.4806
32.2945,452,1.4581
32.2988,450,1.4516
32.3031,451,1.4548
32.3075,453,1.4613
32.3117,455,1.4677
32.3160,456,1.4710
32.3203,457,1.4742
32.3246,458,1.4774
32.3290,459,1.4806
32.3333,460,1.4839
32.3376,462,1.4903
32.3419,463,1.4935
32.3462,464,1.4968
32.3505,465,1.5000
32.3548,466,1.5032
32.3591,470,1.5161
32.3634,479,1.5452
32.3722,502,1.6194
32.3766,512,1.6516
32.3809,524,1.6903
32.3852,532,1.7161
32.3895,539,1.7387
32.3938,542,1.7484
32.3981,545,1.7581
32.4024,543,1.7516
32.4073,538,1.7355
32.4116,531,1.7129
32.4159,521,1.6806
32.4201,512,1.6516
32.4244,501,1.6161
32.4288,490,1.5806
32.4331,479,1.5452
32.4374,471,1.5194
32.4417,469,1.5129
32.4460,470,1.5161
32.4504,471,1.5194
32.4547,474,1.5290
32.4590,475,1.5323
32.4632,476,1.5355
32.4676,477,1.5387
32.4719,477,1.5387
32.4762,478,1.5419
32.4805,480,1.5484
32.4848,480,1.5484
32.4891,477,1.5387
32.4935,463,1.4935
32.4978,439,1.4161
32.5020,420,1.3548
32.5063,432,1.3935
32.5107,494,1.5935
32.5150,600,1.9355
32.5193,730,2.3548
32.5235,867,2.7968
32.5278,955,3.0806
32.5322,947,3.0548
32.5369,843,2.7194
32.5412,704,2.2710
32.5458,551,1.7774
32.5502,453,1.4613
32.5545,411,1.3258
32.5588,402,1.2968
32.5631,415,1.3387
32.5674,437,1.4097
32.5718,453,1.4613
32.5761,459,1.4806
32.5803,461,1.4871
32.5846,461,1.4871
32.5890,461,1.4871
32.5933,462,1.4903
32.5978,463,1.4935
32.6022,465,1.5000
32.6067,467,1.5065
32.6112,468,1.5097
32.6155,469,1.5129
32.6198,470,1.5161
32.6240,471,1.5194
32.6283,470,1.5161
32.6326,470,1.5161
32.6369,472,1.5226
32.6412,478,1.5419
32.6454,487,1.5710
32.6497,497,1.6032
32.6540,509,1.6419
32.6583,519,1.6742
32.6625,530,1.7097
32.6668,539,1.7387
32.6710,550,1.7742
32.6753,559,1.8032
32.6796,568,1.8323
32.6838,574,1.8516
32.6881,581,1.8742
32.6924,588,1.8968
32.6966,594,1.9161
32.7009,599,1.9323
32.7052,601,1.9387
32.7094,602,1.9419
32.7137,600,1.9355
32.7179,599,1.9323
32.7222,599,1.9323
32.7265,597,1.9258
32.7308,591,1.9065
32.7350,585,1.8871
32.7393,578,1.8645
32.7436,570,1.8387
32.7479,561,1.8097
32.7522,551,1.7774
32.7565,543,1.7516
32.7608,535,1.7258
32.7651,525,1.6935
32.7694,515,1.6613
32.7737,504,1.6258
32.7780,492,1.5871
32.7823,483,1.5581
32.7866,473,1.5258
32.7909,463,1.4935
32.7953,456,1.4710
32.7996,453,1.4613
32.8039,454,1.4645
32.8082,455,1.4677
32.8125,455,1.4677
32.8168,458,1.4774
32.8210,459,1.4806
32.8253,460,1.4839
32.8296,460,1.4839
32.8340,461,1.4871
32.8383,462,1.4903
32.8426,463,1.4935
32.8469,466,1.5032
32.8511,466,1.5032
32.8554,467,1.5065
32.8597,472,1.5226
32.8640,480,1.5484
32.8682,492,1.5871
32.8725,504,1.6258
32.8768,515,1.6613
32.8811,525,1.6935
32.8854,533,1.7194
32.8896,539,1.7387
32.8939,543,1.7516
32.8993,544,1.7548
32.9050,541,1.7452
32.9093,533,1.7194
32.9137,525,1.6935
32.9179,516,1.6645
32.9222,507,1.6355
32.9265,496,1.6000
32.9307,485,1.5645
32.9350,474,1.5290
32.9394,469,1.5129
32.9436,469,1.5129
32.9479,470,1.5161
32.9522,472,1.5226
32.9564,473,1.5258
32.9607,474,1.5290
32.9650,475,1.5323
32.9692,477,1.5387
32.9735,477,1.5387
32.9778,478,1.5419
32.9821,479,1.5452
32.9864,477,1.5387
32.9907,471,1.5194
32.9950,454,1.4645
32.9993,429,1.3839
33.0036,417,1.3452
33.0079,447,1.4419
33.0122,526,1.6968
33.0165,644,2.0774
33.0208,782,2.5226
33.0251,908,2.9290
33.0294,964,3.1097
33.0337,923,2.9774
33.0380,808,2.6065
33.0423,663,2.1387
33.0466,529,1.7065
33.0509,443,1.4290
33.0552,407,1.3129
33.0595,402,1.2968
33.0638,418,1.3484
33.0681,439,1.4161
33.0724,452,1.4581
33.0767,458,1.4774
33.0810,460,1.4839
33.0853,460,1.4839
33.0896,461,1.4871
33.0939,462,1.4903
33.0982,463,1.4935
33.1025,464,1.4968
33.1068,465,1.5000
33.1111,465,1.5000
33.1153,466,1.5032
33.1196,467,1.5065
33.1240,469,1.5129
33.1282,470,1.5161
33.1325,471,1.5194
33.1368,472,1.5226
33.1412,477,1.5387
33.1458,486,1.5677
33.1501,497,1.6032
33.1544,508,1.6387
33.1587,519,1.6742
33.1630,528,1.7032
33.1673,540,1.7419
33.1716,549,1.7710
33.1759,559,1.8032
33.1802,568,1.8323
33.1845,574,1.8516
33.1888,581,1.8742
33.1931,588,1.8968
33.1974,594,1.9161
33.2017,596,1.9226
33.2060,600,1.9355
33.2103,601,1.9387
33.2146,600,1.9355
33.2189,599,1.9323
33.2232,598,1.9290
33.2275,593,1.9129
33.2318,589,1.9000
33.2361,584,1.8839
33.2404,577,1.8613
33.2447,569,1.8355
33.2494,559,1.8032
33.2537,549,1.7710
33.2580,540,1.7419
33.2623,530,1.7097
33.2666,520,1.6774
33.2709,509,1.6419
33.2752,498,1.6065
33.2795,488,1.5742
33.2838,480,1.5484
33.2881,471,1.5194
33.2924,462,1.4903
33.2967,454,1.4645
33.3010,452,1.4581
33.3052,451,1.4548
33.3096,452,1.4581
33.3138,455,1.4677
33.3181,456,1.4710
33.3224,458,1.4774
33.3267,458,1.4774
33.3310,459,1.4806
33.3353,461,1.4871
33.3396,462,1.4903
33.3439,463,1.4935
33.3482,464,1.4968
33.3525,465,1.5000
33.3568,467,1.5065
33.3611,474,1.5290
33.3654,484,1.5613
33.3697,496,1.6000
33.3740,506,1.6323
33.3783,519,1.6742
33.3826,528,1.7032
33.3869,534,1.7226
33.3913,539,1.7387
33.3956,541,1.7452
33.3999,542,1.7484
33.4041,541,1.7452
33.4085,535,1.7258
33.4127,526,1.6968
33.4170,517,1.6677
33.4213,508,1.6387
33.4256,498,1.6065
33.4299,487,1.5710
33.4342,477,1.5387
33.4385,470,1.5161
33.4429,470,1.5161
33.4472,471,1.5194
33.4515,472,1.5226
33.4558,473,1.5258
33.4601,475,1.5323
33.4644,475,1.5323
33.4687,475,1.5323
33.4730,477,1.5387
33.4773,478,1.5419
33.4815,479,1.5452
33.4858,479,1.5452
33.4901,473,1.5258
33.4944,457,1.4742
33.4996,428,1.3806
33.5053,423,1.3645
33.5097,475,1.5323
33.5141,574,1.8516
33.5184,703,2.2677
33.5228,842,2.7161
33.5271,945,3.0484
33.5314,956,3.0839
33.5357,874,2.8194
33.5400,744,2.4000
33.5443,596,1.9226
33.5486,481,1.5516
33.5529,421,1.3581
33.5572,402,1.2968
33.5615,408,1.3161
33.5658,427,1.3774
33.5701,445,1.4355
33.5744,455,1.4677
33.5787,458,1.4774
33.5830,460,1.4839
33.5873,460,1.4839
33.5916,461,1.4871
33.5959,463,1.4935
33.6002,462,1.4903
33.6045,463,1.4935
33.6088,464,1.4968
33.6131,465,1.5000
33.6174,467,1.5065
33.6217,467,1.5065
33.6260,469,1.5129
33.6303,470,1.5161
33.6346,471,1.5194
33.6389,474,1.5290
33.6432,482,1.5548
33.6475,491,1.5839
33.6518,502,1.6194
33.6561,514,1.6581
33.6604,524,1.6903
33.6647,532,1.7161
33.6690,544,1.7548
33.6734,553,1.7839
33.6777,563,1.8161
33.6820,571,1.8419
33.6862,580,1.8710
33.6905,586,1.8903
33.6949,592,1.9097
33.6992,596,1.9226
33.7034,600,1.9355
33.7077,601,1.9387
33.7120,602,1.9419
33.7163,600,1.9355
33.7206,600,1.9355
33.7249,597,1.9258
33.7292,592,1.9097
33.7335,586,1.8903
33.7378,580,1.8710
33.7421,573,1.8484
33.7464,565,1.8226
33.7507,556,1.7935
33.7550,548,1.7677
33.7593,538,1.7355
33.7636,528,1.7032
33.7679,518,1.6710
33.7722,508,1.6387
33.7765,498,1.6065
33.7808,487,1.5710
33.7851,477,1.5387
33.7894,468,1.5097
33.7937,459,1.4806
33.7980,454,1.4645
33.8052,454,1.4645
33.8096,456,1.4710
33.8140,456,1.4710
33.8184,458,1.4774
33.8227,458,1.4774
33.8269,460,1.4839
33.8312,461,1.4871
33.8355,461,1.4871
33.8398,464,1.4968
33.8441,464,1.4968
33.8484,465,1.5000
33.8528,466,1.5032
33.8571,467,1.5065
33.8614,473,1.5258
33.8657,483,1.5581
33.8700,496,1.6000
33.8743,508,1.6387
33.8786,519,1.6742
33.8829,528,1.7032
33.8872,533,1.7194
33.8915,540,1.7419
33.8959,543,1.7516
33.9002,544,1.7548
33.9045,541,1.7452
33.9088,535,1.7258
33.9131,526,1.6968
33.9174,517,1.6677
33.9217,507,1.6355
33.9260,495,1.5968
33.9303,485,1.5645
33.9346,476,1.5355
33.9389,471,1.5194
33.9432,468,1.5097
33.9475,470,1.5161
33.9518,471,1.5194
33.9561,473,1.5258
33.9604,474,1.5290
33.9647,475,1.5323
33.9690,474,1.5290
33.9733,475,1.5323
33.9776,477,1.5387
33.9819,478,1.5419
33.9862,478,1.5419
33.9905,472,1.5226
33.9948,455,1.4677
33.9991,430,1.3871
34.0034,416,1.3419
34.0077,443,1.4290
34.0120,519,1.6742
34.0163,634,2.0452
34.0206,770,2.4839
34.0249,900,2.9032
34.0292,962,3.1032
34.0334,929,2.9968
34.0377,817,2.6355
34.0421,672,2.1677
34.0464,533,1.7194
34.0508,445,1.4355
34.0551,407,1.3129
34.0594,402,1.2968
34.0637,417,1.3452
34.0680,438,1.4129
34.0723,450,1.4516
34.0766,456,1.4710
34.0809,457,1.4742
34.0852,458,1.4774
34.0895,460,1.4839
34.0938,461,1.4871
34.0981,462,1.4903
34.1024,463,1.4935
34.1067,464,1.4968
34.1110,464,1.4968
34.1153,465,1.5000
34.1196,467,1.5065
34.1239,468,1.5097
34.1282,469,1.5129
34.1324,470,1.5161
34.1367,472,1.5226
34.1410,478,1.5419
34.1457,487,1.5710
34.1501,498,1.6065
34.1544,510,1.6452
34.1587,520,1.6774
34.1630,530,1.7097
34.1673,540,1.7419
34.1716,550,1.7742
34.1759,557,1.7968
34.1802,568,1.8323
34.1845,575,1.8548
34.1888,582,1.8774
34.1931,589,1.9000
34.1975,594,1.9161
34.2018,599,1.9323
34.2061,601,1.9387
34.2104,603,1.9452
34.2147,603,1.9452
34.2190,600,1.9355
34.2233,599,1.9323
34.2276,594,1.9161
34.2319,589,1.9000
34.2362,583,1.8806
34.2405,578,1.8645
34.2449,570,1.8387
34.2493,560,1.8065
34.2536,552,1.7806
34.2579,542,1.7484
34.2621,534,1.7226
34.2664,523,1.6871
34.2707,512,1.6516
34.2750,503,1.6226
34.2793,494,1.5935
34.2836,484,1.5613
34.2879,474,1.5290
34.2922,464,1.4968
34.2965,455,1.4677
34.3008,452,1.4581
34.3051,451,1.4548
34.3094,452,1.4581
34.3137,455,1.4677
34.3180,456,1.4710
34.3223,458,1.4774
34.3266,459,1.4806
34.3308,461,1.4871
34.3351,461,1.4871
34.3394,462,1.4903
34.3438,463,1.4935
34.3481,464,1.4968
34.3525,465,1.5000
34.3569,466,1.5032
34.3612,470,1.5161
34.3655,479,1.5452
34.3699,490,1.5806
34.3742,502,1.6194
34.3785,512,1.6516
34.3829,523,1.6871
34.3872,532,1.7161
34.3915,539,1.7387
34.3958,542,1.7484
34.4002,544,1.7548
34.4061,540,1.7419
34.4106,532,1.7161
34.4150,525,1.6935
34.4194,515,1.6613
34.4237,505,1.6290
34.4281,495,1.5968
34.4324,485,1.5645
34.4368,476,1.5355
34.4411,469,1.5129
34.4454,469,1.5129
34.4498,470,1.5161
34.4541,473,1.5258
34.4584,473,1.5258
34.4627,475,1.5323
34.4670,476,1.5355
34.4713,476,1.5355
34.4756,477,1.5387
34.4799,478,1.5419
34.4842,479,1.5452
34.4884,478,1.5419
34.4927,474,1.5290
34.4970,456,1.4710
34.5013,431,1.3903
34.5056,417,1.3452
34.5099,445,1.4355
34.5142,524,1.6903
34.5185,642,2.0710
34.5228,777,2.5065
34.5271,902,2.9097
34.5314,962,3.1032
34.5357,923,2.9774
34.5400,811,2.6161
34.5443,665,2.1452
34.5487,527,1.7000
34.5531,443,1.4290
34.5575,406,1.3097
34.5618,403,1.3000
34.5661,420,1.3548
34.5705,440,1.4194
34.5748,454,1.4645
34.5791,458,1.4774
34.5835,460,1.4839
34.5878,461,1.4871
34.5921,460,1.4839
34.5964,462,1.4903
34.6008,462,1.4903
34.6051,464,1.4968
34.6094,464,1.4968
34.6138,467,1.5065
34.6181,467,1.5065
34.6224,467,1.5065
34.6267,469,1.5129
34.6311,471,1.5194
34.6354,472,1.5226
34.6397,474,1.5290
34.6441,481,1.5516
34.6484,491,1.5839
34.6528,502,1.6194
34.6571,513,1.6548
34.6614,523,1.6871
34.6657,532,1.7161
34.6699,541,1.7452
34.6743,551,1.7774
34.6785,561,1.8097
34.6828,571,1.8419
34.6871,577,1.8613
34.6914,584,1.8839
34.6957,591,1.9065
34.7001,595,1.9194
34.7055,600,1.9355
34.7099,602,1.9419
34.7143,602,1.9419
34.7186,602,1.9419
34.7229,598,1.9290
34.7272,597,1.9258
34.7314,592,1.9097
34.7358,589,1.9000
34.7401,583,1.8806
34.7444,574,1.8516
34.7490,565,1.8226
34.7534,557,1.7968
34.7577,547,1.7645
34.7620,536,1.7290
34.7663,525,1.6935
34.7705,515,1.6613
34.7748,505,1.6290
34.7791,494,1.5935
34.7834,484,1.5613
34.7877,475,1.5323
34.7920,466,1.5032
34.7963,459,1.4806
34.8006,453,1.4613
34.8049,451,1.4548
34.8092,453,1.4613
34.8135,455,1.4677
34.8178,456,1.4710
34.8221,457,1.4742
34.8264,458,1.4774
34.8307,458,1.4774
34.8350,460,1.4839
34.8393,461,1.4871
34.8436,462,1.4903
34.8479,464,1.4968
34.8523,465,1.5000
34.8565,466,1.5032
34.8609,469,1.5129
34.8652,477,1.5387
34.8694,488,1.5742
34.8737,500,1.6129
34.8780,513,1.6548
34.8823,523,1.6871
34.8866,531,1.7129
34.8909,539,1.7387
34.8952,543,1.7516
34.8995,544,1.7548
34.9038,543,1.7516
34.9081,537,1.7323
34.9124,531,1.7129
34.9167,524,1.6903
34.9210,515,1.6613
34.9253,505,1.6290
34.9295,492,1.5871
34.9338,482,1.5548
34.9381,472,1.5226
34.9424,469,1.5129
34.9469,469,1.5129
34.9512,471,1.5194
34.9556,473,1.5258
34.9599,474,1.5290
34.9642,475,1.5323
34.9685,475,1.5323
34.9729,476,1.5355
34.9772,476,1.5355
34.9815,478,1.5419
34.9859,479,1.5452
34.9902,480,1.5484
34.9945,479,1.5452
34.9988,470,1.5161
35.0032,449,1.4484
35.0076,424,1.3677
35.0119,422,1.3613
35.0162,467,1.5065
35.0206,559,1.8032
35.0249,685,2.2097
35.0321,911,2.9387
35.0368,966,3.1161
35.0413,910,2.9355
35.0459,780,2.5161
35.0503,632,2.0387
35.0547,505,1.6290
35.0591,431,1.3903
35.0634,404,1.3032
35.0677,404,1.3032
35.0720,422,1.3613
35.0762,442,1.4258
35.0805,453,1.4613
35.0848,458,1.4774
35.0890,459,1.4806
35.0933,460,1.4839
35.0976,460,1.4839
35.1019,461,1.4871
35.1062,463,1.4935
35.1104,464,1.4968
35.1147,465,1.5000
35.1190,467,1.5065
35.1232,467,1.5065
35.1276,469,1.5129
35.1318,469,1.5129
35.1361,470,1.5161
35.1403,472,1.5226
35.1446,474,1.5290
35.1489,480,1.5484
35.1532,489,1.5774
35.1575,499,1.6097
35.1618,510,1.6452
35.1661,521,1.6806
35.1703,530,1.7097
35.1746,539,1.7387
35.1788,549,1.7710
35.1831,559,1.8032
35.1874,566,1.8258
35.1917,576,1.8581
35.1959,582,1.8774
35.2005,586,1.8903
35.2048,593,1.9129
35.2091,596,1.9226
35.2133,600,1.9355
35.2176,602,1.9419
35.2219,600,1.9355
35.2262,600,1.9355
35.2304,597,1.9258
35.2347,592,1.9097
35.2389,588,1.8968
35.2432,583,1.8806
35.2475,576,1.8581
35.2518,568,1.8323
35.2561,560,1.8065
35.2603,551,1.7774
35.2646,541,1.7452
35.2690,531,1.7129
35.2732,522,1.6839
35.2775,512,1.6516
35.2821,499,1.6097
35.2864,488,1.5742
35.2907,478,1.5419
35.2950,468,1.5097
35.2993,460,1.4839
35.3037,452,1.4581
35.3082,450,1.4516
35.3126,451,1.4548
35.3169,454,1.4645
35.3213,455,1.4677
35.3256,457,1.4742
35.3299,456,1.4710
35.3342,458,1.4774
35.3385,459,1.4806
35.3428,460,1.4839
35.3471,462,1.4903
35.3515,464,1.4968
35.3558,463,1.4935
35.3601,466,1.5032
35.3644,468,1.5097
35.3686,474,1.5290
35.3729,484,1.5613
35.3772,496,1.6000
35.3815,507,1.6355
35.3857,518,1.6710
35.3900,527,1.7000
35.3943,535,1.7258
35.3985,540,1.7419
35.4028,543,1.7516
35.4071,543,1.7516
35.4113,540,1.7419
35.4156,534,1.7226
35.4199,527,1.7000
35.4241,519,1.6742
35.4284,508,1.6387
35.4327,497,1.6032
35.4369,488,1.5742
35.4412,478,1.5419
35.4454,471,1.5194
35.4497,469,1.5129
35.4540,469,1.5129
35.4583,470,1.5161
35.4626,472,1.5226
35.4669,473,1.5258
35.4712,473,1.5258
35.4755,475,1.5323
35.4797,476,1.5355
35.4840,477,1.5387
35.4883,478,1.5419
35.4926,479,1.5452
35.4969,475,1.5323
35.5012,459,1.4806
35.5055,433,1.3968
35.5098,417,1.3452
35.5141,437,1.4097
35.5184,505,1.6290
35.5226,615,1.9839
35.5270,749,2.4161
35.5313,886,2.8581
35.5356,962,3.1032
35.5399,939,3.0290
35.5442,835,2.6935
35.5485,695,2.2419
35.5529,551,1.7774
35.5573,455,1.4677
35.5616,411,1.3258
35.5658,401,1.2935
35.5701,413,1.3323
35.5744,435,1.4032
35.5787,451,1.4548
35.5830,458,1.4774
35.5873,460,1.4839
35.5916,460,1.4839
35.5959,460,1.4839
35.6002,462,1.4903
35.6047,463,1.4935
35.6091,464,1.4968
35.6135,466,1.5032
35.6178,466,1.5032
35.6221,467,1.5065
35.6264,469,1.5129
35.6307,472,1.5226
35.6350,470,1.5161
35.6394,472,1.5226
35.6437,473,1.5258
35.6480,478,1.5419
35.6523,486,1.5677
35.6567,498,1.6065
35.6610,509,1.6419
35.6653,516,1.6645
35.6696,524,1.6903
35.6739,532,1.7161
35.6782,543,1.7516
35.6825,552,1.7806
35.6868,562,1.8129
35.6911,569,1.8355
35.6954,576,1.8581
35.6997,584,1.8839
35.7040,588,1.8968
35.7083,595,1.9194
35.7126,598,1.9290
35.7169,601,1.9387
35.7212,602,1.9419
35.7255,600,1.9355
35.7298,600,1.9355
35.7341,596,1.9226
35.7384,593,1.9129
35.7427,587,1.8935
35.7470,583,1.8806
35.7513,575,1.8548
35.7556,567,1.8290
35.7599,558,1.8000
35.7642,550,1.7742
35.7686,540,1.7419
35.7729,532,1.7161
35.7772,522,1.6839
35.7816,511,1.6484
35.7859,499,1.6097
35.7902,489,1.5774
35.7946,480,1.5484
35.7989,471,1.5194
35.8032,462,1.4903
35.8076,456,1.4710
35.8119,455,1.4677
35.8163,455,1.4677
35.8206,457,1.4742
35.8250,459,1.4806
35.8293,460,1.4839
35.8336,461,1.4871
35.8379,462,1.4903
35.8423,463,1.4935
35.8466,465,1.5000
35.8509,466,1.5032
35.8553,466,1.5032
35.8597,467,1.5065
35.8640,468,1.5097
35.8683,470,1.5161
35.8726,477,1.5387
35.8769,488,1.5742
35.8812,499,1.6097
35.8855,511,1.6484
35.8897,521,1.6806
35.8940,530,1.7097
35.8983,537,1.7323
35.9026,543,1.7516
35.9069,545,1.7581
35.9112,544,1.7548
35.9155,540,1.7419
35.9203,533,1.7194
35.9247,524,1.6903
35.9290,515,1.6613
35.9333,504,1.6258
35.9376,493,1.5903
35.9419,482,1.5548
35.9462,473,1.5258
35.9505,470,1.5161
35.9548,471,1.5194
35.9591,472,1.5226
35.9634,473,1.5258
35.9677,475,1.5323
35.9720,475,1.5323
35.9763,474,1.5290
35.9806,477,1.5387
35.9849,477,1.5387
35.9892,477,1.5387
35.9935,477,1.5387
35.9978,476,1.5355
36.0021,469,1.5129
36.0064,447,1.4419
36.0107,423,1.3645
36.0150,420,1.3548
36.0193,466,1.5032
36.0236,556,1.7935
36.0279,682,2.2000
36.0322,819,2.6419
36.0365,933,3.0097
36.0408,960,3.0968
36.0451,893,2.8806
36.0494,768,2.4774
36.0537,620,2.0000
36.0579,498,1.6065
36.0623,429,1.3839
36.0666,404,1.3032
36.0710,406,1.3097
36.0753,424,1.3677
36.0796,444,1.4323
36.0840,455,1.4677
36.0883,458,1.4774
36.0926,458,1.4774
36.0970,460,1.4839
36.1013,462,1.4903
36.1056,463,1.4935
36.1100,464,1.4968
36.1143,465,1.5000
36.1186,466,1.5032
36.1230,467,1.5065
36.1273,467,1.5065
36.1316,467,1.5065
36.1360,469,1.5129
36.1403,471,1.5194
36.1447,472,1.5226
36.1490,474,1.5290
36.1533,480,1.5484
36.1577,491,1.5839
36.1620,503,1.6226
36.1663,513,1.6548
36.1706,525,1.6935
36.1749,535,1.7258
36.1792,545,1.7581
36.1835,553,1.7839
36.1878,562,1.8129
36.1921,571,1.8419
36.1964,578,1.8645
36.2007,582,1.8774
36.2051,589,1.9000
36.2095,594,1.9161
36.2139,596,1.9226
36.2182,600,1.9355
36.2225,600,1.9355
36.2268,601,1.9387
36.2311,599,1.9323
36.2354,596,1.9226
36.2397,593,1.9129
36.2440,587,1.8935
36.2483,579,1.8677
36.2526,572,1.8452
36.2569,563,1.8161
36.2612,554,1.7871
36.2655,545,1.7581
36.2698,536,1.7290
36.2741,527,1.7000
36.2784,517,1.6677
36.2827,507,1.6355
36.2870,497,1.6032
36.2913,487,1.5710
36.2956,478,1.5419
36.2999,468,1.5097
36.3042,459,1.4806
36.3085,453,1.4613
36.3128,452,1.4581
36.3171,454,1.4645
36.3214,456,1.4710
36.3257,457,1.4742
36.3300,459,1.4806
36.3343,460,1.4839
36.3386,460,1.4839
36.3428,461,1.4871
36.3471,461,1.4871
36.3515,464,1.4968
36.3558,465,1.5000
36.3600,465,1.5000
36.3644,466,1.5032
36.3687,468,1.5097
36.3731,476,1.5355
36.3774,488,1.5742
36.3818,500,1.6129
36.3861,511,1.6484
36.3904,521,1.6806
36.3948,530,1.7097
36.3991,537,1.7323
36.4034,541,1.7452
36.4078,541,1.7452
36.4121,542,1.7484
36.4165,538,1.7355
36.4208,532,1.7161
36.4251,522,1.6839
36.4294,512,1.6516
36.4338,500,1.6129
36.4381,491,1.5839
36.4424,480,1.5484
36.4469,472,1.5226
36.4512,469,1.5129
36.4555,470,1.5161
36.4599,472,1.5226
36.4647,472,1.5226
36.4689,473,1.5258
36.4732,473,1.5258
36.4776,474,1.5290
36.4818,476,1.5355
36.4861,477,1.5387
36.4904,477,1.5387
36.4947,478,1.5419
36.4990,475,1.5323
36.5033,463,1.4935
36.5081,436,1.4065
36.5125,417,1.3452
36.5168,434,1.4000
36.5211,498,1.6065
36.5254,605,1.9516
36.5297,737,2.3774
36.5340,874,2.8194
36.5382,958,3.0903
36.5425,945,3.0484
36.5468,849,2.7387
36.5511,713,2.3000
36.5554,567,1.8290
36.5597,464,1.4968
36.5640,414,1.3355
36.5682,401,1.2935
36.5725,411,1.3258
36.5768,433,1.3968
36.5811,449,1.4484
36.5853,458,1.4774
36.5896,458,1.4774
36.5939,459,1.4806
36.5981,460,1.4839
36.6024,461,1.4871
36.6067,460,1.4839
36.6109,462,1.4903
36.6152,465,1.5000
36.6194,466,1.5032
36.6237,467,1.5065
36.6280,467,1.5065
36.6323,467,1.5065
36.6365,468,1.5097
36.6408,470,1.5161
36.6451,471,1.5194
36.6493,474,1.5290
36.6536,480,1.5484
36.6579,490,1.5806
36.6622,501,1.6161
36.6665,512,1.6516
36.6707,522,1.6839
36.6751,532,1.7161
36.6793,541,1.7452
36.6837,553,1.7839
36.6879,560,1.8065
36.6922,570,1.8387
36.6966,578,1.8645
36.7009,585,1.8871
36.7052,590,1.9032
36.7095,596,1.9226
36.7138,598,1.9290
36.7181,600,1.9355
36.7224,601,1.9387
36.7267,601,1.9387
36.7310,598,1.9290
36.7353,597,1.9258
36.7396,592,1.9097
36.7439,586,1.8903
36.7481,578,1.8645
36.7524,572,1.8452
36.7567,564,1.8194
36.7611,556,1.7935
36.7654,546,1.7613
36.7697,541,1.7452
36.7740,539,1.7387
36.7783,538,1.7355
36.7826,533,1.7194
36.7869,524,1.6903
36.7912,513,1.6548
36.7955,502,1.6194
36.7998,491,1.5839
36.8041,481,1.5516
36.8084,471,1.5194
36.8127,461,1.4871
36.8170,454,1.4645
36.8213,451,1.4548
36.8256,451,1.4548
36.8299,451,1.4548
36.8342,454,1.4645
36.8385,455,1.4677
36.8428,456,1.4710
36.8471,457,1.4742
36.8515,458,1.4774
36.8558,459,1.4806
36.8601,460,1.4839
36.8644,460,1.4839
36.8687,462,1.4903
36.8730,464,1.4968
36.8773,466,1.5032
36.8816,468,1.5097
36.8859,476,1.5355
36.8902,488,1.5742
36.8945,500,1.6129
36.8987,510,1.6452
36.9030,520,1.6774
36.9073,529,1.7065
36.9116,537,1.7323
36.9159,541,1.7452
36.9203,543,1.7516
36.9246,541,1.7452
36.9289,537,1.7323
36.9332,529,1.7065
36.9375,520,1.6774
36.9418,511,1.6484
36.9461,501,1.6161
36.9504,489,1.5774
36.9547,479,1.5452
36.9590,471,1.5194
36.9634,469,1.5129
36.9677,467,1.5065
36.9720,470,1.5161
36.9763,471,1.5194
36.9805,473,1.5258
36.9849,473,1.5258
36.9891,474,1.5290
36.9934,475,1.5323
36.9977,476,1.5355
37.0020,478,1.5419
37.0063,478,1.5419
37.0106,477,1.5387
37.0149,465,1.5000
37.0192,443,1.4290
37.0235,421,1.3581
37.0278,426,1.3742
37.0321,479,1.5452
37.0364,578,1.8645
37.0407,706,2.2774
37.0450,845,2.7258
37.0493,947,3.0548
37.0536,954,3.0774
37.0579,872,2.8129
37.0622,740,2.3871
37.0665,594,1.9161
37.0708,480,1.5484
37.0751,419,1.3516
37.0794,400,1.2903
37.0837,406,1.3097
37.0880,427,1.3774
37.0923,446,1.4387
37.0966,456,1.4710
37.1009,458,1.4774
37.1053,460,1.4839
37.1097,460,1.4839
37.1141,460,1.4839
37.1184,462,1.4903
37.1228,463,1.4935
37.1271,464,1.4968
37.1314,464,1.4968
37.1357,465,1.5000
37.1400,466,1.5032
37.1443,467,1.5065
37.1487,468,1.5097
37.1530,470,1.5161
37.1572,471,1.5194
37.1616,474,1.5290
37.1659,481,1.5516
37.1702,491,1.5839
37.1745,502,1.6194
37.1787,512,1.6516
37.1830,524,1.6903
37.1873,534,1.7226
37.1915,544,1.7548
37.1958,553,1.7839
37.2001,563,1.8161
37.2043,571,1.8419
37.2086,577,1.8613
37.2129,583,1.8806
37.2171,590,1.9032
37.2214,595,1.9194
37.2257,600,1.9355
37.2299,602,1.9419
37.2342,602,1.9419
37.2384,602,1.9419
37.2427,599,1.9323
37.2470,596,1.9226
37.2513,592,1.9097
37.2556,586,1.8903
37.2599,580,1.8710
37.2642,573,1.8484
37.2684,564,1.8194
37.2728,556,1.7935
37.2771,548,1.7677
37.2814,536,1.7290
37.2857,526,1.6968
37.2900,515,1.6613
37.2943,505,1.6290
37.2986,494,1.5935
37.3029,484,1.5613
37.3073,475,1.5323
37.3115,465,1.5000
37.3159,456,1.4710
37.3202,451,1.4548
37.3245,450,1.4516
37.3288,452,1.4581
37.3331,453,1.4613
37.3374,456,1.4710
37.3417,458,1.4774
37.3460,458,1.4774
37.3503,460,1.4839
37.3548,461,1.4871
37.3590,462,1.4903
37.3634,463,1.4935
37.3676,464,1.4968
37.3720,465,1.5000
37.3763,466,1.5032
37.3805,470,1.5161
37.3848,477,1.5387
37.3891,489,1.5774
37.3934,500,1.6129
37.3977,512,1.6516
37.4020,521,1.6806
37.4064,531,1.7129
37.4116,538,1.7355
37.4160,542,1.7484
37.4203,543,1.7516
37.4247,541,1.7452
37.4291,536,1.7290
37.4334,530,1.7097
37.4378,522,1.6839
37.4421,512,1.6516
37.4464,501,1.6161
37.4507,490,1.5806
37.4551,478,1.5419
37.4594,471,1.5194
37.4637,469,1.5129
37.4681,470,1.5161
37.4724,471,1.5194
37.4768,473,1.5258
37.4811,474,1.5290
37.4854,474,1.5290
37.4896,476,1.5355
37.4940,476,1.5355
37.4983,476,1.5355
37.5026,478,1.5419
37.5069,478,1.5419
37.5112,480,1.5484
37.5155,478,1.5419
37.5198,466,1.5032
37.5241,444,1.4323
37.5284,422,1.3613
37.5327,425,1.3710
37.5370,477,1.5387
37.5413,576,1.8581
37.5455,703,2.2677
37.5498,840,2.7097
37.5541,945,3.0484
37.5584,958,3.0903
37.5627,880,2.8387
37.5670,748,2.4129
37.5713,602,1.9419
37.5756,486,1.5677
37.5799,426,1.3742
37.5842,404,1.3032
37.5885,409,1.3194
37.5928,429,1.3839
37.5971,449,1.4484
37.6014,457,1.4742
37.6057,460,1.4839
37.6100,460,1.4839
37.6143,461,1.4871
37.6186,463,1.4935
37.6229,463,1.4935
37.6272,464,1.4968
37.6315,466,1.5032
37.6358,465,1.5000
37.6401,467,1.5065
37.6444,467,1.5065
37.6487,467,1.5065
37.6530,469,1.5129
37.6573,471,1.5194
37.6616,473,1.5258
37.6659,475,1.5323
37.6702,482,1.5548
37.6745,492,1.5871
37.6788,503,1.6226
37.6831,513,1.6548
37.6933,539,1.7387
37.6977,549,1.7710
37.7020,559,1.8032
37.7063,567,1.8290
37.7106,574,1.8516
37.7149,582,1.8774
37.7192,589,1.9000
37.7235,593,1.9129
37.7278,597,1.9258
37.7321,601,1.9387
37.7364,602,1.9419
37.7407,604,1.9484
37.7450,603,1.9452
37.7493,601,1.9387
37.7536,597,1.9258
37.7579,592,1.9097
37.7622,586,1.8903
37.7665,581,1.8742
37.7708,571,1.8419
37.7751,562,1.8129
37.7794,553,1.7839
37.7837,543,1.7516
37.7880,533,1.7194
37.7923,522,1.6839
37.7966,512,1.6516
37.8009,502,1.6194
37.8052,492,1.5871
37.8095,482,1.5548
37.8138,473,1.5258
37.8181,465,1.5000
37.8224,456,1.4710
37.8267,452,1.4581
37.8310,451,1.4548
37.8353,453,1.4613
37.8396,455,1.4677
37.8439,457,1.4742
37.8482,457,1.4742
37.8524,460,1.4839
37.8567,461,1.4871
37.8611,462,1.4903
37.8654,462,1.4903
37.8697,463,1.4935
37.8740,464,1.4968
37.8783,466,1.5032
37.8826,466,1.5032
37.8869,470,1.5161
37.8912,479,1.5452
37.8955,490,1.5806
37.8998,503,1.6226
37.9041,514,1.6581
37.9084,524,1.6903
37.9127,533,1.7194
37.9170,539,1.7387
37.9213,543,1.7516
37.9256,543,1.7516
37.9299,541,1.7452
37.9342,536,1.7290
37.9385,530,1.7097
37.9428,521,1.6806
37.9471,511,1.6484
37.9513,501,1.6161
37.9556,490,1.5806
37.9599,479,1.5452
37.9642,472,1.5226
37.9685,470,1.5161
37.9728,471,1.5194
37.9771,473,1.5258
37.9814,473,1.5258
37.9857,474,1.5290
37.9900,474,1.5290
37.9943,475,1.5323
37.9986,477,1.5387
38.0029,478,1.5419
38.0074,478,1.5419
38.0117,478,1.5419
38.0161,474,1.5290
38.0204,463,1.4935
38.0247,439,1.4161
38.0291,420,1.3548
38.0333,430,1.3871
38.0377,488,1.5742
38.0420,593,1.9129
38.0463,723,2.3323
38.0506,860,2.7742
38.0549,955,3.0806
38.0591,952,3.0710
38.0634,859,2.7710
38.0677,723,2.3323
38.0720,579,1.8677
38.0763,471,1.5194
38.0806,417,1.3452
38.0850,401,1.2935
38.0893,409,1.3194
38.0936,431,1.3903
38.0979,449,1.4484
38.1022,457,1.4742
38.1065,459,1.4806
38.1108,460,1.4839
38.1151,461,1.4871
38.1193,461,1.4871
38.1236,463,1.4935
38.1280,463,1.4935
38.1323,465,1.5000
38.1365,466,1.5032
38.1408,467,1.5065
38.1451,468,1.5097
38.1494,470,1.5161
38.1537,471,1.5194
38.1580,472,1.5226
38.1624,473,1.5258
38.1667,476,1.5355
38.1710,484,1.5613
38.1753,495,1.5968
38.1796,506,1.6323
38.1839,517,1.6677
38.1882,528,1.7032
38.1925,537,1.7323
38.1968,546,1.7613
38.2010,556,1.7935
38.2053,566,1.8258
38.2096,574,1.8516
38.2139,580,1.8710
38.2182,586,1.8903
38.2225,592,1.9097
38.2269,595,1.9194
38.2312,599,1.9323
38.2355,602,1.9419
38.2398,603,1.9452
38.2440,602,1.9419
38.2484,597,1.9258
38.2527,595,1.9194
38.2570,591,1.9065
38.2613,587,1.8935
38.2656,579,1.8677
38.2699,572,1.8452
38.2742,564,1.8194
38.2785,555,1.7903
38.2828,546,1.7613
38.2872,536,1.7290
38.2915,525,1.6935
38.2958,516,1.6645
38.3002,506,1.6323
38.3046,494,1.5935
38.3091,483,1.5581
38.3136,473,1.5258
38.3179,464,1.4968
38.3223,456,1.4710
38.3266,453,1.4613
38.3310,453,1.4613
38.3354,453,1.4613
38.3397,455,1.4677
38.3440,457,1.4742
38.3484,459,1.4806
38.3528,459,1.4806
38.3571,460,1.4839
38.3614,461,1.4871
38.3658,462,1.4903
38.3701,463,1.4935
38.3747,464,1.4968
38.3790,466,1.5032
38.3833,467,1.5065
38.3876,473,1.5258
38.3919,482,1.5548
38.3963,493,1.5903
38.4006,505,1.6290
38.4048,516,1.6645
38.4091,524,1.6903
38.4135,532,1.7161
38.4178,538,1.7355
38.4221,543,1.7516
38.4264,544,1.7548
38.4307,542,1.7484
38.4350,536,1.7290
38.4393,530,1.7097
38.4436,520,1.6774
38.4479,511,1.6484
38.4522,501,1.6161
38.4565,490,1.5806
38.4608,480,1.5484
38.4651,473,1.5258
38.4694,470,1.5161
38.4738,470,1.5161
38.4781,470,1.5161
38.4824,472,1.5226
38.4867,472,1.5226
38.4911,474,1.5290
38.4954,476,1.5355
38.4997,476,1.5355
38.5040,478,1.5419
38.5083,478,1.5419
38.5126,479,1.5452
38.5169,475,1.5323
38.5212,460,1.4839
38.5260,433,1.3968
38.5303,418,1.3484
38.5346,443,1.4290
38.5389,517,1.6677
38.5432,631,2.0355
38.5475,767,2.4742
38.5518,894,2.8839
38.5569,966,3.1161
38.5612,918,2.9613
38.5655,799,2.5774
38.5697,656,2.1161
38.5741,522,1.6839
38.5784,441,1.4226
38.5828,406,1.3097
38.5871,403,1.3000
38.5914,420,1.3548
38.5957,441,1.4226
38.6000,454,1.4645
38.6043,458,1.4774
38.6086,459,1.4806
38.6129,460,1.4839
38.6172,461,1.4871
38.6215,462,1.4903
38.6258,464,1.4968
38.6301,464,1.4968
38.6347,464,1.4968
38.6391,465,1.5000
38.6434,467,1.5065
38.6476,467,1.5065
38.6519,468,1.5097
38.6562,470,1.5161
38.6606,471,1.5194
38.6649,474,1.5290
38.6692,480,1.5484
38.6734,490,1.5806
38.6777,501,1.6161
38.6821,510,1.6452
38.6864,521,1.6806
38.6907,530,1.7097
38.6950,540,1.7419
38.6993,549,1.7710
38.7036,558,1.8000
38.7079,569,1.8355
38.7122,576,1.8581
38.7166,583,1.8806
38.7209,589,1.9000
38.7252,594,1.9161
38.7295,598,1.9290
38.7338,601,1.9387
38.7381,602,1.9419
38.7425,601,1.9387
38.7468,600,1.9355
38.7510,596,1.9226
38.7553,595,1.9194
38.7596,589,1.9000
38.7640,582,1.8774
38.7683,574,1.8516
38.7725,566,1.8258
38.7769,557,1.7968
38.7812,549,1.7710
38.7855,538,1.7355
38.7898,528,1.7032
38.7941,517,1.6677
38.7984,508,1.6387
38.8028,499,1.6097
38.8071,488,1.5742
38.8113,478,1.5419
38.8156,468,1.5097
38.8199,460,1.4839
38.8243,452,1.4581
38.8286,452,1.4581
38.8329,453,1.4613
38.8372,455,1.4677
38.8415,456,1.4710
38.8458,457,1.4742
38.8501,457,1.4742
38.8544,459,1.4806
38.8587,462,1.4903
38.8636,464,1.4968
38.8679,465,1.5000
38.8722,466,1.5032
38.8765,466,1.5032
38.8808,467,1.5065
38.8851,470,1.5161
38.8894,476,1.5355
38.8937,487,1.5710
38.8980,497,1.6032
38.9023,510,1.6452
38.9068,521,1.6806
38.9112,530,1.7097
38.9155,537,1.7323
38.9198,539,1.7387
38.9250,543,1.7516
38.9293,541,1.7452
38.9336,537,1.7323
38.9379,530,1.7097
38.9422,522,1.6839
38.9465,512,1.6516
38.9508,501,1.6161
38.9551,491,1.5839
38.9594,480,1.5484
38.9637,471,1.5194
38.9680,469,1.5129
38.9723,469,1.5129
38.9766,470,1.5161
38.9809,472,1.5226
38.9853,473,1.5258
38.9896,474,1.5290
38.9939,475,1.5323
38.9982,476,1.5355
39.0025,476,1.5355
39.0068,477,1.5387
39.0111,478,1.5419
39.0154,477,1.5387
39.0197,470,1.5161
39.0240,449,1.4484
39.0284,425,1.3710
39.0327,420,1.3548
39.0370,460,1.4839
39.0413,547,1.7645
39.0456,670,2.1613
39.0499,808,2.6065
39.0542,927,2.9903
39.0585,963,3.1065
39.0628,904,2.9161
39.0671,781,2.5194
39.0714,633,2.0419
39.0757,506,1.6323
39.0801,432,1.3935
39.0844,403,1.3000
39.0888,405,1.3065
39.0931,423,1.3645
39.0973,443,1.4290
39.1016,454,1.4645
39.1059,458,1.4774
39.1102,459,1.4806
39.1145,460,1.4839
39.1188,460,1.4839
39.1231,461,1.4871
39.1274,461,1.4871
39.1318,464,1.4968
39.1361,464,1.4968
39.1404,466,1.5032
39.1447,467,1.5065
39.1495,468,1.5097
39.1539,469,1.5129
39.1582,471,1.5194
39.1625,472,1.5226
39.1668,476,1.5355
39.1711,484,1.5613
39.1754,493,1.5903
39.1797,504,1.6258
39.1840,515,1.6613
39.1883,524,1.6903
39.1927,533,1.7194
39.1970,544,1.7548
39.2013,554,1.7871
39.2057,564,1.8194
39.2101,572,1.8452
39.2146,580,1.8710
39.2189,586,1.8903
39.2232,593,1.9129
39.2275,596,1.9226
39.2319,599,1.9323
39.2362,601,1.9387
39.2405,602,1.9419
39.2448,602,1.9419
39.2491,600,1.9355
39.2534,598,1.9290
39.2577,593,1.9129
39.2620,589,1.9000
39.2663,580,1.8710
39.2706,572,1.8452
39.2749,565,1.8226
39.2792,556,1.7935
39.2835,545,1.7581
39.2878,537,1.7323
39.2921,526,1.6968
39.2964,515,1.6613
39.3007,506,1.6323
39.3050,496,1.6000
39.3093,485,1.5645
39.3137,476,1.5355
39.3180,467,1.5065
39.3222,458,1.4774
39.3265,453,1.4613
39.3308,451,1.4548
39.3352,452,1.4581
39.3395,454,1.4645
39.3438,454,1.4645
39.3481,456,1.4710
39.3524,459,1.4806
39.3567,461,1.4871
39.3610,462,1.4903
39.3653,463,1.4935
39.3696,464,1.4968
39.3744,464,1.4968
39.3787,464,1.4968
39.3830,465,1.5000
39.3873,470,1.5161
39.3916,478,1.5419
39.3959,489,1.5774
39.4002,502,1.6194
39.4045,513,1.6548
39.4088,522,1.6839
39.4131,531,1.7129
39.4175,538,1.7355
39.4218,543,1.7516
39.4261,542,1.7484
39.4303,540,1.7419
39.4347,535,1.7258
39.4390,529,1.7065
39.4433,521,1.6806
39.4476,512,1.6516
39.4519,501,1.6161
39.4562,491,1.5839
39.4605,481,1.5516
39.4652,472,1.5226
39.4695,469,1.5129
39.4738,469,1.5129
39.4781,471,1.5194
39.4825,473,1.5258
39.4868,474,1.5290
39.4910,473,1.5258
39.4953,474,1.5290
39.4996,474,1.5290
39.5039,476,1.5355
39.5081,476,1.5355
39.5124,476,1.5355
39.5166,477,1.5387
39.5209,477,1.5387
39.5252,469,1.5129
39.5295,448,1.4452
39.5337,424,1.3677
39.5380,423,1.3645
39.5423,466,1.5032
39.5466,554,1.7871
39.5508,677,2.1839
39.5551,814,2.6258
39.5593,931,3.0032
39.5636,963,3.1065
39.5679,902,2.9097
39.5722,779,2.5129
39.5765,634,2.0452
39.5807,508,1.6387
39.5850,433,1.3968
39.5893,405,1.3065
39.5936,406,1.3097
39.5979,424,1.3677
39.6022,443,1.4290
39.6065,454,1.4645
39.6108,458,1.4774
39.6151,460,1.4839
39.6195,460,1.4839
39.6238,461,1.4871
39.6280,462,1.4903
39.6323,464,1.4968
39.6366,465,1.5000
39.6410,465,1.5000
39.6453,466,1.5032
39.6495,466,1.5032
39.6538,468,1.5097
39.6582,469,1.5129
39.6625,470,1.5161
39.6668,471,1.5194
39.6710,473,1.5258
39.6753,481,1.5516
39.6797,490,1.5806
39.6839,503,1.6226
39.6883,513,1.6548
39.6926,522,1.6839
39.6970,533,1.7194
39.7013,543,1.7516
39.7056,554,1.7871
39.7099,562,1.8129
39.7142,570,1.8387
39.7185,579,1.8677
39.7228,586,1.8903
39.7271,591,1.9065
39.7314,596,1.9226
39.7357,600,1.9355
39.7400,603,1.9452
39.7443,603,1.9452
39.7486,603,1.9452
39.7529,601,1.9387
39.7572,597,1.9258
39.7615,594,1.9161
39.7658,589,1.9000
39.7701,583,1.8806
39.7744,576,1.8581
39.7787,568,1.8323
39.7830,559,1.8032
39.7873,550,1.7742
39.7916,540,1.7419
39.7959,530,1.7097
39.8001,519,1.6742
39.8045,509,1.6419
39.8091,498,1.6065
39.8135,487,1.5710
39.8177,479,1.5452
39.8220,469,1.5129
39.8263,459,1.4806
39.8306,453,1.4613
39.8348,450,1.4516
39.8391,451,1.4548
39.8435,453,1.4613
39.8477,454,1.4645
39.8520,456,1.4710
39.8563,456,1.4710
39.8605,459,1.4806
39.8648,460,1.4839
39.8691,460,1.4839
39.8734,461,1.4871
39.8776,463,1.4935
39.8819,463,1.4935
39.8862,464,1.4968
39.8904,466,1.5032
39.8947,473,1.5258
39.8990,484,1.5613
39.9033,494,1.5935
39.9076,506,1.6323
39.9119,518,1.6710
39.9161,526,1.6968
39.9204,533,1.7194
39.9247,538,1.7355
39.9289,543,1.7516
39.9332,542,1.7484
39.9375,540,1.7419
39.9418,534,1.7226
39.9461,526,1.6968
39.9504,518,1.6710
39.9546,508,1.6387
39.9589,497,1.6032
39.9632,486,1.5677
39.9675,475,1.5323
39.9718,469,1.5129
39.9760,468,1.5097
39.9803,470,1.5161
39.9846,471,1.5194
39.9889,472,1.5226
39.9932,473,1.5258
39.9975,474,1.5290
40.0018,475,1.5323
40.0061,475,1.5323
40.0104,476,1.5355
40.0147,477,1.5387
40.0190,477,1.5387
40.0233,479,1.5452
40.0276,476,1.5355
40.0319,463,1.4935
40.0362,438,1.4129
40.0407,418,1.3484
40.0453,439,1.4161
40.0498,514,1.6581
40.0543,629,2.0290
40.0587,769,2.4806
40.0631,902,2.9097
40.0676,965,3.1129
40.0720,921,2.9710
40.0763,806,2.6000
40.0807,661,2.1323
40.0850,526,1.6968
40.0893,442,1.4258
40.0937,406,1.3097
40.0980,402,1.2968
40.1023,420,1.3548
40.1079,445,1.4355
40.1124,455,1.4677
40.1168,459,1.4806
40.1211,461,1.4871
40.1253,461,1.4871
40.1296,462,1.4903
40.1340,462,1.4903
40.1383,463,1.4935
40.1427,465,1.5000
40.1470,466,1.5032
40.1513,467,1.5065
40.1556,468,1.5097
40.1599,469,1.5129
40.1642,471,1.5194
40.1685,471,1.5194
40.1728,472,1.5226
40.1771,475,1.5323
40.1814,482,1.5548
40.1857,493,1.5903
40.1902,505,1.6290
40.1946,516,1.6645
40.1988,526,1.6968
40.2031,534,1.7226
40.2075,545,1.7581
40.2118,555,1.7903
40.2161,563,1.8161
40.2204,571,1.8419
40.2247,578,1.8645
40.2290,586,1.8903
40.2333,593,1.9129
40.2376,597,1.9258
40.2419,600,1.9355
40.2462,602,1.9419
40.2505,604,1.9484
40.2548,603,1.9452
40.2592,600,1.9355
40.2635,597,1.9258
40.2678,592,1.9097
40.2723,587,1.8935
40.2766,581,1.8742
40.2810,573,1.8484
40.2853,565,1.8226
40.2899,555,1.7903
40.2942,547,1.7645
40.2986,537,1.7323
40.3028,526,1.6968
40.3071,515,1.6613
40.3114,505,1.6290
40.3159,494,1.5935
40.3203,484,1.5613
40.3246,475,1.5323
40.3288,465,1.5000
40.3331,458,1.4774
40.3375,454,1.4645
40.3418,452,1.4581
40.3461,453,1.4613
40.3504,455,1.4677
40.3548,457,1.4742
40.3591,459,1.4806
40.3634,459,1.4806
40.3677,459,1.4806
40.3720,461,1.4871
40.3763,461,1.4871
40.3806,463,1.4935
40.3849,465,1.5000
40.3892,465,1.5000
40.3935,465,1.5000
40.3979,470,1.5161
40.4022,479,1.5452
40.4065,492,1.5871
40.4108,503,1.6226
40.4151,514,1.6581
40.4194,526,1.6968
40.4237,533,1.7194
40.4280,539,1.7387
40.4323,543,1.7516
40.4368,544,1.7548
40.4411,542,1.7484
40.4455,537,1.7323
40.4498,530,1.7097
40.4540,521,1.6806
40.4583,513,1.6548
40.4627,502,1.6194
40.4670,491,1.5839
40.4713,480,1.5484
40.4756,472,1.5226
40.4799,469,1.5129
40.4842,470,1.5161
40.4885,472,1.5226
40.4928,472,1.5226
40.4971,473,1.5258
40.5014,474,1.5290
40.5057,475,1.5323
40.5100,476,1.5355
40.5143,477,1.5387
40.5186,477,1.5387
40.5229,478,1.5419
40.5272,475,1.5323
40.5315,463,1.4935
40.5358,440,1.4194
40.5401,420,1.3548
40.5445,431,1.3903
40.5488,490,1.5806
40.5531,593,1.9129
40.5574,727,2.3452
40.5617,862,2.7806
40.5660,957,3.0871
40.5703,950,3.0645
40.5746,859,2.7710
40.5789,724,2.3355
40.5832,578,1.8645
40.5875,471,1.5194
40.5922,414,1.3355
40.5965,402,1.2968
40.6008,412,1.3290
40.6052,433,1.3968
40.6094,450,1.4516
40.6137,457,1.4742
40.6180,460,1.4839
40.6223,460,1.4839
40.6267,460,1.4839
40.6309,461,1.4871
40.6352,462,1.4903
40.6395,463,1.4935
40.6438,465,1.5000
40.6482,466,1.5032
40.6525,465,1.5000
40.6568,468,1.5097
40.6615,470,1.5161
40.6658,470,1.5161
40.6701,470,1.5161
40.6744,470,1.5161
40.6787,475,1.5323
40.6830,483,1.5581
40.6873,494,1.5935
40.6916,505,1.6290
40.6959,517,1.6677
40.7006,528,1.7032
40.7049,539,1.7387
40.7094,550,1.7742
40.7138,558,1.8000
40.7181,568,1.8323
40.7232,575,1.8548
40.7276,583,1.8806
40.7319,589,1.9000
40.7362,595,1.9194
40.7404,599,1.9323
40.7448,602,1.9419
40.7491,602,1.9419
40.7534,602,1.9419
40.7577,601,1.9387
40.7620,599,1.9323
40.7663,594,1.9161
40.7706,589,1.9000
40.7749,582,1.8774
40.7792,574,1.8516
40.7835,565,1.8226
40.7878,559,1.8032
40.7922,549,1.7710
40.7965,539,1.7387
40.8008,529,1.7065
40.8051,517,1.6677
40.8094,508,1.6387
40.8137,498,1.6065
40.8180,487,1.5710
40.8223,478,1.5419
40.8266,469,1.5129
40.8309,460,1.4839
40.8352,454,1.4645
40.8395,453,1.4613
40.8438,454,1.4645
40.8482,455,1.4677
40.8525,456,1.4710
40.8568,457,1.4742
40.8611,459,1.4806
40.8654,460,1.4839
40.8697,461,1.4871
40.8740,462,1.4903
40.8783,463,1.4935
40.8826,465,1.5000
40.8869,466,1.5032
40.8912,467,1.5065
40.8955,469,1.5129
40.8998,476,1.5355
40.9041,486,1.5677
40.9084,499,1.6097
40.9128,511,1.6484
40.9170,521,1.6806
40.9213,528,1.7032
40.9256,535,1.7258
40.9299,539,1.7387
40.9343,543,1.7516
40.9385,544,1.7548
40.9428,540,1.7419
40.9471,533,1.7194
40.9520,525,1.6935
40.9563,517,1.6677
40.9606,505,1.6290
40.9649,494,1.5935
40.9692,482,1.5548
40.9735,473,1.5258
40.9778,468,1.5097
40.9821,469,1.5129
40.9864,470,1.5161
40.9907,472,1.5226
40.9950,473,1.5258
40.9994,474,1.5290
41.0037,476,1.5355
41.0082,476,1.5355
41.0126,476,1.5355
41.0170,479,1.5452
41.0213,481,1.5516
41.0256,480,1.5484
41.0301,469,1.5129
41.0345,447,1.4419
41.0387,424,1.3677
41.0430,421,1.3581
41.0479,473,1.5258
41.0522,571,1.8419
41.0566,700,2.2581
41.0609,838,2.7032
41.0651,945,3.0484
41.0694,959,3.0935
41.0737,883,2.8484
41.0781,752,2.4258
41.0823,605,1.9516
41.0866,488,1.5742
41.0914,420,1.3548
41.0958,401,1.2935
41.1001,407,1.3129
41.1044,430,1.3871
41.1087,447,1.4419
41.1130,456,1.4710
41.1173,459,1.4806
41.1216,460,1.4839
41.1259,460,1.4839
41.1302,460,1.4839
41.1345,461,1.4871
41.1388,462,1.4903
41.1431,463,1.4935
41.1474,463,1.4935
41.1518,464,1.4968
41.1561,466,1.5032
41.1604,467,1.5065
41.1647,467,1.5065
41.1690,467,1.5065
41.1733,470,1.5161
41.1776,475,1.5323
41.1819,482,1.5548
41.1862,490,1.5806
41.1905,501,1.6161
41.1948,512,1.6516
41.1992,523,1.6871
41.2035,534,1.7226
41.2078,544,1.7548
41.2121,552,1.7806
41.2164,563,1.8161
41.2207,570,1.8387
41.2250,579,1.8677
41.2293,585,1.8871
41.2336,591,1.9065
41.2387,597,1.9258
41.2430,599,1.9323
41.2473,599,1.9323
41.2517,600,1.9355
41.2560,600,1.9355
41.2603,597,1.9258
41.2646,595,1.9194
41.2689,590,1.9032
41.2732,585,1.8871
41.2775,577,1.8613
41.2819,569,1.8355
41.2862,560,1.8065
41.2904,552,1.7806
41.2947,542,1.7484
41.2995,532,1.7161
41.3039,523,1.6871
41.3081,512,1.6516
41.3124,501,1.6161
41.3167,491,1.5839
41.3211,481,1.5516
41.3254,471,1.5194
41.3296,463,1.4935
41.3339,455,1.4677
41.3382,452,1.4581
41.3426,452,1.4581
41.3469,454,1.4645
41.3512,454,1.4645
41.3555,455,1.4677
41.3598,457,1.4742
41.3641,459,1.4806
41.3684,460,1.4839
41.3727,461,1.4871
41.3770,462,1.4903
41.3813,464,1.4968
41.3856,465,1.5000
41.3899,465,1.5000
41.3942,466,1.5032
41.3985,470,1.5161
41.4028,481,1.5516
41.4071,492,1.5871
41.4114,505,1.6290
41.4157,515,1.6613
41.4200,525,1.6935
41.4243,532,1.7161
41.4286,538,1.7355
41.4329,541,1.7452
41.4372,543,1.7516
41.4415,541,1.7452
41.4458,535,1.7258
41.4501,526,1.6968
41.4545,517,1.6677
41.4588,508,1.6387
41.4631,498,1.6065
41.4674,487,1.5710
41.4717,477,1.5387
41.4760,469,1.5129
41.4803,467,1.5065
41.4846,469,1.5129
41.4889,471,1.5194
41.4932,472,1.5226
41.4976,472,1.5226
41.5019,474,1.5290
41.5062,474,1.5290
41.5105,475,1.5323
41.5148,477,1.5387
41.5191,478,1.5419
41.5239,477,1.5387
41.5282,472,1.5226
41.5325,457,1.4742
41.5368,433,1.3968
41.5411,416,1.3419
41.5454,439,1.4161
41.5497,509,1.6419
41.5540,621,2.0032
41.5583,755,2.4355
41.5626,890,2.8710
41.5670,964,3.1097
41.5713,937,3.0226
41.5755,831,2.6806
41.5798,691,2.2290
41.5841,549,1.7710
41.5885,453,1.4613
41.5928,409,1.3194
41.5970,400,1.2903
41.6014,413,1.3323
41.6059,435,1.4032
41.6104,451,1.4548
41.6148,456,1.4710
41.6191,465,1.5000
41.6235,460,1.4839
41.6278,459,1.4806
41.6321,460,1.4839
41.6364,462,1.4903
41.6407,463,1.4935
41.6450,465,1.5000
41.6496,466,1.5032
41.6540,465,1.5000
41.6583,467,1.5065
41.6625,468,1.5097
41.6668,469,1.5129
41.6712,471,1.5194
41.6755,472,1.5226
41.6798,479,1.5452
41.6841,489,1.5774
41.6889,500,1.6129
41.6933,512,1.6516
41.6976,522,1.6839
41.7019,531,1.7129
41.7062,542,1.7484
41.7106,551,1.7774
41.7148,559,1.8032
41.7191,568,1.8323
41.7234,577,1.8613
41.7277,585,1.8871
41.7321,589,1.9000
41.7363,593,1.9129
41.7406,599,1.9323
41.7449,601,1.9387
41.7492,601,1.9387
41.7536,602,1.9419
41.7579,599,1.9323
41.7622,598,1.9290
41.7665,593,1.9129
41.7708,588,1.8968
41.7751,584,1.8839
41.7794,576,1.8581
41.7837,566,1.8258
41.7880,558,1.8000
41.7923,548,1.7677
41.7966,539,1.7387
41.8009,529,1.7065
41.8052,520,1.6774
41.8095,510,1.6452
41.8139,499,1.6097
41.8182,489,1.5774
41.8224,479,1.5452
41.8267,471,1.5194
41.8310,462,1.4903
41.8354,455,1.4677
41.8397,454,1.4645
41.8439,453,1.4613
41.8482,454,1.4645
41.8526,455,1.4677
41.8569,455,1.4677
41.8612,458,1.4774
41.8655,460,1.4839
41.8698,461,1.4871
41.8741,462,1.4903
41.8784,463,1.4935
41.8827,463,1.4935
41.8870,465,1.5000
41.8913,464,1.4968
41.8956,467,1.5065
41.8999,473,1.5258
41.9042,484,1.5613
41.9089,497,1.6032
41.9133,509,1.6419
41.9176,521,1.6806
41.9219,529,1.7065
41.9262,536,1.7290
41.9304,540,1.7419
41.9347,544,1.7548
41.9389,544,1.7548
41.9432,541,1.7452
41.9476,534,1.7226
41.9519,528,1.7032
41.9562,519,1.6742
41.9604,508,1.6387
41.9647,497,1.6032
41.9689,488,1.5742
41.9732,476,1.5355
41.9776,471,1.5194
41.9826,470,1.5161
41.9869,471,1.5194
41.9912,473,1.5258
41.9955,474,1.5290
41.9997,475,1.5323
42.0040,476,1.5355
42.0082,477,1.5387
42.0125,477,1.5387
42.0168,479,1.5452
42.0210,480,1.5484
42.0253,479,1.5452
42.0295,472,1.5226
42.0338,452,1.4581
42.0381,428,1.3806
42.0423,419,1.3516
42.0466,453,1.4613
42.0509,534,1.7226
42.0552,654,2.1097
42.0594,788,2.5419
42.0637,913,2.9452
42.0680,963,3.1065
42.0722,916,2.9548
42.0765,801,2.5839
42.0808,659,2.1258
42.0850,525,1.6935
42.0893,441,1.4226
42.0935,405,1.3065
42.0978,401,1.2935
42.1022,417,1.3452
42.1065,438,1.4129
42.1107,452,1.4581
42.1150,457,1.4742
42.1193,459,1.4806
42.1236,460,1.4839
42.1279,460,1.4839
42.1322,461,1.4871
42.1365,462,1.4903
42.1408,464,1.4968
42.1451,465,1.5000
42.1493,466,1.5032
42.1537,467,1.5065
42.1579,469,1.5129
42.1622,470,1.5161
42.1665,470,1.5161
42.1708,472,1.5226
42.1751,473,1.5258
42.1794,480,1.5484
42.1837,488,1.5742
42.1880,497,1.6032
42.1923,508,1.6387
42.1966,518,1.6710
42.2009,529,1.7065
42.2052,539,1.7387
42.2095,548,1.7677
42.2138,557,1.7968
42.2181,566,1.8258
42.2224,575,1.8548
42.2267,580,1.8710
42.2310,588,1.8968
42.2353,593,1.9129
42.2396,599,1.9323
42.2439,601,1.9387
42.2482,602,1.9419
42.2525,603,1.9452
42.2568,601,1.9387
42.2611,599,1.9323
42.2654,597,1.9258
42.2697,590,1.9032
42.2740,585,1.8871
42.2783,577,1.8613
42.2826,569,1.8355
42.2869,562,1.8129
42.2912,551,1.7774
42.2955,544,1.7548
42.2998,534,1.7226
42.3041,523,1.6871
42.3084,512,1.6516
42.3127,501,1.6161
42.3170,491,1.5839
42.3213,481,1.5516
42.3256,471,1.5194
42.3299,461,1.4871
42.3342,454,1.4645
42.3385,452,1.4581
42.3428,451,1.4548
42.3471,454,1.4645
42.3514,456,1.4710
42.3557,457,1.4742
42.3600,458,1.4774
42.3643,458,1.4774
42.3686,459,1.4806
42.3728,460,1.4839
42.3771,461,1.4871
42.3814,462,1.4903
42.3857,463,1.4935
42.3900,465,1.5000
42.3943,465,1.5000
42.3986,471,1.5194
42.4029,480,1.5484
42.4072,491,1.5839
42.4115,503,1.6226
42.4158,514,1.6581
42.4201,525,1.6935
42.4244,532,1.7161
42.4287,539,1.7387
42.4330,544,1.7548
42.4372,544,1.7548
42.4415,543,1.7516
42.4459,538,1.7355
42.4502,530,1.7097
42.4545,520,1.6774
42.4588,510,1.6452
42.4631,500,1.6129
42.4673,490,1.5806
42.4716,480,1.5484
42.4759,473,1.5258
42.4802,471,1.5194
42.4845,472,1.5226
42.4888,473,1.5258
42.4930,474,1.5290
42.4973,474,1.5290
42.5027,475,1.5323
42.5073,476,1.5355
42.5118,476,1.5355
42.5162,478,1.5419
42.5205,479,1.5452
42.5248,480,1.5484
42.5291,480,1.5484
42.5334,481,1.5516
42.5377,477,1.5387
42.5420,463,1.4935
42.5466,436,1.4065
42.5509,419,1.3516
42.5552,437,1.4097
42.5595,504,1.6258
42.5639,614,1.9806
42.5682,748,2.4129
42.5725,884,2.8516
42.5768,962,3.1032
42.5811,942,3.0387
42.5854,840,2.7097
42.5897,701,2.2613
42.5940,555,1.7903
42.5983,459,1.4806
42.6026,413,1.3323
42.6070,404,1.3032
42.6113,414,1.3355
42.6156,436,1.4065
42.6199,452,1.4581
42.6242,458,1.4774
42.6288,460,1.4839
42.6331,461,1.4871
42.6374,462,1.4903
42.6417,464,1.4968
42.6460,465,1.5000
42.6503,466,1.5032
42.6547,467,1.5065
42.6590,467,1.5065
42.6633,469,1.5129
42.6676,470,1.5161
42.6719,471,1.5194
42.6762,472,1.5226
42.6805,472,1.5226
42.6848,474,1.5290
42.6891,480,1.5484
42.6934,489,1.5774
42.6977,500,1.6129
42.7020,510,1.6452
42.7063,519,1.6742
42.7108,531,1.7129
42.7152,542,1.7484
42.7195,551,1.7774
42.7238,561,1.8097
42.7280,571,1.8419
42.7323,578,1.8645
42.7367,585,1.8871
42.7410,591,1.9065
42.7453,596,1.9226
42.7496,601,1.9387
42.7539,603,1.9452
42.7582,603,1.9452
42.7625,604,1.9484
42.7668,602,1.9419
42.7711,599,1.9323
42.7754,596,1.9226
42.7797,592,1.9097
42.7840,586,1.8903
42.7883,578,1.8645
42.7929,569,1.8355
42.7973,560,1.8065
42.8016,552,1.7806
42.8059,542,1.7484
42.8105,536,1.7290
42.8149,521,1.6806
42.8191,511,1.6484
42.8234,501,1.6161
42.8277,491,1.5839
42.8319,480,1.5484
42.8362,470,1.5161
42.8405,462,1.4903
42.8447,454,1.4645
42.8490,452,1.4581
42.8533,452,1.4581
42.8576,455,1.4677
42.8618,454,1.4645
42.8661,456,1.4710
42.8704,457,1.4742
42.8746,459,1.4806
42.8788,459,1.4806
42.8831,460,1.4839
42.8874,462,1.4903
42.8916,463,1.4935
42.8959,463,1.4935
42.9002,465,1.5000
42.9045,466,1.5032
42.9088,472,1.5226
42.9131,482,1.5548
42.9173,494,1.5935
42.9216,505,1.6290
42.9259,515,1.6613
42.9301,525,1.6935
42.9344,533,1.7194
42.9387,540,1.7419
42.9429,544,1.7548
42.9472,543,1.7516
42.9515,541,1.7452
42.9558,536,1.7290
42.9601,528,1.7032
42.9643,519,1.6742
42.9686,509,1.6419
42.9729,498,1.6065
42.9771,489,1.5774
42.9814,478,1.5419
42.9857,472,1.5226
42.9899,470,1.5161
42.9942,471,1.5194
42.9985,472,1.5226
43.0027,473,1.5258
43.0077,473,1.5258
43.0120,473,1.5258
43.0163,475,1.5323
43.0206,475,1.5323
43.0249,477,1.5387
43.0292,478,1.5419
43.0335,479,1.5452
43.0378,475,1.5323
43.0421,460,1.4839
43.0464,436,1.4065
43.0507,418,1.3484
43.0550,433,1.3968
43.0593,499,1.6097
43.0637,607,1.9581
43.0680,741,2.3903
43.0723,874,2.8194
43.0766,958,3.0903
43.0809,942,3.0387
43.0852,844,2.7226
43.0895,706,2.2774
43.0938,565,1.8226
43.0981,464,1.4968
43.1024,415,1.3387
43.1067,401,1.2935
43.1110,404,1.3032
43.1153,418,1.3484
43.1196,439,1.4161
43.1239,453,1.4613
43.1282,459,1.4806
43.1325,461,1.4871
43.1368,461,1.4871
43.1411,462,1.4903
43.1454,463,1.4935
43.1497,463,1.4935
43.1541,464,1.4968
43.1584,466,1.5032
43.1627,467,1.5065
43.1670,468,1.5097
43.1712,469,1.5129
43.1756,470,1.5161
43.1799,470,1.5161
43.1842,470,1.5161
43.1885,471,1.5194
43.1928,476,1.5355
43.1970,486,1.5677
43.2013,497,1.6032
43.2057,507,1.6355
43.2099,518,1.6710
43.2143,528,1.7032
43.2186,538,1.7355
43.2228,548,1.7677
43.2272,558,1.8000
43.2315,568,1.8323
43.2358,577,1.8613
43.2400,584,1.8839
43.2443,590,1.9032
43.2487,593,1.9129
43.2530,598,1.9290
43.2573,602,1.9419
43.2616,604,1.9484
43.2659,602,1.9419
43.2702,602,1.9419
43.2745,599,1.9323
43.2787,597,1.9258
43.2831,591,1.9065
43.2874,585,1.8871
43.2917,579,1.8677
43.2960,571,1.8419
43.3003,562,1.8129
43.3046,554,1.7871
43.3089,545,1.7581
43.3132,537,1.7323
43.3175,527,1.7000
43.3218,516,1.6645
43.3261,505,1.6290
43.3304,495,1.5968
43.3347,484,1.5613
43.3391,475,1.5323
43.3433,466,1.5032
43.3476,458,1.4774
43.3520,454,1.4645
43.3562,453,1.4613
43.3605,454,1.4645
43.3648,455,1.4677
43.3692,456,1.4710
43.3735,457,1.4742
43.3778,459,1.4806
43.3821,460,1.4839
43.3863,460,1.4839
43.3906,461,1.4871
43.3949,463,1.4935
43.3992,463,1.4935
43.4036,464,1.4968
43.4080,466,1.5032
43.4124,469,1.5129
43.4168,478,1.5419
43.4212,489,1.5774
43.4254,501,1.6161
43.4297,512,1.6516
43.4340,522,1.6839
43.4382,531,1.7129
43.4425,539,1.7387
43.4468,544,1.7548
43.4510,545,1.7581
43.4553,544,1.7548
43.4596,541,1.7452
43.4639,534,1.7226
43.4681,524,1.6903
43.4724,515,1.6613
43.4767,505,1.6290
43.4809,492,1.5871
43.4852,481,1.5516
43.4895,473,1.5258
43.4938,470,1.5161
43.4980,470,1.5161
43.5023,471,1.5194
43.5066,473,1.5258
43.5108,474,1.5290
43.5151,475,1.5323
43.5194,475,1.5323
43.5238,476,1.5355
43.5281,477,1.5387
43.5324,477,1.5387
43.5367,478,1.5419
43.5410,477,1.5387
43.5454,469,1.5129
43.5497,448,1.4452
43.5540,424,1.3677
43.5583,422,1.3613
43.5626,466,1.5032
43.5669,558,1.8000
43.5712,685,2.2097
43.5755,825,2.6613
43.5798,938,3.0258
43.5841,960,3.0968
43.5884,891,2.8742
43.5927,765,2.4677
43.5970,619,1.9968
43.6013,496,1.6000
43.6057,427,1.3774
43.6100,401,1.2935
43.6143,405,1.3065
43.6186,425,1.3710
43.6229,444,1.4323
43.6271,454,1.4645
43.6314,458,1.4774
43.6356,459,1.4806
43.6399,459,1.4806
43.6442,460,1.4839
43.6484,463,1.4935
43.6527,465,1.5000
43.6570,467,1.5065
43.6612,468,1.5097
43.6655,468,1.5097
43.6698,468,1.5097
43.6740,468,1.5097
43.6783,468,1.5097
43.6826,468,1.5097
43.6869,470,1.5161
43.6911,473,1.5258
43.6954,480,1.5484
43.6997,489,1.5774
43.7040,500,1.6129
43.7084,515,1.6613
43.7149,526,1.6968
43.7193,537,1.7323
43.7237,547,1.7645
43.7280,557,1.7968
43.7323,567,1.8290
43.7366,575,1.8548
43.7409,584,1.8839
43.7452,590,1.9032
43.7495,596,1.9226
43.7538,599,1.9323
43.7581,601,1.9387
43.7624,603,1.9452
43.7667,602,1.9419
43.7710,602,1.9419
43.7753,600,1.9355
43.7796,598,1.9290
43.7840,592,1.9097
43.7882,587,1.8935
43.7925,579,1.8677
43.7968,573,1.8484
43.8011,565,1.8226
43.8054,554,1.7871
43.8097,543,1.7516
43.8140,533,1.7194
43.8183,522,1.6839
43.8227,513,1.6548
43.8270,503,1.6226
43.8313,493,1.5903
43.8356,483,1.5581
43.8399,472,1.5226
43.8442,463,1.4935
43.8485,456,1.4710
43.8528,452,1.4581
43.8571,452,1.4581
43.8614,453,1.4613
43.8657,454,1.4645
43.8702,456,1.4710
43.8745,457,1.4742
43.8788,457,1.4742
43.8836,458,1.4774
43.8879,459,1.4806
43.8922,460,1.4839
43.8965,462,1.4903
43.9007,463,1.4935
43.9051,463,1.4935
43.9094,464,1.4968
43.9137,469,1.5129
43.9179,479,1.5452
43.9222,491,1.5839
43.9266,505,1.6290
43.9309,515,1.6613
43.9352,525,1.6935
43.9395,533,1.7194
43.9438,539,1.7387
43.9481,542,1.7484
43.9524,543,1.7516
43.9567,540,1.7419
43.9610,535,1.7258
43.9653,527,1.7000
43.9696,518,1.6710
43.9739,509,1.6419
43.9782,498,1.6065
43.9825,487,1.5710
43.9869,478,1.5419
43.9912,471,1.5194
43.9955,469,1.5129
43.9998,470,1.5161
44.0041,470,1.5161
44.0084,473,1.5258
44.0127,474,1.5290
44.0170,475,1.5323
44.0213,475,1.5323
44.0256,476,1.5355
44.0299,477,1.5387
44.0342,479,1.5452
44.0385,480,1.5484
44.0428,476,1.5355
44.0471,460,1.4839
44.0514,437,1.4097
44.0557,419,1.3516
44.0600,433,1.3968
44.0643,497,1.6032
44.0686,605,1.9516
44.0729,738,2.3806
44.0773,875,2.8226
44.0815,958,3.0903
44.0858,945,3.0484
44.0902,845,2.7258
44.0945,709,2.2871
44.0988,564,1.8194
44.1030,463,1.4935
44.1073,413,1.3323
44.1117,400,1.2903
44.1160,412,1.3290
44.1203,433,1.3968
44.1245,449,1.4484
44.1289,456,1.4710
44.1332,457,1.4742
44.1375,459,1.4806
44.1418,460,1.4839
44.1460,461,1.4871
44.1503,462,1.4903
44.1546,463,1.4935
44.1588,464,1.4968
44.1631,465,1.5000
44.1673,466,1.5032
44.1717,467,1.5065
44.1759,467,1.5065
44.1802,468,1.5097
44.1845,469,1.5129
44.1888,470,1.5161
44.1930,475,1.5323
44.1973,483,1.5581
44.2015,494,1.5935
44.2058,505,1.6290
44.2101,515,1.6613
44.2143,525,1.6935
44.2186,535,1.7258
44.2229,545,1.7581
44.2272,555,1.7903
44.2315,564,1.8194
44.2357,572,1.8452
44.2400,578,1.8645
44.2442,586,1.8903
44.2485,591,1.9065
44.2528,596,1.9226
44.2571,600,1.9355
44.2613,599,1.9323
44.2656,601,1.9387
44.2698,600,1.9355
44.2741,598,1.9290
44.2784,596,1.9226
44.2826,593,1.9129
44.2870,586,1.8903
44.2913,581,1.8742
44.2956,574,1.8516
44.2999,565,1.8226
44.3043,556,1.7935
44.3087,542,1.7484
44.3153,531,1.7129
44.3197,520,1.6774
44.3240,510,1.6452
44.3283,499,1.6097
44.3329,489,1.5774
44.3374,480,1.5484
44.3425,468,1.5097
44.3469,458,1.4774
44.3513,452,1.4581
44.3559,451,1.4548
44.3606,452,1.4581
44.3651,453,1.4613
44.3696,455,1.4677
44.3744,457,1.4742
44.3789,457,1.4742
44.3833,459,1.4806
44.3877,459,1.4806
44.3920,461,1.4871
44.3962,461,1.4871
44.4006,463,1.4935
44.4048,464,1.4968
44.4091,466,1.5032
44.4133,471,1.5194
44.4176,479,1.5452
44.4219,491,1.5839
44.4262,504,1.6258
44.4304,515,1.6613
44.4347,523,1.6871
44.4390,531,1.7129
44.4432,537,1.7323
44.4475,541,1.7452
44.4518,543,1.7516
44.4560,541,1.7452
44.4603,537,1.7323
44.4645,529,1.7065
44.4688,522,1.6839
44.4730,513,1.6548
44.4772,502,1.6194
44.4815,491,1.5839
44.4857,481,1.5516
44.4900,472,1.5226
44.4942,469,1.5129
44.4984,470,1.5161
44.5027,471,1.5194
44.5069,473,1.5258
44.5111,475,1.5323
44.5154,476,1.5355
44.5196,477,1.5387
44.5240,478,1.5419
44.5282,478,1.5419
44.5325,478,1.5419
44.5368,479,1.5452
44.5412,477,1.5387
44.5455,468,1.5097
44.5498,446,1.4387
44.5541,423,1.3645
44.5584,423,1.3645
44.5627,469,1.5129
44.5670,560,1.8065
44.5713,684,2.2065
44.5756,824,2.6581
44.5799,936,3.0194
44.5843,960,3.0968
44.5886,889,2.8677
44.5929,761,2.4548
44.5972,615,1.9839
44.6015,493,1.5903
44.6061,423,1.3645
44.6113,400,1.2903
44.6158,411,1.3258
44.6201,434,1.4000
44.6245,450,1.4516
44.6288,458,1.4774
44.6331,459,1.4806
44.6374,459,1.4806
44.6417,461,1.4871
44.6461,461,1.4871
44.6505,462,1.4903
44.6547,462,1.4903
44.6590,464,1.4968
44.6640,466,1.5032
44.6684,468,1.5097
44.6726,469,1.5129
44.6769,470,1.5161
44.6813,470,1.5161
44.6856,471,1.5194
44.6899,472,1.5226
44.6942,477,1.5387
44.6985,485,1.5645
44.7028,496,1.6000
44.7071,506,1.6323
44.7114,513,1.6548
44.7157,518,1.6710
44.7200,528,1.7032
44.7243,536,1.7290
44.7287,546,1.7613
44.7330,556,1.7935
44.7373,565,1.8226
44.7416,573,1.8484
44.7459,582,1.8774
44.7502,589,1.9000
44.7545,594,1.9161
44.7588,598,1.9290
44.7631,601,1.9387
44.7675,603,1.9452
44.7718,602,1.9419
44.7761,601,1.9387
44.7814,598,1.9290
44.7857,595,1.9194
44.7901,589,1.9000
44.7944,584,1.8839
44.7987,578,1.8645
44.8030,570,1.8387
44.8073,562,1.8129
44.8116,551,1.7774
44.8159,541,1.7452
44.8202,531,1.7129
44.8245,521,1.6806
44.8288,510,1.6452
44.8331,500,1.6129
44.8375,489,1.5774
44.8418,480,1.5484
44.8462,471,1.5194
44.8506,461,1.4871
44.8549,455,1.4677
44.8592,452,1.4581
44.8635,452,1.4581
44.8684,455,1.4677
44.8727,455,1.4677
44.8772,457,1.4742
44.8817,458,1.4774
44.8860,459,1.4806
44.8904,460,1.4839
44.8947,461,1.4871
44.8990,462,1.4903
44.9032,464,1.4968
44.9076,464,1.4968
44.9119,465,1.5000
44.9162,467,1.5065
44.9205,474,1.5290
44.9248,485,1.5645
44.9291,496,1.6000
44.9335,509,1.6419
44.9378,520,1.6774
44.9421,529,1.7065
44.9464,537,1.7323
44.9508,543,1.7516
44.9551,546,1.7613
44.9594,543,1.7516
44.9637,541,1.7452
44.9680,532,1.7161
44.9723,525,1.6935
44.9766,516,1.6645
44.9809,507,1.6355
44.9852,494,1.5935
44.9895,484,1.5613
44.9939,475,1.5323
44.9982,470,1.5161
45.0025,470,1.5161
45.0068,470,1.5161
45.0116,472,1.5226
45.0159,473,1.5258
45.0202,476,1.5355
45.0245,477,1.5387
45.0288,478,1.5419
45.0332,478,1.5419
45.0377,479,1.5452
45.0422,479,1.5452
45.0473,476,1.5355
45.0517,464,1.4968
45.0561,440,1.4194
45.0604,419,1.3516
45.0647,431,1.3903
45.0690,492,1.5871
45.0733,596,1.9226
45.0776,726,2.3419
45.0818,863,2.7839
45.0861,952,3.0710
45.0904,952,3.0710
45.0946,862,2.7806
45.0989,730,2.3548
45.1032,585,1.8871
45.1074,474,1.5290
45.1117,417,1.3452
45.1160,400,1.2903
45.1202,407,1.3129
45.1245,429,1.3839
45.1287,447,1.4419
45.1330,456,1.4710
45.1372,459,1.4806
45.1415,460,1.4839
45.1458,461,1.4871
45.1500,462,1.4903
45.1543,462,1.4903
45.1585,463,1.4935
45.1628,464,1.4968
45.1671,466,1.5032
45.1713,466,1.5032
45.1756,467,1.5065
45.1798,468,1.5097
45.1842,470,1.5161
45.1885,472,1.5226
45.1928,472,1.5226
45.1971,474,1.5290
45.2013,482,1.5548
45.2056,492,1.5871
45.2100,504,1.6258
45.2144,515,1.6613
45.2187,526,1.6968
45.2230,535,1.7258
45.2273,545,1.7581
45.2316,554,1.7871
45.2359,564,1.8194
45.2402,572,1.8452
45.2445,579,1.8677
45.2488,586,1.8903
45.2531,591,1.9065
45.2574,597,1.9258
45.2617,598,1.9290
45.2660,601,1.9387
45.2703,603,1.9452
45.2746,602,1.9419
45.2789,600,1.9355
45.2832,596,1.9226
45.2877,593,1.9129
45.2920,584,1.8839
45.2969,580,1.8710
45.3012,573,1.8484
45.3055,564,1.8194
45.3098,555,1.7903
45.3141,546,1.7613
45.3184,540,1.7419
45.3227,535,1.7258
45.3270,527,1.7000
45.3313,517,1.6677
45.3356,505,1.6290
45.3399,495,1.5968
45.3442,485,1.5645
45.3485,474,1.5290
45.3528,465,1.5000
45.3571,456,1.4710
45.3614,451,1.4548
45.3657,448,1.4452
45.3700,450,1.4516
45.3743,452,1.4581
45.3786,455,1.4677
45.3829,456,1.4710
45.3872,458,1.4774
45.3915,459,1.4806
45.3957,459,1.4806
45.4000,460,1.4839
45.4043,462,1.4903
45.4086,463,1.4935
45.4129,464,1.4968
45.4172,465,1.5000
45.4215,467,1.5065
45.4258,474,1.5290
45.4301,485,1.5645
45.4344,497,1.6032
45.4387,509,1.6419
45.4430,520,1.6774
45.4473,528,1.7032
45.4516,536,1.7290
45.4559,540,1.7419
45.4602,543,1.7516
45.4645,541,1.7452
45.4688,538,1.7355
45.4731,531,1.7129
45.4774,524,1.6903
45.4817,516,1.6645
45.4860,504,1.6258
45.4903,494,1.5935
45.4946,482,1.5548
45.4989,473,1.5258
45.5034,469,1.5129
45.5079,469,1.5129
45.5123,469,1.5129
45.5167,471,1.5194
45.5210,471,1.5194
45.5253,473,1.5258
45.5296,474,1.5290
45.5339,475,1.5323
45.5383,476,1.5355
45.5426,476,1.5355
45.5469,477,1.5387
45.5512,476,1.5355
45.5555,468,1.5097
45.5598,449,1.4484
45.5641,423,1.3645
45.5684,423,1.3645
45.5727,467,1.5065
45.5770,560,1.8065
45.5813,684,2.2065
45.5856,823,2.6548
45.5900,939,3.0290
45.5943,961,3.1000
45.5986,893,2.8806
45.6029,765,2.4677
45.6072,617,1.9903
45.6115,496,1.6000
45.6158,429,1.3839
45.6201,404,1.3032
45.6244,403,1.3000
45.6287,408,1.3161
45.6334,416,1.3419
45.6377,430,1.3871
45.6420,448,1.4452
45.6462,459,1.4806
45.6505,463,1.4935
45.6548,464,1.4968
45.6591,464,1.4968
45.6633,465,1.5000
45.6676,466,1.5032
45.6720,466,1.5032
45.6762,467,1.5065
45.6805,469,1.5129
45.6848,471,1.5194
45.6891,471,1.5194
45.6933,471,1.5194
45.6976,473,1.5258
45.7019,474,1.5290
45.7061,474,1.5290
45.7104,476,1.5355
45.7147,483,1.5581
45.7189,492,1.5871
45.7232,502,1.6194
45.7275,512,1.6516
45.7318,523,1.6871
45.7361,533,1.7194
45.7404,543,1.7516
45.7447,553,1.7839
45.7490,562,1.8129
45.7533,571,1.8419
45.7577,578,1.8645
45.7619,584,1.8839
45.7662,591,1.9065
45.7706,597,1.9258
45.7749,600,1.9355
45.7792,603,1.9452
45.7835,606,1.9548
45.7878,605,1.9516
45.7921,605,1.9516
45.7965,601,1.9387
45.8007,598,1.9290
45.8050,592,1.9097
45.8094,588,1.8968
45.8137,579,1.8677
45.8180,571,1.8419
45.8223,563,1.8161
45.8266,554,1.7871
45.8309,544,1.7548
45.8353,533,1.7194
45.8395,524,1.6903
45.8438,514,1.6581
45.8481,502,1.6194
45.8524,492,1.5871
45.8567,483,1.5581
45.8610,473,1.5258
45.8653,463,1.4935
45.8695,456,1.4710
45.8738,453,1.4613
45.8780,455,1.4677
45.8823,456,1.4710
45.8866,458,1.4774
45.8908,459,1.4806
45.8951,460,1.4839
45.8994,462,1.4903
45.9037,462,1.4903
45.9079,463,1.4935
45.9122,464,1.4968
45.9165,465,1.5000
45.9207,466,1.5032
45.9250,467,1.5065
45.9293,468,1.5097
45.9336,472,1.5226
45.9378,482,1.5548
45.9421,492,1.5871
45.9465,506,1.6323
45.9508,517,1.6677
45.9551,526,1.6968
45.9594,535,1.7258
45.9637,541,1.7452
45.9680,543,1.7516
45.9723,543,1.7516
45.9766,542,1.7484
45.9809,536,1.7290
45.9853,529,1.7065
45.9896,520,1.6774
45.9939,510,1.6452
45.9982,500,1.6129
46.0025,490,1.5806
46.0067,480,1.5484
46.0111,472,1.5226
46.0154,469,1.5129
46.0197,470,1.5161
46.0240,472,1.5226
46.0283,473,1.5258
46.0326,474,1.5290
46.0369,476,1.5355
46.0412,477,1.5387
46.0456,477,1.5387
46.0499,477,1.5387
46.0542,477,1.5387
46.0585,479,1.5452
46.0627,476,1.5355
46.0670,462,1.4903
46.0712,439,1.4161
46.0755,420,1.3548
46.0798,432,1.3935
46.0841,492,1.5871
46.0883,596,1.9226
46.0926,725,2.3387
46.0969,863,2.7839
46.1011,955,3.0806
46.1054,949,3.0613
46.1099,856,2.7613
46.1142,715,2.3065
46.1186,570,1.8387
46.1229,467,1.5065
46.1272,415,1.3387
46.1315,401,1.2935
46.1358,410,1.3226
46.1401,433,1.3968
46.1444,449,1.4484
46.1490,457,1.4742
46.1533,459,1.4806
46.1576,459,1.4806
46.1619,460,1.4839
46.1662,461,1.4871
46.1705,462,1.4903
46.1748,463,1.4935
46.1791,464,1.4968
46.1834,466,1.5032
46.1877,466,1.5032
46.1920,467,1.5065
46.1963,468,1.5097
46.2006,470,1.5161
46.2049,471,1.5194
46.2092,472,1.5226
46.2135,476,1.5355
46.2178,484,1.5613
46.2221,494,1.5935
46.2264,505,1.6290
46.2307,515,1.6613
46.2350,520,1.6774
46.2393,526,1.6968
46.2436,535,1.7258
46.2480,545,1.7581
46.2523,555,1.7903
46.2567,564,1.8194
46.2610,572,1.8452
46.2653,579,1.8677
46.2697,586,1.8903
46.2740,591,1.9065
46.2783,596,1.9226
46.2827,600,1.9355
46.2870,602,1.9419
46.2913,602,1.9419
46.2957,601,1.9387
46.3000,599,1.9323
46.3044,595,1.9194
46.3087,591,1.9065
46.3130,585,1.8871
46.3174,578,1.8645
46.3218,570,1.8387
46.3261,562,1.8129
46.3304,552,1.7806
46.3348,544,1.7548
46.3391,533,1.7194
46.3435,525,1.6935
46.3478,514,1.6581
46.3522,504,1.6258
46.3565,492,1.5871
46.3608,482,1.5548
46.3651,474,1.5290
46.3694,466,1.5032
46.3737,458,1.4774
46.3780,454,1.4645
46.3823,454,1.4645
46.3866,454,1.4645
46.3909,455,1.4677
46.3952,455,1.4677
46.3995,456,1.4710
46.4038,458,1.4774
46.4085,461,1.4871
46.4128,462,1.4903
46.4173,463,1.4935
46.4215,464,1.4968
46.4258,465,1.5000
46.4302,465,1.5000
46.4345,467,1.5065
46.4388,473,1.5258
46.4431,482,1.5548
46.4475,494,1.5935
46.4518,505,1.6290
46.4561,518,1.6710
46.4604,526,1.6968
46.4647,534,1.7226
46.4690,540,1.7419
46.4733,544,1.7548
46.4776,545,1.7581
46.4819,543,1.7516
46.4862,537,1.7323
46.4905,529,1.7065
46.4948,520,1.6774
46.4991,512,1.6516
46.5034,500,1.6129
46.5077,489,1.5774
46.5120,478,1.5419
46.5163,472,1.5226
46.5206,470,1.5161
46.5249,471,1.5194
46.5292,472,1.5226
46.5335,473,1.5258
46.5378,474,1.5290
46.5421,476,1.5355
46.5465,476,1.5355
46.5515,476,1.5355
46.5559,478,1.5419
46.5602,480,1.5484
46.5646,479,1.5452
46.5689,474,1.5290
46.5733,455,1.4677
46.5776,429,1.3839
46.5820,416,1.3419
46.5863,445,1.4355
46.5906,523,1.6871
46.5950,641,2.0677
46.5993,780,2.5161
46.6036,908,2.9290
46.6080,964,3.1097
46.6123,918,2.9613
46.6167,804,2.5935
46.6210,658,2.1226
46.6253,522,1.6839
46.6296,440,1.4194
46.6340,405,1.3065
46.6383,398,1.2839
46.6426,405,1.3065
46.6470,421,1.3581
46.6513,441,1.4226
46.6556,454,1.4645
46.6599,460,1.4839
46.6642,461,1.4871
46.6685,462,1.4903
46.6728,462,1.4903
46.6771,464,1.4968
46.6814,465,1.5000
46.6857,467,1.5065
46.6900,467,1.5065
46.6943,469,1.5129
46.6986,469,1.5129
46.7029,470,1.5161
46.7072,471,1.5194
46.7115,472,1.5226
46.7158,472,1.5226
46.7201,474,1.5290
46.7244,479,1.5452
46.7287,488,1.5742
46.7330,498,1.6065
46.7373,509,1.6419
46.7416,519,1.6742
46.7459,530,1.7097
46.7502,540,1.7419
46.7545,549,1.7710
46.7588,560,1.8065
46.7631,569,1.8355
46.7674,577,1.8613
46.7717,584,1.8839
46.7760,592,1.9097
46.7803,597,1.9258
46.7846,598,1.9290
46.7889,602,1.9419
46.7932,602,1.9419
46.7975,603,1.9452
46.8018,601,1.9387
46.8061,599,1.9323
46.8104,595,1.9194
46.8147,590,1.9032
46.8190,585,1.8871
46.8233,578,1.8645
46.8276,571,1.8419
46.8319,560,1.8065
46.8362,553,1.7839
46.8405,545,1.7581
46.8448,538,1.7355
46.8491,527,1.7000
46.8535,516,1.6645
46.8578,505,1.6290
46.8622,496,1.6000
46.8665,486,1.5677
46.8708,477,1.5387
46.8751,467,1.5065
46.8795,458,1.4774
46.8838,452,1.4581
46.8881,452,1.4581
46.8925,453,1.4613
46.8968,453,1.4613
46.9012,455,1.4677
46.9055,457,1.4742
46.9098,458,1.4774
46.9141,458,1.4774
46.9185,459,1.4806
46.9228,461,1.4871
46.9272,462,1.4903
46.9315,463,1.4935
46.9358,465,1.5000
46.9402,466,1.5032
46.9447,470,1.5161
46.9492,479,1.5452
46.9535,489,1.5774
46.9578,501,1.6161
46.9621,512,1.6516
46.9664,522,1.6839
46.9707,531,1.7129
46.9750,538,1.7355
46.9793,541,1.7452
46.9836,543,1.7516
46.9879,542,1.7484
46.9922,537,1.7323
46.9965,529,1.7065
47.0008,522,1.6839
47.0051,512,1.6516
47.0095,500,1.6129
47.0139,488,1.5742
47.0183,478,1.5419
47.0227,471,1.5194
47.0270,469,1.5129
47.0313,470,1.5161
47.0356,471,1.5194
47.0399,471,1.5194
47.0442,472,1.5226
47.0485,473,1.5258
47.0528,474,1.5290
47.0571,475,1.5323
47.0614,476,1.5355
47.0657,478,1.5419
47.0700,480,1.5484
47.0743,477,1.5387
47.0786,465,1.5000
47.0829,440,1.4194
47.0872,419,1.3516
47.0915,428,1.3806
47.0958,484,1.5613
47.1001,586,1.8903
47.1044,717,2.3129
47.1087,854,2.7548
47.1130,952,3.0710
47.1173,953,3.0742
47.1216,864,2.7871
47.1259,731,2.3581
47.1302,587,1.8935
47.1345,475,1.5323
47.1388,419,1.3516
47.1431,402,1.2968
47.1474,410,1.3226
47.1518,431,1.3903
47.1561,449,1.4484
47.1604,457,1.4742
47.1648,460,1.4839
47.1691,461,1.4871
47.1735,462,1.4903
47.1778,463,1.4935
47.1821,463,1.4935
47.1865,464,1.4968
47.1908,464,1.4968
47.1951,465,1.5000
47.1995,466,1.5032
47.2038,467,1.5065
47.2082,468,1.5097
47.2125,470,1.5161
47.2169,471,1.5194
47.2212,473,1.5258
47.2256,478,1.5419
47.2299,485,1.5645
47.2342,495,1.5968
47.2386,507,1.6355
47.2429,516,1.6645
47.2473,528,1.7032
47.2517,538,1.7355
47.2561,547,1.7645
47.2604,557,1.7968
47.2647,566,1.8258
47.2690,575,1.8548
47.2733,581,1.8742
47.2776,588,1.8968
47.2819,593,1.9129
47.2862,597,1.9258
47.2905,601,1.9387
47.2948,602,1.9419
47.2991,601,1.9387
47.3034,601,1.9387
47.3078,599,1.9323
47.3122,595,1.9194
47.3167,590,1.9032
47.3210,583,1.8806
47.3253,578,1.8645
47.3295,569,1.8355
47.3339,562,1.8129
47.3382,552,1.7806
47.3425,542,1.7484
47.3468,531,1.7129
47.3511,523,1.6871
47.3554,513,1.6548
47.3597,502,1.6194
47.3640,490,1.5806
47.3683,481,1.5516
47.3726,472,1.5226
47.3769,464,1.4968
47.3812,456,1.4710
47.3855,453,1.4613
47.3898,452,1.4581
47.3942,453,1.4613
47.3985,454,1.4645
47.4028,455,1.4677
47.4071,457,1.4742
47.4114,458,1.4774
47.4157,460,1.4839
47.4200,461,1.4871
47.4243,462,1.4903
47.4285,463,1.4935
47.4328,464,1.4968
47.4371,465,1.5000
47.4414,465,1.5000
47.4457,471,1.5194
47.4500,481,1.5516
47.4544,492,1.5871
47.4587,504,1.6258
47.4630,516,1.6645
47.4674,526,1.6968
47.4717,534,1.7226
47.4761,539,1.7387
47.4804,544,1.7548
47.4847,544,1.7548
47.4891,542,1.7484
47.4934,535,1.7258
47.4978,528,1.7032
47.5021,519,1.6742
47.5064,509,1.6419
47.5108,498,1.6065
47.5151,488,1.5742
47.5194,477,1.5387
47.5238,471,1.5194
47.5281,469,1.5129
47.5324,469,1.5129
47.5368,471,1.5194
47.5411,473,1.5258
47.5454,474,1.5290
47.5499,476,1.5355
47.5542,477,1.5387
47.5586,478,1.5419
47.5629,478,1.5419
47.5671,478,1.5419
47.5714,478,1.5419
47.5757,474,1.5290
47.5800,458,1.4774
47.5843,434,1.4000
47.5886,418,1.3484
47.5929,442,1.4258
47.5972,515,1.6613
47.6015,628,2.0258
47.6058,765,2.4677
47.6101,894,2.8839
47.6144,963,3.1065
47.6187,932,3.0065
47.6230,823,2.6548
47.6273,683,2.2032
47.6316,544,1.7548
47.6359,451,1.4548
47.6402,410,1.3226
47.6445,400,1.2903
47.6488,406,1.3097
47.6531,424,1.3677
47.6575,443,1.4290
47.6618,453,1.4613
47.6661,457,1.4742
47.6703,458,1.4774
47.6746,460,1.4839
47.6789,460,1.4839
47.6832,462,1.4903
47.6876,463,1.4935
47.6919,463,1.4935
47.6961,464,1.4968
47.7005,466,1.5032
47.7048,467,1.5065
47.7091,468,1.5097
47.7134,469,1.5129
47.7176,470,1.5161
47.7220,472,1.5226
47.7262,473,1.5258
47.7305,480,1.5484
47.7348,490,1.5806
47.7391,501,1.6161
47.7434,511,1.6484
47.7477,522,1.6839
47.7521,533,1.7194
47.7564,543,1.7516
47.7608,553,1.7839
47.7651,562,1.8129
47.7695,571,1.8419
47.7738,576,1.8581
47.7781,584,1.8839
47.7825,590,1.9032
47.7868,595,1.9194
47.7911,598,1.9290
47.7955,600,1.9355
47.7998,601,1.9387
47.8041,601,1.9387
47.8085,599,1.9323
47.8128,595,1.9194
47.8171,592,1.9097
47.8215,588,1.8968
47.8258,582,1.8774
47.8301,574,1.8516
47.8345,566,1.8258
47.8388,558,1.8000
47.8431,548,1.7677
47.8475,539,1.7387
47.8519,527,1.7000
47.8562,517,1.6677
47.8605,507,1.6355
47.8648,497,1.6032
47.8691,488,1.5742
47.8734,479,1.5452
47.8777,467,1.5065
47.8820,459,1.4806
47.8863,452,1.4581
47.8906,452,1.4581
47.8949,454,1.4645
47.8992,456,1.4710
47.9035,457,1.4742
47.9079,458,1.4774
47.9123,460,1.4839
47.9167,460,1.4839
47.9210,460,1.4839
47.9254,461,1.4871
47.9297,463,1.4935
47.9340,465,1.5000
47.9382,465,1.5000
47.9425,466,1.5032
47.9469,469,1.5129
47.9512,477,1.5387
47.9555,487,1.5710
47.9598,499,1.6097
47.9641,512,1.6516
47.9684,522,1.6839
47.9727,529,1.7065
47.9769,535,1.7258
47.9812,541,1.7452
47.9855,544,1.7548
47.9898,543,1.7516
47.9941,539,1.7387
47.9984,532,1.7161
48.0027,525,1.6935
48.0070,515,1.6613
48.0113,503,1.6226
48.0156,493,1.5903
48.0199,483,1.5581
48.0242,474,1.5290
48.0285,471,1.5194
48.0328,471,1.5194
48.0371,471,1.5194
48.0414,472,1.5226
48.0457,474,1.5290
48.0500,476,1.5355
48.0543,477,1.5387
48.0586,477,1.5387
48.0630,477,1.5387
48.0673,478,1.5419
48.0717,477,1.5387
48.0761,477,1.5387
48.0804,468,1.5097
48.0847,447,1.4419
48.0891,423,1.3645
48.0934,421,1.3581
48.0977,465,1.5000
48.1021,558,1.8000
48.1064,683,2.2032
48.1107,825,2.6613
48.1151,938,3.0258
48.1194,959,3.0935
48.1237,888,2.8645
48.1281,760,2.4516
48.1324,611,1.9710
48.1367,491,1.5839
48.1411,426,1.3742
48.1454,403,1.3000
48.1498,407,1.3129
48.1541,428,1.3806
48.1584,447,1.4419
48.1627,457,1.4742
48.1670,460,1.4839
48.1713,461,1.4871
48.1756,461,1.4871
48.1799,463,1.4935
48.1842,465,1.5000
48.1885,465,1.5000
48.1928,466,1.5032
48.1971,468,1.5097
48.2014,468,1.5097
48.2057,468,1.5097
48.2102,469,1.5129
48.2146,470,1.5161
48.2190,470,1.5161
48.2233,472,1.5226
48.2276,476,1.5355
48.2319,484,1.5613
48.2362,494,1.5935
48.2405,505,1.6290
48.2448,514,1.6581
48.2492,520,1.6774
48.2537,527,1.7000
48.2581,534,1.7226
48.2624,544,1.7548
48.2667,554,1.7871
48.2710,563,1.8161
48.2753,572,1.8452
48.2796,578,1.8645
48.2839,584,1.8839
48.2881,591,1.9065
48.2924,596,1.9226
48.2968,599,1.9323
48.3010,602,1.9419
48.3053,603,1.9452
48.3096,601,1.9387
48.3139,598,1.9290
48.3182,597,1.9258
48.3232,592,1.9097
48.3276,586,1.8903
48.3319,580,1.8710
48.3362,572,1.8452
48.3405,565,1.8226
48.3448,556,1.7935
48.3492,546,1.7613
48.3535,537,1.7323
48.3579,526,1.6968
48.3621,517,1.6677
48.3665,505,1.6290
48.3708,495,1.5968
48.3750,485,1.5645
48.3794,474,1.5290
48.3836,465,1.5000
48.3879,457,1.4742
48.3922,452,1.4581
48.3965,450,1.4516
48.4008,452,1.4581
48.4051,454,1.4645
48.4094,455,1.4677
48.4137,457,1.4742
48.4180,457,1.4742
48.4224,459,1.4806
48.4270,460,1.4839
48.4313,460,1.4839
48.4357,461,1.4871
48.4400,462,1.4903
48.4442,463,1.4935
48.4485,464,1.4968
48.4527,468,1.5097
48.4570,475,1.5323
48.4612,488,1.5742
48.4655,501,1.6161
48.4698,512,1.6516
48.4740,521,1.6806
48.4783,530,1.7097
48.4825,538,1.7355
48.4868,541,1.7452
48.4911,542,1.7484
48.4953,542,1.7484
48.4996,537,1.7323
48.5039,531,1.7129
48.5081,523,1.6871
48.5124,513,1.6548
48.5167,503,1.6226
48.5209,492,1.5871
48.5252,482,1.5548
48.5295,473,1.5258
48.5337,469,1.5129
48.5380,469,1.5129
48.5422,470,1.5161
48.5465,471,1.5194
48.5508,473,1.5258
48.5550,474,1.5290
48.5593,474,1.5290
48.5636,476,1.5355
48.5679,477,1.5387
48.5722,476,1.5355
48.5765,478,1.5419
48.5808,478,1.5419
48.5851,470,1.5161
48.5894,449,1.4484
48.5937,424,1.3677
48.5979,418,1.3484
48.6022,456,1.4710
48.6065,543,1.7516
48.6108,664,2.1419
48.6152,803,2.5903
48.6194,922,2.9742
48.6237,962,3.1032
48.6280,905,2.9194
48.6323,785,2.5323
48.6366,638,2.0581
48.6409,510,1.6452
48.6452,435,1.4032
48.6496,404,1.3032
48.6538,404,1.3032
48.6581,423,1.3645
48.6624,443,1.4290
48.6668,454,1.4645
48.6711,457,1.4742
48.6754,459,1.4806
48.6797,460,1.4839
48.6840,463,1.4935
48.6883,463,1.4935
48.6926,463,1.4935
48.6969,463,1.4935
48.7012,464,1.4968
48.7055,465,1.5000
48.7098,467,1.5065
48.7141,468,1.5097
48.7184,469,1.5129
48.7227,471,1.5194
48.7270,472,1.5226
48.7313,474,1.5290
48.7357,480,1.5484
48.7400,490,1.5806
48.7442,501,1.6161
48.7485,510,1.6452
48.7528,516,1.6645
48.7571,517,1.6677
48.7614,521,1.6806
48.7657,528,1.7032
48.7701,537,1.7323
48.7744,548,1.7677
48.7786,557,1.7968
48.7829,566,1.8258
48.7872,574,1.8516
48.7915,581,1.8742
48.7958,587,1.8935
48.8001,592,1.9097
48.8054,598,1.9290
48.8099,600,1.9355
48.8143,602,1.9419
48.8187,602,1.9419
48.8230,601,1.9387
48.8273,599,1.9323
48.8316,595,1.9194
48.8359,589,1.9000
48.8402,584,1.8839
48.8445,575,1.8548
48.8488,568,1.8323
48.8531,558,1.8000
48.8575,550,1.7742
48.8619,539,1.7387
48.8662,529,1.7065
48.8704,518,1.6710
48.8747,509,1.6419
48.8790,499,1.6097
48.8832,488,1.5742
48.8876,478,1.5419
48.8918,468,1.5097
48.8961,459,1.4806
48.9003,454,1.4645
48.9046,452,1.4581
48.9089,451,1.4548
48.9131,453,1.4613
48.9174,455,1.4677
48.9217,454,1.4645
48.9260,457,1.4742
48.9302,459,1.4806
48.9345,459,1.4806
48.9387,461,1.4871
48.9430,461,1.4871
48.9473,461,1.4871
48.9515,463,1.4935
48.9558,464,1.4968
48.9600,466,1.5032
48.9644,472,1.5226
48.9687,482,1.5548
48.9730,493,1.5903
48.9773,506,1.6323
48.9816,517,1.6677
48.9859,526,1.6968
48.9902,534,1.7226
48.9945,540,1.7419
48.9987,542,1.7484
49.0030,542,1.7484
49.0073,540,1.7419
49.0116,535,1.7258
49.0159,526,1.6968
49.0202,519,1.6742
49.0245,509,1.6419
49.0288,498,1.6065
49.0331,487,1.5710
49.0375,477,1.5387
49.0417,471,1.5194
49.0460,469,1.5129
49.0503,468,1.5097
49.0546,470,1.5161
49.0589,472,1.5226
49.0632,473,1.5258
49.0676,473,1.5258
49.0719,474,1.5290
49.0762,476,1.5355
49.0805,476,1.5355
49.0848,478,1.5419
49.0891,479,1.5452
49.0934,475,1.5323
49.0977,459,1.4806
49.1020,435,1.4032
49.1063,417,1.3452
49.1106,438,1.4129
49.1150,509,1.6419
49.1195,624,2.0129
49.1238,760,2.4516
49.1281,892,2.8774
49.1324,962,3.1032
49.1367,934,3.0129
49.1410,829,2.6742
49.1452,687,2.2161
49.1495,547,1.7645
49.1539,452,1.4581
49.1582,410,1.3226
49.1625,403,1.3000
49.1669,416,1.3419
49.1712,437,1.4097
49.1755,451,1.4548
49.1798,458,1.4774
49.1840,459,1.4806
49.1883,459,1.4806
49.1926,460,1.4839
49.1968,461,1.4871
49.2011,462,1.4903
49.2053,463,1.4935
49.2096,465,1.5000
49.2138,466,1.5032
49.2181,466,1.5032
49.2224,467,1.5065
49.2266,468,1.5097
49.2309,468,1.5097
49.2351,469,1.5129
49.2394,470,1.5161
49.2437,474,1.5290
49.2480,483,1.5581
49.2522,494,1.5935
49.2565,504,1.6258
49.2607,514,1.6581
49.2650,524,1.6903
49.2693,533,1.7194
49.2735,544,1.7548
49.2778,554,1.7871
49.2821,564,1.8194
49.2864,574,1.8516
49.2907,581,1.8742
49.2950,586,1.8903
49.2993,592,1.9097
49.3036,598,1.9290
49.3079,600,1.9355
49.3122,601,1.9387
49.3165,601,1.9387
49.3208,599,1.9323
49.3251,597,1.9258
49.3293,596,1.9226
49.3337,591,1.9065
49.3380,586,1.8903
49.3422,581,1.8742
49.3465,573,1.8484
49.3508,563,1.8161
49.3551,554,1.7871
49.3594,546,1.7613
49.3637,540,1.7419
49.3680,535,1.7258
49.3723,526,1.6968
49.3765,516,1.6645
49.3808,505,1.6290
49.3852,494,1.5935
49.3894,485,1.5645
49.3937,474,1.5290
49.3980,464,1.4968
49.4023,457,1.4742
49.4066,451,1.4548
49.4109,450,1.4516
49.4152,452,1.4581
49.4195,453,1.4613
49.4238,455,1.4677
49.4281,456,1.4710
49.4324,459,1.4806
49.4367,460,1.4839
49.4410,462,1.4903
49.4453,462,1.4903
49.4497,463,1.4935
49.4540,463,1.4935
49.4582,464,1.4968
49.4625,467,1.5065
49.4668,469,1.5129
49.4711,476,1.5355
49.4754,486,1.5677
49.4797,498,1.6065
49.4840,511,1.6484
49.4884,520,1.6774
49.4927,528,1.7032
49.4970,534,1.7226
49.5014,538,1.7355
49.5057,541,1.7452
49.5100,541,1.7452
49.5143,538,1.7355
49.5187,531,1.7129
49.5230,521,1.6806
49.5273,513,1.6548
49.5317,502,1.6194
49.5360,492,1.5871
49.5403,482,1.5548
49.5447,473,1.5258
49.5490,469,1.5129
49.5534,469,1.5129
49.5577,471,1.5194
49.5620,473,1.5258
49.5663,474,1.5290
49.5708,474,1.5290
49.5751,475,1.5323
49.5795,475,1.5323
49.5837,476,1.5355
49.5880,476,1.5355
49.5923,478,1.5419
49.5966,477,1.5387
49.6009,466,1.5032
49.6052,444,1.4323
49.6095,421,1.3581
49.6138,422,1.3613
49.6181,470,1.5161
49.6224,564,1.8194
49.6267,690,2.2258
49.6310,828,2.6710
49.6353,941,3.0355
49.6396,960,3.0968
49.6439,887,2.8613
49.6482,759,2.4484
49.6525,611,1.9710
49.6568,490,1.5806
49.6611,425,1.3710
49.6654,400,1.2903
49.6697,404,1.3032
49.6740,424,1.3677
49.6783,443,1.4290
49.6826,453,1.4613
49.6870,457,1.4742
49.6913,457,1.4742
49.6957,459,1.4806
49.7000,460,1.4839
49.7043,460,1.4839
49.7087,461,1.4871
49.7134,463,1.4935
49.7178,464,1.4968
49.7222,465,1.5000
49.7276,467,1.5065
49.7319,467,1.5065
49.7363,469,1.5129
49.7406,470,1.5161
49.7450,472,1.5226
49.7494,477,1.5387
49.7538,486,1.5677
49.7582,498,1.6065
49.7625,508,1.6387
49.7668,519,1.6742
49.7712,528,1.7032
49.7755,538,1.7355
49.7799,550,1.7742
49.7842,559,1.8032
49.7885,568,1.8323
49.7933,578,1.8645
49.7976,585,1.8871
49.8019,590,1.9032
49.8062,596,1.9226
49.8105,598,1.9290
49.8148,602,1.9419
49.8192,603,1.9452
49.8234,603,1.9452
49.8283,600,1.9355
49.8326,599,1.9323
49.8369,594,1.9161
49.8412,589,1.9000
49.8455,582,1.8774
49.8498,575,1.8548
49.8541,567,1.8290
49.8592,559,1.8032
49.8635,549,1.7710
49.8678,539,1.7387
49.8721,528,1.7032
49.8764,519,1.6742
49.8808,508,1.6387
49.8851,497,1.6032
49.8894,487,1.5710
49.8936,477,1.5387
49.8980,468,1.5097
49.9023,460,1.4839
49.9066,454,1.4645
49.9109,452,1.4581
49.9152,452,1.4581
49.9195,454,1.4645
49.9238,456,1.4710
49.9281,456,1.4710
49.9324,457,1.4742
49.9370,459,1.4806
49.9413,461,1.4871
49.9456,462,1.4903
49.9500,463,1.4935
49.9543,464,1.4968
49.9586,465,1.5000
49.9630,466,1.5032
49.9673,469,1.5129
49.9716,477,1.5387
49.9759,487,1.5710
49.9802,499,1.6097
49.9845,512,1.6516
49.9888,521,1.6806
49.9931,530,1.7097
49.9975,536,1.7290
50.0018,540,1.7419
50.0062,542,1.7484
50.0106,541,1.7452
50.0150,536,1.7290
50.0194,529,1.7065
50.0237,522,1.6839
50.0279,512,1.6516
50.0322,500,1.6129
50.0364,490,1.5806
50.0407,480,1.5484
50.0451,472,1.5226
50.0495,470,1.5161
50.0540,471,1.5194
50.0584,472,1.5226
50.0627,472,1.5226
50.0674,473,1.5258
50.0718,475,1.5323
50.0761,476,1.5355
50.0804,477,1.5387
50.0847,477,1.5387
50.0890,478,1.5419
50.0936,478,1.5419
50.0979,477,1.5387
50.1022,463,1.4935
50.1066,439,1.4161
50.1108,419,1.3516
50.1151,434,1.4000
50.1194,496,1.6000
50.1237,602,1.9419
50.1280,734,2.3677
50.1323,872,2.8129
50.1366,957,3.0871
50.1409,945,3.0484
50.1452,853,2.7516
50.1495,716,2.3097
50.1538,571,1.8419
50.1581,466,1.5032
50.1624,415,1.3387
50.1667,401,1.2935
50.1710,410,1.3226
50.1753,431,1.3903
50.1796,447,1.4419
50.1839,456,1.4710
50.1882,458,1.4774
50.1925,459,1.4806
50.1968,459,1.4806
50.2010,460,1.4839
50.2053,461,1.4871
50.2096,463,1.4935
50.2139,464,1.4968
50.2182,465,1.5000
50.2225,466,1.5032
50.2268,467,1.5065
50.2311,468,1.5097
50.2354,469,1.5129
50.2397,470,1.5161
50.2440,472,1.5226
50.2483,475,1.5323
50.2526,483,1.5581
50.2569,492,1.5871
50.2612,504,1.6258
50.2655,515,1.6613
50.2698,526,1.6968
50.2741,536,1.7290
50.2784,547,1.7645
50.2827,557,1.7968
50.2871,565,1.8226
50.2915,574,1.8516
50.2958,581,1.8742
50.3001,587,1.8935
50.3045,593,1.9129
50.3088,598,1.9290
50.3131,601,1.9387
50.3175,601,1.9387
50.3218,601,1.9387
50.3261,602,1.9419
50.3305,598,1.9290
50.3348,595,1.9194
50.3392,591,1.9065
50.3435,585,1.8871
50.3478,579,1.8677
50.3522,571,1.8419
50.3565,563,1.8161
50.3609,554,1.7871
50.3652,545,1.7581
50.3695,535,1.7258
50.3739,525,1.6935
50.3783,514,1.6581
50.3826,505,1.6290
50.3869,494,1.5935
50.3912,483,1.5581
50.3955,473,1.5258
50.3998,464,1.4968
50.4041,457,1.4742
50.4084,453,1.4613
50.4127,452,1.4581
50.4170,453,1.4613
50.4213,454,1.4645
50.4256,455,1.4677
50.4299,455,1.4677
50.4342,457,1.4742
50.4385,459,1.4806
50.4428,460,1.4839
50.4471,461,1.4871
50.4514,462,1.4903
50.4557,462,1.4903
50.4600,464,1.4968
50.4643,466,1.5032
50.4686,471,1.5194
50.4728,479,1.5452
50.4772,491,1.5839
50.4814,503,1.6226
50.4858,515,1.6613
50.4901,525,1.6935
50.4945,532,1.7161
50.4988,538,1.7355
50.5031,542,1.7484
50.5075,543,1.7516
50.5118,542,1.7484
50.5162,536,1.7290
50.5205,529,1.7065
50.5248,520,1.6774
50.5291,510,1.6452
50.5335,500,1.6129
50.5378,489,1.5774
50.5422,479,1.5452
50.5465,471,1.5194
50.5508,469,1.5129
50.5551,471,1.5194
50.5595,472,1.5226
50.5638,472,1.5226
50.5681,473,1.5258
50.5725,473,1.5258
50.5768,475,1.5323
50.5811,475,1.5323
50.5855,478,1.5419
50.5898,478,1.5419
50.5941,478,1.5419
50.5984,475,1.5323
50.6027,460,1.4839
50.6070,434,1.4000
50.6118,416,1.3419
50.6162,443,1.4290
50.6206,519,1.6742
50.6249,634,2.0452
50.6292,769,2.4806
50.6335,901,2.9065
50.6378,962,3.1032
50.6421,926,2.9871
50.6464,817,2.6355
50.6507,672,2.1677
50.6550,535,1.7258
50.6593,447,1.4419
50.6636,408,1.3161
50.6679,399,1.2871
50.6722,403,1.3000
50.6765,418,1.3484
50.6808,438,1.4129
50.6856,454,1.4645
50.6901,460,1.4839
50.6944,460,1.4839
50.6986,462,1.4903
50.7029,463,1.4935
50.7072,464,1.4968
50.7114,465,1.5000
50.7157,466,1.5032
50.7199,467,1.5065
50.7242,467,1.5065
50.7285,468,1.5097
50.7327,469,1.5129
50.7370,469,1.5129
50.7413,471,1.5194
50.7456,473,1.5258
50.7499,473,1.5258
50.7541,479,1.5452
50.7584,487,1.5710
50.7626,498,1.6065
50.7669,508,1.6387
50.7712,519,1.6742
50.7754,528,1.7032
50.7797,540,1.7419
50.7840,548,1.7677
50.7882,559,1.8032
50.7925,567,1.8290
50.7968,574,1.8516
50.8010,582,1.8774
50.8053,588,1.8968
50.8096,592,1.9097
50.8138,599,1.9323
50.8181,601,1.9387
50.8224,604,1.9484
50.8267,605,1.9516
50.8309,604,1.9484
50.8352,601,1.9387
50.8395,597,1.9258
50.8438,592,1.9097
50.8480,586,1.8903
50.8523,580,1.8710
50.8566,574,1.8516
50.8608,566,1.8258
50.8651,558,1.8000
50.8694,549,1.7710
50.8736,537,1.7323
50.8779,526,1.6968
50.8822,517,1.6677
50.8865,507,1.6355
50.8908,496,1.6000
50.8951,486,1.5677
50.8994,476,1.5355
50.9037,467,1.5065
50.9080,458,1.4774
50.9126,455,1.4677
50.9170,454,1.4645
50.9214,455,1.4677
50.9258,456,1.4710
50.9301,457,1.4742
50.9345,458,1.4774
50.9388,459,1.4806
50.9432,461,1.4871
50.9475,462,1.4903
50.9519,463,1.4935
50.9563,464,1.4968
50.9606,466,1.5032
50.9650,466,1.5032
50.9694,468,1.5097
50.9737,472,1.5226
50.9780,480,1.5484
50.9824,492,1.5871
50.9867,505,1.6290
50.9913,517,1.6677
50.9958,527,1.7000
51.0000,534,1.7226
51.0043,540,1.7419
51.0086,544,1.7548
51.0128,545,1.7581
51.0171,543,1.7516
51.0213,537,1.7323
51.0256,529,1.7065
51.0298,521,1.6806
51.0341,510,1.6452
51.0384,500,1.6129
51.0426,490,1.5806
51.0469,479,1.5452
51.0512,471,1.5194
51.0555,469,1.5129
51.0597,470,1.5161
51.0640,472,1.5226
51.0682,473,1.5258
51.0725,475,1.5323
51.0768,476,1.5355
51.0810,477,1.5387
51.0853,477,1.5387
51.0896,478,1.5419
51.0939,479,1.5452
51.0981,479,1.5452
51.1024,476,1.5355
51.1067,464,1.4968
51.1109,442,1.4258
51.1152,420,1.3548
51.1195,428,1.3806
51.1237,483,1.5581
51.1280,582,1.8774
51.1323,709,2.2871
51.1365,845,2.7258
51.1408,947,3.0548
51.1451,956,3.0839
51.1493,876,2.8258
51.1536,746,2.4065
51.1578,602,1.9419
51.1621,486,1.5677
51.1663,423,1.3645
51.1706,401,1.2935
51.1749,406,1.3097
51.1791,426,1.3742
51.1834,445,1.4355
51.1877,455,1.4677
51.1920,458,1.4774
51.1963,459,1.4806
51.2005,460,1.4839
51.2049,462,1.4903
51.2091,462,1.4903
51.2134,463,1.4935
51.2177,464,1.4968
51.2220,465,1.5000
51.2263,467,1.5065
51.2306,468,1.5097
51.2349,469,1.5129
51.2392,469,1.5129
51.2435,469,1.5129
51.2478,470,1.5161
51.2522,474,1.5290
51.2565,481,1.5516
51.2608,491,1.5839
51.2650,501,1.6161
51.2694,511,1.6484
51.2737,516,1.6645
51.2780,523,1.6871
51.2822,530,1.7097
51.2866,540,1.7419
51.2909,550,1.7742
51.2952,559,1.8032
51.2995,568,1.8323
51.3038,576,1.8581
51.3081,583,1.8806
51.3124,588,1.8968
51.3167,593,1.9129
51.3210,597,1.9258
51.3253,600,1.9355
51.3296,600,1.9355
51.3339,600,1.9355
51.3381,599,1.9323
51.3425,596,1.9226
51.3468,594,1.9161
51.3511,589,1.9000
51.3553,583,1.8806
51.3597,575,1.8548
51.3640,567,1.8290
51.3683,557,1.7968
51.3725,548,1.7677
51.3768,540,1.7419
51.3811,530,1.7097
51.3854,519,1.6742
51.3897,507,1.6355
51.3940,497,1.6032
51.3983,486,1.5677
51.4027,477,1.5387
51.4070,468,1.5097
51.4112,459,1.4806
51.4156,452,1.4581
51.4198,450,1.4516
51.4241,452,1.4581
51.4284,454,1.4645
51.4327,454,1.4645
51.4370,455,1.4677
51.4413,457,1.4742
51.4456,458,1.4774
51.4499,459,1.4806
51.4542,461,1.4871
51.4585,462,1.4903
51.4628,464,1.4968
51.4671,464,1.4968
51.4714,465,1.5000
51.4757,466,1.5032
51.4800,473,1.5258
51.4842,484,1.5613
51.4886,495,1.5968
51.4929,506,1.6323
51.4972,517,1.6677
51.5015,526,1.6968
51.5058,535,1.7258
51.5102,540,1.7419
51.5155,541,1.7452
51.5199,540,1.7419
51.5243,536,1.7290
51.5286,530,1.7097
51.5332,523,1.6871
51.5375,515,1.6613
51.5418,505,1.6290
51.5462,494,1.5935
51.5505,483,1.5581
51.5547,474,1.5290
51.5590,471,1.5194
51.5633,471,1.5194
51.5677,473,1.5258
51.5719,473,1.5258
51.5762,475,1.5323
51.5805,476,1.5355
51.5848,477,1.5387
51.5892,477,1.5387
51.5935,476,1.5355
51.5978,477,1.5387
51.6021,479,1.5452
51.6064,478,1.5419
51.6106,469,1.5129
51.6149,448,1.4452
51.6192,423,1.3645
51.6234,421,1.3581
51.6277,463,1.4935
51.6319,552,1.7806
51.6362,674,2.1742
51.6404,812,2.6194
51.6447,930,3.0000
51.6490,963,3.1065
51.6533,904,2.9161
51.6575,782,2.5226
51.6618,638,2.0581
51.6661,511,1.6484
51.6703,436,1.4065
51.6746,405,1.3065
51.6789,405,1.3065
51.6832,422,1.3613
51.6875,442,1.4258
51.6917,454,1.4645
51.6960,456,1.4710
51.7003,457,1.4742
51.7046,460,1.4839
51.7089,462,1.4903
51.7132,462,1.4903
51.7175,464,1.4968
51.7218,465,1.5000
51.7261,466,1.5032
51.7304,466,1.5032
51.7347,467,1.5065
51.7390,468,1.5097
51.7433,469,1.5129
51.7476,469,1.5129
51.7519,468,1.5097
51.7562,470,1.5161
51.7605,477,1.5387
51.7648,488,1.5742
51.7691,499,1.6097
51.7734,509,1.6419
51.7777,520,1.6774
51.7820,531,1.7129
51.7863,542,1.7484
51.7906,552,1.7806
51.7949,561,1.8097
51.7992,568,1.8323
51.8035,575,1.8548
51.8078,583,1.8806
51.8122,588,1.8968
51.8166,594,1.9161
51.8211,596,1.9226
51.8253,600,1.9355
51.8296,601,1.9387
51.8340,600,1.9355
51.8383,600,1.9355
51.8426,597,1.9258
51.8469,592,1.9097
51.8511,588,1.8968
51.8555,583,1.8806
51.8602,574,1.8516
51.8645,567,1.8290
51.8687,558,1.8000
51.8730,549,1.7710
51.8773,539,1.7387
51.8816,528,1.7032
51.8859,518,1.6710
51.8902,508,1.6387
51.8945,497,1.6032
51.8987,487,1.5710
51.9030,477,1.5387
51.9073,468,1.5097
51.9116,458,1.4774
51.9159,452,1.4581
51.9202,450,1.4516
51.9244,452,1.4581
51.9287,454,1.4645
51.9330,455,1.4677
51.9373,455,1.4677
51.9415,457,1.4742
51.9458,458,1.4774
51.9501,458,1.4774
51.9543,460,1.4839
51.9586,462,1.4903
51.9629,464,1.4968
51.9671,464,1.4968
51.9714,464,1.4968
51.9756,466,1.5032
51.9799,472,1.5226
51.9842,483,1.5581
51.9885,494,1.5935
51.9927,507,1.6355
51.9970,517,1.6677
52.0013,525,1.6935
52.0056,534,1.7226
52.0099,540,1.7419
52.0142,542,1.7484
52.0185,542,1.7484
52.0228,538,1.7355
52.0271,533,1.7194
52.0314,526,1.6968
52.0357,517,1.6677
52.0400,508,1.6387
52.0443,497,1.6032
52.0486,485,1.5645
52.0529,475,1.5323
52.0572,470,1.5161
52.0615,468,1.5097
52.0658,470,1.5161
52.0701,471,1.5194
52.0743,473,1.5258
52.0786,474,1.5290
52.0830,475,1.5323
52.0872,475,1.5323
52.0915,476,1.5355
52.0958,477,1.5387
52.1002,477,1.5387
52.1045,478,1.5419
52.1088,472,1.5226
52.1130,457,1.4742
52.1173,433,1.3968
52.1217,416,1.3419
52.1260,439,1.4161
52.1302,510,1.6452
52.1345,622,2.0065
52.1389,758,2.4452
52.1431,891,2.8742
52.1475,963,3.1065
52.1519,932,3.0065
52.1562,824,2.6581
52.1605,683,2.2032
52.1648,542,1.7484
52.1691,451,1.4548
52.1734,409,1.3194
52.1777,401,1.2935
52.1820,415,1.3387
52.1863,437,1.4097
52.1906,452,1.4581
52.1950,458,1.4774
52.1993,460,1.4839
52.2036,460,1.4839
52.2079,461,1.4871
52.2122,461,1.4871
52.2165,462,1.4903
52.2208,464,1.4968
52.2251,464,1.4968
52.2294,464,1.4968
52.2337,465,1.5000
52.2379,466,1.5032
52.2422,467,1.5065
52.2465,468,1.5097
52.2508,468,1.5097
52.2551,470,1.5161
52.2594,474,1.5290
52.2637,485,1.5645
52.2680,496,1.6000
52.2723,506,1.6323
52.2766,518,1.6710
52.2809,528,1.7032
52.2852,538,1.7355
52.2895,548,1.7677
52.2938,558,1.8000
52.2981,566,1.8258
52.3024,575,1.8548
52.3067,582,1.8774
52.3110,588,1.8968
52.3153,593,1.9129
52.3196,598,1.9290
52.3239,601,1.9387
52.3282,602,1.9419
52.3325,602,1.9419
52.3368,601,1.9387
52.3411,598,1.9290
52.3454,596,1.9226
52.3497,591,1.9065
52.3540,583,1.8806
52.3583,576,1.8581
52.3625,569,1.8355
52.3668,561,1.8097
52.3711,552,1.7806
52.3754,542,1.7484
52.3797,532,1.7161
52.3839,523,1.6871
52.3882,513,1.6548
52.3925,504,1.6258
52.3968,493,1.5903
52.4011,483,1.5581
52.4054,474,1.5290
52.4097,465,1.5000
52.4159,455,1.4677
52.4203,452,1.4581
52.4247,453,1.4613
52.4290,454,1.4645
52.4334,455,1.4677
52.4377,456,1.4710
52.4420,457,1.4742
52.4463,459,1.4806
52.4507,460,1.4839
52.4550,462,1.4903
52.4594,464,1.4968
52.4637,464,1.4968
52.4680,465,1.5000
52.4724,466,1.5032
52.4767,469,1.5129
52.4810,476,1.5355
52.4853,487,1.5710
52.4897,499,1.6097
52.4940,510,1.6452
52.4985,521,1.6806
52.5028,529,1.7065
52.5071,536,1.7290
52.5114,541,1.7452
52.5157,543,1.7516
52.5200,542,1.7484
52.5243,538,1.7355
52.5286,531,1.7129
52.5330,523,1.6871
52.5373,515,1.6613
52.5416,505,1.6290
52.5459,494,1.5935
52.5502,483,1.5581
52.5545,473,1.5258
52.5588,469,1.5129
52.5631,470,1.5161
52.5674,473,1.5258
52.5717,474,1.5290
52.5760,473,1.5258
52.5803,475,1.5323
52.5846,477,1.5387
52.5889,477,1.5387
52.5932,479,1.5452
52.5975,479,1.5452
52.6018,480,1.5484
52.6061,480,1.5484
52.6104,472,1.5226
52.6147,451,1.4548
52.6190,427,1.3774
52.6233,422,1.3613
52.6276,462,1.4903
52.6319,549,1.7710
52.6362,672,2.1677
52.6405,812,2.6194
52.6448,929,2.9968
52.6490,962,3.1032
52.6534,903,2.9129
52.6577,780,2.5161
52.6620,632,2.0387
52.6663,507,1.6355
52.6706,432,1.3935
52.6748,404,1.3032
52.6792,404,1.3032
52.6835,422,1.3613
52.6877,443,1.4290
52.6920,454,1.4645
52.6963,457,1.4742
52.7006,459,1.4806
52.7049,461,1.4871
52.7093,462,1.4903
52.7138,468,1.5097
52.7215,463,1.4935
52.7259,464,1.4968
52.7302,465,1.5000
52.7346,467,1.5065
52.7389,468,1.5097
52.7433,468,1.5097
52.7476,469,1.5129
52.7520,470,1.5161
52.7563,472,1.5226
52.7607,479,1.5452
52.7650,488,1.5742
52.7693,500,1.6129
52.7736,511,1.6484
52.7780,521,1.6806
52.7823,531,1.7129
52.7866,541,1.7452
52.7910,550,1.7742
52.7953,560,1.8065
52.7996,569,1.8355
52.8039,577,1.8613
52.8083,584,1.8839
52.8125,588,1.8968
52.8168,593,1.9129
52.8211,597,1.9258
52.8254,600,1.9355
52.8297,602,1.9419
52.8340,601,1.9387
52.8383,598,1.9290
52.8426,598,1.9290
52.8469,594,1.9161
52.8512,588,1.8968
52.8555,582,1.8774
52.8598,576,1.8581
52.8641,567,1.8290
52.8684,557,1.7968
52.8727,549,1.7710
52.8770,539,1.7387
52.8813,529,1.7065
52.8856,518,1.6710
52.8899,509,1.6419
52.8942,499,1.6097
52.8985,489,1.5774
52.9028,479,1.5452
52.9071,469,1.5129
52.9114,460,1.4839
52.9157,454,1.4645
52.9201,452,1.4581
52.9244,452,1.4581
52.9287,454,1.4645
52.9331,455,1.4677
52.9374,456,1.4710
52.9418,458,1.4774
52.9461,459,1.4806
52.9505,460,1.4839
52.9548,462,1.4903
52.9591,462,1.4903
52.9635,464,1.4968
52.9678,466,1.5032
52.9721,466,1.5032
52.9765,467,1.5065
52.9808,475,1.5323
52.9851,486,1.5677
52.9895,497,1.6032
52.9938,510,1.6452
52.9981,519,1.6742
53.0024,528,1.7032
53.0068,535,1.7258
53.0111,541,1.7452
53.0154,541,1.7452
53.0197,542,1.7484
53.0240,539,1.7387
53.0283,532,1.7161
53.0326,524,1.6903
53.0369,515,1.6613
53.0412,505,1.6290
53.0455,494,1.5935
53.0498,483,1.5581
53.0541,474,1.5290
53.0584,469,1.5129
53.0627,470,1.5161
53.0670,470,1.5161
53.0713,471,1.5194
53.0756,473,1.5258
53.0799,474,1.5290
53.0841,476,1.5355
53.0885,475,1.5323
53.0927,476,1.5355
53.0970,477,1.5387
53.1013,478,1.5419
53.1056,477,1.5387
53.1100,470,1.5161
53.1143,449,1.4484
53.1187,425,1.3710
53.1230,417,1.3452
53.1273,455,1.4677
53.1316,541,1.7452
53.1360,664,2.1419
53.1403,803,2.5903
53.1446,923,2.9774
53.1490,964,3.1097
53.1533,903,2.9129
53.1577,778,2.5097
53.1620,632,2.0387
53.1663,504,1.6258
53.1707,430,1.3871
53.1750,402,1.2968
53.1793,404,1.3032
53.1836,423,1.3645
53.1880,444,1.4323
53.1923,454,1.4645
53.1967,457,1.4742
53.2010,459,1.4806
53.2054,461,1.4871
53.2098,461,1.4871
53.2141,462,1.4903
53.2184,462,1.4903
53.2227,463,1.4935
53.2269,464,1.4968
53.2313,465,1.5000
53.2355,467,1.5065
53.2398,468,1.5097
53.2441,469,1.5129
53.2484,470,1.5161
53.2528,471,1.5194
53.2571,473,1.5258
53.2614,481,1.5516
53.2657,490,1.5806
53.2699,501,1.6161
53.2743,511,1.6484
53.2785,524,1.6903
53.2828,535,1.7258
53.2871,544,1.7548
53.2914,554,1.7871
53.2957,562,1.8129
53.3000,569,1.8355
53.3043,578,1.8645
53.3086,584,1.8839
53.3131,589,1.9000
53.3176,594,1.9161
53.3221,599,1.9323
53.3264,600,1.9355
53.3308,602,1.9419
53.3352,602,1.9419
53.3395,599,1.9323
53.3438,599,1.9323
53.3481,594,1.9161
53.3525,588,1.8968
53.3568,581,1.8742
53.3612,574,1.8516
53.3655,565,1.8226
53.3698,556,1.7935
53.3742,548,1.7677
53.3785,537,1.7323
53.3828,526,1.6968
53.3872,515,1.6613
53.3915,505,1.6290
53.3959,494,1.5935
53.4002,485,1.5645
53.4045,476,1.5355
53.4088,466,1.5032
53.4132,458,1.4774
53.4175,453,1.4613
53.4218,452,1.4581
53.4261,453,1.4613
53.4304,454,1.4645
53.4347,456,1.4710
53.4390,457,1.4742
53.4433,458,1.4774
53.4476,459,1.4806
53.4519,460,1.4839
53.4562,461,1.4871
53.4605,462,1.4903
53.4648,464,1.4968
53.4691,466,1.5032
53.4734,466,1.5032
53.4777,470,1.5161
53.4820,478,1.5419
53.4863,490,1.5806
53.4906,501,1.6161
53.4949,512,1.6516
53.4992,522,1.6839
53.5035,530,1.7097
53.5078,538,1.7355
53.5121,542,1.7484
53.5165,542,1.7484
53.5208,541,1.7452
53.5252,538,1.7355
53.5295,531,1.7129
53.5338,522,1.6839
53.5381,513,1.6548
53.5425,503,1.6226
53.5468,492,1.5871
53.5512,481,1.5516
53.5555,472,1.5226
53.5598,468,1.5097
53.5642,470,1.5161
53.5685,472,1.5226
53.5728,473,1.5258
53.5772,474,1.5290
53.5815,475,1.5323
53.5858,476,1.5355
53.5902,475,1.5323
53.5945,476,1.5355
53.5988,476,1.5355
53.6032,478,1.5419
53.6076,475,1.5323
53.6120,463,1.4935
53.6165,437,1.4097
53.6209,418,1.3484
53.6253,433,1.3968
53.6296,495,1.5968
53.6374,711,2.2935
53.6418,853,2.7516
53.6461,952,3.0710
53.6504,955,3.0806
53.6547,868,2.8000
53.6590,737,2.3774
53.6633,590,1.9032
53.6677,477,1.5387
53.6720,419,1.3516
53.6762,402,1.2968
53.6805,404,1.3032
53.6849,409,1.3194
53.6891,416,1.3419
53.6934,432,1.3935
53.6977,448,1.4452
53.7020,458,1.4774
53.7063,461,1.4871
53.7107,463,1.4935
53.7150,463,1.4935
53.7192,465,1.5000
53.7235,467,1.5065
53.7279,468,1.5097
53.7321,468,1.5097
53.7364,470,1.5161
53.7407,470,1.5161
53.7451,471,1.5194
53.7494,473,1.5258
53.7537,473,1.5258
53.7580,474,1.5290
53.7623,475,1.5323
53.7666,476,1.5355
53.7709,484,1.5613
53.7752,494,1.5935
53.7795,502,1.6194
53.7838,513,1.6548
53.7881,523,1.6871
53.7924,535,1.7258
53.7967,546,1.7613
53.8010,556,1.7935
53.8053,563,1.8161
53.8096,572,1.8452
53.8139,580,1.8710
53.8182,585,1.8871
53.8226,592,1.9097
53.8269,596,1.9226
53.8312,601,1.9387
53.8356,603,1.9452
53.8399,604,1.9484
53.8442,605,1.9516
53.8486,601,1.9387
53.8529,599,1.9323
53.8572,596,1.9226
53.8616,590,1.9032
53.8659,584,1.8839
53.8703,575,1.8548
53.8746,569,1.8355
53.8789,559,1.8032
53.8832,551,1.7774
53.8876,541,1.7452
53.8920,530,1.7097
53.8963,519,1.6742
53.9006,510,1.6452
53.9049,499,1.6097
53.9093,489,1.5774
53.9136,479,1.5452
53.9180,471,1.5194
53.9222,461,1.4871
53.9265,455,1.4677
53.9308,454,1.4645
53.9351,454,1.4645
53.9394,456,1.4710
53.9437,457,1.4742
53.9480,458,1.4774
53.9523,459,1.4806
53.9566,460,1.4839
53.9609,462,1.4903
53.9652,463,1.4935
53.9695,464,1.4968
53.9738,464,1.4968
53.9781,464,1.4968
53.9824,467,1.5065
53.9867,470,1.5161
53.9910,478,1.5419
53.9953,489,1.5774
53.9996,501,1.6161
54.0039,511,1.6484
54.0082,521,1.6806
54.0126,528,1.7032
54.0169,537,1.7323
54.0212,542,1.7484
54.0256,543,1.7516
54.0299,544,1.7548
54.0342,540,1.7419
54.0386,534,1.7226
54.0429,525,1.6935
54.0472,516,1.6645
54.0515,505,1.6290
54.0559,494,1.5935
54.0603,484,1.5613
54.0646,475,1.5323
54.0690,470,1.5161
54.0733,470,1.5161
54.0777,470,1.5161
54.0820,471,1.5194
54.0863,472,1.5226
54.0906,474,1.5290
54.0950,476,1.5355
54.0993,476,1.5355
54.1036,477,1.5387
54.1080,478,1.5419
54.1123,478,1.5419
54.1166,477,1.5387
54.1210,468,1.5097
54.1253,447,1.4419
54.1295,423,1.3645
54.1338,422,1.3613
54.1381,468,1.5097
54.1424,561,1.8097
54.1467,686,2.2129
54.1510,827,2.6677
54.1553,938,3.0258
54.1596,960,3.0968
54.1639,891,2.8742
54.1682,763,2.4613
54.1725,616,1.9871
54.1768,493,1.5903
54.1812,425,1.3710
54.1855,402,1.2968
54.1898,406,1.3097
54.1941,427,1.3774
54.1984,446,1.4387
54.2027,457,1.4742
54.2070,460,1.4839
54.2114,460,1.4839
54.2160,460,1.4839
54.2204,461,1.4871
54.2247,462,1.4903
54.2290,464,1.4968
54.2334,465,1.5000
54.2377,466,1.5032
54.2420,467,1.5065
54.2463,468,1.5097
54.2505,469,1.5129
54.2548,470,1.5161
54.2591,471,1.5194
54.2633,472,1.5226
54.2676,475,1.5323
54.2718,482,1.5548
54.2761,492,1.5871
54.2804,502,1.6194
54.2846,513,1.6548
54.2889,525,1.6935
54.2932,535,1.7258
54.2975,544,1.7548
54.3017,552,1.7806
54.3060,563,1.8161
54.3103,572,1.8452
54.3146,579,1.8677
54.3189,584,1.8839
54.3231,590,1.9032
54.3274,595,1.9194
54.3317,599,1.9323
54.3359,602,1.9419
54.3402,603,1.9452
54.3445,603,1.9452
54.3487,601,1.9387
54.3530,598,1.9290
54.3573,594,1.9161
54.3615,591,1.9065
54.3658,584,1.8839
54.3701,577,1.8613
54.3743,569,1.8355
54.3786,560,1.8065
54.3829,551,1.7774
54.3872,541,1.7452
54.3914,530,1.7097
54.3957,519,1.6742
54.3999,509,1.6419
54.4042,500,1.6129
54.4085,490,1.5806
54.4127,480,1.5484
54.4170,470,1.5161
54.4213,462,1.4903
54.4256,455,1.4677
54.4299,452,1.4581
54.4342,453,1.4613
54.4385,453,1.4613
54.4428,455,1.4677
54.4471,459,1.4806
54.4514,460,1.4839
54.4557,460,1.4839
54.4600,461,1.4871
54.4643,462,1.4903
54.4686,463,1.4935
54.4729,464,1.4968
54.4772,464,1.4968
54.4815,466,1.5032
54.4858,468,1.5097
54.4901,468,1.5097
54.4944,474,1.5290
54.4987,482,1.5548
54.5030,494,1.5935
54.5073,506,1.6323
54.5134,521,1.6806
54.5179,530,1.7097
54.5223,538,1.7355
54.5266,543,1.7516
54.5309,544,1.7548
54.5352,544,1.7548
54.5394,541,1.7452
54.5437,533,1.7194
54.5480,525,1.6935
54.5523,517,1.6677
54.5565,506,1.6323
54.5608,495,1.5968
54.5651,484,1.5613
54.5694,474,1.5290
54.5736,470,1.5161
54.5779,469,1.5129
54.5822,471,1.5194
54.5866,472,1.5226
54.5908,473,1.5258
54.5951,474,1.5290
54.5994,475,1.5323
54.6036,477,1.5387
54.6079,477,1.5387
54.6122,478,1.5419
54.6164,479,1.5452
54.6207,478,1.5419
54.6250,471,1.5194
54.6293,451,1.4548
54.6336,427,1.3774
54.6379,418,1.3484
54.6422,453,1.4613
54.6465,539,1.7387
54.6508,660,2.1290
54.6551,797,2.5710
54.6594,918,2.9613
54.6637,963,3.1065
54.6680,912,2.9419
54.6723,792,2.5548
54.6766,648,2.0903
54.6809,517,1.6677
54.6852,438,1.4129
54.6895,407,1.3129
54.6938,404,1.3032
54.6981,421,1.3581
54.7024,442,1.4258
54.7067,454,1.4645
54.7109,459,1.4806
54.7153,460,1.4839
54.7196,460,1.4839
54.7239,462,1.4903
54.7282,462,1.4903
54.7325,461,1.4871
54.7368,463,1.4935
54.7411,465,1.5000
54.7454,467,1.5065
54.7498,467,1.5065
54.7541,468,1.5097
54.7584,468,1.5097
54.7627,469,1.5129
54.7670,469,1.5129
54.7712,473,1.5258
54.7755,479,1.5452
54.7798,489,1.5774
54.7841,500,1.6129
54.7884,510,1.6452
54.7927,521,1.6806
54.7970,531,1.7129
54.8013,542,1.7484
54.8056,551,1.7774
54.8099,559,1.8032
54.8142,569,1.8355
54.8185,576,1.8581
54.8228,583,1.8806
54.8271,590,1.9032
54.8314,595,1.9194
54.8357,598,1.9290
54.8400,601,1.9387
54.8443,602,1.9419
54.8486,603,1.9452
54.8529,600,1.9355
54.8572,598,1.9290
54.8615,595,1.9194
54.8658,589,1.9000
54.8701,583,1.8806
54.8744,576,1.8581
54.8787,567,1.8290
54.8830,558,1.8000
54.8872,550,1.7742
54.8915,541,1.7452
54.8958,531,1.7129
54.9001,519,1.6742
54.9044,510,1.6452
54.9087,499,1.6097
54.9130,490,1.5806
54.9173,480,1.5484
54.9217,471,1.5194
54.9260,462,1.4903
54.9302,456,1.4710
54.9346,453,1.4613
54.9388,453,1.4613
54.9431,454,1.4645
54.9475,455,1.4677
54.9518,455,1.4677
54.9561,455,1.4677
54.9604,457,1.4742
54.9647,458,1.4774
54.9690,460,1.4839
54.9733,461,1.4871
54.9776,462,1.4903
54.9819,463,1.4935
54.9862,466,1.5032
54.9905,467,1.5065
54.9948,472,1.5226
54.9991,483,1.5581
55.0034,494,1.5935
55.0076,506,1.6323
55.0119,517,1.6677
55.0162,527,1.7000
55.0205,534,1.7226
55.0248,540,1.7419
55.0291,542,1.7484
55.0334,543,1.7516
55.0377,540,1.7419
55.0420,535,1.7258
55.0475,525,1.6935
55.0520,514,1.6581
55.0574,502,1.6194
55.0619,492,1.5871
55.0663,480,1.5484
55.0706,472,1.5226
55.0750,469,1.5129
55.0795,469,1.5129
55.0839,471,1.5194
55.0882,472,1.5226
55.0925,473,1.5258
55.0968,475,1.5323
55.1011,476,1.5355
55.1054,477,1.5387
55.1098,478,1.5419
55.1142,478,1.5419
55.1186,478,1.5419
55.1230,475,1.5323
55.1274,462,1.4903
55.1317,437,1.4097
55.1360,418,1.3484
55.1402,431,1.3903
55.1445,491,1.5839
55.1488,597,1.9258
55.1530,726,2.3419
55.1572,861,2.7774
55.1615,952,3.0710
55.1664,940,3.0323
55.1707,841,2.7129
55.1754,688,2.2194
55.1797,546,1.7613
55.1840,453,1.4613
55.1882,410,1.3226
55.1925,401,1.2935
55.1967,414,1.3355
55.2010,436,1.4065
55.2052,451,1.4548
55.2095,457,1.4742
55.2138,459,1.4806
55.2180,459,1.4806
55.2222,459,1.4806
55.2265,460,1.4839
55.2308,461,1.4871
55.2351,462,1.4903
55.2394,463,1.4935
55.2436,464,1.4968
55.2485,465,1.5000
55.2528,467,1.5065
55.2571,467,1.5065
55.2614,468,1.5097
55.2657,470,1.5161
55.2700,472,1.5226
55.2742,476,1.5355
55.2785,485,1.5645
55.2828,495,1.5968
55.2872,505,1.6290
55.2916,517,1.6677
55.2958,527,1.7000
55.3001,538,1.7355
55.3044,547,1.7645
55.3086,556,1.7935
55.3129,564,1.8194
55.3172,571,1.8419
55.3215,578,1.8645
55.3258,586,1.8903
55.3300,592,1.9097
55.3344,596,1.9226
55.3386,598,1.9290
55.3429,599,1.9323
55.3473,603,1.9452
55.3517,602,1.9419
55.3560,597,1.9258
55.3602,596,1.9226
55.3645,589,1.9000
55.3688,584,1.8839
55.3731,577,1.8613
55.3774,569,1.8355
55.3817,561,1.8097
55.3860,552,1.7806
55.3903,544,1.7548
55.3945,533,1.7194
55.3988,523,1.6871
55.4031,513,1.6548
55.4082,498,1.6065
55.4138,487,1.5710
55.4181,478,1.5419
55.4225,467,1.5065
55.4268,459,1.4806
55.4310,452,1.4581
55.4353,450,1.4516
55.4396,451,1.4548
55.4439,452,1.4581
55.4481,454,1.4645
55.4524,455,1.4677
55.4567,457,1.4742
55.4610,458,1.4774
55.4652,458,1.4774
55.4695,459,1.4806
55.4738,461,1.4871
55.4781,461,1.4871
55.4823,464,1.4968
55.4866,465,1.5000
55.4909,466,1.5032
55.4952,472,1.5226
55.4994,484,1.5613
55.5038,496,1.6000
55.5080,508,1.6387
55.5123,519,1.6742
55.5166,527,1.7000
55.5208,534,1.7226
55.5251,540,1.7419
55.5294,543,1.7516
55.5337,542,1.7484
55.5380,538,1.7355
55.5423,533,1.7194
55.5466,527,1.7000
55.5509,517,1.6677
55.5553,508,1.6387
55.5596,497,1.6032
55.5639,487,1.5710
55.5682,476,1.5355
55.5725,471,1.5194
55.5767,469,1.5129
55.5811,470,1.5161
55.5854,472,1.5226
55.5896,473,1.5258
55.5939,474,1.5290
55.5983,474,1.5290
55.6025,474,1.5290
55.6068,475,1.5323
55.6111,477,1.5387
55.6154,477,1.5387
55.6197,479,1.5452
55.6241,476,1.5355
55.6284,462,1.4903
55.6327,439,1.4161
55.6370,418,1.3484
55.6413,433,1.3968
55.6456,495,1.5968
55.6499,601,1.9387
55.6542,733,2.3645
55.6585,868,2.8000
55.6628,957,3.0871
55.6671,946,3.0516
55.6714,852,2.7484
55.6757,715,2.3065
55.6800,571,1.8419
55.6843,468,1.5097
55.6886,416,1.3419
55.6929,403,1.3000
55.6971,411,1.3258
55.7014,433,1.3968
55.7057,449,1.4484
55.7100,457,1.4742
55.7143,460,1.4839
55.7186,460,1.4839
55.7229,460,1.4839
55.7272,461,1.4871
55.7315,463,1.4935
55.7358,464,1.4968
55.7401,465,1.5000
55.7445,466,1.5032
55.7488,467,1.5065
55.7531,469,1.5129
55.7575,469,1.5129
55.7618,470,1.5161
55.7662,471,1.5194
55.7705,471,1.5194
55.7748,476,1.5355
55.7792,485,1.5645
55.7835,495,1.5968
55.7878,506,1.6323
55.7922,516,1.6645
55.7965,527,1.7000
55.8009,537,1.7323
55.8052,548,1.7677
55.8095,558,1.8000
55.8139,567,1.8290
55.8182,575,1.8548
55.8225,583,1.8806
55.8268,588,1.8968
55.8313,594,1.9161
55.8356,598,1.9290
55.8399,601,1.9387
55.8442,605,1.9516
55.8485,604,1.9484
55.8528,603,1.9452
55.8571,600,1.9355
55.8614,597,1.9258
55.8657,593,1.9129
55.8700,587,1.8935
55.8743,579,1.8677
55.8786,570,1.8387
55.8829,562,1.8129
55.8872,552,1.7806
55.8915,544,1.7548
55.8958,533,1.7194
55.9001,524,1.6903
55.9043,514,1.6581
55.9087,504,1.6258
55.9129,493,1.5903
55.9172,483,1.5581
55.9215,474,1.5290
55.9258,466,1.5032
55.9301,458,1.4774
55.9344,454,1.4645
55.9388,453,1.4613
55.9431,455,1.4677
55.9475,457,1.4742
55.9518,458,1.4774
55.9562,459,1.4806
55.9605,460,1.4839
55.9648,462,1.4903
55.9692,462,1.4903
55.9735,463,1.4935
55.9778,464,1.4968
55.9821,465,1.5000
55.9865,466,1.5032
55.9908,467,1.5065
55.9951,471,1.5194
55.9995,482,1.5548
56.0038,493,1.5903
56.0082,505,1.6290
56.0134,517,1.6677
56.0183,528,1.7032
56.0228,534,1.7226
56.0271,539,1.7387
56.0315,544,1.7548
56.0358,543,1.7516
56.0402,538,1.7355
56.0445,533,1.7194
56.0488,524,1.6903
56.0531,514,1.6581
56.0575,505,1.6290
56.0618,494,1.5935
56.0660,484,1.5613
56.0703,475,1.5323
56.0746,470,1.5161
56.0789,469,1.5129
56.0832,471,1.5194
56.0875,472,1.5226
56.0918,473,1.5258
56.0961,473,1.5258
56.1004,473,1.5258
56.1047,475,1.5323
56.1090,476,1.5355
56.1133,478,1.5419
56.1177,478,1.5419
56.1220,478,1.5419
56.1263,472,1.5226
56.1306,451,1.4548
56.1349,427,1.3774
56.1392,420,1.3548
56.1435,457,1.4742
56.1478,542,1.7484
56.1521,665,2.1452
56.1564,804,2.5935
56.1607,924,2.9806
56.1650,964,3.1097
56.1693,909,2.9323
56.1736,787,2.5387
56.1779,640,2.0645
56.1822,512,1.6516
56.1864,436,1.4065
56.1908,406,1.3097
56.1951,404,1.3032
56.1994,421,1.3581
56.2037,441,1.4226
56.2080,455,1.4677
56.2123,458,1.4774
56.2166,460,1.4839
56.2209,459,1.4806
56.2252,460,1.4839
56.2295,462,1.4903
56.2339,464,1.4968
56.2382,463,1.4935
56.2425,463,1.4935
56.2469,465,1.5000
56.2512,467,1.5065
56.2556,468,1.5097
56.2599,468,1.5097
56.2642,469,1.5129
56.2685,470,1.5161
56.2729,473,1.5258
56.2772,480,1.5484
56.2815,489,1.5774
56.2859,501,1.6161
56.2902,511,1.6484
56.2945,521,1.6806
56.2988,532,1.7161
56.3030,542,1.7484
56.3073,551,1.7774
56.3117,561,1.8097
56.3184,571,1.8419
56.3229,580,1.8710
56.3272,586,1.8903
56.3315,591,1.9065
56.3358,595,1.9194
56.3402,598,1.9290
56.3445,600,1.9355
56.3488,600,1.9355
56.3531,598,1.9290
56.3575,597,1.9258
56.3618,595,1.9194
56.3661,588,1.8968
56.3704,585,1.8871
56.3746,577,1.8613
56.3789,569,1.8355
56.3832,560,1.8065
56.3876,553,1.7839
56.3919,542,1.7484
56.3962,532,1.7161
56.4005,520,1.6774
56.4048,511,1.6484
56.4091,500,1.6129
56.4134,489,1.5774
56.4177,480,1.5484
56.4220,471,1.5194
56.4262,462,1.4903
56.4305,455,1.4677
56.4349,450,1.4516
56.4392,451,1.4548
56.4435,452,1.4581
56.4478,454,1.4645
56.4521,456,1.4710
56.4564,456,1.4710
56.4607,456,1.4710
56.4650,458,1.4774
56.4693,460,1.4839
56.4736,461,1.4871
56.4778,462,1.4903
56.4821,463,1.4935
56.4864,464,1.4968
56.4907,466,1.5032
56.4950,471,1.5194
56.4993,482,1.5548
56.5036,493,1.5903
56.5079,503,1.6226
56.5122,515,1.6613
56.5165,524,1.6903
56.5208,534,1.7226
56.5251,540,1.7419
56.5294,542,1.7484
56.5337,544,1.7548
56.5380,541,1.7452
56.5423,536,1.7290
56.5466,530,1.7097
56.5510,521,1.6806
56.5553,510,1.6452
56.5596,499,1.6097
56.5640,488,1.5742
56.5683,479,1.5452
56.5726,470,1.5161
56.5770,468,1.5097
56.5813,471,1.5194
56.5856,473,1.5258
56.5900,473,1.5258
56.5943,473,1.5258
56.5986,474,1.5290
56.6030,474,1.5290
56.6073,476,1.5355
56.6116,479,1.5452
56.6160,479,1.5452
56.6203,480,1.5484
56.6246,480,1.5484
56.6290,475,1.5323
56.6333,459,1.4806
56.6378,434,1.4000
56.6421,420,1.3548
56.6464,444,1.4323
56.6507,518,1.6710
56.6550,634,2.0452
56.6593,771,2.4871
56.6636,900,2.9032
56.6679,967,3.1194
56.6722,932,3.0065
56.6765,823,2.6548
56.6808,679,2.1903
56.6850,542,1.7484
56.6894,450,1.4516
56.6937,409,1.3194
56.6980,401,1.2935
56.7023,417,1.3452
56.7066,439,1.4161
56.7109,453,1.4613
56.7152,458,1.4774
56.7195,459,1.4806
56.7237,460,1.4839
56.7280,461,1.4871
56.7323,463,1.4935
56.7366,463,1.4935
56.7409,465,1.5000
56.7453,466,1.5032
56.7496,467,1.5065
56.7540,468,1.5097
56.7583,468,1.5097
56.7626,470,1.5161
56.7670,471,1.5194
56.7713,472,1.5226
56.7756,472,1.5226
56.7800,477,1.5387
56.7843,487,1.5710
56.7886,497,1.6032
56.7930,508,1.6387
56.7973,519,1.6742
56.8016,530,1.7097
56.8060,541,1.7452
56.8103,550,1.7742
56.8146,560,1.8065
56.8190,569,1.8355
56.8233,577,1.8613
56.8276,582,1.8774
56.8320,588,1.8968
56.8363,595,1.9194
56.8406,598,1.9290
56.8450,598,1.9290
56.8493,600,1.9355
56.8536,601,1.9387
56.8579,601,1.9387
56.8622,598,1.9290
56.8665,596,1.9226
56.8708,591,1.9065
56.8751,584,1.8839
56.8794,577,1.8613
56.8836,569,1.8355
56.8879,561,1.8097
56.8922,551,1.7774
56.8965,544,1.7548
56.9008,539,1.7387
56.9051,531,1.7129
56.9094,523,1.6871
56.9138,511,1.6484
56.9183,501,1.6161
56.9227,491,1.5839
56.9270,481,1.5516
56.9313,471,1.5194
56.9356,461,1.4871
56.9400,453,1.4613
56.9443,450,1.4516
56.9486,451,1.4548
56.9529,452,1.4581
56.9572,454,1.4645
56.9615,456,1.4710
56.9658,457,1.4742
56.9700,459,1.4806
56.9743,459,1.4806
56.9786,460,1.4839
56.9829,461,1.4871
56.9872,462,1.4903
56.9915,463,1.4935
56.9958,464,1.4968
57.0001,464,1.4968
57.0044,465,1.5000
57.0087,469,1.5129
57.0130,478,1.5419
57.0173,488,1.5742
57.0216,500,1.6129
57.0259,513,1.6548
57.0302,523,1.6871
57.0344,531,1.7129
57.0387,538,1.7355
57.0430,543,1.7516
57.0474,542,1.7484
57.0518,542,1.7484
57.0561,538,1.7355
57.0604,532,1.7161
57.0648,524,1.6903
57.0691,515,1.6613
57.0734,504,1.6258
57.0777,493,1.5903
57.0822,482,1.5548
57.0865,473,1.5258
57.0908,470,1.5161
57.0951,471,1.5194
57.0995,471,1.5194
57.1038,473,1.5258
57.1082,473,1.5258
57.1125,474,1.5290
57.1168,475,1.5323
57.1212,476,1.5355
57.1255,477,1.5387
57.1298,477,1.5387
57.1341,478,1.5419
57.1385,476,1.5355
57.1429,463,1.4935
57.1473,440,1.4194
57.1516,419,1.3516
57.1559,428,1.3806
57.1602,485,1.5645
57.1645,586,1.8903
57.1688,715,2.3065
57.1731,855,2.7581
57.1774,953,3.0742
57.1821,947,3.0548
57.1864,851,2.7452
57.1907,716,2.3097
57.1950,571,1.8419
57.1993,467,1.5065
57.2036,414,1.3355
57.2079,399,1.2871
57.2122,411,1.3258
57.2181,441,1.4226
57.2225,454,1.4645
57.2268,459,1.4806
57.2311,461,1.4871
57.2354,461,1.4871
57.2397,462,1.4903
57.2441,463,1.4935
57.2486,463,1.4935
57.2529,464,1.4968
57.2572,465,1.5000
57.2615,466,1.5032
57.2658,469,1.5129
57.2701,470,1.5161
57.2744,470,1.5161
57.2787,471,1.5194
57.2830,471,1.5194
57.2873,473,1.5258
57.2916,479,1.5452
57.2959,488,1.5742
57.3002,501,1.6161
57.3045,511,1.6484
57.3088,522,1.6839
57.3131,530,1.7097
57.3174,540,1.7419
57.3217,551,1.7774
57.3260,560,1.8065
57.3303,567,1.8290
57.3346,576,1.8581
57.3389,582,1.8774
57.3432,588,1.8968
57.3475,593,1.9129
57.3519,598,1.9290
57.3563,602,1.9419
57.3606,601,1.9387
57.3649,602,1.9419
57.3693,600,1.9355
57.3736,598,1.9290
57.3779,593,1.9129
57.3822,589,1.9000
57.3866,584,1.8839
57.3909,576,1.8581
57.3952,568,1.8323
57.3996,559,1.8032
57.4039,549,1.7710
57.4082,539,1.7387
57.4126,529,1.7065
57.4169,518,1.6710
57.4212,508,1.6387
57.4256,498,1.6065
57.4299,489,1.5774
57.4342,478,1.5419
57.4386,468,1.5097
57.4429,459,1.4806
57.4472,453,1.4613
57.4516,452,1.4581
57.4559,453,1.4613
57.4602,453,1.4613
57.4644,455,1.4677
57.4687,457,1.4742
57.4730,457,1.4742
57.4773,459,1.4806
57.4816,460,1.4839
57.4859,461,1.4871
57.4902,462,1.4903
57.4945,464,1.4968
57.4988,466,1.5032
57.5031,466,1.5032
57.5076,469,1.5129
57.5119,476,1.5355
57.5162,486,1.5677
57.5205,499,1.6097
57.5248,510,1.6452
57.5290,521,1.6806
57.5334,530,1.7097
57.5376,536,1.7290
57.5419,541,1.7452
57.5463,543,1.7516
57.5506,544,1.7548
57.5550,542,1.7484
57.5593,537,1.7323
57.5637,527,1.7000
57.5680,518,1.6710
57.5723,507,1.6355
57.5767,496,1.6000
57.5810,484,1.5613
57.5853,475,1.5323
57.5897,470,1.5161
57.5940,470,1.5161
57.5983,471,1.5194
57.6027,473,1.5258
57.6070,474,1.5290
57.6113,476,1.5355
57.6157,477,1.5387
57.6200,479,1.5452
57.6243,479,1.5452
57.6287,479,1.5452
57.6330,480,1.5484
57.6373,481,1.5516
57.6417,480,1.5484
57.6460,473,1.5258
57.6503,453,1.4613
57.6546,428,1.3806
57.6590,419,1.3516
57.6633,454,1.4645
57.6676,537,1.7323
57.6719,657,2.1194
57.6762,796,2.5677
57.6805,918,2.9613
57.6848,965,3.1129
57.6891,912,2.9419
57.6933,796,2.5677
57.6977,650,2.0968
57.7019,518,1.6710
57.7063,438,1.4129
57.7105,406,1.3097
57.7148,401,1.2935
57.7191,407,1.3129
57.7234,415,1.3387
57.7277,429,1.3839
57.7320,446,1.4387
57.7363,459,1.4806
57.7406,463,1.4935
57.7449,464,1.4968
57.7492,464,1.4968
57.7535,463,1.4935
57.7579,464,1.4968
57.7622,465,1.5000
57.7666,467,1.5065
57.7709,468,1.5097
57.7752,469,1.5129
57.7796,470,1.5161
57.7839,471,1.5194
57.7882,473,1.5258
57.7925,474,1.5290
57.7969,474,1.5290
57.8012,476,1.5355
57.8056,482,1.5548
57.8099,491,1.5839
57.8143,501,1.6161
57.8193,515,1.6613
57.8238,524,1.6903
57.8281,535,1.7258
57.8324,545,1.7581
57.8368,556,1.7935
57.8412,565,1.8226
57.8455,573,1.8484
57.8507,582,1.8774
57.8551,588,1.8968
57.8594,595,1.9194
57.8638,601,1.9387
57.8681,603,1.9452
57.8724,604,1.9484
57.8767,605,1.9516
57.8810,603,1.9452
57.8853,602,1.9419
57.8896,600,1.9355
57.8939,595,1.9194
57.8983,589,1.9000
57.9026,582,1.8774
57.9069,575,1.8548
57.9112,567,1.8290
57.9155,557,1.7968
57.9198,548,1.7677
57.9242,540,1.7419
57.9284,529,1.7065
57.9327,517,1.6677
57.9370,507,1.6355
57.9413,498,1.6065
57.9457,488,1.5742
57.9500,479,1.5452
57.9543,469,1.5129
57.9586,460,1.4839
57.9630,455,1.4677
57.9673,454,1.4645
57.9716,455,1.4677
57.9759,457,1.4742
57.9803,457,1.4742
57.9846,459,1.4806
57.9889,460,1.4839
57.9932,460,1.4839
57.9975,461,1.4871
58.0019,461,1.4871
58.0063,462,1.4903
58.0106,464,1.4968
58.0149,466,1.5032
58.0192,467,1.5065
58.0235,472,1.5226
58.0278,483,1.5581
58.0321,497,1.6032
58.0364,512,1.6516
58.0406,527,1.7000
58.0450,540,1.7419
58.0493,552,1.7806
58.0536,560,1.8065
58.0579,568,1.8323
58.0623,569,1.8355
58.0666,566,1.8258
58.0709,561,1.8097
58.0752,550,1.7742
58.0795,539,1.7387
58.0838,526,1.6968
58.0881,513,1.6548
58.0924,498,1.6065
58.0967,485,1.5645
58.1010,472,1.5226
58.1053,466,1.5032
58.1099,466,1.5032
58.1143,468,1.5097
58.1187,474,1.5290
58.1232,470,1.5161
58.1283,471,1.5194
58.1326,472,1.5226
58.1369,472,1.5226
58.1412,473,1.5258
58.1455,475,1.5323
58.1499,475,1.5323
58.1542,471,1.5194
58.1585,452,1.4581
58.1628,419,1.3516
58.1671,393,1.2677
58.1715,413,1.3323
58.1758,498,1.6065
58.1801,640,2.0645
58.1844,817,2.6355
58.1887,992,3.2000
58.1931,1002,3.2323
58.1974,1001,3.2290
58.2017,992,3.2000
58.2060,843,2.7194
58.2103,619,1.9968
58.2146,456,1.4710
58.2189,382,1.2323
58.2232,364,1.1742
58.2275,372,1.2000
58.2318,392,1.2645
58.2361,418,1.3484
58.2404,437,1.4097
58.2447,445,1.4355
58.2490,446,1.4387
58.2534,448,1.4452
58.2577,449,1.4484
58.2620,450,1.4516
58.2663,452,1.4581
58.2706,453,1.4613
58.2749,455,1.4677
58.2792,456,1.4710
58.2835,457,1.4742
58.2878,458,1.4774
58.2920,458,1.4774
58.2964,460,1.4839
58.3006,461,1.4871
58.3049,463,1.4935
58.3092,469,1.5129
58.3135,480,1.5484
58.3178,493,1.5903
58.3221,506,1.6323
58.3264,519,1.6742
58.3307,533,1.7194
58.3350,547,1.7645
58.3393,562,1.8129
58.3436,574,1.8516
58.3479,586,1.8903
58.3522,597,1.9258
58.3565,606,1.9548
58.3609,614,1.9806
58.3652,623,2.0097
58.3695,626,2.0194
58.3738,630,2.0323
58.3782,631,2.0355
58.3825,633,2.0419
58.3868,631,2.0355
58.3912,628,2.0258
58.3955,623,2.0097
58.3998,617,1.9903
58.4042,610,1.9677
58.4085,602,1.9419
58.4128,590,1.9032
58.4172,579,1.8677
58.4215,566,1.8258
58.4258,553,1.7839
58.4302,542,1.7484
58.4345,529,1.7065
58.4388,514,1.6581
58.4432,500,1.6129
58.4475,486,1.5677
58.4519,473,1.5258
58.4562,461,1.4871
58.4606,449,1.4484
58.4649,439,1.4161
58.4692,433,1.3968
58.4735,432,1.3935
58.4778,432,1.3935
58.4821,433,1.3968
58.4864,435,1.4032
58.4906,437,1.4097
58.4949,439,1.4161
58.4992,440,1.4194
58.5035,442,1.4258
58.5078,443,1.4290
58.5121,445,1.4355
58.5164,446,1.4387
58.5207,447,1.4419
58.5250,448,1.4452
58.5293,454,1.4645
58.5336,466,1.5032
58.5379,480,1.5484
58.5422,496,1.6000
58.5465,511,1.6484
58.5508,525,1.6935
58.5551,536,1.7290
58.5594,543,1.7516
58.5638,548,1.7677
58.5681,549,1.7710
58.5724,547,1.7645
58.5768,540,1.7419
58.5811,532,1.7161
58.5854,521,1.6806
58.5898,508,1.6387
58.5941,494,1.5935
58.5984,480,1.5484
58.6028,467,1.5065
58.6071,455,1.4677
58.6114,451,1.4548
58.6158,451,1.4548
58.6201,453,1.4613
58.6244,454,1.4645
58.6288,455,1.4677
58.6331,456,1.4710
58.6375,458,1.4774
58.6419,459,1.4806
58.6462,461,1.4871
58.6505,463,1.4935
58.6549,463,1.4935
58.6592,465,1.5000
58.6635,462,1.4903
58.6678,446,1.4387
58.6721,415,1.3387
58.6764,387,1.2484
58.6807,395,1.2742
58.6850,467,1.5065
58.6893,600,1.9355
58.6936,772,2.4903
58.6979,956,3.0839
58.7021,1000,3.2258
58.7065,1000,3.2258
58.7110,991,3.1968
58.7154,853,2.7516
58.7198,627,2.0226
58.7242,457,1.4742
58.7285,378,1.2194
58.7328,357,1.1516
58.7371,370,1.1935
58.7414,400,1.2903
58.7457,422,1.3613
58.7500,433,1.3968
58.7543,437,1.4097
58.7586,438,1.4129
58.7629,438,1.4129
58.7673,439,1.4161
58.7716,441,1.4226
58.7763,442,1.4258
58.7806,443,1.4290
58.7849,444,1.4323
58.7892,446,1.4387
58.7935,447,1.4419
58.7978,448,1.4452
58.8021,449,1.4484
58.8064,451,1.4548
58.8107,454,1.4645
58.8150,459,1.4806
58.8193,471,1.5194
58.8236,485,1.5645
58.8279,498,1.6065
58.8322,512,1.6516
58.8365,527,1.7000
58.8407,541,1.7452
58.8450,554,1.7871
58.8495,567,1.8290
58.8538,579,1.8677
58.8581,590,1.9032
58.8624,599,1.9323
58.8667,610,1.9677
58.8710,617,1.9903
58.8753,622,2.0065
58.8796,625,2.0161
58.8839,626,2.0194
58.8882,630,2.0323
58.8925,628,2.0258
58.8968,626,2.0194
58.9010,620,2.0000
58.9053,614,1.9806
58.9096,606,1.9548
58.9139,597,1.9258
58.9182,586,1.8903
58.9225,576,1.8581
58.9268,563,1.8161
58.9311,551,1.7774
58.9354,538,1.7355
58.9397,524,1.6903
58.9440,509,1.6419
58.9483,495,1.5968
58.9526,482,1.5548
58.9626,452,1.4581
58.9670,440,1.4194
58.9714,431,1.3903
58.9757,427,1.3774
58.9800,427,1.3774
58.9844,428,1.3806
58.9887,430,1.3871
58.9930,433,1.3968
58.9974,436,1.4065
59.0017,438,1.4129
59.0061,439,1.4161
59.0104,440,1.4194
59.0148,442,1.4258
59.0199,447,1.4419
59.0244,445,1.4355
59.0288,446,1.4387
59.0331,451,1.4548
59.0375,461,1.4871
59.0418,475,1.5323
59.0461,491,1.5839
59.0505,505,1.6290
59.0548,519,1.6742
59.0592,530,1.7097
59.0635,541,1.7452
59.0678,546,1.7613
59.0721,548,1.7677
59.0764,547,1.7645
59.0807,542,1.7484
59.0850,533,1.7194
59.0894,523,1.6871
59.0937,511,1.6484
59.0980,498,1.6065
59.1023,484,1.5613
59.1065,471,1.5194
59.1108,458,1.4774
59.1151,453,1.4613
59.1195,452,1.4581
59.1238,454,1.4645
59.1280,455,1.4677
59.1323,456,1.4710
59.1366,457,1.4742
59.1409,460,1.4839
59.1453,460,1.4839
59.1497,462,1.4903
59.1540,462,1.4903
59.1583,465,1.5000
59.1627,463,1.4935
59.1670,451,1.4548
59.1713,424,1.3677
59.1756,392,1.2645
59.1799,388,1.2516
59.1841,447,1.4419
59.1884,570,1.8387
59.1927,734,2.3677
59.1970,922,2.9742
59.2013,1000,3.2258
59.2056,1000,3.2258
59.2099,996,3.2129
59.2142,915,2.9516
59.2185,701,2.2613
59.2228,505,1.6290
59.2271,396,1.2774
59.2314,358,1.1548
59.2357,363,1.1710
59.2400,391,1.2613
59.2443,420,1.3548
59.2486,434,1.4000
59.2529,437,1.4097
59.2571,439,1.4161
59.2615,441,1.4226
59.2658,441,1.4226
59.2701,442,1.4258
59.2744,443,1.4290
59.2788,445,1.4355
59.2831,447,1.4419
59.2875,448,1.4452
59.2918,449,1.4484
59.2961,451,1.4548
59.3005,452,1.4581
59.3048,454,1.4645
59.3091,455,1.4677
59.3134,459,1.4806
59.3178,469,1.5129
59.3221,482,1.5548
59.3264,496,1.6000
59.3308,510,1.6452
59.3351,525,1.6935
59.3394,538,1.7355
59.3438,552,1.7806
59.3481,565,1.8226
59.3524,577,1.8613
59.3568,587,1.8935
59.3611,598,1.9290
59.3654,607,1.9581
59.3698,614,1.9806
59.3741,621,2.0032
59.3784,625,2.0161
59.3827,627,2.0226
59.3870,629,2.0290
59.3912,629,2.0290
59.3955,628,2.0258
59.3998,622,2.0065
59.4041,617,1.9903
59.4084,609,1.9645
59.4127,600,1.9355
59.4170,591,1.9065
59.4213,582,1.8774
59.4256,570,1.8387
59.4299,557,1.7968
59.4342,544,1.7548
59.4385,530,1.7097
59.4428,516,1.6645
59.4471,503,1.6226
59.4514,490,1.5806
59.4557,476,1.5355
59.4599,463,1.4935
59.4643,452,1.4581
59.4686,440,1.4194
59.4729,432,1.3935
59.4772,429,1.3839
59.4816,430,1.3871
59.4859,432,1.3935
59.4902,435,1.4032
59.4946,436,1.4065
59.4989,438,1.4129
59.5032,440,1.4194
59.5076,441,1.4226
59.5119,443,1.4290
59.5162,445,1.4355
59.5206,447,1.4419
59.5249,448,1.4452
59.5293,448,1.4452
59.5336,452,1.4581
59.5379,463,1.4935
59.5422,478,1.5419
59.5466,494,1.5935
59.5509,509,1.6419
59.5553,523,1.6871
59.5596,534,1.7226
59.5639,544,1.7548
59.5683,549,1.7710
59.5726,551,1.7774
59.5769,549,1.7710
59.5812,543,1.7516
59.5855,535,1.7258
59.5898,524,1.6903
59.5941,512,1.6516
59.5984,497,1.6032
59.6027,482,1.5548
59.6070,469,1.5129
59.6115,456,1.4710
59.6159,450,1.4516
59.6202,450,1.4516
59.6246,453,1.4613
59.6289,455,1.4677
59.6331,457,1.4742
59.6374,457,1.4742
59.6417,458,1.4774
59.6459,460,1.4839
59.6502,460,1.4839
59.6545,462,1.4903
59.6587,464,1.4968
59.6630,465,1.5000
59.6673,464,1.4968
59.6716,452,1.4581
59.6759,426,1.3742
59.6801,394,1.2710
59.6844,386,1.2452
59.6887,438,1.4129
59.6929,552,1.7806
59.6972,715,2.3065
59.7015,900,2.9032
59.7058,1001,3.2290
59.7101,998,3.2194
59.7143,999,3.2226
59.7186,941,3.0355
59.7228,739,2.3839
59.7271,534,1.7226
59.7313,412,1.3290
59.7356,364,1.1742
59.7399,360,1.1613
59.7441,385,1.2419
59.7484,415,1.3387
59.7527,432,1.3935
59.7570,439,1.4161
59.7612,440,1.4194
59.7655,441,1.4226
59.7698,442,1.4258
59.7741,443,1.4290
59.7783,445,1.4355
59.7826,448,1.4452
59.7869,449,1.4484
59.7911,451,1.4548
59.7954,451,1.4548
59.7997,452,1.4581
59.8039,454,1.4645
59.8082,455,1.4677
59.8125,456,1.4710
59.8167,457,1.4742
59.8210,466,1.5032
59.8252,479,1.5452
59.8295,494,1.5935
59.8338,507,1.6355
59.8381,517,1.6677
59.8424,524,1.6903
59.8466,536,1.7290
59.8509,548,1.7677
59.8552,562,1.8129
59.8594,574,1.8516
59.8637,585,1.8871
59.8679,596,1.9226
59.8722,608,1.9613
59.8765,616,1.9871
59.8808,622,2.0065
59.8851,627,2.0226
59.8894,628,2.0258
59.8937,630,2.0323
59.8980,630,2.0323
59.9023,630,2.0323
59.9066,625,2.0161
59.9109,620,2.0000
59.9181,611,1.9710
59.9225,603,1.9452
59.9270,590,1.9032
59.9313,580,1.8710
59.9357,569,1.8355
59.9401,556,1.7935
59.9444,544,1.7548
59.9489,531,1.7129
59.9533,516,1.6645
59.9576,502,1.6194
59.9620,488,1.5742
59.9663,474,1.5290
59.9707,461,1.4871
59.9751,448,1.4452
59.9794,439,1.4161
59.9837,432,1.3935
59.9880,431,1.3903
59.9923,432,1.3935
59.9966,434,1.4000
60.0009,435,1.4032
60.0052,436,1.4065
60.0094,439,1.4161
60.0137,441,1.4226
60.0180,442,1.4258
60.0223,443,1.4290
60.0266,444,1.4323
60.0309,446,1.4387
60.0352,447,1.4419
60.0395,448,1.4452
60.0438,453,1.4613
60.0481,464,1.4968
60.0524,480,1.5484
60.0568,496,1.6000
60.0613,511,1.6484
60.0666,526,1.6968
60.0710,538,1.7355
60.0753,545,1.7581
60.0797,551,1.7774
60.0841,551,1.7774
60.0884,548,1.7677
60.0927,541,1.7452
60.0970,532,1.7161
60.1013,519,1.6742
60.1056,506,1.6323
60.1099,492,1.5871
60.1142,479,1.5452
60.1185,465,1.5000
60.1228,456,1.4710
60.1271,453,1.4613
60.1314,452,1.4581
60.1357,454,1.4645
60.1400,456,1.4710
60.1443,458,1.4774
60.1486,459,1.4806
60.1529,460,1.4839
60.1572,461,1.4871
60.1615,462,1.4903
60.1658,465,1.5000
60.1701,466,1.5032
60.1743,466,1.5032
60.1787,462,1.4903
60.1830,447,1.4419
60.1873,417,1.3452
60.1915,389,1.2548
60.1958,397,1.2806
60.2001,472,1.5226
60.2044,607,1.9581
60.2087,780,2.5161
60.2130,964,3.1097
60.2173,1000,3.2258
60.2216,1000,3.2258
60.2259,994,3.2065
60.2302,870,2.8065
60.2345,650,2.0968
60.2388,474,1.5290
60.2431,384,1.2387
60.2475,359,1.1581
60.2518,372,1.2000
60.2561,402,1.2968
60.2603,426,1.3742
60.2647,436,1.4065
60.2690,439,1.4161
60.2734,440,1.4194
60.2776,441,1.4226
60.2820,443,1.4290
60.2863,445,1.4355
60.2906,445,1.4355
60.2950,447,1.4419
60.2993,448,1.4452
60.3036,449,1.4484
60.3079,450,1.4516
60.3122,453,1.4613
60.3165,454,1.4645
60.3208,456,1.4710
60.3258,457,1.4742
60.3302,463,1.4935
60.3345,474,1.5290
60.3387,489,1.5774
60.3431,504,1.6258
60.3474,518,1.6710
60.3517,532,1.7161
60.3560,545,1.7581
60.3603,558,1.8000
60.3646,571,1.8419
60.3690,582,1.8774
60.3734,595,1.9194
60.3777,605,1.9516
60.3820,614,1.9806
60.3862,619,1.9968
60.3905,625,2.0161
60.3948,628,2.0258
60.3991,631,2.0355
60.4038,632,2.0387
60.4081,632,2.0387
60.4124,629,2.0290
60.4167,623,2.0097
60.4209,616,1.9871
60.4252,609,1.9645
60.4300,599,1.9323
60.4343,589,1.9000
60.4385,576,1.8581
60.4428,565,1.8226
60.4470,553,1.7839
60.4514,539,1.7387
60.4556,525,1.6935
60.4599,510,1.6452
60.4641,497,1.6032
60.4684,483,1.5581
60.4727,470,1.5161
60.4770,456,1.4710
60.4813,445,1.4355
60.4860,434,1.4000
60.4904,430,1.3871
60.4946,429,1.3839
60.4989,431,1.3903
60.5031,434,1.4000
60.5074,435,1.4032
60.5118,436,1.4065
60.5164,439,1.4161
60.5208,441,1.4226
60.5252,443,1.4290
60.5295,444,1.4323
60.5339,445,1.4355
60.5382,446,1.4387
60.5425,447,1.4419
60.5467,450,1.4516
60.5511,459,1.4806
60.5554,472,1.5226
60.5597,487,1.5710
60.5640,501,1.6161
60.5683,516,1.6645
60.5726,527,1.7000
60.5772,537,1.7323
60.5815,546,1.7613
60.5858,550,1.7742
60.5901,549,1.7710
60.5944,545,1.7581
60.5987,538,1.7355
60.6030,528,1.7032
60.6073,516,1.6645
60.6116,503,1.6226
60.6159,489,1.5774
60.6202,475,1.5323
60.6246,461,1.4871
60.6293,452,1.4581
60.6337,450,1.4516
60.6380,452,1.4581
60.6423,455,1.4677
60.6466,456,1.4710
60.6509,458,1.4774
60.6552,459,1.4806
60.6595,460,1.4839
60.6638,462,1.4903
60.6681,464,1.4968
60.6724,464,1.4968
60.6768,464,1.4968
60.6811,455,1.4677
60.6854,431,1.3903
60.6897,398,1.2839
60.6940,384,1.2387
60.6983,431,1.3903
60.7026,541,1.7452
60.7069,700,2.2581
60.7112,885,2.8548
60.7155,1000,3.2258
60.7198,1001,3.2290
60.7241,999,3.2226
60.7284,946,3.0516
60.7327,742,2.3935
60.7375,519,1.6742
60.7418,403,1.3000
60.7461,361,1.1645
60.7504,357,1.1516
60.7547,372,1.2000
60.7590,398,1.2839
60.7633,424,1.3677
60.7676,438,1.4129
60.7724,442,1.4258
60.7768,441,1.4226
60.7811,443,1.4290
60.7854,444,1.4323
60.7897,446,1.4387
60.7940,447,1.4419
60.7983,448,1.4452
60.8026,450,1.4516
60.8069,451,1.4548
60.8112,453,1.4613
60.8156,453,1.4613
60.8200,454,1.4645
60.8245,455,1.4677
60.8291,457,1.4742
60.8334,461,1.4871
60.8377,473,1.5258
60.8420,487,1.5710
60.8463,501,1.6161
60.8505,513,1.6548
60.8548,527,1.7000
60.8591,542,1.7484
60.8633,556,1.7935
60.8676,568,1.8323
60.8719,581,1.8742
60.8761,592,1.9097
60.8804,601,1.9387
60.8847,610,1.9677
60.8889,619,1.9968
60.8932,625,2.0161
60.8975,630,2.0323
60.9018,632,2.0387
60.9060,634,2.0452
60.9103,634,2.0452
60.9145,630,2.0323
60.9188,627,2.0226
60.9231,620,2.0000
60.9274,612,1.9742
60.9316,605,1.9516
60.9359,594,1.9161
60.9402,585,1.8871
60.9445,573,1.8484
60.9487,560,1.8065
60.9530,548,1.7677
60.9573,536,1.7290
60.9615,522,1.6839
60.9658,509,1.6419
60.9701,493,1.5903
60.9743,481,1.5516
60.9786,468,1.5097
60.9829,456,1.4710
60.9872,445,1.4355
60.9915,434,1.4000
60.9958,430,1.3871
61.0001,431,1.3903
61.0044,434,1.4000
61.0087,435,1.4032
61.0130,437,1.4097
61.0173,438,1.4129
61.0216,440,1.4194
61.0259,442,1.4258
61.0302,443,1.4290
61.0345,444,1.4323
61.0388,446,1.4387
61.0431,447,1.4419
61.0475,448,1.4452
61.0517,452,1.4581
61.0561,460,1.4839
61.0603,473,1.5258
61.0646,488,1.5742
61.0690,503,1.6226
61.0733,518,1.6710
61.0776,529,1.7065
61.0819,540,1.7419
61.0862,549,1.7710
61.0906,553,1.7839
61.0948,553,1.7839
61.0992,547,1.7645
61.1035,540,1.7419
61.1078,531,1.7129
61.1121,519,1.6742
61.1164,506,1.6323
61.1207,493,1.5903
61.1250,479,1.5452
61.1293,465,1.5000
61.1336,456,1.4710
61.1379,453,1.4613
61.1422,455,1.4677
61.1465,456,1.4710
61.1508,457,1.4742
61.1551,459,1.4806
61.1594,460,1.4839
61.1637,461,1.4871
61.1680,464,1.4968
61.1723,465,1.5000
61.1766,466,1.5032
61.1809,465,1.5000
61.1853,459,1.4806
61.1896,436,1.4065
61.1938,404,1.3032
61.1981,382,1.2323
61.2024,414,1.3355
61.2066,510,1.6452
61.2109,658,2.1226
61.2152,836,2.6968
61.2194,997,3.2161
61.2237,1001,3.2290
61.2280,999,3.2226
61.2323,978,3.1548
61.2366,805,2.5968
61.2409,588,1.8968
61.2453,436,1.4065
61.2497,371,1.1968
61.2539,359,1.1581
61.2582,378,1.2194
61.2625,410,1.3226
61.2668,431,1.3903
61.2711,438,1.4129
61.2754,440,1.4194
61.2796,441,1.4226
61.2839,442,1.4258
61.2882,443,1.4290
61.2925,444,1.4323
61.2968,446,1.4387
61.3011,448,1.4452
61.3053,450,1.4516
61.3096,450,1.4516
61.3139,451,1.4548
61.3182,452,1.4581
61.3224,454,1.4645
61.3267,457,1.4742
61.3310,458,1.4774
61.3353,464,1.4968
61.3396,475,1.5323
61.3440,489,1.5774
61.3482,503,1.6226
61.3525,517,1.6677
61.3568,531,1.7129
61.3611,544,1.7548
61.3654,559,1.8032
61.3697,572,1.8452
61.3739,583,1.8806
61.3782,594,1.9161
61.3826,603,1.9452
61.3869,611,1.9710
61.3912,618,1.9935
61.3955,624,2.0129
61.3998,627,2.0226
61.4042,628,2.0258
61.4085,630,2.0323
61.4128,629,2.0290
61.4172,627,2.0226
61.4216,621,2.0032
61.4260,613,1.9774
61.4304,607,1.9581
61.4347,596,1.9226
61.4390,588,1.8968
61.4433,577,1.8613
61.4476,565,1.8226
61.4519,552,1.7806
61.4562,539,1.7387
61.4605,524,1.6903
61.4648,510,1.6452
61.4691,497,1.6032
61.4734,483,1.5581
61.4777,470,1.5161
61.4820,456,1.4710
61.4862,444,1.4323
61.4905,434,1.4000
61.4948,429,1.3839
61.4991,429,1.3839
61.5033,430,1.3871
61.5076,433,1.3968
61.5119,437,1.4097
61.5162,437,1.4097
61.5204,438,1.4129
61.5247,439,1.4161
61.5289,441,1.4226
61.5332,442,1.4258
61.5375,444,1.4323
61.5418,445,1.4355
61.5461,446,1.4387
61.5503,449,1.4484
61.5546,456,1.4710
61.5589,467,1.5065
61.5631,482,1.5548
61.5674,498,1.6065
61.5716,511,1.6484
61.5759,524,1.6903
61.5802,537,1.7323
61.5846,545,1.7581
61.5889,551,1.7774
61.5932,552,1.7806
61.5975,550,1.7742
61.6018,544,1.7548
61.6061,535,1.7258
61.6104,523,1.6871
61.6147,510,1.6452
61.6190,497,1.6032
61.6233,483,1.5581
61.6276,469,1.5129
61.6319,458,1.4774
61.6362,453,1.4613
61.6405,453,1.4613
61.6448,454,1.4645
61.6492,456,1.4710
61.6536,459,1.4806
61.6579,461,1.4871
61.6623,463,1.4935
61.6666,463,1.4935
61.6710,464,1.4968
61.6754,464,1.4968
61.6798,465,1.5000
61.6841,462,1.4903
61.6884,445,1.4355
61.6927,413,1.3323
61.6971,386,1.2452
61.7015,403,1.3000
61.7058,487,1.5710
61.7101,629,2.0290
61.7145,809,2.6097
61.7189,989,3.1903
61.7234,1001,3.2290
61.7278,999,3.2226
61.7321,982,3.1677
61.7365,811,2.6161
61.7409,588,1.8968
61.7452,438,1.4129
61.7495,372,1.2000
61.7538,357,1.1516
61.7590,383,1.2355
61.7633,412,1.3290
61.7676,429,1.3839
61.7719,436,1.4065
61.7762,439,1.4161
61.7806,440,1.4194
61.7850,441,1.4226
61.7893,442,1.4258
61.7936,443,1.4290
61.7979,445,1.4355
61.8023,447,1.4419
61.8066,448,1.4452
61.8108,450,1.4516
61.8151,451,1.4548
61.8194,452,1.4581
61.8238,453,1.4613
61.8281,454,1.4645
61.8324,456,1.4710
61.8372,467,1.5065
61.8416,480,1.5484
61.8459,495,1.5968
61.8502,509,1.6419
61.8545,522,1.6839
61.8588,536,1.7290
61.8631,549,1.7710
61.8675,562,1.8129
61.8718,574,1.8516
61.8761,585,1.8871
61.8804,596,1.9226
61.8847,604,1.9484
61.8890,615,1.9839
61.8933,620,2.0000
61.8976,625,2.0161
61.9019,628,2.0258
61.9063,629,2.0290
61.9106,631,2.0355
61.9149,627,2.0226
61.9194,621,2.0032
61.9237,617,1.9903
61.9280,610,1.9677
61.9323,602,1.9419
61.9366,593,1.9129
61.9409,582,1.8774
61.9452,570,1.8387
61.9495,556,1.7935
61.9538,544,1.7548
61.9581,530,1.7097
61.9624,517,1.6677
61.9668,504,1.6258
61.9711,490,1.5806
61.9754,476,1.5355
61.9796,463,1.4935
61.9840,452,1.4581
61.9886,440,1.4194
61.9930,432,1.3935
61.9973,430,1.3871
62.0016,431,1.3903
62.0059,432,1.3935
62.0102,435,1.4032
62.0145,436,1.4065
62.0188,438,1.4129
62.0231,439,1.4161
62.0275,441,1.4226
62.0318,443,1.4290
62.0361,444,1.4323
62.0404,445,1.4355
62.0447,447,1.4419
62.0491,448,1.4452
62.0534,452,1.4581
62.0576,463,1.4935
62.0619,478,1.5419
62.0662,494,1.5935
62.0706,509,1.6419
62.0749,523,1.6871
62.0792,535,1.7258
62.0836,544,1.7548
62.0879,550,1.7742
62.0922,552,1.7806
62.0965,551,1.7774
62.1008,547,1.7645
62.1051,537,1.7323
62.1095,526,1.6968
62.1138,514,1.6581
62.1180,500,1.6129
62.1223,485,1.5645
62.1266,471,1.5194
62.1310,461,1.4871
62.1353,455,1.4677
62.1400,455,1.4677
62.1443,457,1.4742
62.1493,459,1.4806
62.1536,460,1.4839
62.1579,461,1.4871
62.1622,463,1.4935
62.1665,463,1.4935
62.1708,464,1.4968
62.1751,465,1.5000
62.1794,466,1.5032
62.1837,462,1.4903
62.1880,447,1.4419
62.1923,415,1.3387
62.1967,387,1.2484
62.2010,397,1.2806
62.2053,472,1.5226
62.2096,609,1.9645
62.2139,783,2.5258
62.2182,964,3.1097
62.2225,999,3.2226
62.2268,1001,3.2290
62.2311,994,3.2065
62.2354,867,2.7968
62.2397,644,2.0774
62.2440,470,1.5161
62.2483,381,1.2290
62.2527,359,1.1581
62.2570,371,1.1968
62.2613,401,1.2935
62.2656,424,1.3677
62.2699,435,1.4032
62.2742,440,1.4194
62.2786,441,1.4226
62.2829,442,1.4258
62.2872,443,1.4290
62.2921,445,1.4355
62.2964,446,1.4387
62.3007,447,1.4419
62.3050,447,1.4419
62.3093,450,1.4516
62.3138,452,1.4581
62.3182,453,1.4613
62.3226,454,1.4645
62.3270,455,1.4677
62.3313,457,1.4742
62.3357,464,1.4968
62.3400,476,1.5355
62.3443,489,1.5774
62.3486,503,1.6226
62.3529,517,1.6677
62.3573,531,1.7129
62.3616,544,1.7548
62.3658,557,1.7968
62.3702,570,1.8387
62.3745,583,1.8806
62.3788,595,1.9194
62.3831,605,1.9516
62.3874,613,1.9774
62.3917,620,2.0000
62.3961,624,2.0129
62.4004,626,2.0194
62.4047,629,2.0290
62.4089,630,2.0323
62.4132,630,2.0323
62.4176,627,2.0226
62.4219,623,2.0097
62.4262,616,1.9871
62.4305,608,1.9613
62.4353,599,1.9323
62.4396,588,1.8968
62.4439,576,1.8581
62.4482,563,1.8161
62.4525,550,1.7742
62.4569,537,1.7323
62.4612,522,1.6839
62.4654,507,1.6355
62.4697,492,1.5871
62.4740,480,1.5484
62.4784,468,1.5097
62.4827,455,1.4677
62.4870,442,1.4258
62.4913,431,1.3903
62.4956,428,1.3806
62.4999,428,1.3806
62.5042,429,1.3839
