time_s,adc_raw,voltage
0.0000,538,1.7355
0.0202,549,1.7710
0.0245,550,1.7742
0.0290,550,1.7742
0.0333,549,1.7710
0.0376,551,1.7774
0.0420,550,1.7742
0.0463,551,1.7774
0.0507,548,1.7677
0.0550,545,1.7581
0.0594,543,1.7516
0.0638,543,1.7516
0.0682,540,1.7419
0.0725,538,1.7355
0.0769,534,1.7226
0.0813,531,1.7129
0.0857,527,1.7000
0.0900,523,1.6871
0.0943,519,1.6742
0.0985,516,1.6645
0.1027,513,1.6548
0.1069,509,1.6419
0.1111,505,1.6290
0.1153,501,1.6161
0.1195,499,1.6097
0.1237,499,1.6097
0.1279,499,1.6097
0.1321,499,1.6097
0.1362,501,1.6161
0.1404,501,1.6161
0.1446,502,1.6194
0.1489,501,1.6161
0.1531,500,1.6129
0.1572,502,1.6194
0.1615,502,1.6194
0.1657,503,1.6226
0.1698,504,1.6258
0.1741,504,1.6258
0.1787,504,1.6258
0.1833,503,1.6226
0.1880,504,1.6258
0.1925,504,1.6258
0.1971,505,1.6290
0.2015,506,1.6323
0.2061,505,1.6290
0.2107,506,1.6323
0.2155,505,1.6290
0.2201,505,1.6290
0.2247,506,1.6323
0.2294,507,1.6355
0.2337,506,1.6323
0.2381,506,1.6323
0.2424,506,1.6323
0.2466,507,1.6355
0.2508,507,1.6355
0.2556,505,1.6290
0.2599,508,1.6387
0.2641,508,1.6387
0.2683,508,1.6387
0.2725,509,1.6419
0.2767,509,1.6419
0.2808,509,1.6419
0.2850,510,1.6452
0.2892,510,1.6452
0.2934,510,1.6452
0.2976,510,1.6452
0.3017,510,1.6452
0.3059,512,1.6516
0.3101,512,1.6516
0.3143,510,1.6452
0.3185,512,1.6516
0.3226,511,1.6484
0.3268,512,1.6516
0.3310,512,1.6516
0.3352,512,1.6516
0.3394,512,1.6516
0.3436,512,1.6516
0.3478,512,1.6516
0.3520,513,1.6548
0.3562,512,1.6516
0.3603,513,1.6548
0.3645,514,1.6581
0.3687,513,1.6548
0.3729,513,1.6548
0.3770,514,1.6581
0.3812,514,1.6581
0.3854,514,1.6581
0.3896,514,1.6581
0.3938,515,1.6613
0.3979,515,1.6613
0.4021,515,1.6613
0.4063,515,1.6613
0.4105,515,1.6613
0.4146,515,1.6613
0.4188,515,1.6613
0.4230,516,1.6645
0.4272,517,1.6677
0.4314,516,1.6645
0.4355,515,1.6613
0.4397,515,1.6613
0.4439,515,1.6613
0.4481,516,1.6645
0.4523,516,1.6645
0.4564,517,1.6677
0.4606,517,1.6677
0.4648,518,1.6710
0.4690,518,1.6710
0.4732,518,1.6710
0.4773,517,1.6677
0.4815,516,1.6645
0.4857,517,1.6677
0.4901,516,1.6645
0.4944,517,1.6677
0.4986,517,1.6677
0.5029,519,1.6742
0.5070,517,1.6677
0.5112,518,1.6710
0.5154,518,1.6710
0.5195,517,1.6677
0.5237,517,1.6677
0.5278,516,1.6645
0.5320,516,1.6645
0.5362,516,1.6645
0.5404,518,1.6710
0.5445,518,1.6710
0.5487,519,1.6742
0.5530,517,1.6677
0.5571,517,1.6677
0.5613,518,1.6710
0.5658,517,1.6677
0.5700,516,1.6645
0.5742,517,1.6677
0.5783,518,1.6710
0.5825,518,1.6710
0.5867,518,1.6710
0.5909,518,1.6710
0.5951,518,1.6710
0.5993,518,1.6710
0.6035,518,1.6710
0.6077,517,1.6677
0.6119,518,1.6710
0.6160,518,1.6710
0.6202,517,1.6677
0.6244,519,1.6742
0.6286,517,1.6677
0.6328,517,1.6677
0.6370,517,1.6677
0.6411,519,1.6742
0.6453,519,1.6742
0.6495,518,1.6710
0.6537,518,1.6710
0.6579,517,1.6677
0.6621,517,1.6677
0.6663,518,1.6710
0.6705,518,1.6710
0.6747,519,1.6742
0.6788,520,1.6774
0.6830,520,1.6774
0.6872,519,1.6742
0.6914,519,1.6742
0.6956,520,1.6774
0.6998,521,1.6806
0.7040,520,1.6774
0.7082,520,1.6774
0.7124,519,1.6742
0.7166,520,1.6774
0.7207,519,1.6742
0.7249,520,1.6774
0.7291,520,1.6774
0.7333,519,1.6742
0.7375,520,1.6774
0.7417,520,1.6774
0.7458,520,1.6774
0.7501,520,1.6774
0.7543,520,1.6774
0.7585,518,1.6710
0.7626,519,1.6742
0.7668,520,1.6774
0.7710,520,1.6774
0.7752,520,1.6774
0.7794,520,1.6774
0.7836,521,1.6806
0.7877,521,1.6806
0.7919,519,1.6742
0.7961,520,1.6774
0.8003,520,1.6774
0.8045,520,1.6774
0.8087,520,1.6774
0.8129,520,1.6774
0.8171,519,1.6742
0.8213,519,1.6742
0.8254,518,1.6710
0.8300,519,1.6742
0.8342,520,1.6774
0.8384,521,1.6806
0.8425,521,1.6806
0.8467,520,1.6774
0.8509,519,1.6742
0.8551,520,1.6774
0.8593,520,1.6774
0.8635,521,1.6806
0.8677,520,1.6774
0.8719,520,1.6774
0.8761,520,1.6774
0.8802,521,1.6806
0.8844,520,1.6774
0.8886,520,1.6774
0.8928,520,1.6774
0.8970,520,1.6774
0.9012,520,1.6774
0.9054,520,1.6774
0.9096,521,1.6806
0.9138,519,1.6742
0.9181,519,1.6742
0.9224,519,1.6742
0.9267,520,1.6774
0.9310,520,1.6774
0.9353,519,1.6742
0.9396,520,1.6774
0.9439,520,1.6774
0.9482,520,1.6774
0.9525,520,1.6774
0.9569,521,1.6806
0.9612,520,1.6774
0.9655,520,1.6774
0.9698,520,1.6774
0.9741,520,1.6774
0.9784,520,1.6774
0.9827,519,1.6742
0.9870,518,1.6710
0.9913,518,1.6710
0.9956,518,1.6710
1.0002,519,1.6742
1.0044,519,1.6742
1.0087,518,1.6710
1.0130,518,1.6710
1.0173,518,1.6710
1.0215,519,1.6742
1.0258,519,1.6742
1.0301,520,1.6774
1.0344,520,1.6774
1.0387,519,1.6742
1.0429,520,1.6774
1.0472,519,1.6742
1.0514,521,1.6806
1.0557,522,1.6839
1.0599,522,1.6839
1.0642,523,1.6871
1.0684,523,1.6871
1.0727,525,1.6935
1.0769,527,1.7000
1.0812,532,1.7161
1.0855,535,1.7258
1.0899,537,1.7323
1.0942,538,1.7355
1.0986,540,1.7419
1.1029,541,1.7452
1.1072,540,1.7419
1.1115,540,1.7419
1.1157,537,1.7323
1.1200,535,1.7258
1.1243,532,1.7161
1.1285,529,1.7065
1.1328,525,1.6935
1.1371,521,1.6806
1.1413,518,1.6710
1.1456,516,1.6645
1.1498,516,1.6645
1.1541,514,1.6581
1.1583,515,1.6613
1.1626,516,1.6645
1.1668,517,1.6677
1.1711,516,1.6645
1.1754,517,1.6677
1.1796,518,1.6710
1.1839,517,1.6677
1.1881,517,1.6677
1.1924,516,1.6645
1.1966,516,1.6645
1.2009,517,1.6677
1.2052,516,1.6645
1.2094,516,1.6645
1.2137,516,1.6645
1.2180,516,1.6645
1.2223,516,1.6645
1.2266,512,1.6516
1.2309,504,1.6258
1.2352,495,1.5968
1.2395,497,1.6032
1.2438,515,1.6613
1.2481,548,1.7677
1.2523,590,1.9032
1.2566,634,2.0452
1.2609,668,2.1548
1.2652,668,2.1548
1.2695,642,2.0710
1.2738,597,1.9258
1.2780,551,1.7774
1.2823,514,1.6581
1.2866,494,1.5935
1.2909,488,1.5742
1.2952,490,1.5806
1.2995,496,1.6000
1.3037,501,1.6161
1.3080,505,1.6290
1.3123,504,1.6258
1.3166,505,1.6290
1.3209,505,1.6290
1.3252,506,1.6323
1.3295,507,1.6355
1.3338,507,1.6355
1.3380,508,1.6387
1.3423,509,1.6419
1.3466,509,1.6419
1.3509,508,1.6387
1.3552,508,1.6387
1.3595,508,1.6387
1.3638,508,1.6387
1.3681,508,1.6387
1.3724,506,1.6323
1.3766,506,1.6323
1.3809,506,1.6323
1.3852,507,1.6355
1.3896,507,1.6355
1.3940,507,1.6355
1.3987,507,1.6355
1.4030,508,1.6387
1.4074,508,1.6387
1.4118,508,1.6387
1.4161,509,1.6419
1.4204,509,1.6419
1.4248,509,1.6419
1.4291,509,1.6419
1.4334,509,1.6419
1.4377,510,1.6452
1.4419,510,1.6452
1.4462,509,1.6419
1.4506,511,1.6484
1.4549,510,1.6452
1.4592,511,1.6484
1.4635,511,1.6484
1.4677,514,1.6581
1.4721,518,1.6710
1.4763,522,1.6839
1.4806,525,1.6935
1.4849,529,1.7065
1.4892,531,1.7129
1.4935,534,1.7226
1.4978,537,1.7323
1.5021,541,1.7452
1.5064,543,1.7516
1.5107,545,1.7581
1.5150,545,1.7581
1.5193,548,1.7677
1.5237,547,1.7645
1.5280,548,1.7677
1.5323,549,1.7710
1.5366,550,1.7742
1.5410,551,1.7774
1.5453,550,1.7742
1.5496,549,1.7710
1.5540,546,1.7613
1.5583,545,1.7581
1.5626,543,1.7516
1.5670,541,1.7452
1.5713,537,1.7323
1.5756,534,1.7226
1.5800,530,1.7097
1.5843,526,1.6968
1.5887,522,1.6839
1.5930,519,1.6742
1.5973,515,1.6613
1.6017,512,1.6516
1.6060,509,1.6419
1.6103,507,1.6355
1.6147,504,1.6258
1.6190,500,1.6129
1.6233,500,1.6129
1.6276,499,1.6097
1.6319,500,1.6129
1.6362,500,1.6129
1.6405,501,1.6161
1.6448,500,1.6129
1.6491,501,1.6161
1.6534,502,1.6194
1.6577,503,1.6226
1.6620,502,1.6194
1.6663,502,1.6194
1.6706,503,1.6226
1.6749,503,1.6226
1.6792,502,1.6194
1.6835,504,1.6258
1.6877,504,1.6258
1.6920,504,1.6258
1.6963,504,1.6258
1.7006,504,1.6258
1.7049,504,1.6258
1.7092,504,1.6258
1.7135,504,1.6258
1.7178,505,1.6290
1.7221,503,1.6226
1.7266,504,1.6258
1.7309,505,1.6290
1.7352,505,1.6290
1.7396,506,1.6323
1.7439,507,1.6355
1.7482,508,1.6387
1.7525,507,1.6355
1.7569,508,1.6387
1.7612,509,1.6419
1.7656,509,1.6419
1.7699,509,1.6419
1.7743,509,1.6419
1.7786,509,1.6419
1.7829,509,1.6419
1.7873,508,1.6387
1.7916,509,1.6419
1.7959,509,1.6419
1.8003,512,1.6516
1.8046,510,1.6452
1.8089,510,1.6452
1.8132,510,1.6452
1.8176,509,1.6419
1.8219,510,1.6452
1.8262,510,1.6452
1.8306,509,1.6419
1.8349,510,1.6452
1.8391,510,1.6452
1.8435,511,1.6484
1.8477,511,1.6484
1.8524,512,1.6516
1.8568,512,1.6516
1.8611,512,1.6516
1.8654,511,1.6484
1.8697,511,1.6484
1.8740,513,1.6548
1.8783,513,1.6548
1.8826,514,1.6581
1.8868,514,1.6581
1.8911,515,1.6613
1.8954,515,1.6613
1.8997,514,1.6581
1.9040,515,1.6613
1.9083,515,1.6613
1.9126,515,1.6613
1.9169,515,1.6613
1.9212,514,1.6581
1.9255,514,1.6581
1.9299,513,1.6548
1.9342,514,1.6581
1.9385,514,1.6581
1.9429,515,1.6613
1.9472,515,1.6613
1.9515,515,1.6613
1.9559,515,1.6613
1.9602,517,1.6677
1.9646,516,1.6645
1.9689,516,1.6645
1.9732,516,1.6645
1.9775,516,1.6645
1.9819,517,1.6677
1.9863,517,1.6677
1.9907,515,1.6613
1.9951,515,1.6613
1.9995,517,1.6677
2.0038,518,1.6710
2.0082,517,1.6677
2.0125,517,1.6677
2.0168,517,1.6677
2.0212,517,1.6677
2.0255,517,1.6677
2.0299,516,1.6645
2.0344,516,1.6645
2.0387,517,1.6677
2.0430,517,1.6677
2.0473,519,1.6742
2.0516,518,1.6710
2.0559,519,1.6742
2.0602,519,1.6742
2.0645,518,1.6710
2.0688,517,1.6677
2.0731,517,1.6677
2.0774,518,1.6710
2.0817,518,1.6710
2.0860,519,1.6742
2.0903,517,1.6677
2.0946,518,1.6710
2.0988,518,1.6710
2.1031,519,1.6742
2.1074,518,1.6710
2.1117,519,1.6742
2.1160,518,1.6710
2.1203,518,1.6710
2.1246,519,1.6742
2.1289,518,1.6710
2.1332,519,1.6742
2.1375,519,1.6742
2.1418,519,1.6742
2.1461,520,1.6774
2.1504,518,1.6710
2.1547,518,1.6710
2.1590,519,1.6742
2.1633,519,1.6742
2.1676,519,1.6742
2.1719,519,1.6742
2.1762,519,1.6742
2.1805,519,1.6742
2.1847,519,1.6742
2.1890,518,1.6710
2.1933,518,1.6710
2.1976,519,1.6742
2.2019,519,1.6742
2.2062,519,1.6742
2.2105,518,1.6710
2.2148,517,1.6677
2.2191,518,1.6710
2.2234,518,1.6710
2.2277,520,1.6774
2.2321,520,1.6774
2.2364,519,1.6742
2.2407,519,1.6742
2.2450,519,1.6742
2.2494,519,1.6742
2.2537,520,1.6774
2.2581,520,1.6774
2.2624,520,1.6774
2.2667,519,1.6742
2.2710,520,1.6774
2.2754,519,1.6742
2.2797,519,1.6742
2.2840,519,1.6742
2.2884,518,1.6710
2.2928,519,1.6742
2.2972,518,1.6710
2.3016,519,1.6742
2.3059,519,1.6742
2.3103,519,1.6742
2.3146,520,1.6774
2.3190,519,1.6742
2.3233,520,1.6774
2.3276,519,1.6742
2.3319,519,1.6742
2.3363,520,1.6774
2.3406,520,1.6774
2.3449,520,1.6774
2.3491,519,1.6742
2.3534,519,1.6742
2.3577,518,1.6710
2.3620,520,1.6774
2.3664,519,1.6742
2.3707,518,1.6710
2.3750,519,1.6742
2.3793,520,1.6774
2.3836,519,1.6742
2.3879,519,1.6742
2.3922,517,1.6677
2.3965,518,1.6710
2.4008,518,1.6710
2.4050,519,1.6742
2.4093,519,1.6742
2.4136,519,1.6742
2.4179,519,1.6742
2.4222,518,1.6710
2.4265,519,1.6742
2.4308,518,1.6710
2.4351,518,1.6710
2.4394,518,1.6710
2.4437,520,1.6774
2.4480,519,1.6742
2.4523,520,1.6774
2.4566,520,1.6774
2.4609,519,1.6742
2.4652,519,1.6742
2.4695,519,1.6742
2.4738,521,1.6806
2.4781,520,1.6774
2.4824,519,1.6742
2.4866,520,1.6774
2.4909,519,1.6742
2.4952,520,1.6774
2.4995,520,1.6774
2.5038,521,1.6806
2.5081,522,1.6839
2.5124,520,1.6774
2.5167,521,1.6806
2.5210,520,1.6774
2.5253,521,1.6806
2.5296,520,1.6774
2.5340,520,1.6774
2.5383,519,1.6742
2.5426,520,1.6774
2.5469,520,1.6774
2.5513,519,1.6742
2.5556,520,1.6774
2.5599,521,1.6806
2.5643,522,1.6839
2.5686,523,1.6871
2.5729,525,1.6935
2.5771,528,1.7032
2.5814,532,1.7161
2.5857,534,1.7226
2.5900,536,1.7290
2.5943,538,1.7355
2.5986,540,1.7419
2.6029,541,1.7452
2.6071,542,1.7484
2.6114,541,1.7452
2.6157,539,1.7387
2.6200,536,1.7290
2.6243,533,1.7194
2.6286,530,1.7097
2.6329,525,1.6935
2.6372,520,1.6774
2.6415,517,1.6677
2.6458,516,1.6645
2.6501,515,1.6613
2.6544,516,1.6645
2.6587,517,1.6677
2.6630,518,1.6710
2.6673,517,1.6677
2.6716,516,1.6645
2.6759,515,1.6613
2.6802,517,1.6677
2.6845,517,1.6677
2.6888,517,1.6677
2.6931,516,1.6645
2.6974,515,1.6613
2.7017,515,1.6613
2.7060,515,1.6613
2.7103,516,1.6645
2.7145,516,1.6645
2.7188,516,1.6645
2.7231,515,1.6613
2.7274,510,1.6452
2.7317,502,1.6194
2.7360,494,1.5935
2.7403,500,1.6129
2.7446,521,1.6806
2.7489,554,1.7871
2.7531,598,1.9290
2.7574,642,2.0710
2.7617,668,2.1548
2.7660,663,2.1387
2.7703,632,2.0387
2.7746,588,1.8968
2.7789,542,1.7484
2.7832,510,1.6452
2.7875,493,1.5903
2.7918,487,1.5710
2.7960,489,1.5774
2.8003,496,1.6000
2.8046,502,1.6194
2.8089,503,1.6226
2.8132,504,1.6258
2.8175,504,1.6258
2.8218,504,1.6258
2.8261,505,1.6290
2.8304,506,1.6323
2.8346,506,1.6323
2.8389,505,1.6290
2.8432,506,1.6323
2.8475,504,1.6258
2.8518,506,1.6323
2.8561,506,1.6323
2.8604,507,1.6355
2.8647,508,1.6387
2.8690,507,1.6355
2.8733,508,1.6387
2.8775,507,1.6355
2.8818,508,1.6387
2.8861,509,1.6419
2.8906,509,1.6419
2.8951,511,1.6484
2.8996,509,1.6419
2.9039,510,1.6452
2.9082,511,1.6484
2.9126,509,1.6419
2.9169,509,1.6419
2.9213,509,1.6419
2.9256,510,1.6452
2.9307,510,1.6452
2.9351,509,1.6419
2.9394,509,1.6419
2.9438,510,1.6452
2.9482,512,1.6516
2.9525,512,1.6516
2.9568,512,1.6516
2.9611,511,1.6484
2.9654,513,1.6548
2.9697,516,1.6645
2.9742,518,1.6710
2.9787,523,1.6871
2.9830,526,1.6968
2.9872,528,1.7032
2.9916,531,1.7129
2.9959,535,1.7258
3.0002,537,1.7323
3.0045,541,1.7452
3.0088,542,1.7484
3.0131,544,1.7548
3.0174,546,1.7613
3.0217,547,1.7645
3.0261,548,1.7677
3.0304,548,1.7677
3.0347,549,1.7710
3.0390,550,1.7742
3.0433,551,1.7774
3.0476,549,1.7710
3.0519,547,1.7645
3.0562,545,1.7581
3.0605,543,1.7516
3.0648,540,1.7419
3.0694,539,1.7387
3.0737,536,1.7290
3.0780,531,1.7129
3.0823,527,1.7000
3.0866,523,1.6871
3.0909,520,1.6774
3.0952,517,1.6677
3.0995,513,1.6548
3.1038,510,1.6452
3.1081,508,1.6387
3.1124,504,1.6258
3.1167,501,1.6161
3.1210,501,1.6161
3.1254,500,1.6129
3.1297,500,1.6129
3.1340,499,1.6097
3.1383,500,1.6129
3.1426,501,1.6161
3.1469,502,1.6194
3.1512,502,1.6194
3.1555,503,1.6226
3.1598,503,1.6226
3.1641,503,1.6226
3.1684,504,1.6258
3.1729,503,1.6226
3.1773,503,1.6226
3.1816,505,1.6290
3.1859,504,1.6258
3.1903,505,1.6290
3.1947,499,1.6097
3.1991,506,1.6323
3.2035,505,1.6290
3.2077,506,1.6323
3.2120,505,1.6290
3.2163,506,1.6323
3.2207,506,1.6323
3.2250,507,1.6355
3.2293,507,1.6355
3.2336,506,1.6323
3.2379,507,1.6355
3.2422,508,1.6387
3.2465,508,1.6387
3.2509,510,1.6452
3.2555,508,1.6387
3.2599,509,1.6419
3.2642,509,1.6419
3.2685,509,1.6419
3.2728,510,1.6452
3.2771,510,1.6452
3.2815,510,1.6452
3.2858,510,1.6452
3.2901,510,1.6452
3.2944,509,1.6419
3.2987,510,1.6452
3.3031,510,1.6452
3.3073,510,1.6452
3.3116,511,1.6484
3.3159,511,1.6484
3.3202,511,1.6484
3.3246,510,1.6452
3.3289,511,1.6484
3.3332,512,1.6516
3.3375,513,1.6548
3.3418,512,1.6516
3.3461,512,1.6516
3.3504,512,1.6516
3.3547,511,1.6484
3.3590,511,1.6484
3.3634,511,1.6484
3.3676,513,1.6548
3.3719,513,1.6548
3.3763,512,1.6516
3.3806,513,1.6548
3.3849,513,1.6548
3.3892,513,1.6548
3.3935,513,1.6548
3.3977,513,1.6548
3.4021,513,1.6548
3.4064,513,1.6548
3.4107,514,1.6581
3.4150,514,1.6581
3.4193,515,1.6613
3.4236,516,1.6645
3.4279,516,1.6645
3.4322,515,1.6613
3.4365,515,1.6613
3.4408,515,1.6613
3.4451,516,1.6645
3.4494,516,1.6645
3.4537,515,1.6613
3.4580,516,1.6645
3.4623,517,1.6677
3.4667,516,1.6645
3.4710,517,1.6677
3.4752,517,1.6677
3.4796,517,1.6677
3.4844,517,1.6677
3.4887,516,1.6645
3.4929,518,1.6710
3.4972,518,1.6710
3.5015,518,1.6710
3.5057,519,1.6742
3.5100,517,1.6677
3.5143,516,1.6645
3.5186,516,1.6645
3.5228,517,1.6677
3.5271,517,1.6677
3.5314,518,1.6710
3.5356,518,1.6710
3.5399,520,1.6774
3.5442,518,1.6710
3.5484,518,1.6710
3.5527,517,1.6677
3.5570,517,1.6677
3.5612,518,1.6710
3.5655,518,1.6710
3.5698,519,1.6742
3.5741,518,1.6710
3.5783,518,1.6710
3.5827,518,1.6710
3.5869,517,1.6677
3.5912,517,1.6677
3.5955,516,1.6645
3.5998,516,1.6645
3.6041,517,1.6677
3.6084,517,1.6677
3.6127,517,1.6677
3.6169,517,1.6677
3.6212,517,1.6677
3.6256,517,1.6677
3.6298,517,1.6677
3.6342,518,1.6710
3.6384,519,1.6742
3.6427,520,1.6774
3.6470,520,1.6774
3.6513,520,1.6774
3.6556,519,1.6742
3.6599,520,1.6774
3.6642,521,1.6806
3.6685,521,1.6806
3.6728,521,1.6806
3.6771,520,1.6774
3.6813,519,1.6742
3.6856,517,1.6677
3.6899,517,1.6677
3.6943,517,1.6677
3.6985,518,1.6710
3.7028,518,1.6710
3.7071,518,1.6710
3.7114,519,1.6742
3.7161,519,1.6742
3.7204,518,1.6710
3.7247,517,1.6677
3.7290,517,1.6677
3.7333,518,1.6710
3.7376,517,1.6677
3.7419,517,1.6677
3.7462,518,1.6710
3.7505,517,1.6677
3.7547,517,1.6677
3.7590,517,1.6677
3.7633,517,1.6677
3.7676,517,1.6677
3.7719,516,1.6645
3.7762,517,1.6677
3.7805,516,1.6645
3.7848,516,1.6645
3.7891,517,1.6677
3.7935,517,1.6677
3.7979,523,1.6871
3.8023,517,1.6677
3.8066,518,1.6710
3.8108,518,1.6710
3.8151,520,1.6774
3.8194,520,1.6774
3.8238,520,1.6774
3.8281,521,1.6806
3.8324,519,1.6742
3.8367,519,1.6742
3.8410,520,1.6774
3.8453,521,1.6806
3.8496,521,1.6806
3.8539,521,1.6806
3.8582,522,1.6839
3.8625,521,1.6806
3.8669,521,1.6806
3.8712,521,1.6806
3.8755,522,1.6839
3.8797,521,1.6806
3.8840,520,1.6774
3.8882,520,1.6774
3.8925,518,1.6710
3.8968,519,1.6742
3.9011,520,1.6774
3.9053,521,1.6806
3.9096,521,1.6806
3.9138,520,1.6774
3.9181,519,1.6742
3.9223,520,1.6774
3.9266,521,1.6806
3.9309,520,1.6774
3.9351,520,1.6774
3.9394,520,1.6774
3.9437,519,1.6742
3.9479,518,1.6710
3.9522,520,1.6774
3.9565,520,1.6774
3.9607,521,1.6806
3.9650,521,1.6806
3.9693,521,1.6806
3.9736,521,1.6806
3.9779,521,1.6806
3.9822,522,1.6839
3.9865,521,1.6806
3.9908,521,1.6806
3.9951,522,1.6839
3.9994,521,1.6806
4.0037,520,1.6774
4.0079,521,1.6806
4.0122,520,1.6774
4.0165,521,1.6806
4.0208,520,1.6774
4.0251,520,1.6774
4.0294,520,1.6774
4.0336,519,1.6742
4.0379,520,1.6774
4.0422,520,1.6774
4.0465,520,1.6774
4.0508,520,1.6774
4.0551,519,1.6742
4.0594,520,1.6774
4.0637,520,1.6774
4.0680,521,1.6806
4.0723,524,1.6903
4.0766,528,1.7032
4.0809,532,1.7161
4.0852,536,1.7290
4.0896,538,1.7355
4.0941,540,1.7419
4.0985,542,1.7484
4.1029,542,1.7484
4.1071,542,1.7484
4.1114,541,1.7452
4.1158,540,1.7419
4.1201,537,1.7323
4.1244,535,1.7258
4.1287,531,1.7129
4.1330,527,1.7000
4.1373,522,1.6839
4.1416,519,1.6742
4.1459,517,1.6677
4.1502,516,1.6645
4.1545,515,1.6613
4.1588,516,1.6645
4.1631,516,1.6645
4.1673,516,1.6645
4.1716,517,1.6677
4.1760,515,1.6613
4.1803,516,1.6645
4.1846,515,1.6613
4.1889,515,1.6613
4.1931,517,1.6677
4.1974,516,1.6645
4.2017,516,1.6645
4.2059,514,1.6581
4.2102,516,1.6645
4.2144,516,1.6645
4.2187,516,1.6645
4.2230,514,1.6581
4.2272,510,1.6452
4.2315,502,1.6194
4.2358,497,1.6032
4.2400,501,1.6161
4.2443,520,1.6774
4.2486,553,1.7839
4.2529,595,1.9194
4.2571,641,2.0677
4.2614,667,2.1516
4.2657,665,2.1452
4.2699,638,2.0581
4.2742,592,1.9097
4.2786,546,1.7613
4.2828,511,1.6484
4.2872,494,1.5935
4.2915,488,1.5742
4.2957,491,1.5839
4.3000,498,1.6065
4.3044,502,1.6194
4.3087,505,1.6290
4.3130,505,1.6290
4.3172,505,1.6290
4.3215,506,1.6323
4.3264,505,1.6290
4.3307,504,1.6258
4.3350,505,1.6290
4.3393,506,1.6323
4.3436,506,1.6323
4.3479,506,1.6323
4.3522,505,1.6290
4.3565,505,1.6290
4.3608,506,1.6323
4.3651,506,1.6323
4.3694,506,1.6323
4.3736,507,1.6355
4.3779,506,1.6323
4.3822,507,1.6355
4.3865,508,1.6387
4.3908,508,1.6387
4.3950,508,1.6387
4.3993,509,1.6419
4.4036,509,1.6419
4.4079,510,1.6452
4.4122,509,1.6419
4.4165,509,1.6419
4.4208,510,1.6452
4.4251,509,1.6419
4.4294,509,1.6419
4.4337,510,1.6452
4.4380,511,1.6484
4.4423,512,1.6516
4.4466,512,1.6516
4.4509,512,1.6516
4.4552,511,1.6484
4.4595,513,1.6548
4.4638,514,1.6581
4.4680,516,1.6645
4.4724,519,1.6742
4.4767,521,1.6806
4.4809,523,1.6871
4.4853,527,1.7000
4.4896,529,1.7065
4.4939,533,1.7194
4.4983,535,1.7258
4.5026,539,1.7387
4.5069,542,1.7484
4.5113,544,1.7548
4.5156,545,1.7581
4.5199,548,1.7677
4.5243,548,1.7677
4.5286,549,1.7710
4.5330,549,1.7710
4.5373,549,1.7710
4.5416,550,1.7742
4.5460,548,1.7677
4.5503,548,1.7677
4.5547,546,1.7613
4.5590,543,1.7516
4.5633,540,1.7419
4.5676,539,1.7387
4.5720,537,1.7323
4.5763,534,1.7226
4.5808,531,1.7129
4.5851,527,1.7000
4.5895,522,1.6839
4.5938,518,1.6710
4.5981,516,1.6645
4.6024,514,1.6581
4.6066,510,1.6452
4.6109,506,1.6323
4.6152,503,1.6226
4.6195,499,1.6097
4.6238,498,1.6065
4.6281,500,1.6129
4.6325,500,1.6129
4.6368,498,1.6065
4.6411,500,1.6129
4.6454,501,1.6161
4.6497,501,1.6161
4.6540,501,1.6161
4.6583,500,1.6129
4.6625,501,1.6161
4.6668,503,1.6226
4.6711,503,1.6226
4.6754,502,1.6194
4.6797,502,1.6194
4.6840,505,1.6290
4.6883,505,1.6290
4.6928,504,1.6258
4.6972,504,1.6258
4.7016,505,1.6290
4.7059,505,1.6290
4.7102,506,1.6323
4.7145,506,1.6323
4.7188,506,1.6323
4.7231,506,1.6323
4.7274,506,1.6323
4.7317,506,1.6323
4.7361,506,1.6323
4.7404,506,1.6323
4.7447,507,1.6355
4.7490,507,1.6355
4.7533,509,1.6419
4.7576,508,1.6387
4.7619,508,1.6387
4.7662,508,1.6387
4.7705,509,1.6419
4.7747,508,1.6387
4.7791,508,1.6387
4.7833,509,1.6419
4.7877,508,1.6387
4.7919,509,1.6419
4.7962,510,1.6452
4.8005,511,1.6484
4.8048,511,1.6484
4.8091,510,1.6452
4.8134,512,1.6516
4.8177,512,1.6516
4.8220,512,1.6516
4.8263,511,1.6484
4.8306,511,1.6484
4.8349,510,1.6452
4.8392,511,1.6484
4.8435,509,1.6419
4.8478,511,1.6484
4.8521,511,1.6484
4.8564,512,1.6516
4.8607,512,1.6516
4.8650,511,1.6484
4.8692,512,1.6516
4.8736,512,1.6516
4.8779,512,1.6516
4.8822,512,1.6516
4.8865,513,1.6548
4.8908,513,1.6548
4.8951,515,1.6613
4.8994,514,1.6581
4.9037,514,1.6581
4.9080,515,1.6613
4.9123,514,1.6581
4.9166,515,1.6613
4.9209,516,1.6645
4.9252,516,1.6645
4.9295,516,1.6645
4.9337,515,1.6613
4.9380,515,1.6613
4.9424,515,1.6613
4.9466,515,1.6613
4.9509,516,1.6645
4.9552,515,1.6613
4.9595,516,1.6645
4.9638,516,1.6645
4.9681,516,1.6645
4.9724,515,1.6613
4.9767,515,1.6613
4.9810,515,1.6613
4.9853,514,1.6581
4.9896,515,1.6613
4.9941,516,1.6645
4.9985,516,1.6645
5.0028,517,1.6677
5.0081,518,1.6710
5.0126,518,1.6710
5.0171,517,1.6677
5.0216,520,1.6774
5.0261,518,1.6710
5.0307,520,1.6774
5.0351,518,1.6710
5.0394,519,1.6742
5.0437,518,1.6710
5.0480,519,1.6742
5.0523,518,1.6710
5.0566,518,1.6710
5.0609,516,1.6645
5.0652,517,1.6677
5.0695,516,1.6645
5.0738,518,1.6710
5.0781,517,1.6677
5.0824,517,1.6677
5.0867,519,1.6742
5.0910,519,1.6742
5.0953,520,1.6774
5.0996,519,1.6742
5.1039,519,1.6742
5.1082,518,1.6710
5.1125,518,1.6710
5.1168,519,1.6742
5.1211,519,1.6742
5.1254,519,1.6742
5.1297,519,1.6742
5.1339,519,1.6742
5.1382,519,1.6742
5.1425,519,1.6742
5.1469,519,1.6742
5.1512,519,1.6742
5.1555,518,1.6710
5.1597,518,1.6710
5.1640,518,1.6710
5.1683,517,1.6677
5.1726,518,1.6710
5.1769,517,1.6677
5.1812,519,1.6742
5.1855,519,1.6742
5.1898,520,1.6774
5.1941,519,1.6742
5.1984,519,1.6742
5.2027,520,1.6774
5.2070,520,1.6774
5.2113,519,1.6742
5.2156,519,1.6742
5.2199,518,1.6710
5.2242,519,1.6742
5.2285,520,1.6774
5.2328,519,1.6742
5.2371,519,1.6742
5.2414,519,1.6742
5.2458,518,1.6710
5.2501,519,1.6742
5.2544,519,1.6742
5.2587,518,1.6710
5.2630,519,1.6742
5.2673,519,1.6742
5.2716,519,1.6742
5.2759,520,1.6774
5.2802,520,1.6774
5.2845,520,1.6774
5.2888,520,1.6774
5.2931,520,1.6774
5.2974,520,1.6774
5.3017,520,1.6774
5.3060,520,1.6774
5.3103,519,1.6742
5.3146,521,1.6806
5.3189,520,1.6774
5.3232,519,1.6742
5.3275,519,1.6742
5.3318,519,1.6742
5.3360,519,1.6742
5.3404,520,1.6774
5.3447,519,1.6742
5.3490,518,1.6710
5.3533,518,1.6710
5.3576,519,1.6742
5.3619,519,1.6742
5.3662,518,1.6710
5.3705,518,1.6710
5.3748,519,1.6742
5.3791,519,1.6742
5.3833,519,1.6742
5.3876,519,1.6742
5.3920,518,1.6710
5.3963,518,1.6710
5.4007,520,1.6774
5.4050,521,1.6806
5.4093,520,1.6774
5.4137,521,1.6806
5.4180,521,1.6806
5.4223,521,1.6806
5.4266,521,1.6806
5.4310,521,1.6806
5.4353,521,1.6806
5.4396,520,1.6774
5.4440,520,1.6774
5.4483,519,1.6742
5.4527,520,1.6774
5.4570,518,1.6710
5.4613,519,1.6742
5.4657,519,1.6742
5.4701,519,1.6742
5.4744,519,1.6742
5.4788,518,1.6710
5.4831,518,1.6710
5.4874,518,1.6710
5.4918,519,1.6742
5.4961,520,1.6774
5.5004,519,1.6742
5.5046,520,1.6774
5.5089,521,1.6806
5.5132,521,1.6806
5.5175,521,1.6806
5.5218,521,1.6806
5.5261,521,1.6806
5.5304,519,1.6742
5.5347,520,1.6774
5.5390,520,1.6774
5.5433,519,1.6742
5.5476,520,1.6774
5.5520,521,1.6806
5.5563,519,1.6742
5.5606,519,1.6742
5.5648,520,1.6774
5.5691,521,1.6806
5.5734,523,1.6871
5.5781,527,1.7000
5.5824,532,1.7161
5.5867,535,1.7258
5.5911,536,1.7290
5.5957,536,1.7290
5.6001,539,1.7387
5.6044,540,1.7419
5.6087,538,1.7355
5.6130,536,1.7290
5.6173,535,1.7258
5.6216,532,1.7161
5.6259,531,1.7129
5.6302,527,1.7000
5.6346,523,1.6871
5.6391,519,1.6742
5.6435,516,1.6645
5.6477,515,1.6613
5.6520,515,1.6613
5.6564,515,1.6613
5.6607,516,1.6645
5.6649,516,1.6645
5.6692,516,1.6645
5.6735,516,1.6645
5.6778,516,1.6645
5.6821,516,1.6645
5.6865,515,1.6613
5.6908,516,1.6645
5.6951,516,1.6645
5.6994,516,1.6645
5.7037,516,1.6645
5.7080,517,1.6677
5.7123,517,1.6677
5.7166,518,1.6710
5.7209,516,1.6645
5.7252,513,1.6548
5.7294,507,1.6355
5.7337,498,1.6065
5.7380,497,1.6032
5.7423,512,1.6516
5.7466,539,1.7387
5.7509,578,1.8645
5.7552,623,2.0097
5.7596,661,2.1323
5.7638,670,2.1613
5.7681,652,2.1032
5.7725,612,1.9742
5.7767,564,1.8194
5.7810,525,1.6935
5.7853,500,1.6129
5.7896,489,1.5774
5.7940,488,1.5742
5.7983,495,1.5968
5.8026,502,1.6194
5.8069,505,1.6290
5.8112,506,1.6323
5.8154,506,1.6323
5.8197,506,1.6323
5.8240,507,1.6355
5.8283,507,1.6355
5.8326,507,1.6355
5.8369,507,1.6355
5.8412,507,1.6355
5.8455,508,1.6387
5.8498,509,1.6419
5.8541,509,1.6419
5.8585,508,1.6387
5.8628,508,1.6387
5.8671,508,1.6387
5.8714,509,1.6419
5.8756,509,1.6419
5.8799,508,1.6387
5.8843,509,1.6419
5.8886,510,1.6452
5.8930,510,1.6452
5.8974,510,1.6452
5.9018,509,1.6419
5.9061,511,1.6484
5.9104,511,1.6484
5.9147,512,1.6516
5.9190,512,1.6516
5.9233,511,1.6484
5.9276,511,1.6484
5.9319,512,1.6516
5.9361,511,1.6484
5.9404,511,1.6484
5.9447,512,1.6516
5.9491,513,1.6548
5.9534,512,1.6516
5.9577,512,1.6516
5.9620,513,1.6548
5.9663,514,1.6581
5.9706,517,1.6677
5.9749,521,1.6806
5.9792,524,1.6903
5.9835,528,1.7032
5.9878,531,1.7129
5.9921,533,1.7194
5.9963,536,1.7290
6.0006,538,1.7355
6.0049,543,1.7516
6.0092,544,1.7548
6.0135,546,1.7613
6.0178,547,1.7645
6.0221,549,1.7710
6.0264,549,1.7710
6.0307,550,1.7742
6.0350,550,1.7742
6.0393,550,1.7742
6.0436,550,1.7742
6.0479,548,1.7677
6.0522,546,1.7613
6.0565,544,1.7548
6.0607,543,1.7516
6.0651,542,1.7484
6.0693,538,1.7355
6.0736,536,1.7290
6.0779,530,1.7097
6.0822,528,1.7032
6.0865,524,1.6903
6.0908,522,1.6839
6.0951,519,1.6742
6.0994,515,1.6613
6.1038,512,1.6516
6.1081,509,1.6419
6.1124,506,1.6323
6.1168,503,1.6226
6.1211,502,1.6194
6.1254,502,1.6194
6.1297,502,1.6194
6.1341,503,1.6226
6.1384,502,1.6194
6.1427,502,1.6194
6.1471,502,1.6194
6.1514,502,1.6194
6.1557,504,1.6258
6.1601,505,1.6290
6.1644,504,1.6258
6.1687,505,1.6290
6.1731,504,1.6258
6.1774,505,1.6290
6.1817,505,1.6290
6.1860,505,1.6290
6.1904,505,1.6290
6.1947,506,1.6323
6.1990,506,1.6323
6.2033,508,1.6387
6.2076,507,1.6355
6.2119,507,1.6355
6.2162,506,1.6323
6.2205,507,1.6355
6.2248,506,1.6323
6.2291,507,1.6355
6.2334,507,1.6355
6.2376,507,1.6355
6.2419,507,1.6355
6.2462,507,1.6355
6.2506,508,1.6387
6.2548,508,1.6387
6.2591,508,1.6387
6.2634,509,1.6419
6.2677,508,1.6387
6.2720,508,1.6387
6.2763,510,1.6452
6.2806,510,1.6452
6.2849,510,1.6452
6.2892,510,1.6452
6.2936,510,1.6452
6.2979,510,1.6452
6.3022,511,1.6484
6.3065,512,1.6516
6.3109,512,1.6516
6.3152,511,1.6484
6.3195,511,1.6484
6.3239,511,1.6484
6.3282,512,1.6516
6.3325,512,1.6516
6.3369,512,1.6516
6.3412,513,1.6548
6.3455,513,1.6548
6.3499,514,1.6581
6.3543,515,1.6613
6.3586,513,1.6548
6.3629,513,1.6548
6.3673,512,1.6516
6.3716,512,1.6516
6.3759,512,1.6516
6.3802,512,1.6516
6.3846,513,1.6548
6.3889,513,1.6548
6.3932,512,1.6516
6.3976,513,1.6548
6.4019,514,1.6581
6.4062,513,1.6548
6.4105,514,1.6581
6.4148,514,1.6581
6.4191,514,1.6581
6.4233,515,1.6613
6.4276,514,1.6581
6.4319,515,1.6613
6.4362,515,1.6613
6.4405,514,1.6581
6.4448,515,1.6613
6.4491,516,1.6645
6.4534,517,1.6677
6.4577,516,1.6645
6.4620,516,1.6645
6.4663,515,1.6613
6.4706,516,1.6645
6.4749,514,1.6581
6.4792,515,1.6613
6.4835,515,1.6613
6.4878,514,1.6581
6.4922,516,1.6645
6.4966,516,1.6645
6.5011,516,1.6645
6.5054,517,1.6677
6.5097,515,1.6613
6.5140,515,1.6613
6.5184,516,1.6645
6.5227,516,1.6645
6.5270,517,1.6677
6.5313,516,1.6645
6.5357,516,1.6645
6.5400,516,1.6645
6.5444,517,1.6677
6.5487,518,1.6710
6.5531,518,1.6710
6.5574,517,1.6677
6.5618,517,1.6677
6.5662,518,1.6710
6.5705,518,1.6710
6.5748,518,1.6710
6.5792,518,1.6710
6.5835,518,1.6710
6.5878,517,1.6677
6.5921,517,1.6677
6.5965,518,1.6710
6.6008,518,1.6710
6.6051,518,1.6710
6.6094,518,1.6710
6.6137,518,1.6710
6.6180,518,1.6710
6.6223,518,1.6710
6.6266,518,1.6710
6.6308,518,1.6710
6.6351,518,1.6710
6.6394,517,1.6677
6.6437,518,1.6710
6.6480,517,1.6677
6.6523,517,1.6677
6.6566,517,1.6677
6.6609,517,1.6677
6.6652,516,1.6645
6.6695,517,1.6677
6.6738,518,1.6710
6.6781,518,1.6710
6.6824,516,1.6645
6.6867,516,1.6645
6.6910,517,1.6677
6.6953,518,1.6710
6.6996,517,1.6677
6.7040,518,1.6710
6.7083,518,1.6710
6.7127,519,1.6742
6.7170,518,1.6710
6.7213,518,1.6710
6.7257,519,1.6742
6.7301,520,1.6774
6.7344,519,1.6742
6.7388,520,1.6774
6.7431,520,1.6774
6.7474,520,1.6774
6.7518,521,1.6806
6.7561,519,1.6742
6.7604,519,1.6742
6.7648,520,1.6774
6.7691,519,1.6742
6.7734,519,1.6742
6.7777,519,1.6742
6.7821,520,1.6774
6.7864,519,1.6742
6.7907,520,1.6774
6.7952,520,1.6774
6.7996,520,1.6774
6.8040,519,1.6742
6.8086,520,1.6774
6.8129,519,1.6742
6.8172,519,1.6742
6.8215,519,1.6742
6.8258,520,1.6774
6.8301,520,1.6774
6.8344,519,1.6742
6.8387,521,1.6806
6.8430,519,1.6742
6.8473,519,1.6742
6.8516,519,1.6742
6.8559,519,1.6742
6.8602,518,1.6710
6.8645,518,1.6710
6.8688,519,1.6742
6.8731,519,1.6742
6.8773,520,1.6774
6.8816,520,1.6774
6.8859,521,1.6806
6.8902,521,1.6806
6.8945,521,1.6806
6.8988,521,1.6806
6.9031,521,1.6806
6.9075,520,1.6774
6.9118,522,1.6839
6.9160,522,1.6839
6.9203,521,1.6806
6.9246,522,1.6839
6.9289,522,1.6839
6.9332,521,1.6806
6.9375,520,1.6774
6.9418,519,1.6742
6.9461,520,1.6774
6.9504,519,1.6742
6.9547,519,1.6742
6.9590,519,1.6742
6.9633,519,1.6742
6.9676,520,1.6774
6.9719,520,1.6774
6.9762,520,1.6774
6.9805,520,1.6774
6.9847,520,1.6774
6.9891,519,1.6742
6.9933,520,1.6774
6.9976,519,1.6742
7.0019,518,1.6710
7.0062,519,1.6742
7.0106,519,1.6742
7.0149,519,1.6742
7.0192,518,1.6710
7.0236,519,1.6742
7.0279,519,1.6742
7.0322,520,1.6774
7.0366,519,1.6742
7.0409,518,1.6710
7.0452,518,1.6710
7.0495,517,1.6677
7.0539,518,1.6710
7.0582,519,1.6742
7.0626,519,1.6742
7.0669,520,1.6774
7.0712,522,1.6839
7.0755,526,1.6968
7.0799,530,1.7097
7.0842,532,1.7161
7.0886,536,1.7290
7.0929,538,1.7355
7.0972,539,1.7387
7.1017,540,1.7419
7.1060,540,1.7419
7.1103,540,1.7419
7.1146,537,1.7323
7.1189,534,1.7226
7.1232,530,1.7097
7.1275,528,1.7032
7.1318,524,1.6903
7.1361,520,1.6774
7.1404,517,1.6677
7.1447,516,1.6645
7.1489,515,1.6613
7.1533,514,1.6581
7.1576,515,1.6613
7.1619,514,1.6581
7.1662,515,1.6613
7.1704,515,1.6613
7.1747,517,1.6677
7.1790,515,1.6613
7.1833,516,1.6645
7.1876,517,1.6677
7.1919,517,1.6677
7.1962,516,1.6645
7.2005,516,1.6645
7.2048,516,1.6645
7.2091,516,1.6645
7.2135,515,1.6613
7.2178,516,1.6645
7.2221,515,1.6613
7.2265,510,1.6452
7.2308,503,1.6226
7.2351,496,1.6000
7.2395,498,1.6065
7.2438,516,1.6645
7.2481,548,1.7677
7.2524,592,1.9097
7.2568,636,2.0516
7.2611,666,2.1484
7.2655,665,2.1452
7.2698,637,2.0548
7.2741,594,1.9161
7.2784,547,1.7645
7.2828,512,1.6516
7.2871,494,1.5935
7.2914,488,1.5742
7.2957,490,1.5806
7.3001,495,1.5968
7.3044,500,1.6129
7.3088,504,1.6258
7.3131,505,1.6290
7.3174,505,1.6290
7.3218,505,1.6290
7.3261,504,1.6258
7.3304,504,1.6258
7.3347,505,1.6290
7.3391,506,1.6323
7.3434,505,1.6290
7.3477,506,1.6323
7.3521,506,1.6323
7.3564,505,1.6290
7.3607,506,1.6323
7.3651,506,1.6323
7.3694,508,1.6387
7.3737,507,1.6355
7.3780,506,1.6323
7.3824,507,1.6355
7.3867,508,1.6387
7.3911,509,1.6419
7.3955,509,1.6419
7.3999,508,1.6387
7.4045,508,1.6387
7.4088,508,1.6387
7.4131,509,1.6419
7.4174,510,1.6452
7.4217,510,1.6452
7.4260,509,1.6419
7.4303,510,1.6452
7.4346,509,1.6419
7.4389,510,1.6452
7.4435,509,1.6419
7.4478,509,1.6419
7.4521,510,1.6452
7.4564,510,1.6452
7.4608,510,1.6452
7.4651,512,1.6516
7.4693,514,1.6581
7.4736,519,1.6742
7.4782,524,1.6903
7.4826,525,1.6935
7.4869,528,1.7032
7.4912,531,1.7129
7.4955,534,1.7226
7.4998,538,1.7355
7.5041,541,1.7452
7.5084,543,1.7516
7.5127,545,1.7581
7.5170,547,1.7645
7.5213,547,1.7645
7.5256,548,1.7677
7.5299,549,1.7710
7.5342,548,1.7677
7.5385,549,1.7710
7.5428,548,1.7677
7.5471,546,1.7613
7.5514,546,1.7613
7.5556,543,1.7516
7.5599,543,1.7516
7.5643,541,1.7452
7.5686,537,1.7323
7.5729,536,1.7290
7.5772,532,1.7161
7.5815,529,1.7065
7.5858,526,1.6968
7.5901,522,1.6839
7.5944,519,1.6742
7.5986,514,1.6581
7.6029,511,1.6484
7.6072,509,1.6419
7.6116,506,1.6323
7.6159,502,1.6194
7.6202,500,1.6129
7.6245,500,1.6129
7.6289,501,1.6161
7.6332,501,1.6161
7.6375,500,1.6129
7.6418,501,1.6161
7.6462,503,1.6226
7.6505,502,1.6194
7.6548,503,1.6226
7.6592,502,1.6194
7.6635,502,1.6194
7.6678,502,1.6194
7.6722,502,1.6194
7.6765,504,1.6258
7.6808,504,1.6258
7.6851,505,1.6290
7.6895,506,1.6323
7.6940,506,1.6323
7.6983,506,1.6323
7.7028,506,1.6323
7.7072,506,1.6323
7.7116,507,1.6355
7.7159,506,1.6323
7.7202,507,1.6355
7.7245,506,1.6323
7.7288,507,1.6355
7.7331,507,1.6355
7.7373,507,1.6355
7.7416,508,1.6387
7.7459,508,1.6387
7.7502,509,1.6419
7.7545,509,1.6419
7.7588,510,1.6452
7.7631,510,1.6452
7.7674,511,1.6484
7.7717,511,1.6484
7.7760,511,1.6484
7.7803,511,1.6484
7.7846,511,1.6484
7.7889,511,1.6484
7.7932,510,1.6452
7.7975,509,1.6419
7.8018,510,1.6452
7.8061,509,1.6419
7.8104,510,1.6452
7.8147,511,1.6484
7.8190,510,1.6452
7.8233,510,1.6452
7.8276,511,1.6484
7.8319,510,1.6452
7.8362,512,1.6516
7.8405,512,1.6516
7.8448,511,1.6484
7.8491,511,1.6484
7.8534,510,1.6452
7.8577,512,1.6516
7.8620,511,1.6484
7.8663,510,1.6452
7.8706,512,1.6516
7.8749,512,1.6516
7.8792,513,1.6548
7.8834,513,1.6548
7.8877,513,1.6548
7.8920,512,1.6516
7.8963,512,1.6516
7.9006,512,1.6516
7.9049,513,1.6548
7.9093,512,1.6516
7.9136,512,1.6516
7.9180,513,1.6548
7.9223,512,1.6516
7.9266,513,1.6548
7.9310,512,1.6516
7.9353,513,1.6548
7.9396,513,1.6548
7.9440,514,1.6581
7.9483,515,1.6613
7.9526,516,1.6645
7.9569,515,1.6613
7.9613,515,1.6613
7.9656,516,1.6645
7.9699,516,1.6645
7.9745,515,1.6613
7.9788,516,1.6645
7.9831,515,1.6613
7.9875,516,1.6645
7.9918,516,1.6645
7.9961,516,1.6645
8.0005,515,1.6613
8.0048,516,1.6645
8.0091,517,1.6677
8.0134,517,1.6677
8.0178,516,1.6645
8.0220,516,1.6645
8.0263,516,1.6645
8.0306,517,1.6677
8.0349,518,1.6710
8.0392,518,1.6710
8.0435,517,1.6677
8.0478,517,1.6677
8.0521,517,1.6677
8.0564,517,1.6677
8.0607,516,1.6645
8.0650,516,1.6645
8.0693,518,1.6710
8.0736,518,1.6710
8.0779,518,1.6710
8.0821,518,1.6710
8.0864,519,1.6742
8.0907,520,1.6774
8.0950,519,1.6742
8.0993,518,1.6710
8.1036,517,1.6677
8.1079,516,1.6645
8.1122,517,1.6677
8.1165,515,1.6613
8.1208,517,1.6677
8.1252,517,1.6677
8.1295,519,1.6742
8.1338,520,1.6774
8.1381,520,1.6774
8.1425,520,1.6774
8.1468,519,1.6742
8.1511,520,1.6774
8.1554,519,1.6742
8.1598,520,1.6774
8.1641,519,1.6742
8.1685,519,1.6742
8.1728,519,1.6742
8.1771,519,1.6742
8.1815,519,1.6742
8.1858,518,1.6710
8.1901,518,1.6710
8.1944,517,1.6677
8.1988,517,1.6677
8.2031,518,1.6710
8.2074,519,1.6742
8.2118,519,1.6742
8.2161,520,1.6774
8.2204,520,1.6774
8.2247,518,1.6710
8.2290,519,1.6742
8.2333,519,1.6742
8.2376,519,1.6742
8.2419,519,1.6742
8.2462,520,1.6774
8.2505,520,1.6774
8.2547,520,1.6774
8.2590,519,1.6742
8.2633,521,1.6806
8.2676,521,1.6806
8.2719,519,1.6742
8.2762,520,1.6774
8.2805,520,1.6774
8.2848,519,1.6742
8.2891,520,1.6774
8.2935,521,1.6806
8.2979,521,1.6806
8.3023,520,1.6774
8.3066,521,1.6806
8.3109,521,1.6806
8.3152,521,1.6806
8.3196,520,1.6774
8.3239,519,1.6742
8.3282,519,1.6742
8.3326,520,1.6774
8.3369,519,1.6742
8.3412,521,1.6806
8.3456,520,1.6774
8.3499,521,1.6806
8.3542,521,1.6806
8.3586,520,1.6774
8.3629,521,1.6806
8.3672,521,1.6806
8.3716,521,1.6806
8.3759,521,1.6806
8.3802,522,1.6839
8.3845,521,1.6806
8.3889,522,1.6839
8.3933,522,1.6839
8.3976,522,1.6839
8.4019,522,1.6839
8.4063,521,1.6806
8.4107,520,1.6774
8.4150,519,1.6742
8.4193,520,1.6774
8.4236,521,1.6806
8.4279,521,1.6806
8.4322,521,1.6806
8.4365,521,1.6806
8.4408,520,1.6774
8.4451,520,1.6774
8.4494,521,1.6806
8.4537,521,1.6806
8.4580,520,1.6774
8.4622,520,1.6774
8.4665,519,1.6742
8.4709,519,1.6742
8.4751,521,1.6806
8.4794,520,1.6774
8.4837,519,1.6742
8.4880,520,1.6774
8.4923,520,1.6774
8.4966,520,1.6774
8.5009,519,1.6742
8.5052,518,1.6710
8.5095,519,1.6742
8.5138,519,1.6742
8.5181,521,1.6806
8.5224,522,1.6839
8.5267,521,1.6806
8.5311,522,1.6839
8.5354,521,1.6806
8.5397,520,1.6774
8.5441,520,1.6774
8.5484,521,1.6806
8.5528,522,1.6839
8.5571,521,1.6806
8.5614,522,1.6839
8.5657,521,1.6806
8.5701,523,1.6871
8.5744,526,1.6968
8.5787,530,1.7097
8.5831,534,1.7226
8.5874,536,1.7290
8.5919,538,1.7355
8.5964,540,1.7419
8.6008,540,1.7419
8.6052,533,1.7194
8.6095,539,1.7387
8.6139,538,1.7355
8.6182,536,1.7290
8.6225,533,1.7194
8.6268,530,1.7097
8.6311,527,1.7000
8.6354,523,1.6871
8.6397,520,1.6774
8.6440,518,1.6710
8.6483,516,1.6645
8.6526,515,1.6613
8.6569,514,1.6581
8.6612,515,1.6613
8.6655,515,1.6613
8.6698,516,1.6645
8.6741,516,1.6645
8.6784,516,1.6645
8.6827,516,1.6645
8.6870,516,1.6645
8.6913,515,1.6613
8.6956,515,1.6613
8.6999,514,1.6581
8.7042,516,1.6645
8.7085,516,1.6645
8.7128,516,1.6645
8.7172,516,1.6645
8.7215,516,1.6645
8.7258,512,1.6516
8.7301,505,1.6290
8.7345,497,1.6032
8.7388,497,1.6032
8.7431,513,1.6548
8.7475,544,1.7548
8.7518,585,1.8871
8.7561,630,2.0323
8.7605,664,2.1419
8.7648,667,2.1516
8.7691,643,2.0742
8.7735,602,1.9419
8.7778,554,1.7871
8.7821,516,1.6645
8.7865,495,1.5968
8.7908,489,1.5774
8.7951,490,1.5806
8.7995,496,1.6000
8.8038,501,1.6161
8.8081,504,1.6258
8.8124,505,1.6290
8.8168,504,1.6258
8.8211,504,1.6258
8.8254,506,1.6323
8.8297,506,1.6323
8.8340,505,1.6290
8.8383,506,1.6323
8.8426,506,1.6323
8.8469,506,1.6323
8.8511,507,1.6355
8.8554,507,1.6355
8.8597,507,1.6355
8.8640,506,1.6323
8.8683,508,1.6387
8.8726,508,1.6387
8.8769,508,1.6387
8.8812,508,1.6387
8.8855,508,1.6387
8.8898,508,1.6387
8.8941,509,1.6419
8.8984,509,1.6419
8.9027,509,1.6419
8.9070,510,1.6452
8.9112,510,1.6452
8.9155,511,1.6484
8.9198,510,1.6452
8.9242,510,1.6452
8.9285,511,1.6484
8.9328,512,1.6516
8.9372,511,1.6484
8.9415,512,1.6516
8.9458,510,1.6452
8.9502,511,1.6484
8.9545,512,1.6516
8.9588,511,1.6484
8.9632,512,1.6516
8.9675,514,1.6581
8.9718,517,1.6677
8.9762,521,1.6806
8.9805,525,1.6935
8.9848,528,1.7032
8.9892,530,1.7097
8.9935,533,1.7194
8.9978,536,1.7290
9.0022,539,1.7387
9.0065,542,1.7484
9.0108,545,1.7581
9.0151,546,1.7613
9.0195,548,1.7677
9.0238,549,1.7710
9.0281,551,1.7774
9.0324,550,1.7742
9.0367,550,1.7742
9.0410,550,1.7742
9.0453,550,1.7742
9.0496,547,1.7645
9.0539,547,1.7645
9.0582,545,1.7581
9.0624,542,1.7484
9.0667,540,1.7419
9.0710,537,1.7323
9.0753,534,1.7226
9.0796,533,1.7194
9.0839,529,1.7065
9.0882,525,1.6935
9.0925,521,1.6806
9.0968,517,1.6677
9.1011,514,1.6581
9.1054,511,1.6484
9.1097,508,1.6387
9.1140,504,1.6258
9.1183,501,1.6161
9.1226,500,1.6129
9.1269,501,1.6161
9.1312,502,1.6194
9.1356,502,1.6194
9.1399,502,1.6194
9.1443,501,1.6161
9.1486,500,1.6129
9.1529,502,1.6194
9.1573,501,1.6161
9.1616,501,1.6161
9.1659,503,1.6226
9.1702,503,1.6226
9.1746,504,1.6258
9.1789,505,1.6290
9.1832,505,1.6290
9.1876,506,1.6323
9.1920,505,1.6290
9.1964,504,1.6258
9.2008,503,1.6226
9.2052,504,1.6258
9.2096,505,1.6290
9.2139,506,1.6323
9.2182,505,1.6290
9.2225,506,1.6323
9.2269,506,1.6323
9.2312,507,1.6355
9.2355,507,1.6355
9.2398,507,1.6355
9.2441,506,1.6323
9.2484,506,1.6323
9.2527,508,1.6387
9.2570,508,1.6387
9.2612,508,1.6387
9.2655,507,1.6355
9.2698,507,1.6355
9.2742,508,1.6387
9.2785,508,1.6387
9.2828,508,1.6387
9.2871,508,1.6387
9.2914,510,1.6452
9.2957,509,1.6419
9.2999,509,1.6419
9.3043,508,1.6387
9.3089,510,1.6452
9.3133,510,1.6452
9.3176,512,1.6516
9.3220,512,1.6516
9.3263,511,1.6484
9.3306,510,1.6452
9.3350,512,1.6516
9.3393,511,1.6484
9.3436,512,1.6516
9.3479,512,1.6516
9.3523,512,1.6516
9.3566,512,1.6516
9.3610,512,1.6516
9.3653,513,1.6548
9.3696,512,1.6516
9.3740,513,1.6548
9.3783,513,1.6548
9.3826,513,1.6548
9.3869,512,1.6516
9.3913,513,1.6548
9.3956,513,1.6548
9.3999,512,1.6516
9.4043,513,1.6548
9.4086,513,1.6548
9.4130,512,1.6516
9.4173,512,1.6516
9.4216,512,1.6516
9.4260,513,1.6548
9.4303,514,1.6581
9.4346,515,1.6613
9.4389,514,1.6581
9.4432,512,1.6516
9.4474,513,1.6548
9.4517,513,1.6548
9.4560,514,1.6581
9.4603,514,1.6581
9.4646,515,1.6613
9.4689,515,1.6613
9.4732,515,1.6613
9.4775,517,1.6677
9.4818,517,1.6677
9.4861,516,1.6645
9.4904,513,1.6548
9.4948,514,1.6581
9.4991,515,1.6613
9.5035,515,1.6613
9.5078,516,1.6645
9.5121,517,1.6677
9.5164,517,1.6677
9.5207,517,1.6677
9.5250,517,1.6677
9.5293,517,1.6677
9.5337,517,1.6677
9.5380,516,1.6645
9.5424,517,1.6677
9.5467,518,1.6710
9.5510,518,1.6710
9.5553,518,1.6710
9.5597,518,1.6710
9.5640,517,1.6677
9.5683,517,1.6677
9.5727,517,1.6677
9.5770,516,1.6645
9.5813,515,1.6613
9.5857,516,1.6645
9.5900,516,1.6645
9.5944,517,1.6677
9.5987,518,1.6710
9.6030,518,1.6710
9.6073,518,1.6710
9.6117,518,1.6710
9.6160,518,1.6710
9.6203,518,1.6710
9.6247,519,1.6742
9.6290,518,1.6710
9.6333,518,1.6710
9.6376,520,1.6774
9.6419,519,1.6742
9.6462,518,1.6710
9.6505,518,1.6710
9.6547,518,1.6710
9.6590,518,1.6710
9.6633,520,1.6774
9.6676,521,1.6806
9.6719,521,1.6806
9.6762,520,1.6774
9.6805,519,1.6742
9.6848,520,1.6774
9.6891,521,1.6806
9.6934,520,1.6774
9.6977,519,1.6742
9.7020,519,1.6742
9.7063,519,1.6742
9.7106,518,1.6710
9.7149,519,1.6742
9.7191,519,1.6742
9.7234,519,1.6742
9.7277,519,1.6742
9.7321,518,1.6710
9.7364,519,1.6742
9.7407,518,1.6710
9.7451,518,1.6710
9.7494,518,1.6710
9.7537,518,1.6710
9.7580,518,1.6710
9.7624,519,1.6742
9.7667,518,1.6710
9.7710,520,1.6774
9.7753,520,1.6774
9.7797,519,1.6742
9.7840,519,1.6742
9.7884,518,1.6710
9.7927,519,1.6742
9.7970,519,1.6742
9.8013,518,1.6710
9.8057,520,1.6774
9.8100,518,1.6710
9.8143,520,1.6774
9.8187,520,1.6774
9.8230,519,1.6742
9.8275,519,1.6742
9.8318,520,1.6774
9.8361,520,1.6774
9.8404,519,1.6742
9.8447,520,1.6774
9.8490,520,1.6774
9.8533,521,1.6806
9.8575,522,1.6839
9.8618,521,1.6806
9.8662,520,1.6774
9.8704,521,1.6806
9.8747,521,1.6806
9.8790,521,1.6806
9.8833,521,1.6806
9.8876,521,1.6806
9.8919,521,1.6806
9.8962,521,1.6806
9.9005,521,1.6806
9.9048,520,1.6774
9.9091,520,1.6774
9.9134,521,1.6806
9.9177,521,1.6806
9.9219,522,1.6839
9.9262,521,1.6806
9.9305,521,1.6806
9.9349,520,1.6774
9.9392,520,1.6774
9.9435,521,1.6806
9.9479,521,1.6806
9.9522,521,1.6806
9.9565,521,1.6806
9.9608,521,1.6806
9.9652,521,1.6806
9.9695,519,1.6742
9.9738,519,1.6742
9.9782,521,1.6806
9.9825,519,1.6742
9.9868,520,1.6774
9.9912,520,1.6774
9.9955,519,1.6742
9.9998,520,1.6774
10.0042,519,1.6742
10.0095,519,1.6742
10.0140,519,1.6742
10.0194,519,1.6742
10.0239,520,1.6774
10.0285,519,1.6742
10.0330,520,1.6774
10.0376,520,1.6774
10.0420,520,1.6774
10.0463,520,1.6774
10.0508,519,1.6742
10.0551,520,1.6774
10.0596,520,1.6774
10.0639,519,1.6742
10.0682,520,1.6774
10.0726,524,1.6903
10.0769,527,1.7000
10.0812,530,1.7097
10.0855,532,1.7161
10.0899,535,1.7258
10.0943,538,1.7355
10.0987,539,1.7387
10.1031,539,1.7387
10.1073,539,1.7387
10.1116,539,1.7387
10.1159,538,1.7355
10.1202,535,1.7258
10.1245,533,1.7194
10.1288,528,1.7032
10.1331,524,1.6903
10.1374,521,1.6806
10.1417,518,1.6710
10.1461,515,1.6613
10.1504,516,1.6645
10.1547,516,1.6645
10.1590,516,1.6645
10.1633,517,1.6677
10.1676,517,1.6677
10.1719,517,1.6677
10.1762,516,1.6645
10.1805,516,1.6645
10.1847,516,1.6645
10.1890,516,1.6645
10.1933,516,1.6645
10.1976,516,1.6645
10.2019,516,1.6645
10.2062,516,1.6645
10.2105,517,1.6677
10.2148,518,1.6710
10.2191,518,1.6710
10.2234,515,1.6613
10.2277,509,1.6419
10.2320,503,1.6226
10.2363,497,1.6032
10.2407,504,1.6258
10.2450,526,1.6968
10.2494,562,1.8129
10.2537,607,1.9581
10.2581,650,2.0968
10.2624,671,2.1645
10.2667,662,2.1355
10.2710,627,2.0226
10.2754,581,1.8742
10.2797,535,1.7258
10.2840,506,1.6323
10.2884,491,1.5839
10.2927,487,1.5710
10.2970,492,1.5871
10.3014,498,1.6065
10.3057,503,1.6226
10.3100,504,1.6258
10.3144,505,1.6290
10.3187,505,1.6290
10.3230,506,1.6323
10.3274,505,1.6290
10.3318,505,1.6290
10.3361,504,1.6258
10.3405,505,1.6290
10.3447,506,1.6323
10.3490,506,1.6323
10.3533,507,1.6355
10.3576,508,1.6387
10.3620,507,1.6355
10.3662,507,1.6355
10.3705,508,1.6387
10.3748,508,1.6387
10.3791,507,1.6355
10.3834,506,1.6323
10.3877,507,1.6355
10.3920,508,1.6387
10.3964,508,1.6387
10.4009,508,1.6387
10.4052,509,1.6419
10.4095,509,1.6419
10.4138,509,1.6419
10.4181,508,1.6387
10.4224,509,1.6419
10.4267,510,1.6452
10.4310,510,1.6452
10.4353,511,1.6484
10.4396,511,1.6484
10.4439,510,1.6452
10.4482,510,1.6452
10.4525,510,1.6452
10.4568,510,1.6452
10.4611,511,1.6484
10.4654,513,1.6548
10.4697,516,1.6645
10.4740,519,1.6742
10.4783,523,1.6871
10.4826,525,1.6935
10.4869,530,1.7097
10.4912,533,1.7194
10.4955,535,1.7258
10.4998,538,1.7355
10.5041,540,1.7419
10.5084,543,1.7516
10.5127,545,1.7581
10.5170,546,1.7613
10.5212,548,1.7677
10.5256,548,1.7677
10.5298,549,1.7710
10.5343,550,1.7742
10.5386,551,1.7774
10.5429,550,1.7742
10.5473,548,1.7677
10.5516,548,1.7677
10.5560,545,1.7581
10.5603,544,1.7548
10.5646,541,1.7452
10.5690,538,1.7355
10.5733,535,1.7258
10.5776,531,1.7129
10.5819,528,1.7032
10.5863,526,1.6968
10.5906,522,1.6839
10.5950,518,1.6710
10.5993,517,1.6677
10.6036,513,1.6548
10.6080,508,1.6387
10.6123,505,1.6290
10.6166,501,1.6161
10.6209,499,1.6097
10.6253,498,1.6065
10.6296,499,1.6097
10.6339,500,1.6129
10.6382,502,1.6194
10.6426,503,1.6226
10.6469,502,1.6194
10.6512,501,1.6161
10.6555,501,1.6161
10.6598,502,1.6194
10.6640,502,1.6194
10.6684,502,1.6194
10.6726,503,1.6226
10.6769,504,1.6258
10.6812,503,1.6226
10.6855,504,1.6258
10.6898,505,1.6290
10.6941,504,1.6258
10.6984,505,1.6290
10.7027,506,1.6323
10.7070,506,1.6323
10.7113,506,1.6323
10.7156,506,1.6323
10.7199,506,1.6323
10.7242,506,1.6323
10.7285,506,1.6323
10.7328,505,1.6290
10.7371,505,1.6290
10.7414,507,1.6355
10.7457,507,1.6355
10.7501,507,1.6355
10.7544,507,1.6355
10.7588,507,1.6355
10.7631,507,1.6355
10.7674,507,1.6355
10.7718,508,1.6387
10.7761,508,1.6387
10.7804,508,1.6387
10.7847,508,1.6387
10.7891,509,1.6419
10.7934,511,1.6484
10.7977,511,1.6484
10.8021,510,1.6452
10.8064,511,1.6484
10.8107,509,1.6419
10.8151,510,1.6452
10.8194,510,1.6452
10.8237,511,1.6484
10.8280,511,1.6484
10.8324,511,1.6484
10.8367,511,1.6484
10.8410,511,1.6484
10.8453,512,1.6516
10.8497,512,1.6516
10.8540,512,1.6516
10.8583,512,1.6516
10.8626,512,1.6516
10.8668,511,1.6484
10.8711,513,1.6548
10.8754,514,1.6581
10.8797,515,1.6613
10.8840,515,1.6613
10.8883,515,1.6613
10.8926,514,1.6581
10.8969,513,1.6548
10.9012,513,1.6548
10.9055,514,1.6581
10.9098,515,1.6613
10.9141,515,1.6613
10.9184,515,1.6613
10.9226,515,1.6613
10.9269,516,1.6645
10.9312,515,1.6613
10.9355,514,1.6581
10.9398,515,1.6613
10.9442,514,1.6581
10.9485,514,1.6581
10.9528,515,1.6613
10.9572,514,1.6581
10.9615,515,1.6613
10.9659,515,1.6613
10.9702,516,1.6645
10.9745,516,1.6645
10.9788,516,1.6645
10.9832,518,1.6710
10.9875,517,1.6677
10.9918,517,1.6677
10.9963,516,1.6645
11.0007,516,1.6645
11.0052,516,1.6645
11.0095,517,1.6677
11.0138,518,1.6710
11.0182,516,1.6645
11.0225,516,1.6645
11.0268,516,1.6645
11.0311,515,1.6613
11.0355,515,1.6613
11.0398,516,1.6645
11.0442,517,1.6677
11.0485,518,1.6710
11.0528,520,1.6774
11.0571,520,1.6774
11.0614,519,1.6742
11.0658,520,1.6774
11.0701,520,1.6774
11.0744,521,1.6806
11.0787,521,1.6806
11.0830,522,1.6839
11.0873,521,1.6806
11.0915,520,1.6774
11.0959,520,1.6774
11.1002,521,1.6806
11.1045,520,1.6774
11.1088,521,1.6806
11.1131,522,1.6839
11.1177,521,1.6806
11.1221,520,1.6774
11.1264,518,1.6710
11.1307,518,1.6710
11.1349,519,1.6742
11.1392,519,1.6742
11.1435,519,1.6742
11.1479,520,1.6774
11.1522,519,1.6742
11.1565,520,1.6774
11.1608,520,1.6774
11.1651,519,1.6742
11.1694,519,1.6742
11.1736,519,1.6742
11.1779,520,1.6774
11.1822,520,1.6774
11.1865,519,1.6742
11.1908,520,1.6774
11.1951,519,1.6742
11.1994,519,1.6742
11.2037,519,1.6742
11.2080,519,1.6742
11.2123,519,1.6742
11.2166,520,1.6774
11.2209,519,1.6742
11.2252,519,1.6742
11.2295,518,1.6710
11.2338,517,1.6677
11.2380,516,1.6645
11.2423,517,1.6677
11.2467,516,1.6645
11.2510,517,1.6677
11.2553,518,1.6710
11.2597,519,1.6742
11.2640,519,1.6742
11.2683,518,1.6710
11.2727,519,1.6742
11.2770,519,1.6742
11.2813,519,1.6742
11.2857,517,1.6677
11.2900,518,1.6710
11.2944,519,1.6742
11.2989,520,1.6774
11.3034,520,1.6774
11.3078,521,1.6806
11.3121,520,1.6774
11.3164,520,1.6774
11.3207,520,1.6774
11.3251,520,1.6774
11.3294,520,1.6774
11.3337,519,1.6742
11.3381,519,1.6742
11.3424,520,1.6774
11.3467,520,1.6774
11.3511,521,1.6806
11.3554,520,1.6774
11.3597,520,1.6774
11.3640,520,1.6774
11.3683,520,1.6774
11.3725,520,1.6774
11.3768,520,1.6774
11.3811,520,1.6774
11.3854,520,1.6774
11.3897,520,1.6774
11.3940,520,1.6774
11.3983,521,1.6806
11.4026,521,1.6806
11.4069,519,1.6742
11.4112,519,1.6742
11.4155,520,1.6774
11.4198,520,1.6774
11.4240,521,1.6806
11.4283,521,1.6806
11.4326,521,1.6806
11.4369,522,1.6839
11.4412,522,1.6839
11.4455,521,1.6806
11.4499,521,1.6806
11.4543,520,1.6774
11.4586,520,1.6774
11.4629,520,1.6774
11.4673,520,1.6774
11.4716,522,1.6839
11.4760,522,1.6839
11.4803,521,1.6806
11.4846,521,1.6806
11.4890,522,1.6839
11.4933,521,1.6806
11.4976,521,1.6806
11.5020,521,1.6806
11.5063,520,1.6774
11.5106,520,1.6774
11.5150,520,1.6774
11.5193,518,1.6710
11.5236,519,1.6742
11.5279,519,1.6742
11.5323,519,1.6742
11.5366,521,1.6806
11.5409,520,1.6774
11.5454,520,1.6774
11.5498,520,1.6774
11.5541,519,1.6742
11.5584,519,1.6742
11.5627,520,1.6774
11.5669,520,1.6774
11.5712,523,1.6871
11.5755,526,1.6968
11.5798,530,1.7097
11.5841,533,1.7194
11.5884,536,1.7290
11.5927,538,1.7355
11.5970,539,1.7387
11.6013,540,1.7419
11.6056,539,1.7387
11.6099,540,1.7419
11.6142,538,1.7355
11.6185,536,1.7290
11.6228,534,1.7226
11.6271,530,1.7097
11.6314,527,1.7000
11.6357,522,1.6839
11.6400,518,1.6710
11.6443,515,1.6613
11.6486,516,1.6645
11.6530,516,1.6645
11.6573,517,1.6677
11.6617,516,1.6645
11.6660,516,1.6645
11.6703,516,1.6645
11.6747,516,1.6645
11.6790,516,1.6645
11.6833,516,1.6645
11.6876,517,1.6677
11.6920,518,1.6710
11.6963,517,1.6677
11.7007,517,1.6677
11.7050,518,1.6710
11.7093,517,1.6677
11.7136,517,1.6677
11.7180,517,1.6677
11.7223,516,1.6645
11.7266,512,1.6516
11.7310,503,1.6226
11.7353,496,1.6000
11.7397,499,1.6097
11.7440,517,1.6677
11.7483,550,1.7742
11.7527,593,1.9129
11.7570,637,2.0548
11.7613,666,2.1484
11.7656,666,2.1484
11.7699,636,2.0516
11.7742,593,1.9129
11.7785,544,1.7548
11.7828,510,1.6452
11.7871,492,1.5871
11.7914,487,1.5710
11.7957,489,1.5774
11.8000,495,1.5968
11.8043,499,1.6097
11.8086,502,1.6194
11.8129,504,1.6258
11.8172,505,1.6290
11.8215,503,1.6226
11.8258,504,1.6258
11.8301,504,1.6258
11.8344,505,1.6290
11.8387,505,1.6290
11.8429,505,1.6290
11.8472,505,1.6290
11.8516,505,1.6290
11.8560,506,1.6323
11.8603,507,1.6355
11.8646,507,1.6355
11.8690,504,1.6258
11.8733,506,1.6323
11.8776,507,1.6355
11.8820,508,1.6387
11.8863,508,1.6387
11.8906,508,1.6387
11.8951,508,1.6387
11.8996,514,1.6581
11.9041,510,1.6452
11.9084,509,1.6419
11.9127,510,1.6452
11.9170,510,1.6452
11.9214,510,1.6452
11.9257,511,1.6484
11.9300,511,1.6484
11.9344,512,1.6516
11.9387,511,1.6484
11.9431,512,1.6516
11.9474,511,1.6484
11.9517,512,1.6516
11.9560,512,1.6516
11.9603,511,1.6484
11.9646,513,1.6548
11.9689,515,1.6613
11.9732,518,1.6710
11.9775,521,1.6806
11.9818,523,1.6871
11.9861,526,1.6968
11.9905,528,1.7032
11.9947,532,1.7161
11.9990,538,1.7355
12.0033,542,1.7484
12.0076,544,1.7548
12.0119,544,1.7548
12.0162,547,1.7645
12.0205,549,1.7710
12.0248,548,1.7677
12.0291,549,1.7710
12.0334,550,1.7742
12.0377,552,1.7806
12.0419,551,1.7774
12.0463,549,1.7710
12.0507,547,1.7645
12.0550,546,1.7613
12.0594,545,1.7581
12.0637,541,1.7452
12.0680,539,1.7387
12.0724,536,1.7290
12.0767,533,1.7194
12.0810,528,1.7032
12.0853,527,1.7000
12.0897,523,1.6871
12.0940,519,1.6742
12.0983,515,1.6613
12.1027,513,1.6548
12.1070,509,1.6419
12.1113,506,1.6323
12.1157,503,1.6226
12.1200,501,1.6161
12.1244,500,1.6129
12.1287,500,1.6129
12.1330,501,1.6161
12.1373,501,1.6161
12.1417,501,1.6161
12.1460,501,1.6161
12.1504,501,1.6161
12.1547,502,1.6194
12.1590,501,1.6161
12.1633,502,1.6194
12.1676,502,1.6194
12.1719,503,1.6226
12.1761,504,1.6258
12.1804,503,1.6226
12.1847,504,1.6258
12.1890,503,1.6226
12.1934,505,1.6290
12.1980,505,1.6290
12.2024,505,1.6290
12.2067,505,1.6290
12.2110,504,1.6258
12.2153,505,1.6290
12.2196,505,1.6290
12.2239,507,1.6355
12.2282,507,1.6355
12.2325,506,1.6323
12.2368,507,1.6355
12.2411,507,1.6355
12.2454,506,1.6323
12.2497,506,1.6323
12.2540,507,1.6355
12.2583,508,1.6387
12.2626,509,1.6419
12.2669,507,1.6355
12.2712,506,1.6323
12.2755,508,1.6387
12.2798,509,1.6419
12.2841,509,1.6419
12.2884,509,1.6419
12.2927,508,1.6387
12.2970,508,1.6387
12.3013,510,1.6452
12.3056,509,1.6419
12.3099,509,1.6419
12.3143,510,1.6452
12.3186,510,1.6452
12.3228,511,1.6484
12.3271,512,1.6516
12.3314,512,1.6516
12.3357,511,1.6484
12.3400,512,1.6516
12.3443,512,1.6516
12.3486,512,1.6516
12.3530,513,1.6548
12.3573,512,1.6516
12.3616,512,1.6516
12.3660,512,1.6516
12.3703,513,1.6548
12.3746,513,1.6548
12.3789,513,1.6548
12.3833,513,1.6548
12.3876,512,1.6516
12.3919,513,1.6548
12.3963,513,1.6548
12.4006,512,1.6516
12.4049,512,1.6516
12.4092,513,1.6548
12.4136,514,1.6581
12.4179,514,1.6581
12.4222,514,1.6581
12.4266,514,1.6581
12.4309,515,1.6613
12.4352,514,1.6581
12.4396,515,1.6613
12.4439,515,1.6613
12.4482,515,1.6613
12.4527,515,1.6613
12.4570,515,1.6613
12.4613,516,1.6645
12.4656,515,1.6613
12.4699,514,1.6581
12.4742,515,1.6613
12.4785,516,1.6645
12.4828,516,1.6645
12.4871,516,1.6645
12.4914,516,1.6645
12.4957,517,1.6677
12.5000,516,1.6645
12.5043,516,1.6645
12.5086,516,1.6645
12.5129,515,1.6613
12.5172,515,1.6613
12.5215,515,1.6613
12.5258,515,1.6613
12.5301,515,1.6613
12.5344,516,1.6645
12.5387,515,1.6613
12.5430,516,1.6645
12.5473,516,1.6645
12.5516,517,1.6677
12.5559,517,1.6677
12.5602,518,1.6710
12.5646,517,1.6677
12.5689,517,1.6677
12.5732,518,1.6710
12.5775,517,1.6677
12.5819,517,1.6677
12.5862,517,1.6677
12.5905,517,1.6677
12.5949,518,1.6710
12.5992,518,1.6710
12.6035,518,1.6710
12.6079,517,1.6677
12.6122,518,1.6710
12.6165,519,1.6742
12.6209,520,1.6774
12.6252,519,1.6742
12.6295,519,1.6742
12.6338,518,1.6710
12.6382,518,1.6710
12.6425,518,1.6710
12.6468,518,1.6710
12.6512,519,1.6742
12.6555,519,1.6742
12.6598,518,1.6710
12.6642,519,1.6742
12.6685,519,1.6742
12.6728,519,1.6742
12.6771,519,1.6742
12.6814,520,1.6774
12.6857,519,1.6742
12.6899,519,1.6742
12.6943,520,1.6774
12.6986,520,1.6774
12.7029,519,1.6742
12.7072,518,1.6710
12.7115,518,1.6710
12.7157,519,1.6742
12.7201,519,1.6742
12.7244,518,1.6710
12.7287,518,1.6710
12.7329,518,1.6710
12.7372,519,1.6742
12.7415,520,1.6774
12.7458,519,1.6742
12.7501,520,1.6774
12.7544,520,1.6774
12.7587,520,1.6774
12.7631,519,1.6742
12.7674,519,1.6742
12.7718,519,1.6742
12.7761,519,1.6742
12.7804,520,1.6774
12.7847,521,1.6806
12.7891,521,1.6806
12.7934,520,1.6774
12.7979,520,1.6774
12.8023,521,1.6806
12.8067,520,1.6774
12.8111,520,1.6774
12.8154,521,1.6806
12.8197,520,1.6774
12.8240,518,1.6710
12.8284,518,1.6710
12.8327,518,1.6710
12.8370,519,1.6742
12.8414,518,1.6710
12.8457,519,1.6742
12.8501,518,1.6710
12.8544,520,1.6774
12.8587,519,1.6742
12.8630,520,1.6774
12.8674,520,1.6774
12.8716,520,1.6774
12.8759,519,1.6742
12.8802,521,1.6806
12.8845,520,1.6774
12.8892,520,1.6774
12.8935,520,1.6774
12.8978,520,1.6774
12.9021,521,1.6806
12.9064,519,1.6742
12.9107,520,1.6774
12.9151,520,1.6774
12.9193,520,1.6774
12.9236,521,1.6806
12.9279,521,1.6806
12.9322,521,1.6806
12.9365,521,1.6806
12.9408,520,1.6774
12.9451,520,1.6774
12.9494,521,1.6806
12.9537,522,1.6839
12.9580,522,1.6839
12.9623,523,1.6871
12.9667,523,1.6871
12.9710,522,1.6839
12.9753,523,1.6871
12.9795,522,1.6839
12.9838,522,1.6839
12.9881,522,1.6839
12.9924,522,1.6839
12.9967,523,1.6871
13.0010,523,1.6871
13.0053,521,1.6806
13.0096,521,1.6806
13.0139,522,1.6839
13.0182,523,1.6871
13.0225,522,1.6839
13.0268,521,1.6806
13.0311,521,1.6806
13.0354,521,1.6806
13.0396,521,1.6806
13.0439,519,1.6742
13.0482,521,1.6806
13.0526,520,1.6774
13.0569,521,1.6806
13.0612,521,1.6806
13.0655,521,1.6806
13.0698,520,1.6774
13.0742,525,1.6935
13.0786,529,1.7065
13.0829,532,1.7161
13.0872,536,1.7290
13.0916,538,1.7355
13.0963,539,1.7387
13.1007,540,1.7419
13.1052,539,1.7387
13.1095,538,1.7355
13.1139,538,1.7355
13.1183,537,1.7323
13.1226,533,1.7194
13.1269,529,1.7065
13.1312,525,1.6935
13.1356,521,1.6806
13.1399,518,1.6710
13.1443,516,1.6645
13.1486,515,1.6613
13.1529,514,1.6581
13.1573,513,1.6548
13.1616,514,1.6581
13.1659,515,1.6613
13.1702,514,1.6581
13.1746,515,1.6613
13.1789,514,1.6581
13.1831,516,1.6645
13.1874,515,1.6613
13.1917,515,1.6613
13.1960,515,1.6613
13.2003,516,1.6645
13.2046,516,1.6645
13.2089,516,1.6645
13.2132,516,1.6645
13.2175,515,1.6613
13.2218,514,1.6581
13.2261,512,1.6516
13.2304,503,1.6226
13.2346,497,1.6032
13.2389,499,1.6097
13.2432,514,1.6581
13.2475,543,1.7516
13.2518,584,1.8839
13.2561,629,2.0290
13.2605,664,2.1419
13.2648,667,2.1516
13.2692,641,2.0677
13.2735,599,1.9323
13.2779,551,1.7774
13.2822,515,1.6613
13.2865,495,1.5968
13.2908,487,1.5710
13.2952,487,1.5710
13.2995,494,1.5935
13.3038,499,1.6097
13.3081,503,1.6226
13.3125,504,1.6258
13.3168,506,1.6323
13.3212,507,1.6355
13.3255,507,1.6355
13.3298,505,1.6290
13.3342,505,1.6290
13.3385,505,1.6290
13.3429,506,1.6323
13.3472,505,1.6290
13.3515,505,1.6290
13.3559,506,1.6323
13.3602,507,1.6355
13.3646,508,1.6387
13.3689,509,1.6419
13.3732,509,1.6419
13.3775,508,1.6387
13.3818,509,1.6419
13.3860,509,1.6419
13.3903,509,1.6419
13.3946,509,1.6419
13.3989,510,1.6452
13.4032,510,1.6452
13.4075,510,1.6452
13.4118,510,1.6452
13.4161,509,1.6419
13.4204,509,1.6419
13.4247,509,1.6419
13.4290,509,1.6419
13.4333,511,1.6484
13.4375,510,1.6452
13.4419,511,1.6484
13.4462,511,1.6484
13.4505,510,1.6452
13.4547,511,1.6484
13.4590,511,1.6484
13.4633,512,1.6516
13.4676,515,1.6613
13.4720,518,1.6710
13.4763,522,1.6839
13.4806,525,1.6935
13.4850,527,1.7000
13.4893,531,1.7129
13.4936,533,1.7194
13.4979,537,1.7323
13.5023,539,1.7387
13.5066,542,1.7484
13.5109,544,1.7548
13.5153,546,1.7613
13.5196,548,1.7677
13.5240,548,1.7677
13.5283,550,1.7742
13.5326,549,1.7710
13.5369,548,1.7677
13.5412,549,1.7710
13.5456,548,1.7677
13.5499,547,1.7645
13.5543,544,1.7548
13.5586,543,1.7516
13.5630,541,1.7452
13.5673,539,1.7387
13.5716,537,1.7323
13.5759,535,1.7258
13.5802,532,1.7161
13.5845,527,1.7000
13.5888,523,1.6871
13.5931,520,1.6774
13.5974,516,1.6645
13.6017,512,1.6516
13.6060,510,1.6452
13.6103,507,1.6355
13.6146,503,1.6226
13.6189,500,1.6129
13.6232,499,1.6097
13.6275,499,1.6097
13.6317,500,1.6129
13.6360,500,1.6129
13.6403,502,1.6194
13.6446,502,1.6194
13.6489,501,1.6161
13.6532,502,1.6194
13.6575,502,1.6194
13.6618,503,1.6226
13.6661,504,1.6258
13.6704,504,1.6258
13.6748,503,1.6226
13.6791,503,1.6226
13.6834,503,1.6226
13.6878,503,1.6226
13.6921,504,1.6258
13.6968,505,1.6290
13.7012,505,1.6290
13.7056,506,1.6323
13.7100,506,1.6323
13.7145,507,1.6355
13.7188,506,1.6323
13.7231,506,1.6323
13.7275,506,1.6323
13.7318,507,1.6355
13.7361,506,1.6323
13.7405,506,1.6323
13.7448,506,1.6323
13.7491,507,1.6355
13.7535,508,1.6387
13.7578,508,1.6387
13.7622,507,1.6355
13.7665,508,1.6387
13.7708,508,1.6387
13.7751,510,1.6452
13.7794,509,1.6419
13.7837,510,1.6452
13.7880,510,1.6452
13.7923,510,1.6452
13.7966,511,1.6484
13.8009,511,1.6484
13.8052,511,1.6484
13.8095,511,1.6484
13.8138,510,1.6452
13.8181,510,1.6452
13.8224,511,1.6484
13.8267,511,1.6484
13.8309,511,1.6484
13.8352,511,1.6484
13.8395,512,1.6516
13.8438,512,1.6516
13.8481,512,1.6516
13.8525,513,1.6548
13.8568,514,1.6581
13.8610,512,1.6516
13.8653,512,1.6516
13.8696,513,1.6548
13.8740,514,1.6581
13.8783,515,1.6613
13.8826,515,1.6613
13.8870,515,1.6613
13.8913,515,1.6613
13.8956,515,1.6613
13.9000,515,1.6613
13.9043,515,1.6613
13.9086,515,1.6613
13.9130,514,1.6581
13.9173,514,1.6581
13.9216,514,1.6581
13.9260,515,1.6613
13.9303,516,1.6645
13.9346,515,1.6613
13.9390,515,1.6613
13.9433,516,1.6645
13.9476,515,1.6613
13.9520,515,1.6613
13.9563,516,1.6645
13.9606,517,1.6677
13.9650,516,1.6645
13.9693,516,1.6645
13.9736,517,1.6677
13.9779,516,1.6645
13.9822,516,1.6645
13.9865,517,1.6677
13.9908,517,1.6677
13.9951,518,1.6710
13.9995,518,1.6710
14.0039,519,1.6742
14.0082,519,1.6742
14.0125,518,1.6710
14.0168,518,1.6710
14.0212,517,1.6677
14.0255,516,1.6645
14.0298,517,1.6677
14.0341,518,1.6710
14.0385,518,1.6710
14.0428,519,1.6742
14.0470,519,1.6742
14.0513,518,1.6710
14.0556,518,1.6710
14.0599,518,1.6710
14.0643,518,1.6710
14.0686,517,1.6677
14.0729,518,1.6710
14.0772,519,1.6742
14.0815,518,1.6710
14.0858,519,1.6742
14.0901,518,1.6710
14.0944,518,1.6710
14.0987,517,1.6677
14.1030,518,1.6710
14.1073,518,1.6710
14.1116,518,1.6710
14.1158,518,1.6710
14.1202,519,1.6742
14.1245,521,1.6806
14.1287,519,1.6742
14.1330,520,1.6774
14.1373,519,1.6742
14.1416,518,1.6710
14.1459,516,1.6645
14.1502,517,1.6677
14.1545,518,1.6710
14.1587,518,1.6710
14.1630,519,1.6742
14.1672,519,1.6742
14.1714,518,1.6710
14.1757,517,1.6677
14.1800,519,1.6742
14.1843,520,1.6774
14.1886,520,1.6774
14.1929,520,1.6774
14.1971,519,1.6742
14.2014,519,1.6742
14.2057,519,1.6742
14.2100,520,1.6774
14.2143,519,1.6742
14.2186,519,1.6742
14.2230,519,1.6742
14.2273,519,1.6742
14.2317,519,1.6742
14.2360,518,1.6710
14.2403,518,1.6710
14.2446,518,1.6710
14.2490,519,1.6742
14.2533,519,1.6742
14.2577,520,1.6774
14.2620,520,1.6774
14.2663,519,1.6742
14.2707,519,1.6742
14.2750,519,1.6742
14.2794,520,1.6774
14.2837,520,1.6774
14.2880,519,1.6742
14.2924,520,1.6774
14.2967,519,1.6742
14.3010,520,1.6774
14.3054,520,1.6774
14.3097,519,1.6742
14.3140,519,1.6742
14.3183,518,1.6710
14.3227,518,1.6710
14.3270,519,1.6742
14.3313,520,1.6774
14.3357,520,1.6774
14.3400,520,1.6774
14.3443,519,1.6742
14.3487,520,1.6774
14.3530,519,1.6742
14.3574,520,1.6774
14.3617,521,1.6806
14.3660,520,1.6774
14.3703,520,1.6774
14.3747,519,1.6742
14.3790,519,1.6742
14.3833,519,1.6742
14.3876,518,1.6710
14.3919,517,1.6677
14.3961,518,1.6710
14.4004,517,1.6677
14.4047,519,1.6742
14.4090,519,1.6742
14.4133,520,1.6774
14.4176,521,1.6806
14.4219,519,1.6742
14.4262,520,1.6774
14.4305,520,1.6774
14.4348,519,1.6742
14.4391,519,1.6742
14.4434,521,1.6806
14.4477,522,1.6839
14.4520,520,1.6774
14.4563,519,1.6742
14.4606,520,1.6774
14.4649,521,1.6806
14.4692,520,1.6774
14.4735,519,1.6742
14.4778,520,1.6774
14.4821,520,1.6774
14.4864,519,1.6742
14.4908,519,1.6742
14.4951,520,1.6774
14.4994,520,1.6774
14.5038,520,1.6774
14.5081,519,1.6742
14.5125,521,1.6806
14.5168,520,1.6774
14.5211,520,1.6774
14.5255,520,1.6774
14.5298,519,1.6742
14.5343,520,1.6774
14.5386,519,1.6742
14.5429,520,1.6774
14.5472,520,1.6774
14.5516,520,1.6774
14.5559,520,1.6774
14.5603,520,1.6774
14.5646,519,1.6742
14.5689,519,1.6742
14.5734,523,1.6871
14.5777,529,1.7065
14.5820,531,1.7129
14.5863,535,1.7258
14.5906,538,1.7355
14.5980,539,1.7387
14.6025,541,1.7452
14.6069,539,1.7387
14.6117,539,1.7387
14.6160,536,1.7290
14.6203,536,1.7290
14.6246,533,1.7194
14.6289,529,1.7065
14.6332,524,1.6903
14.6375,520,1.6774
14.6418,517,1.6677
14.6461,515,1.6613
14.6504,515,1.6613
14.6547,515,1.6613
14.6590,515,1.6613
14.6636,516,1.6645
14.6679,515,1.6613
14.6722,515,1.6613
14.6765,516,1.6645
14.6808,516,1.6645
14.6851,516,1.6645
14.6894,515,1.6613
14.6937,517,1.6677
14.6980,516,1.6645
14.7023,515,1.6613
14.7066,515,1.6613
14.7109,515,1.6613
14.7152,515,1.6613
14.7195,516,1.6645
14.7238,514,1.6581
14.7280,508,1.6387
14.7323,501,1.6161
14.7367,496,1.6000
14.7410,504,1.6258
14.7452,526,1.6968
14.7497,565,1.8226
14.7540,609,1.9645
14.7583,650,2.0968
14.7626,669,2.1581
14.7669,659,2.1258
14.7712,624,2.0129
14.7756,578,1.8645
14.7799,533,1.7194
14.7843,504,1.6258
14.7886,491,1.5839
14.7929,488,1.5742
14.7973,492,1.5871
14.8016,498,1.6065
14.8059,502,1.6194
14.8103,504,1.6258
14.8146,505,1.6290
14.8189,506,1.6323
14.8233,506,1.6323
14.8276,506,1.6323
14.8319,506,1.6323
14.8362,506,1.6323
14.8406,507,1.6355
14.8450,508,1.6387
14.8493,508,1.6387
14.8537,508,1.6387
14.8580,507,1.6355
14.8623,507,1.6355
14.8667,506,1.6323
14.8710,508,1.6387
14.8753,508,1.6387
14.8796,508,1.6387
14.8840,508,1.6387
14.8883,508,1.6387
14.8930,509,1.6419
14.8986,509,1.6419
14.9031,509,1.6419
14.9074,510,1.6452
14.9118,510,1.6452
14.9161,511,1.6484
14.9204,511,1.6484
14.9247,511,1.6484
14.9290,512,1.6516
14.9333,511,1.6484
14.9376,511,1.6484
14.9419,510,1.6452
14.9462,510,1.6452
14.9505,511,1.6484
14.9548,512,1.6516
14.9591,512,1.6516
14.9634,513,1.6548
14.9677,515,1.6613
14.9719,518,1.6710
14.9763,522,1.6839
14.9806,525,1.6935
14.9849,528,1.7032
14.9892,530,1.7097
14.9935,534,1.7226
14.9978,537,1.7323
15.0020,539,1.7387
15.0064,541,1.7452
15.0106,544,1.7548
15.0150,546,1.7613
15.0194,549,1.7710
15.0239,550,1.7742
15.0283,550,1.7742
15.0339,551,1.7774
15.0390,550,1.7742
15.0434,551,1.7774
15.0478,548,1.7677
15.0520,548,1.7677
15.0563,546,1.7613
15.0605,544,1.7548
15.0648,542,1.7484
15.0690,538,1.7355
15.0733,535,1.7258
15.0776,532,1.7161
15.0818,529,1.7065
15.0861,525,1.6935
15.0904,520,1.6774
15.0946,518,1.6710
15.0989,515,1.6613
15.1031,512,1.6516
15.1074,508,1.6387
15.1117,505,1.6290
15.1159,502,1.6194
15.1202,500,1.6129
15.1245,499,1.6097
15.1288,499,1.6097
15.1330,500,1.6129
15.1373,500,1.6129
15.1416,500,1.6129
15.1458,500,1.6129
15.1501,501,1.6161
15.1544,502,1.6194
15.1586,503,1.6226
15.1629,503,1.6226
15.1671,504,1.6258
15.1714,504,1.6258
15.1756,505,1.6290
15.1799,506,1.6323
15.1842,505,1.6290
15.1885,505,1.6290
15.1928,506,1.6323
15.1971,507,1.6355
15.2014,508,1.6387
15.2057,508,1.6387
15.2100,507,1.6355
15.2143,507,1.6355
15.2186,506,1.6323
15.2229,507,1.6355
15.2272,507,1.6355
15.2315,507,1.6355
15.2358,507,1.6355
15.2401,507,1.6355
15.2444,508,1.6387
15.2487,508,1.6387
15.2530,507,1.6355
15.2573,508,1.6387
15.2616,508,1.6387
15.2659,508,1.6387
15.2702,508,1.6387
15.2745,508,1.6387
15.2788,508,1.6387
15.2831,510,1.6452
15.2874,510,1.6452
15.2917,509,1.6419
15.2960,510,1.6452
15.3003,511,1.6484
15.3046,510,1.6452
15.3089,510,1.6452
15.3132,509,1.6419
15.3175,510,1.6452
15.3218,511,1.6484
15.3260,510,1.6452
15.3303,509,1.6419
15.3346,510,1.6452
15.3389,511,1.6484
15.3432,511,1.6484
15.3475,512,1.6516
15.3518,512,1.6516
15.3561,512,1.6516
15.3604,511,1.6484
15.3647,512,1.6516
15.3690,511,1.6484
15.3733,512,1.6516
15.3776,512,1.6516
15.3819,512,1.6516
15.3862,512,1.6516
15.3905,513,1.6548
15.3948,515,1.6613
15.3991,515,1.6613
15.4034,514,1.6581
15.4077,514,1.6581
15.4120,515,1.6613
15.4164,516,1.6645
15.4207,516,1.6645
15.4249,516,1.6645
15.4292,514,1.6581
15.4336,514,1.6581
15.4379,516,1.6645
15.4422,515,1.6613
15.4465,516,1.6645
15.4507,515,1.6613
15.4550,514,1.6581
15.4593,515,1.6613
15.4636,516,1.6645
15.4679,516,1.6645
15.4722,515,1.6613
15.4765,515,1.6613
15.4808,516,1.6645
15.4851,517,1.6677
15.4894,517,1.6677
15.4938,518,1.6710
15.4983,517,1.6677
15.5027,517,1.6677
15.5071,518,1.6710
15.5115,519,1.6742
15.5158,519,1.6742
15.5201,519,1.6742
15.5245,518,1.6710
15.5288,519,1.6742
15.5331,518,1.6710
15.5375,518,1.6710
15.5418,518,1.6710
15.5461,519,1.6742
15.5505,518,1.6710
15.5548,518,1.6710
15.5591,518,1.6710
15.5635,518,1.6710
15.5678,518,1.6710
15.5721,517,1.6677
15.5765,518,1.6710
15.5808,518,1.6710
15.5852,518,1.6710
15.5895,518,1.6710
15.5938,519,1.6742
15.5981,518,1.6710
15.6024,519,1.6742
15.6067,518,1.6710
15.6110,519,1.6742
15.6152,518,1.6710
15.6195,518,1.6710
15.6238,518,1.6710
15.6281,519,1.6742
15.6324,520,1.6774
15.6367,519,1.6742
15.6410,517,1.6677
15.6453,518,1.6710
15.6496,518,1.6710
15.6539,519,1.6742
15.6582,519,1.6742
15.6625,520,1.6774
15.6668,519,1.6742
15.6711,519,1.6742
15.6754,519,1.6742
15.6797,519,1.6742
15.6841,519,1.6742
15.6884,520,1.6774
15.6927,520,1.6774
15.6970,520,1.6774
15.7014,520,1.6774
15.7057,520,1.6774
15.7101,519,1.6742
15.7144,519,1.6742
15.7187,518,1.6710
15.7231,519,1.6742
15.7274,518,1.6710
15.7317,519,1.6742
15.7361,519,1.6742
15.7404,520,1.6774
15.7448,520,1.6774
15.7491,519,1.6742
15.7534,519,1.6742
15.7577,520,1.6774
15.7621,520,1.6774
15.7664,521,1.6806
15.7707,520,1.6774
15.7751,520,1.6774
15.7794,519,1.6742
15.7837,520,1.6774
15.7881,520,1.6774
15.7924,519,1.6742
15.7967,519,1.6742
15.8012,519,1.6742
15.8056,520,1.6774
15.8099,520,1.6774
15.8142,520,1.6774
15.8185,520,1.6774
15.8228,519,1.6742
15.8271,519,1.6742
15.8314,520,1.6774
15.8357,521,1.6806
15.8400,521,1.6806
15.8443,521,1.6806
15.8486,520,1.6774
15.8529,520,1.6774
15.8572,521,1.6806
15.8615,520,1.6774
15.8658,520,1.6774
15.8701,520,1.6774
15.8744,519,1.6742
15.8787,520,1.6774
15.8830,519,1.6742
15.8873,519,1.6742
15.8916,519,1.6742
15.8959,519,1.6742
15.9002,519,1.6742
15.9045,520,1.6774
15.9088,520,1.6774
15.9131,519,1.6742
15.9174,520,1.6774
15.9217,521,1.6806
15.9260,519,1.6742
15.9303,520,1.6774
15.9346,521,1.6806
15.9388,519,1.6742
15.9431,519,1.6742
15.9474,519,1.6742
15.9518,519,1.6742
15.9561,519,1.6742
15.9603,520,1.6774
15.9646,521,1.6806
15.9689,520,1.6774
15.9732,520,1.6774
15.9775,520,1.6774
15.9818,520,1.6774
15.9861,520,1.6774
15.9904,520,1.6774
15.9948,520,1.6774
15.9991,520,1.6774
16.0035,519,1.6742
16.0078,518,1.6710
16.0121,517,1.6677
16.0165,518,1.6710
16.0208,518,1.6710
16.0251,519,1.6742
16.0294,519,1.6742
16.0338,518,1.6710
16.0381,519,1.6742
16.0424,520,1.6774
16.0468,520,1.6774
16.0511,519,1.6742
16.0555,519,1.6742
16.0598,520,1.6774
16.0641,520,1.6774
16.0684,520,1.6774
16.0728,523,1.6871
16.0771,527,1.7000
16.0814,530,1.7097
16.0858,534,1.7226
16.0901,534,1.7226
16.0944,537,1.7323
16.0987,540,1.7419
16.1030,540,1.7419
16.1073,540,1.7419
16.1116,539,1.7387
16.1159,536,1.7290
16.1202,534,1.7226
16.1245,531,1.7129
16.1287,528,1.7032
16.1330,522,1.6839
16.1373,518,1.6710
16.1416,515,1.6613
16.1459,515,1.6613
16.1502,514,1.6581
16.1545,515,1.6613
16.1588,515,1.6613
16.1631,513,1.6548
16.1674,514,1.6581
16.1717,514,1.6581
16.1760,514,1.6581
16.1803,514,1.6581
16.1846,515,1.6613
16.1890,515,1.6613
16.1933,514,1.6581
16.1976,515,1.6613
16.2020,514,1.6581
16.2063,514,1.6581
16.2106,514,1.6581
16.2149,515,1.6613
16.2193,515,1.6613
16.2236,514,1.6581
16.2279,509,1.6419
16.2323,499,1.6097
16.2366,495,1.5968
16.2409,504,1.6258
16.2453,528,1.7032
16.2496,564,1.8194
16.2539,607,1.9581
16.2583,651,2.1000
16.2626,671,2.1645
16.2669,661,2.1323
16.2712,625,2.0161
16.2756,577,1.8613
16.2799,532,1.7161
16.2843,503,1.6226
16.2886,490,1.5806
16.2929,487,1.5710
16.2972,492,1.5871
16.3016,497,1.6032
16.3058,502,1.6194
16.3101,504,1.6258
16.3144,504,1.6258
16.3187,505,1.6290
16.3230,504,1.6258
16.3273,505,1.6290
16.3316,505,1.6290
16.3359,505,1.6290
16.3402,505,1.6290
16.3445,507,1.6355
16.3488,506,1.6323
16.3531,506,1.6323
16.3574,506,1.6323
16.3617,506,1.6323
16.3660,505,1.6290
16.3703,507,1.6355
16.3745,507,1.6355
16.3788,507,1.6355
16.3831,508,1.6387
16.3874,508,1.6387
16.3917,507,1.6355
16.3960,509,1.6419
16.4020,512,1.6516
16.4065,509,1.6419
16.4108,508,1.6387
16.4151,507,1.6355
16.4195,508,1.6387
16.4238,510,1.6452
16.4281,511,1.6484
16.4325,510,1.6452
16.4375,510,1.6452
16.4419,510,1.6452
16.4463,511,1.6484
16.4506,511,1.6484
16.4550,510,1.6452
16.4593,510,1.6452
16.4636,512,1.6516
16.4680,514,1.6581
16.4723,518,1.6710
16.4766,522,1.6839
16.4809,524,1.6903
16.4853,529,1.7065
16.4896,532,1.7161
16.4939,534,1.7226
16.4983,538,1.7355
16.5026,542,1.7484
16.5069,545,1.7581
16.5112,546,1.7613
16.5155,549,1.7710
16.5198,551,1.7774
16.5241,551,1.7774
16.5284,553,1.7839
16.5327,552,1.7806
16.5370,553,1.7839
16.5412,551,1.7774
16.5456,551,1.7774
16.5499,548,1.7677
16.5542,546,1.7613
16.5585,543,1.7516
16.5629,541,1.7452
16.5673,540,1.7419
16.5716,537,1.7323
16.5758,533,1.7194
16.5801,530,1.7097
16.5844,527,1.7000
16.5887,522,1.6839
16.5931,519,1.6742
16.5974,515,1.6613
16.6018,514,1.6581
16.6061,511,1.6484
16.6104,508,1.6387
16.6148,504,1.6258
16.6191,502,1.6194
16.6234,501,1.6161
16.6278,501,1.6161
16.6321,502,1.6194
16.6364,503,1.6226
16.6407,503,1.6226
16.6451,504,1.6258
16.6494,504,1.6258
16.6538,504,1.6258
16.6581,504,1.6258
16.6624,504,1.6258
16.6667,504,1.6258
16.6711,504,1.6258
16.6754,504,1.6258
16.6797,504,1.6258
16.6840,504,1.6258
16.6884,504,1.6258
16.6927,505,1.6290
16.6971,505,1.6290
16.7017,504,1.6258
16.7061,505,1.6290
16.7105,507,1.6355
16.7148,506,1.6323
16.7191,506,1.6323
16.7234,507,1.6355
16.7277,505,1.6290
16.7321,507,1.6355
16.7364,509,1.6419
16.7407,508,1.6387
16.7450,508,1.6387
16.7493,508,1.6387
16.7536,509,1.6419
16.7579,509,1.6419
16.7622,508,1.6387
16.7664,510,1.6452
16.7707,509,1.6419
16.7750,508,1.6387
16.7793,508,1.6387
16.7836,509,1.6419
16.7879,509,1.6419
16.7922,509,1.6419
16.7965,509,1.6419
16.8009,510,1.6452
16.8052,511,1.6484
16.8095,510,1.6452
16.8139,511,1.6484
16.8182,510,1.6452
16.8225,510,1.6452
16.8268,511,1.6484
16.8310,510,1.6452
16.8354,512,1.6516
16.8396,512,1.6516
16.8439,512,1.6516
16.8482,512,1.6516
16.8525,513,1.6548
16.8569,513,1.6548
16.8612,514,1.6581
16.8654,514,1.6581
16.8697,514,1.6581
16.8741,514,1.6581
16.8784,514,1.6581
16.8826,513,1.6548
16.8869,513,1.6548
16.8912,514,1.6581
16.8956,514,1.6581
16.8999,514,1.6581
16.9042,515,1.6613
16.9085,515,1.6613
16.9128,516,1.6645
16.9171,515,1.6613
16.9214,515,1.6613
16.9257,515,1.6613
16.9299,514,1.6581
16.9343,514,1.6581
16.9386,515,1.6613
16.9429,514,1.6581
16.9472,515,1.6613
16.9515,516,1.6645
16.9558,514,1.6581
16.9601,515,1.6613
16.9644,515,1.6613
16.9687,513,1.6548
16.9729,514,1.6581
16.9772,515,1.6613
16.9815,516,1.6645
16.9858,517,1.6677
16.9901,516,1.6645
16.9944,516,1.6645
16.9987,515,1.6613
17.0031,516,1.6645
17.0074,517,1.6677
17.0117,518,1.6710
17.0161,518,1.6710
17.0204,518,1.6710
17.0247,518,1.6710
17.0291,518,1.6710
17.0334,518,1.6710
17.0377,517,1.6677
17.0421,518,1.6710
17.0464,518,1.6710
17.0507,518,1.6710
17.0551,518,1.6710
17.0594,518,1.6710
17.0637,517,1.6677
17.0680,517,1.6677
17.0724,517,1.6677
17.0767,517,1.6677
17.0811,518,1.6710
17.0854,519,1.6742
17.0897,519,1.6742
17.0940,518,1.6710
17.0984,519,1.6742
17.1027,519,1.6742
17.1070,518,1.6710
17.1113,518,1.6710
17.1156,516,1.6645
17.1199,516,1.6645
17.1242,517,1.6677
17.1285,518,1.6710
17.1328,517,1.6677
17.1371,517,1.6677
17.1414,518,1.6710
17.1457,518,1.6710
17.1500,517,1.6677
17.1543,518,1.6710
17.1586,518,1.6710
17.1629,520,1.6774
17.1672,518,1.6710
17.1715,518,1.6710
17.1758,518,1.6710
17.1801,520,1.6774
17.1844,519,1.6742
17.1887,519,1.6742
17.1930,518,1.6710
17.1972,518,1.6710
17.2015,518,1.6710
17.2059,518,1.6710
17.2102,519,1.6742
17.2146,518,1.6710
17.2189,518,1.6710
17.2232,520,1.6774
17.2276,521,1.6806
17.2319,520,1.6774
17.2362,519,1.6742
17.2405,520,1.6774
17.2449,520,1.6774
17.2492,519,1.6742
17.2535,520,1.6774
17.2579,519,1.6742
17.2622,519,1.6742
17.2665,518,1.6710
17.2709,518,1.6710
17.2752,519,1.6742
17.2795,519,1.6742
17.2838,521,1.6806
17.2882,521,1.6806
17.2925,521,1.6806
17.2969,518,1.6710
17.3015,519,1.6742
17.3060,518,1.6710
17.3104,518,1.6710
17.3147,518,1.6710
17.3190,519,1.6742
17.3233,519,1.6742
17.3276,519,1.6742
17.3319,520,1.6774
17.3362,519,1.6742
17.3405,520,1.6774
17.3448,519,1.6742
17.3491,520,1.6774
17.3534,519,1.6742
17.3578,519,1.6742
17.3621,518,1.6710
17.3664,520,1.6774
17.3707,520,1.6774
17.3751,520,1.6774
17.3794,519,1.6742
17.3838,520,1.6774
17.3881,520,1.6774
17.3924,520,1.6774
17.3967,520,1.6774
17.4011,518,1.6710
17.4054,519,1.6742
17.4097,519,1.6742
17.4140,519,1.6742
17.4184,520,1.6774
17.4226,520,1.6774
17.4270,520,1.6774
17.4313,520,1.6774
17.4356,520,1.6774
17.4399,518,1.6710
17.4442,519,1.6742
17.4485,520,1.6774
17.4529,519,1.6742
17.4572,519,1.6742
17.4615,520,1.6774
17.4660,519,1.6742
17.4704,520,1.6774
17.4747,519,1.6742
17.4790,519,1.6742
17.4832,520,1.6774
17.4876,520,1.6774
17.4919,521,1.6806
17.4962,520,1.6774
17.5005,520,1.6774
17.5048,519,1.6742
17.5091,519,1.6742
17.5134,519,1.6742
17.5177,521,1.6806
17.5220,521,1.6806
17.5263,521,1.6806
17.5306,520,1.6774
17.5350,519,1.6742
17.5393,520,1.6774
17.5435,519,1.6742
17.5481,519,1.6742
17.5525,519,1.6742
17.5573,520,1.6774
17.5617,520,1.6774
17.5659,520,1.6774
17.5703,523,1.6871
17.5746,526,1.6968
17.5789,529,1.7065
17.5832,533,1.7194
17.5875,535,1.7258
17.5918,538,1.7355
17.5962,540,1.7419
17.6006,541,1.7452
17.6050,542,1.7484
17.6097,541,1.7452
17.6141,538,1.7355
17.6184,536,1.7290
17.6227,534,1.7226
17.6270,531,1.7129
17.6313,526,1.6968
17.6357,523,1.6871
17.6399,519,1.6742
17.6443,516,1.6645
17.6486,516,1.6645
17.6529,516,1.6645
17.6572,516,1.6645
17.6616,516,1.6645
17.6658,516,1.6645
17.6701,516,1.6645
17.6744,515,1.6613
17.6788,515,1.6613
17.6831,516,1.6645
17.6874,516,1.6645
17.6918,516,1.6645
17.6961,517,1.6677
17.7004,516,1.6645
17.7047,518,1.6710
17.7091,517,1.6677
17.7134,518,1.6710
17.7177,518,1.6710
17.7220,517,1.6677
17.7263,513,1.6548
17.7306,505,1.6290
17.7349,496,1.6000
17.7392,499,1.6097
17.7435,516,1.6645
17.7478,548,1.7677
17.7521,590,1.9032
17.7564,635,2.0484
17.7608,667,2.1516
17.7651,669,2.1581
17.7694,642,2.0710
17.7737,601,1.9387
17.7780,552,1.7806
17.7823,517,1.6677
17.7866,497,1.6032
17.7909,489,1.5774
17.7952,489,1.5774
17.7995,496,1.6000
17.8038,502,1.6194
17.8081,504,1.6258
17.8125,504,1.6258
17.8168,505,1.6290
17.8211,506,1.6323
17.8254,506,1.6323
17.8297,507,1.6355
17.8340,507,1.6355
17.8388,507,1.6355
17.8431,508,1.6387
17.8474,510,1.6452
17.8517,509,1.6419
17.8560,509,1.6419
17.8604,509,1.6419
17.8647,509,1.6419
17.8690,509,1.6419
17.8733,509,1.6419
17.8776,509,1.6419
17.8819,508,1.6387
17.8862,508,1.6387
17.8905,508,1.6387
17.8948,508,1.6387
17.8991,508,1.6387
17.9034,510,1.6452
17.9077,509,1.6419
17.9121,510,1.6452
17.9164,510,1.6452
17.9207,509,1.6419
17.9250,510,1.6452
17.9293,509,1.6419
17.9336,509,1.6419
17.9379,510,1.6452
17.9422,509,1.6419
17.9465,510,1.6452
17.9508,509,1.6419
17.9551,511,1.6484
17.9594,511,1.6484
17.9638,512,1.6516
17.9681,514,1.6581
17.9723,517,1.6677
17.9766,520,1.6774
17.9809,523,1.6871
17.9853,526,1.6968
17.9896,528,1.7032
17.9939,533,1.7194
17.9982,536,1.7290
18.0025,538,1.7355
18.0068,542,1.7484
18.0111,544,1.7548
18.0154,546,1.7613
18.0197,546,1.7613
18.0241,547,1.7645
18.0284,549,1.7710
18.0327,550,1.7742
18.0369,548,1.7677
18.0412,550,1.7742
18.0456,548,1.7677
18.0499,547,1.7645
18.0542,545,1.7581
18.0590,543,1.7516
18.0633,541,1.7452
18.0676,538,1.7355
18.0719,534,1.7226
18.0762,532,1.7161
18.0805,529,1.7065
18.0849,527,1.7000
18.0892,522,1.6839
18.0935,520,1.6774
18.0977,516,1.6645
18.1021,514,1.6581
18.1064,510,1.6452
18.1107,505,1.6290
18.1151,502,1.6194
18.1193,500,1.6129
18.1237,499,1.6097
18.1280,499,1.6097
18.1323,499,1.6097
18.1366,500,1.6129
18.1409,500,1.6129
18.1452,501,1.6161
18.1495,502,1.6194
18.1538,502,1.6194
18.1581,503,1.6226
18.1624,504,1.6258
18.1668,504,1.6258
18.1711,505,1.6290
18.1754,505,1.6290
18.1797,505,1.6290
18.1840,503,1.6226
18.1883,504,1.6258
18.1926,505,1.6290
18.1969,504,1.6258
18.2022,504,1.6258
18.2067,505,1.6290
18.2114,506,1.6323
18.2158,505,1.6290
18.2201,506,1.6323
18.2244,507,1.6355
18.2287,508,1.6387
18.2330,508,1.6387
18.2373,508,1.6387
18.2416,508,1.6387
18.2459,508,1.6387
18.2502,509,1.6419
18.2545,508,1.6387
18.2588,509,1.6419
18.2634,509,1.6419
18.2678,509,1.6419
18.2721,510,1.6452
18.2764,509,1.6419
18.2807,510,1.6452
18.2850,508,1.6387
18.2893,508,1.6387
18.2936,509,1.6419
18.2979,509,1.6419
18.3022,511,1.6484
18.3065,512,1.6516
18.3108,511,1.6484
18.3152,512,1.6516
18.3194,512,1.6516
18.3237,512,1.6516
18.3280,512,1.6516
18.3324,512,1.6516
18.3367,513,1.6548
18.3410,512,1.6516
18.3453,513,1.6548
18.3497,513,1.6548
18.3540,514,1.6581
18.3582,513,1.6548
18.3626,513,1.6548
18.3669,513,1.6548
18.3712,513,1.6548
18.3755,513,1.6548
18.3798,513,1.6548
18.3841,514,1.6581
18.3884,515,1.6613
18.3928,516,1.6645
18.3971,516,1.6645
18.4014,517,1.6677
18.4056,517,1.6677
18.4100,516,1.6645
18.4143,516,1.6645
18.4186,517,1.6677
18.4229,515,1.6613
18.4272,515,1.6613
18.4316,513,1.6548
18.4359,514,1.6581
18.4402,515,1.6613
18.4444,515,1.6613
18.4488,515,1.6613
18.4531,515,1.6613
18.4574,515,1.6613
18.4617,516,1.6645
18.4660,516,1.6645
18.4703,515,1.6613
18.4747,515,1.6613
18.4790,516,1.6645
18.4832,516,1.6645
18.4875,516,1.6645
18.4924,516,1.6645
18.4967,516,1.6645
18.5012,516,1.6645
18.5056,515,1.6613
18.5102,515,1.6613
18.5146,516,1.6645
18.5189,516,1.6645
18.5231,517,1.6677
18.5274,517,1.6677
18.5316,516,1.6645
18.5359,517,1.6677
18.5402,517,1.6677
18.5444,517,1.6677
18.5487,516,1.6645
18.5530,518,1.6710
18.5572,516,1.6645
18.5615,518,1.6710
18.5657,518,1.6710
18.5700,518,1.6710
18.5743,517,1.6677
18.5785,518,1.6710
18.5828,516,1.6645
18.5870,517,1.6677
18.5913,518,1.6710
18.5957,518,1.6710
18.6000,517,1.6677
18.6043,518,1.6710
18.6085,519,1.6742
18.6128,519,1.6742
18.6171,517,1.6677
18.6214,517,1.6677
18.6257,518,1.6710
18.6300,517,1.6677
18.6343,518,1.6710
18.6386,517,1.6677
18.6429,518,1.6710
18.6472,519,1.6742
18.6515,518,1.6710
18.6558,518,1.6710
18.6601,519,1.6742
18.6644,519,1.6742
18.6687,519,1.6742
18.6729,519,1.6742
18.6772,519,1.6742
18.6815,518,1.6710
18.6858,518,1.6710
18.6901,519,1.6742
18.6944,520,1.6774
18.6987,519,1.6742
18.7030,519,1.6742
18.7072,518,1.6710
18.7116,517,1.6677
18.7159,517,1.6677
18.7202,517,1.6677
18.7245,517,1.6677
18.7288,519,1.6742
18.7331,519,1.6742
18.7374,519,1.6742
18.7417,519,1.6742
18.7459,519,1.6742
18.7503,519,1.6742
18.7545,519,1.6742
18.7588,518,1.6710
18.7631,518,1.6710
18.7674,518,1.6710
18.7717,518,1.6710
18.7760,519,1.6742
18.7803,518,1.6710
18.7846,519,1.6742
18.7889,519,1.6742
18.7931,519,1.6742
18.7974,518,1.6710
18.8017,519,1.6742
18.8060,519,1.6742
18.8103,518,1.6710
18.8146,519,1.6742
18.8188,520,1.6774
18.8231,519,1.6742
18.8274,520,1.6774
18.8317,519,1.6742
18.8360,519,1.6742
18.8403,519,1.6742
18.8446,519,1.6742
18.8489,518,1.6710
18.8532,517,1.6677
18.8575,518,1.6710
18.8618,518,1.6710
18.8661,519,1.6742
18.8704,518,1.6710
18.8747,518,1.6710
18.8789,519,1.6742
18.8832,520,1.6774
18.8875,519,1.6742
18.8918,520,1.6774
18.8961,519,1.6742
18.9004,520,1.6774
18.9047,520,1.6774
18.9090,520,1.6774
18.9133,520,1.6774
18.9176,521,1.6806
18.9219,520,1.6774
18.9262,520,1.6774
18.9305,520,1.6774
18.9348,517,1.6677
18.9391,519,1.6742
18.9434,519,1.6742
18.9477,521,1.6806
18.9520,519,1.6742
18.9563,519,1.6742
18.9606,519,1.6742
18.9649,520,1.6774
18.9692,520,1.6774
18.9735,521,1.6806
18.9777,521,1.6806
18.9820,521,1.6806
18.9863,520,1.6774
18.9906,521,1.6806
18.9949,520,1.6774
18.9992,520,1.6774
19.0034,520,1.6774
19.0077,519,1.6742
19.0120,519,1.6742
19.0163,519,1.6742
19.0206,519,1.6742
19.0249,518,1.6710
19.0292,519,1.6742
19.0334,519,1.6742
19.0377,520,1.6774
19.0420,519,1.6742
19.0463,519,1.6742
19.0506,520,1.6774
19.0549,520,1.6774
19.0592,520,1.6774
19.0635,520,1.6774
19.0678,522,1.6839
19.0721,524,1.6903
19.0764,528,1.7032
19.0807,530,1.7097
19.0849,535,1.7258
19.0892,538,1.7355
19.0935,539,1.7387
19.0979,541,1.7452
19.1024,542,1.7484
19.1068,539,1.7387
19.1112,539,1.7387
19.1157,537,1.7323
19.1200,535,1.7258
19.1244,531,1.7129
19.1287,529,1.7065
19.1330,524,1.6903
19.1372,520,1.6774
19.1415,516,1.6645
19.1458,516,1.6645
19.1502,515,1.6613
19.1545,514,1.6581
19.1588,513,1.6548
19.1631,515,1.6613
19.1674,515,1.6613
19.1717,516,1.6645
19.1760,516,1.6645
19.1803,516,1.6645
19.1846,516,1.6645
19.1889,516,1.6645
19.1932,517,1.6677
19.1974,517,1.6677
19.2017,516,1.6645
19.2060,517,1.6677
19.2103,517,1.6677
19.2146,516,1.6645
19.2189,516,1.6645
19.2232,515,1.6613
19.2275,509,1.6419
19.2318,502,1.6194
19.2361,496,1.6000
19.2404,503,1.6226
19.2447,524,1.6903
19.2491,560,1.8065
19.2535,601,1.9387
19.2577,644,2.0774
19.2620,669,2.1581
19.2663,663,2.1387
19.2706,632,2.0387
19.2749,586,1.8903
19.2792,539,1.7387
19.2835,508,1.6387
19.2878,493,1.5903
19.2921,489,1.5774
19.2964,492,1.5871
19.3007,499,1.6097
19.3050,503,1.6226
19.3093,505,1.6290
19.3136,507,1.6355
19.3179,505,1.6290
19.3222,504,1.6258
19.3265,506,1.6323
19.3308,506,1.6323
19.3352,507,1.6355
19.3395,507,1.6355
19.3438,507,1.6355
19.3482,507,1.6355
19.3525,508,1.6387
19.3569,508,1.6387
19.3612,508,1.6387
19.3655,509,1.6419
19.3698,509,1.6419
19.3744,509,1.6419
19.3787,509,1.6419
19.3830,510,1.6452
19.3873,510,1.6452
19.3917,509,1.6419
19.3960,509,1.6419
19.4005,509,1.6419
19.4049,511,1.6484
19.4093,510,1.6452
19.4137,510,1.6452
19.4182,511,1.6484
19.4225,511,1.6484
19.4268,511,1.6484
19.4311,512,1.6516
19.4354,510,1.6452
19.4397,510,1.6452
19.4440,511,1.6484
19.4483,512,1.6516
19.4526,512,1.6516
19.4569,511,1.6484
19.4612,512,1.6516
19.4655,515,1.6613
19.4698,517,1.6677
19.4741,520,1.6774
19.4784,523,1.6871
19.4827,526,1.6968
19.4870,530,1.7097
19.4913,533,1.7194
19.4956,536,1.7290
19.4999,539,1.7387
19.5042,541,1.7452
19.5085,544,1.7548
19.5128,546,1.7613
19.5171,548,1.7677
19.5214,547,1.7645
19.5258,549,1.7710
19.5301,548,1.7677
19.5344,550,1.7742
19.5387,550,1.7742
19.5431,550,1.7742
19.5474,548,1.7677
19.5518,547,1.7645
19.5561,545,1.7581
19.5604,543,1.7516
19.5648,542,1.7484
19.5691,539,1.7387
19.5734,536,1.7290
19.5778,532,1.7161
19.5821,529,1.7065
19.5864,525,1.6935
19.5908,521,1.6806
19.5951,518,1.6710
19.5994,515,1.6613
19.6038,512,1.6516
19.6081,509,1.6419
19.6124,505,1.6290
19.6167,501,1.6161
19.6211,499,1.6097
19.6254,499,1.6097
19.6297,499,1.6097
19.6340,500,1.6129
19.6383,499,1.6097
19.6426,500,1.6129
19.6469,502,1.6194
19.6512,502,1.6194
19.6555,503,1.6226
19.6598,502,1.6194
19.6641,502,1.6194
19.6684,503,1.6226
19.6726,504,1.6258
19.6769,504,1.6258
19.6812,504,1.6258
19.6855,505,1.6290
19.6898,505,1.6290
19.6941,507,1.6355
19.6984,506,1.6323
19.7027,508,1.6387
19.7070,508,1.6387
19.7113,508,1.6387
19.7156,508,1.6387
19.7199,507,1.6355
19.7242,507,1.6355
19.7286,508,1.6387
19.7329,508,1.6387
19.7372,509,1.6419
19.7415,509,1.6419
19.7459,509,1.6419
19.7502,508,1.6387
19.7546,508,1.6387
19.7589,509,1.6419
19.7632,508,1.6387
19.7676,509,1.6419
19.7719,510,1.6452
19.7762,509,1.6419
19.7805,509,1.6419
19.7849,508,1.6387
19.7892,509,1.6419
19.7935,510,1.6452
19.7979,510,1.6452
19.8022,509,1.6419
19.8065,510,1.6452
19.8109,510,1.6452
19.8152,510,1.6452
19.8195,511,1.6484
19.8238,511,1.6484
19.8282,511,1.6484
19.8325,511,1.6484
19.8368,511,1.6484
19.8410,511,1.6484
19.8453,512,1.6516
19.8497,512,1.6516
19.8540,512,1.6516
19.8583,513,1.6548
19.8626,513,1.6548
19.8668,515,1.6613
19.8711,516,1.6645
19.8754,514,1.6581
19.8797,514,1.6581
19.8840,514,1.6581
19.8883,515,1.6613
19.8926,515,1.6613
19.8969,514,1.6581
19.9012,515,1.6613
19.9055,516,1.6645
19.9098,515,1.6613
19.9141,515,1.6613
19.9184,514,1.6581
19.9227,515,1.6613
19.9270,515,1.6613
19.9314,514,1.6581
19.9357,515,1.6613
19.9401,515,1.6613
19.9444,515,1.6613
19.9487,515,1.6613
19.9531,516,1.6645
19.9574,516,1.6645
19.9618,516,1.6645
19.9661,516,1.6645
19.9704,517,1.6677
19.9748,517,1.6677
19.9795,518,1.6710
19.9839,518,1.6710
19.9882,518,1.6710
19.9926,518,1.6710
19.9969,518,1.6710
20.0014,518,1.6710
20.0058,518,1.6710
20.0102,519,1.6742
20.0145,519,1.6742
20.0188,517,1.6677
20.0233,517,1.6677
20.0277,518,1.6710
20.0322,519,1.6742
20.0397,519,1.6742
20.0443,519,1.6742
20.0487,519,1.6742
20.0530,518,1.6710
20.0573,517,1.6677
20.0615,518,1.6710
20.0658,519,1.6742
20.0701,519,1.6742
20.0743,520,1.6774
20.0787,518,1.6710
20.0830,517,1.6677
20.0872,518,1.6710
20.0915,518,1.6710
20.0958,518,1.6710
20.1000,519,1.6742
20.1043,518,1.6710
20.1085,518,1.6710
20.1128,519,1.6742
20.1170,518,1.6710
20.1213,519,1.6742
20.1255,518,1.6710
20.1298,518,1.6710
20.1340,518,1.6710
20.1383,518,1.6710
20.1425,519,1.6742
20.1468,520,1.6774
20.1510,520,1.6774
20.1552,519,1.6742
20.1595,518,1.6710
20.1637,518,1.6710
20.1680,518,1.6710
20.1722,518,1.6710
20.1764,518,1.6710
20.1807,518,1.6710
20.1849,517,1.6677
20.1892,518,1.6710
20.1934,520,1.6774
20.1977,519,1.6742
20.2019,519,1.6742
20.2061,519,1.6742
20.2104,520,1.6774
20.2146,519,1.6742
20.2189,519,1.6742
20.2231,519,1.6742
20.2273,519,1.6742
20.2316,519,1.6742
20.2359,518,1.6710
20.2402,518,1.6710
20.2445,518,1.6710
20.2488,517,1.6677
20.2531,518,1.6710
20.2574,518,1.6710
20.2618,520,1.6774
20.2660,520,1.6774
20.2703,520,1.6774
20.2746,519,1.6742
20.2789,519,1.6742
20.2832,519,1.6742
20.2875,519,1.6742
20.2918,519,1.6742
20.2961,518,1.6710
20.3005,520,1.6774
20.3048,519,1.6742
20.3092,519,1.6742
20.3135,518,1.6710
20.3178,517,1.6677
20.3222,518,1.6710
20.3266,519,1.6742
20.3309,520,1.6774
20.3351,519,1.6742
20.3394,519,1.6742
20.3437,519,1.6742
20.3480,519,1.6742
20.3522,518,1.6710
20.3564,518,1.6710
20.3607,518,1.6710
20.3649,518,1.6710
20.3692,518,1.6710
20.3734,519,1.6742
20.3777,519,1.6742
20.3820,518,1.6710
20.3863,519,1.6742
20.3906,518,1.6710
20.3948,518,1.6710
20.3991,518,1.6710
20.4034,519,1.6742
20.4076,519,1.6742
20.4119,519,1.6742
20.4162,518,1.6710
20.4204,518,1.6710
20.4247,519,1.6742
20.4290,520,1.6774
20.4332,520,1.6774
20.4375,520,1.6774
20.4418,520,1.6774
20.4462,519,1.6742
20.4505,519,1.6742
20.4547,520,1.6774
20.4590,520,1.6774
20.4633,520,1.6774
20.4676,521,1.6806
20.4720,520,1.6774
20.4762,520,1.6774
20.4805,520,1.6774
20.4848,521,1.6806
20.4891,521,1.6806
20.4934,521,1.6806
20.4977,521,1.6806
20.5020,521,1.6806
20.5063,521,1.6806
20.5106,519,1.6742
20.5149,519,1.6742
20.5192,520,1.6774
20.5235,520,1.6774
20.5278,520,1.6774
20.5321,520,1.6774
20.5365,520,1.6774
20.5408,520,1.6774
20.5451,520,1.6774
20.5495,520,1.6774
20.5538,519,1.6742
20.5580,518,1.6710
20.5623,519,1.6742
20.5666,521,1.6806
20.5709,522,1.6839
20.5751,526,1.6968
20.5795,529,1.7065
20.5837,533,1.7194
20.5880,535,1.7258
20.5923,538,1.7355
20.5966,541,1.7452
20.6008,542,1.7484
20.6051,542,1.7484
20.6094,542,1.7484
20.6137,540,1.7419
20.6179,537,1.7323
20.6222,534,1.7226
20.6265,531,1.7129
20.6308,526,1.6968
20.6351,523,1.6871
20.6394,518,1.6710
20.6437,517,1.6677
20.6480,516,1.6645
20.6523,517,1.6677
20.6566,516,1.6645
20.6609,517,1.6677
20.6652,516,1.6645
20.6695,516,1.6645
20.6738,516,1.6645
20.6781,516,1.6645
20.6824,517,1.6677
20.6867,516,1.6645
20.6910,515,1.6613
20.6953,515,1.6613
20.6996,515,1.6613
20.7038,515,1.6613
20.7081,516,1.6645
20.7124,516,1.6645
20.7167,516,1.6645
20.7210,515,1.6613
20.7253,513,1.6548
20.7296,506,1.6323
20.7339,500,1.6129
20.7382,498,1.6065
20.7425,512,1.6516
20.7468,541,1.7452
20.7511,580,1.8710
20.7554,623,2.0097
20.7597,661,2.1323
20.7640,671,2.1645
20.7683,651,2.1000
20.7726,611,1.9710
20.7769,563,1.8161
20.7812,521,1.6806
20.7855,499,1.6097
20.7898,489,1.5774
20.7942,489,1.5774
20.7985,494,1.5935
20.8028,500,1.6129
20.8070,503,1.6226
20.8113,504,1.6258
20.8156,505,1.6290
20.8199,504,1.6258
20.8243,504,1.6258
20.8285,505,1.6290
20.8328,506,1.6323
20.8372,505,1.6290
20.8415,505,1.6290
20.8458,505,1.6290
20.8501,505,1.6290
20.8543,505,1.6290
20.8587,505,1.6290
20.8629,506,1.6323
20.8672,507,1.6355
20.8715,508,1.6387
20.8757,508,1.6387
20.8801,508,1.6387
20.8844,508,1.6387
20.8886,508,1.6387
20.8929,509,1.6419
20.8973,509,1.6419
20.9016,509,1.6419
20.9084,510,1.6452
20.9128,510,1.6452
20.9171,510,1.6452
20.9214,511,1.6484
20.9257,512,1.6516
20.9299,512,1.6516
20.9343,510,1.6452
20.9386,509,1.6419
20.9428,509,1.6419
20.9471,510,1.6452
20.9514,510,1.6452
20.9556,510,1.6452
20.9599,510,1.6452
20.9642,511,1.6484
20.9684,514,1.6581
20.9727,518,1.6710
20.9770,523,1.6871
20.9812,525,1.6935
20.9855,528,1.7032
20.9898,531,1.7129
20.9941,534,1.7226
20.9983,536,1.7290
21.0027,540,1.7419
21.0070,542,1.7484
21.0112,544,1.7548
21.0155,546,1.7613
21.0198,546,1.7613
21.0240,549,1.7710
21.0283,551,1.7774
21.0326,552,1.7806
21.0368,550,1.7742
21.0412,549,1.7710
21.0455,549,1.7710
21.0497,546,1.7613
21.0540,547,1.7645
21.0583,544,1.7548
21.0626,543,1.7516
21.0669,539,1.7387
21.0711,536,1.7290
21.0754,533,1.7194
21.0797,531,1.7129
21.0839,528,1.7032
21.0882,524,1.6903
21.0925,520,1.6774
21.0968,517,1.6677
21.1010,513,1.6548
21.1053,509,1.6419
21.1096,507,1.6355
21.1139,504,1.6258
21.1182,501,1.6161
21.1225,499,1.6097
21.1267,499,1.6097
21.1310,501,1.6161
21.1353,500,1.6129
21.1397,499,1.6097
21.1440,500,1.6129
21.1483,501,1.6161
21.1526,502,1.6194
21.1569,503,1.6226
21.1611,502,1.6194
21.1655,503,1.6226
21.1697,504,1.6258
21.1740,504,1.6258
21.1783,504,1.6258
21.1826,503,1.6226
21.1869,504,1.6258
21.1912,505,1.6290
21.1955,505,1.6290
21.1998,505,1.6290
21.2047,505,1.6290
21.2092,506,1.6323
21.2135,506,1.6323
21.2178,506,1.6323
21.2220,506,1.6323
21.2263,505,1.6290
21.2306,505,1.6290
21.2349,506,1.6323
21.2392,506,1.6323
21.2435,507,1.6355
21.2478,507,1.6355
21.2520,507,1.6355
21.2563,507,1.6355
21.2605,507,1.6355
21.2648,507,1.6355
21.2691,507,1.6355
21.2734,507,1.6355
21.2776,508,1.6387
21.2819,508,1.6387
21.2861,510,1.6452
21.2904,511,1.6484
21.2947,510,1.6452
21.2989,511,1.6484
21.3034,510,1.6452
21.3077,508,1.6387
21.3120,510,1.6452
21.3163,511,1.6484
21.3205,510,1.6452
21.3248,510,1.6452
21.3290,511,1.6484
21.3333,511,1.6484
21.3376,512,1.6516
21.3418,512,1.6516
21.3462,512,1.6516
21.3505,513,1.6548
21.3547,512,1.6516
21.3590,511,1.6484
21.3633,512,1.6516
21.3676,513,1.6548
21.3719,513,1.6548
21.3761,512,1.6516
21.3804,512,1.6516
21.3847,513,1.6548
21.3890,515,1.6613
21.3933,514,1.6581
21.3976,514,1.6581
21.4019,513,1.6548
21.4062,514,1.6581
21.4105,514,1.6581
21.4148,514,1.6581
21.4191,514,1.6581
21.4234,515,1.6613
21.4277,515,1.6613
21.4320,515,1.6613
21.4363,516,1.6645
21.4406,516,1.6645
21.4449,515,1.6613
21.4492,516,1.6645
21.4535,514,1.6581
21.4578,515,1.6613
21.4620,516,1.6645
21.4663,516,1.6645
21.4706,517,1.6677
21.4748,517,1.6677
21.4791,516,1.6645
21.4834,516,1.6645
21.4877,516,1.6645
21.4919,518,1.6710
21.4962,517,1.6677
21.5006,516,1.6645
21.5048,515,1.6613
21.5091,515,1.6613
21.5134,516,1.6645
21.5177,515,1.6613
21.5220,517,1.6677
21.5263,516,1.6645
21.5306,516,1.6645
21.5349,517,1.6677
21.5392,517,1.6677
21.5435,515,1.6613
21.5478,515,1.6613
21.5521,516,1.6645
21.5564,519,1.6742
21.5606,519,1.6742
21.5649,518,1.6710
21.5692,518,1.6710
21.5734,518,1.6710
21.5777,517,1.6677
21.5820,518,1.6710
21.5863,519,1.6742
21.5905,519,1.6742
21.5948,518,1.6710
21.5992,519,1.6742
21.6034,519,1.6742
21.6077,519,1.6742
21.6120,518,1.6710
21.6163,518,1.6710
21.6206,518,1.6710
21.6249,517,1.6677
21.6292,518,1.6710
21.6334,519,1.6742
21.6377,518,1.6710
21.6420,517,1.6677
21.6463,517,1.6677
21.6506,518,1.6710
21.6549,518,1.6710
21.6592,518,1.6710
21.6635,518,1.6710
21.6678,519,1.6742
21.6721,519,1.6742
21.6764,519,1.6742
21.6807,517,1.6677
21.6850,518,1.6710
21.6893,519,1.6742
21.6936,519,1.6742
21.6979,519,1.6742
21.7022,519,1.6742
21.7065,519,1.6742
21.7108,519,1.6742
21.7151,520,1.6774
21.7194,520,1.6774
21.7237,519,1.6742
21.7280,519,1.6742
21.7323,519,1.6742
21.7367,520,1.6774
21.7411,521,1.6806
21.7492,520,1.6774
21.7536,519,1.6742
21.7578,520,1.6774
21.7621,520,1.6774
21.7664,519,1.6742
21.7706,519,1.6742
21.7749,520,1.6774
21.7792,521,1.6806
21.7834,521,1.6806
21.7877,521,1.6806
21.7920,521,1.6806
21.7966,521,1.6806
21.8022,521,1.6806
21.8065,519,1.6742
21.8109,518,1.6710
21.8152,519,1.6742
21.8194,519,1.6742
21.8237,520,1.6774
21.8279,519,1.6742
21.8322,520,1.6774
21.8364,520,1.6774
21.8407,519,1.6742
21.8450,519,1.6742
21.8492,519,1.6742
21.8535,518,1.6710
21.8577,518,1.6710
21.8620,518,1.6710
21.8662,519,1.6742
21.8705,519,1.6742
21.8748,520,1.6774
21.8790,520,1.6774
21.8833,520,1.6774
21.8875,519,1.6742
21.8918,520,1.6774
21.8960,520,1.6774
21.9003,519,1.6742
21.9046,519,1.6742
21.9088,520,1.6774
21.9131,521,1.6806
21.9176,520,1.6774
21.9219,521,1.6806
21.9262,522,1.6839
21.9305,520,1.6774
21.9347,519,1.6742
21.9390,520,1.6774
21.9432,520,1.6774
21.9475,518,1.6710
21.9518,520,1.6774
21.9561,521,1.6806
21.9604,521,1.6806
21.9647,521,1.6806
21.9690,522,1.6839
21.9733,521,1.6806
21.9776,521,1.6806
21.9819,520,1.6774
21.9862,521,1.6806
21.9905,521,1.6806
21.9947,521,1.6806
21.9990,520,1.6774
22.0033,520,1.6774
22.0076,519,1.6742
22.0119,520,1.6774
22.0162,520,1.6774
22.0205,520,1.6774
22.0248,519,1.6742
22.0290,520,1.6774
22.0334,520,1.6774
22.0376,520,1.6774
22.0419,520,1.6774
22.0462,519,1.6742
22.0506,519,1.6742
22.0549,519,1.6742
22.0591,519,1.6742
22.0634,519,1.6742
22.0677,521,1.6806
22.0720,524,1.6903
22.0763,528,1.7032
22.0805,531,1.7129
22.0848,534,1.7226
22.0891,537,1.7323
22.0934,538,1.7355
22.0977,540,1.7419
22.1027,540,1.7419
22.1071,540,1.7419
22.1115,539,1.7387
22.1157,537,1.7323
22.1201,533,1.7194
22.1244,531,1.7129
22.1287,528,1.7032
22.1330,525,1.6935
22.1373,522,1.6839
22.1416,517,1.6677
22.1459,514,1.6581
22.1502,514,1.6581
22.1545,515,1.6613
22.1588,515,1.6613
22.1631,515,1.6613
22.1673,515,1.6613
22.1716,515,1.6613
22.1758,516,1.6645
22.1801,515,1.6613
22.1843,516,1.6645
22.1886,517,1.6677
22.1929,516,1.6645
22.1971,517,1.6677
22.2014,517,1.6677
22.2057,517,1.6677
22.2099,517,1.6677
22.2143,516,1.6645
22.2185,517,1.6677
22.2228,516,1.6645
22.2270,513,1.6548
22.2313,505,1.6290
22.2356,497,1.6032
22.2398,501,1.6161
22.2441,519,1.6742
22.2484,553,1.7839
22.2527,596,1.9226
22.2571,640,2.0645
22.2614,668,2.1548
22.2657,665,2.1452
22.2700,635,2.0484
22.2743,592,1.9097
22.2786,545,1.7581
22.2829,511,1.6484
22.2872,494,1.5935
22.2915,488,1.5742
22.2958,490,1.5806
22.3001,496,1.6000
22.3044,502,1.6194
22.3087,506,1.6323
22.3130,506,1.6323
22.3173,506,1.6323
22.3216,505,1.6290
22.3259,505,1.6290
22.3302,506,1.6323
22.3345,508,1.6387
22.3388,508,1.6387
22.3431,507,1.6355
22.3474,508,1.6387
22.3517,508,1.6387
22.3560,508,1.6387
22.3603,506,1.6323
22.3645,507,1.6355
22.3688,508,1.6387
22.3731,509,1.6419
22.3774,508,1.6387
22.3817,508,1.6387
22.3860,508,1.6387
22.3903,509,1.6419
22.3945,510,1.6452
22.3988,511,1.6484
22.4031,510,1.6452
22.4074,509,1.6419
22.4117,509,1.6419
22.4160,509,1.6419
22.4203,509,1.6419
22.4246,510,1.6452
22.4289,511,1.6484
22.4332,512,1.6516
22.4374,512,1.6516
22.4417,512,1.6516
22.4460,512,1.6516
22.4503,511,1.6484
22.4546,512,1.6516
22.4589,511,1.6484
22.4632,512,1.6516
22.4675,515,1.6613
22.4718,518,1.6710
22.4760,521,1.6806
22.4803,524,1.6903
22.4846,526,1.6968
22.4888,529,1.7065
22.4932,533,1.7194
22.4974,537,1.7323
22.5017,540,1.7419
22.5060,541,1.7452
22.5103,543,1.7516
22.5145,547,1.7645
22.5188,548,1.7677
22.5231,549,1.7710
22.5274,550,1.7742
22.5317,549,1.7710
22.5359,550,1.7742
22.5403,551,1.7774
22.5445,550,1.7742
22.5488,549,1.7710
22.5531,547,1.7645
22.5574,546,1.7613
22.5617,544,1.7548
22.5660,540,1.7419
22.5702,538,1.7355
22.5745,535,1.7258
22.5788,530,1.7097
22.5830,527,1.7000
22.5873,524,1.6903
22.5916,521,1.6806
22.5959,518,1.6710
22.6002,515,1.6613
22.6045,513,1.6548
22.6087,509,1.6419
22.6130,506,1.6323
22.6173,503,1.6226
22.6216,501,1.6161
22.6259,500,1.6129
22.6302,499,1.6097
22.6345,501,1.6161
22.6388,501,1.6161
22.6430,500,1.6129
22.6473,501,1.6161
22.6516,502,1.6194
22.6560,502,1.6194
22.6603,500,1.6129
22.6645,501,1.6161
22.6689,501,1.6161
22.6732,502,1.6194
22.6774,502,1.6194
22.6817,503,1.6226
22.6860,504,1.6258
22.6903,504,1.6258
22.6946,504,1.6258
22.6989,503,1.6226
22.7034,504,1.6258
22.7078,505,1.6290
22.7122,505,1.6290
22.7165,506,1.6323
22.7207,505,1.6290
22.7251,505,1.6290
22.7294,506,1.6323
22.7337,504,1.6258
22.7385,507,1.6355
22.7428,507,1.6355
22.7471,508,1.6387
22.7514,509,1.6419
22.7557,510,1.6452
22.7600,509,1.6419
22.7643,509,1.6419
22.7685,508,1.6387
22.7728,509,1.6419
22.7771,510,1.6452
22.7813,510,1.6452
22.7856,510,1.6452
22.7899,508,1.6387
22.7942,510,1.6452
22.7985,510,1.6452
22.8027,511,1.6484
22.8070,511,1.6484
22.8113,510,1.6452
22.8156,511,1.6484
22.8198,510,1.6452
22.8241,510,1.6452
22.8283,510,1.6452
22.8326,510,1.6452
22.8368,512,1.6516
22.8411,511,1.6484
22.8454,511,1.6484
22.8496,513,1.6548
22.8539,512,1.6516
22.8582,511,1.6484
22.8625,512,1.6516
22.8668,511,1.6484
22.8710,511,1.6484
22.8753,510,1.6452
22.8796,512,1.6516
22.8839,512,1.6516
22.8882,511,1.6484
22.8925,512,1.6516
22.8968,511,1.6484
22.9011,513,1.6548
22.9054,513,1.6548
22.9097,514,1.6581
22.9140,514,1.6581
22.9183,515,1.6613
22.9226,514,1.6581
22.9269,513,1.6548
22.9312,512,1.6516
22.9355,512,1.6516
22.9398,513,1.6548
22.9441,514,1.6581
22.9484,513,1.6548
22.9527,514,1.6581
22.9571,514,1.6581
22.9614,514,1.6581
22.9657,515,1.6613
22.9700,515,1.6613
22.9743,516,1.6645
22.9786,515,1.6613
22.9829,515,1.6613
22.9872,516,1.6645
22.9915,517,1.6677
22.9957,518,1.6710
23.0002,517,1.6677
23.0047,517,1.6677
23.0091,517,1.6677
23.0134,517,1.6677
23.0177,518,1.6710
23.0220,518,1.6710
23.0262,517,1.6677
23.0305,518,1.6710
23.0348,517,1.6677
23.0391,516,1.6645
23.0434,516,1.6645
23.0477,518,1.6710
23.0520,518,1.6710
23.0563,518,1.6710
23.0605,518,1.6710
23.0648,518,1.6710
23.0690,518,1.6710
23.0733,517,1.6677
23.0775,518,1.6710
23.0818,518,1.6710
23.0860,519,1.6742
23.0903,519,1.6742
23.0945,520,1.6774
23.0988,521,1.6806
23.1030,521,1.6806
23.1073,520,1.6774
23.1115,520,1.6774
23.1158,520,1.6774
23.1200,520,1.6774
23.1243,520,1.6774
23.1285,520,1.6774
23.1328,521,1.6806
23.1370,521,1.6806
23.1413,519,1.6742
23.1457,519,1.6742
23.1500,519,1.6742
23.1544,519,1.6742
23.1587,519,1.6742
23.1630,519,1.6742
23.1673,519,1.6742
23.1716,520,1.6774
23.1759,520,1.6774
23.1802,520,1.6774
23.1845,519,1.6742
23.1888,521,1.6806
23.1931,521,1.6806
23.1973,520,1.6774
23.2017,519,1.6742
23.2060,520,1.6774
23.2103,520,1.6774
23.2146,521,1.6806
23.2189,520,1.6774
23.2232,521,1.6806
23.2275,520,1.6774
23.2318,520,1.6774
23.2361,521,1.6806
23.2404,520,1.6774
23.2446,520,1.6774
23.2490,520,1.6774
23.2532,520,1.6774
23.2575,520,1.6774
23.2619,521,1.6806
23.2662,520,1.6774
23.2705,520,1.6774
23.2747,520,1.6774
23.2790,520,1.6774
23.2834,520,1.6774
23.2877,522,1.6839
23.2920,520,1.6774
23.2963,519,1.6742
23.3006,519,1.6742
23.3049,519,1.6742
23.3092,520,1.6774
23.3135,519,1.6742
23.3178,520,1.6774
23.3221,520,1.6774
23.3264,519,1.6742
23.3307,520,1.6774
23.3350,519,1.6742
23.3393,520,1.6774
23.3436,520,1.6774
23.3480,520,1.6774
23.3523,520,1.6774
23.3566,519,1.6742
23.3609,519,1.6742
23.3653,520,1.6774
23.3695,519,1.6742
23.3738,518,1.6710
23.3781,519,1.6742
23.3824,519,1.6742
23.3867,520,1.6774
23.3910,519,1.6742
23.3953,519,1.6742
23.3996,520,1.6774
23.4039,519,1.6742
23.4082,519,1.6742
23.4125,518,1.6710
23.4168,519,1.6742
23.4211,519,1.6742
23.4254,518,1.6710
23.4297,519,1.6742
23.4340,519,1.6742
23.4383,519,1.6742
23.4426,520,1.6774
23.4469,520,1.6774
23.4513,520,1.6774
23.4555,520,1.6774
23.4598,519,1.6742
23.4641,520,1.6774
23.4684,519,1.6742
23.4727,520,1.6774
23.4770,520,1.6774
23.4813,520,1.6774
23.4856,519,1.6742
23.4899,520,1.6774
23.4942,520,1.6774
23.4985,521,1.6806
23.5028,520,1.6774
23.5070,520,1.6774
23.5118,520,1.6774
23.5161,519,1.6742
23.5204,519,1.6742
23.5247,519,1.6742
23.5290,519,1.6742
23.5333,520,1.6774
23.5376,520,1.6774
23.5419,520,1.6774
23.5462,518,1.6710
23.5506,519,1.6742
23.5549,519,1.6742
23.5592,519,1.6742
23.5635,518,1.6710
23.5678,519,1.6742
23.5721,521,1.6806
23.5764,526,1.6968
23.5807,530,1.7097
23.5850,533,1.7194
23.5893,536,1.7290
23.5936,538,1.7355
23.5979,540,1.7419
23.6024,541,1.7452
23.6067,540,1.7419
23.6111,540,1.7419
23.6155,537,1.7323
23.6197,534,1.7226
23.6240,531,1.7129
23.6283,528,1.7032
23.6326,525,1.6935
23.6368,521,1.6806
23.6411,517,1.6677
23.6454,515,1.6613
23.6497,514,1.6581
23.6540,514,1.6581
23.6583,515,1.6613
23.6626,514,1.6581
23.6669,515,1.6613
23.6712,515,1.6613
23.6755,516,1.6645
23.6798,516,1.6645
23.6841,516,1.6645
23.6884,517,1.6677
23.6927,516,1.6645
23.6970,516,1.6645
23.7013,516,1.6645
23.7056,517,1.6677
23.7099,517,1.6677
23.7142,517,1.6677
23.7185,516,1.6645
23.7228,515,1.6613
23.7271,511,1.6484
23.7314,503,1.6226
23.7357,496,1.6000
23.7400,500,1.6129
23.7443,518,1.6710
23.7486,552,1.7806
23.7529,595,1.9194
23.7572,639,2.0613
23.7615,666,2.1484
23.7658,664,2.1419
23.7701,633,2.0419
23.7745,591,1.9065
23.7788,544,1.7548
23.7831,510,1.6452
23.7875,494,1.5935
23.7918,489,1.5774
23.7961,491,1.5839
23.8005,496,1.6000
23.8048,502,1.6194
23.8091,503,1.6226
23.8134,504,1.6258
23.8178,505,1.6290
23.8221,505,1.6290
23.8264,505,1.6290
23.8308,506,1.6323
23.8351,507,1.6355
23.8394,506,1.6323
23.8438,505,1.6290
23.8481,505,1.6290
23.8524,506,1.6323
23.8567,506,1.6323
23.8611,506,1.6323
23.8654,507,1.6355
23.8697,508,1.6387
23.8740,508,1.6387
23.8783,509,1.6419
23.8826,509,1.6419
23.8869,508,1.6387
23.8912,508,1.6387
23.8955,509,1.6419
23.8998,510,1.6452
23.9045,511,1.6484
23.9089,510,1.6452
23.9132,511,1.6484
23.9175,510,1.6452
23.9219,510,1.6452
23.9261,510,1.6452
23.9304,509,1.6419
23.9347,510,1.6452
23.9390,510,1.6452
23.9433,512,1.6516
23.9476,511,1.6484
23.9519,512,1.6516
23.9562,512,1.6516
23.9605,512,1.6516
23.9648,513,1.6548
23.9691,516,1.6645
23.9735,520,1.6774
23.9778,521,1.6806
23.9821,524,1.6903
23.9864,527,1.7000
23.9906,529,1.7065
23.9949,533,1.7194
23.9992,536,1.7290
24.0035,540,1.7419
24.0078,543,1.7516
24.0121,545,1.7581
24.0164,548,1.7677
24.0207,549,1.7710
24.0250,549,1.7710
24.0293,551,1.7774
24.0336,552,1.7806
24.0379,551,1.7774
24.0422,553,1.7839
24.0465,550,1.7742
24.0508,549,1.7710
24.0551,546,1.7613
24.0594,544,1.7548
24.0638,540,1.7419
24.0681,539,1.7387
24.0724,537,1.7323
24.0768,534,1.7226
24.0811,532,1.7161
24.0854,527,1.7000
24.0898,524,1.6903
24.0941,520,1.6774
24.0984,516,1.6645
24.1027,512,1.6516
24.1071,508,1.6387
24.1114,505,1.6290
24.1157,503,1.6226
24.1201,500,1.6129
24.1244,499,1.6097
24.1287,499,1.6097
24.1330,500,1.6129
24.1374,501,1.6161
24.1417,500,1.6129
24.1460,500,1.6129
24.1504,502,1.6194
24.1547,504,1.6258
24.1590,503,1.6226
24.1634,505,1.6290
24.1677,505,1.6290
24.1720,505,1.6290
24.1763,503,1.6226
24.1806,504,1.6258
24.1849,506,1.6323
24.1892,505,1.6290
24.1935,505,1.6290
24.1978,506,1.6323
24.2021,506,1.6323
24.2064,506,1.6323
24.2107,507,1.6355
24.2150,506,1.6323
24.2193,506,1.6323
24.2236,507,1.6355
24.2279,507,1.6355
24.2321,507,1.6355
24.2364,507,1.6355
24.2407,507,1.6355
24.2450,507,1.6355
24.2494,507,1.6355
24.2538,507,1.6355
24.2581,508,1.6387
24.2623,508,1.6387
24.2666,508,1.6387
24.2710,507,1.6355
24.2753,507,1.6355
24.2797,509,1.6419
24.2840,509,1.6419
24.2883,510,1.6452
24.2927,511,1.6484
24.2970,510,1.6452
24.3013,510,1.6452
24.3056,510,1.6452
24.3100,510,1.6452
24.3143,511,1.6484
24.3187,511,1.6484
24.3230,512,1.6516
24.3273,511,1.6484
24.3317,511,1.6484
24.3360,511,1.6484
24.3403,511,1.6484
24.3447,512,1.6516
24.3490,512,1.6516
24.3534,512,1.6516
24.3577,513,1.6548
24.3620,513,1.6548
24.3665,513,1.6548
24.3708,513,1.6548
24.3751,513,1.6548
24.3794,513,1.6548
24.3837,512,1.6516
24.3880,513,1.6548
24.3923,513,1.6548
24.3966,515,1.6613
24.4009,514,1.6581
24.4051,513,1.6548
24.4094,514,1.6581
24.4137,513,1.6548
24.4180,514,1.6581
24.4223,514,1.6581
24.4266,515,1.6613
24.4309,514,1.6581
24.4352,514,1.6581
24.4395,514,1.6581
24.4438,515,1.6613
24.4481,515,1.6613
24.4524,517,1.6677
24.4567,517,1.6677
24.4610,516,1.6645
24.4653,514,1.6581
24.4696,515,1.6613
24.4739,515,1.6613
24.4783,515,1.6613
24.4826,515,1.6613
24.4869,515,1.6613
24.4912,515,1.6613
24.4956,515,1.6613
24.4999,515,1.6613
24.5047,515,1.6613
24.5092,516,1.6645
24.5135,517,1.6677
24.5179,517,1.6677
24.5222,518,1.6710
24.5266,516,1.6645
24.5309,518,1.6710
24.5352,517,1.6677
24.5396,517,1.6677
24.5439,517,1.6677
24.5482,517,1.6677
24.5526,517,1.6677
24.5569,516,1.6645
24.5612,517,1.6677
24.5656,517,1.6677
24.5699,517,1.6677
24.5743,519,1.6742
24.5786,518,1.6710
24.5829,518,1.6710
24.5872,518,1.6710
24.5915,517,1.6677
24.5958,518,1.6710
24.6001,518,1.6710
24.6044,519,1.6742
24.6087,518,1.6710
24.6129,518,1.6710
24.6172,519,1.6742
24.6215,518,1.6710
24.6258,520,1.6774
24.6301,520,1.6774
24.6344,519,1.6742
24.6387,519,1.6742
24.6430,519,1.6742
24.6473,520,1.6774
24.6516,519,1.6742
24.6559,519,1.6742
24.6602,519,1.6742
24.6645,520,1.6774
24.6688,519,1.6742
24.6731,518,1.6710
24.6774,519,1.6742
24.6817,521,1.6806
24.6861,520,1.6774
24.6903,519,1.6742
24.6946,520,1.6774
24.6989,519,1.6742
24.7032,519,1.6742
24.7075,518,1.6710
24.7118,518,1.6710
24.7161,518,1.6710
24.7204,518,1.6710
24.7247,518,1.6710
24.7290,519,1.6742
24.7333,519,1.6742
24.7376,521,1.6806
24.7419,521,1.6806
24.7462,520,1.6774
24.7505,519,1.6742
24.7548,518,1.6710
24.7591,520,1.6774
24.7634,519,1.6742
24.7676,519,1.6742
24.7719,518,1.6710
24.7763,519,1.6742
24.7806,519,1.6742
24.7850,519,1.6742
24.7893,519,1.6742
24.7936,518,1.6710
24.7979,518,1.6710
24.8024,518,1.6710
24.8069,519,1.6742
24.8114,519,1.6742
24.8157,519,1.6742
24.8201,520,1.6774
24.8245,520,1.6774
24.8288,520,1.6774
24.8332,518,1.6710
24.8375,518,1.6710
24.8418,519,1.6742
24.8462,520,1.6774
24.8505,519,1.6742
24.8548,520,1.6774
24.8592,520,1.6774
24.8635,520,1.6774
24.8678,520,1.6774
24.8722,521,1.6806
24.8765,520,1.6774
24.8808,520,1.6774
24.8851,518,1.6710
24.8894,519,1.6742
24.8937,519,1.6742
24.8979,519,1.6742
24.9022,519,1.6742
24.9065,520,1.6774
24.9108,520,1.6774
24.9151,520,1.6774
24.9194,520,1.6774
24.9237,520,1.6774
24.9280,522,1.6839
24.9323,521,1.6806
24.9366,522,1.6839
24.9409,521,1.6806
24.9452,520,1.6774
24.9495,520,1.6774
24.9538,520,1.6774
24.9581,520,1.6774
24.9624,520,1.6774
24.9667,519,1.6742
24.9710,521,1.6806
24.9753,520,1.6774
24.9796,520,1.6774
24.9840,520,1.6774
24.9883,520,1.6774
24.9926,521,1.6806
24.9970,521,1.6806
25.0013,520,1.6774
25.0056,519,1.6742
25.0100,519,1.6742
25.0143,519,1.6742
25.0186,520,1.6774
25.0243,520,1.6774
25.0288,520,1.6774
25.0334,520,1.6774
25.0379,521,1.6806
25.0425,521,1.6806
25.0471,522,1.6839
25.0526,521,1.6806
25.0570,522,1.6839
25.0613,521,1.6806
25.0656,519,1.6742
25.0698,520,1.6774
25.0742,524,1.6903
25.0785,529,1.7065
25.0827,532,1.7161
25.0870,535,1.7258
25.0912,537,1.7323
25.0954,539,1.7387
25.0996,541,1.7452
25.1039,541,1.7452
25.1081,540,1.7419
25.1124,540,1.7419
25.1166,538,1.7355
25.1208,534,1.7226
25.1251,532,1.7161
25.1293,529,1.7065
25.1335,525,1.6935
25.1378,521,1.6806
25.1420,517,1.6677
25.1462,516,1.6645
25.1505,515,1.6613
25.1547,517,1.6677
25.1589,517,1.6677
25.1632,517,1.6677
25.1674,517,1.6677
25.1716,516,1.6645
25.1759,516,1.6645
25.1801,515,1.6613
25.1844,516,1.6645
25.1887,516,1.6645
25.1930,517,1.6677
25.1973,516,1.6645
25.2015,516,1.6645
25.2058,517,1.6677
25.2101,517,1.6677
25.2145,517,1.6677
25.2187,516,1.6645
25.2230,515,1.6613
25.2273,510,1.6452
25.2316,502,1.6194
25.2359,495,1.5968
25.2402,500,1.6129
25.2445,520,1.6774
25.2488,554,1.7871
25.2531,597,1.9258
25.2574,641,2.0677
25.2617,669,2.1581
25.2660,664,2.1419
25.2703,633,2.0419
25.2746,590,1.9032
25.2789,544,1.7548
25.2839,507,1.6355
25.2883,494,1.5935
25.2926,490,1.5806
25.2969,493,1.5903
25.3012,498,1.6065
25.3055,502,1.6194
25.3097,504,1.6258
25.3140,505,1.6290
25.3183,506,1.6323
25.3226,506,1.6323
25.3269,507,1.6355
25.3312,506,1.6323
25.3355,506,1.6323
25.3398,506,1.6323
25.3441,507,1.6355
25.3484,507,1.6355
25.3527,507,1.6355
25.3570,507,1.6355
25.3613,508,1.6387
25.3656,507,1.6355
25.3698,508,1.6387
25.3741,509,1.6419
25.3784,509,1.6419
25.3827,509,1.6419
25.3870,508,1.6387
25.3913,509,1.6419
25.3956,509,1.6419
25.3999,510,1.6452
25.4043,510,1.6452
25.4087,510,1.6452
25.4131,509,1.6419
25.4174,509,1.6419
25.4217,510,1.6452
25.4260,510,1.6452
25.4303,511,1.6484
25.4346,511,1.6484
25.4389,512,1.6516
25.4432,512,1.6516
25.4475,511,1.6484
25.4518,510,1.6452
25.4561,511,1.6484
25.4604,511,1.6484
25.4647,513,1.6548
25.4689,515,1.6613
25.4732,517,1.6677
25.4776,520,1.6774
25.4819,524,1.6903
25.4862,527,1.7000
25.4905,530,1.7097
25.4947,533,1.7194
25.4990,537,1.7323
25.5033,540,1.7419
25.5076,541,1.7452
25.5119,543,1.7516
25.5161,546,1.7613
25.5204,549,1.7710
25.5247,549,1.7710
25.5289,549,1.7710
25.5332,549,1.7710
25.5374,550,1.7742
25.5417,549,1.7710
25.5460,548,1.7677
25.5503,547,1.7645
25.5545,546,1.7613
25.5588,543,1.7516
25.5630,542,1.7484
25.5673,539,1.7387
25.5715,535,1.7258
25.5758,532,1.7161
25.5801,530,1.7097
25.5844,526,1.6968
25.5887,522,1.6839
25.5929,518,1.6710
25.5972,516,1.6645
25.6015,512,1.6516
25.6058,510,1.6452
25.6101,505,1.6290
25.6144,502,1.6194
25.6187,500,1.6129
25.6229,498,1.6065
25.6272,498,1.6065
25.6315,499,1.6097
25.6358,499,1.6097
25.6401,500,1.6129
25.6444,500,1.6129
25.6487,500,1.6129
25.6530,501,1.6161
25.6573,502,1.6194
25.6616,503,1.6226
25.6659,503,1.6226
25.6702,502,1.6194
25.6744,503,1.6226
25.6787,504,1.6258
25.6830,504,1.6258
25.6873,505,1.6290
25.6916,505,1.6290
25.6959,504,1.6258
25.7002,504,1.6258
25.7046,505,1.6290
25.7111,504,1.6258
25.7155,505,1.6290
25.7198,506,1.6323
25.7241,506,1.6323
25.7285,505,1.6290
25.7329,505,1.6290
25.7372,507,1.6355
25.7416,506,1.6323
25.7459,507,1.6355
25.7502,507,1.6355
25.7546,506,1.6323
25.7590,508,1.6387
25.7633,508,1.6387
25.7676,509,1.6419
25.7727,508,1.6387
25.7771,509,1.6419
25.7819,509,1.6419
25.7863,509,1.6419
25.7906,508,1.6387
25.7949,508,1.6387
25.7992,509,1.6419
25.8035,509,1.6419
25.8078,509,1.6419
25.8122,510,1.6452
25.8165,510,1.6452
25.8208,511,1.6484
25.8251,512,1.6516
25.8294,512,1.6516
25.8337,511,1.6484
25.8380,511,1.6484
25.8423,510,1.6452
25.8466,511,1.6484
25.8509,512,1.6516
25.8553,511,1.6484
25.8596,513,1.6548
25.8639,513,1.6548
25.8682,513,1.6548
25.8725,513,1.6548
25.8768,514,1.6581
25.8811,514,1.6581
25.8854,513,1.6548
25.8897,512,1.6516
25.8940,513,1.6548
25.8984,514,1.6581
25.9027,514,1.6581
25.9069,514,1.6581
25.9112,513,1.6548
25.9155,514,1.6581
25.9199,515,1.6613
25.9242,515,1.6613
25.9285,514,1.6581
25.9333,515,1.6613
25.9377,515,1.6613
25.9420,516,1.6645
25.9463,515,1.6613
25.9506,515,1.6613
25.9549,515,1.6613
25.9592,515,1.6613
25.9635,516,1.6645
25.9678,515,1.6613
25.9721,516,1.6645
25.9764,517,1.6677
25.9807,517,1.6677
25.9850,515,1.6613
25.9893,515,1.6613
25.9936,516,1.6645
25.9979,517,1.6677
26.0023,519,1.6742
26.0066,519,1.6742
26.0109,520,1.6774
26.0152,520,1.6774
26.0195,519,1.6742
26.0238,519,1.6742
26.0281,518,1.6710
26.0324,519,1.6742
26.0367,518,1.6710
26.0411,517,1.6677
26.0453,518,1.6710
26.0496,518,1.6710
26.0539,517,1.6677
26.0582,517,1.6677
26.0626,518,1.6710
26.0669,518,1.6710
26.0712,519,1.6742
26.0755,518,1.6710
26.0798,518,1.6710
26.0846,517,1.6677
26.0889,518,1.6710
26.0932,519,1.6742
26.0975,519,1.6742
26.1018,519,1.6742
26.1062,520,1.6774
26.1105,519,1.6742
26.1148,519,1.6742
26.1191,519,1.6742
26.1235,520,1.6774
26.1278,519,1.6742
26.1321,519,1.6742
26.1364,519,1.6742
26.1407,518,1.6710
26.1451,518,1.6710
26.1494,519,1.6742
26.1537,518,1.6710
26.1582,519,1.6742
26.1625,519,1.6742
26.1668,519,1.6742
26.1710,517,1.6677
26.1753,519,1.6742
26.1797,520,1.6774
26.1840,521,1.6806
26.1882,519,1.6742
26.1925,519,1.6742
26.1968,519,1.6742
26.2010,519,1.6742
26.2053,520,1.6774
26.2096,520,1.6774
26.2138,521,1.6806
26.2181,521,1.6806
26.2227,521,1.6806
26.2269,521,1.6806
26.2312,520,1.6774
26.2354,521,1.6806
26.2397,520,1.6774
26.2439,521,1.6806
26.2482,521,1.6806
26.2525,519,1.6742
26.2567,521,1.6806
26.2610,521,1.6806
26.2653,520,1.6774
26.2695,521,1.6806
26.2738,521,1.6806
26.2780,519,1.6742
26.2823,520,1.6774
26.2865,519,1.6742
26.2908,520,1.6774
26.2951,520,1.6774
26.2995,520,1.6774
26.3039,521,1.6806
26.3083,520,1.6774
26.3127,521,1.6806
26.3170,523,1.6871
26.3213,522,1.6839
26.3256,520,1.6774
26.3299,521,1.6806
26.3342,522,1.6839
26.3385,521,1.6806
26.3428,519,1.6742
26.3471,521,1.6806
26.3515,521,1.6806
26.3557,522,1.6839
26.3600,522,1.6839
26.3643,521,1.6806
26.3686,521,1.6806
26.3729,521,1.6806
26.3772,520,1.6774
26.3814,519,1.6742
26.3858,520,1.6774
26.3901,520,1.6774
26.3944,521,1.6806
26.3986,521,1.6806
26.4029,520,1.6774
26.4072,520,1.6774
26.4114,521,1.6806
26.4157,521,1.6806
26.4199,520,1.6774
26.4242,521,1.6806
26.4285,521,1.6806
26.4327,520,1.6774
26.4370,520,1.6774
26.4412,519,1.6742
26.4455,521,1.6806
26.4498,521,1.6806
26.4541,520,1.6774
26.4583,519,1.6742
26.4626,520,1.6774
26.4669,520,1.6774
26.4711,520,1.6774
26.4754,521,1.6806
26.4796,521,1.6806
26.4839,520,1.6774
26.4882,520,1.6774
26.4925,521,1.6806
26.4967,522,1.6839
26.5010,522,1.6839
26.5053,522,1.6839
26.5096,522,1.6839
26.5138,521,1.6806
26.5181,521,1.6806
26.5224,522,1.6839
26.5266,521,1.6806
26.5309,522,1.6839
26.5351,521,1.6806
26.5394,521,1.6806
26.5436,514,1.6581
26.5479,520,1.6774
26.5522,519,1.6742
26.5564,520,1.6774
26.5607,521,1.6806
26.5649,521,1.6806
26.5692,522,1.6839
26.5735,525,1.6935
26.5777,528,1.7032
26.5820,532,1.7161
26.5862,535,1.7258
26.5905,538,1.7355
26.5948,540,1.7419
26.5992,541,1.7452
26.6048,542,1.7484
26.6091,540,1.7419
26.6134,538,1.7355
26.6177,536,1.7290
26.6220,534,1.7226
26.6262,531,1.7129
26.6305,528,1.7032
26.6348,524,1.6903
26.6390,520,1.6774
26.6433,517,1.6677
26.6476,515,1.6613
26.6519,515,1.6613
26.6561,515,1.6613
26.6604,517,1.6677
26.6646,516,1.6645
26.6689,517,1.6677
26.6731,517,1.6677
26.6774,516,1.6645
26.6816,517,1.6677
26.6859,517,1.6677
26.6901,518,1.6710
26.6944,518,1.6710
26.6987,519,1.6742
26.7030,518,1.6710
26.7072,517,1.6677
26.7115,516,1.6645
26.7158,515,1.6613
26.7201,515,1.6613
26.7243,514,1.6581
26.7286,507,1.6355
26.7329,499,1.6097
26.7372,496,1.6000
26.7415,505,1.6290
26.7458,531,1.7129
26.7501,567,1.8290
26.7544,613,1.9774
26.7586,653,2.1065
26.7629,670,2.1613
26.7671,658,2.1226
26.7714,623,2.0097
26.7756,576,1.8581
26.7799,532,1.7161
26.7842,504,1.6258
26.7885,489,1.5774
26.7927,486,1.5677
26.7970,489,1.5774
26.8013,496,1.6000
26.8055,501,1.6161
26.8098,503,1.6226
26.8141,505,1.6290
26.8183,504,1.6258
26.8226,503,1.6226
26.8268,503,1.6226
26.8311,504,1.6258
26.8354,504,1.6258
26.8396,504,1.6258
26.8439,505,1.6290
26.8482,506,1.6323
26.8525,506,1.6323
26.8567,508,1.6387
26.8610,507,1.6355
26.8652,508,1.6387
26.8695,507,1.6355
26.8738,508,1.6387
26.8780,508,1.6387
26.8823,509,1.6419
26.8865,508,1.6387
26.8909,509,1.6419
26.8951,509,1.6419
26.8994,509,1.6419
26.9037,510,1.6452
26.9080,509,1.6419
26.9123,509,1.6419
26.9166,509,1.6419
26.9209,510,1.6452
26.9252,511,1.6484
26.9295,510,1.6452
26.9338,511,1.6484
26.9380,511,1.6484
26.9423,511,1.6484
26.9466,512,1.6516
26.9510,512,1.6516
26.9553,513,1.6548
26.9596,513,1.6548
26.9638,513,1.6548
26.9681,516,1.6645
26.9724,519,1.6742
26.9767,523,1.6871
26.9810,526,1.6968
26.9853,529,1.7065
26.9896,533,1.7194
26.9939,535,1.7258
26.9981,538,1.7355
27.0024,540,1.7419
27.0066,543,1.7516
27.0109,545,1.7581
27.0151,547,1.7645
27.0194,548,1.7677
27.0236,550,1.7742
27.0279,550,1.7742
27.0321,551,1.7774
27.0364,550,1.7742
27.0406,550,1.7742
27.0449,548,1.7677
27.0530,546,1.7613
27.0573,545,1.7581
27.0616,542,1.7484
27.0659,539,1.7387
27.0701,537,1.7323
27.0744,533,1.7194
27.0787,529,1.7065
27.0829,527,1.7000
27.0872,524,1.6903
27.0914,521,1.6806
27.0957,517,1.6677
27.1000,513,1.6548
27.1044,510,1.6452
27.1086,506,1.6323
27.1130,503,1.6226
27.1172,500,1.6129
27.1215,499,1.6097
27.1258,498,1.6065
27.1301,499,1.6097
27.1344,499,1.6097
27.1387,499,1.6097
27.1430,500,1.6129
27.1473,501,1.6161
27.1516,502,1.6194
27.1559,503,1.6226
27.1602,503,1.6226
27.1645,504,1.6258
27.1687,505,1.6290
27.1730,504,1.6258
27.1773,504,1.6258
27.1816,504,1.6258
27.1859,504,1.6258
27.1902,505,1.6290
27.1945,505,1.6290
27.1991,506,1.6323
27.2056,506,1.6323
27.2101,506,1.6323
27.2145,504,1.6258
27.2187,504,1.6258
27.2230,505,1.6290
27.2273,506,1.6323
27.2316,506,1.6323
27.2359,505,1.6290
27.2402,505,1.6290
27.2445,506,1.6323
27.2488,507,1.6355
27.2531,508,1.6387
27.2574,508,1.6387
27.2617,507,1.6355
27.2660,509,1.6419
27.2703,509,1.6419
27.2745,509,1.6419
27.2788,510,1.6452
27.2831,510,1.6452
27.2874,509,1.6419
27.2917,510,1.6452
27.2960,510,1.6452
27.3003,510,1.6452
27.3045,510,1.6452
27.3088,509,1.6419
27.3131,510,1.6452
27.3174,511,1.6484
27.3216,511,1.6484
27.3259,510,1.6452
27.3301,510,1.6452
27.3344,510,1.6452
27.3387,510,1.6452
27.3429,510,1.6452
27.3472,511,1.6484
27.3515,509,1.6419
27.3558,510,1.6452
27.3600,510,1.6452
27.3643,511,1.6484
27.3685,511,1.6484
27.3728,511,1.6484
27.3771,512,1.6516
27.3813,513,1.6548
27.3856,513,1.6548
27.3898,513,1.6548
27.3941,512,1.6516
27.3984,513,1.6548
27.4026,513,1.6548
27.4068,513,1.6548
27.4111,514,1.6581
27.4154,515,1.6613
27.4196,516,1.6645
27.4239,517,1.6677
27.4281,515,1.6613
27.4324,516,1.6645
27.4368,515,1.6613
27.4411,516,1.6645
27.4454,515,1.6613
27.4496,515,1.6613
27.4539,516,1.6645
27.4582,515,1.6613
27.4625,515,1.6613
27.4667,515,1.6613
27.4709,515,1.6613
27.4752,516,1.6645
27.4795,516,1.6645
27.4837,516,1.6645
27.4880,515,1.6613
27.4922,514,1.6581
27.4966,513,1.6548
27.5009,515,1.6613
27.5057,516,1.6645
27.5100,514,1.6581
27.5144,516,1.6645
27.5187,515,1.6613
27.5230,515,1.6613
27.5273,515,1.6613
27.5316,515,1.6613
27.5359,515,1.6613
27.5402,516,1.6645
27.5445,516,1.6645
27.5488,516,1.6645
27.5531,516,1.6645
27.5575,516,1.6645
27.5618,516,1.6645
27.5661,516,1.6645
27.5703,517,1.6677
27.5746,517,1.6677
27.5789,515,1.6613
27.5832,516,1.6645
27.5875,517,1.6677
27.5918,516,1.6645
27.5961,516,1.6645
27.6004,516,1.6645
27.6047,518,1.6710
27.6089,519,1.6742
27.6132,517,1.6677
27.6174,518,1.6710
27.6217,518,1.6710
27.6260,518,1.6710
27.6302,519,1.6742
27.6345,518,1.6710
27.6387,519,1.6742
27.6430,519,1.6742
27.6473,518,1.6710
27.6516,518,1.6710
27.6558,518,1.6710
27.6601,517,1.6677
27.6643,519,1.6742
27.6686,518,1.6710
27.6729,518,1.6710
27.6771,519,1.6742
27.6814,518,1.6710
27.6856,519,1.6742
27.6899,519,1.6742
27.6941,519,1.6742
27.6984,519,1.6742
27.7027,518,1.6710
27.7070,518,1.6710
27.7113,519,1.6742
27.7156,519,1.6742
27.7199,519,1.6742
27.7242,518,1.6710
27.7285,518,1.6710
27.7328,518,1.6710
27.7371,519,1.6742
27.7414,520,1.6774
27.7457,519,1.6742
27.7500,519,1.6742
27.7544,518,1.6710
27.7587,517,1.6677
27.7630,518,1.6710
27.7672,518,1.6710
27.7715,520,1.6774
27.7758,519,1.6742
27.7802,519,1.6742
27.7845,520,1.6774
27.7888,521,1.6806
27.7931,520,1.6774
27.7974,520,1.6774
27.8016,520,1.6774
27.8059,520,1.6774
27.8102,520,1.6774
27.8144,519,1.6742
27.8186,520,1.6774
27.8229,521,1.6806
27.8272,521,1.6806
27.8314,521,1.6806
27.8357,522,1.6839
27.8399,522,1.6839
27.8442,521,1.6806
27.8485,520,1.6774
27.8528,520,1.6774
27.8570,519,1.6742
27.8613,520,1.6774
27.8655,521,1.6806
27.8698,521,1.6806
27.8740,520,1.6774
27.8783,520,1.6774
27.8825,520,1.6774
27.8868,519,1.6742
27.8910,519,1.6742
27.8953,520,1.6774
27.8995,520,1.6774
27.9038,519,1.6742
27.9081,520,1.6774
27.9124,521,1.6806
27.9167,521,1.6806
27.9210,521,1.6806
27.9252,521,1.6806
27.9295,521,1.6806
27.9338,521,1.6806
27.9381,521,1.6806
27.9424,520,1.6774
27.9467,521,1.6806
27.9510,521,1.6806
27.9553,521,1.6806
27.9596,521,1.6806
27.9639,521,1.6806
27.9681,521,1.6806
27.9724,523,1.6871
27.9767,523,1.6871
27.9810,523,1.6871
27.9852,522,1.6839
27.9896,522,1.6839
27.9938,523,1.6871
27.9981,522,1.6839
28.0024,522,1.6839
28.0067,521,1.6806
28.0110,522,1.6839
28.0153,522,1.6839
28.0196,523,1.6871
28.0239,521,1.6806
28.0281,520,1.6774
28.0324,520,1.6774
28.0367,520,1.6774
28.0410,521,1.6806
28.0453,521,1.6806
28.0496,520,1.6774
28.0540,519,1.6742
28.0583,520,1.6774
28.0626,520,1.6774
28.0668,521,1.6806
28.0711,523,1.6871
28.0754,528,1.7032
28.0797,531,1.7129
28.0840,534,1.7226
28.0883,535,1.7258
28.0926,538,1.7355
28.0969,540,1.7419
28.1012,541,1.7452
28.1061,541,1.7452
28.1106,539,1.7387
28.1149,538,1.7355
28.1192,536,1.7290
28.1234,532,1.7161
28.1277,529,1.7065
28.1319,527,1.7000
28.1362,523,1.6871
28.1405,519,1.6742
28.1447,516,1.6645
28.1490,515,1.6613
28.1532,515,1.6613
28.1575,515,1.6613
28.1618,516,1.6645
28.1660,516,1.6645
28.1703,516,1.6645
28.1745,517,1.6677
28.1788,518,1.6710
28.1830,518,1.6710
28.1873,517,1.6677
28.1916,517,1.6677
28.1958,519,1.6742
28.2001,518,1.6710
28.2044,517,1.6677
28.2087,516,1.6645
28.2129,518,1.6710
28.2172,518,1.6710
28.2214,517,1.6677
28.2257,514,1.6581
28.2300,506,1.6323
28.2342,497,1.6032
28.2385,498,1.6065
28.2428,512,1.6516
28.2470,541,1.7452
28.2513,581,1.8742
28.2556,624,2.0129
28.2599,661,2.1323
28.2641,670,2.1613
28.2684,650,2.0968
28.2727,610,1.9677
28.2769,563,1.8161
28.2812,521,1.6806
28.2855,499,1.6097
28.2897,488,1.5742
28.2940,487,1.5710
28.2982,493,1.5903
28.3025,499,1.6097
28.3067,504,1.6258
28.3110,504,1.6258
28.3153,505,1.6290
28.3196,504,1.6258
28.3239,506,1.6323
28.3281,506,1.6323
28.3324,507,1.6355
28.3367,506,1.6323
28.3410,505,1.6290
28.3453,506,1.6323
28.3498,507,1.6355
28.3541,506,1.6323
28.3584,507,1.6355
28.3627,506,1.6323
28.3670,506,1.6323
28.3713,507,1.6355
28.3756,507,1.6355
28.3798,508,1.6387
28.3842,508,1.6387
28.3884,508,1.6387
28.3927,508,1.6387
28.3970,509,1.6419
28.4014,509,1.6419
28.4068,509,1.6419
28.4112,510,1.6452
28.4155,512,1.6516
28.4197,511,1.6484
28.4240,509,1.6419
28.4283,510,1.6452
28.4325,509,1.6419
28.4368,509,1.6419
28.4410,509,1.6419
28.4454,510,1.6452
28.4498,512,1.6516
28.4541,511,1.6484
28.4583,511,1.6484
28.4626,512,1.6516
28.4669,514,1.6581
28.4712,517,1.6677
28.4754,520,1.6774
28.4797,523,1.6871
28.4839,526,1.6968
28.4882,530,1.7097
28.4924,532,1.7161
28.4967,535,1.7258
28.5009,538,1.7355
28.5052,541,1.7452
28.5095,543,1.7516
28.5137,546,1.7613
28.5180,548,1.7677
28.5222,550,1.7742
28.5264,550,1.7742
28.5307,550,1.7742
28.5349,549,1.7710
28.5392,550,1.7742
28.5435,550,1.7742
28.5477,547,1.7645
28.5520,547,1.7645
28.5563,545,1.7581
28.5605,543,1.7516
28.5648,540,1.7419
28.5690,538,1.7355
28.5733,534,1.7226
28.5776,531,1.7129
28.5818,527,1.7000
28.5861,524,1.6903
28.5903,521,1.6806
28.5946,518,1.6710
28.5989,516,1.6645
28.6031,513,1.6548
28.6074,509,1.6419
28.6116,505,1.6290
28.6159,501,1.6161
28.6202,499,1.6097
28.6245,499,1.6097
28.6288,500,1.6129
28.6331,502,1.6194
28.6373,501,1.6161
28.6416,501,1.6161
28.6459,500,1.6129
28.6503,501,1.6161
28.6546,501,1.6161
28.6589,500,1.6129
28.6632,502,1.6194
28.6674,502,1.6194
28.6717,501,1.6161
28.6760,503,1.6226
28.6803,503,1.6226
28.6846,504,1.6258
28.6889,504,1.6258
28.6932,504,1.6258
28.6974,503,1.6226
28.7017,504,1.6258
28.7060,504,1.6258
28.7103,505,1.6290
28.7146,505,1.6290
28.7189,505,1.6290
28.7232,505,1.6290
28.7275,506,1.6323
28.7318,506,1.6323
28.7361,505,1.6290
28.7403,505,1.6290
28.7446,507,1.6355
28.7489,507,1.6355
28.7532,508,1.6387
28.7575,508,1.6387
28.7618,507,1.6355
28.7661,507,1.6355
28.7704,508,1.6387
28.7748,507,1.6355
28.7791,508,1.6387
28.7834,508,1.6387
28.7878,508,1.6387
28.7921,509,1.6419
28.7964,509,1.6419
28.8008,510,1.6452
28.8051,510,1.6452
28.8095,510,1.6452
28.8142,512,1.6516
28.8186,512,1.6516
28.8229,512,1.6516
28.8273,512,1.6516
28.8316,512,1.6516
28.8359,513,1.6548
28.8403,512,1.6516
28.8446,512,1.6516
28.8489,513,1.6548
28.8533,512,1.6516
28.8576,512,1.6516
28.8619,512,1.6516
28.8663,513,1.6548
28.8706,512,1.6516
28.8749,512,1.6516
28.8793,512,1.6516
28.8836,513,1.6548
28.8879,513,1.6548
28.8922,512,1.6516
28.8965,512,1.6516
28.9009,513,1.6548
28.9052,514,1.6581
28.9096,514,1.6581
28.9140,514,1.6581
28.9183,515,1.6613
28.9226,516,1.6645
28.9269,515,1.6613
28.9312,516,1.6645
28.9355,515,1.6613
28.9398,515,1.6613
28.9441,516,1.6645
28.9484,516,1.6645
28.9527,515,1.6613
28.9569,514,1.6581
28.9613,514,1.6581
28.9655,515,1.6613
28.9698,515,1.6613
28.9742,516,1.6645
28.9785,517,1.6677
28.9828,516,1.6645
28.9871,518,1.6710
28.9914,518,1.6710
28.9957,517,1.6677
29.0002,517,1.6677
29.0047,516,1.6645
29.0091,516,1.6645
29.0135,517,1.6677
29.0178,518,1.6710
29.0221,517,1.6677
29.0264,517,1.6677
29.0307,517,1.6677
29.0350,517,1.6677
29.0393,518,1.6710
29.0436,518,1.6710
29.0479,516,1.6645
29.0522,517,1.6677
29.0565,517,1.6677
29.0608,519,1.6742
29.0651,518,1.6710
29.0694,518,1.6710
29.0737,518,1.6710
29.0779,519,1.6742
29.0822,518,1.6710
29.0865,519,1.6742
29.0908,518,1.6710
29.0951,517,1.6677
29.0994,519,1.6742
29.1037,518,1.6710
29.1080,519,1.6742
29.1123,520,1.6774
29.1166,519,1.6742
29.1210,519,1.6742
29.1253,520,1.6774
29.1296,519,1.6742
29.1339,519,1.6742
29.1383,519,1.6742
29.1426,519,1.6742
29.1469,518,1.6710
29.1513,519,1.6742
29.1556,519,1.6742
29.1599,518,1.6710
29.1643,519,1.6742
29.1686,519,1.6742
29.1730,519,1.6742
29.1773,520,1.6774
29.1816,521,1.6806
29.1860,522,1.6839
29.1903,523,1.6871
29.1946,521,1.6806
29.1989,522,1.6839
29.2033,522,1.6839
29.2076,521,1.6806
29.2119,520,1.6774
29.2163,520,1.6774
29.2206,521,1.6806
29.2249,521,1.6806
29.2292,522,1.6839
29.2335,521,1.6806
29.2378,522,1.6839
29.2420,520,1.6774
29.2463,521,1.6806
29.2507,520,1.6774
29.2550,520,1.6774
29.2592,519,1.6742
29.2635,519,1.6742
29.2678,521,1.6806
29.2721,520,1.6774
29.2764,522,1.6839
29.2807,522,1.6839
29.2850,521,1.6806
29.2893,521,1.6806
29.2936,520,1.6774
29.2979,520,1.6774
29.3023,520,1.6774
29.3067,521,1.6806
29.3111,519,1.6742
29.3155,519,1.6742
29.3198,519,1.6742
29.3242,519,1.6742
29.3286,520,1.6774
29.3329,519,1.6742
29.3372,519,1.6742
29.3416,520,1.6774
29.3459,520,1.6774
29.3503,520,1.6774
29.3546,519,1.6742
29.3589,519,1.6742
29.3632,519,1.6742
29.3676,519,1.6742
29.3719,519,1.6742
29.3763,519,1.6742
29.3806,520,1.6774
29.3849,520,1.6774
29.3892,519,1.6742
29.3936,520,1.6774
29.3979,520,1.6774
29.4022,520,1.6774
29.4065,520,1.6774
29.4109,520,1.6774
29.4152,520,1.6774
29.4195,519,1.6742
29.4239,520,1.6774
29.4282,520,1.6774
29.4325,520,1.6774
29.4368,520,1.6774
29.4410,519,1.6742
29.4453,520,1.6774
29.4496,520,1.6774
29.4540,519,1.6742
29.4582,519,1.6742
29.4625,520,1.6774
29.4668,521,1.6806
29.4711,520,1.6774
29.4754,519,1.6742
29.4797,521,1.6806
29.4840,520,1.6774
29.4883,520,1.6774
29.4926,520,1.6774
29.4969,519,1.6742
29.5012,520,1.6774
29.5055,520,1.6774
29.5098,519,1.6742
29.5141,519,1.6742
29.5184,518,1.6710
29.5227,518,1.6710
29.5270,518,1.6710
29.5313,518,1.6710
29.5357,518,1.6710
29.5400,518,1.6710
29.5444,520,1.6774
29.5487,520,1.6774
29.5530,518,1.6710
29.5574,520,1.6774
29.5617,520,1.6774
29.5660,520,1.6774
29.5704,523,1.6871
29.5747,526,1.6968
29.5791,528,1.7032
29.5834,532,1.7161
29.5877,535,1.7258
29.5920,537,1.7323
29.5964,538,1.7355
29.6007,540,1.7419
29.6050,539,1.7387
29.6093,540,1.7419
29.6137,539,1.7387
29.6181,536,1.7290
29.6225,534,1.7226
29.6268,531,1.7129
29.6311,528,1.7032
29.6353,523,1.6871
29.6397,519,1.6742
29.6439,518,1.6710
29.6482,517,1.6677
29.6525,518,1.6710
29.6568,516,1.6645
29.6611,517,1.6677
29.6654,517,1.6677
29.6697,517,1.6677
29.6740,516,1.6645
29.6783,516,1.6645
29.6826,516,1.6645
29.6869,516,1.6645
29.6912,518,1.6710
29.6955,518,1.6710
29.6998,519,1.6742
29.7041,518,1.6710
29.7084,517,1.6677
29.7126,517,1.6677
29.7169,517,1.6677
29.7212,517,1.6677
29.7256,513,1.6548
29.7299,507,1.6355
29.7343,498,1.6065
29.7386,498,1.6065
29.7430,513,1.6548
29.7473,543,1.7516
29.7516,584,1.8839
29.7560,627,2.0226
29.7603,664,2.1419
29.7646,669,2.1581
29.7689,644,2.0774
29.7733,603,1.9452
29.7776,554,1.7871
29.7820,517,1.6677
29.7863,497,1.6032
29.7906,489,1.5774
29.7949,489,1.5774
29.7993,495,1.5968
29.8036,501,1.6161
29.8079,504,1.6258
29.8123,505,1.6290
29.8166,505,1.6290
29.8209,505,1.6290
29.8253,505,1.6290
29.8296,505,1.6290
29.8339,506,1.6323
29.8382,506,1.6323
29.8425,506,1.6323
29.8468,506,1.6323
29.8511,507,1.6355
29.8553,508,1.6387
29.8596,508,1.6387
29.8639,508,1.6387
29.8682,509,1.6419
29.8725,508,1.6387
29.8768,509,1.6419
29.8811,508,1.6387
29.8854,509,1.6419
29.8897,510,1.6452
29.8940,509,1.6419
29.8983,510,1.6452
29.9026,510,1.6452
29.9070,511,1.6484
29.9114,510,1.6452
29.9157,509,1.6419
29.9200,510,1.6452
29.9244,511,1.6484
29.9287,510,1.6452
29.9330,510,1.6452
29.9374,510,1.6452
29.9417,510,1.6452
29.9460,511,1.6484
29.9504,511,1.6484
29.9547,512,1.6516
29.9590,511,1.6484
29.9633,514,1.6581
29.9677,516,1.6645
29.9720,519,1.6742
29.9764,523,1.6871
29.9807,525,1.6935
29.9850,528,1.7032
29.9894,529,1.7065
29.9937,534,1.7226
29.9980,535,1.7258
30.0024,538,1.7355
30.0067,542,1.7484
30.0111,542,1.7484
30.0154,546,1.7613
30.0197,547,1.7645
30.0240,548,1.7677
30.0297,550,1.7742
30.0342,548,1.7677
30.0387,548,1.7677
30.0432,550,1.7742
30.0477,549,1.7710
30.0523,547,1.7645
30.0567,546,1.7613
30.0610,545,1.7581
30.0653,543,1.7516
30.0696,541,1.7452
30.0739,538,1.7355
30.0782,535,1.7258
30.0824,530,1.7097
30.0867,527,1.7000
30.0910,522,1.6839
30.0953,518,1.6710
30.0996,514,1.6581
30.1039,511,1.6484
30.1082,508,1.6387
30.1125,506,1.6323
30.1168,503,1.6226
30.1211,502,1.6194
30.1254,502,1.6194
30.1297,502,1.6194
30.1340,502,1.6194
30.1383,502,1.6194
30.1425,502,1.6194
30.1468,503,1.6226
30.1512,504,1.6258
30.1555,504,1.6258
30.1597,504,1.6258
30.1641,505,1.6290
30.1685,505,1.6290
30.1729,504,1.6258
30.1773,505,1.6290
30.1817,505,1.6290
30.1860,505,1.6290
30.1903,504,1.6258
30.1946,505,1.6290
30.1988,505,1.6290
30.2032,505,1.6290
30.2076,507,1.6355
30.2120,506,1.6323
30.2163,505,1.6290
30.2206,505,1.6290
30.2249,507,1.6355
30.2292,506,1.6323
30.2335,506,1.6323
30.2378,507,1.6355
30.2421,507,1.6355
30.2464,508,1.6387
30.2507,507,1.6355
30.2550,507,1.6355
30.2593,508,1.6387
30.2636,508,1.6387
30.2679,509,1.6419
30.2721,509,1.6419
30.2765,509,1.6419
30.2808,508,1.6387
30.2851,510,1.6452
30.2893,510,1.6452
30.2936,509,1.6419
30.2979,510,1.6452
30.3022,510,1.6452
30.3065,510,1.6452
30.3108,510,1.6452
30.3151,509,1.6419
30.3195,510,1.6452
30.3238,510,1.6452
30.3281,511,1.6484
30.3324,512,1.6516
30.3368,512,1.6516
30.3411,513,1.6548
30.3454,513,1.6548
30.3497,513,1.6548
30.3541,513,1.6548
30.3584,513,1.6548
30.3628,513,1.6548
30.3671,513,1.6548
30.3714,513,1.6548
30.3757,512,1.6516
30.3801,513,1.6548
30.3845,513,1.6548
30.3888,514,1.6581
30.3931,513,1.6548
30.3974,515,1.6613
30.4018,516,1.6645
30.4061,516,1.6645
30.4104,515,1.6613
30.4148,516,1.6645
30.4191,515,1.6613
30.4234,516,1.6645
30.4278,515,1.6613
30.4321,516,1.6645
30.4364,515,1.6613
30.4407,515,1.6613
30.4450,517,1.6677
30.4493,516,1.6645
30.4536,515,1.6613
30.4579,515,1.6613
30.4622,516,1.6645
30.4665,517,1.6677
30.4708,517,1.6677
30.4750,517,1.6677
30.4793,517,1.6677
30.4837,518,1.6710
30.4879,516,1.6645
30.4922,517,1.6677
30.4965,517,1.6677
30.5008,518,1.6710
30.5051,518,1.6710
30.5094,519,1.6742
30.5137,519,1.6742
30.5180,519,1.6742
30.5223,519,1.6742
30.5266,519,1.6742
30.5309,519,1.6742
30.5352,519,1.6742
30.5396,519,1.6742
30.5439,518,1.6710
30.5483,520,1.6774
30.5526,519,1.6742
30.5569,518,1.6710
30.5612,518,1.6710
30.5656,519,1.6742
30.5699,519,1.6742
30.5743,519,1.6742
30.5786,519,1.6742
30.5829,519,1.6742
30.5877,518,1.6710
30.5920,518,1.6710
30.5964,518,1.6710
30.6007,518,1.6710
30.6050,518,1.6710
30.6094,518,1.6710
30.6137,518,1.6710
30.6180,516,1.6645
30.6223,515,1.6613
30.6267,514,1.6581
30.6310,516,1.6645
30.6353,516,1.6645
30.6396,516,1.6645
30.6439,516,1.6645
30.6482,516,1.6645
30.6525,516,1.6645
30.6568,517,1.6677
30.6611,517,1.6677
30.6654,517,1.6677
30.6697,517,1.6677
30.6740,517,1.6677
30.6782,518,1.6710
30.6825,518,1.6710
30.6869,517,1.6677
30.6911,516,1.6645
30.6954,518,1.6710
30.6997,519,1.6742
30.7040,519,1.6742
30.7083,519,1.6742
30.7126,521,1.6806
30.7169,519,1.6742
30.7212,520,1.6774
30.7255,519,1.6742
30.7298,520,1.6774
30.7341,519,1.6742
30.7384,519,1.6742
30.7427,519,1.6742
30.7471,519,1.6742
30.7514,519,1.6742
30.7558,520,1.6774
30.7601,518,1.6710
30.7644,519,1.6742
30.7688,520,1.6774
30.7731,520,1.6774
30.7774,518,1.6710
30.7817,519,1.6742
30.7861,519,1.6742
30.7904,519,1.6742
30.7948,518,1.6710
30.7991,519,1.6742
30.8034,519,1.6742
30.8079,520,1.6774
30.8123,519,1.6742
30.8168,520,1.6774
30.8211,520,1.6774
30.8254,520,1.6774
30.8297,520,1.6774
30.8341,520,1.6774
30.8384,519,1.6742
30.8427,518,1.6710
30.8470,519,1.6742
30.8513,520,1.6774
30.8556,520,1.6774
30.8599,519,1.6742
30.8642,519,1.6742
30.8685,520,1.6774
30.8728,521,1.6806
30.8771,521,1.6806
30.8814,520,1.6774
30.8857,520,1.6774
30.8900,519,1.6742
30.8943,519,1.6742
30.8986,521,1.6806
30.9029,520,1.6774
30.9072,519,1.6742
30.9115,521,1.6806
30.9158,521,1.6806
30.9201,519,1.6742
30.9244,520,1.6774
30.9286,520,1.6774
30.9329,520,1.6774
30.9373,520,1.6774
30.9416,519,1.6742
30.9460,519,1.6742
30.9503,520,1.6774
30.9546,520,1.6774
30.9590,521,1.6806
30.9633,521,1.6806
30.9676,520,1.6774
30.9719,520,1.6774
30.9763,520,1.6774
30.9806,521,1.6806
30.9849,520,1.6774
30.9893,520,1.6774
30.9936,521,1.6806
30.9979,520,1.6774
31.0023,521,1.6806
31.0066,520,1.6774
31.0109,519,1.6742
31.0152,519,1.6742
31.0196,520,1.6774
31.0239,520,1.6774
31.0282,520,1.6774
31.0326,519,1.6742
31.0369,520,1.6774
31.0412,520,1.6774
31.0456,520,1.6774
31.0499,519,1.6742
31.0543,519,1.6742
31.0586,519,1.6742
31.0630,520,1.6774
31.0673,520,1.6774
31.0716,523,1.6871
31.0759,527,1.7000
31.0803,531,1.7129
31.0846,534,1.7226
31.0889,537,1.7323
31.0933,539,1.7387
31.0976,540,1.7419
31.1020,541,1.7452
31.1064,541,1.7452
31.1108,539,1.7387
31.1152,536,1.7290
31.1195,535,1.7258
31.1239,532,1.7161
31.1282,529,1.7065
31.1325,526,1.6968
31.1369,522,1.6839
31.1412,517,1.6677
31.1455,514,1.6581
31.1498,514,1.6581
31.1541,514,1.6581
31.1584,514,1.6581
31.1627,515,1.6613
31.1670,514,1.6581
31.1713,514,1.6581
31.1756,513,1.6548
31.1799,514,1.6581
31.1842,514,1.6581
31.1885,514,1.6581
31.1928,516,1.6645
31.1971,516,1.6645
31.2014,516,1.6645
31.2057,515,1.6613
31.2100,514,1.6581
31.2143,514,1.6581
31.2186,516,1.6645
31.2229,514,1.6581
31.2272,511,1.6484
31.2315,502,1.6194
31.2358,494,1.5935
31.2401,500,1.6129
31.2444,521,1.6806
31.2488,555,1.7903
31.2531,599,1.9323
31.2574,642,2.0710
31.2618,669,2.1581
31.2661,663,2.1387
31.2704,632,2.0387
31.2748,587,1.8935
31.2791,542,1.7484
31.2834,509,1.6419
31.2877,493,1.5903
31.2921,488,1.5742
31.2964,491,1.5839
31.3007,496,1.6000
31.3051,501,1.6161
31.3094,503,1.6226
31.3137,504,1.6258
31.3181,504,1.6258
31.3224,505,1.6290
31.3267,505,1.6290
31.3311,504,1.6258
31.3354,505,1.6290
31.3397,506,1.6323
31.3440,505,1.6290
31.3483,505,1.6290
31.3526,505,1.6290
31.3569,506,1.6323
31.3612,506,1.6323
31.3655,507,1.6355
31.3698,507,1.6355
31.3741,507,1.6355
31.3784,507,1.6355
31.3827,506,1.6323
31.3870,507,1.6355
31.3913,509,1.6419
31.3956,509,1.6419
31.3999,508,1.6387
31.4042,508,1.6387
31.4085,508,1.6387
31.4128,509,1.6419
31.4171,509,1.6419
31.4213,509,1.6419
31.4256,509,1.6419
31.4299,510,1.6452
31.4343,509,1.6419
31.4386,510,1.6452
31.4429,510,1.6452
31.4472,511,1.6484
31.4516,511,1.6484
31.4559,512,1.6516
31.4603,512,1.6516
31.4646,514,1.6581
31.4689,516,1.6645
31.4733,519,1.6742
31.4776,522,1.6839
31.4819,522,1.6839
31.4862,527,1.7000
31.4905,530,1.7097
31.4949,535,1.7258
31.4992,538,1.7355
31.5036,540,1.7419
31.5079,543,1.7516
31.5122,545,1.7581
31.5166,547,1.7645
31.5209,548,1.7677
31.5252,548,1.7677
31.5295,551,1.7774
31.5339,551,1.7774
31.5382,551,1.7774
31.5425,551,1.7774
31.5468,548,1.7677
31.5511,549,1.7710
31.5554,546,1.7613
31.5597,543,1.7516
31.5640,541,1.7452
31.5683,539,1.7387
31.5726,534,1.7226
31.5769,533,1.7194
31.5812,530,1.7097
31.5855,528,1.7032
31.5898,524,1.6903
31.5941,520,1.6774
31.5984,516,1.6645
31.6027,514,1.6581
31.6070,511,1.6484
31.6112,509,1.6419
31.6156,506,1.6323
31.6198,504,1.6258
31.6242,503,1.6226
31.6285,503,1.6226
31.6327,502,1.6194
31.6371,501,1.6161
31.6413,501,1.6161
31.6457,503,1.6226
31.6500,503,1.6226
31.6544,504,1.6258
31.6587,504,1.6258
31.6631,503,1.6226
31.6674,504,1.6258
31.6717,504,1.6258
31.6761,504,1.6258
31.6804,504,1.6258
31.6847,504,1.6258
31.6890,505,1.6290
31.6934,504,1.6258
31.6977,505,1.6290
31.7021,505,1.6290
31.7066,505,1.6290
31.7110,505,1.6290
31.7154,505,1.6290
31.7198,506,1.6323
31.7241,507,1.6355
31.7284,507,1.6355
31.7328,509,1.6419
31.7371,509,1.6419
31.7415,509,1.6419
31.7459,509,1.6419
31.7502,509,1.6419
31.7545,508,1.6387
31.7588,508,1.6387
31.7631,509,1.6419
31.7674,510,1.6452
31.7717,510,1.6452
31.7759,509,1.6419
31.7803,509,1.6419
31.7845,510,1.6452
31.7888,510,1.6452
31.7931,511,1.6484
31.7974,510,1.6452
31.8017,511,1.6484
31.8060,511,1.6484
31.8103,513,1.6548
31.8146,513,1.6548
31.8189,512,1.6516
31.8232,511,1.6484
31.8275,512,1.6516
31.8318,511,1.6484
31.8361,512,1.6516
31.8405,513,1.6548
31.8448,513,1.6548
31.8491,513,1.6548
31.8535,512,1.6516
31.8578,512,1.6516
31.8621,512,1.6516
31.8665,512,1.6516
31.8708,513,1.6548
31.8751,512,1.6516
31.8794,512,1.6516
31.8838,511,1.6484
31.8881,512,1.6516
31.8924,513,1.6548
31.8968,513,1.6548
31.9011,513,1.6548
31.9055,514,1.6581
31.9098,514,1.6581
31.9141,514,1.6581
31.9184,514,1.6581
31.9228,514,1.6581
31.9271,514,1.6581
31.9314,513,1.6548
31.9358,515,1.6613
31.9401,514,1.6581
31.9444,515,1.6613
31.9487,515,1.6613
31.9530,515,1.6613
31.9573,516,1.6645
31.9616,515,1.6613
31.9659,516,1.6645
31.9702,515,1.6613
31.9745,515,1.6613
31.9788,514,1.6581
31.9831,516,1.6645
31.9874,516,1.6645
31.9917,518,1.6710
31.9960,518,1.6710
32.0003,517,1.6677
32.0046,517,1.6677
32.0090,518,1.6710
32.0134,518,1.6710
32.0177,516,1.6645
32.0220,517,1.6677
32.0264,518,1.6710
32.0306,518,1.6710
32.0349,518,1.6710
32.0392,518,1.6710
32.0435,519,1.6742
32.0478,520,1.6774
32.0521,518,1.6710
32.0564,518,1.6710
32.0607,519,1.6742
32.0650,518,1.6710
32.0693,520,1.6774
32.0736,520,1.6774
32.0779,520,1.6774
32.0822,520,1.6774
32.0865,519,1.6742
32.0908,519,1.6742
32.0951,518,1.6710
32.0994,520,1.6774
32.1036,519,1.6742
32.1080,519,1.6742
32.1123,518,1.6710
32.1165,519,1.6742
32.1208,519,1.6742
32.1251,519,1.6742
32.1294,520,1.6774
32.1337,520,1.6774
32.1380,520,1.6774
32.1424,519,1.6742
32.1467,520,1.6774
32.1511,519,1.6742
32.1554,518,1.6710
32.1597,518,1.6710
32.1641,519,1.6742
32.1684,518,1.6710
32.1727,519,1.6742
32.1771,519,1.6742
32.1814,519,1.6742
32.1857,518,1.6710
32.1901,519,1.6742
32.1944,518,1.6710
32.1987,517,1.6677
32.2031,516,1.6645
32.2074,516,1.6645
32.2117,518,1.6710
32.2161,518,1.6710
32.2204,518,1.6710
32.2247,517,1.6677
32.2290,517,1.6677
32.2334,518,1.6710
32.2377,518,1.6710
32.2420,519,1.6742
32.2464,519,1.6742
32.2507,519,1.6742
32.2550,518,1.6710
32.2593,518,1.6710
32.2636,519,1.6742
32.2679,518,1.6710
32.2722,518,1.6710
32.2765,519,1.6742
32.2808,518,1.6710
32.2851,518,1.6710
32.2894,518,1.6710
32.2937,519,1.6742
32.2980,520,1.6774
32.3023,518,1.6710
32.3066,519,1.6742
32.3109,519,1.6742
32.3152,521,1.6806
32.3195,521,1.6806
32.3237,521,1.6806
32.3280,521,1.6806
32.3323,520,1.6774
32.3366,520,1.6774
32.3409,519,1.6742
32.3452,519,1.6742
32.3495,519,1.6742
32.3539,520,1.6774
32.3619,521,1.6806
32.3663,519,1.6742
32.3706,518,1.6710
32.3749,518,1.6710
32.3793,519,1.6742
32.3836,520,1.6774
32.3879,520,1.6774
32.3922,520,1.6774
32.3966,520,1.6774
32.4009,520,1.6774
32.4053,520,1.6774
32.4096,520,1.6774
32.4139,518,1.6710
32.4182,520,1.6774
32.4226,519,1.6742
32.4269,520,1.6774
32.4312,520,1.6774
32.4356,520,1.6774
32.4399,519,1.6742
32.4443,520,1.6774
32.4486,521,1.6806
32.4529,522,1.6839
32.4572,522,1.6839
32.4615,522,1.6839
32.4658,522,1.6839
32.4701,521,1.6806
32.4744,521,1.6806
32.4787,520,1.6774
32.4830,520,1.6774
32.4873,520,1.6774
32.4916,520,1.6774
32.4959,520,1.6774
32.5002,521,1.6806
32.5045,522,1.6839
32.5088,522,1.6839
32.5130,521,1.6806
32.5173,520,1.6774
32.5216,521,1.6806
32.5259,522,1.6839
32.5302,521,1.6806
32.5345,520,1.6774
32.5388,521,1.6806
32.5431,519,1.6742
32.5474,520,1.6774
32.5517,520,1.6774
32.5561,521,1.6806
32.5604,519,1.6742
32.5647,519,1.6742
32.5691,520,1.6774
32.5734,523,1.6871
32.5777,527,1.7000
32.5821,530,1.7097
32.5864,534,1.7226
32.5907,536,1.7290
32.5950,538,1.7355
32.5994,539,1.7387
32.6037,541,1.7452
32.6082,541,1.7452
32.6126,540,1.7419
32.6170,536,1.7290
32.6213,534,1.7226
32.6257,531,1.7129
32.6300,528,1.7032
32.6344,524,1.6903
32.6387,520,1.6774
32.6430,516,1.6645
32.6475,514,1.6581
32.6518,514,1.6581
32.6561,515,1.6613
32.6604,515,1.6613
32.6647,515,1.6613
32.6690,515,1.6613
32.6733,515,1.6613
32.6776,515,1.6613
32.6819,515,1.6613
32.6862,515,1.6613
32.6905,515,1.6613
32.6948,515,1.6613
32.6991,515,1.6613
32.7034,515,1.6613
32.7077,516,1.6645
32.7120,516,1.6645
32.7163,516,1.6645
32.7206,516,1.6645
32.7249,513,1.6548
32.7292,508,1.6387
32.7335,499,1.6097
32.7377,496,1.6000
32.7420,507,1.6355
32.7463,534,1.7226
32.7507,574,1.8516
32.7550,619,1.9968
32.7593,658,2.1226
32.7637,671,2.1645
32.7680,654,2.1097
32.7723,615,1.9839
32.7767,567,1.8290
32.7810,526,1.6968
32.7853,500,1.6129
32.7897,489,1.5774
32.7940,489,1.5774
32.7983,494,1.5935
32.8026,501,1.6161
32.8070,505,1.6290
32.8113,507,1.6355
32.8157,506,1.6323
32.8200,505,1.6290
32.8244,505,1.6290
32.8287,506,1.6323
32.8330,505,1.6290
32.8374,506,1.6323
32.8417,507,1.6355
32.8460,508,1.6387
32.8504,508,1.6387
32.8547,507,1.6355
32.8590,507,1.6355
32.8633,507,1.6355
32.8676,507,1.6355
32.8719,507,1.6355
32.8762,507,1.6355
32.8805,507,1.6355
32.8848,508,1.6387
32.8891,509,1.6419
32.8934,509,1.6419
32.8976,510,1.6452
32.9019,508,1.6387
32.9063,508,1.6387
32.9107,508,1.6387
32.9151,508,1.6387
32.9194,508,1.6387
32.9237,508,1.6387
32.9280,508,1.6387
32.9323,509,1.6419
32.9366,509,1.6419
32.9409,510,1.6452
32.9452,511,1.6484
32.9495,511,1.6484
32.9538,510,1.6452
32.9581,510,1.6452
32.9624,510,1.6452
32.9667,513,1.6548
32.9710,517,1.6677
32.9753,521,1.6806
32.9796,523,1.6871
32.9839,525,1.6935
32.9882,528,1.7032
32.9925,532,1.7161
32.9968,537,1.7323
33.0010,540,1.7419
33.0053,543,1.7516
33.0096,544,1.7548
33.0139,545,1.7581
33.0182,547,1.7645
33.0225,548,1.7677
33.0268,551,1.7774
33.0311,551,1.7774
33.0354,551,1.7774
33.0397,550,1.7742
33.0440,549,1.7710
33.0483,547,1.7645
33.0526,547,1.7645
33.0569,544,1.7548
33.0612,541,1.7452
33.0656,539,1.7387
33.0699,537,1.7323
33.0743,535,1.7258
33.0786,531,1.7129
33.0830,527,1.7000
33.0873,525,1.6935
33.0916,520,1.6774
33.0960,517,1.6677
33.1003,513,1.6548
33.1046,510,1.6452
33.1090,506,1.6323
33.1133,503,1.6226
33.1176,500,1.6129
33.1220,499,1.6097
33.1263,499,1.6097
33.1306,499,1.6097
33.1349,500,1.6129
33.1393,501,1.6161
33.1436,501,1.6161
33.1479,501,1.6161
33.1522,502,1.6194
33.1566,501,1.6161
33.1609,502,1.6194
33.1652,503,1.6226
33.1695,503,1.6226
33.1738,504,1.6258
33.1781,505,1.6290
33.1824,504,1.6258
33.1867,504,1.6258
33.1909,505,1.6290
33.1952,505,1.6290
33.1995,507,1.6355
33.2038,507,1.6355
33.2081,506,1.6323
33.2124,506,1.6323
33.2167,507,1.6355
33.2210,507,1.6355
33.2253,507,1.6355
33.2296,508,1.6387
33.2339,508,1.6387
33.2382,508,1.6387
33.2425,509,1.6419
33.2468,508,1.6387
33.2511,508,1.6387
33.2554,507,1.6355
33.2597,508,1.6387
33.2641,507,1.6355
33.2684,509,1.6419
33.2727,509,1.6419
33.2770,508,1.6387
33.2814,509,1.6419
33.2857,510,1.6452
33.2901,511,1.6484
33.2944,510,1.6452
33.2987,510,1.6452
33.3031,510,1.6452
33.3074,510,1.6452
33.3118,511,1.6484
33.3161,510,1.6452
33.3204,511,1.6484
33.3248,511,1.6484
33.3291,512,1.6516
33.3334,511,1.6484
33.3377,511,1.6484
33.3421,511,1.6484
33.3464,511,1.6484
33.3507,512,1.6516
33.3552,513,1.6548
33.3595,513,1.6548
33.3638,514,1.6581
33.3681,514,1.6581
33.3724,512,1.6516
33.3767,513,1.6548
33.3810,513,1.6548
33.3853,515,1.6613
33.3896,516,1.6645
33.3939,515,1.6613
33.3982,514,1.6581
33.4025,514,1.6581
33.4068,515,1.6613
33.4111,515,1.6613
33.4154,515,1.6613
33.4197,515,1.6613
33.4240,515,1.6613
33.4283,516,1.6645
33.4325,515,1.6613
33.4368,515,1.6613
33.4411,515,1.6613
33.4454,515,1.6613
33.4497,517,1.6677
33.4540,517,1.6677
33.4583,518,1.6710
33.4627,517,1.6677
33.4670,516,1.6645
33.4713,516,1.6645
33.4757,516,1.6645
33.4800,516,1.6645
33.4844,516,1.6645
33.4887,516,1.6645
33.4930,516,1.6645
33.4974,515,1.6613
33.5017,516,1.6645
33.5061,516,1.6645
33.5105,516,1.6645
33.5150,518,1.6710
33.5193,518,1.6710
33.5237,516,1.6645
33.5280,517,1.6677
33.5323,517,1.6677
33.5366,515,1.6613
33.5410,515,1.6613
33.5453,515,1.6613
33.5496,517,1.6677
33.5540,518,1.6710
33.5584,517,1.6677
33.5627,517,1.6677
33.5671,517,1.6677
33.5714,516,1.6645
33.5756,517,1.6677
33.5799,515,1.6613
33.5843,516,1.6645
33.5886,518,1.6710
33.5929,518,1.6710
33.5972,518,1.6710
33.6015,517,1.6677
33.6058,519,1.6742
33.6101,519,1.6742
33.6144,518,1.6710
33.6187,519,1.6742
33.6230,519,1.6742
33.6272,519,1.6742
33.6316,519,1.6742
33.6358,519,1.6742
33.6401,519,1.6742
33.6444,518,1.6710
33.6487,518,1.6710
33.6530,518,1.6710
33.6573,518,1.6710
33.6616,519,1.6742
33.6659,520,1.6774
33.6703,520,1.6774
33.6746,518,1.6710
33.6789,519,1.6742
33.6833,518,1.6710
33.6876,518,1.6710
33.6919,517,1.6677
33.6963,517,1.6677
33.7006,518,1.6710
33.7049,518,1.6710
33.7092,517,1.6677
33.7136,518,1.6710
33.7179,518,1.6710
33.7222,518,1.6710
33.7266,519,1.6742
33.7309,520,1.6774
33.7352,520,1.6774
33.7396,519,1.6742
33.7439,517,1.6677
33.7482,517,1.6677
33.7526,518,1.6710
33.7569,519,1.6742
33.7613,520,1.6774
33.7657,519,1.6742
33.7700,519,1.6742
33.7743,520,1.6774
33.7786,520,1.6774
33.7829,519,1.6742
33.7872,520,1.6774
33.7915,521,1.6806
33.7958,520,1.6774
33.8001,520,1.6774
33.8044,520,1.6774
33.8088,520,1.6774
33.8132,520,1.6774
33.8176,520,1.6774
33.8219,521,1.6806
33.8262,521,1.6806
33.8306,520,1.6774
33.8349,521,1.6806
33.8392,521,1.6806
33.8435,521,1.6806
33.8478,521,1.6806
33.8521,522,1.6839
33.8564,522,1.6839
33.8607,522,1.6839
33.8650,521,1.6806
33.8694,520,1.6774
33.8737,520,1.6774
33.8780,521,1.6806
33.8823,520,1.6774
33.8866,521,1.6806
33.8909,521,1.6806
33.8952,519,1.6742
33.8995,521,1.6806
33.9038,521,1.6806
33.9081,521,1.6806
33.9124,522,1.6839
33.9173,522,1.6839
33.9217,522,1.6839
33.9260,521,1.6806
33.9303,523,1.6871
33.9346,523,1.6871
33.9389,522,1.6839
33.9432,522,1.6839
33.9475,522,1.6839
33.9518,522,1.6839
33.9561,521,1.6806
33.9604,521,1.6806
33.9647,522,1.6839
33.9690,521,1.6806
33.9733,520,1.6774
33.9776,520,1.6774
33.9819,519,1.6742
33.9862,521,1.6806
33.9905,520,1.6774
33.9953,520,1.6774
33.9996,521,1.6806
34.0039,521,1.6806
34.0082,521,1.6806
34.0125,522,1.6839
34.0168,521,1.6806
34.0211,522,1.6839
34.0254,521,1.6806
34.0297,521,1.6806
34.0340,521,1.6806
34.0383,522,1.6839
34.0426,521,1.6806
34.0469,521,1.6806
34.0512,521,1.6806
34.0555,520,1.6774
34.0598,521,1.6806
34.0642,521,1.6806
34.0685,522,1.6839
34.0728,524,1.6903
34.0773,527,1.7000
34.0816,531,1.7129
34.0859,534,1.7226
34.0902,536,1.7290
34.0945,538,1.7355
34.0988,539,1.7387
34.1031,541,1.7452
34.1074,540,1.7419
34.1117,539,1.7387
34.1160,537,1.7323
34.1203,535,1.7258
34.1246,531,1.7129
34.1289,529,1.7065
34.1336,526,1.6968
34.1379,521,1.6806
34.1422,517,1.6677
34.1465,515,1.6613
34.1508,516,1.6645
34.1551,517,1.6677
34.1595,516,1.6645
34.1638,517,1.6677
34.1681,517,1.6677
34.1724,517,1.6677
34.1767,519,1.6742
34.1810,518,1.6710
34.1854,517,1.6677
34.1897,517,1.6677
34.1939,518,1.6710
34.1982,517,1.6677
34.2025,518,1.6710
34.2069,518,1.6710
34.2112,518,1.6710
34.2154,517,1.6677
34.2197,516,1.6645
34.2241,514,1.6581
34.2284,509,1.6419
34.2327,500,1.6129
34.2370,495,1.5968
34.2413,504,1.6258
34.2456,528,1.7032
34.2499,565,1.8226
34.2542,610,1.9677
34.2585,651,2.1000
34.2628,670,2.1613
34.2672,658,2.1226
34.2715,624,2.0129
34.2758,577,1.8613
34.2801,532,1.7161
34.2844,503,1.6226
34.2887,489,1.5774
34.2930,487,1.5710
34.2973,490,1.5806
34.3016,495,1.5968
34.3059,500,1.6129
34.3102,503,1.6226
34.3145,504,1.6258
34.3188,504,1.6258
34.3231,504,1.6258
34.3275,504,1.6258
34.3318,506,1.6323
34.3360,505,1.6290
34.3403,505,1.6290
34.3446,505,1.6290
34.3490,507,1.6355
34.3533,508,1.6387
34.3575,508,1.6387
34.3618,509,1.6419
34.3661,509,1.6419
34.3705,509,1.6419
34.3748,509,1.6419
34.3791,509,1.6419
34.3834,507,1.6355
34.3882,508,1.6387
34.3925,509,1.6419
34.3968,509,1.6419
34.4011,509,1.6419
34.4054,509,1.6419
34.4099,509,1.6419
34.4143,512,1.6516
34.4187,510,1.6452
34.4230,511,1.6484
34.4273,512,1.6516
34.4317,512,1.6516
34.4360,512,1.6516
34.4402,512,1.6516
34.4445,511,1.6484
34.4488,512,1.6516
34.4532,512,1.6516
34.4575,512,1.6516
34.4618,512,1.6516
34.4661,513,1.6548
34.4704,517,1.6677
34.4747,521,1.6806
34.4790,524,1.6903
34.4833,525,1.6935
34.4876,528,1.7032
34.4920,532,1.7161
34.4963,535,1.7258
34.5005,539,1.7387
34.5048,542,1.7484
34.5091,544,1.7548
34.5135,547,1.7645
34.5178,549,1.7710
34.5221,550,1.7742
34.5264,550,1.7742
34.5307,551,1.7774
34.5351,551,1.7774
34.5394,551,1.7774
34.5436,552,1.7806
34.5479,551,1.7774
34.5523,548,1.7677
34.5566,547,1.7645
34.5609,545,1.7581
34.5651,542,1.7484
34.5695,539,1.7387
34.5738,535,1.7258
34.5781,534,1.7226
34.5824,530,1.7097
34.5867,524,1.6903
34.5910,521,1.6806
34.5953,518,1.6710
34.5996,514,1.6581
34.6039,512,1.6516
34.6082,510,1.6452
34.6130,505,1.6290
34.6173,501,1.6161
34.6216,499,1.6097
34.6259,499,1.6097
34.6302,500,1.6129
34.6345,501,1.6161
34.6388,500,1.6129
34.6431,501,1.6161
34.6474,501,1.6161
34.6517,501,1.6161
34.6560,501,1.6161
34.6603,501,1.6161
34.6646,502,1.6194
34.6689,503,1.6226
34.6732,504,1.6258
34.6776,504,1.6258
34.6819,504,1.6258
34.6862,502,1.6194
34.6905,503,1.6226
34.6948,503,1.6226
34.6991,503,1.6226
34.7035,504,1.6258
34.7080,504,1.6258
34.7123,505,1.6290
34.7167,506,1.6323
34.7210,505,1.6290
34.7254,506,1.6323
34.7297,507,1.6355
34.7340,507,1.6355
34.7383,507,1.6355
34.7426,508,1.6387
34.7469,509,1.6419
34.7512,509,1.6419
34.7555,509,1.6419
34.7598,509,1.6419
34.7642,509,1.6419
34.7685,510,1.6452
34.7728,510,1.6452
34.7771,509,1.6419
34.7814,509,1.6419
34.7857,508,1.6387
34.7900,509,1.6419
34.7943,509,1.6419
34.7987,508,1.6387
34.8030,508,1.6387
34.8072,508,1.6387
34.8115,509,1.6419
34.8158,510,1.6452
34.8202,511,1.6484
34.8245,511,1.6484
34.8288,510,1.6452
34.8331,511,1.6484
34.8379,512,1.6516
34.8422,512,1.6516
34.8465,512,1.6516
34.8508,512,1.6516
34.8551,513,1.6548
34.8594,513,1.6548
34.8637,514,1.6581
34.8680,513,1.6548
34.8723,513,1.6548
34.8766,512,1.6516
34.8809,513,1.6548
34.8852,513,1.6548
34.8895,513,1.6548
34.8938,513,1.6548
34.8981,513,1.6548
34.9024,513,1.6548
34.9067,514,1.6581
34.9110,514,1.6581
34.9153,514,1.6581
34.9196,513,1.6548
34.9239,513,1.6548
34.9282,514,1.6581
34.9325,515,1.6613
34.9368,514,1.6581
34.9412,513,1.6548
34.9455,513,1.6548
34.9497,514,1.6581
34.9540,513,1.6548
34.9583,514,1.6581
34.9627,513,1.6548
34.9670,514,1.6581
34.9712,515,1.6613
34.9755,515,1.6613
34.9799,514,1.6581
34.9842,515,1.6613
34.9885,516,1.6645
34.9928,516,1.6645
34.9971,516,1.6645
35.0015,516,1.6645
35.0058,515,1.6613
35.0100,514,1.6581
35.0145,516,1.6645
35.0188,516,1.6645
35.0231,517,1.6677
35.0275,518,1.6710
35.0346,517,1.6677
35.0391,517,1.6677
35.0436,517,1.6677
35.0481,516,1.6645
35.0526,516,1.6645
35.0571,516,1.6645
35.0615,516,1.6645
35.0659,516,1.6645
35.0702,516,1.6645
35.0745,517,1.6677
35.0790,516,1.6645
35.0833,517,1.6677
35.0876,517,1.6677
35.0919,518,1.6710
35.0962,519,1.6742
35.1005,519,1.6742
35.1048,518,1.6710
35.1091,518,1.6710
35.1134,518,1.6710
35.1177,517,1.6677
35.1220,518,1.6710
35.1263,517,1.6677
35.1306,518,1.6710
35.1349,518,1.6710
35.1392,517,1.6677
35.1435,516,1.6645
35.1479,517,1.6677
35.1522,517,1.6677
35.1564,517,1.6677
35.1607,519,1.6742
35.1651,518,1.6710
35.1694,518,1.6710
35.1739,518,1.6710
35.1783,519,1.6742
35.1826,520,1.6774
35.1869,520,1.6774
35.1912,520,1.6774
35.1955,520,1.6774
35.1998,519,1.6742
35.2041,519,1.6742
35.2084,520,1.6774
35.2127,520,1.6774
35.2170,520,1.6774
35.2213,520,1.6774
35.2261,519,1.6742
35.2304,521,1.6806
35.2347,519,1.6742
35.2390,520,1.6774
35.2433,520,1.6774
35.2476,519,1.6742
35.2519,520,1.6774
35.2562,521,1.6806
35.2605,519,1.6742
35.2648,520,1.6774
35.2691,519,1.6742
35.2734,520,1.6774
35.2777,520,1.6774
35.2820,519,1.6742
35.2863,519,1.6742
35.2907,518,1.6710
35.2949,519,1.6742
35.2992,519,1.6742
35.3041,519,1.6742
35.3085,518,1.6710
35.3129,519,1.6742
35.3172,519,1.6742
35.3215,520,1.6774
35.3258,520,1.6774
35.3302,521,1.6806
35.3345,521,1.6806
35.3388,522,1.6839
35.3431,522,1.6839
35.3474,522,1.6839
35.3518,522,1.6839
35.3561,523,1.6871
35.3603,523,1.6871
35.3646,522,1.6839
35.3689,521,1.6806
35.3733,523,1.6871
35.3776,522,1.6839
35.3819,522,1.6839
35.3862,522,1.6839
35.3905,520,1.6774
35.3948,520,1.6774
35.3991,520,1.6774
35.4034,519,1.6742
35.4077,519,1.6742
35.4120,521,1.6806
35.4163,519,1.6742
35.4206,521,1.6806
35.4249,520,1.6774
35.4292,520,1.6774
35.4335,521,1.6806
35.4378,521,1.6806
35.4421,520,1.6774
35.4464,520,1.6774
35.4513,520,1.6774
35.4556,521,1.6806
35.4599,520,1.6774
35.4642,521,1.6806
35.4685,520,1.6774
35.4728,520,1.6774
35.4771,520,1.6774
35.4815,520,1.6774
35.4857,521,1.6806
35.4901,521,1.6806
35.4944,520,1.6774
35.4987,520,1.6774
35.5030,520,1.6774
35.5073,520,1.6774
35.5116,521,1.6806
35.5159,521,1.6806
35.5202,521,1.6806
35.5245,522,1.6839
35.5288,522,1.6839
35.5332,522,1.6839
35.5374,522,1.6839
35.5417,521,1.6806
35.5460,521,1.6806
35.5503,522,1.6839
35.5547,521,1.6806
35.5589,520,1.6774
35.5633,521,1.6806
35.5676,522,1.6839
35.5719,524,1.6903
35.5763,528,1.7032
35.5810,531,1.7129
35.5853,533,1.7194
35.5896,534,1.7226
35.5939,537,1.7323
35.5982,539,1.7387
35.6024,540,1.7419
35.6068,538,1.7355
35.6113,536,1.7290
35.6157,537,1.7323
35.6200,535,1.7258
35.6242,531,1.7129
35.6285,528,1.7032
35.6328,523,1.6871
35.6370,520,1.6774
35.6414,517,1.6677
35.6456,516,1.6645
35.6499,516,1.6645
35.6541,516,1.6645
35.6584,517,1.6677
35.6627,516,1.6645
35.6669,516,1.6645
35.6712,516,1.6645
35.6754,516,1.6645
35.6797,515,1.6613
35.6840,514,1.6581
35.6882,515,1.6613
35.6925,516,1.6645
35.6968,517,1.6677
35.7010,516,1.6645
35.7053,515,1.6613
35.7095,515,1.6613
35.7138,515,1.6613
35.7181,515,1.6613
35.7224,515,1.6613
35.7266,512,1.6516
35.7309,504,1.6258
35.7351,496,1.6000
35.7394,498,1.6065
35.7437,518,1.6710
35.7479,548,1.7677
35.7521,588,1.8968
35.7564,632,2.0387
35.7607,664,2.1419
35.7649,667,2.1516
35.7692,642,2.0710
35.7734,602,1.9419
35.7778,555,1.7903
35.7821,517,1.6677
35.7864,496,1.6000
35.7907,488,1.5742
35.7950,490,1.5806
35.7993,497,1.6032
35.8036,502,1.6194
35.8079,505,1.6290
35.8122,505,1.6290
35.8165,505,1.6290
35.8208,504,1.6258
35.8251,505,1.6290
35.8294,504,1.6258
35.8337,505,1.6290
35.8380,506,1.6323
35.8423,505,1.6290
35.8466,507,1.6355
35.8509,507,1.6355
35.8552,507,1.6355
35.8596,507,1.6355
35.8639,508,1.6387
35.8682,508,1.6387
35.8724,509,1.6419
35.8767,509,1.6419
35.8811,509,1.6419
35.8853,509,1.6419
35.8896,509,1.6419
35.8938,509,1.6419
35.8981,510,1.6452
35.9024,510,1.6452
35.9070,509,1.6419
35.9113,509,1.6419
35.9155,510,1.6452
35.9198,509,1.6419
35.9241,509,1.6419
35.9283,510,1.6452
35.9327,510,1.6452
35.9369,509,1.6419
35.9413,510,1.6452
35.9455,510,1.6452
35.9498,509,1.6419
35.9540,510,1.6452
35.9583,510,1.6452
35.9626,511,1.6484
35.9668,512,1.6516
35.9711,516,1.6645
35.9753,520,1.6774
35.9796,521,1.6806
35.9840,526,1.6968
35.9883,530,1.7097
35.9925,533,1.7194
35.9968,536,1.7290
36.0012,537,1.7323
36.0054,540,1.7419
36.0097,542,1.7484
36.0140,544,1.7548
36.0183,547,1.7645
36.0226,548,1.7677
36.0269,549,1.7710
36.0312,549,1.7710
36.0355,549,1.7710
36.0398,550,1.7742
36.0441,549,1.7710
36.0484,547,1.7645
36.0527,546,1.7613
36.0570,543,1.7516
36.0613,541,1.7452
36.0656,540,1.7419
36.0699,536,1.7290
36.0742,533,1.7194
36.0785,531,1.7129
36.0828,527,1.7000
36.0871,522,1.6839
36.0914,519,1.6742
36.0957,515,1.6613
36.1000,512,1.6516
36.1043,509,1.6419
36.1086,506,1.6323
36.1129,502,1.6194
36.1171,498,1.6065
36.1214,497,1.6032
36.1257,498,1.6065
36.1300,499,1.6097
36.1344,500,1.6129
36.1387,501,1.6161
36.1429,502,1.6194
36.1472,501,1.6161
36.1515,501,1.6161
36.1558,502,1.6194
36.1601,503,1.6226
36.1643,503,1.6226
36.1686,504,1.6258
36.1729,504,1.6258
36.1772,503,1.6226
36.1815,504,1.6258
36.1858,504,1.6258
36.1901,504,1.6258
36.1944,504,1.6258
36.1987,503,1.6226
36.2030,503,1.6226
36.2073,504,1.6258
36.2117,504,1.6258
36.2161,504,1.6258
36.2205,505,1.6290
36.2248,504,1.6258
36.2291,505,1.6290
36.2334,505,1.6290
36.2377,507,1.6355
36.2419,508,1.6387
36.2462,506,1.6323
36.2505,508,1.6387
36.2548,508,1.6387
36.2592,509,1.6419
36.2635,508,1.6387
36.2678,510,1.6452
36.2721,510,1.6452
36.2763,511,1.6484
36.2806,511,1.6484
36.2849,512,1.6516
36.2893,512,1.6516
36.2936,511,1.6484
36.2979,510,1.6452
36.3022,510,1.6452
36.3064,511,1.6484
36.3108,511,1.6484
36.3151,512,1.6516
36.3193,512,1.6516
36.3236,511,1.6484
36.3279,511,1.6484
36.3322,512,1.6516
36.3365,513,1.6548
36.3408,513,1.6548
36.3451,513,1.6548
36.3494,513,1.6548
36.3537,513,1.6548
36.3580,512,1.6516
36.3623,512,1.6516
36.3666,513,1.6548
36.3709,513,1.6548
36.3752,514,1.6581
36.3795,513,1.6548
36.3838,513,1.6548
36.3881,513,1.6548
36.3924,512,1.6516
36.3967,513,1.6548
36.4010,512,1.6516
36.4053,513,1.6548
36.4096,515,1.6613
36.4139,516,1.6645
36.4182,516,1.6645
36.4225,515,1.6613
36.4268,515,1.6613
36.4310,516,1.6645
36.4354,517,1.6677
36.4397,515,1.6613
36.4440,516,1.6645
36.4482,516,1.6645
36.4526,516,1.6645
36.4569,514,1.6581
36.4612,515,1.6613
36.4655,515,1.6613
36.4698,516,1.6645
36.4741,515,1.6613
36.4784,516,1.6645
36.4827,516,1.6645
36.4871,516,1.6645
36.4914,517,1.6677
36.4957,518,1.6710
36.5000,517,1.6677
36.5043,516,1.6645
36.5087,516,1.6645
36.5131,516,1.6645
36.5175,517,1.6677
36.5218,518,1.6710
36.5261,518,1.6710
36.5304,518,1.6710
36.5347,517,1.6677
36.5390,518,1.6710
36.5433,518,1.6710
36.5476,518,1.6710
36.5519,518,1.6710
36.5562,517,1.6677
36.5605,518,1.6710
36.5648,517,1.6677
36.5691,516,1.6645
36.5734,517,1.6677
36.5777,518,1.6710
36.5820,517,1.6677
36.5863,516,1.6645
36.5906,517,1.6677
36.5949,517,1.6677
36.5992,517,1.6677
36.6034,517,1.6677
36.6077,517,1.6677
36.6120,517,1.6677
36.6163,517,1.6677
36.6206,518,1.6710
36.6249,518,1.6710
36.6292,518,1.6710
36.6335,519,1.6742
36.6378,519,1.6742
36.6421,519,1.6742
36.6464,519,1.6742
36.6507,519,1.6742
36.6550,518,1.6710
36.6593,518,1.6710
36.6636,519,1.6742
36.6679,517,1.6677
36.6722,518,1.6710
36.6764,519,1.6742
36.6807,519,1.6742
36.6850,519,1.6742
36.6893,518,1.6710
36.6937,518,1.6710
36.6980,519,1.6742
36.7024,518,1.6710
36.7067,518,1.6710
36.7111,519,1.6742
36.7154,519,1.6742
36.7197,519,1.6742
36.7241,520,1.6774
36.7284,520,1.6774
36.7327,520,1.6774
36.7371,519,1.6742
36.7415,519,1.6742
36.7459,520,1.6774
36.7502,518,1.6710
36.7545,519,1.6742
36.7588,520,1.6774
36.7632,520,1.6774
36.7675,518,1.6710
36.7718,519,1.6742
36.7762,520,1.6774
36.7805,520,1.6774
36.7849,521,1.6806
36.7893,521,1.6806
36.7936,521,1.6806
36.7979,520,1.6774
36.8022,522,1.6839
36.8065,521,1.6806
36.8108,521,1.6806
36.8150,520,1.6774
36.8193,521,1.6806
36.8236,522,1.6839
36.8279,522,1.6839
36.8322,522,1.6839
36.8365,522,1.6839
36.8408,521,1.6806
36.8451,522,1.6839
36.8494,521,1.6806
36.8537,522,1.6839
36.8580,522,1.6839
36.8623,522,1.6839
36.8666,523,1.6871
36.8709,523,1.6871
36.8752,523,1.6871
36.8795,522,1.6839
36.8837,521,1.6806
36.8880,521,1.6806
36.8924,522,1.6839
36.8967,522,1.6839
36.9011,522,1.6839
36.9054,520,1.6774
36.9097,521,1.6806
36.9141,521,1.6806
36.9184,522,1.6839
36.9227,522,1.6839
36.9270,522,1.6839
36.9314,522,1.6839
36.9357,522,1.6839
36.9400,522,1.6839
36.9444,521,1.6806
36.9488,521,1.6806
36.9531,521,1.6806
36.9574,521,1.6806
36.9617,521,1.6806
36.9661,520,1.6774
36.9704,521,1.6806
36.9747,521,1.6806
36.9791,521,1.6806
36.9834,521,1.6806
36.9877,522,1.6839
36.9921,523,1.6871
36.9964,522,1.6839
37.0007,522,1.6839
37.0049,520,1.6774
37.0092,520,1.6774
37.0135,520,1.6774
37.0178,520,1.6774
37.0221,520,1.6774
37.0264,520,1.6774
37.0307,520,1.6774
37.0350,520,1.6774
37.0393,520,1.6774
37.0436,521,1.6806
37.0479,521,1.6806
37.0522,521,1.6806
37.0565,522,1.6839
37.0608,522,1.6839
37.0651,521,1.6806
37.0694,521,1.6806
37.0737,524,1.6903
37.0780,528,1.7032
37.0822,531,1.7129
37.0865,535,1.7258
37.0908,537,1.7323
37.0952,540,1.7419
37.0995,540,1.7419
37.1039,540,1.7419
37.1082,541,1.7452
37.1127,539,1.7387
37.1175,537,1.7323
37.1218,534,1.7226
37.1269,529,1.7065
37.1312,525,1.6935
37.1356,523,1.6871
37.1399,519,1.6742
37.1443,516,1.6645
37.1486,515,1.6613
37.1530,515,1.6613
37.1574,516,1.6645
37.1617,516,1.6645
37.1660,515,1.6613
37.1704,515,1.6613
37.1748,516,1.6645
37.1793,516,1.6645
37.1837,515,1.6613
37.1880,515,1.6613
37.1923,514,1.6581
37.1966,514,1.6581
37.2009,515,1.6613
37.2052,514,1.6581
37.2095,514,1.6581
37.2138,516,1.6645
37.2181,515,1.6613
37.2224,514,1.6581
37.2267,511,1.6484
37.2310,503,1.6226
37.2353,497,1.6032
37.2396,499,1.6097
37.2439,516,1.6645
37.2482,548,1.7677
37.2525,590,1.9032
37.2568,636,2.0516
37.2611,667,2.1516
37.2654,667,2.1516
37.2696,641,2.0677
37.2739,599,1.9323
37.2782,551,1.7774
37.2825,514,1.6581
37.2868,495,1.5968
37.2911,488,1.5742
37.2954,490,1.5806
37.2998,495,1.5968
37.3041,501,1.6161
37.3084,503,1.6226
37.3128,504,1.6258
37.3171,505,1.6290
37.3214,505,1.6290
37.3258,506,1.6323
37.3301,505,1.6290
37.3344,507,1.6355
37.3388,507,1.6355
37.3431,507,1.6355
37.3474,507,1.6355
37.3518,507,1.6355
37.3561,507,1.6355
37.3604,507,1.6355
37.3648,507,1.6355
37.3691,509,1.6419
37.3734,508,1.6387
37.3778,509,1.6419
37.3821,508,1.6387
37.3864,508,1.6387
37.3908,508,1.6387
37.3952,510,1.6452
37.3995,509,1.6419
37.4038,508,1.6387
37.4081,508,1.6387
37.4126,509,1.6419
37.4170,509,1.6419
37.4214,509,1.6419
37.4257,507,1.6355
37.4299,508,1.6387
37.4343,508,1.6387
37.4386,509,1.6419
37.4429,510,1.6452
37.4472,510,1.6452
37.4515,511,1.6484
37.4558,512,1.6516
37.4601,512,1.6516
37.4644,512,1.6516
37.4687,514,1.6581
37.4730,518,1.6710
37.4772,522,1.6839
37.4815,525,1.6935
37.4859,528,1.7032
37.4902,531,1.7129
37.4945,534,1.7226
37.4988,537,1.7323
37.5031,540,1.7419
37.5074,543,1.7516
37.5117,544,1.7548
37.5159,546,1.7613
37.5202,548,1.7677
37.5245,549,1.7710
37.5288,549,1.7710
37.5331,548,1.7677
37.5374,550,1.7742
37.5417,550,1.7742
37.5460,549,1.7710
37.5504,546,1.7613
37.5546,545,1.7581
37.5589,543,1.7516
37.5632,542,1.7484
37.5675,539,1.7387
37.5718,536,1.7290
37.5761,534,1.7226
37.5804,531,1.7129
37.5847,527,1.7000
37.5890,524,1.6903
37.5934,520,1.6774
37.5977,516,1.6645
37.6020,512,1.6516
37.6064,510,1.6452
37.6107,506,1.6323
37.6150,503,1.6226
37.6194,500,1.6129
37.6237,499,1.6097
37.6280,500,1.6129
37.6324,501,1.6161
37.6367,501,1.6161
37.6410,501,1.6161
37.6454,501,1.6161
37.6497,501,1.6161
37.6541,502,1.6194
37.6584,503,1.6226
37.6627,501,1.6161
37.6671,502,1.6194
37.6714,503,1.6226
37.6793,504,1.6258
37.6837,503,1.6226
37.6881,503,1.6226
37.6924,504,1.6258
37.6968,505,1.6290
37.7011,505,1.6290
37.7054,506,1.6323
37.7097,506,1.6323
37.7140,505,1.6290
37.7182,506,1.6323
37.7225,507,1.6355
37.7268,507,1.6355
37.7311,508,1.6387
37.7354,508,1.6387
37.7397,509,1.6419
37.7440,509,1.6419
37.7483,507,1.6355
37.7526,508,1.6387
37.7569,508,1.6387
37.7612,509,1.6419
37.7655,509,1.6419
37.7698,510,1.6452
37.7741,510,1.6452
37.7784,511,1.6484
37.7827,509,1.6419
37.7870,510,1.6452
37.7913,510,1.6452
37.7956,510,1.6452
37.7999,511,1.6484
37.8043,511,1.6484
37.8086,510,1.6452
37.8129,510,1.6452
37.8173,511,1.6484
37.8216,511,1.6484
37.8259,512,1.6516
37.8303,512,1.6516
37.8346,511,1.6484
37.8389,511,1.6484
37.8432,511,1.6484
37.8476,512,1.6516
37.8520,512,1.6516
37.8563,512,1.6516
37.8606,513,1.6548
37.8649,512,1.6516
37.8693,513,1.6548
37.8736,513,1.6548
37.8779,513,1.6548
37.8823,513,1.6548
37.8866,512,1.6516
37.8909,513,1.6548
37.8952,513,1.6548
37.8997,515,1.6613
37.9040,515,1.6613
37.9083,514,1.6581
37.9126,513,1.6548
37.9169,513,1.6548
37.9212,514,1.6581
37.9255,513,1.6548
37.9298,513,1.6548
37.9341,515,1.6613
37.9383,515,1.6613
37.9426,516,1.6645
37.9469,516,1.6645
37.9513,516,1.6645
37.9556,515,1.6613
37.9599,515,1.6613
37.9642,515,1.6613
37.9685,516,1.6645
37.9728,517,1.6677
37.9771,517,1.6677
37.9814,518,1.6710
37.9857,518,1.6710
37.9899,517,1.6677
37.9943,517,1.6677
37.9986,516,1.6645
38.0029,516,1.6645
38.0073,516,1.6645
38.0120,517,1.6677
38.0164,518,1.6710
38.0208,518,1.6710
38.0252,518,1.6710
38.0295,518,1.6710
38.0338,518,1.6710
38.0382,518,1.6710
38.0425,518,1.6710
38.0468,518,1.6710
38.0512,518,1.6710
38.0555,517,1.6677
38.0599,517,1.6677
38.0642,518,1.6710
38.0686,518,1.6710
38.0729,518,1.6710
38.0772,518,1.6710
38.0816,518,1.6710
38.0859,518,1.6710
38.0902,518,1.6710
38.0946,518,1.6710
38.0989,519,1.6742
38.1033,518,1.6710
38.1076,518,1.6710
38.1119,518,1.6710
38.1162,520,1.6774
38.1205,519,1.6742
38.1248,519,1.6742
38.1290,518,1.6710
38.1333,518,1.6710
38.1377,518,1.6710
38.1419,519,1.6742
38.1462,518,1.6710
38.1505,519,1.6742
38.1549,520,1.6774
38.1592,519,1.6742
38.1635,519,1.6742
38.1677,518,1.6710
38.1720,519,1.6742
38.1763,518,1.6710
38.1806,519,1.6742
38.1849,518,1.6710
38.1892,517,1.6677
38.1935,518,1.6710
38.1979,518,1.6710
38.2022,519,1.6742
38.2066,518,1.6710
38.2109,518,1.6710
38.2152,519,1.6742
38.2196,518,1.6710
38.2239,519,1.6742
38.2282,517,1.6677
38.2325,518,1.6710
38.2369,519,1.6742
38.2412,519,1.6742
38.2456,519,1.6742
38.2499,520,1.6774
38.2543,520,1.6774
38.2586,519,1.6742
38.2630,519,1.6742
38.2673,518,1.6710
38.2716,518,1.6710
38.2759,519,1.6742
38.2803,518,1.6710
38.2846,518,1.6710
38.2889,519,1.6742
38.2933,518,1.6710
38.2976,518,1.6710
38.3019,519,1.6742
38.3063,517,1.6677
38.3107,518,1.6710
38.3151,519,1.6742
38.3195,519,1.6742
38.3238,519,1.6742
38.3281,518,1.6710
38.3324,519,1.6742
38.3367,519,1.6742
38.3410,520,1.6774
38.3454,522,1.6839
38.3498,520,1.6774
38.3541,521,1.6806
38.3584,520,1.6774
38.3627,519,1.6742
38.3670,520,1.6774
38.3713,520,1.6774
38.3756,520,1.6774
38.3799,521,1.6806
38.3843,520,1.6774
38.3886,520,1.6774
38.3929,520,1.6774
38.3972,520,1.6774
38.4014,519,1.6742
38.4058,520,1.6774
38.4101,520,1.6774
38.4144,520,1.6774
38.4187,520,1.6774
38.4230,521,1.6806
38.4273,520,1.6774
38.4316,521,1.6806
38.4359,521,1.6806
38.4402,521,1.6806
38.4445,521,1.6806
38.4488,521,1.6806
38.4531,520,1.6774
38.4574,522,1.6839
38.4617,522,1.6839
38.4660,521,1.6806
38.4703,523,1.6871
38.4745,521,1.6806
38.4788,522,1.6839
38.4831,521,1.6806
38.4874,521,1.6806
38.4917,520,1.6774
38.4960,520,1.6774
38.5004,519,1.6742
38.5047,520,1.6774
38.5091,521,1.6806
38.5134,520,1.6774
38.5177,520,1.6774
38.5220,520,1.6774
38.5264,520,1.6774
38.5307,520,1.6774
38.5350,520,1.6774
38.5394,520,1.6774
38.5437,520,1.6774
38.5480,520,1.6774
38.5524,520,1.6774
38.5567,519,1.6742
38.5611,520,1.6774
38.5654,520,1.6774
38.5697,522,1.6839
38.5741,525,1.6935
38.5784,530,1.7097
38.5827,533,1.7194
38.5870,535,1.7258
38.5914,539,1.7387
38.5957,540,1.7419
38.6001,540,1.7419
38.6045,542,1.7484
38.6088,539,1.7387
38.6131,539,1.7387
38.6174,537,1.7323
38.6217,535,1.7258
38.6260,531,1.7129
38.6303,529,1.7065
38.6346,524,1.6903
38.6389,518,1.6710
38.6431,515,1.6613
38.6474,515,1.6613
38.6518,514,1.6581
38.6561,515,1.6613
38.6604,516,1.6645
38.6647,514,1.6581
38.6690,513,1.6548
38.6733,514,1.6581
38.6776,514,1.6581
38.6818,516,1.6645
38.6861,516,1.6645
38.6904,517,1.6677
38.6947,516,1.6645
38.6990,515,1.6613
38.7034,516,1.6645
38.7077,516,1.6645
38.7121,516,1.6645
38.7164,517,1.6677
38.7207,517,1.6677
38.7251,515,1.6613
38.7294,507,1.6355
38.7337,498,1.6065
38.7381,496,1.6000
38.7424,509,1.6419
38.7467,536,1.7290
38.7511,576,1.8581
38.7554,622,2.0065
38.7598,659,2.1258
38.7641,670,2.1613
38.7684,651,2.1000
38.7727,612,1.9742
38.7771,565,1.8226
38.7814,523,1.6871
38.7857,499,1.6097
38.7901,490,1.5806
38.7945,490,1.5806
38.7988,496,1.6000
38.8031,502,1.6194
38.8074,505,1.6290
38.8118,507,1.6355
38.8161,505,1.6290
38.8204,504,1.6258
38.8246,504,1.6258
38.8289,505,1.6290
38.8332,505,1.6290
38.8375,506,1.6323
38.8418,507,1.6355
38.8461,507,1.6355
38.8504,507,1.6355
38.8547,507,1.6355
38.8590,507,1.6355
38.8633,507,1.6355
38.8676,508,1.6387
38.8719,508,1.6387
38.8762,508,1.6387
38.8805,506,1.6323
38.8848,507,1.6355
38.8890,507,1.6355
38.8933,507,1.6355
38.8976,508,1.6387
38.9019,508,1.6387
38.9062,507,1.6355
38.9107,507,1.6355
38.9151,508,1.6387
38.9196,509,1.6419
38.9239,510,1.6452
38.9282,510,1.6452
38.9326,510,1.6452
38.9369,510,1.6452
38.9412,510,1.6452
38.9456,511,1.6484
38.9499,510,1.6452
38.9543,511,1.6484
38.9586,511,1.6484
38.9630,511,1.6484
38.9673,513,1.6548
38.9716,515,1.6613
38.9759,520,1.6774
38.9803,524,1.6903
38.9846,528,1.7032
38.9889,530,1.7097
38.9933,533,1.7194
38.9976,537,1.7323
39.0019,540,1.7419
39.0064,543,1.7516
39.0107,545,1.7581
39.0150,547,1.7645
39.0193,549,1.7710
39.0237,550,1.7742
39.0280,550,1.7742
39.0323,550,1.7742
39.0366,550,1.7742
39.0409,550,1.7742
39.0452,549,1.7710
39.0497,548,1.7677
39.0540,546,1.7613
39.0583,544,1.7548
39.0626,541,1.7452
39.0669,538,1.7355
39.0712,535,1.7258
39.0755,533,1.7194
39.0798,529,1.7065
39.0841,526,1.6968
39.0884,523,1.6871
39.0926,518,1.6710
39.0969,516,1.6645
39.1012,513,1.6548
39.1055,508,1.6387
39.1098,506,1.6323
39.1141,503,1.6226
39.1184,501,1.6161
39.1227,500,1.6129
39.1270,499,1.6097
39.1313,500,1.6129
39.1356,501,1.6161
39.1399,502,1.6194
39.1442,502,1.6194
39.1485,502,1.6194
39.1528,502,1.6194
39.1571,502,1.6194
39.1614,503,1.6226
39.1657,504,1.6258
39.1700,504,1.6258
39.1744,504,1.6258
39.1787,504,1.6258
39.1830,505,1.6290
39.1873,505,1.6290
39.1916,504,1.6258
39.1959,504,1.6258
39.2002,506,1.6323
39.2045,506,1.6323
39.2088,507,1.6355
39.2133,507,1.6355
39.2178,507,1.6355
39.2221,507,1.6355
39.2265,508,1.6387
39.2309,507,1.6355
39.2352,507,1.6355
39.2395,508,1.6387
39.2439,508,1.6387
39.2482,508,1.6387
39.2526,508,1.6387
39.2569,508,1.6387
39.2612,508,1.6387
39.2656,508,1.6387
39.2699,507,1.6355
39.2743,507,1.6355
39.2786,508,1.6387
39.2829,507,1.6355
39.2873,508,1.6387
39.2916,509,1.6419
39.2959,509,1.6419
39.3003,509,1.6419
39.3046,508,1.6387
39.3090,509,1.6419
39.3134,510,1.6452
39.3177,510,1.6452
39.3220,511,1.6484
39.3263,510,1.6452
39.3306,512,1.6516
39.3348,512,1.6516
39.3391,513,1.6548
39.3434,513,1.6548
39.3477,513,1.6548
39.3521,514,1.6581
39.3564,513,1.6548
39.3606,513,1.6548
39.3649,512,1.6516
39.3692,513,1.6548
39.3735,513,1.6548
39.3778,513,1.6548
39.3821,512,1.6516
39.3864,512,1.6516
39.3907,513,1.6548
39.3950,514,1.6581
39.3993,515,1.6613
39.4036,515,1.6613
39.4079,515,1.6613
39.4122,514,1.6581
39.4165,515,1.6613
39.4209,515,1.6613
39.4252,514,1.6581
39.4295,514,1.6581
39.4339,515,1.6613
39.4382,515,1.6613
39.4425,516,1.6645
39.4468,515,1.6613
39.4516,516,1.6645
39.4560,517,1.6677
39.4603,518,1.6710
39.4646,518,1.6710
39.4690,517,1.6677
39.4733,516,1.6645
39.4776,518,1.6710
39.4819,517,1.6677
39.4863,515,1.6613
39.4906,516,1.6645
39.4949,517,1.6677
39.4993,517,1.6677
39.5036,517,1.6677
39.5079,516,1.6645
39.5122,516,1.6645
39.5166,515,1.6613
39.5209,516,1.6645
39.5252,516,1.6645
39.5295,517,1.6677
39.5338,517,1.6677
39.5381,517,1.6677
39.5423,518,1.6710
39.5466,517,1.6677
39.5509,516,1.6645
39.5552,517,1.6677
39.5595,517,1.6677
39.5638,518,1.6710
39.5681,518,1.6710
39.5724,516,1.6645
39.5767,516,1.6645
39.5810,516,1.6645
39.5853,517,1.6677
39.5896,516,1.6645
39.5939,516,1.6645
39.5982,517,1.6677
39.6025,517,1.6677
39.6068,518,1.6710
39.6111,518,1.6710
39.6154,517,1.6677
39.6197,518,1.6710
39.6241,517,1.6677
39.6284,517,1.6677
39.6327,517,1.6677
39.6370,518,1.6710
39.6414,518,1.6710
39.6458,518,1.6710
39.6502,518,1.6710
39.6545,516,1.6645
39.6589,517,1.6677
39.6632,517,1.6677
39.6675,516,1.6645
39.6719,516,1.6645
39.6762,518,1.6710
39.6805,518,1.6710
39.6849,518,1.6710
39.6892,517,1.6677
39.6935,518,1.6710
39.6978,518,1.6710
39.7022,519,1.6742
39.7065,518,1.6710
39.7108,520,1.6774
39.7152,519,1.6742
39.7195,519,1.6742
39.7238,519,1.6742
39.7281,519,1.6742
39.7324,518,1.6710
39.7367,519,1.6742
39.7410,519,1.6742
39.7453,519,1.6742
39.7497,519,1.6742
39.7539,520,1.6774
39.7582,521,1.6806
39.7625,522,1.6839
39.7668,521,1.6806
39.7711,520,1.6774
39.7754,519,1.6742
39.7797,521,1.6806
39.7840,521,1.6806
39.7883,520,1.6774
39.7926,519,1.6742
39.7969,520,1.6774
39.8012,520,1.6774
39.8055,520,1.6774
39.8099,520,1.6774
39.8144,523,1.6871
39.8188,522,1.6839
39.8232,522,1.6839
39.8275,521,1.6806
39.8317,521,1.6806
39.8360,521,1.6806
39.8404,522,1.6839
39.8447,521,1.6806
39.8490,520,1.6774
39.8533,521,1.6806
39.8576,521,1.6806
39.8619,521,1.6806
39.8662,520,1.6774
39.8705,520,1.6774
39.8748,520,1.6774
39.8791,521,1.6806
39.8834,522,1.6839
39.8877,520,1.6774
39.8920,520,1.6774
39.8963,521,1.6806
39.9006,519,1.6742
39.9049,520,1.6774
39.9091,521,1.6806
39.9134,522,1.6839
39.9177,521,1.6806
39.9220,521,1.6806
39.9263,521,1.6806
39.9306,520,1.6774
39.9349,520,1.6774
39.9392,521,1.6806
39.9435,521,1.6806
39.9478,520,1.6774
39.9521,520,1.6774
39.9564,520,1.6774
39.9607,520,1.6774
39.9650,520,1.6774
39.9693,520,1.6774
39.9736,519,1.6742
39.9779,520,1.6774
39.9822,521,1.6806
39.9864,520,1.6774
39.9908,520,1.6774
39.9950,520,1.6774
39.9993,521,1.6806
40.0036,520,1.6774
40.0079,520,1.6774
40.0122,520,1.6774
40.0165,520,1.6774
40.0208,520,1.6774
40.0252,520,1.6774
40.0295,519,1.6742
40.0338,519,1.6742
40.0402,519,1.6742
40.0449,518,1.6710
40.0494,519,1.6742
40.0539,519,1.6742
40.0585,519,1.6742
40.0630,519,1.6742
40.0674,519,1.6742
40.0717,522,1.6839
40.0760,525,1.6935
40.0803,528,1.7032
40.0846,532,1.7161
40.0889,536,1.7290
40.0933,538,1.7355
40.0976,540,1.7419
40.1018,540,1.7419
40.1062,540,1.7419
40.1107,539,1.7387
40.1152,537,1.7323
40.1196,536,1.7290
40.1239,533,1.7194
40.1282,529,1.7065
40.1325,524,1.6903
40.1367,520,1.6774
40.1410,517,1.6677
40.1453,516,1.6645
40.1496,515,1.6613
40.1539,515,1.6613
40.1582,515,1.6613
40.1624,516,1.6645
40.1667,516,1.6645
40.1710,516,1.6645
40.1752,516,1.6645
40.1795,517,1.6677
40.1838,516,1.6645
40.1880,516,1.6645
40.1923,515,1.6613
40.1966,516,1.6645
40.2008,517,1.6677
40.2051,517,1.6677
40.2094,516,1.6645
40.2136,515,1.6613
40.2180,516,1.6645
40.2223,515,1.6613
40.2266,512,1.6516
40.2309,504,1.6258
40.2352,497,1.6032
40.2395,500,1.6129
40.2438,518,1.6710
40.2481,549,1.7710
40.2524,591,1.9065
40.2567,635,2.0484
40.2610,666,2.1484
40.2653,666,2.1484
40.2696,640,2.0645
40.2739,596,1.9226
40.2782,551,1.7774
40.2825,515,1.6613
40.2868,495,1.5968
40.2911,486,1.5677
40.2954,489,1.5774
40.2997,496,1.6000
40.3040,502,1.6194
40.3083,503,1.6226
40.3126,504,1.6258
40.3169,504,1.6258
40.3212,504,1.6258
40.3255,505,1.6290
40.3298,506,1.6323
40.3341,506,1.6323
40.3384,507,1.6355
40.3427,507,1.6355
40.3470,507,1.6355
40.3513,506,1.6323
40.3556,506,1.6323
40.3599,507,1.6355
40.3642,507,1.6355
40.3685,507,1.6355
40.3728,508,1.6387
40.3771,508,1.6387
40.3814,509,1.6419
40.3857,508,1.6387
40.3900,509,1.6419
40.3943,510,1.6452
40.3986,511,1.6484
40.4029,510,1.6452
40.4072,510,1.6452
40.4115,510,1.6452
40.4158,512,1.6516
40.4201,512,1.6516
40.4244,511,1.6484
40.4287,512,1.6516
40.4330,512,1.6516
40.4373,512,1.6516
40.4416,512,1.6516
40.4459,511,1.6484
40.4502,512,1.6516
40.4544,511,1.6484
40.4588,512,1.6516
40.4631,513,1.6548
40.4673,515,1.6613
40.4716,517,1.6677
40.4759,521,1.6806
40.4803,525,1.6935
40.4845,528,1.7032
40.4888,531,1.7129
40.4931,533,1.7194
40.4974,538,1.7355
40.5017,541,1.7452
40.5060,544,1.7548
40.5103,545,1.7581
40.5146,547,1.7645
40.5189,548,1.7677
40.5232,552,1.7806
40.5276,552,1.7806
40.5318,551,1.7774
40.5361,551,1.7774
40.5405,551,1.7774
40.5447,551,1.7774
40.5490,548,1.7677
40.5533,547,1.7645
40.5576,547,1.7645
40.5619,544,1.7548
40.5662,543,1.7516
40.5705,537,1.7323
40.5748,535,1.7258
40.5791,531,1.7129
40.5834,528,1.7032
40.5877,525,1.6935
40.5920,521,1.6806
40.5963,518,1.6710
40.6006,515,1.6613
40.6049,513,1.6548
40.6092,508,1.6387
40.6135,505,1.6290
40.6178,500,1.6129
40.6221,499,1.6097
40.6265,499,1.6097
40.6307,499,1.6097
40.6350,499,1.6097
40.6393,501,1.6161
40.6436,501,1.6161
40.6479,501,1.6161
40.6522,501,1.6161
40.6565,502,1.6194
40.6608,502,1.6194
40.6651,503,1.6226
40.6694,503,1.6226
40.6737,502,1.6194
40.6780,502,1.6194
40.6823,503,1.6226
40.6866,504,1.6258
40.6909,505,1.6290
40.6952,505,1.6290
40.6995,505,1.6290
40.7038,504,1.6258
40.7081,504,1.6258
40.7126,506,1.6323
40.7169,505,1.6290
40.7214,506,1.6323
40.7258,505,1.6290
40.7301,505,1.6290
40.7344,505,1.6290
40.7387,505,1.6290
40.7430,507,1.6355
40.7473,507,1.6355
40.7516,506,1.6323
40.7564,507,1.6355
40.7613,508,1.6387
40.7656,509,1.6419
40.7699,508,1.6387
40.7743,509,1.6419
40.7786,509,1.6419
40.7828,509,1.6419
40.7872,509,1.6419
40.7915,510,1.6452
40.7957,509,1.6419
40.8000,510,1.6452
40.8043,510,1.6452
40.8087,510,1.6452
40.8130,511,1.6484
40.8172,511,1.6484
40.8216,513,1.6548
40.8259,512,1.6516
40.8302,512,1.6516
40.8345,510,1.6452
40.8387,511,1.6484
40.8430,512,1.6516
40.8473,512,1.6516
40.8516,513,1.6548
40.8558,512,1.6516
40.8601,512,1.6516
40.8644,514,1.6581
40.8686,515,1.6613
40.8729,515,1.6613
40.8772,514,1.6581
40.8814,513,1.6548
40.8857,514,1.6581
40.8900,515,1.6613
40.8943,514,1.6581
40.8985,515,1.6613
40.9028,514,1.6581
40.9071,515,1.6613
40.9114,515,1.6613
40.9157,515,1.6613
40.9200,514,1.6581
40.9243,515,1.6613
40.9287,515,1.6613
40.9330,515,1.6613
40.9373,516,1.6645
40.9415,515,1.6613
40.9458,515,1.6613
40.9502,515,1.6613
40.9545,515,1.6613
40.9587,515,1.6613
40.9630,515,1.6613
40.9673,516,1.6645
40.9716,515,1.6613
40.9759,516,1.6645
40.9802,517,1.6677
40.9845,516,1.6645
40.9889,517,1.6677
40.9932,517,1.6677
40.9975,517,1.6677
41.0018,516,1.6645
41.0061,517,1.6677
41.0106,516,1.6645
41.0150,517,1.6677
41.0194,518,1.6710
41.0242,517,1.6677
41.0286,516,1.6645
41.0329,516,1.6645
41.0372,517,1.6677
41.0415,516,1.6645
41.0463,516,1.6645
41.0506,516,1.6645
41.0549,516,1.6645
41.0592,517,1.6677
41.0635,517,1.6677
41.0678,517,1.6677
41.0721,516,1.6645
41.0764,517,1.6677
41.0808,517,1.6677
41.0850,517,1.6677
41.0893,517,1.6677
41.0937,517,1.6677
41.0980,517,1.6677
41.1023,517,1.6677
41.1065,518,1.6710
41.1108,518,1.6710
41.1152,518,1.6710
41.1195,517,1.6677
41.1238,519,1.6742
41.1283,518,1.6710
41.1326,518,1.6710
41.1369,518,1.6710
41.1412,518,1.6710
41.1455,518,1.6710
41.1498,518,1.6710
41.1542,517,1.6677
41.1585,519,1.6742
41.1628,519,1.6742
41.1671,518,1.6710
41.1714,519,1.6742
41.1757,519,1.6742
41.1800,520,1.6774
41.1844,520,1.6774
41.1886,519,1.6742
41.1929,518,1.6710
41.1973,518,1.6710
41.2016,520,1.6774
41.2059,520,1.6774
41.2105,520,1.6774
41.2148,521,1.6806
41.2191,520,1.6774
41.2237,518,1.6710
41.2280,519,1.6742
41.2324,519,1.6742
41.2367,520,1.6774
41.2410,518,1.6710
41.2453,519,1.6742
41.2496,519,1.6742
41.2539,519,1.6742
41.2582,519,1.6742
41.2625,519,1.6742
41.2668,519,1.6742
41.2711,520,1.6774
41.2754,521,1.6806
41.2797,521,1.6806
41.2841,520,1.6774
41.2884,520,1.6774
41.2927,519,1.6742
41.2970,519,1.6742
41.3013,520,1.6774
41.3056,520,1.6774
41.3099,519,1.6742
41.3142,519,1.6742
41.3186,519,1.6742
41.3228,520,1.6774
41.3271,520,1.6774
41.3315,519,1.6742
41.3358,518,1.6710
41.3401,519,1.6742
41.3444,521,1.6806
41.3487,522,1.6839
41.3530,521,1.6806
41.3573,521,1.6806
41.3616,521,1.6806
41.3659,522,1.6839
41.3702,521,1.6806
41.3746,522,1.6839
41.3789,521,1.6806
41.3832,521,1.6806
41.3875,521,1.6806
41.3918,521,1.6806
41.3961,522,1.6839
41.4004,521,1.6806
41.4047,520,1.6774
41.4090,521,1.6806
41.4133,521,1.6806
41.4176,520,1.6774
41.4219,520,1.6774
41.4262,520,1.6774
41.4305,520,1.6774
41.4349,522,1.6839
41.4392,522,1.6839
41.4435,522,1.6839
41.4478,521,1.6806
41.4521,520,1.6774
41.4564,520,1.6774
41.4607,521,1.6806
41.4650,521,1.6806
41.4693,520,1.6774
41.4736,520,1.6774
41.4779,520,1.6774
41.4822,521,1.6806
41.4865,520,1.6774
41.4908,521,1.6806
41.4951,521,1.6806
41.4994,521,1.6806
41.5037,521,1.6806
41.5080,520,1.6774
41.5123,520,1.6774
41.5166,520,1.6774
41.5214,520,1.6774
41.5257,520,1.6774
41.5302,519,1.6742
41.5345,519,1.6742
41.5388,521,1.6806
41.5431,521,1.6806
41.5474,521,1.6806
41.5517,521,1.6806
41.5560,521,1.6806
41.5603,521,1.6806
41.5646,521,1.6806
41.5689,521,1.6806
41.5732,523,1.6871
41.5775,529,1.7065
41.5818,532,1.7161
41.5862,535,1.7258
41.5905,538,1.7355
41.5948,539,1.7387
41.5991,541,1.7452
41.6034,540,1.7419
41.6077,540,1.7419
41.6122,539,1.7387
41.6165,538,1.7355
41.6209,536,1.7290
41.6253,532,1.7161
41.6296,527,1.7000
41.6339,524,1.6903
41.6382,520,1.6774
41.6425,516,1.6645
41.6468,515,1.6613
41.6511,516,1.6645
41.6554,515,1.6613
41.6597,515,1.6613
41.6646,515,1.6613
41.6689,516,1.6645
41.6732,515,1.6613
41.6781,516,1.6645
41.6824,516,1.6645
41.6868,517,1.6677
41.6911,516,1.6645
41.6954,518,1.6710
41.6996,518,1.6710
41.7039,519,1.6742
41.7083,518,1.6710
41.7126,517,1.6677
41.7168,517,1.6677
41.7211,517,1.6677
41.7260,514,1.6581
41.7303,507,1.6355
41.7346,499,1.6097
41.7389,500,1.6129
41.7432,515,1.6613
41.7476,544,1.7548
41.7519,585,1.8871
41.7562,628,2.0258
41.7605,663,2.1387
41.7648,668,2.1548
41.7691,644,2.0774
41.7734,602,1.9419
41.7777,556,1.7935
41.7820,518,1.6710
41.7863,498,1.6065
41.7906,488,1.5742
41.7949,489,1.5774
41.7992,494,1.5935
41.8036,500,1.6129
41.8080,504,1.6258
41.8123,505,1.6290
41.8165,506,1.6323
41.8208,504,1.6258
41.8251,506,1.6323
41.8295,506,1.6323
41.8338,505,1.6290
41.8381,505,1.6290
41.8424,505,1.6290
41.8467,506,1.6323
41.8510,507,1.6355
41.8553,507,1.6355
41.8596,508,1.6387
41.8639,507,1.6355
41.8682,508,1.6387
41.8725,507,1.6355
41.8768,508,1.6387
41.8811,508,1.6387
41.8854,509,1.6419
41.8898,508,1.6387
41.8941,508,1.6387
41.8983,509,1.6419
41.9026,509,1.6419
41.9070,508,1.6387
41.9115,507,1.6355
41.9159,508,1.6387
41.9203,509,1.6419
41.9246,510,1.6452
41.9289,509,1.6419
41.9332,509,1.6419
41.9375,510,1.6452
41.9418,510,1.6452
41.9461,511,1.6484
41.9510,511,1.6484
41.9553,512,1.6516
41.9596,512,1.6516
41.9639,512,1.6516
41.9682,514,1.6581
41.9725,517,1.6677
41.9768,521,1.6806
41.9811,525,1.6935
41.9854,527,1.7000
41.9898,530,1.7097
41.9942,532,1.7161
41.9985,537,1.7323
42.0028,539,1.7387
42.0071,542,1.7484
42.0114,545,1.7581
42.0157,547,1.7645
42.0200,549,1.7710
42.0243,550,1.7742
42.0286,551,1.7774
42.0330,552,1.7806
42.0373,551,1.7774
42.0416,550,1.7742
42.0459,551,1.7774
42.0502,548,1.7677
42.0545,545,1.7581
42.0588,543,1.7516
42.0631,541,1.7452
42.0674,539,1.7387
42.0717,536,1.7290
42.0760,533,1.7194
42.0803,530,1.7097
42.0846,526,1.6968
42.0889,524,1.6903
42.0932,519,1.6742
42.0976,516,1.6645
42.1019,514,1.6581
42.1061,510,1.6452
42.1104,507,1.6355
42.1148,503,1.6226
42.1191,501,1.6161
42.1233,500,1.6129
42.1276,501,1.6161
42.1320,500,1.6129
42.1363,500,1.6129
42.1406,502,1.6194
42.1449,501,1.6161
42.1492,502,1.6194
42.1535,502,1.6194
42.1579,502,1.6194
42.1622,503,1.6226
42.1665,504,1.6258
42.1707,503,1.6226
42.1756,503,1.6226
42.1799,505,1.6290
42.1842,505,1.6290
42.1885,505,1.6290
42.1928,506,1.6323
42.1971,506,1.6323
42.2014,506,1.6323
42.2057,507,1.6355
42.2100,507,1.6355
42.2143,506,1.6323
42.2186,506,1.6323
42.2229,507,1.6355
42.2272,506,1.6323
42.2315,508,1.6387
42.2358,507,1.6355
42.2402,507,1.6355
42.2444,507,1.6355
42.2487,508,1.6387
42.2530,508,1.6387
42.2574,508,1.6387
42.2617,508,1.6387
42.2659,508,1.6387
42.2702,508,1.6387
42.2745,508,1.6387
42.2789,510,1.6452
42.2831,509,1.6419
42.2878,509,1.6419
42.2921,510,1.6452
42.2964,511,1.6484
42.3008,512,1.6516
42.3051,512,1.6516
42.3093,512,1.6516
42.3136,512,1.6516
42.3184,512,1.6516
42.3227,512,1.6516
42.3270,512,1.6516
42.3313,512,1.6516
42.3356,513,1.6548
42.3399,513,1.6548
42.3443,513,1.6548
42.3486,512,1.6516
42.3529,512,1.6516
42.3572,512,1.6516
42.3615,513,1.6548
42.3658,514,1.6581
42.3701,513,1.6548
42.3744,512,1.6516
42.3787,513,1.6548
42.3830,513,1.6548
42.3873,514,1.6581
42.3916,513,1.6548
42.3959,512,1.6516
42.4003,513,1.6548
42.4045,514,1.6581
42.4088,515,1.6613
42.4131,514,1.6581
42.4174,514,1.6581
42.4218,514,1.6581
42.4260,513,1.6548
42.4303,513,1.6548
42.4348,513,1.6548
42.4391,514,1.6581
42.4434,514,1.6581
42.4477,515,1.6613
42.4520,515,1.6613
42.4563,515,1.6613
42.4611,515,1.6613
42.4654,516,1.6645
42.4697,516,1.6645
42.4740,515,1.6613
42.4783,516,1.6645
42.4826,517,1.6677
42.4869,517,1.6677
42.4913,516,1.6645
42.4955,518,1.6710
42.4998,518,1.6710
42.5043,519,1.6742
42.5086,518,1.6710
42.5131,517,1.6677
42.5174,518,1.6710
42.5226,517,1.6677
42.5269,518,1.6710
42.5312,519,1.6742
42.5355,518,1.6710
42.5398,519,1.6742
42.5442,518,1.6710
42.5485,517,1.6677
42.5528,517,1.6677
42.5571,515,1.6613
42.5614,517,1.6677
42.5657,517,1.6677
42.5700,518,1.6710
42.5743,516,1.6645
42.5786,518,1.6710
42.5829,518,1.6710
42.5872,518,1.6710
42.5915,518,1.6710
42.5958,518,1.6710
42.6001,517,1.6677
42.6045,517,1.6677
42.6088,517,1.6677
42.6131,516,1.6645
42.6174,516,1.6645
42.6217,516,1.6645
42.6261,516,1.6645
42.6303,516,1.6645
42.6346,516,1.6645
42.6389,516,1.6645
42.6433,515,1.6613
42.6476,517,1.6677
42.6519,517,1.6677
42.6562,517,1.6677
42.6605,517,1.6677
42.6648,517,1.6677
42.6691,519,1.6742
42.6734,518,1.6710
42.6777,518,1.6710
42.6820,518,1.6710
42.6864,519,1.6742
42.6908,518,1.6710
42.6950,519,1.6742
42.6993,520,1.6774
42.7036,518,1.6710
42.7080,519,1.6742
42.7122,519,1.6742
42.7165,518,1.6710
42.7208,519,1.6742
42.7251,519,1.6742
42.7294,519,1.6742
42.7337,519,1.6742
42.7380,520,1.6774
42.7424,520,1.6774
42.7467,520,1.6774
42.7510,520,1.6774
42.7553,519,1.6742
42.7596,519,1.6742
42.7639,518,1.6710
42.7682,519,1.6742
42.7725,519,1.6742
42.7767,520,1.6774
42.7810,519,1.6742
42.7852,518,1.6710
42.7895,519,1.6742
42.7937,519,1.6742
42.7980,521,1.6806
42.8023,521,1.6806
42.8065,520,1.6774
42.8109,521,1.6806
42.8154,521,1.6806
42.8198,520,1.6774
42.8241,521,1.6806
42.8283,520,1.6774
42.8326,520,1.6774
42.8368,520,1.6774
42.8411,521,1.6806
42.8454,521,1.6806
42.8497,520,1.6774
42.8539,519,1.6742
42.8582,518,1.6710
42.8625,520,1.6774
42.8667,520,1.6774
42.8710,520,1.6774
42.8752,520,1.6774
42.8795,520,1.6774
42.8838,519,1.6742
42.8880,520,1.6774
42.8923,520,1.6774
42.8966,519,1.6742
42.9008,519,1.6742
42.9051,520,1.6774
42.9094,520,1.6774
42.9138,520,1.6774
42.9180,521,1.6806
42.9223,522,1.6839
42.9265,522,1.6839
42.9308,521,1.6806
42.9351,521,1.6806
42.9394,519,1.6742
42.9436,520,1.6774
42.9479,520,1.6774
42.9522,520,1.6774
42.9565,521,1.6806
42.9608,520,1.6774
42.9651,520,1.6774
42.9694,520,1.6774
42.9737,519,1.6742
42.9780,519,1.6742
42.9823,520,1.6774
42.9866,520,1.6774
42.9909,521,1.6806
42.9959,521,1.6806
43.0004,521,1.6806
43.0047,520,1.6774
43.0090,520,1.6774
43.0133,520,1.6774
43.0176,520,1.6774
43.0219,521,1.6806
43.0262,522,1.6839
43.0305,521,1.6806
43.0348,520,1.6774
43.0390,520,1.6774
43.0433,520,1.6774
43.0476,520,1.6774
43.0519,520,1.6774
43.0561,521,1.6806
43.0604,521,1.6806
43.0647,521,1.6806
43.0690,522,1.6839
43.0733,524,1.6903
43.0775,529,1.7065
43.0818,532,1.7161
43.0861,535,1.7258
43.0904,537,1.7323
43.0947,538,1.7355
43.0990,541,1.7452
43.1033,541,1.7452
43.1076,542,1.7484
43.1119,540,1.7419
43.1162,539,1.7387
43.1205,537,1.7323
43.1248,534,1.7226
43.1291,530,1.7097
43.1333,526,1.6968
43.1376,522,1.6839
43.1419,519,1.6742
43.1462,516,1.6645
43.1505,516,1.6645
43.1548,515,1.6613
43.1591,516,1.6645
43.1634,516,1.6645
43.1677,516,1.6645
43.1720,516,1.6645
43.1762,516,1.6645
43.1805,517,1.6677
43.1848,517,1.6677
43.1891,516,1.6645
43.1934,516,1.6645
43.1977,517,1.6677
43.2020,517,1.6677
43.2063,516,1.6645
43.2106,516,1.6645
43.2149,517,1.6677
43.2192,517,1.6677
43.2235,516,1.6645
43.2277,511,1.6484
43.2320,503,1.6226
43.2363,497,1.6032
43.2406,502,1.6194
43.2449,524,1.6903
43.2492,558,1.8000
43.2535,601,1.9387
43.2578,645,2.0806
43.2621,670,2.1613
43.2664,663,2.1387
43.2707,631,2.0355
43.2750,587,1.8935
43.2793,540,1.7419
43.2836,508,1.6387
43.2879,492,1.5871
43.2922,488,1.5742
43.2965,490,1.5806
43.3008,496,1.6000
43.3051,501,1.6161
43.3094,504,1.6258
43.3136,504,1.6258
43.3179,504,1.6258
43.3222,503,1.6226
43.3265,503,1.6226
43.3308,505,1.6290
43.3351,505,1.6290
43.3394,505,1.6290
43.3437,504,1.6258
43.3479,506,1.6323
43.3523,506,1.6323
43.3566,505,1.6290
43.3609,507,1.6355
43.3652,507,1.6355
43.3694,508,1.6387
43.3737,507,1.6355
43.3780,508,1.6387
43.3823,508,1.6387
43.3866,508,1.6387
43.3909,508,1.6387
43.3952,508,1.6387
43.3995,509,1.6419
43.4038,509,1.6419
43.4081,508,1.6387
43.4125,509,1.6419
43.4168,509,1.6419
43.4212,509,1.6419
43.4255,510,1.6452
43.4298,509,1.6419
43.4341,510,1.6452
43.4384,511,1.6484
43.4427,511,1.6484
43.4470,512,1.6516
43.4513,512,1.6516
43.4555,511,1.6484
43.4598,512,1.6516
43.4641,513,1.6548
43.4683,516,1.6645
43.4726,520,1.6774
43.4768,522,1.6839
43.4811,525,1.6935
43.4853,527,1.7000
43.4896,530,1.7097
43.4939,533,1.7194
43.4981,537,1.7323
43.5024,540,1.7419
43.5067,541,1.7452
43.5109,544,1.7548
43.5152,547,1.7645
43.5198,548,1.7677
43.5247,550,1.7742
43.5289,550,1.7742
43.5332,549,1.7710
43.5375,550,1.7742
43.5417,551,1.7774
43.5460,549,1.7710
43.5504,547,1.7645
43.5546,546,1.7613
43.5589,543,1.7516
43.5632,541,1.7452
43.5675,537,1.7323
43.5718,536,1.7290
43.5761,532,1.7161
43.5804,529,1.7065
43.5847,528,1.7032
43.5890,524,1.6903
43.5933,521,1.6806
43.5976,517,1.6677
43.6019,515,1.6613
43.6062,511,1.6484
43.6105,507,1.6355
43.6147,503,1.6226
43.6191,501,1.6161
43.6234,499,1.6097
43.6277,499,1.6097
43.6320,500,1.6129
43.6362,500,1.6129
43.6405,500,1.6129
43.6448,501,1.6161
43.6491,501,1.6161
43.6534,501,1.6161
43.6577,501,1.6161
43.6620,501,1.6161
43.6663,503,1.6226
43.6706,502,1.6194
43.6749,503,1.6226
43.6791,503,1.6226
43.6834,504,1.6258
43.6877,504,1.6258
43.6920,504,1.6258
43.6963,506,1.6323
43.7006,505,1.6290
43.7049,505,1.6290
43.7092,505,1.6290
43.7136,506,1.6323
43.7179,506,1.6323
43.7223,506,1.6323
43.7266,506,1.6323
43.7310,505,1.6290
43.7353,506,1.6323
43.7396,506,1.6323
43.7439,507,1.6355
43.7482,509,1.6419
43.7524,508,1.6387
43.7567,508,1.6387
43.7610,507,1.6355
43.7652,508,1.6387
43.7695,510,1.6452
43.7737,511,1.6484
43.7780,511,1.6484
43.7822,510,1.6452
43.7865,511,1.6484
43.7908,510,1.6452
43.7950,509,1.6419
43.7993,508,1.6387
43.8035,509,1.6419
43.8078,509,1.6419
43.8121,510,1.6452
43.8163,510,1.6452
43.8206,511,1.6484
43.8248,512,1.6516
43.8291,512,1.6516
43.8333,512,1.6516
43.8376,510,1.6452
43.8419,511,1.6484
43.8461,511,1.6484
43.8509,511,1.6484
43.8552,512,1.6516
43.8595,512,1.6516
43.8638,513,1.6548
43.8681,513,1.6548
43.8724,513,1.6548
43.8766,513,1.6548
43.8809,512,1.6516
43.8852,513,1.6548
43.8895,513,1.6548
43.8942,512,1.6516
43.8986,513,1.6548
43.9029,512,1.6516
43.9072,514,1.6581
43.9115,514,1.6581
43.9158,514,1.6581
43.9201,514,1.6581
43.9244,515,1.6613
43.9287,516,1.6645
43.9329,515,1.6613
43.9372,515,1.6613
43.9416,516,1.6645
43.9459,516,1.6645
43.9503,516,1.6645
43.9546,515,1.6613
43.9588,515,1.6613
43.9631,516,1.6645
43.9674,516,1.6645
43.9716,516,1.6645
43.9764,516,1.6645
43.9806,517,1.6677
43.9849,518,1.6710
43.9891,518,1.6710
43.9934,517,1.6677
43.9976,517,1.6677
44.0024,517,1.6677
44.0067,516,1.6645
44.0109,516,1.6645
44.0152,516,1.6645
44.0194,516,1.6645
44.0238,516,1.6645
44.0280,518,1.6710
44.0323,518,1.6710
44.0365,517,1.6677
44.0408,517,1.6677
44.0451,516,1.6645
44.0494,516,1.6645
44.0537,518,1.6710
44.0584,517,1.6677
44.0627,518,1.6710
44.0669,518,1.6710
44.0712,518,1.6710
44.0754,519,1.6742
44.0797,519,1.6742
44.0840,518,1.6710
44.0883,519,1.6742
44.0925,518,1.6710
44.0967,518,1.6710
44.1010,517,1.6677
44.1053,518,1.6710
44.1096,518,1.6710
44.1138,519,1.6742
44.1181,519,1.6742
44.1224,519,1.6742
44.1266,519,1.6742
44.1309,519,1.6742
44.1351,518,1.6710
44.1394,517,1.6677
44.1436,519,1.6742
44.1479,519,1.6742
44.1522,519,1.6742
44.1565,518,1.6710
44.1611,519,1.6742
44.1654,519,1.6742
44.1697,520,1.6774
44.1740,519,1.6742
44.1782,519,1.6742
44.1824,520,1.6774
44.1867,520,1.6774
44.1910,520,1.6774
44.1952,520,1.6774
44.1995,521,1.6806
44.2043,520,1.6774
44.2087,520,1.6774
44.2129,519,1.6742
44.2172,520,1.6774
44.2214,520,1.6774
44.2256,520,1.6774
44.2300,520,1.6774
44.2342,521,1.6806
44.2385,518,1.6710
44.2429,519,1.6742
44.2472,520,1.6774
44.2515,520,1.6774
44.2558,519,1.6742
44.2600,519,1.6742
44.2643,519,1.6742
44.2686,518,1.6710
44.2728,519,1.6742
44.2771,518,1.6710
44.2813,517,1.6677
44.2855,519,1.6742
44.2898,519,1.6742
44.2941,519,1.6742
44.2983,519,1.6742
44.3026,519,1.6742
44.3069,518,1.6710
44.3113,518,1.6710
44.3157,517,1.6677
44.3204,516,1.6645
44.3247,516,1.6645
44.3290,517,1.6677
44.3332,517,1.6677
44.3375,519,1.6742
44.3417,519,1.6742
44.3460,518,1.6710
44.3503,518,1.6710
44.3546,519,1.6742
44.3588,519,1.6742
44.3631,521,1.6806
44.3674,521,1.6806
44.3716,521,1.6806
44.3759,521,1.6806
44.3802,520,1.6774
44.3844,519,1.6742
44.3887,519,1.6742
44.3930,518,1.6710
44.3972,520,1.6774
44.4015,521,1.6806
44.4058,520,1.6774
44.4100,520,1.6774
44.4143,520,1.6774
44.4186,520,1.6774
44.4228,521,1.6806
44.4271,520,1.6774
44.4314,520,1.6774
44.4356,520,1.6774
44.4399,520,1.6774
44.4441,520,1.6774
44.4484,520,1.6774
44.4527,519,1.6742
44.4569,520,1.6774
44.4612,520,1.6774
44.4655,521,1.6806
44.4698,521,1.6806
44.4741,520,1.6774
44.4784,521,1.6806
44.4827,521,1.6806
44.4870,521,1.6806
44.4913,521,1.6806
44.4956,521,1.6806
44.4999,522,1.6839
44.5043,522,1.6839
44.5086,522,1.6839
44.5129,521,1.6806
44.5172,520,1.6774
44.5215,520,1.6774
44.5257,520,1.6774
44.5301,520,1.6774
44.5344,520,1.6774
44.5386,521,1.6806
44.5430,520,1.6774
44.5473,519,1.6742
44.5516,521,1.6806
44.5559,520,1.6774
44.5602,519,1.6742
44.5645,519,1.6742
44.5688,521,1.6806
44.5730,525,1.6935
44.5773,526,1.6968
44.5816,530,1.7097
44.5859,534,1.7226
44.5902,537,1.7323
44.5945,538,1.7355
44.5988,539,1.7387
44.6031,539,1.7387
44.6074,539,1.7387
44.6118,536,1.7290
44.6163,535,1.7258
44.6207,531,1.7129
44.6251,531,1.7129
44.6294,529,1.7065
44.6338,525,1.6935
44.6382,521,1.6806
44.6425,517,1.6677
44.6468,515,1.6613
44.6511,515,1.6613
44.6555,515,1.6613
44.6598,516,1.6645
44.6641,515,1.6613
44.6684,517,1.6677
44.6726,516,1.6645
44.6769,516,1.6645
44.6812,516,1.6645
44.6855,517,1.6677
44.6898,516,1.6645
44.6941,516,1.6645
44.6984,517,1.6677
44.7027,517,1.6677
44.7070,516,1.6645
44.7113,517,1.6677
44.7156,517,1.6677
44.7199,517,1.6677
44.7242,515,1.6613
44.7285,511,1.6484
44.7328,502,1.6194
44.7371,497,1.6032
44.7414,506,1.6323
44.7457,529,1.7065
44.7500,566,1.8258
44.7544,612,1.9742
44.7590,654,2.1097
44.7635,670,2.1613
44.7678,654,2.1097
44.7721,617,1.9903
44.7764,571,1.8419
44.7808,528,1.7032
44.7851,501,1.6161
44.7894,490,1.5806
44.7938,489,1.5774
44.7981,494,1.5935
44.8024,500,1.6129
44.8068,503,1.6226
44.8111,503,1.6226
44.8154,505,1.6290
44.8198,505,1.6290
44.8241,506,1.6323
44.8284,505,1.6290
44.8328,505,1.6290
44.8371,505,1.6290
44.8414,505,1.6290
44.8458,507,1.6355
44.8501,507,1.6355
44.8545,507,1.6355
44.8588,507,1.6355
44.8632,507,1.6355
44.8675,507,1.6355
44.8718,507,1.6355
44.8761,507,1.6355
44.8803,508,1.6387
44.8847,507,1.6355
44.8889,507,1.6355
44.8932,506,1.6323
44.8975,507,1.6355
44.9018,508,1.6387
44.9061,510,1.6452
44.9104,512,1.6516
44.9147,511,1.6484
44.9190,512,1.6516
44.9233,511,1.6484
44.9276,511,1.6484
44.9319,511,1.6484
44.9362,511,1.6484
44.9405,510,1.6452
44.9447,510,1.6452
44.9490,510,1.6452
44.9533,509,1.6419
44.9576,509,1.6419
44.9619,510,1.6452
44.9663,512,1.6516
44.9706,516,1.6645
44.9749,520,1.6774
44.9793,522,1.6839
44.9836,526,1.6968
44.9879,528,1.7032
44.9923,532,1.7161
44.9966,536,1.7290
45.0009,539,1.7387
45.0052,543,1.7516
45.0096,544,1.7548
45.0139,546,1.7613
45.0183,548,1.7677
45.0226,548,1.7677
45.0269,549,1.7710
45.0312,550,1.7742
45.0356,551,1.7774
45.0399,551,1.7774
45.0444,551,1.7774
45.0496,549,1.7710
45.0578,544,1.7548
45.0624,542,1.7484
45.0669,540,1.7419
45.0738,534,1.7226
45.0785,532,1.7161
45.0830,528,1.7032
45.0874,523,1.6871
45.0919,519,1.6742
45.0964,517,1.6677
45.1008,513,1.6548
45.1053,510,1.6452
45.1097,507,1.6355
45.1140,503,1.6226
45.1183,500,1.6129
45.1225,499,1.6097
45.1268,500,1.6129
45.1311,500,1.6129
45.1353,502,1.6194
45.1396,502,1.6194
45.1438,503,1.6226
45.1481,504,1.6258
45.1524,503,1.6226
45.1567,504,1.6258
45.1609,505,1.6290
45.1652,505,1.6290
45.1694,506,1.6323
45.1737,506,1.6323
45.1779,506,1.6323
45.1821,505,1.6290
45.1864,504,1.6258
45.1906,504,1.6258
45.1949,506,1.6323
45.1991,506,1.6323
45.2033,506,1.6323
45.2076,507,1.6355
45.2119,507,1.6355
45.2163,501,1.6161
45.2207,506,1.6323
45.2249,507,1.6355
45.2292,506,1.6323
45.2335,506,1.6323
45.2378,506,1.6323
45.2421,507,1.6355
45.2463,508,1.6387
45.2506,508,1.6387
45.2549,510,1.6452
45.2592,510,1.6452
45.2635,510,1.6452
45.2679,510,1.6452
45.2729,510,1.6452
45.2772,510,1.6452
45.2815,509,1.6419
45.2858,509,1.6419
45.2901,510,1.6452
45.2944,510,1.6452
45.2987,512,1.6516
45.3030,512,1.6516
45.3073,512,1.6516
45.3119,513,1.6548
45.3163,512,1.6516
45.3206,511,1.6484
45.3249,512,1.6516
45.3292,512,1.6516
45.3335,511,1.6484
45.3379,512,1.6516
45.3422,512,1.6516
45.3465,512,1.6516
45.3508,512,1.6516
45.3553,513,1.6548
45.3596,512,1.6516
45.3639,513,1.6548
45.3683,513,1.6548
45.3726,512,1.6516
45.3769,514,1.6581
45.3812,513,1.6548
45.3855,515,1.6613
45.3898,515,1.6613
45.3941,515,1.6613
45.3984,515,1.6613
45.4027,515,1.6613
45.4070,516,1.6645
45.4113,516,1.6645
45.4156,515,1.6613
45.4200,515,1.6613
45.4243,516,1.6645
45.4286,516,1.6645
45.4329,517,1.6677
45.4373,516,1.6645
45.4417,516,1.6645
45.4460,515,1.6613
45.4503,515,1.6613
45.4546,515,1.6613
45.4589,516,1.6645
45.4634,517,1.6677
45.4678,517,1.6677
45.4721,516,1.6645
45.4764,516,1.6645
45.4807,516,1.6645
45.4850,516,1.6645
45.4893,516,1.6645
45.4936,518,1.6710
45.4979,518,1.6710
45.5022,518,1.6710
45.5065,518,1.6710
45.5110,519,1.6742
45.5156,517,1.6677
45.5200,517,1.6677
45.5245,523,1.6871
45.5289,517,1.6677
45.5332,517,1.6677
45.5374,517,1.6677
45.5417,517,1.6677
45.5461,517,1.6677
45.5503,517,1.6677
45.5546,517,1.6677
45.5588,516,1.6645
45.5632,515,1.6613
45.5675,516,1.6645
45.5718,517,1.6677
45.5760,516,1.6645
45.5802,517,1.6677
45.5846,517,1.6677
45.5889,517,1.6677
45.5931,516,1.6645
45.5974,517,1.6677
45.6016,518,1.6710
45.6059,518,1.6710
45.6101,518,1.6710
45.6147,518,1.6710
45.6190,517,1.6677
45.6232,516,1.6645
45.6275,517,1.6677
45.6318,519,1.6742
45.6360,518,1.6710
45.6403,518,1.6710
45.6446,518,1.6710
45.6489,518,1.6710
45.6531,518,1.6710
45.6574,517,1.6677
45.6616,515,1.6613
45.6659,517,1.6677
45.6702,518,1.6710
45.6745,518,1.6710
45.6787,519,1.6742
45.6833,518,1.6710
45.6876,519,1.6742
45.6919,520,1.6774
45.6961,519,1.6742
45.7003,520,1.6774
45.7046,521,1.6806
45.7089,519,1.6742
45.7132,519,1.6742
45.7174,520,1.6774
45.7217,520,1.6774
45.7260,520,1.6774
45.7303,519,1.6742
45.7345,520,1.6774
45.7388,521,1.6806
45.7430,522,1.6839
45.7473,521,1.6806
45.7516,520,1.6774
45.7559,521,1.6806
45.7601,521,1.6806
45.7650,521,1.6806
45.7692,521,1.6806
45.7735,521,1.6806
45.7778,521,1.6806
45.7820,521,1.6806
45.7863,520,1.6774
45.7906,520,1.6774
45.7948,520,1.6774
45.7991,520,1.6774
45.8034,519,1.6742
45.8076,520,1.6774
45.8119,520,1.6774
45.8162,521,1.6806
45.8205,522,1.6839
45.8247,520,1.6774
45.8290,519,1.6742
45.8333,519,1.6742
45.8375,519,1.6742
45.8418,519,1.6742
45.8466,519,1.6742
45.8509,520,1.6774
45.8552,520,1.6774
45.8594,521,1.6806
45.8637,520,1.6774
45.8680,520,1.6774
45.8723,520,1.6774
45.8766,520,1.6774
45.8808,521,1.6806
45.8850,520,1.6774
45.8893,520,1.6774
45.8936,519,1.6742
45.8978,519,1.6742
45.9021,518,1.6710
45.9064,518,1.6710
45.9106,519,1.6742
45.9149,518,1.6710
45.9192,519,1.6742
45.9235,519,1.6742
45.9281,519,1.6742
45.9324,519,1.6742
45.9367,519,1.6742
45.9410,518,1.6710
45.9452,518,1.6710
45.9495,520,1.6774
45.9538,519,1.6742
45.9581,519,1.6742
45.9623,519,1.6742
45.9671,519,1.6742
45.9714,518,1.6710
45.9757,519,1.6742
45.9799,519,1.6742
45.9842,519,1.6742
45.9884,520,1.6774
45.9927,520,1.6774
45.9970,520,1.6774
46.0012,519,1.6742
46.0055,519,1.6742
46.0098,521,1.6806
46.0141,520,1.6774
46.0184,520,1.6774
46.0227,519,1.6742
46.0269,521,1.6806
46.0312,520,1.6774
46.0355,520,1.6774
46.0397,520,1.6774
46.0440,520,1.6774
46.0482,520,1.6774
46.0525,520,1.6774
46.0568,519,1.6742
46.0611,519,1.6742
46.0654,521,1.6806
46.0696,523,1.6871
46.0739,526,1.6968
46.0782,530,1.7097
46.0825,533,1.7194
46.0867,536,1.7290
46.0910,538,1.7355
46.0958,540,1.7419
46.1001,540,1.7419
46.1043,541,1.7452
46.1087,541,1.7452
46.1133,540,1.7419
46.1179,537,1.7323
46.1223,534,1.7226
46.1266,530,1.7097
46.1308,528,1.7032
46.1351,524,1.6903
46.1393,520,1.6774
46.1436,517,1.6677
46.1478,515,1.6613
46.1521,515,1.6613
46.1563,515,1.6613
46.1606,516,1.6645
46.1648,518,1.6710
46.1691,517,1.6677
46.1733,516,1.6645
46.1776,517,1.6677
46.1818,517,1.6677
46.1861,516,1.6645
46.1904,516,1.6645
46.1947,515,1.6613
46.1989,516,1.6645
46.2032,514,1.6581
46.2074,515,1.6613
46.2117,516,1.6645
46.2160,516,1.6645
46.2202,517,1.6677
46.2245,514,1.6581
46.2287,508,1.6387
46.2330,499,1.6097
46.2373,496,1.6000
46.2416,506,1.6323
46.2458,530,1.7097
46.2501,567,1.8290
46.2544,608,1.9613
46.2586,652,2.1032
46.2629,672,2.1677
46.2672,662,2.1355
46.2715,626,2.0194
46.2758,580,1.8710
46.2801,535,1.7258
46.2844,507,1.6355
46.2887,493,1.5903
46.2930,491,1.5839
46.2973,495,1.5968
46.3016,500,1.6129
46.3059,502,1.6194
46.3102,505,1.6290
46.3144,505,1.6290
46.3187,505,1.6290
46.3230,506,1.6323
46.3273,507,1.6355
46.3316,507,1.6355
46.3359,507,1.6355
46.3402,506,1.6323
46.3445,506,1.6323
46.3488,506,1.6323
46.3531,507,1.6355
46.3575,507,1.6355
46.3618,507,1.6355
46.3662,507,1.6355
46.3705,508,1.6387
46.3749,507,1.6355
46.3792,508,1.6387
46.3836,507,1.6355
46.3879,508,1.6387
46.3923,508,1.6387
46.3966,510,1.6452
46.4009,509,1.6419
46.4053,510,1.6452
46.4097,510,1.6452
46.4142,510,1.6452
46.4191,510,1.6452
46.4236,510,1.6452
46.4279,510,1.6452
46.4323,511,1.6484
46.4366,512,1.6516
46.4410,512,1.6516
46.4453,513,1.6548
46.4498,512,1.6516
46.4541,512,1.6516
46.4585,512,1.6516
46.4628,514,1.6581
46.4672,515,1.6613
46.4715,519,1.6742
46.4759,521,1.6806
46.4805,526,1.6968
46.4849,528,1.7032
46.4892,530,1.7097
46.4935,535,1.7258
46.4978,537,1.7323
46.5021,541,1.7452
46.5064,543,1.7516
46.5108,544,1.7548
46.5151,545,1.7581
46.5193,546,1.7613
46.5236,549,1.7710
46.5280,550,1.7742
46.5323,550,1.7742
46.5370,550,1.7742
46.5413,550,1.7742
46.5463,550,1.7742
46.5506,549,1.7710
46.5549,547,1.7645
46.5592,543,1.7516
46.5635,540,1.7419
46.5678,536,1.7290
46.5723,534,1.7226
46.5766,533,1.7194
46.5809,529,1.7065
46.5853,525,1.6935
46.5896,521,1.6806
46.5939,519,1.6742
46.5982,516,1.6645
46.6025,511,1.6484
46.6068,507,1.6355
46.6111,503,1.6226
46.6154,500,1.6129
46.6197,499,1.6097
46.6240,500,1.6129
46.6284,500,1.6129
46.6326,500,1.6129
46.6369,500,1.6129
46.6412,499,1.6097
46.6455,498,1.6065
46.6501,500,1.6129
46.6544,500,1.6129
46.6587,500,1.6129
46.6630,502,1.6194
46.6673,501,1.6161
46.6716,502,1.6194
46.6759,503,1.6226
46.6802,504,1.6258
46.6849,504,1.6258
46.6893,505,1.6290
46.6936,505,1.6290
46.6979,504,1.6258
46.7021,506,1.6323
46.7065,506,1.6323
46.7108,505,1.6290
46.7151,506,1.6323
46.7194,506,1.6323
46.7237,506,1.6323
46.7280,506,1.6323
46.7323,505,1.6290
46.7366,506,1.6323
46.7409,506,1.6323
46.7453,507,1.6355
46.7504,508,1.6387
46.7548,508,1.6387
46.7591,508,1.6387
46.7634,507,1.6355
46.7677,509,1.6419
46.7720,510,1.6452
46.7764,510,1.6452
46.7807,510,1.6452
46.7850,510,1.6452
46.7893,510,1.6452
46.7936,511,1.6484
46.7980,509,1.6419
46.8023,509,1.6419
46.8065,509,1.6419
46.8108,511,1.6484
46.8152,511,1.6484
46.8195,511,1.6484
46.8240,510,1.6452
46.8283,511,1.6484
46.8327,511,1.6484
46.8370,512,1.6516
46.8412,512,1.6516
46.8455,513,1.6548
46.8500,514,1.6581
46.8543,514,1.6581
46.8586,513,1.6548
46.8629,513,1.6548
46.8672,514,1.6581
46.8715,514,1.6581
46.8759,515,1.6613
46.8802,514,1.6581
46.8845,513,1.6548
46.8888,514,1.6581
46.8936,515,1.6613
46.8979,514,1.6581
46.9022,515,1.6613
46.9065,515,1.6613
46.9108,514,1.6581
46.9151,515,1.6613
46.9194,515,1.6613
46.9237,515,1.6613
46.9280,515,1.6613
46.9323,516,1.6645
46.9367,517,1.6677
46.9410,514,1.6581
46.9453,515,1.6613
46.9496,515,1.6613
46.9539,516,1.6645
46.9582,515,1.6613
46.9625,516,1.6645
46.9668,516,1.6645
46.9712,517,1.6677
46.9756,517,1.6677
46.9799,516,1.6645
46.9842,515,1.6613
46.9885,515,1.6613
46.9928,514,1.6581
46.9971,516,1.6645
47.0014,517,1.6677
47.0057,517,1.6677
47.0101,517,1.6677
47.0146,516,1.6645
47.0192,515,1.6613
47.0236,516,1.6645
47.0279,516,1.6645
47.0328,516,1.6645
47.0372,517,1.6677
47.0415,517,1.6677
47.0458,518,1.6710
47.0501,519,1.6742
47.0544,518,1.6710
47.0588,517,1.6677
47.0631,517,1.6677
47.0673,518,1.6710
47.0716,516,1.6645
47.0759,516,1.6645
47.0803,517,1.6677
47.0846,517,1.6677
47.0889,518,1.6710
47.0932,517,1.6677
47.0975,518,1.6710
47.1018,517,1.6677
47.1061,517,1.6677
47.1104,517,1.6677
47.1147,518,1.6710
47.1190,519,1.6742
47.1233,519,1.6742
47.1276,519,1.6742
47.1320,519,1.6742
47.1363,518,1.6710
47.1406,517,1.6677
47.1449,517,1.6677
47.1492,518,1.6710
47.1535,518,1.6710
47.1578,518,1.6710
47.1621,519,1.6742
47.1664,519,1.6742
47.1707,518,1.6710
47.1750,520,1.6774
47.1793,519,1.6742
47.1837,519,1.6742
47.1880,519,1.6742
47.1923,519,1.6742
47.1966,519,1.6742
47.2009,519,1.6742
47.2052,519,1.6742
47.2095,519,1.6742
47.2138,520,1.6774
47.2181,519,1.6742
47.2224,520,1.6774
47.2268,522,1.6839
47.2312,520,1.6774
47.2355,521,1.6806
47.2398,520,1.6774
47.2441,520,1.6774
47.2484,521,1.6806
47.2527,520,1.6774
47.2571,520,1.6774
47.2614,519,1.6742
47.2656,519,1.6742
47.2699,520,1.6774
47.2742,519,1.6742
47.2785,520,1.6774
47.2827,521,1.6806
47.2870,520,1.6774
47.2913,521,1.6806
47.2955,520,1.6774
47.2998,520,1.6774
47.3040,520,1.6774
47.3083,520,1.6774
47.3126,519,1.6742
47.3170,521,1.6806
47.3214,520,1.6774
47.3257,519,1.6742
47.3299,519,1.6742
47.3342,519,1.6742
47.3385,519,1.6742
47.3427,520,1.6774
47.3470,520,1.6774
47.3512,522,1.6839
47.3555,522,1.6839
47.3598,522,1.6839
47.3641,523,1.6871
47.3683,522,1.6839
47.3726,523,1.6871
47.3770,523,1.6871
47.3812,522,1.6839
47.3856,522,1.6839
47.3899,520,1.6774
47.3942,521,1.6806
47.3984,522,1.6839
47.4027,521,1.6806
47.4070,521,1.6806
47.4114,521,1.6806
47.4156,521,1.6806
47.4199,521,1.6806
47.4243,520,1.6774
47.4286,519,1.6742
47.4329,520,1.6774
47.4371,519,1.6742
47.4414,519,1.6742
47.4457,520,1.6774
47.4500,521,1.6806
47.4543,520,1.6774
47.4586,519,1.6742
47.4629,519,1.6742
47.4672,518,1.6710
47.4714,518,1.6710
47.4757,518,1.6710
47.4800,519,1.6742
47.4844,518,1.6710
47.4886,519,1.6742
47.4929,520,1.6774
47.4971,520,1.6774
47.5014,520,1.6774
47.5056,520,1.6774
47.5099,520,1.6774
47.5142,520,1.6774
47.5184,520,1.6774
47.5227,520,1.6774
47.5269,521,1.6806
47.5312,520,1.6774
47.5354,520,1.6774
47.5397,521,1.6806
47.5440,520,1.6774
47.5482,520,1.6774
47.5525,520,1.6774
47.5567,519,1.6742
47.5610,520,1.6774
47.5652,520,1.6774
47.5695,520,1.6774
47.5738,524,1.6903
47.5780,527,1.7000
47.5823,530,1.7097
47.5866,535,1.7258
47.5909,537,1.7323
47.5951,539,1.7387
47.5994,540,1.7419
47.6037,541,1.7452
47.6080,540,1.7419
47.6123,541,1.7452
47.6166,538,1.7355
47.6208,535,1.7258
47.6251,531,1.7129
47.6294,527,1.7000
47.6337,523,1.6871
47.6380,518,1.6710
47.6423,515,1.6613
47.6465,514,1.6581
47.6509,513,1.6548
47.6551,514,1.6581
47.6594,513,1.6548
47.6637,515,1.6613
47.6680,516,1.6645
47.6723,516,1.6645
47.6766,516,1.6645
47.6809,516,1.6645
47.6852,516,1.6645
47.6895,515,1.6613
47.6938,516,1.6645
47.6981,516,1.6645
47.7024,516,1.6645
47.7067,516,1.6645
47.7110,517,1.6677
47.7153,517,1.6677
47.7196,516,1.6645
47.7239,514,1.6581
47.7282,509,1.6419
47.7325,500,1.6129
47.7368,495,1.5968
47.7410,503,1.6226
47.7453,526,1.6968
47.7496,562,1.8129
47.7539,606,1.9548
47.7582,648,2.0903
47.7625,671,2.1645
47.7668,662,2.1355
47.7710,628,2.0258
47.7753,581,1.8742
47.7796,537,1.7323
47.7839,508,1.6387
47.7882,491,1.5839
47.7925,488,1.5742
47.7968,491,1.5839
47.8011,498,1.6065
47.8054,504,1.6258
47.8097,506,1.6323
47.8140,505,1.6290
47.8183,505,1.6290
47.8226,505,1.6290
47.8269,505,1.6290
47.8312,505,1.6290
47.8355,505,1.6290
47.8398,507,1.6355
47.8440,507,1.6355
47.8483,507,1.6355
47.8526,506,1.6323
47.8569,506,1.6323
47.8612,506,1.6323
47.8655,506,1.6323
47.8698,507,1.6355
47.8741,507,1.6355
47.8784,508,1.6387
47.8826,508,1.6387
47.8869,508,1.6387
47.8913,508,1.6387
47.8957,509,1.6419
47.9000,509,1.6419
47.9043,509,1.6419
47.9087,509,1.6419
47.9131,510,1.6452
47.9176,511,1.6484
47.9221,510,1.6452
47.9264,510,1.6452
47.9307,510,1.6452
47.9351,510,1.6452
47.9395,510,1.6452
47.9438,511,1.6484
47.9481,512,1.6516
47.9525,511,1.6484
47.9575,511,1.6484
47.9619,512,1.6516
47.9662,514,1.6581
47.9705,516,1.6645
47.9749,519,1.6742
47.9792,523,1.6871
47.9836,526,1.6968
47.9880,528,1.7032
47.9923,532,1.7161
47.9966,536,1.7290
48.0010,540,1.7419
48.0052,543,1.7516
48.0095,545,1.7581
48.0138,547,1.7645
48.0181,548,1.7677
48.0225,551,1.7774
48.0268,550,1.7742
48.0311,550,1.7742
48.0354,550,1.7742
48.0398,550,1.7742
48.0441,549,1.7710
48.0484,548,1.7677
48.0527,548,1.7677
48.0570,546,1.7613
48.0613,543,1.7516
48.0656,541,1.7452
48.0699,537,1.7323
48.0742,535,1.7258
48.0785,532,1.7161
48.0830,528,1.7032
48.0873,524,1.6903
48.0915,520,1.6774
48.0959,517,1.6677
48.1001,514,1.6581
48.1044,512,1.6516
48.1086,509,1.6419
48.1129,506,1.6323
48.1171,502,1.6194
48.1214,501,1.6161
48.1256,501,1.6161
48.1299,501,1.6161
48.1342,503,1.6226
48.1385,502,1.6194
48.1428,502,1.6194
48.1470,503,1.6226
48.1513,503,1.6226
48.1555,503,1.6226
48.1598,503,1.6226
48.1641,504,1.6258
48.1684,504,1.6258
48.1726,506,1.6323
48.1769,506,1.6323
48.1811,505,1.6290
48.1854,505,1.6290
48.1897,505,1.6290
48.1940,506,1.6323
48.1983,505,1.6290
48.2026,505,1.6290
48.2069,504,1.6258
48.2112,506,1.6323
48.2156,506,1.6323
48.2200,506,1.6323
48.2244,505,1.6290
48.2287,505,1.6290
48.2330,505,1.6290
48.2374,506,1.6323
48.2416,507,1.6355
48.2460,507,1.6355
48.2503,507,1.6355
48.2545,507,1.6355
48.2588,508,1.6387
48.2631,509,1.6419
48.2674,509,1.6419
48.2717,508,1.6387
48.2760,508,1.6387
48.2803,508,1.6387
48.2847,510,1.6452
48.2890,509,1.6419
48.2932,510,1.6452
48.2975,511,1.6484
48.3018,509,1.6419
48.3101,512,1.6516
48.3144,511,1.6484
48.3187,512,1.6516
48.3230,512,1.6516
48.3272,511,1.6484
48.3315,512,1.6516
48.3358,512,1.6516
48.3400,512,1.6516
48.3443,511,1.6484
48.3486,512,1.6516
48.3529,512,1.6516
48.3571,510,1.6452
48.3614,511,1.6484
48.3656,511,1.6484
48.3699,512,1.6516
48.3742,513,1.6548
48.3784,512,1.6516
48.3827,512,1.6516
48.3869,512,1.6516
48.3912,513,1.6548
48.3955,512,1.6516
48.3998,514,1.6581
48.4040,514,1.6581
48.4083,515,1.6613
48.4126,514,1.6581
48.4170,514,1.6581
48.4213,514,1.6581
48.4256,514,1.6581
48.4299,514,1.6581
48.4341,514,1.6581
48.4384,514,1.6581
48.4427,515,1.6613
48.4470,515,1.6613
48.4513,515,1.6613
48.4556,515,1.6613
48.4599,515,1.6613
48.4642,515,1.6613
48.4686,515,1.6613
48.4729,515,1.6613
48.4772,514,1.6581
48.4814,515,1.6613
48.4858,515,1.6613
48.4901,516,1.6645
48.4944,516,1.6645
48.4986,515,1.6613
48.5029,515,1.6613
48.5072,515,1.6613
48.5115,516,1.6645
48.5158,516,1.6645
48.5201,515,1.6613
48.5244,516,1.6645
48.5286,516,1.6645
48.5329,516,1.6645
48.5373,516,1.6645
48.5416,516,1.6645
48.5459,517,1.6677
48.5502,518,1.6710
48.5544,518,1.6710
48.5587,517,1.6677
48.5630,518,1.6710
48.5673,518,1.6710
48.5715,518,1.6710
48.5758,517,1.6677
48.5801,517,1.6677
48.5844,517,1.6677
48.5887,516,1.6645
48.5931,518,1.6710
48.5973,518,1.6710
48.6016,518,1.6710
48.6059,518,1.6710
48.6102,518,1.6710
48.6145,517,1.6677
48.6188,518,1.6710
48.6231,518,1.6710
48.6274,519,1.6742
48.6317,518,1.6710
48.6360,518,1.6710
48.6403,519,1.6742
48.6446,520,1.6774
48.6489,519,1.6742
48.6532,519,1.6742
48.6575,519,1.6742
48.6618,518,1.6710
48.6661,519,1.6742
48.6704,520,1.6774
48.6747,519,1.6742
48.6789,519,1.6742
48.6833,520,1.6774
48.6876,520,1.6774
48.6919,520,1.6774
48.6962,520,1.6774
48.7005,520,1.6774
48.7048,518,1.6710
48.7092,519,1.6742
48.7135,519,1.6742
48.7177,520,1.6774
48.7220,520,1.6774
48.7263,520,1.6774
48.7306,520,1.6774
48.7349,520,1.6774
48.7392,520,1.6774
48.7435,520,1.6774
48.7478,520,1.6774
48.7521,521,1.6806
48.7564,521,1.6806
48.7607,521,1.6806
48.7650,521,1.6806
48.7693,522,1.6839
48.7736,521,1.6806
48.7778,521,1.6806
48.7822,521,1.6806
48.7864,521,1.6806
48.7907,520,1.6774
48.7950,521,1.6806
48.7993,520,1.6774
48.8035,520,1.6774
48.8078,520,1.6774
48.8121,520,1.6774
48.8166,521,1.6806
48.8209,522,1.6839
48.8252,522,1.6839
48.8295,522,1.6839
48.8337,521,1.6806
48.8380,520,1.6774
48.8423,520,1.6774
48.8466,520,1.6774
48.8508,522,1.6839
48.8551,522,1.6839
48.8594,521,1.6806
48.8636,520,1.6774
48.8679,520,1.6774
48.8721,519,1.6742
48.8764,520,1.6774
48.8806,519,1.6742
48.8849,520,1.6774
48.8892,521,1.6806
48.8935,521,1.6806
48.8979,521,1.6806
48.9021,522,1.6839
48.9064,523,1.6871
48.9106,521,1.6806
48.9149,522,1.6839
48.9191,520,1.6774
48.9234,519,1.6742
48.9276,520,1.6774
48.9319,519,1.6742
48.9361,520,1.6774
48.9404,520,1.6774
48.9447,519,1.6742
48.9489,521,1.6806
48.9532,522,1.6839
48.9575,522,1.6839
48.9617,521,1.6806
48.9660,521,1.6806
48.9702,521,1.6806
48.9745,521,1.6806
48.9788,521,1.6806
48.9830,522,1.6839
48.9873,520,1.6774
48.9916,521,1.6806
48.9959,522,1.6839
49.0003,522,1.6839
49.0046,522,1.6839
49.0089,521,1.6806
49.0131,521,1.6806
49.0174,521,1.6806
49.0217,521,1.6806
49.0260,522,1.6839
49.0303,521,1.6806
49.0346,520,1.6774
49.0389,520,1.6774
49.0432,521,1.6806
49.0475,520,1.6774
49.0518,520,1.6774
49.0561,520,1.6774
49.0604,520,1.6774
49.0647,519,1.6742
49.0689,519,1.6742
49.0732,523,1.6871
49.0775,527,1.7000
49.0818,532,1.7161
49.0861,534,1.7226
49.0904,535,1.7258
49.0947,538,1.7355
49.0990,539,1.7387
49.1033,539,1.7387
49.1076,539,1.7387
49.1119,539,1.7387
49.1163,537,1.7323
49.1207,535,1.7258
49.1251,532,1.7161
49.1294,530,1.7097
49.1337,526,1.6968
49.1380,521,1.6806
49.1423,518,1.6710
49.1466,517,1.6677
49.1508,516,1.6645
49.1551,516,1.6645
49.1595,515,1.6613
49.1638,515,1.6613
49.1681,516,1.6645
49.1725,515,1.6613
49.1768,516,1.6645
49.1810,516,1.6645
49.1853,516,1.6645
49.1896,516,1.6645
49.1939,517,1.6677
49.1982,516,1.6645
49.2024,515,1.6613
49.2067,516,1.6645
49.2110,517,1.6677
49.2152,517,1.6677
49.2195,517,1.6677
49.2237,515,1.6613
49.2280,508,1.6387
49.2322,501,1.6161
49.2365,495,1.5968
49.2408,501,1.6161
49.2450,521,1.6806
49.2493,556,1.7935
49.2535,601,1.9387
49.2578,642,2.0710
49.2620,669,2.1581
49.2663,661,2.1323
49.2706,631,2.0355
49.2748,588,1.8968
49.2791,543,1.7516
49.2833,509,1.6419
49.2876,493,1.5903
49.2920,487,1.5710
49.2962,489,1.5774
49.3005,496,1.6000
49.3048,502,1.6194
49.3091,505,1.6290
49.3135,505,1.6290
49.3177,504,1.6258
49.3220,505,1.6290
49.3263,505,1.6290
49.3306,505,1.6290
49.3348,506,1.6323
49.3391,505,1.6290
49.3434,506,1.6323
49.3478,507,1.6355
49.3521,508,1.6387
49.3564,509,1.6419
49.3607,509,1.6419
49.3650,508,1.6387
49.3693,508,1.6387
49.3736,509,1.6419
49.3779,507,1.6355
49.3822,508,1.6387
49.3864,508,1.6387
49.3907,508,1.6387
49.3950,509,1.6419
49.3993,508,1.6387
49.4035,508,1.6387
49.4078,509,1.6419
49.4121,508,1.6387
49.4163,509,1.6419
49.4206,510,1.6452
49.4249,510,1.6452
49.4291,510,1.6452
49.4334,510,1.6452
49.4376,509,1.6419
49.4419,509,1.6419
49.4462,511,1.6484
49.4506,511,1.6484
49.4549,510,1.6452
49.4592,511,1.6484
49.4635,511,1.6484
49.4678,514,1.6581
49.4721,517,1.6677
49.4764,520,1.6774
49.4807,524,1.6903
49.4850,527,1.7000
49.4893,530,1.7097
49.4937,533,1.7194
49.4980,537,1.7323
49.5023,539,1.7387
49.5065,542,1.7484
49.5108,544,1.7548
49.5151,546,1.7613
49.5193,547,1.7645
49.5236,549,1.7710
49.5279,550,1.7742
49.5321,550,1.7742
49.5364,549,1.7710
49.5406,550,1.7742
49.5449,549,1.7710
49.5491,548,1.7677
49.5534,546,1.7613
49.5576,546,1.7613
49.5619,544,1.7548
49.5661,542,1.7484
49.5704,538,1.7355
49.5747,535,1.7258
49.5790,532,1.7161
49.5832,528,1.7032
49.5875,524,1.6903
49.5917,522,1.6839
49.5960,518,1.6710
49.6003,515,1.6613
49.6046,512,1.6516
49.6089,509,1.6419
49.6132,506,1.6323
49.6175,502,1.6194
49.6218,500,1.6129
49.6261,500,1.6129
49.6304,502,1.6194
49.6347,502,1.6194
49.6389,502,1.6194
49.6432,500,1.6129
49.6476,500,1.6129
49.6519,502,1.6194
49.6562,502,1.6194
49.6605,504,1.6258
49.6648,504,1.6258
49.6690,504,1.6258
49.6734,504,1.6258
49.6776,504,1.6258
49.6820,504,1.6258
49.6862,504,1.6258
49.6905,503,1.6226
49.6949,504,1.6258
49.6992,506,1.6323
49.7035,505,1.6290
49.7078,506,1.6323
49.7121,506,1.6323
49.7166,505,1.6290
49.7210,506,1.6323
49.7253,506,1.6323
49.7296,508,1.6387
49.7339,508,1.6387
49.7382,508,1.6387
49.7425,508,1.6387
49.7468,508,1.6387
49.7511,509,1.6419
49.7554,509,1.6419
49.7597,508,1.6387
49.7640,508,1.6387
49.7683,507,1.6355
49.7726,508,1.6387
49.7769,508,1.6387
49.7812,510,1.6452
49.7854,510,1.6452
49.7897,509,1.6419
49.7940,506,1.6323
49.7985,508,1.6387
49.8028,509,1.6419
49.8070,509,1.6419
49.8113,510,1.6452
49.8156,510,1.6452
49.8198,510,1.6452
49.8241,510,1.6452
49.8283,510,1.6452
49.8326,511,1.6484
49.8368,511,1.6484
49.8411,512,1.6516
49.8454,512,1.6516
49.8496,512,1.6516
49.8539,512,1.6516
49.8582,511,1.6484
49.8624,510,1.6452
49.8667,511,1.6484
49.8709,512,1.6516
49.8753,512,1.6516
49.8795,514,1.6581
49.8838,514,1.6581
49.8880,515,1.6613
49.8923,515,1.6613
49.8966,514,1.6581
49.9009,515,1.6613
49.9051,515,1.6613
49.9095,515,1.6613
49.9137,515,1.6613
49.9180,515,1.6613
49.9223,514,1.6581
49.9266,514,1.6581
49.9309,514,1.6581
49.9352,516,1.6645
49.9395,516,1.6645
49.9438,517,1.6677
49.9481,516,1.6645
49.9524,516,1.6645
49.9567,516,1.6645
49.9611,515,1.6613
49.9653,517,1.6677
49.9697,516,1.6645
49.9739,516,1.6645
49.9782,515,1.6613
49.9825,515,1.6613
49.9868,514,1.6581
49.9911,515,1.6613
49.9954,516,1.6645
49.9997,516,1.6645
50.0040,517,1.6677
50.0083,518,1.6710
50.0126,517,1.6677
50.0171,516,1.6645
50.0215,516,1.6645
50.0258,515,1.6613
50.0302,517,1.6677
50.0344,517,1.6677
50.0388,517,1.6677
50.0430,518,1.6710
50.0488,518,1.6710
50.0533,517,1.6677
50.0578,517,1.6677
50.0622,517,1.6677
50.0667,517,1.6677
50.0717,517,1.6677
50.0762,518,1.6710
50.0805,518,1.6710
50.0848,517,1.6677
50.0891,518,1.6710
50.0934,518,1.6710
50.0977,518,1.6710
50.1019,518,1.6710
50.1062,518,1.6710
50.1105,519,1.6742
50.1148,517,1.6677
50.1190,519,1.6742
50.1233,520,1.6774
50.1276,520,1.6774
50.1318,520,1.6774
50.1361,519,1.6742
50.1404,519,1.6742
50.1446,518,1.6710
50.1489,519,1.6742
50.1532,517,1.6677
50.1574,517,1.6677
50.1617,517,1.6677
50.1660,517,1.6677
50.1703,518,1.6710
50.1745,519,1.6742
50.1788,520,1.6774
50.1830,518,1.6710
50.1873,519,1.6742
50.1916,520,1.6774
50.1958,521,1.6806
50.2002,520,1.6774
50.2045,519,1.6742
50.2088,519,1.6742
50.2132,519,1.6742
50.2175,520,1.6774
50.2218,521,1.6806
50.2262,521,1.6806
50.2305,521,1.6806
50.2348,522,1.6839
50.2392,521,1.6806
50.2435,520,1.6774
50.2479,521,1.6806
50.2522,521,1.6806
50.2566,521,1.6806
50.2609,522,1.6839
50.2652,521,1.6806
50.2696,520,1.6774
50.2739,520,1.6774
50.2782,521,1.6806
50.2826,521,1.6806
50.2869,521,1.6806
50.2912,521,1.6806
50.2956,520,1.6774
50.2999,519,1.6742
50.3044,519,1.6742
50.3087,521,1.6806
50.3130,521,1.6806
50.3173,521,1.6806
50.3216,521,1.6806
50.3259,520,1.6774
50.3302,519,1.6742
50.3345,521,1.6806
50.3388,521,1.6806
50.3431,520,1.6774
50.3474,519,1.6742
50.3517,521,1.6806
50.3560,520,1.6774
50.3603,519,1.6742
50.3646,520,1.6774
50.3689,520,1.6774
50.3732,520,1.6774
50.3775,521,1.6806
50.3818,520,1.6774
50.3860,521,1.6806
50.3903,520,1.6774
50.3947,519,1.6742
50.3989,520,1.6774
50.4032,520,1.6774
50.4075,519,1.6742
50.4119,520,1.6774
50.4161,519,1.6742
50.4204,519,1.6742
50.4247,520,1.6774
50.4290,519,1.6742
50.4333,519,1.6742
50.4376,520,1.6774
50.4419,520,1.6774
50.4462,519,1.6742
50.4505,519,1.6742
50.4548,519,1.6742
50.4591,518,1.6710
50.4634,520,1.6774
50.4677,519,1.6742
50.4720,520,1.6774
50.4763,520,1.6774
50.4806,518,1.6710
50.4849,519,1.6742
50.4892,519,1.6742
50.4935,519,1.6742
50.4978,521,1.6806
50.5021,520,1.6774
50.5064,520,1.6774
50.5107,521,1.6806
50.5150,522,1.6839
50.5193,522,1.6839
50.5236,521,1.6806
50.5279,521,1.6806
50.5322,522,1.6839
50.5365,521,1.6806
50.5408,520,1.6774
50.5451,520,1.6774
50.5494,520,1.6774
50.5537,520,1.6774
50.5580,522,1.6839
50.5623,522,1.6839
50.5666,522,1.6839
50.5709,523,1.6871
50.5752,526,1.6968
50.5795,530,1.7097
50.5838,533,1.7194
50.5881,536,1.7290
50.5924,539,1.7387
50.5967,541,1.7452
50.6010,542,1.7484
50.6053,541,1.7452
50.6096,541,1.7452
50.6140,539,1.7387
50.6184,536,1.7290
50.6228,532,1.7161
50.6271,528,1.7032
50.6314,525,1.6935
50.6357,522,1.6839
50.6400,518,1.6710
50.6443,516,1.6645
50.6486,516,1.6645
50.6529,516,1.6645
50.6572,516,1.6645
50.6615,516,1.6645
50.6658,516,1.6645
50.6701,516,1.6645
50.6744,516,1.6645
50.6787,516,1.6645
50.6830,517,1.6677
50.6873,516,1.6645
50.6916,516,1.6645
50.6959,516,1.6645
50.7002,516,1.6645
50.7046,517,1.6677
50.7089,517,1.6677
50.7132,517,1.6677
50.7176,517,1.6677
50.7218,518,1.6710
50.7261,514,1.6581
50.7304,505,1.6290
50.7347,497,1.6032
50.7390,499,1.6097
50.7433,514,1.6581
50.7476,543,1.7516
50.7519,583,1.8806
50.7562,629,2.0290
50.7605,664,2.1419
50.7648,672,2.1677
50.7691,648,2.0903
50.7734,606,1.9548
50.7777,560,1.8065
50.7820,521,1.6806
50.7863,499,1.6097
50.7906,490,1.5806
50.7949,489,1.5774
50.7992,495,1.5968
50.8035,501,1.6161
50.8077,504,1.6258
50.8121,506,1.6323
50.8164,506,1.6323
50.8207,506,1.6323
50.8250,506,1.6323
50.8293,506,1.6323
50.8335,506,1.6323
50.8378,507,1.6355
50.8421,506,1.6323
50.8464,506,1.6323
50.8507,507,1.6355
50.8550,507,1.6355
50.8593,507,1.6355
50.8636,506,1.6323
50.8679,509,1.6419
50.8722,508,1.6387
50.8765,509,1.6419
50.8808,508,1.6387
50.8851,508,1.6387
50.8894,508,1.6387
50.8937,508,1.6387
50.8980,509,1.6419
50.9023,510,1.6452
50.9066,510,1.6452
50.9110,510,1.6452
50.9154,509,1.6419
50.9198,509,1.6419
50.9244,509,1.6419
50.9287,509,1.6419
50.9330,509,1.6419
50.9374,509,1.6419
50.9417,510,1.6452
50.9460,510,1.6452
50.9504,510,1.6452
50.9547,510,1.6452
50.9590,510,1.6452
50.9634,511,1.6484
50.9677,514,1.6581
50.9720,518,1.6710
50.9764,521,1.6806
50.9807,524,1.6903
50.9850,527,1.7000
50.9894,530,1.7097
50.9937,532,1.7161
50.9980,535,1.7258
51.0024,538,1.7355
51.0069,542,1.7484
51.0112,545,1.7581
51.0154,546,1.7613
51.0197,548,1.7677
51.0240,550,1.7742
51.0282,551,1.7774
51.0325,550,1.7742
51.0367,551,1.7774
51.0410,551,1.7774
51.0453,549,1.7710
51.0496,547,1.7645
51.0538,547,1.7645
51.0581,544,1.7548
51.0623,543,1.7516
51.0666,540,1.7419
51.0708,537,1.7323
51.0751,534,1.7226
51.0794,531,1.7129
51.0836,527,1.7000
51.0879,522,1.6839
51.0921,518,1.6710
51.0964,516,1.6645
51.1007,513,1.6548
51.1049,511,1.6484
51.1092,508,1.6387
51.1135,504,1.6258
51.1177,499,1.6097
51.1220,498,1.6065
51.1263,498,1.6065
51.1306,498,1.6065
51.1349,499,1.6097
51.1392,500,1.6129
51.1435,499,1.6097
51.1478,501,1.6161
51.1521,502,1.6194
51.1564,504,1.6258
51.1607,504,1.6258
51.1650,504,1.6258
51.1693,505,1.6290
51.1736,505,1.6290
51.1778,506,1.6323
51.1821,505,1.6290
51.1864,505,1.6290
51.1907,505,1.6290
51.1950,506,1.6323
51.1993,506,1.6323
51.2036,506,1.6323
51.2079,507,1.6355
51.2122,506,1.6323
51.2165,506,1.6323
51.2207,506,1.6323
51.2250,507,1.6355
51.2293,508,1.6387
51.2336,507,1.6355
51.2379,508,1.6387
51.2422,509,1.6419
51.2465,508,1.6387
51.2508,509,1.6419
51.2551,508,1.6387
51.2594,508,1.6387
51.2637,509,1.6419
51.2680,510,1.6452
51.2723,510,1.6452
51.2766,511,1.6484
51.2809,511,1.6484
51.2852,510,1.6452
51.2895,510,1.6452
51.2938,510,1.6452
51.2980,510,1.6452
51.3024,511,1.6484
51.3066,510,1.6452
51.3109,510,1.6452
51.3152,510,1.6452
51.3195,511,1.6484
51.3238,512,1.6516
51.3281,512,1.6516
51.3324,510,1.6452
51.3367,511,1.6484
51.3409,512,1.6516
51.3452,513,1.6548
51.3495,513,1.6548
51.3538,512,1.6516
51.3581,513,1.6548
51.3623,512,1.6516
51.3666,512,1.6516
51.3709,512,1.6516
51.3752,511,1.6484
51.3795,512,1.6516
51.3838,512,1.6516
51.3880,511,1.6484
51.3923,512,1.6516
51.3966,512,1.6516
51.4009,513,1.6548
51.4052,513,1.6548
51.4095,513,1.6548
51.4138,514,1.6581
51.4181,516,1.6645
51.4224,516,1.6645
51.4267,515,1.6613
51.4310,514,1.6581
51.4353,514,1.6581
51.4396,514,1.6581
51.4439,514,1.6581
51.4482,515,1.6613
51.4525,515,1.6613
51.4567,515,1.6613
51.4610,516,1.6645
51.4653,514,1.6581
51.4696,515,1.6613
51.4739,516,1.6645
51.4782,515,1.6613
51.4825,515,1.6613
51.4868,515,1.6613
51.4911,515,1.6613
51.4954,516,1.6645
51.4997,516,1.6645
51.5040,515,1.6613
51.5083,516,1.6645
51.5126,516,1.6645
51.5171,515,1.6613
51.5215,515,1.6613
51.5259,515,1.6613
51.5302,516,1.6645
51.5345,516,1.6645
51.5388,517,1.6677
51.5431,516,1.6645
51.5474,515,1.6613
51.5518,515,1.6613
51.5561,516,1.6645
51.5604,517,1.6677
51.5647,517,1.6677
51.5690,518,1.6710
51.5733,517,1.6677
51.5776,517,1.6677
51.5819,517,1.6677
51.5862,518,1.6710
51.5905,518,1.6710
51.5948,518,1.6710
51.5991,518,1.6710
51.6034,518,1.6710
51.6077,518,1.6710
51.6120,517,1.6677
51.6163,518,1.6710
51.6206,518,1.6710
51.6249,518,1.6710
51.6292,519,1.6742
51.6335,519,1.6742
51.6378,519,1.6742
51.6421,518,1.6710
51.6464,518,1.6710
51.6507,516,1.6645
51.6550,518,1.6710
51.6593,519,1.6742
51.6636,519,1.6742
51.6679,518,1.6710
51.6722,518,1.6710
51.6765,517,1.6677
51.6808,517,1.6677
51.6851,517,1.6677
51.6894,517,1.6677
51.6937,519,1.6742
51.6980,518,1.6710
51.7023,519,1.6742
51.7066,518,1.6710
51.7109,517,1.6677
51.7152,518,1.6710
51.7195,518,1.6710
51.7238,518,1.6710
51.7282,519,1.6742
51.7325,519,1.6742
51.7368,519,1.6742
51.7412,519,1.6742
51.7455,519,1.6742
51.7500,518,1.6710
51.7543,519,1.6742
51.7586,518,1.6710
51.7629,519,1.6742
51.7672,519,1.6742
51.7715,518,1.6710
51.7758,517,1.6677
51.7801,518,1.6710
51.7844,518,1.6710
51.7887,519,1.6742
51.7929,520,1.6774
51.7972,518,1.6710
51.8015,518,1.6710
51.8058,518,1.6710
51.8101,518,1.6710
51.8145,519,1.6742
51.8190,519,1.6742
51.8234,519,1.6742
51.8277,519,1.6742
51.8320,519,1.6742
51.8366,519,1.6742
51.8409,519,1.6742
51.8452,519,1.6742
51.8495,519,1.6742
51.8537,519,1.6742
51.8580,519,1.6742
51.8622,521,1.6806
51.8665,519,1.6742
51.8708,519,1.6742
51.8750,520,1.6774
51.8793,519,1.6742
51.8835,520,1.6774
51.8877,519,1.6742
51.8920,520,1.6774
51.8962,520,1.6774
51.9005,521,1.6806
51.9047,520,1.6774
51.9090,519,1.6742
51.9133,520,1.6774
51.9175,520,1.6774
51.9219,521,1.6806
51.9262,520,1.6774
51.9305,521,1.6806
51.9348,521,1.6806
51.9390,521,1.6806
51.9433,521,1.6806
51.9476,520,1.6774
51.9519,520,1.6774
51.9562,520,1.6774
51.9605,520,1.6774
51.9648,520,1.6774
51.9691,521,1.6806
51.9734,521,1.6806
51.9777,520,1.6774
51.9820,520,1.6774
51.9862,520,1.6774
51.9905,520,1.6774
51.9948,520,1.6774
51.9991,519,1.6742
52.0034,520,1.6774
52.0077,520,1.6774
52.0120,521,1.6806
52.0163,521,1.6806
52.0206,521,1.6806
52.0249,520,1.6774
52.0292,521,1.6806
52.0335,521,1.6806
52.0378,521,1.6806
52.0421,521,1.6806
52.0464,520,1.6774
52.0507,520,1.6774
52.0550,518,1.6710
52.0592,520,1.6774
52.0635,520,1.6774
52.0678,521,1.6806
52.0721,524,1.6903
52.0764,528,1.7032
52.0807,532,1.7161
52.0850,534,1.7226
52.0893,537,1.7323
52.0936,540,1.7419
52.0979,542,1.7484
52.1022,541,1.7452
52.1065,542,1.7484
52.1107,541,1.7452
52.1150,540,1.7419
52.1193,537,1.7323
52.1236,534,1.7226
52.1279,529,1.7065
52.1321,525,1.6935
52.1364,521,1.6806
52.1407,517,1.6677
52.1450,515,1.6613
52.1494,515,1.6613
52.1537,515,1.6613
52.1580,516,1.6645
52.1623,515,1.6613
52.1666,515,1.6613
52.1709,516,1.6645
52.1751,515,1.6613
52.1795,516,1.6645
52.1838,517,1.6677
52.1881,515,1.6613
52.1923,515,1.6613
52.1966,516,1.6645
52.2009,516,1.6645
52.2052,517,1.6677
52.2095,517,1.6677
52.2137,518,1.6710
52.2180,517,1.6677
52.2224,516,1.6645
52.2266,512,1.6516
52.2310,505,1.6290
52.2352,498,1.6065
52.2395,500,1.6129
52.2438,517,1.6677
52.2481,548,1.7677
52.2524,589,1.9000
52.2566,634,2.0452
52.2610,667,2.1516
52.2652,670,2.1613
52.2695,643,2.0742
52.2738,602,1.9419
52.2781,553,1.7839
52.2824,516,1.6645
52.2867,495,1.5968
52.2910,487,1.5710
52.2953,489,1.5774
52.2996,495,1.5968
52.3039,501,1.6161
52.3082,504,1.6258
52.3125,505,1.6290
52.3167,506,1.6323
52.3210,506,1.6323
52.3253,505,1.6290
52.3296,506,1.6323
52.3339,506,1.6323
52.3382,507,1.6355
52.3425,508,1.6387
52.3468,509,1.6419
52.3511,509,1.6419
52.3554,508,1.6387
52.3597,508,1.6387
52.3640,508,1.6387
52.3683,508,1.6387
52.3726,509,1.6419
52.3769,509,1.6419
52.3812,509,1.6419
52.3855,509,1.6419
52.3897,509,1.6419
52.3940,509,1.6419
52.3983,509,1.6419
52.4026,509,1.6419
52.4069,509,1.6419
52.4113,508,1.6387
52.4159,509,1.6419
52.4203,510,1.6452
52.4248,511,1.6484
52.4291,513,1.6548
52.4334,513,1.6548
52.4376,513,1.6548
52.4419,512,1.6516
52.4462,511,1.6484
52.4505,512,1.6516
52.4547,513,1.6548
52.4590,513,1.6548
52.4632,512,1.6516
52.4675,514,1.6581
52.4718,518,1.6710
52.4760,521,1.6806
52.4803,525,1.6935
52.4845,528,1.7032
52.4888,530,1.7097
52.4930,534,1.7226
52.4973,537,1.7323
52.5015,541,1.7452
52.5058,543,1.7516
52.5101,544,1.7548
52.5143,547,1.7645
52.5185,549,1.7710
52.5228,550,1.7742
52.5271,550,1.7742
52.5314,551,1.7774
52.5357,550,1.7742
52.5400,551,1.7774
52.5443,550,1.7742
52.5488,549,1.7710
52.5531,547,1.7645
52.5574,545,1.7581
52.5618,543,1.7516
52.5661,542,1.7484
52.5705,539,1.7387
52.5748,536,1.7290
52.5791,533,1.7194
52.5835,529,1.7065
52.5878,524,1.6903
52.5922,520,1.6774
52.5965,517,1.6677
52.6008,513,1.6548
52.6051,510,1.6452
52.6095,506,1.6323
52.6138,503,1.6226
52.6182,500,1.6129
52.6226,500,1.6129
52.6269,499,1.6097
52.6313,499,1.6097
52.6356,501,1.6161
52.6398,501,1.6161
52.6442,502,1.6194
52.6485,502,1.6194
52.6528,503,1.6226
52.6571,502,1.6194
52.6614,503,1.6226
52.6657,503,1.6226
52.6700,503,1.6226
52.6744,504,1.6258
52.6787,504,1.6258
52.6830,504,1.6258
52.6872,503,1.6226
52.6915,503,1.6226
52.6959,504,1.6258
52.7002,506,1.6323
52.7044,506,1.6323
52.7087,507,1.6355
52.7131,506,1.6323
52.7175,507,1.6355
52.7219,507,1.6355
52.7263,507,1.6355
52.7308,507,1.6355
52.7352,506,1.6323
52.7395,507,1.6355
52.7438,507,1.6355
52.7480,507,1.6355
52.7524,507,1.6355
52.7567,508,1.6387
52.7610,507,1.6355
52.7653,508,1.6387
52.7695,508,1.6387
52.7738,508,1.6387
52.7781,509,1.6419
52.7824,508,1.6387
52.7867,508,1.6387
52.7910,508,1.6387
52.7953,509,1.6419
52.7996,511,1.6484
52.8039,510,1.6452
52.8082,509,1.6419
52.8125,510,1.6452
52.8168,511,1.6484
52.8211,510,1.6452
52.8254,510,1.6452
52.8297,511,1.6484
52.8340,512,1.6516
52.8384,512,1.6516
52.8427,512,1.6516
52.8471,513,1.6548
52.8514,512,1.6516
52.8557,513,1.6548
52.8601,513,1.6548
52.8644,513,1.6548
52.8687,513,1.6548
52.8731,513,1.6548
52.8774,513,1.6548
52.8818,513,1.6548
52.8861,513,1.6548
52.8904,513,1.6548
52.8947,513,1.6548
52.8991,513,1.6548
52.9034,513,1.6548
52.9078,514,1.6581
52.9121,514,1.6581
52.9164,515,1.6613
52.9208,516,1.6645
52.9251,515,1.6613
52.9294,514,1.6581
52.9337,516,1.6645
52.9380,516,1.6645
52.9423,517,1.6677
52.9466,516,1.6645
52.9509,516,1.6645
52.9552,517,1.6677
52.9596,517,1.6677
52.9638,517,1.6677
52.9681,517,1.6677
52.9724,518,1.6710
52.9767,517,1.6677
52.9810,517,1.6677
52.9853,516,1.6645
52.9896,517,1.6677
52.9939,517,1.6677
52.9982,517,1.6677
53.0025,517,1.6677
53.0068,517,1.6677
53.0111,517,1.6677
53.0154,517,1.6677
53.0197,517,1.6677
53.0240,517,1.6677
53.0283,516,1.6645
53.0326,516,1.6645
53.0370,516,1.6645
53.0413,516,1.6645
53.0456,516,1.6645
53.0500,517,1.6677
53.0543,517,1.6677
53.0587,518,1.6710
53.0630,518,1.6710
53.0674,517,1.6677
53.0717,517,1.6677
53.0760,517,1.6677
53.0803,516,1.6645
53.0847,516,1.6645
53.0890,517,1.6677
53.0934,517,1.6677
53.0977,518,1.6710
53.1020,518,1.6710
53.1064,518,1.6710
53.1107,519,1.6742
53.1150,517,1.6677
53.1193,517,1.6677
53.1237,518,1.6710
53.1281,518,1.6710
53.1324,519,1.6742
53.1368,520,1.6774
53.1411,519,1.6742
53.1454,519,1.6742
53.1498,520,1.6774
53.1541,520,1.6774
53.1584,520,1.6774
53.1628,520,1.6774
53.1672,520,1.6774
53.1715,519,1.6742
53.1759,518,1.6710
53.1804,518,1.6710
53.1848,517,1.6677
53.1891,517,1.6677
53.1934,517,1.6677
53.1977,517,1.6677
53.2020,518,1.6710
53.2063,519,1.6742
53.2106,518,1.6710
53.2149,518,1.6710
53.2192,518,1.6710
53.2235,519,1.6742
53.2278,519,1.6742
53.2321,518,1.6710
53.2364,518,1.6710
53.2407,519,1.6742
53.2450,519,1.6742
53.2493,520,1.6774
53.2536,520,1.6774
53.2579,521,1.6806
53.2622,521,1.6806
53.2665,519,1.6742
53.2708,519,1.6742
53.2751,520,1.6774
53.2794,519,1.6742
53.2837,519,1.6742
53.2880,519,1.6742
53.2923,519,1.6742
53.2966,519,1.6742
53.3009,518,1.6710
53.3052,518,1.6710
53.3095,519,1.6742
53.3138,518,1.6710
53.3185,519,1.6742
53.3229,520,1.6774
53.3273,519,1.6742
53.3317,518,1.6710
53.3360,520,1.6774
53.3403,519,1.6742
53.3446,519,1.6742
53.3489,519,1.6742
53.3532,520,1.6774
53.3575,520,1.6774
53.3617,518,1.6710
53.3660,519,1.6742
53.3703,519,1.6742
53.3745,518,1.6710
53.3788,519,1.6742
53.3830,519,1.6742
53.3873,519,1.6742
53.3915,520,1.6774
53.3958,521,1.6806
53.4001,520,1.6774
53.4043,521,1.6806
53.4086,520,1.6774
53.4129,521,1.6806
53.4171,522,1.6839
53.4214,521,1.6806
53.4256,521,1.6806
53.4299,520,1.6774
53.4343,520,1.6774
53.4386,520,1.6774
53.4429,520,1.6774
53.4472,520,1.6774
53.4515,520,1.6774
53.4558,520,1.6774
53.4601,520,1.6774
53.4644,520,1.6774
53.4687,521,1.6806
53.4730,520,1.6774
53.4773,519,1.6742
53.4816,519,1.6742
53.4859,520,1.6774
53.4902,519,1.6742
53.4945,519,1.6742
53.4988,520,1.6774
53.5030,520,1.6774
53.5073,518,1.6710
53.5116,518,1.6710
53.5159,518,1.6710
53.5202,519,1.6742
53.5245,518,1.6710
53.5288,518,1.6710
53.5331,519,1.6742
53.5374,519,1.6742
53.5417,518,1.6710
53.5460,519,1.6742
53.5503,519,1.6742
53.5546,518,1.6710
53.5589,518,1.6710
53.5632,519,1.6742
53.5675,518,1.6710
53.5718,520,1.6774
53.5761,524,1.6903
53.5804,529,1.7065
53.5846,531,1.7129
53.5889,535,1.7258
53.5932,538,1.7355
53.5975,540,1.7419
53.6024,540,1.7419
53.6068,540,1.7419
53.6110,538,1.7355
53.6154,536,1.7290
53.6202,534,1.7226
53.6247,530,1.7097
53.6290,526,1.6968
53.6333,523,1.6871
53.6377,519,1.6742
53.6420,517,1.6677
53.6463,514,1.6581
53.6506,514,1.6581
53.6549,515,1.6613
53.6592,515,1.6613
53.6635,516,1.6645
53.6678,516,1.6645
53.6721,516,1.6645
53.6764,516,1.6645
53.6807,516,1.6645
53.6850,515,1.6613
53.6893,516,1.6645
53.6936,516,1.6645
53.6979,515,1.6613
53.7022,515,1.6613
53.7065,516,1.6645
53.7108,517,1.6677
53.7151,517,1.6677
53.7194,516,1.6645
53.7237,516,1.6645
53.7280,512,1.6516
53.7323,503,1.6226
53.7366,497,1.6032
53.7410,504,1.6258
53.7453,526,1.6968
53.7496,561,1.8097
53.7540,603,1.9452
53.7583,648,2.0903
53.7627,671,2.1645
53.7670,661,2.1323
53.7713,626,2.0194
53.7756,579,1.8677
53.7800,535,1.7258
53.7844,505,1.6290
53.7887,492,1.5871
53.7930,490,1.5806
53.7974,494,1.5935
53.8017,500,1.6129
53.8061,504,1.6258
53.8104,505,1.6290
53.8147,507,1.6355
53.8190,506,1.6323
53.8234,507,1.6355
53.8277,507,1.6355
53.8321,506,1.6323
53.8364,506,1.6323
53.8407,508,1.6387
53.8450,508,1.6387
53.8493,508,1.6387
53.8536,506,1.6323
53.8579,507,1.6355
53.8622,507,1.6355
53.8665,508,1.6387
53.8708,508,1.6387
53.8751,508,1.6387
53.8794,508,1.6387
53.8837,509,1.6419
53.8880,509,1.6419
53.8923,508,1.6387
53.8966,509,1.6419
53.9009,510,1.6452
53.9052,509,1.6419
53.9095,509,1.6419
53.9138,509,1.6419
53.9181,509,1.6419
53.9224,510,1.6452
53.9267,510,1.6452
53.9310,511,1.6484
53.9354,511,1.6484
53.9397,511,1.6484
53.9440,512,1.6516
53.9484,513,1.6548
53.9527,513,1.6548
53.9571,513,1.6548
53.9614,512,1.6516
53.9657,514,1.6581
53.9701,517,1.6677
53.9744,521,1.6806
53.9787,524,1.6903
53.9831,527,1.7000
53.9874,529,1.7065
53.9917,532,1.7161
53.9961,535,1.7258
54.0004,538,1.7355
54.0047,541,1.7452
54.0091,543,1.7516
54.0134,545,1.7581
54.0177,547,1.7645
54.0221,549,1.7710
54.0264,550,1.7742
54.0308,551,1.7774
54.0351,551,1.7774
54.0394,550,1.7742
54.0437,549,1.7710
54.0480,548,1.7677
54.0523,546,1.7613
54.0566,546,1.7613
54.0609,544,1.7548
54.0652,541,1.7452
54.0695,537,1.7323
54.0738,535,1.7258
54.0781,533,1.7194
54.0824,530,1.7097
54.0867,526,1.6968
54.0910,522,1.6839
54.0953,518,1.6710
54.0996,516,1.6645
54.1039,512,1.6516
54.1082,509,1.6419
54.1125,505,1.6290
54.1168,502,1.6194
54.1211,501,1.6161
54.1254,500,1.6129
54.1297,500,1.6129
54.1340,501,1.6161
54.1383,501,1.6161
54.1426,502,1.6194
54.1469,501,1.6161
54.1513,502,1.6194
54.1556,501,1.6161
54.1600,502,1.6194
54.1643,503,1.6226
54.1687,504,1.6258
54.1730,503,1.6226
54.1773,503,1.6226
54.1817,503,1.6226
54.1860,503,1.6226
54.1903,502,1.6194
54.1947,504,1.6258
54.1990,504,1.6258
54.2034,504,1.6258
54.2077,505,1.6290
54.2120,506,1.6323
54.2165,506,1.6323
54.2210,507,1.6355
54.2254,507,1.6355
54.2297,508,1.6387
54.2341,508,1.6387
54.2385,509,1.6419
54.2429,509,1.6419
54.2472,509,1.6419
54.2515,508,1.6387
54.2558,509,1.6419
54.2601,509,1.6419
54.2644,510,1.6452
54.2687,510,1.6452
54.2730,510,1.6452
54.2773,511,1.6484
54.2816,511,1.6484
54.2859,512,1.6516
54.2902,513,1.6548
54.2945,513,1.6548
54.2988,513,1.6548
54.3031,512,1.6516
54.3074,512,1.6516
54.3117,510,1.6452
54.3160,511,1.6484
54.3203,510,1.6452
54.3246,512,1.6516
54.3289,512,1.6516
54.3332,512,1.6516
54.3375,512,1.6516
54.3418,513,1.6548
54.3462,513,1.6548
54.3505,512,1.6516
54.3548,513,1.6548
54.3592,513,1.6548
54.3635,513,1.6548
54.3678,513,1.6548
54.3722,512,1.6516
54.3765,513,1.6548
54.3808,512,1.6516
54.3852,513,1.6548
54.3895,513,1.6548
54.3938,514,1.6581
54.3982,513,1.6548
54.4025,513,1.6548
54.4068,514,1.6581
54.4112,513,1.6548
54.4155,514,1.6581
54.4198,514,1.6581
54.4242,515,1.6613
54.4285,516,1.6645
54.4329,516,1.6645
54.4372,515,1.6613
54.4415,515,1.6613
54.4459,515,1.6613
54.4502,514,1.6581
54.4545,514,1.6581
54.4588,515,1.6613
54.4631,514,1.6581
54.4674,516,1.6645
54.4717,516,1.6645
54.4760,517,1.6677
54.4803,517,1.6677
54.4846,517,1.6677
54.4889,517,1.6677
54.4931,517,1.6677
54.4975,516,1.6645
54.5018,517,1.6677
54.5061,517,1.6677
54.5103,517,1.6677
54.5147,516,1.6645
54.5191,516,1.6645
54.5235,516,1.6645
54.5278,515,1.6613
54.5321,515,1.6613
54.5364,516,1.6645
54.5408,516,1.6645
54.5452,515,1.6613
54.5496,515,1.6613
54.5539,515,1.6613
54.5582,515,1.6613
54.5626,515,1.6613
54.5669,516,1.6645
54.5712,515,1.6613
54.5756,516,1.6645
54.5799,516,1.6645
54.5843,517,1.6677
54.5886,517,1.6677
54.5929,517,1.6677
54.5973,518,1.6710
54.6016,517,1.6677
54.6060,517,1.6677
54.6103,517,1.6677
54.6146,518,1.6710
54.6189,519,1.6742
54.6233,519,1.6742
54.6276,520,1.6774
54.6320,519,1.6742
54.6363,520,1.6774
54.6406,519,1.6742
54.6450,519,1.6742
54.6493,520,1.6774
54.6536,519,1.6742
54.6579,519,1.6742
54.6622,519,1.6742
54.6665,520,1.6774
54.6708,520,1.6774
54.6751,519,1.6742
54.6793,519,1.6742
54.6836,519,1.6742
54.6879,519,1.6742
54.6922,520,1.6774
54.6965,521,1.6806
54.7008,522,1.6839
54.7051,521,1.6806
54.7094,521,1.6806
54.7137,521,1.6806
54.7180,521,1.6806
54.7223,520,1.6774
54.7266,520,1.6774
54.7309,519,1.6742
54.7352,520,1.6774
54.7395,521,1.6806
54.7438,521,1.6806
54.7482,521,1.6806
54.7525,521,1.6806
54.7569,520,1.6774
54.7612,521,1.6806
54.7655,520,1.6774
54.7699,520,1.6774
54.7742,520,1.6774
54.7786,520,1.6774
54.7829,520,1.6774
54.7872,519,1.6742
54.7916,518,1.6710
54.7959,521,1.6806
54.8002,520,1.6774
54.8046,520,1.6774
54.8089,521,1.6806
54.8132,522,1.6839
54.8176,520,1.6774
54.8219,522,1.6839
54.8262,523,1.6871
54.8306,522,1.6839
54.8349,522,1.6839
54.8392,523,1.6871
54.8437,522,1.6839
54.8480,522,1.6839
54.8523,521,1.6806
54.8566,521,1.6806
54.8609,521,1.6806
54.8652,521,1.6806
54.8695,521,1.6806
54.8738,520,1.6774
54.8781,519,1.6742
54.8824,520,1.6774
54.8867,519,1.6742
54.8910,518,1.6710
54.8953,518,1.6710
54.8996,518,1.6710
54.9039,519,1.6742
54.9082,518,1.6710
54.9125,520,1.6774
54.9168,520,1.6774
54.9211,521,1.6806
54.9254,520,1.6774
54.9297,519,1.6742
54.9340,518,1.6710
54.9383,519,1.6742
54.9426,519,1.6742
54.9469,519,1.6742
54.9512,518,1.6710
54.9556,520,1.6774
54.9599,519,1.6742
54.9643,520,1.6774
54.9686,519,1.6742
54.9730,519,1.6742
54.9773,519,1.6742
54.9816,520,1.6774
54.9860,521,1.6806
54.9903,520,1.6774
54.9946,520,1.6774
54.9990,520,1.6774
55.0033,521,1.6806
55.0076,520,1.6774
55.0120,520,1.6774
55.0163,521,1.6806
55.0207,521,1.6806
55.0250,519,1.6742
55.0293,520,1.6774
55.0336,520,1.6774
55.0380,520,1.6774
55.0423,519,1.6742
55.0472,519,1.6742
55.0517,519,1.6742
55.0602,520,1.6774
55.0647,519,1.6742
55.0692,520,1.6774
55.0742,524,1.6903
55.0785,528,1.7032
55.0829,532,1.7161
55.0871,535,1.7258
55.0914,536,1.7290
55.0956,540,1.7419
55.0999,540,1.7419
55.1043,541,1.7452
55.1086,540,1.7419
55.1128,539,1.7387
55.1173,537,1.7323
55.1216,534,1.7226
55.1260,531,1.7129
55.1302,526,1.6968
55.1345,522,1.6839
55.1387,519,1.6742
55.1430,516,1.6645
55.1474,515,1.6613
55.1517,515,1.6613
55.1559,515,1.6613
55.1602,515,1.6613
55.1644,515,1.6613
55.1686,516,1.6645
55.1729,516,1.6645
55.1771,517,1.6677
55.1813,516,1.6645
55.1855,516,1.6645
55.1898,516,1.6645
55.1940,517,1.6677
55.1983,517,1.6677
55.2026,517,1.6677
55.2068,518,1.6710
55.2111,517,1.6677
55.2153,516,1.6645
55.2195,516,1.6645
55.2238,515,1.6613
55.2280,509,1.6419
55.2322,502,1.6194
55.2365,496,1.6000
55.2407,502,1.6194
55.2449,522,1.6839
55.2492,558,1.8000
55.2535,599,1.9323
55.2578,643,2.0742
55.2621,669,2.1581
55.2664,665,2.1452
55.2707,634,2.0452
55.2749,590,1.9032
55.2792,543,1.7516
55.2835,511,1.6484
55.2878,493,1.5903
55.2921,488,1.5742
55.2964,490,1.5806
55.3007,498,1.6065
55.3050,504,1.6258
55.3093,506,1.6323
55.3136,506,1.6323
55.3179,504,1.6258
55.3222,505,1.6290
55.3265,506,1.6323
55.3308,507,1.6355
55.3351,507,1.6355
55.3394,506,1.6323
55.3437,508,1.6387
55.3480,507,1.6355
55.3523,507,1.6355
55.3566,508,1.6387
55.3609,508,1.6387
55.3652,508,1.6387
55.3695,509,1.6419
55.3737,510,1.6452
55.3784,510,1.6452
55.3827,509,1.6419
55.3870,508,1.6387
55.3913,509,1.6419
55.3956,508,1.6387
55.3999,509,1.6419
55.4042,508,1.6387
55.4085,510,1.6452
55.4129,509,1.6419
55.4173,509,1.6419
55.4217,509,1.6419
55.4262,510,1.6452
55.4305,510,1.6452
55.4348,510,1.6452
55.4391,511,1.6484
55.4434,511,1.6484
55.4477,510,1.6452
55.4520,510,1.6452
55.4563,510,1.6452
55.4606,509,1.6419
55.4648,512,1.6516
55.4691,515,1.6613
55.4733,518,1.6710
55.4776,522,1.6839
55.4818,526,1.6968
55.4861,529,1.7065
55.4903,531,1.7129
55.4946,535,1.7258
55.4988,538,1.7355
55.5031,540,1.7419
55.5074,543,1.7516
55.5116,544,1.7548
55.5159,546,1.7613
55.5201,548,1.7677
55.5244,547,1.7645
55.5287,550,1.7742
55.5329,549,1.7710
55.5372,549,1.7710
55.5414,549,1.7710
55.5457,548,1.7677
55.5501,547,1.7645
55.5545,545,1.7581
55.5589,544,1.7548
55.5632,542,1.7484
55.5676,539,1.7387
55.5719,536,1.7290
55.5763,534,1.7226
55.5806,530,1.7097
55.5849,526,1.6968
55.5892,522,1.6839
55.5937,519,1.6742
55.5980,516,1.6645
55.6024,513,1.6548
55.6067,510,1.6452
55.6111,507,1.6355
55.6154,503,1.6226
55.6198,501,1.6161
55.6241,499,1.6097
55.6284,498,1.6065
55.6328,499,1.6097
55.6371,501,1.6161
55.6415,501,1.6161
55.6458,501,1.6161
55.6503,501,1.6161
55.6546,502,1.6194
55.6590,502,1.6194
55.6633,503,1.6226
55.6678,503,1.6226
55.6721,503,1.6226
55.6764,504,1.6258
55.6807,504,1.6258
55.6850,505,1.6290
55.6893,505,1.6290
55.6937,505,1.6290
55.6980,505,1.6290
55.7023,506,1.6323
55.7066,506,1.6323
55.7109,507,1.6355
55.7152,507,1.6355
55.7195,508,1.6387
55.7238,508,1.6387
55.7281,508,1.6387
55.7324,507,1.6355
55.7367,507,1.6355
55.7410,507,1.6355
55.7453,508,1.6387
55.7496,509,1.6419
55.7540,508,1.6387
55.7583,508,1.6387
55.7626,508,1.6387
55.7669,509,1.6419
55.7712,510,1.6452
55.7755,509,1.6419
55.7798,508,1.6387
55.7841,508,1.6387
55.7884,509,1.6419
55.7927,510,1.6452
55.7970,511,1.6484
55.8013,510,1.6452
55.8056,509,1.6419
55.8099,509,1.6419
55.8143,509,1.6419
55.8186,510,1.6452
55.8229,511,1.6484
55.8272,511,1.6484
55.8315,511,1.6484
55.8358,511,1.6484
55.8401,512,1.6516
55.8444,513,1.6548
55.8487,512,1.6516
55.8532,511,1.6484
55.8575,512,1.6516
55.8618,513,1.6548
55.8661,512,1.6516
55.8704,511,1.6484
55.8747,512,1.6516
55.8790,513,1.6548
55.8833,513,1.6548
55.8876,513,1.6548
55.8920,514,1.6581
55.8963,513,1.6548
55.9005,512,1.6516
55.9048,513,1.6548
55.9091,512,1.6516
55.9133,512,1.6516
55.9176,514,1.6581
55.9218,514,1.6581
55.9261,515,1.6613
55.9303,515,1.6613
55.9346,514,1.6581
55.9388,514,1.6581
55.9431,514,1.6581
55.9473,515,1.6613
55.9516,515,1.6613
55.9558,514,1.6581
55.9602,515,1.6613
55.9645,516,1.6645
55.9687,517,1.6677
55.9730,518,1.6710
55.9773,518,1.6710
55.9816,517,1.6677
55.9859,517,1.6677
55.9902,517,1.6677
55.9945,517,1.6677
55.9988,517,1.6677
56.0031,516,1.6645
56.0074,516,1.6645
56.0118,516,1.6645
56.0161,516,1.6645
56.0205,516,1.6645
56.0249,517,1.6677
56.0293,517,1.6677
56.0336,518,1.6710
56.0379,517,1.6677
56.0422,518,1.6710
56.0465,518,1.6710
56.0508,518,1.6710
56.0551,519,1.6742
56.0595,519,1.6742
56.0638,518,1.6710
56.0681,518,1.6710
56.0724,518,1.6710
56.0769,519,1.6742
56.0813,519,1.6742
56.0856,521,1.6806
56.0898,520,1.6774
56.0942,518,1.6710
56.0985,518,1.6710
56.1028,518,1.6710
56.1071,518,1.6710
56.1114,519,1.6742
56.1157,519,1.6742
56.1200,519,1.6742
56.1244,519,1.6742
56.1287,520,1.6774
56.1330,519,1.6742
56.1373,517,1.6677
56.1416,517,1.6677
56.1459,517,1.6677
56.1502,518,1.6710
56.1546,519,1.6742
56.1589,519,1.6742
56.1632,518,1.6710
56.1675,519,1.6742
56.1718,518,1.6710
56.1761,518,1.6710
56.1804,517,1.6677
56.1847,518,1.6710
56.1890,519,1.6742
56.1933,519,1.6742
56.1976,519,1.6742
56.2019,518,1.6710
56.2062,518,1.6710
56.2106,518,1.6710
56.2149,517,1.6677
56.2192,519,1.6742
56.2240,519,1.6742
56.2283,519,1.6742
56.2326,520,1.6774
56.2369,520,1.6774
56.2412,518,1.6710
56.2455,519,1.6742
56.2499,519,1.6742
56.2542,519,1.6742
56.2585,520,1.6774
56.2629,521,1.6806
56.2672,520,1.6774
56.2715,520,1.6774
56.2758,521,1.6806
56.2801,519,1.6742
56.2844,521,1.6806
56.2887,520,1.6774
56.2930,520,1.6774
56.2973,521,1.6806
56.3016,521,1.6806
56.3059,520,1.6774
56.3102,519,1.6742
56.3146,519,1.6742
56.3191,519,1.6742
56.3234,519,1.6742
56.3278,519,1.6742
56.3321,519,1.6742
56.3364,521,1.6806
56.3407,520,1.6774
56.3450,519,1.6742
56.3493,519,1.6742
56.3536,520,1.6774
56.3580,521,1.6806
56.3623,520,1.6774
56.3671,520,1.6774
56.3714,520,1.6774
56.3757,520,1.6774
56.3800,521,1.6806
56.3844,520,1.6774
56.3887,520,1.6774
56.3930,522,1.6839
56.3973,521,1.6806
56.4016,522,1.6839
56.4059,522,1.6839
56.4103,521,1.6806
56.4146,521,1.6806
56.4189,521,1.6806
56.4232,522,1.6839
56.4275,521,1.6806
56.4319,520,1.6774
56.4362,522,1.6839
56.4405,522,1.6839
56.4448,522,1.6839
56.4491,522,1.6839
56.4534,521,1.6806
56.4580,520,1.6774
56.4623,520,1.6774
56.4666,519,1.6742
56.4710,520,1.6774
56.4753,520,1.6774
56.4796,521,1.6806
56.4839,522,1.6839
56.4882,522,1.6839
56.4925,522,1.6839
56.4968,523,1.6871
56.5011,522,1.6839
56.5054,522,1.6839
56.5102,519,1.6742
56.5145,521,1.6806
56.5188,522,1.6839
56.5231,521,1.6806
56.5274,521,1.6806
56.5317,521,1.6806
56.5360,520,1.6774
56.5403,519,1.6742
56.5446,521,1.6806
56.5489,521,1.6806
56.5533,521,1.6806
56.5576,520,1.6774
56.5619,520,1.6774
56.5662,520,1.6774
56.5705,524,1.6903
56.5749,528,1.7032
56.5792,530,1.7097
56.5834,534,1.7226
56.5877,537,1.7323
56.5921,537,1.7323
56.5964,540,1.7419
56.6007,541,1.7452
56.6050,542,1.7484
56.6093,542,1.7484
56.6136,541,1.7452
56.6179,539,1.7387
56.6222,536,1.7290
56.6265,533,1.7194
56.6308,529,1.7065
56.6351,525,1.6935
56.6394,521,1.6806
56.6437,517,1.6677
56.6480,516,1.6645
56.6523,516,1.6645
56.6566,516,1.6645
56.6609,517,1.6677
56.6653,516,1.6645
56.6696,516,1.6645
56.6739,517,1.6677
56.6782,518,1.6710
56.6825,518,1.6710
56.6868,518,1.6710
56.6911,517,1.6677
56.6954,517,1.6677
56.6997,517,1.6677
56.7040,518,1.6710
56.7083,518,1.6710
56.7126,517,1.6677
56.7169,518,1.6710
56.7212,518,1.6710
56.7255,514,1.6581
56.7298,508,1.6387
56.7347,498,1.6065
56.7390,498,1.6065
56.7433,512,1.6516
56.7476,542,1.7484
56.7520,585,1.8871
56.7563,631,2.0355
56.7606,666,2.1484
56.7650,672,2.1677
56.7693,648,2.0903
56.7736,605,1.9516
56.7779,557,1.7968
56.7822,519,1.6742
56.7865,498,1.6065
56.7908,489,1.5774
56.7951,490,1.5806
56.7994,497,1.6032
56.8037,502,1.6194
56.8080,504,1.6258
56.8123,505,1.6290
56.8167,505,1.6290
56.8210,507,1.6355
56.8253,506,1.6323
56.8295,507,1.6355
56.8338,507,1.6355
56.8382,505,1.6290
56.8425,507,1.6355
56.8468,507,1.6355
56.8511,507,1.6355
56.8554,507,1.6355
56.8597,507,1.6355
56.8640,508,1.6387
56.8684,508,1.6387
56.8727,509,1.6419
56.8770,509,1.6419
56.8813,509,1.6419
56.8856,509,1.6419
56.8899,509,1.6419
56.8942,509,1.6419
56.8985,510,1.6452
56.9028,510,1.6452
56.9071,511,1.6484
56.9114,511,1.6484
56.9158,511,1.6484
56.9202,511,1.6484
56.9246,512,1.6516
56.9290,512,1.6516
56.9333,510,1.6452
56.9376,510,1.6452
56.9419,512,1.6516
56.9462,511,1.6484
56.9505,513,1.6548
56.9548,513,1.6548
56.9591,511,1.6484
56.9635,512,1.6516
56.9678,515,1.6613
56.9721,516,1.6645
56.9764,520,1.6774
56.9807,524,1.6903
56.9850,527,1.7000
56.9893,530,1.7097
56.9936,533,1.7194
56.9979,535,1.7258
57.0022,537,1.7323
57.0065,541,1.7452
57.0108,542,1.7484
57.0151,545,1.7581
57.0195,545,1.7581
57.0238,548,1.7677
57.0281,550,1.7742
57.0324,550,1.7742
57.0367,550,1.7742
57.0415,551,1.7774
57.0458,548,1.7677
57.0501,545,1.7581
57.0544,545,1.7581
57.0587,544,1.7548
57.0630,540,1.7419
57.0673,538,1.7355
57.0716,535,1.7258
57.0759,533,1.7194
57.0802,530,1.7097
57.0846,528,1.7032
57.0889,523,1.6871
57.0931,520,1.6774
57.0974,517,1.6677
57.1017,514,1.6581
57.1061,511,1.6484
57.1104,507,1.6355
57.1147,504,1.6258
57.1190,500,1.6129
57.1233,500,1.6129
57.1276,499,1.6097
57.1319,500,1.6129
57.1362,502,1.6194
57.1405,501,1.6161
57.1449,503,1.6226
57.1495,503,1.6226
57.1538,504,1.6258
57.1581,504,1.6258
57.1625,505,1.6290
57.1669,505,1.6290
57.1711,505,1.6290
57.1754,504,1.6258
57.1797,505,1.6290
57.1839,505,1.6290
57.1882,505,1.6290
57.1924,505,1.6290
57.1967,506,1.6323
57.2009,506,1.6323
57.2052,507,1.6355
57.2094,506,1.6323
57.2137,506,1.6323
57.2181,508,1.6387
57.2224,507,1.6355
57.2267,507,1.6355
57.2310,507,1.6355
57.2352,506,1.6323
57.2395,506,1.6323
57.2438,507,1.6355
57.2480,508,1.6387
57.2524,508,1.6387
57.2566,508,1.6387
57.2609,508,1.6387
57.2652,508,1.6387
57.2695,508,1.6387
57.2738,508,1.6387
57.2781,510,1.6452
57.2824,509,1.6419
57.2867,510,1.6452
57.2910,510,1.6452
57.2952,510,1.6452
57.2995,510,1.6452
57.3038,511,1.6484
57.3081,511,1.6484
57.3124,511,1.6484
57.3167,511,1.6484
57.3210,511,1.6484
57.3253,511,1.6484
57.3296,511,1.6484
57.3339,511,1.6484
57.3382,512,1.6516
57.3424,512,1.6516
57.3467,512,1.6516
57.3511,512,1.6516
57.3554,513,1.6548
57.3596,512,1.6516
57.3640,512,1.6516
57.3684,512,1.6516
57.3727,512,1.6516
57.3770,512,1.6516
57.3812,513,1.6548
57.3855,514,1.6581
57.3898,514,1.6581
57.3941,514,1.6581
57.3984,514,1.6581
57.4026,514,1.6581
57.4069,514,1.6581
57.4112,515,1.6613
57.4155,515,1.6613
57.4198,513,1.6548
57.4242,514,1.6581
57.4285,514,1.6581
57.4328,514,1.6581
57.4371,515,1.6613
57.4414,513,1.6548
57.4457,515,1.6613
57.4500,515,1.6613
57.4543,515,1.6613
57.4586,516,1.6645
57.4629,516,1.6645
57.4672,515,1.6613
57.4715,515,1.6613
57.4757,514,1.6581
57.4800,515,1.6613
57.4843,515,1.6613
57.4885,515,1.6613
57.4928,515,1.6613
57.4971,516,1.6645
57.5013,516,1.6645
57.5055,516,1.6645
57.5098,516,1.6645
57.5141,516,1.6645
57.5183,516,1.6645
57.5226,516,1.6645
57.5269,517,1.6677
57.5312,516,1.6645
57.5354,517,1.6677
57.5397,517,1.6677
57.5439,517,1.6677
57.5482,518,1.6710
57.5525,516,1.6645
57.5567,517,1.6677
57.5610,518,1.6710
57.5653,518,1.6710
57.5696,516,1.6645
57.5739,515,1.6613
57.5782,516,1.6645
57.5825,517,1.6677
57.5868,517,1.6677
57.5911,517,1.6677
57.5954,518,1.6710
57.5997,518,1.6710
57.6040,517,1.6677
57.6083,518,1.6710
57.6126,518,1.6710
57.6169,517,1.6677
57.6212,517,1.6677
57.6255,516,1.6645
57.6298,518,1.6710
57.6341,518,1.6710
57.6384,519,1.6742
57.6427,518,1.6710
57.6470,518,1.6710
57.6513,520,1.6774
57.6556,519,1.6742
57.6599,520,1.6774
57.6642,520,1.6774
57.6685,519,1.6742
57.6728,520,1.6774
57.6770,519,1.6742
57.6813,520,1.6774
57.6855,518,1.6710
57.6898,518,1.6710
57.6940,518,1.6710
57.6983,520,1.6774
57.7026,519,1.6742
57.7068,519,1.6742
57.7111,518,1.6710
57.7154,519,1.6742
57.7196,519,1.6742
57.7239,519,1.6742
57.7281,518,1.6710
57.7324,519,1.6742
57.7367,520,1.6774
57.7409,519,1.6742
57.7452,520,1.6774
57.7494,519,1.6742
57.7537,519,1.6742
57.7579,519,1.6742
57.7622,518,1.6710
57.7666,518,1.6710
57.7708,520,1.6774
57.7751,519,1.6742
57.7794,519,1.6742
57.7837,519,1.6742
57.7880,519,1.6742
57.7923,519,1.6742
57.7966,519,1.6742
57.8009,520,1.6774
57.8052,519,1.6742
57.8095,519,1.6742
57.8138,520,1.6774
57.8183,518,1.6710
57.8227,519,1.6742
57.8271,518,1.6710
57.8314,519,1.6742
57.8357,519,1.6742
57.8401,520,1.6774
57.8444,519,1.6742
57.8487,518,1.6710
57.8529,519,1.6742
57.8573,520,1.6774
57.8615,519,1.6742
57.8659,519,1.6742
57.8702,519,1.6742
57.8744,520,1.6774
57.8787,519,1.6742
57.8829,520,1.6774
57.8872,521,1.6806
57.8914,521,1.6806
57.8957,519,1.6742
57.8999,519,1.6742
57.9042,520,1.6774
57.9085,519,1.6742
57.9127,520,1.6774
57.9170,520,1.6774
57.9212,521,1.6806
57.9255,520,1.6774
57.9298,518,1.6710
57.9340,518,1.6710
57.9383,520,1.6774
57.9426,520,1.6774
57.9468,520,1.6774
57.9511,520,1.6774
57.9554,520,1.6774
57.9596,520,1.6774
57.9639,520,1.6774
57.9683,520,1.6774
57.9725,521,1.6806
57.9768,520,1.6774
57.9811,520,1.6774
57.9854,521,1.6806
57.9897,520,1.6774
57.9940,520,1.6774
57.9983,520,1.6774
58.0026,520,1.6774
58.0069,520,1.6774
58.0112,521,1.6806
58.0155,521,1.6806
58.0198,520,1.6774
58.0241,521,1.6806
58.0284,521,1.6806
58.0327,520,1.6774
58.0370,520,1.6774
58.0413,520,1.6774
58.0456,519,1.6742
58.0499,519,1.6742
58.0542,519,1.6742
58.0585,519,1.6742
58.0628,519,1.6742
58.0671,520,1.6774
58.0714,523,1.6871
58.0757,526,1.6968
58.0799,529,1.7065
58.0842,533,1.7194
58.0885,536,1.7290
58.0927,539,1.7387
58.0970,541,1.7452
58.1013,541,1.7452
58.1055,541,1.7452
58.1098,540,1.7419
58.1140,539,1.7387
58.1184,536,1.7290
58.1228,536,1.7290
58.1271,532,1.7161
58.1314,528,1.7032
58.1356,524,1.6903
58.1399,521,1.6806
58.1442,518,1.6710
58.1484,517,1.6677
58.1527,517,1.6677
58.1570,516,1.6645
58.1613,516,1.6645
58.1656,517,1.6677
58.1700,516,1.6645
58.1743,517,1.6677
58.1785,517,1.6677
58.1829,518,1.6710
58.1871,517,1.6677
58.1914,516,1.6645
58.1957,515,1.6613
58.2000,516,1.6645
58.2043,517,1.6677
58.2086,516,1.6645
58.2129,517,1.6677
58.2172,516,1.6645
58.2214,517,1.6677
58.2257,515,1.6613
58.2300,508,1.6387
58.2344,499,1.6097
58.2387,498,1.6065
58.2430,512,1.6516
58.2473,542,1.7484
58.2516,581,1.8742
58.2559,624,2.0129
58.2602,662,2.1355
58.2645,671,2.1645
58.2688,650,2.0968
58.2731,610,1.9677
58.2773,563,1.8161
58.2816,524,1.6903
58.2859,502,1.6194
58.2901,491,1.5839
58.2944,491,1.5839
58.2986,495,1.5968
58.3029,501,1.6161
58.3072,506,1.6323
58.3114,507,1.6355
58.3157,508,1.6387
58.3199,508,1.6387
58.3243,508,1.6387
58.3285,508,1.6387
58.3328,508,1.6387
58.3370,508,1.6387
58.3413,508,1.6387
58.3455,508,1.6387
58.3499,507,1.6355
58.3542,506,1.6323
58.3584,507,1.6355
58.3627,507,1.6355
58.3670,508,1.6387
58.3713,509,1.6419
58.3756,509,1.6419
58.3799,509,1.6419
58.3842,509,1.6419
58.3885,510,1.6452
58.3928,509,1.6419
58.3971,511,1.6484
58.4014,511,1.6484
58.4057,511,1.6484
58.4100,511,1.6484
58.4143,511,1.6484
58.4187,511,1.6484
58.4230,511,1.6484
58.4273,512,1.6516
58.4316,511,1.6484
58.4359,510,1.6452
58.4402,509,1.6419
58.4445,510,1.6452
58.4488,510,1.6452
58.4531,511,1.6484
58.4574,510,1.6452
58.4617,510,1.6452
58.4660,513,1.6548
58.4703,515,1.6613
58.4746,519,1.6742
58.4789,523,1.6871
58.4831,526,1.6968
58.4874,529,1.7065
58.4917,531,1.7129
58.4959,535,1.7258
58.5002,537,1.7323
58.5045,540,1.7419
58.5087,544,1.7548
58.5131,545,1.7581
58.5173,546,1.7613
58.5216,548,1.7677
58.5258,550,1.7742
58.5301,549,1.7710
58.5344,551,1.7774
58.5386,550,1.7742
58.5429,550,1.7742
58.5471,549,1.7710
58.5514,546,1.7613
58.5557,545,1.7581
58.5599,543,1.7516
58.5642,541,1.7452
58.5685,538,1.7355
58.5728,534,1.7226
58.5771,530,1.7097
58.5814,526,1.6968
58.5857,524,1.6903
58.5902,520,1.6774
58.5945,518,1.6710
58.5988,514,1.6581
58.6030,511,1.6484
58.6073,508,1.6387
58.6116,505,1.6290
58.6159,502,1.6194
58.6203,499,1.6097
58.6246,499,1.6097
58.6289,499,1.6097
58.6332,499,1.6097
58.6375,501,1.6161
58.6418,502,1.6194
58.6461,503,1.6226
58.6504,503,1.6226
58.6547,503,1.6226
58.6590,503,1.6226
58.6633,503,1.6226
58.6675,504,1.6258
58.6718,504,1.6258
58.6761,505,1.6290
58.6804,505,1.6290
58.6847,505,1.6290
58.6890,504,1.6258
58.6933,504,1.6258
58.6975,505,1.6290
58.7019,504,1.6258
58.7061,506,1.6323
58.7104,506,1.6323
58.7147,506,1.6323
58.7191,507,1.6355
58.7235,508,1.6387
58.7279,509,1.6419
58.7322,508,1.6387
58.7365,508,1.6387
58.7408,508,1.6387
58.7451,507,1.6355
58.7493,506,1.6323
58.7536,506,1.6323
58.7579,506,1.6323
58.7622,506,1.6323
58.7665,506,1.6323
58.7708,506,1.6323
58.7751,506,1.6323
58.7794,508,1.6387
58.7837,509,1.6419
58.7880,510,1.6452
58.7922,509,1.6419
58.7965,510,1.6452
58.8008,510,1.6452
58.8050,509,1.6419
58.8093,510,1.6452
58.8135,510,1.6452
58.8178,510,1.6452
58.8220,511,1.6484
58.8263,511,1.6484
58.8305,511,1.6484
58.8348,511,1.6484
58.8390,511,1.6484
58.8433,511,1.6484
58.8475,511,1.6484
58.8518,513,1.6548
58.8560,513,1.6548
58.8603,513,1.6548
58.8645,512,1.6516
58.8688,512,1.6516
58.8731,512,1.6516
58.8773,513,1.6548
58.8816,513,1.6548
58.8859,512,1.6516
58.8902,514,1.6581
58.8945,514,1.6581
58.8988,514,1.6581
58.9031,514,1.6581
58.9111,513,1.6548
58.9154,515,1.6613
58.9197,515,1.6613
58.9240,514,1.6581
58.9283,515,1.6613
58.9326,515,1.6613
58.9369,516,1.6645
58.9412,517,1.6677
58.9454,516,1.6645
58.9498,515,1.6613
58.9540,515,1.6613
58.9583,514,1.6581
58.9626,515,1.6613
58.9669,515,1.6613
58.9712,514,1.6581
58.9755,516,1.6645
58.9798,515,1.6613
58.9841,516,1.6645
58.9884,516,1.6645
58.9927,516,1.6645
58.9970,515,1.6613
59.0013,516,1.6645
59.0055,516,1.6645
59.0098,515,1.6613
59.0142,515,1.6613
59.0186,515,1.6613
59.0230,515,1.6613
59.0274,516,1.6645
59.0317,516,1.6645
59.0360,516,1.6645
59.0403,517,1.6677
59.0445,516,1.6645
59.0488,516,1.6645
59.0531,517,1.6677
59.0574,517,1.6677
59.0617,517,1.6677
59.0660,517,1.6677
59.0703,516,1.6645
59.0746,516,1.6645
59.0789,517,1.6677
59.0832,516,1.6645
59.0875,517,1.6677
59.0919,517,1.6677
59.0962,517,1.6677
59.1005,518,1.6710
59.1049,518,1.6710
59.1092,518,1.6710
59.1136,518,1.6710
59.1179,519,1.6742
59.1222,519,1.6742
59.1265,517,1.6677
59.1309,517,1.6677
59.1352,517,1.6677
59.1395,517,1.6677
59.1439,517,1.6677
59.1482,517,1.6677
59.1526,517,1.6677
59.1569,517,1.6677
59.1612,517,1.6677
59.1655,517,1.6677
59.1699,517,1.6677
59.1743,518,1.6710
59.1786,519,1.6742
59.1829,518,1.6710
59.1872,519,1.6742
59.1915,519,1.6742
59.1958,518,1.6710
59.2001,519,1.6742
59.2044,519,1.6742
59.2087,520,1.6774
59.2130,520,1.6774
59.2173,518,1.6710
59.2216,520,1.6774
59.2259,520,1.6774
59.2302,520,1.6774
59.2345,519,1.6742
59.2388,520,1.6774
59.2431,519,1.6742
59.2473,520,1.6774
59.2517,520,1.6774
59.2560,520,1.6774
59.2602,520,1.6774
59.2645,520,1.6774
59.2688,521,1.6806
59.2731,520,1.6774
59.2774,520,1.6774
59.2817,520,1.6774
59.2861,521,1.6806
59.2904,520,1.6774
59.2947,519,1.6742
59.2991,520,1.6774
59.3034,521,1.6806
59.3077,520,1.6774
59.3120,521,1.6806
59.3164,520,1.6774
59.3207,520,1.6774
59.3250,520,1.6774
59.3293,520,1.6774
59.3337,521,1.6806
59.3380,520,1.6774
59.3424,520,1.6774
59.3467,519,1.6742
59.3510,519,1.6742
59.3554,518,1.6710
59.3597,518,1.6710
59.3640,519,1.6742
59.3683,519,1.6742
59.3727,519,1.6742
59.3770,519,1.6742
59.3813,521,1.6806
59.3857,521,1.6806
59.3900,520,1.6774
59.3943,521,1.6806
59.3987,521,1.6806
59.4030,521,1.6806
59.4073,520,1.6774
59.4117,520,1.6774
59.4160,520,1.6774
59.4203,519,1.6742
59.4246,520,1.6774
59.4290,519,1.6742
59.4333,519,1.6742
59.4377,519,1.6742
59.4420,520,1.6774
59.4463,519,1.6742
59.4506,520,1.6774
59.4550,521,1.6806
59.4593,520,1.6774
59.4636,519,1.6742
59.4680,519,1.6742
59.4723,519,1.6742
59.4766,519,1.6742
59.4811,519,1.6742
59.4854,519,1.6742
59.4897,520,1.6774
59.4940,520,1.6774
59.4983,520,1.6774
59.5026,518,1.6710
59.5069,520,1.6774
59.5112,519,1.6742
59.5155,518,1.6710
59.5198,519,1.6742
59.5241,520,1.6774
59.5284,520,1.6774
59.5327,520,1.6774
59.5370,521,1.6806
59.5413,519,1.6742
59.5456,519,1.6742
59.5499,519,1.6742
59.5542,519,1.6742
59.5585,520,1.6774
59.5628,522,1.6839
59.5671,522,1.6839
59.5714,524,1.6903
59.5757,526,1.6968
59.5799,529,1.7065
59.5843,533,1.7194
59.5886,535,1.7258
59.5930,537,1.7323
59.5973,540,1.7419
59.6017,541,1.7452
59.6060,540,1.7419
59.6103,540,1.7419
59.6147,537,1.7323
59.6191,535,1.7258
59.6235,533,1.7194
59.6280,529,1.7065
59.6323,525,1.6935
59.6366,521,1.6806
59.6410,517,1.6677
59.6453,515,1.6613
59.6496,514,1.6581
59.6540,513,1.6548
59.6583,514,1.6581
59.6626,515,1.6613
59.6670,516,1.6645
59.6713,516,1.6645
59.6756,515,1.6613
59.6799,514,1.6581
59.6843,515,1.6613
59.6887,516,1.6645
59.6930,515,1.6613
59.6973,516,1.6645
59.7016,516,1.6645
59.7059,516,1.6645
59.7102,515,1.6613
59.7145,516,1.6645
59.7188,516,1.6645
59.7231,515,1.6613
59.7274,511,1.6484
59.7317,502,1.6194
59.7360,495,1.5968
59.7403,499,1.6097
59.7446,519,1.6742
59.7489,553,1.7839
59.7532,595,1.9194
59.7574,639,2.0613
59.7617,667,2.1516
59.7661,665,2.1452
59.7703,637,2.0548
59.7746,593,1.9129
59.7789,545,1.7581
59.7833,511,1.6484
59.7876,493,1.5903
59.7920,487,1.5710
59.7963,489,1.5774
59.8006,497,1.6032
59.8050,503,1.6226
59.8093,506,1.6323
59.8136,507,1.6355
59.8180,506,1.6323
59.8223,506,1.6323
59.8266,506,1.6323
59.8310,506,1.6323
59.8353,507,1.6355
59.8396,508,1.6387
59.8440,508,1.6387
59.8483,508,1.6387
59.8526,507,1.6355
59.8570,507,1.6355
59.8613,507,1.6355
59.8656,508,1.6387
59.8700,510,1.6452
59.8743,509,1.6419
59.8787,510,1.6452
59.8830,511,1.6484
59.8873,509,1.6419
59.8916,509,1.6419
59.8959,510,1.6452
59.9002,510,1.6452
59.9045,510,1.6452
59.9088,511,1.6484
59.9131,510,1.6452
59.9174,512,1.6516
59.9219,512,1.6516
59.9263,512,1.6516
59.9306,512,1.6516
59.9349,512,1.6516
59.9392,513,1.6548
59.9435,512,1.6516
59.9478,513,1.6548
59.9521,512,1.6516
59.9564,512,1.6516
59.9607,512,1.6516
59.9650,513,1.6548
59.9693,517,1.6677
59.9736,520,1.6774
59.9779,525,1.6935
59.9822,527,1.7000
59.9864,529,1.7065
59.9908,532,1.7161
59.9951,536,1.7290
59.9994,537,1.7323
60.0038,540,1.7419
60.0081,543,1.7516
60.0125,546,1.7613
60.0168,547,1.7645
60.0211,548,1.7677
60.0255,549,1.7710
60.0298,552,1.7806
60.0342,550,1.7742
60.0385,551,1.7774
60.0428,550,1.7742
60.0472,549,1.7710
60.0515,547,1.7645
60.0560,544,1.7548
60.0605,543,1.7516
60.0651,541,1.7452
60.0696,537,1.7323
60.0742,533,1.7194
60.0789,529,1.7065
60.0833,528,1.7032
60.0877,523,1.6871
60.0920,519,1.6742
60.0964,516,1.6645
60.1006,514,1.6581
60.1049,512,1.6516
60.1091,508,1.6387
60.1134,505,1.6290
60.1177,501,1.6161
60.1220,500,1.6129
60.1262,500,1.6129
60.1305,501,1.6161
60.1348,501,1.6161
60.1391,502,1.6194
60.1434,503,1.6226
60.1476,502,1.6194
60.1519,502,1.6194
60.1567,502,1.6194
60.1610,503,1.6226
60.1652,503,1.6226
60.1695,503,1.6226
60.1738,505,1.6290
60.1781,505,1.6290
60.1823,505,1.6290
60.1866,506,1.6323
60.1909,507,1.6355
60.1952,505,1.6290
60.1995,504,1.6258
60.2038,505,1.6290
60.2081,506,1.6323
60.2124,505,1.6290
60.2167,505,1.6290
60.2210,506,1.6323
60.2253,507,1.6355
60.2296,508,1.6387
60.2341,509,1.6419
60.2386,508,1.6387
60.2429,510,1.6452
60.2472,509,1.6419
60.2515,510,1.6452
60.2558,509,1.6419
60.2601,510,1.6452
60.2644,510,1.6452
60.2687,510,1.6452
60.2730,510,1.6452
60.2773,509,1.6419
60.2817,510,1.6452
60.2859,511,1.6484
60.2902,511,1.6484
60.2946,511,1.6484
60.2989,511,1.6484
60.3032,511,1.6484
60.3075,511,1.6484
60.3118,510,1.6452
60.3161,510,1.6452
60.3204,511,1.6484
60.3247,512,1.6516
60.3290,512,1.6516
60.3333,513,1.6548
60.3376,512,1.6516
60.3419,511,1.6484
60.3462,512,1.6516
60.3505,512,1.6516
60.3548,511,1.6484
60.3591,512,1.6516
60.3635,512,1.6516
60.3678,512,1.6516
60.3721,513,1.6548
60.3763,512,1.6516
60.3811,512,1.6516
60.3854,513,1.6548
60.3897,514,1.6581
60.3941,513,1.6548
60.3984,514,1.6581
60.4027,514,1.6581
60.4070,516,1.6645
60.4113,515,1.6613
60.4156,516,1.6645
60.4199,515,1.6613
60.4244,516,1.6645
60.4287,517,1.6677
60.4330,516,1.6645
60.4373,516,1.6645
60.4416,515,1.6613
60.4459,516,1.6645
60.4502,517,1.6677
60.4545,517,1.6677
60.4588,517,1.6677
60.4631,517,1.6677
60.4674,518,1.6710
60.4717,518,1.6710
60.4760,517,1.6677
60.4803,517,1.6677
60.4846,518,1.6710
60.4889,518,1.6710
60.4932,516,1.6645
60.4975,515,1.6613
60.5018,518,1.6710
60.5062,518,1.6710
60.5105,517,1.6677
60.5148,518,1.6710
60.5192,518,1.6710
60.5245,517,1.6677
60.5288,517,1.6677
60.5331,517,1.6677
60.5374,517,1.6677
60.5417,518,1.6710
60.5460,517,1.6677
60.5503,518,1.6710
60.5545,517,1.6677
60.5588,518,1.6710
60.5631,516,1.6645
60.5673,517,1.6677
60.5716,517,1.6677
60.5758,517,1.6677
60.5801,516,1.6645
60.5844,517,1.6677
60.5887,518,1.6710
60.5929,518,1.6710
60.5972,517,1.6677
60.6014,518,1.6710
60.6057,518,1.6710
60.6099,518,1.6710
60.6142,519,1.6742
60.6185,519,1.6742
60.6227,519,1.6742
60.6270,518,1.6710
60.6312,518,1.6710
60.6355,518,1.6710
60.6397,519,1.6742
60.6440,519,1.6742
60.6483,519,1.6742
60.6525,519,1.6742
60.6568,519,1.6742
60.6610,520,1.6774
60.6653,519,1.6742
60.6696,518,1.6710
60.6738,518,1.6710
60.6781,518,1.6710
60.6827,519,1.6742
60.6870,520,1.6774
60.6913,520,1.6774
60.6956,519,1.6742
60.6999,519,1.6742
60.7042,519,1.6742
60.7085,518,1.6710
60.7128,520,1.6774
60.7171,520,1.6774
60.7214,521,1.6806
60.7257,519,1.6742
60.7299,519,1.6742
60.7343,518,1.6710
60.7386,518,1.6710
60.7428,518,1.6710
60.7471,519,1.6742
60.7514,520,1.6774
60.7557,518,1.6710
60.7600,519,1.6742
60.7643,518,1.6710
60.7686,517,1.6677
60.7729,517,1.6677
60.7772,517,1.6677
60.7815,518,1.6710
60.7858,518,1.6710
60.7901,519,1.6742
60.7944,519,1.6742
60.7987,519,1.6742
60.8030,518,1.6710
60.8073,519,1.6742
60.8116,519,1.6742
60.8159,519,1.6742
60.8203,520,1.6774
60.8247,519,1.6742
60.8291,520,1.6774
60.8334,519,1.6742
60.8377,518,1.6710
60.8420,518,1.6710
60.8463,519,1.6742
60.8506,520,1.6774
60.8549,519,1.6742
60.8591,519,1.6742
60.8634,520,1.6774
60.8677,521,1.6806
60.8720,522,1.6839
60.8763,522,1.6839
60.8806,520,1.6774
60.8849,519,1.6742
60.8892,519,1.6742
60.8936,519,1.6742
60.8979,520,1.6774
60.9022,521,1.6806
60.9064,521,1.6806
60.9107,521,1.6806
60.9150,520,1.6774
60.9192,520,1.6774
60.9235,520,1.6774
60.9277,521,1.6806
60.9320,521,1.6806
60.9364,519,1.6742
60.9407,520,1.6774
60.9450,519,1.6742
60.9492,519,1.6742
60.9535,520,1.6774
60.9578,520,1.6774
60.9621,520,1.6774
60.9663,521,1.6806
60.9706,520,1.6774
60.9748,520,1.6774
60.9791,519,1.6742
60.9834,520,1.6774
60.9876,521,1.6806
60.9919,522,1.6839
60.9962,521,1.6806
61.0005,521,1.6806
61.0048,521,1.6806
61.0091,521,1.6806
61.0133,521,1.6806
61.0176,519,1.6742
61.0220,520,1.6774
61.0262,520,1.6774
61.0306,520,1.6774
61.0349,520,1.6774
61.0392,520,1.6774
61.0435,521,1.6806
61.0478,521,1.6806
61.0521,521,1.6806
61.0564,521,1.6806
61.0607,522,1.6839
61.0649,523,1.6871
61.0692,522,1.6839
61.0735,523,1.6871
61.0778,523,1.6871
61.0821,527,1.7000
61.0864,530,1.7097
61.0907,534,1.7226
61.0950,537,1.7323
61.0993,539,1.7387
61.1036,541,1.7452
61.1078,541,1.7452
61.1121,541,1.7452
61.1164,541,1.7452
61.1207,540,1.7419
61.1250,539,1.7387
61.1293,537,1.7323
61.1336,533,1.7194
61.1379,527,1.7000
61.1421,524,1.6903
61.1465,521,1.6806
61.1508,517,1.6677
61.1551,517,1.6677
61.1594,517,1.6677
61.1637,518,1.6710
61.1680,519,1.6742
61.1723,518,1.6710
61.1766,518,1.6710
61.1809,518,1.6710
61.1852,517,1.6677
61.1894,518,1.6710
61.1938,518,1.6710
61.1981,518,1.6710
61.2024,517,1.6677
61.2067,518,1.6710
61.2109,517,1.6677
61.2152,516,1.6645
61.2196,516,1.6645
61.2238,516,1.6645
61.2281,516,1.6645
61.2324,514,1.6581
61.2367,507,1.6355
61.2410,500,1.6129
61.2453,495,1.5968
61.2496,504,1.6258
61.2539,528,1.7032
61.2582,565,1.8226
61.2625,610,1.9677
61.2668,650,2.0968
61.2711,671,2.1645
61.2754,659,2.1258
61.2797,622,2.0065
61.2840,578,1.8645
61.2883,534,1.7226
61.2926,505,1.6290
61.2970,491,1.5839
61.3013,488,1.5742
61.3056,493,1.5903
61.3099,499,1.6097
61.3142,501,1.6161
61.3185,504,1.6258
61.3228,506,1.6323
61.3271,506,1.6323
61.3314,506,1.6323
61.3356,506,1.6323
61.3399,507,1.6355
61.3443,507,1.6355
61.3486,507,1.6355
61.3529,506,1.6323
61.3572,506,1.6323
61.3615,506,1.6323
61.3658,505,1.6290
61.3701,506,1.6323
61.3744,506,1.6323
61.3787,506,1.6323
61.3829,508,1.6387
61.3872,508,1.6387
61.3915,508,1.6387
61.3958,508,1.6387
61.4001,508,1.6387
61.4044,508,1.6387
61.4087,508,1.6387
61.4130,509,1.6419
61.4173,509,1.6419
61.4244,511,1.6484
61.4289,511,1.6484
61.4332,511,1.6484
61.4376,512,1.6516
61.4419,510,1.6452
61.4462,510,1.6452
61.4505,511,1.6484
61.4548,511,1.6484
61.4591,511,1.6484
61.4634,510,1.6452
61.4677,510,1.6452
61.4720,512,1.6516
61.4763,514,1.6581
61.4806,517,1.6677
61.4849,519,1.6742
61.4892,524,1.6903
61.4935,527,1.7000
61.4978,528,1.7032
61.5021,532,1.7161
61.5064,536,1.7290
61.5106,538,1.7355
61.5149,541,1.7452
61.5192,544,1.7548
61.5234,546,1.7613
61.5277,547,1.7645
61.5319,548,1.7677
61.5362,548,1.7677
61.5405,548,1.7677
61.5447,550,1.7742
61.5490,549,1.7710
61.5533,550,1.7742
61.5576,549,1.7710
61.5619,547,1.7645
61.5661,545,1.7581
61.5704,543,1.7516
61.5746,540,1.7419
61.5789,536,1.7290
61.5831,534,1.7226
61.5874,531,1.7129
61.5917,527,1.7000
61.5959,523,1.6871
61.6002,519,1.6742
61.6045,516,1.6645
61.6088,513,1.6548
61.6131,509,1.6419
61.6174,507,1.6355
61.6217,503,1.6226
61.6260,501,1.6161
61.6303,500,1.6129
61.6346,499,1.6097
61.6389,499,1.6097
61.6432,499,1.6097
61.6475,499,1.6097
61.6518,499,1.6097
61.6561,499,1.6097
61.6604,500,1.6129
61.6647,501,1.6161
61.6690,501,1.6161
61.6733,501,1.6161
61.6776,502,1.6194
61.6819,502,1.6194
61.6862,502,1.6194
61.6905,503,1.6226
61.6948,503,1.6226
61.6991,503,1.6226
61.7033,504,1.6258
61.7076,504,1.6258
61.7119,503,1.6226
61.7163,503,1.6226
61.7216,503,1.6226
61.7260,504,1.6258
61.7303,505,1.6290
61.7346,506,1.6323
61.7389,505,1.6290
61.7432,506,1.6323
61.7475,507,1.6355
61.7518,507,1.6355
61.7563,507,1.6355
61.7606,507,1.6355
61.7649,508,1.6387
61.7691,509,1.6419
61.7734,510,1.6452
61.7777,509,1.6419
61.7820,510,1.6452
61.7863,510,1.6452
61.7906,510,1.6452
61.7949,510,1.6452
61.7992,510,1.6452
61.8034,511,1.6484
61.8077,510,1.6452
61.8120,511,1.6484
61.8162,510,1.6452
61.8205,511,1.6484
61.8247,511,1.6484
61.8290,512,1.6516
61.8332,512,1.6516
61.8375,512,1.6516
61.8418,513,1.6548
61.8461,512,1.6516
61.8503,510,1.6452
61.8546,511,1.6484
61.8589,511,1.6484
61.8631,511,1.6484
61.8674,511,1.6484
61.8716,512,1.6516
61.8759,512,1.6516
61.8801,512,1.6516
61.8844,513,1.6548
61.8886,512,1.6516
61.8929,513,1.6548
61.8972,513,1.6548
61.9014,513,1.6548
61.9057,514,1.6581
61.9100,514,1.6581
61.9143,514,1.6581
61.9187,515,1.6613
61.9230,515,1.6613
61.9272,516,1.6645
61.9315,515,1.6613
61.9358,516,1.6645
61.9402,516,1.6645
61.9444,516,1.6645
61.9488,516,1.6645
61.9530,516,1.6645
61.9573,516,1.6645
61.9616,515,1.6613
61.9659,515,1.6613
61.9702,517,1.6677
61.9745,516,1.6645
61.9788,516,1.6645
61.9831,517,1.6677
61.9874,517,1.6677
61.9917,517,1.6677
61.9960,517,1.6677
62.0003,517,1.6677
62.0046,517,1.6677
62.0089,518,1.6710
62.0132,518,1.6710
62.0175,517,1.6677
62.0218,517,1.6677
62.0261,517,1.6677
62.0304,517,1.6677
62.0347,518,1.6710
62.0390,519,1.6742
62.0432,519,1.6742
62.0475,518,1.6710
62.0518,517,1.6677
62.0561,517,1.6677
62.0604,517,1.6677
62.0648,517,1.6677
62.0690,519,1.6742
62.0734,518,1.6710
62.0776,518,1.6710
62.0819,516,1.6645
62.0862,518,1.6710
62.0905,518,1.6710
62.0948,518,1.6710
62.0991,518,1.6710
62.1034,519,1.6742
62.1077,518,1.6710
62.1120,518,1.6710
62.1162,518,1.6710
62.1205,517,1.6677
62.1248,518,1.6710
62.1291,518,1.6710
62.1334,518,1.6710
62.1377,518,1.6710
62.1420,518,1.6710
62.1463,518,1.6710
62.1506,519,1.6742
62.1549,518,1.6710
62.1592,519,1.6742
62.1635,519,1.6742
62.1678,518,1.6710
62.1721,518,1.6710
62.1764,518,1.6710
62.1807,518,1.6710
62.1850,517,1.6677
62.1893,518,1.6710
62.1936,519,1.6742
62.1979,519,1.6742
62.2022,519,1.6742
62.2065,519,1.6742
62.2108,519,1.6742
62.2151,519,1.6742
62.2196,520,1.6774
62.2239,520,1.6774
62.2282,520,1.6774
62.2325,520,1.6774
62.2368,520,1.6774
62.2411,519,1.6742
62.2455,518,1.6710
62.2497,520,1.6774
62.2540,519,1.6742
62.2584,519,1.6742
62.2626,517,1.6677
62.2670,519,1.6742
62.2713,519,1.6742
62.2755,519,1.6742
62.2798,518,1.6710
62.2841,518,1.6710
62.2884,518,1.6710
62.2927,518,1.6710
62.2970,518,1.6710
62.3013,519,1.6742
62.3056,519,1.6742
62.3099,519,1.6742
62.3142,520,1.6774
62.3202,520,1.6774
62.3246,520,1.6774
62.3291,519,1.6742
62.3334,519,1.6742
62.3377,520,1.6774
62.3420,520,1.6774
62.3463,521,1.6806
62.3506,520,1.6774
62.3549,520,1.6774
62.3592,521,1.6806
62.3635,520,1.6774
62.3678,519,1.6742
62.3721,520,1.6774
62.3764,520,1.6774
62.3807,519,1.6742
62.3850,520,1.6774
62.3893,521,1.6806
62.3936,520,1.6774
62.3979,519,1.6742
62.4022,519,1.6742
62.4065,519,1.6742
62.4108,519,1.6742
62.4151,519,1.6742
62.4194,520,1.6774
62.4236,519,1.6742
62.4279,519,1.6742
62.4322,519,1.6742
62.4364,518,1.6710
62.4407,519,1.6742
62.4450,520,1.6774
62.4496,519,1.6742
62.4539,519,1.6742
62.4582,517,1.6677
62.4625,517,1.6677
62.4667,517,1.6677
62.4710,519,1.6742
62.4753,518,1.6710
62.4795,518,1.6710
62.4838,519,1.6742
62.4880,520,1.6774
62.4923,520,1.6774
62.4966,519,1.6742
62.5008,519,1.6742
62.5051,519,1.6742
62.5095,519,1.6742
62.5138,519,1.6742
62.5181,519,1.6742
62.5224,519,1.6742
62.5267,518,1.6710
62.5310,518,1.6710
62.5353,519,1.6742
62.5396,521,1.6806
62.5439,521,1.6806
62.5481,521,1.6806
62.5524,521,1.6806
62.5567,521,1.6806
62.5610,521,1.6806
62.5653,521,1.6806
62.5696,520,1.6774
62.5739,521,1.6806
62.5782,520,1.6774
62.5825,519,1.6742
62.5868,521,1.6806
62.5911,525,1.6935
62.5954,529,1.7065
62.5997,531,1.7129
62.6040,534,1.7226
62.6082,537,1.7323
62.6125,540,1.7419
62.6168,540,1.7419
62.6213,540,1.7419
62.6256,540,1.7419
62.6300,537,1.7323
62.6344,536,1.7290
62.6387,533,1.7194
62.6431,531,1.7129
62.6474,527,1.7000
62.6517,524,1.6903
62.6560,519,1.6742
62.6603,516,1.6645
62.6646,515,1.6613
62.6689,515,1.6613
62.6732,515,1.6613
62.6775,517,1.6677
62.6818,517,1.6677
62.6861,517,1.6677
62.6904,517,1.6677
62.6947,517,1.6677
62.6990,516,1.6645
62.7033,517,1.6677
62.7077,517,1.6677
62.7120,517,1.6677
62.7162,518,1.6710
62.7205,518,1.6710
62.7248,517,1.6677
62.7291,517,1.6677
62.7334,518,1.6710
62.7376,518,1.6710
62.7419,514,1.6581
62.7462,508,1.6387
62.7504,502,1.6194
62.7547,498,1.6065
62.7590,507,1.6355
62.7632,531,1.7129
62.7675,569,1.8355
62.7718,614,1.9806
62.7761,653,2.1065
62.7803,672,2.1677
62.7846,660,2.1290
62.7889,624,2.0129
62.7932,577,1.8613
62.7974,534,1.7226
62.8017,505,1.6290
62.8060,492,1.5871
62.8102,489,1.5774
62.8145,493,1.5903
62.8188,500,1.6129
62.8231,504,1.6258
62.8275,507,1.6355
62.8318,506,1.6323
62.8361,506,1.6323
62.8404,505,1.6290
62.8447,506,1.6323
62.8490,506,1.6323
62.8533,506,1.6323
62.8576,508,1.6387
62.8618,508,1.6387
62.8661,508,1.6387
62.8705,508,1.6387
62.8748,507,1.6355
62.8791,508,1.6387
62.8834,507,1.6355
62.8877,508,1.6387
62.8920,508,1.6387
62.8963,507,1.6355
62.9006,505,1.6290
62.9049,507,1.6355
62.9092,508,1.6387
62.9135,509,1.6419
62.9178,508,1.6387
62.9221,509,1.6419
62.9264,509,1.6419
62.9307,510,1.6452
62.9350,511,1.6484
62.9393,510,1.6452
62.9436,510,1.6452
62.9479,510,1.6452
62.9522,510,1.6452
62.9565,511,1.6484
62.9608,511,1.6484
62.9651,511,1.6484
62.9694,511,1.6484
62.9737,510,1.6452
62.9780,511,1.6484
62.9823,512,1.6516
62.9866,515,1.6613
62.9909,519,1.6742
62.9952,521,1.6806
62.9995,523,1.6871
63.0038,528,1.7032
63.0081,530,1.7097
63.0124,534,1.7226
63.0167,538,1.7355
63.0211,541,1.7452
63.0254,544,1.7548
63.0297,546,1.7613
63.0340,548,1.7677
63.0383,547,1.7645
63.0426,549,1.7710
63.0469,550,1.7742
63.0512,550,1.7742
63.0555,551,1.7774
63.0598,551,1.7774
63.0641,549,1.7710
63.0684,549,1.7710
63.0727,547,1.7645
63.0771,546,1.7613
63.0814,543,1.7516
63.0856,539,1.7387
63.0899,537,1.7323
63.0944,532,1.7161
63.0987,527,1.7000
63.1030,523,1.6871
63.1073,521,1.6806
63.1116,519,1.6742
63.1159,516,1.6645
63.1202,513,1.6548
63.1245,510,1.6452
63.1288,507,1.6355
63.1331,503,1.6226
63.1374,501,1.6161
63.1417,498,1.6065
63.1460,499,1.6097
63.1503,499,1.6097
63.1546,500,1.6129
63.1589,501,1.6161
63.1632,502,1.6194
63.1675,504,1.6258
63.1718,505,1.6290
63.1761,504,1.6258
63.1804,504,1.6258
63.1847,504,1.6258
63.1890,505,1.6290
63.1933,505,1.6290
63.1976,504,1.6258
63.2019,504,1.6258
63.2062,503,1.6226
63.2105,504,1.6258
63.2148,504,1.6258
63.2191,505,1.6290
63.2250,504,1.6258
63.2294,506,1.6323
63.2337,505,1.6290
63.2380,506,1.6323
63.2423,505,1.6290
63.2466,506,1.6323
63.2509,505,1.6290
63.2552,507,1.6355
63.2595,507,1.6355
63.2638,507,1.6355
63.2681,507,1.6355
63.2724,509,1.6419
63.2767,508,1.6387
63.2810,508,1.6387
63.2853,510,1.6452
63.2896,509,1.6419
63.2939,510,1.6452
63.2982,510,1.6452
63.3025,511,1.6484
63.3068,511,1.6484
63.3111,510,1.6452
63.3154,510,1.6452
63.3197,510,1.6452
63.3240,510,1.6452
63.3283,511,1.6484
63.3326,511,1.6484
63.3368,510,1.6452
63.3411,511,1.6484
63.3454,512,1.6516
63.3496,513,1.6548
63.3539,513,1.6548
63.3581,512,1.6516
63.3624,511,1.6484
63.3667,512,1.6516
63.3710,512,1.6516
63.3752,513,1.6548
63.3795,512,1.6516
63.3838,512,1.6516
63.3881,513,1.6548
63.3923,512,1.6516
63.3966,512,1.6516
63.4008,512,1.6516
63.4051,514,1.6581
63.4094,514,1.6581
63.4136,515,1.6613
63.4180,513,1.6548
63.4223,514,1.6581
63.4266,515,1.6613
63.4309,515,1.6613
63.4352,515,1.6613
63.4395,515,1.6613
63.4438,516,1.6645
63.4481,515,1.6613
63.4524,516,1.6645
63.4567,515,1.6613
63.4610,515,1.6613
63.4653,515,1.6613
63.4696,516,1.6645
63.4739,515,1.6613
63.4782,515,1.6613
63.4825,514,1.6581
63.4868,515,1.6613
63.4911,514,1.6581
63.4954,515,1.6613
63.4997,515,1.6613
63.5039,515,1.6613
63.5082,515,1.6613
63.5126,515,1.6613
63.5169,516,1.6645
63.5213,517,1.6677
63.5257,516,1.6645
63.5301,517,1.6677
63.5344,516,1.6645
63.5387,515,1.6613
63.5434,515,1.6613
63.5478,517,1.6677
63.5521,517,1.6677
63.5564,517,1.6677
63.5607,515,1.6613
63.5650,516,1.6645
63.5693,516,1.6645
63.5736,516,1.6645
63.5780,516,1.6645
63.5823,517,1.6677
63.5866,517,1.6677
63.5909,517,1.6677
63.5952,516,1.6645
63.5995,517,1.6677
63.6038,517,1.6677
63.6081,518,1.6710
63.6124,518,1.6710
63.6168,517,1.6677
63.6212,517,1.6677
63.6260,518,1.6710
63.6304,518,1.6710
63.6347,519,1.6742
63.6389,517,1.6677
63.6432,518,1.6710
63.6475,518,1.6710
63.6518,517,1.6677
63.6560,518,1.6710
63.6603,518,1.6710
63.6646,518,1.6710
63.6688,518,1.6710
63.6731,520,1.6774
63.6774,520,1.6774
63.6817,520,1.6774
63.6860,521,1.6806
63.6902,520,1.6774
63.6946,520,1.6774
63.6988,520,1.6774
63.7031,519,1.6742
63.7073,518,1.6710
63.7116,518,1.6710
63.7159,517,1.6677
63.7202,519,1.6742
63.7244,519,1.6742
63.7288,520,1.6774
63.7331,519,1.6742
63.7373,519,1.6742
63.7416,520,1.6774
63.7459,521,1.6806
63.7501,521,1.6806
63.7545,520,1.6774
63.7587,521,1.6806
63.7630,519,1.6742
63.7672,520,1.6774
63.7715,520,1.6774
63.7758,520,1.6774
63.7801,520,1.6774
63.7844,520,1.6774
63.7887,521,1.6806
63.7929,521,1.6806
63.7972,519,1.6742
63.8015,520,1.6774
63.8057,521,1.6806
63.8100,521,1.6806
63.8150,521,1.6806
63.8193,521,1.6806
63.8238,521,1.6806
63.8281,520,1.6774
63.8324,520,1.6774
63.8367,519,1.6742
63.8410,519,1.6742
63.8452,520,1.6774
63.8495,518,1.6710
63.8538,518,1.6710
63.8581,518,1.6710
63.8623,519,1.6742
63.8666,521,1.6806
63.8709,521,1.6806
63.8751,520,1.6774
63.8794,520,1.6774
63.8837,520,1.6774
63.8879,521,1.6806
63.8928,521,1.6806
63.8971,521,1.6806
63.9014,521,1.6806
63.9056,520,1.6774
63.9099,522,1.6839
63.9142,521,1.6806
63.9185,520,1.6774
63.9228,520,1.6774
63.9271,521,1.6806
63.9314,521,1.6806
63.9357,520,1.6774
63.9400,520,1.6774
63.9442,519,1.6742
63.9485,520,1.6774
63.9528,520,1.6774
63.9570,520,1.6774
63.9613,520,1.6774
63.9656,520,1.6774
63.9699,520,1.6774
63.9748,519,1.6742
63.9791,520,1.6774
63.9834,521,1.6806
63.9876,520,1.6774
63.9919,520,1.6774
63.9962,520,1.6774
64.0005,518,1.6710
64.0047,520,1.6774
64.0090,520,1.6774
64.0133,520,1.6774
64.0175,520,1.6774
64.0218,520,1.6774
64.0261,520,1.6774
64.0304,519,1.6742
64.0347,519,1.6742
64.0390,519,1.6742
64.0433,520,1.6774
64.0475,520,1.6774
64.0518,520,1.6774
64.0561,520,1.6774
64.0604,520,1.6774
64.0646,521,1.6806
64.0689,521,1.6806
64.0732,520,1.6774
64.0774,521,1.6806
64.0817,521,1.6806
64.0860,522,1.6839
64.0903,523,1.6871
64.0945,527,1.7000
64.0988,531,1.7129
64.1031,534,1.7226
64.1074,538,1.7355
64.1116,538,1.7355
64.1159,541,1.7452
64.1202,541,1.7452
64.1246,539,1.7387
64.1290,539,1.7387
64.1333,538,1.7355
64.1379,536,1.7290
64.1422,536,1.7290
64.1465,533,1.7194
64.1507,530,1.7097
64.1550,525,1.6935
64.1593,522,1.6839
64.1636,518,1.6710
64.1678,514,1.6581
64.1721,514,1.6581
64.1764,515,1.6613
64.1807,514,1.6581
64.1850,516,1.6645
64.1893,515,1.6613
64.1936,516,1.6645
64.1978,515,1.6613
64.2021,516,1.6645
64.2064,516,1.6645
64.2107,516,1.6645
64.2188,517,1.6677
64.2239,517,1.6677
64.2283,518,1.6710
64.2326,518,1.6710
64.2368,518,1.6710
64.2411,518,1.6710
64.2454,517,1.6677
64.2497,514,1.6581
64.2539,507,1.6355
64.2582,499,1.6097
64.2625,497,1.6032
64.2668,508,1.6387
64.2710,535,1.7258
64.2753,575,1.8548
64.2796,621,2.0032
64.2839,657,2.1194
64.2882,672,2.1677
64.2924,653,2.1065
64.2967,615,1.9839
64.3015,560,1.8065
64.3058,521,1.6806
64.3100,497,1.6032
64.3143,489,1.5774
64.3186,488,1.5742
64.3229,495,1.5968
64.3275,500,1.6129
64.3318,503,1.6226
64.3361,506,1.6323
64.3403,505,1.6290
64.3446,504,1.6258
64.3489,504,1.6258
64.3532,505,1.6290
64.3574,506,1.6323
64.3617,506,1.6323
64.3659,505,1.6290
64.3702,506,1.6323
64.3745,506,1.6323
64.3788,505,1.6290
64.3831,506,1.6323
64.3874,506,1.6323
64.3917,508,1.6387
64.3959,509,1.6419
64.4002,508,1.6387
64.4045,508,1.6387
64.4088,508,1.6387
64.4130,508,1.6387
64.4173,508,1.6387
64.4217,508,1.6387
64.4261,509,1.6419
64.4305,509,1.6419
64.4348,509,1.6419
64.4390,510,1.6452
64.4433,510,1.6452
64.4476,509,1.6419
64.4519,510,1.6452
64.4561,510,1.6452
64.4604,510,1.6452
64.4646,510,1.6452
64.4689,511,1.6484
64.4732,512,1.6516
64.4775,512,1.6516
64.4818,513,1.6548
64.4861,513,1.6548
64.4908,513,1.6548
64.4951,516,1.6645
64.4994,520,1.6774
64.5036,524,1.6903
64.5079,527,1.7000
64.5122,528,1.7032
64.5165,531,1.7129
64.5208,536,1.7290
64.5251,539,1.7387
64.5293,543,1.7516
64.5337,545,1.7581
64.5379,547,1.7645
64.5422,549,1.7710
64.5465,550,1.7742
64.5507,550,1.7742
64.5550,552,1.7806
64.5593,552,1.7806
64.5636,552,1.7806
64.5678,551,1.7774
64.5726,549,1.7710
64.5769,547,1.7645
64.5812,545,1.7581
64.5855,543,1.7516
64.5897,542,1.7484
64.5940,538,1.7355
64.5983,537,1.7323
64.6026,534,1.7226
64.6068,530,1.7097
64.6111,526,1.6968
64.6154,521,1.6806
64.6197,518,1.6710
64.6239,514,1.6581
64.6282,511,1.6484
64.6325,508,1.6387
64.6368,506,1.6323
64.6411,503,1.6226
64.6453,499,1.6097
64.6496,500,1.6129
64.6539,500,1.6129
64.6582,500,1.6129
64.6624,500,1.6129
64.6667,502,1.6194
64.6710,502,1.6194
64.6753,502,1.6194
64.6797,502,1.6194
64.6840,502,1.6194
64.6883,502,1.6194
64.6926,504,1.6258
64.6969,502,1.6194
64.7012,504,1.6258
64.7054,504,1.6258
64.7097,506,1.6323
64.7139,505,1.6290
64.7183,505,1.6290
64.7225,505,1.6290
64.7268,506,1.6323
64.7311,505,1.6290
64.7354,505,1.6290
64.7396,506,1.6323
64.7439,506,1.6323
64.7482,507,1.6355
64.7524,507,1.6355
64.7568,507,1.6355
64.7610,506,1.6323
64.7653,506,1.6323
64.7695,508,1.6387
64.7738,508,1.6387
64.7781,508,1.6387
64.7824,507,1.6355
64.7867,507,1.6355
64.7910,508,1.6387
64.7952,507,1.6355
64.7995,507,1.6355
64.8038,507,1.6355
64.8081,508,1.6387
64.8123,510,1.6452
64.8166,510,1.6452
64.8209,511,1.6484
64.8252,510,1.6452
64.8295,510,1.6452
64.8338,510,1.6452
64.8381,511,1.6484
64.8424,511,1.6484
64.8467,511,1.6484
64.8509,512,1.6516
64.8552,512,1.6516
64.8595,512,1.6516
64.8638,511,1.6484
64.8681,512,1.6516
64.8723,512,1.6516
64.8766,512,1.6516
64.8811,512,1.6516
64.8854,511,1.6484
64.8897,512,1.6516
64.8939,512,1.6516
64.8982,512,1.6516
64.9025,512,1.6516
64.9068,513,1.6548
64.9110,513,1.6548
64.9154,513,1.6548
64.9197,514,1.6581
64.9240,514,1.6581
64.9282,514,1.6581
64.9325,515,1.6613
64.9368,516,1.6645
64.9411,514,1.6581
64.9454,515,1.6613
64.9496,515,1.6613
64.9539,514,1.6581
64.9582,514,1.6581
64.9625,515,1.6613
64.9667,516,1.6645
64.9710,515,1.6613
64.9753,515,1.6613
64.9795,515,1.6613
64.9838,516,1.6645
64.9881,516,1.6645
64.9924,516,1.6645
64.9970,515,1.6613
65.0013,516,1.6645
65.0055,516,1.6645
65.0098,517,1.6677
65.0140,517,1.6677
65.0183,517,1.6677
65.0247,518,1.6710
65.0290,517,1.6677
65.0333,518,1.6710
65.0382,517,1.6677
65.0425,518,1.6710
65.0468,516,1.6645
65.0510,517,1.6677
65.0558,517,1.6677
65.0602,516,1.6645
65.0647,516,1.6645
65.0692,516,1.6645
65.0737,518,1.6710
65.0783,518,1.6710
65.0828,518,1.6710
65.0871,518,1.6710
65.0914,519,1.6742
65.0957,519,1.6742
65.0999,519,1.6742
65.1042,519,1.6742
65.1085,518,1.6710
65.1127,518,1.6710
65.1170,517,1.6677
65.1213,518,1.6710
65.1255,518,1.6710
65.1298,517,1.6677
65.1341,518,1.6710
65.1383,518,1.6710
65.1426,518,1.6710
65.1468,519,1.6742
65.1511,519,1.6742
65.1553,519,1.6742
65.1595,518,1.6710
65.1638,520,1.6774
65.1680,519,1.6742
65.1723,519,1.6742
65.1765,520,1.6774
65.1808,520,1.6774
65.1850,520,1.6774
65.1893,520,1.6774
65.1935,520,1.6774
65.1978,520,1.6774
65.2020,521,1.6806
65.2063,520,1.6774
65.2105,521,1.6806
65.2147,521,1.6806
65.2190,522,1.6839
65.2232,522,1.6839
65.2275,522,1.6839
65.2318,521,1.6806
65.2360,520,1.6774
65.2403,520,1.6774
65.2446,519,1.6742
65.2489,520,1.6774
65.2532,520,1.6774
65.2575,519,1.6742
65.2618,520,1.6774
65.2661,520,1.6774
65.2704,520,1.6774
65.2747,520,1.6774
65.2790,519,1.6742
65.2833,520,1.6774
65.2876,519,1.6742
65.2919,519,1.6742
65.2962,519,1.6742
65.3005,518,1.6710
65.3048,519,1.6742
65.3091,520,1.6774
65.3134,520,1.6774
65.3177,520,1.6774
65.3221,520,1.6774
65.3265,520,1.6774
65.3309,520,1.6774
65.3351,520,1.6774
65.3394,519,1.6742
65.3438,520,1.6774
65.3481,520,1.6774
65.3524,519,1.6742
65.3567,519,1.6742
65.3610,519,1.6742
65.3653,520,1.6774
65.3696,521,1.6806
65.3739,520,1.6774
65.3782,521,1.6806
65.3825,520,1.6774
65.3868,521,1.6806
65.3911,522,1.6839
65.3954,520,1.6774
65.3997,521,1.6806
65.4040,520,1.6774
65.4083,520,1.6774
65.4126,521,1.6806
65.4169,520,1.6774
65.4212,521,1.6806
65.4255,520,1.6774
65.4299,521,1.6806
65.4343,521,1.6806
65.4386,521,1.6806
65.4430,521,1.6806
65.4473,521,1.6806
65.4516,519,1.6742
65.4559,521,1.6806
65.4602,521,1.6806
65.4645,522,1.6839
65.4688,522,1.6839
65.4731,521,1.6806
65.4774,521,1.6806
65.4817,520,1.6774
65.4860,520,1.6774
65.4903,521,1.6806
65.4946,520,1.6774
65.4990,520,1.6774
65.5033,521,1.6806
65.5075,522,1.6839
65.5118,522,1.6839
65.5162,522,1.6839
65.5205,521,1.6806
65.5248,520,1.6774
65.5291,520,1.6774
65.5334,521,1.6806
65.5377,521,1.6806
65.5420,521,1.6806
65.5463,521,1.6806
65.5506,522,1.6839
65.5549,521,1.6806
65.5592,521,1.6806
65.5635,521,1.6806
65.5678,519,1.6742
65.5721,520,1.6774
65.5765,520,1.6774
65.5807,520,1.6774
65.5850,520,1.6774
65.5893,519,1.6742
65.5936,520,1.6774
65.5980,521,1.6806
65.6022,523,1.6871
65.6065,527,1.7000
65.6108,530,1.7097
65.6151,534,1.7226
65.6194,535,1.7258
65.6237,538,1.7355
65.6280,539,1.7387
65.6323,541,1.7452
65.6366,541,1.7452
65.6410,540,1.7419
65.6453,537,1.7323
65.6496,535,1.7258
65.6539,532,1.7161
65.6582,529,1.7065
65.6625,525,1.6935
65.6668,521,1.6806
65.6711,518,1.6710
65.6754,516,1.6645
65.6797,515,1.6613
65.6840,515,1.6613
65.6883,515,1.6613
65.6926,516,1.6645
65.6969,516,1.6645
65.7012,516,1.6645
65.7055,516,1.6645
65.7098,515,1.6613
65.7141,516,1.6645
65.7183,515,1.6613
65.7227,516,1.6645
65.7270,516,1.6645
65.7313,516,1.6645
65.7356,516,1.6645
65.7399,515,1.6613
65.7443,514,1.6581
65.7486,515,1.6613
65.7528,514,1.6581
65.7571,507,1.6355
65.7615,500,1.6129
65.7658,495,1.5968
65.7701,502,1.6194
65.7744,523,1.6871
65.7787,558,1.8000
65.7830,600,1.9355
65.7873,644,2.0774
65.7917,669,2.1581
65.7960,660,2.1290
65.8003,628,2.0258
65.8046,582,1.8774
65.8089,537,1.7323
65.8132,506,1.6323
65.8175,492,1.5871
65.8218,488,1.5742
65.8261,492,1.5871
65.8304,498,1.6065
65.8347,502,1.6194
65.8390,504,1.6258
65.8433,505,1.6290
65.8476,505,1.6290
65.8519,505,1.6290
65.8562,505,1.6290
65.8605,505,1.6290
65.8648,505,1.6290
65.8691,505,1.6290
65.8734,506,1.6323
65.8777,507,1.6355
65.8821,507,1.6355
65.8864,508,1.6387
65.8907,508,1.6387
65.8950,508,1.6387
65.8993,508,1.6387
65.9036,508,1.6387
65.9079,509,1.6419
65.9122,509,1.6419
65.9165,509,1.6419
65.9209,509,1.6419
65.9253,509,1.6419
65.9297,510,1.6452
65.9340,510,1.6452
65.9383,511,1.6484
65.9426,509,1.6419
65.9470,509,1.6419
65.9513,509,1.6419
65.9557,508,1.6387
65.9599,509,1.6419
65.9643,509,1.6419
65.9686,508,1.6387
65.9729,509,1.6419
65.9772,510,1.6452
65.9815,510,1.6452
65.9862,512,1.6516
65.9905,513,1.6548
65.9949,514,1.6581
65.9992,517,1.6677
66.0035,521,1.6806
66.0078,523,1.6871
66.0121,526,1.6968
66.0164,529,1.7065
66.0207,532,1.7161
66.0250,536,1.7290
66.0293,538,1.7355
66.0336,540,1.7419
66.0379,543,1.7516
66.0422,544,1.7548
66.0465,546,1.7613
66.0508,546,1.7613
66.0551,547,1.7645
66.0594,550,1.7742
66.0637,550,1.7742
66.0681,551,1.7774
66.0724,552,1.7806
66.0767,549,1.7710
66.0810,547,1.7645
66.0853,544,1.7548
66.0896,542,1.7484
66.0939,542,1.7484
66.0982,539,1.7387
66.1025,534,1.7226
66.1068,532,1.7161
66.1111,529,1.7065
66.1154,524,1.6903
66.1197,521,1.6806
66.1240,518,1.6710
66.1283,513,1.6548
66.1326,511,1.6484
66.1369,508,1.6387
66.1412,506,1.6323
66.1455,502,1.6194
66.1499,500,1.6129
66.1542,501,1.6161
66.1585,502,1.6194
66.1628,503,1.6226
66.1671,503,1.6226
66.1714,502,1.6194
66.1757,501,1.6161
66.1800,502,1.6194
66.1843,502,1.6194
66.1886,503,1.6226
66.1929,503,1.6226
66.1972,503,1.6226
66.2015,503,1.6226
66.2058,504,1.6258
66.2101,504,1.6258
66.2144,505,1.6290
66.2188,505,1.6290
66.2231,505,1.6290
66.2275,505,1.6290
66.2319,504,1.6258
66.2362,503,1.6226
66.2405,504,1.6258
66.2448,504,1.6258
66.2491,506,1.6323
66.2534,505,1.6290
66.2577,506,1.6323
66.2620,505,1.6290
66.2663,506,1.6323
66.2706,506,1.6323
66.2749,508,1.6387
66.2792,507,1.6355
66.2835,508,1.6387
66.2878,508,1.6387
66.2921,510,1.6452
66.2965,510,1.6452
66.3008,510,1.6452
66.3050,510,1.6452
66.3093,511,1.6484
66.3137,512,1.6516
66.3179,511,1.6484
66.3222,510,1.6452
66.3265,510,1.6452
66.3309,510,1.6452
66.3352,512,1.6516
66.3395,512,1.6516
66.3438,512,1.6516
66.3481,512,1.6516
66.3524,512,1.6516
66.3567,512,1.6516
66.3610,512,1.6516
66.3653,513,1.6548
66.3696,513,1.6548
66.3739,513,1.6548
66.3782,513,1.6548
66.3825,512,1.6516
66.3868,512,1.6516
66.3911,512,1.6516
66.3954,512,1.6516
66.3997,512,1.6516
66.4040,512,1.6516
66.4083,513,1.6548
66.4126,513,1.6548
66.4169,514,1.6581
66.4212,512,1.6516
66.4255,511,1.6484
66.4298,511,1.6484
66.4343,513,1.6548
66.4386,514,1.6581
66.4429,515,1.6613
66.4472,516,1.6645
66.4515,516,1.6645
66.4558,516,1.6645
66.4601,516,1.6645
66.4644,516,1.6645
66.4687,516,1.6645
66.4730,516,1.6645
66.4773,516,1.6645
66.4816,515,1.6613
66.4859,515,1.6613
66.4902,516,1.6645
66.4945,516,1.6645
66.4989,517,1.6677
66.5032,516,1.6645
66.5074,517,1.6677
66.5117,517,1.6677
66.5160,517,1.6677
66.5203,518,1.6710
66.5246,519,1.6742
66.5289,517,1.6677
66.5332,517,1.6677
66.5375,516,1.6645
66.5418,517,1.6677
66.5461,516,1.6645
66.5504,516,1.6645
66.5547,516,1.6645
66.5591,516,1.6645
66.5633,516,1.6645
66.5676,516,1.6645
66.5719,516,1.6645
66.5762,516,1.6645
66.5805,516,1.6645
66.5848,516,1.6645
66.5891,516,1.6645
66.5934,518,1.6710
66.5977,518,1.6710
66.6020,518,1.6710
66.6063,518,1.6710
66.6106,518,1.6710
66.6149,518,1.6710
66.6192,518,1.6710
66.6235,517,1.6677
66.6278,517,1.6677
66.6321,518,1.6710
66.6364,518,1.6710
66.6407,519,1.6742
66.6450,521,1.6806
66.6493,522,1.6839
66.6536,521,1.6806
66.6579,521,1.6806
66.6622,520,1.6774
66.6665,520,1.6774
66.6708,520,1.6774
66.6751,520,1.6774
66.6794,520,1.6774
66.6837,519,1.6742
66.6880,519,1.6742
66.6923,518,1.6710
66.6966,517,1.6677
66.7009,518,1.6710
66.7052,519,1.6742
66.7095,520,1.6774
66.7138,520,1.6774
66.7181,520,1.6774
66.7224,519,1.6742
66.7267,518,1.6710
66.7310,519,1.6742
66.7353,519,1.6742
66.7396,519,1.6742
66.7439,518,1.6710
66.7482,519,1.6742
66.7526,519,1.6742
66.7569,519,1.6742
66.7612,518,1.6710
66.7655,518,1.6710
66.7698,518,1.6710
66.7741,519,1.6742
66.7784,519,1.6742
66.7827,520,1.6774
66.7870,520,1.6774
66.7913,520,1.6774
66.7956,520,1.6774
66.7999,519,1.6742
66.8042,518,1.6710
66.8085,519,1.6742
66.8128,519,1.6742
66.8171,518,1.6710
66.8215,520,1.6774
66.8259,521,1.6806
66.8304,521,1.6806
66.8346,520,1.6774
66.8389,520,1.6774
66.8433,519,1.6742
66.8476,519,1.6742
66.8520,519,1.6742
66.8563,521,1.6806
66.8606,521,1.6806
66.8649,520,1.6774
66.8692,520,1.6774
66.8735,520,1.6774
66.8777,519,1.6742
66.8820,519,1.6742
66.8863,518,1.6710
66.8906,518,1.6710
66.8949,519,1.6742
66.8992,519,1.6742
66.9035,518,1.6710
66.9078,519,1.6742
66.9121,519,1.6742
66.9164,519,1.6742
66.9207,520,1.6774
66.9250,519,1.6742
66.9293,519,1.6742
66.9336,520,1.6774
66.9379,521,1.6806
66.9422,521,1.6806
66.9465,521,1.6806
66.9509,520,1.6774
66.9552,520,1.6774
66.9595,520,1.6774
66.9638,520,1.6774
66.9682,519,1.6742
66.9725,520,1.6774
66.9768,520,1.6774
66.9812,520,1.6774
66.9855,520,1.6774
66.9898,521,1.6806
66.9942,521,1.6806
66.9986,520,1.6774
67.0029,519,1.6742
67.0072,520,1.6774
67.0116,519,1.6742
67.0159,519,1.6742
67.0202,519,1.6742
67.0245,519,1.6742
67.0289,520,1.6774
67.0332,520,1.6774
67.0375,520,1.6774
67.0419,520,1.6774
67.0462,520,1.6774
67.0506,520,1.6774
67.0549,520,1.6774
67.0592,519,1.6742
67.0635,518,1.6710
67.0678,519,1.6742
67.0721,520,1.6774
67.0764,520,1.6774
67.0807,521,1.6806
67.0850,521,1.6806
67.0893,519,1.6742
67.0935,519,1.6742
67.0978,519,1.6742
67.1021,519,1.6742
67.1064,520,1.6774
67.1107,523,1.6871
67.1150,528,1.7032
67.1193,531,1.7129
67.1238,533,1.7194
67.1281,535,1.7258
67.1325,538,1.7355
67.1368,539,1.7387
67.1411,540,1.7419
67.1455,539,1.7387
67.1498,538,1.7355
67.1542,538,1.7355
67.1586,536,1.7290
67.1629,533,1.7194
67.1672,529,1.7065
67.1716,526,1.6968
67.1759,521,1.6806
67.1802,518,1.6710
67.1846,515,1.6613
67.1889,515,1.6613
67.1933,515,1.6613
67.1976,515,1.6613
67.2019,515,1.6613
67.2063,516,1.6645
67.2106,516,1.6645
67.2149,515,1.6613
67.2193,516,1.6645
67.2236,517,1.6677
67.2279,517,1.6677
67.2323,518,1.6710
67.2366,517,1.6677
67.2409,517,1.6677
67.2452,516,1.6645
67.2496,516,1.6645
67.2539,515,1.6613
67.2583,516,1.6645
67.2625,515,1.6613
67.2668,510,1.6452
67.2711,501,1.6161
67.2754,495,1.5968
67.2797,500,1.6129
67.2840,521,1.6806
67.2883,556,1.7935
67.2926,600,1.9355
67.2969,643,2.0742
67.3012,669,2.1581
67.3055,666,2.1484
67.3098,635,2.0484
67.3141,589,1.9000
67.3184,542,1.7484
67.3227,510,1.6452
67.3270,493,1.5903
67.3313,489,1.5774
67.3356,491,1.5839
67.3399,498,1.6065
67.3442,502,1.6194
67.3485,504,1.6258
67.3528,504,1.6258
67.3572,505,1.6290
67.3615,505,1.6290
67.3659,505,1.6290
67.3702,505,1.6290
67.3746,506,1.6323
67.3790,506,1.6323
67.3833,507,1.6355
67.3876,508,1.6387
67.3920,507,1.6355
67.3963,505,1.6290
67.4006,506,1.6323
67.4050,506,1.6323
67.4093,508,1.6387
67.4136,508,1.6387
67.4180,508,1.6387
67.4223,509,1.6419
67.4266,510,1.6452
67.4310,509,1.6419
67.4353,509,1.6419
67.4396,510,1.6452
67.4440,509,1.6419
67.4483,510,1.6452
67.4526,510,1.6452
67.4570,511,1.6484
67.4613,510,1.6452
67.4656,512,1.6516
67.4699,511,1.6484
67.4742,511,1.6484
67.4785,512,1.6516
67.4828,513,1.6548
67.4871,513,1.6548
67.4914,512,1.6516
67.4957,513,1.6548
67.5000,513,1.6548
67.5043,513,1.6548
67.5086,516,1.6645
67.5129,520,1.6774
67.5172,523,1.6871
67.5215,524,1.6903
67.5258,529,1.7065
67.5301,532,1.7161
67.5344,534,1.7226
67.5387,538,1.7355
67.5430,541,1.7452
67.5473,543,1.7516
67.5516,546,1.7613
67.5559,547,1.7645
67.5603,549,1.7710
67.5646,549,1.7710
67.5689,551,1.7774
67.5733,553,1.7839
67.5776,552,1.7806
67.5820,551,1.7774
67.5863,550,1.7742
67.5906,548,1.7677
67.5949,547,1.7645
67.5993,545,1.7581
67.6036,542,1.7484
67.6079,539,1.7387
67.6123,536,1.7290
67.6166,533,1.7194
67.6210,529,1.7065
67.6253,525,1.6935
67.6296,522,1.6839
67.6339,519,1.6742
67.6383,515,1.6613
67.6426,511,1.6484
67.6469,509,1.6419
67.6513,506,1.6323
67.6556,504,1.6258
67.6599,502,1.6194
67.6643,502,1.6194
67.6686,502,1.6194
67.6729,502,1.6194
67.6772,501,1.6161
67.6815,502,1.6194
67.6858,503,1.6226
67.6901,503,1.6226
67.6944,503,1.6226
67.6987,503,1.6226
67.7030,505,1.6290
67.7073,505,1.6290
67.7116,505,1.6290
67.7159,506,1.6323
67.7202,506,1.6323
67.7248,507,1.6355
67.7292,506,1.6323
67.7335,506,1.6323
67.7378,507,1.6355
67.7421,506,1.6323
67.7464,508,1.6387
67.7508,508,1.6387
67.7555,508,1.6387
67.7598,508,1.6387
67.7641,507,1.6355
67.7684,506,1.6323
67.7727,506,1.6323
67.7770,507,1.6355
67.7813,506,1.6323
67.7856,506,1.6323
67.7899,506,1.6323
67.7942,507,1.6355
67.7986,508,1.6387
67.8029,508,1.6387
67.8072,508,1.6387
67.8115,508,1.6387
67.8158,508,1.6387
67.8201,509,1.6419
67.8244,508,1.6387
67.8287,510,1.6452
67.8329,511,1.6484
67.8372,510,1.6452
67.8415,511,1.6484
67.8458,511,1.6484
67.8501,510,1.6452
67.8544,511,1.6484
67.8587,511,1.6484
67.8630,510,1.6452
67.8673,511,1.6484
67.8716,510,1.6452
67.8759,510,1.6452
67.8802,511,1.6484
67.8845,512,1.6516
67.8888,512,1.6516
67.8931,512,1.6516
67.8974,513,1.6548
67.9017,513,1.6548
67.9060,513,1.6548
67.9103,515,1.6613
67.9146,514,1.6581
67.9189,513,1.6548
67.9232,512,1.6516
67.9275,513,1.6548
67.9318,513,1.6548
67.9361,514,1.6581
67.9404,514,1.6581
67.9446,513,1.6548
67.9490,513,1.6548
67.9533,514,1.6581
67.9576,515,1.6613
67.9619,515,1.6613
67.9662,514,1.6581
67.9706,514,1.6581
67.9749,515,1.6613
67.9792,516,1.6645
67.9836,514,1.6581
67.9879,514,1.6581
67.9923,513,1.6548
67.9966,514,1.6581
68.0009,515,1.6613
68.0052,515,1.6613
68.0096,517,1.6677
68.0139,516,1.6645
68.0183,516,1.6645
68.0228,515,1.6613
68.0272,515,1.6613
68.0316,515,1.6613
68.0360,516,1.6645
68.0403,516,1.6645
68.0446,516,1.6645
68.0490,517,1.6677
68.0534,516,1.6645
68.0578,516,1.6645
68.0621,517,1.6677
68.0664,517,1.6677
68.0707,517,1.6677
68.0750,516,1.6645
68.0793,517,1.6677
68.0836,516,1.6645
68.0879,516,1.6645
68.0922,516,1.6645
68.0965,517,1.6677
68.1008,517,1.6677
68.1051,517,1.6677
68.1094,517,1.6677
68.1138,518,1.6710
68.1180,517,1.6677
68.1223,516,1.6645
68.1266,516,1.6645
68.1309,516,1.6645
68.1352,518,1.6710
68.1395,518,1.6710
68.1438,518,1.6710
68.1481,518,1.6710
68.1524,517,1.6677
68.1567,517,1.6677
68.1610,518,1.6710
68.1653,518,1.6710
68.1696,518,1.6710
68.1739,517,1.6677
68.1782,517,1.6677
68.1825,517,1.6677
68.1868,517,1.6677
68.1911,518,1.6710
68.1954,518,1.6710
68.1997,518,1.6710
68.2040,518,1.6710
68.2083,519,1.6742
68.2126,519,1.6742
68.2169,518,1.6710
68.2212,518,1.6710
68.2255,518,1.6710
68.2298,518,1.6710
68.2340,516,1.6645
68.2384,517,1.6677
68.2426,518,1.6710
68.2469,517,1.6677
68.2512,518,1.6710
68.2556,519,1.6742
68.2599,519,1.6742
68.2643,519,1.6742
68.2686,519,1.6742
68.2729,519,1.6742
68.2773,518,1.6710
68.2816,519,1.6742
68.2859,519,1.6742
68.2902,518,1.6710
68.2946,519,1.6742
68.2989,519,1.6742
68.3032,520,1.6774
68.3076,520,1.6774
68.3119,520,1.6774
68.3163,521,1.6806
68.3206,522,1.6839
68.3249,521,1.6806
68.3293,521,1.6806
68.3336,522,1.6839
68.3379,522,1.6839
68.3423,522,1.6839
68.3466,521,1.6806
68.3509,520,1.6774
68.3554,521,1.6806
68.3597,520,1.6774
68.3640,520,1.6774
68.3683,520,1.6774
68.3726,520,1.6774
68.3769,520,1.6774
68.3812,520,1.6774
68.3855,520,1.6774
68.3898,520,1.6774
68.3941,520,1.6774
68.3984,519,1.6742
68.4027,520,1.6774
68.4070,520,1.6774
68.4113,519,1.6742
68.4156,519,1.6742
68.4199,518,1.6710
68.4242,518,1.6710
68.4285,519,1.6742
68.4328,520,1.6774
68.4371,520,1.6774
68.4414,520,1.6774
68.4457,520,1.6774
68.4501,519,1.6742
68.4544,520,1.6774
68.4587,521,1.6806
68.4631,521,1.6806
68.4674,521,1.6806
68.4717,521,1.6806
68.4761,521,1.6806
68.4804,520,1.6774
68.4847,520,1.6774
68.4891,520,1.6774
68.4934,520,1.6774
68.4977,521,1.6806
68.5021,522,1.6839
68.5064,522,1.6839
68.5107,521,1.6806
68.5151,520,1.6774
68.5194,520,1.6774
68.5237,520,1.6774
68.5281,521,1.6806
68.5324,522,1.6839
68.5367,521,1.6806
68.5411,521,1.6806
68.5454,520,1.6774
68.5497,519,1.6742
68.5542,520,1.6774
68.5585,520,1.6774
68.5628,520,1.6774
68.5671,519,1.6742
68.5714,518,1.6710
68.5757,519,1.6742
68.5800,520,1.6774
68.5843,520,1.6774
68.5886,519,1.6742
68.5929,518,1.6710
68.5972,517,1.6677
68.6015,518,1.6710
68.6058,518,1.6710
68.6101,518,1.6710
68.6144,521,1.6806
68.6187,524,1.6903
68.6232,530,1.7097
68.6276,531,1.7129
68.6320,535,1.7258
68.6363,536,1.7290
68.6405,538,1.7355
68.6450,539,1.7387
68.6494,540,1.7419
68.6537,540,1.7419
68.6580,538,1.7355
68.6623,534,1.7226
68.6666,532,1.7161
68.6709,530,1.7097
68.6752,528,1.7032
68.6795,524,1.6903
68.6837,519,1.6742
68.6881,517,1.6677
68.6923,516,1.6645
68.6966,515,1.6613
68.7009,515,1.6613
68.7052,514,1.6581
68.7095,515,1.6613
68.7139,515,1.6613
68.7182,516,1.6645
68.7225,515,1.6613
68.7268,516,1.6645
68.7311,517,1.6677
68.7354,516,1.6645
68.7397,517,1.6677
68.7440,516,1.6645
68.7483,517,1.6677
68.7526,516,1.6645
68.7569,516,1.6645
68.7612,517,1.6677
68.7655,516,1.6645
68.7699,513,1.6548
68.7743,506,1.6323
68.7786,498,1.6065
68.7829,496,1.6000
68.7873,511,1.6484
68.7916,539,1.7387
68.7959,581,1.8742
68.8003,625,2.0161
68.8046,663,2.1387
68.8089,671,2.1645
68.8133,648,2.0903
68.8176,607,1.9581
68.8219,559,1.8032
68.8263,520,1.6774
68.8306,498,1.6065
68.8349,489,1.5774
68.8393,489,1.5774
68.8436,494,1.5935
68.8479,500,1.6129
68.8523,503,1.6226
68.8566,505,1.6290
68.8610,505,1.6290
68.8653,505,1.6290
68.8696,503,1.6226
68.8739,503,1.6226
68.8782,505,1.6290
68.8825,506,1.6323
68.8868,505,1.6290
68.8911,506,1.6323
68.8954,507,1.6355
68.8996,507,1.6355
68.9039,507,1.6355
68.9082,507,1.6355
68.9125,507,1.6355
68.9168,507,1.6355
68.9212,507,1.6355
68.9256,507,1.6355
68.9302,508,1.6387
68.9346,508,1.6387
68.9389,509,1.6419
68.9432,509,1.6419
68.9476,508,1.6387
68.9519,510,1.6452
68.9562,511,1.6484
68.9605,511,1.6484
68.9649,510,1.6452
68.9692,510,1.6452
68.9735,509,1.6419
68.9778,512,1.6516
68.9821,512,1.6516
68.9864,512,1.6516
68.9907,512,1.6516
68.9950,512,1.6516
68.9993,512,1.6516
69.0036,511,1.6484
69.0079,512,1.6516
69.0127,515,1.6613
69.0170,519,1.6742
69.0213,521,1.6806
69.0256,524,1.6903
69.0300,527,1.7000
69.0343,530,1.7097
69.0386,533,1.7194
69.0429,537,1.7323
69.0472,540,1.7419
69.0515,543,1.7516
69.0559,545,1.7581
69.0602,547,1.7645
69.0645,548,1.7677
69.0688,550,1.7742
69.0731,550,1.7742
69.0774,552,1.7806
69.0817,552,1.7806
69.0860,551,1.7774
69.0904,550,1.7742
69.0947,549,1.7710
69.0990,547,1.7645
69.1033,545,1.7581
69.1076,541,1.7452
69.1119,539,1.7387
69.1162,537,1.7323
69.1205,534,1.7226
69.1248,529,1.7065
69.1291,527,1.7000
69.1334,524,1.6903
69.1377,519,1.6742
69.1420,516,1.6645
69.1463,513,1.6548
69.1506,511,1.6484
69.1549,509,1.6419
69.1593,506,1.6323
69.1636,502,1.6194
69.1679,501,1.6161
69.1722,500,1.6129
69.1765,500,1.6129
69.1808,501,1.6161
69.1851,501,1.6161
69.1894,501,1.6161
69.1937,500,1.6129
69.1980,502,1.6194
69.2023,503,1.6226
69.2066,503,1.6226
69.2109,503,1.6226
69.2152,504,1.6258
69.2196,505,1.6290
69.2239,505,1.6290
69.2282,504,1.6258
69.2325,505,1.6290
69.2368,505,1.6290
69.2411,504,1.6258
69.2454,504,1.6258
69.2497,505,1.6290
69.2540,506,1.6323
69.2583,507,1.6355
69.2626,507,1.6355
69.2670,508,1.6387
69.2713,506,1.6323
69.2756,507,1.6355
69.2799,506,1.6323
69.2842,507,1.6355
69.2885,507,1.6355
69.2928,509,1.6419
69.2971,509,1.6419
69.3015,510,1.6452
69.3057,510,1.6452
69.3101,509,1.6419
69.3145,510,1.6452
69.3188,510,1.6452
69.3231,510,1.6452
69.3273,510,1.6452
69.3315,510,1.6452
69.3358,509,1.6419
69.3401,509,1.6419
69.3444,510,1.6452
69.3486,511,1.6484
69.3529,512,1.6516
69.3572,512,1.6516
69.3614,511,1.6484
69.3657,511,1.6484
69.3700,512,1.6516
69.3742,512,1.6516
69.3785,512,1.6516
69.3828,511,1.6484
69.3870,512,1.6516
69.3913,512,1.6516
69.3956,513,1.6548
69.3998,512,1.6516
69.4041,513,1.6548
69.4083,512,1.6516
69.4125,512,1.6516
69.4168,513,1.6548
69.4211,514,1.6581
69.4253,514,1.6581
69.4296,514,1.6581
69.4339,514,1.6581
69.4382,515,1.6613
69.4424,515,1.6613
69.4467,513,1.6548
69.4509,512,1.6516
69.4552,512,1.6516
69.4594,515,1.6613
69.4637,514,1.6581
69.4680,514,1.6581
69.4723,513,1.6548
69.4766,514,1.6581
69.4809,514,1.6581
69.4852,515,1.6613
69.4895,514,1.6581
69.4938,515,1.6613
69.4981,514,1.6581
69.5025,514,1.6581
69.5067,516,1.6645
69.5110,515,1.6613
69.5153,515,1.6613
69.5196,516,1.6645
69.5294,515,1.6613
69.5339,517,1.6677
69.5381,517,1.6677
69.5425,515,1.6613
69.5468,515,1.6613
69.5511,515,1.6613
69.5554,516,1.6645
69.5597,515,1.6613
69.5641,515,1.6613
69.5685,515,1.6613
69.5727,516,1.6645
69.5770,516,1.6645
69.5813,517,1.6677
69.5855,516,1.6645
69.5898,518,1.6710
69.5940,517,1.6677
69.5983,518,1.6710
69.6025,517,1.6677
69.6068,517,1.6677
69.6111,517,1.6677
69.6153,517,1.6677
69.6196,517,1.6677
69.6238,519,1.6742
69.6281,518,1.6710
69.6324,518,1.6710
69.6366,519,1.6742
69.6410,518,1.6710
69.6452,518,1.6710
69.6495,518,1.6710
69.6538,518,1.6710
69.6580,518,1.6710
69.6623,518,1.6710
69.6666,519,1.6742
69.6709,520,1.6774
69.6752,519,1.6742
69.6794,520,1.6774
69.6837,520,1.6774
69.6879,519,1.6742
69.6922,520,1.6774
69.6964,520,1.6774
69.7007,520,1.6774
69.7049,519,1.6742
69.7092,520,1.6774
69.7135,520,1.6774
69.7177,520,1.6774
69.7219,519,1.6742
69.7262,519,1.6742
69.7305,518,1.6710
69.7347,518,1.6710
69.7390,519,1.6742
69.7432,520,1.6774
69.7475,520,1.6774
69.7518,518,1.6710
69.7561,519,1.6742
69.7603,518,1.6710
69.7646,520,1.6774
69.7688,520,1.6774
69.7731,519,1.6742
69.7774,519,1.6742
69.7817,519,1.6742
69.7860,519,1.6742
69.7903,519,1.6742
69.7946,520,1.6774
69.7988,520,1.6774
69.8031,521,1.6806
69.8074,520,1.6774
69.8117,520,1.6774
69.8161,521,1.6806
69.8204,519,1.6742
69.8248,519,1.6742
69.8292,519,1.6742
69.8336,519,1.6742
69.8379,519,1.6742
69.8423,519,1.6742
69.8466,520,1.6774
69.8509,520,1.6774
69.8552,519,1.6742
69.8594,519,1.6742
69.8637,520,1.6774
69.8680,519,1.6742
69.8723,518,1.6710
69.8766,518,1.6710
69.8808,519,1.6742
69.8851,517,1.6677
69.8893,518,1.6710
69.8936,519,1.6742
69.8978,520,1.6774
69.9020,521,1.6806
69.9063,521,1.6806
69.9106,520,1.6774
69.9148,520,1.6774
69.9191,522,1.6839
69.9233,522,1.6839
69.9276,521,1.6806
69.9318,522,1.6839
69.9361,521,1.6806
69.9403,521,1.6806
69.9445,521,1.6806
69.9488,521,1.6806
69.9531,521,1.6806
69.9573,521,1.6806
69.9616,520,1.6774
69.9658,521,1.6806
69.9701,521,1.6806
69.9744,521,1.6806
69.9787,521,1.6806
69.9830,519,1.6742
69.9873,519,1.6742
69.9916,519,1.6742
69.9959,520,1.6774
