time_s,adc_raw,voltage
0.0000,512,1.6516
0.0044,512,1.6516
0.0088,514,1.6581
0.0134,515,1.6613
0.0178,516,1.6645
0.0223,514,1.6581
0.0268,515,1.6613
0.0312,515,1.6613
0.0357,514,1.6581
0.0401,515,1.6613
0.0447,516,1.6645
0.0497,516,1.6645
0.0624,517,1.6677
0.0671,516,1.6645
0.0716,517,1.6677
0.0765,517,1.6677
0.0810,517,1.6677
0.0855,517,1.6677
0.0900,517,1.6677
0.0944,515,1.6613
0.0994,515,1.6613
0.1038,517,1.6677
0.1083,516,1.6645
0.1128,516,1.6645
0.1173,518,1.6710
0.1218,518,1.6710
0.1264,517,1.6677
0.1309,517,1.6677
0.1353,517,1.6677
0.1397,516,1.6645
0.1442,519,1.6742
0.1487,518,1.6710
0.1532,518,1.6710
0.1576,519,1.6742
0.1627,518,1.6710
0.1671,519,1.6742
0.1715,519,1.6742
0.1759,520,1.6774
0.1803,520,1.6774
0.1847,519,1.6742
0.1891,519,1.6742
0.1936,518,1.6710
0.1980,519,1.6742
0.2031,519,1.6742
0.2076,520,1.6774
0.2122,521,1.6806
0.2170,520,1.6774
0.2222,520,1.6774
0.2271,521,1.6806
0.2317,520,1.6774
0.2362,522,1.6839
0.2409,521,1.6806
0.2471,522,1.6839
0.2519,520,1.6774
0.2568,520,1.6774
0.2617,521,1.6806
0.2665,521,1.6806
0.2720,521,1.6806
0.2765,520,1.6774
0.2809,521,1.6806
0.2854,520,1.6774
0.2899,519,1.6742
0.2943,519,1.6742
0.2987,520,1.6774
0.3030,520,1.6774
0.3073,520,1.6774
0.3115,521,1.6806
0.3157,521,1.6806
0.3199,521,1.6806
0.3241,522,1.6839
0.3283,521,1.6806
0.3325,521,1.6806
0.3367,523,1.6871
0.3409,522,1.6839
0.3450,521,1.6806
0.3496,521,1.6806
0.3538,521,1.6806
0.3579,523,1.6871
0.3621,524,1.6903
0.3663,523,1.6871
0.3705,523,1.6871
0.3748,523,1.6871
0.3790,523,1.6871
0.3832,523,1.6871
0.3874,523,1.6871
0.3916,523,1.6871
0.4034,522,1.6839
0.4077,523,1.6871
0.4122,522,1.6839
0.4166,523,1.6871
0.4209,523,1.6871
0.4253,524,1.6903
0.4296,523,1.6871
0.4340,523,1.6871
0.4383,523,1.6871
0.4427,523,1.6871
0.4470,523,1.6871
0.4513,523,1.6871
0.4557,523,1.6871
0.4600,524,1.6903
0.4642,524,1.6903
0.4685,523,1.6871
0.4728,523,1.6871
0.4771,522,1.6839
0.4813,522,1.6839
0.4856,523,1.6871
0.4898,523,1.6871
0.4940,523,1.6871
0.4981,524,1.6903
0.5023,523,1.6871
0.5064,523,1.6871
0.5106,522,1.6839
0.5148,522,1.6839
0.5189,522,1.6839
0.5231,524,1.6903
0.5273,522,1.6839
0.5314,521,1.6806
0.5356,522,1.6839
0.5398,523,1.6871
0.5439,523,1.6871
0.5481,522,1.6839
0.5522,522,1.6839
0.5564,522,1.6839
0.5606,522,1.6839
0.5647,523,1.6871
0.5689,527,1.7000
0.5730,535,1.7258
0.5772,542,1.7484
0.5814,549,1.7710
0.5855,555,1.7903
0.5897,559,1.8032
0.5939,562,1.8129
0.5980,565,1.8226
0.6022,568,1.8323
0.6064,566,1.8258
0.6105,562,1.8129
0.6147,559,1.8032
0.6188,553,1.7839
0.6230,545,1.7581
0.6272,538,1.7355
0.6313,531,1.7129
0.6355,525,1.6935
0.6396,517,1.6677
0.6438,512,1.6516
0.6480,511,1.6484
0.6521,511,1.6484
0.6563,510,1.6452
0.6604,512,1.6516
0.6646,512,1.6516
0.6688,513,1.6548
0.6729,512,1.6516
0.6771,512,1.6516
0.6812,512,1.6516
0.6854,512,1.6516
0.6896,512,1.6516
0.6937,512,1.6516
0.6979,513,1.6548
0.7021,514,1.6581
0.7063,515,1.6613
0.7105,514,1.6581
0.7147,514,1.6581
0.7189,514,1.6581
0.7231,509,1.6419
0.7274,495,1.5968
0.7316,478,1.5419
0.7359,473,1.5258
0.7401,497,1.6032
0.7444,550,1.7742
0.7486,630,2.0323
0.7529,718,2.3161
0.7571,796,2.5677
0.7613,825,2.6613
0.7656,795,2.5645
0.7698,721,2.3258
0.7741,627,2.0226
0.7783,541,1.7452
0.7826,485,1.5645
0.7868,459,1.4806
0.7910,454,1.4645
0.7953,464,1.4968
0.7995,477,1.5387
0.8038,486,1.5677
0.8081,490,1.5806
0.8124,491,1.5839
0.8167,491,1.5839
0.8210,492,1.5871
0.8254,492,1.5871
0.8297,492,1.5871
0.8340,492,1.5871
0.8384,493,1.5903
0.8427,494,1.5935
0.8470,495,1.5968
0.8514,495,1.5968
0.8557,495,1.5968
0.8600,497,1.6032
0.8644,497,1.6032
0.8687,497,1.6032
0.8730,496,1.6000
0.8774,497,1.6032
0.8817,498,1.6065
0.8860,498,1.6065
0.8904,498,1.6065
0.8947,497,1.6032
0.8991,499,1.6097
0.9034,500,1.6129
0.9077,500,1.6129
0.9121,500,1.6129
0.9165,501,1.6161
0.9208,502,1.6194
0.9251,502,1.6194
0.9294,503,1.6226
0.9336,503,1.6226
0.9380,503,1.6226
0.9423,503,1.6226
0.9465,503,1.6226
0.9508,502,1.6194
0.9551,503,1.6226
0.9594,505,1.6290
0.9637,508,1.6387
0.9680,515,1.6613
0.9723,522,1.6839
0.9782,525,1.6935
0.9826,537,1.7323
0.9869,543,1.7516
0.9912,550,1.7742
0.9955,557,1.7968
0.9998,562,1.8129
1.0041,566,1.8258
1.0084,571,1.8419
1.0127,575,1.8548
1.0170,574,1.8516
1.0214,573,1.8484
1.0257,574,1.8516
1.0300,577,1.8613
1.0343,580,1.8710
1.0386,580,1.8710
1.0429,580,1.8710
1.0472,580,1.8710
1.0515,579,1.8677
1.0558,576,1.8581
1.0601,574,1.8516
1.0644,570,1.8387
1.0687,565,1.8226
1.0730,559,1.8032
1.0773,554,1.7871
1.0816,549,1.7710
1.0859,543,1.7516
1.0901,535,1.7258
1.0944,531,1.7129
1.0987,523,1.6871
1.1030,516,1.6645
1.1073,508,1.6387
1.1116,501,1.6161
1.1160,495,1.5968
1.1203,489,1.5774
1.1247,483,1.5581
1.1290,479,1.5452
1.1333,477,1.5387
1.1377,477,1.5387
1.1420,479,1.5452
1.1464,481,1.5516
1.1507,481,1.5516
1.1550,483,1.5581
1.1593,483,1.5581
1.1637,483,1.5581
1.1680,483,1.5581
1.1723,483,1.5581
1.1766,484,1.5613
1.1810,484,1.5613
1.1853,485,1.5645
1.1896,485,1.5645
1.1940,486,1.5677
1.1983,486,1.5677
1.2026,487,1.5710
1.2070,488,1.5742
1.2113,488,1.5742
1.2156,488,1.5742
1.2199,489,1.5774
1.2244,491,1.5839
1.2287,491,1.5839
1.2330,492,1.5871
1.2373,492,1.5871
1.2416,493,1.5903
1.2459,492,1.5871
1.2502,493,1.5903
1.2545,494,1.5935
1.2588,495,1.5968
1.2630,495,1.5968
1.2674,495,1.5968
1.2717,497,1.6032
1.2761,497,1.6032
1.2826,497,1.6032
1.2870,497,1.6032
1.2913,497,1.6032
1.2956,498,1.6065
1.2999,498,1.6065
1.3042,499,1.6097
1.3085,499,1.6097
1.3127,499,1.6097
1.3170,500,1.6129
1.3213,503,1.6226
1.3256,500,1.6129
1.3300,501,1.6161
1.3343,501,1.6161
1.3386,502,1.6194
1.3429,501,1.6161
1.3472,500,1.6129
1.3515,501,1.6161
1.3558,500,1.6129
1.3601,502,1.6194
1.3644,504,1.6258
1.3687,505,1.6290
1.3730,505,1.6290
1.3773,505,1.6290
1.3816,505,1.6290
1.3858,506,1.6323
1.3901,505,1.6290
1.3944,505,1.6290
1.3987,506,1.6323
1.4030,508,1.6387
1.4073,508,1.6387
1.4116,508,1.6387
1.4159,509,1.6419
1.4202,509,1.6419
1.4246,508,1.6387
1.4289,508,1.6387
1.4333,507,1.6355
1.4376,508,1.6387
1.4420,509,1.6419
1.4463,509,1.6419
1.4506,510,1.6452
1.4550,509,1.6419
1.4593,509,1.6419
1.4636,511,1.6484
1.4679,510,1.6452
1.4723,511,1.6484
1.4766,510,1.6452
1.4809,510,1.6452
1.4853,510,1.6452
1.4896,510,1.6452
1.4939,511,1.6484
1.4983,511,1.6484
1.5026,512,1.6516
1.5069,512,1.6516
1.5113,513,1.6548
1.5156,514,1.6581
1.5199,514,1.6581
1.5243,515,1.6613
1.5286,514,1.6581
1.5329,512,1.6516
1.5372,513,1.6548
1.5415,513,1.6548
1.5458,513,1.6548
1.5501,513,1.6548
1.5544,515,1.6613
1.5587,515,1.6613
1.5629,515,1.6613
1.5672,515,1.6613
1.5715,514,1.6581
1.5758,515,1.6613
1.5801,515,1.6613
1.5844,517,1.6677
1.5887,516,1.6645
1.5930,516,1.6645
1.5973,517,1.6677
1.6016,517,1.6677
1.6059,519,1.6742
1.6102,519,1.6742
1.6144,518,1.6710
1.6188,517,1.6677
1.6230,516,1.6645
1.6274,516,1.6645
1.6317,515,1.6613
1.6361,516,1.6645
1.6404,516,1.6645
1.6447,517,1.6677
1.6491,516,1.6645
1.6534,516,1.6645
1.6577,516,1.6645
1.6621,516,1.6645
1.6664,517,1.6677
1.6707,518,1.6710
1.6750,518,1.6710
1.6795,519,1.6742
1.6838,519,1.6742
1.6881,518,1.6710
1.6924,518,1.6710
1.6968,518,1.6710
1.7011,518,1.6710
1.7054,519,1.6742
1.7098,520,1.6774
1.7141,521,1.6806
1.7184,520,1.6774
1.7227,520,1.6774
1.7271,521,1.6806
1.7314,521,1.6806
1.7357,522,1.6839
1.7400,522,1.6839
1.7443,522,1.6839
1.7486,521,1.6806
1.7529,522,1.6839
1.7572,522,1.6839
1.7615,522,1.6839
1.7658,520,1.6774
1.7701,520,1.6774
1.7744,520,1.6774
1.7787,521,1.6806
1.7830,521,1.6806
1.7873,521,1.6806
1.7916,521,1.6806
1.7959,520,1.6774
1.8002,521,1.6806
1.8045,520,1.6774
1.8088,521,1.6806
1.8131,521,1.6806
1.8174,522,1.6839
1.8217,521,1.6806
1.8260,522,1.6839
1.8304,522,1.6839
1.8347,522,1.6839
1.8390,521,1.6806
1.8434,521,1.6806
1.8477,520,1.6774
1.8520,520,1.6774
1.8563,520,1.6774
1.8607,520,1.6774
1.8650,520,1.6774
1.8693,520,1.6774
1.8737,519,1.6742
1.8792,521,1.6806
1.8845,521,1.6806
1.8889,521,1.6806
1.8934,520,1.6774
1.8977,521,1.6806
1.9021,521,1.6806
1.9064,522,1.6839
1.9107,520,1.6774
1.9151,519,1.6742
1.9194,520,1.6774
1.9237,521,1.6806
1.9281,520,1.6774
1.9325,521,1.6806
1.9368,521,1.6806
1.9411,520,1.6774
1.9454,520,1.6774
1.9497,520,1.6774
1.9540,521,1.6806
1.9583,521,1.6806
1.9626,521,1.6806
1.9669,521,1.6806
1.9712,520,1.6774
1.9755,520,1.6774
1.9798,520,1.6774
1.9841,521,1.6806
1.9884,521,1.6806
1.9927,521,1.6806
1.9969,521,1.6806
2.0012,522,1.6839
2.0055,520,1.6774
2.0098,521,1.6806
2.0141,520,1.6774
2.0184,521,1.6806
2.0227,520,1.6774
2.0270,519,1.6742
2.0313,520,1.6774
2.0357,520,1.6774
2.0400,520,1.6774
2.0443,521,1.6806
2.0487,521,1.6806
2.0530,521,1.6806
2.0574,521,1.6806
2.0617,520,1.6774
2.0660,521,1.6806
2.0704,521,1.6806
2.0747,523,1.6871
2.0790,528,1.7032
2.0834,535,1.7258
2.0877,542,1.7484
2.0920,549,1.7710
2.0964,556,1.7935
2.1007,560,1.8065
2.1050,564,1.8194
2.1094,566,1.8258
2.1137,564,1.8194
2.1180,564,1.8194
2.1223,560,1.8065
2.1267,555,1.7903
2.1310,549,1.7710
2.1353,541,1.7452
2.1397,533,1.7194
2.1439,527,1.7000
2.1482,520,1.6774
2.1525,515,1.6613
2.1568,511,1.6484
2.1611,511,1.6484
2.1654,512,1.6516
2.1697,513,1.6548
2.1741,513,1.6548
2.1788,511,1.6484
2.1832,512,1.6516
2.1876,511,1.6484
2.1919,512,1.6516
2.1962,513,1.6548
2.2005,513,1.6548
2.2048,514,1.6581
2.2091,513,1.6548
2.2134,513,1.6548
2.2177,513,1.6548
2.2220,514,1.6581
2.2263,514,1.6581
2.2306,510,1.6452
2.2349,501,1.6161
2.2392,487,1.5710
2.2435,473,1.5258
2.2478,480,1.5484
2.2521,518,1.6710
2.2565,586,1.8903
2.2608,672,2.1677
2.2650,761,2.4548
2.2693,822,2.6516
2.2736,820,2.6452
2.2779,759,2.4484
2.2822,672,2.1677
2.2865,575,1.8548
2.2908,507,1.6355
2.2951,469,1.5129
2.2994,455,1.4677
2.3037,460,1.4839
2.3080,473,1.5258
2.3123,484,1.5613
2.3166,489,1.5774
2.3209,492,1.5871
2.3252,493,1.5903
2.3294,493,1.5903
2.3337,492,1.5871
2.3380,492,1.5871
2.3424,492,1.5871
2.3467,493,1.5903
2.3511,493,1.5903
2.3554,494,1.5935
2.3598,494,1.5935
2.3641,495,1.5968
2.3684,497,1.6032
2.3727,496,1.6000
2.3771,496,1.6000
2.3814,497,1.6032
2.3857,499,1.6097
2.3901,499,1.6097
2.3944,498,1.6065
2.3987,498,1.6065
2.4031,499,1.6097
2.4076,499,1.6097
2.4119,499,1.6097
2.4162,500,1.6129
2.4205,501,1.6161
2.4249,500,1.6129
2.4292,500,1.6129
2.4335,501,1.6161
2.4378,503,1.6226
2.4422,502,1.6194
2.4465,503,1.6226
2.4508,503,1.6226
2.4551,504,1.6258
2.4594,504,1.6258
2.4637,505,1.6290
2.4680,504,1.6258
2.4723,507,1.6355
2.4766,513,1.6548
2.4809,519,1.6742
2.4852,525,1.6935
2.4894,531,1.7129
2.4937,536,1.7290
2.4980,544,1.7548
2.5023,551,1.7774
2.5066,557,1.7968
2.5109,561,1.8097
2.5152,567,1.8290
2.5195,572,1.8452
2.5238,576,1.8581
2.5281,579,1.8677
2.5324,582,1.8774
2.5367,583,1.8806
2.5410,583,1.8806
2.5453,582,1.8774
2.5496,582,1.8774
2.5539,580,1.8710
2.5583,578,1.8645
2.5626,575,1.8548
2.5670,571,1.8419
2.5713,566,1.8258
2.5756,559,1.8032
2.5799,555,1.7903
2.5843,549,1.7710
2.5886,542,1.7484
2.5929,535,1.7258
2.5972,527,1.7000
2.6016,520,1.6774
2.6059,513,1.6548
2.6103,507,1.6355
2.6146,500,1.6129
2.6189,494,1.5935
2.6233,487,1.5710
2.6276,481,1.5516
2.6320,479,1.5452
2.6363,480,1.5484
2.6406,482,1.5548
2.6451,482,1.5548
2.6494,483,1.5581
2.6537,484,1.5613
2.6580,485,1.5645
2.6623,485,1.5645
2.6666,486,1.5677
2.6709,485,1.5645
2.6752,485,1.5645
2.6794,485,1.5645
2.6837,486,1.5677
2.6880,487,1.5710
2.6923,487,1.5710
2.6966,488,1.5742
2.7009,488,1.5742
2.7052,489,1.5774
2.7096,491,1.5839
2.7139,492,1.5871
2.7182,491,1.5839
2.7225,492,1.5871
2.7268,493,1.5903
2.7311,494,1.5935
2.7353,494,1.5935
2.7396,495,1.5968
2.7439,494,1.5935
2.7483,496,1.6000
2.7526,497,1.6032
2.7568,496,1.6000
2.7611,497,1.6032
2.7654,497,1.6032
2.7697,497,1.6032
2.7741,497,1.6032
2.7789,498,1.6065
2.7834,499,1.6097
2.7877,499,1.6097
2.7920,499,1.6097
2.7963,501,1.6161
2.8006,503,1.6226
2.8048,503,1.6226
2.8092,502,1.6194
2.8135,502,1.6194
2.8177,503,1.6226
2.8220,503,1.6226
2.8263,504,1.6258
2.8306,504,1.6258
2.8349,504,1.6258
2.8392,504,1.6258
2.8435,504,1.6258
2.8478,505,1.6290
2.8521,506,1.6323
2.8564,505,1.6290
2.8608,504,1.6258
2.8652,505,1.6290
2.8695,505,1.6290
2.8738,505,1.6290
2.8781,506,1.6323
2.8824,506,1.6323
2.8866,507,1.6355
2.8910,506,1.6323
2.8952,508,1.6387
2.8995,508,1.6387
2.9038,509,1.6419
2.9081,508,1.6387
2.9124,507,1.6355
2.9167,508,1.6387
2.9210,508,1.6387
2.9253,510,1.6452
2.9296,509,1.6419
2.9339,509,1.6419
2.9382,510,1.6452
2.9425,510,1.6452
2.9468,509,1.6419
2.9511,510,1.6452
2.9555,510,1.6452
2.9598,510,1.6452
2.9641,512,1.6516
2.9685,513,1.6548
2.9728,513,1.6548
2.9771,512,1.6516
2.9815,512,1.6516
2.9858,512,1.6516
2.9901,510,1.6452
2.9944,511,1.6484
2.9988,511,1.6484
3.0031,513,1.6548
3.0075,512,1.6516
3.0118,512,1.6516
3.0162,512,1.6516
3.0205,513,1.6548
3.0248,513,1.6548
3.0291,513,1.6548
3.0335,514,1.6581
3.0378,514,1.6581
3.0421,514,1.6581
3.0465,516,1.6645
3.0508,516,1.6645
3.0551,517,1.6677
3.0595,516,1.6645
3.0638,515,1.6613
3.0681,517,1.6677
3.0724,517,1.6677
3.0768,516,1.6645
3.0811,516,1.6645
3.0855,517,1.6677
3.0898,518,1.6710
3.0941,517,1.6677
3.0984,517,1.6677
3.1027,516,1.6645
3.1070,517,1.6677
3.1113,517,1.6677
3.1156,516,1.6645
3.1199,518,1.6710
3.1242,518,1.6710
3.1285,519,1.6742
3.1328,518,1.6710
3.1371,518,1.6710
3.1414,518,1.6710
3.1457,519,1.6742
3.1500,520,1.6774
3.1543,518,1.6710
3.1586,519,1.6742
3.1629,517,1.6677
3.1672,518,1.6710
3.1715,518,1.6710
3.1758,518,1.6710
3.1801,519,1.6742
3.1844,519,1.6742
3.1887,518,1.6710
3.1930,520,1.6774
3.1973,520,1.6774
3.2016,518,1.6710
3.2059,519,1.6742
3.2102,519,1.6742
3.2145,520,1.6774
3.2188,520,1.6774
3.2231,520,1.6774
3.2274,521,1.6806
3.2317,520,1.6774
3.2360,520,1.6774
3.2403,519,1.6742
3.2446,518,1.6710
3.2489,519,1.6742
3.2532,518,1.6710
3.2575,518,1.6710
3.2618,518,1.6710
3.2661,518,1.6710
3.2704,519,1.6742
3.2747,520,1.6774
3.2790,520,1.6774
3.2833,521,1.6806
3.2876,521,1.6806
3.2919,520,1.6774
3.2961,520,1.6774
3.3004,521,1.6806
3.3047,521,1.6806
3.3090,521,1.6806
3.3133,521,1.6806
3.3176,521,1.6806
3.3219,520,1.6774
3.3262,520,1.6774
3.3305,521,1.6806
3.3348,522,1.6839
3.3391,522,1.6839
3.3434,521,1.6806
3.3477,520,1.6774
3.3520,521,1.6806
3.3563,520,1.6774
3.3606,520,1.6774
3.3649,520,1.6774
3.3693,521,1.6806
3.3736,520,1.6774
3.3779,521,1.6806
3.3822,519,1.6742
3.3866,521,1.6806
3.3909,521,1.6806
3.3952,523,1.6871
3.3995,522,1.6839
3.4039,523,1.6871
3.4082,523,1.6871
3.4125,521,1.6806
3.4169,521,1.6806
3.4212,521,1.6806
3.4256,520,1.6774
3.4299,520,1.6774
3.4342,521,1.6806
3.4385,522,1.6839
3.4429,522,1.6839
3.4472,522,1.6839
3.4515,521,1.6806
3.4559,521,1.6806
3.4603,522,1.6839
3.4646,522,1.6839
3.4690,521,1.6806
3.4733,521,1.6806
3.4776,520,1.6774
3.4819,520,1.6774
3.4862,521,1.6806
3.4905,522,1.6839
3.4947,522,1.6839
3.4990,521,1.6806
3.5033,522,1.6839
3.5076,522,1.6839
3.5119,524,1.6903
3.5162,524,1.6903
3.5205,524,1.6903
3.5248,523,1.6871
3.5291,522,1.6839
3.5334,522,1.6839
3.5377,522,1.6839
3.5420,521,1.6806
3.5462,522,1.6839
3.5505,523,1.6871
3.5548,522,1.6839
3.5591,522,1.6839
3.5634,521,1.6806
3.5678,521,1.6806
3.5721,521,1.6806
3.5764,524,1.6903
3.5808,530,1.7097
3.5851,536,1.7290
3.5894,543,1.7516
3.5937,551,1.7774
3.5981,556,1.7935
3.6024,560,1.8065
3.6067,563,1.8161
3.6110,565,1.8226
3.6154,564,1.8194
3.6197,563,1.8161
3.6240,558,1.8000
3.6284,554,1.7871
3.6327,548,1.7677
3.6370,542,1.7484
3.6414,534,1.7226
3.6457,527,1.7000
3.6500,519,1.6742
3.6544,514,1.6581
3.6587,512,1.6516
3.6630,511,1.6484
3.6674,513,1.6548
3.6717,512,1.6516
3.6761,512,1.6516
3.6805,512,1.6516
3.6849,512,1.6516
3.6892,512,1.6516
3.6935,512,1.6516
3.6978,513,1.6548
3.7021,513,1.6548
3.7064,513,1.6548
3.7107,513,1.6548
3.7150,513,1.6548
3.7193,513,1.6548
3.7236,513,1.6548
3.7279,512,1.6516
3.7322,511,1.6484
3.7365,501,1.6161
3.7408,484,1.5613
3.7451,472,1.5226
3.7499,486,1.5677
3.7543,533,1.7194
3.7586,606,1.9548
3.7629,693,2.2355
3.7672,778,2.5097
3.7715,825,2.6613
3.7758,805,2.5968
3.7801,739,2.3839
3.7844,644,2.0774
3.7887,552,1.7806
3.7930,491,1.5839
3.7974,462,1.4903
3.8017,454,1.4645
3.8060,462,1.4903
3.8103,475,1.5323
3.8145,484,1.5613
3.8189,489,1.5774
3.8232,490,1.5806
3.8275,491,1.5839
3.8318,491,1.5839
3.8361,492,1.5871
3.8404,493,1.5903
3.8447,493,1.5903
3.8489,492,1.5871
3.8533,492,1.5871
3.8576,493,1.5903
3.8619,495,1.5968
3.8662,496,1.6000
3.8705,495,1.5968
3.8749,496,1.6000
3.8792,497,1.6032
3.8835,498,1.6065
3.8878,496,1.6000
3.8922,496,1.6000
3.8965,496,1.6000
3.9008,497,1.6032
3.9052,498,1.6065
3.9095,499,1.6097
3.9138,501,1.6161
3.9181,501,1.6161
3.9225,501,1.6161
3.9268,499,1.6097
3.9312,500,1.6129
3.9355,502,1.6194
3.9398,502,1.6194
3.9441,501,1.6161
3.9485,502,1.6194
3.9528,502,1.6194
3.9571,503,1.6226
3.9615,503,1.6226
3.9658,503,1.6226
3.9701,505,1.6290
3.9744,506,1.6323
3.9798,512,1.6516
3.9842,523,1.6871
3.9885,531,1.7129
3.9928,535,1.7258
3.9971,540,1.7419
4.0015,546,1.7613
4.0057,553,1.7839
4.0100,560,1.8065
4.0143,565,1.8226
4.0186,568,1.8323
4.0229,573,1.8484
4.0272,576,1.8581
4.0315,579,1.8677
4.0358,582,1.8774
4.0401,584,1.8839
4.0444,584,1.8839
4.0487,582,1.8774
4.0530,582,1.8774
4.0573,580,1.8710
4.0616,577,1.8613
4.0659,573,1.8484
4.0702,567,1.8290
4.0745,562,1.8129
4.0788,558,1.8000
4.0831,554,1.7871
4.0875,546,1.7613
4.0917,539,1.7387
4.0960,533,1.7194
4.1003,525,1.6935
4.1046,518,1.6710
4.1089,512,1.6516
4.1132,504,1.6258
4.1175,496,1.6000
4.1218,490,1.5806
4.1261,484,1.5613
4.1304,480,1.5484
4.1347,480,1.5484
4.1390,480,1.5484
4.1433,481,1.5516
4.1476,482,1.5548
4.1519,483,1.5581
4.1562,483,1.5581
4.1605,483,1.5581
4.1648,484,1.5613
4.1691,486,1.5677
4.1734,488,1.5742
4.1778,487,1.5710
4.1821,486,1.5677
4.1864,488,1.5742
4.1908,488,1.5742
4.1951,488,1.5742
4.1994,488,1.5742
4.2037,490,1.5806
4.2081,491,1.5839
4.2124,492,1.5871
4.2167,493,1.5903
4.2210,493,1.5903
4.2254,493,1.5903
4.2298,494,1.5935
4.2341,494,1.5935
4.2384,495,1.5968
4.2427,494,1.5935
4.2471,495,1.5968
4.2514,496,1.6000
4.2557,496,1.6000
4.2600,495,1.5968
4.2644,495,1.5968
4.2687,497,1.6032
4.2730,498,1.6065
4.2773,498,1.6065
4.2816,499,1.6097
4.2859,499,1.6097
4.2902,499,1.6097
4.2945,499,1.6097
4.2988,499,1.6097
4.3031,500,1.6129
4.3074,499,1.6097
4.3117,501,1.6161
4.3160,500,1.6129
4.3203,501,1.6161
4.3246,503,1.6226
4.3289,503,1.6226
4.3332,503,1.6226
4.3375,502,1.6194
4.3418,503,1.6226
4.3461,504,1.6258
4.3504,504,1.6258
4.3547,504,1.6258
4.3589,504,1.6258
4.3632,505,1.6290
4.3676,506,1.6323
4.3719,507,1.6355
4.3762,506,1.6323
4.3806,506,1.6323
4.3849,507,1.6355
4.3892,507,1.6355
4.3936,507,1.6355
4.3979,507,1.6355
4.4022,508,1.6387
4.4065,508,1.6387
4.4109,509,1.6419
4.4152,510,1.6452
4.4195,509,1.6419
4.4239,510,1.6452
4.4282,509,1.6419
4.4325,509,1.6419
4.4369,510,1.6452
4.4412,512,1.6516
4.4455,512,1.6516
4.4499,512,1.6516
4.4542,512,1.6516
4.4585,512,1.6516
4.4628,512,1.6516
4.4672,512,1.6516
4.4715,512,1.6516
4.4758,511,1.6484
4.4801,513,1.6548
4.4844,513,1.6548
4.4887,514,1.6581
4.4930,514,1.6581
4.4973,514,1.6581
4.5016,514,1.6581
4.5059,514,1.6581
4.5102,514,1.6581
4.5145,513,1.6548
4.5188,514,1.6581
4.5230,514,1.6581
4.5275,515,1.6613
4.5318,515,1.6613
4.5361,515,1.6613
4.5404,515,1.6613
4.5447,515,1.6613
4.5490,515,1.6613
4.5533,515,1.6613
4.5576,516,1.6645
4.5619,516,1.6645
4.5662,517,1.6677
4.5705,517,1.6677
4.5748,517,1.6677
4.5807,517,1.6677
4.5852,517,1.6677
4.5895,517,1.6677
4.5939,517,1.6677
4.5982,516,1.6645
4.6025,516,1.6645
4.6069,517,1.6677
4.6112,517,1.6677
4.6156,517,1.6677
4.6199,516,1.6645
4.6243,517,1.6677
4.6286,518,1.6710
4.6329,518,1.6710
4.6373,519,1.6742
4.6416,519,1.6742
4.6459,520,1.6774
4.6503,520,1.6774
4.6546,520,1.6774
4.6589,521,1.6806
4.6633,520,1.6774
4.6676,521,1.6806
4.6721,519,1.6742
4.6764,519,1.6742
4.6807,519,1.6742
4.6850,520,1.6774
4.6893,520,1.6774
4.6936,521,1.6806
4.6979,520,1.6774
4.7022,520,1.6774
4.7065,520,1.6774
4.7108,520,1.6774
4.7151,520,1.6774
4.7194,521,1.6806
4.7237,521,1.6806
4.7280,521,1.6806
4.7323,522,1.6839
4.7366,521,1.6806
4.7409,522,1.6839
4.7452,522,1.6839
4.7495,520,1.6774
4.7537,520,1.6774
4.7580,521,1.6806
4.7623,521,1.6806
4.7666,522,1.6839
4.7709,522,1.6839
4.7752,522,1.6839
4.7795,521,1.6806
4.7839,521,1.6806
4.7882,521,1.6806
4.7925,521,1.6806
4.7968,522,1.6839
4.8012,522,1.6839
4.8055,521,1.6806
4.8098,522,1.6839
4.8142,521,1.6806
4.8185,521,1.6806
4.8228,521,1.6806
4.8272,522,1.6839
4.8315,522,1.6839
4.8359,521,1.6806
4.8402,521,1.6806
4.8445,521,1.6806
4.8488,520,1.6774
4.8532,520,1.6774
4.8575,521,1.6806
4.8619,520,1.6774
4.8662,521,1.6806
4.8705,520,1.6774
4.8749,520,1.6774
4.8808,520,1.6774
4.8852,521,1.6806
4.8896,521,1.6806
4.8939,521,1.6806
4.8982,520,1.6774
4.9025,520,1.6774
4.9068,521,1.6806
4.9111,520,1.6774
4.9154,520,1.6774
4.9197,521,1.6806
4.9240,521,1.6806
4.9283,521,1.6806
4.9326,523,1.6871
4.9369,521,1.6806
4.9412,521,1.6806
4.9455,522,1.6839
4.9498,521,1.6806
4.9541,520,1.6774
4.9583,519,1.6742
4.9626,520,1.6774
4.9669,521,1.6806
4.9712,520,1.6774
4.9756,521,1.6806
4.9798,521,1.6806
4.9842,521,1.6806
4.9884,521,1.6806
4.9927,522,1.6839
4.9970,521,1.6806
5.0018,520,1.6774
5.0068,520,1.6774
5.0135,519,1.6742
5.0180,521,1.6806
5.0225,521,1.6806
5.0273,522,1.6839
5.0318,521,1.6806
5.0362,521,1.6806
5.0405,522,1.6839
5.0447,522,1.6839
5.0490,521,1.6806
5.0533,522,1.6839
5.0575,522,1.6839
5.0618,521,1.6806
5.0660,521,1.6806
5.0703,521,1.6806
5.0746,521,1.6806
5.0790,522,1.6839
5.0832,526,1.6968
5.0875,532,1.7161
5.0918,538,1.7355
5.0960,545,1.7581
5.1003,550,1.7742
5.1045,556,1.7935
5.1088,562,1.8129
5.1130,564,1.8194
5.1173,566,1.8258
5.1215,566,1.8258
5.1258,564,1.8194
5.1300,560,1.8065
5.1343,554,1.7871
5.1385,546,1.7613
5.1428,537,1.7323
5.1470,529,1.7065
5.1512,523,1.6871
5.1555,517,1.6677
5.1598,512,1.6516
5.1640,510,1.6452
5.1682,511,1.6484
5.1725,510,1.6452
5.1768,511,1.6484
5.1810,511,1.6484
5.1853,512,1.6516
5.1896,512,1.6516
5.1939,513,1.6548
5.1982,514,1.6581
5.2024,513,1.6548
5.2067,513,1.6548
5.2112,512,1.6516
5.2155,512,1.6516
5.2198,513,1.6548
5.2241,513,1.6548
5.2284,513,1.6548
5.2326,512,1.6516
5.2370,510,1.6452
5.2412,501,1.6161
5.2455,485,1.5645
5.2498,472,1.5226
5.2541,480,1.5484
5.2584,519,1.6742
5.2627,587,1.8935
5.2669,671,2.1645
5.2712,762,2.4581
5.2755,821,2.6484
5.2798,816,2.6323
5.2842,753,2.4290
5.2884,666,2.1484
5.2934,559,1.8032
5.2977,497,1.6032
5.3019,465,1.5000
5.3062,456,1.4710
5.3105,462,1.4903
5.3148,474,1.5290
5.3190,483,1.5581
5.3233,488,1.5742
5.3276,489,1.5774
5.3318,491,1.5839
5.3361,490,1.5806
5.3404,490,1.5806
5.3446,492,1.5871
5.3489,493,1.5903
5.3531,493,1.5903
5.3575,494,1.5935
5.3617,494,1.5935
5.3660,495,1.5968
5.3702,496,1.6000
5.3745,496,1.6000
5.3787,497,1.6032
5.3830,498,1.6065
5.3874,499,1.6097
5.3917,499,1.6097
5.3960,499,1.6097
5.4003,500,1.6129
5.4046,499,1.6097
5.4089,498,1.6065
5.4132,499,1.6097
5.4175,499,1.6097
5.4218,499,1.6097
5.4261,500,1.6129
5.4304,500,1.6129
5.4347,501,1.6161
5.4390,501,1.6161
5.4433,501,1.6161
5.4476,502,1.6194
5.4519,502,1.6194
5.4562,501,1.6161
5.4605,502,1.6194
5.4648,503,1.6226
5.4691,503,1.6226
5.4735,504,1.6258
5.4779,505,1.6290
5.4822,511,1.6484
5.4866,518,1.6710
5.4909,525,1.6935
5.4952,532,1.7161
5.4994,538,1.7355
5.5038,544,1.7548
5.5080,550,1.7742
5.5123,557,1.7968
5.5166,561,1.8097
5.5209,566,1.8258
5.5252,571,1.8419
5.5295,575,1.8548
5.5338,576,1.8581
5.5381,580,1.8710
5.5424,582,1.8774
5.5467,583,1.8806
5.5510,584,1.8839
5.5552,582,1.8774
5.5595,581,1.8742
5.5638,578,1.8645
5.5681,576,1.8581
5.5724,570,1.8387
5.5767,565,1.8226
5.5809,561,1.8097
5.5852,555,1.7903
5.5895,550,1.7742
5.5938,543,1.7516
5.5981,536,1.7290
5.6024,527,1.7000
5.6067,520,1.6774
5.6110,513,1.6548
5.6153,507,1.6355
5.6199,501,1.6161
5.6243,495,1.5968
5.6286,488,1.5742
5.6329,482,1.5548
5.6372,480,1.5484
5.6414,480,1.5484
5.6457,480,1.5484
5.6500,480,1.5484
5.6543,481,1.5516
5.6586,482,1.5548
5.6629,482,1.5548
5.6671,483,1.5581
5.6714,483,1.5581
5.6757,485,1.5645
5.6799,486,1.5677
5.6842,486,1.5677
5.6885,486,1.5677
5.6928,487,1.5710
5.6971,488,1.5742
5.7013,489,1.5774
5.7056,489,1.5774
5.7099,489,1.5774
5.7142,490,1.5806
5.7185,490,1.5806
5.7227,490,1.5806
5.7270,491,1.5839
5.7313,492,1.5871
5.7356,493,1.5903
5.7399,494,1.5935
5.7442,494,1.5935
5.7485,495,1.5968
5.7528,495,1.5968
5.7571,495,1.5968
5.7614,495,1.5968
5.7657,495,1.5968
5.7700,496,1.6000
5.7744,495,1.5968
5.7788,496,1.6000
5.7831,497,1.6032
5.7875,500,1.6129
5.7918,499,1.6097
5.7961,500,1.6129
5.8003,501,1.6161
5.8046,502,1.6194
5.8089,502,1.6194
5.8131,502,1.6194
5.8175,502,1.6194
5.8217,503,1.6226
5.8260,504,1.6258
5.8302,504,1.6258
5.8346,504,1.6258
5.8388,504,1.6258
5.8431,504,1.6258
5.8474,504,1.6258
5.8517,504,1.6258
5.8559,504,1.6258
5.8602,505,1.6290
5.8644,505,1.6290
5.8687,506,1.6323
5.8729,506,1.6323
5.8772,506,1.6323
5.8814,506,1.6323
5.8857,506,1.6323
5.8900,507,1.6355
5.8943,507,1.6355
5.8986,507,1.6355
5.9029,507,1.6355
5.9072,507,1.6355
5.9115,507,1.6355
5.9158,508,1.6387
5.9201,509,1.6419
5.9243,509,1.6419
5.9286,508,1.6387
5.9329,509,1.6419
5.9372,508,1.6387
5.9415,508,1.6387
5.9458,508,1.6387
5.9501,510,1.6452
5.9544,509,1.6419
5.9587,510,1.6452
5.9630,510,1.6452
5.9673,511,1.6484
5.9716,509,1.6419
5.9759,510,1.6452
5.9802,510,1.6452
5.9845,510,1.6452
5.9888,512,1.6516
5.9930,512,1.6516
5.9973,512,1.6516
6.0016,512,1.6516
6.0059,513,1.6548
6.0102,514,1.6581
6.0145,513,1.6548
6.0189,513,1.6548
6.0232,513,1.6548
6.0276,514,1.6581
6.0319,514,1.6581
6.0362,515,1.6613
6.0405,516,1.6645
6.0448,515,1.6613
6.0490,515,1.6613
6.0533,514,1.6581
6.0576,515,1.6613
6.0619,516,1.6645
6.0662,516,1.6645
6.0705,515,1.6613
6.0748,514,1.6581
6.0791,516,1.6645
6.0834,517,1.6677
6.0878,517,1.6677
6.0921,518,1.6710
6.0964,519,1.6742
6.1006,519,1.6742
6.1049,518,1.6710
6.1092,518,1.6710
6.1134,518,1.6710
6.1177,517,1.6677
6.1219,517,1.6677
6.1262,518,1.6710
6.1305,519,1.6742
6.1347,519,1.6742
6.1390,518,1.6710
6.1433,518,1.6710
6.1476,518,1.6710
6.1518,519,1.6742
6.1561,518,1.6710
6.1603,518,1.6710
6.1646,518,1.6710
6.1689,519,1.6742
6.1731,518,1.6710
6.1775,518,1.6710
6.1818,519,1.6742
6.1860,519,1.6742
6.1903,519,1.6742
6.1946,519,1.6742
6.1989,519,1.6742
6.2032,519,1.6742
6.2076,520,1.6774
6.2118,520,1.6774
6.2162,520,1.6774
6.2205,519,1.6742
6.2248,521,1.6806
6.2290,521,1.6806
6.2334,521,1.6806
6.2377,520,1.6774
6.2420,521,1.6806
6.2463,520,1.6774
6.2505,520,1.6774
6.2548,521,1.6806
6.2591,520,1.6774
6.2634,521,1.6806
6.2677,520,1.6774
6.2720,520,1.6774
6.2763,520,1.6774
6.2806,520,1.6774
6.2849,520,1.6774
6.2892,520,1.6774
6.2935,520,1.6774
6.2978,520,1.6774
6.3021,520,1.6774
6.3064,520,1.6774
6.3107,520,1.6774
6.3150,520,1.6774
6.3193,519,1.6742
6.3236,520,1.6774
6.3279,520,1.6774
6.3322,520,1.6774
6.3365,519,1.6742
6.3408,520,1.6774
6.3451,519,1.6742
6.3494,520,1.6774
6.3537,520,1.6774
6.3580,519,1.6742
6.3623,519,1.6742
6.3666,520,1.6774
6.3709,520,1.6774
6.3752,520,1.6774
6.3796,519,1.6742
6.3840,518,1.6710
6.3884,519,1.6742
6.3927,520,1.6774
6.3970,520,1.6774
6.4013,518,1.6710
6.4056,520,1.6774
6.4099,520,1.6774
6.4142,522,1.6839
6.4185,520,1.6774
6.4228,520,1.6774
6.4271,521,1.6806
6.4314,520,1.6774
6.4357,520,1.6774
6.4400,520,1.6774
6.4443,519,1.6742
6.4486,520,1.6774
6.4529,520,1.6774
6.4572,520,1.6774
6.4615,520,1.6774
6.4658,521,1.6806
6.4701,521,1.6806
6.4744,520,1.6774
6.4787,518,1.6710
6.4829,520,1.6774
6.4872,519,1.6742
6.4916,519,1.6742
6.4959,518,1.6710
6.5003,519,1.6742
6.5046,520,1.6774
6.5090,521,1.6806
6.5133,522,1.6839
6.5176,521,1.6806
6.5219,521,1.6806
6.5263,521,1.6806
6.5306,521,1.6806
6.5350,521,1.6806
6.5393,520,1.6774
6.5436,521,1.6806
6.5479,522,1.6839
6.5523,522,1.6839
6.5566,521,1.6806
6.5609,520,1.6774
6.5652,521,1.6806
6.5696,521,1.6806
6.5739,522,1.6839
6.5782,521,1.6806
6.5826,521,1.6806
6.5869,520,1.6774
6.5912,523,1.6871
6.5956,529,1.7065
6.5999,536,1.7290
6.6042,542,1.7484
6.6085,551,1.7774
6.6127,554,1.7871
6.6171,560,1.8065
6.6214,564,1.8194
6.6256,566,1.8258
6.6299,566,1.8258
6.6342,563,1.8161
6.6385,561,1.8097
6.6428,556,1.7935
6.6471,549,1.7710
6.6514,542,1.7484
6.6558,536,1.7290
6.6600,527,1.7000
6.6643,521,1.6806
6.6686,516,1.6645
6.6729,512,1.6516
6.6773,512,1.6516
6.6818,512,1.6516
6.6861,513,1.6548
6.6904,513,1.6548
6.6947,513,1.6548
6.6990,514,1.6581
6.7033,514,1.6581
6.7076,515,1.6613
6.7119,514,1.6581
6.7162,515,1.6613
6.7205,515,1.6613
6.7248,516,1.6645
6.7291,515,1.6613
6.7334,515,1.6613
6.7377,515,1.6613
6.7420,513,1.6548
6.7463,514,1.6581
6.7506,514,1.6581
6.7549,513,1.6548
6.7592,509,1.6419
6.7635,496,1.6000
6.7677,481,1.5516
6.7720,476,1.5355
6.7763,499,1.6097
6.7806,554,1.7871
6.7849,633,2.0419
6.7892,723,2.3323
6.7935,802,2.5871
6.7978,828,2.6710
6.8022,791,2.5516
6.8065,711,2.2935
6.8108,613,1.9774
6.8151,529,1.7065
6.8195,478,1.5419
6.8239,456,1.4710
6.8282,456,1.4710
6.8325,467,1.5065
6.8369,480,1.5484
6.8412,488,1.5742
6.8455,491,1.5839
6.8499,492,1.5871
6.8542,491,1.5839
6.8585,492,1.5871
6.8629,491,1.5839
6.8672,492,1.5871
6.8715,492,1.5871
6.8759,493,1.5903
6.8802,494,1.5935
6.8845,495,1.5968
6.8889,494,1.5935
6.8932,495,1.5968
6.8975,496,1.6000
6.9019,496,1.6000
6.9062,497,1.6032
6.9105,496,1.6000
6.9148,497,1.6032
6.9190,498,1.6065
6.9235,499,1.6097
6.9278,500,1.6129
6.9320,501,1.6161
6.9363,500,1.6129
6.9406,499,1.6097
6.9449,499,1.6097
6.9492,499,1.6097
6.9535,501,1.6161
6.9578,501,1.6161
6.9621,502,1.6194
6.9664,503,1.6226
6.9707,502,1.6194
6.9750,503,1.6226
6.9793,502,1.6194
6.9836,503,1.6226
6.9879,503,1.6226
6.9922,503,1.6226
6.9965,505,1.6290
7.0008,510,1.6452
7.0052,516,1.6645
7.0095,520,1.6774
7.0137,529,1.7065
7.0180,535,1.7258
7.0223,543,1.7516
7.0266,548,1.7677
7.0309,555,1.7903
7.0352,559,1.8032
7.0395,564,1.8194
7.0438,570,1.8387
7.0481,573,1.8484
7.0524,577,1.8613
7.0567,581,1.8742
7.0610,583,1.8806
7.0653,584,1.8839
7.0696,583,1.8806
7.0739,581,1.8742
7.0781,579,1.8677
7.0824,577,1.8613
7.0867,575,1.8548
7.0910,573,1.8484
7.0953,567,1.8290
7.0996,561,1.8097
7.1039,555,1.7903
7.1082,550,1.7742
7.1124,544,1.7548
7.1167,537,1.7323
7.1210,532,1.7161
7.1253,524,1.6903
7.1296,517,1.6677
7.1339,510,1.6452
7.1382,502,1.6194
7.1425,495,1.5968
7.1468,489,1.5774
7.1511,483,1.5581
7.1553,479,1.5452
7.1596,478,1.5419
7.1639,479,1.5452
7.1682,480,1.5484
7.1725,481,1.5516
7.1768,482,1.5548
7.1811,483,1.5581
7.1853,483,1.5581
7.1896,485,1.5645
7.1939,485,1.5645
7.1983,486,1.5677
7.2026,487,1.5710
7.2068,486,1.5677
7.2111,486,1.5677
7.2155,486,1.5677
7.2197,487,1.5710
7.2240,488,1.5742
7.2283,488,1.5742
7.2326,488,1.5742
7.2369,489,1.5774
7.2411,490,1.5806
7.2454,491,1.5839
7.2497,492,1.5871
7.2541,492,1.5871
7.2584,493,1.5903
7.2627,493,1.5903
7.2669,492,1.5871
7.2713,493,1.5903
7.2756,494,1.5935
7.2800,495,1.5968
7.2844,496,1.6000
7.2887,497,1.6032
7.2931,498,1.6065
7.2975,499,1.6097
7.3018,498,1.6065
7.3061,499,1.6097
7.3104,499,1.6097
7.3147,501,1.6161
7.3190,501,1.6161
7.3233,501,1.6161
7.3276,501,1.6161
7.3319,501,1.6161
7.3362,500,1.6129
7.3405,501,1.6161
7.3448,502,1.6194
7.3491,503,1.6226
7.3534,505,1.6290
7.3577,505,1.6290
7.3620,505,1.6290
7.3663,505,1.6290
7.3706,506,1.6323
7.3749,506,1.6323
7.3792,506,1.6323
7.3835,507,1.6355
7.3878,507,1.6355
7.3920,507,1.6355
7.3964,508,1.6387
7.4007,507,1.6355
7.4050,507,1.6355
7.4094,508,1.6387
7.4137,507,1.6355
7.4181,509,1.6419
7.4224,509,1.6419
7.4267,510,1.6452
7.4310,510,1.6452
7.4354,510,1.6452
7.4397,510,1.6452
7.4440,511,1.6484
7.4484,510,1.6452
7.4527,510,1.6452
7.4570,510,1.6452
7.4614,511,1.6484
7.4657,512,1.6516
7.4700,513,1.6548
7.4743,512,1.6516
7.4824,512,1.6516
7.4868,513,1.6548
7.4911,513,1.6548
7.4954,513,1.6548
7.4998,512,1.6516
7.5041,512,1.6516
7.5085,513,1.6548
7.5128,511,1.6484
7.5171,511,1.6484
7.5214,512,1.6516
7.5257,511,1.6484
7.5300,513,1.6548
7.5342,513,1.6548
7.5385,514,1.6581
7.5428,515,1.6613
7.5471,515,1.6613
7.5514,516,1.6645
7.5557,516,1.6645
7.5600,515,1.6613
7.5643,515,1.6613
7.5686,515,1.6613
7.5729,515,1.6613
7.5772,515,1.6613
7.5816,514,1.6581
7.5861,515,1.6613
7.5904,515,1.6613
7.5947,515,1.6613
7.5989,516,1.6645
7.6033,516,1.6645
7.6076,517,1.6677
7.6119,516,1.6645
7.6162,516,1.6645
7.6205,516,1.6645
7.6248,517,1.6677
7.6291,516,1.6645
7.6334,517,1.6677
7.6377,516,1.6645
7.6420,516,1.6645
7.6463,518,1.6710
7.6506,519,1.6742
7.6548,519,1.6742
7.6591,518,1.6710
7.6634,520,1.6774
7.6678,518,1.6710
7.6721,517,1.6677
7.6764,518,1.6710
7.6807,520,1.6774
7.6850,518,1.6710
7.6893,520,1.6774
7.6936,519,1.6742
7.6979,518,1.6710
7.7022,520,1.6774
7.7065,520,1.6774
7.7108,519,1.6742
7.7151,520,1.6774
7.7194,520,1.6774
7.7237,521,1.6806
7.7280,521,1.6806
7.7322,521,1.6806
7.7365,520,1.6774
7.7408,520,1.6774
7.7451,520,1.6774
7.7494,519,1.6742
7.7537,520,1.6774
7.7580,520,1.6774
7.7623,518,1.6710
7.7666,518,1.6710
7.7709,518,1.6710
7.7752,519,1.6742
7.7795,519,1.6742
7.7838,519,1.6742
7.7881,521,1.6806
7.7924,520,1.6774
7.7966,520,1.6774
7.8009,522,1.6839
7.8052,522,1.6839
7.8096,520,1.6774
7.8139,519,1.6742
7.8182,520,1.6774
7.8225,520,1.6774
7.8269,519,1.6742
7.8312,521,1.6806
7.8356,521,1.6806
7.8399,520,1.6774
7.8442,521,1.6806
7.8485,522,1.6839
7.8529,521,1.6806
7.8572,521,1.6806
7.8615,519,1.6742
7.8658,520,1.6774
7.8702,522,1.6839
7.8745,520,1.6774
7.8789,521,1.6806
7.8832,521,1.6806
7.8876,521,1.6806
7.8919,522,1.6839
7.8962,521,1.6806
7.9005,520,1.6774
7.9049,520,1.6774
7.9092,521,1.6806
7.9135,521,1.6806
7.9178,522,1.6839
7.9221,521,1.6806
7.9264,521,1.6806
7.9307,521,1.6806
7.9350,522,1.6839
7.9393,523,1.6871
7.9436,522,1.6839
7.9478,521,1.6806
7.9522,522,1.6839
7.9564,522,1.6839
7.9607,521,1.6806
7.9650,521,1.6806
7.9693,522,1.6839
7.9736,522,1.6839
7.9779,522,1.6839
7.9822,521,1.6806
7.9865,520,1.6774
7.9908,520,1.6774
7.9951,521,1.6806
7.9994,520,1.6774
8.0037,520,1.6774
8.0080,521,1.6806
8.0123,521,1.6806
8.0166,522,1.6839
8.0209,522,1.6839
8.0253,523,1.6871
8.0296,522,1.6839
8.0340,522,1.6839
8.0383,522,1.6839
8.0426,521,1.6806
8.0469,522,1.6839
8.0513,520,1.6774
8.0556,520,1.6774
8.0599,522,1.6839
8.0643,523,1.6871
8.0686,524,1.6903
8.0729,523,1.6871
8.0773,522,1.6839
8.0816,521,1.6806
8.0859,521,1.6806
8.0902,521,1.6806
8.0946,522,1.6839
8.0989,521,1.6806
8.1032,520,1.6774
8.1077,521,1.6806
8.1120,523,1.6871
8.1164,529,1.7065
8.1207,535,1.7258
8.1250,543,1.7516
8.1292,549,1.7710
8.1335,555,1.7903
8.1378,559,1.8032
8.1421,563,1.8161
8.1464,565,1.8226
8.1507,564,1.8194
8.1550,563,1.8161
8.1593,559,1.8032
8.1636,554,1.7871
8.1679,547,1.7645
8.1722,541,1.7452
8.1765,533,1.7194
8.1809,526,1.6968
8.1853,517,1.6677
8.1896,513,1.6548
8.1939,511,1.6484
8.1982,509,1.6419
8.2025,511,1.6484
8.2068,511,1.6484
8.2111,512,1.6516
8.2154,511,1.6484
8.2197,512,1.6516
8.2240,513,1.6548
8.2283,514,1.6581
8.2326,515,1.6613
8.2369,514,1.6581
8.2412,514,1.6581
8.2455,514,1.6581
8.2498,513,1.6548
8.2541,515,1.6613
8.2583,514,1.6581
8.2627,513,1.6548
8.2670,511,1.6484
8.2712,502,1.6194
8.2755,486,1.5677
8.2798,472,1.5226
8.2841,480,1.5484
8.2884,520,1.6774
8.2927,588,1.8968
8.2970,675,2.1774
8.3013,763,2.4613
8.3056,822,2.6516
8.3099,816,2.6323
8.3142,755,2.4355
8.3185,664,2.1419
8.3229,567,1.8290
8.3272,500,1.6129
8.3315,466,1.5032
8.3359,455,1.4677
8.3402,460,1.4839
8.3446,475,1.5323
8.3489,485,1.5645
8.3533,491,1.5839
8.3576,491,1.5839
8.3620,491,1.5839
8.3663,490,1.5806
8.3707,491,1.5839
8.3750,491,1.5839
8.3794,492,1.5871
8.3839,492,1.5871
8.3883,493,1.5903
8.3926,494,1.5935
8.3970,495,1.5968
8.4013,494,1.5935
8.4056,494,1.5935
8.4101,493,1.5903
8.4144,494,1.5935
8.4187,496,1.6000
8.4230,496,1.6000
8.4273,497,1.6032
8.4316,499,1.6097
8.4359,499,1.6097
8.4402,498,1.6065
8.4445,498,1.6065
8.4488,499,1.6097
8.4531,500,1.6129
8.4574,500,1.6129
8.4617,501,1.6161
8.4660,501,1.6161
8.4703,501,1.6161
8.4746,500,1.6129
8.4790,502,1.6194
8.4834,503,1.6226
8.4878,504,1.6258
8.4921,504,1.6258
8.4964,504,1.6258
8.5007,504,1.6258
8.5050,504,1.6258
8.5093,507,1.6355
8.5136,514,1.6581
8.5179,520,1.6774
8.5222,526,1.6968
8.5265,533,1.7194
8.5308,539,1.7387
8.5351,546,1.7613
8.5394,551,1.7774
8.5437,557,1.7968
8.5480,562,1.8129
8.5523,568,1.8323
8.5566,573,1.8484
8.5609,578,1.8645
8.5652,581,1.8742
8.5695,581,1.8742
8.5738,584,1.8839
8.5781,585,1.8871
8.5824,584,1.8839
8.5866,583,1.8806
8.5910,580,1.8710
8.5952,579,1.8677
8.5995,575,1.8548
8.6038,568,1.8323
8.6081,564,1.8194
8.6125,559,1.8032
8.6168,552,1.7806
8.6211,546,1.7613
8.6254,539,1.7387
8.6297,533,1.7194
8.6340,525,1.6935
8.6383,517,1.6677
8.6426,512,1.6516
8.6468,505,1.6290
8.6511,499,1.6097
8.6554,492,1.5871
8.6597,486,1.5677
8.6640,481,1.5516
8.6683,479,1.5452
8.6726,480,1.5484
8.6769,480,1.5484
8.6812,481,1.5516
8.6855,482,1.5548
8.6898,483,1.5581
8.6941,484,1.5613
8.6984,483,1.5581
8.7027,483,1.5581
8.7070,484,1.5613
8.7112,484,1.5613
8.7156,485,1.5645
8.7199,486,1.5677
8.7243,487,1.5710
8.7286,487,1.5710
8.7329,488,1.5742
8.7373,489,1.5774
8.7416,489,1.5774
8.7459,490,1.5806
8.7502,491,1.5839
8.7546,491,1.5839
8.7589,492,1.5871
8.7632,492,1.5871
8.7676,492,1.5871
8.7720,495,1.5968
8.7763,495,1.5968
8.7806,496,1.6000
8.7850,496,1.6000
8.7893,495,1.5968
8.7936,495,1.5968
8.7980,495,1.5968
8.8023,496,1.6000
8.8066,497,1.6032
8.8109,497,1.6032
8.8153,498,1.6065
8.8196,499,1.6097
8.8239,499,1.6097
8.8282,500,1.6129
8.8325,500,1.6129
8.8368,500,1.6129
8.8411,500,1.6129
8.8454,500,1.6129
8.8497,501,1.6161
8.8540,501,1.6161
8.8583,502,1.6194
8.8626,503,1.6226
8.8669,503,1.6226
8.8712,503,1.6226
8.8755,504,1.6258
8.8798,503,1.6226
8.8841,503,1.6226
8.8883,503,1.6226
8.8926,503,1.6226
8.8970,503,1.6226
8.9013,504,1.6258
8.9055,505,1.6290
8.9098,505,1.6290
8.9141,504,1.6258
8.9184,505,1.6290
8.9228,505,1.6290
8.9271,506,1.6323
8.9314,507,1.6355
8.9358,507,1.6355
8.9401,507,1.6355
8.9445,509,1.6419
8.9488,509,1.6419
8.9531,508,1.6387
8.9575,509,1.6419
8.9618,510,1.6452
8.9661,510,1.6452
8.9705,511,1.6484
8.9748,511,1.6484
8.9791,512,1.6516
8.9835,512,1.6516
8.9878,511,1.6484
8.9921,512,1.6516
8.9964,512,1.6516
9.0008,512,1.6516
9.0051,511,1.6484
9.0094,512,1.6516
9.0138,511,1.6484
9.0181,512,1.6516
9.0224,511,1.6484
9.0267,512,1.6516
9.0310,512,1.6516
9.0353,513,1.6548
9.0396,512,1.6516
9.0439,514,1.6581
9.0482,513,1.6548
9.0525,514,1.6581
9.0568,515,1.6613
9.0610,515,1.6613
9.0654,514,1.6581
9.0696,515,1.6613
9.0739,515,1.6613
9.0783,516,1.6645
9.0829,517,1.6677
9.0873,517,1.6677
9.0916,517,1.6677
9.0959,517,1.6677
9.1002,515,1.6613
9.1045,516,1.6645
9.1088,516,1.6645
9.1131,516,1.6645
9.1174,517,1.6677
9.1217,516,1.6645
9.1260,516,1.6645
9.1303,516,1.6645
9.1346,516,1.6645
9.1389,517,1.6677
9.1432,516,1.6645
9.1475,515,1.6613
9.1518,514,1.6581
9.1561,516,1.6645
9.1604,516,1.6645
9.1647,517,1.6677
9.1690,517,1.6677
9.1733,517,1.6677
9.1776,518,1.6710
9.1819,519,1.6742
9.1862,517,1.6677
9.1905,518,1.6710
9.1948,518,1.6710
9.1990,519,1.6742
9.2033,518,1.6710
9.2076,518,1.6710
9.2119,519,1.6742
9.2162,519,1.6742
9.2205,518,1.6710
9.2249,518,1.6710
9.2293,517,1.6677
9.2336,519,1.6742
9.2379,519,1.6742
9.2422,519,1.6742
9.2466,519,1.6742
9.2509,520,1.6774
9.2552,520,1.6774
9.2596,519,1.6742
9.2639,519,1.6742
9.2682,519,1.6742
9.2725,521,1.6806
9.2769,519,1.6742
9.2812,519,1.6742
9.2855,521,1.6806
9.2899,522,1.6839
9.2942,520,1.6774
9.2985,520,1.6774
9.3028,519,1.6742
9.3072,519,1.6742
9.3115,520,1.6774
9.3158,519,1.6742
9.3202,519,1.6742
9.3245,520,1.6774
9.3288,520,1.6774
9.3331,520,1.6774
9.3375,521,1.6806
9.3417,521,1.6806
9.3464,521,1.6806
9.3507,522,1.6839
9.3550,521,1.6806
9.3593,520,1.6774
9.3636,521,1.6806
9.3679,522,1.6839
9.3722,520,1.6774
9.3765,520,1.6774
9.3809,520,1.6774
9.3852,520,1.6774
9.3896,519,1.6742
9.3940,519,1.6742
9.3985,521,1.6806
9.4027,521,1.6806
9.4070,521,1.6806
9.4113,521,1.6806
9.4156,522,1.6839
9.4199,523,1.6871
9.4241,523,1.6871
9.4284,522,1.6839
9.4327,523,1.6871
9.4370,522,1.6839
9.4413,522,1.6839
9.4455,521,1.6806
9.4498,522,1.6839
9.4540,523,1.6871
9.4583,523,1.6871
9.4625,521,1.6806
9.4668,522,1.6839
9.4710,523,1.6871
9.4753,523,1.6871
9.4795,522,1.6839
9.4838,522,1.6839
9.4880,522,1.6839
9.4923,522,1.6839
9.4966,522,1.6839
9.5008,522,1.6839
9.5050,521,1.6806
9.5093,521,1.6806
9.5135,522,1.6839
9.5178,522,1.6839
9.5221,522,1.6839
9.5264,521,1.6806
9.5307,524,1.6903
9.5350,523,1.6871
9.5393,523,1.6871
9.5435,523,1.6871
9.5478,523,1.6871
9.5521,523,1.6871
9.5564,523,1.6871
9.5606,522,1.6839
9.5649,521,1.6806
9.5692,522,1.6839
9.5735,523,1.6871
9.5778,522,1.6839
9.5821,522,1.6839
9.5864,522,1.6839
9.5906,523,1.6871
9.5949,523,1.6871
9.5992,523,1.6871
9.6035,522,1.6839
9.6077,521,1.6806
9.6121,522,1.6839
9.6163,523,1.6871
9.6206,530,1.7097
9.6249,536,1.7290
9.6292,544,1.7548
9.6335,549,1.7710
9.6378,557,1.7968
9.6421,560,1.8065
9.6464,564,1.8194
9.6507,565,1.8226
9.6549,566,1.8258
9.6593,565,1.8226
9.6636,561,1.8097
9.6678,555,1.7903
9.6721,550,1.7742
9.6764,542,1.7484
9.6807,534,1.7226
9.6850,527,1.7000
9.6892,519,1.6742
9.6936,514,1.6581
9.6978,511,1.6484
9.7022,511,1.6484
9.7064,512,1.6516
9.7107,512,1.6516
9.7150,513,1.6548
9.7193,513,1.6548
9.7236,514,1.6581
9.7279,514,1.6581
9.7322,514,1.6581
9.7365,515,1.6613
9.7408,515,1.6613
9.7451,515,1.6613
9.7493,515,1.6613
9.7537,516,1.6645
9.7579,515,1.6613
9.7622,513,1.6548
9.7665,513,1.6548
9.7708,511,1.6484
9.7751,505,1.6290
9.7794,490,1.5806
9.7837,475,1.5323
9.7880,476,1.5355
9.7923,506,1.6323
9.7965,566,1.8258
9.8008,648,2.0903
9.8051,738,2.3806
9.8094,808,2.6065
9.8137,822,2.6516
9.8180,775,2.5000
9.8223,690,2.2258
9.8266,594,1.9161
9.8309,517,1.6677
9.8352,472,1.5226
9.8395,456,1.4710
9.8438,455,1.4677
9.8481,468,1.5097
9.8524,480,1.5484
9.8567,486,1.5677
9.8610,489,1.5774
9.8653,490,1.5806
9.8696,490,1.5806
9.8739,491,1.5839
9.8782,492,1.5871
9.8825,492,1.5871
9.8869,491,1.5839
9.8911,491,1.5839
9.8954,492,1.5871
9.8997,492,1.5871
9.9040,493,1.5903
9.9084,494,1.5935
9.9127,495,1.5968
9.9170,496,1.6000
9.9213,496,1.6000
9.9256,497,1.6032
9.9299,498,1.6065
9.9342,497,1.6032
9.9386,498,1.6065
9.9429,498,1.6065
9.9472,499,1.6097
9.9515,499,1.6097
9.9557,499,1.6097
9.9601,500,1.6129
9.9644,500,1.6129
9.9687,500,1.6129
9.9730,499,1.6097
9.9773,500,1.6129
9.9817,501,1.6161
9.9861,502,1.6194
9.9905,503,1.6226
9.9948,503,1.6226
9.9991,503,1.6226
10.0034,503,1.6226
10.0077,502,1.6194
10.0122,502,1.6194
10.0166,504,1.6258
10.0211,508,1.6387
10.0258,516,1.6645
10.0304,522,1.6839
10.0350,531,1.7129
10.0393,537,1.7323
10.0436,543,1.7516
10.0479,549,1.7710
10.0521,556,1.7935
10.0564,561,1.8097
10.0607,564,1.8194
10.0649,570,1.8387
10.0692,573,1.8484
10.0735,577,1.8613
10.0778,579,1.8677
10.0822,582,1.8774
10.0865,581,1.8742
10.0908,582,1.8774
10.0951,581,1.8742
10.0994,579,1.8677
10.1036,576,1.8581
10.1079,573,1.8484
10.1121,570,1.8387
10.1164,565,1.8226
10.1207,560,1.8065
10.1249,554,1.7871
10.1292,549,1.7710
10.1336,542,1.7484
10.1379,534,1.7226
10.1422,529,1.7065
10.1464,520,1.6774
10.1507,515,1.6613
10.1550,508,1.6387
10.1593,502,1.6194
10.1636,495,1.5968
10.1679,488,1.5742
10.1722,482,1.5548
10.1765,480,1.5484
10.1808,481,1.5516
10.1851,482,1.5548
10.1894,482,1.5548
10.1937,483,1.5581
10.1980,483,1.5581
10.2023,484,1.5613
10.2066,484,1.5613
10.2109,485,1.5645
10.2152,486,1.5677
10.2195,487,1.5710
10.2238,488,1.5742
10.2281,489,1.5774
10.2324,490,1.5806
10.2367,490,1.5806
10.2410,491,1.5839
10.2453,491,1.5839
10.2496,492,1.5871
10.2539,492,1.5871
10.2582,492,1.5871
10.2625,492,1.5871
10.2668,494,1.5935
10.2711,493,1.5903
10.2754,495,1.5968
10.2798,495,1.5968
10.2842,496,1.6000
10.2886,496,1.6000
10.2929,496,1.6000
10.2973,496,1.6000
10.3016,496,1.6000
10.3058,498,1.6065
10.3101,498,1.6065
10.3144,497,1.6032
10.3187,498,1.6065
10.3230,498,1.6065
10.3273,499,1.6097
10.3316,499,1.6097
10.3359,499,1.6097
10.3402,500,1.6129
10.3445,500,1.6129
10.3488,499,1.6097
10.3531,501,1.6161
10.3574,501,1.6161
10.3617,502,1.6194
10.3660,502,1.6194
10.3703,504,1.6258
10.3746,503,1.6226
10.3789,505,1.6290
10.3832,504,1.6258
10.3875,505,1.6290
10.3918,505,1.6290
10.3961,505,1.6290
10.4004,506,1.6323
10.4047,505,1.6290
10.4090,506,1.6323
10.4133,506,1.6323
10.4176,507,1.6355
10.4219,506,1.6323
10.4262,507,1.6355
10.4306,507,1.6355
10.4349,509,1.6419
10.4392,508,1.6387
10.4436,508,1.6387
10.4479,508,1.6387
10.4522,508,1.6387
10.4566,510,1.6452
10.4609,510,1.6452
10.4652,510,1.6452
10.4696,510,1.6452
10.4739,509,1.6419
10.4782,509,1.6419
10.4826,509,1.6419
10.4869,510,1.6452
10.4912,510,1.6452
10.4955,510,1.6452
10.4999,510,1.6452
10.5042,510,1.6452
10.5086,511,1.6484
10.5129,511,1.6484
10.5172,512,1.6516
10.5215,512,1.6516
10.5259,512,1.6516
10.5302,511,1.6484
10.5345,511,1.6484
10.5389,513,1.6548
10.5432,514,1.6581
10.5475,515,1.6613
10.5518,515,1.6613
10.5561,516,1.6645
10.5604,515,1.6613
10.5647,515,1.6613
10.5689,515,1.6613
10.5732,514,1.6581
10.5776,515,1.6613
10.5819,515,1.6613
10.5862,515,1.6613
10.5905,516,1.6645
10.5948,517,1.6677
10.5991,516,1.6645
10.6034,516,1.6645
10.6077,517,1.6677
10.6119,517,1.6677
10.6162,517,1.6677
10.6205,516,1.6645
10.6249,516,1.6645
10.6291,516,1.6645
10.6335,518,1.6710
10.6382,517,1.6677
10.6426,518,1.6710
10.6470,519,1.6742
10.6513,519,1.6742
10.6556,518,1.6710
10.6599,517,1.6677
10.6643,516,1.6645
10.6686,518,1.6710
10.6730,517,1.6677
10.6773,518,1.6710
10.6816,517,1.6677
10.6860,516,1.6645
10.6904,518,1.6710
10.6947,518,1.6710
10.6990,518,1.6710
10.7034,517,1.6677
10.7077,518,1.6710
10.7121,518,1.6710
10.7164,518,1.6710
10.7207,519,1.6742
10.7250,519,1.6742
10.7294,519,1.6742
10.7339,518,1.6710
10.7382,518,1.6710
10.7425,519,1.6742
10.7468,520,1.6774
10.7512,519,1.6742
10.7555,519,1.6742
10.7598,519,1.6742
10.7640,519,1.6742
10.7684,518,1.6710
10.7727,518,1.6710
10.7770,519,1.6742
10.7813,519,1.6742
10.7856,519,1.6742
10.7900,519,1.6742
10.7943,519,1.6742
10.7985,518,1.6710
10.8028,519,1.6742
10.8071,518,1.6710
10.8115,519,1.6742
10.8158,519,1.6742
10.8200,519,1.6742
10.8243,520,1.6774
10.8286,520,1.6774
10.8330,521,1.6806
10.8373,521,1.6806
10.8416,520,1.6774
10.8459,519,1.6742
10.8502,519,1.6742
10.8545,519,1.6742
10.8588,519,1.6742
10.8631,518,1.6710
10.8675,518,1.6710
10.8719,520,1.6774
10.8762,521,1.6806
10.8806,521,1.6806
10.8850,521,1.6806
10.8894,521,1.6806
10.8938,521,1.6806
10.8981,522,1.6839
10.9023,522,1.6839
10.9066,521,1.6806
10.9109,521,1.6806
10.9153,522,1.6839
10.9196,521,1.6806
10.9238,520,1.6774
10.9281,521,1.6806
10.9324,522,1.6839
10.9372,521,1.6806
10.9415,522,1.6839
10.9458,522,1.6839
10.9501,521,1.6806
10.9545,521,1.6806
10.9588,521,1.6806
10.9631,521,1.6806
10.9674,521,1.6806
10.9717,521,1.6806
10.9761,521,1.6806
10.9804,520,1.6774
10.9847,521,1.6806
10.9890,521,1.6806
10.9934,521,1.6806
10.9977,521,1.6806
11.0020,521,1.6806
11.0063,523,1.6871
11.0112,522,1.6839
11.0155,521,1.6806
11.0198,520,1.6774
11.0241,520,1.6774
11.0284,520,1.6774
11.0327,521,1.6806
11.0370,521,1.6806
11.0414,522,1.6839
11.0457,521,1.6806
11.0500,519,1.6742
11.0543,521,1.6806
11.0586,521,1.6806
11.0629,520,1.6774
11.0672,522,1.6839
11.0715,523,1.6871
11.0758,522,1.6839
11.0801,522,1.6839
11.0844,522,1.6839
11.0887,520,1.6774
11.0930,521,1.6806
11.0974,521,1.6806
11.1017,521,1.6806
11.1060,521,1.6806
11.1103,521,1.6806
11.1146,520,1.6774
11.1189,521,1.6806
11.1232,526,1.6968
11.1275,531,1.7129
11.1318,539,1.7387
11.1361,546,1.7613
11.1404,552,1.7806
11.1448,558,1.8000
11.1495,561,1.8097
11.1542,565,1.8226
11.1585,567,1.8290
11.1628,566,1.8258
11.1671,563,1.8161
11.1714,559,1.8032
11.1757,555,1.7903
11.1802,551,1.7774
11.1846,543,1.7516
11.1892,536,1.7290
11.1936,529,1.7065
11.1979,522,1.6839
11.2023,515,1.6613
11.2065,510,1.6452
11.2108,510,1.6452
11.2152,510,1.6452
11.2195,512,1.6516
11.2238,511,1.6484
11.2281,512,1.6516
11.2324,511,1.6484
11.2367,512,1.6516
11.2410,512,1.6516
11.2453,513,1.6548
11.2496,514,1.6581
11.2539,515,1.6613
11.2582,515,1.6613
11.2625,514,1.6581
11.2668,514,1.6581
11.2711,515,1.6613
11.2754,516,1.6645
11.2797,516,1.6645
11.2840,512,1.6516
11.2883,497,1.6032
11.2926,481,1.5516
11.2969,475,1.5323
11.3013,497,1.6032
11.3056,550,1.7742
11.3099,630,2.0323
11.3142,719,2.3194
11.3185,799,2.5774
11.3228,828,2.6710
11.3271,792,2.5548
11.3314,714,2.3032
11.3357,620,2.0000
11.3400,534,1.7226
11.3444,480,1.5484
11.3486,458,1.4774
11.3529,456,1.4710
11.3572,467,1.5065
11.3615,479,1.5452
11.3658,486,1.5677
11.3701,489,1.5774
11.3744,490,1.5806
11.3787,491,1.5839
11.3830,491,1.5839
11.3873,491,1.5839
11.3916,492,1.5871
11.3959,493,1.5903
11.4002,493,1.5903
11.4045,494,1.5935
11.4088,494,1.5935
11.4131,494,1.5935
11.4174,494,1.5935
11.4217,496,1.6000
11.4261,496,1.6000
11.4304,497,1.6032
11.4347,497,1.6032
11.4390,497,1.6032
11.4433,496,1.6000
11.4476,498,1.6065
11.4519,498,1.6065
11.4562,498,1.6065
11.4605,498,1.6065
11.4648,499,1.6097
11.4691,499,1.6097
11.4734,499,1.6097
11.4777,500,1.6129
11.4820,500,1.6129
11.4863,500,1.6129
11.4906,501,1.6161
11.4950,502,1.6194
11.4993,502,1.6194
11.5036,503,1.6226
11.5079,503,1.6226
11.5122,503,1.6226
11.5165,503,1.6226
11.5207,504,1.6258
11.5251,507,1.6355
11.5294,514,1.6581
11.5337,519,1.6742
11.5380,526,1.6968
11.5423,533,1.7194
11.5466,540,1.7419
11.5509,548,1.7677
11.5552,553,1.7839
11.5595,558,1.8000
11.5638,564,1.8194
11.5681,568,1.8323
11.5724,572,1.8452
11.5767,576,1.8581
11.5810,578,1.8645
11.5853,583,1.8806
11.5896,583,1.8806
11.5939,582,1.8774
11.5982,581,1.8742
11.6026,580,1.8710
11.6069,579,1.8677
11.6112,577,1.8613
11.6155,574,1.8516
11.6198,568,1.8323
11.6241,564,1.8194
11.6284,558,1.8000
11.6327,553,1.7839
11.6370,545,1.7581
11.6413,539,1.7387
11.6456,532,1.7161
11.6499,524,1.6903
11.6542,517,1.6677
11.6585,511,1.6484
11.6628,504,1.6258
11.6671,497,1.6032
11.6714,491,1.5839
11.6757,485,1.5645
11.6800,480,1.5484
11.6844,479,1.5452
11.6887,479,1.5452
11.6930,480,1.5484
11.6973,482,1.5548
11.7016,482,1.5548
11.7059,484,1.5613
11.7102,485,1.5645
11.7145,485,1.5645
11.7188,485,1.5645
11.7231,485,1.5645
11.7276,485,1.5645
11.7319,486,1.5677
11.7362,487,1.5710
11.7405,486,1.5677
11.7448,488,1.5742
11.7491,489,1.5774
11.7534,490,1.5806
11.7577,491,1.5839
11.7620,493,1.5903
11.7663,492,1.5871
11.7706,493,1.5903
11.7749,493,1.5903
11.7793,492,1.5871
11.7838,494,1.5935
11.7882,495,1.5968
11.7926,496,1.6000
11.7969,496,1.6000
11.8012,496,1.6000
11.8055,496,1.6000
11.8098,497,1.6032
11.8142,497,1.6032
11.8184,497,1.6032
11.8227,497,1.6032
11.8270,498,1.6065
11.8314,499,1.6097
11.8357,500,1.6129
11.8400,500,1.6129
11.8443,499,1.6097
11.8486,500,1.6129
11.8529,501,1.6161
11.8572,501,1.6161
11.8615,502,1.6194
11.8658,500,1.6129
11.8701,502,1.6194
11.8744,502,1.6194
11.8788,502,1.6194
11.8831,501,1.6161
11.8874,502,1.6194
11.8917,501,1.6161
11.8960,504,1.6258
11.9003,505,1.6290
11.9046,505,1.6290
11.9089,505,1.6290
11.9133,505,1.6290
11.9176,505,1.6290
11.9219,505,1.6290
11.9262,505,1.6290
11.9305,505,1.6290
11.9348,505,1.6290
11.9391,506,1.6323
11.9434,507,1.6355
11.9478,507,1.6355
11.9521,508,1.6387
11.9564,509,1.6419
11.9607,508,1.6387
11.9650,508,1.6387
11.9693,509,1.6419
11.9736,509,1.6419
11.9779,509,1.6419
11.9822,508,1.6387
11.9865,509,1.6419
11.9908,509,1.6419
11.9951,511,1.6484
11.9994,511,1.6484
12.0037,511,1.6484
12.0080,511,1.6484
12.0123,512,1.6516
12.0166,512,1.6516
12.0209,511,1.6484
12.0252,511,1.6484
12.0295,511,1.6484
12.0338,512,1.6516
12.0382,512,1.6516
12.0424,513,1.6548
12.0467,513,1.6548
12.0511,513,1.6548
12.0553,513,1.6548
12.0597,513,1.6548
12.0640,513,1.6548
12.0682,513,1.6548
12.0725,513,1.6548
12.0769,513,1.6548
12.0813,513,1.6548
12.0857,514,1.6581
12.0901,515,1.6613
12.0944,514,1.6581
12.0988,515,1.6613
12.1031,514,1.6581
12.1074,516,1.6645
12.1117,516,1.6645
12.1160,516,1.6645
12.1203,516,1.6645
12.1246,516,1.6645
12.1289,516,1.6645
12.1332,518,1.6710
12.1376,518,1.6710
12.1419,518,1.6710
12.1462,518,1.6710
12.1505,518,1.6710
12.1548,519,1.6742
12.1591,518,1.6710
12.1634,518,1.6710
12.1677,517,1.6677
12.1720,517,1.6677
12.1763,517,1.6677
12.1806,517,1.6677
12.1850,518,1.6710
12.1893,517,1.6677
12.1936,519,1.6742
12.1979,519,1.6742
12.2022,518,1.6710
12.2065,520,1.6774
12.2108,520,1.6774
12.2151,521,1.6806
12.2196,520,1.6774
12.2239,519,1.6742
12.2282,517,1.6677
12.2325,519,1.6742
12.2368,518,1.6710
12.2411,518,1.6710
12.2454,520,1.6774
12.2498,520,1.6774
12.2541,519,1.6742
12.2584,519,1.6742
12.2627,519,1.6742
12.2670,518,1.6710
12.2713,518,1.6710
12.2756,517,1.6677
12.2798,517,1.6677
12.2842,517,1.6677
12.2885,519,1.6742
12.2927,520,1.6774
12.2971,518,1.6710
12.3014,520,1.6774
12.3057,520,1.6774
12.3100,520,1.6774
12.3142,519,1.6742
12.3185,519,1.6742
12.3228,519,1.6742
12.3271,520,1.6774
12.3313,520,1.6774
12.3356,521,1.6806
12.3399,521,1.6806
12.3442,520,1.6774
12.3484,520,1.6774
12.3528,520,1.6774
12.3571,520,1.6774
12.3613,520,1.6774
12.3657,520,1.6774
12.3700,521,1.6806
12.3743,521,1.6806
12.3788,521,1.6806
12.3831,521,1.6806
12.3875,519,1.6742
12.3917,521,1.6806
12.3961,521,1.6806
12.4003,521,1.6806
12.4047,520,1.6774
12.4090,521,1.6806
12.4133,521,1.6806
12.4176,522,1.6839
12.4219,522,1.6839
12.4263,522,1.6839
12.4305,523,1.6871
12.4348,523,1.6871
12.4391,522,1.6839
12.4434,522,1.6839
12.4477,522,1.6839
12.4521,522,1.6839
12.4564,522,1.6839
12.4606,521,1.6806
12.4649,522,1.6839
12.4692,522,1.6839
12.4734,521,1.6806
12.4777,522,1.6839
12.4820,521,1.6806
12.4863,522,1.6839
12.4905,521,1.6806
12.4948,522,1.6839
12.4990,521,1.6806
12.5033,522,1.6839
12.5076,520,1.6774
12.5119,522,1.6839
12.5162,522,1.6839
12.5204,522,1.6839
12.5247,522,1.6839
12.5290,521,1.6806
12.5332,520,1.6774
12.5375,521,1.6806
12.5421,522,1.6839
12.5464,520,1.6774
12.5507,521,1.6806
12.5550,521,1.6806
12.5592,521,1.6806
12.5635,521,1.6806
12.5678,521,1.6806
12.5721,521,1.6806
12.5763,521,1.6806
12.5805,521,1.6806
12.5848,519,1.6742
12.5891,520,1.6774
12.5934,522,1.6839
12.5977,523,1.6871
12.6019,523,1.6871
12.6062,523,1.6871
12.6105,522,1.6839
12.6148,522,1.6839
12.6191,522,1.6839
12.6233,520,1.6774
12.6277,520,1.6774
12.6320,521,1.6806
12.6363,523,1.6871
12.6405,527,1.7000
12.6448,535,1.7258
12.6492,543,1.7516
12.6535,549,1.7710
12.6578,554,1.7871
12.6620,559,1.8032
12.6663,563,1.8161
12.6707,566,1.8258
12.6750,566,1.8258
12.6793,563,1.8161
12.6838,560,1.8065
12.6882,554,1.7871
12.6926,549,1.7710
12.6969,542,1.7484
12.7012,534,1.7226
12.7055,526,1.6968
12.7099,520,1.6774
12.7142,514,1.6581
12.7185,511,1.6484
12.7230,511,1.6484
12.7273,511,1.6484
12.7316,512,1.6516
12.7359,512,1.6516
12.7402,512,1.6516
12.7445,513,1.6548
12.7488,513,1.6548
12.7532,515,1.6613
12.7575,515,1.6613
12.7618,514,1.6581
12.7661,514,1.6581
12.7704,515,1.6613
12.7747,516,1.6645
12.7790,517,1.6677
12.7833,515,1.6613
12.7876,515,1.6613
12.7919,513,1.6548
12.7964,503,1.6226
12.8007,486,1.5677
12.8050,473,1.5258
12.8093,480,1.5484
12.8136,522,1.6839
12.8179,591,1.9065
12.8222,679,2.1903
12.8265,765,2.4677
12.8308,822,2.6516
12.8351,814,2.6258
12.8394,752,2.4258
12.8437,662,2.1355
12.8480,570,1.8387
12.8524,502,1.6194
12.8567,466,1.5032
12.8610,455,1.4677
12.8653,461,1.4871
12.8696,474,1.5290
12.8739,484,1.5613
12.8782,489,1.5774
12.8825,490,1.5806
12.8868,491,1.5839
12.8911,491,1.5839
12.8954,490,1.5806
12.8997,491,1.5839
12.9040,491,1.5839
12.9083,493,1.5903
12.9126,494,1.5935
12.9173,494,1.5935
12.9217,495,1.5968
12.9260,496,1.6000
12.9303,496,1.6000
12.9346,496,1.6000
12.9389,495,1.5968
12.9432,496,1.6000
12.9475,496,1.6000
12.9518,497,1.6032
12.9562,497,1.6032
12.9605,496,1.6000
12.9648,496,1.6000
12.9691,497,1.6032
12.9733,498,1.6065
12.9777,499,1.6097
12.9823,500,1.6129
12.9867,503,1.6226
12.9911,500,1.6129
12.9954,499,1.6097
12.9998,500,1.6129
13.0041,501,1.6161
13.0084,503,1.6226
13.0127,503,1.6226
13.0170,503,1.6226
13.0213,503,1.6226
13.0256,503,1.6226
13.0299,503,1.6226
13.0342,507,1.6355
13.0385,512,1.6516
13.0428,519,1.6742
13.0471,524,1.6903
13.0514,531,1.7129
13.0558,537,1.7323
13.0601,544,1.7548
13.0644,552,1.7806
13.0687,558,1.8000
13.0730,562,1.8129
13.0773,567,1.8290
13.0816,572,1.8452
13.0859,574,1.8516
13.0902,575,1.8548
13.0945,574,1.8516
13.0988,578,1.8645
13.1031,579,1.8677
13.1074,580,1.8710
13.1117,580,1.8710
13.1160,579,1.8677
13.1203,578,1.8645
13.1247,574,1.8516
13.1289,572,1.8452
13.1332,567,1.8290
13.1376,562,1.8129
13.1419,558,1.8000
13.1462,552,1.7806
13.1505,546,1.7613
13.1548,538,1.7355
13.1591,531,1.7129
13.1634,524,1.6903
13.1677,518,1.6710
13.1720,512,1.6516
13.1763,506,1.6323
13.1806,497,1.6032
13.1849,492,1.5871
13.1892,486,1.5677
13.1935,481,1.5516
13.1978,479,1.5452
13.2021,479,1.5452
13.2064,480,1.5484
13.2107,481,1.5516
13.2150,480,1.5484
13.2193,481,1.5516
13.2236,482,1.5548
13.2279,483,1.5581
13.2322,484,1.5613
13.2365,484,1.5613
13.2408,485,1.5645
13.2451,485,1.5645
13.2494,487,1.5710
13.2537,488,1.5742
13.2580,487,1.5710
13.2623,487,1.5710
13.2666,488,1.5742
13.2709,489,1.5774
13.2752,490,1.5806
13.2795,490,1.5806
13.2838,492,1.5871
13.2881,491,1.5839
13.2924,492,1.5871
13.2967,493,1.5903
13.3010,493,1.5903
13.3053,492,1.5871
13.3096,493,1.5903
13.3139,495,1.5968
13.3182,495,1.5968
13.3225,495,1.5968
13.3268,495,1.5968
13.3311,496,1.6000
13.3354,497,1.6032
13.3397,498,1.6065
13.3440,498,1.6065
13.3483,497,1.6032
13.3526,498,1.6065
13.3569,498,1.6065
13.3612,499,1.6097
13.3655,501,1.6161
13.3698,502,1.6194
13.3741,502,1.6194
13.3784,502,1.6194
13.3828,501,1.6161
13.3871,502,1.6194
13.3914,503,1.6226
13.3957,502,1.6194
13.4000,503,1.6226
13.4043,504,1.6258
13.4086,504,1.6258
13.4129,504,1.6258
13.4172,507,1.6355
13.4215,506,1.6323
13.4258,508,1.6387
13.4301,507,1.6355
13.4344,506,1.6323
13.4387,506,1.6323
13.4430,506,1.6323
13.4473,507,1.6355
13.4516,507,1.6355
13.4559,508,1.6387
13.4602,509,1.6419
13.4646,509,1.6419
13.4689,508,1.6387
13.4732,509,1.6419
13.4775,508,1.6387
13.4818,508,1.6387
13.4861,509,1.6419
13.4905,510,1.6452
13.4948,511,1.6484
13.4991,512,1.6516
13.5034,512,1.6516
13.5077,511,1.6484
13.5120,512,1.6516
13.5163,512,1.6516
13.5206,512,1.6516
13.5249,512,1.6516
13.5292,512,1.6516
13.5335,513,1.6548
13.5378,513,1.6548
13.5421,512,1.6516
13.5464,513,1.6548
13.5507,513,1.6548
13.5550,513,1.6548
13.5593,514,1.6581
13.5636,515,1.6613
13.5679,515,1.6613
13.5722,515,1.6613
13.5764,515,1.6613
13.5808,514,1.6581
13.5852,511,1.6484
13.5896,513,1.6548
13.5939,514,1.6581
13.5981,515,1.6613
13.6024,513,1.6548
13.6066,513,1.6548
13.6110,514,1.6581
13.6153,514,1.6581
13.6195,514,1.6581
13.6238,514,1.6581
13.6281,514,1.6581
13.6325,515,1.6613
13.6367,515,1.6613
13.6410,515,1.6613
13.6453,515,1.6613
13.6497,515,1.6613
13.6539,516,1.6645
13.6582,516,1.6645
13.6626,516,1.6645
13.6669,517,1.6677
13.6712,516,1.6645
13.6755,517,1.6677
13.6798,518,1.6710
13.6840,517,1.6677
13.6883,516,1.6645
13.6927,518,1.6710
13.6970,518,1.6710
13.7012,518,1.6710
13.7055,517,1.6677
13.7098,517,1.6677
13.7142,518,1.6710
13.7185,518,1.6710
13.7230,517,1.6677
13.7273,518,1.6710
13.7316,518,1.6710
13.7359,518,1.6710
13.7402,518,1.6710
13.7445,518,1.6710
13.7488,518,1.6710
13.7531,519,1.6742
13.7574,519,1.6742
13.7618,520,1.6774
13.7660,520,1.6774
13.7703,519,1.6742
13.7747,521,1.6806
13.7790,519,1.6742
13.7833,521,1.6806
13.7876,521,1.6806
13.7919,522,1.6839
13.7962,521,1.6806
13.8005,521,1.6806
13.8048,521,1.6806
13.8091,520,1.6774
13.8134,521,1.6806
13.8177,521,1.6806
13.8220,520,1.6774
13.8263,521,1.6806
13.8306,523,1.6871
13.8349,523,1.6871
13.8392,522,1.6839
13.8435,521,1.6806
13.8478,522,1.6839
13.8521,522,1.6839
13.8564,521,1.6806
13.8607,521,1.6806
13.8650,519,1.6742
13.8693,520,1.6774
13.8736,521,1.6806
13.8780,521,1.6806
13.8826,521,1.6806
13.8869,520,1.6774
13.8913,521,1.6806
13.8957,521,1.6806
13.9000,520,1.6774
13.9043,520,1.6774
13.9086,520,1.6774
13.9129,520,1.6774
13.9172,519,1.6742
13.9215,520,1.6774
13.9258,521,1.6806
13.9301,522,1.6839
13.9345,521,1.6806
13.9388,521,1.6806
13.9431,521,1.6806
13.9474,521,1.6806
13.9517,522,1.6839
13.9560,521,1.6806
13.9603,521,1.6806
13.9646,521,1.6806
13.9689,521,1.6806
13.9732,521,1.6806
13.9775,521,1.6806
13.9818,523,1.6871
13.9861,523,1.6871
13.9904,523,1.6871
13.9947,523,1.6871
13.9990,522,1.6839
14.0033,522,1.6839
14.0076,521,1.6806
14.0119,521,1.6806
14.0162,522,1.6839
14.0205,522,1.6839
14.0248,520,1.6774
14.0292,521,1.6806
14.0335,522,1.6839
14.0378,522,1.6839
14.0421,521,1.6806
14.0464,521,1.6806
14.0507,521,1.6806
14.0550,522,1.6839
14.0593,520,1.6774
14.0636,521,1.6806
14.0679,522,1.6839
14.0722,521,1.6806
14.0765,521,1.6806
14.0808,522,1.6839
14.0851,522,1.6839
14.0894,523,1.6871
14.0937,521,1.6806
14.0980,521,1.6806
14.1023,521,1.6806
14.1066,522,1.6839
14.1109,522,1.6839
14.1152,522,1.6839
14.1195,521,1.6806
14.1238,521,1.6806
14.1281,520,1.6774
14.1324,521,1.6806
14.1367,520,1.6774
14.1410,520,1.6774
14.1453,521,1.6806
14.1496,526,1.6968
14.1539,534,1.7226
14.1582,542,1.7484
14.1625,547,1.7645
14.1669,553,1.7839
14.1712,558,1.8000
14.1755,562,1.8129
14.1798,564,1.8194
14.1841,566,1.8258
14.1884,565,1.8226
14.1926,563,1.8161
14.1969,557,1.7968
14.2013,551,1.7774
14.2055,544,1.7548
14.2098,536,1.7290
14.2141,528,1.7032
14.2186,522,1.6839
14.2230,515,1.6613
14.2273,511,1.6484
14.2316,512,1.6516
14.2359,512,1.6516
14.2402,514,1.6581
14.2445,514,1.6581
14.2488,514,1.6581
14.2531,515,1.6613
14.2574,515,1.6613
14.2617,514,1.6581
14.2660,513,1.6548
14.2703,513,1.6548
14.2746,513,1.6548
14.2789,513,1.6548
14.2832,512,1.6516
14.2876,513,1.6548
14.2918,512,1.6516
14.2961,514,1.6581
14.3004,514,1.6581
14.3047,507,1.6355
14.3090,494,1.5935
14.3133,478,1.5419
14.3176,474,1.5290
14.3220,503,1.6226
14.3263,561,1.8097
14.3306,641,2.0677
14.3349,732,2.3613
14.3392,807,2.6032
14.3435,822,2.6516
14.3478,779,2.5129
14.3521,699,2.2548
14.3564,604,1.9484
14.3607,523,1.6871
14.3650,474,1.5290
14.3693,457,1.4742
14.3736,456,1.4710
14.3779,467,1.5065
14.3822,480,1.5484
14.3865,488,1.5742
14.3908,490,1.5806
14.3951,490,1.5806
14.3994,491,1.5839
14.4037,491,1.5839
14.4080,491,1.5839
14.4123,491,1.5839
14.4166,493,1.5903
14.4209,493,1.5903
14.4253,494,1.5935
14.4296,494,1.5935
14.4339,495,1.5968
14.4382,496,1.6000
14.4425,496,1.6000
14.4468,496,1.6000
14.4511,496,1.6000
14.4554,498,1.6065
14.4596,498,1.6065
14.4640,498,1.6065
14.4683,498,1.6065
14.4726,498,1.6065
14.4771,498,1.6065
14.4815,498,1.6065
14.4859,499,1.6097
14.4903,501,1.6161
14.4946,501,1.6161
14.4988,500,1.6129
14.5031,500,1.6129
14.5074,500,1.6129
14.5117,501,1.6161
14.5159,501,1.6161
14.5202,502,1.6194
14.5244,502,1.6194
14.5287,502,1.6194
14.5330,503,1.6226
14.5372,503,1.6226
14.5415,505,1.6290
14.5457,508,1.6387
14.5500,514,1.6581
14.5543,521,1.6806
14.5585,527,1.7000
14.5628,533,1.7194
14.5671,539,1.7387
14.5714,548,1.7677
14.5756,553,1.7839
14.5799,560,1.8065
14.5841,563,1.8161
14.5884,567,1.8290
14.5927,574,1.8516
14.5970,577,1.8613
14.6012,579,1.8677
14.6055,581,1.8742
14.6098,582,1.8774
14.6140,582,1.8774
14.6183,580,1.8710
14.6225,581,1.8742
14.6268,578,1.8645
14.6311,576,1.8581
14.6353,573,1.8484
14.6396,570,1.8387
14.6439,565,1.8226
14.6481,559,1.8032
14.6524,552,1.7806
14.6566,546,1.7613
14.6609,538,1.7355
14.6652,531,1.7129
14.6695,525,1.6935
14.6738,518,1.6710
14.6781,512,1.6516
14.6828,504,1.6258
14.6871,498,1.6065
14.6914,491,1.5839
14.6957,484,1.5613
14.6999,480,1.5484
14.7043,479,1.5452
14.7085,478,1.5419
14.7128,479,1.5452
14.7171,480,1.5484
14.7214,480,1.5484
14.7257,481,1.5516
14.7300,483,1.5581
14.7342,485,1.5645
14.7385,486,1.5677
14.7428,486,1.5677
14.7471,487,1.5710
14.7514,487,1.5710
14.7557,487,1.5710
14.7600,488,1.5742
14.7643,489,1.5774
14.7686,489,1.5774
14.7730,490,1.5806
14.7776,490,1.5806
14.7834,491,1.5839
14.7878,491,1.5839
14.7922,491,1.5839
14.7965,493,1.5903
14.8008,494,1.5935
14.8050,495,1.5968
14.8093,495,1.5968
14.8137,495,1.5968
14.8180,496,1.6000
14.8223,496,1.6000
14.8266,495,1.5968
14.8309,495,1.5968
14.8353,496,1.6000
14.8396,497,1.6032
14.8439,497,1.6032
14.8482,498,1.6065
14.8525,499,1.6097
14.8568,500,1.6129
14.8612,500,1.6129
14.8654,500,1.6129
14.8698,500,1.6129
14.8741,500,1.6129
14.8784,500,1.6129
14.8826,502,1.6194
14.8869,502,1.6194
14.8911,503,1.6226
14.8955,503,1.6226
14.8997,503,1.6226
14.9040,503,1.6226
14.9082,502,1.6194
14.9125,503,1.6226
14.9168,503,1.6226
14.9211,504,1.6258
14.9254,503,1.6226
14.9296,504,1.6258
14.9339,504,1.6258
14.9382,504,1.6258
14.9424,505,1.6290
14.9467,506,1.6323
14.9512,506,1.6323
14.9555,505,1.6290
14.9598,505,1.6290
14.9643,506,1.6323
14.9685,506,1.6323
14.9728,506,1.6323
14.9772,507,1.6355
14.9814,508,1.6387
14.9857,508,1.6387
14.9900,509,1.6419
14.9943,509,1.6419
14.9986,509,1.6419
15.0028,509,1.6419
15.0071,509,1.6419
15.0114,510,1.6452
15.0157,511,1.6484
15.0201,511,1.6484
15.0246,511,1.6484
15.0291,512,1.6516
15.0336,511,1.6484
15.0383,512,1.6516
15.0427,512,1.6516
15.0470,513,1.6548
15.0513,513,1.6548
15.0555,514,1.6581
15.0598,513,1.6548
15.0641,513,1.6548
15.0683,514,1.6581
15.0726,515,1.6613
15.0769,514,1.6581
15.0812,514,1.6581
15.0855,514,1.6581
15.0897,514,1.6581
15.0940,515,1.6613
15.0982,515,1.6613
15.1025,515,1.6613
15.1067,516,1.6645
15.1109,515,1.6613
15.1152,515,1.6613
15.1194,516,1.6645
15.1237,516,1.6645
15.1279,517,1.6677
15.1321,517,1.6677
15.1364,517,1.6677
15.1406,516,1.6645
15.1449,516,1.6645
15.1491,516,1.6645
15.1533,517,1.6677
15.1576,516,1.6645
15.1618,516,1.6645
15.1660,516,1.6645
15.1703,517,1.6677
15.1745,518,1.6710
15.1788,517,1.6677
15.1831,517,1.6677
15.1874,517,1.6677
15.1917,517,1.6677
15.1960,517,1.6677
15.2003,518,1.6710
15.2046,518,1.6710
15.2089,517,1.6677
15.2132,518,1.6710
15.2175,518,1.6710
15.2219,518,1.6710
15.2262,517,1.6677
15.2305,517,1.6677
15.2348,517,1.6677
15.2391,517,1.6677
15.2434,515,1.6613
15.2477,517,1.6677
15.2520,518,1.6710
15.2563,518,1.6710
15.2606,518,1.6710
15.2649,518,1.6710
15.2692,519,1.6742
15.2735,519,1.6742
15.2778,519,1.6742
15.2821,519,1.6742
15.2865,519,1.6742
15.2908,518,1.6710
15.2951,520,1.6774
15.2994,520,1.6774
15.3037,520,1.6774
15.3079,520,1.6774
15.3122,521,1.6806
15.3164,521,1.6806
15.3207,520,1.6774
15.3250,521,1.6806
15.3292,520,1.6774
15.3335,520,1.6774
15.3378,521,1.6806
15.3420,519,1.6742
15.3463,519,1.6742
15.3506,519,1.6742
15.3548,521,1.6806
15.3591,522,1.6839
15.3633,520,1.6774
15.3676,520,1.6774
15.3719,520,1.6774
15.3761,521,1.6806
15.3806,520,1.6774
15.3855,519,1.6742
15.3899,520,1.6774
15.3942,521,1.6806
15.3985,521,1.6806
15.4028,522,1.6839
15.4071,524,1.6903
15.4114,523,1.6871
15.4157,523,1.6871
15.4200,522,1.6839
15.4244,522,1.6839
15.4287,521,1.6806
15.4330,522,1.6839
15.4373,521,1.6806
15.4416,521,1.6806
15.4459,522,1.6839
15.4502,520,1.6774
15.4546,527,1.7000
15.4590,520,1.6774
15.4633,521,1.6806
15.4677,520,1.6774
15.4720,520,1.6774
15.4763,521,1.6806
15.4806,522,1.6839
15.4849,520,1.6774
15.4892,522,1.6839
15.4935,523,1.6871
15.4978,522,1.6839
15.5021,522,1.6839
15.5064,523,1.6871
15.5107,523,1.6871
15.5150,522,1.6839
15.5193,523,1.6871
15.5237,523,1.6871
15.5280,522,1.6839
15.5323,522,1.6839
15.5366,522,1.6839
15.5409,522,1.6839
15.5452,522,1.6839
15.5496,520,1.6774
15.5539,520,1.6774
15.5581,521,1.6806
15.5624,521,1.6806
15.5667,522,1.6839
15.5711,522,1.6839
15.5754,522,1.6839
15.5797,521,1.6806
15.5840,521,1.6806
15.5883,522,1.6839
15.5926,522,1.6839
15.5969,522,1.6839
15.6012,522,1.6839
15.6055,521,1.6806
15.6103,519,1.6742
15.6146,521,1.6806
15.6189,521,1.6806
15.6232,522,1.6839
15.6276,522,1.6839
15.6319,522,1.6839
15.6362,521,1.6806
15.6405,521,1.6806
15.6448,520,1.6774
15.6491,521,1.6806
15.6534,522,1.6839
15.6577,522,1.6839
15.6620,522,1.6839
15.6663,524,1.6903
15.6706,528,1.7032
15.6749,535,1.7258
15.6793,542,1.7484
15.6837,550,1.7742
15.6881,556,1.7935
15.6925,562,1.8129
15.6968,564,1.8194
15.7011,565,1.8226
15.7054,564,1.8194
15.7097,564,1.8194
15.7140,560,1.8065
15.7183,555,1.7903
15.7226,549,1.7710
15.7270,540,1.7419
15.7313,532,1.7161
15.7356,524,1.6903
15.7399,518,1.6710
15.7442,513,1.6548
15.7485,512,1.6516
15.7528,512,1.6516
15.7571,512,1.6516
15.7614,512,1.6516
15.7657,511,1.6484
15.7700,513,1.6548
15.7744,512,1.6516
15.7787,513,1.6548
15.7830,512,1.6516
15.7873,512,1.6516
15.7916,513,1.6548
15.7959,514,1.6581
15.8002,514,1.6581
15.8045,513,1.6548
15.8088,514,1.6581
15.8131,514,1.6581
15.8175,515,1.6613
15.8218,513,1.6548
15.8261,504,1.6258
15.8304,487,1.5710
15.8347,473,1.5258
15.8391,478,1.5419
15.8434,516,1.6645
15.8477,584,1.8839
15.8519,669,2.1581
15.8563,758,2.4452
15.8606,819,2.6419
15.8649,817,2.6355
15.8691,757,2.4419
15.8735,671,2.1645
15.8778,574,1.8516
15.8821,504,1.6258
15.8864,466,1.5032
15.8907,453,1.4613
15.8950,458,1.4774
15.8993,472,1.5226
15.9036,483,1.5581
15.9079,488,1.5742
15.9122,490,1.5806
15.9170,492,1.5871
15.9213,492,1.5871
15.9257,492,1.5871
15.9300,493,1.5903
15.9343,492,1.5871
15.9386,492,1.5871
15.9429,493,1.5903
15.9472,494,1.5935
15.9515,495,1.5968
15.9558,496,1.6000
15.9601,497,1.6032
15.9644,497,1.6032
15.9687,498,1.6065
15.9730,498,1.6065
15.9773,499,1.6097
15.9816,499,1.6097
15.9859,499,1.6097
15.9902,499,1.6097
15.9945,498,1.6065
15.9988,497,1.6032
16.0031,498,1.6065
16.0075,498,1.6065
16.0118,500,1.6129
16.0161,500,1.6129
16.0204,500,1.6129
16.0247,501,1.6161
16.0291,501,1.6161
16.0334,501,1.6161
16.0377,502,1.6194
16.0420,503,1.6226
16.0463,504,1.6258
16.0506,504,1.6258
16.0548,505,1.6290
16.0591,506,1.6323
16.0635,508,1.6387
16.0678,513,1.6548
16.0721,518,1.6710
16.0764,525,1.6935
16.0807,533,1.7194
16.0850,538,1.7355
16.0893,545,1.7581
16.0936,549,1.7710
16.0979,557,1.7968
16.1022,563,1.8161
16.1065,568,1.8323
16.1108,571,1.8419
16.1151,576,1.8581
16.1194,579,1.8677
16.1238,580,1.8710
16.1281,582,1.8774
16.1324,581,1.8742
16.1368,582,1.8774
16.1411,581,1.8742
16.1454,579,1.8677
16.1496,578,1.8645
16.1539,576,1.8581
16.1582,572,1.8452
16.1624,567,1.8290
16.1667,559,1.8032
16.1710,554,1.7871
16.1753,548,1.7677
16.1795,542,1.7484
16.1838,536,1.7290
16.1881,529,1.7065
16.1923,521,1.6806
16.1966,515,1.6613
16.2009,507,1.6355
16.2051,500,1.6129
16.2094,493,1.5903
16.2138,487,1.5710
16.2181,486,1.5677
16.2225,483,1.5581
16.2269,480,1.5484
16.2312,481,1.5516
16.2354,483,1.5581
16.2397,484,1.5613
16.2440,485,1.5645
16.2483,484,1.5613
16.2526,484,1.5613
16.2569,484,1.5613
16.2612,484,1.5613
16.2655,486,1.5677
16.2698,486,1.5677
16.2741,486,1.5677
16.2785,487,1.5710
16.2829,487,1.5710
16.2873,488,1.5742
16.2917,488,1.5742
16.2960,489,1.5774
16.3003,490,1.5806
16.3046,490,1.5806
16.3089,492,1.5871
16.3132,491,1.5839
16.3177,492,1.5871
16.3220,492,1.5871
16.3262,494,1.5935
16.3305,493,1.5903
16.3348,493,1.5903
16.3391,494,1.5935
16.3434,494,1.5935
16.3476,495,1.5968
16.3519,495,1.5968
16.3562,497,1.6032
16.3604,497,1.6032
16.3647,496,1.6000
16.3690,497,1.6032
16.3732,497,1.6032
16.3776,497,1.6032
16.3819,497,1.6032
16.3862,498,1.6065
16.3905,499,1.6097
16.3947,499,1.6097
16.3990,500,1.6129
16.4033,500,1.6129
16.4075,501,1.6161
16.4118,502,1.6194
16.4161,502,1.6194
16.4203,502,1.6194
16.4246,503,1.6226
16.4290,504,1.6258
16.4333,505,1.6290
16.4376,505,1.6290
16.4419,506,1.6323
16.4462,505,1.6290
16.4512,506,1.6323
16.4556,506,1.6323
16.4599,506,1.6323
16.4642,505,1.6290
16.4685,505,1.6290
16.4728,505,1.6290
16.4771,506,1.6323
16.4814,507,1.6355
16.4857,508,1.6387
16.4900,508,1.6387
16.4943,507,1.6355
16.4986,508,1.6387
16.5029,509,1.6419
16.5072,509,1.6419
16.5115,510,1.6452
16.5158,511,1.6484
16.5200,511,1.6484
16.5243,511,1.6484
16.5287,511,1.6484
16.5330,511,1.6484
16.5372,512,1.6516
16.5414,513,1.6548
16.5457,513,1.6548
16.5500,512,1.6516
16.5543,513,1.6548
16.5586,513,1.6548
16.5628,512,1.6516
16.5671,513,1.6548
16.5713,513,1.6548
16.5756,513,1.6548
16.5799,513,1.6548
16.5854,517,1.6677
16.5898,514,1.6581
16.5941,513,1.6548
16.5983,515,1.6613
16.6026,515,1.6613
16.6069,514,1.6581
16.6111,514,1.6581
16.6154,515,1.6613
16.6197,516,1.6645
16.6240,517,1.6677
16.6282,517,1.6677
16.6325,514,1.6581
16.6368,515,1.6613
16.6410,515,1.6613
16.6453,515,1.6613
16.6496,516,1.6645
16.6538,517,1.6677
16.6581,517,1.6677
16.6623,516,1.6645
16.6666,516,1.6645
16.6709,516,1.6645
16.6752,516,1.6645
16.6801,519,1.6742
16.6844,519,1.6742
16.6887,518,1.6710
16.6930,518,1.6710
16.6973,518,1.6710
16.7015,519,1.6742
16.7058,518,1.6710
16.7100,518,1.6710
16.7143,519,1.6742
16.7185,519,1.6742
16.7229,518,1.6710
16.7272,518,1.6710
16.7315,519,1.6742
16.7358,519,1.6742
16.7401,519,1.6742
16.7444,519,1.6742
16.7487,518,1.6710
16.7530,518,1.6710
16.7573,518,1.6710
16.7616,518,1.6710
16.7659,518,1.6710
16.7702,518,1.6710
16.7745,518,1.6710
16.7788,519,1.6742
16.7831,518,1.6710
16.7874,517,1.6677
16.7917,518,1.6710
16.7960,519,1.6742
16.8003,519,1.6742
16.8046,519,1.6742
16.8089,520,1.6774
16.8132,519,1.6742
16.8175,519,1.6742
16.8218,519,1.6742
16.8262,519,1.6742
16.8305,520,1.6774
16.8348,521,1.6806
16.8390,521,1.6806
16.8433,520,1.6774
16.8476,519,1.6742
16.8519,518,1.6710
16.8562,519,1.6742
16.8605,518,1.6710
16.8648,518,1.6710
16.8691,519,1.6742
16.8734,518,1.6710
16.8777,518,1.6710
16.8819,520,1.6774
16.8862,520,1.6774
16.8905,519,1.6742
16.8948,520,1.6774
16.8991,520,1.6774
16.9034,520,1.6774
16.9077,519,1.6742
16.9120,519,1.6742
16.9163,519,1.6742
16.9206,519,1.6742
16.9249,519,1.6742
16.9291,518,1.6710
16.9334,519,1.6742
16.9377,519,1.6742
16.9420,519,1.6742
16.9463,518,1.6710
16.9506,519,1.6742
16.9549,520,1.6774
16.9592,521,1.6806
16.9635,520,1.6774
16.9677,521,1.6806
16.9720,519,1.6742
16.9763,521,1.6806
16.9806,522,1.6839
16.9849,521,1.6806
16.9892,522,1.6839
16.9935,520,1.6774
16.9978,522,1.6839
17.0021,521,1.6806
17.0064,521,1.6806
17.0106,521,1.6806
17.0150,520,1.6774
17.0193,521,1.6806
17.0236,521,1.6806
17.0279,520,1.6774
17.0321,521,1.6806
17.0364,521,1.6806
17.0407,521,1.6806
17.0450,520,1.6774
17.0493,520,1.6774
17.0536,520,1.6774
17.0579,520,1.6774
17.0622,520,1.6774
17.0665,520,1.6774
17.0707,520,1.6774
17.0750,519,1.6742
17.0793,520,1.6774
17.0836,520,1.6774
17.0879,520,1.6774
17.0922,520,1.6774
17.0965,522,1.6839
17.1008,522,1.6839
17.1051,522,1.6839
17.1094,520,1.6774
17.1137,521,1.6806
17.1180,521,1.6806
17.1223,522,1.6839
17.1266,522,1.6839
17.1309,522,1.6839
17.1352,522,1.6839
17.1395,522,1.6839
17.1438,522,1.6839
17.1480,521,1.6806
17.1523,522,1.6839
17.1566,522,1.6839
17.1609,522,1.6839
17.1652,522,1.6839
17.1695,522,1.6839
17.1738,521,1.6806
17.1782,525,1.6935
17.1834,532,1.7161
17.1879,539,1.7387
17.1923,547,1.7645
17.1967,553,1.7839
17.2010,558,1.8000
17.2054,563,1.8161
17.2097,565,1.8226
17.2141,566,1.8258
17.2184,565,1.8226
17.2227,562,1.8129
17.2271,556,1.7935
17.2314,550,1.7742
17.2359,542,1.7484
17.2402,535,1.7258
17.2445,528,1.7032
17.2488,522,1.6839
17.2531,515,1.6613
17.2574,511,1.6484
17.2617,510,1.6452
17.2661,511,1.6484
17.2704,512,1.6516
17.2747,512,1.6516
17.2789,511,1.6484
17.2833,512,1.6516
17.2876,512,1.6516
17.2919,512,1.6516
17.2962,512,1.6516
17.3005,513,1.6548
17.3048,513,1.6548
17.3091,513,1.6548
17.3134,514,1.6581
17.3177,512,1.6516
17.3220,511,1.6484
17.3268,511,1.6484
17.3312,511,1.6484
17.3355,505,1.6290
17.3398,489,1.5774
17.3441,473,1.5258
17.3484,476,1.5355
17.3527,509,1.6419
17.3570,572,1.8452
17.3613,654,2.1097
17.3656,744,2.4000
17.3699,812,2.6194
17.3742,822,2.6516
17.3785,770,2.4839
17.3828,687,2.2161
17.3871,590,1.9032
17.3915,515,1.6613
17.3958,473,1.5258
17.4000,457,1.4742
17.4044,459,1.4806
17.4087,472,1.5226
17.4130,483,1.5581
17.4173,489,1.5774
17.4215,491,1.5839
17.4258,491,1.5839
17.4302,490,1.5806
17.4345,490,1.5806
17.4388,491,1.5839
17.4431,492,1.5871
17.4474,492,1.5871
17.4518,492,1.5871
17.4561,494,1.5935
17.4604,495,1.5968
17.4647,496,1.6000
17.4690,495,1.5968
17.4733,496,1.6000
17.4776,497,1.6032
17.4825,496,1.6000
17.4869,497,1.6032
17.4913,497,1.6032
17.4956,498,1.6065
17.4999,499,1.6097
17.5042,499,1.6097
17.5085,499,1.6097
17.5129,499,1.6097
17.5172,499,1.6097
17.5214,499,1.6097
17.5257,500,1.6129
17.5300,500,1.6129
17.5344,501,1.6161
17.5387,502,1.6194
17.5430,502,1.6194
17.5478,503,1.6226
17.5521,502,1.6194
17.5564,503,1.6226
17.5607,503,1.6226
17.5650,504,1.6258
17.5693,504,1.6258
17.5736,507,1.6355
17.5779,512,1.6516
17.5822,518,1.6710
17.5865,524,1.6903
17.5908,533,1.7194
17.5952,540,1.7419
17.5995,547,1.7645
17.6038,552,1.7806
17.6081,557,1.7968
17.6124,563,1.8161
17.6167,568,1.8323
17.6210,572,1.8452
17.6253,575,1.8548
17.6296,578,1.8645
17.6339,582,1.8774
17.6383,585,1.8871
17.6426,585,1.8871
17.6468,583,1.8806
17.6511,581,1.8742
17.6555,581,1.8742
17.6598,578,1.8645
17.6641,574,1.8516
17.6683,570,1.8387
17.6726,565,1.8226
17.6770,560,1.8065
17.6813,555,1.7903
17.6856,549,1.7710
17.6899,541,1.7452
17.6942,535,1.7258
17.6985,526,1.6968
17.7028,520,1.6774
17.7071,513,1.6548
17.7114,506,1.6323
17.7157,499,1.6097
17.7200,493,1.5903
17.7243,488,1.5742
17.7286,482,1.5548
17.7329,480,1.5484
17.7372,481,1.5516
17.7416,481,1.5516
17.7459,483,1.5581
17.7502,482,1.5548
17.7545,483,1.5581
17.7588,484,1.5613
17.7631,485,1.5645
17.7674,485,1.5645
17.7722,486,1.5677
17.7766,486,1.5677
17.7809,486,1.5677
17.7852,487,1.5710
17.7895,487,1.5710
17.7938,487,1.5710
17.7981,489,1.5774
17.8024,489,1.5774
17.8067,489,1.5774
17.8110,490,1.5806
17.8153,491,1.5839
17.8196,492,1.5871
17.8239,493,1.5903
17.8282,493,1.5903
17.8325,492,1.5871
17.8368,493,1.5903
17.8411,494,1.5935
17.8454,494,1.5935
17.8497,495,1.5968
17.8540,494,1.5935
17.8584,497,1.6032
17.8626,497,1.6032
17.8669,498,1.6065
17.8712,497,1.6032
17.8755,498,1.6065
17.8799,498,1.6065
17.8842,499,1.6097
17.8885,499,1.6097
17.8928,499,1.6097
17.8971,500,1.6129
17.9014,500,1.6129
17.9057,500,1.6129
17.9100,501,1.6161
17.9143,501,1.6161
17.9186,502,1.6194
17.9229,503,1.6226
17.9272,504,1.6258
17.9315,504,1.6258
17.9358,505,1.6290
17.9402,505,1.6290
17.9445,505,1.6290
17.9487,504,1.6258
17.9530,505,1.6290
17.9573,506,1.6323
17.9617,507,1.6355
17.9659,507,1.6355
17.9702,506,1.6323
17.9745,506,1.6323
17.9788,507,1.6355
17.9832,507,1.6355
17.9875,506,1.6323
17.9918,506,1.6323
17.9961,508,1.6387
18.0010,509,1.6419
18.0053,508,1.6387
18.0096,507,1.6355
18.0139,507,1.6355
18.0182,509,1.6419
18.0225,509,1.6419
18.0268,508,1.6387
18.0311,509,1.6419
18.0354,509,1.6419
18.0397,510,1.6452
18.0441,510,1.6452
18.0483,511,1.6484
18.0526,511,1.6484
18.0569,511,1.6484
18.0612,511,1.6484
18.0656,511,1.6484
18.0699,511,1.6484
18.0741,512,1.6516
18.0787,512,1.6516
18.0832,512,1.6516
18.0876,513,1.6548
18.0920,513,1.6548
18.0963,512,1.6516
18.1006,513,1.6548
18.1049,513,1.6548
18.1092,513,1.6548
18.1135,513,1.6548
18.1178,513,1.6548
18.1221,512,1.6516
18.1265,512,1.6516
18.1308,512,1.6516
18.1351,513,1.6548
18.1394,514,1.6581
18.1442,514,1.6581
18.1485,514,1.6581
18.1528,514,1.6581
18.1571,515,1.6613
18.1614,515,1.6613
18.1658,515,1.6613
18.1701,515,1.6613
18.1743,515,1.6613
18.1786,516,1.6645
18.1829,517,1.6677
18.1877,517,1.6677
18.1920,517,1.6677
18.1963,517,1.6677
18.2006,516,1.6645
18.2055,517,1.6677
18.2098,516,1.6645
18.2141,516,1.6645
18.2184,516,1.6645
18.2231,516,1.6645
18.2275,517,1.6677
18.2318,517,1.6677
18.2361,517,1.6677
18.2404,518,1.6710
18.2448,518,1.6710
18.2491,518,1.6710
18.2534,519,1.6742
18.2577,518,1.6710
18.2620,518,1.6710
18.2663,518,1.6710
18.2706,518,1.6710
18.2749,518,1.6710
18.2792,518,1.6710
18.2835,520,1.6774
18.2878,519,1.6742
18.2926,518,1.6710
18.2969,519,1.6742
18.3012,520,1.6774
18.3055,520,1.6774
18.3098,520,1.6774
18.3141,520,1.6774
18.3184,521,1.6806
18.3227,521,1.6806
18.3270,520,1.6774
18.3313,520,1.6774
18.3356,520,1.6774
18.3399,521,1.6806
18.3444,520,1.6774
18.3488,520,1.6774
18.3531,521,1.6806
18.3575,519,1.6742
18.3618,520,1.6774
18.3661,520,1.6774
18.3704,519,1.6742
18.3747,520,1.6774
18.3790,519,1.6742
18.3835,520,1.6774
18.3879,520,1.6774
18.3923,520,1.6774
18.3966,519,1.6742
18.4009,520,1.6774
18.4052,519,1.6742
18.4101,520,1.6774
18.4145,521,1.6806
18.4188,521,1.6806
18.4231,522,1.6839
18.4275,520,1.6774
18.4318,520,1.6774
18.4362,520,1.6774
18.4404,521,1.6806
18.4448,521,1.6806
18.4491,521,1.6806
18.4534,521,1.6806
18.4577,521,1.6806
18.4620,520,1.6774
18.4663,519,1.6742
18.4706,519,1.6742
18.4749,520,1.6774
18.4792,520,1.6774
18.4835,519,1.6742
18.4878,520,1.6774
18.4922,519,1.6742
18.4965,520,1.6774
18.5008,520,1.6774
18.5051,522,1.6839
18.5094,522,1.6839
18.5137,523,1.6871
18.5180,521,1.6806
18.5223,520,1.6774
18.5266,520,1.6774
18.5309,522,1.6839
18.5352,522,1.6839
18.5396,521,1.6806
18.5439,521,1.6806
18.5482,520,1.6774
18.5525,520,1.6774
18.5568,521,1.6806
18.5611,521,1.6806
18.5654,522,1.6839
18.5697,522,1.6839
18.5740,522,1.6839
18.5783,522,1.6839
18.5826,522,1.6839
18.5869,523,1.6871
18.5912,521,1.6806
18.5956,521,1.6806
18.5999,521,1.6806
18.6041,520,1.6774
18.6084,521,1.6806
18.6127,520,1.6774
18.6171,520,1.6774
18.6214,521,1.6806
18.6257,521,1.6806
18.6299,522,1.6839
18.6349,522,1.6839
18.6392,523,1.6871
18.6435,523,1.6871
18.6478,523,1.6871
18.6521,523,1.6871
18.6565,524,1.6903
18.6608,524,1.6903
18.6651,524,1.6903
18.6693,523,1.6871
18.6736,523,1.6871
18.6780,523,1.6871
18.6823,525,1.6935
18.6866,531,1.7129
18.6913,538,1.7355
18.6961,544,1.7548
18.7004,551,1.7774
18.7047,557,1.7968
18.7090,561,1.8097
18.7133,565,1.8226
18.7176,566,1.8258
18.7219,564,1.8194
18.7262,562,1.8129
18.7305,561,1.8097
18.7348,557,1.7968
18.7391,553,1.7839
18.7435,547,1.7645
18.7478,538,1.7355
18.7521,532,1.7161
18.7564,525,1.6935
18.7607,517,1.6677
18.7650,512,1.6516
18.7693,511,1.6484
18.7736,511,1.6484
18.7779,511,1.6484
18.7822,511,1.6484
18.7865,513,1.6548
18.7908,512,1.6516
18.7951,513,1.6548
18.7995,513,1.6548
18.8038,514,1.6581
18.8080,514,1.6581
18.8123,514,1.6581
18.8166,515,1.6613
18.8210,514,1.6581
18.8253,514,1.6581
18.8296,514,1.6581
18.8339,514,1.6581
18.8382,514,1.6581
18.8425,512,1.6516
18.8468,502,1.6194
18.8511,486,1.5677
18.8554,473,1.5258
18.8597,484,1.5613
18.8640,525,1.6935
18.8683,595,1.9194
18.8726,681,2.1968
18.8769,768,2.4774
18.8812,823,2.6548
18.8855,813,2.6226
18.8898,750,2.4194
18.8941,659,2.1258
18.8985,565,1.8226
18.9028,499,1.6097
18.9071,465,1.5000
18.9114,455,1.4677
18.9157,461,1.4871
18.9204,476,1.5355
18.9248,486,1.5677
18.9291,489,1.5774
18.9334,489,1.5774
18.9377,490,1.5806
18.9421,491,1.5839
18.9464,492,1.5871
18.9507,493,1.5903
18.9550,493,1.5903
18.9593,494,1.5935
18.9636,495,1.5968
18.9679,494,1.5935
18.9722,494,1.5935
18.9765,494,1.5935
18.9808,495,1.5968
18.9855,496,1.6000
18.9899,497,1.6032
18.9943,497,1.6032
18.9986,498,1.6065
19.0030,499,1.6097
19.0073,498,1.6065
19.0115,498,1.6065
19.0158,498,1.6065
19.0201,499,1.6097
19.0245,499,1.6097
19.0288,500,1.6129
19.0331,500,1.6129
19.0374,500,1.6129
19.0417,501,1.6161
19.0460,502,1.6194
19.0504,501,1.6161
19.0547,502,1.6194
19.0593,502,1.6194
19.0636,503,1.6226
19.0679,504,1.6258
19.0722,504,1.6258
19.0765,503,1.6226
19.0808,504,1.6258
19.0852,508,1.6387
19.0895,514,1.6581
19.0938,521,1.6806
19.0985,528,1.7032
19.1028,535,1.7258
19.1071,540,1.7419
19.1114,547,1.7645
19.1157,553,1.7839
19.1200,558,1.8000
19.1249,565,1.8226
19.1292,568,1.8323
19.1335,573,1.8484
19.1378,575,1.8548
19.1421,578,1.8645
19.1464,580,1.8710
19.1508,581,1.8742
19.1551,581,1.8742
19.1594,581,1.8742
19.1637,579,1.8677
19.1680,576,1.8581
19.1723,575,1.8548
19.1766,571,1.8419
19.1809,565,1.8226
19.1852,561,1.8097
19.1895,555,1.7903
19.1938,549,1.7710
19.1981,542,1.7484
19.2024,536,1.7290
19.2067,529,1.7065
19.2110,522,1.6839
19.2153,516,1.6645
19.2196,510,1.6452
19.2239,503,1.6226
19.2283,496,1.6000
19.2326,490,1.5806
19.2368,484,1.5613
19.2411,480,1.5484
19.2454,480,1.5484
19.2498,480,1.5484
19.2541,480,1.5484
19.2584,481,1.5516
19.2627,482,1.5548
19.2670,483,1.5581
19.2713,483,1.5581
19.2756,484,1.5613
19.2799,485,1.5645
19.2844,487,1.5710
19.2890,488,1.5742
19.2934,488,1.5742
19.2977,488,1.5742
19.3020,488,1.5742
19.3063,489,1.5774
19.3107,488,1.5742
19.3150,488,1.5742
19.3193,489,1.5774
19.3236,491,1.5839
19.3279,491,1.5839
19.3322,492,1.5871
19.3365,493,1.5903
19.3408,494,1.5935
19.3452,493,1.5903
19.3495,494,1.5935
19.3539,494,1.5935
19.3581,495,1.5968
19.3624,496,1.6000
19.3666,496,1.6000
19.3709,496,1.6000
19.3752,497,1.6032
19.3794,497,1.6032
19.3837,497,1.6032
19.3880,497,1.6032
19.3923,498,1.6065
19.3965,498,1.6065
19.4009,501,1.6161
19.4051,500,1.6129
19.4094,500,1.6129
19.4137,499,1.6097
19.4179,500,1.6129
19.4222,501,1.6161
19.4265,501,1.6161
19.4308,500,1.6129
19.4351,501,1.6161
19.4393,502,1.6194
19.4436,503,1.6226
19.4479,504,1.6258
19.4522,503,1.6226
19.4565,504,1.6258
19.4608,504,1.6258
19.4651,505,1.6290
19.4694,503,1.6226
19.4737,504,1.6258
19.4780,505,1.6290
19.4823,505,1.6290
19.4866,506,1.6323
19.4909,506,1.6323
19.4952,506,1.6323
19.4995,508,1.6387
19.5038,506,1.6323
19.5081,506,1.6323
19.5124,507,1.6355
19.5167,507,1.6355
19.5210,507,1.6355
19.5253,507,1.6355
19.5296,507,1.6355
19.5340,509,1.6419
19.5383,510,1.6452
19.5426,510,1.6452
19.5469,511,1.6484
19.5512,512,1.6516
19.5555,512,1.6516
19.5598,512,1.6516
19.5641,511,1.6484
19.5683,512,1.6516
19.5726,513,1.6548
19.5769,513,1.6548
19.5812,512,1.6516
19.5854,513,1.6548
19.5897,513,1.6548
19.5940,512,1.6516
19.5982,512,1.6516
19.6025,512,1.6516
19.6068,513,1.6548
19.6110,513,1.6548
19.6153,512,1.6516
19.6196,512,1.6516
19.6238,513,1.6548
19.6281,514,1.6581
19.6324,514,1.6581
19.6366,513,1.6548
19.6409,514,1.6581
19.6452,514,1.6581
19.6495,513,1.6548
19.6538,514,1.6581
19.6581,513,1.6548
19.6624,514,1.6581
19.6666,513,1.6548
19.6709,514,1.6581
19.6753,514,1.6581
19.6795,516,1.6645
19.6839,515,1.6613
19.6881,515,1.6613
19.6924,515,1.6613
19.6968,516,1.6645
19.7011,516,1.6645
19.7054,515,1.6613
19.7097,516,1.6645
19.7140,516,1.6645
19.7183,516,1.6645
19.7226,517,1.6677
19.7269,517,1.6677
19.7313,517,1.6677
19.7356,517,1.6677
19.7400,517,1.6677
19.7443,519,1.6742
19.7487,519,1.6742
19.7531,518,1.6710
19.7575,517,1.6677
19.7618,518,1.6710
19.7661,517,1.6677
19.7704,516,1.6645
19.7747,518,1.6710
19.7790,517,1.6677
19.7833,517,1.6677
19.7876,517,1.6677
19.7919,518,1.6710
19.7962,517,1.6677
19.8005,517,1.6677
19.8048,518,1.6710
19.8091,518,1.6710
19.8134,518,1.6710
19.8177,518,1.6710
19.8220,518,1.6710
19.8264,519,1.6742
19.8306,518,1.6710
19.8349,518,1.6710
19.8393,519,1.6742
19.8436,520,1.6774
19.8479,518,1.6710
19.8522,518,1.6710
19.8565,518,1.6710
19.8608,518,1.6710
19.8651,518,1.6710
19.8694,519,1.6742
19.8737,518,1.6710
19.8788,519,1.6742
19.8834,521,1.6806
19.8877,519,1.6742
19.8921,520,1.6774
19.8969,519,1.6742
19.9012,520,1.6774
19.9055,520,1.6774
19.9097,518,1.6710
19.9140,520,1.6774
19.9183,519,1.6742
19.9226,520,1.6774
19.9268,520,1.6774
19.9311,519,1.6742
19.9353,520,1.6774
19.9396,521,1.6806
19.9439,521,1.6806
19.9481,520,1.6774
19.9524,520,1.6774
19.9567,522,1.6839
19.9609,522,1.6839
19.9652,522,1.6839
19.9695,522,1.6839
19.9738,522,1.6839
19.9781,521,1.6806
19.9824,521,1.6806
19.9867,520,1.6774
19.9910,520,1.6774
19.9957,520,1.6774
20.0000,521,1.6806
20.0044,520,1.6774
20.0087,521,1.6806
20.0130,520,1.6774
20.0174,520,1.6774
20.0221,522,1.6839
20.0265,520,1.6774
20.0310,521,1.6806
20.0356,521,1.6806
20.0402,521,1.6806
20.0446,522,1.6839
20.0490,521,1.6806
20.0533,521,1.6806
20.0576,521,1.6806
20.0619,521,1.6806
20.0662,521,1.6806
20.0705,521,1.6806
20.0748,522,1.6839
20.0791,520,1.6774
20.0834,520,1.6774
20.0877,521,1.6806
20.0920,521,1.6806
20.0963,522,1.6839
20.1005,523,1.6871
20.1048,523,1.6871
20.1092,522,1.6839
20.1134,522,1.6839
20.1177,522,1.6839
20.1220,521,1.6806
20.1264,522,1.6839
20.1306,522,1.6839
20.1349,522,1.6839
20.1392,522,1.6839
20.1435,522,1.6839
20.1478,521,1.6806
20.1521,521,1.6806
20.1564,522,1.6839
20.1607,523,1.6871
20.1651,523,1.6871
20.1694,522,1.6839
20.1737,523,1.6871
20.1781,522,1.6839
20.1825,522,1.6839
20.1870,523,1.6871
20.1915,523,1.6871
20.1958,524,1.6903
20.2002,527,1.7000
20.2046,534,1.7226
20.2090,541,1.7452
20.2133,547,1.7645
20.2177,552,1.7806
20.2220,559,1.8032
20.2263,565,1.8226
20.2307,566,1.8258
20.2350,565,1.8226
20.2393,565,1.8226
20.2437,560,1.8065
20.2480,556,1.7935
20.2525,550,1.7742
20.2568,543,1.7516
20.2612,536,1.7290
20.2656,527,1.7000
20.2699,519,1.6742
20.2742,513,1.6548
20.2785,512,1.6516
20.2828,512,1.6516
20.2871,512,1.6516
20.2914,514,1.6581
20.2957,513,1.6548
20.3000,512,1.6516
20.3043,513,1.6548
20.3086,514,1.6581
20.3129,514,1.6581
20.3172,513,1.6548
20.3215,512,1.6516
20.3258,514,1.6581
20.3301,515,1.6613
20.3344,515,1.6613
20.3387,514,1.6581
20.3430,515,1.6613
20.3473,514,1.6581
20.3516,512,1.6516
20.3559,507,1.6355
20.3603,494,1.5935
20.3646,477,1.5387
20.3689,476,1.5355
20.3732,503,1.6226
20.3776,562,1.8129
20.3819,642,2.0710
20.3862,733,2.3645
20.3905,808,2.6065
20.3948,825,2.6613
20.3991,783,2.5258
20.4034,698,2.2516
20.4077,603,1.9452
20.4125,516,1.6645
20.4168,473,1.5258
20.4211,457,1.4742
20.4254,460,1.4839
20.4297,472,1.5226
20.4340,483,1.5581
20.4383,489,1.5774
20.4426,491,1.5839
20.4469,492,1.5871
20.4512,492,1.5871
20.4555,492,1.5871
20.4598,493,1.5903
20.4641,492,1.5871
20.4684,493,1.5903
20.4727,493,1.5903
20.4770,495,1.5968
20.4813,493,1.5903
20.4856,494,1.5935
20.4901,494,1.5935
20.4944,495,1.5968
20.4987,496,1.6000
20.5030,497,1.6032
20.5073,497,1.6032
20.5116,497,1.6032
20.5159,497,1.6032
20.5202,498,1.6065
20.5245,498,1.6065
20.5288,497,1.6032
20.5331,498,1.6065
20.5375,499,1.6097
20.5418,499,1.6097
20.5461,499,1.6097
20.5503,500,1.6129
20.5547,500,1.6129
20.5595,500,1.6129
20.5638,501,1.6161
20.5680,502,1.6194
20.5723,501,1.6161
20.5767,502,1.6194
20.5810,503,1.6226
20.5853,504,1.6258
20.5895,503,1.6226
20.5938,505,1.6290
20.5982,510,1.6452
20.6025,516,1.6645
20.6068,523,1.6871
20.6111,529,1.7065
20.6154,535,1.7258
20.6197,543,1.7516
20.6240,550,1.7742
20.6283,556,1.7935
20.6327,561,1.8097
20.6370,565,1.8226
20.6413,570,1.8387
20.6455,575,1.8548
20.6498,578,1.8645
20.6541,581,1.8742
20.6584,584,1.8839
20.6626,585,1.8871
20.6669,584,1.8839
20.6711,583,1.8806
20.6754,581,1.8742
20.6797,579,1.8677
20.6840,576,1.8581
20.6882,572,1.8452
20.6925,565,1.8226
20.6968,561,1.8097
20.7010,556,1.7935
20.7053,549,1.7710
20.7096,543,1.7516
20.7138,537,1.7323
20.7181,530,1.7097
20.7224,522,1.6839
20.7267,515,1.6613
20.7309,508,1.6387
20.7352,501,1.6161
20.7394,494,1.5935
20.7437,488,1.5742
20.7480,483,1.5581
20.7522,480,1.5484
20.7565,480,1.5484
20.7609,481,1.5516
20.7652,482,1.5548
20.7694,483,1.5581
20.7737,483,1.5581
20.7781,485,1.5645
20.7825,486,1.5677
20.7869,486,1.5677
20.7913,485,1.5645
20.7956,486,1.5677
20.8000,487,1.5710
20.8043,487,1.5710
20.8086,486,1.5677
20.8129,489,1.5774
20.8172,490,1.5806
20.8215,491,1.5839
20.8258,490,1.5806
20.8301,491,1.5839
20.8344,492,1.5871
20.8387,492,1.5871
20.8430,493,1.5903
20.8473,493,1.5903
20.8516,494,1.5935
20.8559,494,1.5935
20.8602,495,1.5968
20.8645,495,1.5968
20.8688,495,1.5968
20.8731,494,1.5935
20.8774,496,1.6000
20.8816,496,1.6000
20.8859,497,1.6032
20.8902,496,1.6000
20.8945,497,1.6032
20.8987,497,1.6032
20.9030,498,1.6065
20.9073,499,1.6097
20.9117,499,1.6097
20.9160,499,1.6097
20.9203,499,1.6097
20.9247,500,1.6129
20.9290,501,1.6161
20.9333,499,1.6097
20.9376,500,1.6129
20.9419,500,1.6129
20.9462,500,1.6129
20.9505,501,1.6161
20.9548,501,1.6161
20.9591,501,1.6161
20.9634,503,1.6226
20.9678,503,1.6226
20.9721,503,1.6226
20.9765,503,1.6226
20.9808,504,1.6258
20.9851,505,1.6290
20.9895,505,1.6290
20.9938,505,1.6290
20.9981,506,1.6323
21.0025,506,1.6323
21.0068,506,1.6323
21.0112,506,1.6323
21.0155,507,1.6355
21.0198,508,1.6387
21.0242,507,1.6355
21.0285,508,1.6387
21.0329,508,1.6387
21.0372,508,1.6387
21.0415,509,1.6419
21.0460,509,1.6419
21.0503,509,1.6419
21.0546,510,1.6452
21.0590,511,1.6484
21.0633,511,1.6484
21.0676,510,1.6452
21.0719,510,1.6452
21.0761,510,1.6452
21.0804,510,1.6452
21.0848,511,1.6484
21.0892,511,1.6484
21.0937,511,1.6484
21.0980,512,1.6516
21.1023,512,1.6516
21.1066,511,1.6484
21.1109,511,1.6484
21.1152,513,1.6548
21.1194,514,1.6581
21.1239,513,1.6548
21.1282,512,1.6516
21.1325,514,1.6581
21.1367,513,1.6548
21.1409,513,1.6548
21.1452,513,1.6548
21.1495,513,1.6548
21.1537,512,1.6516
21.1580,512,1.6516
21.1623,513,1.6548
21.1665,514,1.6581
21.1708,513,1.6548
21.1751,512,1.6516
21.1793,512,1.6516
21.1835,513,1.6548
21.1878,513,1.6548
21.1921,514,1.6581
21.1963,513,1.6548
21.2006,514,1.6581
21.2048,515,1.6613
21.2091,514,1.6581
21.2133,515,1.6613
21.2176,515,1.6613
21.2219,515,1.6613
21.2262,515,1.6613
21.2305,515,1.6613
21.2347,515,1.6613
21.2390,515,1.6613
21.2432,516,1.6645
21.2475,515,1.6613
21.2518,515,1.6613
21.2560,515,1.6613
21.2604,515,1.6613
21.2646,515,1.6613
21.2689,516,1.6645
21.2732,517,1.6677
21.2775,518,1.6710
21.2817,518,1.6710
21.2859,517,1.6677
21.2902,516,1.6645
21.2945,517,1.6677
21.2987,516,1.6645
21.3030,516,1.6645
21.3072,516,1.6645
21.3116,517,1.6677
21.3159,516,1.6645
21.3202,516,1.6645
21.3245,518,1.6710
21.3288,517,1.6677
21.3331,518,1.6710
21.3375,518,1.6710
21.3418,518,1.6710
21.3461,519,1.6742
21.3503,518,1.6710
21.3547,517,1.6677
21.3590,518,1.6710
21.3633,517,1.6677
21.3677,517,1.6677
21.3720,517,1.6677
21.3763,516,1.6645
21.3807,518,1.6710
21.3850,519,1.6742
21.3893,520,1.6774
21.3937,519,1.6742
21.3980,519,1.6742
21.4024,519,1.6742
21.4067,520,1.6774
21.4111,519,1.6742
21.4155,519,1.6742
21.4198,519,1.6742
21.4242,520,1.6774
21.4285,520,1.6774
21.4328,519,1.6742
21.4372,518,1.6710
21.4415,518,1.6710
21.4458,517,1.6677
21.4502,518,1.6710
21.4545,519,1.6742
21.4589,519,1.6742
21.4632,520,1.6774
21.4675,519,1.6742
21.4718,518,1.6710
21.4762,519,1.6742
21.4804,519,1.6742
21.4847,519,1.6742
21.4890,521,1.6806
21.4933,521,1.6806
21.4976,520,1.6774
21.5019,521,1.6806
21.5062,521,1.6806
21.5105,521,1.6806
21.5148,520,1.6774
21.5191,520,1.6774
21.5235,519,1.6742
21.5277,520,1.6774
21.5320,520,1.6774
21.5364,519,1.6742
21.5407,520,1.6774
21.5450,521,1.6806
21.5493,521,1.6806
21.5536,521,1.6806
21.5579,521,1.6806
21.5622,521,1.6806
21.5666,521,1.6806
21.5709,521,1.6806
21.5752,521,1.6806
21.5795,520,1.6774
21.5838,521,1.6806
21.5881,522,1.6839
21.5923,521,1.6806
21.5966,520,1.6774
21.6010,520,1.6774
21.6052,520,1.6774
21.6095,520,1.6774
21.6138,520,1.6774
21.6182,519,1.6742
21.6225,520,1.6774
21.6268,520,1.6774
21.6310,519,1.6742
21.6353,520,1.6774
21.6397,520,1.6774
21.6440,520,1.6774
21.6482,521,1.6806
21.6525,521,1.6806
21.6568,521,1.6806
21.6611,521,1.6806
21.6654,520,1.6774
21.6697,521,1.6806
21.6740,521,1.6806
21.6783,519,1.6742
21.6828,520,1.6774
21.6873,519,1.6742
21.6917,519,1.6742
21.6960,520,1.6774
21.7003,519,1.6742
21.7046,521,1.6806
21.7089,521,1.6806
21.7132,521,1.6806
21.7175,527,1.7000
21.7218,535,1.7258
21.7261,541,1.7452
21.7303,548,1.7677
21.7346,553,1.7839
21.7388,557,1.7968
21.7431,560,1.8065
21.7474,565,1.8226
21.7516,564,1.8194
21.7559,561,1.8097
21.7601,558,1.8000
21.7647,553,1.7839
21.7691,547,1.7645
21.7733,538,1.7355
21.7776,531,1.7129
21.7819,524,1.6903
21.7861,517,1.6677
21.7904,511,1.6484
21.7946,510,1.6452
21.7989,509,1.6419
21.8032,510,1.6452
21.8076,510,1.6452
21.8118,510,1.6452
21.8161,510,1.6452
21.8204,510,1.6452
21.8246,510,1.6452
21.8289,510,1.6452
21.8332,510,1.6452
21.8375,511,1.6484
21.8417,510,1.6452
21.8460,512,1.6516
21.8503,513,1.6548
21.8545,512,1.6516
21.8588,512,1.6516
21.8631,512,1.6516
21.8674,512,1.6516
21.8717,512,1.6516
21.8760,507,1.6355
21.8804,493,1.5903
21.8847,477,1.5387
21.8890,474,1.5290
21.8933,502,1.6194
21.8976,562,1.8129
21.9019,643,2.0742
21.9062,733,2.3645
21.9105,804,2.5935
21.9148,822,2.6516
21.9192,776,2.5032
21.9235,694,2.2387
21.9278,598,1.9290
21.9321,518,1.6710
21.9364,474,1.5290
21.9407,455,1.4677
21.9450,456,1.4710
21.9493,468,1.5097
21.9536,479,1.5452
21.9579,486,1.5677
21.9622,489,1.5774
21.9665,491,1.5839
21.9708,491,1.5839
21.9751,491,1.5839
21.9794,492,1.5871
21.9838,493,1.5903
21.9882,493,1.5903
21.9926,493,1.5903
21.9969,493,1.5903
22.0012,493,1.5903
22.0056,494,1.5935
22.0099,494,1.5935
22.0142,495,1.5968
22.0185,496,1.6000
22.0228,496,1.6000
22.0271,496,1.6000
22.0314,497,1.6032
22.0357,499,1.6097
22.0400,499,1.6097
22.0443,498,1.6065
22.0486,498,1.6065
22.0529,498,1.6065
22.0572,499,1.6097
22.0615,499,1.6097
22.0658,500,1.6129
22.0702,501,1.6161
22.0745,502,1.6194
22.0788,501,1.6161
22.0831,501,1.6161
22.0875,502,1.6194
22.0918,503,1.6226
22.0961,502,1.6194
22.1003,502,1.6194
22.1046,502,1.6194
22.1090,502,1.6194
22.1132,505,1.6290
22.1176,509,1.6419
22.1219,515,1.6613
22.1262,521,1.6806
22.1305,528,1.7032
22.1348,533,1.7194
22.1391,539,1.7387
22.1434,546,1.7613
22.1477,552,1.7806
22.1520,557,1.7968
22.1563,562,1.8129
22.1606,566,1.8258
22.1649,571,1.8419
22.1692,576,1.8581
22.1736,578,1.8645
22.1778,580,1.8710
22.1821,582,1.8774
22.1864,583,1.8806
22.1907,580,1.8710
22.1950,578,1.8645
22.1993,577,1.8613
22.2036,575,1.8548
22.2079,572,1.8452
22.2122,566,1.8258
22.2165,560,1.8065
22.2209,555,1.7903
22.2252,548,1.7677
22.2295,542,1.7484
22.2338,535,1.7258
22.2381,530,1.7097
22.2424,523,1.6871
22.2467,516,1.6645
22.2510,508,1.6387
22.2553,501,1.6161
22.2596,494,1.5935
22.2639,488,1.5742
22.2682,482,1.5548
22.2725,478,1.5419
22.2769,478,1.5419
22.2812,478,1.5419
22.2855,479,1.5452
22.2899,478,1.5419
22.2942,480,1.5484
22.2985,482,1.5548
22.3029,483,1.5581
22.3072,483,1.5581
22.3115,483,1.5581
22.3159,484,1.5613
22.3202,484,1.5613
22.3246,486,1.5677
22.3289,486,1.5677
22.3333,487,1.5710
22.3376,488,1.5742
22.3419,489,1.5774
22.3463,490,1.5806
22.3506,490,1.5806
22.3550,491,1.5839
22.3593,491,1.5839
22.3636,493,1.5903
22.3680,492,1.5871
22.3723,493,1.5903
22.3766,493,1.5903
22.3809,493,1.5903
22.3852,494,1.5935
22.3895,495,1.5968
22.3939,496,1.6000
22.3982,498,1.6065
22.4025,498,1.6065
22.4068,498,1.6065
22.4111,498,1.6065
22.4154,498,1.6065
22.4197,500,1.6129
22.4240,500,1.6129
22.4283,501,1.6161
22.4326,499,1.6097
22.4369,500,1.6129
22.4412,500,1.6129
22.4455,499,1.6097
22.4498,500,1.6129
22.4541,501,1.6161
22.4584,502,1.6194
22.4627,502,1.6194
22.4670,502,1.6194
22.4713,501,1.6161
22.4756,501,1.6161
22.4799,503,1.6226
22.4842,503,1.6226
22.4885,504,1.6258
22.4928,504,1.6258
22.4971,504,1.6258
22.5014,504,1.6258
22.5057,505,1.6290
22.5100,505,1.6290
22.5143,506,1.6323
22.5186,506,1.6323
22.5229,505,1.6290
22.5272,506,1.6323
22.5315,506,1.6323
22.5358,507,1.6355
22.5401,508,1.6387
22.5444,508,1.6387
22.5487,508,1.6387
22.5530,509,1.6419
22.5573,508,1.6387
22.5616,508,1.6387
22.5659,508,1.6387
22.5702,508,1.6387
22.5745,507,1.6355
22.5788,508,1.6387
22.5832,509,1.6419
22.5877,510,1.6452
22.5921,510,1.6452
22.5964,509,1.6419
22.6007,510,1.6452
22.6050,511,1.6484
22.6093,511,1.6484
22.6136,510,1.6452
22.6179,510,1.6452
22.6223,510,1.6452
22.6266,511,1.6484
22.6309,511,1.6484
22.6352,510,1.6452
22.6395,510,1.6452
22.6438,508,1.6387
22.6481,510,1.6452
22.6524,510,1.6452
22.6567,510,1.6452
22.6610,511,1.6484
22.6653,511,1.6484
22.6696,512,1.6516
22.6739,512,1.6516
22.6782,512,1.6516
22.6826,514,1.6581
22.6869,513,1.6548
22.6911,513,1.6548
22.6954,513,1.6548
22.6997,514,1.6581
22.7040,513,1.6548
22.7083,513,1.6548
22.7126,512,1.6516
22.7169,513,1.6548
22.7212,513,1.6548
22.7256,514,1.6581
22.7299,512,1.6516
22.7341,512,1.6516
22.7384,513,1.6548
22.7428,513,1.6548
22.7470,514,1.6581
22.7513,514,1.6581
22.7556,514,1.6581
22.7599,515,1.6613
22.7642,515,1.6613
22.7685,515,1.6613
22.7728,515,1.6613
22.7771,516,1.6645
22.7815,516,1.6645
22.7858,516,1.6645
22.7901,516,1.6645
22.7944,518,1.6710
22.7987,518,1.6710
22.8030,518,1.6710
22.8073,517,1.6677
22.8116,516,1.6645
22.8159,516,1.6645
22.8202,516,1.6645
22.8245,518,1.6710
22.8288,520,1.6774
22.8331,518,1.6710
22.8374,517,1.6677
22.8417,517,1.6677
22.8460,517,1.6677
22.8503,517,1.6677
22.8546,516,1.6645
22.8589,518,1.6710
22.8632,519,1.6742
22.8675,519,1.6742
22.8718,518,1.6710
22.8761,516,1.6645
22.8805,518,1.6710
22.8849,518,1.6710
22.8892,517,1.6677
22.8936,517,1.6677
22.8979,517,1.6677
22.9022,518,1.6710
22.9065,520,1.6774
22.9108,521,1.6806
22.9151,520,1.6774
22.9194,520,1.6774
22.9237,520,1.6774
22.9281,526,1.6968
22.9324,519,1.6742
22.9367,519,1.6742
22.9410,520,1.6774
22.9453,520,1.6774
22.9496,520,1.6774
22.9539,521,1.6806
22.9582,521,1.6806
22.9625,521,1.6806
22.9668,521,1.6806
22.9711,521,1.6806
22.9754,522,1.6839
22.9797,522,1.6839
22.9840,522,1.6839
22.9883,521,1.6806
22.9926,520,1.6774
22.9969,519,1.6742
23.0011,521,1.6806
23.0054,521,1.6806
23.0098,521,1.6806
23.0141,521,1.6806
23.0183,522,1.6839
23.0226,523,1.6871
23.0270,523,1.6871
23.0313,522,1.6839
23.0356,522,1.6839
23.0399,521,1.6806
23.0442,520,1.6774
23.0485,519,1.6742
23.0528,519,1.6742
23.0571,520,1.6774
23.0614,518,1.6710
23.0657,519,1.6742
23.0700,520,1.6774
23.0743,520,1.6774
23.0787,519,1.6742
23.0830,520,1.6774
23.0874,520,1.6774
23.0918,520,1.6774
23.0961,519,1.6742
23.1004,520,1.6774
23.1048,520,1.6774
23.1091,520,1.6774
23.1135,520,1.6774
23.1178,520,1.6774
23.1221,521,1.6806
23.1264,521,1.6806
23.1308,521,1.6806
23.1351,521,1.6806
23.1395,521,1.6806
23.1438,521,1.6806
23.1481,521,1.6806
23.1525,519,1.6742
23.1568,520,1.6774
23.1611,520,1.6774
23.1655,520,1.6774
23.1698,520,1.6774
23.1742,520,1.6774
23.1785,520,1.6774
23.1828,520,1.6774
23.1871,521,1.6806
23.1914,521,1.6806
23.1957,521,1.6806
23.2000,520,1.6774
23.2043,520,1.6774
23.2086,519,1.6742
23.2129,519,1.6742
23.2172,519,1.6742
23.2215,520,1.6774
23.2258,520,1.6774
23.2301,525,1.6935
23.2344,531,1.7129
23.2387,538,1.7355
23.2430,544,1.7548
23.2473,550,1.7742
23.2517,556,1.7935
23.2560,561,1.8097
23.2603,563,1.8161
23.2646,566,1.8258
23.2689,565,1.8226
23.2732,561,1.8097
23.2775,557,1.7968
23.2818,551,1.7774
23.2861,546,1.7613
23.2904,538,1.7355
23.2947,528,1.7032
23.2990,522,1.6839
23.3033,515,1.6613
23.3076,511,1.6484
23.3119,510,1.6452
23.3162,508,1.6387
23.3205,511,1.6484
23.3248,510,1.6452
23.3291,509,1.6419
23.3334,509,1.6419
23.3377,511,1.6484
23.3420,512,1.6516
23.3463,512,1.6516
23.3506,513,1.6548
23.3549,512,1.6516
23.3592,512,1.6516
23.3635,513,1.6548
23.3678,512,1.6516
23.3720,513,1.6548
23.3764,512,1.6516
23.3807,513,1.6548
23.3850,508,1.6387
23.3894,496,1.6000
23.3938,480,1.5484
23.3981,472,1.5226
23.4024,494,1.5935
23.4067,546,1.7613
23.4111,625,2.0161
23.4154,716,2.3097
23.4198,797,2.5710
23.4241,826,2.6645
23.4284,792,2.5548
23.4328,712,2.2968
23.4371,616,1.9871
23.4415,530,1.7097
23.4458,480,1.5484
23.4501,457,1.4742
23.4545,456,1.4710
23.4588,465,1.5000
23.4631,479,1.5452
23.4675,487,1.5710
23.4718,490,1.5806
23.4762,490,1.5806
23.4806,490,1.5806
23.4851,491,1.5839
23.4894,490,1.5806
23.4938,491,1.5839
23.4982,492,1.5871
23.5025,493,1.5903
23.5068,493,1.5903
23.5111,494,1.5935
23.5154,495,1.5968
23.5197,495,1.5968
23.5240,495,1.5968
23.5283,496,1.6000
23.5330,496,1.6000
23.5374,495,1.5968
23.5417,496,1.6000
23.5460,497,1.6032
23.5503,497,1.6032
23.5546,497,1.6032
23.5590,496,1.6000
23.5633,497,1.6032
23.5676,497,1.6032
23.5719,498,1.6065
23.5762,498,1.6065
23.5805,499,1.6097
23.5848,499,1.6097
23.5891,499,1.6097
23.5934,499,1.6097
23.5977,498,1.6065
23.6020,498,1.6065
23.6063,499,1.6097
23.6106,500,1.6129
23.6149,501,1.6161
23.6192,501,1.6161
23.6235,503,1.6226
23.6278,508,1.6387
23.6321,515,1.6613
23.6364,520,1.6774
23.6407,528,1.7032
23.6450,535,1.7258
23.6493,540,1.7419
23.6536,548,1.7677
23.6579,554,1.7871
23.6622,560,1.8065
23.6665,565,1.8226
23.6708,569,1.8355
23.6751,574,1.8516
23.6794,575,1.8548
23.6837,578,1.8645
23.6880,580,1.8710
23.6923,581,1.8742
23.6966,581,1.8742
23.7009,580,1.8710
23.7052,578,1.8645
23.7095,576,1.8581
23.7138,574,1.8516
23.7181,570,1.8387
23.7224,566,1.8258
23.7267,561,1.8097
23.7310,556,1.7935
23.7353,549,1.7710
23.7396,542,1.7484
23.7440,534,1.7226
23.7482,528,1.7032
23.7525,520,1.6774
23.7568,514,1.6581
23.7612,506,1.6323
23.7655,499,1.6097
23.7698,494,1.5935
23.7741,487,1.5710
23.7784,481,1.5516
23.7829,479,1.5452
23.7874,479,1.5452
23.7919,480,1.5484
23.7962,481,1.5516
23.8006,482,1.5548
23.8049,482,1.5548
23.8093,481,1.5516
23.8136,483,1.5581
23.8179,482,1.5548
23.8222,483,1.5581
23.8266,484,1.5613
23.8310,485,1.5645
23.8353,486,1.5677
23.8396,488,1.5742
23.8440,487,1.5710
23.8483,486,1.5677
23.8527,489,1.5774
23.8570,488,1.5742
23.8614,489,1.5774
23.8657,490,1.5806
23.8701,490,1.5806
23.8744,491,1.5839
23.8788,491,1.5839
23.8831,492,1.5871
23.8875,493,1.5903
23.8918,493,1.5903
23.8961,493,1.5903
23.9004,494,1.5935
23.9047,495,1.5968
23.9090,495,1.5968
23.9133,495,1.5968
23.9176,494,1.5935
23.9219,495,1.5968
23.9262,496,1.6000
23.9305,497,1.6032
23.9348,497,1.6032
23.9391,497,1.6032
23.9434,498,1.6065
23.9477,498,1.6065
23.9520,499,1.6097
23.9563,500,1.6129
23.9606,501,1.6161
23.9649,500,1.6129
23.9692,501,1.6161
23.9735,501,1.6161
23.9778,502,1.6194
23.9821,502,1.6194
23.9865,504,1.6258
23.9908,505,1.6290
23.9951,505,1.6290
23.9994,504,1.6258
24.0037,503,1.6226
24.0080,505,1.6290
24.0123,505,1.6290
24.0166,506,1.6323
24.0209,506,1.6323
24.0252,506,1.6323
24.0295,507,1.6355
24.0339,506,1.6323
24.0382,506,1.6323
24.0425,506,1.6323
24.0467,506,1.6323
24.0511,507,1.6355
24.0554,508,1.6387
24.0597,508,1.6387
24.0639,509,1.6419
24.0683,508,1.6387
24.0726,509,1.6419
24.0769,509,1.6419
24.0811,509,1.6419
24.0855,508,1.6387
24.0898,510,1.6452
24.0941,510,1.6452
24.0984,509,1.6419
24.1027,509,1.6419
24.1070,509,1.6419
24.1113,509,1.6419
24.1156,510,1.6452
24.1199,511,1.6484
24.1241,510,1.6452
24.1284,511,1.6484
24.1328,512,1.6516
24.1371,511,1.6484
24.1414,512,1.6516
24.1457,511,1.6484
24.1500,512,1.6516
24.1543,512,1.6516
24.1586,513,1.6548
24.1629,513,1.6548
24.1672,513,1.6548
24.1715,513,1.6548
24.1758,513,1.6548
24.1801,513,1.6548
24.1844,513,1.6548
24.1887,514,1.6581
24.1930,514,1.6581
24.1973,513,1.6548
24.2016,514,1.6581
24.2059,515,1.6613
24.2103,514,1.6581
24.2146,516,1.6645
24.2189,516,1.6645
24.2232,516,1.6645
24.2275,517,1.6677
24.2318,517,1.6677
24.2361,516,1.6645
24.2404,516,1.6645
24.2447,517,1.6677
24.2490,517,1.6677
24.2533,516,1.6645
24.2576,516,1.6645
24.2619,516,1.6645
24.2662,516,1.6645
24.2705,517,1.6677
24.2748,517,1.6677
24.2791,517,1.6677
24.2834,516,1.6645
24.2877,516,1.6645
24.2921,516,1.6645
24.2963,517,1.6677
24.3006,517,1.6677
24.3049,517,1.6677
24.3092,518,1.6710
24.3136,516,1.6645
24.3178,516,1.6645
24.3221,517,1.6677
24.3264,518,1.6710
24.3307,518,1.6710
24.3351,518,1.6710
24.3394,519,1.6742
24.3437,519,1.6742
24.3480,519,1.6742
24.3522,520,1.6774
24.3566,520,1.6774
24.3609,519,1.6742
24.3651,519,1.6742
24.3694,518,1.6710
24.3738,519,1.6742
24.3781,518,1.6710
24.3826,519,1.6742
24.3870,519,1.6742
24.3914,519,1.6742
24.3958,519,1.6742
24.4001,520,1.6774
24.4044,519,1.6742
24.4087,518,1.6710
24.4130,518,1.6710
24.4173,517,1.6677
24.4216,519,1.6742
24.4259,520,1.6774
24.4302,520,1.6774
24.4345,520,1.6774
24.4388,519,1.6742
24.4431,520,1.6774
24.4475,521,1.6806
24.4521,520,1.6774
24.4564,521,1.6806
24.4607,520,1.6774
24.4650,522,1.6839
24.4693,520,1.6774
24.4736,521,1.6806
24.4780,521,1.6806
24.4823,521,1.6806
24.4866,522,1.6839
24.4909,521,1.6806
24.4953,520,1.6774
24.4996,521,1.6806
24.5039,521,1.6806
24.5082,521,1.6806
24.5124,520,1.6774
24.5167,520,1.6774
24.5211,520,1.6774
24.5254,520,1.6774
24.5297,520,1.6774
24.5344,520,1.6774
24.5387,519,1.6742
24.5430,519,1.6742
24.5473,518,1.6710
24.5516,519,1.6742
24.5559,520,1.6774
24.5602,520,1.6774
24.5645,521,1.6806
24.5688,521,1.6806
24.5731,521,1.6806
24.5775,520,1.6774
24.5818,519,1.6742
24.5861,519,1.6742
24.5904,520,1.6774
24.5947,521,1.6806
24.5990,519,1.6742
24.6033,520,1.6774
24.6076,520,1.6774
24.6119,521,1.6806
24.6165,520,1.6774
24.6208,520,1.6774
24.6252,520,1.6774
24.6294,520,1.6774
24.6337,520,1.6774
24.6380,520,1.6774
24.6424,521,1.6806
24.6467,521,1.6806
24.6510,521,1.6806
24.6553,520,1.6774
24.6596,519,1.6742
24.6639,520,1.6774
24.6682,520,1.6774
24.6725,521,1.6806
24.6768,520,1.6774
24.6811,519,1.6742
24.6856,519,1.6742
24.6900,519,1.6742
24.6944,519,1.6742
24.6988,521,1.6806
24.7031,520,1.6774
24.7075,520,1.6774
24.7118,521,1.6806
24.7161,521,1.6806
24.7204,521,1.6806
24.7248,521,1.6806
24.7290,520,1.6774
24.7333,519,1.6742
24.7376,522,1.6839
24.7420,527,1.7000
24.7463,536,1.7290
24.7506,543,1.7516
24.7549,549,1.7710
24.7592,553,1.7839
24.7635,557,1.7968
24.7678,562,1.8129
24.7721,565,1.8226
24.7764,565,1.8226
24.7809,562,1.8129
24.7853,558,1.8000
24.7896,552,1.7806
24.7939,547,1.7645
24.7982,541,1.7452
24.8025,533,1.7194
24.8068,525,1.6935
24.8111,518,1.6710
24.8154,513,1.6548
24.8197,510,1.6452
24.8240,512,1.6516
24.8283,512,1.6516
24.8326,512,1.6516
24.8369,512,1.6516
24.8412,512,1.6516
24.8455,512,1.6516
24.8499,513,1.6548
24.8542,512,1.6516
24.8584,512,1.6516
24.8627,513,1.6548
24.8671,513,1.6548
24.8714,513,1.6548
24.8757,513,1.6548
24.8800,512,1.6516
24.8843,514,1.6581
24.8886,513,1.6548
24.8929,511,1.6484
24.8972,503,1.6226
24.9015,488,1.5742
24.9058,475,1.5323
24.9101,478,1.5419
24.9144,514,1.6581
24.9187,579,1.8677
24.9230,664,2.1419
24.9279,765,2.4677
24.9322,823,2.6548
24.9365,815,2.6290
24.9408,752,2.4258
24.9451,663,2.1387
24.9495,567,1.8290
24.9538,500,1.6129
24.9580,465,1.5000
24.9623,454,1.4645
24.9666,460,1.4839
24.9710,474,1.5290
24.9753,483,1.5581
24.9795,488,1.5742
24.9838,490,1.5806
24.9881,491,1.5839
24.9925,491,1.5839
24.9968,491,1.5839
25.0011,492,1.5871
25.0054,492,1.5871
25.0098,494,1.5935
25.0141,493,1.5903
25.0183,494,1.5935
25.0227,494,1.5935
25.0272,494,1.5935
25.0317,494,1.5935
25.0362,495,1.5968
25.0407,495,1.5968
25.0453,495,1.5968
25.0497,496,1.6000
25.0541,497,1.6032
25.0584,498,1.6065
25.0627,498,1.6065
25.0672,498,1.6065
25.0716,499,1.6097
25.0758,499,1.6097
25.0801,500,1.6129
25.0844,501,1.6161
25.0887,500,1.6129
25.0931,500,1.6129
25.0974,501,1.6161
25.1017,501,1.6161
25.1060,503,1.6226
25.1102,502,1.6194
25.1146,501,1.6161
25.1189,502,1.6194
25.1232,502,1.6194
25.1275,504,1.6258
25.1318,504,1.6258
25.1361,503,1.6226
25.1404,504,1.6258
25.1447,512,1.6516
25.1490,518,1.6710
25.1534,523,1.6871
25.1577,529,1.7065
25.1619,537,1.7323
25.1662,543,1.7516
25.1705,550,1.7742
25.1749,555,1.7903
25.1792,561,1.8097
25.1834,567,1.8290
25.1877,572,1.8452
25.1920,576,1.8581
25.1964,580,1.8710
25.2007,583,1.8806
25.2050,584,1.8839
25.2093,584,1.8839
25.2136,584,1.8839
25.2179,581,1.8742
25.2222,581,1.8742
25.2265,577,1.8613
25.2308,575,1.8548
25.2351,571,1.8419
25.2397,564,1.8194
25.2440,559,1.8032
25.2483,553,1.7839
25.2526,547,1.7645
25.2569,541,1.7452
25.2612,536,1.7290
25.2655,529,1.7065
25.2698,521,1.6806
25.2741,514,1.6581
25.2784,507,1.6355
25.2827,501,1.6161
25.2872,494,1.5935
25.2918,487,1.5710
25.2962,481,1.5516
25.3005,480,1.5484
25.3052,481,1.5516
25.3095,481,1.5516
25.3138,483,1.5581
25.3181,483,1.5581
25.3224,483,1.5581
25.3267,482,1.5548
25.3310,484,1.5613
25.3353,484,1.5613
25.3396,485,1.5645
25.3439,486,1.5677
25.3482,488,1.5742
25.3525,489,1.5774
25.3568,489,1.5774
25.3612,489,1.5774
25.3655,489,1.5774
25.3697,490,1.5806
25.3740,490,1.5806
25.3784,490,1.5806
25.3827,492,1.5871
25.3872,493,1.5903
25.3915,493,1.5903
25.3959,492,1.5871
25.4003,492,1.5871
25.4046,493,1.5903
25.4088,494,1.5935
25.4131,494,1.5935
25.4175,494,1.5935
25.4218,495,1.5968
25.4261,496,1.6000
25.4304,497,1.6032
25.4351,497,1.6032
25.4394,496,1.6000
25.4437,497,1.6032
25.4480,497,1.6032
25.4523,499,1.6097
25.4566,498,1.6065
25.4609,498,1.6065
25.4652,499,1.6097
25.4695,500,1.6129
25.4738,499,1.6097
25.4781,500,1.6129
25.4824,501,1.6161
25.4867,502,1.6194
25.4910,501,1.6161
25.4953,502,1.6194
25.4997,502,1.6194
25.5040,504,1.6258
25.5083,504,1.6258
25.5126,505,1.6290
25.5169,504,1.6258
25.5212,503,1.6226
25.5255,502,1.6194
25.5298,503,1.6226
25.5341,504,1.6258
25.5384,504,1.6258
25.5427,504,1.6258
25.5471,504,1.6258
25.5514,504,1.6258
25.5556,505,1.6290
25.5599,506,1.6323
25.5643,507,1.6355
25.5686,507,1.6355
25.5729,506,1.6323
25.5771,506,1.6323
25.5815,505,1.6290
25.5859,507,1.6355
25.5903,507,1.6355
25.5947,508,1.6387
25.5991,508,1.6387
25.6035,509,1.6419
25.6078,510,1.6452
25.6121,509,1.6419
25.6164,510,1.6452
25.6207,509,1.6419
25.6250,510,1.6452
25.6293,511,1.6484
25.6336,510,1.6452
25.6379,509,1.6419
25.6422,511,1.6484
25.6465,511,1.6484
25.6509,511,1.6484
25.6552,512,1.6516
25.6596,512,1.6516
25.6638,512,1.6516
25.6681,511,1.6484
25.6724,510,1.6452
25.6766,512,1.6516
25.6809,512,1.6516
25.6852,511,1.6484
25.6894,511,1.6484
25.6937,511,1.6484
25.6980,512,1.6516
25.7022,513,1.6548
25.7065,513,1.6548
25.7108,514,1.6581
25.7150,514,1.6581
25.7193,514,1.6581
25.7236,513,1.6548
25.7278,515,1.6613
25.7321,515,1.6613
25.7364,515,1.6613
25.7406,515,1.6613
25.7449,515,1.6613
25.7492,514,1.6581
25.7535,515,1.6613
25.7577,516,1.6645
25.7620,516,1.6645
25.7662,516,1.6645
25.7705,515,1.6613
25.7747,516,1.6645
25.7790,517,1.6677
25.7833,516,1.6645
25.7876,517,1.6677
25.7918,516,1.6645
25.7961,517,1.6677
25.8004,517,1.6677
25.8047,518,1.6710
25.8090,517,1.6677
25.8133,516,1.6645
25.8176,516,1.6645
25.8219,518,1.6710
25.8262,518,1.6710
25.8305,517,1.6677
25.8348,517,1.6677
25.8391,517,1.6677
25.8434,517,1.6677
25.8477,516,1.6645
25.8520,517,1.6677
25.8563,517,1.6677
25.8606,517,1.6677
25.8649,518,1.6710
25.8692,517,1.6677
25.8735,517,1.6677
25.8777,517,1.6677
25.8820,517,1.6677
25.8863,519,1.6742
25.8906,519,1.6742
25.8949,518,1.6710
25.8992,518,1.6710
25.9035,518,1.6710
25.9078,518,1.6710
25.9121,519,1.6742
25.9164,519,1.6742
25.9207,519,1.6742
25.9250,519,1.6742
25.9293,520,1.6774
25.9335,521,1.6806
25.9378,521,1.6806
25.9421,522,1.6839
25.9464,522,1.6839
25.9507,523,1.6871
25.9550,522,1.6839
25.9593,522,1.6839
25.9636,522,1.6839
25.9679,521,1.6806
25.9722,521,1.6806
25.9765,521,1.6806
25.9808,522,1.6839
25.9851,520,1.6774
25.9894,519,1.6742
25.9937,521,1.6806
25.9980,520,1.6774
26.0023,520,1.6774
26.0066,519,1.6742
26.0109,520,1.6774
26.0152,520,1.6774
26.0195,521,1.6806
26.0238,520,1.6774
26.0281,519,1.6742
26.0323,518,1.6710
26.0367,520,1.6774
26.0409,521,1.6806
26.0453,520,1.6774
26.0496,521,1.6806
26.0539,522,1.6839
26.0582,522,1.6839
26.0625,521,1.6806
26.0668,521,1.6806
26.0710,520,1.6774
26.0753,520,1.6774
26.0796,521,1.6806
26.0839,522,1.6839
26.0882,521,1.6806
26.0925,521,1.6806
26.0968,521,1.6806
26.1011,522,1.6839
26.1054,522,1.6839
26.1097,521,1.6806
26.1140,520,1.6774
26.1183,521,1.6806
26.1226,520,1.6774
26.1269,520,1.6774
26.1312,521,1.6806
26.1355,521,1.6806
26.1397,522,1.6839
26.1441,523,1.6871
26.1484,523,1.6871
26.1526,522,1.6839
26.1569,523,1.6871
26.1612,522,1.6839
26.1655,522,1.6839
26.1698,522,1.6839
26.1742,523,1.6871
26.1785,521,1.6806
26.1828,523,1.6871
26.1891,523,1.6871
26.1935,521,1.6806
26.1979,521,1.6806
26.2022,523,1.6871
26.2064,525,1.6935
26.2107,523,1.6871
26.2150,523,1.6871
26.2193,521,1.6806
26.2235,522,1.6839
26.2278,523,1.6871
26.2321,522,1.6839
26.2365,522,1.6839
26.2408,523,1.6871
26.2450,525,1.6935
26.2493,531,1.7129
26.2537,537,1.7323
26.2580,545,1.7581
26.2623,551,1.7774
26.2666,557,1.7968
26.2709,561,1.8097
26.2752,564,1.8194
26.2795,565,1.8226
26.2838,566,1.8258
26.2881,564,1.8194
26.2924,559,1.8032
26.2967,555,1.7903
26.3010,548,1.7677
26.3054,540,1.7419
26.3097,532,1.7161
26.3140,523,1.6871
26.3183,517,1.6677
26.3226,512,1.6516
26.3269,510,1.6452
26.3312,510,1.6452
26.3355,511,1.6484
26.3398,511,1.6484
26.3441,512,1.6516
26.3484,512,1.6516
26.3527,512,1.6516
26.3570,510,1.6452
26.3614,511,1.6484
26.3656,512,1.6516
26.3699,512,1.6516
26.3742,512,1.6516
26.3785,511,1.6484
26.3829,512,1.6516
26.3871,512,1.6516
26.3914,513,1.6548
26.3957,512,1.6516
26.4001,508,1.6387
26.4044,498,1.6065
26.4087,483,1.5581
26.4130,471,1.5194
26.4173,485,1.5645
26.4216,529,1.7065
26.4259,601,1.9387
26.4302,689,2.2226
26.4345,773,2.4935
26.4388,823,2.6548
26.4431,810,2.6129
26.4475,739,2.3839
26.4518,648,2.0903
26.4562,554,1.7871
26.4605,492,1.5871
26.4647,461,1.4871
26.4690,453,1.4613
26.4733,460,1.4839
26.4776,475,1.5323
26.4819,486,1.5677
26.4862,490,1.5806
26.4927,489,1.5774
26.4971,490,1.5806
26.5014,490,1.5806
26.5057,491,1.5839
26.5100,493,1.5903
26.5142,494,1.5935
26.5185,493,1.5903
26.5227,494,1.5935
26.5270,495,1.5968
26.5312,496,1.6000
26.5355,496,1.6000
26.5397,496,1.6000
26.5440,498,1.6065
26.5483,498,1.6065
26.5525,499,1.6097
26.5568,498,1.6065
26.5611,499,1.6097
26.5653,500,1.6129
26.5696,500,1.6129
26.5738,500,1.6129
26.5781,500,1.6129
26.5823,501,1.6161
26.5866,501,1.6161
26.5909,500,1.6129
26.5951,501,1.6161
26.5994,501,1.6161
26.6037,501,1.6161
26.6080,501,1.6161
26.6123,501,1.6161
26.6166,502,1.6194
26.6209,503,1.6226
26.6252,504,1.6258
26.6295,505,1.6290
26.6338,505,1.6290
26.6381,506,1.6323
26.6424,510,1.6452
26.6467,514,1.6581
26.6510,521,1.6806
26.6553,527,1.7000
26.6596,534,1.7226
26.6639,540,1.7419
26.6682,547,1.7645
26.6725,553,1.7839
26.6768,558,1.8000
26.6811,563,1.8161
26.6855,569,1.8355
26.6899,574,1.8516
26.6942,578,1.8645
26.6985,581,1.8742
26.7028,582,1.8774
26.7071,583,1.8806
26.7114,585,1.8871
26.7157,583,1.8806
26.7199,581,1.8742
26.7242,579,1.8677
26.7285,576,1.8581
26.7328,573,1.8484
26.7370,569,1.8355
26.7413,563,1.8161
26.7455,558,1.8000
26.7498,552,1.7806
26.7541,547,1.7645
26.7583,540,1.7419
26.7626,533,1.7194
26.7669,525,1.6935
26.7711,517,1.6677
26.7754,512,1.6516
26.7797,505,1.6290
26.7839,498,1.6065
26.7882,491,1.5839
26.7925,485,1.5645
26.7967,480,1.5484
26.8010,479,1.5452
26.8052,479,1.5452
26.8096,480,1.5484
26.8139,481,1.5516
26.8182,482,1.5548
26.8225,482,1.5548
26.8268,484,1.5613
26.8311,483,1.5581
26.8354,484,1.5613
26.8396,484,1.5613
26.8439,485,1.5645
26.8482,485,1.5645
26.8525,485,1.5645
26.8568,487,1.5710
26.8611,487,1.5710
26.8654,488,1.5742
26.8697,488,1.5742
26.8740,489,1.5774
26.8783,490,1.5806
26.8826,491,1.5839
26.8869,491,1.5839
26.8911,492,1.5871
26.8954,494,1.5935
26.8997,494,1.5935
26.9040,494,1.5935
26.9083,494,1.5935
26.9126,494,1.5935
26.9169,494,1.5935
26.9212,495,1.5968
26.9255,496,1.6000
26.9298,496,1.6000
26.9341,496,1.6000
26.9384,496,1.6000
26.9427,497,1.6032
26.9470,498,1.6065
26.9514,498,1.6065
26.9557,498,1.6065
26.9600,498,1.6065
26.9642,498,1.6065
26.9685,498,1.6065
26.9728,499,1.6097
26.9771,500,1.6129
26.9814,500,1.6129
26.9857,500,1.6129
26.9900,500,1.6129
26.9943,500,1.6129
26.9986,501,1.6161
27.0029,501,1.6161
27.0072,502,1.6194
27.0115,503,1.6226
27.0157,504,1.6258
27.0200,504,1.6258
27.0242,504,1.6258
27.0285,504,1.6258
27.0328,505,1.6290
27.0370,504,1.6258
27.0413,505,1.6290
27.0455,504,1.6258
27.0498,505,1.6290
27.0541,506,1.6323
27.0583,507,1.6355
27.0626,507,1.6355
27.0669,507,1.6355
27.0717,506,1.6323
27.0760,507,1.6355
27.0803,507,1.6355
27.0847,508,1.6387
27.0891,510,1.6452
27.0935,510,1.6452
27.0978,509,1.6419
27.1021,510,1.6452
27.1063,510,1.6452
27.1106,511,1.6484
27.1149,511,1.6484
27.1191,509,1.6419
27.1234,509,1.6419
27.1276,511,1.6484
27.1319,511,1.6484
27.1363,510,1.6452
27.1406,509,1.6419
27.1449,511,1.6484
27.1492,511,1.6484
27.1534,512,1.6516
27.1578,511,1.6484
27.1621,512,1.6516
27.1663,512,1.6516
27.1706,513,1.6548
27.1749,513,1.6548
27.1793,513,1.6548
27.1835,513,1.6548
27.1878,512,1.6516
27.1921,514,1.6581
27.1964,512,1.6516
27.2007,512,1.6516
27.2050,514,1.6581
27.2093,515,1.6613
27.2137,515,1.6613
27.2180,516,1.6645
27.2223,516,1.6645
27.2267,515,1.6613
27.2310,516,1.6645
27.2353,516,1.6645
27.2396,515,1.6613
27.2440,515,1.6613
27.2483,516,1.6645
27.2526,516,1.6645
27.2569,515,1.6613
27.2613,515,1.6613
27.2656,517,1.6677
27.2700,517,1.6677
27.2743,518,1.6710
27.2786,518,1.6710
27.2829,517,1.6677
27.2873,517,1.6677
27.2916,517,1.6677
27.2959,516,1.6645
27.3003,517,1.6677
27.3047,517,1.6677
27.3090,517,1.6677
27.3133,518,1.6710
27.3176,519,1.6742
27.3219,518,1.6710
27.3262,517,1.6677
27.3305,517,1.6677
27.3348,516,1.6645
27.3391,517,1.6677
27.3434,518,1.6710
27.3477,518,1.6710
27.3520,518,1.6710
27.3563,518,1.6710
27.3606,518,1.6710
27.3649,519,1.6742
27.3692,519,1.6742
27.3735,520,1.6774
27.3777,518,1.6710
27.3821,519,1.6742
27.3865,519,1.6742
27.3930,521,1.6806
27.3973,521,1.6806
27.4016,521,1.6806
27.4060,521,1.6806
27.4103,521,1.6806
27.4146,520,1.6774
27.4189,520,1.6774
27.4232,521,1.6806
27.4275,520,1.6774
27.4318,519,1.6742
27.4361,521,1.6806
27.4404,520,1.6774
27.4448,521,1.6806
27.4491,520,1.6774
27.4533,521,1.6806
27.4576,520,1.6774
27.4619,520,1.6774
27.4662,520,1.6774
27.4705,520,1.6774
27.4748,521,1.6806
27.4791,521,1.6806
27.4834,522,1.6839
27.4877,522,1.6839
27.4920,521,1.6806
27.4963,521,1.6806
27.5006,522,1.6839
27.5050,520,1.6774
27.5093,521,1.6806
27.5136,523,1.6871
27.5179,523,1.6871
27.5222,522,1.6839
27.5265,521,1.6806
27.5308,521,1.6806
27.5351,519,1.6742
27.5394,519,1.6742
27.5436,519,1.6742
27.5480,519,1.6742
27.5522,520,1.6774
27.5565,520,1.6774
27.5608,520,1.6774
27.5651,521,1.6806
27.5695,521,1.6806
27.5738,520,1.6774
27.5780,519,1.6742
27.5824,520,1.6774
27.5867,520,1.6774
27.5910,521,1.6806
27.5953,522,1.6839
27.5996,522,1.6839
27.6039,522,1.6839
27.6082,521,1.6806
27.6125,522,1.6839
27.6168,522,1.6839
27.6211,522,1.6839
27.6254,522,1.6839
27.6297,523,1.6871
27.6340,522,1.6839
27.6383,522,1.6839
27.6426,522,1.6839
27.6469,522,1.6839
27.6512,521,1.6806
27.6555,521,1.6806
27.6597,521,1.6806
27.6641,520,1.6774
27.6684,521,1.6806
27.6727,521,1.6806
27.6769,521,1.6806
27.6812,522,1.6839
27.6855,522,1.6839
27.6898,522,1.6839
27.6941,522,1.6839
27.6984,521,1.6806
27.7027,520,1.6774
27.7070,520,1.6774
27.7113,520,1.6774
27.7156,520,1.6774
27.7199,520,1.6774
27.7242,521,1.6806
27.7285,521,1.6806
27.7328,522,1.6839
27.7371,522,1.6839
27.7414,521,1.6806
27.7457,521,1.6806
27.7500,520,1.6774
27.7543,525,1.6935
27.7586,531,1.7129
27.7629,536,1.7290
27.7672,544,1.7548
27.7715,550,1.7742
27.7758,555,1.7903
27.7801,559,1.8032
27.7843,563,1.8161
27.7886,565,1.8226
27.7929,565,1.8226
27.7972,564,1.8194
27.8015,558,1.8000
27.8058,554,1.7871
27.8101,548,1.7677
27.8145,540,1.7419
27.8188,532,1.7161
27.8230,524,1.6903
27.8273,517,1.6677
27.8316,513,1.6548
27.8359,512,1.6516
27.8402,513,1.6548
27.8445,513,1.6548
27.8488,514,1.6581
27.8531,514,1.6581
27.8574,514,1.6581
27.8617,514,1.6581
27.8660,514,1.6581
27.8703,515,1.6613
27.8747,514,1.6581
27.8789,513,1.6548
27.8833,513,1.6548
27.8876,514,1.6581
27.8919,514,1.6581
27.8962,514,1.6581
27.9005,514,1.6581
27.9047,515,1.6613
27.9091,513,1.6548
27.9134,503,1.6226
27.9177,485,1.5645
27.9220,474,1.5290
27.9263,487,1.5710
27.9306,530,1.7097
27.9349,602,1.9419
27.9392,687,2.2161
27.9435,774,2.4968
27.9478,825,2.6613
27.9521,810,2.6129
27.9565,741,2.3903
27.9607,650,2.0968
27.9650,559,1.8032
27.9693,495,1.5968
27.9736,464,1.4968
27.9779,456,1.4710
27.9823,463,1.4935
27.9867,477,1.5387
27.9911,485,1.5645
27.9955,489,1.5774
27.9998,490,1.5806
28.0041,491,1.5839
28.0083,490,1.5806
28.0126,492,1.5871
28.0169,492,1.5871
28.0212,492,1.5871
28.0255,492,1.5871
28.0297,493,1.5903
28.0340,493,1.5903
28.0382,494,1.5935
28.0425,494,1.5935
28.0467,495,1.5968
28.0509,495,1.5968
28.0552,494,1.5935
28.0595,495,1.5968
28.0637,496,1.6000
28.0680,498,1.6065
28.0722,499,1.6097
28.0765,498,1.6065
28.0807,499,1.6097
28.0850,499,1.6097
28.0892,500,1.6129
28.0935,500,1.6129
28.0977,499,1.6097
28.1020,500,1.6129
28.1062,500,1.6129
28.1106,501,1.6161
28.1149,502,1.6194
28.1192,502,1.6194
28.1235,503,1.6226
28.1277,503,1.6226
28.1320,503,1.6226
28.1363,503,1.6226
28.1406,503,1.6226
28.1449,503,1.6226
28.1492,504,1.6258
28.1535,505,1.6290
28.1578,509,1.6419
28.1620,516,1.6645
28.1663,523,1.6871
28.1706,531,1.7129
28.1749,536,1.7290
28.1792,542,1.7484
28.1834,548,1.7677
28.1877,554,1.7871
28.1920,560,1.8065
28.1963,565,1.8226
28.2006,571,1.8419
28.2049,574,1.8516
28.2092,579,1.8677
28.2135,580,1.8710
28.2178,582,1.8774
28.2220,584,1.8839
28.2264,584,1.8839
28.2306,582,1.8774
28.2349,580,1.8710
28.2392,580,1.8710
28.2435,577,1.8613
28.2478,573,1.8484
28.2521,567,1.8290
28.2564,562,1.8129
28.2607,555,1.7903
28.2650,550,1.7742
28.2692,544,1.7548
28.2736,536,1.7290
28.2778,531,1.7129
28.2821,523,1.6871
28.2866,516,1.6645
28.2910,510,1.6452
28.2954,501,1.6161
28.2997,496,1.6000
28.3041,489,1.5774
28.3085,483,1.5581
28.3128,480,1.5484
28.3171,478,1.5419
28.3214,478,1.5419
28.3257,480,1.5484
28.3300,481,1.5516
28.3343,483,1.5581
28.3386,483,1.5581
28.3429,483,1.5581
28.3472,484,1.5613
28.3515,485,1.5645
28.3558,486,1.5677
28.3601,487,1.5710
28.3644,486,1.5677
28.3687,486,1.5677
28.3730,487,1.5710
28.3773,488,1.5742
28.3816,489,1.5774
28.3859,490,1.5806
28.3902,492,1.5871
28.3945,492,1.5871
28.3988,491,1.5839
28.4031,492,1.5871
28.4074,492,1.5871
28.4117,493,1.5903
28.4160,493,1.5903
28.4203,494,1.5935
28.4247,494,1.5935
28.4289,496,1.6000
28.4332,496,1.6000
28.4376,496,1.6000
28.4418,495,1.5968
28.4461,495,1.5968
28.4504,496,1.6000
28.4547,496,1.6000
28.4590,497,1.6032
28.4633,498,1.6065
28.4676,499,1.6097
28.4719,498,1.6065
28.4762,498,1.6065
28.4804,498,1.6065
28.4847,500,1.6129
28.4890,501,1.6161
28.4933,500,1.6129
28.4976,499,1.6097
28.5019,501,1.6161
28.5063,501,1.6161
28.5105,502,1.6194
28.5148,502,1.6194
28.5191,503,1.6226
28.5236,504,1.6258
28.5279,505,1.6290
28.5322,506,1.6323
28.5365,505,1.6290
28.5408,506,1.6323
28.5450,506,1.6323
28.5493,505,1.6290
28.5537,505,1.6290
28.5579,506,1.6323
28.5622,506,1.6323
28.5665,506,1.6323
28.5709,506,1.6323
28.5751,506,1.6323
28.5794,507,1.6355
28.5837,507,1.6355
28.5880,507,1.6355
28.5923,509,1.6419
28.5966,510,1.6452
28.6009,510,1.6452
28.6052,511,1.6484
28.6095,511,1.6484
28.6139,512,1.6516
28.6181,511,1.6484
28.6224,511,1.6484
28.6268,511,1.6484
28.6311,510,1.6452
28.6354,510,1.6452
28.6397,511,1.6484
28.6440,511,1.6484
28.6483,511,1.6484
28.6526,512,1.6516
28.6569,512,1.6516
28.6612,512,1.6516
28.6655,512,1.6516
28.6699,512,1.6516
28.6742,513,1.6548
28.6784,513,1.6548
28.6827,512,1.6516
28.6870,512,1.6516
28.6914,512,1.6516
28.6957,514,1.6581
28.6999,513,1.6548
28.7042,513,1.6548
28.7086,513,1.6548
28.7129,513,1.6548
28.7172,514,1.6581
28.7215,514,1.6581
28.7258,515,1.6613
28.7301,514,1.6581
28.7344,514,1.6581
28.7387,513,1.6548
28.7430,514,1.6581
28.7472,515,1.6613
28.7516,516,1.6645
28.7559,516,1.6645
28.7601,516,1.6645
28.7644,516,1.6645
28.7687,516,1.6645
28.7731,516,1.6645
28.7774,516,1.6645
28.7817,515,1.6613
28.7860,515,1.6613
28.7903,515,1.6613
28.7946,515,1.6613
28.7989,515,1.6613
28.8032,515,1.6613
28.8075,516,1.6645
28.8119,517,1.6677
28.8162,517,1.6677
28.8206,517,1.6677
28.8249,517,1.6677
28.8292,519,1.6742
28.8335,519,1.6742
28.8415,518,1.6710
28.8459,518,1.6710
28.8501,519,1.6742
28.8545,519,1.6742
28.8588,519,1.6742
28.8631,519,1.6742
28.8674,518,1.6710
28.8718,518,1.6710
28.8761,518,1.6710
28.8804,519,1.6742
28.8848,520,1.6774
28.8893,521,1.6806
28.8937,521,1.6806
28.8981,520,1.6774
28.9024,519,1.6742
28.9067,520,1.6774
28.9111,521,1.6806
28.9155,521,1.6806
28.9200,521,1.6806
28.9243,520,1.6774
28.9286,519,1.6742
28.9329,520,1.6774
28.9373,519,1.6742
28.9415,520,1.6774
28.9458,520,1.6774
28.9501,520,1.6774
28.9544,521,1.6806
28.9587,522,1.6839
28.9630,521,1.6806
28.9673,521,1.6806
28.9716,521,1.6806
28.9759,521,1.6806
28.9802,522,1.6839
28.9845,520,1.6774
28.9888,520,1.6774
28.9931,521,1.6806
28.9975,521,1.6806
29.0018,521,1.6806
29.0061,521,1.6806
29.0103,521,1.6806
29.0146,520,1.6774
29.0190,519,1.6742
29.0233,521,1.6806
29.0276,521,1.6806
29.0319,521,1.6806
29.0362,521,1.6806
29.0405,520,1.6774
29.0448,521,1.6806
29.0491,521,1.6806
29.0534,520,1.6774
29.0577,520,1.6774
29.0620,520,1.6774
29.0663,520,1.6774
29.0706,520,1.6774
29.0749,520,1.6774
29.0792,519,1.6742
29.0835,520,1.6774
29.0878,520,1.6774
29.0921,519,1.6742
29.0964,520,1.6774
29.1007,521,1.6806
29.1050,521,1.6806
29.1093,521,1.6806
29.1136,522,1.6839
29.1179,521,1.6806
29.1223,522,1.6839
29.1266,522,1.6839
29.1309,523,1.6871
29.1352,522,1.6839
29.1395,522,1.6839
29.1438,521,1.6806
29.1481,522,1.6839
29.1524,522,1.6839
29.1567,521,1.6806
29.1610,522,1.6839
29.1653,522,1.6839
29.1696,522,1.6839
29.1739,521,1.6806
29.1782,520,1.6774
29.1825,521,1.6806
29.1870,521,1.6806
29.1913,522,1.6839
29.1958,522,1.6839
29.2001,521,1.6806
29.2044,521,1.6806
29.2087,521,1.6806
29.2130,520,1.6774
29.2173,520,1.6774
29.2216,520,1.6774
29.2260,521,1.6806
29.2303,520,1.6774
29.2346,519,1.6742
29.2389,518,1.6710
29.2432,519,1.6742
29.2475,520,1.6774
29.2518,520,1.6774
29.2561,520,1.6774
29.2604,521,1.6806
29.2647,524,1.6903
29.2690,531,1.7129
29.2733,538,1.7355
29.2776,545,1.7581
29.2819,551,1.7774
29.2862,555,1.7903
29.2905,561,1.8097
29.2948,563,1.8161
29.2991,566,1.8258
29.3034,565,1.8226
29.3077,563,1.8161
29.3120,558,1.8000
29.3162,552,1.7806
29.3206,546,1.7613
29.3251,539,1.7387
29.3295,531,1.7129
29.3338,524,1.6903
29.3381,517,1.6677
29.3424,513,1.6548
29.3468,512,1.6516
29.3511,512,1.6516
29.3555,513,1.6548
29.3598,513,1.6548
29.3641,513,1.6548
29.3685,512,1.6516
29.3728,513,1.6548
29.3771,513,1.6548
29.3815,513,1.6548
29.3858,514,1.6581
29.3901,514,1.6581
29.3945,514,1.6581
29.3988,513,1.6548
29.4031,512,1.6516
29.4075,514,1.6581
29.4119,514,1.6581
29.4162,513,1.6548
29.4205,508,1.6387
29.4249,495,1.5968
29.4293,477,1.5387
29.4336,472,1.5226
29.4378,496,1.6000
29.4421,552,1.7806
29.4464,630,2.0323
29.4507,719,2.3194
29.4550,801,2.5839
29.4593,828,2.6710
29.4636,793,2.5581
29.4679,716,2.3097
29.4722,618,1.9935
29.4765,535,1.7258
29.4808,484,1.5613
29.4851,461,1.4871
29.4894,458,1.4774
29.4937,467,1.5065
29.4980,480,1.5484
29.5023,488,1.5742
29.5066,491,1.5839
29.5109,490,1.5806
29.5152,491,1.5839
29.5195,491,1.5839
29.5238,491,1.5839
29.5282,492,1.5871
29.5325,493,1.5903
29.5368,493,1.5903
29.5411,495,1.5968
29.5453,494,1.5935
29.5496,495,1.5968
29.5539,495,1.5968
29.5582,495,1.5968
29.5625,495,1.5968
29.5668,495,1.5968
29.5711,496,1.6000
29.5754,498,1.6065
29.5797,498,1.6065
29.5840,498,1.6065
29.5883,499,1.6097
29.5926,499,1.6097
29.5969,500,1.6129
29.6012,500,1.6129
29.6055,500,1.6129
29.6098,500,1.6129
29.6141,501,1.6161
29.6184,502,1.6194
29.6227,501,1.6161
29.6271,501,1.6161
29.6314,501,1.6161
29.6358,502,1.6194
29.6401,502,1.6194
29.6444,502,1.6194
29.6488,503,1.6226
29.6531,503,1.6226
29.6575,504,1.6258
29.6618,508,1.6387
29.6661,514,1.6581
29.6705,521,1.6806
29.6748,527,1.7000
29.6792,534,1.7226
29.6835,540,1.7419
29.6878,548,1.7677
29.6922,554,1.7871
29.6965,561,1.8097
29.7008,566,1.8258
29.7052,571,1.8419
29.7095,576,1.8581
29.7138,577,1.8613
29.7182,581,1.8742
29.7228,583,1.8806
29.7271,584,1.8839
29.7315,584,1.8839
29.7358,583,1.8806
29.7401,580,1.8710
29.7444,579,1.8677
29.7487,575,1.8548
29.7529,572,1.8452
29.7573,568,1.8323
29.7616,563,1.8161
29.7658,557,1.7968
29.7701,551,1.7774
29.7744,546,1.7613
29.7788,539,1.7387
29.7831,531,1.7129
29.7876,523,1.6871
29.7920,516,1.6645
29.7964,510,1.6452
29.8007,502,1.6194
29.8050,496,1.6000
29.8093,490,1.5806
29.8136,485,1.5645
29.8179,481,1.5516
29.8222,480,1.5484
29.8265,481,1.5516
29.8309,482,1.5548
29.8352,482,1.5548
29.8395,483,1.5581
29.8438,484,1.5613
29.8481,486,1.5677
29.8524,486,1.5677
29.8567,487,1.5710
29.8610,487,1.5710
29.8653,488,1.5742
29.8695,487,1.5710
29.8738,489,1.5774
29.8781,489,1.5774
29.8825,490,1.5806
29.8868,490,1.5806
29.8910,491,1.5839
29.8953,492,1.5871
29.8996,491,1.5839
29.9039,490,1.5806
29.9082,490,1.5806
29.9125,491,1.5839
29.9168,492,1.5871
29.9211,493,1.5903
29.9254,494,1.5935
29.9297,493,1.5903
29.9341,493,1.5903
29.9384,494,1.5935
29.9428,495,1.5968
29.9471,495,1.5968
29.9514,496,1.6000
29.9558,496,1.6000
29.9601,496,1.6000
29.9644,496,1.6000
29.9688,498,1.6065
29.9731,498,1.6065
29.9775,499,1.6097
29.9818,499,1.6097
29.9862,499,1.6097
29.9905,500,1.6129
29.9948,500,1.6129
29.9992,500,1.6129
30.0035,500,1.6129
30.0079,500,1.6129
30.0122,501,1.6161
30.0165,501,1.6161
30.0208,502,1.6194
30.0253,503,1.6226
30.0298,503,1.6226
30.0342,503,1.6226
30.0386,504,1.6258
30.0431,504,1.6258
30.0476,504,1.6258
30.0521,504,1.6258
30.0565,505,1.6290
30.0608,506,1.6323
30.0651,507,1.6355
30.0694,506,1.6323
30.0736,506,1.6323
30.0779,505,1.6290
30.0822,506,1.6323
30.0866,506,1.6323
30.0909,507,1.6355
30.0954,506,1.6323
30.0996,507,1.6355
30.1039,506,1.6323
30.1082,508,1.6387
30.1125,509,1.6419
30.1167,510,1.6452
30.1210,510,1.6452
30.1254,510,1.6452
30.1297,510,1.6452
30.1339,511,1.6484
30.1382,510,1.6452
30.1424,510,1.6452
30.1467,511,1.6484
30.1509,510,1.6452
30.1552,511,1.6484
30.1594,511,1.6484
30.1636,511,1.6484
30.1679,511,1.6484
30.1721,511,1.6484
30.1764,511,1.6484
30.1806,512,1.6516
30.1849,512,1.6516
30.1891,513,1.6548
30.1934,515,1.6613
30.1976,515,1.6613
30.2018,515,1.6613
30.2061,513,1.6548
30.2103,513,1.6548
30.2146,514,1.6581
30.2188,515,1.6613
30.2231,515,1.6613
30.2274,514,1.6581
30.2317,515,1.6613
30.2360,516,1.6645
30.2403,515,1.6613
30.2446,515,1.6613
30.2489,516,1.6645
30.2532,517,1.6677
30.2575,517,1.6677
30.2618,517,1.6677
30.2661,518,1.6710
30.2704,518,1.6710
30.2747,518,1.6710
30.2790,518,1.6710
30.2833,517,1.6677
30.2876,517,1.6677
30.2919,518,1.6710
30.2962,517,1.6677
30.3005,517,1.6677
30.3048,517,1.6677
30.3091,518,1.6710
30.3134,518,1.6710
30.3177,517,1.6677
30.3220,518,1.6710
30.3262,517,1.6677
30.3306,518,1.6710
30.3349,518,1.6710
30.3392,518,1.6710
30.3435,518,1.6710
30.3478,518,1.6710
30.3521,520,1.6774
30.3564,520,1.6774
30.3607,519,1.6742
30.3650,518,1.6710
30.3692,518,1.6710
30.3736,519,1.6742
30.3779,518,1.6710
30.3821,518,1.6710
30.3864,519,1.6742
30.3907,520,1.6774
30.3950,519,1.6742
30.3993,518,1.6710
30.4036,518,1.6710
30.4079,519,1.6742
30.4122,520,1.6774
30.4165,520,1.6774
30.4208,520,1.6774
30.4251,520,1.6774
30.4293,521,1.6806
30.4336,521,1.6806
30.4379,520,1.6774
30.4422,519,1.6742
30.4465,520,1.6774
30.4508,520,1.6774
30.4551,520,1.6774
30.4594,520,1.6774
30.4637,518,1.6710
30.4680,519,1.6742
30.4723,520,1.6774
30.4766,519,1.6742
30.4809,519,1.6742
30.4852,519,1.6742
30.4895,519,1.6742
30.4938,519,1.6742
30.4981,520,1.6774
30.5024,519,1.6742
30.5067,520,1.6774
30.5109,520,1.6774
30.5152,520,1.6774
30.5195,520,1.6774
30.5238,521,1.6806
30.5281,521,1.6806
30.5324,521,1.6806
30.5368,522,1.6839
30.5411,521,1.6806
30.5453,521,1.6806
30.5496,521,1.6806
30.5539,521,1.6806
30.5582,522,1.6839
30.5625,521,1.6806
30.5668,522,1.6839
30.5711,521,1.6806
30.5754,521,1.6806
30.5797,521,1.6806
30.5840,522,1.6839
30.5883,522,1.6839
30.5926,522,1.6839
30.5969,523,1.6871
30.6012,523,1.6871
30.6055,522,1.6839
30.6101,522,1.6839
30.6145,521,1.6806
30.6189,519,1.6742
30.6233,520,1.6774
30.6276,521,1.6806
30.6319,520,1.6774
30.6362,520,1.6774
30.6405,519,1.6742
30.6447,520,1.6774
30.6490,520,1.6774
30.6533,519,1.6742
30.6575,520,1.6774
30.6618,519,1.6742
30.6661,521,1.6806
30.6703,521,1.6806
30.6746,521,1.6806
30.6789,520,1.6774
30.6832,521,1.6806
30.6882,520,1.6774
30.6926,520,1.6774
30.6969,522,1.6839
30.7012,523,1.6871
30.7055,521,1.6806
30.7098,521,1.6806
30.7140,522,1.6839
30.7183,522,1.6839
30.7226,520,1.6774
30.7269,521,1.6806
30.7311,520,1.6774
30.7354,520,1.6774
30.7396,521,1.6806
30.7439,522,1.6839
30.7482,522,1.6839
30.7524,523,1.6871
30.7567,522,1.6839
30.7609,523,1.6871
30.7652,522,1.6839
30.7695,523,1.6871
30.7737,522,1.6839
30.7780,524,1.6903
30.7823,530,1.7097
30.7865,535,1.7258
30.7908,541,1.7452
30.7951,550,1.7742
30.7993,555,1.7903
30.8036,560,1.8065
30.8079,563,1.8161
30.8122,567,1.8290
30.8164,566,1.8258
30.8207,563,1.8161
30.8250,558,1.8000
30.8293,555,1.7903
30.8336,548,1.7677
30.8379,542,1.7484
30.8422,533,1.7194
30.8465,525,1.6935
30.8508,519,1.6742
30.8551,513,1.6548
30.8594,512,1.6516
30.8636,511,1.6484
30.8680,511,1.6484
30.8723,512,1.6516
30.8765,513,1.6548
30.8808,514,1.6581
30.8851,514,1.6581
30.8895,514,1.6581
30.8938,514,1.6581
30.8981,515,1.6613
30.9024,515,1.6613
30.9067,515,1.6613
30.9110,515,1.6613
30.9153,514,1.6581
30.9196,514,1.6581
30.9239,513,1.6548
30.9282,515,1.6613
30.9325,514,1.6581
30.9368,506,1.6323
30.9411,492,1.5871
30.9454,477,1.5387
30.9497,478,1.5419
30.9540,508,1.6387
30.9583,569,1.8355
30.9626,652,2.1032
30.9669,742,2.3935
30.9712,813,2.6226
30.9755,824,2.6581
30.9798,774,2.4968
30.9841,687,2.2161
30.9889,581,1.8742
30.9933,508,1.6387
30.9977,469,1.5129
31.0020,454,1.4645
31.0063,457,1.4742
31.0106,471,1.5194
31.0149,482,1.5548
31.0192,484,1.5613
31.0235,489,1.5774
31.0278,489,1.5774
31.0321,491,1.5839
31.0364,491,1.5839
31.0407,492,1.5871
31.0449,492,1.5871
31.0492,493,1.5903
31.0535,494,1.5935
31.0577,495,1.5968
31.0620,495,1.5968
31.0663,495,1.5968
31.0705,495,1.5968
31.0748,495,1.5968
31.0790,495,1.5968
31.0833,496,1.6000
31.0876,496,1.6000
31.0918,497,1.6032
31.0961,496,1.6000
31.1004,494,1.5935
31.1046,495,1.5968
31.1089,497,1.6032
31.1132,498,1.6065
31.1175,497,1.6032
31.1218,497,1.6032
31.1260,498,1.6065
31.1303,499,1.6097
31.1346,499,1.6097
31.1388,500,1.6129
31.1431,500,1.6129
31.1475,500,1.6129
31.1518,500,1.6129
31.1561,501,1.6161
31.1604,501,1.6161
31.1647,502,1.6194
31.1689,503,1.6226
31.1732,505,1.6290
31.1776,509,1.6419
31.1819,513,1.6548
31.1862,520,1.6774
31.1905,527,1.7000
31.1948,535,1.7258
31.1991,541,1.7452
31.2034,548,1.7677
31.2077,554,1.7871
31.2120,560,1.8065
31.2163,566,1.8258
31.2206,571,1.8419
31.2249,574,1.8516
31.2291,576,1.8581
31.2334,580,1.8710
31.2378,583,1.8806
31.2422,585,1.8871
31.2465,583,1.8806
31.2507,583,1.8806
31.2550,583,1.8806
31.2593,579,1.8677
31.2637,576,1.8581
31.2679,573,1.8484
31.2722,569,1.8355
31.2765,563,1.8161
31.2808,557,1.7968
31.2851,552,1.7806
31.2894,546,1.7613
31.2937,539,1.7387
31.2980,532,1.7161
31.3023,524,1.6903
31.3066,515,1.6613
31.3109,509,1.6419
31.3152,503,1.6226
31.3195,496,1.6000
31.3238,489,1.5774
31.3281,487,1.5710
31.3324,483,1.5581
31.3367,481,1.5516
31.3410,480,1.5484
31.3453,479,1.5452
31.3496,481,1.5516
31.3540,481,1.5516
31.3583,482,1.5548
31.3626,484,1.5613
31.3669,484,1.5613
31.3711,485,1.5645
31.3754,486,1.5677
31.3798,485,1.5645
31.3840,486,1.5677
31.3883,487,1.5710
31.3926,488,1.5742
31.3969,488,1.5742
31.4012,489,1.5774
31.4055,489,1.5774
31.4098,490,1.5806
31.4141,492,1.5871
31.4184,492,1.5871
31.4227,493,1.5903
31.4270,492,1.5871
31.4312,493,1.5903
31.4355,493,1.5903
31.4398,494,1.5935
31.4441,494,1.5935
31.4484,495,1.5968
31.4527,496,1.6000
31.4569,496,1.6000
31.4612,497,1.6032
31.4655,496,1.6000
31.4698,496,1.6000
31.4741,496,1.6000
31.4783,498,1.6065
31.4826,498,1.6065
31.4869,499,1.6097
31.4913,499,1.6097
31.4956,500,1.6129
31.4999,499,1.6097
31.5043,499,1.6097
31.5086,500,1.6129
31.5129,500,1.6129
31.5173,501,1.6161
31.5216,502,1.6194
31.5260,503,1.6226
31.5303,503,1.6226
31.5346,504,1.6258
31.5389,505,1.6290
31.5433,504,1.6258
31.5476,505,1.6290
31.5519,505,1.6290
31.5562,506,1.6323
31.5605,504,1.6258
31.5648,505,1.6290
31.5691,505,1.6290
31.5734,506,1.6323
31.5777,507,1.6355
31.5820,507,1.6355
31.5864,508,1.6387
31.5908,509,1.6419
31.5952,510,1.6452
31.5995,510,1.6452
31.6038,510,1.6452
31.6081,510,1.6452
31.6124,508,1.6387
31.6167,509,1.6419
31.6210,510,1.6452
31.6253,509,1.6419
31.6296,509,1.6419
31.6339,509,1.6419
31.6382,510,1.6452
31.6425,510,1.6452
31.6468,509,1.6419
31.6512,510,1.6452
31.6555,511,1.6484
31.6598,512,1.6516
31.6641,511,1.6484
31.6685,511,1.6484
31.6728,509,1.6419
31.6771,509,1.6419
31.6814,511,1.6484
31.6858,512,1.6516
31.6901,513,1.6548
31.6945,512,1.6516
31.6989,512,1.6516
31.7032,510,1.6452
31.7076,510,1.6452
31.7119,511,1.6484
31.7163,511,1.6484
31.7206,511,1.6484
31.7249,512,1.6516
31.7293,513,1.6548
31.7336,514,1.6581
31.7379,515,1.6613
31.7424,516,1.6645
31.7467,516,1.6645
31.7511,514,1.6581
31.7553,514,1.6581
31.7596,515,1.6613
31.7639,515,1.6613
31.7682,516,1.6645
31.7725,516,1.6645
31.7768,517,1.6677
31.7811,517,1.6677
31.7854,515,1.6613
31.7897,515,1.6613
31.7940,515,1.6613
31.7983,515,1.6613
31.8026,516,1.6645
31.8069,516,1.6645
31.8112,515,1.6613
31.8155,516,1.6645
31.8197,515,1.6613
31.8240,514,1.6581
31.8283,516,1.6645
31.8326,517,1.6677
31.8369,518,1.6710
31.8412,518,1.6710
31.8455,517,1.6677
31.8499,518,1.6710
31.8542,517,1.6677
31.8585,517,1.6677
31.8629,518,1.6710
31.8672,518,1.6710
31.8715,519,1.6742
31.8759,518,1.6710
31.8802,519,1.6742
31.8845,519,1.6742
31.8890,519,1.6742
31.8934,519,1.6742
31.8978,521,1.6806
31.9022,521,1.6806
31.9066,521,1.6806
31.9109,522,1.6839
31.9153,521,1.6806
31.9196,520,1.6774
31.9239,520,1.6774
31.9282,520,1.6774
31.9326,520,1.6774
31.9369,520,1.6774
31.9412,519,1.6742
31.9456,518,1.6710
31.9499,519,1.6742
31.9542,520,1.6774
31.9585,518,1.6710
31.9628,519,1.6742
31.9671,520,1.6774
31.9715,520,1.6774
31.9758,520,1.6774
31.9801,520,1.6774
31.9844,521,1.6806
31.9887,521,1.6806
31.9930,521,1.6806
31.9973,521,1.6806
32.0016,521,1.6806
32.0059,520,1.6774
32.0102,521,1.6806
32.0145,521,1.6806
32.0188,521,1.6806
32.0231,520,1.6774
32.0274,520,1.6774
32.0317,521,1.6806
32.0360,521,1.6806
32.0403,520,1.6774
32.0446,521,1.6806
32.0488,520,1.6774
32.0532,521,1.6806
32.0575,522,1.6839
32.0618,521,1.6806
32.0661,521,1.6806
32.0704,520,1.6774
32.0746,521,1.6806
32.0790,521,1.6806
32.0832,520,1.6774
32.0876,520,1.6774
32.0918,521,1.6806
32.0961,521,1.6806
32.1004,520,1.6774
32.1048,522,1.6839
32.1090,521,1.6806
32.1133,522,1.6839
32.1176,523,1.6871
32.1219,520,1.6774
32.1262,521,1.6806
32.1305,522,1.6839
32.1348,522,1.6839
32.1391,523,1.6871
32.1434,522,1.6839
32.1477,523,1.6871
32.1520,521,1.6806
32.1563,521,1.6806
32.1607,520,1.6774
32.1650,521,1.6806
32.1693,521,1.6806
32.1736,522,1.6839
32.1780,522,1.6839
32.1823,522,1.6839
32.1866,522,1.6839
32.1910,521,1.6806
32.1953,522,1.6839
32.1996,522,1.6839
32.2040,522,1.6839
32.2083,523,1.6871
32.2126,523,1.6871
32.2170,523,1.6871
32.2213,521,1.6806
32.2256,520,1.6774
32.2300,521,1.6806
32.2343,521,1.6806
32.2386,521,1.6806
32.2430,522,1.6839
32.2474,521,1.6806
32.2517,521,1.6806
32.2560,522,1.6839
32.2603,523,1.6871
32.2646,522,1.6839
32.2689,522,1.6839
32.2732,522,1.6839
32.2776,522,1.6839
32.2818,522,1.6839
32.2862,522,1.6839
32.2904,525,1.6935
32.2947,531,1.7129
32.2990,538,1.7355
32.3033,546,1.7613
32.3076,553,1.7839
32.3119,558,1.8000
32.3162,563,1.8161
32.3205,566,1.8258
32.3248,567,1.8290
32.3291,566,1.8258
32.3334,563,1.8161
32.3377,558,1.8000
32.3420,552,1.7806
32.3463,546,1.7613
32.3506,538,1.7355
32.3549,530,1.7097
32.3593,523,1.6871
32.3636,515,1.6613
32.3679,512,1.6516
32.3723,510,1.6452
32.3770,511,1.6484
32.3813,510,1.6452
32.3857,511,1.6484
32.3900,512,1.6516
32.3944,511,1.6484
32.3987,510,1.6452
32.4030,511,1.6484
32.4074,512,1.6516
32.4118,512,1.6516
32.4161,512,1.6516
32.4204,512,1.6516
32.4247,513,1.6548
32.4291,513,1.6548
32.4334,514,1.6581
32.4377,514,1.6581
32.4421,513,1.6548
32.4464,506,1.6323
32.4507,492,1.5871
32.4551,476,1.5355
32.4594,475,1.5323
32.4636,503,1.6226
32.4679,563,1.8161
32.4722,644,2.0774
32.4765,735,2.3710
32.4808,808,2.6065
32.4851,827,2.6677
32.4895,779,2.5129
32.4939,694,2.2387
32.4983,597,1.9258
32.5026,519,1.6742
32.5069,474,1.5290
32.5112,457,1.4742
32.5155,457,1.4742
32.5198,469,1.5129
32.5241,480,1.5484
32.5284,488,1.5742
32.5327,492,1.5871
32.5370,491,1.5839
32.5413,492,1.5871
32.5456,492,1.5871
32.5499,493,1.5903
32.5542,494,1.5935
32.5585,492,1.5871
32.5628,492,1.5871
32.5671,494,1.5935
32.5714,495,1.5968
32.5757,495,1.5968
32.5799,496,1.6000
32.5842,497,1.6032
32.5885,497,1.6032
32.5928,498,1.6065
32.5971,499,1.6097
32.6014,499,1.6097
32.6057,500,1.6129
32.6100,499,1.6097
32.6143,500,1.6129
32.6186,498,1.6065
32.6229,499,1.6097
32.6272,499,1.6097
32.6315,499,1.6097
32.6358,499,1.6097
32.6401,500,1.6129
32.6444,500,1.6129
32.6487,501,1.6161
32.6529,501,1.6161
32.6573,503,1.6226
32.6616,502,1.6194
32.6659,502,1.6194
32.6703,502,1.6194
32.6746,502,1.6194
32.6789,503,1.6226
32.6834,504,1.6258
32.6877,509,1.6419
32.6920,517,1.6677
32.6964,524,1.6903
32.7007,530,1.7097
32.7050,535,1.7258
32.7094,540,1.7419
32.7137,547,1.7645
32.7180,555,1.7903
32.7224,560,1.8065
32.7267,566,1.8258
32.7310,571,1.8419
32.7353,575,1.8548
32.7397,579,1.8677
32.7440,581,1.8742
32.7483,583,1.8806
32.7527,584,1.8839
32.7570,585,1.8871
32.7613,581,1.8742
32.7656,580,1.8710
32.7699,577,1.8613
32.7742,575,1.8548
32.7785,572,1.8452
32.7828,568,1.8323
32.7871,562,1.8129
32.7916,556,1.7935
32.7960,550,1.7742
32.8003,542,1.7484
32.8046,537,1.7323
32.8089,530,1.7097
32.8132,522,1.6839
32.8175,515,1.6613
32.8218,507,1.6355
32.8261,500,1.6129
32.8304,494,1.5935
32.8347,488,1.5742
32.8390,483,1.5581
32.8433,479,1.5452
32.8476,477,1.5387
32.8519,479,1.5452
32.8561,480,1.5484
32.8605,483,1.5581
32.8648,483,1.5581
32.8691,483,1.5581
32.8734,483,1.5581
32.8777,483,1.5581
32.8820,484,1.5613
32.8863,484,1.5613
32.8906,486,1.5677
32.8948,486,1.5677
32.8991,488,1.5742
32.9034,488,1.5742
32.9077,490,1.5806
32.9120,490,1.5806
32.9163,489,1.5774
32.9206,488,1.5742
32.9249,490,1.5806
32.9292,490,1.5806
32.9335,492,1.5871
32.9378,493,1.5903
32.9421,492,1.5871
32.9464,492,1.5871
32.9507,494,1.5935
32.9550,494,1.5935
32.9593,495,1.5968
32.9636,494,1.5935
32.9680,495,1.5968
32.9723,496,1.6000
32.9766,497,1.6032
32.9809,497,1.6032
32.9853,497,1.6032
32.9896,497,1.6032
32.9939,498,1.6065
32.9983,499,1.6097
33.0026,500,1.6129
33.0069,501,1.6161
33.0113,500,1.6129
33.0156,500,1.6129
33.0199,501,1.6161
33.0243,501,1.6161
33.0286,500,1.6129
33.0329,502,1.6194
33.0373,502,1.6194
33.0416,502,1.6194
33.0459,504,1.6258
33.0503,504,1.6258
33.0546,504,1.6258
33.0589,503,1.6226
33.0632,505,1.6290
33.0676,504,1.6258
33.0719,506,1.6323
33.0763,507,1.6355
33.0806,508,1.6387
33.0850,508,1.6387
33.0895,508,1.6387
33.0939,508,1.6387
33.0983,508,1.6387
33.1026,509,1.6419
33.1070,508,1.6387
33.1113,508,1.6387
33.1156,508,1.6387
33.1199,508,1.6387
33.1242,508,1.6387
33.1285,508,1.6387
33.1328,508,1.6387
33.1371,508,1.6387
33.1414,510,1.6452
33.1457,509,1.6419
33.1500,509,1.6419
33.1543,510,1.6452
33.1586,510,1.6452
33.1629,512,1.6516
33.1672,511,1.6484
33.1716,513,1.6548
33.1758,513,1.6548
33.1800,514,1.6581
33.1848,515,1.6613
33.1891,516,1.6645
33.1934,515,1.6613
33.1976,514,1.6581
33.2018,514,1.6581
33.2061,514,1.6581
33.2104,513,1.6548
33.2147,514,1.6581
33.2189,514,1.6581
33.2231,515,1.6613
33.2274,516,1.6645
33.2317,516,1.6645
33.2359,516,1.6645
33.2402,517,1.6677
33.2444,515,1.6613
33.2486,516,1.6645
33.2529,515,1.6613
33.2572,515,1.6613
33.2614,514,1.6581
33.2658,515,1.6613
33.2700,515,1.6613
33.2743,516,1.6645
33.2786,517,1.6677
33.2828,517,1.6677
33.2874,516,1.6645
33.2917,517,1.6677
33.2959,517,1.6677
33.3002,516,1.6645
33.3044,517,1.6677
33.3087,517,1.6677
33.3130,516,1.6645
33.3173,516,1.6645
33.3215,516,1.6645
33.3258,517,1.6677
33.3300,516,1.6645
33.3343,517,1.6677
33.3386,517,1.6677
33.3429,516,1.6645
33.3471,517,1.6677
33.3514,519,1.6742
33.3557,519,1.6742
33.3600,518,1.6710
33.3643,518,1.6710
33.3686,519,1.6742
33.3729,519,1.6742
33.3772,519,1.6742
33.3815,519,1.6742
33.3858,519,1.6742
33.3904,518,1.6710
33.3948,519,1.6742
33.3991,519,1.6742
33.4034,518,1.6710
33.4077,518,1.6710
33.4120,519,1.6742
33.4164,519,1.6742
33.4207,518,1.6710
33.4250,518,1.6710
33.4293,519,1.6742
33.4336,518,1.6710
33.4379,519,1.6742
33.4422,517,1.6677
33.4465,518,1.6710
33.4508,518,1.6710
33.4551,520,1.6774
33.4600,520,1.6774
33.4643,520,1.6774
33.4686,520,1.6774
33.4729,520,1.6774
33.4772,520,1.6774
33.4815,521,1.6806
33.4859,521,1.6806
33.4902,519,1.6742
33.4945,520,1.6774
33.4988,521,1.6806
33.5031,521,1.6806
33.5074,520,1.6774
33.5117,521,1.6806
33.5160,520,1.6774
33.5204,520,1.6774
33.5247,520,1.6774
33.5290,519,1.6742
33.5334,519,1.6742
33.5377,520,1.6774
33.5420,521,1.6806
33.5463,521,1.6806
33.5506,520,1.6774
33.5549,519,1.6742
33.5592,521,1.6806
33.5635,520,1.6774
33.5678,521,1.6806
33.5721,520,1.6774
33.5764,521,1.6806
33.5807,522,1.6839
33.5850,521,1.6806
33.5892,521,1.6806
33.5935,521,1.6806
33.5978,522,1.6839
33.6021,522,1.6839
33.6064,522,1.6839
33.6107,521,1.6806
33.6150,521,1.6806
33.6193,521,1.6806
33.6236,522,1.6839
33.6279,522,1.6839
33.6322,521,1.6806
33.6365,521,1.6806
33.6408,520,1.6774
33.6451,521,1.6806
33.6494,521,1.6806
33.6537,521,1.6806
33.6580,521,1.6806
33.6623,520,1.6774
33.6666,520,1.6774
33.6709,520,1.6774
33.6753,520,1.6774
33.6796,520,1.6774
33.6839,520,1.6774
33.6884,519,1.6742
33.6931,513,1.6548
33.6982,520,1.6774
33.7025,521,1.6806
33.7068,521,1.6806
33.7111,520,1.6774
33.7154,522,1.6839
33.7198,521,1.6806
33.7241,522,1.6839
33.7284,522,1.6839
33.7327,522,1.6839
33.7370,521,1.6806
33.7413,522,1.6839
33.7457,521,1.6806
33.7499,521,1.6806
33.7542,522,1.6839
33.7585,521,1.6806
33.7629,521,1.6806
33.7672,522,1.6839
33.7715,522,1.6839
33.7758,521,1.6806
33.7804,522,1.6839
33.7848,527,1.7000
33.7892,522,1.6839
33.7934,525,1.6935
33.7977,530,1.7097
33.8020,536,1.7290
33.8063,544,1.7548
33.8106,549,1.7710
33.8148,555,1.7903
33.8191,561,1.8097
33.8234,564,1.8194
33.8277,565,1.8226
33.8319,566,1.8258
33.8362,564,1.8194
33.8404,561,1.8097
33.8447,555,1.7903
33.8490,549,1.7710
33.8532,541,1.7452
33.8575,532,1.7161
33.8618,526,1.6968
33.8660,519,1.6742
33.8703,514,1.6581
33.8746,511,1.6484
33.8789,511,1.6484
33.8832,511,1.6484
33.8876,510,1.6452
33.8918,511,1.6484
33.8961,512,1.6516
33.9004,512,1.6516
33.9046,513,1.6548
33.9089,512,1.6516
33.9132,512,1.6516
33.9174,513,1.6548
33.9217,513,1.6548
33.9260,513,1.6548
33.9303,512,1.6516
33.9346,514,1.6581
33.9388,514,1.6581
33.9431,514,1.6581
33.9474,512,1.6516
33.9517,506,1.6323
33.9560,491,1.5839
33.9603,476,1.5355
33.9645,474,1.5290
33.9695,511,1.6484
33.9737,574,1.8516
33.9780,659,2.1258
33.9823,748,2.4129
33.9866,814,2.6258
33.9908,822,2.6516
33.9951,772,2.4903
33.9994,688,2.2194
34.0037,592,1.9097
34.0079,516,1.6645
34.0122,472,1.5226
34.0165,457,1.4742
34.0208,459,1.4806
34.0251,472,1.5226
34.0294,483,1.5581
34.0337,489,1.5774
34.0379,491,1.5839
34.0422,493,1.5903
34.0470,493,1.5903
34.0513,493,1.5903
34.0556,494,1.5935
34.0598,494,1.5935
34.0641,494,1.5935
34.0684,493,1.5903
34.0727,493,1.5903
34.0770,493,1.5903
34.0812,494,1.5935
34.0855,494,1.5935
34.0898,494,1.5935
34.0941,496,1.6000
34.0983,496,1.6000
34.1026,497,1.6032
34.1069,498,1.6065
34.1112,499,1.6097
34.1155,501,1.6161
34.1198,501,1.6161
34.1240,499,1.6097
34.1286,500,1.6129
34.1329,501,1.6161
34.1372,501,1.6161
34.1415,501,1.6161
34.1499,501,1.6161
34.1543,501,1.6161
34.1585,501,1.6161
34.1628,502,1.6194
34.1670,503,1.6226
34.1714,505,1.6290
34.1757,504,1.6258
34.1799,503,1.6226
34.1842,503,1.6226
34.1884,504,1.6258
34.1927,509,1.6419
34.1970,515,1.6613
34.2013,521,1.6806
34.2056,529,1.7065
34.2104,536,1.7290
34.2147,542,1.7484
34.2190,550,1.7742
34.2233,556,1.7935
34.2275,560,1.8065
34.2318,566,1.8258
34.2361,570,1.8387
34.2404,573,1.8484
34.2447,575,1.8548
34.2489,578,1.8645
34.2532,582,1.8774
34.2576,583,1.8806
34.2618,583,1.8806
34.2665,582,1.8774
34.2708,581,1.8742
34.2751,580,1.8710
34.2793,576,1.8581
34.2836,572,1.8452
34.2880,566,1.8258
34.2926,561,1.8097
34.2970,552,1.7806
34.3013,548,1.7677
34.3055,541,1.7452
34.3098,536,1.7290
34.3141,529,1.7065
34.3184,522,1.6839
34.3227,515,1.6613
34.3269,508,1.6387
34.3312,501,1.6161
34.3355,495,1.5968
34.3398,488,1.5742
34.3441,483,1.5581
34.3483,480,1.5484
34.3526,479,1.5452
34.3569,479,1.5452
34.3612,480,1.5484
34.3654,481,1.5516
34.3697,482,1.5548
34.3744,483,1.5581
34.3787,484,1.5613
34.3830,484,1.5613
34.3873,485,1.5645
34.3915,486,1.5677
34.3958,485,1.5645
34.4001,486,1.5677
34.4044,487,1.5710
34.4086,487,1.5710
34.4129,488,1.5742
34.4174,489,1.5774
34.4218,490,1.5806
34.4261,491,1.5839
34.4303,490,1.5806
34.4346,492,1.5871
34.4388,493,1.5903
34.4431,494,1.5935
34.4474,493,1.5903
34.4516,494,1.5935
34.4561,496,1.6000
34.4604,495,1.5968
34.4647,495,1.5968
34.4689,495,1.5968
34.4732,496,1.6000
34.4775,496,1.6000
34.4818,497,1.6032
34.4861,496,1.6000
34.4903,496,1.6000
34.4946,497,1.6032
34.4988,498,1.6065
34.5031,498,1.6065
34.5074,499,1.6097
34.5117,499,1.6097
34.5159,499,1.6097
34.5202,501,1.6161
34.5246,500,1.6129
34.5288,501,1.6161
34.5331,502,1.6194
34.5379,501,1.6161
34.5422,503,1.6226
34.5464,502,1.6194
34.5507,504,1.6258
34.5549,504,1.6258
34.5592,505,1.6290
34.5635,505,1.6290
34.5678,505,1.6290
34.5721,505,1.6290
34.5764,505,1.6290
34.5806,504,1.6258
34.5850,505,1.6290
34.5894,505,1.6290
34.5937,506,1.6323
34.5981,507,1.6355
34.6023,507,1.6355
34.6066,507,1.6355
34.6109,508,1.6387
34.6152,507,1.6355
34.6196,507,1.6355
34.6240,508,1.6387
34.6282,508,1.6387
34.6325,509,1.6419
34.6367,509,1.6419
34.6409,509,1.6419
34.6452,510,1.6452
34.6495,512,1.6516
34.6537,513,1.6548
34.6579,513,1.6548
34.6622,513,1.6548
34.6664,512,1.6516
34.6707,511,1.6484
34.6749,512,1.6516
34.6792,511,1.6484
34.6834,510,1.6452
34.6877,510,1.6452
34.6920,511,1.6484
34.6962,511,1.6484
34.7005,512,1.6516
34.7047,512,1.6516
34.7090,512,1.6516
34.7132,513,1.6548
34.7175,514,1.6581
34.7218,515,1.6613
34.7261,514,1.6581
34.7304,513,1.6548
34.7346,513,1.6548
34.7389,515,1.6613
34.7431,512,1.6516
34.7474,514,1.6581
34.7517,514,1.6581
34.7559,516,1.6645
34.7601,515,1.6613
34.7644,515,1.6613
34.7687,515,1.6613
34.7729,514,1.6581
34.7773,515,1.6613
34.7815,514,1.6581
34.7858,515,1.6613
34.7901,515,1.6613
34.7944,516,1.6645
34.7987,516,1.6645
34.8030,516,1.6645
34.8072,515,1.6613
34.8116,515,1.6613
34.8158,515,1.6613
34.8201,516,1.6645
34.8244,516,1.6645
34.8288,517,1.6677
34.8331,518,1.6710
34.8373,517,1.6677
34.8416,516,1.6645
34.8459,516,1.6645
34.8502,515,1.6613
34.8545,516,1.6645
34.8588,517,1.6677
34.8631,517,1.6677
34.8673,517,1.6677
34.8717,517,1.6677
34.8760,517,1.6677
34.8803,517,1.6677
34.8845,518,1.6710
34.8888,518,1.6710
34.8931,519,1.6742
34.8975,519,1.6742
34.9017,519,1.6742
34.9060,519,1.6742
34.9103,519,1.6742
34.9146,520,1.6774
34.9189,520,1.6774
34.9232,520,1.6774
34.9275,519,1.6742
34.9319,519,1.6742
34.9361,520,1.6774
34.9404,521,1.6806
34.9447,521,1.6806
34.9490,521,1.6806
34.9533,521,1.6806
34.9576,521,1.6806
34.9619,520,1.6774
34.9662,520,1.6774
34.9704,520,1.6774
34.9747,520,1.6774
34.9790,521,1.6806
34.9833,521,1.6806
34.9876,520,1.6774
34.9919,520,1.6774
34.9963,520,1.6774
35.0006,519,1.6742
35.0049,521,1.6806
35.0092,520,1.6774
35.0135,520,1.6774
35.0178,520,1.6774
35.0221,521,1.6806
35.0264,521,1.6806
35.0307,521,1.6806
35.0352,521,1.6806
35.0397,521,1.6806
35.0441,521,1.6806
35.0493,520,1.6774
35.0538,520,1.6774
35.0583,522,1.6839
35.0627,521,1.6806
35.0670,521,1.6806
35.0714,521,1.6806
35.0757,521,1.6806
35.0799,522,1.6839
35.0842,521,1.6806
35.0884,520,1.6774
35.0926,521,1.6806
35.0969,521,1.6806
35.1011,522,1.6839
35.1054,521,1.6806
35.1096,521,1.6806
35.1138,520,1.6774
35.1180,521,1.6806
35.1222,521,1.6806
35.1265,521,1.6806
35.1307,521,1.6806
35.1350,521,1.6806
35.1392,523,1.6871
35.1434,521,1.6806
35.1477,520,1.6774
35.1519,521,1.6806
35.1561,521,1.6806
35.1603,522,1.6839
35.1646,521,1.6806
35.1688,521,1.6806
35.1731,520,1.6774
35.1773,519,1.6742
35.1817,519,1.6742
35.1860,518,1.6710
35.1904,519,1.6742
35.1947,518,1.6710
35.1992,520,1.6774
35.2035,520,1.6774
35.2078,521,1.6806
35.2121,521,1.6806
35.2164,521,1.6806
35.2207,521,1.6806
35.2250,521,1.6806
35.2294,520,1.6774
35.2337,520,1.6774
35.2380,521,1.6806
35.2423,521,1.6806
35.2466,520,1.6774
35.2509,521,1.6806
35.2552,522,1.6839
35.2594,521,1.6806
35.2638,523,1.6871
35.2681,522,1.6839
35.2724,523,1.6871
35.2766,523,1.6871
35.2809,523,1.6871
35.2852,522,1.6839
35.2895,522,1.6839
35.2937,522,1.6839
35.2980,524,1.6903
35.3023,530,1.7097
35.3066,535,1.7258
35.3108,543,1.7516
35.3151,550,1.7742
35.3194,557,1.7968
35.3237,559,1.8032
35.3280,564,1.8194
35.3322,567,1.8290
35.3365,568,1.8323
35.3408,566,1.8258
35.3451,562,1.8129
35.3494,555,1.7903
35.3536,549,1.7710
35.3579,543,1.7516
35.3622,536,1.7290
35.3665,529,1.7065
35.3707,519,1.6742
35.3751,515,1.6613
35.3794,512,1.6516
35.3837,513,1.6548
35.3880,512,1.6516
35.3923,512,1.6516
35.3966,512,1.6516
35.4009,512,1.6516
35.4052,513,1.6548
35.4095,514,1.6581
35.4138,514,1.6581
35.4181,514,1.6581
35.4224,514,1.6581
35.4267,515,1.6613
35.4311,515,1.6613
35.4354,514,1.6581
35.4397,514,1.6581
35.4440,514,1.6581
35.4483,514,1.6581
35.4526,514,1.6581
35.4569,507,1.6355
35.4612,490,1.5806
35.4655,475,1.5323
35.4699,476,1.5355
35.4742,508,1.6387
35.4785,569,1.8355
35.4828,654,2.1097
35.4872,746,2.4065
35.4934,826,2.6645
35.4978,805,2.5968
35.5021,734,2.3677
35.5064,641,2.0677
35.5108,549,1.7710
35.5151,490,1.5806
35.5194,461,1.4871
35.5243,454,1.4645
35.5287,464,1.4968
35.5331,477,1.5387
35.5374,486,1.5677
35.5417,489,1.5774
35.5460,490,1.5806
35.5503,490,1.5806
35.5546,491,1.5839
35.5589,492,1.5871
35.5632,491,1.5839
35.5675,492,1.5871
35.5719,493,1.5903
35.5762,493,1.5903
35.5805,495,1.5968
35.5847,494,1.5935
35.5890,495,1.5968
35.5933,495,1.5968
35.5975,496,1.6000
35.6018,496,1.6000
35.6065,498,1.6065
35.6109,498,1.6065
35.6152,496,1.6000
35.6195,498,1.6065
35.6237,499,1.6097
35.6283,499,1.6097
35.6327,499,1.6097
35.6370,499,1.6097
35.6413,498,1.6065
35.6456,498,1.6065
35.6499,499,1.6097
35.6542,501,1.6161
35.6585,501,1.6161
35.6628,501,1.6161
35.6671,499,1.6097
35.6714,500,1.6129
35.6757,500,1.6129
35.6800,501,1.6161
35.6843,502,1.6194
35.6886,502,1.6194
35.6930,505,1.6290
35.6973,508,1.6387
35.7016,513,1.6548
35.7058,520,1.6774
35.7101,527,1.7000
35.7145,533,1.7194
35.7188,540,1.7419
35.7231,547,1.7645
35.7274,553,1.7839
35.7317,558,1.8000
35.7361,564,1.8194
35.7404,569,1.8355
35.7447,572,1.8452
35.7490,575,1.8548
35.7533,578,1.8645
35.7576,582,1.8774
35.7619,583,1.8806
35.7662,582,1.8774
35.7708,583,1.8806
35.7752,580,1.8710
35.7798,580,1.8710
35.7841,578,1.8645
35.7884,574,1.8516
35.7927,569,1.8355
35.7971,561,1.8097
35.8013,557,1.7968
35.8056,551,1.7774
35.8099,545,1.7581
35.8142,538,1.7355
35.8186,531,1.7129
35.8229,523,1.6871
35.8271,516,1.6645
35.8314,509,1.6419
35.8358,502,1.6194
35.8401,494,1.5935
35.8444,489,1.5774
35.8487,483,1.5581
35.8530,481,1.5516
35.8573,480,1.5484
35.8616,481,1.5516
35.8659,481,1.5516
35.8702,482,1.5548
35.8745,483,1.5581
35.8788,484,1.5613
35.8831,483,1.5581
35.8875,484,1.5613
35.8918,484,1.5613
35.8961,485,1.5645
35.9004,487,1.5710
35.9047,488,1.5742
35.9090,488,1.5742
35.9133,487,1.5710
35.9185,488,1.5742
35.9228,489,1.5774
35.9271,488,1.5742
35.9314,490,1.5806
35.9357,491,1.5839
35.9401,491,1.5839
35.9444,492,1.5871
35.9487,493,1.5903
35.9529,493,1.5903
35.9572,494,1.5935
35.9616,495,1.5968
35.9659,495,1.5968
35.9701,495,1.5968
35.9744,496,1.6000
35.9787,497,1.6032
35.9831,496,1.6000
35.9875,497,1.6032
35.9918,497,1.6032
35.9961,497,1.6032
36.0004,498,1.6065
36.0047,499,1.6097
36.0090,500,1.6129
36.0133,499,1.6097
36.0176,501,1.6161
36.0219,502,1.6194
36.0262,500,1.6129
36.0305,501,1.6161
36.0348,502,1.6194
36.0391,502,1.6194
36.0435,503,1.6226
36.0478,503,1.6226
36.0520,503,1.6226
36.0564,504,1.6258
36.0607,504,1.6258
36.0650,504,1.6258
36.0692,504,1.6258
36.0735,505,1.6290
36.0778,505,1.6290
36.0820,506,1.6323
36.0863,507,1.6355
36.0908,505,1.6290
36.0951,505,1.6290
36.0995,506,1.6323
36.1038,507,1.6355
36.1081,507,1.6355
36.1123,507,1.6355
36.1166,507,1.6355
36.1209,507,1.6355
36.1252,508,1.6387
36.1295,508,1.6387
36.1337,509,1.6419
36.1380,510,1.6452
36.1423,510,1.6452
36.1466,509,1.6419
36.1509,509,1.6419
36.1552,509,1.6419
36.1594,509,1.6419
36.1637,509,1.6419
36.1680,509,1.6419
36.1722,510,1.6452
36.1765,510,1.6452
36.1807,511,1.6484
36.1850,512,1.6516
36.1893,511,1.6484
36.1935,512,1.6516
36.1978,512,1.6516
36.2021,512,1.6516
36.2064,511,1.6484
36.2106,512,1.6516
36.2149,512,1.6516
36.2193,513,1.6548
36.2236,513,1.6548
36.2279,513,1.6548
36.2322,514,1.6581
36.2364,514,1.6581
36.2407,514,1.6581
36.2450,514,1.6581
36.2493,514,1.6581
36.2535,515,1.6613
36.2578,514,1.6581
36.2620,514,1.6581
36.2663,514,1.6581
36.2705,514,1.6581
36.2748,516,1.6645
36.2791,517,1.6677
36.2834,517,1.6677
36.2877,516,1.6645
36.2920,516,1.6645
36.2963,516,1.6645
36.3006,516,1.6645
36.3049,515,1.6613
36.3092,515,1.6613
36.3135,516,1.6645
36.3178,516,1.6645
36.3221,516,1.6645
36.3264,516,1.6645
36.3307,516,1.6645
36.3350,517,1.6677
36.3393,518,1.6710
36.3436,518,1.6710
36.3479,518,1.6710
36.3521,516,1.6645
36.3564,517,1.6677
36.3607,518,1.6710
36.3650,518,1.6710
36.3693,518,1.6710
36.3736,518,1.6710
36.3779,517,1.6677
36.3822,518,1.6710
36.3865,520,1.6774
36.3909,519,1.6742
36.3953,517,1.6677
36.3997,518,1.6710
36.4040,519,1.6742
36.4083,518,1.6710
36.4126,519,1.6742
36.4169,518,1.6710
36.4212,520,1.6774
36.4255,520,1.6774
36.4298,520,1.6774
36.4340,519,1.6742
36.4383,519,1.6742
36.4426,520,1.6774
36.4469,519,1.6742
36.4513,520,1.6774
36.4556,521,1.6806
36.4599,519,1.6742
36.4642,520,1.6774
36.4685,519,1.6742
36.4728,519,1.6742
36.4771,520,1.6774
36.4813,520,1.6774
36.4857,520,1.6774
36.4899,521,1.6806
36.4942,520,1.6774
36.4985,519,1.6742
36.5027,520,1.6774
36.5070,520,1.6774
36.5112,521,1.6806
36.5155,520,1.6774
36.5198,522,1.6839
36.5240,521,1.6806
36.5283,520,1.6774
36.5326,521,1.6806
36.5369,521,1.6806
36.5411,521,1.6806
36.5454,522,1.6839
36.5496,521,1.6806
36.5539,520,1.6774
36.5581,521,1.6806
36.5624,521,1.6806
36.5666,522,1.6839
36.5709,520,1.6774
36.5752,521,1.6806
36.5794,523,1.6871
36.5837,522,1.6839
36.5880,520,1.6774
36.5923,520,1.6774
36.5965,520,1.6774
36.6008,519,1.6742
36.6051,520,1.6774
36.6094,520,1.6774
36.6137,519,1.6742
36.6179,521,1.6806
36.6222,521,1.6806
36.6265,520,1.6774
36.6308,520,1.6774
36.6351,520,1.6774
36.6394,521,1.6806
36.6437,522,1.6839
36.6480,523,1.6871
36.6523,522,1.6839
36.6566,523,1.6871
36.6609,522,1.6839
36.6652,522,1.6839
36.6694,521,1.6806
36.6737,521,1.6806
36.6780,522,1.6839
36.6823,522,1.6839
36.6866,521,1.6806
36.6909,522,1.6839
36.6953,522,1.6839
36.6996,521,1.6806
36.7039,521,1.6806
36.7082,522,1.6839
36.7125,522,1.6839
36.7168,523,1.6871
36.7211,523,1.6871
36.7253,521,1.6806
36.7296,521,1.6806
36.7339,521,1.6806
36.7382,521,1.6806
36.7425,520,1.6774
36.7468,520,1.6774
36.7511,522,1.6839
36.7554,521,1.6806
36.7597,520,1.6774
36.7640,520,1.6774
36.7683,520,1.6774
36.7726,518,1.6710
36.7769,519,1.6742
36.7812,520,1.6774
36.7855,520,1.6774
36.7898,520,1.6774
36.7941,522,1.6839
36.7983,522,1.6839
36.8026,521,1.6806
36.8069,527,1.7000
36.8111,533,1.7194
36.8154,539,1.7387
36.8196,547,1.7645
36.8239,554,1.7871
36.8282,558,1.8000
36.8324,561,1.8097
36.8367,562,1.8129
36.8409,565,1.8226
36.8452,565,1.8226
36.8495,563,1.8161
36.8537,559,1.8032
36.8580,552,1.7806
36.8622,546,1.7613
36.8665,539,1.7387
36.8708,530,1.7097
36.8750,524,1.6903
36.8793,517,1.6677
36.8835,513,1.6548
36.8878,512,1.6516
36.8921,511,1.6484
36.8964,511,1.6484
36.9007,511,1.6484
36.9050,511,1.6484
36.9092,512,1.6516
36.9136,512,1.6516
36.9179,513,1.6548
36.9221,513,1.6548
36.9265,513,1.6548
36.9307,513,1.6548
36.9350,512,1.6516
36.9393,511,1.6484
36.9436,512,1.6516
36.9479,512,1.6516
36.9522,513,1.6548
36.9565,513,1.6548
36.9608,512,1.6516
36.9651,503,1.6226
36.9694,490,1.5806
36.9737,474,1.5290
36.9780,476,1.5355
36.9822,509,1.6419
36.9866,571,1.8419
36.9910,657,2.1194
36.9954,750,2.4194
36.9998,818,2.6387
37.0041,822,2.6516
37.0084,768,2.4774
37.0127,681,2.1968
37.0170,586,1.8903
37.0213,510,1.6452
37.0256,470,1.5161
37.0299,455,1.4677
37.0342,458,1.4774
37.0385,472,1.5226
37.0428,484,1.5613
37.0471,489,1.5774
37.0514,490,1.5806
37.0557,491,1.5839
37.0600,491,1.5839
37.0643,492,1.5871
37.0686,491,1.5839
37.0729,492,1.5871
37.0772,492,1.5871
37.0815,493,1.5903
37.0858,493,1.5903
37.0901,494,1.5935
37.0944,495,1.5968
37.0987,496,1.6000
37.1030,497,1.6032
37.1073,496,1.6000
37.1116,497,1.6032
37.1159,497,1.6032
37.1202,497,1.6032
37.1245,499,1.6097
37.1288,499,1.6097
37.1331,498,1.6065
37.1374,499,1.6097
37.1417,500,1.6129
37.1460,501,1.6161
37.1503,500,1.6129
37.1546,500,1.6129
37.1589,501,1.6161
37.1632,501,1.6161
37.1676,502,1.6194
37.1719,501,1.6161
37.1762,501,1.6161
37.1805,502,1.6194
37.1848,501,1.6161
37.1891,502,1.6194
37.1934,502,1.6194
37.1977,504,1.6258
37.2020,507,1.6355
37.2064,511,1.6484
37.2107,517,1.6677
37.2150,523,1.6871
37.2194,531,1.7129
37.2237,536,1.7290
37.2280,543,1.7516
37.2324,549,1.7710
37.2367,557,1.7968
37.2410,560,1.8065
37.2454,566,1.8258
37.2497,569,1.8355
37.2541,574,1.8516
37.2584,576,1.8581
37.2627,579,1.8677
37.2670,581,1.8742
37.2714,581,1.8742
37.2757,581,1.8742
37.2800,581,1.8742
37.2843,579,1.8677
37.2887,578,1.8645
37.2934,574,1.8516
37.2978,569,1.8355
37.3021,565,1.8226
37.3064,560,1.8065
37.3106,554,1.7871
37.3149,548,1.7677
37.3191,541,1.7452
37.3234,535,1.7258
37.3277,529,1.7065
37.3320,521,1.6806
37.3362,514,1.6581
37.3405,506,1.6323
37.3448,500,1.6129
37.3490,494,1.5935
37.3533,488,1.5742
37.3576,483,1.5581
37.3618,480,1.5484
37.3661,480,1.5484
37.3704,481,1.5516
37.3747,482,1.5548
37.3789,482,1.5548
37.3832,483,1.5581
37.3875,482,1.5548
37.3919,483,1.5581
37.3962,484,1.5613
37.4005,484,1.5613
37.4048,485,1.5645
37.4091,485,1.5645
37.4134,486,1.5677
37.4178,487,1.5710
37.4221,488,1.5742
37.4265,489,1.5774
37.4308,490,1.5806
37.4352,489,1.5774
37.4395,490,1.5806
37.4438,490,1.5806
37.4482,491,1.5839
37.4525,491,1.5839
37.4568,493,1.5903
37.4612,493,1.5903
37.4655,493,1.5903
37.4698,492,1.5871
37.4742,493,1.5903
37.4785,494,1.5935
37.4828,495,1.5968
37.4872,496,1.6000
37.4915,495,1.5968
37.4958,496,1.6000
37.5002,496,1.6000
37.5045,496,1.6000
37.5087,496,1.6000
37.5130,496,1.6000
37.5174,498,1.6065
37.5217,498,1.6065
37.5260,499,1.6097
37.5303,499,1.6097
37.5346,500,1.6129
37.5389,501,1.6161
37.5432,501,1.6161
37.5475,502,1.6194
37.5518,502,1.6194
37.5561,503,1.6226
37.5604,503,1.6226
37.5647,504,1.6258
37.5690,505,1.6290
37.5733,504,1.6258
37.5776,504,1.6258
37.5819,503,1.6226
37.5862,504,1.6258
37.5905,503,1.6226
37.5948,505,1.6290
37.5991,506,1.6323
37.6035,507,1.6355
37.6078,507,1.6355
37.6121,508,1.6387
37.6165,508,1.6387
37.6208,509,1.6419
37.6252,509,1.6419
37.6295,510,1.6452
37.6338,509,1.6419
37.6382,508,1.6387
37.6425,509,1.6419
37.6468,509,1.6419
37.6512,508,1.6387
37.6555,509,1.6419
37.6599,510,1.6452
37.6642,511,1.6484
37.6685,509,1.6419
37.6728,509,1.6419
37.6772,510,1.6452
37.6819,512,1.6516
37.6863,511,1.6484
37.6906,511,1.6484
37.6950,511,1.6484
37.6994,512,1.6516
37.7037,512,1.6516
37.7080,512,1.6516
37.7123,512,1.6516
37.7166,513,1.6548
37.7209,513,1.6548
37.7253,512,1.6516
37.7295,511,1.6484
37.7338,513,1.6548
37.7381,513,1.6548
37.7424,514,1.6581
37.7467,514,1.6581
37.7510,515,1.6613
37.7553,513,1.6548
37.7596,514,1.6581
37.7639,515,1.6613
37.7682,514,1.6581
37.7725,514,1.6581
37.7768,514,1.6581
37.7811,515,1.6613
37.7854,516,1.6645
37.7897,515,1.6613
37.7940,514,1.6581
37.7983,514,1.6581
37.8026,515,1.6613
37.8069,516,1.6645
37.8112,515,1.6613
37.8155,515,1.6613
37.8198,516,1.6645
37.8242,518,1.6710
37.8285,517,1.6677
37.8327,516,1.6645
37.8370,518,1.6710
37.8413,518,1.6710
37.8456,518,1.6710
37.8499,517,1.6677
37.8542,518,1.6710
37.8585,517,1.6677
37.8628,517,1.6677
37.8671,518,1.6710
37.8714,518,1.6710
37.8757,519,1.6742
37.8800,519,1.6742
37.8843,520,1.6774
37.8919,517,1.6677
37.8964,518,1.6710
37.9007,518,1.6710
37.9051,519,1.6742
37.9094,519,1.6742
37.9137,520,1.6774
37.9180,521,1.6806
37.9223,521,1.6806
37.9266,520,1.6774
37.9309,520,1.6774
37.9352,520,1.6774
37.9395,520,1.6774
37.9438,520,1.6774
37.9481,519,1.6742
37.9524,520,1.6774
37.9567,519,1.6742
37.9610,520,1.6774
37.9653,521,1.6806
37.9696,520,1.6774
37.9739,520,1.6774
37.9782,520,1.6774
37.9826,520,1.6774
37.9869,520,1.6774
37.9912,519,1.6742
37.9955,519,1.6742
37.9998,520,1.6774
38.0041,521,1.6806
38.0085,520,1.6774
38.0128,520,1.6774
38.0172,522,1.6839
38.0215,522,1.6839
38.0258,521,1.6806
38.0302,521,1.6806
38.0345,522,1.6839
38.0388,521,1.6806
38.0432,522,1.6839
38.0475,521,1.6806
38.0519,522,1.6839
38.0563,522,1.6839
38.0606,521,1.6806
38.0649,521,1.6806
38.0692,523,1.6871
38.0736,521,1.6806
38.0779,522,1.6839
38.0822,523,1.6871
38.0866,522,1.6839
38.0909,521,1.6806
38.0953,520,1.6774
38.0997,521,1.6806
38.1040,521,1.6806
38.1083,523,1.6871
38.1127,523,1.6871
38.1169,524,1.6903
38.1212,524,1.6903
38.1255,522,1.6839
38.1298,522,1.6839
38.1342,521,1.6806
38.1384,521,1.6806
38.1427,521,1.6806
38.1470,522,1.6839
38.1513,522,1.6839
38.1557,521,1.6806
38.1599,521,1.6806
38.1642,521,1.6806
38.1685,521,1.6806
38.1728,521,1.6806
38.1771,521,1.6806
38.1814,522,1.6839
38.1858,522,1.6839
38.1925,521,1.6806
38.1970,522,1.6839
38.2013,521,1.6806
38.2057,522,1.6839
38.2100,522,1.6839
38.2143,521,1.6806
38.2189,520,1.6774
38.2232,521,1.6806
38.2275,520,1.6774
38.2318,520,1.6774
38.2361,521,1.6806
38.2404,522,1.6839
38.2447,522,1.6839
38.2490,523,1.6871
38.2533,521,1.6806
38.2576,521,1.6806
38.2619,521,1.6806
38.2662,522,1.6839
38.2705,522,1.6839
38.2748,521,1.6806
38.2791,522,1.6839
38.2834,523,1.6871
38.2877,522,1.6839
38.2920,522,1.6839
38.2963,521,1.6806
38.3007,522,1.6839
38.3050,523,1.6871
38.3093,524,1.6903
38.3136,529,1.7065
38.3179,535,1.7258
38.3222,542,1.7484
38.3265,549,1.7710
38.3308,555,1.7903
38.3351,559,1.8032
38.3394,563,1.8161
38.3437,567,1.8290
38.3480,567,1.8290
38.3523,565,1.8226
38.3566,561,1.8097
38.3609,555,1.7903
38.3652,550,1.7742
38.3695,541,1.7452
38.3738,534,1.7226
38.3781,526,1.6968
38.3824,518,1.6710
38.3867,512,1.6516
38.3909,511,1.6484
38.3952,511,1.6484
38.3995,511,1.6484
38.4038,510,1.6452
38.4082,512,1.6516
38.4125,512,1.6516
38.4169,513,1.6548
38.4212,514,1.6581
38.4256,513,1.6548
38.4299,513,1.6548
38.4342,513,1.6548
38.4386,512,1.6516
38.4429,512,1.6516
38.4473,513,1.6548
38.4516,513,1.6548
38.4559,512,1.6516
38.4603,512,1.6516
38.4646,510,1.6452
38.4689,501,1.6161
38.4733,486,1.5677
38.4776,473,1.5258
38.4820,481,1.5516
38.4863,520,1.6774
38.4906,589,1.9000
38.4949,676,2.1806
38.4993,767,2.4742
38.5036,822,2.6516
38.5080,815,2.6290
38.5123,751,2.4226
38.5166,660,2.1290
38.5209,568,1.8323
38.5253,500,1.6129
38.5296,466,1.5032
38.5339,456,1.4710
38.5382,461,1.4871
38.5425,473,1.5258
38.5468,483,1.5581
38.5510,487,1.5710
38.5553,489,1.5774
38.5597,491,1.5839
38.5640,492,1.5871
38.5683,493,1.5903
38.5726,492,1.5871
38.5768,494,1.5935
38.5811,494,1.5935
38.5854,494,1.5935
38.5897,495,1.5968
38.5940,494,1.5935
38.5983,495,1.5968
38.6026,495,1.5968
38.6069,495,1.5968
38.6113,496,1.6000
38.6156,496,1.6000
38.6200,497,1.6032
38.6243,498,1.6065
38.6287,498,1.6065
38.6330,497,1.6032
38.6373,497,1.6032
38.6417,497,1.6032
38.6460,498,1.6065
38.6503,499,1.6097
38.6547,500,1.6129
38.6590,499,1.6097
38.6634,500,1.6129
38.6677,500,1.6129
38.6720,501,1.6161
38.6764,501,1.6161
38.6807,501,1.6161
38.6850,501,1.6161
38.6894,501,1.6161
38.6937,503,1.6226
38.6980,502,1.6194
38.7024,504,1.6258
38.7067,505,1.6290
38.7110,511,1.6484
38.7153,518,1.6710
38.7196,523,1.6871
38.7240,531,1.7129
38.7283,537,1.7323
38.7326,544,1.7548
38.7369,553,1.7839
38.7412,558,1.8000
38.7454,563,1.8161
38.7498,568,1.8323
38.7540,572,1.8452
38.7583,576,1.8581
38.7626,580,1.8710
38.7669,583,1.8806
38.7713,584,1.8839
38.7755,584,1.8839
38.7798,584,1.8839
38.7841,583,1.8806
38.7885,581,1.8742
38.7966,575,1.8548
38.8010,570,1.8387
38.8053,564,1.8194
38.8096,560,1.8065
38.8140,554,1.7871
38.8183,548,1.7677
38.8226,542,1.7484
38.8269,535,1.7258
38.8312,528,1.7032
38.8355,520,1.6774
38.8398,513,1.6548
38.8441,507,1.6355
38.8484,500,1.6129
38.8527,493,1.5903
38.8570,489,1.5774
38.8613,487,1.5710
38.8656,487,1.5710
38.8699,485,1.5645
38.8742,480,1.5484
38.8785,480,1.5484
38.8827,481,1.5516
38.8870,481,1.5516
38.8913,482,1.5548
38.8956,483,1.5581
38.8999,484,1.5613
38.9042,484,1.5613
38.9085,486,1.5677
38.9129,485,1.5645
38.9172,486,1.5677
38.9215,486,1.5677
38.9259,488,1.5742
38.9302,488,1.5742
38.9346,489,1.5774
38.9389,490,1.5806
38.9432,490,1.5806
38.9476,490,1.5806
38.9519,489,1.5774
38.9563,490,1.5806
38.9606,492,1.5871
38.9650,492,1.5871
38.9693,493,1.5903
38.9736,494,1.5935
38.9780,494,1.5935
38.9823,494,1.5935
38.9866,495,1.5968
38.9910,495,1.5968
38.9953,496,1.6000
38.9996,496,1.6000
39.0040,497,1.6032
39.0083,497,1.6032
39.0126,497,1.6032
39.0170,497,1.6032
39.0213,498,1.6065
39.0256,498,1.6065
39.0299,498,1.6065
39.0342,499,1.6097
39.0385,500,1.6129
39.0428,500,1.6129
39.0471,500,1.6129
39.0514,501,1.6161
39.0557,502,1.6194
39.0600,502,1.6194
39.0643,502,1.6194
39.0686,503,1.6226
39.0728,504,1.6258
39.0772,503,1.6226
39.0815,505,1.6290
39.0869,504,1.6258
39.0926,506,1.6323
39.0971,507,1.6355
39.1015,506,1.6323
39.1058,507,1.6355
39.1101,506,1.6323
39.1144,505,1.6290
39.1191,505,1.6290
39.1234,507,1.6355
39.1277,507,1.6355
39.1320,508,1.6387
39.1363,508,1.6387
39.1406,508,1.6387
39.1449,507,1.6355
39.1492,508,1.6387
39.1534,509,1.6419
39.1577,508,1.6387
39.1621,509,1.6419
39.1664,510,1.6452
39.1706,510,1.6452
39.1749,509,1.6419
39.1792,510,1.6452
39.1835,511,1.6484
39.1878,509,1.6419
39.1921,510,1.6452
39.1964,510,1.6452
39.2007,509,1.6419
39.2050,510,1.6452
39.2094,510,1.6452
39.2137,511,1.6484
39.2181,511,1.6484
39.2224,512,1.6516
39.2268,512,1.6516
39.2311,512,1.6516
39.2355,512,1.6516
39.2398,511,1.6484
39.2442,512,1.6516
39.2485,513,1.6548
39.2528,512,1.6516
39.2571,513,1.6548
39.2615,513,1.6548
39.2658,514,1.6581
39.2702,515,1.6613
39.2745,514,1.6581
39.2788,515,1.6613
39.2832,516,1.6645
39.2876,516,1.6645
39.2919,516,1.6645
39.2962,516,1.6645
39.3005,517,1.6677
39.3049,517,1.6677
39.3092,518,1.6710
39.3135,517,1.6677
39.3179,517,1.6677
39.3222,518,1.6710
39.3265,517,1.6677
39.3308,517,1.6677
39.3351,517,1.6677
39.3394,517,1.6677
39.3437,519,1.6742
39.3480,520,1.6774
39.3523,519,1.6742
39.3566,518,1.6710
39.3609,517,1.6677
39.3652,519,1.6742
39.3695,519,1.6742
39.3738,518,1.6710
39.3781,518,1.6710
39.3824,519,1.6742
39.3867,519,1.6742
39.3910,518,1.6710
39.3953,518,1.6710
39.3996,517,1.6677
39.4039,517,1.6677
39.4082,517,1.6677
39.4125,518,1.6710
39.4168,518,1.6710
39.4211,519,1.6742
39.4255,520,1.6774
39.4298,520,1.6774
39.4342,520,1.6774
39.4385,519,1.6742
39.4428,518,1.6710
39.4472,519,1.6742
39.4515,519,1.6742
39.4558,520,1.6774
39.4602,520,1.6774
39.4650,520,1.6774
39.4694,520,1.6774
39.4738,520,1.6774
39.4781,521,1.6806
39.4824,520,1.6774
39.4867,519,1.6742
39.4911,520,1.6774
39.4954,519,1.6742
39.4998,520,1.6774
39.5041,521,1.6806
39.5084,521,1.6806
39.5129,521,1.6806
39.5172,521,1.6806
39.5215,520,1.6774
39.5258,519,1.6742
39.5301,520,1.6774
39.5345,521,1.6806
39.5387,521,1.6806
39.5430,521,1.6806
39.5473,521,1.6806
39.5516,520,1.6774
39.5559,521,1.6806
39.5602,520,1.6774
39.5645,521,1.6806
39.5688,521,1.6806
39.5731,520,1.6774
39.5775,520,1.6774
39.5817,521,1.6806
39.5860,521,1.6806
39.5904,522,1.6839
39.5946,523,1.6871
39.5989,521,1.6806
39.6032,521,1.6806
39.6075,521,1.6806
39.6118,521,1.6806
39.6161,521,1.6806
39.6205,521,1.6806
39.6248,522,1.6839
39.6291,521,1.6806
39.6334,521,1.6806
39.6377,523,1.6871
39.6420,523,1.6871
39.6463,522,1.6839
39.6506,522,1.6839
39.6549,521,1.6806
39.6592,522,1.6839
39.6635,522,1.6839
39.6677,522,1.6839
39.6721,522,1.6839
39.6764,522,1.6839
39.6807,522,1.6839
39.6849,522,1.6839
39.6893,521,1.6806
39.6975,521,1.6806
39.7018,522,1.6839
39.7061,523,1.6871
39.7104,522,1.6839
39.7148,523,1.6871
39.7194,521,1.6806
39.7237,522,1.6839
39.7280,522,1.6839
39.7324,522,1.6839
39.7367,522,1.6839
39.7410,521,1.6806
39.7453,523,1.6871
39.7496,521,1.6806
39.7539,522,1.6839
39.7582,521,1.6806
39.7625,522,1.6839
39.7667,523,1.6871
39.7710,522,1.6839
39.7754,521,1.6806
39.7797,522,1.6839
39.7839,523,1.6871
39.7882,521,1.6806
39.7925,521,1.6806
39.7968,522,1.6839
39.8011,522,1.6839
39.8054,523,1.6871
39.8097,523,1.6871
39.8140,521,1.6806
39.8183,521,1.6806
39.8227,523,1.6871
39.8270,527,1.7000
39.8313,532,1.7161
39.8356,538,1.7355
39.8399,544,1.7548
39.8442,551,1.7774
39.8485,557,1.7968
39.8527,561,1.8097
39.8571,564,1.8194
39.8613,566,1.8258
39.8656,564,1.8194
39.8699,561,1.8097
39.8742,558,1.8000
39.8786,551,1.7774
39.8828,545,1.7581
39.8871,538,1.7355
39.8914,530,1.7097
39.8957,522,1.6839
39.9000,515,1.6613
39.9043,512,1.6516
39.9086,511,1.6484
39.9129,511,1.6484
39.9172,512,1.6516
39.9215,513,1.6548
39.9259,513,1.6548
39.9302,513,1.6548
39.9346,512,1.6516
39.9389,512,1.6516
39.9432,512,1.6516
39.9476,512,1.6516
39.9519,513,1.6548
39.9563,512,1.6516
39.9606,513,1.6548
39.9649,513,1.6548
39.9693,513,1.6548
39.9736,513,1.6548
39.9780,512,1.6516
39.9823,508,1.6387
39.9876,491,1.5839
39.9934,473,1.5258
39.9978,487,1.5710
40.0022,534,1.7226
40.0065,605,1.9516
40.0108,693,2.2355
40.0151,779,2.5129
40.0194,825,2.6613
40.0238,808,2.6065
40.0281,739,2.3839
40.0323,648,2.0903
40.0366,556,1.7935
40.0410,493,1.5903
40.0455,463,1.4935
40.0499,454,1.4645
40.0544,464,1.4968
40.0589,478,1.5419
40.0634,486,1.5677
40.0678,489,1.5774
40.0721,490,1.5806
40.0765,490,1.5806
40.0808,491,1.5839
40.0851,492,1.5871
40.0894,493,1.5903
40.0937,493,1.5903
40.0980,494,1.5935
40.1023,494,1.5935
40.1066,494,1.5935
40.1109,493,1.5903
40.1152,494,1.5935
40.1195,495,1.5968
40.1239,496,1.6000
40.1282,496,1.6000
40.1325,496,1.6000
40.1367,498,1.6065
40.1410,497,1.6032
40.1453,497,1.6032
40.1496,498,1.6065
40.1539,499,1.6097
40.1581,500,1.6129
40.1629,500,1.6129
40.1672,500,1.6129
40.1715,500,1.6129
40.1758,500,1.6129
40.1800,500,1.6129
40.1843,500,1.6129
40.1886,501,1.6161
40.1929,500,1.6129
40.1971,500,1.6129
40.2014,501,1.6161
40.2057,502,1.6194
40.2100,503,1.6226
40.2143,502,1.6194
40.2185,503,1.6226
40.2228,507,1.6355
40.2272,513,1.6548
40.2315,519,1.6742
40.2358,528,1.7032
40.2401,535,1.7258
40.2444,541,1.7452
40.2493,548,1.7677
40.2536,554,1.7871
40.2579,560,1.8065
40.2622,566,1.8258
40.2665,570,1.8387
40.2709,574,1.8516
40.2752,577,1.8613
40.2795,579,1.8677
40.2838,582,1.8774
40.2881,582,1.8774
40.2924,583,1.8806
40.2967,583,1.8806
40.3010,580,1.8710
40.3053,577,1.8613
40.3096,576,1.8581
40.3139,572,1.8452
40.3182,567,1.8290
40.3225,562,1.8129
40.3271,557,1.7968
40.3315,551,1.7774
40.3358,545,1.7581
40.3401,537,1.7323
40.3443,530,1.7097
40.3486,523,1.6871
40.3530,515,1.6613
40.3573,509,1.6419
40.3616,503,1.6226
40.3659,496,1.6000
40.3702,489,1.5774
40.3745,483,1.5581
40.3788,480,1.5484
40.3831,478,1.5419
40.3874,479,1.5452
40.3917,480,1.5484
40.3961,482,1.5548
40.4004,484,1.5613
40.4047,485,1.5645
40.4090,485,1.5645
40.4133,485,1.5645
40.4176,485,1.5645
40.4220,486,1.5677
40.4264,485,1.5645
40.4307,485,1.5645
40.4350,486,1.5677
40.4393,487,1.5710
40.4436,488,1.5742
40.4479,488,1.5742
40.4522,489,1.5774
40.4565,489,1.5774
40.4608,490,1.5806
40.4651,491,1.5839
40.4694,493,1.5903
40.4742,493,1.5903
40.4786,494,1.5935
40.4829,493,1.5903
40.4872,493,1.5903
40.4915,494,1.5935
40.4958,493,1.5903
40.5001,492,1.5871
40.5044,494,1.5935
40.5087,495,1.5968
40.5130,496,1.6000
40.5173,496,1.6000
40.5216,498,1.6065
40.5259,498,1.6065
40.5303,498,1.6065
40.5346,498,1.6065
40.5389,499,1.6097
40.5432,500,1.6129
40.5475,501,1.6161
40.5518,501,1.6161
40.5562,500,1.6129
40.5604,501,1.6161
40.5647,502,1.6194
40.5690,503,1.6226
40.5733,503,1.6226
40.5777,503,1.6226
40.5820,503,1.6226
40.5863,504,1.6258
40.5906,504,1.6258
40.5951,504,1.6258
40.5996,506,1.6323
40.6039,505,1.6290
40.6082,504,1.6258
40.6125,504,1.6258
40.6176,505,1.6290
40.6220,506,1.6323
40.6263,506,1.6323
40.6306,506,1.6323
40.6349,506,1.6323
40.6393,505,1.6290
40.6436,505,1.6290
40.6479,509,1.6419
40.6522,509,1.6419
40.6565,509,1.6419
40.6608,510,1.6452
40.6651,509,1.6419
40.6694,510,1.6452
40.6738,509,1.6419
40.6781,509,1.6419
40.6824,509,1.6419
40.6867,510,1.6452
40.6910,511,1.6484
40.6953,510,1.6452
40.6996,510,1.6452
40.7039,510,1.6452
40.7082,511,1.6484
40.7125,512,1.6516
40.7168,512,1.6516
40.7211,512,1.6516
40.7254,513,1.6548
40.7297,513,1.6548
40.7340,514,1.6581
40.7383,514,1.6581
40.7427,515,1.6613
40.7470,515,1.6613
40.7512,514,1.6581
40.7555,516,1.6645
40.7598,515,1.6613
40.7642,515,1.6613
40.7684,516,1.6645
40.7727,514,1.6581
40.7770,515,1.6613
40.7814,515,1.6613
40.7857,516,1.6645
40.7900,515,1.6613
40.7943,515,1.6613
40.7986,514,1.6581
40.8029,516,1.6645
40.8072,515,1.6613
40.8115,516,1.6645
40.8158,517,1.6677
40.8201,517,1.6677
40.8246,518,1.6710
40.8289,518,1.6710
40.8331,517,1.6677
40.8374,517,1.6677
40.8417,517,1.6677
40.8459,518,1.6710
40.8502,518,1.6710
40.8545,519,1.6742
40.8587,518,1.6710
40.8630,518,1.6710
40.8673,517,1.6677
40.8715,518,1.6710
40.8758,518,1.6710
40.8800,519,1.6742
40.8843,518,1.6710
40.8886,517,1.6677
40.8930,518,1.6710
40.8973,518,1.6710
40.9017,518,1.6710
40.9059,519,1.6742
40.9102,518,1.6710
40.9145,518,1.6710
40.9187,518,1.6710
40.9230,517,1.6677
40.9273,518,1.6710
40.9316,517,1.6677
40.9358,519,1.6742
40.9401,519,1.6742
40.9444,518,1.6710
40.9486,519,1.6742
40.9529,517,1.6677
40.9572,517,1.6677
40.9615,517,1.6677
40.9657,518,1.6710
40.9700,518,1.6710
40.9742,519,1.6742
40.9785,519,1.6742
40.9828,519,1.6742
40.9870,518,1.6710
40.9913,519,1.6742
40.9955,519,1.6742
40.9998,520,1.6774
41.0041,519,1.6742
41.0084,521,1.6806
41.0126,521,1.6806
41.0169,520,1.6774
41.0212,520,1.6774
41.0256,521,1.6806
41.0298,520,1.6774
41.0341,521,1.6806
41.0383,521,1.6806
41.0426,520,1.6774
41.0469,521,1.6806
41.0511,521,1.6806
41.0554,522,1.6839
41.0596,522,1.6839
41.0639,521,1.6806
41.0682,520,1.6774
41.0724,520,1.6774
41.0767,520,1.6774
41.0809,521,1.6806
41.0852,521,1.6806
41.0895,520,1.6774
41.0937,520,1.6774
41.0980,521,1.6806
41.1023,521,1.6806
41.1065,520,1.6774
41.1108,518,1.6710
41.1151,519,1.6742
41.1193,521,1.6806
41.1236,521,1.6806
41.1280,521,1.6806
41.1323,519,1.6742
41.1366,520,1.6774
41.1409,520,1.6774
41.1452,520,1.6774
41.1494,520,1.6774
41.1538,521,1.6806
41.1580,521,1.6806
41.1623,521,1.6806
41.1666,521,1.6806
41.1709,522,1.6839
41.1752,522,1.6839
41.1795,521,1.6806
41.1838,521,1.6806
41.1881,521,1.6806
41.1924,522,1.6839
41.1967,521,1.6806
41.2010,521,1.6806
41.2053,521,1.6806
41.2097,521,1.6806
41.2139,520,1.6774
41.2182,519,1.6742
41.2225,519,1.6742
41.2269,520,1.6774
41.2312,520,1.6774
41.2355,521,1.6806
41.2401,521,1.6806
41.2444,522,1.6839
41.2487,521,1.6806
41.2530,521,1.6806
41.2573,521,1.6806
41.2616,522,1.6839
41.2659,522,1.6839
41.2702,520,1.6774
41.2745,522,1.6839
41.2788,522,1.6839
41.2830,522,1.6839
41.2874,522,1.6839
41.2917,521,1.6806
41.2960,520,1.6774
41.3003,520,1.6774
41.3046,519,1.6742
41.3089,519,1.6742
41.3132,520,1.6774
41.3176,521,1.6806
41.3218,521,1.6806
41.3261,525,1.6935
41.3304,531,1.7129
41.3347,537,1.7323
41.3390,546,1.7613
41.3433,551,1.7774
41.3476,557,1.7968
41.3518,561,1.8097
41.3561,564,1.8194
41.3604,565,1.8226
41.3646,564,1.8194
41.3690,561,1.8097
41.3732,558,1.8000
41.3775,551,1.7774
41.3818,545,1.7581
41.3861,538,1.7355
41.3903,531,1.7129
41.3946,524,1.6903
41.3989,516,1.6645
41.4031,512,1.6516
41.4074,511,1.6484
41.4117,512,1.6516
41.4159,512,1.6516
41.4202,513,1.6548
41.4245,513,1.6548
41.4288,513,1.6548
41.4332,514,1.6581
41.4375,514,1.6581
41.4418,513,1.6548
41.4461,513,1.6548
41.4504,514,1.6581
41.4548,513,1.6548
41.4590,514,1.6581
41.4633,513,1.6548
41.4676,514,1.6581
41.4719,514,1.6581
41.4762,515,1.6613
41.4805,512,1.6516
41.4848,501,1.6161
41.4892,484,1.5613
41.4936,473,1.5258
41.4980,487,1.5710
41.5023,533,1.7194
41.5067,607,1.9581
41.5109,694,2.2387
41.5152,781,2.5194
41.5195,824,2.6581
41.5239,808,2.6065
41.5282,736,2.3742
41.5325,642,2.0710
41.5368,551,1.7774
41.5410,491,1.5839
41.5453,462,1.4903
41.5496,454,1.4645
41.5539,463,1.4935
41.5581,475,1.5323
41.5624,485,1.5645
41.5667,490,1.5806
41.5710,490,1.5806
41.5753,491,1.5839
41.5796,492,1.5871
41.5838,492,1.5871
41.5881,493,1.5903
41.5924,493,1.5903
41.5966,492,1.5871
41.6009,494,1.5935
41.6051,495,1.5968
41.6094,495,1.5968
41.6137,495,1.5968
41.6180,495,1.5968
41.6223,496,1.6000
41.6265,497,1.6032
41.6308,497,1.6032
41.6351,498,1.6065
41.6394,498,1.6065
41.6437,498,1.6065
41.6479,498,1.6065
41.6522,499,1.6097
41.6565,499,1.6097
41.6607,499,1.6097
41.6650,499,1.6097
41.6692,499,1.6097
41.6735,500,1.6129
41.6778,500,1.6129
41.6820,501,1.6161
41.6863,501,1.6161
41.6906,502,1.6194
41.6948,502,1.6194
41.6992,502,1.6194
41.7034,502,1.6194
41.7077,502,1.6194
41.7120,502,1.6194
41.7162,503,1.6226
41.7206,505,1.6290
41.7249,510,1.6452
41.7291,516,1.6645
41.7334,523,1.6871
41.7377,529,1.7065
41.7420,535,1.7258
41.7463,543,1.7516
41.7506,550,1.7742
41.7549,555,1.7903
41.7592,561,1.8097
41.7635,565,1.8226
41.7678,570,1.8387
41.7721,575,1.8548
41.7764,577,1.8613
41.7807,580,1.8710
41.7850,582,1.8774
41.7893,583,1.8806
41.7938,583,1.8806
41.7981,583,1.8806
41.8031,582,1.8774
41.8074,579,1.8677
41.8118,575,1.8548
41.8161,571,1.8419
41.8204,565,1.8226
41.8247,559,1.8032
41.8290,553,1.7839
41.8333,549,1.7710
41.8376,542,1.7484
41.8418,534,1.7226
41.8461,528,1.7032
41.8504,520,1.6774
41.8546,513,1.6548
41.8589,506,1.6323
41.8631,500,1.6129
41.8674,494,1.5935
41.8717,488,1.5742
41.8759,483,1.5581
41.8802,479,1.5452
41.8845,479,1.5452
41.8887,480,1.5484
41.8930,480,1.5484
41.8973,481,1.5516
41.9015,482,1.5548
41.9058,482,1.5548
41.9100,483,1.5581
41.9143,483,1.5581
41.9185,484,1.5613
41.9228,485,1.5645
41.9271,486,1.5677
41.9314,486,1.5677
41.9356,487,1.5710
41.9399,488,1.5742
41.9443,488,1.5742
41.9486,489,1.5774
41.9529,490,1.5806
41.9571,490,1.5806
41.9614,492,1.5871
41.9657,491,1.5839
41.9700,492,1.5871
41.9743,492,1.5871
41.9786,493,1.5903
41.9829,494,1.5935
41.9872,493,1.5903
41.9915,494,1.5935
41.9958,496,1.6000
42.0001,496,1.6000
42.0044,496,1.6000
42.0087,495,1.5968
42.0130,495,1.5968
42.0173,497,1.6032
42.0216,497,1.6032
42.0259,498,1.6065
42.0302,498,1.6065
42.0345,499,1.6097
42.0388,498,1.6065
42.0431,499,1.6097
42.0473,499,1.6097
42.0516,500,1.6129
42.0559,500,1.6129
42.0602,501,1.6161
42.0645,502,1.6194
42.0688,503,1.6226
42.0731,502,1.6194
42.0774,502,1.6194
42.0817,503,1.6226
42.0860,503,1.6226
42.0903,503,1.6226
42.0946,504,1.6258
42.0988,504,1.6258
42.1031,506,1.6323
42.1074,505,1.6290
42.1117,505,1.6290
42.1160,506,1.6323
42.1203,506,1.6323
42.1247,507,1.6355
42.1290,506,1.6323
42.1333,507,1.6355
42.1376,506,1.6323
42.1419,508,1.6387
42.1462,508,1.6387
42.1505,508,1.6387
42.1548,508,1.6387
42.1591,508,1.6387
42.1634,508,1.6387
42.1677,508,1.6387
42.1719,509,1.6419
42.1762,509,1.6419
42.1805,509,1.6419
42.1849,509,1.6419
42.1892,510,1.6452
42.1935,510,1.6452
42.1978,512,1.6516
42.2021,513,1.6548
42.2064,513,1.6548
42.2107,513,1.6548
42.2150,511,1.6484
42.2193,512,1.6516
42.2236,514,1.6581
42.2279,514,1.6581
42.2322,512,1.6516
42.2365,512,1.6516
42.2408,512,1.6516
42.2451,512,1.6516
42.2494,512,1.6516
42.2537,513,1.6548
42.2579,514,1.6581
42.2622,514,1.6581
42.2665,514,1.6581
42.2708,514,1.6581
42.2751,514,1.6581
42.2794,515,1.6613
42.2837,515,1.6613
42.2880,514,1.6581
42.2924,514,1.6581
42.2967,514,1.6581
42.3010,515,1.6613
42.3053,515,1.6613
42.3096,516,1.6645
42.3139,516,1.6645
42.3182,517,1.6677
42.3224,517,1.6677
42.3267,517,1.6677
42.3310,518,1.6710
42.3354,517,1.6677
42.3397,518,1.6710
42.3440,517,1.6677
42.3483,517,1.6677
42.3526,519,1.6742
42.3569,518,1.6710
42.3612,518,1.6710
42.3655,518,1.6710
42.3698,517,1.6677
42.3741,517,1.6677
42.3784,517,1.6677
42.3827,515,1.6613
42.3871,517,1.6677
42.3914,517,1.6677
42.3959,517,1.6677
42.4002,516,1.6645
42.4046,518,1.6710
42.4088,518,1.6710
42.4132,518,1.6710
42.4176,517,1.6677
42.4219,518,1.6710
42.4262,517,1.6677
42.4305,518,1.6710
42.4348,519,1.6742
42.4391,518,1.6710
42.4434,518,1.6710
42.4477,520,1.6774
42.4520,519,1.6742
42.4562,519,1.6742
42.4605,518,1.6710
42.4648,519,1.6742
42.4690,519,1.6742
42.4733,519,1.6742
42.4776,518,1.6710
42.4818,518,1.6710
42.4861,518,1.6710
42.4904,520,1.6774
42.4946,519,1.6742
42.4989,520,1.6774
42.5031,520,1.6774
42.5074,521,1.6806
42.5117,521,1.6806
42.5159,520,1.6774
42.5202,522,1.6839
42.5245,522,1.6839
42.5287,522,1.6839
42.5330,521,1.6806
42.5373,522,1.6839
42.5416,522,1.6839
42.5459,522,1.6839
42.5502,522,1.6839
42.5545,522,1.6839
42.5588,523,1.6871
42.5631,523,1.6871
42.5674,523,1.6871
42.5717,522,1.6839
42.5760,522,1.6839
42.5803,523,1.6871
42.5846,523,1.6871
42.5889,523,1.6871
42.5932,522,1.6839
42.5975,523,1.6871
42.6018,522,1.6839
42.6061,522,1.6839
42.6104,521,1.6806
42.6147,521,1.6806
42.6190,521,1.6806
42.6233,522,1.6839
42.6276,523,1.6871
42.6319,522,1.6839
42.6362,521,1.6806
42.6405,521,1.6806
42.6447,520,1.6774
42.6490,521,1.6806
42.6533,522,1.6839
42.6576,521,1.6806
42.6619,521,1.6806
42.6662,522,1.6839
42.6704,522,1.6839
42.6748,521,1.6806
42.6791,520,1.6774
42.6833,521,1.6806
42.6876,522,1.6839
42.6920,522,1.6839
42.6970,521,1.6806
42.7014,521,1.6806
42.7057,522,1.6839
42.7100,522,1.6839
42.7143,520,1.6774
42.7186,521,1.6806
42.7229,522,1.6839
42.7272,523,1.6871
42.7315,521,1.6806
42.7358,522,1.6839
42.7401,520,1.6774
42.7443,523,1.6871
42.7486,522,1.6839
42.7528,521,1.6806
42.7571,520,1.6774
42.7614,519,1.6742
42.7656,521,1.6806
42.7699,521,1.6806
42.7742,521,1.6806
42.7785,520,1.6774
42.7827,522,1.6839
42.7870,522,1.6839
42.7912,522,1.6839
42.7956,522,1.6839
42.7999,522,1.6839
42.8043,522,1.6839
42.8085,521,1.6806
42.8128,520,1.6774
42.8171,521,1.6806
42.8213,521,1.6806
42.8256,522,1.6839
42.8299,522,1.6839
42.8342,523,1.6871
42.8385,527,1.7000
42.8428,534,1.7226
42.8471,541,1.7452
42.8514,548,1.7677
42.8557,554,1.7871
42.8600,559,1.8032
42.8643,563,1.8161
42.8686,565,1.8226
42.8729,565,1.8226
42.8772,563,1.8161
42.8815,560,1.8065
42.8858,556,1.7935
42.8901,549,1.7710
42.8944,540,1.7419
42.8986,533,1.7194
42.9029,526,1.6968
42.9072,519,1.6742
42.9115,513,1.6548
42.9158,511,1.6484
42.9201,509,1.6419
42.9244,511,1.6484
42.9287,511,1.6484
42.9330,512,1.6516
42.9376,513,1.6548
42.9419,512,1.6516
42.9461,513,1.6548
42.9504,512,1.6516
42.9547,512,1.6516
42.9589,513,1.6548
42.9632,513,1.6548
42.9675,513,1.6548
42.9718,513,1.6548
42.9761,514,1.6581
42.9804,513,1.6548
42.9847,513,1.6548
42.9890,512,1.6516
42.9933,505,1.6290
42.9976,490,1.5806
43.0022,473,1.5258
43.0065,478,1.5419
43.0109,512,1.6516
43.0151,576,1.8581
43.0194,659,2.1258
43.0237,749,2.4161
43.0280,814,2.6258
43.0323,821,2.6484
43.0366,765,2.4677
43.0409,679,2.1903
43.0453,582,1.8774
43.0496,509,1.6419
43.0539,468,1.5097
43.0582,454,1.4645
43.0625,458,1.4774
43.0668,472,1.5226
43.0711,485,1.5645
43.0754,490,1.5806
43.0797,491,1.5839
43.0840,490,1.5806
43.0883,492,1.5871
43.0926,492,1.5871
43.0969,492,1.5871
43.1012,492,1.5871
43.1055,493,1.5903
43.1098,494,1.5935
43.1141,493,1.5903
43.1184,493,1.5903
43.1226,494,1.5935
43.1269,494,1.5935
43.1312,495,1.5968
43.1355,495,1.5968
43.1398,497,1.6032
43.1441,497,1.6032
43.1484,498,1.6065
43.1527,497,1.6032
43.1570,498,1.6065
43.1613,498,1.6065
43.1656,498,1.6065
43.1699,498,1.6065
43.1742,498,1.6065
43.1785,500,1.6129
43.1828,500,1.6129
43.1871,501,1.6161
43.1914,501,1.6161
43.1957,501,1.6161
43.2000,501,1.6161
43.2043,502,1.6194
43.2086,504,1.6258
43.2129,504,1.6258
43.2172,505,1.6290
43.2214,504,1.6258
43.2257,503,1.6226
43.2300,506,1.6323
43.2343,511,1.6484
43.2386,517,1.6677
43.2429,523,1.6871
43.2472,531,1.7129
43.2516,536,1.7290
43.2559,542,1.7484
43.2602,549,1.7710
43.2646,553,1.7839
43.2689,560,1.8065
43.2733,565,1.8226
43.2776,570,1.8387
43.2819,573,1.8484
43.2863,578,1.8645
43.2906,581,1.8742
43.2951,583,1.8806
43.2995,583,1.8806
43.3039,583,1.8806
43.3082,582,1.8774
43.3126,580,1.8710
43.3169,576,1.8581
43.3212,573,1.8484
43.3256,569,1.8355
43.3299,565,1.8226
43.3342,561,1.8097
43.3386,555,1.7903
43.3430,548,1.7677
43.3474,541,1.7452
43.3517,535,1.7258
43.3561,528,1.7032
43.3604,519,1.6742
43.3646,513,1.6548
43.3689,506,1.6323
43.3732,498,1.6065
43.3776,492,1.5871
43.3819,488,1.5742
43.3861,483,1.5581
43.3904,481,1.5516
43.3947,480,1.5484
43.3991,481,1.5516
43.4033,482,1.5548
43.4076,483,1.5581
43.4119,483,1.5581
43.4164,484,1.5613
43.4207,484,1.5613
43.4250,485,1.5645
43.4293,485,1.5645
43.4336,486,1.5677
43.4379,488,1.5742
43.4422,488,1.5742
43.4464,488,1.5742
43.4508,488,1.5742
43.4550,491,1.5839
43.4594,491,1.5839
43.4636,491,1.5839
43.4679,492,1.5871
43.4722,491,1.5839
43.4765,492,1.5871
43.4808,494,1.5935
43.4851,494,1.5935
43.4894,494,1.5935
43.4937,494,1.5935
43.4980,496,1.6000
43.5023,495,1.5968
43.5066,494,1.5935
43.5109,495,1.5968
43.5152,495,1.5968
43.5195,495,1.5968
43.5238,496,1.6000
43.5281,497,1.6032
43.5324,497,1.6032
43.5366,496,1.6000
43.5410,497,1.6032
43.5453,498,1.6065
43.5496,499,1.6097
43.5539,499,1.6097
43.5583,499,1.6097
43.5626,500,1.6129
43.5670,501,1.6161
43.5713,501,1.6161
43.5756,501,1.6161
43.5799,500,1.6129
43.5843,501,1.6161
43.5886,503,1.6226
43.5931,503,1.6226
43.5976,503,1.6226
43.6020,504,1.6258
43.6069,511,1.6484
43.6113,504,1.6258
43.6155,505,1.6290
43.6198,505,1.6290
43.6242,506,1.6323
43.6284,507,1.6355
43.6327,506,1.6323
43.6372,506,1.6323
43.6415,506,1.6323
43.6458,507,1.6355
43.6502,506,1.6323
43.6545,507,1.6355
43.6588,509,1.6419
43.6631,508,1.6387
43.6674,509,1.6419
43.6717,510,1.6452
43.6760,510,1.6452
43.6803,511,1.6484
43.6846,511,1.6484
43.6889,510,1.6452
43.6932,511,1.6484
43.6975,512,1.6516
43.7018,512,1.6516
43.7061,512,1.6516
43.7104,512,1.6516
43.7147,512,1.6516
43.7190,512,1.6516
43.7234,512,1.6516
43.7277,513,1.6548
43.7320,512,1.6516
43.7362,512,1.6516
43.7405,511,1.6484
43.7449,512,1.6516
43.7492,513,1.6548
43.7535,513,1.6548
43.7578,512,1.6516
43.7621,512,1.6516
43.7664,513,1.6548
43.7707,513,1.6548
43.7750,513,1.6548
43.7793,513,1.6548
43.7836,514,1.6581
43.7879,514,1.6581
43.7921,515,1.6613
43.7964,515,1.6613
43.8008,516,1.6645
43.8051,517,1.6677
43.8094,516,1.6645
43.8137,517,1.6677
43.8180,516,1.6645
43.8223,517,1.6677
43.8266,518,1.6710
43.8309,517,1.6677
43.8352,517,1.6677
43.8395,517,1.6677
43.8437,517,1.6677
43.8481,517,1.6677
43.8524,518,1.6710
43.8567,518,1.6710
43.8609,517,1.6677
43.8652,518,1.6710
43.8695,518,1.6710
43.8738,517,1.6677
43.8781,516,1.6645
43.8824,516,1.6645
43.8867,516,1.6645
43.8910,516,1.6645
43.8953,517,1.6677
43.8996,517,1.6677
43.9039,517,1.6677
43.9082,518,1.6710
43.9125,518,1.6710
43.9168,519,1.6742
43.9211,519,1.6742
43.9254,519,1.6742
43.9297,519,1.6742
43.9340,519,1.6742
43.9383,519,1.6742
43.9425,519,1.6742
43.9469,519,1.6742
43.9512,519,1.6742
43.9555,519,1.6742
43.9598,519,1.6742
43.9641,519,1.6742
43.9684,519,1.6742
43.9727,519,1.6742
43.9770,520,1.6774
43.9813,520,1.6774
43.9855,519,1.6742
43.9899,519,1.6742
43.9942,519,1.6742
43.9984,519,1.6742
44.0027,519,1.6742
44.0070,520,1.6774
44.0114,520,1.6774
44.0156,520,1.6774
44.0199,520,1.6774
44.0242,520,1.6774
44.0286,521,1.6806
44.0329,520,1.6774
44.0372,520,1.6774
44.0415,519,1.6742
44.0458,520,1.6774
44.0501,519,1.6742
44.0544,520,1.6774
44.0587,520,1.6774
44.0629,521,1.6806
44.0672,522,1.6839
44.0716,523,1.6871
44.0758,523,1.6871
44.0801,522,1.6839
44.0844,523,1.6871
44.0887,523,1.6871
44.0930,523,1.6871
44.0973,523,1.6871
44.1016,522,1.6839
44.1059,522,1.6839
44.1103,522,1.6839
44.1146,522,1.6839
44.1188,520,1.6774
44.1231,522,1.6839
44.1275,522,1.6839
44.1318,524,1.6903
44.1361,523,1.6871
44.1403,523,1.6871
44.1446,522,1.6839
44.1489,523,1.6871
44.1533,522,1.6839
44.1577,521,1.6806
44.1620,522,1.6839
44.1664,522,1.6839
44.1707,522,1.6839
44.1750,521,1.6806
44.1794,522,1.6839
44.1837,522,1.6839
44.1880,522,1.6839
44.1926,523,1.6871
44.1970,523,1.6871
44.2015,523,1.6871
44.2059,524,1.6903
44.2102,523,1.6871
44.2146,522,1.6839
44.2189,522,1.6839
44.2232,521,1.6806
44.2276,521,1.6806
44.2319,521,1.6806
44.2363,521,1.6806
44.2407,520,1.6774
44.2450,520,1.6774
44.2493,521,1.6806
44.2537,520,1.6774
44.2580,521,1.6806
44.2623,521,1.6806
44.2665,522,1.6839
44.2708,521,1.6806
44.2751,520,1.6774
44.2794,521,1.6806
44.2837,521,1.6806
44.2880,521,1.6806
44.2923,520,1.6774
44.2966,519,1.6742
44.3009,520,1.6774
44.3052,519,1.6742
44.3095,520,1.6774
44.3138,521,1.6806
44.3181,522,1.6839
44.3224,522,1.6839
44.3266,523,1.6871
44.3309,522,1.6839
44.3352,524,1.6903
44.3395,530,1.7097
44.3438,536,1.7290
44.3481,543,1.7516
44.3524,550,1.7742
44.3568,558,1.8000
44.3611,562,1.8129
44.3654,566,1.8258
44.3698,567,1.8290
44.3741,566,1.8258
44.3784,563,1.8161
44.3828,559,1.8032
44.3871,555,1.7903
44.3914,549,1.7710
44.3957,541,1.7452
44.4001,531,1.7129
44.4044,524,1.6903
44.4087,517,1.6677
44.4131,512,1.6516
44.4175,510,1.6452
44.4218,511,1.6484
44.4262,513,1.6548
44.4305,513,1.6548
44.4348,511,1.6484
44.4392,512,1.6516
44.4435,511,1.6484
44.4478,513,1.6548
44.4521,513,1.6548
44.4565,513,1.6548
44.4608,513,1.6548
44.4651,513,1.6548
44.4694,513,1.6548
44.4736,513,1.6548
44.4779,513,1.6548
44.4822,513,1.6548
44.4865,511,1.6484
44.4908,509,1.6419
44.4953,499,1.6097
44.4997,481,1.5516
44.5040,470,1.5161
44.5084,488,1.5742
44.5126,534,1.7226
44.5169,607,1.9581
44.5212,695,2.2419
44.5255,783,2.5258
44.5298,825,2.6613
44.5341,804,2.5935
44.5384,732,2.3613
44.5428,638,2.0581
44.5471,549,1.7710
44.5514,490,1.5806
44.5557,461,1.4871
44.5600,455,1.4677
44.5643,463,1.4935
44.5686,476,1.5355
44.5728,484,1.5613
44.5771,488,1.5742
44.5814,490,1.5806
44.5857,490,1.5806
44.5900,491,1.5839
44.5943,491,1.5839
44.5986,493,1.5903
44.6029,494,1.5935
44.6072,494,1.5935
44.6115,494,1.5935
44.6158,494,1.5935
44.6201,494,1.5935
44.6244,495,1.5968
44.6287,495,1.5968
44.6330,496,1.6000
44.6373,497,1.6032
44.6416,497,1.6032
44.6459,497,1.6032
44.6502,498,1.6065
44.6544,497,1.6032
44.6587,498,1.6065
44.6631,498,1.6065
44.6675,499,1.6097
44.6718,499,1.6097
44.6761,499,1.6097
44.6804,501,1.6161
44.6848,502,1.6194
44.6891,501,1.6161
44.6934,502,1.6194
44.6978,503,1.6226
44.7021,502,1.6194
44.7064,502,1.6194
44.7108,503,1.6226
44.7151,504,1.6258
44.7194,505,1.6290
44.7237,506,1.6323
44.7281,505,1.6290
44.7324,504,1.6258
44.7367,506,1.6323
44.7411,510,1.6452
44.7454,516,1.6645
44.7497,523,1.6871
44.7542,531,1.7129
44.7585,538,1.7355
44.7628,545,1.7581
44.7671,551,1.7774
44.7751,561,1.8097
44.7795,566,1.8258
44.7838,571,1.8419
44.7881,575,1.8548
44.7924,577,1.8613
44.7967,579,1.8677
44.8010,582,1.8774
44.8053,581,1.8742
44.8096,582,1.8774
44.8139,582,1.8774
44.8182,580,1.8710
44.8224,579,1.8677
44.8267,574,1.8516
44.8310,570,1.8387
44.8353,566,1.8258
44.8396,561,1.8097
44.8439,555,1.7903
44.8482,548,1.7677
44.8525,541,1.7452
44.8568,535,1.7258
44.8611,529,1.7065
44.8654,521,1.6806
44.8697,513,1.6548
44.8740,506,1.6323
44.8783,500,1.6129
44.8825,494,1.5935
44.8868,488,1.5742
44.8911,483,1.5581
44.8954,479,1.5452
44.8997,479,1.5452
44.9040,480,1.5484
44.9083,480,1.5484
44.9126,479,1.5452
44.9169,481,1.5516
44.9212,482,1.5548
44.9255,484,1.5613
44.9298,485,1.5645
44.9341,486,1.5677
44.9384,486,1.5677
44.9427,487,1.5710
44.9469,488,1.5742
44.9512,487,1.5710
44.9556,487,1.5710
44.9599,487,1.5710
44.9643,487,1.5710
44.9686,490,1.5806
44.9730,490,1.5806
44.9773,492,1.5871
44.9816,491,1.5839
44.9859,493,1.5903
44.9903,494,1.5935
44.9946,494,1.5935
44.9989,495,1.5968
45.0033,495,1.5968
45.0076,495,1.5968
45.0120,495,1.5968
45.0163,496,1.6000
45.0206,495,1.5968
45.0250,497,1.6032
45.0293,498,1.6065
45.0336,497,1.6032
45.0389,497,1.6032
45.0434,497,1.6032
45.0487,499,1.6097
45.0533,499,1.6097
45.0578,499,1.6097
45.0624,500,1.6129
45.0669,501,1.6161
45.0713,501,1.6161
45.0756,501,1.6161
45.0799,501,1.6161
45.0842,501,1.6161
45.0885,502,1.6194
45.0928,502,1.6194
45.0973,502,1.6194
45.1017,503,1.6226
45.1060,504,1.6258
45.1102,504,1.6258
45.1145,504,1.6258
45.1188,504,1.6258
45.1230,503,1.6226
45.1273,504,1.6258
45.1315,505,1.6290
45.1358,506,1.6323
45.1401,506,1.6323
45.1443,507,1.6355
45.1486,506,1.6323
45.1528,506,1.6323
45.1571,506,1.6323
45.1614,506,1.6323
45.1657,506,1.6323
45.1699,506,1.6323
45.1741,507,1.6355
45.1784,507,1.6355
45.1827,507,1.6355
45.1869,508,1.6387
45.1912,509,1.6419
45.1954,509,1.6419
45.1997,511,1.6484
45.2040,511,1.6484
45.2082,512,1.6516
45.2125,511,1.6484
45.2167,511,1.6484
45.2212,512,1.6516
45.2254,511,1.6484
45.2297,511,1.6484
45.2340,511,1.6484
45.2382,512,1.6516
45.2425,510,1.6452
45.2468,510,1.6452
45.2511,512,1.6516
45.2553,512,1.6516
45.2597,513,1.6548
45.2640,514,1.6581
45.2683,514,1.6581
45.2726,515,1.6613
45.2769,513,1.6548
45.2812,514,1.6581
45.2855,515,1.6613
45.2898,514,1.6581
45.2941,515,1.6613
45.2984,515,1.6613
45.3027,515,1.6613
45.3070,514,1.6581
45.3113,515,1.6613
45.3156,515,1.6613
45.3199,517,1.6677
45.3242,516,1.6645
45.3285,517,1.6677
45.3328,516,1.6645
45.3371,516,1.6645
45.3414,516,1.6645
45.3457,518,1.6710
45.3500,519,1.6742
45.3543,518,1.6710
45.3586,518,1.6710
45.3629,518,1.6710
45.3672,518,1.6710
45.3715,519,1.6742
45.3758,519,1.6742
45.3801,518,1.6710
45.3844,518,1.6710
45.3887,518,1.6710
45.3930,517,1.6677
45.3979,518,1.6710
45.4023,518,1.6710
45.4066,517,1.6677
45.4109,518,1.6710
45.4152,519,1.6742
45.4195,519,1.6742
45.4238,519,1.6742
45.4281,519,1.6742
45.4324,518,1.6710
45.4367,518,1.6710
45.4410,518,1.6710
45.4453,519,1.6742
45.4496,519,1.6742
45.4538,518,1.6710
45.4582,518,1.6710
45.4626,517,1.6677
45.4669,519,1.6742
45.4712,518,1.6710
45.4754,518,1.6710
45.4797,517,1.6677
45.4839,518,1.6710
45.4882,520,1.6774
45.4925,520,1.6774
45.4967,519,1.6742
45.5010,519,1.6742
45.5052,519,1.6742
45.5095,520,1.6774
45.5138,519,1.6742
45.5180,518,1.6710
45.5223,520,1.6774
45.5265,520,1.6774
45.5308,519,1.6742
45.5351,519,1.6742
45.5394,519,1.6742
45.5436,519,1.6742
45.5479,519,1.6742
45.5522,520,1.6774
45.5565,521,1.6806
45.5607,520,1.6774
45.5650,521,1.6806
45.5693,521,1.6806
45.5736,522,1.6839
45.5779,523,1.6871
45.5822,522,1.6839
45.5865,521,1.6806
45.5908,521,1.6806
45.5951,522,1.6839
45.5994,522,1.6839
45.6037,522,1.6839
45.6079,522,1.6839
45.6122,521,1.6806
45.6165,521,1.6806
45.6208,521,1.6806
45.6251,522,1.6839
45.6294,521,1.6806
45.6337,521,1.6806
45.6380,521,1.6806
45.6422,522,1.6839
45.6465,523,1.6871
45.6508,522,1.6839
45.6551,523,1.6871
45.6594,523,1.6871
45.6636,523,1.6871
45.6679,522,1.6839
45.6722,523,1.6871
45.6765,522,1.6839
45.6808,522,1.6839
45.6850,521,1.6806
45.6893,520,1.6774
45.6936,519,1.6742
45.6979,518,1.6710
45.7022,519,1.6742
45.7064,519,1.6742
45.7107,520,1.6774
45.7150,520,1.6774
45.7193,520,1.6774
45.7236,520,1.6774
45.7279,521,1.6806
45.7321,522,1.6839
45.7364,520,1.6774
45.7407,521,1.6806
45.7450,522,1.6839
45.7493,520,1.6774
45.7536,520,1.6774
45.7578,520,1.6774
45.7621,520,1.6774
45.7664,520,1.6774
45.7707,521,1.6806
45.7750,520,1.6774
45.7793,520,1.6774
45.7836,521,1.6806
45.7878,521,1.6806
45.7921,521,1.6806
45.7964,521,1.6806
45.8007,520,1.6774
45.8050,521,1.6806
45.8092,522,1.6839
45.8135,521,1.6806
45.8178,521,1.6806
45.8221,522,1.6839
45.8265,522,1.6839
45.8308,522,1.6839
45.8351,521,1.6806
45.8393,523,1.6871
45.8437,529,1.7065
45.8479,535,1.7258
45.8522,540,1.7419
45.8565,547,1.7645
45.8608,553,1.7839
45.8651,559,1.8032
45.8694,563,1.8161
45.8737,564,1.8194
45.8780,563,1.8161
45.8823,563,1.8161
45.8866,558,1.8000
45.8909,553,1.7839
45.8951,547,1.7645
45.8994,542,1.7484
45.9037,535,1.7258
45.9080,526,1.6968
45.9123,518,1.6710
45.9166,513,1.6548
45.9209,511,1.6484
45.9252,510,1.6452
45.9294,509,1.6419
45.9337,510,1.6452
45.9380,510,1.6452
45.9423,511,1.6484
45.9466,512,1.6516
45.9509,512,1.6516
45.9552,513,1.6548
45.9595,513,1.6548
45.9637,514,1.6581
45.9680,513,1.6548
45.9723,513,1.6548
45.9766,514,1.6581
45.9809,512,1.6516
45.9852,513,1.6548
45.9895,513,1.6548
45.9939,511,1.6484
45.9984,504,1.6258
46.0028,489,1.5774
46.0071,475,1.5323
46.0114,476,1.5355
46.0157,510,1.6452
46.0200,572,1.8452
46.0243,656,2.1161
46.0286,744,2.4000
46.0329,812,2.6194
46.0372,821,2.6484
46.0415,769,2.4806
46.0457,686,2.2129
46.0500,590,1.9032
46.0543,512,1.6516
46.0586,471,1.5194
46.0629,456,1.4710
46.0672,458,1.4774
46.0715,470,1.5161
46.0757,482,1.5548
46.0800,488,1.5742
46.0843,491,1.5839
46.0885,491,1.5839
46.0928,491,1.5839
46.0970,490,1.5806
46.1013,491,1.5839
46.1055,493,1.5903
46.1098,493,1.5903
46.1140,494,1.5935
46.1183,494,1.5935
46.1225,495,1.5968
46.1268,494,1.5935
46.1310,495,1.5968
46.1353,495,1.5968
46.1395,495,1.5968
46.1438,496,1.6000
46.1481,496,1.6000
46.1524,497,1.6032
46.1567,498,1.6065
46.1610,497,1.6032
46.1653,498,1.6065
46.1696,498,1.6065
46.1739,499,1.6097
46.1783,500,1.6129
46.1826,501,1.6161
46.1869,501,1.6161
46.1913,501,1.6161
46.1956,502,1.6194
46.1999,503,1.6226
46.2043,504,1.6258
46.2086,504,1.6258
46.2129,504,1.6258
46.2172,503,1.6226
46.2216,504,1.6258
46.2259,504,1.6258
46.2303,505,1.6290
46.2346,506,1.6323
46.2389,510,1.6452
46.2434,517,1.6677
46.2478,523,1.6871
46.2521,530,1.7097
46.2564,536,1.7290
46.2608,543,1.7516
46.2651,550,1.7742
46.2694,556,1.7935
46.2737,562,1.8129
46.2780,566,1.8258
46.2823,571,1.8419
46.2866,574,1.8516
46.2909,579,1.8677
46.2953,582,1.8774
46.3019,585,1.8871
46.3062,585,1.8871
46.3105,584,1.8839
46.3148,583,1.8806
46.3191,581,1.8742
46.3234,578,1.8645
46.3278,575,1.8548
46.3320,570,1.8387
46.3363,566,1.8258
46.3406,561,1.8097
46.3449,555,1.7903
46.3492,550,1.7742
46.3535,542,1.7484
46.3578,535,1.7258
46.3621,528,1.7032
46.3664,519,1.6742
46.3707,512,1.6516
46.3750,505,1.6290
46.3792,498,1.6065
46.3835,492,1.5871
46.3878,486,1.5677
46.3921,481,1.5516
46.3964,480,1.5484
46.4007,479,1.5452
46.4050,480,1.5484
46.4093,481,1.5516
46.4136,481,1.5516
46.4179,482,1.5548
46.4224,482,1.5548
46.4267,483,1.5581
46.4310,483,1.5581
46.4353,484,1.5613
46.4396,486,1.5677
46.4439,487,1.5710
46.4482,488,1.5742
46.4525,488,1.5742
46.4568,487,1.5710
46.4611,487,1.5710
46.4654,488,1.5742
46.4697,488,1.5742
46.4740,490,1.5806
46.4783,491,1.5839
46.4826,491,1.5839
46.4870,492,1.5871
46.4913,493,1.5903
46.4956,493,1.5903
46.5000,493,1.5903
46.5043,493,1.5903
46.5086,494,1.5935
46.5130,496,1.6000
46.5173,495,1.5968
46.5216,496,1.6000
46.5260,496,1.6000
46.5303,497,1.6032
46.5347,497,1.6032
46.5390,498,1.6065
46.5441,497,1.6032
46.5484,497,1.6032
46.5528,499,1.6097
46.5571,499,1.6097
46.5614,500,1.6129
46.5658,500,1.6129
46.5702,501,1.6161
46.5746,501,1.6161
46.5789,501,1.6161
46.5832,501,1.6161
46.5875,502,1.6194
46.5918,502,1.6194
46.5961,503,1.6226
46.6004,503,1.6226
46.6047,502,1.6194
46.6090,504,1.6258
46.6133,505,1.6290
46.6176,504,1.6258
46.6219,505,1.6290
46.6262,505,1.6290
46.6305,505,1.6290
46.6348,505,1.6290
46.6391,504,1.6258
46.6434,504,1.6258
46.6477,504,1.6258
46.6520,505,1.6290
46.6563,505,1.6290
46.6606,506,1.6323
46.6648,506,1.6323
46.6691,507,1.6355
46.6734,508,1.6387
46.6778,509,1.6419
46.6821,508,1.6387
46.6865,508,1.6387
46.6908,510,1.6452
46.6951,510,1.6452
46.6995,509,1.6419
46.7038,509,1.6419
46.7081,510,1.6452
46.7125,510,1.6452
46.7168,509,1.6419
46.7211,510,1.6452
46.7255,511,1.6484
46.7298,511,1.6484
46.7341,512,1.6516
46.7385,512,1.6516
46.7428,512,1.6516
46.7471,512,1.6516
46.7515,512,1.6516
46.7558,513,1.6548
46.7601,513,1.6548
46.7645,514,1.6581
46.7688,514,1.6581
46.7731,515,1.6613
46.7775,514,1.6581
46.7819,513,1.6548
46.7862,513,1.6548
46.7905,513,1.6548
46.7948,514,1.6581
46.7992,514,1.6581
46.8035,515,1.6613
46.8078,515,1.6613
46.8121,516,1.6645
46.8165,516,1.6645
46.8208,515,1.6613
46.8251,516,1.6645
46.8295,516,1.6645
46.8338,515,1.6613
46.8381,516,1.6645
46.8425,516,1.6645
46.8468,517,1.6677
46.8511,517,1.6677
46.8555,517,1.6677
46.8598,516,1.6645
46.8641,518,1.6710
46.8684,517,1.6677
46.8729,518,1.6710
46.8772,517,1.6677
46.8815,518,1.6710
46.8858,518,1.6710
46.8902,518,1.6710
46.8946,519,1.6742
46.8989,519,1.6742
46.9033,518,1.6710
46.9076,517,1.6677
46.9119,519,1.6742
46.9162,518,1.6710
46.9205,519,1.6742
46.9248,519,1.6742
46.9291,518,1.6710
46.9334,517,1.6677
46.9377,517,1.6677
46.9420,518,1.6710
46.9463,518,1.6710
46.9506,518,1.6710
46.9549,519,1.6742
46.9592,518,1.6710
46.9635,519,1.6742
46.9678,519,1.6742
46.9720,519,1.6742
46.9763,519,1.6742
46.9807,519,1.6742
46.9850,519,1.6742
46.9894,518,1.6710
46.9937,519,1.6742
46.9980,519,1.6742
47.0024,519,1.6742
47.0067,519,1.6742
47.0110,520,1.6774
47.0154,519,1.6742
47.0197,519,1.6742
47.0240,518,1.6710
47.0284,519,1.6742
47.0327,519,1.6742
47.0371,519,1.6742
47.0414,520,1.6774
47.0457,520,1.6774
47.0501,522,1.6839
47.0544,522,1.6839
47.0587,522,1.6839
47.0630,522,1.6839
47.0674,521,1.6806
47.0718,521,1.6806
47.0761,522,1.6839
47.0804,522,1.6839
47.0847,520,1.6774
47.0890,521,1.6806
47.0933,520,1.6774
47.0976,519,1.6742
47.1019,520,1.6774
47.1062,520,1.6774
47.1105,521,1.6806
47.1148,522,1.6839
47.1191,522,1.6839
47.1234,521,1.6806
47.1277,522,1.6839
47.1320,522,1.6839
47.1363,521,1.6806
47.1406,520,1.6774
47.1449,520,1.6774
47.1492,520,1.6774
47.1535,522,1.6839
47.1578,520,1.6774
47.1620,522,1.6839
47.1663,520,1.6774
47.1706,522,1.6839
47.1749,522,1.6839
47.1792,521,1.6806
47.1836,521,1.6806
47.1879,521,1.6806
47.1923,521,1.6806
47.1967,520,1.6774
47.2012,521,1.6806
47.2056,522,1.6839
47.2099,521,1.6806
47.2142,522,1.6839
47.2186,523,1.6871
47.2229,523,1.6871
47.2272,523,1.6871
47.2316,522,1.6839
47.2359,522,1.6839
47.2402,523,1.6871
47.2446,523,1.6871
47.2489,524,1.6903
47.2532,524,1.6903
47.2576,523,1.6871
47.2619,521,1.6806
47.2663,520,1.6774
47.2706,522,1.6839
47.2749,522,1.6839
47.2793,521,1.6806
47.2836,522,1.6839
47.2879,522,1.6839
47.2922,522,1.6839
47.2965,522,1.6839
47.3008,523,1.6871
47.3051,523,1.6871
47.3094,523,1.6871
47.3137,524,1.6903
47.3180,523,1.6871
47.3223,523,1.6871
47.3266,523,1.6871
47.3308,523,1.6871
47.3352,523,1.6871
47.3395,523,1.6871
47.3438,523,1.6871
47.3480,526,1.6968
47.3523,533,1.7194
47.3566,538,1.7355
47.3609,547,1.7645
47.3652,553,1.7839
47.3695,557,1.7968
47.3738,562,1.8129
47.3782,565,1.8226
47.3825,565,1.8226
47.3869,566,1.8258
47.3912,563,1.8161
47.3955,560,1.8065
47.3999,554,1.7871
47.4042,546,1.7613
47.4085,539,1.7387
47.4129,531,1.7129
47.4172,524,1.6903
47.4215,518,1.6710
47.4259,513,1.6548
47.4302,513,1.6548
47.4345,513,1.6548
47.4389,512,1.6516
47.4432,512,1.6516
47.4476,512,1.6516
47.4519,513,1.6548
47.4563,513,1.6548
47.4606,514,1.6581
47.4649,514,1.6581
47.4692,513,1.6548
47.4736,514,1.6581
47.4779,513,1.6548
47.4822,513,1.6548
47.4865,513,1.6548
47.4908,514,1.6581
47.4951,514,1.6581
47.4994,513,1.6548
47.5037,510,1.6452
47.5080,498,1.6065
47.5123,480,1.5484
47.5166,473,1.5258
47.5209,492,1.5871
47.5252,543,1.7516
47.5295,618,1.9935
47.5338,710,2.2903
47.5381,790,2.5484
47.5424,829,2.6742
47.5467,799,2.5774
47.5510,726,2.3419
47.5553,632,2.0387
47.5596,544,1.7548
47.5639,488,1.5742
47.5681,461,1.4871
47.5724,455,1.4677
47.5767,465,1.5000
47.5810,478,1.5419
47.5853,485,1.5645
47.5897,490,1.5806
47.5940,491,1.5839
47.5983,491,1.5839
47.6027,492,1.5871
47.6070,491,1.5839
47.6113,491,1.5839
47.6157,491,1.5839
47.6200,491,1.5839
47.6244,493,1.5903
47.6287,495,1.5968
47.6330,496,1.6000
47.6374,496,1.6000
47.6418,495,1.5968
47.6461,496,1.6000
47.6504,497,1.6032
47.6547,497,1.6032
47.6591,497,1.6032
47.6634,497,1.6032
47.6677,497,1.6032
47.6721,497,1.6032
47.6764,497,1.6032
47.6808,498,1.6065
47.6852,499,1.6097
47.6895,499,1.6097
47.6938,500,1.6129
47.6981,500,1.6129
47.7024,499,1.6097
47.7067,500,1.6129
47.7110,501,1.6161
47.7153,500,1.6129
47.7196,499,1.6097
47.7239,500,1.6129
47.7282,501,1.6161
47.7325,502,1.6194
47.7368,503,1.6226
47.7411,503,1.6226
47.7454,504,1.6258
47.7497,510,1.6452
47.7539,516,1.6645
47.7582,523,1.6871
47.7625,528,1.7032
47.7668,535,1.7258
47.7711,541,1.7452
47.7754,548,1.7677
47.7797,555,1.7903
47.7840,560,1.8065
47.7884,565,1.8226
47.7927,569,1.8355
47.7972,573,1.8484
47.8016,576,1.8581
47.8060,579,1.8677
47.8103,581,1.8742
47.8147,583,1.8806
47.8190,584,1.8839
47.8233,582,1.8774
47.8277,581,1.8742
47.8320,579,1.8677
47.8363,575,1.8548
47.8407,570,1.8387
47.8450,565,1.8226
47.8494,560,1.8065
47.8537,553,1.7839
47.8580,549,1.7710
47.8623,543,1.7516
47.8667,536,1.7290
47.8710,531,1.7129
47.8753,523,1.6871
47.8797,516,1.6645
47.8840,509,1.6419
47.8883,502,1.6194
47.8926,495,1.5968
47.8969,488,1.5742
47.9013,482,1.5548
47.9055,479,1.5452
47.9099,479,1.5452
47.9141,478,1.5419
47.9184,480,1.5484
47.9227,482,1.5548
47.9270,483,1.5581
47.9313,483,1.5581
47.9356,483,1.5581
47.9399,484,1.5613
47.9442,485,1.5645
47.9485,487,1.5710
47.9528,488,1.5742
47.9571,489,1.5774
47.9614,488,1.5742
47.9657,489,1.5774
47.9700,488,1.5742
47.9743,489,1.5774
47.9786,489,1.5774
47.9828,490,1.5806
47.9871,492,1.5871
47.9915,492,1.5871
47.9958,492,1.5871
48.0002,492,1.5871
48.0045,493,1.5903
48.0088,494,1.5935
48.0132,495,1.5968
48.0175,495,1.5968
48.0218,494,1.5935
48.0261,496,1.6000
48.0304,496,1.6000
48.0347,498,1.6065
48.0390,498,1.6065
48.0433,498,1.6065
48.0476,498,1.6065
48.0519,499,1.6097
48.0562,500,1.6129
48.0604,500,1.6129
48.0647,500,1.6129
48.0690,501,1.6161
48.0733,501,1.6161
48.0776,501,1.6161
48.0819,502,1.6194
48.0862,502,1.6194
48.0905,503,1.6226
48.0949,503,1.6226
48.0993,502,1.6194
48.1037,502,1.6194
48.1080,504,1.6258
48.1123,503,1.6226
48.1166,503,1.6226
48.1209,504,1.6258
48.1252,505,1.6290
48.1295,505,1.6290
48.1338,504,1.6258
48.1381,504,1.6258
48.1424,505,1.6290
48.1467,507,1.6355
48.1510,507,1.6355
48.1553,507,1.6355
48.1596,506,1.6323
48.1639,507,1.6355
48.1681,507,1.6355
48.1724,508,1.6387
48.1768,509,1.6419
48.1811,508,1.6387
48.1855,509,1.6419
48.1898,509,1.6419
48.1941,510,1.6452
48.1984,510,1.6452
48.2027,510,1.6452
48.2070,510,1.6452
48.2113,510,1.6452
48.2156,510,1.6452
48.2199,510,1.6452
48.2243,509,1.6419
48.2286,509,1.6419
48.2329,510,1.6452
48.2372,511,1.6484
48.2415,512,1.6516
48.2458,512,1.6516
48.2501,511,1.6484
48.2544,511,1.6484
48.2587,512,1.6516
48.2630,512,1.6516
48.2673,513,1.6548
48.2716,514,1.6581
48.2758,513,1.6548
48.2802,514,1.6581
48.2844,513,1.6548
48.2887,514,1.6581
48.2930,513,1.6548
48.2976,514,1.6581
48.3019,514,1.6581
48.3062,513,1.6548
48.3106,514,1.6581
48.3155,514,1.6581
48.3199,514,1.6581
48.3242,514,1.6581
48.3286,513,1.6548
48.3329,514,1.6581
48.3372,514,1.6581
48.3416,514,1.6581
48.3459,514,1.6581
48.3502,515,1.6613
48.3546,513,1.6548
48.3589,514,1.6581
48.3632,515,1.6613
48.3676,516,1.6645
48.3719,516,1.6645
48.3762,516,1.6645
48.3806,515,1.6613
48.3849,516,1.6645
48.3892,516,1.6645
48.3936,517,1.6677
48.3979,518,1.6710
48.4022,520,1.6774
48.4065,519,1.6742
48.4108,520,1.6774
48.4151,519,1.6742
48.4194,518,1.6710
48.4238,520,1.6774
48.4281,519,1.6742
48.4323,519,1.6742
48.4366,518,1.6710
48.4409,519,1.6742
48.4452,518,1.6710
48.4495,518,1.6710
48.4538,520,1.6774
48.4581,519,1.6742
48.4624,519,1.6742
48.4667,520,1.6774
48.4710,519,1.6742
48.4753,519,1.6742
48.4796,520,1.6774
48.4839,520,1.6774
48.4882,521,1.6806
48.4925,520,1.6774
48.4968,520,1.6774
48.5011,518,1.6710
48.5055,519,1.6742
48.5098,519,1.6742
48.5141,520,1.6774
48.5185,520,1.6774
48.5228,518,1.6710
48.5272,518,1.6710
48.5315,519,1.6742
48.5358,520,1.6774
48.5401,520,1.6774
48.5445,520,1.6774
48.5488,519,1.6742
48.5531,519,1.6742
48.5575,520,1.6774
48.5618,521,1.6806
48.5662,521,1.6806
48.5705,521,1.6806
48.5748,519,1.6742
48.5792,519,1.6742
48.5835,518,1.6710
48.5880,518,1.6710
48.5923,520,1.6774
48.5967,520,1.6774
48.6010,520,1.6774
48.6053,519,1.6742
48.6096,519,1.6742
48.6139,520,1.6774
48.6181,520,1.6774
48.6224,520,1.6774
48.6267,520,1.6774
48.6310,522,1.6839
48.6353,521,1.6806
48.6396,520,1.6774
48.6439,520,1.6774
48.6482,520,1.6774
48.6525,522,1.6839
48.6568,522,1.6839
48.6611,522,1.6839
48.6654,522,1.6839
48.6697,521,1.6806
48.6740,520,1.6774
48.6782,521,1.6806
48.6825,522,1.6839
48.6868,522,1.6839
48.6912,523,1.6871
48.6956,522,1.6839
48.7000,522,1.6839
48.7045,521,1.6806
48.7088,522,1.6839
48.7131,522,1.6839
48.7176,523,1.6871
48.7219,523,1.6871
48.7262,521,1.6806
48.7306,523,1.6871
48.7349,523,1.6871
48.7392,521,1.6806
48.7436,521,1.6806
48.7479,520,1.6774
48.7523,521,1.6806
48.7566,522,1.6839
48.7609,521,1.6806
48.7652,521,1.6806
48.7696,521,1.6806
48.7739,521,1.6806
48.7782,520,1.6774
48.7826,521,1.6806
48.7869,520,1.6774
48.7912,521,1.6806
48.7956,520,1.6774
48.7999,520,1.6774
48.8042,520,1.6774
48.8085,520,1.6774
48.8128,520,1.6774
48.8171,521,1.6806
48.8214,520,1.6774
48.8257,521,1.6806
48.8299,521,1.6806
48.8343,523,1.6871
48.8386,522,1.6839
48.8428,521,1.6806
48.8471,521,1.6806
48.8514,520,1.6774
48.8557,522,1.6839
48.8600,529,1.7065
48.8643,536,1.7290
48.8686,543,1.7516
48.8729,550,1.7742
48.8772,556,1.7935
48.8815,561,1.8097
48.8858,565,1.8226
48.8901,567,1.8290
48.8944,566,1.8258
48.8987,563,1.8161
48.9031,559,1.8032
48.9075,552,1.7806
48.9118,547,1.7645
48.9161,539,1.7387
48.9205,532,1.7161
48.9248,524,1.6903
48.9291,517,1.6677
48.9334,513,1.6548
48.9378,512,1.6516
48.9421,512,1.6516
48.9464,511,1.6484
48.9508,512,1.6516
48.9551,514,1.6581
48.9594,514,1.6581
48.9638,515,1.6613
48.9681,515,1.6613
48.9724,514,1.6581
48.9767,514,1.6581
48.9811,514,1.6581
48.9854,514,1.6581
48.9897,514,1.6581
48.9941,514,1.6581
48.9986,515,1.6613
49.0030,515,1.6613
49.0073,512,1.6516
49.0116,512,1.6516
49.0159,501,1.6161
49.0202,485,1.5645
49.0245,474,1.5290
49.0288,491,1.5839
49.0331,541,1.7452
49.0374,616,1.9871
49.0417,704,2.2710
49.0460,788,2.5419
49.0503,827,2.6677
49.0546,803,2.5903
49.0589,729,2.3516
49.0632,634,2.0452
49.0675,545,1.7581
49.0718,487,1.5710
49.0761,461,1.4871
49.0804,457,1.4742
49.0847,466,1.5032
49.0890,478,1.5419
49.0933,488,1.5742
49.0976,492,1.5871
49.1019,491,1.5839
49.1063,492,1.5871
49.1106,491,1.5839
49.1149,492,1.5871
49.1192,493,1.5903
49.1236,493,1.5903
49.1279,494,1.5935
49.1323,495,1.5968
49.1366,495,1.5968
49.1409,495,1.5968
49.1453,497,1.6032
49.1496,498,1.6065
49.1539,498,1.6065
49.1583,498,1.6065
49.1626,498,1.6065
49.1669,498,1.6065
49.1712,497,1.6032
49.1756,497,1.6032
49.1799,497,1.6032
49.1842,497,1.6032
49.1886,499,1.6097
49.1929,500,1.6129
49.1973,500,1.6129
49.2017,500,1.6129
49.2060,500,1.6129
49.2103,500,1.6129
49.2146,500,1.6129
49.2189,498,1.6065
49.2231,498,1.6065
49.2275,500,1.6129
49.2318,501,1.6161
49.2361,502,1.6194
49.2404,502,1.6194
49.2447,503,1.6226
49.2490,505,1.6290
49.2533,508,1.6387
49.2576,513,1.6548
49.2619,521,1.6806
49.2662,527,1.7000
49.2705,534,1.7226
49.2747,540,1.7419
49.2790,547,1.7645
49.2833,553,1.7839
49.2876,559,1.8032
49.2919,564,1.8194
49.2962,569,1.8355
49.3005,572,1.8452
49.3049,576,1.8581
49.3092,579,1.8677
49.3135,580,1.8710
49.3179,582,1.8774
49.3222,581,1.8742
49.3265,581,1.8742
49.3309,580,1.8710
49.3352,580,1.8710
49.3395,576,1.8581
49.3438,573,1.8484
49.3482,567,1.8290
49.3525,562,1.8129
49.3569,557,1.7968
49.3612,551,1.7774
49.3655,546,1.7613
49.3698,540,1.7419
49.3742,533,1.7194
49.3785,524,1.6903
49.3828,516,1.6645
49.3871,509,1.6419
49.3915,502,1.6194
49.3958,495,1.5968
49.4001,489,1.5774
49.4045,484,1.5613
49.4088,480,1.5484
49.4131,480,1.5484
49.4174,481,1.5516
49.4217,482,1.5548
49.4260,482,1.5548
49.4303,484,1.5613
49.4346,485,1.5645
49.4389,486,1.5677
49.4432,486,1.5677
49.4475,486,1.5677
49.4518,487,1.5710
49.4561,487,1.5710
49.4604,487,1.5710
49.4647,487,1.5710
49.4690,488,1.5742
49.4733,489,1.5774
49.4776,489,1.5774
49.4819,490,1.5806
49.4862,490,1.5806
49.4905,491,1.5839
49.4948,490,1.5806
49.4991,491,1.5839
49.5034,492,1.5871
49.5077,492,1.5871
49.5120,493,1.5903
49.5164,494,1.5935
49.5207,494,1.5935
49.5250,494,1.5935
49.5294,495,1.5968
49.5337,495,1.5968
49.5380,495,1.5968
49.5424,495,1.5968
49.5467,494,1.5935
49.5510,496,1.6000
49.5554,497,1.6032
49.5597,498,1.6065
49.5640,497,1.6032
49.5683,499,1.6097
49.5727,499,1.6097
49.5770,501,1.6161
49.5813,500,1.6129
49.5857,500,1.6129
49.5900,502,1.6194
49.5943,503,1.6226
49.5988,504,1.6258
49.6032,504,1.6258
49.6076,504,1.6258
49.6119,505,1.6290
49.6162,504,1.6258
49.6205,504,1.6258
49.6248,504,1.6258
49.6291,505,1.6290
49.6334,506,1.6323
49.6377,506,1.6323
49.6420,506,1.6323
49.6463,505,1.6290
49.6506,506,1.6323
49.6549,505,1.6290
49.6592,506,1.6323
49.6635,506,1.6323
49.6678,506,1.6323
49.6721,507,1.6355
49.6764,507,1.6355
49.6807,508,1.6387
49.6850,507,1.6355
49.6893,507,1.6355
49.6936,508,1.6387
49.6979,509,1.6419
49.7023,509,1.6419
49.7066,507,1.6355
49.7109,508,1.6387
49.7152,510,1.6452
49.7196,510,1.6452
49.7239,509,1.6419
49.7282,510,1.6452
49.7326,510,1.6452
49.7369,510,1.6452
49.7412,509,1.6419
49.7456,510,1.6452
49.7499,509,1.6419
49.7542,509,1.6419
49.7585,510,1.6452
49.7629,511,1.6484
49.7672,511,1.6484
49.7715,512,1.6516
49.7759,512,1.6516
49.7802,512,1.6516
49.7845,513,1.6548
49.7889,512,1.6516
49.7932,513,1.6548
49.7975,513,1.6548
49.8019,513,1.6548
49.8062,513,1.6548
49.8105,514,1.6581
49.8148,515,1.6613
49.8191,515,1.6613
49.8234,514,1.6581
49.8277,513,1.6548
49.8320,515,1.6613
49.8363,515,1.6613
49.8406,517,1.6677
49.8449,516,1.6645
49.8492,517,1.6677
49.8535,517,1.6677
49.8578,517,1.6677
49.8621,516,1.6645
49.8664,516,1.6645
49.8707,516,1.6645
49.8750,518,1.6710
49.8793,518,1.6710
49.8836,516,1.6645
49.8879,517,1.6677
49.8922,517,1.6677
49.8966,518,1.6710
49.9009,518,1.6710
49.9053,518,1.6710
49.9096,518,1.6710
49.9140,518,1.6710
49.9183,519,1.6742
49.9226,519,1.6742
49.9270,518,1.6710
49.9313,520,1.6774
49.9356,520,1.6774
49.9400,519,1.6742
49.9443,518,1.6710
49.9486,519,1.6742
49.9529,519,1.6742
49.9573,519,1.6742
49.9616,519,1.6742
49.9660,519,1.6742
49.9704,520,1.6774
49.9747,520,1.6774
49.9790,520,1.6774
49.9833,520,1.6774
49.9877,518,1.6710
49.9920,519,1.6742
49.9963,519,1.6742
50.0006,518,1.6710
50.0051,519,1.6742
50.0094,520,1.6774
50.0138,519,1.6742
50.0180,521,1.6806
50.0223,520,1.6774
50.0266,520,1.6774
50.0310,520,1.6774
50.0353,519,1.6742
50.0400,519,1.6742
50.0450,520,1.6774
50.0535,520,1.6774
50.0580,521,1.6806
50.0626,520,1.6774
50.0672,519,1.6742
50.0717,520,1.6774
50.0760,520,1.6774
50.0803,520,1.6774
50.0855,521,1.6806
50.0898,519,1.6742
50.0979,520,1.6774
50.1023,521,1.6806
50.1068,521,1.6806
50.1113,523,1.6871
50.1155,522,1.6839
50.1198,523,1.6871
50.1241,523,1.6871
50.1284,523,1.6871
50.1327,522,1.6839
50.1369,520,1.6774
50.1412,520,1.6774
50.1455,519,1.6742
50.1498,520,1.6774
50.1541,520,1.6774
50.1583,521,1.6806
50.1626,521,1.6806
50.1669,521,1.6806
50.1712,521,1.6806
50.1755,520,1.6774
50.1798,520,1.6774
50.1840,520,1.6774
50.1883,521,1.6806
50.1926,521,1.6806
50.1969,522,1.6839
50.2011,522,1.6839
50.2055,521,1.6806
50.2098,520,1.6774
50.2142,522,1.6839
50.2185,521,1.6806
50.2227,520,1.6774
50.2271,521,1.6806
50.2314,521,1.6806
50.2357,522,1.6839
50.2400,522,1.6839
50.2443,523,1.6871
50.2486,524,1.6903
50.2529,523,1.6871
50.2572,521,1.6806
50.2615,522,1.6839
50.2659,521,1.6806
50.2704,522,1.6839
50.2747,522,1.6839
50.2790,522,1.6839
50.2833,522,1.6839
50.2876,521,1.6806
50.2919,521,1.6806
50.2962,521,1.6806
50.3005,521,1.6806
50.3048,521,1.6806
50.3091,521,1.6806
50.3135,521,1.6806
50.3178,520,1.6774
50.3221,520,1.6774
50.3264,520,1.6774
50.3307,522,1.6839
50.3350,522,1.6839
50.3394,522,1.6839
50.3437,522,1.6839
50.3480,522,1.6839
50.3525,523,1.6871
50.3569,522,1.6839
50.3612,521,1.6806
50.3655,521,1.6806
50.3698,524,1.6903
50.3741,529,1.7065
50.3784,536,1.7290
50.3827,543,1.7516
50.3870,549,1.7710
50.3913,555,1.7903
50.3956,561,1.8097
50.4000,563,1.8161
50.4043,565,1.8226
50.4086,567,1.8290
50.4129,565,1.8226
50.4172,561,1.8097
50.4216,555,1.7903
50.4259,550,1.7742
50.4302,542,1.7484
50.4346,533,1.7194
50.4389,526,1.6968
50.4432,519,1.6742
50.4476,514,1.6581
50.4519,514,1.6581
50.4562,515,1.6613
50.4605,514,1.6581
50.4648,514,1.6581
50.4691,513,1.6548
50.4734,513,1.6548
50.4777,514,1.6581
50.4821,514,1.6581
50.4864,513,1.6548
50.4908,514,1.6581
50.4951,515,1.6613
50.5005,515,1.6613
50.5049,514,1.6581
50.5093,515,1.6613
50.5136,515,1.6613
50.5179,515,1.6613
50.5223,514,1.6581
50.5266,511,1.6484
50.5309,499,1.6097
50.5352,482,1.5548
50.5395,473,1.5258
50.5438,491,1.5839
50.5481,540,1.7419
50.5524,615,1.9839
50.5567,704,2.2710
50.5617,799,2.5774
50.5660,828,2.6710
50.5703,793,2.5581
50.5746,715,2.3065
50.5790,617,1.9903
50.5834,529,1.7065
50.5877,479,1.5452
50.5920,456,1.4710
50.5963,455,1.4677
50.6006,466,1.5032
50.6049,478,1.5419
50.6092,486,1.5677
50.6135,488,1.5742
50.6178,489,1.5774
50.6221,489,1.5774
50.6265,489,1.5774
50.6308,490,1.5806
50.6351,490,1.5806
50.6394,490,1.5806
50.6438,490,1.5806
50.6481,492,1.5871
50.6524,492,1.5871
50.6567,493,1.5903
50.6613,494,1.5935
50.6656,493,1.5903
50.6699,494,1.5935
50.6742,495,1.5968
50.6785,495,1.5968
50.6828,495,1.5968
50.6871,495,1.5968
50.6914,496,1.6000
50.6957,496,1.6000
50.7000,497,1.6032
50.7049,497,1.6032
50.7092,498,1.6065
50.7135,499,1.6097
50.7178,499,1.6097
50.7221,500,1.6129
50.7265,500,1.6129
50.7308,500,1.6129
50.7351,501,1.6161
50.7394,500,1.6129
50.7437,500,1.6129
50.7480,501,1.6161
50.7523,502,1.6194
50.7566,502,1.6194
50.7609,502,1.6194
50.7652,504,1.6258
50.7696,508,1.6387
50.7739,515,1.6613
50.7782,521,1.6806
50.7825,531,1.7129
50.7868,537,1.7323
50.7911,543,1.7516
50.7955,550,1.7742
50.8000,554,1.7871
50.8044,561,1.8097
50.8088,566,1.8258
50.8131,571,1.8419
50.8174,574,1.8516
50.8217,576,1.8581
50.8261,576,1.8581
50.8304,578,1.8645
50.8347,581,1.8742
50.8390,583,1.8806
50.8434,583,1.8806
50.8477,583,1.8806
50.8519,581,1.8742
50.8562,576,1.8581
50.8605,574,1.8516
50.8647,570,1.8387
50.8690,565,1.8226
50.8733,561,1.8097
50.8776,554,1.7871
50.8818,549,1.7710
50.8861,542,1.7484
50.8904,537,1.7323
50.8947,530,1.7097
50.8989,522,1.6839
50.9032,516,1.6645
50.9075,509,1.6419
50.9118,501,1.6161
50.9161,495,1.5968
50.9203,488,1.5742
50.9246,482,1.5548
50.9289,478,1.5419
50.9331,478,1.5419
50.9375,478,1.5419
50.9417,480,1.5484
50.9460,481,1.5516
50.9503,481,1.5516
50.9546,482,1.5548
50.9588,484,1.5613
50.9631,485,1.5645
50.9674,485,1.5645
50.9717,484,1.5613
50.9760,485,1.5645
50.9802,485,1.5645
50.9845,486,1.5677
50.9888,487,1.5710
50.9930,488,1.5742
50.9973,488,1.5742
51.0015,488,1.5742
51.0058,489,1.5774
51.0101,489,1.5774
51.0143,491,1.5839
51.0186,490,1.5806
51.0229,491,1.5839
51.0272,491,1.5839
51.0315,491,1.5839
51.0358,492,1.5871
51.0400,493,1.5903
51.0443,493,1.5903
51.0486,494,1.5935
51.0528,495,1.5968
51.0571,496,1.6000
51.0614,496,1.6000
51.0657,496,1.6000
51.0700,497,1.6032
51.0743,498,1.6065
51.0785,498,1.6065
51.0828,498,1.6065
51.0871,499,1.6097
51.0914,500,1.6129
51.0957,499,1.6097
51.0999,500,1.6129
51.1042,501,1.6161
51.1085,502,1.6194
51.1128,503,1.6226
51.1171,504,1.6258
51.1214,504,1.6258
51.1257,503,1.6226
51.1300,504,1.6258
51.1343,504,1.6258
51.1386,504,1.6258
51.1429,505,1.6290
51.1471,505,1.6290
51.1514,506,1.6323
51.1557,505,1.6290
51.1600,505,1.6290
51.1643,505,1.6290
51.1686,507,1.6355
51.1729,507,1.6355
51.1772,508,1.6387
51.1814,508,1.6387
51.1858,507,1.6355
51.1901,507,1.6355
51.1944,508,1.6387
51.1987,507,1.6355
51.2029,508,1.6387
51.2072,508,1.6387
51.2115,508,1.6387
51.2158,508,1.6387
51.2201,508,1.6387
51.2244,508,1.6387
51.2287,508,1.6387
51.2330,509,1.6419
51.2373,510,1.6452
51.2416,511,1.6484
51.2459,510,1.6452
51.2502,510,1.6452
51.2545,510,1.6452
51.2588,510,1.6452
51.2630,511,1.6484
51.2673,512,1.6516
51.2716,513,1.6548
51.2759,512,1.6516
51.2802,514,1.6581
51.2845,514,1.6581
51.2887,513,1.6548
51.2930,514,1.6581
51.2973,515,1.6613
51.3016,514,1.6581
51.3059,514,1.6581
51.3102,513,1.6548
51.3145,514,1.6581
51.3188,514,1.6581
51.3232,514,1.6581
51.3276,513,1.6548
51.3318,515,1.6613
51.3361,516,1.6645
51.3405,517,1.6677
51.3448,515,1.6613
51.3490,515,1.6613
51.3533,515,1.6613
51.3576,516,1.6645
51.3620,516,1.6645
51.3666,516,1.6645
51.3709,515,1.6613
51.3752,517,1.6677
51.3796,517,1.6677
51.3838,515,1.6613
51.3881,516,1.6645
51.3924,516,1.6645
51.3969,516,1.6645
51.4014,516,1.6645
51.4059,516,1.6645
51.4101,517,1.6677
51.4145,517,1.6677
51.4188,516,1.6645
51.4232,517,1.6677
51.4275,518,1.6710
51.4318,518,1.6710
51.4360,519,1.6742
51.4403,518,1.6710
51.4446,518,1.6710
51.4488,518,1.6710
51.4531,518,1.6710
51.4574,517,1.6677
51.4617,516,1.6645
51.4659,516,1.6645
51.4702,518,1.6710
51.4745,517,1.6677
51.4788,518,1.6710
51.4830,517,1.6677
51.4873,518,1.6710
51.4916,517,1.6677
51.4958,517,1.6677
51.5001,518,1.6710
51.5045,519,1.6742
51.5087,519,1.6742
51.5130,519,1.6742
51.5174,519,1.6742
51.5216,519,1.6742
51.5260,520,1.6774
51.5302,520,1.6774
51.5345,519,1.6742
51.5387,519,1.6742
51.5430,520,1.6774
51.5472,520,1.6774
51.5515,520,1.6774
51.5557,520,1.6774
51.5600,521,1.6806
51.5642,521,1.6806
51.5685,520,1.6774
51.5727,520,1.6774
51.5770,520,1.6774
51.5812,520,1.6774
51.5855,519,1.6742
51.5897,519,1.6742
51.5940,521,1.6806
51.5982,520,1.6774
51.6025,519,1.6742
51.6068,520,1.6774
51.6110,520,1.6774
51.6153,522,1.6839
51.6195,523,1.6871
51.6239,522,1.6839
51.6282,522,1.6839
51.6325,523,1.6871
51.6367,522,1.6839
51.6410,520,1.6774
51.6454,521,1.6806
51.6496,522,1.6839
51.6539,522,1.6839
51.6582,523,1.6871
51.6625,522,1.6839
51.6668,522,1.6839
51.6710,521,1.6806
51.6754,521,1.6806
51.6796,521,1.6806
51.6839,522,1.6839
51.6883,521,1.6806
51.6926,522,1.6839
51.6970,521,1.6806
51.7014,521,1.6806
51.7058,520,1.6774
51.7102,521,1.6806
51.7145,521,1.6806
51.7188,523,1.6871
51.7231,522,1.6839
51.7275,521,1.6806
51.7317,520,1.6774
51.7360,521,1.6806
51.7402,520,1.6774
51.7445,519,1.6742
51.7487,520,1.6774
51.7530,520,1.6774
51.7572,520,1.6774
51.7614,520,1.6774
51.7657,522,1.6839
51.7699,522,1.6839
51.7742,521,1.6806
51.7784,522,1.6839
51.7826,522,1.6839
51.7869,521,1.6806
51.7911,522,1.6839
51.7954,521,1.6806
51.7996,521,1.6806
51.8039,522,1.6839
51.8081,522,1.6839
51.8124,521,1.6806
51.8166,522,1.6839
51.8209,523,1.6871
51.8252,522,1.6839
51.8295,523,1.6871
51.8338,521,1.6806
51.8381,523,1.6871
51.8424,521,1.6806
51.8467,522,1.6839
51.8509,522,1.6839
51.8552,522,1.6839
51.8595,523,1.6871
51.8644,522,1.6839
51.8687,521,1.6806
51.8730,521,1.6806
51.8773,522,1.6839
51.8816,522,1.6839
51.8858,525,1.6935
51.8901,530,1.7097
51.8944,537,1.7323
51.8987,544,1.7548
51.9029,551,1.7774
51.9072,556,1.7935
51.9115,561,1.8097
51.9158,563,1.8161
51.9201,566,1.8258
51.9244,565,1.8226
51.9287,562,1.8129
51.9330,558,1.8000
51.9373,553,1.7839
51.9415,547,1.7645
51.9458,541,1.7452
51.9501,533,1.7194
51.9544,527,1.7000
51.9587,519,1.6742
51.9629,513,1.6548
51.9672,511,1.6484
51.9715,511,1.6484
51.9758,511,1.6484
51.9801,512,1.6516
51.9844,513,1.6548
51.9886,513,1.6548
51.9929,513,1.6548
51.9972,512,1.6516
52.0015,513,1.6548
52.0058,513,1.6548
52.0100,513,1.6548
52.0143,514,1.6581
52.0186,514,1.6581
52.0230,512,1.6516
52.0274,512,1.6516
52.0317,512,1.6516
52.0360,512,1.6516
52.0403,511,1.6484
52.0446,502,1.6194
52.0488,486,1.5677
52.0531,473,1.5258
52.0574,481,1.5516
52.0617,519,1.6742
52.0660,587,1.8935
52.0703,671,2.1645
52.0746,761,2.4548
52.0789,823,2.6548
52.0832,818,2.6387
52.0875,758,2.4452
52.0917,672,2.1677
52.0961,576,1.8581
52.1003,505,1.6290
52.1046,467,1.5065
52.1089,454,1.4645
52.1132,460,1.4839
52.1175,473,1.5258
52.1218,484,1.5613
52.1262,488,1.5742
52.1305,490,1.5806
52.1347,490,1.5806
52.1390,491,1.5839
52.1433,492,1.5871
52.1476,491,1.5839
52.1519,491,1.5839
52.1562,492,1.5871
52.1605,492,1.5871
52.1647,493,1.5903
52.1690,494,1.5935
52.1733,493,1.5903
52.1776,495,1.5968
52.1819,494,1.5935
52.1862,495,1.5968
52.1905,496,1.6000
52.1947,497,1.6032
52.1990,498,1.6065
52.2033,498,1.6065
52.2076,499,1.6097
52.2119,499,1.6097
52.2161,499,1.6097
52.2204,499,1.6097
52.2247,501,1.6161
52.2290,500,1.6129
52.2333,500,1.6129
52.2376,500,1.6129
52.2418,500,1.6129
52.2461,499,1.6097
52.2504,501,1.6161
52.2546,502,1.6194
52.2589,503,1.6226
52.2632,503,1.6226
52.2675,503,1.6226
52.2718,504,1.6258
52.2761,504,1.6258
52.2804,506,1.6323
52.2847,509,1.6419
52.2890,516,1.6645
52.2933,523,1.6871
52.2985,531,1.7129
52.3029,538,1.7355
52.3073,544,1.7548
52.3116,550,1.7742
52.3158,556,1.7935
52.3202,562,1.8129
52.3245,568,1.8323
52.3288,571,1.8419
52.3331,574,1.8516
52.3373,577,1.8613
52.3416,580,1.8710
52.3459,583,1.8806
52.3501,582,1.8774
52.3544,583,1.8806
52.3586,582,1.8774
52.3629,580,1.8710
52.3671,579,1.8677
52.3713,575,1.8548
52.3756,570,1.8387
52.3799,565,1.8226
52.3841,561,1.8097
52.3884,555,1.7903
52.3926,548,1.7677
52.3969,543,1.7516
52.4012,536,1.7290
52.4054,529,1.7065
52.4097,523,1.6871
52.4139,515,1.6613
52.4182,508,1.6387
52.4225,500,1.6129
52.4267,493,1.5903
52.4310,488,1.5742
52.4353,483,1.5581
52.4396,479,1.5452
52.4439,478,1.5419
52.4482,479,1.5452
52.4525,480,1.5484
52.4568,481,1.5516
52.4611,481,1.5516
52.4654,482,1.5548
52.4697,482,1.5548
52.4739,483,1.5581
52.4782,484,1.5613
52.4825,485,1.5645
52.4868,485,1.5645
52.4911,485,1.5645
52.4954,486,1.5677
52.4997,488,1.5742
52.5040,488,1.5742
52.5082,489,1.5774
52.5125,489,1.5774
52.5168,490,1.5806
52.5211,491,1.5839
52.5255,492,1.5871
52.5298,492,1.5871
52.5340,493,1.5903
52.5384,494,1.5935
52.5427,495,1.5968
52.5469,494,1.5935
52.5512,495,1.5968
52.5555,496,1.6000
52.5598,497,1.6032
52.5641,497,1.6032
52.5684,497,1.6032
52.5727,497,1.6032
52.5769,496,1.6000
52.5812,497,1.6032
52.5855,498,1.6065
52.5898,499,1.6097
52.5941,499,1.6097
52.5986,499,1.6097
52.6030,500,1.6129
52.6074,500,1.6129
52.6117,500,1.6129
52.6160,501,1.6161
52.6203,501,1.6161
52.6246,502,1.6194
52.6289,502,1.6194
52.6332,502,1.6194
52.6375,502,1.6194
52.6418,503,1.6226
52.6460,503,1.6226
52.6503,502,1.6194
52.6546,503,1.6226
52.6588,503,1.6226
52.6631,503,1.6226
52.6673,504,1.6258
52.6716,504,1.6258
52.6758,505,1.6290
52.6801,505,1.6290
52.6843,505,1.6290
52.6886,507,1.6355
52.6929,506,1.6323
52.6971,506,1.6323
52.7014,507,1.6355
52.7057,507,1.6355
52.7100,508,1.6387
52.7142,509,1.6419
52.7185,509,1.6419
52.7227,508,1.6387
52.7270,507,1.6355
52.7313,509,1.6419
52.7356,509,1.6419
52.7399,508,1.6387
52.7442,509,1.6419
52.7484,510,1.6452
52.7527,510,1.6452
52.7570,510,1.6452
52.7613,510,1.6452
52.7655,511,1.6484
52.7698,511,1.6484
52.7741,512,1.6516
52.7784,511,1.6484
52.7827,511,1.6484
52.7870,510,1.6452
52.7913,513,1.6548
52.7956,512,1.6516
52.7998,513,1.6548
52.8041,512,1.6516
52.8084,513,1.6548
52.8127,514,1.6581
52.8170,514,1.6581
52.8213,514,1.6581
52.8256,513,1.6548
52.8299,514,1.6581
52.8342,514,1.6581
52.8385,514,1.6581
52.8428,515,1.6613
52.8471,514,1.6581
52.8514,516,1.6645
52.8557,517,1.6677
52.8600,517,1.6677
52.8643,516,1.6645
52.8686,516,1.6645
52.8729,516,1.6645
52.8772,517,1.6677
52.8815,516,1.6645
52.8858,516,1.6645
52.8901,516,1.6645
52.8943,516,1.6645
52.8986,516,1.6645
52.9030,516,1.6645
52.9073,517,1.6677
52.9116,516,1.6645
52.9158,516,1.6645
52.9201,516,1.6645
52.9244,516,1.6645
52.9288,515,1.6613
52.9331,516,1.6645
52.9374,517,1.6677
52.9417,517,1.6677
52.9460,517,1.6677
52.9503,518,1.6710
52.9546,519,1.6742
52.9589,519,1.6742
52.9632,519,1.6742
52.9676,518,1.6710
52.9719,518,1.6710
52.9761,518,1.6710
52.9804,518,1.6710
52.9847,519,1.6742
52.9890,519,1.6742
52.9933,520,1.6774
52.9976,520,1.6774
53.0019,521,1.6806
53.0062,520,1.6774
53.0105,520,1.6774
53.0147,520,1.6774
53.0190,520,1.6774
53.0235,519,1.6742
53.0278,519,1.6742
53.0321,519,1.6742
53.0364,519,1.6742
53.0407,519,1.6742
53.0450,519,1.6742
53.0493,521,1.6806
53.0536,521,1.6806
53.0579,521,1.6806
53.0622,520,1.6774
53.0665,520,1.6774
53.0708,520,1.6774
53.0751,520,1.6774
53.0793,519,1.6742
53.0837,520,1.6774
53.0879,520,1.6774
53.0922,521,1.6806
53.0965,522,1.6839
53.1008,521,1.6806
53.1051,521,1.6806
53.1094,520,1.6774
53.1136,520,1.6774
53.1179,521,1.6806
53.1222,522,1.6839
53.1265,524,1.6903
53.1309,523,1.6871
53.1352,523,1.6871
53.1395,521,1.6806
53.1438,521,1.6806
53.1481,519,1.6742
53.1524,520,1.6774
53.1566,520,1.6774
53.1609,520,1.6774
53.1652,521,1.6806
53.1695,521,1.6806
53.1738,521,1.6806
53.1781,521,1.6806
53.1824,522,1.6839
53.1867,521,1.6806
53.1910,521,1.6806
53.1955,521,1.6806
53.2032,520,1.6774
53.2077,521,1.6806
53.2121,520,1.6774
53.2164,522,1.6839
53.2208,522,1.6839
53.2252,521,1.6806
53.2295,521,1.6806
53.2338,522,1.6839
53.2382,521,1.6806
53.2425,521,1.6806
53.2469,521,1.6806
53.2512,520,1.6774
53.2554,521,1.6806
53.2597,521,1.6806
53.2640,522,1.6839
53.2684,521,1.6806
53.2727,521,1.6806
53.2770,521,1.6806
53.2815,520,1.6774
53.2859,519,1.6742
53.2902,520,1.6774
53.2945,521,1.6806
53.2988,521,1.6806
53.3031,521,1.6806
53.3075,522,1.6839
53.3118,523,1.6871
53.3161,523,1.6871
53.3204,522,1.6839
53.3247,521,1.6806
53.3290,522,1.6839
53.3337,521,1.6806
53.3380,520,1.6774
53.3423,520,1.6774
53.3466,522,1.6839
53.3510,521,1.6806
53.3553,522,1.6839
53.3596,522,1.6839
53.3639,522,1.6839
53.3682,520,1.6774
53.3725,521,1.6806
53.3768,520,1.6774
53.3811,522,1.6839
53.3854,523,1.6871
53.3897,522,1.6839
53.3940,521,1.6806
53.3983,521,1.6806
53.4026,527,1.7000
53.4069,532,1.7161
53.4112,540,1.7419
53.4155,547,1.7645
53.4198,553,1.7839
53.4241,558,1.8000
53.4284,562,1.8129
53.4328,565,1.8226
53.4371,566,1.8258
53.4414,565,1.8226
53.4461,561,1.8097
53.4504,557,1.7968
53.4547,551,1.7774
53.4590,545,1.7581
53.4633,537,1.7323
53.4676,529,1.7065
53.4719,521,1.6806
53.4762,515,1.6613
53.4805,512,1.6516
53.4851,511,1.6484
53.4894,511,1.6484
53.4938,511,1.6484
53.4983,512,1.6516
53.5027,510,1.6452
53.5079,510,1.6452
53.5123,511,1.6484
53.5166,512,1.6516
53.5209,512,1.6516
53.5252,512,1.6516
53.5295,512,1.6516
53.5339,514,1.6581
53.5382,513,1.6548
53.5425,513,1.6548
53.5468,514,1.6581
53.5511,513,1.6548
53.5555,511,1.6484
53.5598,504,1.6258
53.5641,490,1.5806
53.5684,476,1.5355
53.5727,477,1.5387
53.5770,511,1.6484
53.5813,574,1.8516
53.5859,663,2.1387
53.5902,753,2.4290
53.5945,819,2.6419
53.5988,820,2.6452
53.6031,764,2.4645
53.6075,676,2.1806
53.6118,580,1.8710
53.6161,507,1.6355
53.6204,469,1.5129
53.6247,455,1.4677
53.6290,459,1.4806
53.6336,473,1.5258
53.6380,484,1.5613
53.6424,489,1.5774
53.6467,492,1.5871
53.6510,494,1.5935
53.6558,492,1.5871
53.6601,493,1.5903
53.6644,493,1.5903
53.6687,494,1.5935
53.6730,496,1.6000
53.6773,496,1.6000
53.6816,496,1.6000
53.6859,495,1.5968
53.6902,494,1.5935
53.6945,496,1.6000
53.6989,497,1.6032
53.7032,498,1.6065
53.7075,499,1.6097
53.7118,499,1.6097
53.7161,499,1.6097
53.7204,499,1.6097
53.7247,499,1.6097
53.7290,499,1.6097
53.7333,499,1.6097
53.7377,501,1.6161
53.7420,501,1.6161
53.7463,502,1.6194
53.7506,502,1.6194
53.7549,502,1.6194
53.7592,501,1.6161
53.7635,501,1.6161
53.7678,501,1.6161
53.7721,501,1.6161
53.7764,503,1.6226
53.7807,503,1.6226
53.7850,503,1.6226
53.7893,504,1.6258
53.7936,504,1.6258
53.7980,507,1.6355
53.8023,512,1.6516
53.8066,519,1.6742
53.8109,525,1.6935
53.8152,533,1.7194
53.8195,539,1.7387
53.8238,546,1.7613
53.8281,552,1.7806
53.8324,557,1.7968
53.8367,563,1.8161
53.8411,569,1.8355
53.8454,572,1.8452
53.8497,576,1.8581
53.8540,580,1.8710
53.8583,582,1.8774
53.8626,584,1.8839
53.8669,583,1.8806
53.8712,582,1.8774
53.8755,582,1.8774
53.8803,580,1.8710
53.8846,578,1.8645
53.8889,574,1.8516
53.8933,569,1.8355
53.8976,563,1.8161
53.9019,558,1.8000
53.9062,553,1.7839
53.9105,547,1.7645
53.9148,541,1.7452
53.9191,534,1.7226
53.9235,529,1.7065
53.9278,521,1.6806
53.9321,515,1.6613
53.9363,507,1.6355
53.9407,499,1.6097
53.9450,491,1.5839
53.9493,486,1.5677
53.9536,483,1.5581
53.9579,481,1.5516
53.9622,481,1.5516
53.9665,481,1.5516
53.9708,482,1.5548
53.9751,483,1.5581
53.9794,484,1.5613
53.9838,483,1.5581
53.9880,483,1.5581
53.9928,485,1.5645
53.9971,486,1.5677
54.0014,488,1.5742
54.0057,488,1.5742
54.0100,488,1.5742
54.0143,488,1.5742
54.0187,489,1.5774
54.0233,488,1.5742
54.0276,487,1.5710
54.0318,488,1.5742
54.0361,489,1.5774
54.0404,490,1.5806
54.0447,491,1.5839
54.0489,491,1.5839
54.0531,492,1.5871
54.0574,492,1.5871
54.0616,494,1.5935
54.0659,494,1.5935
54.0702,494,1.5935
54.0744,495,1.5968
54.0786,497,1.6032
54.0829,498,1.6065
54.0872,497,1.6032
54.0914,497,1.6032
54.0958,496,1.6000
54.1002,496,1.6000
54.1046,497,1.6032
54.1090,498,1.6065
54.1132,498,1.6065
54.1175,499,1.6097
54.1223,499,1.6097
54.1266,499,1.6097
54.1308,499,1.6097
54.1351,501,1.6161
54.1397,502,1.6194
54.1440,501,1.6161
54.1483,502,1.6194
54.1526,502,1.6194
54.1568,502,1.6194
54.1611,503,1.6226
54.1654,503,1.6226
54.1697,503,1.6226
54.1740,503,1.6226
54.1782,503,1.6226
54.1825,504,1.6258
54.1868,504,1.6258
54.1911,504,1.6258
54.1954,505,1.6290
54.1996,506,1.6323
54.2040,505,1.6290
54.2083,506,1.6323
54.2126,506,1.6323
54.2169,506,1.6323
54.2211,506,1.6323
54.2254,505,1.6290
54.2297,506,1.6323
54.2339,507,1.6355
54.2382,507,1.6355
54.2425,508,1.6387
54.2468,509,1.6419
54.2511,509,1.6419
54.2553,509,1.6419
54.2596,509,1.6419
54.2639,509,1.6419
54.2681,508,1.6387
54.2724,509,1.6419
54.2766,509,1.6419
54.2809,510,1.6452
54.2853,511,1.6484
54.2895,511,1.6484
54.2938,512,1.6516
54.2981,512,1.6516
54.3024,511,1.6484
54.3067,511,1.6484
54.3109,510,1.6452
54.3152,511,1.6484
54.3195,512,1.6516
54.3237,511,1.6484
54.3280,513,1.6548
54.3322,512,1.6516
54.3365,512,1.6516
54.3408,511,1.6484
54.3450,513,1.6548
54.3493,514,1.6581
54.3536,515,1.6613
54.3579,514,1.6581
54.3622,514,1.6581
54.3665,515,1.6613
54.3707,516,1.6645
54.3751,516,1.6645
54.3793,513,1.6548
54.3836,515,1.6613
54.3879,514,1.6581
54.3923,516,1.6645
54.3967,516,1.6645
54.4011,517,1.6677
54.4055,516,1.6645
54.4098,516,1.6645
54.4142,516,1.6645
54.4185,517,1.6677
54.4228,516,1.6645
54.4272,516,1.6645
54.4315,516,1.6645
54.4359,516,1.6645
54.4402,517,1.6677
54.4445,516,1.6645
54.4488,517,1.6677
54.4531,517,1.6677
54.4575,517,1.6677
54.4618,517,1.6677
54.4661,515,1.6613
54.4704,516,1.6645
54.4747,517,1.6677
54.4790,517,1.6677
54.4833,518,1.6710
54.4876,518,1.6710
54.4919,519,1.6742
54.4962,518,1.6710
54.5006,518,1.6710
54.5049,518,1.6710
54.5092,518,1.6710
54.5135,519,1.6742
54.5178,519,1.6742
54.5221,519,1.6742
54.5264,518,1.6710
54.5312,519,1.6742
54.5355,520,1.6774
54.5398,521,1.6806
54.5441,519,1.6742
54.5484,519,1.6742
54.5527,521,1.6806
54.5570,521,1.6806
54.5613,520,1.6774
54.5656,520,1.6774
54.5699,519,1.6742
54.5742,519,1.6742
54.5785,519,1.6742
54.5828,519,1.6742
54.5871,519,1.6742
54.5914,520,1.6774
54.5957,519,1.6742
54.6001,519,1.6742
54.6044,520,1.6774
54.6087,520,1.6774
54.6132,520,1.6774
54.6175,521,1.6806
54.6218,521,1.6806
54.6261,521,1.6806
54.6304,521,1.6806
54.6347,520,1.6774
54.6391,520,1.6774
54.6434,520,1.6774
54.6477,520,1.6774
54.6520,521,1.6806
54.6563,521,1.6806
54.6606,520,1.6774
54.6649,520,1.6774
54.6692,520,1.6774
54.6735,521,1.6806
54.6778,520,1.6774
54.6822,522,1.6839
54.6865,522,1.6839
54.6907,520,1.6774
54.6953,521,1.6806
54.6996,522,1.6839
54.7039,523,1.6871
54.7082,523,1.6871
54.7125,522,1.6839
54.7168,523,1.6871
54.7211,522,1.6839
54.7254,520,1.6774
54.7297,521,1.6806
54.7340,521,1.6806
54.7383,523,1.6871
54.7426,522,1.6839
54.7469,523,1.6871
54.7513,523,1.6871
54.7556,522,1.6839
54.7599,522,1.6839
54.7642,521,1.6806
54.7685,523,1.6871
54.7728,523,1.6871
54.7773,523,1.6871
54.7816,523,1.6871
54.7859,521,1.6806
54.7902,521,1.6806
54.7945,522,1.6839
54.7988,523,1.6871
54.8032,523,1.6871
54.8075,522,1.6839
54.8118,523,1.6871
54.8161,523,1.6871
54.8204,522,1.6839
54.8247,522,1.6839
54.8290,521,1.6806
54.8333,522,1.6839
54.8376,521,1.6806
54.8419,522,1.6839
54.8462,521,1.6806
54.8506,520,1.6774
54.8549,520,1.6774
54.8592,522,1.6839
54.8635,522,1.6839
54.8678,522,1.6839
54.8721,522,1.6839
54.8764,521,1.6806
54.8807,521,1.6806
54.8850,520,1.6774
54.8893,521,1.6806
54.8936,520,1.6774
54.8979,523,1.6871
54.9022,524,1.6903
54.9065,528,1.7032
54.9108,534,1.7226
54.9151,542,1.7484
54.9194,548,1.7677
54.9243,554,1.7871
54.9286,559,1.8032
54.9329,565,1.8226
54.9372,567,1.8290
54.9415,568,1.8323
54.9459,564,1.8194
54.9506,558,1.8000
54.9549,555,1.7903
54.9592,550,1.7742
54.9635,542,1.7484
54.9679,534,1.7226
54.9722,526,1.6968
54.9765,519,1.6742
54.9813,512,1.6516
54.9856,510,1.6452
54.9899,511,1.6484
54.9942,511,1.6484
54.9987,512,1.6516
55.0031,513,1.6548
55.0076,511,1.6484
55.0119,513,1.6548
55.0161,512,1.6516
55.0204,513,1.6548
55.0247,512,1.6516
55.0291,513,1.6548
55.0334,512,1.6516
55.0377,513,1.6548
55.0419,514,1.6581
55.0463,514,1.6581
55.0517,513,1.6548
55.0562,512,1.6516
55.0607,506,1.6323
55.0653,492,1.5871
55.0699,476,1.5355
55.0744,476,1.5355
55.0788,509,1.6419
55.0831,568,1.8323
55.0875,652,2.1032
55.0918,745,2.4032
55.0961,814,2.6258
55.1004,823,2.6548
55.1048,772,2.4903
55.1092,685,2.2097
55.1134,588,1.8968
55.1177,513,1.6548
55.1220,471,1.5194
55.1263,456,1.4710
55.1307,458,1.4774
55.1349,471,1.5194
55.1392,483,1.5581
55.1435,489,1.5774
55.1479,491,1.5839
55.1523,491,1.5839
55.1566,491,1.5839
55.1609,493,1.5903
55.1652,493,1.5903
55.1694,494,1.5935
55.1737,494,1.5935
55.1780,494,1.5935
55.1822,495,1.5968
55.1865,495,1.5968
55.1908,495,1.5968
55.1951,496,1.6000
55.1993,497,1.6032
55.2036,497,1.6032
55.2079,497,1.6032
55.2122,496,1.6000
55.2164,496,1.6000
55.2207,497,1.6032
55.2250,496,1.6000
55.2292,496,1.6000
55.2335,498,1.6065
55.2378,500,1.6129
55.2421,501,1.6161
55.2463,501,1.6161
55.2506,502,1.6194
55.2550,502,1.6194
55.2593,502,1.6194
55.2636,502,1.6194
55.2680,502,1.6194
55.2723,502,1.6194
55.2767,501,1.6161
55.2810,502,1.6194
55.2853,503,1.6226
55.2896,505,1.6290
55.2941,504,1.6258
55.2986,506,1.6323
55.3031,511,1.6484
55.3076,517,1.6677
55.3120,524,1.6903
55.3164,531,1.7129
55.3208,538,1.7355
55.3251,545,1.7581
55.3295,551,1.7774
55.3339,557,1.7968
55.3382,563,1.8161
55.3426,567,1.8290
55.3469,571,1.8419
55.3512,577,1.8613
55.3556,579,1.8677
55.3598,582,1.8774
55.3641,583,1.8806
55.3684,582,1.8774
55.3727,582,1.8774
55.3770,583,1.8806
55.3813,580,1.8710
55.3856,576,1.8581
55.3899,574,1.8516
55.3942,570,1.8387
55.3985,566,1.8258
55.4028,561,1.8097
55.4106,549,1.7710
55.4151,543,1.7516
55.4195,536,1.7290
55.4238,530,1.7097
55.4281,522,1.6839
55.4324,516,1.6645
55.4367,508,1.6387
55.4410,502,1.6194
55.4453,494,1.5935
55.4496,488,1.5742
55.4539,483,1.5581
55.4582,480,1.5484
55.4625,479,1.5452
55.4668,479,1.5452
55.4711,481,1.5516
55.4754,482,1.5548
55.4797,482,1.5548
55.4840,483,1.5581
55.4883,483,1.5581
55.4926,484,1.5613
55.4970,486,1.5677
55.5013,485,1.5645
55.5056,486,1.5677
55.5099,487,1.5710
55.5142,487,1.5710
55.5185,488,1.5742
55.5228,489,1.5774
55.5271,489,1.5774
55.5314,489,1.5774
55.5357,489,1.5774
55.5400,490,1.5806
55.5443,491,1.5839
55.5486,492,1.5871
55.5529,492,1.5871
55.5572,493,1.5903
55.5615,494,1.5935
55.5658,495,1.5968
55.5701,497,1.6032
55.5744,497,1.6032
55.5787,497,1.6032
55.5830,496,1.6000
55.5873,496,1.6000
55.5916,496,1.6000
55.5959,499,1.6097
55.6002,500,1.6129
55.6045,500,1.6129
55.6088,499,1.6097
55.6131,499,1.6097
55.6174,499,1.6097
55.6217,500,1.6129
55.6261,501,1.6161
55.6303,501,1.6161
55.6346,501,1.6161
55.6389,502,1.6194
55.6433,502,1.6194
55.6476,503,1.6226
55.6519,503,1.6226
55.6562,503,1.6226
55.6605,504,1.6258
55.6648,505,1.6290
55.6691,505,1.6290
55.6734,505,1.6290
55.6777,505,1.6290
55.6820,505,1.6290
55.6863,506,1.6323
55.6906,505,1.6290
55.6949,505,1.6290
55.6992,505,1.6290
55.7035,506,1.6323
55.7078,506,1.6323
55.7121,508,1.6387
55.7164,509,1.6419
55.7207,508,1.6387
55.7251,509,1.6419
55.7293,509,1.6419
55.7336,510,1.6452
55.7379,510,1.6452
55.7423,510,1.6452
55.7466,510,1.6452
55.7508,509,1.6419
55.7551,509,1.6419
55.7594,510,1.6452
55.7638,511,1.6484
55.7681,512,1.6516
55.7723,512,1.6516
55.7766,512,1.6516
55.7809,511,1.6484
55.7853,510,1.6452
55.7895,511,1.6484
55.7938,511,1.6484
55.7981,510,1.6452
55.8024,511,1.6484
55.8068,512,1.6516
55.8111,511,1.6484
55.8154,512,1.6516
55.8197,514,1.6581
55.8241,513,1.6548
55.8284,513,1.6548
55.8326,513,1.6548
55.8369,514,1.6581
55.8412,514,1.6581
55.8455,513,1.6548
55.8498,512,1.6516
55.8541,513,1.6548
55.8584,513,1.6548
55.8627,514,1.6581
55.8671,514,1.6581
55.8713,515,1.6613
55.8756,515,1.6613
55.8799,515,1.6613
55.8843,515,1.6613
55.8886,515,1.6613
55.8929,515,1.6613
55.8972,514,1.6581
55.9017,519,1.6742
55.9061,514,1.6581
55.9105,515,1.6613
55.9148,515,1.6613
55.9191,515,1.6613
55.9234,514,1.6581
55.9277,515,1.6613
55.9320,515,1.6613
55.9363,516,1.6645
55.9406,516,1.6645
55.9449,517,1.6677
55.9492,516,1.6645
55.9535,515,1.6613
55.9578,515,1.6613
55.9621,516,1.6645
55.9664,517,1.6677
55.9707,516,1.6645
55.9750,517,1.6677
55.9793,516,1.6645
55.9836,516,1.6645
55.9879,517,1.6677
55.9922,518,1.6710
55.9965,517,1.6677
56.0008,518,1.6710
56.0051,518,1.6710
56.0094,518,1.6710
56.0137,517,1.6677
56.0181,518,1.6710
56.0224,518,1.6710
56.0267,517,1.6677
56.0310,520,1.6774
56.0353,520,1.6774
56.0396,519,1.6742
56.0438,520,1.6774
56.0481,519,1.6742
56.0525,520,1.6774
56.0567,519,1.6742
56.0611,519,1.6742
56.0654,519,1.6742
56.0697,520,1.6774
56.0740,521,1.6806
56.0782,520,1.6774
56.0825,520,1.6774
56.0868,520,1.6774
56.0911,520,1.6774
56.0954,519,1.6742
56.0997,520,1.6774
56.1040,520,1.6774
56.1083,519,1.6742
56.1126,520,1.6774
56.1169,520,1.6774
56.1212,520,1.6774
56.1255,519,1.6742
56.1298,520,1.6774
56.1341,520,1.6774
56.1384,519,1.6742
56.1427,520,1.6774
56.1470,519,1.6742
56.1513,519,1.6742
56.1556,520,1.6774
56.1599,518,1.6710
56.1643,518,1.6710
56.1686,519,1.6742
56.1729,519,1.6742
56.1773,519,1.6742
56.1816,521,1.6806
56.1859,520,1.6774
56.1903,520,1.6774
56.1947,520,1.6774
56.1991,521,1.6806
56.2036,520,1.6774
56.2080,521,1.6806
56.2124,521,1.6806
56.2169,522,1.6839
56.2212,522,1.6839
56.2255,522,1.6839
56.2299,523,1.6871
56.2342,523,1.6871
56.2386,523,1.6871
56.2429,522,1.6839
56.2472,522,1.6839
56.2516,522,1.6839
56.2560,522,1.6839
56.2604,522,1.6839
56.2647,522,1.6839
56.2690,523,1.6871
56.2733,522,1.6839
56.2776,523,1.6871
56.2819,523,1.6871
56.2862,523,1.6871
56.2905,522,1.6839
56.2948,523,1.6871
56.2991,523,1.6871
56.3034,522,1.6839
56.3077,522,1.6839
56.3120,521,1.6806
56.3163,521,1.6806
56.3206,521,1.6806
56.3249,522,1.6839
56.3292,522,1.6839
56.3335,522,1.6839
56.3378,521,1.6806
56.3421,520,1.6774
56.3464,520,1.6774
56.3507,520,1.6774
56.3550,521,1.6806
56.3593,522,1.6839
56.3636,521,1.6806
56.3680,521,1.6806
56.3723,521,1.6806
56.3766,520,1.6774
56.3810,521,1.6806
56.3853,521,1.6806
56.3896,521,1.6806
56.3940,519,1.6742
56.3983,520,1.6774
56.4026,521,1.6806
56.4070,521,1.6806
56.4113,522,1.6839
56.4156,523,1.6871
56.4200,529,1.7065
56.4244,535,1.7258
56.4287,542,1.7484
56.4330,550,1.7742
56.4373,556,1.7935
56.4417,561,1.8097
56.4460,565,1.8226
56.4504,566,1.8258
56.4547,567,1.8290
56.4590,565,1.8226
56.4634,562,1.8129
56.4677,558,1.8000
56.4720,555,1.7903
56.4763,548,1.7677
56.4806,541,1.7452
56.4849,534,1.7226
56.4892,526,1.6968
56.4934,520,1.6774
56.4977,513,1.6548
56.5020,512,1.6516
56.5063,511,1.6484
56.5106,511,1.6484
56.5149,511,1.6484
56.5192,511,1.6484
56.5236,512,1.6516
56.5279,511,1.6484
56.5322,511,1.6484
56.5365,511,1.6484
56.5407,512,1.6516
56.5451,512,1.6516
56.5493,512,1.6516
56.5536,512,1.6516
56.5579,513,1.6548
56.5622,513,1.6548
56.5666,513,1.6548
56.5709,513,1.6548
56.5753,512,1.6516
56.5796,504,1.6258
56.5840,490,1.5806
56.5883,474,1.5290
56.5926,476,1.5355
56.5969,508,1.6387
56.6013,570,1.8387
56.6056,656,2.1161
56.6100,746,2.4065
56.6143,815,2.6290
56.6186,823,2.6548
56.6230,768,2.4774
56.6274,680,2.1935
56.6317,584,1.8839
56.6361,509,1.6419
56.6404,469,1.5129
56.6447,455,1.4677
56.6491,458,1.4774
56.6534,472,1.5226
56.6577,483,1.5581
56.6620,489,1.5774
56.6664,490,1.5806
56.6707,491,1.5839
56.6750,491,1.5839
56.6793,492,1.5871
56.6835,492,1.5871
56.6879,491,1.5839
56.6921,492,1.5871
56.6964,492,1.5871
56.7014,492,1.5871
56.7057,494,1.5935
56.7100,495,1.5968
56.7143,494,1.5935
56.7186,496,1.6000
56.7229,496,1.6000
56.7272,496,1.6000
56.7315,496,1.6000
56.7358,497,1.6032
56.7400,498,1.6065
56.7443,498,1.6065
56.7485,498,1.6065
56.7528,499,1.6097
56.7571,500,1.6129
56.7613,501,1.6161
56.7656,501,1.6161
56.7699,500,1.6129
56.7742,501,1.6161
56.7785,501,1.6161
56.7828,500,1.6129
56.7871,501,1.6161
56.7914,500,1.6129
56.7957,501,1.6161
56.8001,501,1.6161
56.8045,502,1.6194
56.8090,502,1.6194
56.8133,503,1.6226
56.8177,505,1.6290
56.8220,509,1.6419
56.8263,516,1.6645
56.8305,522,1.6839
56.8349,529,1.7065
56.8391,537,1.7323
56.8434,545,1.7581
56.8477,551,1.7774
56.8520,556,1.7935
56.8563,561,1.8097
56.8606,567,1.8290
56.8649,571,1.8419
56.8692,575,1.8548
56.8734,577,1.8613
56.8777,580,1.8710
56.8820,582,1.8774
56.8862,583,1.8806
56.8904,583,1.8806
56.8947,582,1.8774
56.8990,581,1.8742
56.9032,579,1.8677
56.9076,575,1.8548
56.9118,570,1.8387
56.9161,565,1.8226
56.9204,559,1.8032
56.9246,555,1.7903
56.9289,549,1.7710
56.9332,543,1.7516
56.9374,537,1.7323
56.9417,530,1.7097
56.9460,522,1.6839
56.9502,515,1.6613
56.9545,508,1.6387
56.9588,500,1.6129
56.9631,494,1.5935
56.9674,488,1.5742
56.9717,482,1.5548
56.9761,480,1.5484
56.9804,479,1.5452
56.9847,481,1.5516
56.9889,481,1.5516
56.9933,482,1.5548
56.9976,483,1.5581
57.0019,485,1.5645
57.0062,485,1.5645
57.0105,485,1.5645
57.0148,486,1.5677
57.0192,486,1.5677
57.0235,487,1.5710
57.0277,489,1.5774
57.0320,488,1.5742
57.0363,488,1.5742
57.0406,489,1.5774
57.0448,490,1.5806
57.0491,491,1.5839
57.0534,491,1.5839
57.0577,492,1.5871
57.0620,492,1.5871
57.0663,492,1.5871
57.0706,493,1.5903
57.0749,494,1.5935
57.0792,495,1.5968
57.0835,494,1.5935
57.0878,494,1.5935
57.0921,494,1.5935
57.0964,493,1.5903
57.1009,495,1.5968
57.1052,496,1.6000
57.1097,497,1.6032
57.1140,498,1.6065
57.1183,498,1.6065
57.1227,499,1.6097
57.1270,499,1.6097
57.1314,498,1.6065
57.1357,499,1.6097
57.1401,500,1.6129
57.1444,501,1.6161
57.1487,502,1.6194
57.1531,502,1.6194
57.1574,502,1.6194
57.1618,502,1.6194
57.1661,502,1.6194
57.1704,502,1.6194
57.1747,503,1.6226
57.1796,504,1.6258
57.1840,504,1.6258
57.1883,504,1.6258
57.1926,504,1.6258
57.1969,504,1.6258
57.2012,505,1.6290
57.2054,506,1.6323
57.2097,506,1.6323
57.2140,506,1.6323
57.2183,506,1.6323
57.2229,507,1.6355
57.2271,506,1.6323
57.2314,506,1.6323
57.2357,507,1.6355
57.2400,507,1.6355
57.2443,508,1.6387
57.2486,507,1.6355
57.2529,507,1.6355
57.2572,508,1.6387
57.2615,508,1.6387
57.2659,509,1.6419
57.2701,509,1.6419
57.2745,509,1.6419
57.2788,510,1.6452
57.2831,511,1.6484
57.2874,510,1.6452
57.2917,510,1.6452
57.2960,510,1.6452
57.3003,511,1.6484
57.3046,511,1.6484
57.3089,510,1.6452
57.3132,510,1.6452
57.3175,512,1.6516
57.3218,513,1.6548
57.3262,511,1.6484
57.3304,512,1.6516
57.3347,512,1.6516
57.3390,513,1.6548
57.3433,513,1.6548
57.3476,512,1.6516
57.3519,512,1.6516
57.3562,513,1.6548
57.3605,513,1.6548
57.3648,513,1.6548
57.3691,512,1.6516
57.3734,513,1.6548
57.3778,513,1.6548
57.3821,514,1.6581
57.3864,515,1.6613
57.3908,516,1.6645
57.3951,516,1.6645
57.3994,517,1.6677
57.4037,518,1.6710
57.4081,516,1.6645
57.4124,516,1.6645
57.4167,516,1.6645
57.4211,517,1.6677
57.4255,517,1.6677
57.4298,517,1.6677
57.4341,516,1.6645
57.4385,517,1.6677
57.4428,518,1.6710
57.4471,516,1.6645
57.4514,516,1.6645
57.4558,516,1.6645
57.4601,517,1.6677
57.4644,516,1.6645
57.4688,515,1.6613
57.4731,516,1.6645
57.4774,517,1.6677
57.4817,518,1.6710
57.4860,519,1.6742
57.4903,518,1.6710
57.4946,518,1.6710
57.4989,519,1.6742
57.5032,519,1.6742
57.5075,520,1.6774
57.5118,519,1.6742
57.5161,520,1.6774
57.5204,520,1.6774
57.5247,519,1.6742
57.5290,519,1.6742
57.5333,519,1.6742
57.5376,519,1.6742
57.5419,519,1.6742
57.5462,520,1.6774
57.5505,520,1.6774
57.5548,520,1.6774
57.5591,520,1.6774
57.5634,522,1.6839
57.5677,520,1.6774
57.5720,519,1.6742
57.5763,519,1.6742
57.5807,518,1.6710
57.5850,520,1.6774
57.5893,520,1.6774
57.5937,521,1.6806
57.5980,521,1.6806
57.6023,521,1.6806
57.6066,521,1.6806
57.6110,520,1.6774
57.6153,521,1.6806
57.6196,520,1.6774
57.6240,520,1.6774
57.6283,520,1.6774
57.6327,520,1.6774
57.6370,519,1.6742
57.6413,519,1.6742
57.6456,520,1.6774
57.6500,519,1.6742
57.6543,520,1.6774
57.6586,521,1.6806
57.6629,521,1.6806
57.6673,520,1.6774
57.6716,519,1.6742
57.6759,521,1.6806
57.6802,520,1.6774
57.6845,520,1.6774
57.6888,520,1.6774
57.6931,520,1.6774
57.7006,519,1.6742
57.7051,520,1.6774
57.7095,520,1.6774
57.7138,521,1.6806
57.7181,521,1.6806
57.7224,521,1.6806
57.7268,522,1.6839
57.7311,521,1.6806
57.7354,521,1.6806
57.7397,521,1.6806
57.7440,518,1.6710
57.7482,520,1.6774
57.7525,519,1.6742
57.7568,520,1.6774
57.7611,520,1.6774
57.7654,519,1.6742
57.7697,521,1.6806
57.7740,522,1.6839
57.7783,522,1.6839
57.7826,522,1.6839
57.7869,520,1.6774
57.7912,522,1.6839
57.7955,521,1.6806
57.7998,521,1.6806
57.8041,521,1.6806
57.8084,521,1.6806
57.8126,521,1.6806
57.8169,522,1.6839
57.8212,520,1.6774
57.8255,521,1.6806
57.8298,519,1.6742
57.8341,520,1.6774
57.8385,521,1.6806
57.8428,522,1.6839
57.8470,521,1.6806
57.8513,521,1.6806
57.8556,520,1.6774
57.8599,521,1.6806
57.8642,522,1.6839
57.8685,521,1.6806
57.8728,521,1.6806
57.8771,521,1.6806
57.8815,521,1.6806
57.8858,522,1.6839
57.8901,520,1.6774
57.8944,520,1.6774
57.8988,519,1.6742
57.9032,520,1.6774
57.9075,519,1.6742
57.9119,519,1.6742
57.9162,521,1.6806
57.9205,523,1.6871
57.9249,528,1.7032
57.9292,534,1.7226
57.9336,541,1.7452
57.9379,548,1.7677
57.9422,555,1.7903
57.9466,560,1.8065
57.9509,564,1.8194
57.9552,567,1.8290
57.9595,567,1.8290
57.9639,564,1.8194
57.9682,563,1.8161
57.9726,555,1.7903
57.9769,549,1.7710
57.9813,541,1.7452
57.9856,533,1.7194
57.9899,526,1.6968
57.9952,518,1.6710
58.0007,513,1.6548
58.0052,511,1.6484
58.0095,512,1.6516
58.0138,511,1.6484
58.0181,511,1.6484
58.0224,512,1.6516
58.0267,514,1.6581
58.0310,512,1.6516
58.0353,513,1.6548
58.0396,512,1.6516
58.0439,514,1.6581
58.0482,515,1.6613
58.0525,516,1.6645
58.0568,516,1.6645
58.0611,515,1.6613
58.0654,516,1.6645
58.0697,515,1.6613
58.0740,514,1.6581
58.0783,508,1.6387
58.0826,497,1.6032
58.0869,482,1.5548
58.0912,474,1.5290
58.0955,495,1.5968
58.0998,547,1.7645
58.1041,625,2.0161
58.1084,711,2.2935
58.1127,794,2.5613
58.1169,828,2.6710
58.1213,798,2.5742
58.1256,721,2.3258
58.1299,626,2.0194
58.1342,538,1.7355
58.1385,485,1.5645
58.1428,459,1.4806
58.1471,455,1.4677
58.1514,464,1.4968
58.1557,477,1.5387
58.1599,485,1.5645
58.1642,489,1.5774
58.1685,491,1.5839
58.1728,490,1.5806
58.1771,491,1.5839
58.1815,491,1.5839
58.1858,492,1.5871
58.1902,492,1.5871
58.1945,492,1.5871
58.1988,492,1.5871
58.2031,493,1.5903
58.2076,493,1.5903
58.2119,494,1.5935
58.2162,495,1.5968
58.2206,496,1.6000
58.2249,496,1.6000
58.2292,495,1.5968
58.2336,496,1.6000
58.2379,497,1.6032
58.2422,498,1.6065
58.2466,498,1.6065
58.2509,498,1.6065
58.2552,498,1.6065
58.2596,499,1.6097
58.2639,499,1.6097
58.2682,500,1.6129
58.2725,500,1.6129
58.2769,500,1.6129
58.2812,501,1.6161
58.2855,501,1.6161
58.2898,501,1.6161
58.2941,502,1.6194
58.2984,502,1.6194
58.3027,502,1.6194
58.3069,503,1.6226
58.3113,503,1.6226
58.3155,505,1.6290
58.3198,508,1.6387
58.3241,514,1.6581
58.3284,521,1.6806
58.3327,528,1.7032
58.3370,535,1.7258
58.3413,541,1.7452
58.3456,548,1.7677
58.3499,554,1.7871
58.3542,560,1.8065
58.3585,565,1.8226
58.3628,570,1.8387
58.3671,574,1.8516
58.3714,578,1.8645
58.3757,581,1.8742
58.3800,583,1.8806
58.3843,583,1.8806
58.3886,583,1.8806
58.3930,583,1.8806
58.3973,581,1.8742
58.4016,579,1.8677
58.4060,578,1.8645
58.4103,575,1.8548
58.4146,569,1.8355
58.4189,565,1.8226
58.4233,559,1.8032
58.4276,553,1.7839
58.4320,546,1.7613
58.4363,540,1.7419
58.4406,533,1.7194
58.4450,523,1.6871
58.4493,516,1.6645
58.4536,508,1.6387
58.4579,502,1.6194
58.4623,495,1.5968
58.4666,489,1.5774
58.4709,484,1.5613
58.4752,480,1.5484
58.4796,480,1.5484
58.4839,482,1.5548
58.4881,482,1.5548
58.4924,481,1.5516
58.4967,483,1.5581
58.5010,483,1.5581
58.5053,483,1.5581
58.5096,485,1.5645
58.5139,486,1.5677
58.5182,487,1.5710
58.5225,486,1.5677
58.5268,488,1.5742
58.5311,487,1.5710
58.5354,487,1.5710
58.5397,487,1.5710
58.5440,488,1.5742
58.5483,489,1.5774
58.5526,490,1.5806
58.5569,490,1.5806
58.5612,491,1.5839
58.5654,492,1.5871
58.5697,493,1.5903
58.5740,493,1.5903
58.5784,493,1.5903
58.5827,493,1.5903
58.5871,493,1.5903
58.5916,493,1.5903
58.5959,494,1.5935
58.6016,496,1.6000
58.6060,496,1.6000
58.6104,496,1.6000
58.6148,497,1.6032
58.6191,498,1.6065
58.6235,499,1.6097
58.6278,499,1.6097
58.6321,500,1.6129
58.6365,500,1.6129
58.6408,500,1.6129
58.6451,500,1.6129
58.6495,500,1.6129
58.6538,500,1.6129
58.6581,502,1.6194
58.6625,503,1.6226
58.6668,504,1.6258
58.6711,503,1.6226
58.6755,503,1.6226
58.6798,502,1.6194
58.6842,503,1.6226
58.6885,504,1.6258
58.6927,505,1.6290
58.6970,504,1.6258
58.7013,505,1.6290
58.7056,507,1.6355
58.7099,507,1.6355
58.7142,508,1.6387
58.7185,507,1.6355
58.7228,507,1.6355
58.7271,507,1.6355
58.7314,508,1.6387
58.7357,507,1.6355
58.7400,508,1.6387
58.7443,508,1.6387
58.7486,508,1.6387
58.7529,508,1.6387
58.7572,509,1.6419
58.7615,510,1.6452
58.7658,510,1.6452
58.7701,509,1.6419
58.7744,510,1.6452
58.7786,509,1.6419
58.7830,510,1.6452
58.7873,510,1.6452
58.7916,509,1.6419
58.7960,510,1.6452
58.8003,511,1.6484
58.8046,512,1.6516
58.8090,512,1.6516
58.8133,513,1.6548
58.8176,513,1.6548
58.8219,513,1.6548
58.8263,511,1.6484
58.8306,512,1.6516
58.8350,512,1.6516
58.8393,513,1.6548
58.8437,514,1.6581
58.8480,513,1.6548
58.8523,514,1.6581
58.8566,514,1.6581
58.8610,513,1.6548
58.8653,514,1.6581
58.8696,514,1.6581
58.8740,514,1.6581
58.8783,515,1.6613
58.8826,514,1.6581
58.8870,513,1.6548
58.8913,513,1.6548
58.8957,514,1.6581
58.9009,515,1.6613
58.9053,514,1.6581
58.9096,512,1.6516
58.9139,516,1.6645
58.9182,516,1.6645
58.9225,517,1.6677
58.9268,517,1.6677
58.9311,516,1.6645
58.9353,516,1.6645
58.9396,517,1.6677
58.9439,517,1.6677
58.9482,517,1.6677
58.9525,518,1.6710
58.9571,517,1.6677
58.9613,516,1.6645
58.9656,516,1.6645
58.9700,515,1.6613
58.9742,516,1.6645
58.9785,517,1.6677
58.9834,517,1.6677
58.9877,516,1.6645
58.9920,516,1.6645
58.9962,518,1.6710
59.0005,519,1.6742
59.0047,519,1.6742
59.0090,518,1.6710
59.0133,519,1.6742
59.0176,518,1.6710
59.0218,518,1.6710
59.0261,517,1.6677
59.0304,518,1.6710
59.0346,518,1.6710
59.0389,518,1.6710
59.0431,519,1.6742
59.0474,519,1.6742
59.0517,518,1.6710
59.0560,519,1.6742
59.0602,519,1.6742
59.0645,519,1.6742
59.0688,519,1.6742
59.0730,518,1.6710
59.0773,518,1.6710
59.0816,518,1.6710
59.0858,518,1.6710
59.0902,519,1.6742
59.0945,520,1.6774
59.0988,521,1.6806
59.1031,520,1.6774
59.1073,521,1.6806
59.1117,520,1.6774
59.1160,520,1.6774
59.1202,521,1.6806
59.1245,522,1.6839
59.1288,522,1.6839
59.1332,521,1.6806
59.1375,523,1.6871
59.1418,523,1.6871
59.1462,522,1.6839
59.1504,522,1.6839
59.1547,522,1.6839
59.1590,522,1.6839
59.1633,522,1.6839
59.1676,521,1.6806
59.1719,522,1.6839
59.1762,522,1.6839
59.1805,522,1.6839
59.1848,522,1.6839
59.1891,523,1.6871
59.1935,522,1.6839
59.1978,520,1.6774
59.2021,520,1.6774
59.2064,521,1.6806
59.2107,521,1.6806
59.2150,521,1.6806
59.2194,520,1.6774
59.2238,521,1.6806
59.2281,522,1.6839
59.2324,523,1.6871
59.2368,523,1.6871
59.2411,522,1.6839
59.2454,521,1.6806
59.2497,522,1.6839
59.2540,522,1.6839
59.2583,524,1.6903
59.2626,523,1.6871
59.2669,521,1.6806
59.2712,523,1.6871
59.2755,523,1.6871
59.2798,522,1.6839
59.2841,521,1.6806
59.2884,522,1.6839
59.2927,521,1.6806
59.2970,522,1.6839
59.3013,522,1.6839
59.3056,522,1.6839
59.3099,522,1.6839
59.3142,522,1.6839
59.3185,521,1.6806
59.3230,522,1.6839
59.3273,522,1.6839
59.3316,522,1.6839
59.3359,521,1.6806
59.3402,521,1.6806
59.3445,522,1.6839
59.3488,521,1.6806
59.3531,521,1.6806
59.3575,520,1.6774
59.3618,519,1.6742
59.3661,521,1.6806
59.3704,521,1.6806
59.3747,522,1.6839
59.3790,521,1.6806
59.3833,521,1.6806
59.3876,522,1.6839
59.3919,521,1.6806
59.3962,523,1.6871
59.4005,523,1.6871
59.4048,522,1.6839
59.4091,521,1.6806
59.4134,522,1.6839
59.4177,522,1.6839
59.4220,521,1.6806
59.4263,523,1.6871
59.4306,528,1.7032
59.4349,536,1.7290
59.4392,543,1.7516
59.4435,550,1.7742
59.4478,556,1.7935
59.4521,560,1.8065
59.4564,564,1.8194
59.4607,567,1.8290
59.4651,566,1.8258
59.4694,566,1.8258
59.4737,561,1.8097
59.4779,555,1.7903
59.4823,549,1.7710
59.4866,542,1.7484
59.4908,535,1.7258
59.4952,528,1.7032
59.4995,520,1.6774
59.5045,513,1.6548
59.5090,512,1.6516
59.5133,513,1.6548
59.5177,513,1.6548
59.5220,514,1.6581
59.5264,513,1.6548
59.5307,512,1.6516
59.5350,512,1.6516
59.5394,513,1.6548
59.5437,512,1.6516
59.5481,512,1.6516
59.5524,512,1.6516
59.5567,512,1.6516
59.5611,512,1.6516
59.5654,512,1.6516
59.5697,513,1.6548
59.5741,513,1.6548
59.5784,511,1.6484
59.5827,508,1.6387
59.5871,497,1.6032
59.5914,480,1.5484
59.5958,470,1.5161
59.6001,488,1.5742
59.6044,539,1.7387
59.6087,614,1.9806
59.6130,702,2.2645
59.6173,784,2.5290
59.6216,826,2.6645
59.6259,803,2.5903
59.6302,728,2.3484
59.6345,636,2.0516
59.6388,546,1.7613
59.6431,488,1.5742
59.6475,461,1.4871
59.6518,454,1.4645
59.6561,463,1.4935
59.6604,476,1.5355
59.6647,487,1.5710
59.6690,490,1.5806
59.6733,490,1.5806
59.6776,490,1.5806
59.6819,490,1.5806
59.6862,491,1.5839
59.6905,491,1.5839
59.6948,492,1.5871
59.6991,492,1.5871
59.7034,493,1.5903
59.7077,493,1.5903
59.7120,493,1.5903
59.7163,494,1.5935
59.7206,494,1.5935
59.7249,495,1.5968
59.7292,495,1.5968
59.7335,495,1.5968
59.7378,495,1.5968
59.7421,496,1.6000
59.7464,495,1.5968
59.7507,497,1.6032
59.7550,497,1.6032
59.7593,498,1.6065
59.7636,498,1.6065
59.7679,499,1.6097
59.7722,500,1.6129
59.7765,499,1.6097
59.7807,499,1.6097
59.7850,498,1.6065
59.7893,499,1.6097
59.7936,500,1.6129
59.7980,500,1.6129
59.8034,502,1.6194
59.8078,502,1.6194
59.8123,502,1.6194
59.8166,503,1.6226
59.8209,503,1.6226
59.8253,505,1.6290
59.8305,510,1.6452
59.8348,517,1.6677
59.8391,523,1.6871
59.8435,529,1.7065
59.8478,536,1.7290
59.8522,543,1.7516
59.8565,549,1.7710
59.8609,555,1.7903
59.8652,562,1.8129
59.8695,566,1.8258
59.8739,572,1.8452
59.8782,577,1.8613
59.8826,580,1.8710
59.8869,582,1.8774
59.8913,584,1.8839
59.8958,583,1.8806
59.9002,584,1.8839
59.9044,582,1.8774
59.9087,581,1.8742
59.9131,579,1.8677
59.9174,576,1.8581
59.9217,571,1.8419
59.9260,567,1.8290
59.9303,563,1.8161
59.9346,557,1.7968
59.9389,551,1.7774
59.9432,543,1.7516
59.9476,535,1.7258
59.9519,528,1.7032
59.9562,522,1.6839
59.9605,515,1.6613
59.9648,508,1.6387
59.9691,499,1.6097
59.9734,494,1.5935
59.9777,488,1.5742
59.9820,483,1.5581
59.9863,480,1.5484
59.9908,480,1.5484
59.9951,481,1.5516
59.9994,481,1.5516
60.0037,482,1.5548
60.0080,483,1.5581
60.0123,483,1.5581
60.0166,483,1.5581
60.0209,484,1.5613
60.0252,485,1.5645
60.0295,485,1.5645
60.0338,485,1.5645
60.0381,487,1.5710
60.0424,488,1.5742
60.0472,488,1.5742
60.0520,489,1.5774
60.0564,490,1.5806
60.0609,489,1.5774
60.0653,490,1.5806
60.0697,490,1.5806
60.0742,491,1.5839
60.0786,493,1.5903
60.0830,494,1.5935
60.0872,494,1.5935
60.0915,494,1.5935
60.0957,494,1.5935
60.1000,495,1.5968
60.1042,496,1.6000
60.1084,496,1.6000
60.1126,496,1.6000
60.1169,496,1.6000
60.1211,497,1.6032
60.1254,497,1.6032
60.1296,498,1.6065
60.1338,499,1.6097
60.1381,499,1.6097
60.1423,498,1.6065
60.1465,499,1.6097
60.1507,500,1.6129
60.1550,501,1.6161
60.1592,502,1.6194
60.1635,502,1.6194
60.1677,502,1.6194
60.1719,501,1.6161
60.1761,500,1.6129
60.1803,501,1.6161
60.1846,501,1.6161
60.1888,504,1.6258
60.1930,503,1.6226
60.1973,504,1.6258
60.2016,503,1.6226
60.2059,504,1.6258
60.2102,505,1.6290
60.2144,505,1.6290
60.2187,506,1.6323
60.2230,504,1.6258
60.2275,504,1.6258
60.2317,505,1.6290
60.2360,506,1.6323
60.2403,506,1.6323
60.2446,506,1.6323
60.2489,506,1.6323
60.2532,506,1.6323
60.2575,507,1.6355
60.2618,507,1.6355
60.2661,508,1.6387
60.2703,509,1.6419
60.2746,509,1.6419
60.2789,508,1.6387
60.2832,509,1.6419
60.2875,509,1.6419
60.2918,508,1.6387
60.2961,509,1.6419
60.3004,509,1.6419
60.3047,510,1.6452
60.3090,511,1.6484
60.3133,511,1.6484
60.3176,511,1.6484
60.3218,511,1.6484
60.3262,511,1.6484
60.3305,510,1.6452
60.3348,512,1.6516
60.3390,512,1.6516
60.3433,513,1.6548
60.3476,513,1.6548
60.3519,512,1.6516
60.3562,513,1.6548
60.3605,512,1.6516
60.3647,512,1.6516
60.3690,513,1.6548
60.3733,514,1.6581
60.3776,513,1.6548
60.3819,514,1.6581
60.3861,514,1.6581
60.3904,514,1.6581
60.3947,515,1.6613
60.3990,515,1.6613
60.4034,516,1.6645
60.4078,515,1.6613
60.4122,515,1.6613
60.4165,516,1.6645
60.4208,516,1.6645
60.4251,517,1.6677
60.4294,517,1.6677
60.4337,517,1.6677
60.4379,516,1.6645
60.4422,517,1.6677
60.4465,516,1.6645
60.4508,516,1.6645
60.4551,516,1.6645
60.4594,518,1.6710
60.4637,518,1.6710
60.4680,518,1.6710
60.4723,518,1.6710
60.4766,518,1.6710
60.4809,517,1.6677
60.4852,519,1.6742
60.4895,519,1.6742
60.4938,518,1.6710
60.4981,518,1.6710
60.5024,518,1.6710
60.5067,518,1.6710
60.5111,518,1.6710
60.5154,518,1.6710
60.5197,518,1.6710
60.5241,518,1.6710
60.5284,519,1.6742
60.5327,518,1.6710
60.5371,518,1.6710
60.5414,518,1.6710
60.5457,521,1.6806
60.5500,521,1.6806
60.5544,520,1.6774
60.5587,519,1.6742
60.5631,519,1.6742
60.5674,520,1.6774
60.5718,520,1.6774
60.5761,519,1.6742
60.5804,518,1.6710
60.5847,519,1.6742
60.5891,520,1.6774
60.5934,520,1.6774
60.5977,520,1.6774
60.6021,521,1.6806
60.6064,520,1.6774
60.6107,520,1.6774
60.6150,521,1.6806
60.6193,520,1.6774
60.6236,520,1.6774
60.6279,520,1.6774
60.6321,519,1.6742
60.6364,519,1.6742
60.6407,520,1.6774
60.6450,521,1.6806
60.6493,522,1.6839
60.6536,521,1.6806
60.6579,520,1.6774
60.6622,520,1.6774
60.6665,520,1.6774
60.6708,520,1.6774
60.6751,521,1.6806
60.6794,520,1.6774
60.6837,522,1.6839
60.6880,521,1.6806
60.6922,520,1.6774
60.6966,521,1.6806
60.7011,522,1.6839
60.7055,523,1.6871
60.7099,522,1.6839
60.7143,522,1.6839
60.7187,522,1.6839
60.7230,521,1.6806
60.7312,521,1.6806
60.7356,520,1.6774
60.7400,521,1.6806
60.7443,521,1.6806
60.7487,521,1.6806
60.7530,520,1.6774
60.7573,521,1.6806
60.7617,521,1.6806
60.7660,521,1.6806
60.7703,521,1.6806
60.7746,520,1.6774
60.7790,521,1.6806
60.7833,520,1.6774
60.7876,521,1.6806
60.7920,521,1.6806
60.7963,521,1.6806
60.8007,521,1.6806
60.8051,521,1.6806
60.8094,521,1.6806
60.8137,522,1.6839
60.8180,522,1.6839
60.8223,522,1.6839
60.8266,522,1.6839
60.8309,521,1.6806
60.8352,520,1.6774
60.8396,520,1.6774
60.8439,520,1.6774
60.8482,522,1.6839
60.8525,521,1.6806
60.8568,522,1.6839
60.8611,521,1.6806
60.8654,522,1.6839
60.8697,520,1.6774
60.8740,521,1.6806
60.8783,522,1.6839
60.8826,521,1.6806
60.8869,522,1.6839
60.8912,520,1.6774
60.8954,521,1.6806
60.8997,520,1.6774
60.9040,522,1.6839
60.9084,521,1.6806
60.9127,520,1.6774
60.9170,521,1.6806
60.9214,522,1.6839
60.9257,522,1.6839
60.9301,523,1.6871
60.9344,523,1.6871
60.9387,527,1.7000
60.9431,533,1.7194
60.9474,541,1.7452
60.9518,547,1.7645
60.9561,553,1.7839
60.9604,559,1.8032
60.9648,563,1.8161
60.9691,566,1.8258
60.9734,566,1.8258
60.9778,565,1.8226
60.9821,561,1.8097
60.9864,558,1.8000
60.9907,553,1.7839
60.9951,549,1.7710
60.9994,541,1.7452
61.0037,535,1.7258
61.0081,527,1.7000
61.0124,520,1.6774
61.0167,513,1.6548
61.0210,511,1.6484
61.0253,510,1.6452
61.0296,510,1.6452
61.0339,510,1.6452
61.0382,510,1.6452
61.0425,510,1.6452
61.0468,511,1.6484
61.0511,512,1.6516
61.0553,511,1.6484
61.0596,512,1.6516
61.0639,513,1.6548
61.0682,514,1.6581
61.0725,512,1.6516
61.0768,513,1.6548
61.0811,513,1.6548
61.0854,513,1.6548
61.0897,513,1.6548
61.0940,513,1.6548
61.0983,510,1.6452
61.1026,497,1.6032
61.1069,481,1.5516
61.1112,473,1.5258
61.1156,494,1.5935
61.1199,546,1.7613
61.1242,623,2.0097
61.1286,714,2.3032
61.1329,795,2.5645
61.1372,829,2.6742
61.1415,796,2.5677
61.1459,719,2.3194
61.1502,622,2.0065
61.1545,534,1.7226
61.1589,482,1.5548
61.1632,458,1.4774
61.1675,455,1.4677
61.1719,465,1.5000
61.1762,478,1.5419
61.1805,486,1.5677
61.1848,489,1.5774
61.1892,489,1.5774
61.1935,490,1.5806
61.1978,491,1.5839
61.2022,493,1.5903
61.2065,492,1.5871
61.2108,491,1.5839
61.2151,492,1.5871
61.2194,493,1.5903
61.2237,493,1.5903
61.2280,493,1.5903
61.2323,493,1.5903
61.2366,493,1.5903
61.2409,494,1.5935
61.2452,495,1.5968
61.2494,495,1.5968
61.2538,496,1.6000
61.2580,497,1.6032
61.2623,498,1.6065
61.2666,498,1.6065
61.2709,498,1.6065
61.2752,499,1.6097
61.2795,500,1.6129
61.2838,500,1.6129
61.2881,501,1.6161
61.2924,501,1.6161
61.2967,502,1.6194
61.3011,500,1.6129
61.3055,501,1.6161
61.3099,501,1.6161
61.3142,502,1.6194
61.3185,502,1.6194
61.3227,503,1.6226
61.3270,503,1.6226
61.3313,502,1.6194
61.3357,503,1.6226
61.3400,506,1.6323
61.3443,512,1.6516
61.3486,519,1.6742
61.3529,525,1.6935
61.3572,534,1.7226
61.3615,539,1.7387
61.3657,546,1.7613
61.3700,550,1.7742
61.3743,559,1.8032
61.3786,563,1.8161
61.3829,567,1.8290
61.3872,573,1.8484
61.3915,575,1.8548
61.3958,579,1.8677
61.4001,581,1.8742
61.4044,581,1.8742
61.4087,583,1.8806
61.4130,582,1.8774
61.4174,582,1.8774
61.4217,580,1.8710
61.4261,576,1.8581
61.4304,573,1.8484
61.4348,567,1.8290
61.4391,561,1.8097
61.4434,556,1.7935
61.4477,550,1.7742
61.4521,546,1.7613
61.4564,540,1.7419
61.4607,532,1.7161
61.4651,524,1.6903
61.4694,517,1.6677
61.4737,508,1.6387
61.4781,500,1.6129
61.4824,494,1.5935
61.4867,488,1.5742
61.4911,483,1.5581
61.4954,480,1.5484
61.4997,478,1.5419
61.5041,479,1.5452
61.5084,479,1.5452
61.5127,481,1.5516
61.5170,483,1.5581
61.5213,484,1.5613
61.5256,484,1.5613
61.5299,485,1.5645
61.5341,486,1.5677
61.5385,486,1.5677
61.5427,487,1.5710
61.5470,487,1.5710
61.5513,488,1.5742
61.5556,488,1.5742
61.5599,489,1.5774
61.5642,490,1.5806
61.5685,490,1.5806
61.5728,490,1.5806
61.5771,491,1.5839
61.5814,491,1.5839
61.5857,492,1.5871
61.5900,492,1.5871
61.5942,493,1.5903
61.5986,494,1.5935
61.6030,496,1.6000
61.6074,497,1.6032
61.6118,496,1.6000
61.6161,497,1.6032
61.6204,497,1.6032
61.6247,499,1.6097
61.6290,499,1.6097
61.6333,499,1.6097
61.6376,499,1.6097
61.6419,499,1.6097
61.6462,499,1.6097
61.6504,500,1.6129
61.6547,501,1.6161
61.6590,501,1.6161
61.6633,500,1.6129
61.6676,502,1.6194
61.6719,502,1.6194
61.6762,503,1.6226
61.6805,504,1.6258
61.6848,505,1.6290
61.6891,502,1.6194
61.6934,503,1.6226
61.6976,504,1.6258
61.7020,504,1.6258
61.7063,503,1.6226
61.7106,503,1.6226
61.7150,504,1.6258
61.7193,505,1.6290
61.7237,505,1.6290
61.7280,507,1.6355
61.7323,507,1.6355
61.7367,507,1.6355
61.7410,507,1.6355
61.7453,509,1.6419
61.7497,509,1.6419
61.7540,509,1.6419
61.7583,509,1.6419
61.7627,509,1.6419
61.7670,510,1.6452
61.7713,510,1.6452
61.7757,510,1.6452
61.7800,510,1.6452
61.7843,510,1.6452
61.7887,511,1.6484
61.7930,510,1.6452
61.7973,510,1.6452
61.8016,510,1.6452
61.8060,511,1.6484
61.8103,510,1.6452
61.8146,510,1.6452
61.8189,510,1.6452
61.8232,510,1.6452
61.8276,511,1.6484
61.8319,510,1.6452
61.8362,510,1.6452
61.8404,510,1.6452
61.8448,510,1.6452
61.8490,511,1.6484
61.8533,512,1.6516
61.8576,511,1.6484
61.8619,511,1.6484
61.8662,511,1.6484
61.8705,511,1.6484
61.8748,511,1.6484
61.8791,512,1.6516
61.8834,513,1.6548
61.8877,513,1.6548
61.8920,512,1.6516
61.8963,513,1.6548
61.9005,513,1.6548
61.9049,513,1.6548
61.9092,515,1.6613
61.9135,513,1.6548
61.9179,513,1.6548
61.9222,514,1.6581
61.9266,513,1.6548
61.9309,513,1.6548
61.9352,515,1.6613
61.9396,515,1.6613
61.9439,515,1.6613
61.9482,516,1.6645
61.9525,515,1.6613
61.9569,516,1.6645
61.9612,517,1.6677
61.9656,518,1.6710
61.9699,518,1.6710
61.9742,517,1.6677
61.9785,518,1.6710
61.9829,519,1.6742
61.9872,518,1.6710
61.9915,518,1.6710
61.9958,519,1.6742
62.0002,517,1.6677
62.0045,517,1.6677
62.0088,518,1.6710
62.0132,519,1.6742
62.0175,519,1.6742
62.0218,519,1.6742
62.0261,520,1.6774
62.0304,520,1.6774
62.0347,519,1.6742
62.0390,518,1.6710
62.0433,519,1.6742
62.0476,520,1.6774
62.0519,520,1.6774
62.0562,519,1.6742
62.0605,519,1.6742
62.0648,520,1.6774
62.0691,521,1.6806
62.0734,521,1.6806
62.0777,520,1.6774
62.0820,520,1.6774
62.0863,520,1.6774
62.0906,520,1.6774
62.0949,519,1.6742
62.0992,519,1.6742
62.1034,520,1.6774
62.1077,520,1.6774
62.1120,520,1.6774
62.1164,520,1.6774
62.1207,520,1.6774
62.1250,520,1.6774
62.1294,520,1.6774
62.1337,521,1.6806
62.1380,521,1.6806
62.1423,521,1.6806
62.1467,521,1.6806
62.1510,521,1.6806
62.1553,520,1.6774
62.1597,521,1.6806
62.1640,520,1.6774
62.1683,520,1.6774
62.1727,520,1.6774
62.1770,520,1.6774
62.1813,520,1.6774
62.1856,521,1.6806
62.1900,522,1.6839
62.1943,521,1.6806
62.1987,521,1.6806
62.2031,521,1.6806
62.2076,521,1.6806
62.2120,519,1.6742
62.2164,520,1.6774
62.2207,519,1.6742
62.2249,520,1.6774
62.2292,520,1.6774
62.2335,521,1.6806
62.2378,521,1.6806
62.2421,519,1.6742
62.2464,521,1.6806
62.2507,521,1.6806
62.2550,521,1.6806
62.2593,521,1.6806
62.2636,522,1.6839
62.2679,522,1.6839
62.2722,522,1.6839
62.2765,522,1.6839
62.2808,522,1.6839
62.2851,521,1.6806
62.2894,521,1.6806
62.2937,521,1.6806
62.2980,522,1.6839
62.3023,522,1.6839
62.3065,521,1.6806
62.3108,521,1.6806
62.3151,521,1.6806
62.3195,520,1.6774
62.3238,520,1.6774
62.3282,521,1.6806
62.3325,521,1.6806
62.3368,521,1.6806
62.3411,522,1.6839
62.3455,523,1.6871
62.3498,521,1.6806
62.3541,522,1.6839
62.3585,522,1.6839
62.3628,523,1.6871
62.3671,522,1.6839
62.3714,522,1.6839
62.3758,521,1.6806
62.3801,522,1.6839
62.3844,522,1.6839
62.3888,521,1.6806
62.3931,521,1.6806
62.3975,521,1.6806
62.4018,521,1.6806
62.4061,521,1.6806
62.4104,521,1.6806
62.4148,522,1.6839
62.4191,522,1.6839
62.4234,521,1.6806
62.4277,520,1.6774
62.4320,520,1.6774
62.4363,521,1.6806
62.4406,521,1.6806
62.4449,523,1.6871
62.4492,522,1.6839
62.4535,520,1.6774
62.4578,524,1.6903
62.4621,531,1.7129
62.4663,537,1.7323
62.4706,544,1.7548
62.4749,551,1.7774
62.4792,556,1.7935
62.4835,561,1.8097
62.4878,564,1.8194
62.4921,566,1.8258
62.4964,563,1.8161
62.5014,561,1.8097
62.5059,557,1.7968
62.5103,551,1.7774
62.5147,542,1.7484
62.5191,536,1.7290
62.5234,529,1.7065
62.5277,521,1.6806
62.5320,515,1.6613
62.5363,512,1.6516
62.5406,511,1.6484
62.5449,511,1.6484
62.5492,511,1.6484
62.5535,513,1.6548
62.5579,514,1.6581
62.5622,514,1.6581
62.5665,513,1.6548
62.5708,513,1.6548
62.5751,513,1.6548
62.5794,514,1.6581
62.5837,513,1.6548
62.5880,513,1.6548
62.5923,513,1.6548
62.5966,513,1.6548
62.6009,513,1.6548
62.6052,514,1.6581
62.6095,513,1.6548
62.6138,509,1.6419
62.6182,495,1.5968
62.6225,478,1.5419
62.6269,473,1.5258
62.6311,497,1.6032
62.6355,552,1.7806
62.6398,634,2.0452
62.6441,725,2.3387
62.6484,801,2.5839
62.6527,826,2.6645
62.6570,788,2.5419
62.6613,708,2.2839
62.6659,606,1.9548
62.6703,525,1.6935
62.6745,476,1.5355
62.6789,456,1.4710
62.6832,457,1.4742
62.6875,469,1.5129
62.6918,482,1.5548
62.6961,488,1.5742
62.7004,490,1.5806
62.7047,491,1.5839
62.7090,492,1.5871
62.7133,491,1.5839
62.7176,491,1.5839
62.7220,492,1.5871
62.7263,493,1.5903
62.7306,494,1.5935
62.7349,494,1.5935
62.7392,494,1.5935
62.7435,494,1.5935
62.7478,495,1.5968
62.7521,495,1.5968
62.7564,495,1.5968
62.7607,496,1.6000
62.7650,496,1.6000
62.7693,497,1.6032
62.7736,497,1.6032
62.7779,496,1.6000
62.7822,498,1.6065
62.7866,499,1.6097
62.7908,499,1.6097
62.7951,499,1.6097
62.7995,500,1.6129
62.8039,500,1.6129
62.8082,501,1.6161
62.8124,502,1.6194
62.8173,503,1.6226
62.8217,503,1.6226
62.8260,503,1.6226
62.8303,502,1.6194
62.8346,503,1.6226
62.8389,504,1.6258
62.8432,503,1.6226
62.8476,504,1.6258
62.8519,506,1.6323
62.8562,510,1.6452
62.8610,517,1.6677
62.8653,524,1.6903
62.8696,531,1.7129
62.8739,536,1.7290
62.8782,543,1.7516
62.8825,550,1.7742
62.8869,557,1.7968
62.8911,561,1.8097
62.8954,566,1.8258
62.8997,571,1.8419
62.9041,577,1.8613
62.9084,578,1.8645
62.9127,582,1.8774
62.9170,582,1.8774
62.9213,582,1.8774
62.9263,582,1.8774
62.9306,581,1.8742
62.9349,579,1.8677
62.9392,577,1.8613
62.9435,574,1.8516
62.9478,569,1.8355
62.9521,566,1.8258
62.9564,560,1.8065
62.9607,554,1.7871
62.9650,548,1.7677
62.9693,542,1.7484
62.9737,535,1.7258
62.9779,527,1.7000
62.9822,519,1.6742
62.9865,512,1.6516
62.9909,505,1.6290
62.9952,498,1.6065
62.9995,492,1.5871
63.0038,487,1.5710
63.0081,482,1.5548
63.0124,480,1.5484
63.0167,480,1.5484
63.0210,482,1.5548
63.0254,483,1.5581
63.0297,483,1.5581
63.0340,484,1.5613
63.0383,484,1.5613
63.0426,484,1.5613
63.0469,486,1.5677
63.0512,486,1.5677
63.0555,487,1.5710
63.0598,489,1.5774
63.0641,488,1.5742
63.0684,489,1.5774
63.0731,490,1.5806
63.0775,491,1.5839
63.0818,490,1.5806
63.0861,491,1.5839
63.0904,492,1.5871
63.0947,492,1.5871
63.0991,492,1.5871
63.1035,493,1.5903
63.1079,492,1.5871
63.1123,493,1.5903
63.1166,494,1.5935
63.1209,494,1.5935
63.1252,493,1.5903
63.1296,494,1.5935
63.1339,495,1.5968
63.1382,494,1.5935
63.1425,496,1.6000
63.1470,497,1.6032
63.1513,496,1.6000
63.1556,497,1.6032
63.1599,498,1.6065
63.1642,499,1.6097
63.1685,499,1.6097
63.1729,499,1.6097
63.1772,499,1.6097
63.1815,499,1.6097
63.1858,501,1.6161
63.1901,501,1.6161
63.1945,501,1.6161
63.1988,502,1.6194
63.2030,503,1.6226
63.2074,503,1.6226
63.2117,503,1.6226
63.2160,503,1.6226
63.2203,505,1.6290
63.2247,505,1.6290
63.2290,505,1.6290
63.2333,504,1.6258
63.2376,504,1.6258
63.2420,505,1.6290
63.2463,505,1.6290
63.2506,506,1.6323
63.2550,507,1.6355
63.2593,507,1.6355
63.2635,508,1.6387
63.2678,508,1.6387
63.2721,509,1.6419
63.2765,509,1.6419
63.2808,508,1.6387
63.2851,509,1.6419
63.2894,511,1.6484
63.2942,512,1.6516
63.2985,511,1.6484
63.3028,512,1.6516
63.3071,511,1.6484
63.3114,511,1.6484
63.3157,510,1.6452
63.3201,510,1.6452
63.3249,510,1.6452
63.3292,510,1.6452
63.3335,510,1.6452
63.3379,509,1.6419
63.3422,511,1.6484
63.3464,512,1.6516
63.3512,512,1.6516
63.3555,511,1.6484
63.3598,513,1.6548
63.3641,514,1.6581
63.3684,515,1.6613
63.3727,514,1.6581
63.3771,515,1.6613
63.3814,514,1.6581
63.3857,514,1.6581
63.3899,514,1.6581
63.3942,514,1.6581
63.3986,514,1.6581
63.4031,515,1.6613
63.4075,515,1.6613
63.4126,516,1.6645
63.4170,518,1.6710
63.4215,517,1.6677
63.4258,518,1.6710
63.4301,517,1.6677
63.4344,517,1.6677
63.4388,518,1.6710
63.4431,517,1.6677
63.4474,518,1.6710
63.4517,517,1.6677
63.4560,517,1.6677
63.4603,518,1.6710
63.4646,516,1.6645
63.4689,517,1.6677
63.4732,516,1.6645
63.4781,517,1.6677
63.4824,517,1.6677
63.4867,517,1.6677
63.4910,518,1.6710
63.4953,518,1.6710
63.4996,519,1.6742
63.5039,518,1.6710
63.5082,519,1.6742
63.5125,519,1.6742
63.5168,518,1.6710
63.5212,518,1.6710
63.5255,518,1.6710
63.5298,519,1.6742
63.5341,518,1.6710
63.5384,517,1.6677
63.5427,516,1.6645
63.5470,518,1.6710
63.5513,520,1.6774
63.5557,519,1.6742
63.5600,518,1.6710
63.5643,518,1.6710
63.5686,519,1.6742
63.5729,520,1.6774
63.5772,519,1.6742
63.5815,518,1.6710
63.5858,519,1.6742
63.5901,518,1.6710
63.5944,518,1.6710
63.5987,520,1.6774
63.6030,521,1.6806
63.6073,520,1.6774
63.6116,518,1.6710
63.6159,519,1.6742
63.6202,520,1.6774
63.6246,521,1.6806
63.6289,520,1.6774
63.6332,520,1.6774
63.6375,520,1.6774
63.6419,519,1.6742
63.6462,521,1.6806
63.6505,518,1.6710
63.6547,518,1.6710
63.6590,518,1.6710
63.6634,519,1.6742
63.6677,520,1.6774
63.6720,519,1.6742
63.6763,519,1.6742
63.6806,520,1.6774
63.6849,519,1.6742
63.6892,520,1.6774
63.6935,520,1.6774
63.6978,521,1.6806
63.7027,519,1.6742
63.7070,520,1.6774
63.7113,520,1.6774
63.7155,520,1.6774
63.7198,521,1.6806
63.7242,521,1.6806
63.7286,521,1.6806
63.7328,521,1.6806
63.7371,521,1.6806
63.7414,522,1.6839
63.7458,522,1.6839
63.7501,522,1.6839
63.7544,522,1.6839
63.7586,521,1.6806
63.7629,520,1.6774
63.7673,520,1.6774
63.7716,521,1.6806
63.7759,521,1.6806
63.7802,521,1.6806
63.7845,521,1.6806
63.7888,520,1.6774
63.7931,521,1.6806
63.7974,521,1.6806
63.8017,520,1.6774
63.8061,520,1.6774
63.8103,520,1.6774
63.8146,520,1.6774
63.8189,519,1.6742
63.8233,520,1.6774
63.8277,520,1.6774
63.8320,520,1.6774
63.8363,521,1.6806
63.8406,521,1.6806
63.8454,521,1.6806
63.8497,521,1.6806
63.8540,520,1.6774
63.8583,521,1.6806
63.8626,521,1.6806
63.8669,521,1.6806
63.8712,523,1.6871
63.8755,522,1.6839
63.8798,521,1.6806
63.8841,520,1.6774
63.8885,521,1.6806
63.8928,521,1.6806
63.8970,522,1.6839
63.9013,521,1.6806
63.9056,521,1.6806
63.9100,520,1.6774
63.9143,522,1.6839
63.9185,521,1.6806
63.9229,521,1.6806
63.9272,521,1.6806
63.9315,520,1.6774
63.9358,520,1.6774
63.9401,521,1.6806
63.9444,521,1.6806
63.9488,522,1.6839
63.9530,523,1.6871
63.9574,524,1.6903
63.9617,530,1.7097
63.9660,537,1.7323
63.9703,544,1.7548
63.9746,551,1.7774
63.9789,556,1.7935
63.9832,562,1.8129
63.9875,565,1.8226
63.9918,566,1.8258
63.9962,565,1.8226
64.0008,561,1.8097
64.0052,558,1.8000
64.0097,555,1.7903
64.0140,548,1.7677
64.0183,541,1.7452
64.0226,534,1.7226
64.0269,526,1.6968
64.0312,518,1.6710
64.0355,513,1.6548
64.0398,511,1.6484
64.0441,510,1.6452
64.0484,510,1.6452
64.0527,511,1.6484
64.0570,512,1.6516
64.0613,511,1.6484
64.0657,512,1.6516
64.0700,512,1.6516
64.0743,512,1.6516
64.0786,513,1.6548
64.0828,512,1.6516
64.0871,513,1.6548
64.0913,512,1.6516
64.0956,513,1.6548
64.0999,513,1.6548
64.1042,513,1.6548
64.1085,513,1.6548
64.1127,511,1.6484
64.1170,505,1.6290
64.1213,490,1.5806
64.1256,475,1.5323
64.1299,476,1.5355
64.1342,508,1.6387
64.1385,570,1.8387
64.1428,653,2.1065
64.1471,743,2.3968
64.1514,813,2.6226
64.1557,824,2.6581
64.1600,774,2.4968
64.1643,689,2.2226
64.1686,593,1.9129
64.1729,516,1.6645
64.1772,472,1.5226
64.1815,456,1.4710
64.1858,458,1.4774
64.1901,471,1.5194
64.1944,482,1.5548
64.1987,488,1.5742
64.2030,490,1.5806
64.2073,491,1.5839
64.2115,491,1.5839
64.2158,491,1.5839
64.2201,491,1.5839
64.2244,492,1.5871
64.2287,492,1.5871
64.2330,493,1.5903
64.2373,493,1.5903
64.2416,494,1.5935
64.2458,494,1.5935
64.2501,496,1.6000
64.2544,495,1.5968
64.2586,495,1.5968
64.2629,496,1.6000
64.2671,496,1.6000
64.2714,496,1.6000
64.2760,498,1.6065
64.2803,498,1.6065
64.2846,499,1.6097
64.2889,498,1.6065
64.2931,499,1.6097
64.2982,500,1.6129
64.3034,500,1.6129
64.3078,501,1.6161
64.3121,502,1.6194
64.3164,502,1.6194
64.3207,502,1.6194
64.3249,502,1.6194
64.3292,502,1.6194
64.3334,502,1.6194
64.3377,502,1.6194
64.3420,502,1.6194
64.3462,505,1.6290
64.3505,505,1.6290
64.3548,508,1.6387
64.3591,512,1.6516
64.3633,517,1.6677
64.3676,523,1.6871
64.3719,530,1.7097
64.3762,535,1.7258
64.3804,542,1.7484
64.3847,548,1.7677
64.3890,555,1.7903
64.3932,561,1.8097
64.3976,566,1.8258
64.4018,569,1.8355
64.4061,574,1.8516
64.4104,576,1.8581
64.4146,579,1.8677
64.4189,581,1.8742
64.4232,584,1.8839
64.4275,584,1.8839
64.4318,583,1.8806
64.4361,579,1.8677
64.4404,578,1.8645
64.4447,573,1.8484
64.4490,571,1.8419
64.4533,566,1.8258
64.4576,560,1.8065
64.4619,554,1.7871
64.4662,549,1.7710
64.4705,541,1.7452
64.4748,535,1.7258
64.4791,528,1.7032
64.4834,521,1.6806
64.4876,515,1.6613
64.4919,508,1.6387
64.4962,501,1.6161
64.5005,496,1.6000
64.5048,489,1.5774
64.5091,483,1.5581
64.5134,481,1.5516
64.5177,479,1.5452
64.5220,479,1.5452
64.5263,479,1.5452
64.5306,481,1.5516
64.5349,482,1.5548
64.5392,482,1.5548
64.5435,484,1.5613
64.5478,485,1.5645
64.5521,487,1.5710
64.5564,487,1.5710
64.5607,487,1.5710
64.5649,487,1.5710
64.5692,487,1.5710
64.5735,489,1.5774
64.5778,488,1.5742
64.5821,488,1.5742
64.5864,489,1.5774
64.5907,489,1.5774
64.5950,489,1.5774
64.5993,489,1.5774
64.6036,492,1.5871
64.6079,492,1.5871
64.6122,493,1.5903
64.6165,493,1.5903
64.6208,494,1.5935
64.6251,495,1.5968
64.6295,495,1.5968
64.6338,496,1.6000
64.6380,497,1.6032
64.6423,497,1.6032
64.6466,497,1.6032
64.6510,498,1.6065
64.6553,497,1.6032
64.6596,498,1.6065
64.6639,499,1.6097
64.6682,498,1.6065
64.6724,498,1.6065
64.6767,498,1.6065
64.6810,500,1.6129
64.6854,501,1.6161
64.6897,502,1.6194
64.6939,503,1.6226
64.6982,502,1.6194
64.7026,502,1.6194
64.7068,502,1.6194
64.7111,502,1.6194
64.7154,502,1.6194
64.7197,503,1.6226
64.7241,503,1.6226
64.7284,504,1.6258
64.7327,504,1.6258
64.7369,503,1.6226
64.7413,504,1.6258
64.7455,505,1.6290
64.7498,506,1.6323
64.7541,506,1.6323
64.7584,507,1.6355
64.7627,507,1.6355
64.7670,508,1.6387
64.7713,507,1.6355
64.7756,506,1.6323
64.7800,507,1.6355
64.7843,508,1.6387
64.7886,507,1.6355
64.7929,507,1.6355
64.7972,507,1.6355
64.8015,507,1.6355
64.8058,508,1.6387
64.8101,508,1.6387
64.8144,507,1.6355
64.8187,508,1.6387
64.8230,510,1.6452
64.8273,510,1.6452
64.8317,510,1.6452
64.8359,511,1.6484
64.8403,510,1.6452
64.8446,512,1.6516
64.8489,512,1.6516
64.8532,512,1.6516
64.8575,511,1.6484
64.8618,513,1.6548
64.8661,513,1.6548
64.8704,514,1.6581
64.8747,513,1.6548
64.8790,513,1.6548
64.8833,513,1.6548
64.8876,514,1.6581
64.8919,514,1.6581
64.8962,513,1.6548
64.9005,513,1.6548
64.9049,513,1.6548
64.9093,514,1.6581
64.9137,512,1.6516
64.9180,512,1.6516
64.9224,513,1.6548
64.9267,514,1.6581
64.9311,514,1.6581
64.9354,515,1.6613
64.9397,515,1.6613
64.9440,515,1.6613
64.9483,516,1.6645
64.9526,516,1.6645
64.9569,515,1.6613
64.9612,514,1.6581
64.9655,514,1.6581
64.9698,516,1.6645
64.9741,515,1.6613
64.9784,516,1.6645
64.9827,516,1.6645
64.9870,517,1.6677
64.9913,517,1.6677
64.9956,517,1.6677
64.9999,517,1.6677
65.0042,518,1.6710
65.0085,518,1.6710
65.0128,517,1.6677
65.0171,518,1.6710
65.0215,517,1.6677
65.0258,518,1.6710
65.0301,517,1.6677
65.0344,517,1.6677
65.0388,518,1.6710
65.0431,518,1.6710
65.0474,517,1.6677
65.0517,518,1.6710
65.0561,518,1.6710
65.0606,516,1.6645
65.0651,518,1.6710
65.0696,518,1.6710
65.0742,518,1.6710
65.0788,518,1.6710
65.0832,518,1.6710
65.0875,520,1.6774
65.0918,519,1.6742
65.0961,518,1.6710
65.1004,518,1.6710
65.1046,518,1.6710
65.1089,519,1.6742
65.1132,518,1.6710
65.1175,518,1.6710
65.1218,518,1.6710
65.1260,521,1.6806
65.1303,521,1.6806
65.1346,520,1.6774
65.1388,521,1.6806
65.1431,520,1.6774
65.1473,521,1.6806
65.1515,521,1.6806
65.1558,519,1.6742
65.1600,520,1.6774
65.1642,520,1.6774
65.1685,520,1.6774
65.1727,518,1.6710
65.1770,519,1.6742
65.1812,519,1.6742
65.1855,520,1.6774
65.1897,520,1.6774
65.1941,520,1.6774
65.1983,520,1.6774
65.2027,521,1.6806
65.2070,528,1.7032
65.2114,521,1.6806
65.2157,520,1.6774
65.2199,522,1.6839
65.2241,522,1.6839
65.2283,521,1.6806
65.2326,520,1.6774
65.2369,520,1.6774
65.2413,521,1.6806
65.2455,521,1.6806
65.2498,520,1.6774
65.2541,521,1.6806
65.2584,521,1.6806
65.2627,520,1.6774
65.2670,521,1.6806
65.2712,520,1.6774
65.2756,520,1.6774
65.2799,519,1.6742
65.2842,520,1.6774
65.2884,521,1.6806
65.2927,522,1.6839
65.2970,522,1.6839
65.3013,521,1.6806
65.3056,521,1.6806
65.3099,521,1.6806
65.3142,522,1.6839
65.3186,524,1.6903
65.3229,523,1.6871
65.3271,524,1.6903
65.3314,523,1.6871
65.3357,521,1.6806
65.3401,521,1.6806
65.3444,522,1.6839
65.3487,522,1.6839
65.3530,522,1.6839
65.3574,522,1.6839
65.3617,523,1.6871
65.3660,523,1.6871
65.3703,523,1.6871
65.3746,522,1.6839
65.3790,522,1.6839
65.3832,521,1.6806
65.3876,520,1.6774
65.3919,520,1.6774
65.3962,520,1.6774
65.4005,520,1.6774
65.4048,521,1.6806
65.4092,522,1.6839
65.4135,521,1.6806
65.4178,521,1.6806
65.4221,522,1.6839
65.4264,522,1.6839
65.4307,522,1.6839
65.4350,522,1.6839
65.4394,521,1.6806
65.4437,522,1.6839
65.4479,521,1.6806
65.4522,521,1.6806
65.4564,520,1.6774
65.4607,521,1.6806
65.4650,523,1.6871
65.4693,527,1.7000
65.4735,533,1.7194
65.4778,540,1.7419
65.4821,546,1.7613
65.4864,552,1.7806
65.4907,559,1.8032
65.4950,564,1.8194
65.4993,565,1.8226
65.5036,568,1.8323
65.5078,565,1.8226
65.5121,561,1.8097
65.5164,556,1.7935
65.5207,550,1.7742
65.5249,545,1.7581
65.5292,538,1.7355
65.5334,530,1.7097
65.5377,523,1.6871
65.5420,515,1.6613
65.5463,513,1.6548
65.5505,512,1.6516
65.5548,512,1.6516
65.5591,513,1.6548
65.5634,513,1.6548
65.5677,512,1.6516
65.5720,512,1.6516
65.5763,512,1.6516
65.5806,511,1.6484
65.5849,513,1.6548
65.5892,513,1.6548
65.5935,514,1.6581
65.5978,514,1.6581
65.6021,515,1.6613
65.6064,515,1.6613
65.6107,515,1.6613
65.6150,515,1.6613
65.6193,513,1.6548
65.6236,509,1.6419
65.6279,497,1.6032
65.6322,481,1.5516
65.6366,474,1.5290
65.6409,497,1.6032
65.6452,548,1.7677
65.6495,626,2.0194
65.6538,716,2.3097
65.6581,797,2.5710
65.6624,828,2.6710
65.6668,795,2.5645
65.6711,718,2.3161
65.6754,621,2.0032
65.6797,535,1.7258
65.6840,481,1.5516
65.6883,459,1.4806
65.6927,454,1.4645
65.6970,465,1.5000
65.7013,478,1.5419
65.7056,487,1.5710
65.7099,492,1.5871
65.7142,493,1.5903
65.7185,492,1.5871
65.7228,491,1.5839
65.7271,491,1.5839
65.7314,492,1.5871
65.7357,493,1.5903
65.7400,494,1.5935
65.7443,495,1.5968
65.7486,496,1.6000
65.7528,497,1.6032
65.7571,498,1.6065
65.7613,498,1.6065
65.7656,498,1.6065
65.7699,498,1.6065
65.7742,499,1.6097
65.7784,499,1.6097
65.7827,499,1.6097
65.7870,500,1.6129
65.7912,501,1.6161
65.7955,501,1.6161
65.7998,502,1.6194
65.8042,502,1.6194
65.8086,501,1.6161
65.8129,502,1.6194
65.8172,501,1.6161
65.8214,501,1.6161
65.8257,502,1.6194
65.8300,502,1.6194
65.8342,504,1.6258
65.8385,503,1.6226
65.8429,503,1.6226
65.8472,503,1.6226
65.8515,504,1.6258
65.8557,505,1.6290
65.8600,506,1.6323
65.8642,510,1.6452
65.8685,515,1.6613
65.8728,520,1.6774
65.8771,527,1.7000
65.8813,535,1.7258
65.8856,542,1.7484
65.8899,547,1.7645
65.8942,553,1.7839
65.8984,557,1.7968
65.9027,563,1.8161
65.9070,568,1.8323
65.9113,571,1.8419
65.9155,575,1.8548
65.9198,579,1.8677
65.9240,582,1.8774
65.9283,582,1.8774
65.9326,583,1.8806
65.9369,581,1.8742
65.9412,583,1.8806
65.9455,580,1.8710
65.9498,579,1.8677
65.9541,575,1.8548
65.9585,570,1.8387
65.9627,565,1.8226
65.9670,559,1.8032
65.9714,554,1.7871
65.9757,547,1.7645
65.9800,540,1.7419
65.9843,533,1.7194
65.9886,527,1.7000
65.9929,520,1.6774
65.9972,514,1.6581
66.0015,505,1.6290
66.0058,499,1.6097
66.0101,494,1.5935
66.0144,489,1.5774
66.0188,484,1.5613
66.0231,481,1.5516
66.0275,480,1.5484
66.0319,481,1.5516
66.0362,482,1.5548
66.0467,485,1.5645
66.0511,485,1.5645
66.0554,486,1.5677
66.0597,485,1.5645
66.0639,486,1.5677
66.0682,487,1.5710
66.0725,487,1.5710
66.0767,489,1.5774
66.0810,489,1.5774
66.0852,489,1.5774
66.0895,489,1.5774
66.0938,489,1.5774
66.0981,490,1.5806
66.1025,491,1.5839
66.1069,492,1.5871
66.1112,494,1.5935
66.1155,493,1.5903
66.1198,492,1.5871
66.1240,493,1.5903
66.1283,495,1.5968
66.1326,495,1.5968
66.1369,495,1.5968
66.1412,497,1.6032
66.1455,497,1.6032
66.1498,498,1.6065
66.1541,498,1.6065
66.1584,497,1.6032
66.1627,498,1.6065
66.1670,498,1.6065
66.1712,499,1.6097
66.1756,498,1.6065
66.1798,498,1.6065
66.1841,498,1.6065
66.1884,500,1.6129
66.1927,500,1.6129
66.1970,500,1.6129
66.2013,501,1.6161
66.2056,500,1.6129
66.2099,501,1.6161
66.2142,502,1.6194
66.2185,502,1.6194
66.2228,503,1.6226
66.2271,503,1.6226
66.2313,503,1.6226
66.2357,502,1.6194
66.2400,502,1.6194
66.2443,503,1.6226
66.2486,505,1.6290
66.2529,505,1.6290
66.2571,506,1.6323
66.2614,505,1.6290
66.2657,506,1.6323
66.2699,507,1.6355
66.2742,507,1.6355
66.2784,507,1.6355
66.2827,507,1.6355
66.2870,508,1.6387
66.2912,507,1.6355
66.2955,507,1.6355
66.2998,507,1.6355
66.3041,507,1.6355
66.3083,508,1.6387
66.3126,508,1.6387
66.3169,507,1.6355
66.3212,508,1.6387
66.3254,508,1.6387
66.3297,508,1.6387
66.3340,508,1.6387
66.3382,508,1.6387
66.3426,509,1.6419
66.3470,509,1.6419
66.3512,509,1.6419
66.3555,508,1.6387
66.3599,510,1.6452
66.3642,510,1.6452
66.3685,510,1.6452
66.3728,511,1.6484
66.3771,511,1.6484
66.3814,511,1.6484
66.3857,511,1.6484
66.3900,511,1.6484
66.3943,511,1.6484
66.3987,512,1.6516
66.4030,513,1.6548
66.4073,512,1.6516
66.4116,512,1.6516
66.4159,513,1.6548
66.4202,513,1.6548
66.4245,514,1.6581
66.4288,513,1.6548
66.4331,513,1.6548
66.4374,514,1.6581
66.4418,515,1.6613
66.4461,515,1.6613
66.4504,515,1.6613
66.4546,514,1.6581
66.4589,515,1.6613
66.4632,516,1.6645
66.4675,515,1.6613
66.4718,515,1.6613
66.4760,516,1.6645
66.4803,515,1.6613
66.4846,514,1.6581
66.4889,515,1.6613
66.4931,516,1.6645
66.4974,516,1.6645
66.5018,517,1.6677
66.5060,517,1.6677
66.5103,517,1.6677
66.5146,517,1.6677
66.5189,518,1.6710
66.5231,519,1.6742
66.5274,520,1.6774
66.5317,518,1.6710
66.5359,518,1.6710
66.5401,519,1.6742
66.5445,520,1.6774
66.5488,519,1.6742
66.5531,519,1.6742
66.5574,518,1.6710
66.5617,517,1.6677
66.5660,518,1.6710
66.5703,519,1.6742
66.5746,519,1.6742
66.5789,519,1.6742
66.5833,520,1.6774
66.5876,519,1.6742
66.5919,519,1.6742
66.5962,518,1.6710
66.6005,519,1.6742
66.6049,519,1.6742
66.6092,520,1.6774
66.6135,519,1.6742
66.6178,519,1.6742
66.6221,518,1.6710
66.6264,520,1.6774
66.6307,520,1.6774
66.6350,519,1.6742
66.6393,520,1.6774
66.6437,519,1.6742
66.6480,520,1.6774
66.6524,520,1.6774
66.6566,520,1.6774
66.6609,520,1.6774
66.6652,520,1.6774
66.6695,520,1.6774
66.6738,520,1.6774
66.6780,520,1.6774
66.6823,520,1.6774
66.6866,520,1.6774
66.6909,520,1.6774
66.6952,521,1.6806
66.6995,520,1.6774
66.7039,521,1.6806
66.7083,520,1.6774
66.7127,521,1.6806
66.7170,520,1.6774
66.7213,519,1.6742
66.7256,519,1.6742
66.7299,520,1.6774
66.7342,520,1.6774
66.7385,520,1.6774
66.7428,521,1.6806
66.7471,520,1.6774
66.7514,520,1.6774
66.7557,521,1.6806
66.7600,521,1.6806
66.7643,521,1.6806
66.7686,520,1.6774
66.7729,520,1.6774
66.7772,520,1.6774
66.7815,520,1.6774
66.7858,520,1.6774
66.7901,521,1.6806
66.7944,521,1.6806
66.7987,522,1.6839
66.8030,522,1.6839
66.8073,522,1.6839
66.8116,522,1.6839
66.8159,521,1.6806
66.8202,521,1.6806
66.8245,520,1.6774
66.8288,520,1.6774
66.8331,521,1.6806
66.8375,521,1.6806
66.8417,520,1.6774
66.8461,520,1.6774
66.8505,521,1.6806
66.8548,521,1.6806
66.8591,520,1.6774
66.8634,521,1.6806
66.8677,520,1.6774
66.8720,520,1.6774
66.8763,520,1.6774
66.8806,521,1.6806
66.8849,521,1.6806
66.8891,521,1.6806
66.8935,522,1.6839
66.8978,520,1.6774
66.9021,521,1.6806
66.9064,522,1.6839
66.9107,521,1.6806
66.9150,522,1.6839
66.9193,523,1.6871
66.9236,522,1.6839
66.9279,522,1.6839
66.9322,521,1.6806
66.9365,521,1.6806
66.9408,520,1.6774
66.9451,521,1.6806
66.9494,520,1.6774
66.9537,521,1.6806
66.9580,520,1.6774
66.9623,521,1.6806
66.9666,521,1.6806
66.9709,523,1.6871
66.9752,528,1.7032
66.9795,534,1.7226
66.9838,542,1.7484
66.9881,550,1.7742
66.9924,556,1.7935
66.9967,560,1.8065
67.0010,565,1.8226
67.0055,565,1.8226
67.0099,565,1.8226
67.0143,564,1.8194
67.0186,559,1.8032
67.0228,553,1.7839
67.0271,547,1.7645
67.0314,541,1.7452
67.0358,534,1.7226
67.0400,527,1.7000
67.0443,521,1.6806
67.0486,517,1.6677
67.0529,515,1.6613
67.0573,513,1.6548
67.0616,512,1.6516
67.0658,512,1.6516
67.0701,512,1.6516
67.0745,512,1.6516
67.0787,513,1.6548
67.0830,515,1.6613
67.0873,513,1.6548
67.0917,513,1.6548
67.0960,514,1.6581
67.1003,515,1.6613
67.1046,515,1.6613
67.1089,513,1.6548
67.1132,513,1.6548
67.1175,514,1.6581
67.1218,513,1.6548
67.1261,511,1.6484
67.1304,504,1.6258
67.1347,489,1.5774
67.1390,474,1.5290
67.1433,476,1.5355
67.1476,511,1.6484
67.1519,575,1.8548
67.1562,659,2.1258
67.1605,751,2.4226
67.1648,817,2.6355
67.1691,824,2.6581
67.1734,771,2.4871
67.1777,682,2.2000
67.1820,589,1.9000
67.1863,513,1.6548
67.1906,472,1.5226
67.1949,457,1.4742
67.1992,460,1.4839
67.2036,473,1.5258
67.2078,485,1.5645
67.2121,491,1.5839
67.2165,493,1.5903
67.2208,493,1.5903
67.2251,493,1.5903
67.2294,492,1.5871
67.2337,493,1.5903
67.2380,493,1.5903
67.2423,493,1.5903
67.2466,493,1.5903
67.2509,493,1.5903
67.2552,495,1.5968
67.2595,496,1.6000
67.2638,496,1.6000
67.2681,498,1.6065
67.2724,498,1.6065
67.2767,498,1.6065
67.2810,498,1.6065
67.2854,497,1.6032
67.2897,498,1.6065
67.2939,498,1.6065
67.2983,499,1.6097
67.3026,500,1.6129
67.3069,501,1.6161
67.3112,501,1.6161
67.3154,500,1.6129
67.3198,501,1.6161
67.3241,502,1.6194
67.3284,502,1.6194
67.3327,502,1.6194
67.3369,503,1.6226
67.3413,503,1.6226
67.3456,503,1.6226
67.3499,502,1.6194
67.3542,504,1.6258
67.3585,504,1.6258
67.3629,505,1.6290
67.3671,507,1.6355
67.3714,511,1.6484
67.3757,517,1.6677
67.3801,522,1.6839
67.3844,529,1.7065
67.3887,536,1.7290
67.3930,543,1.7516
67.3973,549,1.7710
67.4016,555,1.7903
67.4059,561,1.8097
67.4102,567,1.8290
67.4145,570,1.8387
67.4188,573,1.8484
67.4231,578,1.8645
67.4274,581,1.8742
67.4317,582,1.8774
67.4360,582,1.8774
67.4403,585,1.8871
67.4447,582,1.8774
67.4489,581,1.8742
67.4532,577,1.8613
67.4576,574,1.8516
67.4619,571,1.8419
67.4662,567,1.8290
67.4705,562,1.8129
67.4748,557,1.7968
67.4791,550,1.7742
67.4834,544,1.7548
67.4877,536,1.7290
67.4920,528,1.7032
67.4963,522,1.6839
67.5006,514,1.6581
67.5049,507,1.6355
67.5092,501,1.6161
67.5135,496,1.6000
67.5178,490,1.5806
67.5221,486,1.5677
67.5264,483,1.5581
67.5307,481,1.5516
67.5350,480,1.5484
67.5393,482,1.5548
67.5436,481,1.5516
67.5479,482,1.5548
67.5522,484,1.5613
67.5565,484,1.5613
67.5608,485,1.5645
67.5651,486,1.5677
67.5694,487,1.5710
67.5737,486,1.5677
67.5780,486,1.5677
67.5823,487,1.5710
67.5866,487,1.5710
67.5909,487,1.5710
67.5952,488,1.5742
67.5996,489,1.5774
67.6040,490,1.5806
67.6085,491,1.5839
67.6129,491,1.5839
67.6172,491,1.5839
67.6215,491,1.5839
67.6258,492,1.5871
67.6301,493,1.5903
67.6344,495,1.5968
67.6387,495,1.5968
67.6430,494,1.5935
67.6474,494,1.5935
67.6517,494,1.5935
67.6561,496,1.6000
67.6604,496,1.6000
67.6647,496,1.6000
67.6691,496,1.6000
67.6734,497,1.6032
67.6776,497,1.6032
67.6819,497,1.6032
67.6863,498,1.6065
67.6906,499,1.6097
67.6949,499,1.6097
67.6992,499,1.6097
67.7035,499,1.6097
67.7078,500,1.6129
67.7121,501,1.6161
67.7164,501,1.6161
67.7207,501,1.6161
67.7250,502,1.6194
67.7293,503,1.6226
67.7336,503,1.6226
67.7379,505,1.6290
67.7422,505,1.6290
67.7465,505,1.6290
67.7508,505,1.6290
67.7551,506,1.6323
67.7594,506,1.6323
67.7637,505,1.6290
67.7680,506,1.6323
67.7723,505,1.6290
67.7766,507,1.6355
67.7809,507,1.6355
67.7852,507,1.6355
67.7895,508,1.6387
67.7938,508,1.6387
67.7981,508,1.6387
67.8024,509,1.6419
67.8067,509,1.6419
67.8114,508,1.6387
67.8157,507,1.6355
67.8200,509,1.6419
67.8243,510,1.6452
67.8287,510,1.6452
67.8330,511,1.6484
67.8373,510,1.6452
67.8416,510,1.6452
67.8459,510,1.6452
67.8502,511,1.6484
67.8545,510,1.6452
67.8588,510,1.6452
67.8631,510,1.6452
67.8675,511,1.6484
67.8718,511,1.6484
67.8761,511,1.6484
67.8804,512,1.6516
67.8847,511,1.6484
67.8890,511,1.6484
67.8933,511,1.6484
67.8976,512,1.6516
67.9020,512,1.6516
67.9064,512,1.6516
67.9108,514,1.6581
67.9152,515,1.6613
67.9195,515,1.6613
67.9238,516,1.6645
67.9281,515,1.6613
67.9324,516,1.6645
67.9367,516,1.6645
67.9410,517,1.6677
67.9453,516,1.6645
67.9496,516,1.6645
67.9539,517,1.6677
67.9582,516,1.6645
67.9625,515,1.6613
67.9668,516,1.6645
67.9711,516,1.6645
67.9755,516,1.6645
67.9797,515,1.6613
67.9840,516,1.6645
67.9883,516,1.6645
67.9926,516,1.6645
67.9969,515,1.6613
68.0012,517,1.6677
68.0055,515,1.6613
68.0099,517,1.6677
68.0142,516,1.6645
68.0185,517,1.6677
68.0228,517,1.6677
68.0271,518,1.6710
68.0314,518,1.6710
68.0357,518,1.6710
68.0400,518,1.6710
68.0443,518,1.6710
68.0486,517,1.6677
68.0529,517,1.6677
68.0572,518,1.6710
68.0615,518,1.6710
68.0658,518,1.6710
68.0701,519,1.6742
68.0744,518,1.6710
68.0788,519,1.6742
68.0830,520,1.6774
68.0873,518,1.6710
68.0916,519,1.6742
68.0960,519,1.6742
68.1002,519,1.6742
68.1045,519,1.6742
68.1088,519,1.6742
68.1131,519,1.6742
68.1175,519,1.6742
68.1218,519,1.6742
68.1261,519,1.6742
68.1304,519,1.6742
68.1347,518,1.6710
68.1390,518,1.6710
68.1433,517,1.6677
68.1476,517,1.6677
68.1519,519,1.6742
68.1562,519,1.6742
68.1605,520,1.6774
68.1648,520,1.6774
68.1691,521,1.6806
68.1734,521,1.6806
68.1777,520,1.6774
68.1820,520,1.6774
68.1863,519,1.6742
68.1906,519,1.6742
68.1949,519,1.6742
68.1992,518,1.6710
68.2035,519,1.6742
68.2078,519,1.6742
68.2121,521,1.6806
68.2164,521,1.6806
68.2207,520,1.6774
68.2250,520,1.6774
68.2293,520,1.6774
68.2336,520,1.6774
68.2379,522,1.6839
68.2422,521,1.6806
68.2465,521,1.6806
68.2508,522,1.6839
68.2551,522,1.6839
68.2594,521,1.6806
68.2637,521,1.6806
68.2680,521,1.6806
68.2723,521,1.6806
68.2766,521,1.6806
68.2809,522,1.6839
68.2852,522,1.6839
68.2895,521,1.6806
68.2938,522,1.6839
68.2981,521,1.6806
68.3024,522,1.6839
68.3067,521,1.6806
68.3110,522,1.6839
68.3153,523,1.6871
68.3197,523,1.6871
68.3239,521,1.6806
68.3282,522,1.6839
68.3325,522,1.6839
68.3367,522,1.6839
68.3410,522,1.6839
68.3453,522,1.6839
68.3495,522,1.6839
68.3537,521,1.6806
68.3580,521,1.6806
68.3624,521,1.6806
68.3667,520,1.6774
68.3710,519,1.6742
68.3753,520,1.6774
68.3796,520,1.6774
68.3839,520,1.6774
68.3882,521,1.6806
68.3925,521,1.6806
68.3971,521,1.6806
68.4015,521,1.6806
68.4057,522,1.6839
68.4100,521,1.6806
68.4143,520,1.6774
68.4187,521,1.6806
68.4230,521,1.6806
68.4273,520,1.6774
68.4316,520,1.6774
68.4359,521,1.6806
68.4402,521,1.6806
68.4446,521,1.6806
68.4488,522,1.6839
68.4531,521,1.6806
68.4576,521,1.6806
68.4629,519,1.6742
68.4672,520,1.6774
68.4714,521,1.6806
68.4757,521,1.6806
68.4800,523,1.6871
68.4843,524,1.6903
68.4886,527,1.7000
68.4928,533,1.7194
68.4971,539,1.7387
68.5014,546,1.7613
68.5068,554,1.7871
68.5112,559,1.8032
68.5155,563,1.8161
68.5198,566,1.8258
68.5242,568,1.8323
68.5285,565,1.8226
68.5329,562,1.8129
68.5372,556,1.7935
68.5415,550,1.7742
68.5458,542,1.7484
68.5501,537,1.7323
68.5544,529,1.7065
68.5587,523,1.6871
68.5630,516,1.6645
68.5674,513,1.6548
68.5717,513,1.6548
68.5760,513,1.6548
68.5803,514,1.6581
68.5846,514,1.6581
68.5889,513,1.6548
68.5932,514,1.6581
68.5975,514,1.6581
68.6018,514,1.6581
68.6062,513,1.6548
68.6105,515,1.6613
68.6148,515,1.6613
68.6191,515,1.6613
68.6234,514,1.6581
68.6277,514,1.6581
68.6320,514,1.6581
68.6363,513,1.6548
68.6406,511,1.6484
68.6449,506,1.6323
68.6492,492,1.5871
68.6535,477,1.5387
68.6578,475,1.5323
68.6621,505,1.6290
68.6664,564,1.8194
68.6707,648,2.0903
68.6750,739,2.3839
68.6793,811,2.6161
68.6836,826,2.6645
68.6879,779,2.5129
68.6922,694,2.2387
68.6965,601,1.9387
68.7008,520,1.6774
68.7051,475,1.5323
68.7094,458,1.4774
68.7137,459,1.4806
68.7180,470,1.5161
68.7223,482,1.5548
68.7266,488,1.5742
68.7309,490,1.5806
68.7352,492,1.5871
68.7395,491,1.5839
68.7438,492,1.5871
68.7481,492,1.5871
68.7524,493,1.5903
68.7567,492,1.5871
68.7610,494,1.5935
68.7653,495,1.5968
68.7696,495,1.5968
68.7739,495,1.5968
68.7782,496,1.6000
68.7825,495,1.5968
68.7868,495,1.5968
68.7911,495,1.5968
68.7954,495,1.5968
68.7997,494,1.5935
68.8041,495,1.5968
68.8085,496,1.6000
68.8129,497,1.6032
68.8172,498,1.6065
68.8215,498,1.6065
68.8258,499,1.6097
68.8301,501,1.6161
68.8344,501,1.6161
68.8387,502,1.6194
68.8430,502,1.6194
68.8473,502,1.6194
68.8516,503,1.6226
68.8559,502,1.6194
68.8602,502,1.6194
68.8645,504,1.6258
68.8689,504,1.6258
68.8732,503,1.6226
68.8775,505,1.6290
68.8817,505,1.6290
68.8860,508,1.6387
68.8902,515,1.6613
68.8945,523,1.6871
68.8988,529,1.7065
68.9030,535,1.7258
68.9072,541,1.7452
68.9115,548,1.7677
68.9158,556,1.7935
68.9201,560,1.8065
68.9244,564,1.8194
68.9286,570,1.8387
68.9328,574,1.8516
68.9372,577,1.8613
68.9414,579,1.8677
68.9457,580,1.8710
68.9499,582,1.8774
68.9542,582,1.8774
68.9584,581,1.8742
68.9627,581,1.8742
68.9670,577,1.8613
68.9713,575,1.8548
68.9755,572,1.8452
68.9798,569,1.8355
68.9840,564,1.8194
68.9883,558,1.8000
68.9926,553,1.7839
68.9969,547,1.7645
69.0011,540,1.7419
69.0053,533,1.7194
69.0096,527,1.7000
69.0139,518,1.6710
69.0182,513,1.6548
69.0224,505,1.6290
69.0267,499,1.6097
69.0310,493,1.5903
69.0353,486,1.5677
69.0395,481,1.5516
69.0438,480,1.5484
69.0481,480,1.5484
69.0524,481,1.5516
69.0566,482,1.5548
69.0609,481,1.5516
69.0652,481,1.5516
69.0695,483,1.5581
69.0738,484,1.5613
69.0781,485,1.5645
69.0823,485,1.5645
69.0867,487,1.5710
69.0909,489,1.5774
69.0952,488,1.5742
69.0995,487,1.5710
69.1038,487,1.5710
69.1081,488,1.5742
69.1124,488,1.5742
69.1167,489,1.5774
69.1210,489,1.5774
69.1253,490,1.5806
69.1296,491,1.5839
69.1339,491,1.5839
69.1382,492,1.5871
69.1425,492,1.5871
69.1468,493,1.5903
69.1510,494,1.5935
69.1553,494,1.5935
69.1596,494,1.5935
69.1639,495,1.5968
69.1682,496,1.6000
69.1725,496,1.6000
69.1768,497,1.6032
69.1811,496,1.6000
69.1854,497,1.6032
69.1897,499,1.6097
69.1940,499,1.6097
69.1983,499,1.6097
69.2026,500,1.6129
69.2069,501,1.6161
69.2111,501,1.6161
69.2154,502,1.6194
69.2197,502,1.6194
69.2241,501,1.6161
69.2284,501,1.6161
69.2327,502,1.6194
69.2370,502,1.6194
69.2413,503,1.6226
69.2456,501,1.6161
69.2499,502,1.6194
69.2542,503,1.6226
69.2585,504,1.6258
69.2628,504,1.6258
69.2671,505,1.6290
69.2714,505,1.6290
69.2757,505,1.6290
69.2799,505,1.6290
69.2842,506,1.6323
69.2885,506,1.6323
69.2928,507,1.6355
69.2970,508,1.6387
69.3013,508,1.6387
69.3056,507,1.6355
69.3099,507,1.6355
69.3142,509,1.6419
69.3185,508,1.6387
69.3228,508,1.6387
69.3271,508,1.6387
69.3314,509,1.6419
69.3357,509,1.6419
69.3400,510,1.6452
69.3443,510,1.6452
69.3486,509,1.6419
69.3529,510,1.6452
69.3572,511,1.6484
69.3615,511,1.6484
69.3658,511,1.6484
69.3701,512,1.6516
69.3745,513,1.6548
69.3788,513,1.6548
69.3831,513,1.6548
69.3875,512,1.6516
69.3918,511,1.6484
69.3962,511,1.6484
69.4005,513,1.6548
69.4050,513,1.6548
69.4094,512,1.6516
69.4139,512,1.6516
69.4182,512,1.6516
69.4226,512,1.6516
69.4269,513,1.6548
69.4313,513,1.6548
69.4356,514,1.6581
69.4399,515,1.6613
69.4442,514,1.6581
69.4486,515,1.6613
69.4529,515,1.6613
69.4572,516,1.6645
69.4616,516,1.6645
69.4660,517,1.6677
69.4704,518,1.6710
69.4747,517,1.6677
69.4790,516,1.6645
69.4833,515,1.6613
69.4876,515,1.6613
69.4919,515,1.6613
69.4962,515,1.6613
69.5005,516,1.6645
69.5048,516,1.6645
69.5091,517,1.6677
69.5134,517,1.6677
69.5177,518,1.6710
69.5220,517,1.6677
69.5263,517,1.6677
69.5306,518,1.6710
69.5349,518,1.6710
69.5392,519,1.6742
69.5435,518,1.6710
69.5478,519,1.6742
69.5521,519,1.6742
69.5564,519,1.6742
69.5607,517,1.6677
69.5650,517,1.6677
69.5693,518,1.6710
69.5736,519,1.6742
69.5785,518,1.6710
69.5828,518,1.6710
69.5871,519,1.6742
69.5914,519,1.6742
69.5957,519,1.6742
69.6000,520,1.6774
69.6043,519,1.6742
69.6085,519,1.6742
69.6129,519,1.6742
69.6171,519,1.6742
69.6214,519,1.6742
69.6257,519,1.6742
69.6300,520,1.6774
69.6343,520,1.6774
69.6386,520,1.6774
69.6429,519,1.6742
69.6472,519,1.6742
69.6515,519,1.6742
69.6558,518,1.6710
69.6601,518,1.6710
69.6644,519,1.6742
69.6687,520,1.6774
69.6730,520,1.6774
69.6773,519,1.6742
69.6817,519,1.6742
69.6860,518,1.6710
69.6903,518,1.6710
69.6947,519,1.6742
69.6990,518,1.6710
69.7034,518,1.6710
69.7082,519,1.6742
69.7127,518,1.6710
69.7170,520,1.6774
69.7214,519,1.6742
69.7258,524,1.6903
69.7301,520,1.6774
69.7345,520,1.6774
69.7388,521,1.6806
69.7431,520,1.6774
69.7473,520,1.6774
69.7516,520,1.6774
69.7560,521,1.6806
69.7602,521,1.6806
69.7645,522,1.6839
69.7688,521,1.6806
69.7731,522,1.6839
69.7774,523,1.6871
69.7817,522,1.6839
69.7859,522,1.6839
69.7902,522,1.6839
69.7944,521,1.6806
69.7987,522,1.6839
69.8030,521,1.6806
69.8073,521,1.6806
69.8115,522,1.6839
69.8158,522,1.6839
69.8201,522,1.6839
69.8244,521,1.6806
69.8286,522,1.6839
69.8329,520,1.6774
69.8372,521,1.6806
69.8414,520,1.6774
69.8457,521,1.6806
69.8500,521,1.6806
69.8542,522,1.6839
69.8585,520,1.6774
69.8627,520,1.6774
69.8670,520,1.6774
69.8712,519,1.6742
69.8756,521,1.6806
69.8799,521,1.6806
69.8842,522,1.6839
69.8885,522,1.6839
69.8928,521,1.6806
69.8971,522,1.6839
69.9014,520,1.6774
69.9057,520,1.6774
69.9099,522,1.6839
69.9142,521,1.6806
69.9186,522,1.6839
69.9228,522,1.6839
69.9272,520,1.6774
69.9315,520,1.6774
69.9358,522,1.6839
69.9401,522,1.6839
69.9444,522,1.6839
69.9487,523,1.6871
69.9530,522,1.6839
69.9573,523,1.6871
69.9616,523,1.6871
69.9659,522,1.6839
69.9702,522,1.6839
69.9745,522,1.6839
69.9787,520,1.6774
69.9831,522,1.6839
69.9874,522,1.6839
69.9917,524,1.6903
69.9960,529,1.7065
