time_s,adc_raw,voltage
0.0000,518,1.6710
0.0044,518,1.6710
0.0088,518,1.6710
0.0131,516,1.6645
0.0175,516,1.6645
0.0219,518,1.6710
0.0263,516,1.6645
0.0307,516,1.6645
0.0354,517,1.6677
0.0398,516,1.6645
0.0442,518,1.6710
0.0486,518,1.6710
0.0531,518,1.6710
0.0575,519,1.6742
0.0620,519,1.6742
0.0665,519,1.6742
0.0710,519,1.6742
0.0755,519,1.6742
0.0800,520,1.6774
0.0844,520,1.6774
0.0889,519,1.6742
0.0934,520,1.6774
0.0978,520,1.6774
0.1023,519,1.6742
0.1067,519,1.6742
0.1111,518,1.6710
0.1156,518,1.6710
0.1200,519,1.6742
0.1244,518,1.6710
0.1288,520,1.6774
0.1331,521,1.6806
0.1373,521,1.6806
0.1415,523,1.6871
0.1457,521,1.6806
0.1499,521,1.6806
0.1540,522,1.6839
0.1583,522,1.6839
0.1626,521,1.6806
0.1669,521,1.6806
0.1713,520,1.6774
0.1757,521,1.6806
0.1803,521,1.6806
0.1850,520,1.6774
0.1899,521,1.6806
0.1944,521,1.6806
0.1989,520,1.6774
0.2035,521,1.6806
0.2082,521,1.6806
0.2130,520,1.6774
0.2178,520,1.6774
0.2227,523,1.6871
0.2274,523,1.6871
0.2318,521,1.6806
0.2361,523,1.6871
0.2404,524,1.6903
0.2448,525,1.6935
0.2491,524,1.6903
0.2533,524,1.6903
0.2576,523,1.6871
0.2617,524,1.6903
0.2659,523,1.6871
0.2701,522,1.6839
0.2743,522,1.6839
0.2785,522,1.6839
0.2827,524,1.6903
0.2869,524,1.6903
0.2911,524,1.6903
0.2952,524,1.6903
0.2994,524,1.6903
0.3036,523,1.6871
0.3078,523,1.6871
0.3120,526,1.6968
0.3162,524,1.6903
0.3205,524,1.6903
0.3247,524,1.6903
0.3289,523,1.6871
0.3331,521,1.6806
0.3373,522,1.6839
0.3415,523,1.6871
0.3457,523,1.6871
0.3499,524,1.6903
0.3541,524,1.6903
0.3583,522,1.6839
0.3625,522,1.6839
0.3667,522,1.6839
0.3708,523,1.6871
0.3750,521,1.6806
0.3792,522,1.6839
0.3834,523,1.6871
0.3876,522,1.6839
0.3919,522,1.6839
0.3962,522,1.6839
0.4005,524,1.6903
0.4046,522,1.6839
0.4089,523,1.6871
0.4130,523,1.6871
0.4172,525,1.6935
0.4214,531,1.7129
0.4256,541,1.7452
0.4298,553,1.7839
0.4340,562,1.8129
0.4382,573,1.8484
0.4424,580,1.8710
0.4466,586,1.8903
0.4507,590,1.9032
0.4549,591,1.9065
0.4591,589,1.9000
0.4633,585,1.8871
0.4675,579,1.8677
0.4717,569,1.8355
0.4758,560,1.8065
0.4800,548,1.7677
0.4842,539,1.7387
0.4884,528,1.7032
0.4926,518,1.6710
0.4968,510,1.6452
0.5010,509,1.6419
0.5052,508,1.6387
0.5094,509,1.6419
0.5136,509,1.6419
0.5178,510,1.6452
0.5220,509,1.6419
0.5262,510,1.6452
0.5305,509,1.6419
0.5347,509,1.6419
0.5389,509,1.6419
0.5432,509,1.6419
0.5474,510,1.6452
0.5516,510,1.6452
0.5559,510,1.6452
0.5601,512,1.6516
0.5644,513,1.6548
0.5686,513,1.6548
0.5728,511,1.6484
0.5770,502,1.6194
0.5813,481,1.5516
0.5855,456,1.4710
0.5898,450,1.4516
0.5940,488,1.5742
0.5982,571,1.8419
0.6025,689,2.2226
0.6068,824,2.6581
0.6110,940,3.0323
0.6152,981,3.1645
0.6194,932,3.0065
0.6238,815,2.6290
0.6280,673,2.1710
0.6323,542,1.7484
0.6366,461,1.4871
0.6410,427,1.3774
0.6453,424,1.3677
0.6496,440,1.4194
0.6539,460,1.4839
0.6582,472,1.5226
0.6625,478,1.5419
0.6669,479,1.5452
0.6712,479,1.5452
0.6755,479,1.5452
0.6798,479,1.5452
0.6841,480,1.5484
0.6884,480,1.5484
0.6928,481,1.5516
0.6971,482,1.5548
0.7013,483,1.5581
0.7057,484,1.5613
0.7100,485,1.5645
0.7143,486,1.5677
0.7186,486,1.5677
0.7229,485,1.5645
0.7272,486,1.5677
0.7316,487,1.5710
0.7359,487,1.5710
0.7402,488,1.5742
0.7445,488,1.5742
0.7488,489,1.5774
0.7531,489,1.5774
0.7574,491,1.5839
0.7617,492,1.5871
0.7660,492,1.5871
0.7704,492,1.5871
0.7746,492,1.5871
0.7789,493,1.5903
0.7832,493,1.5903
0.7875,494,1.5935
0.7919,494,1.5935
0.7962,494,1.5935
0.8005,495,1.5968
0.8048,495,1.5968
0.8091,496,1.6000
0.8134,498,1.6065
0.8177,504,1.6258
0.8220,513,1.6548
0.8263,522,1.6839
0.8307,532,1.7161
0.8350,543,1.7516
0.8393,552,1.7806
0.8436,563,1.8161
0.8479,570,1.8387
0.8523,579,1.8677
0.8566,589,1.9000
0.8608,594,1.9161
0.8651,601,1.9387
0.8694,606,1.9548
0.8738,611,1.9710
0.8781,613,1.9774
0.8824,615,1.9839
0.8866,615,1.9839
0.8910,614,1.9806
0.8953,613,1.9774
0.8996,610,1.9677
0.9039,606,1.9548
0.9082,600,1.9355
0.9126,592,1.9097
0.9169,584,1.8839
0.9212,575,1.8548
0.9255,567,1.8290
0.9298,556,1.7935
0.9342,547,1.7645
0.9385,538,1.7355
0.9429,529,1.7065
0.9472,517,1.6677
0.9515,505,1.6290
0.9558,494,1.5935
0.9601,485,1.5645
0.9644,475,1.5323
0.9687,466,1.5032
0.9730,460,1.4839
0.9773,460,1.4839
0.9816,461,1.4871
0.9859,462,1.4903
0.9908,462,1.4903
0.9952,462,1.4903
0.9996,464,1.4968
1.0040,464,1.4968
1.0083,465,1.5000
1.0126,466,1.5032
1.0169,468,1.5097
1.0212,468,1.5097
1.0255,469,1.5129
1.0298,471,1.5194
1.0342,471,1.5194
1.0386,472,1.5226
1.0429,473,1.5258
1.0472,474,1.5290
1.0515,475,1.5323
1.0558,476,1.5355
1.0601,476,1.5355
1.0644,477,1.5387
1.0687,477,1.5387
1.0736,477,1.5387
1.0779,480,1.5484
1.0822,481,1.5516
1.0864,483,1.5581
1.0907,483,1.5581
1.0950,484,1.5613
1.0992,485,1.5645
1.1035,485,1.5645
1.1077,485,1.5645
1.1120,485,1.5645
1.1162,486,1.5677
1.1205,487,1.5710
1.1247,488,1.5742
1.1290,488,1.5742
1.1332,488,1.5742
1.1375,489,1.5774
1.1418,489,1.5774
1.1460,490,1.5806
1.1503,490,1.5806
1.1545,491,1.5839
1.1588,491,1.5839
1.1631,492,1.5871
1.1673,492,1.5871
1.1716,492,1.5871
1.1758,495,1.5968
1.1802,495,1.5968
1.1844,495,1.5968
1.1887,494,1.5935
1.1929,496,1.6000
1.1972,496,1.6000
1.2014,498,1.6065
1.2057,498,1.6065
1.2100,498,1.6065
1.2142,499,1.6097
1.2185,500,1.6129
1.2227,501,1.6161
1.2270,501,1.6161
1.2312,500,1.6129
1.2356,500,1.6129
1.2398,500,1.6129
1.2441,500,1.6129
1.2484,501,1.6161
1.2527,502,1.6194
1.2570,502,1.6194
1.2613,503,1.6226
1.2656,503,1.6226
1.2699,504,1.6258
1.2741,503,1.6226
1.2785,504,1.6258
1.2828,505,1.6290
1.2871,504,1.6258
1.2914,505,1.6290
1.2959,506,1.6323
1.3004,506,1.6323
1.3048,507,1.6355
1.3091,507,1.6355
1.3134,509,1.6419
1.3177,509,1.6419
1.3220,510,1.6452
1.3263,509,1.6419
1.3306,509,1.6419
1.3349,509,1.6419
1.3392,509,1.6419
1.3435,510,1.6452
1.3477,511,1.6484
1.3520,511,1.6484
1.3562,510,1.6452
1.3605,511,1.6484
1.3647,511,1.6484
1.3690,511,1.6484
1.3732,511,1.6484
1.3775,512,1.6516
1.3818,512,1.6516
1.3860,512,1.6516
1.3903,513,1.6548
1.3946,513,1.6548
1.3988,513,1.6548
1.4031,513,1.6548
1.4074,512,1.6516
1.4116,513,1.6548
1.4158,512,1.6516
1.4201,513,1.6548
1.4244,515,1.6613
1.4286,515,1.6613
1.4328,515,1.6613
1.4371,514,1.6581
1.4415,515,1.6613
1.4457,516,1.6645
1.4500,516,1.6645
1.4544,514,1.6581
1.4586,514,1.6581
1.4629,514,1.6581
1.4672,515,1.6613
1.4715,516,1.6645
1.4758,515,1.6613
1.4801,518,1.6710
1.4844,519,1.6742
1.4887,518,1.6710
1.4930,518,1.6710
1.4972,518,1.6710
1.5015,518,1.6710
1.5058,518,1.6710
1.5101,518,1.6710
1.5144,518,1.6710
1.5187,518,1.6710
1.5230,519,1.6742
1.5273,518,1.6710
1.5316,518,1.6710
1.5359,517,1.6677
1.5401,518,1.6710
1.5444,518,1.6710
1.5487,519,1.6742
1.5531,517,1.6677
1.5574,519,1.6742
1.5617,519,1.6742
1.5660,519,1.6742
1.5702,519,1.6742
1.5745,519,1.6742
1.5788,519,1.6742
1.5831,520,1.6774
1.5874,520,1.6774
1.5917,520,1.6774
1.5960,519,1.6742
1.6003,520,1.6774
1.6046,521,1.6806
1.6089,521,1.6806
1.6132,521,1.6806
1.6174,521,1.6806
1.6217,521,1.6806
1.6260,521,1.6806
1.6303,521,1.6806
1.6346,522,1.6839
1.6389,521,1.6806
1.6431,521,1.6806
1.6474,522,1.6839
1.6516,521,1.6806
1.6559,519,1.6742
1.6602,520,1.6774
1.6644,521,1.6806
1.6687,522,1.6839
1.6729,522,1.6839
1.6772,522,1.6839
1.6815,522,1.6839
1.6857,522,1.6839
1.6900,522,1.6839
1.6942,522,1.6839
1.6985,521,1.6806
1.7028,522,1.6839
1.7070,523,1.6871
1.7113,523,1.6871
1.7156,523,1.6871
1.7198,523,1.6871
1.7241,523,1.6871
1.7283,524,1.6903
1.7326,523,1.6871
1.7369,524,1.6903
1.7411,524,1.6903
1.7455,522,1.6839
1.7498,524,1.6903
1.7541,523,1.6871
1.7584,523,1.6871
1.7626,522,1.6839
1.7669,522,1.6839
1.7712,521,1.6806
1.7755,522,1.6839
1.7799,522,1.6839
1.7841,523,1.6871
1.7884,525,1.6935
1.7927,524,1.6903
1.7970,525,1.6935
1.8013,524,1.6903
1.8056,524,1.6903
1.8099,524,1.6903
1.8142,523,1.6871
1.8185,524,1.6903
1.8228,524,1.6903
1.8270,523,1.6871
1.8313,521,1.6806
1.8356,523,1.6871
1.8399,522,1.6839
1.8442,522,1.6839
1.8490,522,1.6839
1.8533,523,1.6871
1.8576,524,1.6903
1.8618,524,1.6903
1.8661,524,1.6903
1.8703,525,1.6935
1.8746,524,1.6903
1.8789,523,1.6871
1.8831,523,1.6871
1.8874,522,1.6839
1.8917,522,1.6839
1.8962,523,1.6871
1.9006,523,1.6871
1.9049,531,1.7129
1.9092,523,1.6871
1.9135,523,1.6871
1.9177,522,1.6839
1.9220,525,1.6935
1.9262,533,1.7194
1.9305,543,1.7516
1.9347,552,1.7806
1.9390,563,1.8161
1.9432,572,1.8452
1.9475,580,1.8710
1.9518,586,1.8903
1.9561,590,1.9032
1.9603,590,1.9032
1.9646,589,1.9000
1.9689,584,1.8839
1.9734,575,1.8548
1.9776,567,1.8290
1.9819,557,1.7968
1.9862,547,1.7645
1.9904,534,1.7226
1.9947,523,1.6871
1.9990,513,1.6548
2.0033,507,1.6355
2.0075,506,1.6323
2.0118,506,1.6323
2.0160,508,1.6387
2.0203,508,1.6387
2.0246,509,1.6419
2.0288,510,1.6452
2.0331,509,1.6419
2.0373,510,1.6452
2.0416,512,1.6516
2.0458,512,1.6516
2.0501,512,1.6516
2.0543,512,1.6516
2.0586,511,1.6484
2.0629,511,1.6484
2.0672,512,1.6516
2.0715,511,1.6484
2.0758,511,1.6484
2.0801,506,1.6323
2.0844,492,1.5871
2.0887,467,1.5065
2.0930,449,1.4484
2.0973,467,1.5065
2.1015,531,1.7129
2.1058,639,2.0613
2.1101,769,2.4806
2.1144,902,2.9097
2.1187,978,3.1548
2.1230,962,3.1032
2.1273,864,2.7871
2.1316,728,2.3484
2.1358,586,1.8903
2.1401,486,1.5677
2.1444,436,1.4065
2.1487,421,1.3581
2.1530,431,1.3903
2.1573,452,1.4581
2.1616,468,1.5097
2.1659,476,1.5355
2.1702,477,1.5387
2.1745,478,1.5419
2.1788,477,1.5387
2.1831,476,1.5355
2.1874,477,1.5387
2.1917,477,1.5387
2.1963,479,1.5452
2.2007,480,1.5484
2.2051,481,1.5516
2.2094,481,1.5516
2.2137,481,1.5516
2.2180,482,1.5548
2.2223,483,1.5581
2.2266,484,1.5613
2.2309,484,1.5613
2.2351,484,1.5613
2.2394,486,1.5677
2.2437,486,1.5677
2.2480,487,1.5710
2.2523,487,1.5710
2.2566,487,1.5710
2.2608,488,1.5742
2.2651,490,1.5806
2.2694,490,1.5806
2.2737,490,1.5806
2.2779,491,1.5839
2.2822,492,1.5871
2.2865,493,1.5903
2.2908,492,1.5871
2.2950,492,1.5871
2.2993,492,1.5871
2.3035,492,1.5871
2.3078,491,1.5839
2.3121,491,1.5839
2.3163,493,1.5903
2.3206,495,1.5968
2.3249,494,1.5935
2.3291,497,1.6032
2.3334,504,1.6258
2.3376,513,1.6548
2.3419,524,1.6903
2.3461,533,1.7194
2.3504,542,1.7484
2.3546,552,1.7806
2.3589,563,1.8161
2.3632,571,1.8419
2.3675,579,1.8677
2.3718,588,1.8968
2.3761,595,1.9194
2.3804,599,1.9323
2.3847,606,1.9548
2.3890,613,1.9774
2.3933,615,1.9839
2.3976,617,1.9903
2.4019,617,1.9903
2.4062,615,1.9839
2.4105,614,1.9806
2.4148,610,1.9677
2.4191,604,1.9484
2.4233,599,1.9323
2.4276,592,1.9097
2.4319,585,1.8871
2.4362,577,1.8613
2.4405,568,1.8323
2.4447,559,1.8032
2.4490,549,1.7710
2.4533,538,1.7355
2.4577,526,1.6968
2.4619,517,1.6677
2.4662,507,1.6355
2.4705,497,1.6032
2.4748,487,1.5710
2.4791,477,1.5387
2.4834,469,1.5129
2.4877,463,1.4935
2.4920,460,1.4839
2.4963,462,1.4903
2.5006,463,1.4935
2.5049,464,1.4968
2.5092,465,1.5000
2.5135,467,1.5065
2.5178,468,1.5097
2.5220,469,1.5129
2.5263,468,1.5097
2.5306,470,1.5161
2.5349,470,1.5161
2.5392,471,1.5194
2.5435,472,1.5226
2.5477,473,1.5258
2.5520,475,1.5323
2.5563,475,1.5323
2.5606,475,1.5323
2.5649,476,1.5355
2.5692,477,1.5387
2.5735,477,1.5387
2.5778,477,1.5387
2.5821,477,1.5387
2.5864,478,1.5419
2.5907,480,1.5484
2.5950,480,1.5484
2.5993,481,1.5516
2.6036,481,1.5516
2.6079,484,1.5613
2.6122,484,1.5613
2.6165,485,1.5645
2.6208,485,1.5645
2.6251,485,1.5645
2.6293,486,1.5677
2.6336,487,1.5710
2.6379,487,1.5710
2.6422,488,1.5742
2.6465,490,1.5806
2.6508,489,1.5774
2.6551,489,1.5774
2.6594,489,1.5774
2.6637,489,1.5774
2.6680,490,1.5806
2.6723,491,1.5839
2.6766,492,1.5871
2.6809,493,1.5903
2.6852,494,1.5935
2.6895,495,1.5968
2.6938,495,1.5968
2.6980,495,1.5968
2.7024,497,1.6032
2.7067,496,1.6000
2.7110,496,1.6000
2.7152,497,1.6032
2.7195,499,1.6097
2.7238,500,1.6129
2.7281,500,1.6129
2.7324,499,1.6097
2.7366,499,1.6097
2.7409,499,1.6097
2.7452,500,1.6129
2.7495,500,1.6129
2.7538,500,1.6129
2.7581,501,1.6161
2.7624,502,1.6194
2.7667,503,1.6226
2.7709,504,1.6258
2.7752,503,1.6226
2.7795,504,1.6258
2.7837,505,1.6290
2.7880,505,1.6290
2.7923,507,1.6355
2.8004,507,1.6355
2.8048,507,1.6355
2.8090,507,1.6355
2.8133,507,1.6355
2.8176,507,1.6355
2.8218,507,1.6355
2.8261,508,1.6387
2.8303,508,1.6387
2.8346,508,1.6387
2.8388,508,1.6387
2.8431,510,1.6452
2.8474,511,1.6484
2.8516,510,1.6452
2.8559,509,1.6419
2.8602,511,1.6484
2.8645,510,1.6452
2.8687,511,1.6484
2.8730,511,1.6484
2.8776,511,1.6484
2.8819,512,1.6516
2.8862,513,1.6548
2.8905,512,1.6516
2.8947,512,1.6516
2.8990,513,1.6548
2.9032,515,1.6613
2.9075,515,1.6613
2.9118,515,1.6613
2.9160,514,1.6581
2.9202,515,1.6613
2.9245,514,1.6581
2.9288,514,1.6581
2.9330,513,1.6548
2.9372,514,1.6581
2.9415,514,1.6581
2.9457,515,1.6613
2.9500,514,1.6581
2.9542,515,1.6613
2.9585,516,1.6645
2.9627,515,1.6613
2.9670,516,1.6645
2.9713,516,1.6645
2.9755,518,1.6710
2.9798,517,1.6677
2.9841,517,1.6677
2.9884,517,1.6677
2.9927,516,1.6645
2.9969,516,1.6645
3.0012,517,1.6677
3.0055,516,1.6645
3.0097,517,1.6677
3.0140,517,1.6677
3.0182,518,1.6710
3.0225,519,1.6742
3.0268,521,1.6806
3.0311,519,1.6742
3.0353,520,1.6774
3.0396,519,1.6742
3.0439,520,1.6774
3.0481,519,1.6742
3.0524,520,1.6774
3.0567,520,1.6774
3.0609,520,1.6774
3.0653,521,1.6806
3.0696,519,1.6742
3.0739,518,1.6710
3.0782,518,1.6710
3.0825,519,1.6742
3.0868,520,1.6774
3.0912,520,1.6774
3.0968,520,1.6774
3.1011,521,1.6806
3.1055,521,1.6806
3.1098,519,1.6742
3.1141,519,1.6742
3.1184,520,1.6774
3.1236,519,1.6742
3.1280,519,1.6742
3.1323,519,1.6742
3.1366,519,1.6742
3.1408,519,1.6742
3.1451,521,1.6806
3.1494,522,1.6839
3.1537,521,1.6806
3.1581,521,1.6806
3.1624,521,1.6806
3.1666,521,1.6806
3.1709,520,1.6774
3.1752,522,1.6839
3.1795,522,1.6839
3.1837,521,1.6806
3.1880,520,1.6774
3.1922,521,1.6806
3.1965,521,1.6806
3.2008,522,1.6839
3.2050,523,1.6871
3.2093,523,1.6871
3.2135,523,1.6871
3.2178,523,1.6871
3.2221,523,1.6871
3.2263,523,1.6871
3.2306,522,1.6839
3.2348,522,1.6839
3.2391,521,1.6806
3.2434,521,1.6806
3.2476,522,1.6839
3.2519,521,1.6806
3.2561,521,1.6806
3.2604,522,1.6839
3.2646,521,1.6806
3.2689,522,1.6839
3.2734,523,1.6871
3.2777,523,1.6871
3.2820,523,1.6871
3.2863,522,1.6839
3.2906,522,1.6839
3.2949,521,1.6806
3.2992,522,1.6839
3.3035,523,1.6871
3.3077,523,1.6871
3.3120,524,1.6903
3.3163,523,1.6871
3.3206,522,1.6839
3.3249,523,1.6871
3.3292,523,1.6871
3.3335,524,1.6903
3.3378,522,1.6839
3.3421,523,1.6871
3.3464,523,1.6871
3.3507,523,1.6871
3.3550,522,1.6839
3.3594,522,1.6839
3.3636,522,1.6839
3.3679,522,1.6839
3.3722,522,1.6839
3.3764,522,1.6839
3.3807,522,1.6839
3.3850,522,1.6839
3.3892,522,1.6839
3.3935,522,1.6839
3.3977,522,1.6839
3.4020,523,1.6871
3.4062,522,1.6839
3.4105,521,1.6806
3.4148,523,1.6871
3.4191,523,1.6871
3.4233,524,1.6903
3.4276,524,1.6903
3.4319,525,1.6935
3.4361,530,1.7097
3.4404,538,1.7355
3.4446,548,1.7677
3.4489,559,1.8032
3.4531,568,1.8323
3.4574,574,1.8516
3.4616,583,1.8806
3.4659,588,1.8968
3.4702,590,1.9032
3.4746,589,1.9000
3.4789,584,1.8839
3.4832,578,1.8645
3.4875,569,1.8355
3.4918,559,1.8032
3.4961,548,1.7677
3.5004,537,1.7323
3.5046,526,1.6968
3.5089,516,1.6645
3.5132,510,1.6452
3.5175,507,1.6355
3.5218,508,1.6387
3.5261,508,1.6387
3.5304,509,1.6419
3.5347,509,1.6419
3.5390,509,1.6419
3.5433,509,1.6419
3.5476,510,1.6452
3.5518,510,1.6452
3.5561,510,1.6452
3.5605,510,1.6452
3.5648,511,1.6484
3.5690,511,1.6484
3.5733,511,1.6484
3.5776,511,1.6484
3.5819,510,1.6452
3.5861,511,1.6484
3.5904,506,1.6323
3.5946,489,1.5774
3.5989,465,1.5000
3.6031,448,1.4452
3.6074,466,1.5032
3.6116,529,1.7065
3.6159,639,2.0613
3.6202,770,2.4839
3.6245,900,2.9032
3.6287,976,3.1484
3.6330,960,3.0968
3.6372,864,2.7871
3.6415,728,2.3484
3.6458,588,1.8968
3.6500,488,1.5742
3.6543,437,1.4097
3.6586,422,1.3613
3.6628,430,1.3871
3.6671,451,1.4548
3.6714,467,1.5065
3.6757,473,1.5258
3.6800,476,1.5355
3.6843,477,1.5387
3.6886,477,1.5387
3.6967,479,1.5452
3.7012,480,1.5484
3.7056,480,1.5484
3.7103,481,1.5516
3.7146,482,1.5548
3.7189,482,1.5548
3.7233,484,1.5613
3.7276,484,1.5613
3.7319,485,1.5645
3.7361,485,1.5645
3.7404,485,1.5645
3.7447,486,1.5677
3.7490,486,1.5677
3.7533,487,1.5710
3.7576,488,1.5742
3.7619,488,1.5742
3.7661,488,1.5742
3.7704,489,1.5774
3.7747,489,1.5774
3.7790,490,1.5806
3.7832,490,1.5806
3.7875,490,1.5806
3.7917,490,1.5806
3.7960,491,1.5839
3.8008,492,1.5871
3.8051,493,1.5903
3.8094,493,1.5903
3.8136,494,1.5935
3.8179,494,1.5935
3.8222,495,1.5968
3.8265,495,1.5968
3.8307,495,1.5968
3.8350,499,1.6097
3.8393,507,1.6355
3.8435,516,1.6645
3.8478,526,1.6968
3.8520,537,1.7323
3.8563,546,1.7613
3.8605,555,1.7903
3.8648,565,1.8226
3.8691,575,1.8548
3.8734,582,1.8774
3.8777,589,1.9000
3.8819,595,1.9194
3.8862,602,1.9419
3.8905,606,1.9548
3.8947,609,1.9645
3.8990,614,1.9806
3.9032,615,1.9839
3.9075,615,1.9839
3.9118,615,1.9839
3.9160,613,1.9774
3.9203,608,1.9613
3.9245,604,1.9484
3.9288,598,1.9290
3.9330,592,1.9097
3.9373,583,1.8806
3.9416,575,1.8548
3.9459,567,1.8290
3.9501,557,1.7968
3.9544,546,1.7613
3.9586,535,1.7258
3.9629,525,1.6935
3.9671,515,1.6613
3.9715,505,1.6290
3.9758,496,1.6000
3.9801,486,1.5677
3.9844,478,1.5419
3.9887,468,1.5097
3.9930,460,1.4839
4.0014,459,1.4806
4.0057,460,1.4839
4.0100,463,1.4935
4.0144,462,1.4903
4.0187,463,1.4935
4.0230,464,1.4968
4.0273,466,1.5032
4.0316,468,1.5097
4.0359,468,1.5097
4.0402,469,1.5129
4.0445,470,1.5161
4.0488,472,1.5226
4.0531,473,1.5258
4.0574,475,1.5323
4.0617,476,1.5355
4.0660,476,1.5355
4.0703,476,1.5355
4.0745,476,1.5355
4.0788,477,1.5387
4.0831,478,1.5419
4.0874,480,1.5484
4.0916,480,1.5484
4.0959,481,1.5516
4.1001,482,1.5548
4.1044,482,1.5548
4.1086,483,1.5581
4.1129,483,1.5581
4.1171,484,1.5613
4.1214,485,1.5645
4.1256,486,1.5677
4.1299,487,1.5710
4.1342,487,1.5710
4.1384,487,1.5710
4.1427,487,1.5710
4.1469,487,1.5710
4.1512,489,1.5774
4.1554,488,1.5742
4.1597,490,1.5806
4.1639,491,1.5839
4.1682,492,1.5871
4.1729,492,1.5871
4.1773,493,1.5903
4.1816,495,1.5968
4.1859,496,1.6000
4.1901,497,1.6032
4.1944,497,1.6032
4.1987,496,1.6000
4.2030,496,1.6000
4.2073,496,1.6000
4.2115,498,1.6065
4.2158,498,1.6065
4.2201,498,1.6065
4.2244,498,1.6065
4.2287,497,1.6032
4.2330,498,1.6065
4.2372,499,1.6097
4.2415,499,1.6097
4.2458,500,1.6129
4.2501,500,1.6129
4.2544,500,1.6129
4.2587,502,1.6194
4.2630,502,1.6194
4.2673,501,1.6161
4.2716,502,1.6194
4.2759,502,1.6194
4.2802,503,1.6226
4.2845,504,1.6258
4.2888,504,1.6258
4.2931,504,1.6258
4.2974,504,1.6258
4.3017,506,1.6323
4.3060,506,1.6323
4.3103,508,1.6387
4.3145,507,1.6355
4.3189,506,1.6323
4.3232,508,1.6387
4.3275,509,1.6419
4.3317,509,1.6419
4.3360,510,1.6452
4.3403,510,1.6452
4.3446,509,1.6419
4.3489,510,1.6452
4.3531,510,1.6452
4.3574,511,1.6484
4.3617,511,1.6484
4.3660,510,1.6452
4.3703,511,1.6484
4.3746,510,1.6452
4.3789,510,1.6452
4.3832,511,1.6484
4.3875,511,1.6484
4.3918,511,1.6484
4.3960,510,1.6452
4.4004,511,1.6484
4.4046,512,1.6516
4.4090,512,1.6516
4.4133,512,1.6516
4.4175,512,1.6516
4.4218,513,1.6548
4.4261,513,1.6548
4.4304,514,1.6581
4.4347,515,1.6613
4.4390,514,1.6581
4.4433,515,1.6613
4.4476,515,1.6613
4.4518,514,1.6581
4.4561,515,1.6613
4.4605,515,1.6613
4.4647,515,1.6613
4.4691,516,1.6645
4.4733,517,1.6677
4.4777,517,1.6677
4.4820,516,1.6645
4.4862,516,1.6645
4.4905,516,1.6645
4.4948,515,1.6613
4.4991,516,1.6645
4.5033,518,1.6710
4.5076,518,1.6710
4.5119,517,1.6677
4.5162,517,1.6677
4.5204,516,1.6645
4.5247,517,1.6677
4.5290,517,1.6677
4.5333,518,1.6710
4.5376,518,1.6710
4.5418,518,1.6710
4.5461,519,1.6742
4.5504,519,1.6742
4.5547,519,1.6742
4.5589,519,1.6742
4.5632,518,1.6710
4.5675,520,1.6774
4.5717,519,1.6742
4.5760,519,1.6742
4.5804,520,1.6774
4.5846,519,1.6742
4.5889,522,1.6839
4.5970,520,1.6774
4.6014,520,1.6774
4.6058,520,1.6774
4.6102,520,1.6774
4.6145,520,1.6774
4.6188,521,1.6806
4.6231,520,1.6774
4.6274,521,1.6806
4.6317,521,1.6806
4.6360,520,1.6774
4.6402,521,1.6806
4.6445,521,1.6806
4.6488,520,1.6774
4.6531,520,1.6774
4.6573,520,1.6774
4.6616,521,1.6806
4.6659,522,1.6839
4.6703,522,1.6839
4.6745,523,1.6871
4.6789,523,1.6871
4.6831,523,1.6871
4.6874,523,1.6871
4.6916,524,1.6903
4.6959,522,1.6839
4.7001,524,1.6903
4.7043,523,1.6871
4.7086,523,1.6871
4.7128,522,1.6839
4.7171,523,1.6871
4.7213,523,1.6871
4.7256,522,1.6839
4.7298,523,1.6871
4.7341,523,1.6871
4.7383,523,1.6871
4.7426,523,1.6871
4.7469,524,1.6903
4.7511,524,1.6903
4.7553,522,1.6839
4.7596,523,1.6871
4.7638,524,1.6903
4.7681,524,1.6903
4.7723,524,1.6903
4.7766,523,1.6871
4.7809,523,1.6871
4.7852,522,1.6839
4.7895,523,1.6871
4.7938,523,1.6871
4.7980,524,1.6903
4.8023,524,1.6903
4.8066,522,1.6839
4.8109,521,1.6806
4.8152,521,1.6806
4.8194,523,1.6871
4.8237,525,1.6935
4.8280,525,1.6935
4.8323,524,1.6903
4.8365,524,1.6903
4.8408,524,1.6903
4.8451,523,1.6871
4.8493,523,1.6871
4.8536,523,1.6871
4.8579,523,1.6871
4.8621,523,1.6871
4.8664,523,1.6871
4.8707,523,1.6871
4.8750,523,1.6871
4.8793,522,1.6839
4.8836,522,1.6839
4.8878,522,1.6839
4.8922,523,1.6871
4.8971,522,1.6839
4.9016,522,1.6839
4.9059,523,1.6871
4.9102,522,1.6839
4.9145,522,1.6839
4.9188,523,1.6871
4.9231,522,1.6839
4.9274,520,1.6774
4.9317,521,1.6806
4.9360,522,1.6839
4.9403,522,1.6839
4.9445,526,1.6968
4.9488,535,1.7258
4.9531,545,1.7581
4.9574,556,1.7935
4.9616,564,1.8194
4.9659,572,1.8452
4.9702,579,1.8677
4.9745,585,1.8871
4.9788,587,1.8935
4.9831,588,1.8968
4.9873,585,1.8871
4.9916,580,1.8710
4.9958,573,1.8484
5.0001,563,1.8161
5.0043,553,1.7839
5.0086,542,1.7484
5.0137,528,1.7032
5.0181,517,1.6677
5.0228,508,1.6387
5.0273,505,1.6290
5.0317,505,1.6290
5.0361,505,1.6290
5.0404,507,1.6355
5.0447,509,1.6419
5.0489,510,1.6452
5.0532,509,1.6419
5.0575,509,1.6419
5.0617,509,1.6419
5.0660,509,1.6419
5.0702,510,1.6452
5.0744,512,1.6516
5.0788,512,1.6516
5.0830,512,1.6516
5.0872,511,1.6484
5.0914,512,1.6516
5.0956,511,1.6484
5.0999,507,1.6355
5.1041,493,1.5903
5.1084,470,1.5161
5.1126,449,1.4484
5.1168,460,1.4839
5.1210,517,1.6677
5.1253,616,1.9871
5.1295,743,2.3968
5.1337,876,2.8258
5.1380,970,3.1290
5.1422,970,3.1290
5.1464,891,2.8742
5.1506,763,2.4613
5.1548,619,1.9968
5.1591,506,1.6323
5.1633,445,1.4355
5.1675,422,1.3613
5.1717,426,1.3742
5.1760,445,1.4355
5.1803,464,1.4968
5.1846,473,1.5258
5.1889,476,1.5355
5.1931,476,1.5355
5.1974,477,1.5387
5.2017,477,1.5387
5.2060,477,1.5387
5.2102,477,1.5387
5.2145,478,1.5419
5.2188,479,1.5452
5.2231,481,1.5516
5.2274,482,1.5548
5.2317,482,1.5548
5.2359,483,1.5581
5.2402,484,1.5613
5.2445,484,1.5613
5.2488,486,1.5677
5.2530,486,1.5677
5.2573,486,1.5677
5.2616,487,1.5710
5.2658,487,1.5710
5.2701,487,1.5710
5.2744,488,1.5742
5.2787,488,1.5742
5.2830,489,1.5774
5.2873,490,1.5806
5.2916,491,1.5839
5.2958,490,1.5806
5.3001,491,1.5839
5.3044,492,1.5871
5.3087,492,1.5871
5.3130,493,1.5903
5.3173,494,1.5935
5.3216,494,1.5935
5.3258,494,1.5935
5.3301,494,1.5935
5.3344,495,1.5968
5.3387,495,1.5968
5.3429,495,1.5968
5.3472,496,1.6000
5.3515,501,1.6161
5.3558,510,1.6452
5.3601,520,1.6774
5.3643,529,1.7065
5.3686,540,1.7419
5.3729,550,1.7742
5.3771,559,1.8032
5.3814,568,1.8323
5.3858,577,1.8613
5.3900,586,1.8903
5.3943,594,1.9161
5.3986,599,1.9323
5.4029,604,1.9484
5.4072,609,1.9645
5.4115,613,1.9774
5.4157,615,1.9839
5.4200,615,1.9839
5.4243,617,1.9903
5.4286,616,1.9871
5.4329,612,1.9742
5.4371,608,1.9613
5.4414,602,1.9419
5.4457,597,1.9258
5.4500,590,1.9032
5.4542,581,1.8742
5.4585,571,1.8419
5.4628,562,1.8129
5.4671,554,1.7871
5.4713,544,1.7548
5.4757,531,1.7129
5.4799,522,1.6839
5.4842,512,1.6516
5.4885,502,1.6194
5.4928,491,1.5839
5.4972,481,1.5516
5.5027,469,1.5129
5.5071,462,1.4903
5.5115,461,1.4871
5.5159,462,1.4903
5.5202,462,1.4903
5.5245,464,1.4968
5.5289,465,1.5000
5.5332,465,1.5000
5.5376,466,1.5032
5.5419,468,1.5097
5.5462,470,1.5161
5.5506,469,1.5129
5.5549,470,1.5161
5.5593,471,1.5194
5.5636,471,1.5194
5.5679,471,1.5194
5.5728,473,1.5258
5.5773,474,1.5290
5.5817,475,1.5323
5.5860,475,1.5323
5.5903,476,1.5355
5.5946,476,1.5355
5.5989,478,1.5419
5.6032,478,1.5419
5.6075,480,1.5484
5.6118,480,1.5484
5.6161,482,1.5548
5.6204,482,1.5548
5.6247,482,1.5548
5.6290,484,1.5613
5.6333,483,1.5581
5.6376,483,1.5581
5.6419,483,1.5581
5.6462,486,1.5677
5.6505,486,1.5677
5.6548,487,1.5710
5.6591,488,1.5742
5.6634,490,1.5806
5.6677,490,1.5806
5.6720,490,1.5806
5.6763,491,1.5839
5.6806,491,1.5839
5.6849,492,1.5871
5.6892,493,1.5903
5.6936,493,1.5903
5.6979,494,1.5935
5.7022,494,1.5935
5.7066,495,1.5968
5.7109,495,1.5968
5.7152,495,1.5968
5.7196,496,1.6000
5.7239,497,1.6032
5.7282,498,1.6065
5.7326,496,1.6000
5.7370,496,1.6000
5.7413,498,1.6065
5.7456,498,1.6065
5.7500,500,1.6129
5.7543,500,1.6129
5.7587,503,1.6226
5.7630,502,1.6194
5.7673,502,1.6194
5.7716,502,1.6194
5.7760,501,1.6161
5.7804,501,1.6161
5.7848,502,1.6194
5.7891,502,1.6194
5.7934,501,1.6161
5.7978,502,1.6194
5.8022,502,1.6194
5.8065,504,1.6258
5.8108,505,1.6290
5.8151,505,1.6290
5.8194,506,1.6323
5.8237,507,1.6355
5.8280,507,1.6355
5.8323,506,1.6323
5.8366,507,1.6355
5.8409,508,1.6387
5.8452,508,1.6387
5.8496,509,1.6419
5.8539,509,1.6419
5.8582,509,1.6419
5.8625,509,1.6419
5.8668,509,1.6419
5.8711,510,1.6452
5.8754,510,1.6452
5.8797,509,1.6419
5.8840,510,1.6452
5.8883,510,1.6452
5.8926,510,1.6452
5.8969,511,1.6484
5.9012,512,1.6516
5.9055,512,1.6516
5.9098,513,1.6548
5.9141,512,1.6516
5.9184,512,1.6516
5.9227,512,1.6516
5.9270,513,1.6548
5.9313,513,1.6548
5.9356,514,1.6581
5.9399,514,1.6581
5.9442,515,1.6613
5.9485,514,1.6581
5.9528,514,1.6581
5.9571,516,1.6645
5.9614,516,1.6645
5.9657,515,1.6613
5.9700,513,1.6548
5.9743,514,1.6581
5.9786,514,1.6581
5.9830,514,1.6581
5.9873,516,1.6645
5.9917,517,1.6677
5.9960,517,1.6677
6.0003,517,1.6677
6.0047,517,1.6677
6.0090,516,1.6645
6.0133,517,1.6677
6.0177,517,1.6677
6.0220,518,1.6710
6.0263,518,1.6710
6.0307,517,1.6677
6.0350,517,1.6677
6.0393,518,1.6710
6.0437,519,1.6742
6.0480,518,1.6710
6.0523,519,1.6742
6.0567,519,1.6742
6.0610,519,1.6742
6.0653,520,1.6774
6.0697,519,1.6742
6.0740,519,1.6742
6.0783,521,1.6806
6.0827,520,1.6774
6.0870,520,1.6774
6.0914,520,1.6774
6.0957,521,1.6806
6.1000,521,1.6806
6.1043,521,1.6806
6.1086,521,1.6806
6.1128,520,1.6774
6.1171,520,1.6774
6.1214,520,1.6774
6.1257,520,1.6774
6.1300,519,1.6742
6.1343,519,1.6742
6.1386,520,1.6774
6.1429,519,1.6742
6.1472,519,1.6742
6.1515,520,1.6774
6.1558,522,1.6839
6.1601,522,1.6839
6.1644,522,1.6839
6.1687,521,1.6806
6.1730,520,1.6774
6.1773,519,1.6742
6.1816,520,1.6774
6.1859,521,1.6806
6.1902,521,1.6806
6.1946,521,1.6806
6.1989,521,1.6806
6.2032,521,1.6806
6.2076,520,1.6774
6.2119,520,1.6774
6.2162,519,1.6742
6.2206,519,1.6742
6.2249,520,1.6774
6.2292,520,1.6774
6.2336,520,1.6774
6.2379,521,1.6806
6.2422,522,1.6839
6.2466,522,1.6839
6.2509,521,1.6806
6.2553,522,1.6839
6.2596,521,1.6806
6.2639,521,1.6806
6.2682,521,1.6806
6.2726,523,1.6871
6.2770,523,1.6871
6.2813,523,1.6871
6.2856,522,1.6839
6.2900,522,1.6839
6.2943,523,1.6871
6.2986,523,1.6871
6.3029,523,1.6871
6.3072,523,1.6871
6.3115,523,1.6871
6.3158,523,1.6871
6.3201,523,1.6871
6.3244,523,1.6871
6.3287,523,1.6871
6.3330,522,1.6839
6.3373,523,1.6871
6.3416,523,1.6871
6.3459,522,1.6839
6.3502,521,1.6806
6.3545,522,1.6839
6.3587,522,1.6839
6.3630,522,1.6839
6.3673,522,1.6839
6.3716,523,1.6871
6.3759,522,1.6839
6.3802,524,1.6903
6.3845,523,1.6871
6.3888,523,1.6871
6.3932,522,1.6839
6.3977,523,1.6871
6.4020,523,1.6871
6.4065,524,1.6903
6.4108,524,1.6903
6.4152,523,1.6871
6.4195,522,1.6839
6.4238,521,1.6806
6.4281,522,1.6839
6.4325,523,1.6871
6.4368,522,1.6839
6.4412,521,1.6806
6.4455,522,1.6839
6.4499,521,1.6806
6.4542,526,1.6968
6.4585,532,1.7161
6.4629,543,1.7516
6.4672,555,1.7903
6.4716,566,1.8258
6.4759,573,1.8484
6.4802,582,1.8774
6.4846,588,1.8968
6.4889,591,1.9065
6.4932,590,1.9032
6.4976,587,1.8935
6.5018,580,1.8710
6.5061,571,1.8419
6.5104,563,1.8161
6.5147,553,1.7839
6.5190,541,1.7452
6.5233,530,1.7097
6.5276,519,1.6742
6.5319,511,1.6484
6.5362,507,1.6355
6.5405,507,1.6355
6.5449,506,1.6323
6.5492,507,1.6355
6.5536,509,1.6419
6.5579,509,1.6419
6.5622,509,1.6419
6.5665,509,1.6419
6.5708,509,1.6419
6.5751,511,1.6484
6.5794,509,1.6419
6.5837,510,1.6452
6.5881,512,1.6516
6.5924,511,1.6484
6.5967,511,1.6484
6.6010,511,1.6484
6.6053,510,1.6452
6.6096,508,1.6387
6.6139,499,1.6097
6.6182,477,1.5387
6.6225,453,1.4613
6.6268,453,1.4613
6.6311,500,1.6129
6.6354,593,1.9129
6.6397,718,2.3161
6.6440,855,2.7581
6.6483,962,3.1032
6.6526,976,3.1484
6.6569,905,2.9194
6.6612,776,2.5032
6.6655,633,2.0419
6.6698,515,1.6613
6.6741,449,1.4484
6.6784,424,1.3677
6.6827,427,1.3774
6.6870,445,1.4355
6.6913,464,1.4968
6.6959,474,1.5290
6.7013,477,1.5387
6.7057,478,1.5419
6.7100,478,1.5419
6.7144,478,1.5419
6.7188,478,1.5419
6.7231,479,1.5452
6.7275,480,1.5484
6.7318,482,1.5548
6.7361,483,1.5581
6.7407,484,1.5613
6.7452,485,1.5645
6.7495,485,1.5645
6.7539,485,1.5645
6.7582,486,1.5677
6.7626,487,1.5710
6.7669,486,1.5677
6.7713,486,1.5677
6.7756,487,1.5710
6.7801,488,1.5742
6.7845,490,1.5806
6.7888,490,1.5806
6.7932,491,1.5839
6.7975,492,1.5871
6.8018,492,1.5871
6.8062,492,1.5871
6.8105,492,1.5871
6.8147,493,1.5903
6.8190,494,1.5935
6.8233,495,1.5968
6.8277,495,1.5968
6.8320,495,1.5968
6.8363,496,1.6000
6.8406,496,1.6000
6.8449,496,1.6000
6.8492,497,1.6032
6.8535,502,1.6194
6.8578,510,1.6452
6.8622,521,1.6806
6.8665,531,1.7129
6.8708,543,1.7516
6.8751,551,1.7774
6.8794,560,1.8065
6.8837,570,1.8387
6.8880,578,1.8645
6.8926,587,1.8935
6.8969,595,1.9194
6.9012,601,1.9387
6.9055,607,1.9581
6.9098,612,1.9742
6.9141,615,1.9839
6.9184,616,1.9871
6.9227,616,1.9871
6.9270,614,1.9806
6.9314,612,1.9742
6.9357,610,1.9677
6.9399,605,1.9516
6.9443,598,1.9290
6.9486,592,1.9097
6.9529,586,1.8903
6.9572,578,1.8645
6.9615,567,1.8290
6.9658,558,1.8000
6.9701,548,1.7677
6.9744,537,1.7323
6.9787,526,1.6968
6.9830,515,1.6613
6.9873,506,1.6323
6.9916,496,1.6000
6.9959,486,1.5677
7.0003,475,1.5323
7.0046,467,1.5065
7.0089,460,1.4839
7.0132,458,1.4774
7.0175,458,1.4774
7.0218,460,1.4839
7.0263,461,1.4871
7.0307,463,1.4935
7.0350,463,1.4935
7.0393,466,1.5032
7.0438,467,1.5065
7.0482,468,1.5097
7.0526,468,1.5097
7.0569,469,1.5129
7.0611,470,1.5161
7.0654,472,1.5226
7.0697,473,1.5258
7.0741,474,1.5290
7.0784,474,1.5290
7.0827,475,1.5323
7.0870,475,1.5323
7.0919,476,1.5355
7.0962,476,1.5355
7.1005,478,1.5419
7.1048,479,1.5452
7.1091,480,1.5484
7.1135,480,1.5484
7.1178,481,1.5516
7.1222,482,1.5548
7.1265,482,1.5548
7.1308,482,1.5548
7.1351,483,1.5581
7.1394,483,1.5581
7.1437,485,1.5645
7.1480,486,1.5677
7.1523,487,1.5710
7.1566,488,1.5742
7.1609,488,1.5742
7.1652,488,1.5742
7.1695,489,1.5774
7.1739,490,1.5806
7.1782,491,1.5839
7.1825,492,1.5871
7.1868,492,1.5871
7.1911,492,1.5871
7.1954,492,1.5871
7.1998,494,1.5935
7.2040,494,1.5935
7.2084,493,1.5903
7.2127,493,1.5903
7.2170,494,1.5935
7.2213,495,1.5968
7.2256,497,1.6032
7.2299,497,1.6032
7.2347,497,1.6032
7.2390,497,1.6032
7.2433,498,1.6065
7.2476,499,1.6097
7.2519,500,1.6129
7.2562,500,1.6129
7.2605,500,1.6129
7.2648,501,1.6161
7.2691,501,1.6161
7.2734,502,1.6194
7.2777,503,1.6226
7.2820,502,1.6194
7.2863,503,1.6226
7.2908,503,1.6226
7.2954,504,1.6258
7.3000,504,1.6258
7.3044,504,1.6258
7.3087,504,1.6258
7.3129,505,1.6290
7.3172,506,1.6323
7.3214,506,1.6323
7.3257,505,1.6290
7.3299,506,1.6323
7.3342,505,1.6290
7.3384,506,1.6323
7.3427,506,1.6323
7.3470,507,1.6355
7.3513,506,1.6323
7.3555,507,1.6355
7.3598,508,1.6387
7.3640,509,1.6419
7.3682,510,1.6452
7.3725,511,1.6484
7.3768,511,1.6484
7.3810,511,1.6484
7.3854,511,1.6484
7.3896,511,1.6484
7.3939,512,1.6516
7.3981,511,1.6484
7.4024,513,1.6548
7.4066,512,1.6516
7.4109,513,1.6548
7.4151,512,1.6516
7.4194,513,1.6548
7.4236,512,1.6516
7.4279,513,1.6548
7.4321,515,1.6613
7.4364,515,1.6613
7.4412,516,1.6645
7.4455,516,1.6645
7.4498,515,1.6613
7.4541,516,1.6645
7.4584,515,1.6613
7.4626,516,1.6645
7.4669,515,1.6613
7.4711,515,1.6613
7.4754,515,1.6613
7.4796,515,1.6613
7.4839,516,1.6645
7.4881,516,1.6645
7.4924,516,1.6645
7.4966,516,1.6645
7.5009,517,1.6677
7.5053,518,1.6710
7.5096,517,1.6677
7.5138,517,1.6677
7.5182,516,1.6645
7.5225,517,1.6677
7.5268,517,1.6677
7.5311,517,1.6677
7.5354,517,1.6677
7.5397,517,1.6677
7.5441,519,1.6742
7.5484,519,1.6742
7.5527,519,1.6742
7.5570,519,1.6742
7.5620,519,1.6742
7.5663,518,1.6710
7.5706,518,1.6710
7.5749,519,1.6742
7.5792,519,1.6742
7.5836,519,1.6742
7.5879,518,1.6710
7.5923,517,1.6677
7.5969,518,1.6710
7.6017,518,1.6710
7.6061,519,1.6742
7.6104,520,1.6774
7.6146,519,1.6742
7.6189,519,1.6742
7.6231,519,1.6742
7.6274,519,1.6742
7.6317,520,1.6774
7.6359,520,1.6774
7.6402,519,1.6742
7.6445,520,1.6774
7.6488,521,1.6806
7.6531,520,1.6774
7.6574,520,1.6774
7.6616,520,1.6774
7.6659,520,1.6774
7.6702,520,1.6774
7.6744,520,1.6774
7.6787,520,1.6774
7.6834,520,1.6774
7.6877,521,1.6806
7.6920,521,1.6806
7.6962,521,1.6806
7.7005,521,1.6806
7.7048,521,1.6806
7.7091,522,1.6839
7.7134,522,1.6839
7.7176,522,1.6839
7.7219,522,1.6839
7.7261,522,1.6839
7.7304,522,1.6839
7.7347,522,1.6839
7.7389,523,1.6871
7.7432,523,1.6871
7.7475,524,1.6903
7.7518,523,1.6871
7.7561,522,1.6839
7.7604,522,1.6839
7.7650,522,1.6839
7.7693,521,1.6806
7.7735,521,1.6806
7.7778,521,1.6806
7.7821,521,1.6806
7.7864,522,1.6839
7.7908,522,1.6839
7.7953,522,1.6839
7.8002,522,1.6839
7.8046,520,1.6774
7.8091,520,1.6774
7.8142,520,1.6774
7.8186,521,1.6806
7.8231,521,1.6806
7.8276,522,1.6839
7.8320,523,1.6871
7.8365,524,1.6903
7.8408,522,1.6839
7.8452,522,1.6839
7.8494,523,1.6871
7.8537,523,1.6871
7.8580,523,1.6871
7.8623,522,1.6839
7.8665,522,1.6839
7.8708,522,1.6839
7.8751,522,1.6839
7.8794,521,1.6806
7.8836,521,1.6806
7.8879,522,1.6839
7.8921,523,1.6871
7.8964,522,1.6839
7.9007,522,1.6839
7.9050,523,1.6871
7.9093,522,1.6839
7.9136,522,1.6839
7.9178,522,1.6839
7.9221,522,1.6839
7.9263,522,1.6839
7.9306,523,1.6871
7.9348,523,1.6871
7.9391,522,1.6839
7.9434,523,1.6871
7.9476,523,1.6871
7.9519,523,1.6871
7.9561,522,1.6839
7.9604,520,1.6774
7.9646,521,1.6806
7.9689,522,1.6839
7.9732,524,1.6903
7.9774,531,1.7129
7.9817,542,1.7484
7.9860,552,1.7806
7.9902,562,1.8129
7.9944,570,1.8387
7.9988,580,1.8710
8.0031,585,1.8871
8.0074,589,1.9000
8.0117,590,1.9032
8.0160,588,1.8968
8.0203,583,1.8806
8.0245,575,1.8548
8.0288,567,1.8290
8.0331,557,1.7968
8.0374,547,1.7645
8.0417,535,1.7258
8.0460,523,1.6871
8.0503,515,1.6613
8.0546,509,1.6419
8.0589,508,1.6387
8.0632,509,1.6419
8.0675,509,1.6419
8.0718,510,1.6452
8.0760,508,1.6387
8.0803,508,1.6387
8.0847,507,1.6355
8.0889,508,1.6387
8.0932,508,1.6387
8.0975,509,1.6419
8.1019,510,1.6452
8.1062,510,1.6452
8.1105,510,1.6452
8.1147,512,1.6516
8.1190,512,1.6516
8.1232,510,1.6452
8.1275,510,1.6452
8.1317,502,1.6194
8.1360,482,1.5548
8.1403,458,1.4774
8.1445,447,1.4419
8.1488,481,1.5516
8.1531,559,1.8032
8.1573,673,2.1710
8.1616,808,2.6065
8.1658,930,3.0000
8.1701,980,3.1613
8.1744,938,3.0258
8.1787,826,2.6645
8.1830,686,2.2129
8.1873,553,1.7839
8.1925,456,1.4710
8.1980,423,1.3645
8.2025,430,1.3871
8.2069,450,1.4516
8.2112,467,1.5065
8.2155,474,1.5290
8.2198,475,1.5323
8.2241,476,1.5355
8.2284,476,1.5355
8.2327,479,1.5452
8.2370,479,1.5452
8.2413,479,1.5452
8.2456,479,1.5452
8.2498,480,1.5484
8.2541,481,1.5516
8.2584,481,1.5516
8.2627,482,1.5548
8.2670,484,1.5613
8.2713,484,1.5613
8.2756,484,1.5613
8.2799,485,1.5645
8.2842,486,1.5677
8.2885,487,1.5710
8.2928,488,1.5742
8.2971,487,1.5710
8.3014,486,1.5677
8.3063,488,1.5742
8.3106,490,1.5806
8.3149,490,1.5806
8.3192,489,1.5774
8.3235,490,1.5806
8.3278,491,1.5839
8.3321,492,1.5871
8.3364,493,1.5903
8.3407,492,1.5871
8.3450,494,1.5935
8.3493,495,1.5968
8.3536,495,1.5968
8.3578,494,1.5935
8.3622,494,1.5935
8.3665,494,1.5935
8.3708,498,1.6065
8.3751,506,1.6323
8.3794,516,1.6645
8.3837,527,1.7000
8.3879,537,1.7323
8.3922,547,1.7645
8.3965,557,1.7968
8.4008,567,1.8290
8.4051,574,1.8516
8.4094,584,1.8839
8.4137,591,1.9065
8.4181,598,1.9290
8.4224,601,1.9387
8.4267,601,1.9387
8.4311,603,1.9452
8.4354,606,1.9548
8.4397,609,1.9645
8.4440,612,1.9742
8.4484,614,1.9806
8.4527,613,1.9774
8.4570,612,1.9742
8.4614,609,1.9645
8.4657,605,1.9516
8.4700,600,1.9355
8.4744,592,1.9097
8.4787,585,1.8871
8.4830,576,1.8581
8.4874,566,1.8258
8.4923,556,1.7935
8.4985,541,1.7452
8.5029,529,1.7065
8.5073,516,1.6645
8.5116,508,1.6387
8.5159,498,1.6065
8.5202,487,1.5710
8.5244,478,1.5419
8.5287,470,1.5161
8.5330,461,1.4871
8.5372,458,1.4774
8.5414,458,1.4774
8.5457,460,1.4839
8.5499,462,1.4903
8.5542,462,1.4903
8.5585,464,1.4968
8.5628,465,1.5000
8.5671,465,1.5000
8.5714,467,1.5065
8.5757,469,1.5129
8.5800,469,1.5129
8.5843,469,1.5129
8.5885,470,1.5161
8.5929,471,1.5194
8.5971,472,1.5226
8.6014,473,1.5258
8.6057,474,1.5290
8.6100,474,1.5290
8.6144,475,1.5323
8.6187,475,1.5323
8.6230,475,1.5323
8.6274,477,1.5387
8.6317,478,1.5419
8.6360,479,1.5452
8.6404,479,1.5452
8.6447,480,1.5484
8.6490,482,1.5548
8.6533,482,1.5548
8.6577,482,1.5548
8.6620,483,1.5581
8.6663,484,1.5613
8.6707,484,1.5613
8.6750,484,1.5613
8.6794,485,1.5645
8.6837,485,1.5645
8.6880,486,1.5677
8.6923,488,1.5742
8.6967,489,1.5774
8.7010,489,1.5774
8.7053,489,1.5774
8.7096,489,1.5774
8.7140,490,1.5806
8.7183,491,1.5839
8.7226,491,1.5839
8.7269,491,1.5839
8.7312,491,1.5839
8.7355,492,1.5871
8.7397,493,1.5903
8.7440,493,1.5903
8.7483,496,1.6000
8.7527,495,1.5968
8.7570,496,1.6000
8.7613,496,1.6000
8.7655,496,1.6000
8.7698,496,1.6000
8.7741,495,1.5968
8.7785,497,1.6032
8.7828,497,1.6032
8.7871,498,1.6065
8.7913,499,1.6097
8.7957,499,1.6097
8.7999,498,1.6065
8.8042,500,1.6129
8.8085,501,1.6161
8.8128,500,1.6129
8.8172,502,1.6194
8.8215,502,1.6194
8.8258,504,1.6258
8.8301,504,1.6258
8.8345,505,1.6290
8.8388,504,1.6258
8.8431,504,1.6258
8.8475,503,1.6226
8.8518,504,1.6258
8.8561,504,1.6258
8.8604,505,1.6290
8.8648,507,1.6355
8.8691,508,1.6387
8.8734,507,1.6355
8.8778,506,1.6323
8.8821,506,1.6323
8.8865,508,1.6387
8.8908,508,1.6387
8.8951,507,1.6355
8.8995,507,1.6355
8.9038,509,1.6419
8.9081,510,1.6452
8.9125,510,1.6452
8.9168,511,1.6484
8.9211,512,1.6516
8.9254,512,1.6516
8.9297,512,1.6516
8.9340,510,1.6452
8.9383,510,1.6452
8.9426,511,1.6484
8.9469,513,1.6548
8.9512,514,1.6581
8.9555,514,1.6581
8.9598,514,1.6581
8.9640,513,1.6548
8.9684,512,1.6516
8.9726,513,1.6548
8.9770,513,1.6548
8.9813,513,1.6548
8.9855,513,1.6548
8.9898,514,1.6581
8.9941,515,1.6613
8.9984,515,1.6613
9.0027,516,1.6645
9.0070,516,1.6645
9.0113,515,1.6613
9.0156,516,1.6645
9.0199,517,1.6677
9.0243,516,1.6645
9.0286,516,1.6645
9.0329,516,1.6645
9.0372,518,1.6710
9.0416,517,1.6677
9.0459,519,1.6742
9.0502,517,1.6677
9.0546,518,1.6710
9.0589,517,1.6677
9.0632,517,1.6677
9.0676,518,1.6710
9.0719,519,1.6742
9.0762,518,1.6710
9.0806,519,1.6742
9.0849,520,1.6774
9.0893,519,1.6742
9.0936,520,1.6774
9.0981,519,1.6742
9.1026,521,1.6806
9.1071,520,1.6774
9.1114,521,1.6806
9.1157,521,1.6806
9.1201,520,1.6774
9.1244,520,1.6774
9.1287,521,1.6806
9.1330,519,1.6742
9.1373,520,1.6774
9.1416,520,1.6774
9.1459,520,1.6774
9.1501,521,1.6806
9.1544,520,1.6774
9.1587,522,1.6839
9.1630,523,1.6871
9.1673,521,1.6806
9.1716,521,1.6806
9.1759,521,1.6806
9.1802,521,1.6806
9.1845,522,1.6839
9.1888,523,1.6871
9.1931,522,1.6839
9.1974,522,1.6839
9.2017,522,1.6839
9.2060,521,1.6806
9.2103,522,1.6839
9.2146,522,1.6839
9.2189,522,1.6839
9.2232,522,1.6839
9.2276,522,1.6839
9.2319,522,1.6839
9.2362,522,1.6839
9.2406,522,1.6839
9.2449,523,1.6871
9.2492,523,1.6871
9.2535,522,1.6839
9.2579,521,1.6806
9.2622,522,1.6839
9.2665,522,1.6839
9.2709,521,1.6806
9.2752,521,1.6806
9.2795,521,1.6806
9.2839,523,1.6871
9.2882,521,1.6806
9.2926,522,1.6839
9.2969,521,1.6806
9.3012,522,1.6839
9.3056,522,1.6839
9.3103,522,1.6839
9.3147,522,1.6839
9.3190,521,1.6806
9.3233,521,1.6806
9.3276,521,1.6806
9.3319,521,1.6806
9.3362,521,1.6806
9.3405,521,1.6806
9.3448,522,1.6839
9.3491,524,1.6903
9.3534,524,1.6903
9.3577,523,1.6871
9.3620,522,1.6839
9.3662,523,1.6871
9.3706,522,1.6839
9.3749,523,1.6871
9.3791,522,1.6839
9.3834,522,1.6839
9.3877,522,1.6839
9.3920,524,1.6903
9.3964,523,1.6871
9.4008,523,1.6871
9.4053,523,1.6871
9.4096,523,1.6871
9.4140,524,1.6903
9.4183,524,1.6903
9.4226,524,1.6903
9.4269,523,1.6871
9.4312,523,1.6871
9.4355,523,1.6871
9.4398,522,1.6839
9.4441,521,1.6806
9.4484,522,1.6839
9.4527,522,1.6839
9.4570,525,1.6935
9.4613,524,1.6903
9.4656,523,1.6871
9.4699,523,1.6871
9.4742,523,1.6871
9.4785,522,1.6839
9.4828,526,1.6968
9.4871,535,1.7258
9.4914,546,1.7613
9.4957,555,1.7903
9.5000,566,1.8258
9.5042,576,1.8581
9.5085,583,1.8806
9.5128,587,1.8935
9.5171,589,1.9000
9.5215,588,1.8968
9.5258,583,1.8806
9.5301,578,1.8645
9.5344,570,1.8387
9.5388,560,1.8065
9.5431,547,1.7645
9.5474,537,1.7323
9.5517,526,1.6968
9.5561,514,1.6581
9.5604,508,1.6387
9.5647,506,1.6323
9.5691,506,1.6323
9.5734,507,1.6355
9.5778,508,1.6387
9.5821,508,1.6387
9.5864,509,1.6419
9.5908,510,1.6452
9.5951,510,1.6452
9.5995,509,1.6419
9.6038,511,1.6484
9.6081,509,1.6419
9.6124,510,1.6452
9.6169,511,1.6484
9.6212,510,1.6452
9.6255,511,1.6484
9.6298,510,1.6452
9.6341,509,1.6419
9.6384,503,1.6226
9.6427,484,1.5613
9.6470,459,1.4806
9.6513,447,1.4419
9.6556,476,1.5355
9.6599,551,1.7774
9.6641,665,2.1452
9.6684,801,2.5839
9.6728,929,2.9968
9.6772,982,3.1677
9.6815,940,3.0323
9.6858,828,2.6710
9.6900,686,2.2129
9.6943,553,1.7839
9.6985,468,1.5097
9.7028,429,1.3839
9.7071,422,1.3613
9.7113,436,1.4065
9.7156,457,1.4742
9.7199,470,1.5161
9.7242,475,1.5323
9.7285,477,1.5387
9.7328,477,1.5387
9.7371,476,1.5355
9.7415,477,1.5387
9.7458,478,1.5419
9.7500,479,1.5452
9.7543,480,1.5484
9.7586,481,1.5516
9.7629,481,1.5516
9.7672,480,1.5484
9.7715,482,1.5548
9.7758,482,1.5548
9.7801,483,1.5581
9.7845,484,1.5613
9.7888,484,1.5613
9.7930,486,1.5677
9.7973,486,1.5677
9.8016,487,1.5710
9.8059,487,1.5710
9.8102,487,1.5710
9.8145,489,1.5774
9.8188,489,1.5774
9.8231,490,1.5806
9.8273,491,1.5839
9.8317,492,1.5871
9.8359,492,1.5871
9.8402,492,1.5871
9.8445,493,1.5903
9.8489,493,1.5903
9.8531,493,1.5903
9.8574,494,1.5935
9.8617,495,1.5968
9.8660,495,1.5968
9.8703,496,1.6000
9.8746,497,1.6032
9.8789,501,1.6161
9.8832,510,1.6452
9.8875,520,1.6774
9.8918,530,1.7097
9.8961,540,1.7419
9.9004,550,1.7742
9.9047,559,1.8032
9.9090,568,1.8323
9.9133,579,1.8677
9.9176,587,1.8935
9.9219,593,1.9129
9.9263,600,1.9355
9.9306,605,1.9516
9.9349,610,1.9677
9.9392,614,1.9806
9.9434,615,1.9839
9.9478,615,1.9839
9.9521,615,1.9839
9.9563,613,1.9774
9.9606,611,1.9710
9.9649,606,1.9548
9.9692,601,1.9387
9.9735,597,1.9258
9.9778,589,1.9000
9.9821,580,1.8710
9.9864,571,1.8419
9.9908,562,1.8129
9.9951,551,1.7774
9.9995,541,1.7452
10.0041,529,1.7065
10.0085,520,1.6774
10.0130,510,1.6452
10.0175,498,1.6065
10.0220,486,1.5677
10.0266,477,1.5387
10.0311,468,1.5097
10.0356,461,1.4871
10.0401,460,1.4839
10.0446,461,1.4871
10.0489,463,1.4935
10.0532,464,1.4968
10.0575,464,1.4968
10.0618,465,1.5000
10.0661,466,1.5032
10.0705,468,1.5097
10.0748,468,1.5097
10.0791,470,1.5161
10.0834,470,1.5161
10.0877,470,1.5161
10.0920,471,1.5194
10.0963,472,1.5226
10.1006,474,1.5290
10.1049,475,1.5323
10.1092,476,1.5355
10.1135,478,1.5419
10.1178,478,1.5419
10.1222,478,1.5419
10.1265,479,1.5452
10.1308,480,1.5484
10.1351,479,1.5452
10.1394,480,1.5484
10.1437,480,1.5484
10.1480,482,1.5548
10.1523,483,1.5581
10.1566,483,1.5581
10.1609,484,1.5613
10.1652,483,1.5581
10.1695,484,1.5613
10.1738,484,1.5613
10.1786,486,1.5677
10.1829,486,1.5677
10.1874,486,1.5677
10.1917,487,1.5710
10.1960,487,1.5710
10.2003,489,1.5774
10.2046,489,1.5774
10.2089,490,1.5806
10.2132,491,1.5839
10.2175,491,1.5839
10.2218,491,1.5839
10.2261,492,1.5871
10.2304,491,1.5839
10.2347,493,1.5903
10.2390,493,1.5903
10.2433,494,1.5935
10.2476,494,1.5935
10.2519,495,1.5968
10.2562,495,1.5968
10.2605,496,1.6000
10.2648,496,1.6000
10.2691,497,1.6032
10.2735,497,1.6032
10.2778,497,1.6032
10.2821,498,1.6065
10.2864,498,1.6065
10.2907,498,1.6065
10.2951,500,1.6129
10.2995,501,1.6161
10.3039,502,1.6194
10.3083,502,1.6194
10.3126,503,1.6226
10.3170,503,1.6226
10.3213,503,1.6226
10.3256,504,1.6258
10.3299,505,1.6290
10.3347,505,1.6290
10.3390,505,1.6290
10.3433,505,1.6290
10.3476,505,1.6290
10.3519,506,1.6323
10.3563,506,1.6323
10.3605,506,1.6323
10.3648,507,1.6355
10.3691,507,1.6355
10.3734,507,1.6355
10.3777,507,1.6355
10.3821,508,1.6387
10.3864,509,1.6419
10.3906,509,1.6419
10.3949,510,1.6452
10.3992,509,1.6419
10.4035,509,1.6419
10.4078,510,1.6452
10.4121,509,1.6419
10.4165,510,1.6452
10.4208,511,1.6484
10.4251,511,1.6484
10.4294,513,1.6548
10.4337,513,1.6548
10.4380,511,1.6484
10.4423,512,1.6516
10.4466,513,1.6548
10.4509,514,1.6581
10.4552,514,1.6581
10.4595,514,1.6581
10.4638,513,1.6548
10.4680,514,1.6581
10.4723,513,1.6548
10.4766,515,1.6613
10.4810,514,1.6581
10.4853,514,1.6581
10.4896,514,1.6581
10.4939,515,1.6613
10.4982,514,1.6581
10.5025,514,1.6581
10.5068,514,1.6581
10.5111,514,1.6581
10.5154,514,1.6581
10.5197,514,1.6581
10.5240,516,1.6645
10.5283,516,1.6645
10.5326,517,1.6677
10.5369,517,1.6677
10.5412,517,1.6677
10.5455,517,1.6677
10.5498,518,1.6710
10.5541,519,1.6742
10.5584,518,1.6710
10.5627,518,1.6710
10.5670,518,1.6710
10.5713,519,1.6742
10.5756,519,1.6742
10.5799,517,1.6677
10.5842,518,1.6710
10.5885,518,1.6710
10.5928,519,1.6742
10.5971,519,1.6742
10.6014,519,1.6742
10.6057,519,1.6742
10.6100,519,1.6742
10.6143,520,1.6774
10.6186,520,1.6774
10.6229,519,1.6742
10.6272,520,1.6774
10.6315,521,1.6806
10.6358,521,1.6806
10.6402,520,1.6774
10.6445,521,1.6806
10.6488,521,1.6806
10.6531,520,1.6774
10.6574,520,1.6774
10.6617,522,1.6839
10.6660,520,1.6774
10.6703,519,1.6742
10.6745,519,1.6742
10.6789,521,1.6806
10.6832,520,1.6774
10.6875,520,1.6774
10.6918,520,1.6774
10.6960,521,1.6806
10.7003,521,1.6806
10.7047,521,1.6806
10.7089,521,1.6806
10.7132,522,1.6839
10.7175,520,1.6774
10.7218,521,1.6806
10.7261,522,1.6839
10.7304,523,1.6871
10.7347,522,1.6839
10.7390,522,1.6839
10.7433,523,1.6871
10.7476,523,1.6871
10.7519,523,1.6871
10.7562,524,1.6903
10.7605,523,1.6871
10.7648,522,1.6839
10.7691,523,1.6871
10.7734,523,1.6871
10.7777,522,1.6839
10.7820,523,1.6871
10.7863,522,1.6839
10.7906,523,1.6871
10.7949,523,1.6871
10.7992,521,1.6806
10.8035,523,1.6871
10.8078,523,1.6871
10.8121,522,1.6839
10.8164,522,1.6839
10.8207,522,1.6839
10.8250,524,1.6903
10.8293,524,1.6903
10.8336,524,1.6903
10.8379,523,1.6871
10.8422,523,1.6871
10.8465,523,1.6871
10.8508,522,1.6839
10.8551,525,1.6935
10.8594,525,1.6935
10.8637,525,1.6935
10.8680,524,1.6903
10.8723,524,1.6903
10.8768,524,1.6903
10.8811,522,1.6839
10.8854,523,1.6871
10.8897,523,1.6871
10.8940,523,1.6871
10.8985,523,1.6871
10.9029,523,1.6871
10.9073,523,1.6871
10.9116,522,1.6839
10.9158,523,1.6871
10.9201,523,1.6871
10.9244,523,1.6871
10.9288,523,1.6871
10.9331,522,1.6839
10.9374,522,1.6839
10.9417,523,1.6871
10.9460,523,1.6871
10.9503,522,1.6839
10.9546,522,1.6839
10.9589,523,1.6871
10.9632,522,1.6839
10.9675,522,1.6839
10.9718,523,1.6871
10.9761,523,1.6871
10.9804,525,1.6935
10.9847,531,1.7129
10.9891,541,1.7452
10.9933,553,1.7839
10.9976,564,1.8194
11.0019,572,1.8452
11.0062,579,1.8677
11.0105,585,1.8871
11.0148,590,1.9032
11.0191,591,1.9065
11.0234,588,1.8968
11.0277,584,1.8839
11.0320,578,1.8645
11.0363,571,1.8419
11.0406,562,1.8129
11.0449,551,1.7774
11.0492,541,1.7452
11.0535,529,1.7065
11.0578,518,1.6710
11.0621,510,1.6452
11.0664,506,1.6323
11.0707,506,1.6323
11.0750,506,1.6323
11.0793,508,1.6387
11.0836,508,1.6387
11.0879,508,1.6387
11.0922,509,1.6419
11.0965,509,1.6419
11.1008,509,1.6419
11.1051,508,1.6387
11.1094,510,1.6452
11.1192,511,1.6484
11.1236,510,1.6452
11.1279,511,1.6484
11.1322,511,1.6484
11.1365,510,1.6452
11.1408,505,1.6290
11.1451,489,1.5774
11.1494,465,1.5000
11.1537,449,1.4484
11.1580,471,1.5194
11.1623,540,1.7419
11.1666,649,2.0935
11.1710,784,2.5290
11.1753,912,2.9419
11.1796,983,3.1710
11.1839,954,3.0774
11.1882,848,2.7355
11.1925,708,2.2839
11.1969,564,1.8194
11.2014,472,1.5226
11.2058,430,1.3871
11.2101,423,1.3645
11.2145,439,1.4161
11.2188,458,1.4774
11.2231,472,1.5226
11.2274,477,1.5387
11.2316,478,1.5419
11.2360,478,1.5419
11.2403,479,1.5452
11.2446,480,1.5484
11.2489,480,1.5484
11.2532,481,1.5516
11.2575,482,1.5548
11.2618,481,1.5516
11.2660,482,1.5548
11.2703,483,1.5581
11.2746,484,1.5613
11.2790,484,1.5613
11.2832,485,1.5645
11.2876,486,1.5677
11.2918,487,1.5710
11.2962,487,1.5710
11.3005,487,1.5710
11.3047,488,1.5742
11.3090,487,1.5710
11.3133,489,1.5774
11.3176,490,1.5806
11.3219,490,1.5806
11.3262,490,1.5806
11.3305,489,1.5774
11.3348,490,1.5806
11.3391,489,1.5774
11.3434,490,1.5806
11.3477,491,1.5839
11.3520,492,1.5871
11.3563,492,1.5871
11.3606,493,1.5903
11.3649,493,1.5903
11.3692,494,1.5935
11.3735,494,1.5935
11.3778,495,1.5968
11.3821,500,1.6129
11.3864,510,1.6452
11.3907,520,1.6774
11.3951,531,1.7129
11.3994,541,1.7452
11.4037,552,1.7806
11.4080,561,1.8097
11.4123,569,1.8355
11.4166,578,1.8645
11.4209,586,1.8903
11.4252,593,1.9129
11.4295,599,1.9323
11.4338,604,1.9484
11.4381,608,1.9613
11.4424,613,1.9774
11.4467,615,1.9839
11.4510,615,1.9839
11.4552,616,1.9871
11.4596,614,1.9806
11.4638,610,1.9677
11.4681,607,1.9581
11.4726,601,1.9387
11.4771,593,1.9129
11.4814,585,1.8871
11.4857,576,1.8581
11.4900,569,1.8355
11.4943,560,1.8065
11.4986,550,1.7742
11.5029,540,1.7419
11.5072,528,1.7032
11.5114,518,1.6710
11.5157,509,1.6419
11.5201,498,1.6065
11.5243,489,1.5774
11.5286,479,1.5452
11.5330,470,1.5161
11.5373,461,1.4871
11.5416,459,1.4806
11.5459,458,1.4774
11.5502,459,1.4806
11.5545,461,1.4871
11.5589,463,1.4935
11.5632,464,1.4968
11.5675,464,1.4968
11.5717,466,1.5032
11.5760,467,1.5065
11.5804,467,1.5065
11.5847,468,1.5097
11.5890,469,1.5129
11.5933,470,1.5161
11.5975,471,1.5194
11.6019,472,1.5226
11.6061,473,1.5258
11.6104,474,1.5290
11.6147,475,1.5323
11.6190,474,1.5290
11.6233,475,1.5323
11.6276,476,1.5355
11.6319,478,1.5419
11.6362,478,1.5419
11.6406,478,1.5419
11.6449,478,1.5419
11.6492,479,1.5452
11.6535,481,1.5516
11.6579,482,1.5548
11.6622,483,1.5581
11.6665,484,1.5613
11.6709,485,1.5645
11.6752,486,1.5677
11.6795,486,1.5677
11.6839,486,1.5677
11.6882,487,1.5710
11.6926,487,1.5710
11.6969,488,1.5742
11.7013,488,1.5742
11.7056,489,1.5774
11.7099,489,1.5774
11.7143,490,1.5806
11.7186,490,1.5806
11.7229,490,1.5806
11.7272,491,1.5839
11.7316,492,1.5871
11.7359,492,1.5871
11.7402,492,1.5871
11.7445,493,1.5903
11.7488,494,1.5935
11.7531,495,1.5968
11.7574,496,1.6000
11.7617,496,1.6000
11.7660,496,1.6000
11.7703,496,1.6000
11.7746,499,1.6097
11.7789,499,1.6097
11.7832,498,1.6065
11.7875,499,1.6097
11.7918,500,1.6129
11.7961,500,1.6129
11.8007,500,1.6129
11.8051,501,1.6161
11.8095,502,1.6194
11.8137,502,1.6194
11.8180,503,1.6226
11.8222,502,1.6194
11.8265,503,1.6226
11.8308,504,1.6258
11.8351,504,1.6258
11.8393,503,1.6226
11.8436,504,1.6258
11.8479,505,1.6290
11.8522,505,1.6290
11.8565,506,1.6323
11.8607,507,1.6355
11.8650,507,1.6355
11.8693,508,1.6387
11.8736,508,1.6387
11.8779,509,1.6419
11.8821,509,1.6419
11.8864,508,1.6387
11.8908,508,1.6387
11.8950,508,1.6387
11.8993,509,1.6419
11.9036,510,1.6452
11.9078,510,1.6452
11.9121,510,1.6452
11.9163,509,1.6419
11.9206,511,1.6484
11.9249,511,1.6484
11.9291,511,1.6484
11.9334,511,1.6484
11.9377,512,1.6516
11.9419,512,1.6516
11.9462,513,1.6548
11.9505,512,1.6516
11.9548,511,1.6484
11.9590,510,1.6452
11.9633,510,1.6452
11.9676,512,1.6516
11.9719,513,1.6548
11.9761,514,1.6581
11.9804,514,1.6581
11.9846,515,1.6613
11.9889,515,1.6613
11.9932,515,1.6613
11.9974,515,1.6613
12.0017,515,1.6613
12.0059,514,1.6581
12.0102,514,1.6581
12.0144,516,1.6645
12.0187,515,1.6613
12.0229,516,1.6645
12.0271,516,1.6645
12.0314,516,1.6645
12.0356,517,1.6677
12.0399,516,1.6645
12.0443,517,1.6677
12.0485,517,1.6677
12.0529,517,1.6677
12.0572,516,1.6645
12.0615,516,1.6645
12.0657,516,1.6645
12.0700,517,1.6677
12.0744,517,1.6677
12.0787,517,1.6677
12.0829,517,1.6677
12.0872,518,1.6710
12.0915,518,1.6710
12.0958,519,1.6742
12.1005,520,1.6774
12.1049,519,1.6742
12.1093,520,1.6774
12.1136,520,1.6774
12.1180,521,1.6806
12.1223,519,1.6742
12.1266,519,1.6742
12.1309,518,1.6710
12.1352,519,1.6742
12.1395,520,1.6774
12.1438,520,1.6774
12.1480,520,1.6774
12.1523,520,1.6774
12.1566,521,1.6806
12.1609,521,1.6806
12.1651,522,1.6839
12.1694,521,1.6806
12.1737,522,1.6839
12.1780,522,1.6839
12.1822,521,1.6806
12.1865,521,1.6806
12.1908,521,1.6806
12.1950,522,1.6839
12.1993,522,1.6839
12.2036,522,1.6839
12.2079,521,1.6806
12.2121,521,1.6806
12.2164,521,1.6806
12.2207,520,1.6774
12.2249,519,1.6742
12.2292,520,1.6774
12.2335,521,1.6806
12.2377,522,1.6839
12.2420,522,1.6839
12.2463,521,1.6806
12.2507,522,1.6839
12.2550,522,1.6839
12.2592,523,1.6871
12.2635,521,1.6806
12.2678,521,1.6806
12.2722,521,1.6806
12.2765,521,1.6806
12.2808,521,1.6806
12.2851,521,1.6806
12.2894,521,1.6806
12.2937,520,1.6774
12.2980,521,1.6806
12.3023,520,1.6774
12.3066,521,1.6806
12.3109,521,1.6806
12.3152,521,1.6806
12.3195,521,1.6806
12.3238,522,1.6839
12.3281,522,1.6839
12.3324,522,1.6839
12.3367,522,1.6839
12.3411,522,1.6839
12.3453,522,1.6839
12.3496,523,1.6871
12.3539,524,1.6903
12.3582,524,1.6903
12.3626,523,1.6871
12.3669,522,1.6839
12.3712,522,1.6839
12.3755,522,1.6839
12.3798,522,1.6839
12.3841,523,1.6871
12.3884,523,1.6871
12.3927,523,1.6871
12.3970,523,1.6871
12.4013,522,1.6839
12.4056,521,1.6806
12.4099,522,1.6839
12.4142,521,1.6806
12.4185,523,1.6871
12.4228,522,1.6839
12.4271,523,1.6871
12.4314,522,1.6839
12.4357,522,1.6839
12.4400,522,1.6839
12.4443,523,1.6871
12.4486,523,1.6871
12.4529,522,1.6839
12.4572,522,1.6839
12.4615,522,1.6839
12.4658,522,1.6839
12.4701,523,1.6871
12.4744,523,1.6871
12.4787,522,1.6839
12.4830,522,1.6839
12.4873,523,1.6871
12.4916,530,1.7097
12.4959,538,1.7355
12.5002,549,1.7710
12.5045,560,1.8065
12.5088,571,1.8419
12.5131,577,1.8613
12.5174,583,1.8806
12.5217,589,1.9000
12.5260,590,1.9032
12.5303,589,1.9000
12.5346,585,1.8871
12.5390,578,1.8645
12.5432,569,1.8355
12.5476,558,1.8000
12.5519,549,1.7710
12.5562,537,1.7323
12.5605,525,1.6935
12.5648,515,1.6613
12.5691,508,1.6387
12.5734,507,1.6355
12.5777,507,1.6355
12.5820,507,1.6355
12.5863,509,1.6419
12.5906,509,1.6419
12.5948,510,1.6452
12.5991,510,1.6452
12.6034,510,1.6452
12.6077,510,1.6452
12.6119,511,1.6484
12.6162,511,1.6484
12.6205,512,1.6516
12.6248,511,1.6484
12.6291,512,1.6516
12.6333,511,1.6484
12.6376,511,1.6484
12.6419,511,1.6484
12.6462,511,1.6484
12.6506,506,1.6323
12.6548,490,1.5806
12.6591,465,1.5000
12.6634,448,1.4452
12.6677,466,1.5032
12.6721,534,1.7226
12.6764,641,2.0677
12.6807,773,2.4935
12.6850,903,2.9129
12.6893,979,3.1581
12.6937,956,3.0839
12.6981,851,2.7452
12.7026,706,2.2774
12.7070,563,1.8161
12.7113,473,1.5258
12.7157,430,1.3871
12.7200,422,1.3613
12.7243,434,1.4000
12.7286,455,1.4677
12.7329,469,1.5129
12.7372,475,1.5323
12.7415,477,1.5387
12.7460,477,1.5387
12.7503,477,1.5387
12.7547,477,1.5387
12.7589,478,1.5419
12.7632,479,1.5452
12.7676,480,1.5484
12.7719,481,1.5516
12.7761,482,1.5548
12.7804,484,1.5613
12.7846,484,1.5613
12.7889,485,1.5645
12.7932,485,1.5645
12.7975,485,1.5645
12.8018,485,1.5645
12.8061,486,1.5677
12.8104,487,1.5710
12.8147,487,1.5710
12.8190,488,1.5742
12.8232,488,1.5742
12.8275,489,1.5774
12.8318,490,1.5806
12.8361,492,1.5871
12.8404,493,1.5903
12.8447,493,1.5903
12.8489,493,1.5903
12.8533,494,1.5935
12.8575,494,1.5935
12.8618,494,1.5935
12.8660,494,1.5935
12.8703,494,1.5935
12.8745,495,1.5968
12.8788,495,1.5968
12.8834,496,1.6000
12.8876,495,1.5968
12.8919,499,1.6097
12.8961,509,1.6419
12.9004,518,1.6710
12.9047,529,1.7065
12.9089,539,1.7387
12.9133,550,1.7742
12.9176,560,1.8065
12.9219,569,1.8355
12.9263,578,1.8645
12.9307,586,1.8903
12.9350,593,1.9129
12.9393,600,1.9355
12.9436,606,1.9548
12.9479,611,1.9710
12.9522,614,1.9806
12.9564,618,1.9935
12.9607,617,1.9903
12.9650,615,1.9839
12.9692,614,1.9806
12.9735,612,1.9742
12.9778,607,1.9581
12.9821,602,1.9419
12.9863,596,1.9226
12.9906,589,1.9000
12.9949,580,1.8710
12.9994,571,1.8419
13.0038,562,1.8129
13.0082,550,1.7742
13.0125,541,1.7452
13.0168,531,1.7129
13.0211,521,1.6806
13.0254,509,1.6419
13.0297,498,1.6065
13.0339,488,1.5742
13.0382,479,1.5452
13.0425,470,1.5161
13.0467,462,1.4903
13.0510,459,1.4806
13.0553,459,1.4806
13.0597,462,1.4903
13.0639,463,1.4935
13.0682,464,1.4968
13.0726,466,1.5032
13.0768,467,1.5065
13.0812,468,1.5097
13.0855,467,1.5065
13.0898,467,1.5065
13.0941,468,1.5097
13.0984,469,1.5129
13.1027,470,1.5161
13.1070,471,1.5194
13.1113,472,1.5226
13.1156,473,1.5258
13.1199,475,1.5323
13.1242,475,1.5323
13.1284,476,1.5355
13.1327,478,1.5419
13.1370,478,1.5419
13.1413,479,1.5452
13.1456,479,1.5452
13.1499,479,1.5452
13.1542,480,1.5484
13.1585,481,1.5516
13.1629,482,1.5548
13.1672,482,1.5548
13.1715,484,1.5613
13.1759,485,1.5645
13.1802,485,1.5645
13.1846,485,1.5645
13.1889,487,1.5710
13.1932,488,1.5742
13.1975,488,1.5742
13.2019,488,1.5742
13.2062,488,1.5742
13.2105,488,1.5742
13.2149,489,1.5774
13.2192,489,1.5774
13.2235,490,1.5806
13.2279,491,1.5839
13.2322,491,1.5839
13.2365,491,1.5839
13.2408,493,1.5903
13.2452,494,1.5935
13.2496,495,1.5968
13.2539,495,1.5968
13.2582,494,1.5935
13.2626,496,1.6000
13.2669,496,1.6000
13.2712,497,1.6032
13.2755,497,1.6032
13.2798,496,1.6000
13.2841,497,1.6032
13.2884,498,1.6065
13.2927,499,1.6097
13.2969,501,1.6161
13.3012,501,1.6161
13.3055,502,1.6194
13.3098,503,1.6226
13.3141,502,1.6194
13.3184,503,1.6226
13.3227,503,1.6226
13.3270,503,1.6226
13.3313,503,1.6226
13.3356,504,1.6258
13.3399,505,1.6290
13.3441,505,1.6290
13.3484,505,1.6290
13.3527,505,1.6290
13.3571,506,1.6323
13.3614,506,1.6323
13.3658,506,1.6323
13.3701,507,1.6355
13.3744,507,1.6355
13.3787,507,1.6355
13.3831,508,1.6387
13.3874,508,1.6387
13.3917,507,1.6355
13.3961,508,1.6387
13.4004,508,1.6387
13.4047,509,1.6419
13.4091,510,1.6452
13.4134,510,1.6452
13.4177,510,1.6452
13.4220,510,1.6452
13.4264,510,1.6452
13.4307,510,1.6452
13.4350,511,1.6484
13.4394,510,1.6452
13.4437,511,1.6484
13.4480,511,1.6484
13.4524,511,1.6484
13.4567,511,1.6484
13.4610,511,1.6484
13.4653,511,1.6484
13.4696,512,1.6516
13.4739,513,1.6548
13.4782,513,1.6548
13.4825,513,1.6548
13.4868,513,1.6548
13.4911,513,1.6548
13.4954,514,1.6581
13.4997,516,1.6645
13.5040,515,1.6613
13.5083,515,1.6613
13.5126,514,1.6581
13.5169,515,1.6613
13.5212,515,1.6613
13.5255,516,1.6645
13.5298,517,1.6677
13.5341,516,1.6645
13.5384,517,1.6677
13.5427,517,1.6677
13.5469,516,1.6645
13.5513,518,1.6710
13.5556,518,1.6710
13.5600,518,1.6710
13.5643,517,1.6677
13.5687,516,1.6645
13.5731,517,1.6677
13.5776,518,1.6710
13.5819,518,1.6710
13.5862,517,1.6677
13.5906,517,1.6677
13.5950,517,1.6677
13.5997,518,1.6710
13.6041,517,1.6677
13.6086,518,1.6710
13.6129,518,1.6710
13.6173,517,1.6677
13.6216,517,1.6677
13.6260,519,1.6742
13.6303,521,1.6806
13.6347,520,1.6774
13.6390,520,1.6774
13.6433,518,1.6710
13.6476,517,1.6677
13.6521,517,1.6677
13.6564,519,1.6742
13.6607,519,1.6742
13.6650,519,1.6742
13.6693,519,1.6742
13.6736,520,1.6774
13.6779,520,1.6774
13.6822,521,1.6806
13.6865,521,1.6806
13.6908,521,1.6806
13.6951,521,1.6806
13.6994,520,1.6774
13.7037,520,1.6774
13.7080,520,1.6774
13.7123,521,1.6806
13.7166,522,1.6839
13.7208,521,1.6806
13.7251,520,1.6774
13.7294,521,1.6806
13.7337,522,1.6839
13.7380,521,1.6806
13.7423,521,1.6806
13.7466,520,1.6774
13.7509,521,1.6806
13.7552,520,1.6774
13.7595,519,1.6742
13.7639,520,1.6774
13.7682,519,1.6742
13.7727,520,1.6774
13.7772,520,1.6774
13.7815,521,1.6806
13.7859,522,1.6839
13.7902,522,1.6839
13.7945,522,1.6839
13.7988,522,1.6839
13.8032,520,1.6774
13.8075,520,1.6774
13.8118,521,1.6806
13.8162,520,1.6774
13.8205,520,1.6774
13.8248,521,1.6806
13.8291,520,1.6774
13.8335,521,1.6806
13.8378,522,1.6839
13.8421,523,1.6871
13.8465,523,1.6871
13.8508,522,1.6839
13.8551,521,1.6806
13.8595,522,1.6839
13.8637,522,1.6839
13.8680,523,1.6871
13.8723,523,1.6871
13.8766,523,1.6871
13.8809,522,1.6839
13.8852,523,1.6871
13.8895,523,1.6871
13.8938,523,1.6871
13.8981,522,1.6839
13.9026,523,1.6871
13.9070,522,1.6839
13.9114,523,1.6871
13.9157,524,1.6903
13.9200,522,1.6839
13.9243,524,1.6903
13.9286,523,1.6871
13.9329,522,1.6839
13.9373,523,1.6871
13.9416,523,1.6871
13.9458,523,1.6871
13.9501,524,1.6903
13.9545,524,1.6903
13.9588,523,1.6871
13.9631,522,1.6839
13.9674,522,1.6839
13.9716,522,1.6839
13.9760,522,1.6839
13.9803,523,1.6871
13.9846,523,1.6871
13.9889,523,1.6871
13.9932,525,1.6935
13.9975,526,1.6968
14.0018,531,1.7129
14.0061,539,1.7387
14.0104,550,1.7742
14.0147,560,1.8065
14.0191,569,1.8355
14.0234,576,1.8581
14.0277,583,1.8806
14.0319,587,1.8935
14.0362,588,1.8968
14.0406,585,1.8871
14.0449,583,1.8806
14.0492,577,1.8613
14.0535,568,1.8323
14.0578,560,1.8065
14.0621,547,1.7645
14.0664,535,1.7258
14.0707,523,1.6871
14.0750,514,1.6581
14.0793,508,1.6387
14.0836,507,1.6355
14.0879,507,1.6355
14.0922,508,1.6387
14.0965,509,1.6419
14.1008,508,1.6387
14.1051,508,1.6387
14.1094,508,1.6387
14.1137,510,1.6452
14.1180,512,1.6516
14.1224,512,1.6516
14.1267,510,1.6452
14.1310,511,1.6484
14.1352,510,1.6452
14.1395,510,1.6452
14.1439,510,1.6452
14.1482,510,1.6452
14.1525,510,1.6452
14.1568,511,1.6484
14.1612,511,1.6484
14.1655,510,1.6452
14.1698,506,1.6323
14.1741,494,1.5935
14.1784,470,1.5161
14.1827,449,1.4484
14.1870,461,1.4871
14.1913,519,1.6742
14.1956,619,1.9968
14.1999,749,2.4161
14.2042,884,2.8516
14.2085,973,3.1387
14.2129,971,3.1323
14.2172,883,2.8484
14.2215,749,2.4161
14.2258,603,1.9452
14.2301,496,1.6000
14.2344,442,1.4258
14.2387,425,1.3710
14.2434,434,1.4000
14.2477,453,1.4613
14.2520,469,1.5129
14.2563,476,1.5355
14.2606,478,1.5419
14.2650,478,1.5419
14.2693,478,1.5419
14.2736,478,1.5419
14.2778,480,1.5484
14.2821,480,1.5484
14.2865,481,1.5516
14.2908,482,1.5548
14.2951,482,1.5548
14.2994,483,1.5581
14.3037,483,1.5581
14.3080,484,1.5613
14.3123,485,1.5645
14.3166,486,1.5677
14.3209,486,1.5677
14.3252,486,1.5677
14.3295,487,1.5710
14.3338,487,1.5710
14.3381,488,1.5742
14.3424,489,1.5774
14.3467,489,1.5774
14.3510,489,1.5774
14.3553,490,1.5806
14.3596,489,1.5774
14.3639,489,1.5774
14.3683,490,1.5806
14.3727,492,1.5871
14.3771,492,1.5871
14.3814,493,1.5903
14.3863,493,1.5903
14.3906,494,1.5935
14.3949,494,1.5935
14.3992,495,1.5968
14.4035,495,1.5968
14.4078,496,1.6000
14.4121,500,1.6129
14.4164,509,1.6419
14.4207,519,1.6742
14.4250,530,1.7097
14.4293,540,1.7419
14.4336,550,1.7742
14.4379,559,1.8032
14.4422,568,1.8323
14.4465,577,1.8613
14.4508,584,1.8839
14.4551,594,1.9161
14.4594,600,1.9355
14.4637,606,1.9548
14.4681,611,1.9710
14.4724,612,1.9742
14.4767,616,1.9871
14.4810,617,1.9903
14.4853,616,1.9871
14.4896,612,1.9742
14.4940,611,1.9710
14.4983,608,1.9613
14.5028,603,1.9452
14.5071,596,1.9226
14.5115,588,1.8968
14.5158,579,1.8677
14.5200,570,1.8387
14.5243,562,1.8129
14.5286,552,1.7806
14.5328,541,1.7452
14.5371,530,1.7097
14.5414,519,1.6742
14.5457,508,1.6387
14.5500,498,1.6065
14.5543,489,1.5774
14.5585,479,1.5452
14.5628,470,1.5161
14.5671,463,1.4935
14.5713,461,1.4871
14.5756,460,1.4839
14.5799,461,1.4871
14.5841,462,1.4903
14.5884,462,1.4903
14.5927,465,1.5000
14.5970,465,1.5000
14.6012,466,1.5032
14.6055,467,1.5065
14.6097,469,1.5129
14.6141,471,1.5194
14.6184,472,1.5226
14.6226,473,1.5258
14.6269,474,1.5290
14.6312,475,1.5323
14.6355,475,1.5323
14.6398,476,1.5355
14.6440,476,1.5355
14.6483,477,1.5387
14.6530,478,1.5419
14.6573,479,1.5452
14.6615,480,1.5484
14.6659,480,1.5484
14.6702,481,1.5516
14.6745,480,1.5484
14.6788,481,1.5516
14.6831,481,1.5516
14.6874,483,1.5581
14.6917,483,1.5581
14.6960,485,1.5645
14.7003,486,1.5677
14.7046,485,1.5645
14.7089,485,1.5645
14.7132,485,1.5645
14.7175,484,1.5613
14.7218,486,1.5677
14.7261,487,1.5710
14.7304,487,1.5710
14.7347,488,1.5742
14.7390,490,1.5806
14.7433,491,1.5839
14.7476,491,1.5839
14.7519,493,1.5903
14.7562,494,1.5935
14.7606,494,1.5935
14.7649,495,1.5968
14.7692,495,1.5968
14.7735,495,1.5968
14.7778,497,1.6032
14.7821,497,1.6032
14.7863,498,1.6065
14.7906,497,1.6032
14.7948,498,1.6065
14.7992,497,1.6032
14.8036,499,1.6097
14.8079,499,1.6097
14.8122,499,1.6097
14.8164,500,1.6129
14.8207,500,1.6129
14.8250,500,1.6129
14.8292,501,1.6161
14.8335,502,1.6194
14.8377,502,1.6194
14.8420,502,1.6194
14.8462,503,1.6226
14.8505,503,1.6226
14.8548,504,1.6258
14.8591,504,1.6258
14.8634,506,1.6323
14.8677,505,1.6290
14.8720,505,1.6290
14.8763,505,1.6290
14.8807,507,1.6355
14.8849,507,1.6355
14.8892,507,1.6355
14.8935,506,1.6323
14.8979,506,1.6323
14.9022,507,1.6355
14.9066,508,1.6387
14.9109,507,1.6355
14.9152,508,1.6387
14.9196,508,1.6387
14.9239,509,1.6419
14.9282,509,1.6419
14.9326,509,1.6419
14.9369,509,1.6419
14.9412,508,1.6387
14.9455,508,1.6387
14.9498,509,1.6419
14.9541,509,1.6419
14.9584,509,1.6419
14.9627,510,1.6452
14.9671,511,1.6484
14.9713,512,1.6516
14.9757,513,1.6548
14.9800,513,1.6548
14.9843,512,1.6516
14.9886,512,1.6516
14.9929,512,1.6516
14.9972,513,1.6548
15.0015,513,1.6548
15.0058,514,1.6581
15.0101,513,1.6548
15.0152,512,1.6516
15.0201,513,1.6548
15.0255,513,1.6548
15.0299,515,1.6613
15.0344,515,1.6613
15.0388,514,1.6581
15.0433,514,1.6581
15.0477,514,1.6581
15.0520,514,1.6581
15.0562,514,1.6581
15.0605,515,1.6613
15.0648,515,1.6613
15.0691,515,1.6613
15.0733,516,1.6645
15.0776,515,1.6613
15.0818,516,1.6645
15.0860,516,1.6645
15.0903,516,1.6645
15.0945,517,1.6677
15.0987,517,1.6677
15.1030,517,1.6677
15.1072,517,1.6677
15.1115,517,1.6677
15.1157,516,1.6645
15.1199,516,1.6645
15.1242,516,1.6645
15.1284,516,1.6645
15.1327,517,1.6677
15.1369,518,1.6710
15.1411,518,1.6710
15.1454,519,1.6742
15.1496,520,1.6774
15.1538,519,1.6742
15.1580,519,1.6742
15.1623,520,1.6774
15.1665,520,1.6774
15.1709,520,1.6774
15.1752,521,1.6806
15.1794,521,1.6806
15.1837,520,1.6774
15.1880,521,1.6806
15.1923,521,1.6806
15.1966,520,1.6774
15.2009,520,1.6774
15.2052,520,1.6774
15.2095,520,1.6774
15.2138,520,1.6774
15.2181,521,1.6806
15.2224,521,1.6806
15.2273,520,1.6774
15.2316,520,1.6774
15.2359,519,1.6742
15.2402,520,1.6774
15.2445,521,1.6806
15.2488,520,1.6774
15.2531,522,1.6839
15.2574,521,1.6806
15.2617,521,1.6806
15.2663,521,1.6806
15.2707,521,1.6806
15.2750,521,1.6806
15.2792,521,1.6806
15.2835,522,1.6839
15.2878,522,1.6839
15.2921,521,1.6806
15.2964,522,1.6839
15.3006,522,1.6839
15.3054,521,1.6806
15.3097,523,1.6871
15.3140,523,1.6871
15.3183,522,1.6839
15.3226,522,1.6839
15.3269,521,1.6806
15.3312,521,1.6806
15.3355,521,1.6806
15.3397,522,1.6839
15.3440,523,1.6871
15.3483,523,1.6871
15.3526,523,1.6871
15.3569,523,1.6871
15.3611,524,1.6903
15.3654,523,1.6871
15.3697,523,1.6871
15.3740,523,1.6871
15.3783,523,1.6871
15.3826,523,1.6871
15.3875,524,1.6903
15.3918,524,1.6903
15.3961,524,1.6903
15.4005,524,1.6903
15.4048,523,1.6871
15.4092,523,1.6871
15.4136,524,1.6903
15.4178,524,1.6903
15.4221,525,1.6935
15.4264,524,1.6903
15.4307,524,1.6903
15.4350,524,1.6903
15.4392,523,1.6871
15.4435,523,1.6871
15.4478,523,1.6871
15.4520,522,1.6839
15.4564,522,1.6839
15.4606,522,1.6839
15.4649,523,1.6871
15.4692,523,1.6871
15.4742,523,1.6871
15.4785,523,1.6871
15.4827,522,1.6839
15.4870,523,1.6871
15.4913,524,1.6903
15.4956,524,1.6903
15.4999,523,1.6871
15.5041,522,1.6839
15.5084,522,1.6839
15.5127,524,1.6903
15.5170,529,1.7065
15.5213,538,1.7355
15.5256,549,1.7710
15.5299,559,1.8032
15.5341,570,1.8387
15.5384,576,1.8581
15.5427,584,1.8839
15.5470,587,1.8935
15.5513,588,1.8968
15.5555,589,1.9000
15.5598,586,1.8903
15.5641,578,1.8645
15.5684,570,1.8387
15.5727,561,1.8097
15.5770,550,1.7742
15.5813,539,1.7387
15.5856,527,1.7000
15.5898,517,1.6677
15.5941,509,1.6419
15.5984,507,1.6355
15.6027,507,1.6355
15.6069,508,1.6387
15.6112,508,1.6387
15.6154,508,1.6387
15.6198,507,1.6355
15.6241,508,1.6387
15.6283,508,1.6387
15.6326,509,1.6419
15.6369,509,1.6419
15.6412,508,1.6387
15.6455,509,1.6419
15.6497,509,1.6419
15.6544,510,1.6452
15.6587,511,1.6484
15.6630,511,1.6484
15.6673,511,1.6484
15.6716,510,1.6452
15.6759,505,1.6290
15.6802,488,1.5742
15.6845,465,1.5000
15.6887,448,1.4452
15.6930,468,1.5097
15.6973,537,1.7323
15.7017,648,2.0903
15.7061,783,2.5258
15.7104,913,2.9452
15.7147,981,3.1645
15.7189,956,3.0839
15.7233,851,2.7452
15.7276,711,2.2935
15.7318,572,1.8452
15.7362,477,1.5387
15.7405,432,1.3935
15.7448,422,1.3613
15.7490,433,1.3968
15.7533,454,1.4645
15.7576,470,1.5161
15.7619,476,1.5355
15.7661,479,1.5452
15.7706,479,1.5452
15.7749,479,1.5452
15.7792,480,1.5484
15.7836,480,1.5484
15.7878,481,1.5516
15.7921,481,1.5516
15.7964,482,1.5548
15.8006,482,1.5548
15.8049,482,1.5548
15.8092,482,1.5548
15.8135,484,1.5613
15.8180,485,1.5645
15.8223,486,1.5677
15.8266,486,1.5677
15.8308,486,1.5677
15.8351,487,1.5710
15.8394,486,1.5677
15.8437,487,1.5710
15.8479,488,1.5742
15.8522,489,1.5774
15.8565,490,1.5806
15.8608,491,1.5839
15.8651,491,1.5839
15.8693,492,1.5871
15.8736,493,1.5903
15.8779,493,1.5903
15.8822,493,1.5903
15.8865,494,1.5935
15.8908,494,1.5935
15.8950,495,1.5968
15.8997,495,1.5968
15.9040,494,1.5935
15.9082,495,1.5968
15.9125,497,1.6032
15.9168,502,1.6194
15.9211,510,1.6452
15.9258,521,1.6806
15.9301,532,1.7161
15.9343,541,1.7452
15.9386,550,1.7742
15.9429,559,1.8032
15.9472,568,1.8323
15.9515,576,1.8581
15.9557,586,1.8903
15.9600,594,1.9161
15.9643,600,1.9355
15.9686,606,1.9548
15.9729,612,1.9742
15.9772,615,1.9839
15.9815,618,1.9935
15.9858,615,1.9839
15.9901,616,1.9871
15.9943,612,1.9742
15.9986,612,1.9742
16.0029,609,1.9645
16.0072,603,1.9452
16.0115,596,1.9226
16.0157,588,1.8968
16.0200,582,1.8774
16.0243,571,1.8419
16.0286,561,1.8097
16.0329,551,1.7774
16.0372,541,1.7452
16.0414,530,1.7097
16.0457,521,1.6806
16.0500,509,1.6419
16.0543,500,1.6129
16.0586,489,1.5774
16.0629,480,1.5484
16.0672,471,1.5194
16.0715,463,1.4935
16.0758,458,1.4774
16.0801,459,1.4806
16.0844,460,1.4839
16.0886,462,1.4903
16.0929,464,1.4968
16.0971,465,1.5000
16.1014,466,1.5032
16.1056,467,1.5065
16.1099,466,1.5032
16.1142,466,1.5032
16.1184,468,1.5097
16.1228,470,1.5161
16.1271,471,1.5194
16.1314,470,1.5161
16.1356,473,1.5258
16.1398,473,1.5258
16.1441,476,1.5355
16.1484,477,1.5387
16.1526,477,1.5387
16.1569,478,1.5419
16.1611,478,1.5419
16.1654,478,1.5419
16.1696,480,1.5484
16.1739,481,1.5516
16.1782,482,1.5548
16.1826,483,1.5581
16.1869,483,1.5581
16.1913,483,1.5581
16.1956,483,1.5581
16.1999,484,1.5613
16.2042,484,1.5613
16.2086,485,1.5645
16.2129,486,1.5677
16.2172,488,1.5742
16.2215,488,1.5742
16.2259,489,1.5774
16.2303,489,1.5774
16.2346,489,1.5774
16.2390,491,1.5839
16.2433,491,1.5839
16.2476,491,1.5839
16.2520,491,1.5839
16.2563,490,1.5806
16.2606,492,1.5871
16.2649,492,1.5871
16.2693,494,1.5935
16.2738,494,1.5935
16.2782,495,1.5968
16.2825,495,1.5968
16.2868,495,1.5968
16.2912,495,1.5968
16.2955,495,1.5968
16.2999,496,1.6000
16.3043,497,1.6032
16.3087,498,1.6065
16.3131,498,1.6065
16.3174,499,1.6097
16.3217,499,1.6097
16.3259,499,1.6097
16.3303,500,1.6129
16.3346,499,1.6097
16.3389,501,1.6161
16.3432,501,1.6161
16.3474,502,1.6194
16.3517,502,1.6194
16.3560,502,1.6194
16.3603,503,1.6226
16.3646,504,1.6258
16.3689,503,1.6226
16.3733,504,1.6258
16.3777,505,1.6290
16.3820,505,1.6290
16.3863,504,1.6258
16.3906,504,1.6258
16.3949,506,1.6323
16.3992,507,1.6355
16.4035,507,1.6355
16.4078,507,1.6355
16.4121,508,1.6387
16.4164,508,1.6387
16.4243,510,1.6452
16.4287,509,1.6419
16.4330,509,1.6419
16.4373,509,1.6419
16.4416,509,1.6419
16.4459,510,1.6452
16.4502,509,1.6419
16.4545,509,1.6419
16.4589,510,1.6452
16.4631,510,1.6452
16.4674,510,1.6452
16.4717,511,1.6484
16.4760,513,1.6548
16.4804,513,1.6548
16.4847,513,1.6548
16.4890,512,1.6516
16.4933,512,1.6516
16.4976,512,1.6516
16.5019,513,1.6548
16.5062,514,1.6581
16.5104,515,1.6613
16.5147,515,1.6613
16.5190,515,1.6613
16.5233,515,1.6613
16.5276,514,1.6581
16.5320,514,1.6581
16.5363,515,1.6613
16.5406,514,1.6581
16.5449,514,1.6581
16.5492,514,1.6581
16.5534,515,1.6613
16.5578,514,1.6581
16.5621,515,1.6613
16.5664,516,1.6645
16.5707,515,1.6613
16.5750,515,1.6613
16.5793,516,1.6645
16.5837,517,1.6677
16.5880,517,1.6677
16.5922,516,1.6645
16.5966,517,1.6677
16.6010,516,1.6645
16.6054,516,1.6645
16.6098,518,1.6710
16.6141,517,1.6677
16.6184,517,1.6677
16.6227,517,1.6677
16.6270,518,1.6710
16.6313,517,1.6677
16.6356,519,1.6742
16.6399,519,1.6742
16.6442,519,1.6742
16.6485,520,1.6774
16.6527,520,1.6774
16.6570,519,1.6742
16.6613,519,1.6742
16.6656,519,1.6742
16.6699,519,1.6742
16.6742,519,1.6742
16.6785,519,1.6742
16.6829,518,1.6710
16.6871,518,1.6710
16.6914,519,1.6742
16.6957,520,1.6774
16.7001,520,1.6774
16.7044,520,1.6774
16.7087,519,1.6742
16.7130,519,1.6742
16.7173,519,1.6742
16.7216,519,1.6742
16.7259,519,1.6742
16.7302,520,1.6774
16.7345,520,1.6774
16.7388,520,1.6774
16.7431,521,1.6806
16.7474,520,1.6774
16.7517,520,1.6774
16.7560,520,1.6774
16.7603,521,1.6806
16.7646,521,1.6806
16.7689,522,1.6839
16.7733,521,1.6806
16.7776,522,1.6839
16.7819,523,1.6871
16.7861,523,1.6871
16.7904,522,1.6839
16.7946,522,1.6839
16.7989,522,1.6839
16.8032,523,1.6871
16.8074,522,1.6839
16.8117,521,1.6806
16.8159,521,1.6806
16.8202,522,1.6839
16.8245,521,1.6806
16.8287,521,1.6806
16.8330,521,1.6806
16.8373,521,1.6806
16.8415,522,1.6839
16.8458,522,1.6839
16.8501,523,1.6871
16.8543,523,1.6871
16.8586,522,1.6839
16.8629,522,1.6839
16.8671,523,1.6871
16.8714,523,1.6871
16.8757,522,1.6839
16.8799,523,1.6871
16.8843,523,1.6871
16.8886,523,1.6871
16.8929,522,1.6839
16.8972,522,1.6839
16.9015,523,1.6871
16.9058,523,1.6871
16.9101,524,1.6903
16.9143,524,1.6903
16.9187,523,1.6871
16.9229,522,1.6839
16.9272,523,1.6871
16.9315,522,1.6839
16.9358,523,1.6871
16.9401,524,1.6903
16.9444,523,1.6871
16.9487,524,1.6903
16.9530,523,1.6871
16.9573,525,1.6935
16.9616,524,1.6903
16.9658,524,1.6903
16.9701,523,1.6871
16.9745,523,1.6871
16.9788,524,1.6903
16.9831,524,1.6903
16.9874,524,1.6903
16.9917,524,1.6903
16.9960,524,1.6903
17.0003,524,1.6903
17.0046,523,1.6871
17.0089,521,1.6806
17.0132,521,1.6806
17.0174,520,1.6774
17.0217,521,1.6806
17.0260,522,1.6839
17.0303,522,1.6839
17.0346,526,1.6968
17.0389,533,1.7194
17.0432,543,1.7516
17.0474,554,1.7871
17.0517,564,1.8194
17.0560,572,1.8452
17.0603,579,1.8677
17.0647,584,1.8839
17.0690,587,1.8935
17.0735,589,1.9000
17.0777,585,1.8871
17.0820,579,1.8677
17.0863,573,1.8484
17.0906,563,1.8161
17.0948,553,1.7839
17.0992,542,1.7484
17.1034,530,1.7097
17.1077,519,1.6742
17.1120,510,1.6452
17.1162,505,1.6290
17.1206,505,1.6290
17.1248,506,1.6323
17.1291,507,1.6355
17.1334,508,1.6387
17.1377,508,1.6387
17.1420,508,1.6387
17.1463,509,1.6419
17.1505,509,1.6419
17.1548,509,1.6419
17.1591,510,1.6452
17.1634,511,1.6484
17.1677,510,1.6452
17.1720,510,1.6452
17.1763,511,1.6484
17.1806,511,1.6484
17.1849,512,1.6516
17.1892,510,1.6452
17.1935,501,1.6161
17.1978,480,1.5484
17.2023,454,1.4645
17.2067,450,1.4516
17.2111,492,1.5871
17.2154,579,1.8677
17.2197,702,2.2645
17.2240,839,2.7065
17.2283,951,3.0677
17.2326,978,3.1548
17.2369,914,2.9484
17.2412,790,2.5484
17.2455,647,2.0871
17.2498,521,1.6806
17.2541,452,1.4581
17.2584,424,1.3677
17.2627,425,1.3710
17.2670,443,1.4290
17.2712,462,1.4903
17.2756,473,1.5258
17.2798,476,1.5355
17.2841,476,1.5355
17.2884,476,1.5355
17.2927,477,1.5387
17.2969,479,1.5452
17.3012,480,1.5484
17.3055,480,1.5484
17.3097,482,1.5548
17.3140,481,1.5516
17.3183,482,1.5548
17.3226,482,1.5548
17.3268,483,1.5581
17.3311,483,1.5581
17.3354,484,1.5613
17.3396,484,1.5613
17.3439,485,1.5645
17.3482,486,1.5677
17.3524,487,1.5710
17.3567,488,1.5742
17.3609,488,1.5742
17.3652,489,1.5774
17.3695,490,1.5806
17.3738,490,1.5806
17.3781,490,1.5806
17.3823,490,1.5806
17.3866,491,1.5839
17.3909,492,1.5871
17.3951,492,1.5871
17.3994,494,1.5935
17.4037,493,1.5903
17.4080,494,1.5935
17.4123,495,1.5968
17.4166,494,1.5935
17.4209,495,1.5968
17.4252,495,1.5968
17.4295,495,1.5968
17.4338,497,1.6032
17.4381,504,1.6258
17.4424,513,1.6548
17.4466,521,1.6806
17.4509,531,1.7129
17.4552,541,1.7452
17.4595,550,1.7742
17.4638,560,1.8065
17.4681,570,1.8387
17.4724,580,1.8710
17.4768,587,1.8935
17.4810,594,1.9161
17.4854,600,1.9355
17.4896,605,1.9516
17.4940,610,1.9677
17.4983,615,1.9839
17.5028,615,1.9839
17.5072,624,2.0129
17.5116,614,1.9806
17.5159,614,1.9806
17.5203,610,1.9677
17.5246,605,1.9516
17.5289,600,1.9355
17.5332,592,1.9097
17.5374,586,1.8903
17.5417,578,1.8645
17.5460,569,1.8355
17.5503,559,1.8032
17.5546,550,1.7742
17.5589,540,1.7419
17.5632,529,1.7065
17.5675,518,1.6710
17.5718,506,1.6323
17.5761,495,1.5968
17.5804,486,1.5677
17.5847,476,1.5355
17.5890,468,1.5097
17.5933,462,1.4903
17.5975,461,1.4871
17.6018,461,1.4871
17.6060,463,1.4935
17.6103,464,1.4968
17.6145,465,1.5000
17.6188,466,1.5032
17.6230,467,1.5065
17.6273,469,1.5129
17.6315,469,1.5129
17.6358,470,1.5161
17.6401,470,1.5161
17.6443,471,1.5194
17.6486,472,1.5226
17.6528,474,1.5290
17.6571,473,1.5258
17.6613,475,1.5323
17.6656,476,1.5355
17.6699,477,1.5387
17.6742,477,1.5387
17.6784,477,1.5387
17.6827,478,1.5419
17.6870,479,1.5452
17.6912,479,1.5452
17.6956,479,1.5452
17.6999,479,1.5452
17.7041,482,1.5548
17.7085,483,1.5581
17.7127,484,1.5613
17.7170,485,1.5645
17.7213,487,1.5710
17.7257,487,1.5710
17.7299,487,1.5710
17.7342,486,1.5677
17.7385,488,1.5742
17.7428,489,1.5774
17.7471,489,1.5774
17.7514,489,1.5774
17.7557,490,1.5806
17.7600,490,1.5806
17.7643,491,1.5839
17.7686,492,1.5871
17.7730,492,1.5871
17.7772,492,1.5871
17.7815,493,1.5903
17.7858,492,1.5871
17.7901,493,1.5903
17.7944,494,1.5935
17.7986,495,1.5968
17.8029,495,1.5968
17.8072,494,1.5935
17.8114,495,1.5968
17.8157,496,1.6000
17.8199,497,1.6032
17.8242,497,1.6032
17.8284,496,1.6000
17.8327,497,1.6032
17.8370,497,1.6032
17.8412,498,1.6065
17.8455,499,1.6097
17.8498,500,1.6129
17.8540,501,1.6161
17.8583,502,1.6194
17.8626,502,1.6194
17.8668,502,1.6194
17.8711,503,1.6226
17.8754,503,1.6226
17.8796,504,1.6258
17.8839,504,1.6258
17.8882,505,1.6290
17.8925,505,1.6290
17.8968,506,1.6323
17.9011,506,1.6323
17.9054,506,1.6323
17.9097,506,1.6323
17.9140,505,1.6290
17.9183,506,1.6323
17.9226,506,1.6323
17.9270,506,1.6323
17.9313,506,1.6323
17.9355,506,1.6323
17.9398,508,1.6387
17.9441,508,1.6387
17.9484,508,1.6387
17.9527,508,1.6387
17.9570,508,1.6387
17.9613,509,1.6419
17.9656,509,1.6419
17.9699,509,1.6419
17.9742,509,1.6419
17.9785,510,1.6452
17.9828,511,1.6484
17.9871,511,1.6484
17.9914,511,1.6484
17.9957,511,1.6484
18.0000,513,1.6548
18.0042,513,1.6548
18.0085,512,1.6516
18.0128,512,1.6516
18.0171,513,1.6548
18.0214,514,1.6581
18.0257,514,1.6581
18.0300,514,1.6581
18.0343,513,1.6548
18.0386,515,1.6613
18.0428,516,1.6645
18.0471,516,1.6645
18.0514,515,1.6613
18.0557,514,1.6581
18.0600,515,1.6613
18.0643,516,1.6645
18.0686,515,1.6613
18.0729,515,1.6613
18.0774,515,1.6613
18.0816,517,1.6677
18.0859,516,1.6645
18.0902,515,1.6613
18.0945,515,1.6613
18.0988,517,1.6677
18.1068,517,1.6677
18.1112,517,1.6677
18.1155,517,1.6677
18.1198,517,1.6677
18.1241,519,1.6742
18.1284,519,1.6742
18.1327,520,1.6774
18.1370,519,1.6742
18.1413,520,1.6774
18.1456,520,1.6774
18.1499,519,1.6742
18.1542,520,1.6774
18.1585,520,1.6774
18.1628,521,1.6806
18.1671,521,1.6806
18.1714,520,1.6774
18.1757,520,1.6774
18.1800,519,1.6742
18.1843,519,1.6742
18.1889,520,1.6774
18.1933,520,1.6774
18.1975,519,1.6742
18.2018,519,1.6742
18.2061,518,1.6710
18.2103,518,1.6710
18.2146,519,1.6742
18.2189,519,1.6742
18.2231,519,1.6742
18.2274,520,1.6774
18.2316,520,1.6774
18.2359,519,1.6742
18.2401,520,1.6774
18.2444,520,1.6774
18.2487,520,1.6774
18.2529,521,1.6806
18.2572,521,1.6806
18.2615,522,1.6839
18.2657,522,1.6839
18.2700,523,1.6871
18.2743,522,1.6839
18.2785,522,1.6839
18.2828,522,1.6839
18.2870,521,1.6806
18.2913,520,1.6774
18.2957,519,1.6742
18.3000,520,1.6774
18.3042,521,1.6806
18.3085,522,1.6839
18.3128,521,1.6806
18.3171,519,1.6742
18.3214,519,1.6742
18.3257,520,1.6774
18.3300,520,1.6774
18.3343,520,1.6774
18.3386,521,1.6806
18.3428,522,1.6839
18.3471,522,1.6839
18.3514,521,1.6806
18.3557,523,1.6871
18.3600,523,1.6871
18.3643,523,1.6871
18.3686,523,1.6871
18.3729,523,1.6871
18.3772,523,1.6871
18.3815,522,1.6839
18.3858,522,1.6839
18.3901,522,1.6839
18.3944,522,1.6839
18.3987,522,1.6839
18.4032,520,1.6774
18.4076,521,1.6806
18.4119,522,1.6839
18.4163,522,1.6839
18.4205,523,1.6871
18.4248,522,1.6839
18.4292,522,1.6839
18.4334,522,1.6839
18.4377,522,1.6839
18.4420,523,1.6871
18.4464,523,1.6871
18.4507,523,1.6871
18.4550,523,1.6871
18.4593,522,1.6839
18.4636,521,1.6806
18.4679,521,1.6806
18.4722,521,1.6806
18.4765,521,1.6806
18.4809,521,1.6806
18.4851,520,1.6774
18.4894,520,1.6774
18.4937,521,1.6806
18.4980,523,1.6871
18.5023,523,1.6871
18.5066,522,1.6839
18.5108,522,1.6839
18.5151,523,1.6871
18.5194,524,1.6903
18.5236,523,1.6871
18.5279,524,1.6903
18.5322,523,1.6871
18.5364,523,1.6871
18.5407,528,1.7032
18.5450,537,1.7323
18.5493,544,1.7548
18.5535,555,1.7903
18.5578,565,1.8226
18.5621,574,1.8516
18.5664,581,1.8742
18.5706,587,1.8935
18.5749,588,1.8968
18.5792,589,1.9000
18.5834,587,1.8935
18.5877,579,1.8677
18.5919,570,1.8387
18.5962,560,1.8065
18.6005,551,1.7774
18.6048,540,1.7419
18.6091,527,1.7000
18.6134,516,1.6645
18.6177,510,1.6452
18.6220,507,1.6355
18.6263,506,1.6323
18.6305,506,1.6323
18.6348,508,1.6387
18.6391,510,1.6452
18.6434,510,1.6452
18.6477,510,1.6452
18.6520,510,1.6452
18.6563,510,1.6452
18.6606,509,1.6419
18.6649,509,1.6419
18.6692,510,1.6452
18.6735,511,1.6484
18.6778,511,1.6484
18.6821,512,1.6516
18.6864,511,1.6484
18.6907,511,1.6484
18.6950,509,1.6419
18.6993,499,1.6097
18.7036,477,1.5387
18.7079,453,1.4613
18.7122,453,1.4613
18.7165,499,1.6097
18.7208,592,1.9097
18.7252,716,2.3097
18.7295,852,2.7484
18.7337,958,3.0903
18.7380,978,3.1548
18.7424,905,2.9194
18.7466,780,2.5161
18.7510,632,2.0387
18.7553,514,1.6581
18.7596,448,1.4452
18.7639,424,1.3677
18.7682,427,1.3774
18.7725,444,1.4323
18.7768,463,1.4935
18.7811,473,1.5258
18.7855,476,1.5355
18.7898,477,1.5387
18.7941,478,1.5419
18.7984,478,1.5419
18.8027,480,1.5484
18.8070,481,1.5516
18.8113,481,1.5516
18.8156,483,1.5581
18.8199,484,1.5613
18.8241,485,1.5645
18.8285,485,1.5645
18.8327,486,1.5677
18.8370,486,1.5677
18.8414,485,1.5645
18.8456,486,1.5677
18.8500,486,1.5677
18.8542,486,1.5677
18.8585,488,1.5742
18.8628,488,1.5742
18.8671,489,1.5774
18.8714,490,1.5806
18.8757,490,1.5806
18.8801,491,1.5839
18.8843,491,1.5839
18.8887,491,1.5839
18.8929,491,1.5839
18.8972,492,1.5871
18.9015,492,1.5871
18.9058,492,1.5871
18.9101,493,1.5903
18.9144,493,1.5903
18.9187,495,1.5968
18.9230,496,1.6000
18.9273,497,1.6032
18.9316,496,1.6000
18.9360,497,1.6032
18.9403,504,1.6258
18.9446,514,1.6581
18.9489,523,1.6871
18.9532,533,1.7194
18.9575,544,1.7548
18.9618,553,1.7839
18.9661,563,1.8161
18.9704,571,1.8419
18.9748,579,1.8677
18.9790,587,1.8935
18.9833,595,1.9194
18.9876,601,1.9387
18.9919,606,1.9548
18.9962,611,1.9710
19.0038,616,1.9871
19.0083,615,1.9839
19.0128,614,1.9806
19.0171,612,1.9742
19.0214,608,1.9613
19.0257,605,1.9516
19.0300,600,1.9355
19.0343,592,1.9097
19.0386,584,1.8839
19.0429,577,1.8613
19.0472,568,1.8323
19.0515,557,1.7968
19.0559,547,1.7645
19.0602,537,1.7323
19.0645,527,1.7000
19.0688,515,1.6613
19.0731,504,1.6258
19.0774,495,1.5968
19.0817,485,1.5645
19.0860,475,1.5323
19.0902,466,1.5032
19.0946,460,1.4839
19.0988,457,1.4742
19.1031,458,1.4774
19.1074,460,1.4839
19.1116,462,1.4903
19.1159,464,1.4968
19.1201,464,1.4968
19.1244,465,1.5000
19.1286,468,1.5097
19.1328,469,1.5129
19.1371,470,1.5161
19.1414,470,1.5161
19.1456,471,1.5194
19.1499,471,1.5194
19.1542,472,1.5226
19.1585,474,1.5290
19.1627,475,1.5323
19.1670,475,1.5323
19.1713,476,1.5355
19.1755,476,1.5355
19.1799,478,1.5419
19.1841,479,1.5452
19.1884,479,1.5452
19.1926,481,1.5516
19.1970,481,1.5516
19.2013,481,1.5516
19.2056,482,1.5548
19.2100,483,1.5581
19.2142,484,1.5613
19.2186,484,1.5613
19.2229,484,1.5613
19.2272,485,1.5645
19.2315,486,1.5677
19.2357,486,1.5677
19.2401,488,1.5742
19.2443,490,1.5806
19.2487,490,1.5806
19.2529,489,1.5774
19.2572,491,1.5839
19.2616,492,1.5871
19.2658,491,1.5839
19.2701,492,1.5871
19.2744,493,1.5903
19.2788,494,1.5935
19.2830,494,1.5935
19.2873,495,1.5968
19.2916,495,1.5968
19.2959,495,1.5968
19.3032,495,1.5968
19.3076,495,1.5968
19.3119,495,1.5968
19.3162,496,1.6000
19.3205,497,1.6032
19.3247,497,1.6032
19.3290,498,1.6065
19.3332,498,1.6065
19.3375,499,1.6097
19.3417,500,1.6129
19.3460,501,1.6161
19.3502,501,1.6161
19.3545,502,1.6194
19.3587,502,1.6194
19.3636,502,1.6194
19.3679,503,1.6226
19.3722,503,1.6226
19.3764,503,1.6226
19.3807,504,1.6258
19.3849,506,1.6323
19.3892,505,1.6290
19.3934,506,1.6323
19.3977,506,1.6323
19.4019,506,1.6323
19.4062,506,1.6323
19.4105,507,1.6355
19.4147,508,1.6387
19.4190,508,1.6387
19.4232,508,1.6387
19.4275,508,1.6387
19.4318,508,1.6387
19.4360,508,1.6387
19.4403,509,1.6419
19.4445,509,1.6419
19.4488,509,1.6419
19.4530,509,1.6419
19.4573,510,1.6452
19.4615,509,1.6419
19.4658,509,1.6419
19.4700,509,1.6419
19.4743,511,1.6484
19.4785,512,1.6516
19.4828,512,1.6516
19.4871,513,1.6548
19.4913,512,1.6516
19.4955,511,1.6484
19.4999,511,1.6484
19.5041,512,1.6516
19.5084,513,1.6548
19.5127,513,1.6548
19.5170,513,1.6548
19.5213,514,1.6581
19.5256,514,1.6581
19.5299,514,1.6581
19.5341,514,1.6581
19.5384,514,1.6581
19.5427,515,1.6613
19.5470,514,1.6581
19.5513,515,1.6613
19.5555,515,1.6613
19.5598,516,1.6645
19.5641,515,1.6613
19.5684,517,1.6677
19.5726,517,1.6677
19.5770,517,1.6677
19.5812,517,1.6677
19.5855,516,1.6645
19.5898,516,1.6645
19.5941,517,1.6677
19.5984,518,1.6710
19.6027,517,1.6677
19.6070,517,1.6677
19.6112,518,1.6710
19.6155,518,1.6710
19.6198,517,1.6677
19.6241,518,1.6710
19.6284,519,1.6742
19.6326,518,1.6710
19.6369,517,1.6677
19.6412,518,1.6710
19.6454,520,1.6774
19.6497,520,1.6774
19.6540,518,1.6710
19.6583,518,1.6710
19.6626,519,1.6742
19.6669,518,1.6710
19.6712,519,1.6742
19.6755,518,1.6710
19.6798,518,1.6710
19.6841,518,1.6710
19.6884,518,1.6710
19.6927,518,1.6710
19.6970,519,1.6742
19.7013,519,1.6742
19.7055,520,1.6774
19.7098,520,1.6774
19.7141,519,1.6742
19.7184,518,1.6710
19.7227,518,1.6710
19.7270,518,1.6710
19.7313,518,1.6710
19.7355,518,1.6710
19.7399,518,1.6710
19.7441,520,1.6774
19.7484,520,1.6774
19.7527,519,1.6742
19.7570,519,1.6742
19.7613,519,1.6742
19.7655,520,1.6774
19.7698,521,1.6806
19.7741,522,1.6839
19.7784,521,1.6806
19.7827,521,1.6806
19.7870,521,1.6806
19.7912,520,1.6774
19.7955,520,1.6774
19.7998,519,1.6742
19.8041,520,1.6774
19.8084,522,1.6839
19.8126,521,1.6806
19.8169,522,1.6839
19.8212,521,1.6806
19.8255,521,1.6806
19.8297,523,1.6871
19.8340,522,1.6839
19.8383,522,1.6839
19.8426,523,1.6871
19.8469,524,1.6903
19.8512,523,1.6871
19.8555,522,1.6839
19.8598,523,1.6871
19.8640,522,1.6839
19.8683,522,1.6839
19.8726,521,1.6806
19.8771,520,1.6774
19.8814,521,1.6806
19.8857,521,1.6806
19.8900,521,1.6806
19.8942,521,1.6806
19.8986,521,1.6806
19.9038,523,1.6871
19.9082,522,1.6839
19.9126,523,1.6871
19.9169,522,1.6839
19.9211,522,1.6839
19.9254,522,1.6839
19.9296,522,1.6839
19.9339,521,1.6806
19.9381,522,1.6839
19.9424,522,1.6839
19.9466,522,1.6839
19.9509,522,1.6839
19.9555,522,1.6839
19.9598,522,1.6839
19.9641,522,1.6839
19.9683,521,1.6806
19.9727,521,1.6806
19.9770,521,1.6806
19.9814,521,1.6806
19.9856,521,1.6806
19.9899,521,1.6806
19.9943,520,1.6774
19.9986,520,1.6774
20.0029,521,1.6806
20.0072,521,1.6806
20.0115,521,1.6806
20.0157,521,1.6806
20.0201,522,1.6839
20.0246,521,1.6806
20.0290,521,1.6806
20.0335,521,1.6806
20.0386,521,1.6806
20.0431,522,1.6839
20.0475,529,1.7065
20.0519,537,1.7323
20.0561,547,1.7645
20.0604,559,1.8032
20.0647,569,1.8355
20.0689,576,1.8581
20.0731,583,1.8806
20.0774,587,1.8935
20.0817,590,1.9032
20.0859,590,1.9032
20.0902,588,1.8968
20.0944,579,1.8677
20.0987,571,1.8419
20.1029,561,1.8097
20.1072,550,1.7742
20.1114,540,1.7419
20.1156,528,1.7032
20.1199,517,1.6677
20.1241,510,1.6452
20.1283,507,1.6355
20.1326,507,1.6355
20.1368,508,1.6387
20.1410,510,1.6452
20.1453,509,1.6419
20.1495,509,1.6419
20.1537,509,1.6419
20.1579,509,1.6419
20.1622,508,1.6387
20.1664,509,1.6419
20.1706,511,1.6484
20.1749,512,1.6516
20.1791,512,1.6516
20.1833,512,1.6516
20.1875,511,1.6484
20.1918,511,1.6484
20.1960,513,1.6548
20.2002,511,1.6484
20.2046,499,1.6097
20.2090,476,1.5355
20.2133,452,1.4581
20.2176,455,1.4677
20.2219,506,1.6323
20.2263,603,1.9452
20.2306,728,2.3484
20.2349,863,2.7839
20.2391,964,3.1097
20.2434,974,3.1419
20.2478,896,2.8903
20.2521,768,2.4774
20.2564,621,2.0032
20.2607,507,1.6355
20.2650,445,1.4355
20.2693,424,1.3677
20.2736,428,1.3806
20.2779,447,1.4419
20.2822,466,1.5032
20.2874,475,1.5323
20.2917,476,1.5355
20.2960,477,1.5387
20.3003,478,1.5419
20.3046,478,1.5419
20.3090,479,1.5452
20.3138,479,1.5452
20.3181,479,1.5452
20.3225,481,1.5516
20.3268,481,1.5516
20.3311,482,1.5548
20.3354,482,1.5548
20.3397,483,1.5581
20.3440,484,1.5613
20.3490,484,1.5613
20.3533,486,1.5677
20.3575,487,1.5710
20.3618,486,1.5677
20.3662,487,1.5710
20.3705,488,1.5742
20.3748,489,1.5774
20.3791,489,1.5774
20.3834,489,1.5774
20.3877,490,1.5806
20.3920,489,1.5774
20.3963,490,1.5806
20.4006,492,1.5871
20.4049,494,1.5935
20.4092,494,1.5935
20.4136,494,1.5935
20.4179,493,1.5903
20.4222,495,1.5968
20.4268,495,1.5968
20.4311,497,1.6032
20.4354,496,1.6000
20.4397,497,1.6032
20.4440,497,1.6032
20.4483,502,1.6194
20.4527,510,1.6452
20.4570,521,1.6806
20.4613,531,1.7129
20.4656,541,1.7452
20.4699,551,1.7774
20.4742,560,1.8065
20.4785,570,1.8387
20.4828,578,1.8645
20.4871,588,1.8968
20.4914,595,1.9194
20.4957,599,1.9323
20.5000,605,1.9516
20.5043,609,1.9645
20.5089,614,1.9806
20.5132,616,1.9871
20.5176,617,1.9903
20.5219,617,1.9903
20.5262,614,1.9806
20.5305,611,1.9710
20.5348,606,1.9548
20.5391,601,1.9387
20.5434,595,1.9194
20.5477,587,1.8935
20.5520,581,1.8742
20.5563,570,1.8387
20.5606,562,1.8129
20.5649,551,1.7774
20.5692,541,1.7452
20.5735,529,1.7065
20.5779,519,1.6742
20.5822,509,1.6419
20.5864,499,1.6097
20.5910,488,1.5742
20.5953,477,1.5387
20.5996,473,1.5258
20.6039,467,1.5065
20.6082,462,1.4903
20.6125,460,1.4839
20.6169,462,1.4903
20.6212,462,1.4903
20.6255,462,1.4903
20.6298,464,1.4968
20.6341,464,1.4968
20.6384,466,1.5032
20.6427,467,1.5065
20.6470,469,1.5129
20.6512,469,1.5129
20.6556,470,1.5161
20.6599,471,1.5194
20.6642,472,1.5226
20.6685,473,1.5258
20.6728,473,1.5258
20.6772,472,1.5226
20.6815,476,1.5355
20.6857,477,1.5387
20.6900,478,1.5419
20.6943,479,1.5452
20.6987,479,1.5452
20.7030,479,1.5452
20.7073,480,1.5484
20.7116,480,1.5484
20.7159,481,1.5516
20.7202,482,1.5548
20.7245,483,1.5581
20.7288,485,1.5645
20.7331,485,1.5645
20.7380,485,1.5645
20.7423,486,1.5677
20.7466,487,1.5710
20.7508,488,1.5742
20.7551,489,1.5774
20.7595,489,1.5774
20.7638,488,1.5742
20.7681,487,1.5710
20.7724,488,1.5742
20.7767,489,1.5774
20.7810,491,1.5839
20.7853,491,1.5839
20.7896,491,1.5839
20.7939,491,1.5839
20.7982,492,1.5871
20.8027,493,1.5903
20.8071,493,1.5903
20.8115,494,1.5935
20.8158,494,1.5935
20.8201,495,1.5968
20.8244,495,1.5968
20.8287,497,1.6032
20.8330,497,1.6032
20.8373,497,1.6032
20.8416,497,1.6032
20.8459,499,1.6097
20.8502,498,1.6065
20.8545,499,1.6097
20.8588,499,1.6097
20.8631,500,1.6129
20.8674,500,1.6129
20.8718,500,1.6129
20.8766,501,1.6161
20.8810,502,1.6194
20.8853,502,1.6194
20.8895,502,1.6194
20.8938,502,1.6194
20.8981,502,1.6194
20.9026,503,1.6226
20.9069,503,1.6226
20.9112,503,1.6226
20.9155,504,1.6258
20.9198,505,1.6290
20.9241,506,1.6323
20.9284,508,1.6387
20.9327,507,1.6355
20.9370,508,1.6387
20.9413,508,1.6387
20.9456,508,1.6387
20.9499,507,1.6355
20.9542,506,1.6323
20.9585,508,1.6387
20.9628,509,1.6419
20.9671,510,1.6452
20.9715,511,1.6484
20.9758,510,1.6452
20.9801,510,1.6452
20.9844,509,1.6419
20.9887,510,1.6452
20.9930,511,1.6484
20.9973,510,1.6452
21.0016,510,1.6452
21.0059,511,1.6484
21.0102,511,1.6484
21.0150,511,1.6484
21.0196,513,1.6548
21.0240,514,1.6581
21.0283,513,1.6548
21.0326,513,1.6548
21.0369,513,1.6548
21.0412,514,1.6581
21.0455,515,1.6613
21.0498,514,1.6581
21.0541,515,1.6613
21.0584,515,1.6613
21.0627,515,1.6613
21.0670,516,1.6645
21.0713,516,1.6645
21.0756,515,1.6613
21.0799,516,1.6645
21.0842,515,1.6613
21.0886,515,1.6613
21.0929,516,1.6645
21.0972,515,1.6613
21.1016,516,1.6645
21.1061,517,1.6677
21.1105,517,1.6677
21.1148,517,1.6677
21.1191,516,1.6645
21.1235,516,1.6645
21.1279,517,1.6677
21.1322,516,1.6645
21.1365,517,1.6677
21.1407,518,1.6710
21.1450,518,1.6710
21.1494,519,1.6742
21.1537,517,1.6677
21.1580,518,1.6710
21.1622,518,1.6710
21.1672,518,1.6710
21.1715,517,1.6677
21.1758,518,1.6710
21.1801,518,1.6710
21.1844,519,1.6742
21.1887,519,1.6742
21.1930,518,1.6710
21.1973,519,1.6742
21.2016,519,1.6742
21.2059,519,1.6742
21.2102,518,1.6710
21.2145,519,1.6742
21.2188,519,1.6742
21.2231,518,1.6710
21.2274,520,1.6774
21.2318,519,1.6742
21.2361,520,1.6774
21.2403,521,1.6806
21.2446,522,1.6839
21.2490,521,1.6806
21.2533,521,1.6806
21.2576,520,1.6774
21.2618,519,1.6742
21.2661,520,1.6774
21.2709,519,1.6742
21.2752,521,1.6806
21.2795,521,1.6806
21.2838,522,1.6839
21.2881,522,1.6839
21.2925,522,1.6839
21.2968,523,1.6871
21.3011,522,1.6839
21.3057,522,1.6839
21.3101,523,1.6871
21.3144,522,1.6839
21.3187,522,1.6839
21.3230,521,1.6806
21.3273,521,1.6806
21.3316,522,1.6839
21.3359,520,1.6774
21.3402,523,1.6871
21.3445,523,1.6871
21.3488,523,1.6871
21.3531,522,1.6839
21.3574,521,1.6806
21.3617,521,1.6806
21.3660,522,1.6839
21.3703,520,1.6774
21.3746,523,1.6871
21.3789,524,1.6903
21.3832,522,1.6839
21.3875,523,1.6871
21.3919,524,1.6903
21.3962,524,1.6903
21.4004,523,1.6871
21.4047,524,1.6903
21.4090,524,1.6903
21.4134,524,1.6903
21.4178,524,1.6903
21.4221,524,1.6903
21.4264,524,1.6903
21.4307,523,1.6871
21.4350,523,1.6871
21.4393,523,1.6871
21.4436,523,1.6871
21.4479,523,1.6871
21.4528,522,1.6839
21.4571,524,1.6903
21.4613,524,1.6903
21.4656,523,1.6871
21.4699,523,1.6871
21.4743,524,1.6903
21.4786,523,1.6871
21.4829,524,1.6903
21.4872,525,1.6935
21.4915,524,1.6903
21.4958,523,1.6871
21.5001,522,1.6839
21.5044,523,1.6871
21.5087,523,1.6871
21.5130,522,1.6839
21.5173,523,1.6871
21.5217,524,1.6903
21.5260,523,1.6871
21.5303,522,1.6839
21.5346,521,1.6806
21.5389,520,1.6774
21.5432,521,1.6806
21.5475,521,1.6806
21.5518,522,1.6839
21.5561,526,1.6968
21.5605,534,1.7226
21.5648,545,1.7581
21.5691,556,1.7935
21.5734,566,1.8258
21.5778,574,1.8516
21.5820,582,1.8774
21.5863,588,1.8968
21.5906,590,1.9032
21.5949,590,1.9032
21.5992,587,1.8935
21.6035,584,1.8839
21.6078,577,1.8613
21.6121,570,1.8387
21.6165,561,1.8097
21.6208,550,1.7742
21.6251,538,1.7355
21.6294,526,1.6968
21.6337,517,1.6677
21.6380,508,1.6387
21.6423,505,1.6290
21.6466,505,1.6290
21.6509,505,1.6290
21.6552,507,1.6355
21.6595,508,1.6387
21.6638,508,1.6387
21.6681,508,1.6387
21.6724,507,1.6355
21.6772,507,1.6355
21.6815,508,1.6387
21.6858,509,1.6419
21.6901,509,1.6419
21.6944,509,1.6419
21.6988,510,1.6452
21.7032,510,1.6452
21.7076,510,1.6452
21.7120,512,1.6516
21.7163,508,1.6387
21.7206,494,1.5935
21.7250,470,1.5161
21.7296,449,1.4484
21.7341,467,1.5065
21.7384,532,1.7161
21.7427,641,2.0677
21.7470,770,2.4839
21.7513,901,2.9065
21.7555,979,3.1581
21.7598,961,3.1000
21.7641,865,2.7903
21.7684,726,2.3419
21.7727,586,1.8903
21.7769,487,1.5710
21.7813,436,1.4065
21.7855,423,1.3645
21.7898,433,1.3968
21.7941,453,1.4613
21.7983,468,1.5097
21.8026,475,1.5323
21.8069,477,1.5387
21.8112,478,1.5419
21.8154,477,1.5387
21.8198,478,1.5419
21.8242,479,1.5452
21.8285,481,1.5516
21.8328,480,1.5484
21.8371,481,1.5516
21.8414,481,1.5516
21.8457,481,1.5516
21.8500,482,1.5548
21.8543,482,1.5548
21.8587,483,1.5581
21.8629,484,1.5613
21.8672,486,1.5677
21.8716,487,1.5710
21.8759,488,1.5742
21.8802,488,1.5742
21.8845,488,1.5742
21.8888,489,1.5774
21.8931,489,1.5774
21.8974,489,1.5774
21.9018,489,1.5774
21.9061,489,1.5774
21.9104,490,1.5806
21.9147,491,1.5839
21.9190,491,1.5839
21.9233,492,1.5871
21.9276,493,1.5903
21.9319,492,1.5871
21.9361,492,1.5871
21.9404,494,1.5935
21.9446,494,1.5935
21.9489,494,1.5935
21.9532,495,1.5968
21.9574,499,1.6097
21.9617,506,1.6323
21.9660,515,1.6613
21.9702,525,1.6935
21.9745,536,1.7290
21.9788,546,1.7613
21.9831,556,1.7935
21.9873,565,1.8226
21.9916,574,1.8516
21.9959,583,1.8806
22.0002,591,1.9065
22.0046,597,1.9258
22.0090,604,1.9484
22.0134,609,1.9645
22.0176,612,1.9742
22.0219,615,1.9839
22.0262,615,1.9839
22.0305,616,1.9871
22.0348,613,1.9774
22.0390,611,1.9710
22.0433,607,1.9581
22.0475,602,1.9419
22.0518,597,1.9258
22.0560,590,1.9032
22.0603,581,1.8742
22.0646,573,1.8484
22.0688,563,1.8161
22.0733,555,1.7903
22.0776,544,1.7548
22.0819,533,1.7194
22.0861,523,1.6871
22.0904,512,1.6516
22.0946,502,1.6194
22.0989,492,1.5871
22.1032,483,1.5581
22.1074,474,1.5290
22.1117,466,1.5032
22.1160,460,1.4839
22.1202,460,1.4839
22.1245,460,1.4839
22.1289,461,1.4871
22.1332,461,1.4871
22.1374,463,1.4935
22.1417,464,1.4968
22.1460,465,1.5000
22.1503,467,1.5065
22.1546,468,1.5097
22.1589,468,1.5097
22.1632,468,1.5097
22.1675,471,1.5194
22.1718,470,1.5161
22.1761,471,1.5194
22.1804,473,1.5258
22.1847,473,1.5258
22.1891,474,1.5290
22.1933,475,1.5323
22.1976,475,1.5323
22.2020,477,1.5387
22.2063,478,1.5419
22.2106,479,1.5452
22.2149,479,1.5452
22.2191,479,1.5452
22.2235,481,1.5516
22.2278,482,1.5548
22.2321,483,1.5581
22.2364,483,1.5581
22.2407,485,1.5645
22.2450,486,1.5677
22.2493,486,1.5677
22.2536,487,1.5710
22.2579,488,1.5742
22.2622,489,1.5774
22.2665,489,1.5774
22.2708,490,1.5806
22.2751,491,1.5839
22.2794,490,1.5806
22.2838,490,1.5806
22.2881,491,1.5839
22.2924,491,1.5839
22.2966,492,1.5871
22.3009,492,1.5871
22.3052,494,1.5935
22.3096,494,1.5935
22.3138,495,1.5968
22.3182,494,1.5935
22.3224,495,1.5968
22.3267,495,1.5968
22.3310,497,1.6032
22.3353,498,1.6065
22.3396,498,1.6065
22.3439,498,1.6065
22.3482,498,1.6065
22.3525,499,1.6097
22.3568,500,1.6129
22.3611,500,1.6129
22.3654,500,1.6129
22.3697,501,1.6161
22.3740,501,1.6161
22.3784,500,1.6129
22.3827,501,1.6161
22.3870,502,1.6194
22.3912,503,1.6226
22.3955,503,1.6226
22.3998,504,1.6258
22.4041,504,1.6258
22.4084,504,1.6258
22.4127,504,1.6258
22.4170,504,1.6258
22.4213,503,1.6226
22.4256,505,1.6290
22.4299,506,1.6323
22.4342,506,1.6323
22.4385,506,1.6323
22.4428,505,1.6290
22.4471,505,1.6290
22.4514,507,1.6355
22.4557,506,1.6323
22.4600,507,1.6355
22.4643,508,1.6387
22.4685,508,1.6387
22.4730,509,1.6419
22.4774,508,1.6387
22.4818,510,1.6452
22.4861,510,1.6452
22.4905,510,1.6452
22.4948,510,1.6452
22.4992,510,1.6452
22.5035,512,1.6516
22.5078,511,1.6484
22.5122,511,1.6484
22.5165,513,1.6548
22.5209,512,1.6516
22.5252,511,1.6484
22.5295,511,1.6484
22.5339,512,1.6516
22.5388,514,1.6581
22.5431,513,1.6548
22.5474,514,1.6581
22.5517,514,1.6581
22.5560,513,1.6548
22.5603,512,1.6516
22.5646,514,1.6581
22.5689,515,1.6613
22.5732,515,1.6613
22.5777,515,1.6613
22.5821,514,1.6581
22.5864,515,1.6613
22.5907,515,1.6613
22.5949,515,1.6613
22.5993,517,1.6677
22.6037,517,1.6677
22.6081,516,1.6645
22.6125,516,1.6645
22.6169,516,1.6645
22.6212,517,1.6677
22.6255,518,1.6710
22.6298,519,1.6742
22.6342,518,1.6710
22.6385,517,1.6677
22.6429,517,1.6677
22.6472,518,1.6710
22.6515,517,1.6677
22.6557,517,1.6677
22.6600,517,1.6677
22.6644,518,1.6710
22.6687,519,1.6742
22.6730,520,1.6774
22.6772,520,1.6774
22.6815,520,1.6774
22.6859,520,1.6774
22.6902,520,1.6774
22.6945,519,1.6742
22.6992,518,1.6710
22.7036,519,1.6742
22.7079,519,1.6742
22.7122,520,1.6774
22.7164,519,1.6742
22.7207,519,1.6742
22.7251,519,1.6742
22.7294,519,1.6742
22.7338,518,1.6710
22.7381,520,1.6774
22.7424,519,1.6742
22.7467,519,1.6742
22.7510,519,1.6742
22.7553,519,1.6742
22.7596,521,1.6806
22.7639,520,1.6774
22.7682,520,1.6774
22.7726,521,1.6806
22.7769,519,1.6742
22.7813,520,1.6774
22.7857,520,1.6774
22.7900,521,1.6806
22.7943,521,1.6806
22.7986,520,1.6774
22.8029,519,1.6742
22.8072,521,1.6806
22.8115,521,1.6806
22.8158,522,1.6839
22.8200,521,1.6806
22.8243,520,1.6774
22.8287,521,1.6806
22.8330,521,1.6806
22.8373,521,1.6806
22.8416,522,1.6839
22.8459,521,1.6806
22.8502,522,1.6839
22.8545,522,1.6839
22.8588,522,1.6839
22.8631,521,1.6806
22.8674,521,1.6806
22.8717,522,1.6839
22.8760,522,1.6839
22.8806,523,1.6871
22.8850,522,1.6839
22.8893,523,1.6871
22.8936,523,1.6871
22.8979,523,1.6871
22.9023,522,1.6839
22.9067,525,1.6935
22.9112,523,1.6871
22.9155,523,1.6871
22.9198,523,1.6871
22.9247,523,1.6871
22.9291,524,1.6903
22.9334,523,1.6871
22.9377,522,1.6839
22.9420,521,1.6806
22.9463,523,1.6871
22.9507,522,1.6839
22.9550,522,1.6839
22.9593,522,1.6839
22.9635,522,1.6839
22.9678,523,1.6871
22.9722,522,1.6839
22.9765,522,1.6839
22.9808,523,1.6871
22.9856,524,1.6903
22.9899,524,1.6903
22.9942,523,1.6871
22.9985,523,1.6871
23.0027,522,1.6839
23.0070,524,1.6903
23.0113,523,1.6871
23.0155,522,1.6839
23.0198,521,1.6806
23.0240,523,1.6871
23.0283,522,1.6839
23.0326,523,1.6871
23.0369,521,1.6806
23.0411,521,1.6806
23.0454,522,1.6839
23.0497,523,1.6871
23.0539,523,1.6871
23.0582,523,1.6871
23.0625,522,1.6839
23.0668,524,1.6903
23.0710,528,1.7032
23.0753,536,1.7290
23.0796,544,1.7548
23.0838,555,1.7903
23.0881,566,1.8258
23.0924,575,1.8548
23.0966,580,1.8710
23.1009,586,1.8903
23.1052,589,1.9000
23.1094,588,1.8968
23.1137,586,1.8903
23.1180,581,1.8742
23.1222,574,1.8516
23.1265,565,1.8226
23.1307,555,1.7903
23.1350,542,1.7484
23.1394,532,1.7161
23.1436,521,1.6806
23.1479,511,1.6484
23.1522,507,1.6355
23.1565,507,1.6355
23.1608,508,1.6387
23.1651,507,1.6355
23.1694,508,1.6387
23.1738,508,1.6387
23.1781,509,1.6419
23.1824,509,1.6419
23.1867,510,1.6452
23.1910,510,1.6452
23.1952,510,1.6452
23.1995,510,1.6452
23.2038,510,1.6452
23.2081,511,1.6484
23.2124,511,1.6484
23.2167,511,1.6484
23.2210,512,1.6516
23.2253,510,1.6452
23.2296,499,1.6097
23.2339,476,1.5355
23.2382,453,1.4613
23.2425,455,1.4677
23.2468,503,1.6226
23.2511,596,1.9226
23.2555,720,2.3226
23.2598,856,2.7613
23.2640,961,3.1000
23.2683,977,3.1516
23.2727,904,2.9161
23.2770,777,2.5065
23.2813,630,2.0323
23.2856,513,1.6548
23.2899,447,1.4419
23.2942,423,1.3645
23.2985,426,1.3742
23.3028,444,1.4323
23.3071,463,1.4935
23.3114,472,1.5226
23.3157,475,1.5323
23.3200,476,1.5355
23.3242,475,1.5323
23.3285,476,1.5355
23.3329,478,1.5419
23.3373,479,1.5452
23.3416,480,1.5484
23.3460,481,1.5516
23.3503,482,1.5548
23.3546,481,1.5516
23.3590,482,1.5548
23.3633,483,1.5581
23.3677,484,1.5613
23.3720,484,1.5613
23.3763,486,1.5677
23.3807,487,1.5710
23.3850,487,1.5710
23.3894,487,1.5710
23.3938,487,1.5710
23.3981,487,1.5710
23.4024,487,1.5710
23.4066,489,1.5774
23.4109,489,1.5774
23.4152,490,1.5806
23.4195,491,1.5839
23.4238,491,1.5839
23.4281,493,1.5903
23.4324,493,1.5903
23.4367,493,1.5903
23.4410,493,1.5903
23.4452,493,1.5903
23.4495,496,1.6000
23.4537,495,1.5968
23.4580,495,1.5968
23.4623,495,1.5968
23.4665,500,1.6129
23.4708,508,1.6387
23.4751,516,1.6645
23.4794,525,1.6935
23.4837,536,1.7290
23.4879,546,1.7613
23.4922,555,1.7903
23.4968,564,1.8194
23.5011,573,1.8484
23.5055,582,1.8774
23.5099,588,1.8968
23.5142,595,1.9194
23.5185,601,1.9387
23.5227,608,1.9613
23.5270,611,1.9710
23.5312,612,1.9742
23.5355,616,1.9871
23.5398,616,1.9871
23.5440,616,1.9871
23.5483,612,1.9742
23.5526,609,1.9645
23.5569,604,1.9484
23.5612,599,1.9323
23.5655,592,1.9097
23.5698,584,1.8839
23.5741,574,1.8516
23.5783,566,1.8258
23.5827,557,1.7968
23.5869,546,1.7613
23.5912,536,1.7290
23.5954,526,1.6968
23.5997,515,1.6613
23.6040,504,1.6258
23.6083,493,1.5903
23.6125,484,1.5613
23.6168,475,1.5323
23.6210,466,1.5032
23.6253,460,1.4839
23.6296,459,1.4806
23.6338,460,1.4839
23.6381,463,1.4935
23.6423,462,1.4903
23.6466,464,1.4968
23.6508,465,1.5000
23.6551,465,1.5000
23.6593,467,1.5065
23.6636,468,1.5097
23.6679,470,1.5161
23.6721,470,1.5161
23.6764,470,1.5161
23.6806,471,1.5194
23.6849,473,1.5258
23.6891,473,1.5258
23.6934,474,1.5290
23.6977,475,1.5323
23.7019,477,1.5387
23.7061,477,1.5387
23.7104,477,1.5387
23.7147,477,1.5387
23.7189,478,1.5419
23.7232,478,1.5419
23.7274,480,1.5484
23.7317,480,1.5484
23.7360,480,1.5484
23.7403,481,1.5516
23.7446,482,1.5548
23.7489,482,1.5548
23.7532,484,1.5613
23.7575,485,1.5645
23.7617,484,1.5613
23.7660,485,1.5645
23.7703,486,1.5677
23.7746,487,1.5710
23.7789,488,1.5742
23.7832,488,1.5742
23.7875,489,1.5774
23.7918,490,1.5806
23.7961,491,1.5839
23.8004,491,1.5839
23.8049,492,1.5871
23.8092,492,1.5871
23.8136,492,1.5871
23.8179,492,1.5871
23.8222,492,1.5871
23.8265,494,1.5935
23.8308,494,1.5935
23.8351,495,1.5968
23.8394,495,1.5968
23.8437,496,1.6000
23.8480,496,1.6000
23.8522,497,1.6032
23.8564,497,1.6032
23.8607,498,1.6065
23.8650,499,1.6097
23.8693,499,1.6097
23.8735,500,1.6129
23.8778,500,1.6129
23.8820,500,1.6129
23.8863,501,1.6161
23.8905,499,1.6097
23.8948,502,1.6194
23.8991,502,1.6194
23.9033,502,1.6194
23.9076,503,1.6226
23.9119,503,1.6226
23.9161,503,1.6226
23.9204,504,1.6258
23.9246,505,1.6290
23.9289,506,1.6323
23.9331,505,1.6290
23.9374,505,1.6290
23.9417,506,1.6323
23.9459,506,1.6323
23.9503,507,1.6355
23.9545,507,1.6355
23.9588,508,1.6387
23.9631,508,1.6387
23.9674,508,1.6387
23.9717,509,1.6419
23.9760,509,1.6419
23.9803,509,1.6419
23.9846,509,1.6419
23.9889,509,1.6419
23.9932,509,1.6419
23.9975,511,1.6484
24.0018,512,1.6516
24.0061,511,1.6484
24.0103,510,1.6452
24.0146,510,1.6452
24.0189,509,1.6419
24.0232,511,1.6484
24.0275,511,1.6484
24.0318,510,1.6452
24.0361,511,1.6484
24.0403,511,1.6484
24.0446,511,1.6484
24.0489,512,1.6516
24.0532,513,1.6548
24.0575,512,1.6516
24.0617,513,1.6548
24.0660,515,1.6613
24.0703,516,1.6645
24.0746,516,1.6645
24.0789,516,1.6645
24.0832,516,1.6645
24.0874,518,1.6710
24.0918,517,1.6677
24.0961,516,1.6645
24.1003,516,1.6645
24.1046,516,1.6645
24.1089,516,1.6645
24.1132,516,1.6645
24.1175,516,1.6645
24.1217,517,1.6677
24.1260,517,1.6677
24.1303,517,1.6677
24.1346,517,1.6677
24.1389,517,1.6677
24.1432,517,1.6677
24.1475,517,1.6677
24.1518,517,1.6677
24.1561,517,1.6677
24.1604,517,1.6677
24.1646,517,1.6677
24.1689,517,1.6677
24.1732,518,1.6710
24.1775,518,1.6710
24.1818,518,1.6710
24.1861,518,1.6710
24.1904,517,1.6677
24.1947,518,1.6710
24.1990,519,1.6742
24.2033,519,1.6742
24.2076,521,1.6806
24.2118,520,1.6774
24.2161,520,1.6774
24.2204,519,1.6742
24.2247,519,1.6742
24.2290,521,1.6806
24.2333,521,1.6806
24.2376,521,1.6806
24.2419,521,1.6806
24.2462,520,1.6774
24.2505,520,1.6774
24.2548,519,1.6742
24.2591,520,1.6774
24.2634,520,1.6774
24.2677,521,1.6806
24.2719,521,1.6806
24.2762,520,1.6774
24.2806,520,1.6774
24.2848,521,1.6806
24.2891,521,1.6806
24.2934,521,1.6806
24.2977,521,1.6806
24.3020,522,1.6839
24.3063,523,1.6871
24.3106,523,1.6871
24.3149,522,1.6839
24.3192,523,1.6871
24.3235,523,1.6871
24.3277,524,1.6903
24.3320,523,1.6871
24.3363,523,1.6871
24.3406,523,1.6871
24.3449,523,1.6871
24.3492,523,1.6871
24.3535,523,1.6871
24.3578,522,1.6839
24.3621,522,1.6839
24.3663,522,1.6839
24.3706,523,1.6871
24.3749,523,1.6871
24.3792,523,1.6871
24.3835,522,1.6839
24.3877,523,1.6871
24.3920,522,1.6839
24.3963,522,1.6839
24.4006,523,1.6871
24.4050,523,1.6871
24.4093,522,1.6839
24.4137,522,1.6839
24.4180,521,1.6806
24.4223,522,1.6839
24.4266,523,1.6871
24.4309,523,1.6871
24.4352,523,1.6871
24.4395,523,1.6871
24.4438,523,1.6871
24.4481,523,1.6871
24.4525,523,1.6871
24.4567,523,1.6871
24.4610,521,1.6806
24.4653,521,1.6806
24.4695,522,1.6839
24.4738,522,1.6839
24.4780,522,1.6839
24.4823,521,1.6806
24.4866,522,1.6839
24.4908,522,1.6839
24.4951,522,1.6839
24.4994,521,1.6806
24.5036,522,1.6839
24.5079,523,1.6871
24.5121,523,1.6871
24.5164,522,1.6839
24.5207,520,1.6774
24.5249,522,1.6839
24.5292,522,1.6839
24.5334,522,1.6839
24.5377,521,1.6806
24.5419,522,1.6839
24.5462,522,1.6839
24.5505,522,1.6839
24.5548,521,1.6806
24.5591,523,1.6871
24.5634,522,1.6839
24.5677,522,1.6839
24.5720,528,1.7032
24.5763,536,1.7290
24.5806,546,1.7613
24.5849,558,1.8000
24.5892,567,1.8290
24.5935,575,1.8548
24.5978,582,1.8774
24.6021,586,1.8903
24.6064,590,1.9032
24.6107,588,1.8968
24.6149,585,1.8871
24.6192,580,1.8710
24.6235,577,1.8613
24.6278,572,1.8452
24.6321,563,1.8161
24.6364,553,1.7839
24.6407,540,1.7419
24.6450,530,1.7097
24.6493,520,1.6774
24.6536,511,1.6484
24.6579,508,1.6387
24.6622,506,1.6323
24.6665,507,1.6355
24.6708,508,1.6387
24.6751,508,1.6387
24.6794,509,1.6419
24.6837,508,1.6387
24.6880,508,1.6387
24.6923,509,1.6419
24.6965,509,1.6419
24.7009,508,1.6387
24.7053,509,1.6419
24.7097,511,1.6484
24.7140,510,1.6452
24.7183,510,1.6452
24.7227,511,1.6484
24.7270,509,1.6419
24.7313,507,1.6355
24.7356,493,1.5903
24.7399,469,1.5129
24.7442,449,1.4484
24.7485,459,1.4806
24.7528,517,1.6677
24.7571,617,1.9903
24.7613,743,2.3968
24.7656,877,2.8290
24.7699,970,3.1290
24.7741,970,3.1290
24.7784,886,2.8581
24.7827,752,2.4258
24.7875,589,1.9000
24.7919,487,1.5710
24.7962,436,1.4065
24.8005,422,1.3613
24.8049,431,1.3903
24.8092,451,1.4548
24.8135,467,1.5065
24.8178,473,1.5258
24.8221,475,1.5323
24.8264,476,1.5355
24.8307,476,1.5355
24.8350,479,1.5452
24.8393,479,1.5452
24.8436,480,1.5484
24.8482,480,1.5484
24.8531,481,1.5516
24.8574,481,1.5516
24.8617,483,1.5581
24.8660,484,1.5613
24.8703,484,1.5613
24.8746,485,1.5645
24.8789,485,1.5645
24.8832,485,1.5645
24.8875,486,1.5677
24.8918,487,1.5710
24.8961,486,1.5677
24.9004,487,1.5710
24.9048,487,1.5710
24.9091,488,1.5742
24.9133,489,1.5774
24.9176,489,1.5774
24.9220,489,1.5774
24.9263,490,1.5806
24.9306,491,1.5839
24.9352,491,1.5839
24.9395,492,1.5871
24.9438,492,1.5871
24.9481,493,1.5903
24.9524,492,1.5871
24.9567,493,1.5903
24.9611,494,1.5935
24.9654,495,1.5968
24.9697,497,1.6032
24.9740,503,1.6226
24.9783,510,1.6452
24.9826,520,1.6774
24.9869,530,1.7097
24.9912,540,1.7419
24.9955,550,1.7742
24.9998,558,1.8000
25.0041,568,1.8323
25.0084,576,1.8581
25.0127,585,1.8871
25.0172,592,1.9097
25.0215,599,1.9323
25.0259,605,1.9516
25.0304,610,1.9677
25.0350,613,1.9774
25.0395,614,1.9806
25.0440,615,1.9839
25.0484,614,1.9806
25.0529,611,1.9710
25.0572,607,1.9581
25.0616,601,1.9387
25.0659,597,1.9258
25.0702,589,1.9000
25.0745,583,1.8806
25.0793,573,1.8484
25.0836,562,1.8129
25.0879,554,1.7871
25.0922,544,1.7548
25.0965,534,1.7226
25.1008,523,1.6871
25.1052,512,1.6516
25.1095,503,1.6226
25.1138,494,1.5935
25.1181,484,1.5613
25.1223,474,1.5290
25.1267,468,1.5097
25.1310,464,1.4968
25.1353,460,1.4839
25.1395,459,1.4806
25.1438,462,1.4903
25.1482,462,1.4903
25.1526,463,1.4935
25.1569,464,1.4968
25.1612,465,1.5000
25.1655,466,1.5032
25.1698,468,1.5097
25.1741,468,1.5097
25.1784,469,1.5129
25.1827,469,1.5129
25.1870,470,1.5161
25.1913,472,1.5226
25.1956,472,1.5226
25.1999,472,1.5226
25.2042,473,1.5258
25.2086,475,1.5323
25.2129,476,1.5355
25.2171,477,1.5387
25.2214,477,1.5387
25.2257,478,1.5419
25.2301,480,1.5484
25.2344,481,1.5516
25.2387,481,1.5516
25.2429,482,1.5548
25.2473,482,1.5548
25.2516,482,1.5548
25.2559,483,1.5581
25.2605,483,1.5581
25.2649,485,1.5645
25.2692,486,1.5677
25.2735,487,1.5710
25.2778,486,1.5677
25.2821,487,1.5710
25.2864,487,1.5710
25.2907,489,1.5774
25.2950,489,1.5774
25.2993,489,1.5774
25.3042,491,1.5839
25.3087,490,1.5806
25.3131,490,1.5806
25.3174,491,1.5839
25.3216,493,1.5903
25.3260,492,1.5871
25.3303,494,1.5935
25.3346,495,1.5968
25.3389,495,1.5968
25.3432,496,1.6000
25.3475,497,1.6032
25.3518,497,1.6032
25.3566,497,1.6032
25.3609,498,1.6065
25.3656,498,1.6065
25.3700,499,1.6097
25.3743,498,1.6065
25.3786,499,1.6097
25.3828,500,1.6129
25.3871,500,1.6129
25.3915,501,1.6161
25.3958,501,1.6161
25.4001,501,1.6161
25.4044,501,1.6161
25.4088,501,1.6161
25.4131,503,1.6226
25.4174,503,1.6226
25.4217,504,1.6258
25.4260,505,1.6290
25.4303,505,1.6290
25.4346,505,1.6290
25.4389,504,1.6258
25.4432,506,1.6323
25.4475,506,1.6323
25.4519,506,1.6323
25.4562,506,1.6323
25.4605,507,1.6355
25.4648,507,1.6355
25.4691,508,1.6387
25.4734,508,1.6387
25.4777,508,1.6387
25.4820,508,1.6387
25.4863,509,1.6419
25.4906,510,1.6452
25.4950,510,1.6452
25.4992,509,1.6419
25.5035,511,1.6484
25.5079,511,1.6484
25.5127,510,1.6452
25.5170,512,1.6516
25.5213,511,1.6484
25.5256,512,1.6516
25.5299,512,1.6516
25.5343,512,1.6516
25.5386,513,1.6548
25.5429,513,1.6548
25.5471,512,1.6516
25.5514,513,1.6548
25.5558,513,1.6548
25.5601,513,1.6548
25.5644,513,1.6548
25.5687,514,1.6581
25.5730,513,1.6548
25.5773,514,1.6581
25.5816,513,1.6548
25.5859,514,1.6581
25.5903,513,1.6548
25.5947,514,1.6581
25.5990,515,1.6613
25.6034,515,1.6613
25.6086,516,1.6645
25.6130,516,1.6645
25.6174,516,1.6645
25.6217,516,1.6645
25.6259,516,1.6645
25.6302,518,1.6710
25.6345,518,1.6710
25.6388,518,1.6710
25.6431,519,1.6742
25.6474,519,1.6742
25.6518,517,1.6677
25.6561,517,1.6677
25.6604,517,1.6677
25.6647,517,1.6677
25.6690,517,1.6677
25.6733,518,1.6710
25.6777,517,1.6677
25.6820,518,1.6710
25.6863,517,1.6677
25.6906,518,1.6710
25.6949,518,1.6710
25.6992,520,1.6774
25.7035,519,1.6742
25.7078,520,1.6774
25.7121,520,1.6774
25.7165,520,1.6774
25.7208,519,1.6742
25.7251,519,1.6742
25.7294,520,1.6774
25.7337,521,1.6806
25.7380,521,1.6806
25.7423,521,1.6806
25.7466,521,1.6806
25.7509,521,1.6806
25.7554,521,1.6806
25.7597,520,1.6774
25.7640,520,1.6774
25.7683,519,1.6742
25.7727,520,1.6774
25.7770,521,1.6806
25.7813,519,1.6742
25.7856,521,1.6806
25.7899,520,1.6774
25.7942,519,1.6742
25.7990,520,1.6774
25.8033,521,1.6806
25.8076,522,1.6839
25.8120,521,1.6806
25.8163,520,1.6774
25.8206,521,1.6806
25.8249,521,1.6806
25.8292,521,1.6806
25.8335,521,1.6806
25.8378,521,1.6806
25.8421,522,1.6839
25.8464,521,1.6806
25.8507,520,1.6774
25.8550,521,1.6806
25.8593,522,1.6839
25.8637,521,1.6806
25.8680,522,1.6839
25.8723,523,1.6871
25.8766,521,1.6806
25.8809,521,1.6806
25.8852,522,1.6839
25.8895,523,1.6871
25.8938,523,1.6871
25.8981,523,1.6871
25.9024,524,1.6903
25.9067,524,1.6903
25.9110,523,1.6871
25.9153,523,1.6871
25.9196,523,1.6871
25.9239,523,1.6871
25.9282,522,1.6839
25.9325,522,1.6839
25.9368,522,1.6839
25.9411,523,1.6871
25.9455,523,1.6871
25.9497,523,1.6871
25.9540,521,1.6806
25.9584,521,1.6806
25.9627,520,1.6774
25.9670,522,1.6839
25.9713,522,1.6839
25.9756,522,1.6839
25.9799,523,1.6871
25.9842,522,1.6839
25.9885,524,1.6903
25.9928,525,1.6935
25.9971,524,1.6903
26.0014,524,1.6903
26.0057,523,1.6871
26.0100,524,1.6903
26.0144,523,1.6871
26.0186,524,1.6903
26.0234,523,1.6871
26.0277,524,1.6903
26.0320,523,1.6871
26.0363,524,1.6903
26.0406,522,1.6839
26.0449,522,1.6839
26.0492,523,1.6871
26.0535,523,1.6871
26.0578,523,1.6871
26.0621,524,1.6903
26.0665,524,1.6903
26.0708,524,1.6903
26.0750,524,1.6903
26.0793,523,1.6871
26.0836,523,1.6871
26.0880,528,1.7032
26.0923,536,1.7290
26.0965,547,1.7645
26.1008,558,1.8000
26.1052,567,1.8290
26.1095,577,1.8613
26.1138,582,1.8774
26.1181,587,1.8935
26.1224,590,1.9032
26.1267,591,1.9065
26.1310,586,1.8903
26.1353,580,1.8710
26.1396,571,1.8419
26.1439,561,1.8097
26.1482,550,1.7742
26.1525,540,1.7419
26.1568,529,1.7065
26.1611,518,1.6710
26.1654,511,1.6484
26.1698,509,1.6419
26.1741,508,1.6387
26.1784,508,1.6387
26.1827,509,1.6419
26.1870,509,1.6419
26.1913,509,1.6419
26.1956,509,1.6419
26.2000,507,1.6355
26.2044,510,1.6452
26.2089,510,1.6452
26.2133,509,1.6419
26.2176,511,1.6484
26.2218,511,1.6484
26.2261,511,1.6484
26.2305,510,1.6452
26.2348,512,1.6516
26.2391,512,1.6516
26.2433,505,1.6290
26.2482,487,1.5710
26.2525,463,1.4935
26.2568,448,1.4452
26.2611,475,1.5323
26.2654,550,1.7742
26.2698,665,2.1452
26.2741,801,2.5839
26.2784,925,2.9839
26.2827,980,3.1613
26.2870,942,3.0387
26.2913,834,2.6903
26.2956,692,2.2323
26.2999,555,1.7903
26.3042,469,1.5129
26.3085,430,1.3871
26.3128,423,1.3645
26.3171,437,1.4097
26.3214,458,1.4774
26.3257,472,1.5226
26.3301,477,1.5387
26.3344,478,1.5419
26.3387,478,1.5419
26.3430,478,1.5419
26.3473,479,1.5452
26.3516,481,1.5516
26.3559,481,1.5516
26.3602,482,1.5548
26.3645,481,1.5516
26.3688,481,1.5516
26.3732,483,1.5581
26.3775,483,1.5581
26.3817,484,1.5613
26.3860,485,1.5645
26.3903,486,1.5677
26.3947,487,1.5710
26.3990,487,1.5710
26.4032,487,1.5710
26.4075,489,1.5774
26.4119,489,1.5774
26.4162,489,1.5774
26.4205,489,1.5774
26.4248,488,1.5742
26.4291,489,1.5774
26.4334,490,1.5806
26.4377,491,1.5839
26.4420,491,1.5839
26.4463,494,1.5935
26.4506,494,1.5935
26.4549,495,1.5968
26.4592,495,1.5968
26.4635,495,1.5968
26.4679,494,1.5935
26.4727,495,1.5968
26.4770,495,1.5968
26.4813,496,1.6000
26.4856,502,1.6194
26.4899,512,1.6516
26.4942,522,1.6839
26.4985,533,1.7194
26.5032,543,1.7516
26.5077,554,1.7871
26.5121,564,1.8194
26.5165,573,1.8484
26.5208,580,1.8710
26.5251,588,1.8968
26.5294,596,1.9226
26.5344,602,1.9419
26.5387,608,1.9613
26.5430,611,1.9710
26.5473,616,1.9871
26.5516,617,1.9903
26.5559,616,1.9871
26.5603,614,1.9806
26.5646,613,1.9774
26.5690,608,1.9613
26.5733,603,1.9452
26.5776,597,1.9258
26.5819,591,1.9065
26.5862,583,1.8806
26.5905,574,1.8516
26.5948,566,1.8258
26.5991,556,1.7935
26.6034,546,1.7613
26.6077,536,1.7290
26.6120,524,1.6903
26.6164,515,1.6613
26.6207,503,1.6226
26.6250,493,1.5903
26.6293,484,1.5613
26.6336,475,1.5323
26.6379,465,1.5000
26.6422,460,1.4839
26.6465,459,1.4806
26.6508,461,1.4871
26.6551,462,1.4903
26.6594,464,1.4968
26.6637,465,1.5000
26.6680,465,1.5000
26.6723,467,1.5065
26.6766,469,1.5129
26.6810,469,1.5129
26.6853,470,1.5161
26.6896,470,1.5161
26.6939,471,1.5194
26.6982,472,1.5226
26.7025,473,1.5258
26.7068,474,1.5290
26.7111,475,1.5323
26.7154,475,1.5323
26.7197,476,1.5355
26.7240,478,1.5419
26.7283,478,1.5419
26.7327,479,1.5452
26.7370,480,1.5484
26.7413,480,1.5484
26.7456,481,1.5516
26.7499,482,1.5548
26.7542,484,1.5613
26.7589,485,1.5645
26.7633,486,1.5677
26.7676,484,1.5613
26.7719,484,1.5613
26.7762,486,1.5677
26.7805,487,1.5710
26.7848,486,1.5677
26.7891,486,1.5677
26.7934,486,1.5677
26.7977,487,1.5710
26.8020,489,1.5774
26.8063,489,1.5774
26.8106,490,1.5806
26.8149,491,1.5839
26.8192,491,1.5839
26.8236,492,1.5871
26.8279,492,1.5871
26.8322,492,1.5871
26.8364,492,1.5871
26.8408,492,1.5871
26.8451,493,1.5903
26.8494,494,1.5935
26.8536,495,1.5968
26.8579,496,1.6000
26.8623,497,1.6032
26.8666,496,1.6000
26.8709,497,1.6032
26.8752,497,1.6032
26.8795,497,1.6032
26.8839,498,1.6065
26.8882,499,1.6097
26.8925,500,1.6129
26.8968,501,1.6161
26.9011,501,1.6161
26.9054,501,1.6161
26.9097,502,1.6194
26.9140,501,1.6161
26.9183,502,1.6194
26.9227,503,1.6226
26.9270,503,1.6226
26.9313,503,1.6226
26.9355,503,1.6226
26.9398,502,1.6194
26.9442,504,1.6258
26.9485,503,1.6226
26.9528,504,1.6258
26.9570,504,1.6258
26.9613,504,1.6258
26.9657,504,1.6258
26.9700,504,1.6258
26.9743,505,1.6290
26.9786,505,1.6290
26.9835,507,1.6355
26.9877,508,1.6387
26.9920,508,1.6387
26.9962,507,1.6355
27.0005,507,1.6355
27.0048,508,1.6387
27.0090,508,1.6387
27.0133,508,1.6387
27.0176,508,1.6387
27.0219,509,1.6419
27.0262,510,1.6452
27.0304,510,1.6452
27.0351,511,1.6484
27.0394,511,1.6484
27.0437,511,1.6484
27.0480,511,1.6484
27.0522,511,1.6484
27.0565,512,1.6516
27.0610,512,1.6516
27.0653,511,1.6484
27.0696,512,1.6516
27.0739,512,1.6516
27.0782,513,1.6548
27.0825,513,1.6548
27.0868,513,1.6548
27.0911,514,1.6581
27.0953,513,1.6548
27.0996,514,1.6581
27.1039,513,1.6548
27.1083,515,1.6613
27.1127,514,1.6581
27.1170,515,1.6613
27.1214,515,1.6613
27.1256,515,1.6613
27.1299,516,1.6645
27.1342,516,1.6645
27.1385,516,1.6645
27.1431,516,1.6645
27.1475,516,1.6645
27.1517,517,1.6677
27.1559,518,1.6710
27.1602,518,1.6710
27.1645,519,1.6742
27.1688,519,1.6742
27.1731,519,1.6742
27.1774,519,1.6742
27.1816,518,1.6710
27.1859,518,1.6710
27.1902,517,1.6677
27.1944,520,1.6774
27.1986,520,1.6774
27.2029,519,1.6742
27.2072,519,1.6742
27.2114,518,1.6710
27.2157,520,1.6774
27.2200,520,1.6774
27.2242,520,1.6774
27.2289,519,1.6742
27.2332,520,1.6774
27.2375,518,1.6710
27.2417,519,1.6742
27.2460,519,1.6742
27.2502,520,1.6774
27.2545,520,1.6774
27.2588,520,1.6774
27.2630,519,1.6742
27.2673,520,1.6774
27.2716,521,1.6806
27.2759,521,1.6806
27.2802,520,1.6774
27.2844,520,1.6774
27.2887,520,1.6774
27.2930,520,1.6774
27.2972,520,1.6774
27.3015,521,1.6806
27.3057,522,1.6839
27.3100,524,1.6903
27.3143,523,1.6871
27.3186,521,1.6806
27.3229,521,1.6806
27.3272,522,1.6839
27.3315,521,1.6806
27.3357,522,1.6839
27.3400,522,1.6839
27.3442,522,1.6839
27.3485,523,1.6871
27.3528,523,1.6871
27.3571,525,1.6935
27.3613,524,1.6903
27.3656,523,1.6871
27.3699,522,1.6839
27.3742,522,1.6839
27.3785,521,1.6806
27.3827,521,1.6806
27.3869,522,1.6839
27.3912,522,1.6839
27.3955,523,1.6871
27.3998,523,1.6871
27.4041,523,1.6871
27.4086,520,1.6774
27.4130,522,1.6839
27.4172,521,1.6806
27.4215,522,1.6839
27.4257,523,1.6871
27.4300,524,1.6903
27.4342,525,1.6935
27.4385,524,1.6903
27.4427,524,1.6903
27.4472,524,1.6903
27.4515,525,1.6935
27.4558,524,1.6903
27.4601,524,1.6903
27.4643,524,1.6903
27.4686,525,1.6935
27.4729,524,1.6903
27.4771,523,1.6871
27.4814,521,1.6806
27.4856,522,1.6839
27.4899,522,1.6839
27.4941,521,1.6806
27.4984,521,1.6806
27.5027,522,1.6839
27.5069,522,1.6839
27.5112,522,1.6839
27.5154,521,1.6806
27.5197,523,1.6871
27.5240,524,1.6903
27.5282,523,1.6871
27.5325,522,1.6839
27.5368,521,1.6806
27.5410,521,1.6806
27.5453,521,1.6806
27.5495,521,1.6806
27.5538,523,1.6871
27.5580,523,1.6871
27.5623,522,1.6839
27.5666,522,1.6839
27.5708,522,1.6839
27.5751,523,1.6871
27.5794,521,1.6806
27.5837,520,1.6774
27.5880,522,1.6839
27.5923,527,1.7000
27.5966,534,1.7226
27.6008,545,1.7581
27.6052,556,1.7935
27.6095,564,1.8194
27.6138,574,1.8516
27.6180,581,1.8742
27.6223,586,1.8903
27.6266,588,1.8968
27.6309,589,1.9000
27.6352,586,1.8903
27.6396,581,1.8742
27.6438,575,1.8548
27.6481,568,1.8323
27.6524,560,1.8065
27.6567,550,1.7742
27.6610,539,1.7387
27.6653,528,1.7032
27.6696,517,1.6677
27.6739,509,1.6419
27.6782,505,1.6290
27.6825,505,1.6290
27.6868,506,1.6323
27.6911,506,1.6323
27.6954,507,1.6355
27.6997,507,1.6355
27.7039,508,1.6387
27.7082,507,1.6355
27.7125,508,1.6387
27.7168,509,1.6419
27.7211,510,1.6452
27.7254,510,1.6452
27.7297,509,1.6419
27.7340,510,1.6452
27.7383,510,1.6452
27.7426,510,1.6452
27.7469,509,1.6419
27.7512,506,1.6323
27.7555,494,1.5935
27.7598,471,1.5194
27.7641,448,1.4452
27.7685,457,1.4742
27.7728,512,1.6516
27.7771,613,1.9774
27.7814,741,2.3903
27.7857,877,2.8290
27.7900,971,3.1323
27.7942,968,3.1226
27.7985,885,2.8548
27.8028,752,2.4258
27.8071,608,1.9613
27.8114,498,1.6065
27.8157,441,1.4226
27.8201,422,1.3613
27.8243,428,1.3806
27.8287,448,1.4452
27.8330,465,1.5000
27.8372,474,1.5290
27.8415,476,1.5355
27.8458,478,1.5419
27.8501,478,1.5419
27.8544,478,1.5419
27.8588,479,1.5452
27.8630,480,1.5484
27.8673,480,1.5484
27.8716,481,1.5516
27.8759,481,1.5516
27.8802,482,1.5548
27.8845,482,1.5548
27.8888,483,1.5581
27.8931,484,1.5613
27.8974,484,1.5613
27.9017,484,1.5613
27.9060,486,1.5677
27.9103,486,1.5677
27.9145,488,1.5742
27.9188,487,1.5710
27.9231,488,1.5742
27.9274,488,1.5742
27.9317,490,1.5806
27.9360,490,1.5806
27.9403,490,1.5806
27.9446,491,1.5839
27.9489,491,1.5839
27.9531,492,1.5871
27.9574,494,1.5935
27.9617,494,1.5935
27.9660,494,1.5935
27.9704,495,1.5968
27.9747,494,1.5935
27.9790,495,1.5968
27.9833,495,1.5968
27.9876,496,1.6000
27.9919,499,1.6097
27.9962,506,1.6323
28.0005,517,1.6677
28.0050,528,1.7032
28.0095,536,1.7290
28.0139,547,1.7645
28.0182,556,1.7935
28.0225,565,1.8226
28.0268,574,1.8516
28.0311,583,1.8806
28.0354,591,1.9065
28.0397,597,1.9258
28.0440,603,1.9452
28.0483,607,1.9581
28.0526,612,1.9742
28.0569,614,1.9806
28.0612,615,1.9839
28.0655,614,1.9806
28.0699,614,1.9806
28.0742,611,1.9710
28.0786,609,1.9645
28.0828,602,1.9419
28.0871,596,1.9226
28.0914,589,1.9000
28.0956,581,1.8742
28.0999,573,1.8484
28.1041,565,1.8226
28.1084,555,1.7903
28.1126,545,1.7581
28.1169,535,1.7258
28.1212,524,1.6903
28.1254,513,1.6548
28.1297,501,1.6161
28.1339,491,1.5839
28.1382,482,1.5548
28.1425,474,1.5290
28.1467,465,1.5000
28.1510,461,1.4871
28.1552,458,1.4774
28.1595,460,1.4839
28.1637,461,1.4871
28.1680,462,1.4903
28.1724,464,1.4968
28.1767,465,1.5000
28.1810,466,1.5032
28.1853,467,1.5065
28.1896,468,1.5097
28.1939,468,1.5097
28.1982,469,1.5129
28.2026,469,1.5129
28.2069,470,1.5161
28.2112,471,1.5194
28.2154,472,1.5226
28.2197,473,1.5258
28.2240,474,1.5290
28.2283,475,1.5323
28.2327,476,1.5355
28.2369,477,1.5387
28.2412,478,1.5419
28.2455,479,1.5452
28.2498,481,1.5516
28.2541,481,1.5516
28.2584,482,1.5548
28.2627,481,1.5516
28.2670,483,1.5581
28.2713,482,1.5548
28.2756,482,1.5548
28.2799,483,1.5581
28.2842,484,1.5613
28.2885,485,1.5645
28.2928,486,1.5677
28.2971,486,1.5677
28.3014,488,1.5742
28.3059,489,1.5774
28.3102,490,1.5806
28.3146,490,1.5806
28.3189,492,1.5871
28.3232,492,1.5871
28.3275,493,1.5903
28.3318,493,1.5903
28.3361,493,1.5903
28.3404,494,1.5935
28.3447,493,1.5903
28.3490,493,1.5903
28.3533,493,1.5903
28.3576,494,1.5935
28.3619,494,1.5935
28.3662,496,1.6000
28.3705,496,1.6000
28.3748,497,1.6032
28.3791,498,1.6065
28.3834,497,1.6032
28.3876,499,1.6097
28.3919,500,1.6129
28.3962,500,1.6129
28.4004,500,1.6129
28.4047,500,1.6129
28.4089,501,1.6161
28.4132,501,1.6161
28.4175,501,1.6161
28.4217,501,1.6161
28.4260,502,1.6194
28.4302,503,1.6226
28.4345,503,1.6226
28.4388,503,1.6226
28.4430,503,1.6226
28.4473,503,1.6226
28.4516,504,1.6258
28.4558,505,1.6290
28.4601,505,1.6290
28.4643,506,1.6323
28.4686,506,1.6323
28.4729,507,1.6355
28.4771,506,1.6323
28.4815,506,1.6323
28.4858,506,1.6323
28.4901,507,1.6355
28.4943,507,1.6355
28.4986,507,1.6355
28.5029,507,1.6355
28.5072,508,1.6387
28.5115,509,1.6419
28.5158,509,1.6419
28.5201,510,1.6452
28.5244,510,1.6452
28.5287,510,1.6452
28.5330,510,1.6452
28.5373,511,1.6484
28.5416,511,1.6484
28.5459,512,1.6516
28.5502,512,1.6516
28.5545,512,1.6516
28.5588,513,1.6548
28.5631,513,1.6548
28.5674,512,1.6516
28.5716,514,1.6581
28.5760,515,1.6613
28.5803,515,1.6613
28.5846,514,1.6581
28.5889,514,1.6581
28.5932,515,1.6613
28.5975,516,1.6645
28.6018,515,1.6613
28.6061,515,1.6613
28.6104,515,1.6613
28.6147,514,1.6581
28.6190,515,1.6613
28.6233,516,1.6645
28.6276,515,1.6613
28.6318,515,1.6613
28.6361,516,1.6645
28.6404,516,1.6645
28.6447,516,1.6645
28.6490,517,1.6677
28.6533,517,1.6677
28.6576,517,1.6677
28.6619,517,1.6677
28.6662,517,1.6677
28.6705,518,1.6710
28.6748,517,1.6677
28.6791,518,1.6710
28.6834,517,1.6677
28.6877,518,1.6710
28.6920,517,1.6677
28.6963,518,1.6710
28.7006,518,1.6710
28.7048,519,1.6742
28.7092,520,1.6774
28.7134,520,1.6774
28.7177,519,1.6742
28.7220,520,1.6774
28.7263,518,1.6710
28.7306,518,1.6710
28.7349,518,1.6710
28.7392,517,1.6677
28.7435,518,1.6710
28.7478,518,1.6710
28.7521,518,1.6710
28.7564,519,1.6742
28.7607,519,1.6742
28.7650,519,1.6742
28.7693,519,1.6742
28.7736,519,1.6742
28.7779,519,1.6742
28.7822,518,1.6710
28.7866,518,1.6710
28.7909,518,1.6710
28.7956,518,1.6710
28.8000,519,1.6742
28.8043,519,1.6742
28.8087,519,1.6742
28.8130,521,1.6806
28.8174,522,1.6839
28.8217,520,1.6774
28.8260,521,1.6806
28.8304,521,1.6806
28.8347,520,1.6774
28.8390,520,1.6774
28.8434,520,1.6774
28.8477,521,1.6806
28.8520,522,1.6839
28.8564,522,1.6839
28.8607,522,1.6839
28.8650,522,1.6839
28.8694,524,1.6903
28.8737,522,1.6839
28.8781,521,1.6806
28.8825,521,1.6806
28.8868,521,1.6806
28.8911,523,1.6871
28.8954,523,1.6871
28.8997,523,1.6871
28.9040,523,1.6871
28.9084,523,1.6871
28.9128,523,1.6871
28.9172,522,1.6839
28.9215,522,1.6839
28.9257,522,1.6839
28.9300,522,1.6839
28.9343,522,1.6839
28.9386,523,1.6871
28.9429,523,1.6871
28.9472,523,1.6871
28.9515,523,1.6871
28.9558,523,1.6871
28.9601,521,1.6806
28.9644,522,1.6839
28.9687,522,1.6839
28.9730,522,1.6839
28.9773,521,1.6806
28.9816,521,1.6806
28.9859,521,1.6806
28.9902,522,1.6839
28.9945,522,1.6839
28.9988,522,1.6839
29.0030,523,1.6871
29.0073,523,1.6871
29.0117,523,1.6871
29.0160,524,1.6903
29.0203,522,1.6839
29.0246,521,1.6806
29.0289,521,1.6806
29.0332,522,1.6839
29.0375,523,1.6871
29.0418,522,1.6839
29.0460,523,1.6871
29.0503,521,1.6806
29.0546,521,1.6806
29.0589,522,1.6839
29.0632,521,1.6806
29.0675,522,1.6839
29.0718,522,1.6839
29.0761,523,1.6871
29.0804,521,1.6806
29.0847,521,1.6806
29.0890,521,1.6806
29.0933,523,1.6871
29.0976,527,1.7000
29.1019,536,1.7290
29.1062,546,1.7613
29.1105,556,1.7935
29.1148,567,1.8290
29.1191,574,1.8516
29.1234,582,1.8774
29.1277,586,1.8903
29.1320,589,1.9000
29.1363,588,1.8968
29.1406,584,1.8839
29.1449,578,1.8645
29.1492,568,1.8323
29.1534,559,1.8032
29.1577,549,1.7710
29.1620,538,1.7355
29.1663,527,1.7000
29.1706,516,1.6645
29.1749,511,1.6484
29.1792,508,1.6387
29.1835,508,1.6387
29.1879,508,1.6387
29.1922,508,1.6387
29.1965,510,1.6452
29.2009,509,1.6419
29.2053,510,1.6452
29.2098,510,1.6452
29.2143,510,1.6452
29.2186,509,1.6419
29.2229,509,1.6419
29.2272,511,1.6484
29.2315,511,1.6484
29.2358,512,1.6516
29.2401,512,1.6516
29.2444,512,1.6516
29.2486,512,1.6516
29.2529,512,1.6516
29.2572,508,1.6387
29.2615,493,1.5903
29.2657,468,1.5097
29.2700,450,1.4516
29.2743,467,1.5065
29.2787,531,1.7129
29.2831,643,2.0742
29.2875,774,2.4968
29.2918,907,2.9258
29.2961,981,3.1645
29.3004,958,3.0903
29.3047,857,2.7645
29.3090,717,2.3129
29.3133,578,1.8645
29.3175,483,1.5581
29.3219,434,1.4000
29.3262,423,1.3645
29.3304,433,1.3968
29.3349,454,1.4645
29.3392,469,1.5129
29.3435,476,1.5355
29.3478,477,1.5387
29.3521,477,1.5387
29.3564,477,1.5387
29.3607,478,1.5419
29.3650,479,1.5452
29.3693,480,1.5484
29.3736,481,1.5516
29.3779,482,1.5548
29.3822,482,1.5548
29.3865,482,1.5548
29.3908,484,1.5613
29.3951,484,1.5613
29.3995,483,1.5581
29.4038,484,1.5613
29.4081,485,1.5645
29.4125,487,1.5710
29.4168,488,1.5742
29.4211,487,1.5710
29.4255,488,1.5742
29.4298,488,1.5742
29.4341,489,1.5774
29.4385,490,1.5806
29.4428,489,1.5774
29.4472,490,1.5806
29.4515,490,1.5806
29.4558,491,1.5839
29.4601,491,1.5839
29.4645,492,1.5871
29.4688,491,1.5839
29.4731,491,1.5839
29.4775,493,1.5903
29.4818,493,1.5903
29.4861,494,1.5935
29.4905,495,1.5968
29.4948,496,1.6000
29.4991,501,1.6161
29.5034,510,1.6452
29.5077,520,1.6774
29.5120,530,1.7097
29.5162,541,1.7452
29.5205,549,1.7710
29.5248,560,1.8065
29.5291,570,1.8387
29.5334,578,1.8645
29.5377,586,1.8903
29.5420,593,1.9129
29.5463,600,1.9355
29.5506,601,1.9387
29.5549,604,1.9484
29.5592,607,1.9581
29.5635,610,1.9677
29.5678,611,1.9710
29.5721,613,1.9774
29.5764,613,1.9774
29.5807,612,1.9742
29.5849,609,1.9645
29.5893,605,1.9516
29.5936,600,1.9355
29.5979,592,1.9097
29.6023,586,1.8903
29.6066,576,1.8581
29.6109,568,1.8323
29.6153,559,1.8032
29.6196,549,1.7710
29.6239,539,1.7387
29.6283,529,1.7065
29.6326,519,1.6742
29.6369,508,1.6387
29.6412,497,1.6032
29.6455,487,1.5710
29.6498,478,1.5419
29.6541,468,1.5097
29.6584,461,1.4871
29.6627,459,1.4806
29.6670,460,1.4839
29.6713,460,1.4839
29.6755,462,1.4903
29.6799,462,1.4903
29.6842,464,1.4968
29.6885,464,1.4968
29.6928,464,1.4968
29.6971,465,1.5000
29.7014,467,1.5065
29.7057,467,1.5065
29.7100,469,1.5129
29.7142,470,1.5161
29.7186,470,1.5161
29.7229,473,1.5258
29.7272,475,1.5323
29.7315,476,1.5355
29.7358,477,1.5387
29.7401,477,1.5387
29.7443,477,1.5387
29.7487,478,1.5419
29.7529,478,1.5419
29.7572,479,1.5452
29.7615,479,1.5452
29.7658,480,1.5484
29.7701,481,1.5516
29.7744,482,1.5548
29.7787,483,1.5581
29.7830,482,1.5548
29.7873,483,1.5581
29.7916,482,1.5548
29.7959,483,1.5581
29.8003,485,1.5645
29.8046,485,1.5645
29.8097,486,1.5677
29.8142,487,1.5710
29.8186,487,1.5710
29.8229,488,1.5742
29.8273,489,1.5774
29.8316,490,1.5806
29.8360,492,1.5871
29.8403,492,1.5871
29.8447,492,1.5871
29.8490,493,1.5903
29.8533,493,1.5903
29.8577,494,1.5935
29.8620,495,1.5968
29.8664,496,1.6000
29.8707,496,1.6000
29.8758,496,1.6000
29.8801,497,1.6032
29.8844,498,1.6065
29.8896,499,1.6097
29.8939,500,1.6129
29.8983,499,1.6097
29.9026,498,1.6065
29.9069,500,1.6129
29.9112,500,1.6129
29.9155,502,1.6194
29.9199,501,1.6161
29.9242,501,1.6161
29.9285,502,1.6194
29.9332,502,1.6194
29.9375,503,1.6226
29.9419,502,1.6194
29.9462,503,1.6226
29.9505,503,1.6226
29.9548,504,1.6258
29.9591,505,1.6290
29.9634,504,1.6258
29.9677,506,1.6323
29.9720,506,1.6323
29.9763,506,1.6323
29.9806,506,1.6323
29.9849,507,1.6355
29.9892,507,1.6355
29.9935,508,1.6387
29.9979,507,1.6355
30.0022,506,1.6323
30.0065,507,1.6355
30.0108,507,1.6355
30.0153,508,1.6387
30.0196,507,1.6355
30.0239,507,1.6355
30.0282,508,1.6387
30.0327,508,1.6387
30.0372,509,1.6419
30.0417,508,1.6387
30.0462,509,1.6419
30.0507,509,1.6419
30.0551,510,1.6452
30.0596,511,1.6484
30.0639,511,1.6484
30.0682,512,1.6516
30.0725,511,1.6484
30.0775,513,1.6548
30.0819,513,1.6548
30.0862,513,1.6548
30.0905,514,1.6581
30.0948,514,1.6581
30.0991,513,1.6548
30.1035,513,1.6548
30.1080,512,1.6516
30.1123,514,1.6581
30.1167,513,1.6548
30.1210,514,1.6581
30.1253,513,1.6548
30.1296,515,1.6613
30.1339,516,1.6645
30.1382,517,1.6677
30.1426,516,1.6645
30.1469,515,1.6613
30.1512,515,1.6613
30.1555,515,1.6613
30.1598,514,1.6581
30.1641,515,1.6613
30.1684,516,1.6645
30.1727,515,1.6613
30.1770,515,1.6613
30.1813,515,1.6613
30.1856,516,1.6645
30.1899,518,1.6710
30.1942,519,1.6742
30.1985,517,1.6677
30.2028,517,1.6677
30.2072,517,1.6677
30.2115,517,1.6677
30.2158,517,1.6677
30.2201,517,1.6677
30.2244,518,1.6710
30.2287,518,1.6710
30.2330,519,1.6742
30.2373,518,1.6710
30.2416,517,1.6677
30.2459,518,1.6710
30.2503,519,1.6742
30.2545,520,1.6774
30.2588,519,1.6742
30.2631,520,1.6774
30.2675,520,1.6774
30.2718,521,1.6806
30.2761,520,1.6774
30.2803,520,1.6774
30.2846,519,1.6742
30.2890,520,1.6774
30.2933,520,1.6774
30.2976,520,1.6774
30.3019,520,1.6774
30.3062,519,1.6742
30.3105,520,1.6774
30.3148,521,1.6806
30.3191,521,1.6806
30.3234,521,1.6806
30.3277,522,1.6839
30.3320,521,1.6806
30.3363,521,1.6806
30.3406,521,1.6806
30.3449,520,1.6774
30.3493,520,1.6774
30.3536,521,1.6806
30.3578,519,1.6742
30.3621,521,1.6806
30.3664,521,1.6806
30.3708,521,1.6806
30.3751,521,1.6806
30.3793,521,1.6806
30.3836,521,1.6806
30.3879,521,1.6806
30.3923,521,1.6806
30.3966,521,1.6806
30.4009,521,1.6806
30.4052,520,1.6774
30.4095,521,1.6806
30.4138,522,1.6839
30.4181,521,1.6806
30.4224,523,1.6871
30.4267,523,1.6871
30.4310,523,1.6871
30.4353,522,1.6839
30.4396,522,1.6839
30.4441,522,1.6839
30.4484,523,1.6871
30.4527,524,1.6903
30.4570,524,1.6903
30.4613,524,1.6903
30.4660,523,1.6871
30.4704,522,1.6839
30.4747,523,1.6871
30.4790,524,1.6903
30.4833,523,1.6871
30.4876,524,1.6903
30.4919,523,1.6871
30.4962,522,1.6839
30.5005,521,1.6806
30.5048,522,1.6839
30.5091,522,1.6839
30.5134,522,1.6839
30.5177,523,1.6871
30.5220,522,1.6839
30.5263,523,1.6871
30.5306,524,1.6903
30.5349,524,1.6903
30.5392,524,1.6903
30.5435,523,1.6871
30.5478,524,1.6903
30.5522,524,1.6903
30.5565,524,1.6903
30.5608,523,1.6871
30.5651,523,1.6871
30.5697,522,1.6839
30.5741,523,1.6871
30.5784,523,1.6871
30.5827,523,1.6871
30.5870,522,1.6839
30.5913,523,1.6871
30.5956,523,1.6871
30.6000,523,1.6871
30.6043,524,1.6903
30.6091,530,1.7097
30.6134,540,1.7419
30.6177,551,1.7774
30.6220,561,1.8097
30.6263,570,1.8387
30.6306,577,1.8613
30.6349,585,1.8871
30.6392,589,1.9000
30.6435,589,1.9000
30.6478,587,1.8935
30.6521,583,1.8806
30.6565,575,1.8548
30.6608,565,1.8226
30.6650,557,1.7968
30.6693,546,1.7613
30.6736,534,1.7226
30.6780,523,1.6871
30.6823,511,1.6484
30.6866,507,1.6355
30.6909,506,1.6323
30.6953,505,1.6290
30.7000,507,1.6355
30.7044,508,1.6387
30.7088,508,1.6387
30.7132,509,1.6419
30.7176,509,1.6419
30.7219,509,1.6419
30.7262,509,1.6419
30.7305,509,1.6419
30.7348,510,1.6452
30.7392,509,1.6419
30.7435,510,1.6452
30.7478,509,1.6419
30.7522,511,1.6484
30.7565,511,1.6484
30.7608,508,1.6387
30.7651,498,1.6065
30.7694,476,1.5355
30.7737,453,1.4613
30.7781,455,1.4677
30.7824,504,1.6258
30.7866,598,1.9290
30.7909,724,2.3355
30.7953,864,2.7871
30.7996,968,3.1226
30.8040,976,3.1484
30.8083,900,2.9032
30.8126,769,2.4806
30.8169,622,2.0065
30.8212,507,1.6355
30.8255,445,1.4355
30.8298,424,1.3677
30.8341,428,1.3806
30.8384,448,1.4452
30.8427,465,1.5000
30.8470,473,1.5258
30.8513,476,1.5355
30.8556,478,1.5419
30.8600,478,1.5419
30.8643,478,1.5419
30.8686,479,1.5452
30.8728,480,1.5484
30.8771,480,1.5484
30.8815,481,1.5516
30.8858,481,1.5516
30.8901,482,1.5548
30.8943,481,1.5516
30.8992,483,1.5581
30.9036,483,1.5581
30.9079,484,1.5613
30.9122,485,1.5645
30.9165,486,1.5677
30.9208,487,1.5710
30.9251,488,1.5742
30.9294,489,1.5774
30.9337,489,1.5774
30.9380,488,1.5742
30.9423,489,1.5774
30.9466,489,1.5774
30.9509,491,1.5839
30.9552,491,1.5839
30.9595,492,1.5871
30.9638,493,1.5903
30.9681,494,1.5935
30.9724,494,1.5935
30.9767,493,1.5903
30.9811,494,1.5935
30.9854,496,1.6000
30.9896,496,1.6000
30.9939,497,1.6032
30.9982,498,1.6065
31.0027,498,1.6065
31.0070,499,1.6097
31.0114,507,1.6355
31.0157,517,1.6677
31.0200,527,1.7000
31.0243,537,1.7323
31.0286,547,1.7645
31.0329,557,1.7968
31.0371,566,1.8258
31.0414,575,1.8548
31.0457,583,1.8806
31.0500,590,1.9032
31.0543,596,1.9226
31.0586,603,1.9452
31.0629,610,1.9677
31.0672,612,1.9742
31.0714,616,1.9871
31.0757,614,1.9806
31.0800,614,1.9806
31.0843,613,1.9774
31.0886,611,1.9710
31.0928,609,1.9645
31.0971,605,1.9516
31.1014,600,1.9355
31.1057,591,1.9065
31.1100,585,1.8871
31.1142,575,1.8548
31.1185,566,1.8258
31.1227,556,1.7935
31.1270,546,1.7613
31.1313,537,1.7323
31.1356,526,1.6968
31.1404,514,1.6581
31.1447,503,1.6226
31.1490,493,1.5903
31.1532,483,1.5581
31.1575,476,1.5355
31.1617,472,1.5226
31.1660,468,1.5097
31.1703,463,1.4935
31.1746,462,1.4903
31.1788,462,1.4903
31.1831,463,1.4935
31.1874,463,1.4935
31.1917,465,1.5000
31.1960,465,1.5000
31.2002,465,1.5000
31.2045,466,1.5032
31.2088,468,1.5097
31.2131,468,1.5097
31.2174,469,1.5129
31.2220,468,1.5097
31.2263,470,1.5161
31.2305,471,1.5194
31.2348,472,1.5226
31.2390,474,1.5290
31.2433,475,1.5323
31.2476,475,1.5323
31.2519,476,1.5355
31.2561,477,1.5387
31.2604,477,1.5387
31.2646,479,1.5452
31.2689,479,1.5452
31.2732,480,1.5484
31.2775,482,1.5548
31.2817,483,1.5581
31.2860,483,1.5581
31.2903,484,1.5613
31.2946,485,1.5645
31.2989,485,1.5645
31.3032,485,1.5645
31.3075,486,1.5677
31.3118,487,1.5710
31.3161,488,1.5742
31.3203,488,1.5742
31.3246,489,1.5774
31.3289,489,1.5774
31.3331,489,1.5774
31.3374,491,1.5839
31.3417,490,1.5806
31.3459,491,1.5839
31.3502,492,1.5871
31.3545,493,1.5903
31.3587,494,1.5935
31.3630,493,1.5903
31.3672,494,1.5935
31.3715,494,1.5935
31.3757,496,1.6000
31.3800,496,1.6000
31.3842,497,1.6032
31.3885,497,1.6032
31.3928,496,1.6000
31.3970,498,1.6065
31.4013,498,1.6065
31.4056,499,1.6097
31.4099,499,1.6097
31.4142,500,1.6129
31.4185,500,1.6129
31.4227,501,1.6161
31.4270,501,1.6161
31.4313,502,1.6194
31.4356,502,1.6194
31.4399,502,1.6194
31.4442,502,1.6194
31.4485,504,1.6258
31.4528,504,1.6258
31.4571,505,1.6290
31.4614,506,1.6323
31.4657,505,1.6290
31.4700,505,1.6290
31.4743,507,1.6355
31.4786,507,1.6355
31.4829,507,1.6355
31.4872,507,1.6355
31.4915,507,1.6355
31.4958,507,1.6355
31.5001,508,1.6387
31.5044,508,1.6387
31.5087,509,1.6419
31.5130,509,1.6419
31.5173,508,1.6387
31.5216,509,1.6419
31.5258,509,1.6419
31.5301,510,1.6452
31.5345,510,1.6452
31.5388,509,1.6419
31.5430,511,1.6484
31.5473,511,1.6484
31.5516,510,1.6452
31.5559,511,1.6484
31.5602,511,1.6484
31.5645,511,1.6484
31.5689,512,1.6516
31.5733,512,1.6516
31.5776,513,1.6548
31.5819,513,1.6548
31.5862,514,1.6581
31.5905,514,1.6581
31.5948,513,1.6548
31.5991,514,1.6581
31.6034,514,1.6581
31.6078,515,1.6613
31.6121,515,1.6613
31.6165,514,1.6581
31.6208,515,1.6613
31.6251,514,1.6581
31.6293,515,1.6613
31.6336,515,1.6613
31.6378,515,1.6613
31.6421,515,1.6613
31.6463,515,1.6613
31.6506,516,1.6645
31.6549,516,1.6645
31.6591,516,1.6645
31.6634,515,1.6613
31.6677,515,1.6613
31.6719,517,1.6677
31.6762,517,1.6677
31.6804,517,1.6677
31.6847,516,1.6645
31.6889,517,1.6677
31.6932,516,1.6645
31.6975,516,1.6645
31.7018,516,1.6645
31.7060,516,1.6645
31.7103,517,1.6677
31.7145,517,1.6677
31.7188,517,1.6677
31.7230,516,1.6645
31.7272,519,1.6742
31.7315,519,1.6742
31.7358,519,1.6742
31.7400,519,1.6742
31.7443,520,1.6774
31.7486,520,1.6774
31.7528,519,1.6742
31.7571,518,1.6710
31.7614,518,1.6710
31.7656,519,1.6742
31.7699,519,1.6742
31.7741,519,1.6742
31.7784,521,1.6806
31.7827,520,1.6774
31.7869,519,1.6742
31.7912,520,1.6774
31.7954,520,1.6774
31.7997,521,1.6806
31.8039,519,1.6742
31.8082,519,1.6742
31.8125,520,1.6774
31.8168,520,1.6774
31.8211,520,1.6774
31.8254,520,1.6774
31.8297,520,1.6774
31.8339,521,1.6806
31.8383,522,1.6839
31.8426,522,1.6839
31.8469,521,1.6806
31.8512,519,1.6742
31.8555,521,1.6806
31.8598,521,1.6806
31.8641,522,1.6839
31.8683,522,1.6839
31.8726,523,1.6871
31.8769,522,1.6839
31.8812,523,1.6871
31.8855,523,1.6871
31.8898,523,1.6871
31.8940,523,1.6871
31.8984,523,1.6871
31.9027,522,1.6839
31.9071,522,1.6839
31.9116,522,1.6839
31.9160,521,1.6806
31.9203,522,1.6839
31.9246,522,1.6839
31.9289,523,1.6871
31.9332,523,1.6871
31.9375,524,1.6903
31.9418,524,1.6903
31.9461,522,1.6839
31.9504,523,1.6871
31.9546,522,1.6839
31.9590,522,1.6839
31.9633,522,1.6839
31.9676,523,1.6871
31.9719,524,1.6903
31.9762,524,1.6903
31.9805,524,1.6903
31.9848,523,1.6871
31.9891,522,1.6839
31.9934,523,1.6871
31.9976,523,1.6871
32.0019,523,1.6871
32.0062,522,1.6839
32.0105,521,1.6806
32.0148,522,1.6839
32.0191,523,1.6871
32.0233,523,1.6871
32.0276,524,1.6903
32.0318,523,1.6871
32.0361,524,1.6903
32.0403,522,1.6839
32.0446,523,1.6871
32.0489,522,1.6839
32.0531,522,1.6839
32.0574,523,1.6871
32.0616,522,1.6839
32.0659,521,1.6806
32.0701,522,1.6839
32.0744,522,1.6839
32.0786,522,1.6839
32.0829,523,1.6871
32.0871,523,1.6871
32.0914,522,1.6839
32.0956,521,1.6806
32.0999,522,1.6839
32.1042,521,1.6806
32.1085,522,1.6839
32.1128,523,1.6871
32.1171,527,1.7000
32.1214,533,1.7194
32.1256,544,1.7548
32.1300,556,1.7935
32.1343,567,1.8290
32.1385,575,1.8548
32.1428,583,1.8806
32.1471,588,1.8968
32.1514,589,1.9000
32.1557,590,1.9032
32.1600,586,1.8903
32.1643,581,1.8742
32.1686,572,1.8452
32.1729,562,1.8129
32.1772,551,1.7774
32.1815,540,1.7419
32.1859,527,1.7000
32.1902,518,1.6710
32.1945,511,1.6484
32.1989,510,1.6452
32.2032,509,1.6419
32.2075,509,1.6419
32.2119,508,1.6387
32.2162,508,1.6387
32.2205,508,1.6387
32.2248,508,1.6387
32.2292,510,1.6452
32.2335,511,1.6484
32.2378,512,1.6516
32.2422,511,1.6484
32.2465,511,1.6484
32.2508,510,1.6452
32.2551,511,1.6484
32.2595,512,1.6516
32.2638,512,1.6516
32.2681,510,1.6452
32.2725,505,1.6290
32.2768,490,1.5806
32.2812,466,1.5032
32.2855,448,1.4452
32.2898,469,1.5129
32.2942,538,1.7355
32.2985,648,2.0903
32.3028,783,2.5258
32.3071,913,2.9452
32.3115,983,3.1710
32.3158,955,3.0806
32.3201,849,2.7387
32.3244,709,2.2871
32.3287,569,1.8355
32.3335,467,1.5065
32.3379,429,1.3839
32.3422,423,1.3645
32.3465,437,1.4097
32.3508,458,1.4774
32.3551,471,1.5194
32.3594,476,1.5355
32.3637,476,1.5355
32.3679,477,1.5387
32.3722,478,1.5419
32.3765,479,1.5452
32.3808,479,1.5452
32.3851,478,1.5419
32.3894,479,1.5452
32.3937,480,1.5484
32.3980,480,1.5484
32.4023,481,1.5516
32.4066,483,1.5581
32.4109,483,1.5581
32.4152,483,1.5581
32.4195,483,1.5581
32.4238,485,1.5645
32.4281,484,1.5613
32.4324,485,1.5645
32.4367,486,1.5677
32.4410,486,1.5677
32.4453,487,1.5710
32.4496,487,1.5710
32.4538,489,1.5774
32.4582,489,1.5774
32.4625,491,1.5839
32.4668,491,1.5839
32.4711,492,1.5871
32.4754,492,1.5871
32.4797,492,1.5871
32.4840,493,1.5903
32.4883,493,1.5903
32.4926,494,1.5935
32.4969,495,1.5968
32.5012,495,1.5968
32.5055,496,1.6000
32.5110,497,1.6032
32.5154,498,1.6065
32.5197,505,1.6290
32.5241,515,1.6613
32.5284,525,1.6935
32.5327,535,1.7258
32.5370,545,1.7581
32.5413,555,1.7903
32.5456,564,1.8194
32.5498,572,1.8452
32.5541,582,1.8774
32.5584,589,1.9000
32.5627,596,1.9226
32.5670,602,1.9419
32.5713,605,1.9516
32.5757,611,1.9710
32.5800,613,1.9774
32.5843,615,1.9839
32.5886,614,1.9806
32.5929,614,1.9806
32.5972,614,1.9806
32.6015,611,1.9710
32.6058,607,1.9581
32.6101,601,1.9387
32.6144,594,1.9161
32.6187,587,1.8935
32.6230,579,1.8677
32.6273,570,1.8387
32.6316,560,1.8065
32.6358,548,1.7677
32.6401,539,1.7387
32.6444,528,1.7032
32.6487,517,1.6677
32.6530,507,1.6355
32.6573,497,1.6032
32.6616,487,1.5710
32.6659,479,1.5452
32.6702,469,1.5129
32.6745,460,1.4839
32.6788,459,1.4806
32.6831,459,1.4806
32.6874,461,1.4871
32.6917,463,1.4935
32.6960,464,1.4968
32.7003,465,1.5000
32.7046,466,1.5032
32.7089,468,1.5097
32.7132,468,1.5097
32.7175,469,1.5129
32.7218,469,1.5129
32.7261,469,1.5129
32.7305,471,1.5194
32.7348,472,1.5226
32.7391,474,1.5290
32.7435,474,1.5290
32.7478,474,1.5290
32.7521,475,1.5323
32.7564,476,1.5355
32.7608,477,1.5387
32.7651,478,1.5419
32.7695,479,1.5452
32.7738,480,1.5484
32.7781,480,1.5484
32.7826,480,1.5484
32.7869,480,1.5484
32.7912,481,1.5516
32.7956,482,1.5548
32.7999,483,1.5581
32.8043,483,1.5581
32.8087,484,1.5613
32.8132,486,1.5677
32.8177,487,1.5710
32.8220,486,1.5677
32.8263,487,1.5710
32.8306,487,1.5710
32.8349,488,1.5742
32.8394,490,1.5806
32.8437,490,1.5806
32.8481,491,1.5839
32.8523,491,1.5839
32.8566,492,1.5871
32.8609,493,1.5903
32.8652,493,1.5903
32.8695,494,1.5935
32.8738,495,1.5968
32.8781,496,1.6000
32.8825,495,1.5968
32.8868,496,1.6000
32.8911,496,1.6000
32.8954,496,1.6000
32.8997,498,1.6065
32.9040,500,1.6129
32.9083,500,1.6129
32.9126,500,1.6129
32.9169,500,1.6129
32.9212,500,1.6129
32.9255,501,1.6161
32.9298,501,1.6161
32.9341,500,1.6129
32.9384,500,1.6129
32.9427,500,1.6129
32.9470,501,1.6161
32.9513,502,1.6194
32.9556,502,1.6194
32.9599,504,1.6258
32.9642,504,1.6258
32.9685,503,1.6226
32.9728,503,1.6226
32.9771,503,1.6226
32.9814,504,1.6258
32.9857,504,1.6258
32.9900,505,1.6290
32.9943,505,1.6290
32.9986,506,1.6323
33.0029,505,1.6290
33.0072,506,1.6323
33.0115,506,1.6323
33.0158,507,1.6355
33.0201,507,1.6355
33.0244,508,1.6387
33.0287,507,1.6355
33.0330,508,1.6387
33.0373,509,1.6419
33.0416,509,1.6419
33.0459,508,1.6387
33.0502,510,1.6452
33.0545,509,1.6419
33.0588,510,1.6452
33.0631,509,1.6419
33.0674,509,1.6419
33.0717,509,1.6419
33.0760,509,1.6419
33.0803,509,1.6419
33.0846,510,1.6452
33.0889,511,1.6484
33.0932,512,1.6516
33.0975,511,1.6484
33.1018,511,1.6484
33.1061,511,1.6484
33.1104,512,1.6516
33.1147,513,1.6548
33.1190,513,1.6548
33.1233,512,1.6516
33.1276,513,1.6548
33.1319,513,1.6548
33.1362,513,1.6548
33.1404,515,1.6613
33.1447,516,1.6645
33.1490,516,1.6645
33.1533,516,1.6645
33.1576,514,1.6581
33.1619,514,1.6581
33.1662,514,1.6581
33.1706,516,1.6645
33.1749,517,1.6677
33.1792,517,1.6677
33.1835,518,1.6710
33.1878,516,1.6645
33.1920,516,1.6645
33.1964,516,1.6645
33.2007,516,1.6645
33.2049,517,1.6677
33.2092,518,1.6710
33.2136,518,1.6710
33.2179,517,1.6677
33.2223,518,1.6710
33.2266,518,1.6710
33.2309,516,1.6645
33.2353,518,1.6710
33.2396,517,1.6677
33.2439,518,1.6710
33.2482,517,1.6677
33.2526,517,1.6677
33.2570,518,1.6710
33.2613,517,1.6677
33.2656,520,1.6774
33.2699,519,1.6742
33.2744,519,1.6742
33.2787,520,1.6774
33.2830,521,1.6806
33.2874,520,1.6774
33.2917,520,1.6774
33.2960,520,1.6774
33.3004,520,1.6774
33.3047,521,1.6806
33.3090,521,1.6806
33.3133,522,1.6839
33.3177,521,1.6806
33.3220,523,1.6871
33.3263,522,1.6839
33.3306,522,1.6839
33.3349,521,1.6806
33.3392,520,1.6774
33.3435,521,1.6806
33.3478,522,1.6839
33.3521,521,1.6806
33.3564,522,1.6839
33.3607,522,1.6839
33.3650,522,1.6839
33.3693,520,1.6774
33.3736,520,1.6774
33.3780,520,1.6774
33.3823,522,1.6839
33.3865,521,1.6806
33.3908,521,1.6806
33.3951,522,1.6839
33.3994,521,1.6806
33.4038,522,1.6839
33.4082,522,1.6839
33.4126,522,1.6839
33.4172,522,1.6839
33.4215,522,1.6839
33.4258,522,1.6839
33.4301,522,1.6839
33.4344,521,1.6806
33.4387,523,1.6871
33.4430,523,1.6871
33.4473,523,1.6871
33.4516,523,1.6871
33.4559,524,1.6903
33.4602,524,1.6903
33.4645,523,1.6871
33.4688,523,1.6871
33.4731,523,1.6871
33.4774,523,1.6871
33.4817,522,1.6839
33.4860,522,1.6839
33.4903,523,1.6871
33.4946,523,1.6871
33.4990,524,1.6903
33.5033,523,1.6871
33.5076,522,1.6839
33.5119,522,1.6839
33.5162,522,1.6839
33.5205,523,1.6871
33.5248,523,1.6871
33.5291,523,1.6871
33.5333,522,1.6839
33.5376,521,1.6806
33.5420,520,1.6774
33.5463,520,1.6774
33.5505,522,1.6839
33.5548,523,1.6871
33.5591,523,1.6871
33.5634,523,1.6871
33.5677,523,1.6871
33.5720,523,1.6871
33.5764,524,1.6903
33.5807,524,1.6903
33.5850,525,1.6935
33.5893,525,1.6935
33.5936,525,1.6935
33.5979,525,1.6935
33.6022,524,1.6903
33.6065,524,1.6903
33.6108,522,1.6839
33.6151,523,1.6871
33.6193,523,1.6871
33.6237,525,1.6935
33.6280,531,1.7129
33.6323,540,1.7419
33.6366,549,1.7710
33.6409,560,1.8065
33.6452,570,1.8387
33.6495,578,1.8645
33.6538,585,1.8871
33.6581,590,1.9032
33.6626,593,1.9129
33.6669,591,1.9065
33.6712,587,1.8935
33.6755,580,1.8710
33.6798,571,1.8419
33.6841,561,1.8097
33.6884,551,1.7774
33.6927,538,1.7355
33.6970,527,1.7000
33.7012,518,1.6710
33.7056,512,1.6516
33.7112,511,1.6484
33.7156,509,1.6419
33.7199,510,1.6452
33.7243,510,1.6452
33.7286,511,1.6484
33.7329,511,1.6484
33.7372,510,1.6452
33.7415,510,1.6452
33.7458,509,1.6419
33.7501,510,1.6452
33.7544,510,1.6452
33.7587,510,1.6452
33.7629,510,1.6452
33.7673,511,1.6484
33.7716,511,1.6484
33.7759,512,1.6516
33.7802,512,1.6516
33.7845,511,1.6484
33.7888,503,1.6226
33.7931,484,1.5613
33.7973,458,1.4774
33.8016,448,1.4452
33.8060,482,1.5548
33.8103,562,1.8129
33.8146,678,2.1871
33.8189,813,2.6226
33.8232,934,3.0129
33.8275,981,3.1645
33.8318,932,3.0065
33.8361,819,2.6419
33.8404,675,2.1774
33.8447,544,1.7548
33.8490,462,1.4903
33.8533,426,1.3742
33.8576,422,1.3613
33.8619,438,1.4129
33.8662,458,1.4774
33.8705,471,1.5194
33.8749,475,1.5323
33.8792,476,1.5355
33.8835,476,1.5355
33.8878,476,1.5355
33.8921,477,1.5387
33.8964,479,1.5452
33.9007,480,1.5484
33.9050,481,1.5516
33.9093,482,1.5548
33.9136,483,1.5581
33.9179,483,1.5581
33.9221,483,1.5581
33.9265,484,1.5613
33.9308,484,1.5613
33.9352,484,1.5613
33.9395,485,1.5645
33.9438,486,1.5677
33.9482,486,1.5677
33.9526,486,1.5677
33.9569,487,1.5710
33.9612,488,1.5742
33.9656,488,1.5742
33.9699,489,1.5774
33.9743,489,1.5774
33.9786,491,1.5839
33.9829,491,1.5839
33.9873,492,1.5871
33.9916,493,1.5903
33.9959,493,1.5903
34.0003,494,1.5935
34.0046,495,1.5968
34.0089,495,1.5968
34.0133,495,1.5968
34.0176,496,1.6000
34.0219,497,1.6032
34.0263,496,1.6000
34.0306,502,1.6194
34.0349,511,1.6484
34.0392,522,1.6839
34.0434,532,1.7161
34.0477,543,1.7516
34.0520,551,1.7774
34.0563,561,1.8097
34.0606,570,1.8387
34.0649,578,1.8645
34.0692,585,1.8871
34.0735,594,1.9161
34.0778,600,1.9355
34.0821,607,1.9581
34.0864,611,1.9710
34.0907,614,1.9806
34.0950,616,1.9871
34.0993,616,1.9871
34.1042,615,1.9839
34.1085,613,1.9774
34.1128,609,1.9645
34.1171,605,1.9516
34.1214,600,1.9355
34.1257,594,1.9161
34.1300,586,1.8903
34.1343,576,1.8581
34.1386,568,1.8323
34.1429,558,1.8000
34.1472,550,1.7742
34.1515,541,1.7452
34.1558,529,1.7065
34.1601,519,1.6742
34.1644,507,1.6355
34.1687,496,1.6000
34.1730,486,1.5677
34.1773,476,1.5355
34.1816,468,1.5097
34.1859,459,1.4806
34.1902,456,1.4710
34.1945,457,1.4742
34.1988,459,1.4806
34.2031,461,1.4871
34.2074,463,1.4935
34.2117,464,1.4968
34.2160,464,1.4968
34.2203,467,1.5065
34.2246,467,1.5065
34.2289,467,1.5065
34.2332,469,1.5129
34.2375,470,1.5161
34.2418,471,1.5194
34.2461,472,1.5226
34.2504,472,1.5226
34.2547,473,1.5258
34.2590,474,1.5290
34.2633,475,1.5323
34.2675,475,1.5323
34.2718,477,1.5387
34.2761,478,1.5419
34.2805,478,1.5419
34.2848,477,1.5387
34.2891,478,1.5419
34.2933,478,1.5419
34.2977,479,1.5452
34.3019,481,1.5516
34.3064,482,1.5548
34.3115,483,1.5581
34.3159,485,1.5645
34.3202,486,1.5677
34.3245,486,1.5677
34.3288,486,1.5677
34.3331,486,1.5677
34.3374,487,1.5710
34.3417,488,1.5742
34.3460,487,1.5710
34.3502,488,1.5742
34.3545,489,1.5774
34.3588,489,1.5774
34.3631,490,1.5806
34.3674,491,1.5839
34.3717,490,1.5806
34.3760,490,1.5806
34.3803,491,1.5839
34.3846,492,1.5871
34.3889,493,1.5903
34.3932,493,1.5903
34.3975,494,1.5935
34.4018,495,1.5968
34.4061,496,1.6000
34.4104,496,1.6000
34.4147,497,1.6032
34.4191,497,1.6032
34.4234,498,1.6065
34.4277,498,1.6065
34.4320,499,1.6097
34.4364,499,1.6097
34.4407,499,1.6097
34.4450,500,1.6129
34.4493,500,1.6129
34.4537,501,1.6161
34.4580,501,1.6161
34.4623,501,1.6161
34.4667,502,1.6194
34.4710,503,1.6226
34.4753,502,1.6194
34.4797,502,1.6194
34.4840,503,1.6226
34.4884,503,1.6226
34.4927,505,1.6290
34.4970,506,1.6323
34.5014,506,1.6323
34.5057,507,1.6355
34.5100,508,1.6387
34.5143,508,1.6387
34.5187,507,1.6355
34.5230,507,1.6355
34.5273,508,1.6387
34.5317,508,1.6387
34.5360,507,1.6355
34.5403,508,1.6387
34.5446,508,1.6387
34.5489,508,1.6387
34.5531,508,1.6387
34.5574,508,1.6387
34.5617,510,1.6452
34.5660,510,1.6452
34.5703,510,1.6452
34.5746,510,1.6452
34.5789,511,1.6484
34.5832,511,1.6484
34.5875,511,1.6484
34.5918,510,1.6452
34.5961,510,1.6452
34.6004,510,1.6452
34.6047,511,1.6484
34.6091,512,1.6516
34.6135,513,1.6548
34.6179,514,1.6581
34.6222,513,1.6548
34.6266,514,1.6581
34.6309,513,1.6548
34.6352,512,1.6516
34.6395,514,1.6581
34.6438,515,1.6613
34.6481,516,1.6645
34.6524,515,1.6613
34.6567,516,1.6645
34.6610,516,1.6645
34.6653,515,1.6613
34.6696,516,1.6645
34.6738,516,1.6645
34.6781,516,1.6645
34.6825,517,1.6677
34.6868,517,1.6677
34.6911,517,1.6677
34.6954,516,1.6645
34.6997,517,1.6677
34.7039,518,1.6710
34.7082,517,1.6677
34.7126,517,1.6677
34.7169,518,1.6710
34.7212,518,1.6710
34.7254,518,1.6710
34.7298,518,1.6710
34.7341,517,1.6677
34.7384,517,1.6677
34.7428,518,1.6710
34.7471,518,1.6710
34.7515,518,1.6710
34.7558,518,1.6710
34.7601,518,1.6710
34.7645,518,1.6710
34.7688,518,1.6710
34.7731,519,1.6742
34.7775,519,1.6742
34.7818,519,1.6742
34.7861,518,1.6710
34.7905,520,1.6774
34.7948,519,1.6742
34.7991,520,1.6774
34.8034,521,1.6806
34.8078,521,1.6806
34.8121,521,1.6806
34.8164,520,1.6774
34.8208,520,1.6774
34.8251,520,1.6774
34.8294,519,1.6742
34.8338,520,1.6774
34.8381,520,1.6774
34.8424,521,1.6806
34.8466,522,1.6839
34.8510,523,1.6871
34.8553,524,1.6903
34.8595,524,1.6903
34.8638,523,1.6871
34.8681,522,1.6839
34.8725,523,1.6871
34.8768,524,1.6903
34.8811,523,1.6871
34.8854,523,1.6871
34.8896,523,1.6871
34.8939,523,1.6871
34.8982,523,1.6871
34.9025,524,1.6903
34.9068,525,1.6935
34.9111,526,1.6968
34.9154,525,1.6935
34.9197,523,1.6871
34.9240,522,1.6839
34.9283,523,1.6871
34.9326,523,1.6871
34.9370,524,1.6903
34.9413,525,1.6935
34.9456,524,1.6903
34.9500,524,1.6903
34.9543,524,1.6903
34.9586,524,1.6903
34.9630,524,1.6903
34.9673,523,1.6871
34.9716,524,1.6903
34.9760,525,1.6935
34.9803,524,1.6903
34.9846,524,1.6903
34.9890,523,1.6871
34.9933,523,1.6871
34.9976,524,1.6903
35.0019,524,1.6903
35.0063,524,1.6903
35.0106,523,1.6871
35.0149,524,1.6903
35.0193,524,1.6903
35.0236,524,1.6903
35.0279,523,1.6871
35.0322,523,1.6871
35.0373,523,1.6871
35.0418,524,1.6903
35.0464,524,1.6903
35.0509,522,1.6839
35.0554,523,1.6871
35.0599,521,1.6806
35.0643,523,1.6871
35.0687,522,1.6839
35.0730,523,1.6871
35.0773,523,1.6871
35.0817,524,1.6903
35.0860,524,1.6903
35.0903,523,1.6871
35.0947,523,1.6871
35.0990,522,1.6839
35.1033,523,1.6871
35.1077,523,1.6871
35.1120,521,1.6806
35.1163,522,1.6839
35.1207,523,1.6871
35.1250,522,1.6839
35.1293,523,1.6871
35.1336,524,1.6903
35.1379,524,1.6903
35.1422,527,1.7000
35.1465,532,1.7161
35.1508,541,1.7452
35.1551,553,1.7839
35.1594,564,1.8194
35.1637,574,1.8516
35.1680,580,1.8710
35.1723,585,1.8871
35.1766,590,1.9032
35.1809,588,1.8968
35.1852,587,1.8935
35.1895,580,1.8710
35.1938,572,1.8452
35.1981,563,1.8161
35.2024,553,1.7839
35.2067,541,1.7452
35.2119,522,1.6839
35.2163,519,1.6742
35.2206,511,1.6484
35.2249,508,1.6387
35.2292,508,1.6387
35.2335,509,1.6419
35.2378,510,1.6452
35.2421,510,1.6452
35.2464,509,1.6419
35.2508,509,1.6419
35.2551,510,1.6452
35.2593,510,1.6452
35.2637,510,1.6452
35.2679,510,1.6452
35.2722,512,1.6516
35.2765,512,1.6516
35.2808,512,1.6516
35.2851,511,1.6484
35.2894,510,1.6452
35.2937,509,1.6419
35.2980,505,1.6290
35.3023,492,1.5871
35.3066,467,1.5065
35.3109,447,1.4419
35.3152,460,1.4839
35.3195,521,1.6806
35.3238,623,2.0097
35.3281,753,2.4290
35.3324,887,2.8613
35.3367,974,3.1419
35.3410,966,3.1161
35.3454,873,2.8161
35.3497,736,2.3742
35.3540,591,1.9065
35.3584,487,1.5710
35.3627,436,1.4065
35.3670,421,1.3581
35.3714,430,1.3871
35.3757,450,1.4516
35.3800,467,1.5065
35.3844,474,1.5290
35.3887,476,1.5355
35.3930,477,1.5387
35.3973,478,1.5419
35.4017,479,1.5452
35.4060,479,1.5452
35.4103,480,1.5484
35.4147,480,1.5484
35.4190,481,1.5516
35.4233,480,1.5484
35.4277,481,1.5516
35.4320,482,1.5548
35.4363,483,1.5581
35.4406,484,1.5613
35.4449,484,1.5613
35.4492,485,1.5645
35.4535,485,1.5645
35.4578,486,1.5677
35.4621,487,1.5710
35.4664,487,1.5710
35.4707,487,1.5710
35.4750,489,1.5774
35.4793,489,1.5774
35.4836,490,1.5806
35.4879,491,1.5839
35.4922,490,1.5806
35.4965,489,1.5774
35.5007,490,1.5806
35.5051,491,1.5839
35.5095,491,1.5839
35.5138,493,1.5903
35.5182,494,1.5935
35.5226,494,1.5935
35.5269,495,1.5968
35.5312,495,1.5968
35.5355,494,1.5935
35.5398,500,1.6129
35.5441,508,1.6387
35.5485,520,1.6774
35.5528,531,1.7129
35.5571,540,1.7419
35.5614,551,1.7774
35.5657,560,1.8065
35.5700,568,1.8323
35.5743,577,1.8613
35.5786,585,1.8871
35.5829,592,1.9097
35.5871,598,1.9290
35.5915,601,1.9387
35.5958,599,1.9323
35.6000,602,1.9419
35.6043,604,1.9484
35.6086,606,1.9548
35.6129,609,1.9645
35.6172,613,1.9774
35.6215,612,1.9742
35.6258,610,1.9677
35.6301,609,1.9645
35.6344,605,1.9516
35.6387,598,1.9290
35.6430,593,1.9129
35.6474,585,1.8871
35.6517,577,1.8613
35.6560,568,1.8323
35.6604,560,1.8065
35.6647,550,1.7742
35.6690,540,1.7419
35.6734,531,1.7129
35.6777,519,1.6742
35.6820,507,1.6355
35.6864,497,1.6032
35.6907,488,1.5742
35.6950,478,1.5419
35.6994,469,1.5129
35.7037,461,1.4871
35.7080,457,1.4742
35.7124,457,1.4742
35.7167,460,1.4839
35.7210,461,1.4871
35.7253,461,1.4871
35.7297,462,1.4903
35.7340,463,1.4935
35.7385,465,1.5000
35.7428,468,1.5097
35.7471,468,1.5097
35.7514,468,1.5097
35.7557,468,1.5097
35.7600,469,1.5129
35.7643,470,1.5161
35.7686,472,1.5226
35.7729,472,1.5226
35.7772,474,1.5290
35.7815,474,1.5290
35.7858,474,1.5290
35.7901,475,1.5323
35.7944,476,1.5355
35.7987,478,1.5419
35.8030,478,1.5419
35.8073,479,1.5452
35.8115,479,1.5452
35.8159,480,1.5484
35.8201,480,1.5484
35.8244,481,1.5516
35.8287,481,1.5516
35.8330,482,1.5548
35.8373,484,1.5613
35.8416,483,1.5581
35.8460,484,1.5613
35.8503,484,1.5613
35.8546,486,1.5677
35.8590,487,1.5710
35.8633,488,1.5742
35.8676,489,1.5774
35.8719,488,1.5742
35.8769,489,1.5774
35.8813,490,1.5806
35.8856,490,1.5806
35.8900,490,1.5806
35.8943,491,1.5839
35.8987,491,1.5839
35.9030,492,1.5871
35.9073,492,1.5871
35.9116,492,1.5871
35.9160,493,1.5903
35.9203,494,1.5935
35.9246,496,1.6000
35.9290,496,1.6000
35.9333,495,1.5968
35.9376,496,1.6000
35.9419,497,1.6032
35.9463,497,1.6032
35.9506,498,1.6065
35.9548,498,1.6065
35.9592,499,1.6097
35.9634,500,1.6129
35.9677,501,1.6161
35.9720,502,1.6194
35.9763,503,1.6226
35.9806,503,1.6226
35.9849,504,1.6258
35.9892,503,1.6226
35.9935,503,1.6226
35.9978,503,1.6226
36.0021,504,1.6258
36.0064,503,1.6226
36.0107,504,1.6258
36.0150,503,1.6226
36.0193,503,1.6226
36.0236,505,1.6290
36.0279,505,1.6290
36.0321,505,1.6290
36.0364,506,1.6323
36.0408,505,1.6290
36.0452,506,1.6323
36.0495,506,1.6323
36.0538,506,1.6323
36.0582,507,1.6355
36.0626,508,1.6387
36.0669,509,1.6419
36.0712,509,1.6419
36.0755,507,1.6355
36.0799,507,1.6355
36.0842,508,1.6387
36.0885,509,1.6419
36.0929,509,1.6419
36.0972,509,1.6419
36.1015,510,1.6452
36.1059,511,1.6484
36.1104,511,1.6484
36.1172,512,1.6516
36.1216,512,1.6516
36.1259,512,1.6516
36.1303,512,1.6516
36.1346,512,1.6516
36.1389,512,1.6516
36.1432,513,1.6548
36.1476,514,1.6581
36.1519,513,1.6548
36.1562,514,1.6581
36.1604,514,1.6581
36.1648,513,1.6548
36.1690,514,1.6581
36.1733,513,1.6548
36.1776,514,1.6581
36.1819,514,1.6581
36.1862,514,1.6581
36.1905,513,1.6548
36.1948,514,1.6581
36.1991,515,1.6613
36.2034,515,1.6613
36.2077,515,1.6613
36.2120,515,1.6613
36.2163,515,1.6613
36.2206,516,1.6645
36.2249,516,1.6645
36.2292,516,1.6645
36.2335,518,1.6710
36.2377,516,1.6645
36.2421,517,1.6677
36.2465,517,1.6677
36.2508,517,1.6677
36.2551,518,1.6710
36.2595,518,1.6710
36.2639,519,1.6742
36.2682,519,1.6742
36.2726,518,1.6710
36.2770,520,1.6774
36.2813,520,1.6774
36.2856,517,1.6677
36.2900,518,1.6710
36.2943,518,1.6710
36.2986,518,1.6710
36.3030,519,1.6742
36.3073,519,1.6742
36.3116,520,1.6774
36.3160,519,1.6742
36.3203,521,1.6806
36.3246,521,1.6806
36.3290,519,1.6742
36.3333,519,1.6742
36.3376,519,1.6742
36.3419,519,1.6742
36.3463,518,1.6710
36.3506,519,1.6742
36.3549,521,1.6806
36.3592,521,1.6806
36.3635,520,1.6774
36.3678,519,1.6742
36.3721,521,1.6806
36.3764,521,1.6806
36.3807,522,1.6839
36.3849,520,1.6774
36.3892,521,1.6806
36.3935,520,1.6774
36.3978,521,1.6806
36.4021,522,1.6839
36.4064,521,1.6806
36.4125,521,1.6806
36.4169,520,1.6774
36.4212,522,1.6839
36.4256,522,1.6839
36.4299,522,1.6839
36.4342,523,1.6871
36.4385,522,1.6839
36.4428,524,1.6903
36.4471,521,1.6806
36.4514,522,1.6839
36.4557,522,1.6839
36.4600,523,1.6871
36.4643,522,1.6839
36.4686,521,1.6806
36.4729,522,1.6839
36.4772,521,1.6806
36.4815,522,1.6839
36.4858,521,1.6806
36.4900,523,1.6871
36.4944,523,1.6871
36.4987,522,1.6839
36.5029,522,1.6839
36.5072,521,1.6806
36.5115,523,1.6871
36.5158,523,1.6871
36.5201,524,1.6903
36.5244,523,1.6871
36.5287,524,1.6903
36.5330,522,1.6839
36.5373,523,1.6871
36.5417,524,1.6903
36.5460,524,1.6903
36.5504,522,1.6839
36.5548,522,1.6839
36.5591,522,1.6839
36.5636,522,1.6839
36.5680,521,1.6806
36.5723,521,1.6806
36.5766,521,1.6806
36.5809,523,1.6871
36.5852,523,1.6871
36.5895,523,1.6871
36.5938,522,1.6839
36.5981,522,1.6839
36.6024,522,1.6839
36.6067,522,1.6839
36.6110,523,1.6871
36.6153,523,1.6871
36.6196,523,1.6871
36.6239,524,1.6903
36.6282,524,1.6903
36.6325,524,1.6903
36.6368,523,1.6871
36.6411,522,1.6839
36.6454,523,1.6871
36.6497,522,1.6839
36.6540,523,1.6871
36.6584,523,1.6871
36.6627,528,1.7032
36.6670,536,1.7290
36.6713,546,1.7613
36.6756,556,1.7935
36.6799,569,1.8355
36.6842,576,1.8581
36.6885,583,1.8806
36.6928,588,1.8968
36.6971,591,1.9065
36.7014,588,1.8968
36.7057,585,1.8871
36.7100,577,1.8613
36.7142,569,1.8355
36.7185,560,1.8065
36.7228,550,1.7742
36.7271,539,1.7387
36.7314,527,1.7000
36.7357,516,1.6645
36.7400,509,1.6419
36.7443,506,1.6323
36.7486,507,1.6355
36.7529,507,1.6355
36.7572,508,1.6387
36.7615,509,1.6419
36.7658,509,1.6419
36.7701,510,1.6452
36.7743,510,1.6452
36.7787,511,1.6484
36.7830,510,1.6452
36.7873,509,1.6419
36.7916,510,1.6452
36.7958,512,1.6516
36.8001,511,1.6484
36.8045,512,1.6516
36.8088,512,1.6516
36.8131,511,1.6484
36.8174,512,1.6516
36.8217,511,1.6484
36.8260,510,1.6452
36.8303,502,1.6194
36.8346,483,1.5581
36.8389,458,1.4774
36.8432,451,1.4548
36.8476,488,1.5742
36.8519,572,1.8452
36.8562,691,2.2290
36.8605,829,2.6742
36.8648,947,3.0548
36.8691,982,3.1677
36.8734,925,2.9839
36.8777,803,2.5903
36.8820,659,2.1258
36.8863,532,1.7161
36.8906,456,1.4710
36.8949,426,1.3742
36.8992,423,1.3645
36.9035,442,1.4258
36.9078,461,1.4871
36.9122,472,1.5226
36.9164,476,1.5355
36.9207,477,1.5387
36.9250,477,1.5387
36.9293,478,1.5419
36.9336,478,1.5419
36.9379,479,1.5452
36.9423,480,1.5484
36.9466,481,1.5516
36.9509,482,1.5548
36.9552,483,1.5581
36.9595,484,1.5613
36.9638,483,1.5581
36.9682,485,1.5645
36.9727,486,1.5677
36.9771,485,1.5645
36.9814,486,1.5677
36.9857,487,1.5710
36.9900,487,1.5710
36.9943,488,1.5742
36.9986,488,1.5742
37.0029,488,1.5742
37.0073,489,1.5774
37.0127,489,1.5774
37.0170,490,1.5806
37.0214,492,1.5871
37.0258,493,1.5903
37.0301,494,1.5935
37.0345,493,1.5903
37.0388,492,1.5871
37.0431,492,1.5871
37.0483,494,1.5935
37.0526,494,1.5935
37.0570,495,1.5968
37.0613,495,1.5968
37.0656,497,1.6032
37.0699,502,1.6194
37.0742,511,1.6484
37.0785,519,1.6742
37.0828,529,1.7065
37.0871,539,1.7387
37.0914,549,1.7710
37.0957,559,1.8032
37.1000,569,1.8355
37.1043,577,1.8613
37.1086,587,1.8935
37.1130,592,1.9097
37.1173,598,1.9290
37.1216,605,1.9516
37.1262,611,1.9710
37.1305,614,1.9806
37.1348,613,1.9774
37.1391,616,1.9871
37.1434,616,1.9871
37.1477,613,1.9774
37.1521,609,1.9645
37.1564,607,1.9581
37.1607,601,1.9387
37.1650,595,1.9194
37.1693,587,1.8935
37.1736,577,1.8613
37.1779,570,1.8387
37.1822,562,1.8129
37.1865,551,1.7774
37.1908,540,1.7419
37.1951,530,1.7097
37.1994,520,1.6774
37.2037,509,1.6419
37.2083,497,1.6032
37.2126,488,1.5742
37.2169,480,1.5484
37.2212,471,1.5194
37.2255,463,1.4935
37.2298,460,1.4839
37.2341,460,1.4839
37.2384,461,1.4871
37.2427,463,1.4935
37.2470,465,1.5000
37.2513,466,1.5032
37.2556,466,1.5032
37.2600,466,1.5032
37.2643,467,1.5065
37.2685,468,1.5097
37.2728,470,1.5161
37.2772,471,1.5194
37.2815,472,1.5226
37.2858,473,1.5258
37.2904,474,1.5290
37.2948,475,1.5323
37.2990,475,1.5323
37.3033,476,1.5355
37.3077,477,1.5387
37.3122,478,1.5419
37.3166,479,1.5452
37.3210,479,1.5452
37.3252,478,1.5419
37.3295,479,1.5452
37.3338,480,1.5484
37.3382,482,1.5548
37.3425,483,1.5581
37.3468,481,1.5516
37.3511,483,1.5581
37.3554,484,1.5613
37.3597,485,1.5645
37.3640,486,1.5677
37.3683,487,1.5710
37.3728,488,1.5742
37.3771,490,1.5806
37.3814,490,1.5806
37.3857,490,1.5806
37.3900,490,1.5806
37.3942,491,1.5839
37.3985,492,1.5871
37.4027,491,1.5839
37.4070,491,1.5839
37.4113,492,1.5871
37.4156,492,1.5871
37.4198,494,1.5935
37.4241,494,1.5935
37.4283,495,1.5968
37.4326,494,1.5935
37.4369,494,1.5935
37.4412,494,1.5935
37.4454,495,1.5968
37.4497,496,1.6000
37.4540,497,1.6032
37.4582,498,1.6065
37.4626,498,1.6065
37.4669,499,1.6097
37.4711,499,1.6097
37.4755,500,1.6129
37.4798,500,1.6129
37.4841,501,1.6161
37.4884,503,1.6226
37.4927,502,1.6194
37.4970,502,1.6194
37.5013,503,1.6226
37.5056,504,1.6258
37.5099,504,1.6258
37.5142,504,1.6258
37.5185,504,1.6258
37.5228,504,1.6258
37.5271,504,1.6258
37.5314,505,1.6290
37.5358,505,1.6290
37.5401,505,1.6290
37.5444,506,1.6323
37.5486,507,1.6355
37.5529,507,1.6355
37.5572,507,1.6355
37.5616,506,1.6323
37.5659,507,1.6355
37.5701,508,1.6387
37.5744,508,1.6387
37.5788,508,1.6387
37.5831,508,1.6387
37.5874,508,1.6387
37.5917,509,1.6419
37.5960,509,1.6419
37.6003,509,1.6419
37.6046,510,1.6452
37.6089,511,1.6484
37.6132,511,1.6484
37.6174,512,1.6516
37.6218,512,1.6516
37.6261,512,1.6516
37.6304,512,1.6516
37.6347,512,1.6516
37.6389,513,1.6548
37.6433,513,1.6548
37.6476,513,1.6548
37.6584,513,1.6548
37.6628,512,1.6516
37.6671,514,1.6581
37.6714,513,1.6548
37.6756,515,1.6613
37.6799,516,1.6645
37.6842,515,1.6613
37.6884,516,1.6645
37.6927,515,1.6613
37.6970,516,1.6645
37.7012,515,1.6613
37.7055,516,1.6645
37.7097,516,1.6645
37.7140,515,1.6613
37.7182,516,1.6645
37.7225,517,1.6677
37.7268,517,1.6677
37.7311,518,1.6710
37.7353,516,1.6645
37.7396,518,1.6710
37.7438,517,1.6677
37.7481,517,1.6677
37.7524,518,1.6710
37.7567,519,1.6742
37.7610,519,1.6742
37.7653,518,1.6710
37.7696,518,1.6710
37.7739,517,1.6677
37.7782,518,1.6710
37.7825,518,1.6710
37.7868,518,1.6710
37.7911,518,1.6710
37.7954,519,1.6742
37.7997,519,1.6742
37.8040,519,1.6742
37.8084,519,1.6742
37.8127,518,1.6710
37.8170,519,1.6742
37.8213,519,1.6742
37.8256,518,1.6710
37.8299,518,1.6710
37.8341,518,1.6710
37.8385,518,1.6710
37.8428,517,1.6677
37.8471,518,1.6710
37.8514,517,1.6677
37.8557,517,1.6677
37.8600,517,1.6677
37.8643,518,1.6710
37.8686,518,1.6710
37.8729,520,1.6774
37.8772,519,1.6742
37.8815,520,1.6774
37.8857,519,1.6742
37.8901,520,1.6774
37.8943,520,1.6774
37.8987,520,1.6774
37.9030,520,1.6774
37.9073,521,1.6806
37.9122,522,1.6839
37.9167,521,1.6806
37.9211,521,1.6806
37.9254,521,1.6806
37.9297,522,1.6839
37.9340,520,1.6774
37.9383,521,1.6806
37.9426,521,1.6806
37.9469,521,1.6806
37.9512,522,1.6839
37.9555,522,1.6839
37.9598,521,1.6806
37.9641,522,1.6839
37.9684,522,1.6839
37.9727,521,1.6806
37.9770,522,1.6839
37.9812,522,1.6839
37.9855,523,1.6871
37.9898,523,1.6871
37.9940,522,1.6839
37.9983,527,1.7000
38.0026,522,1.6839
38.0069,521,1.6806
38.0111,521,1.6806
38.0154,522,1.6839
38.0197,523,1.6871
38.0239,522,1.6839
38.0282,523,1.6871
38.0325,522,1.6839
38.0367,522,1.6839
38.0410,522,1.6839
38.0452,521,1.6806
38.0495,521,1.6806
38.0538,521,1.6806
38.0581,522,1.6839
38.0623,522,1.6839
38.0666,522,1.6839
38.0709,523,1.6871
38.0752,522,1.6839
38.0796,521,1.6806
38.0839,521,1.6806
38.0882,522,1.6839
38.0925,522,1.6839
38.0968,521,1.6806
38.1011,522,1.6839
38.1054,523,1.6871
38.1097,523,1.6871
38.1140,522,1.6839
38.1183,521,1.6806
38.1226,522,1.6839
38.1269,521,1.6806
38.1312,522,1.6839
38.1355,522,1.6839
38.1398,522,1.6839
38.1441,522,1.6839
38.1484,522,1.6839
38.1527,522,1.6839
38.1570,522,1.6839
38.1613,523,1.6871
38.1656,521,1.6806
38.1699,521,1.6806
38.1742,522,1.6839
38.1785,526,1.6968
38.1828,534,1.7226
38.1871,546,1.7613
38.1914,556,1.7935
38.1957,567,1.8290
38.2000,573,1.8484
38.2043,582,1.8774
38.2087,586,1.8903
38.2132,589,1.9000
38.2177,587,1.8935
38.2221,583,1.8806
38.2264,578,1.8645
38.2308,569,1.8355
38.2351,560,1.8065
38.2395,549,1.7710
38.2438,537,1.7323
38.2482,526,1.6968
38.2525,516,1.6645
38.2568,510,1.6452
38.2613,507,1.6355
38.2656,507,1.6355
38.2700,506,1.6323
38.2743,507,1.6355
38.2786,507,1.6355
38.2829,509,1.6419
38.2872,509,1.6419
38.2915,509,1.6419
38.2958,508,1.6387
38.3001,509,1.6419
38.3044,508,1.6387
38.3087,509,1.6419
38.3130,509,1.6419
38.3173,510,1.6452
38.3216,509,1.6419
38.3259,511,1.6484
38.3302,509,1.6419
38.3345,504,1.6258
38.3388,485,1.5645
38.3431,460,1.4839
38.3474,446,1.4387
38.3517,474,1.5290
38.3559,548,1.7677
38.3602,663,2.1387
38.3646,796,2.5677
38.3689,923,2.9774
38.3733,982,3.1677
38.3778,937,3.0226
38.3821,822,2.6516
38.3865,678,2.1871
38.3908,545,1.7581
38.3951,463,1.4935
38.3995,428,1.3806
38.4038,423,1.3645
38.4082,440,1.4194
38.4126,460,1.4839
38.4170,471,1.5194
38.4213,475,1.5323
38.4256,476,1.5355
38.4300,476,1.5355
38.4343,477,1.5387
38.4387,478,1.5419
38.4430,479,1.5452
38.4473,480,1.5484
38.4517,480,1.5484
38.4560,480,1.5484
38.4603,481,1.5516
38.4648,481,1.5516
38.4691,483,1.5581
38.4734,483,1.5581
38.4778,483,1.5581
38.4820,483,1.5581
38.4863,484,1.5613
38.4907,486,1.5677
38.4949,488,1.5742
38.4992,488,1.5742
38.5035,489,1.5774
38.5078,488,1.5742
38.5121,488,1.5742
38.5164,488,1.5742
38.5207,490,1.5806
38.5250,490,1.5806
38.5293,494,1.5935
38.5336,492,1.5871
38.5379,492,1.5871
38.5422,493,1.5903
38.5465,493,1.5903
38.5508,493,1.5903
38.5551,493,1.5903
38.5594,494,1.5935
38.5637,494,1.5935
38.5680,496,1.6000
38.5724,496,1.6000
38.5767,503,1.6226
38.5810,513,1.6548
38.5854,523,1.6871
38.5897,533,1.7194
38.5941,542,1.7484
38.5984,552,1.7806
38.6027,563,1.8161
38.6070,573,1.8484
38.6114,582,1.8774
38.6157,588,1.8968
38.6201,596,1.9226
38.6244,602,1.9419
38.6287,607,1.9581
38.6331,612,1.9742
38.6374,613,1.9774
38.6417,616,1.9871
38.6461,617,1.9903
38.6504,617,1.9903
38.6548,613,1.9774
38.6591,610,1.9677
38.6634,604,1.9484
38.6677,599,1.9323
38.6721,591,1.9065
38.6764,583,1.8806
38.6807,575,1.8548
38.6850,566,1.8258
38.6893,557,1.7968
38.6936,545,1.7581
38.6979,535,1.7258
38.7022,524,1.6903
38.7065,513,1.6548
38.7108,503,1.6226
38.7151,493,1.5903
38.7194,484,1.5613
38.7237,475,1.5323
38.7280,464,1.4968
38.7323,459,1.4806
38.7366,458,1.4774
38.7409,459,1.4806
38.7452,460,1.4839
38.7494,461,1.4871
38.7537,462,1.4903
38.7580,463,1.4935
38.7623,465,1.5000
38.7667,467,1.5065
38.7710,467,1.5065
38.7754,467,1.5065
38.7798,470,1.5161
38.7841,470,1.5161
38.7884,470,1.5161
38.7928,472,1.5226
38.7971,473,1.5258
38.8015,473,1.5258
38.8058,476,1.5355
38.8106,477,1.5387
38.8150,476,1.5355
38.8195,477,1.5387
38.8239,479,1.5452
38.8282,479,1.5452
38.8325,481,1.5516
38.8369,481,1.5516
38.8412,483,1.5581
38.8456,482,1.5548
38.8499,482,1.5548
38.8542,480,1.5484
38.8586,484,1.5613
38.8630,485,1.5645
38.8674,486,1.5677
38.8717,487,1.5710
38.8761,486,1.5677
38.8804,486,1.5677
38.8847,487,1.5710
38.8890,488,1.5742
38.8933,488,1.5742
38.8976,490,1.5806
38.9019,489,1.5774
38.9062,490,1.5806
38.9105,491,1.5839
38.9148,491,1.5839
38.9191,492,1.5871
38.9234,493,1.5903
38.9277,494,1.5935
38.9320,494,1.5935
38.9363,495,1.5968
38.9406,496,1.6000
38.9449,496,1.6000
38.9492,497,1.6032
38.9535,497,1.6032
38.9577,496,1.6000
38.9621,497,1.6032
38.9664,497,1.6032
38.9706,499,1.6097
38.9750,498,1.6065
38.9793,499,1.6097
38.9837,499,1.6097
38.9880,499,1.6097
38.9924,500,1.6129
38.9967,501,1.6161
39.0010,502,1.6194
39.0054,504,1.6258
39.0097,504,1.6258
39.0140,504,1.6258
39.0184,504,1.6258
39.0227,506,1.6323
39.0271,505,1.6290
39.0314,505,1.6290
39.0357,506,1.6323
39.0401,506,1.6323
39.0444,506,1.6323
39.0488,506,1.6323
39.0531,506,1.6323
39.0574,505,1.6290
39.0617,507,1.6355
39.0661,507,1.6355
39.0704,506,1.6323
39.0747,505,1.6290
39.0791,507,1.6355
39.0834,508,1.6387
39.0877,508,1.6387
39.0920,509,1.6419
39.0963,509,1.6419
39.1006,510,1.6452
39.1049,511,1.6484
39.1092,510,1.6452
39.1137,511,1.6484
39.1181,510,1.6452
39.1224,511,1.6484
39.1268,511,1.6484
39.1311,511,1.6484
39.1354,511,1.6484
39.1396,511,1.6484
39.1439,513,1.6548
39.1483,512,1.6516
39.1526,512,1.6516
39.1569,513,1.6548
39.1612,513,1.6548
39.1655,514,1.6581
39.1698,514,1.6581
39.1741,514,1.6581
39.1784,515,1.6613
39.1827,516,1.6645
39.1870,516,1.6645
39.1913,515,1.6613
39.1956,515,1.6613
39.1999,515,1.6613
39.2042,515,1.6613
39.2085,516,1.6645
39.2128,517,1.6677
39.2171,517,1.6677
39.2214,517,1.6677
39.2257,517,1.6677
39.2300,518,1.6710
39.2343,517,1.6677
39.2386,516,1.6645
39.2429,518,1.6710
39.2472,517,1.6677
39.2515,517,1.6677
39.2558,517,1.6677
39.2601,517,1.6677
39.2644,517,1.6677
39.2687,517,1.6677
39.2730,517,1.6677
39.2774,517,1.6677
39.2818,518,1.6710
39.2861,517,1.6677
39.2905,518,1.6710
39.2948,519,1.6742
39.2992,520,1.6774
39.3035,520,1.6774
39.3078,520,1.6774
39.3122,521,1.6806
39.3165,520,1.6774
39.3208,520,1.6774
39.3252,519,1.6742
39.3295,519,1.6742
39.3339,519,1.6742
39.3382,520,1.6774
39.3426,519,1.6742
39.3469,519,1.6742
39.3513,520,1.6774
39.3556,520,1.6774
39.3600,520,1.6774
39.3643,520,1.6774
39.3686,521,1.6806
39.3731,520,1.6774
39.3774,522,1.6839
39.3818,522,1.6839
39.3861,523,1.6871
39.3904,523,1.6871
39.3947,523,1.6871
39.3990,521,1.6806
39.4033,521,1.6806
39.4075,522,1.6839
39.4118,522,1.6839
39.4161,523,1.6871
39.4204,522,1.6839
39.4247,523,1.6871
39.4294,522,1.6839
39.4337,522,1.6839
39.4380,523,1.6871
39.4423,522,1.6839
39.4466,522,1.6839
39.4509,521,1.6806
39.4552,520,1.6774
39.4595,522,1.6839
39.4638,522,1.6839
39.4681,522,1.6839
39.4724,523,1.6871
39.4767,522,1.6839
39.4811,523,1.6871
39.4854,523,1.6871
39.4897,523,1.6871
39.4939,524,1.6903
39.4983,523,1.6871
39.5026,523,1.6871
39.5068,521,1.6806
39.5111,521,1.6806
39.5154,520,1.6774
39.5196,521,1.6806
39.5239,522,1.6839
39.5282,522,1.6839
39.5325,521,1.6806
39.5367,521,1.6806
39.5410,522,1.6839
39.5453,521,1.6806
39.5495,521,1.6806
39.5538,522,1.6839
39.5581,522,1.6839
39.5623,522,1.6839
39.5666,522,1.6839
39.5709,522,1.6839
39.5752,521,1.6806
39.5796,523,1.6871
39.5839,523,1.6871
39.5881,522,1.6839
39.5925,522,1.6839
39.5968,522,1.6839
39.6011,522,1.6839
39.6054,522,1.6839
39.6097,522,1.6839
39.6140,522,1.6839
39.6183,522,1.6839
39.6226,523,1.6871
39.6269,521,1.6806
39.6312,523,1.6871
39.6355,522,1.6839
39.6398,522,1.6839
39.6440,523,1.6871
39.6484,523,1.6871
39.6527,523,1.6871
39.6570,523,1.6871
39.6613,523,1.6871
39.6656,521,1.6806
39.6699,521,1.6806
39.6742,521,1.6806
39.6785,521,1.6806
39.6828,522,1.6839
39.6871,522,1.6839
39.6914,523,1.6871
39.6957,524,1.6903
39.7000,530,1.7097
39.7043,538,1.7355
39.7086,549,1.7710
39.7133,561,1.8097
39.7177,571,1.8419
39.7221,579,1.8677
39.7264,584,1.8839
39.7307,590,1.9032
39.7350,591,1.9065
39.7393,589,1.9000
39.7439,584,1.8839
39.7482,575,1.8548
39.7525,567,1.8290
39.7568,557,1.7968
39.7611,545,1.7581
39.7654,533,1.7194
39.7697,522,1.6839
39.7740,512,1.6516
39.7783,508,1.6387
39.7827,508,1.6387
39.7870,508,1.6387
39.7913,508,1.6387
39.7956,508,1.6387
39.7999,508,1.6387
39.8042,508,1.6387
39.8085,509,1.6419
39.8128,508,1.6387
39.8171,508,1.6387
39.8214,508,1.6387
39.8257,509,1.6419
39.8300,509,1.6419
39.8343,509,1.6419
39.8386,510,1.6452
39.8429,511,1.6484
39.8472,509,1.6419
39.8515,509,1.6419
39.8558,499,1.6097
39.8601,478,1.5419
39.8644,454,1.4645
39.8687,450,1.4516
39.8731,492,1.5871
39.8776,586,1.8903
39.8819,708,2.2839
39.8863,848,2.7355
39.8906,957,3.0871
39.8950,975,3.1452
39.8993,905,2.9194
39.9036,778,2.5097
39.9080,631,2.0355
39.9123,513,1.6548
39.9166,447,1.4419
39.9210,423,1.3645
39.9253,426,1.3742
39.9296,447,1.4419
39.9340,465,1.5000
39.9383,474,1.5290
39.9427,476,1.5355
39.9470,478,1.5419
39.9514,478,1.5419
39.9557,479,1.5452
39.9600,480,1.5484
39.9644,481,1.5516
39.9687,480,1.5484
39.9730,480,1.5484
39.9774,481,1.5516
39.9817,482,1.5548
39.9860,483,1.5581
39.9904,483,1.5581
39.9947,484,1.5613
39.9990,484,1.5613
40.0032,485,1.5645
40.0076,486,1.5677
40.0120,486,1.5677
40.0164,488,1.5742
40.0207,488,1.5742
40.0251,489,1.5774
40.0294,489,1.5774
40.0337,490,1.5806
40.0382,491,1.5839
40.0427,491,1.5839
40.0472,492,1.5871
40.0517,492,1.5871
40.0562,492,1.5871
40.0607,492,1.5871
40.0652,493,1.5903
40.0696,493,1.5903
40.0740,492,1.5871
40.0783,492,1.5871
40.0826,494,1.5935
40.0870,494,1.5935
40.0913,495,1.5968
40.0956,495,1.5968
40.0999,496,1.6000
40.1041,500,1.6129
40.1084,508,1.6387
40.1128,517,1.6677
40.1170,527,1.7000
40.1213,538,1.7355
40.1256,549,1.7710
40.1299,558,1.8000
40.1342,567,1.8290
40.1385,577,1.8613
40.1428,585,1.8871
40.1471,592,1.9097
40.1514,600,1.9355
40.1557,605,1.9516
40.1600,612,1.9742
40.1643,615,1.9839
40.1686,616,1.9871
40.1729,616,1.9871
40.1774,616,1.9871
40.1816,614,1.9806
40.1860,613,1.9774
40.1903,607,1.9581
40.1947,604,1.9484
40.1990,597,1.9258
40.2033,591,1.9065
40.2076,581,1.8742
40.2120,573,1.8484
40.2163,564,1.8194
40.2206,554,1.7871
40.2250,542,1.7484
40.2293,532,1.7161
40.2336,522,1.6839
40.2380,511,1.6484
40.2423,501,1.6161
40.2467,492,1.5871
40.2510,481,1.5516
40.2553,472,1.5226
40.2597,464,1.4968
40.2640,460,1.4839
40.2683,460,1.4839
40.2727,462,1.4903
40.2770,463,1.4935
40.2815,464,1.4968
40.2858,465,1.5000
40.2901,466,1.5032
40.2944,466,1.5032
40.2988,467,1.5065
40.3031,469,1.5129
40.3073,470,1.5161
40.3116,470,1.5161
40.3159,471,1.5194
40.3202,472,1.5226
40.3245,473,1.5258
40.3288,475,1.5323
40.3331,477,1.5387
40.3374,477,1.5387
40.3417,478,1.5419
40.3460,478,1.5419
40.3503,478,1.5419
40.3546,479,1.5452
40.3589,479,1.5452
40.3632,480,1.5484
40.3675,481,1.5516
40.3718,483,1.5581
40.3761,483,1.5581
40.3804,482,1.5548
40.3847,483,1.5581
40.3891,484,1.5613
40.3934,484,1.5613
40.3978,485,1.5645
40.4021,486,1.5677
40.4064,486,1.5677
40.4108,487,1.5710
40.4151,486,1.5677
40.4194,488,1.5742
40.4238,489,1.5774
40.4281,489,1.5774
40.4324,490,1.5806
40.4368,491,1.5839
40.4411,491,1.5839
40.4454,491,1.5839
40.4498,493,1.5903
40.4541,494,1.5935
40.4584,494,1.5935
40.4628,494,1.5935
40.4671,495,1.5968
40.4714,496,1.6000
40.4758,497,1.6032
40.4801,498,1.6065
40.4845,498,1.6065
40.4888,499,1.6097
40.4931,499,1.6097
40.4974,499,1.6097
40.5017,500,1.6129
40.5060,499,1.6097
40.5103,499,1.6097
40.5146,501,1.6161
40.5189,503,1.6226
40.5232,504,1.6258
40.5275,505,1.6290
40.5318,505,1.6290
40.5361,504,1.6258
40.5404,503,1.6226
40.5447,504,1.6258
40.5490,506,1.6323
40.5533,507,1.6355
40.5576,506,1.6323
40.5619,505,1.6290
40.5662,505,1.6290
40.5705,505,1.6290
40.5748,506,1.6323
40.5791,506,1.6323
40.5834,506,1.6323
40.5877,506,1.6323
40.5921,506,1.6323
40.5964,507,1.6355
40.6007,508,1.6387
40.6051,507,1.6355
40.6095,508,1.6387
40.6141,508,1.6387
40.6185,510,1.6452
40.6229,509,1.6419
40.6273,510,1.6452
40.6316,510,1.6452
40.6359,510,1.6452
40.6403,510,1.6452
40.6446,509,1.6419
40.6490,510,1.6452
40.6533,510,1.6452
40.6577,509,1.6419
40.6620,511,1.6484
40.6664,510,1.6452
40.6707,510,1.6452
40.6751,510,1.6452
40.6794,511,1.6484
40.6837,512,1.6516
40.6881,513,1.6548
40.6924,512,1.6516
40.6967,513,1.6548
40.7010,514,1.6581
40.7053,514,1.6581
40.7096,514,1.6581
40.7139,514,1.6581
40.7182,514,1.6581
40.7225,515,1.6613
40.7268,514,1.6581
40.7311,514,1.6581
40.7354,514,1.6581
40.7397,513,1.6548
40.7440,515,1.6613
40.7483,516,1.6645
40.7526,516,1.6645
40.7569,515,1.6613
40.7612,516,1.6645
40.7655,516,1.6645
40.7698,517,1.6677
40.7741,518,1.6710
40.7784,518,1.6710
40.7827,518,1.6710
40.7871,517,1.6677
40.7914,517,1.6677
40.7958,517,1.6677
40.8001,517,1.6677
40.8044,518,1.6710
40.8088,517,1.6677
40.8131,518,1.6710
40.8175,518,1.6710
40.8218,518,1.6710
40.8261,519,1.6742
40.8304,519,1.6742
40.8348,519,1.6742
40.8391,518,1.6710
40.8435,518,1.6710
40.8478,518,1.6710
40.8522,518,1.6710
40.8565,519,1.6742
40.8608,519,1.6742
40.8651,518,1.6710
40.8695,518,1.6710
40.8738,518,1.6710
40.8782,518,1.6710
40.8825,519,1.6742
40.8869,519,1.6742
40.8912,519,1.6742
40.8955,519,1.6742
40.8998,518,1.6710
40.9041,519,1.6742
40.9084,519,1.6742
40.9130,519,1.6742
40.9174,520,1.6774
40.9217,521,1.6806
40.9259,519,1.6742
40.9302,521,1.6806
40.9345,518,1.6710
40.9394,520,1.6774
40.9436,521,1.6806
40.9479,522,1.6839
40.9522,521,1.6806
40.9565,520,1.6774
40.9608,520,1.6774
40.9650,521,1.6806
40.9693,521,1.6806
40.9736,521,1.6806
40.9780,522,1.6839
40.9822,522,1.6839
40.9865,521,1.6806
40.9907,522,1.6839
40.9951,522,1.6839
40.9994,524,1.6903
41.0037,525,1.6935
41.0079,525,1.6935
41.0124,524,1.6903
41.0167,524,1.6903
41.0210,525,1.6935
41.0252,524,1.6903
41.0295,524,1.6903
41.0337,523,1.6871
41.0380,521,1.6806
41.0423,522,1.6839
41.0466,523,1.6871
41.0509,523,1.6871
41.0552,523,1.6871
41.0595,524,1.6903
41.0638,525,1.6935
41.0680,524,1.6903
41.0723,524,1.6903
41.0766,523,1.6871
41.0809,524,1.6903
41.0852,524,1.6903
41.0895,523,1.6871
41.0937,522,1.6839
41.0986,524,1.6903
41.1029,524,1.6903
41.1072,523,1.6871
41.1114,523,1.6871
41.1157,522,1.6839
41.1200,522,1.6839
41.1242,523,1.6871
41.1285,523,1.6871
41.1327,523,1.6871
41.1370,523,1.6871
41.1413,523,1.6871
41.1456,524,1.6903
41.1499,523,1.6871
41.1542,522,1.6839
41.1585,522,1.6839
41.1629,524,1.6903
41.1671,525,1.6935
41.1714,523,1.6871
41.1757,524,1.6903
41.1807,524,1.6903
41.1850,525,1.6935
41.1893,523,1.6871
41.1935,521,1.6806
41.1978,522,1.6839
41.2025,524,1.6903
41.2069,525,1.6935
41.2111,532,1.7161
41.2154,542,1.7484
41.2197,555,1.7903
41.2240,564,1.8194
41.2283,573,1.8484
41.2325,581,1.8742
41.2368,585,1.8871
41.2411,588,1.8968
41.2454,590,1.9032
41.2497,588,1.8968
41.2539,583,1.8806
41.2585,574,1.8516
41.2628,566,1.8258
41.2671,554,1.7871
41.2713,544,1.7548
41.2756,533,1.7194
41.2798,521,1.6806
41.2841,511,1.6484
41.2884,507,1.6355
41.2926,508,1.6387
41.2969,508,1.6387
41.3011,508,1.6387
41.3054,508,1.6387
41.3096,508,1.6387
41.3139,508,1.6387
41.3182,509,1.6419
41.3225,509,1.6419
41.3267,509,1.6419
41.3310,509,1.6419
41.3352,510,1.6452
41.3395,510,1.6452
41.3438,511,1.6484
41.3480,511,1.6484
41.3523,511,1.6484
41.3566,510,1.6452
41.3609,510,1.6452
41.3651,502,1.6194
41.3694,483,1.5581
41.3736,458,1.4774
41.3779,448,1.4452
41.3822,479,1.5452
41.3864,554,1.7871
41.3907,671,2.1645
41.3950,804,2.5935
41.3993,931,3.0032
41.4036,982,3.1677
41.4078,941,3.0355
41.4122,828,2.6710
41.4164,684,2.2065
41.4207,552,1.7806
41.4250,467,1.5065
41.4293,429,1.3839
41.4336,422,1.3613
41.4378,436,1.4065
41.4421,455,1.4677
41.4464,470,1.5161
41.4507,475,1.5323
41.4550,477,1.5387
41.4593,477,1.5387
41.4636,479,1.5452
41.4679,479,1.5452
41.4722,480,1.5484
41.4765,480,1.5484
41.4808,482,1.5548
41.4851,483,1.5581
41.4894,483,1.5581
41.4937,483,1.5581
41.4980,481,1.5516
41.5023,482,1.5548
41.5065,483,1.5581
41.5110,484,1.5613
41.5161,484,1.5613
41.5205,485,1.5645
41.5248,485,1.5645
41.5291,485,1.5645
41.5334,486,1.5677
41.5377,486,1.5677
41.5420,487,1.5710
41.5463,489,1.5774
41.5506,490,1.5806
41.5549,490,1.5806
41.5592,489,1.5774
41.5634,490,1.5806
41.5678,492,1.5871
41.5721,492,1.5871
41.5765,493,1.5903
41.5807,492,1.5871
41.5850,493,1.5903
41.5894,493,1.5903
41.5938,493,1.5903
41.5981,494,1.5935
41.6023,498,1.6065
41.6066,504,1.6258
41.6109,513,1.6548
41.6151,523,1.6871
41.6194,532,1.7161
41.6237,541,1.7452
41.6279,553,1.7839
41.6322,562,1.8129
41.6364,571,1.8419
41.6407,580,1.8710
41.6449,586,1.8903
41.6492,595,1.9194
41.6534,599,1.9323
41.6577,604,1.9484
41.6620,609,1.9645
41.6662,611,1.9710
41.6705,615,1.9839
41.6748,616,1.9871
41.6790,614,1.9806
41.6833,612,1.9742
41.6875,611,1.9710
41.6918,606,1.9548
41.6961,601,1.9387
41.7004,594,1.9161
41.7047,588,1.8968
41.7090,580,1.8710
41.7132,571,1.8419
41.7175,561,1.8097
41.7218,552,1.7806
41.7261,542,1.7484
41.7304,531,1.7129
41.7347,519,1.6742
41.7390,508,1.6387
41.7433,498,1.6065
41.7476,488,1.5742
41.7519,479,1.5452
41.7562,469,1.5129
41.7604,462,1.4903
41.7648,460,1.4839
41.7690,461,1.4871
41.7733,462,1.4903
41.7776,462,1.4903
41.7819,465,1.5000
41.7862,465,1.5000
41.7904,465,1.5000
41.7948,465,1.5000
41.7991,466,1.5032
41.8034,468,1.5097
41.8077,470,1.5161
41.8121,471,1.5194
41.8169,471,1.5194
41.8213,473,1.5258
41.8257,474,1.5290
41.8300,474,1.5290
41.8343,474,1.5290
41.8386,474,1.5290
41.8429,475,1.5323
41.8472,478,1.5419
41.8515,478,1.5419
41.8558,478,1.5419
41.8602,479,1.5452
41.8645,479,1.5452
41.8688,480,1.5484
41.8731,481,1.5516
41.8774,481,1.5516
41.8817,483,1.5581
41.8860,483,1.5581
41.8903,483,1.5581
41.8949,482,1.5548
41.8992,483,1.5581
41.9035,483,1.5581
41.9078,485,1.5645
41.9121,486,1.5677
41.9163,488,1.5742
41.9206,487,1.5710
41.9249,488,1.5742
41.9292,489,1.5774
41.9334,490,1.5806
41.9377,490,1.5806
41.9420,490,1.5806
41.9463,491,1.5839
41.9509,492,1.5871
41.9552,491,1.5839
41.9595,492,1.5871
41.9637,492,1.5871
41.9680,494,1.5935
41.9723,493,1.5903
41.9765,495,1.5968
41.9809,496,1.6000
41.9851,497,1.6032
41.9894,497,1.6032
41.9936,497,1.6032
41.9979,498,1.6065
42.0022,499,1.6097
42.0065,501,1.6161
42.0108,501,1.6161
42.0150,502,1.6194
42.0193,501,1.6161
42.0236,502,1.6194
42.0278,503,1.6226
42.0321,503,1.6226
42.0363,504,1.6258
42.0406,503,1.6226
42.0448,504,1.6258
42.0491,504,1.6258
42.0534,504,1.6258
42.0580,503,1.6226
42.0623,504,1.6258
42.0666,505,1.6290
42.0708,505,1.6290
42.0750,504,1.6258
42.0793,506,1.6323
42.0836,507,1.6355
42.0879,506,1.6323
42.0921,505,1.6290
42.0964,505,1.6290
42.1007,506,1.6323
42.1050,507,1.6355
42.1093,508,1.6387
42.1135,508,1.6387
42.1178,508,1.6387
42.1221,507,1.6355
42.1263,508,1.6387
42.1306,507,1.6355
42.1348,509,1.6419
42.1392,511,1.6484
42.1435,511,1.6484
42.1478,512,1.6516
42.1522,511,1.6484
42.1565,511,1.6484
42.1608,511,1.6484
42.1651,512,1.6516
42.1694,512,1.6516
42.1737,511,1.6484
42.1780,513,1.6548
42.1823,513,1.6548
42.1866,513,1.6548
42.1909,513,1.6548
42.1952,513,1.6548
42.1995,513,1.6548
42.2038,514,1.6581
42.2082,515,1.6613
42.2126,515,1.6613
42.2169,514,1.6581
42.2213,515,1.6613
42.2257,515,1.6613
42.2299,513,1.6548
42.2342,515,1.6613
42.2385,515,1.6613
42.2428,515,1.6613
42.2471,515,1.6613
42.2514,515,1.6613
42.2557,516,1.6645
42.2600,516,1.6645
42.2643,516,1.6645
42.2687,516,1.6645
42.2730,517,1.6677
42.2773,517,1.6677
42.2815,516,1.6645
42.2859,517,1.6677
42.2902,517,1.6677
42.2945,518,1.6710
42.2990,518,1.6710
42.3034,520,1.6774
42.3077,521,1.6806
42.3120,520,1.6774
42.3163,521,1.6806
42.3206,519,1.6742
42.3249,519,1.6742
42.3292,518,1.6710
42.3335,519,1.6742
42.3378,519,1.6742
42.3421,520,1.6774
42.3464,521,1.6806
42.3507,520,1.6774
42.3550,520,1.6774
42.3593,520,1.6774
42.3636,521,1.6806
42.3679,520,1.6774
42.3722,520,1.6774
42.3767,519,1.6742
42.3810,520,1.6774
42.3853,519,1.6742
42.3897,519,1.6742
42.3940,520,1.6774
42.3982,520,1.6774
42.4026,520,1.6774
42.4069,521,1.6806
42.4113,521,1.6806
42.4158,520,1.6774
42.4202,520,1.6774
42.4245,520,1.6774
42.4288,520,1.6774
42.4332,519,1.6742
42.4375,520,1.6774
42.4418,521,1.6806
42.4460,522,1.6839
42.4504,522,1.6839
42.4547,522,1.6839
42.4590,523,1.6871
42.4633,522,1.6839
42.4675,522,1.6839
42.4719,522,1.6839
42.4762,522,1.6839
42.4805,521,1.6806
42.4848,523,1.6871
42.4890,523,1.6871
42.4934,522,1.6839
42.4977,521,1.6806
42.5019,522,1.6839
42.5063,521,1.6806
42.5106,521,1.6806
42.5149,520,1.6774
42.5192,522,1.6839
42.5234,522,1.6839
42.5277,521,1.6806
42.5321,521,1.6806
42.5364,521,1.6806
42.5407,522,1.6839
42.5451,522,1.6839
42.5494,523,1.6871
42.5537,523,1.6871
42.5580,522,1.6839
42.5623,522,1.6839
42.5666,521,1.6806
42.5709,523,1.6871
42.5752,522,1.6839
42.5795,522,1.6839
42.5838,523,1.6871
42.5881,523,1.6871
42.5924,524,1.6903
42.5967,523,1.6871
42.6010,522,1.6839
42.6054,522,1.6839
42.6097,524,1.6903
42.6140,523,1.6871
42.6183,523,1.6871
42.6226,523,1.6871
42.6269,523,1.6871
42.6312,524,1.6903
42.6355,523,1.6871
42.6398,523,1.6871
42.6441,523,1.6871
42.6484,523,1.6871
42.6527,523,1.6871
42.6570,523,1.6871
42.6613,524,1.6903
42.6656,523,1.6871
42.6699,523,1.6871
42.6742,524,1.6903
42.6785,524,1.6903
42.6828,524,1.6903
42.6871,525,1.6935
42.6914,524,1.6903
42.6957,524,1.6903
42.7000,524,1.6903
42.7043,524,1.6903
42.7087,528,1.7032
42.7131,536,1.7290
42.7175,546,1.7613
42.7219,558,1.8000
42.7262,567,1.8290
42.7305,575,1.8548
42.7348,582,1.8774
42.7392,587,1.8935
42.7435,589,1.9000
42.7477,588,1.8968
42.7520,582,1.8774
42.7563,579,1.8677
42.7606,571,1.8419
42.7649,561,1.8097
42.7692,551,1.7774
42.7735,539,1.7387
42.7779,528,1.7032
42.7822,517,1.6677
42.7865,510,1.6452
42.7908,507,1.6355
42.7951,506,1.6323
42.7994,507,1.6355
42.8037,508,1.6387
42.8080,508,1.6387
42.8123,508,1.6387
42.8166,510,1.6452
42.8209,510,1.6452
42.8253,511,1.6484
42.8295,512,1.6516
42.8339,511,1.6484
42.8382,512,1.6516
42.8426,511,1.6484
42.8468,511,1.6484
42.8511,512,1.6516
42.8554,512,1.6516
42.8598,511,1.6484
42.8641,506,1.6323
42.8684,489,1.5774
42.8726,465,1.5000
42.8769,448,1.4452
42.8813,467,1.5065
42.8856,534,1.7226
42.8899,644,2.0774
42.8941,777,2.5065
42.8984,907,2.9258
42.9028,980,3.1613
42.9072,954,3.0774
42.9115,851,2.7452
42.9158,711,2.2935
42.9201,569,1.8355
42.9244,477,1.5387
42.9287,433,1.3968
42.9330,423,1.3645
42.9373,435,1.4032
42.9416,455,1.4677
42.9459,469,1.5129
42.9502,474,1.5290
42.9545,476,1.5355
42.9588,477,1.5387
42.9631,476,1.5355
42.9712,478,1.5419
42.9755,479,1.5452
42.9799,480,1.5484
42.9842,480,1.5484
42.9885,481,1.5516
42.9928,483,1.5581
42.9971,483,1.5581
43.0014,484,1.5613
43.0057,484,1.5613
43.0101,483,1.5581
43.0144,484,1.5613
43.0186,485,1.5645
43.0230,486,1.5677
43.0273,486,1.5677
43.0315,487,1.5710
43.0358,487,1.5710
43.0401,489,1.5774
43.0445,488,1.5742
43.0487,489,1.5774
43.0530,490,1.5806
43.0573,491,1.5839
43.0616,490,1.5806
43.0659,491,1.5839
43.0702,492,1.5871
43.0745,493,1.5903
43.0788,494,1.5935
43.0831,493,1.5903
43.0874,493,1.5903
43.0917,494,1.5935
43.0960,495,1.5968
43.1003,497,1.6032
43.1046,502,1.6194
43.1089,510,1.6452
43.1132,520,1.6774
43.1175,530,1.7097
43.1218,539,1.7387
43.1261,549,1.7710
43.1304,559,1.8032
43.1347,567,1.8290
43.1390,576,1.8581
43.1433,585,1.8871
43.1476,593,1.9129
43.1519,599,1.9323
43.1562,601,1.9387
43.1605,600,1.9355
43.1649,602,1.9419
43.1692,603,1.9452
43.1735,608,1.9613
43.1778,610,1.9677
43.1821,612,1.9742
43.1864,613,1.9774
43.1907,612,1.9742
43.1950,610,1.9677
43.1993,605,1.9516
43.2036,600,1.9355
43.2079,596,1.9226
43.2122,589,1.9000
43.2165,582,1.8774
43.2208,571,1.8419
43.2251,564,1.8194
43.2294,555,1.7903
43.2337,545,1.7581
43.2380,535,1.7258
43.2423,524,1.6903
43.2466,512,1.6516
43.2509,501,1.6161
43.2552,491,1.5839
43.2595,481,1.5516
43.2638,471,1.5194
43.2681,463,1.4935
43.2725,456,1.4710
43.2768,456,1.4710
43.2811,457,1.4742
43.2854,459,1.4806
43.2897,459,1.4806
43.2940,460,1.4839
43.2983,462,1.4903
43.3026,464,1.4968
43.3069,464,1.4968
43.3113,464,1.4968
43.3158,464,1.4968
43.3202,467,1.5065
43.3245,467,1.5065
43.3288,469,1.5129
43.3331,469,1.5129
43.3374,471,1.5194
43.3417,471,1.5194
43.3460,473,1.5258
43.3503,473,1.5258
43.3546,473,1.5258
43.3589,474,1.5290
43.3632,475,1.5323
43.3675,476,1.5355
43.3718,476,1.5355
43.3761,476,1.5355
43.3804,478,1.5419
43.3848,480,1.5484
43.3891,480,1.5484
43.3934,482,1.5548
43.3977,482,1.5548
43.4020,482,1.5548
43.4063,484,1.5613
43.4107,485,1.5645
43.4150,485,1.5645
43.4193,486,1.5677
43.4236,486,1.5677
43.4279,487,1.5710
43.4322,487,1.5710
43.4365,489,1.5774
43.4409,490,1.5806
43.4452,491,1.5839
43.4495,491,1.5839
43.4538,491,1.5839
43.4581,492,1.5871
43.4624,491,1.5839
43.4667,493,1.5903
43.4711,493,1.5903
43.4754,494,1.5935
43.4797,495,1.5968
43.4840,495,1.5968
43.4883,495,1.5968
43.4926,495,1.5968
43.4969,495,1.5968
43.5012,495,1.5968
43.5055,496,1.6000
43.5098,497,1.6032
43.5141,497,1.6032
43.5184,498,1.6065
43.5227,498,1.6065
43.5270,499,1.6097
43.5313,500,1.6129
43.5356,500,1.6129
43.5399,501,1.6161
43.5442,501,1.6161
43.5485,501,1.6161
43.5528,502,1.6194
43.5571,504,1.6258
43.5614,504,1.6258
43.5657,504,1.6258
43.5700,504,1.6258
43.5744,505,1.6290
43.5787,504,1.6258
43.5830,504,1.6258
43.5872,505,1.6290
43.5915,505,1.6290
43.5958,506,1.6323
43.6001,506,1.6323
43.6044,505,1.6290
43.6088,506,1.6323
43.6132,507,1.6355
43.6176,508,1.6387
43.6220,509,1.6419
43.6263,509,1.6419
43.6306,509,1.6419
43.6350,508,1.6387
43.6393,509,1.6419
43.6436,509,1.6419
43.6479,510,1.6452
43.6522,510,1.6452
43.6565,510,1.6452
43.6608,510,1.6452
43.6651,511,1.6484
43.6694,511,1.6484
43.6737,510,1.6452
43.6780,511,1.6484
43.6823,511,1.6484
43.6866,511,1.6484
43.6909,513,1.6548
43.6952,513,1.6548
43.6995,512,1.6516
43.7038,513,1.6548
43.7082,514,1.6581
43.7126,514,1.6581
43.7169,515,1.6613
43.7212,514,1.6581
43.7255,514,1.6581
43.7298,514,1.6581
43.7341,515,1.6613
43.7384,515,1.6613
43.7427,515,1.6613
43.7470,515,1.6613
43.7513,515,1.6613
43.7556,515,1.6613
43.7599,514,1.6581
43.7642,515,1.6613
43.7685,515,1.6613
43.7728,516,1.6645
43.7772,515,1.6613
43.7815,515,1.6613
43.7858,516,1.6645
43.7901,517,1.6677
43.7944,517,1.6677
43.7987,518,1.6710
43.8030,518,1.6710
43.8073,518,1.6710
43.8116,519,1.6742
43.8159,520,1.6774
43.8202,519,1.6742
43.8245,519,1.6742
43.8288,519,1.6742
43.8331,518,1.6710
43.8374,518,1.6710
43.8417,519,1.6742
43.8460,519,1.6742
43.8503,519,1.6742
43.8546,519,1.6742
43.8590,518,1.6710
43.8632,519,1.6742
43.8676,519,1.6742
43.8718,520,1.6774
43.8761,519,1.6742
43.8805,521,1.6806
43.8848,521,1.6806
43.8891,521,1.6806
43.8934,520,1.6774
43.8977,520,1.6774
43.9020,520,1.6774
43.9063,521,1.6806
43.9106,522,1.6839
43.9149,522,1.6839
43.9192,521,1.6806
43.9235,522,1.6839
43.9278,521,1.6806
43.9321,522,1.6839
43.9364,522,1.6839
43.9407,521,1.6806
43.9450,521,1.6806
43.9493,520,1.6774
43.9536,521,1.6806
43.9579,522,1.6839
43.9622,523,1.6871
43.9665,523,1.6871
43.9708,523,1.6871
43.9751,522,1.6839
43.9794,521,1.6806
43.9837,521,1.6806
43.9880,521,1.6806
43.9923,521,1.6806
43.9966,520,1.6774
44.0009,521,1.6806
44.0052,520,1.6774
44.0095,521,1.6806
44.0138,521,1.6806
44.0181,521,1.6806
44.0225,520,1.6774
44.0268,520,1.6774
44.0311,521,1.6806
44.0354,522,1.6839
44.0397,522,1.6839
44.0440,521,1.6806
44.0483,522,1.6839
44.0526,523,1.6871
44.0569,522,1.6839
44.0612,523,1.6871
44.0655,521,1.6806
44.0698,521,1.6806
44.0741,521,1.6806
44.0784,522,1.6839
44.0827,522,1.6839
44.0870,522,1.6839
44.0913,521,1.6806
44.0956,521,1.6806
44.0999,522,1.6839
44.1042,523,1.6871
44.1085,523,1.6871
44.1128,523,1.6871
44.1171,524,1.6903
44.1214,523,1.6871
44.1257,523,1.6871
44.1300,522,1.6839
44.1343,522,1.6839
44.1386,521,1.6806
44.1429,522,1.6839
44.1472,523,1.6871
44.1515,522,1.6839
44.1558,522,1.6839
44.1601,522,1.6839
44.1644,520,1.6774
44.1687,521,1.6806
44.1731,522,1.6839
44.1774,521,1.6806
44.1817,522,1.6839
44.1859,522,1.6839
44.1902,523,1.6871
44.1944,522,1.6839
44.1987,523,1.6871
44.2029,523,1.6871
44.2072,523,1.6871
44.2115,522,1.6839
44.2160,524,1.6903
44.2204,530,1.7097
44.2248,540,1.7419
44.2292,551,1.7774
44.2334,560,1.8065
44.2378,570,1.8387
44.2420,576,1.8581
44.2463,583,1.8806
44.2506,587,1.8935
44.2549,589,1.9000
44.2592,586,1.8903
44.2635,583,1.8806
44.2678,575,1.8548
44.2721,567,1.8290
44.2763,558,1.8000
44.2806,547,1.7645
44.2849,535,1.7258
44.2892,524,1.6903
44.2935,514,1.6581
44.2978,508,1.6387
44.3021,508,1.6387
44.3064,508,1.6387
44.3107,507,1.6355
44.3149,507,1.6355
44.3192,507,1.6355
44.3234,508,1.6387
44.3277,508,1.6387
44.3320,508,1.6387
44.3362,509,1.6419
44.3405,509,1.6419
44.3447,510,1.6452
44.3490,509,1.6419
44.3533,509,1.6419
44.3575,509,1.6419
44.3618,510,1.6452
44.3661,510,1.6452
44.3704,510,1.6452
44.3746,504,1.6258
44.3789,488,1.5742
44.3831,462,1.4903
44.3874,448,1.4452
44.3917,473,1.5258
44.3960,543,1.7516
44.4002,654,2.1097
44.4045,784,2.5290
44.4087,915,2.9516
44.4131,984,3.1742
44.4173,952,3.0710
44.4217,845,2.7258
44.4259,708,2.2839
44.4302,567,1.8290
44.4345,475,1.5323
44.4388,432,1.3935
44.4431,422,1.3613
44.4474,433,1.3968
44.4516,454,1.4645
44.4559,469,1.5129
44.4602,474,1.5290
44.4645,476,1.5355
44.4688,477,1.5387
44.4731,477,1.5387
44.4776,478,1.5419
44.4818,479,1.5452
44.4861,478,1.5419
44.4904,479,1.5452
44.4947,481,1.5516
44.4990,483,1.5581
44.5033,483,1.5581
44.5079,483,1.5581
44.5146,483,1.5581
44.5190,484,1.5613
44.5234,485,1.5645
44.5276,487,1.5710
44.5319,486,1.5677
44.5363,487,1.5710
44.5405,487,1.5710
44.5448,488,1.5742
44.5490,489,1.5774
44.5533,489,1.5774
44.5577,491,1.5839
44.5620,491,1.5839
44.5662,492,1.5871
44.5709,493,1.5903
44.5752,492,1.5871
44.5795,493,1.5903
44.5837,493,1.5903
44.5880,493,1.5903
44.5922,493,1.5903
44.5965,494,1.5935
44.6008,495,1.5968
44.6050,496,1.6000
44.6093,495,1.5968
44.6136,499,1.6097
44.6179,506,1.6323
44.6222,516,1.6645
44.6265,525,1.6935
44.6307,536,1.7290
44.6350,546,1.7613
44.6393,555,1.7903
44.6436,563,1.8161
44.6478,573,1.8484
44.6521,582,1.8774
44.6563,590,1.9032
44.6606,597,1.9258
44.6649,601,1.9387
44.6692,607,1.9581
44.6735,612,1.9742
44.6778,616,1.9871
44.6821,618,1.9935
44.6863,617,1.9903
44.6906,616,1.9871
44.6948,613,1.9774
44.6992,610,1.9677
44.7034,606,1.9548
44.7077,599,1.9323
44.7119,593,1.9129
44.7162,585,1.8871
44.7206,575,1.8548
44.7248,567,1.8290
44.7291,556,1.7935
44.7333,549,1.7710
44.7381,536,1.7290
44.7425,524,1.6903
44.7468,514,1.6581
44.7511,504,1.6258
44.7558,493,1.5903
44.7601,484,1.5613
44.7643,474,1.5290
44.7686,467,1.5065
44.7729,463,1.4935
44.7772,462,1.4903
44.7815,463,1.4935
44.7858,464,1.4968
44.7900,464,1.4968
44.7943,464,1.4968
44.7986,464,1.4968
44.8029,466,1.5032
44.8071,467,1.5065
44.8114,468,1.5097
44.8157,470,1.5161
44.8200,470,1.5161
44.8243,470,1.5161
44.8286,471,1.5194
44.8328,473,1.5258
44.8371,473,1.5258
44.8419,474,1.5290
44.8462,475,1.5323
44.8505,476,1.5355
44.8547,478,1.5419
44.8590,479,1.5452
44.8633,478,1.5419
44.8676,478,1.5419
44.8719,479,1.5452
44.8761,480,1.5484
44.8804,481,1.5516
44.8847,481,1.5516
44.8890,482,1.5548
44.8932,483,1.5581
44.8975,483,1.5581
44.9017,484,1.5613
44.9060,485,1.5645
44.9103,486,1.5677
44.9145,485,1.5645
44.9189,485,1.5645
44.9233,486,1.5677
44.9276,487,1.5710
44.9319,488,1.5742
44.9362,490,1.5806
44.9405,491,1.5839
44.9448,491,1.5839
44.9491,492,1.5871
44.9534,492,1.5871
44.9577,493,1.5903
44.9619,493,1.5903
44.9663,495,1.5968
44.9706,494,1.5935
44.9749,494,1.5935
44.9792,494,1.5935
44.9835,495,1.5968
44.9878,497,1.6032
44.9921,496,1.6000
44.9964,496,1.6000
45.0007,497,1.6032
45.0050,497,1.6032
45.0093,499,1.6097
45.0136,499,1.6097
45.0180,500,1.6129
45.0223,501,1.6161
45.0266,502,1.6194
45.0309,501,1.6161
45.0352,502,1.6194
45.0395,502,1.6194
45.0438,503,1.6226
45.0483,504,1.6258
45.0529,503,1.6226
45.0574,503,1.6226
45.0619,504,1.6258
45.0666,504,1.6258
45.0710,505,1.6290
45.0754,506,1.6323
45.0797,505,1.6290
45.0840,505,1.6290
45.0883,505,1.6290
45.0927,505,1.6290
45.0970,506,1.6323
45.1012,506,1.6323
45.1055,507,1.6355
45.1099,507,1.6355
45.1143,507,1.6355
45.1188,506,1.6323
45.1232,507,1.6355
45.1275,507,1.6355
45.1318,508,1.6387
45.1361,508,1.6387
45.1404,508,1.6387
45.1447,508,1.6387
45.1490,510,1.6452
45.1533,510,1.6452
45.1576,511,1.6484
45.1619,512,1.6516
45.1662,510,1.6452
45.1707,510,1.6452
45.1751,510,1.6452
45.1794,510,1.6452
45.1837,513,1.6548
45.1880,514,1.6581
45.1923,514,1.6581
45.1966,513,1.6548
45.2009,514,1.6581
45.2052,513,1.6548
45.2095,514,1.6581
45.2138,514,1.6581
45.2181,515,1.6613
45.2224,516,1.6645
45.2267,515,1.6613
45.2310,515,1.6613
45.2353,515,1.6613
45.2396,515,1.6613
45.2439,513,1.6548
45.2482,515,1.6613
45.2526,515,1.6613
45.2568,515,1.6613
45.2611,517,1.6677
45.2654,517,1.6677
45.2697,516,1.6645
45.2740,516,1.6645
45.2784,517,1.6677
45.2827,517,1.6677
45.2870,517,1.6677
45.2913,517,1.6677
45.2956,517,1.6677
45.2999,517,1.6677
45.3042,517,1.6677
45.3084,519,1.6742
45.3127,518,1.6710
45.3170,518,1.6710
45.3213,518,1.6710
45.3257,518,1.6710
45.3300,519,1.6742
45.3343,517,1.6677
45.3387,518,1.6710
45.3430,518,1.6710
45.3473,518,1.6710
45.3517,519,1.6742
45.3560,519,1.6742
45.3603,519,1.6742
45.3647,520,1.6774
45.3690,520,1.6774
45.3733,521,1.6806
45.3778,521,1.6806
45.3822,521,1.6806
45.3865,520,1.6774
45.3908,522,1.6839
45.3952,520,1.6774
45.3995,519,1.6742
45.4038,520,1.6774
45.4082,520,1.6774
45.4126,519,1.6742
45.4171,521,1.6806
45.4217,521,1.6806
45.4260,522,1.6839
45.4303,522,1.6839
45.4346,521,1.6806
45.4389,521,1.6806
45.4432,520,1.6774
45.4475,521,1.6806
45.4518,521,1.6806
45.4561,521,1.6806
45.4604,521,1.6806
45.4647,523,1.6871
45.4690,523,1.6871
45.4733,523,1.6871
45.4777,524,1.6903
45.4821,523,1.6871
45.4864,522,1.6839
45.4906,521,1.6806
45.4949,522,1.6839
45.4993,522,1.6839
45.5035,522,1.6839
45.5078,523,1.6871
45.5121,523,1.6871
45.5164,522,1.6839
45.5207,522,1.6839
45.5250,522,1.6839
45.5293,523,1.6871
45.5336,522,1.6839
45.5379,523,1.6871
45.5422,523,1.6871
45.5465,524,1.6903
45.5508,523,1.6871
45.5551,523,1.6871
45.5594,523,1.6871
45.5637,521,1.6806
45.5680,522,1.6839
45.5723,523,1.6871
45.5766,522,1.6839
45.5809,522,1.6839
45.5852,522,1.6839
45.5895,522,1.6839
45.5938,522,1.6839
45.5981,521,1.6806
45.6024,520,1.6774
45.6067,520,1.6774
45.6110,521,1.6806
45.6153,521,1.6806
45.6196,521,1.6806
45.6240,522,1.6839
45.6283,521,1.6806
45.6327,523,1.6871
45.6370,522,1.6839
45.6413,522,1.6839
45.6457,522,1.6839
45.6500,523,1.6871
45.6544,523,1.6871
45.6587,522,1.6839
45.6630,522,1.6839
45.6674,522,1.6839
45.6717,522,1.6839
45.6760,523,1.6871
45.6804,522,1.6839
45.6848,522,1.6839
45.6891,522,1.6839
45.6934,522,1.6839
45.6978,522,1.6839
45.7021,524,1.6903
45.7064,524,1.6903
45.7108,524,1.6903
45.7151,523,1.6871
45.7194,522,1.6839
45.7237,522,1.6839
45.7281,526,1.6968
45.7324,535,1.7258
45.7367,544,1.7548
45.7410,555,1.7903
45.7453,565,1.8226
45.7496,575,1.8548
45.7539,581,1.8742
45.7582,586,1.8903
45.7625,588,1.8968
45.7668,589,1.9000
45.7711,587,1.8935
45.7754,582,1.8774
45.7797,572,1.8452
45.7840,563,1.8161
45.7884,554,1.7871
45.7927,541,1.7452
45.7970,531,1.7129
45.8012,520,1.6774
45.8055,512,1.6516
45.8099,507,1.6355
45.8141,507,1.6355
45.8184,508,1.6387
45.8227,509,1.6419
45.8270,509,1.6419
45.8314,509,1.6419
45.8357,508,1.6387
45.8400,508,1.6387
45.8444,509,1.6419
45.8487,510,1.6452
45.8530,511,1.6484
45.8575,510,1.6452
45.8618,504,1.6258
45.8661,511,1.6484
45.8705,511,1.6484
45.8748,512,1.6516
45.8792,510,1.6452
45.8835,507,1.6355
45.8879,491,1.5839
45.8922,468,1.5097
45.8966,449,1.4484
45.9009,464,1.4968
45.9052,527,1.7000
45.9096,635,2.0484
45.9139,765,2.4677
45.9183,897,2.8935
45.9226,978,3.1548
45.9271,957,3.0871
45.9314,856,2.7613
45.9358,717,2.3129
45.9400,575,1.8548
45.9443,480,1.5484
45.9486,434,1.4000
45.9529,424,1.3677
45.9572,433,1.3968
45.9615,453,1.4613
45.9658,469,1.5129
45.9701,475,1.5323
45.9744,476,1.5355
45.9787,477,1.5387
45.9830,477,1.5387
45.9873,477,1.5387
45.9916,478,1.5419
45.9959,479,1.5452
46.0002,481,1.5516
46.0045,481,1.5516
46.0088,481,1.5516
46.0133,482,1.5548
46.0177,483,1.5581
46.0221,482,1.5548
46.0264,484,1.5613
46.0307,485,1.5645
46.0350,485,1.5645
46.0393,486,1.5677
46.0436,487,1.5710
46.0479,486,1.5677
46.0522,487,1.5710
46.0565,486,1.5677
46.0608,487,1.5710
46.0651,488,1.5742
46.0694,489,1.5774
46.0737,489,1.5774
46.0781,490,1.5806
46.0824,490,1.5806
46.0867,491,1.5839
46.0910,492,1.5871
46.0953,492,1.5871
46.0996,493,1.5903
46.1038,492,1.5871
46.1081,494,1.5935
46.1125,495,1.5968
46.1168,494,1.5935
46.1211,495,1.5968
46.1253,500,1.6129
46.1304,511,1.6484
46.1347,521,1.6806
46.1391,531,1.7129
46.1434,540,1.7419
46.1476,551,1.7774
46.1520,562,1.8129
46.1563,569,1.8355
46.1607,578,1.8645
46.1650,586,1.8903
46.1692,593,1.9129
46.1736,600,1.9355
46.1779,605,1.9516
46.1823,609,1.9645
46.1866,613,1.9774
46.1909,615,1.9839
46.1952,613,1.9774
46.1996,614,1.9806
46.2039,611,1.9710
46.2081,608,1.9613
46.2125,604,1.9484
46.2168,598,1.9290
46.2212,592,1.9097
46.2255,585,1.8871
46.2298,577,1.8613
46.2341,568,1.8323
46.2384,560,1.8065
46.2427,548,1.7677
46.2470,538,1.7355
46.2512,527,1.7000
46.2555,517,1.6677
46.2598,507,1.6355
46.2640,497,1.6032
46.2683,485,1.5645
46.2726,477,1.5387
46.2769,472,1.5226
46.2813,467,1.5065
46.2856,462,1.4903
46.2899,459,1.4806
46.2942,460,1.4839
46.2985,461,1.4871
46.3028,464,1.4968
46.3070,464,1.4968
46.3114,466,1.5032
46.3173,466,1.5032
46.3217,467,1.5065
46.3260,468,1.5097
46.3303,471,1.5194
46.3345,471,1.5194
46.3388,471,1.5194
46.3431,470,1.5161
46.3473,472,1.5226
46.3516,473,1.5258
46.3558,473,1.5258
46.3601,474,1.5290
46.3644,475,1.5323
46.3687,476,1.5355
46.3730,476,1.5355
46.3772,477,1.5387
46.3815,479,1.5452
46.3858,478,1.5419
46.3901,479,1.5452
46.3944,480,1.5484
46.3986,480,1.5484
46.4029,481,1.5516
46.4072,483,1.5581
46.4115,484,1.5613
46.4157,484,1.5613
46.4200,485,1.5645
46.4243,486,1.5677
46.4285,485,1.5645
46.4328,486,1.5677
46.4371,486,1.5677
46.4413,488,1.5742
46.4456,489,1.5774
46.4499,490,1.5806
46.4541,491,1.5839
46.4585,491,1.5839
46.4627,492,1.5871
46.4670,494,1.5935
46.4712,494,1.5935
46.4755,495,1.5968
46.4798,494,1.5935
46.4840,494,1.5935
46.4884,494,1.5935
46.4926,494,1.5935
46.4969,496,1.6000
46.5012,496,1.6000
46.5055,497,1.6032
46.5102,497,1.6032
46.5145,497,1.6032
46.5187,497,1.6032
46.5230,498,1.6065
46.5273,499,1.6097
46.5315,500,1.6129
46.5358,500,1.6129
46.5401,501,1.6161
46.5443,502,1.6194
46.5486,502,1.6194
46.5528,503,1.6226
46.5571,503,1.6226
46.5613,503,1.6226
46.5656,504,1.6258
46.5699,504,1.6258
46.5742,504,1.6258
46.5784,504,1.6258
46.5827,504,1.6258
46.5870,504,1.6258
46.5913,503,1.6226
46.5955,504,1.6258
46.5998,505,1.6290
46.6040,505,1.6290
46.6083,506,1.6323
46.6126,506,1.6323
46.6169,508,1.6387
46.6211,508,1.6387
46.6254,509,1.6419
46.6297,509,1.6419
46.6339,509,1.6419
46.6382,507,1.6355
46.6425,508,1.6387
46.6468,509,1.6419
46.6511,509,1.6419
46.6554,509,1.6419
46.6597,509,1.6419
46.6640,510,1.6452
46.6683,510,1.6452
46.6727,510,1.6452
46.6770,510,1.6452
46.6813,511,1.6484
46.6856,511,1.6484
46.6899,512,1.6516
46.6942,512,1.6516
46.6985,512,1.6516
46.7028,511,1.6484
46.7071,512,1.6516
46.7114,513,1.6548
46.7156,513,1.6548
46.7200,514,1.6581
46.7243,515,1.6613
46.7286,515,1.6613
46.7329,516,1.6645
46.7372,516,1.6645
46.7415,515,1.6613
46.7457,516,1.6645
46.7500,516,1.6645
46.7543,516,1.6645
46.7585,516,1.6645
46.7628,516,1.6645
46.7670,516,1.6645
46.7713,516,1.6645
46.7756,515,1.6613
46.7798,515,1.6613
46.7841,516,1.6645
46.7884,516,1.6645
46.7927,516,1.6645
46.7969,517,1.6677
46.8012,518,1.6710
46.8054,518,1.6710
46.8097,516,1.6645
46.8140,518,1.6710
46.8183,518,1.6710
46.8226,516,1.6645
46.8268,517,1.6677
46.8311,518,1.6710
46.8354,518,1.6710
46.8397,518,1.6710
46.8440,518,1.6710
46.8483,519,1.6742
46.8527,519,1.6742
46.8570,519,1.6742
46.8613,518,1.6710
46.8656,519,1.6742
46.8699,518,1.6710
46.8742,519,1.6742
46.8785,518,1.6710
46.8827,519,1.6742
46.8870,519,1.6742
46.8913,519,1.6742
46.8956,521,1.6806
46.8999,520,1.6774
46.9042,521,1.6806
46.9085,521,1.6806
46.9128,522,1.6839
46.9172,522,1.6839
46.9216,520,1.6774
46.9259,520,1.6774
46.9302,521,1.6806
46.9345,521,1.6806
46.9388,522,1.6839
46.9431,521,1.6806
46.9473,521,1.6806
46.9516,522,1.6839
46.9559,521,1.6806
46.9601,521,1.6806
46.9644,521,1.6806
46.9687,520,1.6774
46.9730,520,1.6774
46.9773,521,1.6806
46.9815,521,1.6806
46.9858,521,1.6806
46.9900,522,1.6839
46.9943,522,1.6839
46.9986,523,1.6871
47.0028,522,1.6839
47.0071,521,1.6806
47.0113,522,1.6839
47.0156,521,1.6806
47.0199,520,1.6774
47.0241,520,1.6774
47.0284,521,1.6806
47.0326,522,1.6839
47.0370,523,1.6871
47.0412,522,1.6839
47.0455,522,1.6839
47.0497,522,1.6839
47.0540,524,1.6903
47.0583,523,1.6871
47.0626,521,1.6806
47.0668,523,1.6871
47.0711,522,1.6839
47.0754,522,1.6839
47.0796,522,1.6839
47.0839,521,1.6806
47.0881,522,1.6839
47.0924,523,1.6871
47.0967,522,1.6839
47.1010,522,1.6839
47.1052,522,1.6839
47.1095,523,1.6871
47.1137,524,1.6903
47.1180,523,1.6871
47.1223,523,1.6871
47.1265,523,1.6871
47.1307,524,1.6903
47.1350,522,1.6839
47.1392,523,1.6871
47.1435,522,1.6839
47.1478,523,1.6871
47.1520,522,1.6839
47.1563,523,1.6871
47.1606,524,1.6903
47.1648,523,1.6871
47.1691,524,1.6903
47.1734,524,1.6903
47.1776,524,1.6903
47.1819,524,1.6903
47.1861,523,1.6871
47.1904,524,1.6903
47.1946,524,1.6903
47.1989,523,1.6871
47.2032,524,1.6903
47.2074,523,1.6871
47.2117,523,1.6871
47.2161,523,1.6871
47.2206,523,1.6871
47.2250,524,1.6903
47.2292,525,1.6935
47.2335,527,1.7000
47.2379,535,1.7258
47.2422,544,1.7548
47.2465,553,1.7839
47.2507,565,1.8226
47.2550,573,1.8484
47.2592,581,1.8742
47.2636,585,1.8871
47.2678,587,1.8935
47.2721,587,1.8935
47.2763,585,1.8871
47.2806,577,1.8613
47.2849,570,1.8387
47.2894,562,1.8129
47.2936,552,1.7806
47.2979,540,1.7419
47.3022,528,1.7032
47.3065,517,1.6677
47.3108,509,1.6419
47.3150,506,1.6323
47.3193,507,1.6355
47.3236,507,1.6355
47.3278,509,1.6419
47.3321,509,1.6419
47.3363,509,1.6419
47.3406,511,1.6484
47.3449,512,1.6516
47.3491,512,1.6516
47.3533,511,1.6484
47.3576,511,1.6484
47.3619,511,1.6484
47.3661,511,1.6484
47.3704,512,1.6516
47.3746,511,1.6484
47.3789,511,1.6484
47.3832,510,1.6452
47.3874,508,1.6387
47.3917,498,1.6065
47.3959,476,1.5355
47.4002,452,1.4581
47.4045,452,1.4581
47.4088,499,1.6097
47.4130,590,1.9032
47.4173,712,2.2968
47.4216,848,2.7355
47.4258,956,3.0839
47.4301,980,3.1613
47.4343,917,2.9581
47.4386,794,2.5613
47.4428,647,2.0871
47.4471,524,1.6903
47.4514,455,1.4677
47.4557,427,1.3774
47.4600,426,1.3742
47.4642,442,1.4258
47.4685,461,1.4871
47.4728,473,1.5258
47.4771,477,1.5387
47.4814,478,1.5419
47.4857,478,1.5419
47.4900,479,1.5452
47.4944,480,1.5484
47.4996,480,1.5484
47.5040,480,1.5484
47.5083,480,1.5484
47.5127,481,1.5516
47.5169,482,1.5548
47.5212,483,1.5581
47.5255,484,1.5613
47.5298,485,1.5645
47.5341,486,1.5677
47.5384,487,1.5710
47.5427,487,1.5710
47.5470,488,1.5742
47.5513,488,1.5742
47.5556,487,1.5710
47.5598,488,1.5742
47.5641,489,1.5774
47.5684,489,1.5774
47.5727,490,1.5806
47.5769,491,1.5839
47.5813,491,1.5839
47.5855,492,1.5871
47.5898,493,1.5903
47.5941,492,1.5871
47.5984,493,1.5903
47.6027,494,1.5935
47.6069,495,1.5968
47.6112,496,1.6000
47.6155,496,1.6000
47.6198,496,1.6000
47.6240,496,1.6000
47.6283,497,1.6032
47.6326,497,1.6032
47.6369,499,1.6097
47.6412,504,1.6258
47.6455,513,1.6548
47.6498,522,1.6839
47.6541,531,1.7129
47.6584,533,1.7194
47.6626,551,1.7774
47.6669,559,1.8032
47.6712,569,1.8355
47.6755,577,1.8613
47.6798,587,1.8935
47.6841,594,1.9161
47.6884,600,1.9355
47.6927,604,1.9484
47.6969,609,1.9645
47.7013,612,1.9742
47.7055,614,1.9806
47.7098,616,1.9871
47.7141,616,1.9871
47.7184,613,1.9774
47.7227,611,1.9710
47.7269,607,1.9581
47.7312,600,1.9355
47.7355,595,1.9194
47.7398,588,1.8968
47.7440,580,1.8710
47.7483,569,1.8355
47.7526,560,1.8065
47.7569,550,1.7742
47.7612,540,1.7419
47.7655,530,1.7097
47.7698,519,1.6742
47.7740,508,1.6387
47.7784,500,1.6129
47.7826,489,1.5774
47.7869,480,1.5484
47.7912,471,1.5194
47.7955,463,1.4935
47.7998,461,1.4871
47.8041,461,1.4871
47.8084,462,1.4903
47.8160,464,1.4968
47.8204,464,1.4968
47.8248,465,1.5000
47.8291,466,1.5032
47.8334,466,1.5032
47.8377,468,1.5097
47.8419,469,1.5129
47.8462,471,1.5194
47.8504,471,1.5194
47.8547,470,1.5161
47.8591,471,1.5194
47.8633,472,1.5226
47.8676,473,1.5258
47.8719,475,1.5323
47.8762,475,1.5323
47.8805,476,1.5355
47.8848,478,1.5419
47.8891,478,1.5419
47.8934,479,1.5452
47.8977,480,1.5484
47.9020,481,1.5516
47.9063,482,1.5548
47.9106,483,1.5581
47.9149,482,1.5548
47.9192,483,1.5581
47.9235,484,1.5613
47.9278,485,1.5645
47.9321,485,1.5645
47.9364,485,1.5645
47.9407,484,1.5613
47.9450,485,1.5645
47.9493,487,1.5710
47.9536,488,1.5742
47.9580,489,1.5774
47.9623,489,1.5774
47.9666,489,1.5774
47.9710,491,1.5839
47.9753,490,1.5806
47.9797,492,1.5871
47.9840,492,1.5871
47.9884,493,1.5903
47.9927,494,1.5935
47.9970,493,1.5903
48.0014,495,1.5968
48.0057,494,1.5935
48.0101,495,1.5968
48.0144,497,1.6032
48.0188,497,1.6032
48.0231,498,1.6065
48.0274,498,1.6065
48.0318,498,1.6065
48.0361,499,1.6097
48.0404,499,1.6097
48.0448,500,1.6129
48.0491,500,1.6129
48.0534,500,1.6129
48.0577,500,1.6129
48.0620,502,1.6194
48.0663,502,1.6194
48.0706,502,1.6194
48.0749,504,1.6258
48.0792,504,1.6258
48.0835,504,1.6258
48.0878,504,1.6258
48.0921,504,1.6258
48.0963,504,1.6258
48.1007,505,1.6290
48.1050,507,1.6355
48.1102,507,1.6355
48.1157,507,1.6355
48.1201,507,1.6355
48.1245,506,1.6323
48.1288,507,1.6355
48.1331,506,1.6323
48.1374,507,1.6355
48.1417,509,1.6419
48.1460,509,1.6419
48.1503,509,1.6419
48.1546,509,1.6419
48.1589,508,1.6387
48.1632,510,1.6452
48.1675,509,1.6419
48.1717,508,1.6387
48.1760,509,1.6419
48.1803,511,1.6484
48.1846,513,1.6548
48.1890,512,1.6516
48.1933,511,1.6484
48.1976,510,1.6452
48.2019,511,1.6484
48.2062,511,1.6484
48.2105,512,1.6516
48.2147,512,1.6516
48.2190,513,1.6548
48.2233,512,1.6516
48.2276,512,1.6516
48.2319,513,1.6548
48.2362,513,1.6548
48.2405,513,1.6548
48.2448,513,1.6548
48.2491,515,1.6613
48.2534,515,1.6613
48.2578,516,1.6645
48.2621,516,1.6645
48.2664,517,1.6677
48.2708,517,1.6677
48.2790,516,1.6645
48.2835,516,1.6645
48.2878,515,1.6613
48.2922,516,1.6645
48.2965,516,1.6645
48.3008,518,1.6710
48.3052,519,1.6742
48.3095,518,1.6710
48.3138,517,1.6677
48.3182,516,1.6645
48.3226,515,1.6613
48.3269,516,1.6645
48.3312,518,1.6710
48.3356,517,1.6677
48.3399,517,1.6677
48.3442,517,1.6677
48.3486,517,1.6677
48.3529,518,1.6710
48.3572,519,1.6742
48.3615,518,1.6710
48.3657,519,1.6742
48.3701,520,1.6774
48.3743,520,1.6774
48.3786,519,1.6742
48.3829,520,1.6774
48.3872,520,1.6774
48.3915,520,1.6774
48.3958,521,1.6806
48.4001,520,1.6774
48.4044,519,1.6742
48.4087,519,1.6742
48.4130,521,1.6806
48.4173,520,1.6774
48.4216,519,1.6742
48.4259,519,1.6742
48.4302,520,1.6774
48.4345,521,1.6806
48.4388,521,1.6806
48.4431,519,1.6742
48.4473,519,1.6742
48.4517,520,1.6774
48.4560,521,1.6806
48.4603,522,1.6839
48.4647,521,1.6806
48.4690,522,1.6839
48.4733,522,1.6839
48.4777,520,1.6774
48.4820,521,1.6806
48.4863,520,1.6774
48.4907,522,1.6839
48.4950,522,1.6839
48.4993,521,1.6806
48.5037,522,1.6839
48.5080,521,1.6806
48.5124,522,1.6839
48.5167,521,1.6806
48.5210,521,1.6806
48.5253,521,1.6806
48.5297,522,1.6839
48.5340,522,1.6839
48.5384,522,1.6839
48.5427,520,1.6774
48.5470,520,1.6774
48.5514,522,1.6839
48.5557,523,1.6871
48.5600,523,1.6871
48.5643,521,1.6806
48.5686,521,1.6806
48.5729,521,1.6806
48.5772,522,1.6839
48.5815,522,1.6839
48.5858,521,1.6806
48.5901,521,1.6806
48.5944,520,1.6774
48.5987,521,1.6806
48.6030,520,1.6774
48.6072,522,1.6839
48.6115,520,1.6774
48.6158,522,1.6839
48.6201,521,1.6806
48.6244,522,1.6839
48.6287,522,1.6839
48.6330,522,1.6839
48.6373,522,1.6839
48.6416,523,1.6871
48.6459,522,1.6839
48.6502,522,1.6839
48.6545,523,1.6871
48.6589,522,1.6839
48.6632,523,1.6871
48.6675,523,1.6871
48.6718,524,1.6903
48.6762,524,1.6903
48.6805,523,1.6871
48.6849,524,1.6903
48.6892,523,1.6871
48.6935,523,1.6871
48.6978,523,1.6871
48.7022,522,1.6839
48.7065,521,1.6806
48.7109,523,1.6871
48.7162,522,1.6839
48.7207,522,1.6839
48.7251,523,1.6871
48.7294,522,1.6839
48.7337,521,1.6806
48.7381,522,1.6839
48.7424,523,1.6871
48.7467,531,1.7129
48.7511,543,1.7516
48.7554,553,1.7839
48.7597,562,1.8129
48.7640,573,1.8484
48.7683,579,1.8677
48.7726,587,1.8935
48.7771,589,1.9000
48.7814,588,1.8968
48.7857,585,1.8871
48.7900,581,1.8742
48.7942,577,1.8613
48.7986,571,1.8419
48.8028,563,1.8161
48.8071,554,1.7871
48.8114,543,1.7516
48.8157,531,1.7129
48.8200,520,1.6774
48.8243,510,1.6452
48.8286,506,1.6323
48.8329,505,1.6290
48.8372,506,1.6323
48.8415,507,1.6355
48.8458,507,1.6355
48.8502,507,1.6355
48.8545,506,1.6323
48.8589,506,1.6323
48.8632,506,1.6323
48.8675,507,1.6355
48.8718,509,1.6419
48.8762,508,1.6387
48.8806,509,1.6419
48.8849,509,1.6419
48.8892,509,1.6419
48.8936,511,1.6484
48.8979,512,1.6516
48.9022,510,1.6452
48.9066,500,1.6129
48.9109,478,1.5419
48.9152,454,1.4645
48.9196,454,1.4645
48.9239,500,1.6129
48.9282,593,1.9129
48.9326,720,2.3226
48.9369,857,2.7645
48.9413,960,3.0968
48.9456,975,3.1452
48.9499,903,2.9129
48.9542,775,2.5000
48.9585,626,2.0194
48.9629,510,1.6452
48.9671,444,1.4323
48.9714,422,1.3613
48.9757,426,1.3742
48.9801,448,1.4452
48.9844,464,1.4968
48.9887,473,1.5258
48.9930,477,1.5387
48.9972,477,1.5387
49.0015,476,1.5355
49.0058,478,1.5419
49.0105,479,1.5452
49.0160,480,1.5484
49.0205,481,1.5516
49.0249,482,1.5548
49.0292,482,1.5548
49.0335,483,1.5581
49.0378,483,1.5581
49.0421,482,1.5548
49.0463,485,1.5645
49.0507,485,1.5645
49.0550,485,1.5645
49.0593,485,1.5645
49.0636,486,1.5677
49.0679,487,1.5710
49.0722,488,1.5742
49.0765,488,1.5742
49.0808,488,1.5742
49.0851,489,1.5774
49.0894,489,1.5774
49.0937,489,1.5774
49.0980,488,1.5742
49.1023,489,1.5774
49.1066,490,1.5806
49.1109,491,1.5839
49.1152,491,1.5839
49.1195,492,1.5871
49.1238,492,1.5871
49.1280,492,1.5871
49.1323,494,1.5935
49.1366,495,1.5968
49.1409,496,1.6000
49.1452,501,1.6161
49.1495,509,1.6419
49.1538,518,1.6710
49.1581,528,1.7032
49.1625,538,1.7355
49.1669,547,1.7645
49.1712,556,1.7935
49.1755,567,1.8290
49.1799,575,1.8548
49.1842,583,1.8806
49.1886,591,1.9065
49.1929,598,1.9290
49.1972,604,1.9484
49.2015,609,1.9645
49.2059,613,1.9774
49.2102,613,1.9774
49.2145,616,1.9871
49.2189,616,1.9871
49.2232,613,1.9774
49.2275,612,1.9742
49.2319,606,1.9548
49.2362,601,1.9387
49.2405,594,1.9161
49.2448,585,1.8871
49.2492,579,1.8677
49.2535,570,1.8387
49.2579,560,1.8065
49.2621,552,1.7806
49.2664,540,1.7419
49.2707,529,1.7065
49.2750,519,1.6742
49.2793,508,1.6387
49.2836,498,1.6065
49.2880,487,1.5710
49.2923,477,1.5387
49.2965,468,1.5097
49.3008,463,1.4935
49.3051,460,1.4839
49.3094,460,1.4839
49.3137,462,1.4903
49.3180,463,1.4935
49.3223,463,1.4935
49.3266,464,1.4968
49.3309,464,1.4968
49.3352,464,1.4968
49.3395,465,1.5000
49.3438,466,1.5032
49.3481,467,1.5065
49.3525,470,1.5161
49.3568,471,1.5194
49.3611,472,1.5226
49.3655,474,1.5290
49.3698,474,1.5290
49.3741,474,1.5290
49.3785,475,1.5323
49.3828,475,1.5323
49.3871,475,1.5323
49.3915,476,1.5355
49.3958,477,1.5387
49.4001,478,1.5419
49.4045,480,1.5484
49.4088,480,1.5484
49.4132,481,1.5516
49.4175,482,1.5548
49.4218,483,1.5581
49.4261,484,1.5613
49.4305,485,1.5645
49.4348,487,1.5710
49.4391,487,1.5710
49.4435,488,1.5742
49.4478,486,1.5677
49.4521,486,1.5677
49.4565,488,1.5742
49.4608,490,1.5806
49.4651,489,1.5774
49.4694,489,1.5774
49.4737,489,1.5774
49.4780,490,1.5806
49.4823,490,1.5806
49.4866,491,1.5839
49.4909,492,1.5871
49.4952,493,1.5903
49.4995,494,1.5935
49.5037,494,1.5935
49.5080,494,1.5935
49.5123,494,1.5935
49.5166,494,1.5935
49.5209,494,1.5935
49.5252,496,1.6000
49.5295,497,1.6032
49.5338,498,1.6065
49.5381,499,1.6097
49.5424,499,1.6097
49.5467,499,1.6097
49.5510,500,1.6129
49.5554,501,1.6161
49.5597,501,1.6161
49.5640,502,1.6194
49.5684,502,1.6194
49.5727,502,1.6194
49.5771,503,1.6226
49.5814,503,1.6226
49.5857,502,1.6194
49.5901,503,1.6226
49.5944,504,1.6258
49.5987,504,1.6258
49.6031,504,1.6258
49.6074,503,1.6226
49.6118,504,1.6258
49.6162,505,1.6290
49.6207,505,1.6290
49.6251,504,1.6258
49.6294,505,1.6290
49.6338,506,1.6323
49.6381,507,1.6355
49.6425,507,1.6355
49.6468,508,1.6387
49.6511,508,1.6387
49.6556,508,1.6387
49.6599,509,1.6419
49.6642,509,1.6419
49.6685,510,1.6452
49.6728,510,1.6452
49.6771,510,1.6452
49.6815,511,1.6484
49.6857,511,1.6484
49.6900,512,1.6516
49.6943,512,1.6516
49.6986,512,1.6516
49.7029,512,1.6516
49.7072,511,1.6484
49.7115,513,1.6548
49.7158,511,1.6484
49.7201,512,1.6516
49.7244,512,1.6516
49.7287,513,1.6548
49.7330,513,1.6548
49.7373,514,1.6581
49.7416,515,1.6613
49.7459,514,1.6581
49.7501,515,1.6613
49.7544,515,1.6613
49.7587,516,1.6645
49.7631,515,1.6613
49.7674,515,1.6613
49.7718,516,1.6645
49.7761,515,1.6613
49.7805,514,1.6581
49.7849,515,1.6613
49.7892,515,1.6613
49.7935,516,1.6645
49.7979,517,1.6677
49.8022,516,1.6645
49.8065,516,1.6645
49.8109,517,1.6677
49.8152,517,1.6677
49.8195,517,1.6677
49.8239,516,1.6645
49.8282,515,1.6613
49.8326,516,1.6645
49.8369,517,1.6677
49.8412,517,1.6677
49.8456,517,1.6677
49.8499,518,1.6710
49.8542,518,1.6710
49.8586,519,1.6742
49.8629,519,1.6742
49.8672,519,1.6742
49.8715,520,1.6774
49.8758,519,1.6742
49.8801,518,1.6710
49.8844,518,1.6710
49.8887,519,1.6742
49.8930,520,1.6774
49.8973,518,1.6710
49.9016,520,1.6774
49.9059,520,1.6774
49.9103,520,1.6774
49.9148,519,1.6742
49.9192,520,1.6774
49.9237,520,1.6774
49.9281,521,1.6806
49.9325,521,1.6806
49.9368,522,1.6839
49.9411,521,1.6806
49.9455,521,1.6806
49.9498,521,1.6806
49.9541,521,1.6806
49.9584,522,1.6839
49.9630,522,1.6839
49.9673,522,1.6839
49.9716,522,1.6839
49.9759,521,1.6806
49.9802,520,1.6774
49.9845,520,1.6774
49.9889,520,1.6774
49.9932,520,1.6774
49.9975,520,1.6774
50.0017,522,1.6839
50.0060,520,1.6774
50.0108,520,1.6774
50.0151,521,1.6806
50.0194,521,1.6806
50.0237,522,1.6839
50.0280,522,1.6839
50.0323,523,1.6871
50.0366,522,1.6839
50.0409,520,1.6774
50.0452,520,1.6774
50.0497,522,1.6839
50.0552,521,1.6806
50.0597,522,1.6839
50.0642,520,1.6774
50.0688,522,1.6839
50.0732,523,1.6871
50.0777,522,1.6839
50.0820,523,1.6871
50.0871,522,1.6839
50.0914,523,1.6871
50.0957,523,1.6871
50.1000,523,1.6871
50.1043,522,1.6839
50.1086,523,1.6871
50.1130,523,1.6871
50.1173,522,1.6839
50.1216,523,1.6871
50.1259,524,1.6903
50.1302,523,1.6871
50.1345,523,1.6871
50.1388,522,1.6839
50.1431,521,1.6806
50.1474,522,1.6839
50.1517,522,1.6839
50.1560,522,1.6839
50.1603,523,1.6871
50.1646,522,1.6839
50.1692,522,1.6839
50.1735,521,1.6806
50.1778,522,1.6839
50.1821,522,1.6839
50.1864,522,1.6839
50.1907,521,1.6806
50.1951,523,1.6871
50.1994,523,1.6871
50.2036,524,1.6903
50.2079,523,1.6871
50.2122,524,1.6903
50.2171,523,1.6871
50.2214,523,1.6871
50.2257,522,1.6839
50.2299,523,1.6871
50.2349,523,1.6871
50.2392,522,1.6839
50.2435,522,1.6839
50.2478,523,1.6871
50.2521,523,1.6871
50.2564,528,1.7032
50.2608,538,1.7355
50.2651,549,1.7710
50.2694,561,1.8097
50.2737,568,1.8323
50.2781,577,1.8613
50.2824,585,1.8871
50.2867,588,1.8968
50.2909,591,1.9065
50.2953,590,1.9032
50.2996,586,1.8903
50.3039,580,1.8710
50.3082,571,1.8419
50.3125,562,1.8129
50.3169,551,1.7774
50.3212,538,1.7355
50.3255,526,1.6968
50.3298,515,1.6613
50.3341,508,1.6387
50.3384,507,1.6355
50.3427,509,1.6419
50.3470,510,1.6452
50.3513,509,1.6419
50.3556,508,1.6387
50.3599,507,1.6355
50.3642,509,1.6419
50.3686,508,1.6387
50.3730,509,1.6419
50.3774,511,1.6484
50.3817,511,1.6484
50.3860,512,1.6516
50.3903,511,1.6484
50.3946,511,1.6484
50.3989,513,1.6548
50.4032,513,1.6548
50.4075,512,1.6516
50.4117,507,1.6355
50.4160,488,1.5742
50.4204,463,1.4935
50.4246,447,1.4419
50.4289,471,1.5194
50.4332,542,1.7484
50.4375,654,2.1097
50.4418,788,2.5419
50.4461,917,2.9581
50.4504,983,3.1710
50.4547,954,3.0774
50.4590,847,2.7323
50.4633,705,2.2742
50.4676,565,1.8226
50.4719,472,1.5226
50.4762,430,1.3871
50.4806,422,1.3613
50.4849,435,1.4032
50.4892,456,1.4710
50.4935,470,1.5161
50.4978,475,1.5323
50.5021,476,1.5355
50.5064,477,1.5387
50.5106,478,1.5419
50.5150,478,1.5419
50.5194,480,1.5484
50.5238,481,1.5516
50.5282,481,1.5516
50.5325,481,1.5516
50.5368,481,1.5516
50.5411,481,1.5516
50.5454,481,1.5516
50.5497,482,1.5548
50.5540,483,1.5581
50.5583,484,1.5613
50.5626,485,1.5645
50.5669,485,1.5645
50.5712,485,1.5645
50.5755,486,1.5677
50.5798,487,1.5710
50.5841,488,1.5742
50.5884,489,1.5774
50.5927,489,1.5774
50.5970,489,1.5774
50.6013,491,1.5839
50.6056,490,1.5806
50.6099,491,1.5839
50.6142,492,1.5871
50.6185,493,1.5903
50.6228,493,1.5903
50.6271,493,1.5903
50.6314,493,1.5903
50.6357,494,1.5935
50.6400,494,1.5935
50.6443,495,1.5968
50.6486,494,1.5935
50.6529,500,1.6129
50.6572,509,1.6419
50.6615,520,1.6774
50.6659,530,1.7097
50.6702,540,1.7419
50.6745,552,1.7806
50.6789,560,1.8065
50.6832,569,1.8355
50.6876,579,1.8677
50.6919,586,1.8903
50.6962,593,1.9129
50.7005,600,1.9355
50.7049,605,1.9516
50.7092,609,1.9645
50.7135,613,1.9774
50.7179,615,1.9839
50.7222,615,1.9839
50.7266,615,1.9839
50.7309,613,1.9774
50.7352,610,1.9677
50.7395,605,1.9516
50.7439,599,1.9323
50.7482,591,1.9065
50.7526,585,1.8871
50.7569,577,1.8613
50.7612,569,1.8355
50.7656,558,1.8000
50.7699,549,1.7710
50.7742,538,1.7355
50.7785,528,1.7032
50.7828,518,1.6710
50.7871,507,1.6355
50.7914,497,1.6032
50.7957,487,1.5710
50.8000,477,1.5387
50.8043,468,1.5097
50.8086,462,1.4903
50.8129,459,1.4806
50.8174,459,1.4806
50.8219,461,1.4871
50.8262,461,1.4871
50.8306,462,1.4903
50.8349,464,1.4968
50.8392,465,1.5000
50.8435,466,1.5032
50.8477,467,1.5065
50.8521,468,1.5097
50.8563,468,1.5097
50.8606,471,1.5194
50.8649,472,1.5226
50.8692,472,1.5226
50.8735,473,1.5258
50.8778,474,1.5290
50.8821,474,1.5290
50.8864,474,1.5290
50.8907,474,1.5290
50.8950,474,1.5290
50.8993,476,1.5355
50.9036,477,1.5387
50.9079,478,1.5419
50.9123,480,1.5484
50.9166,481,1.5516
50.9208,481,1.5516
50.9252,482,1.5548
50.9295,482,1.5548
50.9338,482,1.5548
50.9380,483,1.5581
50.9423,485,1.5645
50.9466,486,1.5677
50.9509,488,1.5742
50.9552,488,1.5742
50.9595,487,1.5710
50.9638,488,1.5742
50.9682,488,1.5742
50.9727,490,1.5806
50.9772,490,1.5806
50.9815,490,1.5806
50.9858,489,1.5774
50.9902,490,1.5806
50.9945,491,1.5839
50.9988,492,1.5871
51.0032,493,1.5903
51.0075,494,1.5935
51.0118,495,1.5968
51.0161,496,1.6000
51.0205,496,1.6000
51.0248,496,1.6000
51.0291,496,1.6000
51.0335,496,1.6000
51.0378,497,1.6032
51.0421,497,1.6032
51.0465,498,1.6065
51.0508,497,1.6032
51.0551,497,1.6032
51.0595,499,1.6097
51.0638,499,1.6097
51.0682,499,1.6097
51.0726,499,1.6097
51.0769,500,1.6129
51.0813,500,1.6129
51.0856,500,1.6129
51.0899,503,1.6226
51.0941,504,1.6258
51.0985,504,1.6258
51.1027,505,1.6290
51.1070,505,1.6290
51.1113,505,1.6290
51.1156,506,1.6323
51.1199,505,1.6290
51.1242,504,1.6258
51.1285,505,1.6290
51.1328,506,1.6323
51.1371,507,1.6355
51.1414,507,1.6355
51.1457,506,1.6323
51.1500,507,1.6355
51.1543,508,1.6387
51.1586,508,1.6387
51.1629,508,1.6387
51.1671,509,1.6419
51.1714,510,1.6452
51.1758,511,1.6484
51.1802,511,1.6484
51.1845,511,1.6484
51.1888,509,1.6419
51.1931,509,1.6419
51.1975,509,1.6419
51.2018,509,1.6419
51.2061,509,1.6419
51.2105,510,1.6452
51.2148,511,1.6484
51.2191,512,1.6516
51.2235,512,1.6516
51.2278,512,1.6516
51.2321,513,1.6548
51.2365,512,1.6516
51.2408,512,1.6516
51.2451,512,1.6516
51.2495,513,1.6548
51.2538,513,1.6548
51.2581,514,1.6581
51.2625,513,1.6548
51.2668,514,1.6581
51.2713,514,1.6581
51.2756,515,1.6613
51.2800,515,1.6613
51.2843,515,1.6613
51.2886,517,1.6677
51.2928,515,1.6613
51.2971,514,1.6581
51.3014,515,1.6613
51.3057,515,1.6613
51.3100,516,1.6645
51.3143,517,1.6677
51.3186,516,1.6645
51.3229,516,1.6645
51.3272,516,1.6645
51.3315,517,1.6677
51.3358,516,1.6645
51.3401,517,1.6677
51.3444,516,1.6645
51.3487,517,1.6677
51.3530,517,1.6677
51.3572,517,1.6677
51.3615,517,1.6677
51.3658,517,1.6677
51.3701,518,1.6710
51.3744,518,1.6710
51.3788,519,1.6742
51.3832,519,1.6742
51.3875,518,1.6710
51.3918,518,1.6710
51.3962,519,1.6742
51.4005,520,1.6774
51.4048,520,1.6774
51.4092,520,1.6774
51.4135,521,1.6806
51.4180,521,1.6806
51.4226,519,1.6742
51.4270,520,1.6774
51.4314,521,1.6806
51.4357,520,1.6774
51.4400,521,1.6806
51.4444,520,1.6774
51.4487,521,1.6806
51.4531,522,1.6839
51.4574,521,1.6806
51.4617,521,1.6806
51.4660,519,1.6742
51.4704,521,1.6806
51.4747,522,1.6839
51.4791,522,1.6839
51.4834,521,1.6806
51.4877,521,1.6806
51.4920,522,1.6839
51.4963,521,1.6806
51.5005,521,1.6806
51.5048,522,1.6839
51.5092,522,1.6839
51.5134,523,1.6871
51.5177,523,1.6871
51.5221,522,1.6839
51.5264,522,1.6839
51.5307,521,1.6806
51.5350,521,1.6806
51.5393,522,1.6839
51.5436,522,1.6839
51.5478,522,1.6839
51.5522,521,1.6806
51.5564,521,1.6806
51.5607,522,1.6839
51.5650,522,1.6839
51.5693,522,1.6839
51.5737,522,1.6839
51.5780,520,1.6774
51.5824,521,1.6806
51.5867,520,1.6774
51.5910,521,1.6806
51.5953,523,1.6871
51.5995,523,1.6871
51.6038,522,1.6839
51.6081,523,1.6871
51.6125,523,1.6871
51.6167,523,1.6871
51.6210,522,1.6839
51.6253,521,1.6806
51.6296,523,1.6871
51.6339,524,1.6903
51.6382,524,1.6903
51.6425,524,1.6903
51.6468,523,1.6871
51.6511,523,1.6871
51.6554,523,1.6871
51.6597,523,1.6871
51.6640,522,1.6839
51.6683,523,1.6871
51.6727,522,1.6839
51.6770,522,1.6839
51.6814,522,1.6839
51.6857,522,1.6839
51.6900,522,1.6839
51.6944,523,1.6871
51.6987,521,1.6806
51.7030,523,1.6871
51.7073,522,1.6839
51.7117,523,1.6871
51.7162,524,1.6903
51.7207,524,1.6903
51.7251,523,1.6871
51.7295,522,1.6839
51.7339,523,1.6871
51.7382,524,1.6903
51.7426,523,1.6871
51.7470,522,1.6839
51.7513,524,1.6903
51.7557,525,1.6935
51.7600,530,1.7097
51.7643,538,1.7355
51.7687,548,1.7677
51.7730,559,1.8032
51.7774,570,1.8387
51.7817,578,1.8645
51.7860,585,1.8871
51.7903,587,1.8935
51.7946,588,1.8968
51.7990,588,1.8968
51.8033,584,1.8839
51.8076,577,1.8613
51.8119,568,1.8323
51.8162,558,1.8000
51.8205,548,1.7677
51.8248,536,1.7290
51.8294,524,1.6903
51.8338,513,1.6548
51.8381,509,1.6419
51.8425,508,1.6387
51.8468,509,1.6419
51.8511,510,1.6452
51.8554,510,1.6452
51.8597,511,1.6484
51.8640,510,1.6452
51.8683,509,1.6419
51.8726,510,1.6452
51.8783,511,1.6484
51.8827,512,1.6516
51.8870,512,1.6516
51.8913,513,1.6548
51.8956,513,1.6548
51.8999,513,1.6548
51.9042,513,1.6548
51.9085,512,1.6516
51.9128,513,1.6548
51.9171,512,1.6516
51.9214,512,1.6516
51.9257,507,1.6355
51.9300,488,1.5742
51.9343,464,1.4968
51.9393,449,1.4484
51.9436,480,1.5484
51.9479,556,1.7935
51.9522,671,2.1645
51.9565,807,2.6032
51.9608,932,3.0065
51.9651,983,3.1710
51.9694,940,3.0323
51.9737,826,2.6645
51.9780,681,2.1968
51.9824,546,1.7613
51.9867,464,1.4968
51.9910,428,1.3806
51.9953,422,1.3613
51.9996,439,1.4161
52.0039,459,1.4806
52.0082,471,1.5194
52.0126,477,1.5387
52.0172,479,1.5452
52.0215,479,1.5452
52.0258,478,1.5419
52.0301,479,1.5452
52.0344,479,1.5452
52.0387,480,1.5484
52.0431,480,1.5484
52.0474,481,1.5516
52.0516,482,1.5548
52.0559,484,1.5613
52.0602,484,1.5613
52.0646,485,1.5645
52.0689,485,1.5645
52.0731,486,1.5677
52.0775,485,1.5645
52.0818,487,1.5710
52.0861,487,1.5710
52.0904,487,1.5710
52.0947,487,1.5710
52.0990,488,1.5742
52.1034,489,1.5774
52.1076,489,1.5774
52.1119,489,1.5774
52.1162,490,1.5806
52.1205,491,1.5839
52.1249,492,1.5871
52.1291,492,1.5871
52.1334,492,1.5871
52.1378,492,1.5871
52.1421,494,1.5935
52.1464,494,1.5935
52.1507,495,1.5968
52.1550,495,1.5968
52.1593,496,1.6000
52.1636,498,1.6065
52.1679,504,1.6258
52.1722,511,1.6484
52.1765,522,1.6839
52.1808,532,1.7161
52.1852,542,1.7484
52.1895,553,1.7839
52.1937,562,1.8129
52.1980,573,1.8484
52.2023,582,1.8774
52.2067,589,1.9000
52.2110,594,1.9161
52.2153,602,1.9419
52.2195,606,1.9548
52.2238,611,1.9710
52.2282,613,1.9774
52.2325,615,1.9839
52.2368,614,1.9806
52.2411,614,1.9806
52.2459,611,1.9710
52.2502,609,1.9645
52.2545,603,1.9452
52.2588,597,1.9258
52.2631,591,1.9065
52.2674,585,1.8871
52.2717,574,1.8516
52.2760,566,1.8258
52.2803,557,1.7968
52.2847,547,1.7645
52.2890,537,1.7323
52.2933,527,1.7000
52.2976,517,1.6677
52.3019,506,1.6323
52.3062,494,1.5935
52.3105,486,1.5677
52.3149,478,1.5419
52.3193,469,1.5129
52.3238,462,1.4903
52.3281,460,1.4839
52.3325,460,1.4839
52.3368,461,1.4871
52.3412,462,1.4903
52.3455,463,1.4935
52.3499,464,1.4968
52.3541,466,1.5032
52.3584,468,1.5097
52.3627,469,1.5129
52.3670,470,1.5161
52.3713,470,1.5161
52.3756,471,1.5194
52.3799,472,1.5226
52.3842,472,1.5226
52.3891,473,1.5258
52.3934,474,1.5290
52.3976,474,1.5290
52.4019,476,1.5355
52.4062,477,1.5387
52.4106,476,1.5355
52.4149,477,1.5387
52.4191,478,1.5419
52.4234,479,1.5452
52.4277,479,1.5452
52.4321,480,1.5484
52.4368,481,1.5516
52.4411,481,1.5516
52.4454,482,1.5548
52.4504,482,1.5548
52.4547,484,1.5613
52.4590,485,1.5645
52.4632,485,1.5645
52.4675,486,1.5677
52.4719,487,1.5710
52.4762,488,1.5742
52.4805,490,1.5806
52.4848,489,1.5774
52.4891,490,1.5806
52.4934,490,1.5806
52.4977,490,1.5806
52.5020,491,1.5839
52.5063,492,1.5871
52.5106,492,1.5871
52.5149,492,1.5871
52.5192,492,1.5871
52.5235,493,1.5903
52.5278,492,1.5871
52.5322,493,1.5903
52.5365,495,1.5968
52.5408,495,1.5968
52.5451,495,1.5968
52.5494,496,1.6000
52.5537,497,1.6032
52.5580,497,1.6032
52.5623,497,1.6032
52.5666,498,1.6065
52.5709,500,1.6129
52.5752,500,1.6129
52.5795,499,1.6097
52.5838,499,1.6097
52.5882,499,1.6097
52.5930,501,1.6161
52.5973,501,1.6161
52.6016,501,1.6161
52.6059,502,1.6194
52.6102,502,1.6194
52.6146,503,1.6226
52.6193,504,1.6258
52.6237,504,1.6258
52.6280,504,1.6258
52.6323,504,1.6258
52.6367,505,1.6290
52.6410,506,1.6323
52.6453,507,1.6355
52.6496,507,1.6355
52.6544,507,1.6355
52.6588,507,1.6355
52.6631,507,1.6355
52.6673,508,1.6387
52.6716,508,1.6387
52.6760,509,1.6419
52.6803,508,1.6387
52.6846,509,1.6419
52.6889,509,1.6419
52.6932,509,1.6419
52.6976,509,1.6419
52.7019,509,1.6419
52.7061,511,1.6484
52.7104,511,1.6484
52.7147,512,1.6516
52.7191,513,1.6548
52.7234,513,1.6548
52.7276,512,1.6516
52.7319,512,1.6516
52.7363,512,1.6516
52.7406,513,1.6548
52.7449,513,1.6548
52.7492,513,1.6548
52.7535,515,1.6613
52.7578,514,1.6581
52.7621,515,1.6613
52.7664,515,1.6613
52.7707,515,1.6613
52.7750,514,1.6581
52.7793,515,1.6613
52.7836,515,1.6613
52.7879,514,1.6581
52.7923,515,1.6613
52.7966,516,1.6645
52.8009,515,1.6613
52.8052,515,1.6613
52.8095,516,1.6645
52.8138,517,1.6677
52.8181,517,1.6677
52.8224,517,1.6677
52.8267,518,1.6710
52.8310,519,1.6742
52.8355,517,1.6677
52.8398,516,1.6645
52.8441,517,1.6677
52.8484,516,1.6645
52.8527,518,1.6710
52.8570,519,1.6742
52.8613,518,1.6710
52.8656,518,1.6710
52.8699,518,1.6710
52.8742,519,1.6742
52.8791,521,1.6806
52.8834,521,1.6806
52.8877,520,1.6774
52.8920,520,1.6774
52.8963,520,1.6774
52.9006,519,1.6742
52.9049,519,1.6742
52.9092,519,1.6742
52.9135,519,1.6742
52.9178,519,1.6742
52.9221,519,1.6742
52.9264,520,1.6774
52.9307,520,1.6774
52.9350,520,1.6774
52.9393,520,1.6774
52.9437,522,1.6839
52.9480,521,1.6806
52.9523,521,1.6806
52.9566,521,1.6806
52.9609,520,1.6774
52.9652,521,1.6806
52.9695,520,1.6774
52.9738,521,1.6806
52.9781,521,1.6806
52.9824,520,1.6774
52.9867,521,1.6806
52.9910,521,1.6806
52.9953,522,1.6839
52.9996,521,1.6806
53.0040,521,1.6806
53.0083,521,1.6806
53.0126,521,1.6806
53.0169,522,1.6839
53.0217,524,1.6903
53.0260,524,1.6903
53.0303,524,1.6903
53.0346,523,1.6871
53.0389,522,1.6839
53.0433,521,1.6806
53.0476,520,1.6774
53.0519,520,1.6774
53.0561,521,1.6806
53.0604,523,1.6871
53.0648,524,1.6903
53.0691,524,1.6903
53.0734,523,1.6871
53.0778,523,1.6871
53.0821,522,1.6839
53.0864,521,1.6806
53.0907,524,1.6903
53.0951,523,1.6871
53.0994,524,1.6903
53.1037,522,1.6839
53.1080,522,1.6839
53.1123,524,1.6903
53.1166,524,1.6903
53.1209,524,1.6903
53.1252,524,1.6903
53.1295,523,1.6871
53.1338,523,1.6871
53.1381,521,1.6806
53.1424,523,1.6871
53.1467,523,1.6871
53.1510,524,1.6903
53.1553,525,1.6935
53.1596,524,1.6903
53.1639,524,1.6903
53.1682,524,1.6903
53.1727,523,1.6871
53.1771,523,1.6871
53.1814,522,1.6839
53.1857,521,1.6806
53.1900,521,1.6806
53.1943,523,1.6871
53.1986,522,1.6839
53.2029,522,1.6839
53.2072,522,1.6839
53.2115,523,1.6871
53.2159,523,1.6871
53.2204,523,1.6871
53.2248,524,1.6903
53.2292,524,1.6903
53.2335,523,1.6871
53.2378,523,1.6871
53.2426,523,1.6871
53.2470,524,1.6903
53.2513,524,1.6903
53.2556,523,1.6871
53.2599,523,1.6871
53.2642,524,1.6903
53.2685,526,1.6968
53.2728,532,1.7161
53.2771,542,1.7484
53.2814,553,1.7839
53.2857,565,1.8226
53.2901,573,1.8484
53.2944,580,1.8710
53.2987,586,1.8903
53.3030,588,1.8968
53.3078,588,1.8968
53.3121,585,1.8871
53.3164,580,1.8710
53.3207,574,1.8516
53.3250,564,1.8194
53.3293,554,1.7871
53.3336,542,1.7484
53.3379,531,1.7129
53.3422,519,1.6742
53.3465,511,1.6484
53.3509,507,1.6355
53.3551,508,1.6387
53.3594,508,1.6387
53.3637,509,1.6419
53.3680,508,1.6387
53.3724,508,1.6387
53.3767,509,1.6419
53.3810,509,1.6419
53.3853,509,1.6419
53.3897,510,1.6452
53.3940,511,1.6484
53.3983,510,1.6452
53.4026,512,1.6516
53.4069,511,1.6484
53.4112,511,1.6484
53.4155,510,1.6452
53.4198,510,1.6452
53.4241,508,1.6387
53.4284,496,1.6000
53.4327,473,1.5258
53.4370,451,1.4548
53.4413,456,1.4710
53.4456,508,1.6387
53.4499,606,1.9548
53.4543,734,2.3677
53.4586,869,2.8032
53.4628,967,3.1194
53.4671,975,3.1452
53.4715,894,2.8839
53.4758,764,2.4645
53.4801,615,1.9839
53.4844,504,1.6258
53.4887,443,1.4290
53.4930,422,1.3613
53.4973,428,1.3806
53.5016,447,1.4419
53.5059,464,1.4968
53.5102,473,1.5258
53.5146,476,1.5355
53.5191,476,1.5355
53.5235,476,1.5355
53.5285,476,1.5355
53.5328,477,1.5387
53.5371,478,1.5419
53.5413,479,1.5452
53.5456,479,1.5452
53.5498,480,1.5484
53.5541,480,1.5484
53.5584,482,1.5548
53.5626,482,1.5548
53.5669,483,1.5581
53.5712,482,1.5548
53.5754,483,1.5581
53.5797,484,1.5613
53.5840,486,1.5677
53.5882,486,1.5677
53.5925,486,1.5677
53.5968,487,1.5710
53.6011,489,1.5774
53.6089,490,1.5806
53.6132,489,1.5774
53.6175,490,1.5806
53.6217,492,1.5871
53.6260,493,1.5903
53.6303,493,1.5903
53.6345,492,1.5871
53.6388,493,1.5903
53.6430,494,1.5935
53.6473,494,1.5935
53.6515,495,1.5968
53.6558,497,1.6032
53.6600,497,1.6032
53.6643,500,1.6129
53.6686,506,1.6323
53.6729,514,1.6581
53.6773,524,1.6903
53.6815,534,1.7226
53.6858,545,1.7581
53.6900,555,1.7903
53.6943,564,1.8194
53.6986,574,1.8516
53.7029,583,1.8806
53.7072,590,1.9032
53.7115,596,1.9226
53.7158,601,1.9387
53.7201,606,1.9548
53.7244,610,1.9677
53.7287,614,1.9806
53.7329,615,1.9839
53.7372,616,1.9871
53.7415,616,1.9871
53.7458,613,1.9774
53.7501,610,1.9677
53.7543,605,1.9516
53.7586,600,1.9355
53.7629,594,1.9161
53.7672,587,1.8935
53.7715,579,1.8677
53.7758,569,1.8355
53.7801,560,1.8065
53.7844,548,1.7677
53.7888,538,1.7355
53.7930,528,1.7032
53.7973,517,1.6677
53.8016,507,1.6355
53.8059,497,1.6032
53.8102,487,1.5710
53.8145,477,1.5387
53.8187,468,1.5097
53.8230,462,1.4903
53.8273,460,1.4839
53.8316,460,1.4839
53.8359,462,1.4903
53.8402,462,1.4903
53.8445,463,1.4935
53.8488,466,1.5032
53.8531,467,1.5065
53.8574,468,1.5097
53.8617,469,1.5129
53.8660,470,1.5161
53.8703,471,1.5194
53.8746,471,1.5194
53.8789,472,1.5226
53.8832,473,1.5258
53.8875,474,1.5290
53.8919,474,1.5290
53.8962,475,1.5323
53.9005,476,1.5355
53.9047,476,1.5355
53.9091,477,1.5387
53.9134,478,1.5419
53.9177,479,1.5452
53.9220,480,1.5484
53.9262,480,1.5484
53.9305,480,1.5484
53.9348,480,1.5484
53.9392,482,1.5548
53.9434,482,1.5548
53.9477,484,1.5613
53.9520,483,1.5581
53.9563,485,1.5645
53.9606,486,1.5677
53.9649,485,1.5645
53.9692,485,1.5645
53.9735,486,1.5677
53.9779,487,1.5710
53.9822,488,1.5742
53.9865,489,1.5774
53.9908,490,1.5806
53.9951,490,1.5806
53.9994,492,1.5871
54.0037,492,1.5871
54.0079,491,1.5839
54.0123,492,1.5871
54.0165,494,1.5935
54.0208,494,1.5935
54.0251,494,1.5935
54.0294,495,1.5968
54.0337,496,1.6000
54.0380,495,1.5968
54.0423,496,1.6000
54.0466,496,1.6000
54.0509,496,1.6000
54.0551,496,1.6000
54.0594,498,1.6065
54.0637,498,1.6065
54.0680,498,1.6065
54.0723,499,1.6097
54.0766,500,1.6129
54.0809,499,1.6097
54.0852,499,1.6097
54.0895,500,1.6129
54.0938,500,1.6129
54.0981,502,1.6194
54.1024,501,1.6161
54.1067,502,1.6194
54.1110,502,1.6194
54.1155,503,1.6226
54.1230,503,1.6226
54.1274,503,1.6226
54.1318,505,1.6290
54.1361,505,1.6290
54.1404,504,1.6258
54.1448,506,1.6323
54.1492,505,1.6290
54.1535,505,1.6290
54.1578,506,1.6323
54.1623,507,1.6355
54.1667,507,1.6355
54.1710,507,1.6355
54.1754,508,1.6387
54.1798,507,1.6355
54.1841,507,1.6355
54.1885,508,1.6387
54.1928,508,1.6387
54.1971,508,1.6387
54.2015,508,1.6387
54.2058,508,1.6387
54.2101,510,1.6452
54.2144,511,1.6484
54.2187,511,1.6484
54.2230,512,1.6516
54.2273,512,1.6516
54.2316,512,1.6516
54.2359,512,1.6516
54.2402,513,1.6548
54.2445,513,1.6548
54.2488,513,1.6548
54.2532,513,1.6548
54.2575,513,1.6548
54.2618,513,1.6548
54.2661,513,1.6548
54.2704,513,1.6548
54.2747,512,1.6516
54.2790,512,1.6516
54.2833,514,1.6581
54.2876,515,1.6613
54.2919,515,1.6613
54.2962,515,1.6613
54.3005,515,1.6613
54.3048,515,1.6613
54.3091,515,1.6613
54.3135,515,1.6613
54.3177,516,1.6645
54.3220,517,1.6677
54.3265,516,1.6645
54.3309,516,1.6645
54.3352,515,1.6613
54.3395,517,1.6677
54.3437,517,1.6677
54.3480,516,1.6645
54.3524,517,1.6677
54.3567,517,1.6677
54.3610,516,1.6645
54.3653,516,1.6645
54.3696,516,1.6645
54.3739,517,1.6677
54.3782,517,1.6677
54.3826,518,1.6710
54.3868,518,1.6710
54.3912,518,1.6710
54.3955,519,1.6742
54.3998,519,1.6742
54.4041,520,1.6774
54.4084,519,1.6742
54.4128,520,1.6774
54.4172,519,1.6742
54.4216,518,1.6710
54.4260,518,1.6710
54.4302,518,1.6710
54.4345,518,1.6710
54.4387,519,1.6742
54.4430,519,1.6742
54.4472,520,1.6774
54.4515,521,1.6806
54.4558,521,1.6806
54.4600,522,1.6839
54.4643,521,1.6806
54.4685,522,1.6839
54.4728,521,1.6806
54.4771,519,1.6742
54.4813,519,1.6742
54.4856,520,1.6774
54.4899,519,1.6742
54.4941,520,1.6774
54.4984,520,1.6774
54.5027,520,1.6774
54.5069,521,1.6806
54.5112,521,1.6806
54.5154,522,1.6839
54.5197,520,1.6774
54.5239,521,1.6806
54.5282,521,1.6806
54.5324,520,1.6774
54.5367,521,1.6806
54.5410,522,1.6839
54.5452,522,1.6839
54.5495,522,1.6839
54.5537,522,1.6839
54.5580,520,1.6774
54.5623,523,1.6871
54.5665,524,1.6903
54.5707,523,1.6871
54.5750,524,1.6903
54.5793,523,1.6871
54.5835,522,1.6839
54.5878,522,1.6839
54.5921,523,1.6871
54.5964,524,1.6903
54.6006,524,1.6903
54.6049,524,1.6903
54.6092,523,1.6871
54.6135,523,1.6871
54.6179,523,1.6871
54.6221,523,1.6871
54.6264,523,1.6871
54.6307,522,1.6839
54.6350,522,1.6839
54.6393,521,1.6806
54.6436,522,1.6839
54.6478,522,1.6839
54.6521,522,1.6839
54.6564,521,1.6806
54.6607,523,1.6871
54.6650,523,1.6871
54.6693,523,1.6871
54.6736,522,1.6839
54.6779,523,1.6871
54.6822,523,1.6871
54.6865,522,1.6839
54.6908,521,1.6806
54.6951,522,1.6839
54.6994,522,1.6839
54.7037,522,1.6839
54.7080,522,1.6839
54.7123,521,1.6806
54.7166,521,1.6806
54.7209,523,1.6871
54.7252,523,1.6871
54.7294,522,1.6839
54.7337,523,1.6871
54.7380,523,1.6871
54.7423,524,1.6903
54.7466,524,1.6903
54.7509,524,1.6903
54.7552,524,1.6903
54.7595,524,1.6903
54.7638,524,1.6903
54.7681,523,1.6871
54.7724,523,1.6871
54.7766,529,1.7065
54.7809,539,1.7387
54.7852,550,1.7742
54.7895,559,1.8032
54.7938,570,1.8387
54.7981,578,1.8645
54.8024,584,1.8839
54.8067,588,1.8968
54.8110,590,1.9032
54.8152,589,1.9000
54.8195,586,1.8903
54.8238,578,1.8645
54.8281,570,1.8387
54.8324,560,1.8065
54.8367,549,1.7710
54.8410,538,1.7355
54.8453,527,1.7000
54.8496,517,1.6677
54.8539,512,1.6516
54.8581,509,1.6419
54.8625,509,1.6419
54.8668,508,1.6387
54.8711,508,1.6387
54.8754,508,1.6387
54.8797,509,1.6419
54.8839,508,1.6387
54.8882,510,1.6452
54.8925,511,1.6484
54.8968,511,1.6484
54.9012,511,1.6484
54.9055,511,1.6484
54.9098,510,1.6452
54.9141,510,1.6452
54.9184,510,1.6452
54.9227,511,1.6484
54.9270,511,1.6484
54.9312,505,1.6290
54.9355,487,1.5710
54.9398,463,1.4935
54.9441,450,1.4516
54.9484,477,1.5387
54.9527,549,1.7710
54.9570,662,2.1355
54.9613,797,2.5710
54.9656,924,2.9806
54.9699,983,3.1710
54.9742,948,3.0581
54.9785,840,2.7097
54.9828,697,2.2484
54.9871,559,1.8032
54.9914,471,1.5194
54.9957,432,1.3935
55.0000,424,1.3677
55.0043,437,1.4097
55.0086,457,1.4742
55.0129,470,1.5161
55.0173,476,1.5355
55.0220,477,1.5387
55.0265,478,1.5419
55.0308,473,1.5258
55.0351,478,1.5419
55.0394,480,1.5484
55.0437,480,1.5484
55.0480,480,1.5484
55.0536,480,1.5484
55.0581,482,1.5548
55.0628,483,1.5581
55.0678,484,1.5613
55.0723,485,1.5645
55.0769,485,1.5645
55.0814,487,1.5710
55.0858,487,1.5710
55.0901,487,1.5710
55.0945,487,1.5710
55.0989,487,1.5710
55.1040,487,1.5710
55.1084,487,1.5710
55.1127,488,1.5742
55.1170,488,1.5742
55.1212,488,1.5742
55.1255,488,1.5742
55.1298,489,1.5774
55.1340,491,1.5839
55.1383,492,1.5871
55.1426,492,1.5871
55.1469,492,1.5871
55.1511,494,1.5935
55.1554,494,1.5935
55.1597,493,1.5903
55.1639,493,1.5903
55.1682,494,1.5935
55.1725,497,1.6032
55.1768,501,1.6161
55.1811,510,1.6452
55.1854,519,1.6742
55.1896,528,1.7032
55.1939,538,1.7355
55.1982,548,1.7677
55.2025,558,1.8000
55.2068,567,1.8290
55.2111,577,1.8613
55.2154,584,1.8839
55.2197,591,1.9065
55.2240,597,1.9258
55.2284,602,1.9419
55.2327,606,1.9548
55.2370,611,1.9710
55.2413,612,1.9742
55.2456,614,1.9806
55.2499,614,1.9806
55.2542,611,1.9710
55.2585,610,1.9677
55.2628,606,1.9548
55.2671,602,1.9419
55.2714,596,1.9226
55.2757,589,1.9000
55.2800,580,1.8710
55.2843,570,1.8387
55.2886,561,1.8097
55.2929,552,1.7806
55.2972,543,1.7516
55.3015,531,1.7129
55.3058,520,1.6774
55.3101,511,1.6484
55.3144,500,1.6129
55.3198,487,1.5710
55.3243,477,1.5387
55.3286,468,1.5097
55.3330,462,1.4903
55.3373,460,1.4839
55.3416,461,1.4871
55.3459,462,1.4903
55.3502,462,1.4903
55.3545,463,1.4935
55.3588,465,1.5000
55.3632,467,1.5065
55.3675,468,1.5097
55.3718,468,1.5097
55.3761,469,1.5129
55.3808,471,1.5194
55.3852,471,1.5194
55.3895,472,1.5226
55.3938,472,1.5226
55.3981,474,1.5290
55.4024,475,1.5323
55.4067,476,1.5355
55.4110,477,1.5387
55.4152,477,1.5387
55.4195,477,1.5387
55.4238,478,1.5419
55.4280,479,1.5452
55.4323,479,1.5452
55.4366,479,1.5452
55.4408,480,1.5484
55.4451,481,1.5516
55.4494,483,1.5581
55.4536,484,1.5613
55.4579,485,1.5645
55.4622,486,1.5677
55.4664,486,1.5677
55.4707,486,1.5677
55.4750,486,1.5677
55.4792,488,1.5742
55.4835,489,1.5774
55.4878,490,1.5806
55.4921,490,1.5806
55.4963,489,1.5774
55.5006,490,1.5806
55.5048,491,1.5839
55.5091,493,1.5903
55.5134,494,1.5935
55.5177,494,1.5935
55.5220,494,1.5935
55.5263,495,1.5968
55.5306,494,1.5935
55.5348,495,1.5968
55.5392,495,1.5968
55.5435,495,1.5968
55.5478,496,1.6000
55.5521,497,1.6032
55.5563,496,1.6000
55.5606,496,1.6000
55.5650,496,1.6000
55.5693,499,1.6097
55.5736,500,1.6129
55.5779,500,1.6129
55.5822,500,1.6129
55.5865,500,1.6129
55.5908,501,1.6161
55.5950,500,1.6129
55.5993,501,1.6161
55.6036,501,1.6161
55.6080,502,1.6194
55.6123,502,1.6194
55.6166,501,1.6161
55.6209,502,1.6194
55.6252,503,1.6226
55.6295,504,1.6258
55.6337,504,1.6258
55.6380,503,1.6226
55.6423,504,1.6258
55.6466,504,1.6258
55.6509,504,1.6258
55.6552,504,1.6258
55.6595,506,1.6323
55.6638,507,1.6355
55.6681,506,1.6323
55.6724,507,1.6355
55.6767,506,1.6323
55.6810,507,1.6355
55.6853,507,1.6355
55.6896,507,1.6355
55.6939,508,1.6387
55.6982,509,1.6419
55.7025,508,1.6387
55.7068,509,1.6419
55.7111,509,1.6419
55.7154,510,1.6452
55.7197,511,1.6484
55.7240,510,1.6452
55.7283,510,1.6452
55.7326,511,1.6484
55.7369,511,1.6484
55.7412,512,1.6516
55.7455,512,1.6516
55.7498,512,1.6516
55.7541,513,1.6548
55.7584,513,1.6548
55.7627,513,1.6548
55.7670,513,1.6548
55.7713,513,1.6548
55.7756,513,1.6548
55.7799,513,1.6548
55.7842,513,1.6548
55.7886,513,1.6548
55.7929,513,1.6548
55.7972,514,1.6581
55.8015,514,1.6581
55.8058,515,1.6613
55.8101,515,1.6613
55.8144,515,1.6613
55.8187,515,1.6613
55.8230,516,1.6645
55.8273,516,1.6645
55.8316,516,1.6645
55.8359,517,1.6677
55.8402,518,1.6710
55.8445,518,1.6710
55.8488,518,1.6710
55.8531,519,1.6742
55.8574,517,1.6677
55.8616,518,1.6710
55.8659,518,1.6710
55.8702,517,1.6677
55.8745,518,1.6710
55.8789,519,1.6742
55.8831,519,1.6742
55.8874,519,1.6742
55.8917,518,1.6710
55.8960,520,1.6774
55.9003,520,1.6774
55.9046,519,1.6742
55.9089,519,1.6742
55.9135,519,1.6742
55.9203,520,1.6774
55.9247,520,1.6774
55.9291,521,1.6806
55.9334,521,1.6806
55.9377,520,1.6774
55.9420,520,1.6774
55.9464,521,1.6806
55.9506,521,1.6806
55.9549,519,1.6742
55.9592,519,1.6742
55.9635,520,1.6774
55.9678,522,1.6839
55.9721,521,1.6806
55.9765,521,1.6806
55.9808,521,1.6806
55.9851,520,1.6774
55.9894,519,1.6742
55.9937,519,1.6742
55.9980,521,1.6806
56.0023,521,1.6806
56.0066,520,1.6774
56.0109,521,1.6806
56.0152,519,1.6742
56.0195,520,1.6774
56.0237,520,1.6774
56.0280,521,1.6806
56.0323,521,1.6806
56.0366,519,1.6742
56.0408,519,1.6742
56.0451,521,1.6806
56.0493,521,1.6806
56.0536,523,1.6871
56.0579,522,1.6839
56.0622,521,1.6806
56.0664,521,1.6806
56.0707,521,1.6806
56.0750,521,1.6806
56.0793,520,1.6774
56.0835,522,1.6839
56.0878,522,1.6839
56.0921,522,1.6839
56.0963,522,1.6839
56.1006,522,1.6839
56.1049,522,1.6839
56.1092,521,1.6806
56.1134,522,1.6839
56.1177,521,1.6806
56.1221,521,1.6806
56.1264,520,1.6774
56.1308,521,1.6806
56.1351,521,1.6806
56.1394,520,1.6774
56.1438,521,1.6806
56.1481,521,1.6806
56.1524,521,1.6806
56.1567,523,1.6871
56.1611,522,1.6839
56.1654,523,1.6871
56.1698,523,1.6871
56.1741,523,1.6871
56.1784,523,1.6871
56.1828,522,1.6839
56.1871,522,1.6839
56.1915,523,1.6871
56.1958,522,1.6839
56.2001,523,1.6871
56.2045,522,1.6839
56.2088,523,1.6871
56.2132,522,1.6839
56.2176,522,1.6839
56.2221,523,1.6871
56.2265,522,1.6839
56.2308,522,1.6839
56.2351,524,1.6903
56.2394,524,1.6903
56.2437,523,1.6871
56.2480,522,1.6839
56.2523,522,1.6839
56.2566,522,1.6839
56.2609,522,1.6839
56.2652,523,1.6871
56.2695,522,1.6839
56.2738,523,1.6871
56.2781,524,1.6903
56.2824,531,1.7129
56.2867,540,1.7419
56.2910,551,1.7774
56.2953,561,1.8097
56.2996,570,1.8387
56.3039,578,1.8645
56.3082,583,1.8806
56.3125,586,1.8903
56.3168,588,1.8968
56.3211,589,1.9000
56.3254,583,1.8806
56.3297,575,1.8548
56.3340,566,1.8258
56.3383,557,1.7968
56.3426,545,1.7581
56.3469,534,1.7226
56.3512,522,1.6839
56.3555,512,1.6516
56.3598,509,1.6419
56.3640,507,1.6355
56.3684,508,1.6387
56.3728,508,1.6387
56.3772,508,1.6387
56.3815,508,1.6387
56.3858,510,1.6452
56.3901,510,1.6452
56.3944,510,1.6452
56.3987,509,1.6419
56.4030,510,1.6452
56.4073,511,1.6484
56.4116,510,1.6452
56.4160,510,1.6452
56.4203,510,1.6452
56.4246,511,1.6484
56.4289,511,1.6484
56.4333,509,1.6419
56.4376,500,1.6129
56.4419,479,1.5452
56.4463,455,1.4677
56.4506,451,1.4548
56.4549,494,1.5935
56.4593,583,1.8806
56.4636,707,2.2806
56.4679,847,2.7323
56.4723,958,3.0903
56.4766,978,3.1548
56.4809,908,2.9290
56.4853,782,2.5226
56.4896,636,2.0516
56.4939,516,1.6645
56.4983,449,1.4484
56.5026,425,1.3710
56.5070,427,1.3774
56.5113,447,1.4419
56.5156,464,1.4968
56.5200,473,1.5258
56.5243,476,1.5355
56.5286,477,1.5387
56.5329,477,1.5387
56.5372,478,1.5419
56.5415,479,1.5452
56.5457,479,1.5452
56.5500,480,1.5484
56.5543,480,1.5484
56.5586,482,1.5548
56.5629,483,1.5581
56.5672,482,1.5548
56.5715,482,1.5548
56.5758,482,1.5548
56.5802,485,1.5645
56.5845,485,1.5645
56.5888,486,1.5677
56.5931,487,1.5710
56.5974,488,1.5742
56.6017,488,1.5742
56.6060,490,1.5806
56.6103,489,1.5774
56.6146,489,1.5774
56.6189,489,1.5774
56.6232,489,1.5774
56.6275,489,1.5774
56.6318,490,1.5806
56.6362,490,1.5806
56.6405,491,1.5839
56.6448,491,1.5839
56.6492,491,1.5839
56.6535,492,1.5871
56.6578,492,1.5871
56.6622,492,1.5871
56.6665,492,1.5871
56.6708,492,1.5871
56.6752,493,1.5903
56.6796,496,1.6000
56.6839,504,1.6258
56.6882,513,1.6548
56.6926,523,1.6871
56.6969,534,1.7226
56.7013,544,1.7548
56.7056,553,1.7839
56.7099,564,1.8194
56.7142,572,1.8452
56.7187,579,1.8677
56.7230,589,1.9000
56.7273,597,1.9258
56.7316,604,1.9484
56.7359,610,1.9677
56.7402,615,1.9839
56.7445,615,1.9839
56.7488,617,1.9903
56.7531,615,1.9839
56.7574,613,1.9774
56.7617,612,1.9742
56.7660,608,1.9613
56.7703,605,1.9516
56.7746,598,1.9290
56.7789,592,1.9097
56.7832,587,1.8935
56.7875,577,1.8613
56.7918,566,1.8258
56.7961,557,1.7968
56.8004,549,1.7710
56.8047,539,1.7387
56.8090,527,1.7000
56.8132,517,1.6677
56.8176,505,1.6290
56.8221,494,1.5935
56.8265,484,1.5613
56.8308,475,1.5323
56.8351,467,1.5065
56.8394,461,1.4871
56.8438,459,1.4806
56.8481,460,1.4839
56.8524,461,1.4871
56.8567,462,1.4903
56.8610,464,1.4968
56.8653,465,1.5000
56.8696,466,1.5032
56.8739,466,1.5032
56.8782,468,1.5097
56.8826,469,1.5129
56.8869,470,1.5161
56.8912,471,1.5194
56.8955,471,1.5194
56.8998,473,1.5258
56.9041,474,1.5290
56.9085,475,1.5323
56.9128,475,1.5323
56.9170,475,1.5323
56.9219,477,1.5387
56.9262,478,1.5419
56.9305,479,1.5452
56.9348,479,1.5452
56.9391,481,1.5516
56.9434,482,1.5548
56.9477,482,1.5548
56.9520,482,1.5548
56.9563,483,1.5581
56.9606,483,1.5581
56.9649,485,1.5645
56.9692,486,1.5677
56.9735,486,1.5677
56.9779,486,1.5677
56.9822,487,1.5710
56.9865,488,1.5742
56.9908,489,1.5774
56.9951,489,1.5774
56.9994,489,1.5774
57.0037,489,1.5774
57.0080,490,1.5806
57.0123,490,1.5806
57.0166,492,1.5871
57.0210,494,1.5935
57.0253,495,1.5968
57.0296,495,1.5968
57.0339,496,1.6000
57.0382,496,1.6000
57.0426,496,1.6000
57.0469,497,1.6032
57.0512,498,1.6065
57.0555,497,1.6032
57.0598,497,1.6032
57.0641,498,1.6065
57.0684,498,1.6065
57.0731,499,1.6097
57.0775,499,1.6097
57.0817,499,1.6097
57.0860,501,1.6161
57.0903,501,1.6161
57.0945,502,1.6194
57.0988,503,1.6226
57.1031,503,1.6226
57.1073,504,1.6258
57.1116,504,1.6258
57.1159,504,1.6258
57.1203,503,1.6226
57.1248,503,1.6226
57.1292,503,1.6226
57.1334,503,1.6226
57.1377,504,1.6258
57.1420,505,1.6290
57.1462,506,1.6323
57.1509,506,1.6323
57.1552,506,1.6323
57.1595,507,1.6355
57.1638,507,1.6355
57.1680,507,1.6355
57.1723,508,1.6387
57.1766,508,1.6387
57.1809,509,1.6419
57.1852,509,1.6419
57.1894,508,1.6387
57.1937,509,1.6419
57.1980,508,1.6387
57.2022,509,1.6419
57.2065,510,1.6452
57.2108,509,1.6419
57.2150,509,1.6419
57.2193,510,1.6452
57.2237,511,1.6484
57.2280,510,1.6452
57.2323,512,1.6516
57.2366,512,1.6516
57.2409,513,1.6548
57.2451,512,1.6516
57.2494,512,1.6516
57.2538,512,1.6516
57.2581,513,1.6548
57.2624,513,1.6548
57.2666,513,1.6548
57.2709,512,1.6516
57.2752,512,1.6516
57.2796,512,1.6516
57.2839,513,1.6548
57.2882,513,1.6548
57.2927,514,1.6581
57.2970,513,1.6548
57.3013,514,1.6581
57.3056,515,1.6613
57.3099,514,1.6581
57.3142,514,1.6581
57.3185,514,1.6581
57.3228,515,1.6613
57.3271,515,1.6613
57.3314,516,1.6645
57.3357,515,1.6613
57.3400,515,1.6613
57.3443,517,1.6677
57.3486,517,1.6677
57.3529,518,1.6710
57.3572,518,1.6710
57.3615,519,1.6742
57.3657,518,1.6710
57.3700,519,1.6742
57.3744,518,1.6710
57.3787,519,1.6742
57.3830,519,1.6742
57.3873,517,1.6677
57.3916,517,1.6677
57.3959,517,1.6677
57.4002,518,1.6710
57.4045,519,1.6742
57.4088,518,1.6710
57.4131,519,1.6742
57.4174,519,1.6742
57.4217,519,1.6742
57.4261,520,1.6774
57.4304,519,1.6742
57.4346,519,1.6742
57.4390,519,1.6742
57.4433,520,1.6774
57.4476,521,1.6806
57.4518,520,1.6774
57.4561,521,1.6806
57.4604,520,1.6774
57.4647,520,1.6774
57.4690,519,1.6742
57.4735,518,1.6710
57.4778,518,1.6710
57.4821,520,1.6774
57.4864,520,1.6774
57.4907,519,1.6742
57.4950,519,1.6742
57.4993,520,1.6774
57.5036,520,1.6774
57.5079,521,1.6806
57.5122,521,1.6806
57.5165,522,1.6839
57.5208,522,1.6839
57.5251,522,1.6839
57.5294,522,1.6839
57.5337,522,1.6839
57.5380,522,1.6839
57.5423,522,1.6839
57.5467,523,1.6871
57.5510,522,1.6839
57.5553,522,1.6839
57.5596,522,1.6839
57.5640,522,1.6839
57.5683,521,1.6806
57.5727,522,1.6839
57.5772,522,1.6839
57.5816,520,1.6774
57.5859,522,1.6839
57.5903,522,1.6839
57.5946,523,1.6871
57.5989,523,1.6871
57.6032,523,1.6871
57.6076,523,1.6871
57.6119,523,1.6871
57.6163,522,1.6839
57.6206,523,1.6871
57.6249,522,1.6839
57.6293,523,1.6871
57.6337,522,1.6839
57.6380,523,1.6871
57.6423,523,1.6871
57.6466,522,1.6839
57.6509,522,1.6839
57.6552,522,1.6839
57.6595,523,1.6871
57.6638,523,1.6871
57.6681,523,1.6871
57.6724,523,1.6871
57.6767,522,1.6839
57.6810,522,1.6839
57.6854,521,1.6806
57.6897,521,1.6806
57.6940,522,1.6839
57.6983,522,1.6839
57.7026,521,1.6806
57.7070,523,1.6871
57.7113,523,1.6871
57.7156,523,1.6871
57.7205,525,1.6935
57.7249,525,1.6935
57.7294,524,1.6903
57.7343,524,1.6903
57.7386,524,1.6903
57.7429,522,1.6839
57.7472,523,1.6871
57.7516,523,1.6871
57.7559,523,1.6871
57.7602,522,1.6839
57.7645,522,1.6839
57.7689,521,1.6806
57.7733,522,1.6839
57.7776,522,1.6839
57.7819,522,1.6839
57.7863,523,1.6871
57.7906,522,1.6839
57.7949,524,1.6903
57.7992,526,1.6968
57.8035,533,1.7194
57.8078,542,1.7484
57.8121,554,1.7871
57.8164,565,1.8226
57.8207,573,1.8484
57.8250,580,1.8710
57.8293,586,1.8903
57.8337,589,1.9000
57.8380,589,1.9000
57.8423,587,1.8935
57.8466,581,1.8742
57.8510,571,1.8419
57.8552,562,1.8129
57.8595,551,1.7774
57.8638,540,1.7419
57.8681,530,1.7097
57.8725,518,1.6710
57.8770,510,1.6452
57.8816,507,1.6355
57.8860,506,1.6323
57.8903,507,1.6355
57.8946,507,1.6355
57.8989,508,1.6387
57.9032,509,1.6419
57.9081,509,1.6419
57.9125,509,1.6419
57.9168,509,1.6419
57.9211,509,1.6419
57.9254,509,1.6419
57.9297,510,1.6452
57.9341,511,1.6484
57.9384,509,1.6419
57.9427,510,1.6452
57.9470,510,1.6452
57.9513,510,1.6452
57.9556,506,1.6323
57.9599,490,1.5806
57.9642,465,1.5000
57.9685,448,1.4452
57.9728,467,1.5065
57.9773,538,1.7355
57.9816,647,2.0871
57.9859,782,2.5226
57.9903,912,2.9419
57.9946,982,3.1677
57.9989,955,3.0806
58.0032,851,2.7452
58.0075,712,2.2968
58.0118,572,1.8452
58.0162,476,1.5355
58.0209,431,1.3903
58.0253,424,1.3677
58.0298,438,1.4129
58.0341,457,1.4742
58.0385,471,1.5194
58.0428,476,1.5355
58.0470,477,1.5387
58.0513,478,1.5419
58.0556,478,1.5419
58.0598,478,1.5419
58.0641,478,1.5419
58.0683,480,1.5484
58.0726,481,1.5516
58.0769,481,1.5516
58.0812,482,1.5548
58.0855,482,1.5548
58.0897,482,1.5548
58.0940,483,1.5581
58.0983,483,1.5581
58.1025,483,1.5581
58.1068,485,1.5645
58.1111,486,1.5677
58.1153,486,1.5677
58.1196,487,1.5710
58.1238,487,1.5710
58.1281,487,1.5710
58.1324,488,1.5742
58.1367,489,1.5774
58.1410,490,1.5806
58.1453,491,1.5839
58.1496,491,1.5839
58.1538,490,1.5806
58.1582,491,1.5839
58.1625,492,1.5871
58.1668,492,1.5871
58.1711,493,1.5903
58.1754,493,1.5903
58.1797,492,1.5871
58.1840,494,1.5935
58.1883,495,1.5968
58.1926,496,1.6000
58.1969,501,1.6161
58.2012,508,1.6387
58.2055,518,1.6710
58.2098,529,1.7065
58.2141,538,1.7355
58.2184,549,1.7710
58.2227,559,1.8032
58.2270,568,1.8323
58.2312,577,1.8613
58.2355,584,1.8839
58.2398,591,1.9065
58.2441,598,1.9290
58.2484,601,1.9387
58.2527,603,1.9452
58.2570,604,1.9484
58.2613,608,1.9613
58.2655,612,1.9742
58.2698,614,1.9806
58.2741,613,1.9774
58.2784,610,1.9677
58.2827,610,1.9677
58.2870,607,1.9581
58.2912,601,1.9387
58.2956,595,1.9194
58.2998,588,1.8968
58.3041,579,1.8677
58.3084,571,1.8419
58.3127,562,1.8129
58.3170,553,1.7839
58.3213,543,1.7516
58.3256,532,1.7161
58.3298,522,1.6839
58.3341,511,1.6484
58.3384,500,1.6129
58.3427,491,1.5839
58.3470,481,1.5516
58.3512,471,1.5194
58.3555,463,1.4935
58.3598,459,1.4806
58.3641,457,1.4742
58.3684,458,1.4774
58.3727,459,1.4806
58.3770,460,1.4839
58.3812,461,1.4871
58.3855,462,1.4903
58.3898,462,1.4903
58.3941,464,1.4968
58.3984,465,1.5000
58.4027,467,1.5065
58.4070,467,1.5065
58.4113,468,1.5097
58.4156,470,1.5161
58.4198,471,1.5194
58.4241,472,1.5226
58.4284,472,1.5226
58.4327,473,1.5258
58.4370,475,1.5323
58.4413,475,1.5323
58.4456,476,1.5355
58.4499,477,1.5387
58.4541,477,1.5387
58.4584,478,1.5419
58.4627,478,1.5419
58.4670,478,1.5419
58.4713,480,1.5484
58.4756,480,1.5484
58.4798,482,1.5548
58.4842,482,1.5548
58.4885,484,1.5613
58.4927,484,1.5613
58.4970,483,1.5581
58.5013,485,1.5645
58.5056,485,1.5645
58.5099,486,1.5677
58.5142,488,1.5742
58.5185,489,1.5774
58.5228,490,1.5806
58.5271,490,1.5806
58.5314,490,1.5806
58.5357,491,1.5839
58.5400,491,1.5839
58.5442,492,1.5871
58.5485,492,1.5871
58.5528,491,1.5839
58.5571,491,1.5839
58.5614,492,1.5871
58.5657,494,1.5935
58.5700,495,1.5968
58.5743,495,1.5968
58.5786,495,1.5968
58.5829,496,1.6000
58.5872,497,1.6032
58.5915,497,1.6032
58.5958,497,1.6032
58.6000,498,1.6065
58.6043,499,1.6097
58.6086,500,1.6129
58.6129,500,1.6129
58.6173,500,1.6129
58.6217,500,1.6129
58.6260,501,1.6161
58.6304,501,1.6161
58.6348,501,1.6161
58.6391,502,1.6194
58.6434,502,1.6194
58.6476,502,1.6194
58.6519,503,1.6226
58.6562,504,1.6258
58.6604,504,1.6258
58.6647,505,1.6290
58.6689,506,1.6323
58.6732,506,1.6323
58.6775,506,1.6323
58.6817,506,1.6323
58.6860,506,1.6323
58.6903,507,1.6355
58.6945,508,1.6387
58.6988,508,1.6387
58.7031,508,1.6387
58.7073,509,1.6419
58.7116,508,1.6387
58.7158,508,1.6387
58.7201,509,1.6419
58.7243,509,1.6419
58.7286,509,1.6419
58.7328,509,1.6419
58.7371,509,1.6419
58.7413,509,1.6419
58.7456,510,1.6452
58.7499,512,1.6516
58.7542,512,1.6516
58.7585,511,1.6484
58.7628,512,1.6516
58.7671,513,1.6548
58.7715,512,1.6516
58.7758,513,1.6548
58.7801,514,1.6581
58.7844,515,1.6613
58.7887,514,1.6581
58.7930,513,1.6548
58.7973,514,1.6581
58.8016,513,1.6548
58.8059,514,1.6581
58.8102,512,1.6516
58.8145,513,1.6548
58.8188,513,1.6548
58.8230,513,1.6548
58.8273,514,1.6581
58.8316,516,1.6645
58.8359,516,1.6645
58.8402,517,1.6677
58.8445,517,1.6677
58.8488,517,1.6677
58.8531,516,1.6645
58.8574,516,1.6645
58.8617,515,1.6613
58.8660,516,1.6645
58.8702,516,1.6645
58.8745,517,1.6677
58.8788,518,1.6710
58.8831,518,1.6710
58.8874,518,1.6710
58.8917,518,1.6710
58.8960,518,1.6710
58.9003,519,1.6742
58.9045,518,1.6710
58.9088,518,1.6710
58.9131,517,1.6677
58.9180,518,1.6710
58.9224,518,1.6710
58.9268,518,1.6710
58.9312,519,1.6742
58.9355,520,1.6774
58.9398,520,1.6774
58.9441,519,1.6742
58.9483,519,1.6742
58.9526,519,1.6742
58.9569,519,1.6742
58.9611,520,1.6774
58.9654,520,1.6774
58.9697,520,1.6774
58.9739,519,1.6742
58.9782,519,1.6742
58.9824,518,1.6710
58.9867,520,1.6774
58.9910,520,1.6774
58.9953,521,1.6806
58.9996,521,1.6806
59.0038,522,1.6839
59.0081,521,1.6806
59.0123,522,1.6839
59.0166,522,1.6839
59.0208,523,1.6871
59.0251,523,1.6871
59.0293,522,1.6839
59.0336,522,1.6839
59.0378,522,1.6839
59.0422,522,1.6839
59.0465,521,1.6806
59.0508,520,1.6774
59.0550,520,1.6774
59.0593,520,1.6774
59.0636,521,1.6806
59.0679,523,1.6871
59.0722,522,1.6839
59.0765,522,1.6839
59.0808,522,1.6839
59.0851,523,1.6871
59.0894,523,1.6871
59.0937,523,1.6871
59.0980,524,1.6903
59.1023,523,1.6871
59.1066,523,1.6871
59.1108,523,1.6871
59.1151,523,1.6871
59.1194,522,1.6839
59.1237,524,1.6903
59.1280,524,1.6903
59.1322,523,1.6871
59.1365,524,1.6903
59.1408,523,1.6871
59.1451,524,1.6903
59.1494,524,1.6903
59.1537,524,1.6903
59.1580,522,1.6839
59.1622,523,1.6871
59.1665,523,1.6871
59.1708,524,1.6903
59.1751,523,1.6871
59.1794,523,1.6871
59.1837,524,1.6903
59.1880,522,1.6839
59.1923,523,1.6871
59.1966,522,1.6839
59.2008,522,1.6839
59.2051,523,1.6871
59.2094,523,1.6871
59.2137,524,1.6903
59.2180,523,1.6871
59.2223,522,1.6839
59.2266,521,1.6806
59.2309,523,1.6871
59.2351,523,1.6871
59.2394,523,1.6871
59.2438,524,1.6903
59.2481,524,1.6903
59.2524,525,1.6935
59.2566,524,1.6903
59.2609,523,1.6871
59.2652,522,1.6839
59.2695,523,1.6871
59.2738,523,1.6871
59.2781,523,1.6871
59.2824,523,1.6871
59.2867,522,1.6839
59.2910,521,1.6806
59.2952,519,1.6742
59.2996,520,1.6774
59.3038,524,1.6903
59.3081,532,1.7161
59.3124,541,1.7452
59.3167,553,1.7839
59.3210,564,1.8194
59.3253,572,1.8452
59.3296,580,1.8710
59.3339,586,1.8903
59.3382,590,1.9032
59.3425,590,1.9032
59.3468,586,1.8903
59.3511,581,1.8742
59.3554,573,1.8484
59.3597,563,1.8161
59.3639,553,1.7839
59.3682,543,1.7516
59.3725,532,1.7161
59.3768,522,1.6839
59.3811,512,1.6516
59.3854,508,1.6387
59.3897,508,1.6387
59.3940,508,1.6387
59.3983,508,1.6387
59.4026,509,1.6419
59.4069,508,1.6387
59.4112,508,1.6387
59.4154,509,1.6419
59.4197,508,1.6387
59.4240,509,1.6419
59.4283,509,1.6419
59.4326,510,1.6452
59.4369,509,1.6419
59.4412,510,1.6452
59.4455,512,1.6516
59.4497,512,1.6516
59.4540,512,1.6516
59.4583,510,1.6452
59.4626,500,1.6129
59.4669,479,1.5452
59.4712,454,1.4645
59.4755,449,1.4484
59.4798,489,1.5774
59.4841,574,1.8516
59.4884,697,2.2484
59.4927,834,2.6903
59.4970,947,3.0548
59.5012,979,3.1581
59.5055,922,2.9742
59.5098,801,2.5839
59.5142,655,2.1129
59.5185,528,1.7032
59.5229,454,1.4645
59.5272,425,1.3710
59.5316,426,1.3742
59.5359,442,1.4258
59.5402,461,1.4871
59.5445,471,1.5194
59.5487,476,1.5355
59.5530,476,1.5355
59.5573,475,1.5323
59.5615,476,1.5355
59.5658,478,1.5419
59.5700,480,1.5484
59.5743,481,1.5516
59.5786,482,1.5548
59.5828,483,1.5581
59.5871,483,1.5581
59.5913,482,1.5548
59.5956,483,1.5581
59.5998,484,1.5613
59.6041,484,1.5613
59.6084,484,1.5613
59.6127,486,1.5677
59.6170,486,1.5677
59.6212,487,1.5710
59.6255,486,1.5677
59.6297,487,1.5710
59.6340,488,1.5742
59.6383,488,1.5742
59.6426,490,1.5806
59.6468,491,1.5839
59.6511,491,1.5839
59.6554,491,1.5839
59.6598,492,1.5871
59.6641,494,1.5935
59.6685,495,1.5968
59.6728,495,1.5968
59.6771,495,1.5968
59.6815,495,1.5968
59.6858,496,1.6000
59.6901,497,1.6032
59.6944,495,1.5968
59.6988,496,1.6000
59.7031,498,1.6065
59.7074,504,1.6258
59.7118,512,1.6516
59.7161,522,1.6839
59.7204,531,1.7129
59.7247,543,1.7516
59.7291,552,1.7806
59.7334,562,1.8129
59.7377,571,1.8419
59.7421,579,1.8677
59.7464,587,1.8935
59.7507,595,1.9194
59.7550,600,1.9355
59.7593,606,1.9548
59.7636,611,1.9710
59.7679,615,1.9839
59.7722,617,1.9903
59.7765,618,1.9935
59.7808,617,1.9903
59.7851,616,1.9871
59.7894,612,1.9742
59.7937,607,1.9581
59.7979,602,1.9419
59.8022,596,1.9226
59.8066,587,1.8935
59.8109,580,1.8710
59.8151,572,1.8452
59.8195,561,1.8097
59.8241,552,1.7806
59.8285,541,1.7452
59.8327,528,1.7032
59.8370,517,1.6677
59.8412,508,1.6387
59.8455,498,1.6065
59.8498,490,1.5806
59.8540,479,1.5452
59.8583,469,1.5129
59.8626,462,1.4903
59.8669,459,1.4806
59.8712,460,1.4839
59.8755,462,1.4903
59.8798,464,1.4968
59.8841,465,1.5000
59.8884,465,1.5000
59.8926,465,1.5000
59.8969,466,1.5032
59.9012,467,1.5065
59.9055,468,1.5097
59.9098,469,1.5129
59.9141,470,1.5161
59.9184,470,1.5161
59.9227,471,1.5194
59.9270,472,1.5226
59.9313,473,1.5258
59.9356,474,1.5290
59.9399,475,1.5323
59.9442,477,1.5387
59.9485,476,1.5355
59.9528,478,1.5419
59.9570,478,1.5419
59.9613,477,1.5387
59.9656,478,1.5419
59.9698,479,1.5452
59.9741,480,1.5484
59.9783,481,1.5516
59.9826,482,1.5548
59.9869,483,1.5581
59.9912,484,1.5613
59.9954,485,1.5645
59.9997,486,1.5677
60.0039,485,1.5645
60.0082,486,1.5677
60.0125,486,1.5677
60.0167,486,1.5677
60.0210,488,1.5742
60.0253,489,1.5774
60.0295,490,1.5806
60.0338,490,1.5806
60.0380,489,1.5774
60.0423,490,1.5806
60.0465,491,1.5839
60.0514,492,1.5871
60.0558,491,1.5839
60.0670,494,1.5935
60.0715,495,1.5968
60.0761,494,1.5935
60.0807,496,1.6000
60.0852,496,1.6000
60.0895,496,1.6000
60.0939,497,1.6032
60.0982,497,1.6032
60.1027,498,1.6065
60.1070,498,1.6065
60.1114,499,1.6097
60.1157,499,1.6097
60.1201,500,1.6129
60.1244,501,1.6161
60.1288,502,1.6194
60.1332,501,1.6161
60.1375,500,1.6129
60.1419,501,1.6161
60.1462,503,1.6226
60.1505,503,1.6226
60.1549,504,1.6258
60.1592,504,1.6258
60.1635,505,1.6290
60.1678,505,1.6290
60.1721,504,1.6258
60.1765,504,1.6258
60.1808,504,1.6258
60.1851,505,1.6290
60.1894,506,1.6323
60.1937,507,1.6355
60.1980,506,1.6323
60.2023,507,1.6355
60.2066,507,1.6355
60.2110,508,1.6387
60.2153,508,1.6387
60.2196,508,1.6387
60.2239,508,1.6387
60.2282,509,1.6419
60.2325,510,1.6452
60.2368,509,1.6419
60.2411,509,1.6419
60.2454,508,1.6387
60.2497,509,1.6419
60.2540,509,1.6419
60.2584,510,1.6452
60.2627,510,1.6452
60.2670,510,1.6452
60.2713,511,1.6484
60.2756,513,1.6548
60.2799,513,1.6548
60.2842,513,1.6548
60.2885,513,1.6548
60.2931,514,1.6581
60.2974,514,1.6581
60.3017,513,1.6548
60.3060,513,1.6548
60.3103,515,1.6613
60.3146,515,1.6613
60.3190,516,1.6645
60.3233,515,1.6613
60.3276,514,1.6581
60.3318,515,1.6613
60.3361,516,1.6645
60.3405,517,1.6677
60.3448,518,1.6710
60.3491,518,1.6710
60.3534,519,1.6742
60.3577,519,1.6742
60.3621,518,1.6710
60.3664,517,1.6677
60.3706,517,1.6677
60.3749,518,1.6710
60.3793,517,1.6677
60.3836,518,1.6710
60.3879,517,1.6677
60.3922,517,1.6677
60.3965,517,1.6677
60.4008,517,1.6677
60.4051,518,1.6710
60.4094,518,1.6710
60.4137,519,1.6742
60.4180,519,1.6742
60.4225,518,1.6710
60.4269,518,1.6710
60.4313,519,1.6742
60.4356,518,1.6710
60.4399,519,1.6742
60.4442,518,1.6710
60.4485,519,1.6742
60.4528,519,1.6742
60.4571,519,1.6742
60.4620,519,1.6742
60.4663,518,1.6710
60.4706,520,1.6774
60.4749,519,1.6742
60.4792,521,1.6806
60.4835,520,1.6774
60.4878,522,1.6839
60.4921,521,1.6806
60.4964,520,1.6774
60.5007,519,1.6742
60.5050,520,1.6774
60.5093,520,1.6774
60.5137,520,1.6774
60.5180,520,1.6774
60.5223,521,1.6806
60.5266,521,1.6806
60.5309,521,1.6806
60.5352,520,1.6774
60.5396,521,1.6806
60.5439,520,1.6774
60.5482,520,1.6774
60.5525,521,1.6806
60.5568,520,1.6774
60.5612,521,1.6806
60.5655,520,1.6774
60.5698,520,1.6774
60.5741,519,1.6742
60.5784,520,1.6774
60.5827,522,1.6839
60.5870,521,1.6806
60.5913,520,1.6774
60.5956,520,1.6774
60.5999,521,1.6806
60.6042,520,1.6774
60.6085,520,1.6774
60.6129,522,1.6839
60.6172,521,1.6806
60.6215,521,1.6806
60.6258,521,1.6806
60.6301,521,1.6806
60.6344,520,1.6774
60.6387,520,1.6774
60.6430,521,1.6806
60.6473,520,1.6774
60.6516,521,1.6806
60.6560,520,1.6774
60.6603,520,1.6774
60.6646,520,1.6774
60.6689,523,1.6871
60.6732,523,1.6871
60.6775,522,1.6839
60.6818,522,1.6839
60.6861,522,1.6839
60.6908,522,1.6839
60.6951,522,1.6839
60.6994,522,1.6839
60.7037,523,1.6871
60.7081,523,1.6871
60.7124,522,1.6839
60.7167,522,1.6839
60.7212,522,1.6839
60.7256,522,1.6839
60.7300,522,1.6839
60.7343,523,1.6871
60.7386,524,1.6903
60.7429,524,1.6903
60.7472,524,1.6903
60.7515,523,1.6871
60.7558,523,1.6871
60.7601,523,1.6871
60.7645,523,1.6871
60.7688,524,1.6903
60.7731,524,1.6903
60.7773,523,1.6871
60.7816,521,1.6806
60.7859,522,1.6839
60.7902,524,1.6903
60.7944,524,1.6903
60.7987,524,1.6903
60.8030,522,1.6839
60.8072,523,1.6871
60.8116,523,1.6871
60.8158,523,1.6871
60.8201,528,1.7032
60.8244,536,1.7290
60.8287,545,1.7581
60.8329,555,1.7903
60.8372,566,1.8258
60.8415,574,1.8516
60.8458,583,1.8806
60.8500,588,1.8968
60.8543,590,1.9032
60.8586,590,1.9032
60.8629,585,1.8871
60.8672,579,1.8677
60.8715,571,1.8419
60.8758,561,1.8097
60.8801,551,1.7774
60.8844,541,1.7452
60.8887,530,1.7097
60.8930,518,1.6710
60.8973,510,1.6452
60.9016,507,1.6355
60.9059,507,1.6355
60.9103,508,1.6387
60.9146,509,1.6419
60.9189,509,1.6419
60.9232,510,1.6452
60.9275,510,1.6452
60.9318,510,1.6452
60.9361,511,1.6484
60.9404,511,1.6484
60.9447,512,1.6516
60.9490,511,1.6484
60.9533,512,1.6516
60.9576,512,1.6516
60.9619,512,1.6516
60.9662,512,1.6516
60.9705,511,1.6484
60.9749,508,1.6387
60.9792,495,1.5968
60.9835,470,1.5161
60.9878,449,1.4484
60.9920,458,1.4774
60.9964,514,1.6581
61.0007,616,1.9871
61.0050,745,2.4032
61.0092,880,2.8387
61.0136,974,3.1419
61.0179,969,3.1258
61.0222,881,2.8419
61.0265,750,2.4194
61.0308,605,1.9516
61.0351,495,1.5968
61.0394,438,1.4129
61.0436,421,1.3581
61.0479,429,1.3839
61.0522,450,1.4516
61.0565,467,1.5065
61.0608,476,1.5355
61.0652,477,1.5387
61.0695,479,1.5452
61.0738,478,1.5419
61.0781,478,1.5419
61.0825,480,1.5484
61.0868,481,1.5516
61.0911,481,1.5516
61.0954,481,1.5516
61.0997,482,1.5548
61.1040,483,1.5581
61.1083,484,1.5613
61.1126,485,1.5645
61.1169,486,1.5677
61.1212,484,1.5613
61.1255,484,1.5613
61.1298,486,1.5677
61.1341,486,1.5677
61.1384,487,1.5710
61.1427,487,1.5710
61.1470,488,1.5742
61.1513,489,1.5774
61.1556,489,1.5774
61.1599,490,1.5806
61.1643,491,1.5839
61.1686,492,1.5871
61.1729,491,1.5839
61.1774,492,1.5871
61.1817,493,1.5903
61.1860,494,1.5935
61.1903,494,1.5935
61.1946,494,1.5935
61.1989,493,1.5903
61.2032,493,1.5903
61.2075,495,1.5968
61.2118,496,1.6000
61.2161,498,1.6065
61.2204,507,1.6355
61.2247,515,1.6613
61.2290,527,1.7000
61.2333,535,1.7258
61.2376,546,1.7613
61.2419,556,1.7935
61.2462,566,1.8258
61.2505,576,1.8581
61.2548,583,1.8806
61.2591,591,1.9065
61.2634,599,1.9323
61.2677,603,1.9452
61.2720,608,1.9613
61.2763,612,1.9742
61.2807,615,1.9839
61.2850,615,1.9839
61.2893,617,1.9903
61.2936,616,1.9871
61.2979,613,1.9774
61.3022,609,1.9645
61.3065,605,1.9516
61.3108,597,1.9258
61.3151,590,1.9032
61.3222,576,1.8581
61.3266,567,1.8290
61.3310,559,1.8032
61.3353,548,1.7677
61.3396,537,1.7323
61.3439,526,1.6968
61.3482,517,1.6677
61.3526,505,1.6290
61.3568,496,1.6000
61.3612,485,1.5645
61.3656,476,1.5355
61.3699,467,1.5065
61.3742,462,1.4903
61.3785,460,1.4839
61.3828,461,1.4871
61.3871,462,1.4903
61.3914,464,1.4968
61.3957,465,1.5000
61.4000,466,1.5032
61.4043,466,1.5032
61.4086,469,1.5129
61.4129,468,1.5097
61.4172,469,1.5129
61.4215,470,1.5161
61.4258,468,1.5097
61.4301,469,1.5129
61.4344,471,1.5194
61.4387,472,1.5226
61.4430,473,1.5258
61.4473,474,1.5290
61.4516,475,1.5323
61.4559,476,1.5355
61.4602,476,1.5355
61.4646,477,1.5387
61.4689,479,1.5452
61.4732,480,1.5484
61.4775,480,1.5484
61.4818,481,1.5516
61.4862,481,1.5516
61.4905,482,1.5548
61.4947,483,1.5581
61.4990,485,1.5645
61.5033,485,1.5645
61.5076,485,1.5645
61.5119,486,1.5677
61.5163,487,1.5710
61.5206,487,1.5710
61.5249,487,1.5710
61.5292,488,1.5742
61.5335,489,1.5774
61.5378,488,1.5742
61.5421,490,1.5806
61.5464,490,1.5806
61.5507,492,1.5871
61.5550,491,1.5839
61.5593,492,1.5871
61.5636,493,1.5903
61.5679,494,1.5935
61.5722,494,1.5935
61.5765,494,1.5935
61.5809,494,1.5935
61.5852,493,1.5903
61.5895,494,1.5935
61.5938,495,1.5968
61.5981,495,1.5968
61.6024,496,1.6000
61.6067,496,1.6000
61.6110,498,1.6065
61.6154,498,1.6065
61.6224,500,1.6129
61.6269,501,1.6161
61.6313,501,1.6161
61.6356,502,1.6194
61.6399,502,1.6194
61.6442,503,1.6226
61.6485,503,1.6226
61.6528,505,1.6290
61.6571,505,1.6290
61.6614,505,1.6290
61.6657,504,1.6258
61.6700,504,1.6258
61.6743,506,1.6323
61.6786,505,1.6290
61.6829,506,1.6323
61.6872,506,1.6323
61.6915,506,1.6323
61.6958,506,1.6323
61.7001,506,1.6323
61.7044,506,1.6323
61.7087,507,1.6355
61.7130,507,1.6355
61.7173,507,1.6355
61.7216,509,1.6419
61.7259,509,1.6419
61.7303,509,1.6419
61.7346,510,1.6452
61.7389,510,1.6452
61.7432,511,1.6484
61.7475,511,1.6484
61.7518,511,1.6484
61.7561,510,1.6452
61.7604,511,1.6484
61.7646,511,1.6484
61.7690,511,1.6484
61.7733,512,1.6516
61.7776,511,1.6484
61.7819,511,1.6484
61.7862,511,1.6484
61.7905,513,1.6548
61.7948,513,1.6548
61.7991,512,1.6516
61.8034,513,1.6548
61.8077,512,1.6516
61.8120,512,1.6516
61.8163,514,1.6581
61.8206,514,1.6581
61.8249,513,1.6548
61.8292,514,1.6581
61.8336,513,1.6548
61.8378,513,1.6548
61.8421,513,1.6548
61.8464,514,1.6581
61.8507,515,1.6613
61.8550,514,1.6581
61.8593,515,1.6613
61.8636,516,1.6645
61.8679,516,1.6645
61.8722,517,1.6677
61.8767,515,1.6613
61.8810,515,1.6613
61.8853,515,1.6613
61.8896,515,1.6613
61.8940,514,1.6581
61.8982,514,1.6581
61.9026,515,1.6613
61.9069,517,1.6677
61.9112,518,1.6710
61.9155,518,1.6710
61.9198,516,1.6645
61.9241,516,1.6645
61.9284,518,1.6710
61.9327,519,1.6742
61.9370,519,1.6742
61.9413,518,1.6710
61.9456,518,1.6710
61.9499,519,1.6742
61.9542,519,1.6742
61.9585,519,1.6742
61.9628,520,1.6774
61.9671,521,1.6806
61.9714,520,1.6774
61.9757,519,1.6742
61.9800,518,1.6710
61.9843,519,1.6742
61.9886,518,1.6710
61.9929,518,1.6710
61.9972,520,1.6774
62.0015,519,1.6742
62.0058,521,1.6806
62.0101,521,1.6806
62.0144,519,1.6742
62.0187,518,1.6710
62.0231,519,1.6742
62.0274,519,1.6742
62.0316,519,1.6742
62.0360,520,1.6774
62.0402,521,1.6806
62.0445,521,1.6806
62.0488,520,1.6774
62.0531,521,1.6806
62.0574,521,1.6806
62.0617,521,1.6806
62.0660,522,1.6839
62.0703,521,1.6806
62.0746,522,1.6839
62.0790,522,1.6839
62.0833,522,1.6839
62.0876,521,1.6806
62.0919,523,1.6871
62.0962,523,1.6871
62.1005,522,1.6839
62.1048,522,1.6839
62.1091,523,1.6871
62.1134,525,1.6935
62.1177,524,1.6903
62.1220,523,1.6871
62.1263,523,1.6871
62.1306,523,1.6871
62.1349,523,1.6871
62.1392,523,1.6871
62.1435,522,1.6839
62.1478,521,1.6806
62.1521,521,1.6806
62.1564,520,1.6774
62.1607,522,1.6839
62.1650,521,1.6806
62.1693,522,1.6839
62.1736,523,1.6871
62.1779,523,1.6871
62.1823,522,1.6839
62.1866,524,1.6903
62.1909,523,1.6871
62.1951,523,1.6871
62.1995,522,1.6839
62.2038,520,1.6774
62.2080,520,1.6774
62.2123,522,1.6839
62.2170,522,1.6839
62.2225,523,1.6871
62.2270,522,1.6839
62.2313,523,1.6871
62.2357,523,1.6871
62.2400,522,1.6839
62.2443,523,1.6871
62.2486,524,1.6903
62.2529,525,1.6935
62.2572,525,1.6935
62.2615,523,1.6871
62.2658,523,1.6871
62.2701,523,1.6871
62.2744,524,1.6903
62.2787,524,1.6903
62.2831,525,1.6935
62.2874,524,1.6903
62.2917,525,1.6935
62.2960,524,1.6903
62.3002,523,1.6871
62.3046,523,1.6871
62.3089,523,1.6871
62.3132,523,1.6871
62.3174,523,1.6871
62.3219,529,1.7065
62.3262,536,1.7290
62.3305,546,1.7613
62.3348,559,1.8032
62.3391,568,1.8323
62.3434,576,1.8581
62.3477,582,1.8774
62.3520,586,1.8903
62.3563,590,1.9032
62.3606,585,1.8871
62.3649,583,1.8806
62.3692,577,1.8613
62.3735,569,1.8355
62.3778,558,1.8000
62.3821,549,1.7710
62.3864,536,1.7290
62.3907,525,1.6935
62.3950,514,1.6581
62.3993,509,1.6419
62.4036,508,1.6387
62.4079,508,1.6387
62.4122,508,1.6387
62.4165,509,1.6419
62.4208,509,1.6419
62.4251,509,1.6419
62.4294,508,1.6387
62.4337,508,1.6387
62.4380,509,1.6419
62.4423,509,1.6419
62.4466,510,1.6452
62.4509,510,1.6452
62.4552,511,1.6484
62.4595,512,1.6516
62.4642,511,1.6484
62.4686,511,1.6484
62.4729,511,1.6484
62.4772,512,1.6516
62.4816,511,1.6484
62.4859,508,1.6387
62.4902,491,1.5839
62.4945,467,1.5065
62.4988,449,1.4484
62.5031,467,1.5065
62.5074,535,1.7258
62.5117,644,2.0774
62.5165,815,2.6290
62.5219,946,3.0516
62.5263,981,3.1645
62.5308,922,2.9742
62.5350,804,2.5935
62.5392,660,2.1290
62.5435,533,1.7194
62.5478,458,1.4774
62.5521,427,1.3774
62.5563,424,1.3677
62.5606,441,1.4226
62.5648,460,1.4839
62.5692,472,1.5226
62.5735,476,1.5355
62.5778,477,1.5387
62.5821,478,1.5419
62.5863,478,1.5419
62.5907,478,1.5419
62.5949,480,1.5484
62.5992,480,1.5484
62.6034,481,1.5516
62.6077,482,1.5548
62.6120,483,1.5581
62.6162,483,1.5581
62.6210,484,1.5613
62.6253,486,1.5677
62.6296,485,1.5645
62.6338,486,1.5677
62.6381,487,1.5710
62.6423,487,1.5710
62.6466,488,1.5742
62.6509,489,1.5774
62.6551,489,1.5774
62.6594,490,1.5806
62.6636,492,1.5871
62.6679,491,1.5839
62.6722,491,1.5839
62.6765,491,1.5839
62.6808,491,1.5839
62.6850,493,1.5903
62.6893,493,1.5903
62.6936,492,1.5871
62.6978,491,1.5839
62.7021,492,1.5871
62.7063,493,1.5903
62.7112,494,1.5935
62.7155,495,1.5968
62.7198,494,1.5935
62.7240,495,1.5968
62.7284,502,1.6194
62.7327,512,1.6516
62.7369,522,1.6839
62.7412,531,1.7129
62.7455,541,1.7452
62.7497,551,1.7774
62.7540,561,1.8097
62.7583,569,1.8355
62.7626,578,1.8645
62.7668,584,1.8839
62.7712,592,1.9097
62.7755,600,1.9355
62.7798,605,1.9516
62.7841,609,1.9645
62.7883,613,1.9774
62.7933,614,1.9806
62.7976,613,1.9774
62.8019,614,1.9806
62.8061,612,1.9742
62.8104,610,1.9677
62.8147,604,1.9484
62.8190,600,1.9355
62.8232,594,1.9161
62.8275,586,1.8903
62.8318,578,1.8645
62.8361,569,1.8355
62.8403,559,1.8032
62.8446,550,1.7742
62.8488,539,1.7387
62.8531,526,1.6968
62.8574,517,1.6677
62.8616,506,1.6323
62.8659,497,1.6032
62.8702,486,1.5677
62.8744,477,1.5387
62.8788,467,1.5065
62.8830,461,1.4871
62.8873,460,1.4839
62.8915,461,1.4871
62.8958,462,1.4903
62.9001,463,1.4935
62.9044,463,1.4935
62.9086,465,1.5000
62.9129,467,1.5065
62.9172,467,1.5065
62.9214,468,1.5097
62.9257,469,1.5129
62.9300,470,1.5161
62.9343,472,1.5226
62.9386,472,1.5226
62.9428,473,1.5258
62.9471,473,1.5258
62.9513,475,1.5323
62.9556,475,1.5323
62.9599,476,1.5355
62.9642,476,1.5355
62.9684,476,1.5355
62.9728,478,1.5419
62.9771,479,1.5452
62.9815,479,1.5452
62.9858,480,1.5484
62.9901,481,1.5516
62.9943,483,1.5581
62.9987,483,1.5581
63.0030,483,1.5581
63.0072,484,1.5613
63.0115,485,1.5645
63.0158,486,1.5677
63.0202,485,1.5645
63.0245,486,1.5677
63.0288,486,1.5677
63.0331,487,1.5710
63.0374,487,1.5710
63.0417,487,1.5710
63.0460,490,1.5806
63.0503,491,1.5839
63.0546,490,1.5806
63.0589,491,1.5839
63.0632,491,1.5839
63.0675,492,1.5871
63.0718,494,1.5935
63.0761,493,1.5903
63.0804,494,1.5935
63.0847,494,1.5935
63.0889,494,1.5935
63.0932,495,1.5968
63.0974,495,1.5968
63.1017,496,1.6000
63.1060,497,1.6032
63.1103,498,1.6065
63.1146,497,1.6032
63.1190,496,1.6000
63.1234,498,1.6065
63.1278,499,1.6097
63.1321,499,1.6097
63.1364,500,1.6129
63.1407,500,1.6129
63.1449,501,1.6161
63.1492,502,1.6194
63.1534,502,1.6194
63.1577,502,1.6194
63.1619,503,1.6226
63.1662,503,1.6226
63.1704,504,1.6258
63.1748,504,1.6258
63.1791,504,1.6258
63.1835,505,1.6290
63.1878,504,1.6258
63.1920,504,1.6258
63.1964,505,1.6290
63.2007,506,1.6323
63.2050,506,1.6323
63.2093,507,1.6355
63.2136,508,1.6387
63.2179,509,1.6419
63.2222,510,1.6452
63.2265,510,1.6452
63.2308,510,1.6452
63.2351,509,1.6419
63.2394,510,1.6452
63.2438,510,1.6452
63.2481,511,1.6484
63.2523,512,1.6516
63.2566,513,1.6548
63.2609,513,1.6548
63.2652,512,1.6516
63.2695,513,1.6548
63.2738,512,1.6516
63.2781,512,1.6516
63.2825,512,1.6516
63.2868,511,1.6484
63.2911,511,1.6484
63.2954,513,1.6548
63.2997,513,1.6548
63.3040,514,1.6581
63.3083,514,1.6581
63.3126,513,1.6548
63.3169,513,1.6548
63.3212,514,1.6581
63.3255,514,1.6581
63.3298,515,1.6613
63.3341,515,1.6613
63.3384,516,1.6645
63.3427,514,1.6581
63.3470,513,1.6548
63.3513,514,1.6581
63.3556,514,1.6581
63.3599,514,1.6581
63.3642,514,1.6581
63.3685,515,1.6613
63.3729,516,1.6645
63.3772,516,1.6645
63.3815,517,1.6677
63.3858,519,1.6742
63.3900,517,1.6677
63.3943,517,1.6677
63.3986,516,1.6645
63.4028,517,1.6677
63.4071,518,1.6710
63.4114,518,1.6710
63.4157,519,1.6742
63.4200,519,1.6742
63.4244,520,1.6774
63.4289,519,1.6742
63.4332,521,1.6806
63.4375,519,1.6742
63.4417,519,1.6742
63.4460,519,1.6742
63.4503,519,1.6742
63.4546,519,1.6742
63.4588,519,1.6742
63.4633,520,1.6774
63.4677,520,1.6774
63.4719,520,1.6774
63.4762,521,1.6806
63.4805,521,1.6806
63.4848,521,1.6806
63.4891,520,1.6774
63.4934,521,1.6806
63.4977,521,1.6806
63.5020,522,1.6839
63.5062,521,1.6806
63.5106,520,1.6774
63.5148,520,1.6774
63.5191,520,1.6774
63.5233,520,1.6774
63.5276,520,1.6774
63.5319,521,1.6806
63.5363,520,1.6774
63.5406,521,1.6806
63.5448,520,1.6774
63.5491,521,1.6806
63.5535,522,1.6839
63.5577,522,1.6839
63.5620,521,1.6806
63.5663,521,1.6806
63.5706,522,1.6839
63.5749,521,1.6806
63.5792,522,1.6839
63.5836,522,1.6839
63.5879,521,1.6806
63.5922,522,1.6839
63.5965,521,1.6806
63.6008,521,1.6806
63.6050,521,1.6806
63.6093,521,1.6806
63.6136,521,1.6806
63.6179,521,1.6806
63.6222,521,1.6806
63.6265,521,1.6806
63.6308,521,1.6806
63.6351,521,1.6806
63.6394,521,1.6806
63.6437,521,1.6806
63.6480,522,1.6839
63.6523,520,1.6774
63.6566,520,1.6774
63.6609,521,1.6806
63.6652,521,1.6806
63.6695,522,1.6839
63.6738,521,1.6806
63.6782,521,1.6806
63.6826,520,1.6774
63.6870,521,1.6806
63.6913,521,1.6806
63.6957,521,1.6806
63.7000,521,1.6806
63.7043,521,1.6806
63.7087,521,1.6806
63.7130,521,1.6806
63.7173,520,1.6774
63.7217,519,1.6742
63.7260,520,1.6774
63.7303,520,1.6774
63.7347,521,1.6806
63.7390,521,1.6806
63.7433,521,1.6806
63.7477,521,1.6806
63.7520,521,1.6806
63.7564,522,1.6839
63.7607,522,1.6839
63.7650,521,1.6806
63.7693,520,1.6774
63.7737,521,1.6806
63.7781,521,1.6806
63.7824,521,1.6806
63.7867,523,1.6871
63.7910,522,1.6839
63.7953,522,1.6839
63.7996,522,1.6839
63.8039,522,1.6839
63.8082,523,1.6871
63.8125,523,1.6871
63.8168,523,1.6871
63.8211,523,1.6871
63.8254,523,1.6871
63.8297,523,1.6871
63.8340,525,1.6935
63.8383,531,1.7129
63.8427,540,1.7419
63.8469,551,1.7774
63.8512,562,1.8129
63.8555,572,1.8452
63.8598,579,1.8677
63.8641,585,1.8871
63.8684,587,1.8935
63.8727,588,1.8968
63.8770,586,1.8903
63.8814,582,1.8774
63.8857,578,1.8645
63.8901,570,1.8387
63.8944,564,1.8194
63.8988,555,1.7903
63.9031,544,1.7548
63.9074,531,1.7129
63.9117,520,1.6774
63.9161,511,1.6484
63.9204,506,1.6323
63.9248,505,1.6290
63.9291,505,1.6290
63.9334,507,1.6355
63.9378,507,1.6355
63.9421,507,1.6355
63.9464,508,1.6387
63.9508,508,1.6387
63.9551,508,1.6387
63.9594,507,1.6355
63.9638,507,1.6355
63.9681,509,1.6419
63.9724,511,1.6484
63.9770,510,1.6452
63.9814,510,1.6452
63.9858,511,1.6484
63.9901,511,1.6484
63.9944,509,1.6419
63.9987,498,1.6065
64.0030,475,1.5323
64.0073,452,1.4581
64.0116,454,1.4645
64.0159,504,1.6258
64.0204,696,2.2452
64.0280,838,2.7032
64.0325,955,3.0806
64.0368,979,3.1581
64.0411,914,2.9484
64.0454,787,2.5387
64.0497,642,2.0710
64.0540,521,1.6806
64.0583,450,1.4516
64.0626,424,1.3677
64.0669,424,1.3677
64.0712,442,1.4258
64.0755,461,1.4871
64.0798,471,1.5194
64.0841,474,1.5290
64.0884,475,1.5323
64.0927,476,1.5355
64.0970,478,1.5419
64.1013,478,1.5419
64.1056,478,1.5419
64.1099,481,1.5516
64.1143,481,1.5516
64.1186,482,1.5548
64.1229,482,1.5548
64.1272,482,1.5548
64.1315,484,1.5613
64.1358,484,1.5613
64.1401,485,1.5645
64.1444,484,1.5613
64.1487,484,1.5613
64.1530,485,1.5645
64.1572,486,1.5677
64.1615,486,1.5677
64.1658,486,1.5677
64.1701,486,1.5677
64.1744,486,1.5677
64.1787,488,1.5742
64.1830,489,1.5774
64.1874,489,1.5774
64.1917,490,1.5806
64.1961,491,1.5839
64.2004,493,1.5903
64.2047,494,1.5935
64.2091,494,1.5935
64.2134,495,1.5968
64.2177,494,1.5935
64.2221,494,1.5935
64.2264,495,1.5968
64.2308,496,1.6000
64.2355,498,1.6065
64.2400,505,1.6290
64.2443,515,1.6613
64.2487,525,1.6935
64.2530,536,1.7290
64.2573,547,1.7645
64.2617,556,1.7935
64.2660,565,1.8226
64.2703,574,1.8516
64.2747,581,1.8742
64.2790,589,1.9000
64.2835,595,1.9194
64.2878,603,1.9452
64.2921,608,1.9613
64.2964,611,1.9710
64.3007,614,1.9806
64.3050,614,1.9806
64.3093,615,1.9839
64.3136,615,1.9839
64.3181,612,1.9742
64.3237,607,1.9581
64.3281,601,1.9387
64.3325,596,1.9226
64.3368,588,1.8968
64.3411,578,1.8645
64.3454,569,1.8355
64.3497,560,1.8065
64.3540,551,1.7774
64.3584,541,1.7452
64.3626,530,1.7097
64.3669,520,1.6774
64.3713,509,1.6419
64.3756,499,1.6097
64.3799,488,1.5742
64.3842,478,1.5419
64.3885,467,1.5065
64.3928,461,1.4871
64.3971,459,1.4806
64.4014,459,1.4806
64.4057,460,1.4839
64.4100,462,1.4903
64.4143,463,1.4935
64.4186,464,1.4968
64.4230,466,1.5032
64.4272,466,1.5032
64.4315,467,1.5065
64.4359,467,1.5065
64.4402,468,1.5097
64.4445,468,1.5097
64.4487,470,1.5161
64.4530,472,1.5226
64.4573,473,1.5258
64.4616,474,1.5290
64.4659,474,1.5290
64.4702,475,1.5323
64.4745,476,1.5355
64.4788,476,1.5355
64.4831,476,1.5355
64.4874,478,1.5419
64.4917,478,1.5419
64.4961,478,1.5419
64.5004,480,1.5484
64.5048,481,1.5516
64.5091,482,1.5548
64.5134,482,1.5548
64.5178,482,1.5548
64.5221,483,1.5581
64.5264,483,1.5581
64.5308,486,1.5677
64.5351,487,1.5710
64.5394,488,1.5742
64.5438,489,1.5774
64.5481,489,1.5774
64.5525,491,1.5839
64.5568,491,1.5839
64.5612,492,1.5871
64.5655,493,1.5903
64.5698,493,1.5903
64.5742,494,1.5935
64.5786,493,1.5903
64.5829,494,1.5935
64.5873,495,1.5968
64.5917,495,1.5968
64.5960,495,1.5968
64.6003,496,1.6000
64.6046,495,1.5968
64.6089,495,1.5968
64.6132,495,1.5968
64.6175,496,1.6000
64.6218,497,1.6032
64.6261,497,1.6032
64.6303,497,1.6032
64.6346,498,1.6065
64.6390,499,1.6097
64.6433,498,1.6065
64.6476,500,1.6129
64.6518,501,1.6161
64.6561,502,1.6194
64.6605,502,1.6194
64.6647,502,1.6194
64.6690,502,1.6194
64.6733,503,1.6226
64.6776,502,1.6194
64.6819,503,1.6226
64.6862,502,1.6194
64.6905,503,1.6226
64.6949,503,1.6226
64.6992,504,1.6258
64.7036,504,1.6258
64.7079,505,1.6290
64.7123,506,1.6323
64.7166,507,1.6355
64.7209,506,1.6323
64.7253,506,1.6323
64.7296,506,1.6323
64.7339,508,1.6387
64.7382,509,1.6419
64.7426,510,1.6452
64.7470,510,1.6452
64.7513,509,1.6419
64.7556,508,1.6387
64.7600,510,1.6452
64.7643,510,1.6452
64.7687,510,1.6452
64.7730,511,1.6484
64.7775,512,1.6516
64.7819,512,1.6516
64.7862,512,1.6516
64.7905,512,1.6516
64.7949,513,1.6548
64.7992,513,1.6548
64.8035,513,1.6548
64.8078,514,1.6581
64.8121,516,1.6645
64.8164,516,1.6645
64.8207,515,1.6613
64.8250,514,1.6581
64.8293,514,1.6581
64.8336,514,1.6581
64.8379,515,1.6613
64.8421,515,1.6613
64.8465,517,1.6677
64.8508,516,1.6645
64.8551,515,1.6613
64.8593,515,1.6613
64.8637,516,1.6645
64.8679,515,1.6613
64.8722,516,1.6645
64.8765,517,1.6677
64.8808,517,1.6677
64.8852,515,1.6613
64.8895,515,1.6613
64.8938,516,1.6645
64.8981,517,1.6677
64.9025,517,1.6677
64.9068,517,1.6677
64.9112,518,1.6710
64.9155,517,1.6677
64.9199,517,1.6677
64.9247,517,1.6677
64.9292,518,1.6710
64.9337,517,1.6677
64.9380,517,1.6677
64.9423,519,1.6742
64.9467,519,1.6742
64.9510,519,1.6742
64.9554,519,1.6742
64.9597,519,1.6742
64.9640,519,1.6742
64.9684,518,1.6710
64.9727,518,1.6710
64.9770,518,1.6710
64.9814,518,1.6710
64.9857,518,1.6710
64.9901,519,1.6742
64.9944,519,1.6742
64.9987,519,1.6742
65.0030,520,1.6774
65.0073,519,1.6742
65.0116,519,1.6742
65.0159,519,1.6742
65.0202,519,1.6742
65.0245,520,1.6774
65.0288,519,1.6742
65.0331,520,1.6774
65.0374,519,1.6742
65.0417,519,1.6742
65.0460,520,1.6774
65.0503,520,1.6774
65.0546,521,1.6806
65.0590,519,1.6742
65.0635,519,1.6742
65.0680,521,1.6806
65.0725,521,1.6806
65.0781,521,1.6806
65.0827,521,1.6806
65.0871,521,1.6806
65.0915,522,1.6839
65.0958,520,1.6774
65.1001,520,1.6774
65.1044,521,1.6806
65.1086,521,1.6806
65.1130,522,1.6839
65.1172,521,1.6806
65.1215,522,1.6839
65.1258,522,1.6839
65.1301,521,1.6806
65.1344,520,1.6774
65.1387,520,1.6774
65.1430,521,1.6806
65.1473,523,1.6871
65.1516,522,1.6839
65.1559,522,1.6839
65.1602,522,1.6839
65.1645,523,1.6871
65.1688,521,1.6806
65.1733,522,1.6839
65.1776,521,1.6806
65.1819,523,1.6871
65.1862,521,1.6806
65.1905,523,1.6871
65.1948,524,1.6903
65.1991,524,1.6903
65.2035,524,1.6903
65.2078,523,1.6871
65.2121,523,1.6871
65.2165,522,1.6839
65.2209,522,1.6839
65.2290,522,1.6839
65.2335,521,1.6806
65.2379,521,1.6806
65.2422,521,1.6806
65.2466,522,1.6839
65.2509,522,1.6839
65.2553,522,1.6839
65.2596,523,1.6871
65.2640,523,1.6871
65.2683,523,1.6871
65.2727,522,1.6839
65.2771,521,1.6806
65.2814,521,1.6806
65.2857,521,1.6806
65.2901,521,1.6806
65.2945,521,1.6806
65.2989,520,1.6774
65.3032,521,1.6806
65.3075,522,1.6839
65.3118,523,1.6871
65.3161,523,1.6871
65.3204,522,1.6839
65.3247,524,1.6903
65.3289,523,1.6871
65.3332,522,1.6839
65.3375,523,1.6871
65.3418,523,1.6871
65.3461,527,1.7000
65.3504,536,1.7290
65.3547,546,1.7613
65.3591,558,1.8000
65.3633,567,1.8290
65.3676,576,1.8581
65.3719,582,1.8774
65.3762,587,1.8935
65.3806,590,1.9032
65.3849,589,1.9000
65.3892,585,1.8871
65.3936,579,1.8677
65.3979,569,1.8355
65.4022,559,1.8032
65.4065,547,1.7645
65.4107,537,1.7323
65.4150,526,1.6968
65.4193,516,1.6645
65.4235,509,1.6419
65.4278,507,1.6355
65.4321,507,1.6355
65.4363,508,1.6387
65.4406,508,1.6387
65.4449,509,1.6419
65.4491,509,1.6419
65.4534,509,1.6419
65.4577,509,1.6419
65.4619,508,1.6387
65.4662,507,1.6355
65.4704,508,1.6387
65.4747,509,1.6419
65.4790,509,1.6419
65.4832,510,1.6452
65.4875,509,1.6419
65.4917,509,1.6419
65.4960,510,1.6452
65.5004,510,1.6452
65.5047,507,1.6355
65.5090,496,1.6000
65.5133,473,1.5258
65.5176,450,1.4516
65.5219,455,1.4677
65.5262,507,1.6355
65.5305,603,1.9452
65.5348,730,2.3548
65.5390,865,2.7903
65.5433,965,3.1129
65.5476,975,3.1452
65.5519,894,2.8839
65.5562,764,2.4645
65.5605,617,1.9903
65.5648,504,1.6258
65.5691,443,1.4290
65.5734,422,1.3613
65.5778,426,1.3742
65.5821,446,1.4387
65.5864,465,1.5000
65.5907,475,1.5323
65.5949,477,1.5387
65.5992,478,1.5419
65.6035,478,1.5419
65.6078,479,1.5452
65.6120,480,1.5484
65.6163,480,1.5484
65.6205,480,1.5484
65.6248,482,1.5548
65.6290,483,1.5581
65.6333,484,1.5613
65.6375,483,1.5581
65.6418,484,1.5613
65.6460,484,1.5613
65.6503,486,1.5677
65.6545,486,1.5677
65.6588,486,1.5677
65.6630,485,1.5645
65.6673,486,1.5677
65.6715,486,1.5677
65.6758,487,1.5710
65.6800,487,1.5710
65.6843,488,1.5742
65.6885,489,1.5774
65.6928,490,1.5806
65.6970,492,1.5871
65.7013,493,1.5903
65.7056,493,1.5903
65.7099,494,1.5935
65.7142,494,1.5935
65.7185,494,1.5935
65.7228,494,1.5935
65.7271,495,1.5968
65.7314,495,1.5968
65.7357,496,1.6000
65.7399,495,1.5968
65.7442,496,1.6000
65.7485,503,1.6226
65.7528,512,1.6516
65.7571,523,1.6871
65.7614,533,1.7194
65.7658,544,1.7548
65.7700,553,1.7839
65.7743,562,1.8129
65.7786,571,1.8419
65.7829,580,1.8710
65.7872,587,1.8935
65.7915,595,1.9194
65.7957,600,1.9355
65.8000,602,1.9419
65.8043,603,1.9452
65.8086,605,1.9516
65.8129,609,1.9645
65.8173,613,1.9774
65.8230,613,1.9774
65.8275,621,2.0032
65.8319,611,1.9710
65.8362,608,1.9613
65.8405,603,1.9452
65.8448,595,1.9194
65.8492,590,1.9032
65.8535,582,1.8774
65.8579,573,1.8484
65.8622,564,1.8194
65.8666,555,1.7903
65.8709,546,1.7613
65.8752,535,1.7258
65.8796,524,1.6903
65.8839,514,1.6581
65.8882,503,1.6226
65.8926,493,1.5903
65.8969,483,1.5581
65.9013,472,1.5226
65.9056,463,1.4935
65.9099,459,1.4806
65.9142,459,1.4806
65.9185,460,1.4839
65.9228,462,1.4903
65.9271,464,1.4968
65.9314,465,1.5000
65.9357,465,1.5000
65.9400,466,1.5032
65.9442,466,1.5032
65.9485,466,1.5032
65.9528,468,1.5097
65.9572,469,1.5129
65.9614,470,1.5161
65.9657,471,1.5194
65.9701,472,1.5226
65.9744,472,1.5226
65.9787,473,1.5258
65.9830,474,1.5290
65.9873,475,1.5323
65.9916,475,1.5323
65.9959,476,1.5355
66.0002,477,1.5387
66.0046,477,1.5387
66.0089,478,1.5419
66.0136,479,1.5452
66.0179,479,1.5452
66.0222,481,1.5516
66.0265,481,1.5516
66.0308,482,1.5548
66.0351,484,1.5613
66.0394,485,1.5645
66.0436,484,1.5613
66.0480,484,1.5613
66.0523,485,1.5645
66.0566,485,1.5645
66.0609,486,1.5677
66.0652,487,1.5710
66.0695,488,1.5742
66.0738,490,1.5806
66.0781,490,1.5806
66.0824,489,1.5774
66.0867,490,1.5806
66.0910,492,1.5871
66.0953,492,1.5871
66.0996,493,1.5903
66.1038,493,1.5903
66.1081,493,1.5903
66.1125,494,1.5935
66.1168,496,1.6000
66.1212,496,1.6000
66.1257,497,1.6032
66.1301,497,1.6032
66.1345,496,1.6000
66.1389,497,1.6032
66.1432,498,1.6065
66.1475,498,1.6065
66.1518,498,1.6065
66.1561,498,1.6065
66.1604,499,1.6097
66.1647,499,1.6097
66.1690,499,1.6097
66.1733,500,1.6129
66.1776,501,1.6161
66.1819,501,1.6161
66.1862,502,1.6194
66.1905,502,1.6194
66.1948,503,1.6226
66.1991,503,1.6226
66.2034,503,1.6226
66.2077,503,1.6226
66.2120,503,1.6226
66.2163,505,1.6290
66.2206,505,1.6290
66.2249,505,1.6290
66.2292,505,1.6290
66.2335,506,1.6323
66.2378,505,1.6290
66.2421,505,1.6290
66.2464,507,1.6355
66.2506,506,1.6323
66.2549,507,1.6355
66.2593,506,1.6323
66.2635,507,1.6355
66.2678,508,1.6387
66.2722,509,1.6419
66.2765,509,1.6419
66.2808,510,1.6452
66.2851,510,1.6452
66.2894,509,1.6419
66.2937,511,1.6484
66.2980,510,1.6452
66.3024,510,1.6452
66.3067,512,1.6516
66.3110,512,1.6516
66.3153,513,1.6548
66.3196,513,1.6548
66.3239,514,1.6581
66.3282,513,1.6548
66.3325,514,1.6581
66.3368,513,1.6548
66.3411,514,1.6581
66.3454,513,1.6548
66.3497,514,1.6581
66.3540,514,1.6581
66.3584,514,1.6581
66.3626,515,1.6613
66.3669,516,1.6645
66.3712,517,1.6677
66.3755,516,1.6645
66.3798,515,1.6613
66.3840,514,1.6581
66.3883,514,1.6581
66.3926,515,1.6613
66.3968,515,1.6613
66.4011,516,1.6645
66.4054,516,1.6645
66.4098,517,1.6677
66.4141,517,1.6677
66.4184,519,1.6742
66.4227,519,1.6742
66.4270,518,1.6710
66.4313,518,1.6710
66.4357,517,1.6677
66.4401,518,1.6710
66.4444,517,1.6677
66.4487,518,1.6710
66.4530,518,1.6710
66.4573,518,1.6710
66.4616,518,1.6710
66.4659,517,1.6677
66.4702,517,1.6677
66.4745,518,1.6710
66.4788,518,1.6710
66.4831,518,1.6710
66.4874,519,1.6742
66.4917,519,1.6742
66.4959,519,1.6742
66.5002,519,1.6742
66.5045,520,1.6774
66.5089,520,1.6774
66.5131,519,1.6742
66.5174,519,1.6742
66.5217,518,1.6710
66.5260,518,1.6710
66.5302,520,1.6774
66.5345,521,1.6806
66.5388,519,1.6742
66.5431,521,1.6806
66.5474,521,1.6806
66.5516,521,1.6806
66.5559,521,1.6806
66.5602,521,1.6806
66.5645,522,1.6839
66.5688,522,1.6839
66.5731,522,1.6839
66.5774,521,1.6806
66.5821,521,1.6806
66.5864,521,1.6806
66.5907,522,1.6839
66.5949,522,1.6839
66.5992,521,1.6806
66.6034,521,1.6806
66.6077,521,1.6806
66.6119,521,1.6806
66.6162,522,1.6839
66.6204,522,1.6839
66.6247,521,1.6806
66.6290,521,1.6806
66.6332,521,1.6806
66.6375,522,1.6839
66.6417,521,1.6806
66.6460,520,1.6774
66.6503,521,1.6806
66.6545,520,1.6774
66.6588,520,1.6774
66.6630,520,1.6774
66.6673,521,1.6806
66.6716,521,1.6806
66.6759,522,1.6839
66.6801,521,1.6806
66.6844,520,1.6774
66.6886,521,1.6806
66.6929,522,1.6839
66.6972,522,1.6839
66.7014,521,1.6806
66.7057,522,1.6839
66.7100,522,1.6839
66.7143,522,1.6839
66.7191,521,1.6806
66.7251,522,1.6839
66.7295,522,1.6839
66.7339,522,1.6839
66.7382,521,1.6806
66.7426,522,1.6839
66.7469,523,1.6871
66.7511,524,1.6903
66.7554,524,1.6903
66.7597,523,1.6871
66.7640,522,1.6839
66.7684,522,1.6839
66.7727,522,1.6839
66.7770,521,1.6806
66.7813,522,1.6839
66.7856,522,1.6839
66.7899,522,1.6839
66.7942,523,1.6871
66.7985,524,1.6903
66.8028,524,1.6903
66.8071,523,1.6871
66.8114,523,1.6871
66.8157,522,1.6839
66.8199,524,1.6903
66.8242,523,1.6871
66.8284,523,1.6871
66.8327,523,1.6871
66.8369,523,1.6871
66.8412,523,1.6871
66.8455,523,1.6871
66.8497,522,1.6839
66.8540,523,1.6871
66.8583,523,1.6871
66.8625,530,1.7097
66.8668,539,1.7387
66.8711,549,1.7710
66.8754,561,1.8097
66.8796,570,1.8387
66.8839,578,1.8645
66.8882,586,1.8903
66.8925,588,1.8968
66.8967,589,1.9000
66.9010,586,1.8903
66.9053,583,1.8806
66.9095,576,1.8581
66.9138,568,1.8323
66.9182,558,1.8000
66.9225,546,1.7613
66.9268,537,1.7323
66.9311,525,1.6935
66.9354,516,1.6645
66.9397,510,1.6452
66.9440,508,1.6387
66.9483,509,1.6419
66.9526,509,1.6419
66.9569,510,1.6452
66.9612,511,1.6484
66.9655,509,1.6419
66.9698,511,1.6484
66.9741,511,1.6484
66.9784,511,1.6484
66.9827,511,1.6484
66.9870,511,1.6484
66.9913,510,1.6452
66.9955,512,1.6516
66.9998,512,1.6516
67.0041,512,1.6516
67.0084,512,1.6516
67.0127,512,1.6516
67.0170,506,1.6323
67.0214,489,1.5774
67.0294,447,1.4419
67.0338,463,1.4935
67.0381,524,1.6903
67.0424,629,2.0290
67.0467,756,2.4387
67.0510,892,2.8774
67.0553,975,3.1452
67.0596,965,3.1129
67.0639,871,2.8097
67.0682,734,2.3677
67.0725,590,1.9032
67.0770,484,1.5613
67.0813,434,1.4000
67.0856,421,1.3581
67.0899,431,1.3903
67.0942,452,1.4581
67.0985,468,1.5097
67.1028,475,1.5323
67.1071,477,1.5387
67.1113,478,1.5419
67.1156,477,1.5387
67.1200,477,1.5387
67.1242,478,1.5419
67.1285,479,1.5452
67.1327,480,1.5484
67.1370,482,1.5548
67.1413,482,1.5548
67.1455,483,1.5581
67.1498,483,1.5581
67.1540,484,1.5613
67.1583,484,1.5613
67.1625,484,1.5613
67.1669,485,1.5645
67.1712,487,1.5710
67.1755,488,1.5742
67.1798,489,1.5774
67.1841,489,1.5774
67.1884,488,1.5742
67.1927,489,1.5774
67.1970,489,1.5774
67.2013,490,1.5806
67.2056,491,1.5839
67.2099,491,1.5839
67.2142,490,1.5806
67.2185,491,1.5839
67.2229,492,1.5871
67.2272,492,1.5871
67.2315,492,1.5871
67.2359,494,1.5935
67.2402,494,1.5935
67.2445,493,1.5903
67.2489,494,1.5935
67.2532,495,1.5968
67.2575,499,1.6097
67.2619,507,1.6355
67.2662,517,1.6677
67.2705,527,1.7000
67.2749,538,1.7355
67.2793,549,1.7710
67.2836,557,1.7968
67.2879,566,1.8258
67.2922,577,1.8613
67.2966,586,1.8903
67.3009,591,1.9065
67.3053,598,1.9290
67.3097,605,1.9516
67.3140,609,1.9645
67.3184,613,1.9774
67.3227,615,1.9839
67.3270,616,1.9871
67.3313,616,1.9871
67.3356,614,1.9806
67.3399,611,1.9710
67.3442,607,1.9581
67.3485,602,1.9419
67.3528,594,1.9161
67.3570,588,1.8968
67.3614,580,1.8710
67.3657,570,1.8387
67.3700,562,1.8129
67.3742,553,1.7839
67.3785,545,1.7581
67.3829,534,1.7226
67.3872,523,1.6871
67.3914,512,1.6516
67.3957,501,1.6161
67.4000,492,1.5871
67.4043,481,1.5516
67.4086,472,1.5226
67.4129,463,1.4935
67.4173,459,1.4806
67.4216,460,1.4839
67.4260,460,1.4839
67.4303,463,1.4935
67.4346,465,1.5000
67.4390,467,1.5065
67.4433,467,1.5065
67.4476,468,1.5097
67.4520,469,1.5129
67.4563,470,1.5161
67.4606,471,1.5194
67.4650,471,1.5194
67.4693,472,1.5226
67.4736,473,1.5258
67.4780,474,1.5290
67.4823,474,1.5290
67.4867,475,1.5323
67.4910,475,1.5323
67.4953,477,1.5387
67.4997,476,1.5355
67.5040,477,1.5387
67.5084,478,1.5419
67.5127,479,1.5452
67.5170,481,1.5516
67.5213,482,1.5548
67.5256,483,1.5581
67.5299,483,1.5581
67.5342,485,1.5645
67.5385,485,1.5645
67.5428,484,1.5613
67.5471,483,1.5581
67.5514,485,1.5645
67.5557,485,1.5645
67.5600,486,1.5677
67.5643,487,1.5710
67.5686,487,1.5710
67.5729,488,1.5742
67.5772,488,1.5742
67.5815,489,1.5774
67.5858,488,1.5742
67.5901,490,1.5806
67.5944,491,1.5839
67.5987,492,1.5871
67.6029,493,1.5903
67.6073,494,1.5935
67.6116,494,1.5935
67.6159,494,1.5935
67.6203,495,1.5968
67.6252,495,1.5968
67.6297,495,1.5968
67.6341,496,1.6000
67.6384,497,1.6032
67.6428,497,1.6032
67.6471,497,1.6032
67.6514,497,1.6032
67.6558,498,1.6065
67.6601,498,1.6065
67.6644,498,1.6065
67.6688,499,1.6097
67.6731,500,1.6129
67.6775,501,1.6161
67.6818,501,1.6161
67.6861,502,1.6194
67.6905,502,1.6194
67.6948,502,1.6194
67.6992,502,1.6194
67.7035,503,1.6226
67.7079,503,1.6226
67.7123,503,1.6226
67.7166,503,1.6226
67.7210,505,1.6290
67.7252,504,1.6258
67.7296,504,1.6258
67.7338,505,1.6290
67.7381,506,1.6323
67.7425,506,1.6323
67.7468,505,1.6290
67.7511,505,1.6290
67.7554,506,1.6323
67.7597,507,1.6355
67.7639,507,1.6355
67.7683,508,1.6387
67.7726,508,1.6387
67.7769,508,1.6387
67.7812,508,1.6387
67.7858,508,1.6387
67.7902,508,1.6387
67.7945,509,1.6419
67.7988,509,1.6419
67.8031,508,1.6387
67.8074,509,1.6419
67.8117,510,1.6452
67.8160,511,1.6484
67.8203,512,1.6516
67.8246,513,1.6548
67.8289,512,1.6516
67.8332,514,1.6581
67.8375,514,1.6581
67.8418,514,1.6581
67.8461,513,1.6548
67.8504,514,1.6581
67.8547,514,1.6581
67.8589,515,1.6613
67.8632,514,1.6581
67.8675,515,1.6613
67.8719,514,1.6581
67.8762,515,1.6613
67.8805,514,1.6581
67.8847,515,1.6613
67.8890,514,1.6581
67.8934,514,1.6581
67.8977,514,1.6581
67.9019,515,1.6613
67.9062,514,1.6581
67.9105,513,1.6548
67.9148,514,1.6581
67.9196,513,1.6548
67.9254,515,1.6613
67.9298,516,1.6645
67.9343,517,1.6677
67.9386,517,1.6677
67.9429,517,1.6677
67.9472,517,1.6677
67.9516,516,1.6645
67.9559,517,1.6677
67.9602,517,1.6677
67.9646,518,1.6710
67.9689,519,1.6742
67.9733,518,1.6710
67.9776,518,1.6710
67.9820,518,1.6710
67.9863,519,1.6742
67.9906,520,1.6774
67.9950,519,1.6742
67.9993,519,1.6742
68.0036,519,1.6742
68.0080,519,1.6742
68.0123,520,1.6774
68.0167,520,1.6774
68.0210,521,1.6806
68.0253,521,1.6806
68.0296,520,1.6774
68.0339,518,1.6710
68.0382,518,1.6710
68.0425,519,1.6742
68.0468,520,1.6774
68.0511,522,1.6839
68.0554,522,1.6839
68.0597,522,1.6839
68.0640,522,1.6839
68.0682,523,1.6871
68.0726,522,1.6839
68.0769,521,1.6806
68.0812,520,1.6774
68.0855,520,1.6774
68.0898,520,1.6774
68.0941,522,1.6839
68.0984,524,1.6903
68.1027,523,1.6871
68.1070,521,1.6806
68.1113,521,1.6806
68.1156,522,1.6839
68.1199,520,1.6774
68.1243,520,1.6774
68.1286,519,1.6742
68.1330,521,1.6806
68.1373,520,1.6774
68.1417,521,1.6806
68.1460,521,1.6806
68.1503,521,1.6806
68.1546,523,1.6871
68.1590,522,1.6839
68.1633,522,1.6839
68.1676,522,1.6839
68.1720,522,1.6839
68.1763,522,1.6839
68.1807,522,1.6839
68.1850,522,1.6839
68.1894,522,1.6839
68.1937,522,1.6839
68.1980,522,1.6839
68.2024,521,1.6806
68.2067,520,1.6774
68.2110,521,1.6806
68.2154,520,1.6774
68.2197,522,1.6839
68.2240,522,1.6839
68.2283,523,1.6871
68.2326,522,1.6839
68.2369,523,1.6871
68.2412,523,1.6871
68.2455,522,1.6839
68.2498,522,1.6839
68.2541,522,1.6839
68.2584,523,1.6871
68.2627,520,1.6774
68.2670,521,1.6806
68.2713,521,1.6806
68.2756,522,1.6839
68.2799,521,1.6806
68.2842,521,1.6806
68.2885,521,1.6806
68.2928,521,1.6806
68.2971,522,1.6839
68.3014,522,1.6839
68.3057,522,1.6839
68.3100,522,1.6839
68.3143,523,1.6871
68.3186,523,1.6871
68.3230,522,1.6839
68.3273,523,1.6871
68.3316,522,1.6839
68.3359,522,1.6839
68.3403,523,1.6871
68.3446,524,1.6903
68.3490,524,1.6903
68.3533,523,1.6871
68.3576,522,1.6839
68.3620,522,1.6839
68.3663,526,1.6968
68.3706,533,1.7194
68.3750,544,1.7548
68.3793,557,1.7968
68.3837,567,1.8290
68.3880,575,1.8548
68.3923,581,1.8742
68.3966,587,1.8935
68.4010,590,1.9032
68.4053,590,1.9032
68.4096,587,1.8935
68.4140,580,1.8710
68.4183,571,1.8419
68.4227,563,1.8161
68.4271,551,1.7774
68.4314,541,1.7452
68.4357,531,1.7129
68.4400,518,1.6710
68.4443,512,1.6516
68.4485,508,1.6387
68.4528,508,1.6387
68.4571,510,1.6452
68.4614,511,1.6484
68.4657,509,1.6419
68.4700,509,1.6419
68.4743,510,1.6452
68.4786,510,1.6452
68.4829,511,1.6484
68.4872,512,1.6516
68.4915,512,1.6516
68.4958,513,1.6548
68.5001,512,1.6516
68.5044,511,1.6484
68.5087,512,1.6516
68.5130,512,1.6516
68.5173,512,1.6516
68.5216,511,1.6484
68.5261,507,1.6355
68.5306,493,1.5903
68.5350,470,1.5161
68.5393,450,1.4516
68.5437,461,1.4871
68.5481,521,1.6806
68.5524,625,2.0161
68.5567,755,2.4355
68.5610,891,2.8742
68.5654,976,3.1484
68.5697,964,3.1097
68.5741,869,2.8032
68.5784,731,2.3581
68.5827,586,1.8903
68.5871,483,1.5581
68.5914,434,1.4000
68.5957,420,1.3548
68.6001,431,1.3903
68.6044,452,1.4581
68.6088,468,1.5097
68.6131,475,1.5323
68.6174,478,1.5419
68.6217,477,1.5387
68.6261,477,1.5387
68.6304,476,1.5355
68.6347,477,1.5387
68.6390,479,1.5452
68.6432,480,1.5484
68.6475,481,1.5516
68.6518,482,1.5548
68.6561,483,1.5581
68.6604,482,1.5548
68.6647,484,1.5613
68.6690,485,1.5645
68.6733,486,1.5677
68.6777,486,1.5677
68.6820,487,1.5710
68.6863,488,1.5742
68.6906,488,1.5742
68.6949,489,1.5774
68.6992,489,1.5774
68.7034,489,1.5774
68.7077,489,1.5774
68.7120,489,1.5774
68.7163,490,1.5806
68.7206,489,1.5774
68.7249,489,1.5774
68.7293,491,1.5839
68.7336,492,1.5871
68.7379,493,1.5903
68.7423,494,1.5935
68.7466,493,1.5903
68.7510,493,1.5903
68.7553,494,1.5935
68.7596,495,1.5968
68.7640,495,1.5968
68.7683,497,1.6032
68.7727,501,1.6161
68.7770,508,1.6387
68.7814,517,1.6677
68.7857,527,1.7000
68.7900,537,1.7323
68.7944,548,1.7677
68.7987,559,1.8032
68.8030,567,1.8290
68.8074,575,1.8548
68.8117,585,1.8871
68.8160,593,1.9129
68.8204,600,1.9355
68.8254,606,1.9548
68.8298,610,1.9677
68.8342,613,1.9774
68.8385,616,1.9871
68.8428,617,1.9903
68.8471,616,1.9871
68.8514,612,1.9742
68.8557,610,1.9677
68.8600,605,1.9516
68.8643,601,1.9387
68.8686,594,1.9161
68.8729,589,1.9000
68.8772,579,1.8677
68.8815,570,1.8387
68.8858,560,1.8065
68.8901,550,1.7742
68.8944,541,1.7452
68.8987,529,1.7065
68.9030,518,1.6710
68.9073,508,1.6387
68.9116,497,1.6032
68.9159,488,1.5742
68.9202,477,1.5387
68.9245,471,1.5194
68.9288,470,1.5161
68.9331,469,1.5129
68.9374,464,1.4968
68.9417,462,1.4903
68.9460,461,1.4871
68.9503,461,1.4871
68.9546,463,1.4935
68.9589,465,1.5000
68.9632,467,1.5065
68.9675,467,1.5065
68.9718,468,1.5097
68.9761,468,1.5097
68.9804,469,1.5129
68.9847,469,1.5129
68.9890,471,1.5194
68.9933,472,1.5226
68.9976,473,1.5258
69.0019,472,1.5226
69.0062,473,1.5258
69.0105,475,1.5323
69.0148,476,1.5355
69.0191,478,1.5419
69.0234,477,1.5387
69.0277,478,1.5419
69.0321,478,1.5419
69.0364,479,1.5452
69.0408,480,1.5484
69.0451,481,1.5516
69.0494,482,1.5548
69.0537,482,1.5548
69.0581,484,1.5613
69.0624,483,1.5581
69.0667,484,1.5613
69.0711,483,1.5581
69.0754,486,1.5677
69.0798,487,1.5710
69.0841,487,1.5710
69.0885,487,1.5710
69.0928,489,1.5774
69.0971,489,1.5774
69.1015,490,1.5806
69.1058,491,1.5839
69.1101,492,1.5871
69.1145,493,1.5903
69.1188,493,1.5903
69.1232,493,1.5903
69.1275,494,1.5935
69.1318,495,1.5968
69.1361,495,1.5968
69.1404,495,1.5968
69.1447,496,1.6000
69.1490,497,1.6032
69.1533,497,1.6032
69.1576,498,1.6065
69.1619,498,1.6065
69.1662,498,1.6065
69.1704,499,1.6097
69.1747,499,1.6097
69.1791,499,1.6097
69.1834,500,1.6129
69.1877,501,1.6161
69.1920,501,1.6161
69.1963,502,1.6194
69.2006,501,1.6161
69.2049,502,1.6194
69.2092,501,1.6161
69.2135,503,1.6226
69.2178,503,1.6226
69.2221,503,1.6226
69.2264,505,1.6290
69.2308,505,1.6290
69.2351,506,1.6323
69.2394,506,1.6323
69.2438,507,1.6355
69.2481,507,1.6355
69.2525,507,1.6355
69.2568,508,1.6387
69.2612,508,1.6387
69.2655,508,1.6387
69.2698,508,1.6387
69.2742,509,1.6419
69.2785,509,1.6419
69.2829,509,1.6419
69.2872,509,1.6419
69.2916,510,1.6452
69.2959,511,1.6484
69.3002,511,1.6484
69.3046,511,1.6484
69.3089,511,1.6484
69.3132,511,1.6484
69.3176,511,1.6484
69.3219,511,1.6484
69.3262,512,1.6516
69.3306,511,1.6484
69.3348,512,1.6516
69.3391,511,1.6484
69.3434,512,1.6516
69.3477,512,1.6516
69.3520,514,1.6581
69.3563,515,1.6613
69.3606,515,1.6613
69.3649,515,1.6613
69.3692,515,1.6613
69.3735,515,1.6613
69.3778,516,1.6645
69.3821,516,1.6645
69.3864,517,1.6677
69.3907,517,1.6677
69.3950,516,1.6645
69.3993,516,1.6645
69.4036,515,1.6613
69.4079,516,1.6645
69.4122,516,1.6645
69.4165,517,1.6677
69.4208,516,1.6645
69.4257,516,1.6645
69.4302,517,1.6677
69.4345,517,1.6677
69.4388,516,1.6645
69.4431,517,1.6677
69.4474,517,1.6677
69.4517,516,1.6645
69.4560,517,1.6677
69.4603,518,1.6710
69.4646,518,1.6710
69.4689,519,1.6742
69.4732,519,1.6742
69.4775,519,1.6742
69.4818,519,1.6742
69.4861,519,1.6742
69.4904,519,1.6742
69.4947,520,1.6774
69.4990,520,1.6774
69.5033,519,1.6742
69.5076,518,1.6710
69.5119,519,1.6742
69.5162,519,1.6742
69.5205,520,1.6774
69.5248,520,1.6774
69.5291,521,1.6806
69.5334,520,1.6774
69.5377,519,1.6742
69.5421,519,1.6742
69.5464,518,1.6710
69.5507,519,1.6742
69.5550,520,1.6774
69.5597,520,1.6774
69.5640,519,1.6742
69.5684,519,1.6742
69.5727,519,1.6742
69.5770,519,1.6742
69.5813,520,1.6774
69.5856,522,1.6839
69.5900,520,1.6774
69.5943,520,1.6774
69.5986,520,1.6774
69.6028,521,1.6806
69.6071,519,1.6742
69.6114,519,1.6742
69.6157,518,1.6710
69.6200,520,1.6774
69.6243,521,1.6806
69.6286,520,1.6774
69.6330,521,1.6806
69.6373,521,1.6806
69.6417,521,1.6806
69.6460,520,1.6774
69.6503,520,1.6774
69.6547,521,1.6806
69.6590,521,1.6806
69.6633,522,1.6839
69.6677,522,1.6839
69.6720,521,1.6806
69.6763,522,1.6839
69.6807,523,1.6871
69.6850,522,1.6839
69.6893,522,1.6839
69.6937,521,1.6806
69.6980,520,1.6774
69.7024,522,1.6839
69.7067,521,1.6806
69.7110,522,1.6839
69.7154,522,1.6839
69.7197,520,1.6774
69.7242,519,1.6742
69.7287,520,1.6774
69.7343,521,1.6806
69.7386,522,1.6839
69.7429,521,1.6806
69.7472,521,1.6806
69.7515,520,1.6774
69.7559,521,1.6806
69.7602,522,1.6839
69.7645,521,1.6806
69.7688,521,1.6806
69.7731,521,1.6806
69.7776,520,1.6774
69.7819,520,1.6774
69.7862,520,1.6774
69.7905,520,1.6774
69.7948,521,1.6806
69.7992,521,1.6806
69.8035,520,1.6774
69.8077,521,1.6806
69.8126,520,1.6774
69.8169,521,1.6806
69.8212,521,1.6806
69.8255,522,1.6839
69.8298,522,1.6839
69.8347,522,1.6839
69.8391,521,1.6806
69.8434,521,1.6806
69.8477,521,1.6806
69.8520,523,1.6871
69.8563,523,1.6871
69.8606,523,1.6871
69.8649,523,1.6871
69.8692,522,1.6839
69.8741,523,1.6871
69.8785,523,1.6871
69.8828,524,1.6903
69.8871,527,1.7000
69.8914,535,1.7258
69.8957,546,1.7613
69.9001,558,1.8000
69.9044,568,1.8323
69.9087,575,1.8548
69.9130,581,1.8742
69.9173,588,1.8968
69.9216,590,1.9032
69.9259,589,1.9000
69.9302,585,1.8871
69.9345,578,1.8645
69.9389,569,1.8355
69.9432,561,1.8097
69.9475,551,1.7774
69.9518,539,1.7387
69.9562,526,1.6968
69.9605,517,1.6677
69.9648,511,1.6484
69.9691,508,1.6387
69.9734,507,1.6355
69.9777,508,1.6387
69.9820,508,1.6387
69.9864,508,1.6387
69.9907,508,1.6387
69.9950,510,1.6452
69.9993,510,1.6452
