time_s,adc_raw,voltage
0.0000,511,1.6484
0.0043,510,1.6452
0.0180,511,1.6484
0.0224,510,1.6452
0.0268,509,1.6419
0.0312,510,1.6452
0.0356,513,1.6548
0.0401,512,1.6516
0.0445,510,1.6452
0.0488,512,1.6516
0.0532,514,1.6581
0.0576,514,1.6581
0.0620,514,1.6581
0.0664,514,1.6581
0.0708,513,1.6548
0.0751,515,1.6613
0.0795,515,1.6613
0.0839,515,1.6613
0.0882,516,1.6645
0.0925,516,1.6645
0.0967,517,1.6677
0.1009,516,1.6645
0.1051,515,1.6613
0.1093,516,1.6645
0.1135,518,1.6710
0.1177,518,1.6710
0.1218,519,1.6742
0.1260,518,1.6710
0.1303,518,1.6710
0.1345,517,1.6677
0.1386,518,1.6710
0.1429,519,1.6742
0.1471,518,1.6710
0.1514,517,1.6677
0.1559,519,1.6742
0.1604,517,1.6677
0.1647,518,1.6710
0.1689,520,1.6774
0.1733,520,1.6774
0.1780,519,1.6742
0.1824,520,1.6774
0.1870,520,1.6774
0.1915,522,1.6839
0.1960,521,1.6806
0.2006,521,1.6806
0.2055,521,1.6806
0.2101,521,1.6806
0.2149,522,1.6839
0.2196,521,1.6806
0.2240,521,1.6806
0.2283,522,1.6839
0.2326,523,1.6871
0.2370,523,1.6871
0.2413,524,1.6903
0.2456,522,1.6839
0.2499,522,1.6839
0.2541,522,1.6839
0.2584,522,1.6839
0.2626,521,1.6806
0.2668,521,1.6806
0.2710,522,1.6839
0.2753,523,1.6871
0.2795,521,1.6806
0.2836,522,1.6839
0.2878,522,1.6839
0.2920,523,1.6871
0.2963,522,1.6839
0.3004,521,1.6806
0.3046,522,1.6839
0.3088,524,1.6903
0.3130,524,1.6903
0.3172,524,1.6903
0.3214,523,1.6871
0.3255,522,1.6839
0.3297,524,1.6903
0.3339,522,1.6839
0.3381,523,1.6871
0.3422,521,1.6806
0.3464,522,1.6839
0.3506,520,1.6774
0.3548,522,1.6839
0.3590,520,1.6774
0.3631,522,1.6839
0.3673,522,1.6839
0.3715,522,1.6839
0.3757,522,1.6839
0.3799,522,1.6839
0.3840,523,1.6871
0.3882,522,1.6839
0.3924,524,1.6903
0.3966,525,1.6935
0.4008,524,1.6903
0.4049,524,1.6903
0.4091,524,1.6903
0.4133,522,1.6839
0.4175,524,1.6903
0.4217,524,1.6903
0.4258,523,1.6871
0.4300,523,1.6871
0.4342,522,1.6839
0.4384,523,1.6871
0.4426,522,1.6839
0.4467,522,1.6839
0.4509,523,1.6871
0.4551,522,1.6839
0.4593,523,1.6871
0.4635,523,1.6871
0.4676,523,1.6871
0.4718,524,1.6903
0.4760,524,1.6903
0.4802,524,1.6903
0.4845,522,1.6839
0.4888,524,1.6903
0.4930,524,1.6903
0.4973,524,1.6903
0.5015,524,1.6903
0.5057,523,1.6871
0.5099,522,1.6839
0.5141,523,1.6871
0.5182,523,1.6871
0.5224,524,1.6903
0.5266,524,1.6903
0.5308,523,1.6871
0.5349,523,1.6871
0.5391,524,1.6903
0.5433,525,1.6935
0.5475,526,1.6968
0.5517,533,1.7194
0.5559,546,1.7613
0.5600,559,1.8032
0.5642,572,1.8452
0.5684,584,1.8839
0.5726,596,1.9226
0.5767,604,1.9484
0.5809,609,1.9645
0.5851,612,1.9742
0.5893,612,1.9742
0.5935,609,1.9645
0.5977,603,1.9452
0.6019,591,1.9065
0.6060,579,1.8677
0.6102,564,1.8194
0.6144,550,1.7742
0.6186,535,1.7258
0.6227,520,1.6774
0.6269,510,1.6452
0.6311,504,1.6258
0.6353,504,1.6258
0.6394,505,1.6290
0.6436,505,1.6290
0.6478,505,1.6290
0.6520,505,1.6290
0.6562,506,1.6323
0.6604,508,1.6387
0.6646,508,1.6387
0.6688,508,1.6387
0.6729,507,1.6355
0.6771,507,1.6355
0.6813,507,1.6355
0.6855,507,1.6355
0.6896,506,1.6323
0.6938,506,1.6323
0.6980,507,1.6355
0.7022,508,1.6387
0.7064,500,1.6129
0.7106,477,1.5387
0.7147,445,1.4355
0.7189,423,1.3645
0.7231,449,1.4484
0.7273,535,1.7258
0.7315,673,2.1710
0.7356,846,2.7290
0.7398,999,3.2226
0.7440,1002,3.2323
0.7482,1000,3.2258
0.7524,998,3.2194
0.7565,911,2.9387
0.7607,693,2.2355
0.7649,514,1.6581
0.7691,420,1.3548
0.7732,389,1.2548
0.7774,395,1.2742
0.7816,421,1.3581
0.7858,445,1.4355
0.7899,457,1.4742
0.7941,462,1.4903
0.7983,464,1.4968
0.8025,463,1.4935
0.8067,464,1.4968
0.8109,465,1.5000
0.8150,466,1.5032
0.8192,467,1.5065
0.8234,468,1.5097
0.8276,468,1.5097
0.8317,469,1.5129
0.8359,470,1.5161
0.8401,471,1.5194
0.8443,470,1.5161
0.8485,472,1.5226
0.8526,472,1.5226
0.8568,473,1.5258
0.8610,474,1.5290
0.8652,475,1.5323
0.8694,475,1.5323
0.8735,476,1.5355
0.8777,476,1.5355
0.8819,476,1.5355
0.8861,477,1.5387
0.8902,479,1.5452
0.8944,481,1.5516
0.8986,482,1.5548
0.9028,482,1.5548
0.9071,482,1.5548
0.9114,483,1.5581
0.9157,483,1.5581
0.9200,483,1.5581
0.9243,483,1.5581
0.9286,484,1.5613
0.9329,485,1.5645
0.9371,486,1.5677
0.9414,487,1.5710
0.9457,493,1.5903
0.9500,503,1.6226
0.9543,516,1.6645
0.9586,529,1.7065
0.9629,541,1.7452
0.9672,554,1.7871
0.9715,567,1.8290
0.9758,581,1.8742
0.9801,592,1.9097
0.9844,602,1.9419
0.9887,612,1.9742
0.9930,620,2.0000
0.9972,630,2.0323
1.0016,636,2.0516
1.0059,642,2.0710
1.0103,644,2.0774
1.0146,646,2.0839
1.0190,647,2.0871
1.0233,647,2.0871
1.0276,645,2.0806
1.0320,641,2.0677
1.0363,634,2.0452
1.0406,626,2.0194
1.0449,615,1.9839
1.0493,604,1.9484
1.0536,591,1.9065
1.0579,579,1.8677
1.0623,566,1.8258
1.0666,552,1.7806
1.0709,538,1.7355
1.0753,524,1.6903
1.0796,509,1.6419
1.0839,494,1.5935
1.0884,481,1.5516
1.0928,468,1.5097
1.0972,456,1.4710
1.1017,446,1.4387
1.1060,440,1.4194
1.1104,438,1.4129
1.1147,441,1.4226
1.1189,443,1.4290
1.1232,444,1.4323
1.1275,447,1.4419
1.1318,447,1.4419
1.1361,449,1.4484
1.1404,450,1.4516
1.1447,451,1.4548
1.1490,452,1.4581
1.1533,453,1.4613
1.1576,455,1.4677
1.1619,456,1.4710
1.1662,456,1.4710
1.1705,458,1.4774
1.1748,459,1.4806
1.1791,460,1.4839
1.1833,461,1.4871
1.1876,463,1.4935
1.1919,463,1.4935
1.1962,465,1.5000
1.2005,466,1.5032
1.2049,467,1.5065
1.2092,468,1.5097
1.2136,468,1.5097
1.2179,469,1.5129
1.2222,469,1.5129
1.2266,469,1.5129
1.2309,471,1.5194
1.2352,472,1.5226
1.2396,473,1.5258
1.2439,474,1.5290
1.2482,474,1.5290
1.2525,476,1.5355
1.2569,476,1.5355
1.2612,477,1.5387
1.2655,479,1.5452
1.2698,479,1.5452
1.2742,480,1.5484
1.2785,482,1.5548
1.2828,482,1.5548
1.2871,482,1.5548
1.2915,483,1.5581
1.2959,484,1.5613
1.3003,484,1.5613
1.3046,485,1.5645
1.3089,487,1.5710
1.3132,487,1.5710
1.3175,487,1.5710
1.3218,487,1.5710
1.3261,488,1.5742
1.3304,488,1.5742
1.3347,489,1.5774
1.3390,489,1.5774
1.3433,491,1.5839
1.3475,490,1.5806
1.3518,492,1.5871
1.3561,493,1.5903
1.3604,494,1.5935
1.3647,494,1.5935
1.3690,495,1.5968
1.3733,495,1.5968
1.3776,496,1.6000
1.3819,495,1.5968
1.3863,496,1.6000
1.3907,496,1.6000
1.3951,498,1.6065
1.3994,498,1.6065
1.4038,499,1.6097
1.4081,499,1.6097
1.4124,500,1.6129
1.4167,502,1.6194
1.4210,502,1.6194
1.4253,503,1.6226
1.4296,503,1.6226
1.4338,503,1.6226
1.4381,503,1.6226
1.4424,503,1.6226
1.4467,503,1.6226
1.4510,504,1.6258
1.4553,503,1.6226
1.4596,504,1.6258
1.4639,504,1.6258
1.4682,504,1.6258
1.4725,504,1.6258
1.4769,504,1.6258
1.4812,506,1.6323
1.4855,506,1.6323
1.4898,506,1.6323
1.4941,506,1.6323
1.4984,507,1.6355
1.5027,508,1.6387
1.5070,509,1.6419
1.5114,510,1.6452
1.5157,510,1.6452
1.5200,509,1.6419
1.5243,509,1.6419
1.5287,510,1.6452
1.5330,509,1.6419
1.5373,510,1.6452
1.5417,510,1.6452
1.5460,511,1.6484
1.5503,512,1.6516
1.5546,512,1.6516
1.5590,512,1.6516
1.5633,512,1.6516
1.5676,513,1.6548
1.5720,512,1.6516
1.5763,513,1.6548
1.5806,513,1.6548
1.5849,513,1.6548
1.5893,513,1.6548
1.5936,514,1.6581
1.5980,515,1.6613
1.6023,515,1.6613
1.6066,515,1.6613
1.6110,515,1.6613
1.6154,515,1.6613
1.6197,515,1.6613
1.6240,515,1.6613
1.6283,516,1.6645
1.6326,516,1.6645
1.6369,518,1.6710
1.6412,519,1.6742
1.6455,517,1.6677
1.6498,517,1.6677
1.6541,518,1.6710
1.6584,518,1.6710
1.6627,518,1.6710
1.6670,519,1.6742
1.6712,519,1.6742
1.6755,519,1.6742
1.6798,519,1.6742
1.6841,518,1.6710
1.6884,517,1.6677
1.6927,518,1.6710
1.6970,519,1.6742
1.7013,520,1.6774
1.7056,519,1.6742
1.7099,519,1.6742
1.7142,519,1.6742
1.7186,519,1.6742
1.7229,519,1.6742
1.7272,520,1.6774
1.7316,519,1.6742
1.7359,520,1.6774
1.7402,521,1.6806
1.7445,520,1.6774
1.7489,521,1.6806
1.7532,520,1.6774
1.7576,521,1.6806
1.7619,521,1.6806
1.7662,521,1.6806
1.7705,522,1.6839
1.7749,521,1.6806
1.7792,521,1.6806
1.7835,521,1.6806
1.7879,521,1.6806
1.7922,521,1.6806
1.7966,523,1.6871
1.8009,522,1.6839
1.8052,522,1.6839
1.8096,522,1.6839
1.8139,522,1.6839
1.8182,523,1.6871
1.8225,523,1.6871
1.8268,522,1.6839
1.8311,521,1.6806
1.8354,522,1.6839
1.8397,521,1.6806
1.8440,522,1.6839
1.8490,523,1.6871
1.8534,522,1.6839
1.8577,523,1.6871
1.8621,522,1.6839
1.8663,521,1.6806
1.8707,520,1.6774
1.8749,521,1.6806
1.8792,522,1.6839
1.8835,522,1.6839
1.8878,521,1.6806
1.8921,522,1.6839
1.8964,521,1.6806
1.9007,522,1.6839
1.9050,521,1.6806
1.9093,522,1.6839
1.9136,523,1.6871
1.9179,524,1.6903
1.9223,523,1.6871
1.9266,522,1.6839
1.9309,521,1.6806
1.9352,522,1.6839
1.9394,523,1.6871
1.9437,522,1.6839
1.9480,522,1.6839
1.9523,521,1.6806
1.9566,521,1.6806
1.9609,523,1.6871
1.9652,523,1.6871
1.9695,523,1.6871
1.9738,523,1.6871
1.9781,524,1.6903
1.9824,524,1.6903
1.9868,523,1.6871
1.9911,523,1.6871
1.9955,522,1.6839
1.9998,522,1.6839
2.0041,523,1.6871
2.0084,523,1.6871
2.0128,523,1.6871
2.0171,524,1.6903
2.0214,523,1.6871
2.0257,525,1.6935
2.0300,524,1.6903
2.0343,522,1.6839
2.0386,523,1.6871
2.0428,523,1.6871
2.0471,523,1.6871
2.0514,523,1.6871
2.0557,523,1.6871
2.0600,528,1.7032
2.0643,539,1.7387
2.0686,554,1.7871
2.0729,569,1.8355
2.0772,582,1.8774
2.0815,593,1.9129
2.0858,603,1.9452
2.0901,608,1.9613
2.0944,612,1.9742
2.0987,612,1.9742
2.1030,610,1.9677
2.1073,602,1.9419
2.1116,591,1.9065
2.1159,577,1.8613
2.1202,564,1.8194
2.1244,551,1.7774
2.1288,535,1.7258
2.1331,520,1.6774
2.1375,508,1.6387
2.1418,504,1.6258
2.1461,503,1.6226
2.1505,504,1.6258
2.1548,504,1.6258
2.1592,505,1.6290
2.1635,505,1.6290
2.1678,505,1.6290
2.1722,506,1.6323
2.1766,507,1.6355
2.1809,507,1.6355
2.1852,508,1.6387
2.1896,507,1.6355
2.1939,509,1.6419
2.1982,509,1.6419
2.2026,509,1.6419
2.2069,509,1.6419
2.2112,508,1.6387
2.2156,503,1.6226
2.2199,483,1.5581
2.2242,450,1.4516
2.2286,425,1.3710
2.2329,447,1.4419
2.2372,533,1.7194
2.2415,674,2.1742
2.2458,850,2.7419
2.2501,998,3.2194
2.2543,999,3.2226
2.2586,999,3.2226
2.2630,996,3.2129
2.2672,879,2.8355
2.2715,655,2.1129
2.2758,487,1.5710
2.2801,406,1.3097
2.2844,386,1.2452
2.2888,401,1.2935
2.2932,431,1.3903
2.2976,452,1.4581
2.3019,461,1.4871
2.3062,463,1.4935
2.3105,463,1.4935
2.3148,464,1.4968
2.3191,464,1.4968
2.3234,465,1.5000
2.3277,467,1.5065
2.3320,469,1.5129
2.3363,468,1.5097
2.3407,468,1.5097
2.3450,470,1.5161
2.3493,471,1.5194
2.3537,471,1.5194
2.3580,471,1.5194
2.3623,472,1.5226
2.3667,473,1.5258
2.3710,474,1.5290
2.3753,476,1.5355
2.3797,477,1.5387
2.3840,478,1.5419
2.3883,478,1.5419
2.3926,478,1.5419
2.3970,479,1.5452
2.4013,480,1.5484
2.4056,480,1.5484
2.4100,480,1.5484
2.4146,482,1.5548
2.4190,483,1.5581
2.4233,484,1.5613
2.4276,483,1.5581
2.4319,485,1.5645
2.4362,487,1.5710
2.4410,487,1.5710
2.4453,487,1.5710
2.4496,487,1.5710
2.4538,487,1.5710
2.4581,487,1.5710
2.4624,489,1.5774
2.4667,495,1.5968
2.4710,505,1.6290
2.4752,519,1.6742
2.4794,533,1.7194
2.4837,545,1.7581
2.4880,559,1.8032
2.4923,572,1.8452
2.4965,584,1.8839
2.5008,597,1.9258
2.5051,607,1.9581
2.5094,617,1.9903
2.5137,628,2.0258
2.5180,636,2.0516
2.5222,641,2.0677
2.5264,644,2.0774
2.5307,648,2.0903
2.5350,651,2.1000
2.5393,652,2.1032
2.5436,650,2.0968
2.5479,646,2.0839
2.5522,639,2.0613
2.5564,634,2.0452
2.5607,625,2.0161
2.5650,615,1.9839
2.5693,603,1.9452
2.5735,594,1.9161
2.5778,582,1.8774
2.5821,569,1.8355
2.5863,556,1.7935
2.5906,540,1.7419
2.5949,527,1.7000
2.5991,515,1.6613
2.6034,499,1.6097
2.6077,486,1.5677
2.6120,473,1.5258
2.6163,461,1.4871
2.6205,449,1.4484
2.6248,443,1.4290
2.6291,441,1.4226
2.6334,443,1.4290
2.6377,445,1.4355
2.6419,446,1.4387
2.6462,447,1.4419
2.6505,448,1.4452
2.6547,449,1.4484
2.6590,451,1.4548
2.6632,451,1.4548
2.6675,453,1.4613
2.6718,455,1.4677
2.6761,455,1.4677
2.6803,456,1.4710
2.6846,457,1.4742
2.6888,459,1.4806
2.6931,459,1.4806
2.6974,460,1.4839
2.7016,461,1.4871
2.7059,463,1.4935
2.7101,464,1.4968
2.7145,465,1.5000
2.7187,467,1.5065
2.7230,467,1.5065
2.7272,467,1.5065
2.7315,468,1.5097
2.7358,469,1.5129
2.7401,470,1.5161
2.7444,471,1.5194
2.7488,470,1.5161
2.7531,472,1.5226
2.7574,474,1.5290
2.7616,474,1.5290
2.7659,475,1.5323
2.7702,476,1.5355
2.7745,476,1.5355
2.7787,478,1.5419
2.7830,478,1.5419
2.7872,478,1.5419
2.7915,480,1.5484
2.7958,481,1.5516
2.8001,481,1.5516
2.8043,482,1.5548
2.8086,483,1.5581
2.8128,484,1.5613
2.8171,485,1.5645
2.8214,486,1.5677
2.8256,487,1.5710
2.8299,489,1.5774
2.8347,489,1.5774
2.8390,489,1.5774
2.8433,489,1.5774
2.8475,491,1.5839
2.8518,491,1.5839
2.8561,490,1.5806
2.8607,489,1.5774
2.8650,491,1.5839
2.8692,491,1.5839
2.8735,493,1.5903
2.8778,493,1.5903
2.8821,493,1.5903
2.8865,494,1.5935
2.8908,494,1.5935
2.8952,495,1.5968
2.8995,495,1.5968
2.9038,496,1.6000
2.9080,497,1.6032
2.9123,497,1.6032
2.9166,498,1.6065
2.9209,499,1.6097
2.9251,499,1.6097
2.9294,499,1.6097
2.9336,500,1.6129
2.9379,501,1.6161
2.9422,501,1.6161
2.9465,501,1.6161
2.9507,502,1.6194
2.9550,502,1.6194
2.9593,504,1.6258
2.9635,505,1.6290
2.9678,504,1.6258
2.9721,504,1.6258
2.9764,504,1.6258
2.9807,505,1.6290
2.9849,505,1.6290
2.9892,505,1.6290
2.9940,506,1.6323
2.9983,507,1.6355
3.0026,507,1.6355
3.0068,507,1.6355
3.0110,508,1.6387
3.0153,508,1.6387
3.0196,509,1.6419
3.0239,508,1.6387
3.0281,509,1.6419
3.0324,510,1.6452
3.0367,510,1.6452
3.0410,511,1.6484
3.0452,510,1.6452
3.0495,511,1.6484
3.0537,511,1.6484
3.0580,512,1.6516
3.0623,511,1.6484
3.0666,512,1.6516
3.0708,512,1.6516
3.0755,512,1.6516
3.0798,513,1.6548
3.0841,514,1.6581
3.0883,514,1.6581
3.0926,515,1.6613
3.0968,516,1.6645
3.1011,515,1.6613
3.1054,516,1.6645
3.1096,516,1.6645
3.1139,516,1.6645
3.1182,517,1.6677
3.1225,516,1.6645
3.1267,516,1.6645
3.1310,516,1.6645
3.1352,516,1.6645
3.1395,516,1.6645
3.1438,517,1.6677
3.1480,517,1.6677
3.1523,518,1.6710
3.1571,518,1.6710
3.1614,518,1.6710
3.1656,518,1.6710
3.1699,519,1.6742
3.1742,519,1.6742
3.1784,520,1.6774
3.1828,520,1.6774
3.1872,519,1.6742
3.1915,517,1.6677
3.1958,517,1.6677
3.2001,516,1.6645
3.2044,516,1.6645
3.2087,516,1.6645
3.2131,516,1.6645
3.2173,517,1.6677
3.2216,518,1.6710
3.2259,520,1.6774
3.2301,519,1.6742
3.2344,519,1.6742
3.2390,519,1.6742
3.2434,519,1.6742
3.2476,518,1.6710
3.2519,519,1.6742
3.2562,519,1.6742
3.2604,520,1.6774
3.2647,520,1.6774
3.2690,520,1.6774
3.2733,521,1.6806
3.2775,521,1.6806
3.2818,522,1.6839
3.2861,521,1.6806
3.2903,520,1.6774
3.2945,520,1.6774
3.2988,521,1.6806
3.3030,520,1.6774
3.3073,522,1.6839
3.3116,521,1.6806
3.3158,521,1.6806
3.3203,521,1.6806
3.3246,521,1.6806
3.3288,522,1.6839
3.3331,522,1.6839
3.3374,523,1.6871
3.3417,523,1.6871
3.3459,523,1.6871
3.3502,522,1.6839
3.3544,521,1.6806
3.3588,522,1.6839
3.3631,521,1.6806
3.3674,521,1.6806
3.3717,521,1.6806
3.3760,522,1.6839
3.3803,522,1.6839
3.3846,522,1.6839
3.3889,522,1.6839
3.3932,522,1.6839
3.3975,522,1.6839
3.4018,524,1.6903
3.4062,524,1.6903
3.4105,523,1.6871
3.4148,524,1.6903
3.4191,523,1.6871
3.4234,523,1.6871
3.4277,523,1.6871
3.4320,524,1.6903
3.4363,525,1.6935
3.4406,526,1.6968
3.4449,525,1.6935
3.4492,524,1.6903
3.4535,525,1.6935
3.4577,525,1.6935
3.4622,524,1.6903
3.4664,524,1.6903
3.4707,524,1.6903
3.4750,522,1.6839
3.4792,523,1.6871
3.4835,523,1.6871
3.4878,523,1.6871
3.4921,524,1.6903
3.4963,524,1.6903
3.5006,524,1.6903
3.5048,524,1.6903
3.5091,524,1.6903
3.5133,524,1.6903
3.5176,524,1.6903
3.5218,524,1.6903
3.5261,523,1.6871
3.5303,524,1.6903
3.5346,523,1.6871
3.5388,522,1.6839
3.5431,524,1.6903
3.5474,524,1.6903
3.5516,523,1.6871
3.5559,523,1.6871
3.5601,524,1.6903
3.5645,524,1.6903
3.5687,526,1.6968
3.5730,536,1.7290
3.5773,549,1.7710
3.5816,562,1.8129
3.5859,576,1.8581
3.5903,588,1.8968
3.5946,598,1.9290
3.5989,606,1.9548
3.6032,612,1.9742
3.6074,612,1.9742
3.6118,608,1.9613
3.6161,603,1.9452
3.6204,592,1.9097
3.6247,582,1.8774
3.6290,567,1.8290
3.6333,553,1.7839
3.6376,537,1.7323
3.6419,522,1.6839
3.6462,510,1.6452
3.6505,503,1.6226
3.6548,503,1.6226
3.6591,505,1.6290
3.6634,505,1.6290
3.6677,505,1.6290
3.6721,505,1.6290
3.6763,506,1.6323
3.6806,506,1.6323
3.6849,506,1.6323
3.6891,504,1.6258
3.6934,505,1.6290
3.6977,506,1.6323
3.7019,506,1.6323
3.7065,507,1.6355
3.7108,506,1.6323
3.7151,507,1.6355
3.7194,506,1.6323
3.7237,504,1.6258
3.7279,493,1.5903
3.7322,466,1.5032
3.7365,434,1.4000
3.7408,427,1.3774
3.7451,480,1.5484
3.7495,600,1.9355
3.7538,762,2.4581
3.7580,943,3.0419
3.7623,1000,3.2258
3.7667,1001,3.2290
3.7710,1000,3.2258
3.7753,960,3.0968
3.7796,759,2.4484
3.7839,550,1.7742
3.7883,431,1.3903
3.7926,389,1.2548
3.7970,392,1.2645
3.8013,418,1.3484
3.8055,443,1.4290
3.8098,457,1.4742
3.8141,462,1.4903
3.8184,464,1.4968
3.8227,464,1.4968
3.8269,465,1.5000
3.8315,466,1.5032
3.8358,468,1.5097
3.8400,468,1.5097
3.8443,469,1.5129
3.8486,470,1.5161
3.8528,472,1.5226
3.8571,472,1.5226
3.8614,472,1.5226
3.8656,472,1.5226
3.8699,471,1.5194
3.8742,473,1.5258
3.8785,475,1.5323
3.8827,476,1.5355
3.8870,476,1.5355
3.8912,476,1.5355
3.8955,477,1.5387
3.8998,477,1.5387
3.9040,477,1.5387
3.9083,477,1.5387
3.9125,478,1.5419
3.9174,480,1.5484
3.9218,481,1.5516
3.9261,483,1.5581
3.9304,483,1.5581
3.9346,482,1.5548
3.9389,484,1.5613
3.9432,484,1.5613
3.9474,484,1.5613
3.9517,485,1.5645
3.9560,486,1.5677
3.9603,487,1.5710
3.9645,490,1.5806
3.9688,499,1.6097
3.9731,512,1.6516
3.9774,523,1.6871
3.9817,537,1.7323
3.9860,551,1.7774
3.9903,564,1.8194
3.9946,577,1.8613
3.9990,589,1.9000
4.0033,600,1.9355
4.0076,610,1.9677
4.0119,620,2.0000
4.0162,630,2.0323
4.0206,637,2.0548
4.0248,642,2.0710
4.0292,645,2.0806
4.0335,647,2.0871
4.0378,649,2.0935
4.0423,649,2.0935
4.0466,645,2.0806
4.0509,640,2.0645
4.0551,633,2.0419
4.0595,626,2.0194
4.0638,616,1.9871
4.0682,607,1.9581
4.0724,594,1.9161
4.0767,583,1.8806
4.0811,572,1.8452
4.0854,558,1.8000
4.0898,543,1.7516
4.0942,528,1.7032
4.0985,514,1.6581
4.1028,499,1.6097
4.1071,484,1.5613
4.1113,473,1.5258
4.1156,461,1.4871
4.1198,457,1.4742
4.1241,455,1.4677
4.1284,452,1.4581
4.1326,447,1.4419
4.1369,443,1.4290
4.1411,443,1.4290
4.1454,443,1.4290
4.1497,444,1.4323
4.1539,446,1.4387
4.1582,448,1.4452
4.1625,449,1.4484
4.1668,452,1.4581
4.1711,453,1.4613
4.1753,454,1.4645
4.1796,455,1.4677
4.1839,454,1.4645
4.1881,455,1.4677
4.1924,457,1.4742
4.1966,458,1.4774
4.2009,461,1.4871
4.2051,461,1.4871
4.2094,462,1.4903
4.2136,464,1.4968
4.2179,466,1.5032
4.2222,466,1.5032
4.2265,467,1.5065
4.2308,467,1.5065
4.2351,469,1.5129
4.2394,470,1.5161
4.2437,471,1.5194
4.2480,471,1.5194
4.2523,471,1.5194
4.2566,472,1.5226
4.2609,474,1.5290
4.2652,474,1.5290
4.2696,476,1.5355
4.2740,477,1.5387
4.2783,478,1.5419
4.2826,478,1.5419
4.2870,478,1.5419
4.2913,481,1.5516
4.2957,482,1.5548
4.3000,482,1.5548
4.3043,483,1.5581
4.3087,483,1.5581
4.3130,483,1.5581
4.3173,483,1.5581
4.3217,485,1.5645
4.3260,484,1.5613
4.3304,484,1.5613
4.3347,486,1.5677
4.3390,488,1.5742
4.3434,489,1.5774
4.3477,489,1.5774
4.3521,490,1.5806
4.3564,491,1.5839
4.3607,491,1.5839
4.3651,491,1.5839
4.3694,492,1.5871
4.3739,493,1.5903
4.3782,493,1.5903
4.3825,494,1.5935
4.3868,494,1.5935
4.3911,495,1.5968
4.3954,495,1.5968
4.3997,496,1.6000
4.4040,495,1.5968
4.4083,496,1.6000
4.4126,496,1.6000
4.4169,497,1.6032
4.4212,499,1.6097
4.4255,498,1.6065
4.4298,499,1.6097
4.4341,500,1.6129
4.4384,501,1.6161
4.4427,502,1.6194
4.4470,501,1.6161
4.4513,502,1.6194
4.4556,502,1.6194
4.4599,502,1.6194
4.4642,502,1.6194
4.4685,503,1.6226
4.4728,503,1.6226
4.4771,505,1.6290
4.4814,505,1.6290
4.4857,505,1.6290
4.4900,505,1.6290
4.4943,505,1.6290
4.4986,506,1.6323
4.5029,507,1.6355
4.5072,507,1.6355
4.5115,507,1.6355
4.5158,508,1.6387
4.5201,509,1.6419
4.5244,508,1.6387
4.5287,509,1.6419
4.5330,509,1.6419
4.5373,510,1.6452
4.5416,510,1.6452
4.5459,511,1.6484
4.5502,512,1.6516
4.5545,512,1.6516
4.5588,511,1.6484
4.5631,512,1.6516
4.5674,511,1.6484
4.5718,511,1.6484
4.5761,512,1.6516
4.5804,513,1.6548
4.5847,514,1.6581
4.5890,513,1.6548
4.5933,514,1.6581
4.5976,513,1.6548
4.6019,513,1.6548
4.6062,514,1.6581
4.6106,515,1.6613
4.6149,515,1.6613
4.6192,514,1.6581
4.6235,515,1.6613
4.6278,515,1.6613
4.6321,515,1.6613
4.6364,516,1.6645
4.6407,515,1.6613
4.6450,515,1.6613
4.6493,515,1.6613
4.6536,515,1.6613
4.6579,516,1.6645
4.6622,515,1.6613
4.6665,516,1.6645
4.6708,517,1.6677
4.6751,517,1.6677
4.6794,518,1.6710
4.6838,519,1.6742
4.6882,518,1.6710
4.6929,518,1.6710
4.6973,518,1.6710
4.7016,519,1.6742
4.7059,518,1.6710
4.7102,517,1.6677
4.7145,519,1.6742
4.7188,520,1.6774
4.7231,520,1.6774
4.7274,521,1.6806
4.7317,520,1.6774
4.7360,520,1.6774
4.7403,520,1.6774
4.7446,520,1.6774
4.7489,520,1.6774
4.7532,520,1.6774
4.7575,522,1.6839
4.7618,521,1.6806
4.7661,521,1.6806
4.7704,520,1.6774
4.7748,521,1.6806
4.7791,520,1.6774
4.7834,521,1.6806
4.7877,520,1.6774
4.7920,520,1.6774
4.7964,520,1.6774
4.8007,520,1.6774
4.8050,521,1.6806
4.8093,521,1.6806
4.8136,522,1.6839
4.8179,523,1.6871
4.8222,522,1.6839
4.8265,521,1.6806
4.8308,521,1.6806
4.8351,521,1.6806
4.8394,521,1.6806
4.8437,522,1.6839
4.8480,522,1.6839
4.8523,523,1.6871
4.8566,523,1.6871
4.8609,523,1.6871
4.8652,522,1.6839
4.8695,523,1.6871
4.8738,523,1.6871
4.8782,523,1.6871
4.8825,522,1.6839
4.8868,522,1.6839
4.8911,522,1.6839
4.8954,522,1.6839
4.8997,524,1.6903
4.9040,525,1.6935
4.9083,525,1.6935
4.9126,523,1.6871
4.9170,523,1.6871
4.9213,523,1.6871
4.9256,523,1.6871
4.9299,523,1.6871
4.9342,524,1.6903
4.9385,524,1.6903
4.9428,524,1.6903
4.9471,525,1.6935
4.9513,525,1.6935
4.9556,525,1.6935
4.9600,525,1.6935
4.9642,526,1.6968
4.9685,524,1.6903
4.9728,524,1.6903
4.9771,524,1.6903
4.9815,524,1.6903
4.9859,523,1.6871
4.9903,523,1.6871
4.9949,524,1.6903
4.9993,524,1.6903
5.0036,524,1.6903
5.0080,524,1.6903
5.0125,524,1.6903
5.0170,525,1.6935
5.0215,524,1.6903
5.0260,525,1.6935
5.0305,524,1.6903
5.0349,524,1.6903
5.0393,524,1.6903
5.0436,524,1.6903
5.0479,524,1.6903
5.0522,523,1.6871
5.0565,525,1.6935
5.0608,523,1.6871
5.0651,524,1.6903
5.0694,524,1.6903
5.0737,524,1.6903
5.0780,525,1.6935
5.0823,526,1.6968
5.0866,533,1.7194
5.0909,545,1.7581
5.0952,559,1.8032
5.0995,572,1.8452
5.1038,586,1.8903
5.1081,595,1.9194
5.1124,606,1.9548
5.1167,611,1.9710
5.1210,612,1.9742
5.1253,612,1.9742
5.1296,605,1.9516
5.1339,596,1.9226
5.1382,586,1.8903
5.1425,572,1.8452
5.1468,558,1.8000
5.1511,543,1.7516
5.1554,527,1.7000
5.1597,514,1.6581
5.1640,506,1.6323
5.1683,503,1.6226
5.1726,503,1.6226
5.1769,504,1.6258
5.1812,505,1.6290
5.1855,505,1.6290
5.1898,505,1.6290
5.1941,506,1.6323
5.1984,507,1.6355
5.2027,507,1.6355
5.2070,505,1.6290
5.2113,505,1.6290
5.2156,507,1.6355
5.2199,507,1.6355
5.2242,507,1.6355
5.2285,506,1.6323
5.2328,506,1.6323
5.2371,507,1.6355
5.2414,499,1.6097
5.2457,477,1.5387
5.2500,445,1.4355
5.2543,425,1.3710
5.2586,453,1.4613
5.2629,546,1.7613
5.2672,695,2.2419
5.2715,873,2.8161
5.2758,999,3.2226
5.2801,1000,3.2258
5.2844,1000,3.2258
5.2887,994,3.2065
5.2930,847,2.7323
5.2973,623,2.0097
5.3016,469,1.5129
5.3059,400,1.2903
5.3102,385,1.2419
5.3145,403,1.3000
5.3188,432,1.3935
5.3231,452,1.4581
5.3274,459,1.4806
5.3317,461,1.4871
5.3360,463,1.4935
5.3403,463,1.4935
5.3446,463,1.4935
5.3489,464,1.4968
5.3532,465,1.5000
5.3575,465,1.5000
5.3618,467,1.5065
5.3661,468,1.5097
5.3704,469,1.5129
5.3747,470,1.5161
5.3790,470,1.5161
5.3833,471,1.5194
5.3876,471,1.5194
5.3919,472,1.5226
5.3962,474,1.5290
5.4005,475,1.5323
5.4048,476,1.5355
5.4091,477,1.5387
5.4134,477,1.5387
5.4177,478,1.5419
5.4220,478,1.5419
5.4263,477,1.5387
5.4307,478,1.5419
5.4350,479,1.5452
5.4393,480,1.5484
5.4436,481,1.5516
5.4479,481,1.5516
5.4522,483,1.5581
5.4565,482,1.5548
5.4608,484,1.5613
5.4651,486,1.5677
5.4694,485,1.5645
5.4737,485,1.5645
5.4780,487,1.5710
5.4823,488,1.5742
5.4866,494,1.5935
5.4909,506,1.6323
5.4952,519,1.6742
5.4995,532,1.7161
5.5038,545,1.7581
5.5081,558,1.8000
5.5124,572,1.8452
5.5167,583,1.8806
5.5210,597,1.9258
5.5253,608,1.9613
5.5297,617,1.9903
5.5340,625,2.0161
5.5382,633,2.0419
5.5424,639,2.0613
5.5467,643,2.0742
5.5510,646,2.0839
5.5553,650,2.0968
5.5595,650,2.0968
5.5642,649,2.0935
5.5686,643,2.0742
5.5729,636,2.0516
5.5772,630,2.0323
5.5815,623,2.0097
5.5859,613,1.9774
5.5905,603,1.9452
5.5949,590,1.9032
5.5993,577,1.8613
5.6036,563,1.8161
5.6080,547,1.7645
5.6123,533,1.7194
5.6166,519,1.6742
5.6209,506,1.6323
5.6252,493,1.5903
5.6295,479,1.5452
5.6338,467,1.5065
5.6381,456,1.4710
5.6424,445,1.4355
5.6467,440,1.4194
5.6510,439,1.4161
5.6553,441,1.4226
5.6596,444,1.4323
5.6639,444,1.4323
5.6682,445,1.4355
5.6725,446,1.4387
5.6768,448,1.4452
5.6811,451,1.4548
5.6854,451,1.4548
5.6897,451,1.4548
5.6944,453,1.4613
5.6987,454,1.4645
5.7030,456,1.4710
5.7073,457,1.4742
5.7116,458,1.4774
5.7159,459,1.4806
5.7202,460,1.4839
5.7245,461,1.4871
5.7288,463,1.4935
5.7331,464,1.4968
5.7374,464,1.4968
5.7417,465,1.5000
5.7460,466,1.5032
5.7503,468,1.5097
5.7546,468,1.5097
5.7589,470,1.5161
5.7632,470,1.5161
5.7675,473,1.5258
5.7718,473,1.5258
5.7761,473,1.5258
5.7804,475,1.5323
5.7848,475,1.5323
5.7891,477,1.5387
5.7934,478,1.5419
5.7977,479,1.5452
5.8021,479,1.5452
5.8064,480,1.5484
5.8107,481,1.5516
5.8149,483,1.5581
5.8193,484,1.5613
5.8235,483,1.5581
5.8278,483,1.5581
5.8322,484,1.5613
5.8365,485,1.5645
5.8408,484,1.5613
5.8451,486,1.5677
5.8494,486,1.5677
5.8537,488,1.5742
5.8580,489,1.5774
5.8623,490,1.5806
5.8666,491,1.5839
5.8709,492,1.5871
5.8752,492,1.5871
5.8795,492,1.5871
5.8838,494,1.5935
5.8891,493,1.5903
5.8935,494,1.5935
5.8979,494,1.5935
5.9022,496,1.6000
5.9065,495,1.5968
5.9108,496,1.6000
5.9151,495,1.5968
5.9194,496,1.6000
5.9237,496,1.6000
5.9280,496,1.6000
5.9323,496,1.6000
5.9366,497,1.6032
5.9409,498,1.6065
5.9452,498,1.6065
5.9495,499,1.6097
5.9538,499,1.6097
5.9581,500,1.6129
5.9624,501,1.6161
5.9667,503,1.6226
5.9710,502,1.6194
5.9753,502,1.6194
5.9796,503,1.6226
5.9839,502,1.6194
5.9882,504,1.6258
5.9925,505,1.6290
5.9968,506,1.6323
6.0012,506,1.6323
6.0055,507,1.6355
6.0098,506,1.6323
6.0141,506,1.6323
6.0184,506,1.6323
6.0227,508,1.6387
6.0270,509,1.6419
6.0313,508,1.6387
6.0356,508,1.6387
6.0399,509,1.6419
6.0442,509,1.6419
6.0485,510,1.6452
6.0528,510,1.6452
6.0571,511,1.6484
6.0614,512,1.6516
6.0657,512,1.6516
6.0700,511,1.6484
6.0743,512,1.6516
6.0786,512,1.6516
6.0829,513,1.6548
6.0872,513,1.6548
6.0915,512,1.6516
6.0958,512,1.6516
6.1001,511,1.6484
6.1044,513,1.6548
6.1087,512,1.6516
6.1130,513,1.6548
6.1173,514,1.6581
6.1217,514,1.6581
6.1260,515,1.6613
6.1303,515,1.6613
6.1346,515,1.6613
6.1389,516,1.6645
6.1432,516,1.6645
6.1475,517,1.6677
6.1518,517,1.6677
6.1561,516,1.6645
6.1604,517,1.6677
6.1647,516,1.6645
6.1690,517,1.6677
6.1733,517,1.6677
6.1775,517,1.6677
6.1818,518,1.6710
6.1861,518,1.6710
6.1905,517,1.6677
6.1948,517,1.6677
6.1991,517,1.6677
6.2034,518,1.6710
6.2077,517,1.6677
6.2119,517,1.6677
6.2162,518,1.6710
6.2205,520,1.6774
6.2248,520,1.6774
6.2290,519,1.6742
6.2335,519,1.6742
6.2378,519,1.6742
6.2421,520,1.6774
6.2464,519,1.6742
6.2506,519,1.6742
6.2549,519,1.6742
6.2591,520,1.6774
6.2634,520,1.6774
6.2677,518,1.6710
6.2720,519,1.6742
6.2762,521,1.6806
6.2807,522,1.6839
6.2850,520,1.6774
6.2893,521,1.6806
6.2935,520,1.6774
6.2978,520,1.6774
6.3021,521,1.6806
6.3064,520,1.6774
6.3106,521,1.6806
6.3149,520,1.6774
6.3192,520,1.6774
6.3234,520,1.6774
6.3277,520,1.6774
6.3320,519,1.6742
6.3363,520,1.6774
6.3406,520,1.6774
6.3448,523,1.6871
6.3491,523,1.6871
6.3534,523,1.6871
6.3577,523,1.6871
6.3623,522,1.6839
6.3666,523,1.6871
6.3708,523,1.6871
6.3751,523,1.6871
6.3794,522,1.6839
6.3837,524,1.6903
6.3880,524,1.6903
6.3923,524,1.6903
6.3965,523,1.6871
6.4008,523,1.6871
6.4050,523,1.6871
6.4093,524,1.6903
6.4136,524,1.6903
6.4178,524,1.6903
6.4221,524,1.6903
6.4264,524,1.6903
6.4307,523,1.6871
6.4349,522,1.6839
6.4392,523,1.6871
6.4436,522,1.6839
6.4479,522,1.6839
6.4523,523,1.6871
6.4565,524,1.6903
6.4608,523,1.6871
6.4651,523,1.6871
6.4694,524,1.6903
6.4738,524,1.6903
6.4781,523,1.6871
6.4827,523,1.6871
6.4895,523,1.6871
6.4939,522,1.6839
6.4983,524,1.6903
6.5026,523,1.6871
6.5069,524,1.6903
6.5112,526,1.6968
6.5155,524,1.6903
6.5198,525,1.6935
6.5241,524,1.6903
6.5284,524,1.6903
6.5327,524,1.6903
6.5370,525,1.6935
6.5413,526,1.6968
6.5456,525,1.6935
6.5499,526,1.6968
6.5542,524,1.6903
6.5585,525,1.6935
6.5628,524,1.6903
6.5671,523,1.6871
6.5714,524,1.6903
6.5757,525,1.6935
6.5800,525,1.6935
6.5843,524,1.6903
6.5886,524,1.6903
6.5930,526,1.6968
6.5973,533,1.7194
6.6016,545,1.7581
6.6059,560,1.8065
6.6102,573,1.8484
6.6145,588,1.8968
6.6188,598,1.9290
6.6230,606,1.9548
6.6273,612,1.9742
6.6316,614,1.9806
6.6359,613,1.9774
6.6402,608,1.9613
6.6445,596,1.9226
6.6488,586,1.8903
6.6531,571,1.8419
6.6574,557,1.7968
6.6617,541,1.7452
6.6660,527,1.7000
6.6703,513,1.6548
6.6746,505,1.6290
6.6789,504,1.6258
6.6832,502,1.6194
6.6875,502,1.6194
6.6918,503,1.6226
6.6962,503,1.6226
6.7005,504,1.6258
6.7048,504,1.6258
6.7092,504,1.6258
6.7135,504,1.6258
6.7179,505,1.6290
6.7222,505,1.6290
6.7266,505,1.6290
6.7309,506,1.6323
6.7352,507,1.6355
6.7396,508,1.6387
6.7439,508,1.6387
6.7483,508,1.6387
6.7526,500,1.6129
6.7569,477,1.5387
6.7613,444,1.4323
6.7656,424,1.3677
6.7699,457,1.4742
6.7742,554,1.7871
6.7786,706,2.2774
6.7839,934,3.0129
6.7887,999,3.2226
6.7934,1002,3.2323
6.7977,1000,3.2258
6.8021,937,3.0226
6.8063,727,2.3452
6.8106,532,1.7161
6.8149,424,1.3677
6.8192,387,1.2484
6.8234,392,1.2645
6.8277,419,1.3516
6.8320,444,1.4323
6.8363,457,1.4742
6.8406,461,1.4871
6.8449,463,1.4935
6.8492,464,1.4968
6.8534,465,1.5000
6.8577,465,1.5000
6.8620,467,1.5065
6.8663,467,1.5065
6.8706,469,1.5129
6.8748,470,1.5161
6.8791,471,1.5194
6.8834,471,1.5194
6.8877,471,1.5194
6.8920,472,1.5226
6.8965,473,1.5258
6.9008,473,1.5258
6.9051,475,1.5323
6.9094,476,1.5355
6.9136,475,1.5323
6.9179,476,1.5355
6.9222,477,1.5387
6.9265,478,1.5419
6.9308,478,1.5419
6.9350,479,1.5452
6.9393,479,1.5452
6.9437,479,1.5452
6.9480,480,1.5484
6.9523,482,1.5548
6.9566,483,1.5581
6.9608,483,1.5581
6.9652,484,1.5613
6.9695,483,1.5581
6.9737,483,1.5581
6.9780,485,1.5645
6.9823,487,1.5710
6.9866,487,1.5710
6.9910,490,1.5806
6.9954,500,1.6129
6.9997,513,1.6548
7.0040,527,1.7000
7.0083,539,1.7387
7.0126,553,1.7839
7.0169,565,1.8226
7.0211,578,1.8645
7.0254,591,1.9065
7.0297,601,1.9387
7.0340,611,1.9710
7.0383,621,2.0032
7.0426,630,2.0323
7.0469,636,2.0516
7.0512,641,2.0677
7.0555,644,2.0774
7.0598,646,2.0839
7.0641,648,2.0903
7.0684,648,2.0903
7.0727,645,2.0806
7.0770,638,2.0581
7.0813,632,2.0387
7.0856,626,2.0194
7.0899,617,1.9903
7.0942,606,1.9548
7.0985,593,1.9129
7.1028,582,1.8774
7.1072,568,1.8323
7.1115,555,1.7903
7.1157,542,1.7484
7.1200,527,1.7000
7.1243,513,1.6548
7.1286,500,1.6129
7.1329,486,1.5677
7.1372,473,1.5258
7.1415,462,1.4903
7.1458,455,1.4677
7.1501,447,1.4419
7.1544,441,1.4226
7.1587,439,1.4161
7.1630,439,1.4161
7.1673,442,1.4258
7.1716,443,1.4290
7.1759,445,1.4355
7.1802,447,1.4419
7.1845,448,1.4452
7.1888,448,1.4452
7.1931,450,1.4516
7.1974,451,1.4548
7.2017,452,1.4581
7.2060,454,1.4645
7.2103,454,1.4645
7.2146,455,1.4677
7.2189,457,1.4742
7.2232,458,1.4774
7.2275,457,1.4742
7.2318,458,1.4774
7.2361,460,1.4839
7.2404,461,1.4871
7.2447,463,1.4935
7.2490,463,1.4935
7.2533,464,1.4968
7.2576,466,1.5032
7.2619,467,1.5065
7.2662,468,1.5097
7.2705,468,1.5097
7.2748,469,1.5129
7.2791,471,1.5194
7.2834,471,1.5194
7.2877,472,1.5226
7.2920,472,1.5226
7.2965,473,1.5258
7.3008,474,1.5290
7.3052,475,1.5323
7.3095,477,1.5387
7.3139,477,1.5387
7.3182,479,1.5452
7.3225,479,1.5452
7.3268,481,1.5516
7.3312,481,1.5516
7.3355,482,1.5548
7.3399,482,1.5548
7.3442,482,1.5548
7.3485,483,1.5581
7.3529,485,1.5645
7.3572,487,1.5710
7.3615,487,1.5710
7.3659,487,1.5710
7.3702,487,1.5710
7.3745,487,1.5710
7.3789,490,1.5806
7.3842,491,1.5839
7.3889,491,1.5839
7.3933,491,1.5839
7.3984,491,1.5839
7.4027,493,1.5903
7.4069,493,1.5903
7.4112,493,1.5903
7.4155,494,1.5935
7.4198,495,1.5968
7.4240,496,1.6000
7.4283,496,1.6000
7.4329,499,1.6097
7.4373,497,1.6032
7.4416,497,1.6032
7.4458,498,1.6065
7.4506,498,1.6065
7.4550,500,1.6129
7.4592,501,1.6161
7.4634,501,1.6161
7.4677,502,1.6194
7.4720,503,1.6226
7.4763,503,1.6226
7.4805,503,1.6226
7.4848,503,1.6226
7.4891,504,1.6258
7.4933,505,1.6290
7.4976,505,1.6290
7.5019,507,1.6355
7.5062,506,1.6323
7.5104,507,1.6355
7.5147,507,1.6355
7.5190,508,1.6387
7.5233,509,1.6419
7.5275,508,1.6387
7.5318,507,1.6355
7.5361,507,1.6355
7.5404,508,1.6387
7.5446,508,1.6387
7.5489,509,1.6419
7.5534,509,1.6419
7.5577,511,1.6484
7.5619,512,1.6516
7.5662,511,1.6484
7.5705,510,1.6452
7.5747,510,1.6452
7.5790,511,1.6484
7.5833,509,1.6419
7.5876,510,1.6452
7.5919,511,1.6484
7.5961,512,1.6516
7.6005,512,1.6516
7.6047,512,1.6516
7.6090,513,1.6548
7.6133,514,1.6581
7.6175,514,1.6581
7.6219,514,1.6581
7.6261,514,1.6581
7.6304,513,1.6548
7.6346,514,1.6581
7.6395,515,1.6613
7.6438,515,1.6613
7.6481,516,1.6645
7.6524,515,1.6613
7.6567,517,1.6677
7.6610,517,1.6677
7.6652,517,1.6677
7.6695,518,1.6710
7.6737,518,1.6710
7.6780,518,1.6710
7.6823,519,1.6742
7.6871,518,1.6710
7.6915,518,1.6710
7.6959,519,1.6742
7.7003,517,1.6677
7.7046,518,1.6710
7.7089,518,1.6710
7.7132,519,1.6742
7.7177,520,1.6774
7.7222,520,1.6774
7.7265,520,1.6774
7.7308,520,1.6774
7.7351,520,1.6774
7.7394,521,1.6806
7.7437,520,1.6774
7.7480,521,1.6806
7.7524,522,1.6839
7.7567,521,1.6806
7.7610,521,1.6806
7.7653,520,1.6774
7.7696,522,1.6839
7.7739,522,1.6839
7.7782,522,1.6839
7.7825,523,1.6871
7.7868,522,1.6839
7.7911,523,1.6871
7.7954,522,1.6839
7.7997,521,1.6806
7.8041,522,1.6839
7.8084,523,1.6871
7.8127,522,1.6839
7.8169,522,1.6839
7.8212,522,1.6839
7.8256,523,1.6871
7.8299,524,1.6903
7.8342,524,1.6903
7.8384,524,1.6903
7.8427,525,1.6935
7.8471,524,1.6903
7.8514,524,1.6903
7.8557,525,1.6935
7.8600,524,1.6903
7.8648,524,1.6903
7.8691,524,1.6903
7.8734,524,1.6903
7.8776,523,1.6871
7.8819,524,1.6903
7.8863,524,1.6903
7.8906,523,1.6871
7.8949,524,1.6903
7.8991,523,1.6871
7.9035,525,1.6935
7.9078,523,1.6871
7.9121,523,1.6871
7.9164,523,1.6871
7.9207,522,1.6839
7.9249,522,1.6839
7.9292,522,1.6839
7.9335,523,1.6871
7.9377,524,1.6903
7.9422,524,1.6903
7.9465,524,1.6903
7.9507,523,1.6871
7.9550,522,1.6839
7.9592,522,1.6839
7.9635,522,1.6839
7.9678,522,1.6839
7.9721,523,1.6871
7.9763,523,1.6871
7.9806,523,1.6871
7.9848,523,1.6871
7.9891,523,1.6871
7.9934,523,1.6871
7.9976,522,1.6839
8.0019,522,1.6839
8.0062,522,1.6839
8.0105,523,1.6871
8.0148,523,1.6871
8.0191,524,1.6903
8.0234,524,1.6903
8.0277,524,1.6903
8.0321,524,1.6903
8.0364,524,1.6903
8.0407,525,1.6935
8.0450,524,1.6903
8.0493,524,1.6903
8.0536,522,1.6839
8.0579,523,1.6871
8.0622,524,1.6903
8.0665,524,1.6903
8.0708,524,1.6903
8.0751,524,1.6903
8.0794,525,1.6935
8.0837,525,1.6935
8.0880,524,1.6903
8.0923,525,1.6935
8.0966,526,1.6968
8.1009,526,1.6968
8.1052,532,1.7161
8.1097,541,1.7452
8.1140,555,1.7903
8.1183,568,1.8323
8.1227,580,1.8710
8.1270,592,1.9097
8.1313,602,1.9419
8.1357,609,1.9645
8.1400,613,1.9774
8.1443,613,1.9774
8.1487,608,1.9613
8.1530,599,1.9323
8.1574,588,1.8968
8.1617,576,1.8581
8.1660,562,1.8129
8.1704,546,1.7613
8.1748,532,1.7161
8.1791,518,1.6710
8.1834,507,1.6355
8.1878,503,1.6226
8.1922,503,1.6226
8.1965,504,1.6258
8.2009,505,1.6290
8.2052,506,1.6323
8.2095,506,1.6323
8.2138,506,1.6323
8.2181,507,1.6355
8.2224,507,1.6355
8.2267,506,1.6323
8.2310,507,1.6355
8.2353,507,1.6355
8.2396,507,1.6355
8.2439,508,1.6387
8.2482,507,1.6355
8.2526,507,1.6355
8.2569,508,1.6387
8.2612,504,1.6258
8.2655,488,1.5742
8.2697,455,1.4677
8.2741,427,1.3774
8.2784,437,1.4097
8.2827,512,1.6516
8.2893,737,2.3774
8.2938,922,2.9742
8.2981,1001,3.2290
8.3024,1001,3.2290
8.3068,999,3.2226
8.3110,974,3.1419
8.3153,785,2.5323
8.3196,574,1.8516
8.3238,445,1.4355
8.3281,393,1.2677
8.3324,388,1.2516
8.3367,411,1.3258
8.3409,439,1.4161
8.3452,456,1.4710
8.3494,462,1.4903
8.3537,463,1.4935
8.3581,463,1.4935
8.3623,464,1.4968
8.3666,465,1.5000
8.3717,465,1.5000
8.3760,467,1.5065
8.3802,468,1.5097
8.3845,469,1.5129
8.3887,469,1.5129
8.3930,470,1.5161
8.3973,471,1.5194
8.4016,472,1.5226
8.4059,473,1.5258
8.4102,474,1.5290
8.4144,475,1.5323
8.4187,476,1.5355
8.4230,477,1.5387
8.4273,478,1.5419
8.4316,479,1.5452
8.4358,481,1.5516
8.4401,482,1.5548
8.4444,481,1.5516
8.4486,482,1.5548
8.4529,482,1.5548
8.4581,482,1.5548
8.4623,482,1.5548
8.4666,482,1.5548
8.4708,483,1.5581
8.4751,484,1.5613
8.4794,483,1.5581
8.4837,485,1.5645
8.4879,485,1.5645
8.4922,485,1.5645
8.4965,486,1.5677
8.5008,490,1.5806
8.5051,499,1.6097
8.5094,511,1.6484
8.5136,524,1.6903
8.5179,538,1.7355
8.5223,550,1.7742
8.5265,563,1.8161
8.5308,575,1.8548
8.5351,587,1.8935
8.5400,602,1.9419
8.5443,611,1.9710
8.5486,622,2.0065
8.5528,629,2.0290
8.5571,636,2.0516
8.5614,642,2.0710
8.5657,644,2.0774
8.5699,649,2.0935
8.5742,650,2.0968
8.5785,648,2.0903
8.5832,645,2.0806
8.5875,641,2.0677
8.5920,634,2.0452
8.5964,624,2.0129
8.6008,615,1.9839
8.6051,605,1.9516
8.6094,594,1.9161
8.6137,582,1.8774
8.6182,568,1.8323
8.6225,553,1.7839
8.6268,539,1.7387
8.6311,524,1.6903
8.6354,510,1.6452
8.6397,497,1.6032
8.6440,484,1.5613
8.6483,472,1.5226
8.6526,460,1.4839
8.6569,448,1.4452
8.6612,440,1.4194
8.6656,438,1.4129
8.6699,440,1.4194
8.6742,441,1.4226
8.6785,444,1.4323
8.6828,445,1.4355
8.6871,447,1.4419
8.6914,447,1.4419
8.6957,447,1.4419
8.7000,449,1.4484
8.7044,450,1.4516
8.7087,451,1.4548
8.7130,453,1.4613
8.7173,454,1.4645
8.7216,454,1.4645
8.7260,455,1.4677
8.7303,457,1.4742
8.7345,458,1.4774
8.7388,459,1.4806
8.7431,461,1.4871
8.7474,462,1.4903
8.7517,462,1.4903
8.7560,464,1.4968
8.7604,465,1.5000
8.7647,466,1.5032
8.7690,466,1.5032
8.7733,467,1.5065
8.7776,470,1.5161
8.7819,470,1.5161
8.7862,471,1.5194
8.7905,470,1.5161
8.7948,471,1.5194
8.7991,473,1.5258
8.8034,475,1.5323
8.8077,476,1.5355
8.8121,478,1.5419
8.8164,477,1.5387
8.8206,478,1.5419
8.8249,479,1.5452
8.8293,480,1.5484
8.8336,480,1.5484
8.8379,480,1.5484
8.8422,481,1.5516
8.8470,483,1.5581
8.8513,484,1.5613
8.8556,484,1.5613
8.8599,484,1.5613
8.8642,486,1.5677
8.8686,487,1.5710
8.8728,487,1.5710
8.8771,488,1.5742
8.8814,488,1.5742
8.8857,488,1.5742
8.8901,489,1.5774
8.8943,489,1.5774
8.8986,490,1.5806
8.9029,490,1.5806
8.9072,491,1.5839
8.9116,492,1.5871
8.9159,493,1.5903
8.9202,494,1.5935
8.9245,494,1.5935
8.9288,495,1.5968
8.9331,495,1.5968
8.9374,495,1.5968
8.9417,496,1.6000
8.9460,496,1.6000
8.9503,497,1.6032
8.9546,497,1.6032
8.9589,498,1.6065
8.9632,499,1.6097
8.9675,499,1.6097
8.9718,500,1.6129
8.9761,500,1.6129
8.9804,501,1.6161
8.9847,500,1.6129
8.9890,501,1.6161
8.9933,502,1.6194
8.9976,502,1.6194
9.0019,503,1.6226
9.0062,504,1.6258
9.0106,504,1.6258
9.0149,504,1.6258
9.0192,505,1.6290
9.0235,506,1.6323
9.0277,507,1.6355
9.0323,508,1.6387
9.0365,507,1.6355
9.0408,507,1.6355
9.0451,507,1.6355
9.0494,508,1.6387
9.0538,508,1.6387
9.0581,509,1.6419
9.0624,509,1.6419
9.0672,509,1.6419
9.0715,510,1.6452
9.0758,510,1.6452
9.0801,511,1.6484
9.0844,512,1.6516
9.0887,512,1.6516
9.0930,511,1.6484
9.0973,511,1.6484
9.1016,513,1.6548
9.1059,512,1.6516
9.1102,512,1.6516
9.1145,512,1.6516
9.1188,513,1.6548
9.1231,512,1.6516
9.1274,513,1.6548
9.1317,513,1.6548
9.1360,514,1.6581
9.1403,513,1.6548
9.1446,513,1.6548
9.1489,513,1.6548
9.1532,514,1.6581
9.1575,514,1.6581
9.1618,513,1.6548
9.1661,514,1.6581
9.1704,515,1.6613
9.1748,516,1.6645
9.1791,517,1.6677
9.1834,517,1.6677
9.1877,518,1.6710
9.1923,517,1.6677
9.1967,517,1.6677
9.2010,518,1.6710
9.2053,517,1.6677
9.2096,518,1.6710
9.2145,518,1.6710
9.2188,517,1.6677
9.2231,517,1.6677
9.2274,518,1.6710
9.2317,517,1.6677
9.2360,520,1.6774
9.2403,519,1.6742
9.2446,520,1.6774
9.2489,521,1.6806
9.2532,521,1.6806
9.2575,521,1.6806
9.2618,521,1.6806
9.2661,520,1.6774
9.2704,519,1.6742
9.2747,518,1.6710
9.2791,519,1.6742
9.2834,521,1.6806
9.2877,520,1.6774
9.2921,520,1.6774
9.2964,521,1.6806
9.3011,522,1.6839
9.3054,522,1.6839
9.3101,521,1.6806
9.3145,522,1.6839
9.3188,522,1.6839
9.3231,521,1.6806
9.3274,523,1.6871
9.3317,523,1.6871
9.3360,521,1.6806
9.3403,522,1.6839
9.3446,523,1.6871
9.3489,523,1.6871
9.3533,522,1.6839
9.3576,521,1.6806
9.3619,522,1.6839
9.3662,522,1.6839
9.3705,522,1.6839
9.3748,522,1.6839
9.3791,523,1.6871
9.3834,523,1.6871
9.3877,523,1.6871
9.3921,522,1.6839
9.3964,522,1.6839
9.4007,522,1.6839
9.4050,522,1.6839
9.4093,521,1.6806
9.4136,522,1.6839
9.4180,522,1.6839
9.4223,523,1.6871
9.4266,524,1.6903
9.4309,524,1.6903
9.4352,524,1.6903
9.4395,525,1.6935
9.4438,524,1.6903
9.4481,524,1.6903
9.4524,523,1.6871
9.4567,523,1.6871
9.4610,523,1.6871
9.4654,523,1.6871
9.4697,522,1.6839
9.4739,522,1.6839
9.4783,524,1.6903
9.4826,524,1.6903
9.4869,524,1.6903
9.4914,524,1.6903
9.4964,525,1.6935
9.5007,525,1.6935
9.5050,524,1.6903
9.5094,525,1.6935
9.5137,525,1.6935
9.5180,524,1.6903
9.5223,524,1.6903
9.5266,524,1.6903
9.5309,525,1.6935
9.5352,525,1.6935
9.5395,525,1.6935
9.5438,526,1.6968
9.5481,525,1.6935
9.5524,525,1.6935
9.5567,524,1.6903
9.5610,524,1.6903
9.5653,524,1.6903
9.5696,525,1.6935
9.5739,524,1.6903
9.5782,523,1.6871
9.5826,522,1.6839
9.5869,525,1.6935
9.5912,525,1.6935
9.5955,525,1.6935
9.5998,524,1.6903
9.6041,525,1.6935
9.6084,534,1.7226
9.6127,546,1.7613
9.6170,560,1.8065
9.6213,576,1.8581
9.6257,589,1.9000
9.6300,597,1.9258
9.6343,606,1.9548
9.6385,613,1.9774
9.6428,613,1.9774
9.6472,613,1.9774
9.6515,606,1.9548
9.6557,597,1.9258
9.6600,585,1.8871
9.6644,571,1.8419
9.6687,556,1.7935
9.6730,542,1.7484
9.6773,527,1.7000
9.6816,513,1.6548
9.6859,506,1.6323
9.6902,503,1.6226
9.6945,504,1.6258
9.6988,504,1.6258
9.7031,506,1.6323
9.7074,505,1.6290
9.7117,507,1.6355
9.7160,506,1.6323
9.7205,505,1.6290
9.7247,505,1.6290
9.7290,506,1.6323
9.7333,507,1.6355
9.7375,507,1.6355
9.7418,507,1.6355
9.7461,507,1.6355
9.7503,505,1.6290
9.7546,506,1.6323
9.7588,506,1.6323
9.7631,498,1.6065
9.7673,474,1.5290
9.7716,442,1.4258
9.7759,424,1.3677
9.7802,460,1.4839
9.7845,558,1.8000
9.7888,708,2.2839
9.7930,887,2.8613
9.7973,998,3.2194
9.8016,1001,3.2290
9.8058,1000,3.2258
9.8101,993,3.2032
9.8144,838,2.7032
9.8187,614,1.9806
9.8230,464,1.4968
9.8273,398,1.2839
9.8316,385,1.2419
9.8359,404,1.3032
9.8402,433,1.3968
9.8445,453,1.4613
9.8488,460,1.4839
9.8531,461,1.4871
9.8574,462,1.4903
9.8617,463,1.4935
9.8660,464,1.4968
9.8703,464,1.4968
9.8746,465,1.5000
9.8789,467,1.5065
9.8832,467,1.5065
9.8875,468,1.5097
9.8918,469,1.5129
9.8961,471,1.5194
9.9004,471,1.5194
9.9047,473,1.5258
9.9090,473,1.5258
9.9133,473,1.5258
9.9176,473,1.5258
9.9219,475,1.5323
9.9262,475,1.5323
9.9305,476,1.5355
9.9348,477,1.5387
9.9391,479,1.5452
9.9434,480,1.5484
9.9477,481,1.5516
9.9520,481,1.5516
9.9562,481,1.5516
9.9605,482,1.5548
9.9648,482,1.5548
9.9691,483,1.5581
9.9734,484,1.5613
9.9777,485,1.5645
9.9820,485,1.5645
9.9863,487,1.5710
9.9906,488,1.5742
9.9948,488,1.5742
9.9991,490,1.5806
10.0034,496,1.6000
10.0080,508,1.6387
10.0125,521,1.6806
10.0170,536,1.7290
10.0215,550,1.7742
10.0260,564,1.8194
10.0306,578,1.8645
10.0350,590,1.9032
10.0394,602,1.9419
10.0438,614,1.9806
10.0483,623,2.0097
10.0526,630,2.0323
10.0569,636,2.0516
10.0612,643,2.0742
10.0657,646,2.0839
10.0700,648,2.0903
10.0744,651,2.1000
10.0787,649,2.0935
10.0829,648,2.0903
10.0873,642,2.0710
10.0918,635,2.0484
10.0962,627,2.0226
10.1006,616,1.9871
10.1048,607,1.9581
10.1091,596,1.9226
10.1135,583,1.8806
10.1178,570,1.8387
10.1222,558,1.8000
10.1265,544,1.7548
10.1308,529,1.7065
10.1351,515,1.6613
10.1394,501,1.6161
10.1437,486,1.5677
10.1480,473,1.5258
10.1523,459,1.4806
10.1566,447,1.4419
10.1609,440,1.4194
10.1652,440,1.4194
10.1695,441,1.4226
10.1738,442,1.4258
10.1782,443,1.4290
10.1825,444,1.4323
10.1868,445,1.4355
10.1911,445,1.4355
10.1954,447,1.4419
10.1997,449,1.4484
10.2040,451,1.4548
10.2083,452,1.4581
10.2130,452,1.4581
10.2173,454,1.4645
10.2217,455,1.4677
10.2260,456,1.4710
10.2302,458,1.4774
10.2345,458,1.4774
10.2389,459,1.4806
10.2432,460,1.4839
10.2475,462,1.4903
10.2517,464,1.4968
10.2560,465,1.5000
10.2604,466,1.5032
10.2647,466,1.5032
10.2690,467,1.5065
10.2733,468,1.5097
10.2776,469,1.5129
10.2819,472,1.5226
10.2862,472,1.5226
10.2905,473,1.5258
10.2951,475,1.5323
10.2995,475,1.5323
10.3037,475,1.5323
10.3080,476,1.5355
10.3123,477,1.5387
10.3167,478,1.5419
10.3210,479,1.5452
10.3254,479,1.5452
10.3296,479,1.5452
10.3339,480,1.5484
10.3382,480,1.5484
10.3426,481,1.5516
10.3469,483,1.5581
10.3512,484,1.5613
10.3554,485,1.5645
10.3597,486,1.5677
10.3641,486,1.5677
10.3684,486,1.5677
10.3727,488,1.5742
10.3770,489,1.5774
10.3813,489,1.5774
10.3857,490,1.5806
10.3901,489,1.5774
10.3945,491,1.5839
10.3989,491,1.5839
10.4032,493,1.5903
10.4076,494,1.5935
10.4119,494,1.5935
10.4162,494,1.5935
10.4205,495,1.5968
10.4248,495,1.5968
10.4291,495,1.5968
10.4334,495,1.5968
10.4377,496,1.6000
10.4425,498,1.6065
10.4469,498,1.6065
10.4512,498,1.6065
10.4555,499,1.6097
10.4598,498,1.6065
10.4641,500,1.6129
10.4684,499,1.6097
10.4731,499,1.6097
10.4774,500,1.6129
10.4817,501,1.6161
10.4860,502,1.6194
10.4903,502,1.6194
10.4946,503,1.6226
10.4989,502,1.6194
10.5032,504,1.6258
10.5075,505,1.6290
10.5118,505,1.6290
10.5161,505,1.6290
10.5204,506,1.6323
10.5248,506,1.6323
10.5291,506,1.6323
10.5333,506,1.6323
10.5376,505,1.6290
10.5419,506,1.6323
10.5463,507,1.6355
10.5506,507,1.6355
10.5548,508,1.6387
10.5591,508,1.6387
10.5634,508,1.6387
10.5677,508,1.6387
10.5721,508,1.6387
10.5764,509,1.6419
10.5807,509,1.6419
10.5855,509,1.6419
10.5898,510,1.6452
10.5941,511,1.6484
10.5984,511,1.6484
10.6027,511,1.6484
10.6070,511,1.6484
10.6113,511,1.6484
10.6156,511,1.6484
10.6200,512,1.6516
10.6243,513,1.6548
10.6286,514,1.6581
10.6329,514,1.6581
10.6372,514,1.6581
10.6415,515,1.6613
10.6458,515,1.6613
10.6501,515,1.6613
10.6544,513,1.6548
10.6587,513,1.6548
10.6630,515,1.6613
10.6673,516,1.6645
10.6716,516,1.6645
10.6760,516,1.6645
10.6803,515,1.6613
10.6846,516,1.6645
10.6889,516,1.6645
10.6932,517,1.6677
10.6975,517,1.6677
10.7018,517,1.6677
10.7061,518,1.6710
10.7104,517,1.6677
10.7147,517,1.6677
10.7190,517,1.6677
10.7233,518,1.6710
10.7276,518,1.6710
10.7319,519,1.6742
10.7362,518,1.6710
10.7405,518,1.6710
10.7448,520,1.6774
10.7491,519,1.6742
10.7534,519,1.6742
10.7577,519,1.6742
10.7620,519,1.6742
10.7663,519,1.6742
10.7707,519,1.6742
10.7750,519,1.6742
10.7792,519,1.6742
10.7835,520,1.6774
10.7878,520,1.6774
10.7921,520,1.6774
10.7964,521,1.6806
10.8006,520,1.6774
10.8049,521,1.6806
10.8092,521,1.6806
10.8134,522,1.6839
10.8177,522,1.6839
10.8219,522,1.6839
10.8262,523,1.6871
10.8305,521,1.6806
10.8347,521,1.6806
10.8390,521,1.6806
10.8432,520,1.6774
10.8475,521,1.6806
10.8518,521,1.6806
10.8560,519,1.6742
10.8603,520,1.6774
10.8645,521,1.6806
10.8688,521,1.6806
10.8730,520,1.6774
10.8773,521,1.6806
10.8815,520,1.6774
10.8858,521,1.6806
10.8901,522,1.6839
10.8943,522,1.6839
10.8986,521,1.6806
10.9029,522,1.6839
10.9071,523,1.6871
10.9114,523,1.6871
10.9157,523,1.6871
10.9199,523,1.6871
10.9242,522,1.6839
10.9285,523,1.6871
10.9328,524,1.6903
10.9371,524,1.6903
10.9414,523,1.6871
10.9457,524,1.6903
10.9500,524,1.6903
10.9543,523,1.6871
10.9586,523,1.6871
10.9629,523,1.6871
10.9672,523,1.6871
10.9715,523,1.6871
10.9758,523,1.6871
10.9801,523,1.6871
10.9844,522,1.6839
10.9888,523,1.6871
10.9940,522,1.6839
10.9984,523,1.6871
11.0027,524,1.6903
11.0070,523,1.6871
11.0113,523,1.6871
11.0156,524,1.6903
11.0199,524,1.6903
11.0243,524,1.6903
11.0286,524,1.6903
11.0328,524,1.6903
11.0371,524,1.6903
11.0414,524,1.6903
11.0456,523,1.6871
11.0499,523,1.6871
11.0542,523,1.6871
11.0584,524,1.6903
11.0627,524,1.6903
11.0669,523,1.6871
11.0712,524,1.6903
11.0754,523,1.6871
11.0797,523,1.6871
11.0840,523,1.6871
11.0882,523,1.6871
11.0925,524,1.6903
11.0967,524,1.6903
11.1010,523,1.6871
11.1088,536,1.7290
11.1132,549,1.7710
11.1175,562,1.8129
11.1217,576,1.8581
11.1260,587,1.8935
11.1303,597,1.9258
11.1346,604,1.9484
11.1389,610,1.9677
11.1432,612,1.9742
11.1475,613,1.9774
11.1518,607,1.9581
11.1561,600,1.9355
11.1604,592,1.9097
11.1647,584,1.8839
11.1690,571,1.8419
11.1733,558,1.8000
11.1777,542,1.7484
11.1820,526,1.6968
11.1863,513,1.6548
11.1905,504,1.6258
11.1949,502,1.6194
11.1991,502,1.6194
11.2034,502,1.6194
11.2077,503,1.6226
11.2120,504,1.6258
11.2163,504,1.6258
11.2206,504,1.6258
11.2249,505,1.6290
11.2292,505,1.6290
11.2335,505,1.6290
11.2378,505,1.6290
11.2421,506,1.6323
11.2464,506,1.6323
11.2507,507,1.6355
11.2550,507,1.6355
11.2594,508,1.6387
11.2637,508,1.6387
11.2680,500,1.6129
11.2723,477,1.5387
11.2766,443,1.4290
11.2809,424,1.3677
11.2853,462,1.4903
11.2898,567,1.8290
11.2942,725,2.3387
11.2986,909,2.9323
11.3030,1000,3.2258
11.3072,1001,3.2290
11.3116,1000,3.2258
11.3158,983,3.1710
11.3201,801,2.5839
11.3246,577,1.8613
11.3290,443,1.4290
11.3333,391,1.2613
11.3375,388,1.2516
11.3418,412,1.3290
11.3461,440,1.4194
11.3504,456,1.4710
11.3546,462,1.4903
11.3590,463,1.4935
11.3633,463,1.4935
11.3675,463,1.4935
11.3718,463,1.4935
11.3763,464,1.4968
11.3806,465,1.5000
11.3849,466,1.5032
11.3892,468,1.5097
11.3935,469,1.5129
11.3977,469,1.5129
11.4020,469,1.5129
11.4063,470,1.5161
11.4106,471,1.5194
11.4148,472,1.5226
11.4190,473,1.5258
11.4233,473,1.5258
11.4276,474,1.5290
11.4319,476,1.5355
11.4362,477,1.5387
11.4411,477,1.5387
11.4453,477,1.5387
11.4496,478,1.5419
11.4538,479,1.5452
11.4581,480,1.5484
11.4624,481,1.5516
11.4667,481,1.5516
11.4709,482,1.5548
11.4752,482,1.5548
11.4795,484,1.5613
11.4839,485,1.5645
11.4882,485,1.5645
11.4924,485,1.5645
11.4967,484,1.5613
11.5009,484,1.5613
11.5052,488,1.5742
11.5095,495,1.5968
11.5137,507,1.6355
11.5180,520,1.6774
11.5222,534,1.7226
11.5266,549,1.7710
11.5309,562,1.8129
11.5352,576,1.8581
11.5394,587,1.8935
11.5438,597,1.9258
11.5481,608,1.9613
11.5523,618,1.9935
11.5566,624,2.0129
11.5608,633,2.0419
11.5651,639,2.0613
11.5694,644,2.0774
11.5737,648,2.0903
11.5780,649,2.0935
11.5823,650,2.0968
11.5866,648,2.0903
11.5909,641,2.0677
11.5952,636,2.0516
11.5995,627,2.0226
11.6037,621,2.0032
11.6080,611,1.9710
11.6122,600,1.9355
11.6165,588,1.8968
11.6208,575,1.8548
11.6251,562,1.8129
11.6293,548,1.7677
11.6336,535,1.7258
11.6380,521,1.6806
11.6422,507,1.6355
11.6465,492,1.5871
11.6508,478,1.5419
11.6550,465,1.5000
11.6593,454,1.4645
11.6636,443,1.4290
11.6679,440,1.4194
11.6721,439,1.4161
11.6764,441,1.4226
11.6807,444,1.4323
11.6849,445,1.4355
11.6892,446,1.4387
11.6935,447,1.4419
11.6978,447,1.4419
11.7021,448,1.4452
11.7064,450,1.4516
11.7106,451,1.4548
11.7149,453,1.4613
11.7192,454,1.4645
11.7235,455,1.4677
11.7277,456,1.4710
11.7320,457,1.4742
11.7363,456,1.4710
11.7406,459,1.4806
11.7449,461,1.4871
11.7491,462,1.4903
11.7534,462,1.4903
11.7577,462,1.4903
11.7620,463,1.4935
11.7662,464,1.4968
11.7706,465,1.5000
11.7748,467,1.5065
11.7792,469,1.5129
11.7834,469,1.5129
11.7877,471,1.5194
11.7921,471,1.5194
11.7964,473,1.5258
11.8007,473,1.5258
11.8050,475,1.5323
11.8093,476,1.5355
11.8136,476,1.5355
11.8179,476,1.5355
11.8222,478,1.5419
11.8264,478,1.5419
11.8307,479,1.5452
11.8350,480,1.5484
11.8393,481,1.5516
11.8436,482,1.5548
11.8479,483,1.5581
11.8522,483,1.5581
11.8565,483,1.5581
11.8608,483,1.5581
11.8651,485,1.5645
11.8694,485,1.5645
11.8737,486,1.5677
11.8780,485,1.5645
11.8822,486,1.5677
11.8866,486,1.5677
11.8920,488,1.5742
11.8965,489,1.5774
11.9009,491,1.5839
11.9052,492,1.5871
11.9095,493,1.5903
11.9138,494,1.5935
11.9181,494,1.5935
11.9224,493,1.5903
11.9267,494,1.5935
11.9310,494,1.5935
11.9353,494,1.5935
11.9396,493,1.5903
11.9439,495,1.5968
11.9482,497,1.6032
11.9525,498,1.6065
11.9567,498,1.6065
11.9610,497,1.6032
11.9653,498,1.6065
11.9695,498,1.6065
11.9738,498,1.6065
11.9781,498,1.6065
11.9823,498,1.6065
11.9866,500,1.6129
11.9909,500,1.6129
11.9952,500,1.6129
11.9994,501,1.6161
12.0037,501,1.6161
12.0080,502,1.6194
12.0122,503,1.6226
12.0165,504,1.6258
12.0208,503,1.6226
12.0250,504,1.6258
12.0293,504,1.6258
12.0336,505,1.6290
12.0379,505,1.6290
12.0422,506,1.6323
12.0465,507,1.6355
12.0508,508,1.6387
12.0551,507,1.6355
12.0594,508,1.6387
12.0637,508,1.6387
12.0680,508,1.6387
12.0723,509,1.6419
12.0766,509,1.6419
12.0809,509,1.6419
12.0852,511,1.6484
12.0895,510,1.6452
12.0938,511,1.6484
12.0981,510,1.6452
12.1024,510,1.6452
12.1067,511,1.6484
12.1110,512,1.6516
12.1153,512,1.6516
12.1196,511,1.6484
12.1239,513,1.6548
12.1282,513,1.6548
12.1325,514,1.6581
12.1368,513,1.6548
12.1411,514,1.6581
12.1454,515,1.6613
12.1497,516,1.6645
12.1539,516,1.6645
12.1582,514,1.6581
12.1626,515,1.6613
12.1669,514,1.6581
12.1712,514,1.6581
12.1754,515,1.6613
12.1797,515,1.6613
12.1840,514,1.6581
12.1884,517,1.6677
12.1969,517,1.6677
12.2013,517,1.6677
12.2056,518,1.6710
12.2099,518,1.6710
12.2142,517,1.6677
12.2185,517,1.6677
12.2228,516,1.6645
12.2271,518,1.6710
12.2313,517,1.6677
12.2356,518,1.6710
12.2399,519,1.6742
12.2442,519,1.6742
12.2485,519,1.6742
12.2527,519,1.6742
12.2570,519,1.6742
12.2612,518,1.6710
12.2655,520,1.6774
12.2698,520,1.6774
12.2740,520,1.6774
12.2783,520,1.6774
12.2825,521,1.6806
12.2868,520,1.6774
12.2911,520,1.6774
12.2954,519,1.6742
12.2997,520,1.6774
12.3039,520,1.6774
12.3082,521,1.6806
12.3124,521,1.6806
12.3167,522,1.6839
12.3210,521,1.6806
12.3252,521,1.6806
12.3295,521,1.6806
12.3337,521,1.6806
12.3380,521,1.6806
12.3423,521,1.6806
12.3466,521,1.6806
12.3509,521,1.6806
12.3552,523,1.6871
12.3595,522,1.6839
12.3638,523,1.6871
12.3681,523,1.6871
12.3724,523,1.6871
12.3767,524,1.6903
12.3810,524,1.6903
12.3853,523,1.6871
12.3896,523,1.6871
12.3939,522,1.6839
12.3983,522,1.6839
12.4026,522,1.6839
12.4069,524,1.6903
12.4112,522,1.6839
12.4155,523,1.6871
12.4198,523,1.6871
12.4240,522,1.6839
12.4283,523,1.6871
12.4326,523,1.6871
12.4370,523,1.6871
12.4413,523,1.6871
12.4456,522,1.6839
12.4499,523,1.6871
12.4542,523,1.6871
12.4585,524,1.6903
12.4627,523,1.6871
12.4670,523,1.6871
12.4713,523,1.6871
12.4756,522,1.6839
12.4799,523,1.6871
12.4843,523,1.6871
12.4886,522,1.6839
12.4929,521,1.6806
12.4972,523,1.6871
12.5015,523,1.6871
12.5058,523,1.6871
12.5101,523,1.6871
12.5144,523,1.6871
12.5187,522,1.6839
12.5230,523,1.6871
12.5272,524,1.6903
12.5316,524,1.6903
12.5358,523,1.6871
12.5401,522,1.6839
12.5444,522,1.6839
12.5487,523,1.6871
12.5530,523,1.6871
12.5573,523,1.6871
12.5616,523,1.6871
12.5659,523,1.6871
12.5702,522,1.6839
12.5745,523,1.6871
12.5788,524,1.6903
12.5831,523,1.6871
12.5874,523,1.6871
12.5917,523,1.6871
12.5960,523,1.6871
12.6004,523,1.6871
12.6046,523,1.6871
12.6089,524,1.6903
12.6132,524,1.6903
12.6175,531,1.7129
12.6218,543,1.7516
12.6261,557,1.7968
12.6304,572,1.8452
12.6347,584,1.8839
12.6390,595,1.9194
12.6434,604,1.9484
12.6477,611,1.9710
12.6519,614,1.9806
12.6562,612,1.9742
12.6605,606,1.9548
12.6648,600,1.9355
12.6691,588,1.8968
12.6734,575,1.8548
12.6776,561,1.8097
12.6820,545,1.7581
12.6862,531,1.7129
12.6909,516,1.6645
12.6953,506,1.6323
12.6996,503,1.6226
12.7039,504,1.6258
12.7082,504,1.6258
12.7125,505,1.6290
12.7168,504,1.6258
12.7211,504,1.6258
12.7254,506,1.6323
12.7297,506,1.6323
12.7339,506,1.6323
12.7384,507,1.6355
12.7427,507,1.6355
12.7470,507,1.6355
12.7513,508,1.6387
12.7555,507,1.6355
12.7603,508,1.6387
12.7646,507,1.6355
12.7688,507,1.6355
12.7731,499,1.6097
12.7774,476,1.5355
12.7817,441,1.4226
12.7864,423,1.3645
12.7922,493,1.5903
12.7966,623,2.0097
12.8010,793,2.5581
12.8054,978,3.1548
12.8097,1002,3.2323
12.8140,1002,3.2323
12.8183,999,3.2226
12.8226,933,3.0097
12.8269,717,2.3129
12.8312,523,1.6871
12.8354,420,1.3548
12.8398,387,1.2484
12.8441,394,1.2710
12.8484,422,1.3613
12.8527,445,1.4355
12.8570,458,1.4774
12.8613,462,1.4903
12.8656,464,1.4968
12.8699,464,1.4968
12.8742,465,1.5000
12.8788,465,1.5000
12.8833,467,1.5065
12.8875,468,1.5097
12.8918,469,1.5129
12.8961,470,1.5161
12.9004,471,1.5194
12.9047,471,1.5194
12.9090,471,1.5194
12.9133,472,1.5226
12.9176,473,1.5258
12.9219,473,1.5258
12.9262,474,1.5290
12.9305,476,1.5355
12.9348,478,1.5419
12.9391,478,1.5419
12.9434,479,1.5452
12.9478,480,1.5484
12.9521,479,1.5452
12.9564,479,1.5452
12.9607,479,1.5452
12.9650,481,1.5516
12.9693,483,1.5581
12.9736,483,1.5581
12.9779,483,1.5581
12.9822,484,1.5613
12.9865,484,1.5613
12.9908,485,1.5645
12.9951,486,1.5677
12.9994,485,1.5645
13.0037,486,1.5677
13.0080,488,1.5742
13.0123,493,1.5903
13.0166,503,1.6226
13.0209,516,1.6645
13.0252,529,1.7065
13.0295,542,1.7484
13.0338,556,1.7935
13.0381,569,1.8355
13.0424,582,1.8774
13.0467,593,1.9129
13.0511,605,1.9516
13.0554,616,1.9871
13.0597,624,2.0129
13.0640,631,2.0355
13.0684,639,2.0613
13.0727,644,2.0774
13.0771,646,2.0839
13.0814,649,2.0935
13.0857,649,2.0935
13.0902,648,2.0903
13.0946,645,2.0806
13.0992,638,2.0581
13.1036,631,2.0355
13.1079,623,2.0097
13.1123,613,1.9774
13.1166,602,1.9419
13.1209,589,1.9000
13.1252,577,1.8613
13.1296,564,1.8194
13.1339,551,1.7774
13.1382,536,1.7290
13.1427,521,1.6806
13.1470,507,1.6355
13.1514,494,1.5935
13.1556,479,1.5452
13.1599,467,1.5065
13.1642,459,1.4806
13.1686,454,1.4645
13.1729,446,1.4387
13.1772,441,1.4226
13.1815,439,1.4161
13.1858,441,1.4226
13.1901,442,1.4258
13.1944,445,1.4355
13.1987,446,1.4387
13.2031,447,1.4419
13.2074,449,1.4484
13.2117,450,1.4516
13.2160,453,1.4613
13.2202,454,1.4645
13.2245,453,1.4613
13.2288,454,1.4645
13.2331,455,1.4677
13.2374,457,1.4742
13.2417,457,1.4742
13.2460,458,1.4774
13.2503,460,1.4839
13.2547,460,1.4839
13.2589,463,1.4935
13.2632,462,1.4903
13.2675,464,1.4968
13.2718,466,1.5032
13.2761,466,1.5032
13.2804,468,1.5097
13.2847,468,1.5097
13.2890,470,1.5161
13.2933,470,1.5161
13.2976,471,1.5194
13.3019,472,1.5226
13.3062,472,1.5226
13.3105,474,1.5290
13.3148,474,1.5290
13.3191,476,1.5355
13.3234,476,1.5355
13.3277,476,1.5355
13.3321,476,1.5355
13.3364,477,1.5387
13.3407,478,1.5419
13.3450,478,1.5419
13.3493,480,1.5484
13.3536,481,1.5516
13.3579,481,1.5516
13.3622,482,1.5548
13.3665,484,1.5613
13.3708,484,1.5613
13.3751,486,1.5677
13.3794,486,1.5677
13.3837,487,1.5710
13.3880,488,1.5742
13.3923,488,1.5742
13.3966,488,1.5742
13.4010,490,1.5806
13.4053,490,1.5806
13.4096,490,1.5806
13.4139,490,1.5806
13.4182,491,1.5839
13.4225,492,1.5871
13.4267,493,1.5903
13.4310,494,1.5935
13.4354,495,1.5968
13.4397,495,1.5968
13.4439,496,1.6000
13.4482,496,1.6000
13.4526,496,1.6000
13.4569,497,1.6032
13.4613,498,1.6065
13.4656,498,1.6065
13.4699,499,1.6097
13.4742,499,1.6097
13.4786,498,1.6065
13.4829,499,1.6097
13.4872,500,1.6129
13.4916,500,1.6129
13.4959,501,1.6161
13.5003,502,1.6194
13.5046,503,1.6226
13.5089,505,1.6290
13.5133,504,1.6258
13.5176,505,1.6290
13.5221,505,1.6290
13.5264,506,1.6323
13.5308,506,1.6323
13.5351,507,1.6355
13.5395,506,1.6323
13.5438,507,1.6355
13.5481,507,1.6355
13.5525,508,1.6387
13.5569,508,1.6387
13.5612,507,1.6355
13.5655,508,1.6387
13.5698,508,1.6387
13.5741,510,1.6452
13.5784,509,1.6419
13.5827,510,1.6452
13.5869,511,1.6484
13.5912,512,1.6516
13.5955,512,1.6516
13.5999,513,1.6548
13.6042,512,1.6516
13.6085,513,1.6548
13.6127,514,1.6581
13.6170,512,1.6516
13.6213,514,1.6581
13.6256,514,1.6581
13.6299,514,1.6581
13.6343,514,1.6581
13.6386,515,1.6613
13.6428,515,1.6613
13.6471,514,1.6581
13.6513,515,1.6613
13.6556,516,1.6645
13.6600,515,1.6613
13.6643,516,1.6645
13.6686,516,1.6645
13.6729,515,1.6613
13.6772,515,1.6613
13.6815,515,1.6613
13.6868,516,1.6645
13.6928,516,1.6645
13.6973,516,1.6645
13.7017,516,1.6645
13.7060,517,1.6677
13.7103,518,1.6710
13.7146,519,1.6742
13.7189,518,1.6710
13.7232,519,1.6742
13.7275,519,1.6742
13.7318,518,1.6710
13.7361,519,1.6742
13.7404,519,1.6742
13.7447,520,1.6774
13.7491,519,1.6742
13.7534,520,1.6774
13.7577,519,1.6742
13.7620,519,1.6742
13.7663,519,1.6742
13.7705,519,1.6742
13.7748,520,1.6774
13.7791,520,1.6774
13.7834,519,1.6742
13.7876,519,1.6742
13.7919,520,1.6774
13.7962,520,1.6774
13.8004,520,1.6774
13.8047,519,1.6742
13.8090,520,1.6774
13.8132,521,1.6806
13.8175,522,1.6839
13.8217,522,1.6839
13.8261,522,1.6839
13.8303,522,1.6839
13.8345,521,1.6806
13.8390,521,1.6806
13.8433,522,1.6839
13.8476,521,1.6806
13.8518,521,1.6806
13.8561,521,1.6806
13.8603,521,1.6806
13.8646,522,1.6839
13.8689,521,1.6806
13.8731,523,1.6871
13.8774,523,1.6871
13.8817,523,1.6871
13.8860,523,1.6871
13.8906,524,1.6903
13.8949,524,1.6903
13.8991,523,1.6871
13.9034,523,1.6871
13.9077,521,1.6806
13.9119,521,1.6806
13.9162,522,1.6839
13.9207,522,1.6839
13.9249,522,1.6839
13.9292,522,1.6839
13.9334,524,1.6903
13.9377,523,1.6871
13.9420,524,1.6903
13.9463,523,1.6871
13.9505,523,1.6871
13.9548,523,1.6871
13.9591,523,1.6871
13.9634,523,1.6871
13.9676,524,1.6903
13.9719,524,1.6903
13.9761,524,1.6903
13.9804,523,1.6871
13.9846,524,1.6903
13.9924,523,1.6871
13.9968,523,1.6871
14.0013,522,1.6839
14.0056,523,1.6871
14.0099,523,1.6871
14.0142,523,1.6871
14.0185,523,1.6871
14.0228,523,1.6871
14.0271,523,1.6871
14.0314,522,1.6839
14.0357,523,1.6871
14.0400,524,1.6903
14.0443,524,1.6903
14.0486,524,1.6903
14.0529,525,1.6935
14.0572,524,1.6903
14.0615,524,1.6903
14.0658,525,1.6935
14.0701,525,1.6935
14.0744,524,1.6903
14.0786,524,1.6903
14.0829,524,1.6903
14.0872,524,1.6903
14.0915,523,1.6871
14.0959,524,1.6903
14.1002,524,1.6903
14.1045,523,1.6871
14.1088,522,1.6839
14.1131,522,1.6839
14.1174,523,1.6871
14.1217,523,1.6871
14.1260,525,1.6935
14.1303,536,1.7290
14.1346,550,1.7742
14.1389,566,1.8258
14.1432,579,1.8677
14.1475,593,1.9129
14.1518,602,1.9419
14.1561,611,1.9710
14.1604,613,1.9774
14.1647,614,1.9806
14.1690,609,1.9645
14.1733,603,1.9452
14.1776,592,1.9097
14.1819,580,1.8710
14.1862,567,1.8290
14.1905,551,1.7774
14.1948,537,1.7323
14.1991,522,1.6839
14.2034,510,1.6452
14.2077,504,1.6258
14.2122,503,1.6226
14.2165,504,1.6258
14.2207,504,1.6258
14.2250,504,1.6258
14.2293,506,1.6323
14.2336,506,1.6323
14.2379,506,1.6323
14.2422,506,1.6323
14.2465,507,1.6355
14.2508,507,1.6355
14.2551,507,1.6355
14.2594,508,1.6387
14.2637,508,1.6387
14.2680,508,1.6387
14.2723,509,1.6419
14.2766,509,1.6419
14.2809,509,1.6419
14.2852,507,1.6355
14.2895,495,1.5968
14.2938,467,1.5065
14.2981,434,1.4000
14.3024,429,1.3839
14.3067,483,1.5581
14.3110,600,1.9355
14.3153,762,2.4581
14.3196,943,3.0419
14.3239,1000,3.2258
14.3282,1000,3.2258
14.3325,1001,3.2290
14.3368,962,3.1032
14.3411,760,2.4516
14.3454,553,1.7839
14.3497,435,1.4032
14.3540,389,1.2548
14.3583,390,1.2581
14.3627,417,1.3452
14.3670,445,1.4355
14.3713,459,1.4806
14.3757,463,1.4935
14.3800,463,1.4935
14.3843,463,1.4935
14.3886,465,1.5000
14.3930,466,1.5032
14.3974,467,1.5065
14.4017,467,1.5065
14.4060,468,1.5097
14.4104,468,1.5097
14.4147,468,1.5097
14.4191,469,1.5129
14.4234,471,1.5194
14.4277,472,1.5226
14.4321,473,1.5258
14.4364,473,1.5258
14.4408,474,1.5290
14.4451,475,1.5323
14.4494,475,1.5323
14.4537,476,1.5355
14.4581,477,1.5387
14.4624,478,1.5419
14.4667,478,1.5419
14.4710,479,1.5452
14.4754,480,1.5484
14.4797,481,1.5516
14.4839,482,1.5548
14.4882,482,1.5548
14.4925,482,1.5548
14.4969,482,1.5548
14.5011,482,1.5548
14.5054,484,1.5613
14.5097,483,1.5581
14.5140,485,1.5645
14.5184,486,1.5677
14.5226,487,1.5710
14.5269,491,1.5839
14.5312,502,1.6194
14.5355,515,1.6613
14.5398,527,1.7000
14.5441,540,1.7419
14.5484,554,1.7871
14.5527,566,1.8258
14.5570,579,1.8677
14.5614,591,1.9065
14.5657,603,1.9452
14.5699,612,1.9742
14.5742,623,2.0097
14.5785,632,2.0387
14.5828,639,2.0613
14.5872,645,2.0806
14.5916,648,2.0903
14.5959,647,2.0871
14.6003,648,2.0903
14.6046,645,2.0806
14.6089,644,2.0774
14.6132,639,2.0613
14.6175,632,2.0387
14.6218,624,2.0129
14.6261,616,1.9871
14.6304,606,1.9548
14.6347,595,1.9194
14.6390,580,1.8710
14.6433,566,1.8258
14.6476,553,1.7839
14.6523,538,1.7355
14.6566,524,1.6903
14.6609,509,1.6419
14.6652,496,1.6000
14.6694,483,1.5581
14.6737,469,1.5129
14.6780,458,1.4774
14.6823,447,1.4419
14.6865,440,1.4194
14.6908,439,1.4161
14.6951,440,1.4194
14.6994,442,1.4258
14.7037,444,1.4323
14.7080,444,1.4323
14.7123,446,1.4387
14.7166,447,1.4419
14.7209,447,1.4419
14.7252,450,1.4516
14.7294,452,1.4581
14.7337,454,1.4645
14.7379,455,1.4677
14.7422,455,1.4677
14.7465,456,1.4710
14.7508,459,1.4806
14.7550,459,1.4806
14.7593,459,1.4806
14.7636,460,1.4839
14.7678,461,1.4871
14.7722,462,1.4903
14.7764,463,1.4935
14.7807,465,1.5000
14.7850,466,1.5032
14.7892,468,1.5097
14.7935,469,1.5129
14.7977,469,1.5129
14.8020,470,1.5161
14.8063,471,1.5194
14.8106,471,1.5194
14.8148,473,1.5258
14.8191,474,1.5290
14.8234,474,1.5290
14.8277,474,1.5290
14.8319,475,1.5323
14.8362,476,1.5355
14.8405,477,1.5387
14.8448,478,1.5419
14.8490,480,1.5484
14.8533,480,1.5484
14.8577,482,1.5548
14.8620,482,1.5548
14.8663,482,1.5548
14.8706,483,1.5581
14.8749,484,1.5613
14.8792,483,1.5581
14.8835,485,1.5645
14.8878,486,1.5677
14.8923,485,1.5645
14.8966,486,1.5677
14.9010,488,1.5742
14.9053,488,1.5742
14.9096,489,1.5774
14.9140,490,1.5806
14.9183,491,1.5839
14.9226,492,1.5871
14.9269,491,1.5839
14.9312,491,1.5839
14.9355,491,1.5839
14.9398,493,1.5903
14.9441,493,1.5903
14.9484,494,1.5935
14.9527,494,1.5935
14.9569,495,1.5968
14.9612,494,1.5935
14.9655,496,1.6000
14.9699,496,1.6000
14.9742,497,1.6032
14.9784,496,1.6000
14.9827,497,1.6032
14.9870,497,1.6032
14.9913,499,1.6097
14.9956,500,1.6129
14.9999,500,1.6129
15.0042,502,1.6194
15.0085,501,1.6161
15.0135,500,1.6129
15.0180,502,1.6194
15.0225,501,1.6161
15.0269,503,1.6226
15.0314,504,1.6258
15.0359,505,1.6290
15.0402,504,1.6258
15.0446,506,1.6323
15.0489,506,1.6323
15.0531,507,1.6355
15.0574,506,1.6323
15.0616,506,1.6323
15.0659,507,1.6355
15.0702,508,1.6387
15.0744,510,1.6452
15.0786,509,1.6419
15.0829,509,1.6419
15.0871,509,1.6419
15.0914,509,1.6419
15.0956,509,1.6419
15.0999,509,1.6419
15.1041,510,1.6452
15.1084,509,1.6419
15.1126,511,1.6484
15.1169,512,1.6516
15.1211,511,1.6484
15.1253,511,1.6484
15.1296,511,1.6484
15.1338,510,1.6452
15.1381,511,1.6484
15.1423,511,1.6484
15.1466,512,1.6516
15.1509,512,1.6516
15.1551,514,1.6581
15.1595,513,1.6548
15.1637,513,1.6548
15.1680,514,1.6581
15.1723,513,1.6548
15.1766,514,1.6581
15.1808,514,1.6581
15.1851,515,1.6613
15.1894,516,1.6645
15.1936,516,1.6645
15.1980,515,1.6613
15.2022,515,1.6613
15.2065,516,1.6645
15.2108,516,1.6645
15.2151,517,1.6677
15.2193,515,1.6613
15.2236,517,1.6677
15.2279,517,1.6677
15.2322,518,1.6710
15.2365,518,1.6710
15.2407,519,1.6742
15.2450,518,1.6710
15.2493,520,1.6774
15.2536,520,1.6774
15.2579,520,1.6774
15.2621,519,1.6742
15.2664,519,1.6742
15.2707,519,1.6742
15.2750,519,1.6742
15.2793,518,1.6710
15.2836,519,1.6742
15.2879,519,1.6742
15.2922,520,1.6774
15.2966,521,1.6806
15.3008,521,1.6806
15.3051,520,1.6774
15.3094,521,1.6806
15.3138,519,1.6742
15.3180,518,1.6710
15.3223,519,1.6742
15.3266,521,1.6806
15.3309,522,1.6839
15.3352,521,1.6806
15.3395,521,1.6806
15.3438,521,1.6806
15.3481,520,1.6774
15.3524,521,1.6806
15.3566,523,1.6871
15.3610,524,1.6903
15.3652,523,1.6871
15.3695,523,1.6871
15.3738,524,1.6903
15.3781,523,1.6871
15.3823,522,1.6839
15.3866,521,1.6806
15.3909,522,1.6839
15.3952,522,1.6839
15.3995,522,1.6839
15.4038,522,1.6839
15.4081,523,1.6871
15.4123,524,1.6903
15.4166,523,1.6871
15.4209,522,1.6839
15.4252,522,1.6839
15.4295,523,1.6871
15.4338,524,1.6903
15.4380,523,1.6871
15.4423,524,1.6903
15.4466,523,1.6871
15.4508,524,1.6903
15.4551,524,1.6903
15.4594,524,1.6903
15.4637,523,1.6871
15.4679,524,1.6903
15.4722,522,1.6839
15.4765,523,1.6871
15.4808,523,1.6871
15.4850,523,1.6871
15.4893,524,1.6903
15.4945,524,1.6903
15.4989,525,1.6935
15.5032,524,1.6903
15.5075,523,1.6871
15.5118,523,1.6871
15.5161,523,1.6871
15.5205,524,1.6903
15.5248,522,1.6839
15.5291,523,1.6871
15.5334,524,1.6903
15.5377,522,1.6839
15.5421,522,1.6839
15.5464,522,1.6839
15.5507,523,1.6871
15.5550,523,1.6871
15.5593,523,1.6871
15.5636,522,1.6839
15.5680,521,1.6806
15.5722,524,1.6903
15.5765,523,1.6871
15.5808,522,1.6839
15.5850,524,1.6903
15.5893,524,1.6903
15.5936,524,1.6903
15.5979,523,1.6871
15.6022,523,1.6871
15.6065,524,1.6903
15.6108,524,1.6903
15.6150,522,1.6839
15.6193,523,1.6871
15.6236,524,1.6903
15.6278,524,1.6903
15.6321,525,1.6935
15.6364,526,1.6968
15.6407,530,1.7097
15.6449,542,1.7484
15.6492,554,1.7871
15.6535,570,1.8387
15.6580,585,1.8871
15.6623,595,1.9194
15.6665,602,1.9419
15.6708,609,1.9645
15.6750,612,1.9742
15.6793,610,1.9677
15.6836,605,1.9516
15.6879,597,1.9258
15.6922,584,1.8839
15.6965,573,1.8484
15.7007,559,1.8032
15.7050,544,1.7548
15.7093,529,1.7065
15.7135,517,1.6677
15.7178,507,1.6355
15.7221,502,1.6194
15.7264,502,1.6194
15.7307,504,1.6258
15.7349,505,1.6290
15.7393,505,1.6290
15.7436,506,1.6323
15.7479,506,1.6323
15.7522,507,1.6355
15.7565,507,1.6355
15.7608,506,1.6323
15.7651,507,1.6355
15.7694,508,1.6387
15.7737,507,1.6355
15.7780,508,1.6387
15.7823,508,1.6387
15.7867,508,1.6387
15.7911,507,1.6355
15.7955,501,1.6161
15.7999,480,1.5484
15.8042,447,1.4419
15.8086,423,1.3645
15.8129,450,1.4516
15.8172,539,1.7387
15.8217,694,2.2387
15.8261,875,2.8226
15.8304,1001,3.2290
15.8346,1000,3.2258
15.8390,1000,3.2258
15.8433,994,3.2065
15.8476,846,2.7290
15.8519,625,2.0161
15.8562,470,1.5161
15.8605,401,1.2935
15.8648,387,1.2484
15.8691,406,1.3097
15.8735,434,1.4000
15.8778,453,1.4613
15.8821,460,1.4839
15.8864,462,1.4903
15.8907,463,1.4935
15.8950,464,1.4968
15.8993,465,1.5000
15.9040,466,1.5032
15.9083,465,1.5000
15.9126,466,1.5032
15.9169,467,1.5065
15.9213,467,1.5065
15.9256,468,1.5097
15.9299,470,1.5161
15.9342,472,1.5226
15.9385,473,1.5258
15.9428,473,1.5258
15.9471,475,1.5323
15.9514,475,1.5323
15.9557,475,1.5323
15.9600,476,1.5355
15.9643,477,1.5387
15.9686,478,1.5419
15.9729,479,1.5452
15.9772,479,1.5452
15.9815,478,1.5419
15.9860,479,1.5452
15.9903,479,1.5452
15.9946,481,1.5516
15.9989,483,1.5581
16.0031,483,1.5581
16.0074,484,1.5613
16.0118,485,1.5645
16.0161,486,1.5677
16.0204,486,1.5677
16.0247,486,1.5677
16.0290,487,1.5710
16.0333,490,1.5806
16.0376,498,1.6065
16.0419,509,1.6419
16.0462,522,1.6839
16.0505,536,1.7290
16.0548,549,1.7710
16.0591,563,1.8161
16.0634,576,1.8581
16.0677,587,1.8935
16.0721,598,1.9290
16.0764,610,1.9677
16.0807,620,2.0000
16.0850,628,2.0258
16.0893,631,2.0355
16.0936,632,2.0387
16.0979,639,2.0613
16.1022,643,2.0742
16.1065,644,2.0774
16.1108,647,2.0871
16.1152,645,2.0806
16.1195,643,2.0742
16.1238,639,2.0613
16.1281,632,2.0387
16.1324,624,2.0129
16.1367,616,1.9871
16.1410,605,1.9516
16.1453,596,1.9226
16.1496,585,1.8871
16.1539,571,1.8419
16.1582,558,1.8000
16.1625,543,1.7516
16.1668,529,1.7065
16.1711,516,1.6645
16.1755,501,1.6161
16.1798,488,1.5742
16.1841,475,1.5323
16.1883,463,1.4935
16.1927,452,1.4581
16.1970,441,1.4226
16.2013,438,1.4129
16.2056,438,1.4129
16.2099,441,1.4226
16.2147,442,1.4258
16.2190,445,1.4355
16.2234,446,1.4387
16.2276,447,1.4419
16.2320,449,1.4484
16.2363,451,1.4548
16.2406,451,1.4548
16.2449,451,1.4548
16.2491,452,1.4581
16.2534,453,1.4613
16.2578,454,1.4645
16.2621,455,1.4677
16.2664,456,1.4710
16.2707,457,1.4742
16.2750,458,1.4774
16.2794,460,1.4839
16.2836,462,1.4903
16.2879,463,1.4935
16.2922,464,1.4968
16.2966,464,1.4968
16.3009,466,1.5032
16.3052,466,1.5032
16.3095,467,1.5065
16.3138,468,1.5097
16.3181,469,1.5129
16.3224,469,1.5129
16.3267,471,1.5194
16.3310,472,1.5226
16.3353,473,1.5258
16.3396,473,1.5258
16.3439,472,1.5226
16.3482,474,1.5290
16.3525,476,1.5355
16.3568,477,1.5387
16.3611,479,1.5452
16.3654,478,1.5419
16.3697,480,1.5484
16.3741,481,1.5516
16.3784,481,1.5516
16.3827,481,1.5516
16.3870,482,1.5548
16.3915,483,1.5581
16.3959,482,1.5548
16.4003,483,1.5581
16.4046,484,1.5613
16.4089,485,1.5645
16.4132,488,1.5742
16.4180,488,1.5742
16.4224,487,1.5710
16.4268,489,1.5774
16.4310,489,1.5774
16.4354,490,1.5806
16.4397,491,1.5839
16.4440,491,1.5839
16.4483,491,1.5839
16.4526,493,1.5903
16.4569,493,1.5903
16.4612,495,1.5968
16.4655,496,1.6000
16.4700,496,1.6000
16.4743,496,1.6000
16.4786,496,1.6000
16.4830,497,1.6032
16.4873,496,1.6000
16.4916,497,1.6032
16.4959,498,1.6065
16.5002,499,1.6097
16.5045,500,1.6129
16.5088,500,1.6129
16.5131,502,1.6194
16.5174,502,1.6194
16.5218,502,1.6194
16.5261,501,1.6161
16.5304,503,1.6226
16.5347,502,1.6194
16.5390,503,1.6226
16.5433,504,1.6258
16.5476,505,1.6290
16.5519,506,1.6323
16.5562,506,1.6323
16.5605,505,1.6290
16.5648,505,1.6290
16.5691,506,1.6323
16.5734,506,1.6323
16.5777,506,1.6323
16.5821,508,1.6387
16.5864,508,1.6387
16.5907,508,1.6387
16.5950,509,1.6419
16.5993,509,1.6419
16.6036,511,1.6484
16.6079,511,1.6484
16.6122,512,1.6516
16.6165,512,1.6516
16.6210,512,1.6516
16.6253,511,1.6484
16.6296,512,1.6516
16.6339,512,1.6516
16.6382,512,1.6516
16.6425,511,1.6484
16.6468,511,1.6484
16.6511,512,1.6516
16.6554,514,1.6581
16.6597,514,1.6581
16.6645,513,1.6548
16.6688,514,1.6581
16.6731,513,1.6548
16.6774,513,1.6548
16.6817,514,1.6581
16.6861,514,1.6581
16.6904,515,1.6613
16.6949,514,1.6581
16.6993,515,1.6613
16.7037,515,1.6613
16.7080,515,1.6613
16.7123,517,1.6677
16.7166,516,1.6645
16.7209,516,1.6645
16.7252,516,1.6645
16.7295,516,1.6645
16.7338,516,1.6645
16.7381,516,1.6645
16.7424,515,1.6613
16.7467,516,1.6645
16.7510,519,1.6742
16.7553,517,1.6677
16.7596,517,1.6677
16.7639,517,1.6677
16.7682,518,1.6710
16.7726,518,1.6710
16.7769,519,1.6742
16.7812,519,1.6742
16.7855,517,1.6677
16.7898,518,1.6710
16.7941,519,1.6742
16.7984,520,1.6774
16.8027,520,1.6774
16.8070,520,1.6774
16.8113,521,1.6806
16.8156,522,1.6839
16.8199,520,1.6774
16.8242,521,1.6806
16.8286,520,1.6774
16.8328,521,1.6806
16.8371,521,1.6806
16.8414,520,1.6774
16.8457,520,1.6774
16.8500,521,1.6806
16.8543,521,1.6806
16.8586,521,1.6806
16.8629,522,1.6839
16.8672,522,1.6839
16.8715,522,1.6839
16.8758,522,1.6839
16.8802,522,1.6839
16.8850,522,1.6839
16.8893,521,1.6806
16.8936,522,1.6839
16.8980,522,1.6839
16.9022,522,1.6839
16.9065,522,1.6839
16.9109,522,1.6839
16.9152,523,1.6871
16.9195,522,1.6839
16.9238,522,1.6839
16.9281,522,1.6839
16.9324,522,1.6839
16.9367,523,1.6871
16.9410,523,1.6871
16.9453,522,1.6839
16.9496,523,1.6871
16.9539,524,1.6903
16.9582,523,1.6871
16.9625,522,1.6839
16.9668,523,1.6871
16.9711,523,1.6871
16.9754,523,1.6871
16.9798,523,1.6871
16.9841,522,1.6839
16.9884,523,1.6871
16.9927,524,1.6903
16.9970,525,1.6935
17.0013,524,1.6903
17.0056,523,1.6871
17.0099,523,1.6871
17.0142,524,1.6903
17.0185,525,1.6935
17.0228,525,1.6935
17.0271,525,1.6935
17.0314,525,1.6935
17.0358,525,1.6935
17.0400,525,1.6935
17.0443,524,1.6903
17.0486,524,1.6903
17.0530,525,1.6935
17.0573,525,1.6935
17.0616,526,1.6968
17.0658,526,1.6968
17.0701,526,1.6968
17.0745,525,1.6935
17.0788,524,1.6903
17.0831,524,1.6903
17.0874,524,1.6903
17.0917,524,1.6903
17.0961,524,1.6903
17.1004,524,1.6903
17.1047,524,1.6903
17.1090,524,1.6903
17.1138,525,1.6935
17.1181,524,1.6903
17.1224,523,1.6871
17.1267,524,1.6903
17.1310,525,1.6935
17.1354,525,1.6935
17.1397,524,1.6903
17.1439,526,1.6968
17.1482,533,1.7194
17.1525,544,1.7548
17.1569,558,1.8000
17.1612,573,1.8484
17.1654,585,1.8871
17.1697,596,1.9226
17.1740,604,1.9484
17.1784,612,1.9742
17.1827,613,1.9774
17.1870,610,1.9677
17.1913,607,1.9581
17.1956,598,1.9290
17.1999,586,1.8903
17.2042,572,1.8452
17.2085,559,1.8032
17.2128,543,1.7516
17.2171,528,1.7032
17.2214,514,1.6581
17.2257,505,1.6290
17.2301,503,1.6226
17.2344,502,1.6194
17.2387,502,1.6194
17.2430,503,1.6226
17.2473,503,1.6226
17.2515,504,1.6258
17.2558,505,1.6290
17.2602,506,1.6323
17.2645,505,1.6290
17.2688,505,1.6290
17.2731,506,1.6323
17.2774,507,1.6355
17.2817,506,1.6323
17.2860,506,1.6323
17.2906,507,1.6355
17.2951,508,1.6387
17.2996,507,1.6355
17.3038,497,1.6032
17.3081,472,1.5226
17.3124,439,1.4161
17.3167,423,1.3645
17.3211,467,1.5065
17.3253,573,1.8484
17.3296,726,2.3419
17.3344,926,2.9871
17.3387,1001,3.2290
17.3430,1000,3.2258
17.3473,1000,3.2258
17.3516,973,3.1387
17.3559,781,2.5194
17.3602,566,1.8258
17.3645,439,1.4161
17.3688,391,1.2613
17.3731,389,1.2548
17.3774,414,1.3355
17.3818,441,1.4226
17.3861,457,1.4742
17.3903,461,1.4871
17.3946,462,1.4903
17.3989,463,1.4935
17.4033,465,1.5000
17.4076,465,1.5000
17.4118,466,1.5032
17.4162,466,1.5032
17.4205,466,1.5032
17.4248,467,1.5065
17.4291,468,1.5097
17.4334,470,1.5161
17.4377,472,1.5226
17.4421,472,1.5226
17.4464,472,1.5226
17.4507,473,1.5258
17.4550,473,1.5258
17.4593,473,1.5258
17.4636,475,1.5323
17.4679,475,1.5323
17.4722,476,1.5355
17.4765,478,1.5419
17.4813,479,1.5452
17.4856,480,1.5484
17.4899,480,1.5484
17.4942,481,1.5516
17.4985,482,1.5548
17.5028,483,1.5581
17.5071,483,1.5581
17.5114,484,1.5613
17.5157,484,1.5613
17.5200,485,1.5645
17.5243,485,1.5645
17.5286,485,1.5645
17.5329,485,1.5645
17.5372,486,1.5677
17.5415,488,1.5742
17.5459,489,1.5774
17.5501,490,1.5806
17.5544,497,1.6032
17.5587,509,1.6419
17.5635,525,1.6935
17.5678,539,1.7387
17.5721,551,1.7774
17.5764,564,1.8194
17.5807,576,1.8581
17.5851,589,1.9000
17.5894,602,1.9419
17.5939,612,1.9742
17.5983,622,2.0065
17.6026,632,2.0387
17.6070,638,2.0581
17.6113,643,2.0742
17.6156,648,2.0903
17.6199,648,2.0903
17.6242,649,2.0935
17.6285,649,2.0935
17.6328,648,2.0903
17.6371,642,2.0710
17.6414,636,2.0516
17.6457,627,2.0226
17.6500,619,1.9968
17.6543,610,1.9677
17.6586,599,1.9323
17.6629,586,1.8903
17.6672,574,1.8516
17.6715,561,1.8097
17.6758,548,1.7677
17.6801,533,1.7194
17.6844,518,1.6710
17.6888,503,1.6226
17.6931,490,1.5806
17.6974,477,1.5387
17.7016,464,1.4968
17.7065,450,1.4516
17.7108,444,1.4323
17.7151,441,1.4226
17.7194,442,1.4258
17.7237,443,1.4290
17.7280,444,1.4323
17.7323,447,1.4419
17.7366,447,1.4419
17.7409,448,1.4452
17.7452,449,1.4484
17.7496,451,1.4548
17.7539,452,1.4581
17.7581,452,1.4581
17.7624,455,1.4677
17.7667,456,1.4710
17.7711,457,1.4742
17.7754,458,1.4774
17.7797,459,1.4806
17.7841,460,1.4839
17.7884,461,1.4871
17.7927,462,1.4903
17.7970,462,1.4903
17.8013,463,1.4935
17.8056,465,1.5000
17.8099,466,1.5032
17.8142,467,1.5065
17.8185,467,1.5065
17.8228,468,1.5097
17.8271,470,1.5161
17.8314,470,1.5161
17.8357,471,1.5194
17.8400,471,1.5194
17.8443,473,1.5258
17.8486,473,1.5258
17.8529,475,1.5323
17.8572,476,1.5355
17.8615,477,1.5387
17.8658,477,1.5387
17.8701,478,1.5419
17.8744,479,1.5452
17.8787,481,1.5516
17.8830,481,1.5516
17.8873,480,1.5484
17.8917,480,1.5484
17.8960,482,1.5548
17.9003,483,1.5581
17.9045,483,1.5581
17.9088,483,1.5581
17.9132,484,1.5613
17.9175,485,1.5645
17.9218,486,1.5677
17.9260,487,1.5710
17.9303,488,1.5742
17.9347,489,1.5774
17.9390,490,1.5806
17.9433,490,1.5806
17.9476,491,1.5839
17.9519,492,1.5871
17.9562,492,1.5871
17.9605,492,1.5871
17.9648,493,1.5903
17.9691,493,1.5903
17.9734,495,1.5968
17.9777,495,1.5968
17.9820,495,1.5968
17.9863,495,1.5968
17.9906,497,1.6032
17.9950,497,1.6032
17.9993,498,1.6065
18.0035,499,1.6097
18.0080,499,1.6097
18.0122,498,1.6065
18.0165,500,1.6129
18.0208,500,1.6129
18.0250,500,1.6129
18.0293,501,1.6161
18.0336,501,1.6161
18.0378,503,1.6226
18.0421,503,1.6226
18.0464,504,1.6258
18.0506,503,1.6226
18.0549,503,1.6226
18.0592,505,1.6290
18.0634,505,1.6290
18.0677,505,1.6290
18.0720,506,1.6323
18.0762,507,1.6355
18.0806,506,1.6323
18.0849,506,1.6323
18.0892,507,1.6355
18.0935,507,1.6355
18.0978,507,1.6355
18.1022,508,1.6387
18.1065,508,1.6387
18.1108,509,1.6419
18.1151,509,1.6419
18.1194,509,1.6419
18.1236,510,1.6452
18.1280,511,1.6484
18.1323,510,1.6452
18.1366,512,1.6516
18.1409,511,1.6484
18.1451,511,1.6484
18.1495,512,1.6516
18.1538,511,1.6484
18.1581,513,1.6548
18.1623,513,1.6548
18.1666,513,1.6548
18.1709,514,1.6581
18.1752,513,1.6548
18.1795,514,1.6581
18.1838,514,1.6581
18.1885,515,1.6613
18.1937,515,1.6613
18.1981,515,1.6613
18.2025,514,1.6581
18.2067,516,1.6645
18.2110,516,1.6645
18.2153,516,1.6645
18.2196,516,1.6645
18.2238,515,1.6613
18.2281,516,1.6645
18.2324,516,1.6645
18.2366,516,1.6645
18.2409,517,1.6677
18.2451,518,1.6710
18.2494,518,1.6710
18.2537,518,1.6710
18.2579,517,1.6677
18.2622,517,1.6677
18.2665,518,1.6710
18.2707,519,1.6742
18.2750,519,1.6742
18.2793,519,1.6742
18.2835,519,1.6742
18.2878,519,1.6742
18.2921,521,1.6806
18.2964,520,1.6774
18.3007,519,1.6742
18.3050,520,1.6774
18.3092,519,1.6742
18.3135,519,1.6742
18.3177,520,1.6774
18.3220,520,1.6774
18.3263,519,1.6742
18.3306,521,1.6806
18.3348,521,1.6806
18.3391,520,1.6774
18.3434,519,1.6742
18.3477,518,1.6710
18.3519,520,1.6774
18.3562,521,1.6806
18.3605,521,1.6806
18.3647,519,1.6742
18.3690,521,1.6806
18.3733,520,1.6774
18.3775,521,1.6806
18.3818,521,1.6806
18.3861,521,1.6806
18.3904,520,1.6774
18.3948,521,1.6806
18.3991,521,1.6806
18.4034,521,1.6806
18.4077,521,1.6806
18.4119,522,1.6839
18.4162,522,1.6839
18.4206,522,1.6839
18.4249,522,1.6839
18.4292,522,1.6839
18.4335,523,1.6871
18.4378,524,1.6903
18.4421,523,1.6871
18.4464,521,1.6806
18.4507,522,1.6839
18.4550,523,1.6871
18.4593,522,1.6839
18.4636,522,1.6839
18.4679,522,1.6839
18.4722,522,1.6839
18.4765,523,1.6871
18.4808,522,1.6839
18.4851,522,1.6839
18.4895,522,1.6839
18.4945,521,1.6806
18.4989,519,1.6742
18.5033,520,1.6774
18.5076,521,1.6806
18.5120,523,1.6871
18.5162,522,1.6839
18.5205,522,1.6839
18.5248,523,1.6871
18.5291,522,1.6839
18.5334,522,1.6839
18.5377,523,1.6871
18.5420,522,1.6839
18.5463,523,1.6871
18.5505,523,1.6871
18.5548,523,1.6871
18.5591,523,1.6871
18.5634,523,1.6871
18.5677,523,1.6871
18.5720,523,1.6871
18.5763,524,1.6903
18.5806,523,1.6871
18.5850,523,1.6871
18.5893,523,1.6871
18.5936,524,1.6903
18.5979,524,1.6903
18.6021,523,1.6871
18.6064,524,1.6903
18.6107,524,1.6903
18.6149,522,1.6839
18.6192,522,1.6839
18.6235,523,1.6871
18.6277,523,1.6871
18.6320,522,1.6839
18.6363,523,1.6871
18.6406,523,1.6871
18.6448,523,1.6871
18.6491,522,1.6839
18.6534,522,1.6839
18.6576,525,1.6935
18.6619,530,1.7097
18.6662,540,1.7419
18.6704,554,1.7871
18.6747,568,1.8323
18.6789,580,1.8710
18.6832,593,1.9129
18.6875,602,1.9419
18.6918,610,1.9677
18.6962,614,1.9806
18.7005,613,1.9774
18.7048,609,1.9645
18.7091,600,1.9355
18.7134,590,1.9032
18.7177,577,1.8613
18.7219,564,1.8194
18.7262,550,1.7742
18.7305,534,1.7226
18.7348,520,1.6774
18.7391,509,1.6419
18.7434,504,1.6258
18.7477,504,1.6258
18.7521,505,1.6290
18.7564,506,1.6323
18.7607,505,1.6290
18.7649,505,1.6290
18.7692,505,1.6290
18.7735,506,1.6323
18.7778,507,1.6355
18.7822,507,1.6355
18.7865,507,1.6355
18.7908,507,1.6355
18.7952,507,1.6355
18.7995,507,1.6355
18.8038,507,1.6355
18.8081,507,1.6355
18.8124,507,1.6355
18.8166,505,1.6290
18.8210,488,1.5742
18.8253,456,1.4710
18.8296,427,1.3774
18.8339,436,1.4065
18.8382,510,1.6452
18.8425,642,2.0710
18.8468,812,2.6194
18.8510,990,3.1935
18.8553,1001,3.2290
18.8596,1002,3.2323
18.8639,998,3.2194
18.8682,918,2.9613
18.8725,697,2.2484
18.8768,512,1.6516
18.8811,417,1.3452
18.8854,388,1.2516
18.8897,397,1.2806
18.8944,427,1.3774
18.8987,449,1.4484
18.9030,460,1.4839
18.9073,463,1.4935
18.9116,464,1.4968
18.9159,464,1.4968
18.9202,464,1.4968
18.9244,465,1.5000
18.9287,466,1.5032
18.9331,468,1.5097
18.9374,469,1.5129
18.9417,470,1.5161
18.9460,471,1.5194
18.9503,471,1.5194
18.9545,472,1.5226
18.9588,472,1.5226
18.9631,472,1.5226
18.9674,473,1.5258
18.9717,475,1.5323
18.9760,475,1.5323
18.9803,475,1.5323
18.9846,476,1.5355
18.9889,476,1.5355
18.9932,478,1.5419
18.9976,479,1.5452
19.0019,479,1.5452
19.0062,480,1.5484
19.0105,480,1.5484
19.0148,481,1.5516
19.0191,482,1.5548
19.0234,483,1.5581
19.0277,483,1.5581
19.0320,483,1.5581
19.0363,483,1.5581
19.0406,485,1.5645
19.0449,486,1.5677
19.0492,486,1.5677
19.0535,487,1.5710
19.0578,492,1.5871
19.0621,504,1.6258
19.0664,516,1.6645
19.0707,530,1.7097
19.0750,543,1.7516
19.0793,556,1.7935
19.0836,569,1.8355
19.0880,581,1.8742
19.0926,595,1.9194
19.0973,608,1.9613
19.1018,616,1.9871
19.1061,627,2.0226
19.1103,630,2.0323
19.1146,630,2.0323
19.1189,635,2.0484
19.1233,641,2.0677
19.1275,642,2.0710
19.1318,646,2.0839
19.1361,647,2.0871
19.1404,644,2.0774
19.1448,641,2.0677
19.1491,635,2.0484
19.1534,628,2.0258
19.1577,622,2.0065
19.1620,612,1.9742
19.1663,601,1.9387
19.1706,590,1.9032
19.1749,578,1.8645
19.1792,566,1.8258
19.1841,550,1.7742
19.1884,536,1.7290
19.1927,522,1.6839
19.1971,507,1.6355
19.2014,493,1.5903
19.2057,480,1.5484
19.2100,467,1.5065
19.2143,455,1.4677
19.2186,444,1.4323
19.2229,439,1.4161
19.2273,438,1.4129
19.2316,439,1.4161
19.2359,442,1.4258
19.2401,444,1.4323
19.2444,445,1.4355
19.2488,446,1.4387
19.2531,447,1.4419
19.2574,450,1.4516
19.2622,451,1.4548
19.2665,452,1.4581
19.2708,452,1.4581
19.2751,452,1.4581
19.2794,453,1.4613
19.2837,455,1.4677
19.2880,456,1.4710
19.2926,457,1.4742
19.2970,459,1.4806
19.3013,459,1.4806
19.3056,460,1.4839
19.3099,462,1.4903
19.3142,463,1.4935
19.3185,464,1.4968
19.3228,464,1.4968
19.3271,466,1.5032
19.3314,467,1.5065
19.3357,467,1.5065
19.3400,469,1.5129
19.3443,470,1.5161
19.3486,471,1.5194
19.3529,471,1.5194
19.3572,473,1.5258
19.3615,473,1.5258
19.3658,475,1.5323
19.3701,476,1.5355
19.3744,476,1.5355
19.3787,476,1.5355
19.3830,478,1.5419
19.3874,478,1.5419
19.3919,478,1.5419
19.3966,480,1.5484
19.4010,479,1.5452
19.4063,480,1.5484
19.4108,482,1.5548
19.4151,484,1.5613
19.4194,484,1.5613
19.4236,485,1.5645
19.4281,487,1.5710
19.4324,487,1.5710
19.4367,489,1.5774
19.4410,489,1.5774
19.4453,489,1.5774
19.4496,490,1.5806
19.4540,491,1.5839
19.4583,492,1.5871
19.4626,493,1.5903
19.4668,493,1.5903
19.4718,493,1.5903
19.4761,494,1.5935
19.4804,495,1.5968
19.4847,495,1.5968
19.4890,496,1.6000
19.4933,495,1.5968
19.4977,496,1.6000
19.5020,497,1.6032
19.5063,498,1.6065
19.5106,498,1.6065
19.5149,497,1.6032
19.5192,499,1.6097
19.5235,500,1.6129
19.5278,500,1.6129
19.5321,501,1.6161
19.5365,501,1.6161
19.5408,501,1.6161
19.5451,501,1.6161
19.5494,501,1.6161
19.5537,501,1.6161
19.5580,503,1.6226
19.5623,504,1.6258
19.5666,504,1.6258
19.5709,504,1.6258
19.5752,504,1.6258
19.5795,506,1.6323
19.5838,508,1.6387
19.5881,508,1.6387
19.5924,508,1.6387
19.5967,507,1.6355
19.6011,508,1.6387
19.6054,507,1.6355
19.6096,507,1.6355
19.6139,507,1.6355
19.6183,508,1.6387
19.6226,511,1.6484
19.6269,511,1.6484
19.6312,512,1.6516
19.6355,510,1.6452
19.6398,510,1.6452
19.6441,509,1.6419
19.6484,510,1.6452
19.6527,510,1.6452
19.6570,511,1.6484
19.6613,511,1.6484
19.6656,511,1.6484
19.6699,512,1.6516
19.6742,513,1.6548
19.6785,513,1.6548
19.6828,511,1.6484
19.6871,513,1.6548
19.6914,513,1.6548
19.6963,513,1.6548
19.7007,513,1.6548
19.7049,514,1.6581
19.7092,513,1.6548
19.7135,513,1.6548
19.7179,514,1.6581
19.7222,514,1.6581
19.7265,515,1.6613
19.7308,516,1.6645
19.7351,516,1.6645
19.7394,516,1.6645
19.7437,516,1.6645
19.7480,517,1.6677
19.7523,517,1.6677
19.7566,518,1.6710
19.7610,517,1.6677
19.7653,517,1.6677
19.7695,517,1.6677
19.7738,519,1.6742
19.7782,519,1.6742
19.7825,519,1.6742
19.7867,517,1.6677
19.7910,517,1.6677
19.7953,518,1.6710
19.7997,518,1.6710
19.8040,517,1.6677
19.8083,518,1.6710
19.8126,519,1.6742
19.8169,520,1.6774
19.8212,520,1.6774
19.8255,520,1.6774
19.8298,520,1.6774
19.8341,521,1.6806
19.8384,521,1.6806
19.8427,520,1.6774
19.8470,520,1.6774
19.8513,519,1.6742
19.8556,519,1.6742
19.8600,519,1.6742
19.8643,519,1.6742
19.8686,521,1.6806
19.8728,521,1.6806
19.8771,519,1.6742
19.8815,520,1.6774
19.8858,519,1.6742
19.8900,519,1.6742
19.8943,519,1.6742
19.8986,519,1.6742
19.9030,520,1.6774
19.9073,521,1.6806
19.9116,521,1.6806
19.9164,521,1.6806
19.9207,520,1.6774
19.9250,520,1.6774
19.9293,521,1.6806
19.9336,522,1.6839
19.9379,523,1.6871
19.9423,523,1.6871
19.9466,523,1.6871
19.9509,523,1.6871
19.9552,522,1.6839
19.9599,522,1.6839
19.9642,523,1.6871
19.9685,522,1.6839
19.9728,522,1.6839
19.9771,523,1.6871
19.9820,522,1.6839
19.9863,522,1.6839
19.9906,522,1.6839
19.9950,521,1.6806
19.9994,522,1.6839
20.0038,522,1.6839
20.0081,522,1.6839
20.0124,522,1.6839
20.0173,522,1.6839
20.0225,522,1.6839
20.0270,523,1.6871
20.0315,522,1.6839
20.0360,521,1.6806
20.0405,523,1.6871
20.0456,523,1.6871
20.0500,524,1.6903
20.0544,523,1.6871
20.0586,524,1.6903
20.0630,523,1.6871
20.0673,524,1.6903
20.0716,522,1.6839
20.0759,522,1.6839
20.0802,523,1.6871
20.0851,523,1.6871
20.0894,523,1.6871
20.0936,524,1.6903
20.0980,525,1.6935
20.1023,524,1.6903
20.1067,524,1.6903
20.1110,523,1.6871
20.1152,523,1.6871
20.1195,522,1.6839
20.1238,523,1.6871
20.1282,522,1.6839
20.1325,522,1.6839
20.1368,523,1.6871
20.1410,522,1.6839
20.1453,522,1.6839
20.1497,523,1.6871
20.1540,523,1.6871
20.1583,523,1.6871
20.1626,523,1.6871
20.1669,521,1.6806
20.1712,522,1.6839
20.1755,526,1.6968
20.1798,535,1.7258
20.1841,547,1.7645
20.1884,562,1.8129
20.1927,577,1.8613
20.1970,587,1.8935
20.2013,597,1.9258
20.2057,606,1.9548
20.2100,611,1.9710
20.2143,613,1.9774
20.2186,609,1.9645
20.2229,604,1.9484
20.2277,593,1.9129
20.2321,581,1.8742
20.2364,566,1.8258
20.2407,552,1.7806
20.2450,535,1.7258
20.2493,520,1.6774
20.2536,508,1.6387
20.2579,503,1.6226
20.2622,502,1.6194
20.2665,502,1.6194
20.2709,503,1.6226
20.2752,504,1.6258
20.2794,505,1.6290
20.2837,506,1.6323
20.2881,506,1.6323
20.2925,507,1.6355
20.2970,507,1.6355
20.3014,507,1.6355
20.3058,508,1.6387
20.3101,508,1.6387
20.3144,508,1.6387
20.3187,508,1.6387
20.3230,507,1.6355
20.3273,507,1.6355
20.3316,503,1.6226
20.3359,488,1.5742
20.3403,457,1.4742
20.3445,427,1.3774
20.3489,435,1.4032
20.3532,508,1.6387
20.3575,640,2.0645
20.3618,812,2.6194
20.3666,998,3.2194
20.3709,1001,3.2290
20.3752,1001,3.2290
20.3795,998,3.2194
20.3838,899,2.9000
20.3881,673,2.1710
20.3924,496,1.6000
20.3967,411,1.3258
20.4015,387,1.2484
20.4058,402,1.2968
20.4101,430,1.3871
20.4144,452,1.4581
20.4187,461,1.4871
20.4230,462,1.4903
20.4278,462,1.4903
20.4323,462,1.4903
20.4365,464,1.4968
20.4408,464,1.4968
20.4450,465,1.5000
20.4493,466,1.5032
20.4536,468,1.5097
20.4580,469,1.5129
20.4622,469,1.5129
20.4665,470,1.5161
20.4708,471,1.5194
20.4751,472,1.5226
20.4793,473,1.5258
20.4836,474,1.5290
20.4879,476,1.5355
20.4922,476,1.5355
20.4965,477,1.5387
20.5008,476,1.5355
20.5050,477,1.5387
20.5095,478,1.5419
20.5138,479,1.5452
20.5181,478,1.5419
20.5224,480,1.5484
20.5266,480,1.5484
20.5309,481,1.5516
20.5352,482,1.5548
20.5395,482,1.5548
20.5437,484,1.5613
20.5481,484,1.5613
20.5525,484,1.5613
20.5568,484,1.5613
20.5610,485,1.5645
20.5653,485,1.5645
20.5695,487,1.5710
20.5738,491,1.5839
20.5781,502,1.6194
20.5823,515,1.6613
20.5866,527,1.7000
20.5910,542,1.7484
20.5954,554,1.7871
20.5996,566,1.8258
20.6039,580,1.8710
20.6081,591,1.9065
20.6124,603,1.9452
20.6166,614,1.9806
20.6209,623,2.0097
20.6251,629,2.0290
20.6294,636,2.0516
20.6336,643,2.0742
20.6379,646,2.0839
20.6422,647,2.0871
20.6464,649,2.0935
20.6507,649,2.0935
20.6549,645,2.0806
20.6592,641,2.0677
20.6635,635,2.0484
20.6677,626,2.0194
20.6719,619,1.9968
20.6762,607,1.9581
20.6805,595,1.9194
20.6848,583,1.8806
20.6890,570,1.8387
20.6934,556,1.7935
20.6976,543,1.7516
20.7019,529,1.7065
20.7062,515,1.6613
20.7105,502,1.6194
20.7147,488,1.5742
20.7190,474,1.5290
20.7233,461,1.4871
20.7276,449,1.4484
20.7319,441,1.4226
20.7362,439,1.4161
20.7405,439,1.4161
20.7447,441,1.4226
20.7490,443,1.4290
20.7533,445,1.4355
20.7576,445,1.4355
20.7620,447,1.4419
20.7663,449,1.4484
20.7706,450,1.4516
20.7750,451,1.4548
20.7793,453,1.4613
20.7836,454,1.4645
20.7880,456,1.4710
20.7923,455,1.4677
20.7967,456,1.4710
20.8010,457,1.4742
20.8054,458,1.4774
20.8097,459,1.4806
20.8140,460,1.4839
20.8184,461,1.4871
20.8227,463,1.4935
20.8270,465,1.5000
20.8314,465,1.5000
20.8357,465,1.5000
20.8400,466,1.5032
20.8444,467,1.5065
20.8487,467,1.5065
20.8530,469,1.5129
20.8574,471,1.5194
20.8618,472,1.5226
20.8661,473,1.5258
20.8704,474,1.5290
20.8747,474,1.5290
20.8791,475,1.5323
20.8834,476,1.5355
20.8877,477,1.5387
20.8953,478,1.5419
20.8998,480,1.5484
20.9043,480,1.5484
20.9087,480,1.5484
20.9130,482,1.5548
20.9173,482,1.5548
20.9216,482,1.5548
20.9259,483,1.5581
20.9302,483,1.5581
20.9345,485,1.5645
20.9387,486,1.5677
20.9430,486,1.5677
20.9474,488,1.5742
20.9516,488,1.5742
20.9560,489,1.5774
20.9603,490,1.5806
20.9646,492,1.5871
20.9689,491,1.5839
20.9732,492,1.5871
20.9775,495,1.5968
20.9818,493,1.5903
20.9861,495,1.5968
20.9904,496,1.6000
20.9947,496,1.6000
20.9990,498,1.6065
21.0033,499,1.6097
21.0076,498,1.6065
21.0120,497,1.6032
21.0163,498,1.6065
21.0206,499,1.6097
21.0250,499,1.6097
21.0293,499,1.6097
21.0336,499,1.6097
21.0380,500,1.6129
21.0423,500,1.6129
21.0466,501,1.6161
21.0510,501,1.6161
21.0553,502,1.6194
21.0596,501,1.6161
21.0640,502,1.6194
21.0683,502,1.6194
21.0727,503,1.6226
21.0770,503,1.6226
21.0813,506,1.6323
21.0857,506,1.6323
21.0900,506,1.6323
21.0945,508,1.6387
21.0989,508,1.6387
21.1032,509,1.6419
21.1075,508,1.6387
21.1119,508,1.6387
21.1162,509,1.6419
21.1205,509,1.6419
21.1248,510,1.6452
21.1291,510,1.6452
21.1334,508,1.6387
21.1377,509,1.6419
21.1420,509,1.6419
21.1463,510,1.6452
21.1506,510,1.6452
21.1549,510,1.6452
21.1592,509,1.6419
21.1635,510,1.6452
21.1678,510,1.6452
21.1721,511,1.6484
21.1764,512,1.6516
21.1807,510,1.6452
21.1850,512,1.6516
21.1896,512,1.6516
21.1951,513,1.6548
21.1995,513,1.6548
21.2039,515,1.6613
21.2082,514,1.6581
21.2126,514,1.6581
21.2169,514,1.6581
21.2212,514,1.6581
21.2254,514,1.6581
21.2297,515,1.6613
21.2341,515,1.6613
21.2383,515,1.6613
21.2426,516,1.6645
21.2469,516,1.6645
21.2512,516,1.6645
21.2555,516,1.6645
21.2598,516,1.6645
21.2642,516,1.6645
21.2685,516,1.6645
21.2728,517,1.6677
21.2771,517,1.6677
21.2814,518,1.6710
21.2857,519,1.6742
21.2900,518,1.6710
21.2943,518,1.6710
21.2986,519,1.6742
21.3029,519,1.6742
21.3072,518,1.6710
21.3115,518,1.6710
21.3159,518,1.6710
21.3202,519,1.6742
21.3245,520,1.6774
21.3289,519,1.6742
21.3332,520,1.6774
21.3376,519,1.6742
21.3419,520,1.6774
21.3462,520,1.6774
21.3505,521,1.6806
21.3549,522,1.6839
21.3592,521,1.6806
21.3636,521,1.6806
21.3679,520,1.6774
21.3723,520,1.6774
21.3766,521,1.6806
21.3810,522,1.6839
21.3853,521,1.6806
21.3896,522,1.6839
21.3940,521,1.6806
21.3984,521,1.6806
21.4027,521,1.6806
21.4070,521,1.6806
21.4114,521,1.6806
21.4157,522,1.6839
21.4200,522,1.6839
21.4243,520,1.6774
21.4286,521,1.6806
21.4329,521,1.6806
21.4372,522,1.6839
21.4415,522,1.6839
21.4457,521,1.6806
21.4500,524,1.6903
21.4543,523,1.6871
21.4586,522,1.6839
21.4629,522,1.6839
21.4672,522,1.6839
21.4715,522,1.6839
21.4758,523,1.6871
21.4802,523,1.6871
21.4845,522,1.6839
21.4888,524,1.6903
21.4931,523,1.6871
21.4974,525,1.6935
21.5017,525,1.6935
21.5060,525,1.6935
21.5103,523,1.6871
21.5146,524,1.6903
21.5189,525,1.6935
21.5233,525,1.6935
21.5275,526,1.6968
21.5318,525,1.6935
21.5361,525,1.6935
21.5405,523,1.6871
21.5447,522,1.6839
21.5490,522,1.6839
21.5533,522,1.6839
21.5576,523,1.6871
21.5619,523,1.6871
21.5662,523,1.6871
21.5705,524,1.6903
21.5748,524,1.6903
21.5791,524,1.6903
21.5834,524,1.6903
21.5877,523,1.6871
21.5920,524,1.6903
21.5964,524,1.6903
21.6007,524,1.6903
21.6050,524,1.6903
21.6093,524,1.6903
21.6136,524,1.6903
21.6180,525,1.6935
21.6223,524,1.6903
21.6266,524,1.6903
21.6310,523,1.6871
21.6353,523,1.6871
21.6396,523,1.6871
21.6440,522,1.6839
21.6483,521,1.6806
21.6526,520,1.6774
21.6570,521,1.6806
21.6613,522,1.6839
21.6657,522,1.6839
21.6700,522,1.6839
21.6743,523,1.6871
21.6787,531,1.7129
21.6830,542,1.7484
21.6873,555,1.7903
21.6917,569,1.8355
21.6960,583,1.8806
21.7004,595,1.9194
21.7047,604,1.9484
21.7090,611,1.9710
21.7134,614,1.9806
21.7177,613,1.9774
21.7221,606,1.9548
21.7264,599,1.9323
21.7307,588,1.8968
21.7350,577,1.8613
21.7429,551,1.7774
21.7472,536,1.7290
21.7515,521,1.6806
21.7558,510,1.6452
21.7601,505,1.6290
21.7644,504,1.6258
21.7688,505,1.6290
21.7730,505,1.6290
21.7773,505,1.6290
21.7816,505,1.6290
21.7859,506,1.6323
21.7903,507,1.6355
21.7952,507,1.6355
21.7996,509,1.6419
21.8040,507,1.6355
21.8083,508,1.6387
21.8126,507,1.6355
21.8169,507,1.6355
21.8212,508,1.6387
21.8255,509,1.6419
21.8298,508,1.6387
21.8341,501,1.6161
21.8384,479,1.5452
21.8427,445,1.4355
21.8470,423,1.3645
21.8513,451,1.4548
21.8556,542,1.7484
21.8599,688,2.2194
21.8642,867,2.7968
21.8685,1000,3.2258
21.8728,1001,3.2290
21.8771,1002,3.2323
21.8814,995,3.2097
21.8857,856,2.7613
21.8900,629,2.0290
21.8943,471,1.5194
21.8986,400,1.2903
21.9029,387,1.2484
21.9072,405,1.3065
21.9115,434,1.4000
21.9158,454,1.4645
21.9202,462,1.4903
21.9245,463,1.4935
21.9288,463,1.4935
21.9332,463,1.4935
21.9375,464,1.4968
21.9418,465,1.5000
21.9462,466,1.5032
21.9505,467,1.5065
21.9548,468,1.5097
21.9592,469,1.5129
21.9635,470,1.5161
21.9678,470,1.5161
21.9722,470,1.5161
21.9766,472,1.5226
21.9809,472,1.5226
21.9852,473,1.5258
21.9896,473,1.5258
21.9939,476,1.5355
21.9983,477,1.5387
22.0026,478,1.5419
22.0069,479,1.5452
22.0112,480,1.5484
22.0157,481,1.5516
22.0201,481,1.5516
22.0244,481,1.5516
22.0287,482,1.5548
22.0330,483,1.5581
22.0373,483,1.5581
22.0416,483,1.5581
22.0458,482,1.5548
22.0501,481,1.5516
22.0544,482,1.5548
22.0587,484,1.5613
22.0630,486,1.5677
22.0673,486,1.5677
22.0716,489,1.5774
22.0759,497,1.6032
22.0802,509,1.6419
22.0845,521,1.6806
22.0892,536,1.7290
22.0957,554,1.7871
22.1002,569,1.8355
22.1046,582,1.8774
22.1088,594,1.9161
22.1132,605,1.9516
22.1175,614,1.9806
22.1218,623,2.0097
22.1261,629,2.0290
22.1304,633,2.0419
22.1347,639,2.0613
22.1390,643,2.0742
22.1433,645,2.0806
22.1476,647,2.0871
22.1519,647,2.0871
22.1562,645,2.0806
22.1605,641,2.0677
22.1648,635,2.0484
22.1691,628,2.0258
22.1734,620,2.0000
22.1777,611,1.9710
22.1820,601,1.9387
22.1863,589,1.9000
22.1906,576,1.8581
22.1950,562,1.8129
22.1994,548,1.7677
22.2037,534,1.7226
22.2080,521,1.6806
22.2123,507,1.6355
22.2166,493,1.5903
22.2209,480,1.5484
22.2252,466,1.5032
22.2296,455,1.4677
22.2339,443,1.4290
22.2382,439,1.4161
22.2426,438,1.4129
22.2469,439,1.4161
22.2512,441,1.4226
22.2556,442,1.4258
22.2599,444,1.4323
22.2643,444,1.4323
22.2686,446,1.4387
22.2729,447,1.4419
22.2773,449,1.4484
22.2816,450,1.4516
22.2859,452,1.4581
22.2904,453,1.4613
22.2947,454,1.4645
22.2991,455,1.4677
22.3034,455,1.4677
22.3077,456,1.4710
22.3121,457,1.4742
22.3164,460,1.4839
22.3208,462,1.4903
22.3251,462,1.4903
22.3294,463,1.4935
22.3337,463,1.4935
22.3380,464,1.4968
22.3423,466,1.5032
22.3466,467,1.5065
22.3509,467,1.5065
22.3552,468,1.5097
22.3594,469,1.5129
22.3638,470,1.5161
22.3681,472,1.5226
22.3723,472,1.5226
22.3766,472,1.5226
22.3809,474,1.5290
22.3853,475,1.5323
22.3896,473,1.5258
22.3938,475,1.5323
22.3982,476,1.5355
22.4024,478,1.5419
22.4068,478,1.5419
22.4111,479,1.5452
22.4153,480,1.5484
22.4196,480,1.5484
22.4240,481,1.5516
22.4283,481,1.5516
22.4326,482,1.5548
22.4370,484,1.5613
22.4413,485,1.5645
22.4456,486,1.5677
22.4500,487,1.5710
22.4543,487,1.5710
22.4586,488,1.5742
22.4630,488,1.5742
22.4673,488,1.5742
22.4716,489,1.5774
22.4760,490,1.5806
22.4803,491,1.5839
22.4846,493,1.5903
22.4890,493,1.5903
22.4933,492,1.5871
22.4977,493,1.5903
22.5021,494,1.5935
22.5064,495,1.5968
22.5107,495,1.5968
22.5151,496,1.6000
22.5195,497,1.6032
22.5238,497,1.6032
22.5282,497,1.6032
22.5325,497,1.6032
22.5368,498,1.6065
22.5411,498,1.6065
22.5454,498,1.6065
22.5497,498,1.6065
22.5540,499,1.6097
22.5583,500,1.6129
22.5625,500,1.6129
22.5668,502,1.6194
22.5712,502,1.6194
22.5755,503,1.6226
22.5798,504,1.6258
22.5841,506,1.6323
22.5884,505,1.6290
22.5927,505,1.6290
22.5970,506,1.6323
22.6013,506,1.6323
22.6056,506,1.6323
22.6099,507,1.6355
22.6142,507,1.6355
22.6185,507,1.6355
22.6228,507,1.6355
22.6271,508,1.6387
22.6315,509,1.6419
22.6358,508,1.6387
22.6401,510,1.6452
22.6445,510,1.6452
22.6488,510,1.6452
22.6532,510,1.6452
22.6575,510,1.6452
22.6619,510,1.6452
22.6664,511,1.6484
22.6709,511,1.6484
22.6753,510,1.6452
22.6798,511,1.6484
22.6842,511,1.6484
22.6886,511,1.6484
22.6943,512,1.6516
22.6988,512,1.6516
22.7033,513,1.6548
22.7081,513,1.6548
22.7125,514,1.6581
22.7170,514,1.6581
22.7215,513,1.6548
22.7260,515,1.6613
22.7304,515,1.6613
22.7347,514,1.6581
22.7389,516,1.6645
22.7431,516,1.6645
22.7473,515,1.6613
22.7515,515,1.6613
22.7557,515,1.6613
22.7599,516,1.6645
22.7641,515,1.6613
22.7683,516,1.6645
22.7725,515,1.6613
22.7768,516,1.6645
22.7811,517,1.6677
22.7853,517,1.6677
22.7896,516,1.6645
22.7940,517,1.6677
22.7983,518,1.6710
22.8026,518,1.6710
22.8068,518,1.6710
22.8111,518,1.6710
22.8153,519,1.6742
22.8196,519,1.6742
22.8238,519,1.6742
22.8281,519,1.6742
22.8323,520,1.6774
22.8366,519,1.6742
22.8409,520,1.6774
22.8451,521,1.6806
22.8494,522,1.6839
22.8537,521,1.6806
22.8579,520,1.6774
22.8622,519,1.6742
22.8665,519,1.6742
22.8707,519,1.6742
22.8750,519,1.6742
22.8793,521,1.6806
22.8835,521,1.6806
22.8878,522,1.6839
22.8921,521,1.6806
22.8964,521,1.6806
22.9006,521,1.6806
22.9049,522,1.6839
22.9092,520,1.6774
22.9134,520,1.6774
22.9177,521,1.6806
22.9220,523,1.6871
22.9262,523,1.6871
22.9306,522,1.6839
22.9349,523,1.6871
22.9393,523,1.6871
22.9436,524,1.6903
22.9480,523,1.6871
22.9523,523,1.6871
22.9566,523,1.6871
22.9610,522,1.6839
22.9653,522,1.6839
22.9696,522,1.6839
22.9739,521,1.6806
22.9783,521,1.6806
22.9826,521,1.6806
22.9870,521,1.6806
22.9913,523,1.6871
22.9958,523,1.6871
23.0002,524,1.6903
23.0047,524,1.6903
23.0090,523,1.6871
23.0133,523,1.6871
23.0177,523,1.6871
23.0221,523,1.6871
23.0264,524,1.6903
23.0308,523,1.6871
23.0351,524,1.6903
23.0394,524,1.6903
23.0437,525,1.6935
23.0480,523,1.6871
23.0522,522,1.6839
23.0565,523,1.6871
23.0608,525,1.6935
23.0651,525,1.6935
23.0694,525,1.6935
23.0737,524,1.6903
23.0780,524,1.6903
23.0823,524,1.6903
23.0866,524,1.6903
23.0909,524,1.6903
23.0952,524,1.6903
23.0995,524,1.6903
23.1038,525,1.6935
23.1081,525,1.6935
23.1124,525,1.6935
23.1167,525,1.6935
23.1209,525,1.6935
23.1253,525,1.6935
23.1296,523,1.6871
23.1339,522,1.6839
23.1382,523,1.6871
23.1426,524,1.6903
23.1469,522,1.6839
23.1513,522,1.6839
23.1556,523,1.6871
23.1599,524,1.6903
23.1642,524,1.6903
23.1686,523,1.6871
23.1729,523,1.6871
23.1772,523,1.6871
23.1816,522,1.6839
23.1859,524,1.6903
23.1902,523,1.6871
23.1945,530,1.7097
23.1989,541,1.7452
23.2032,555,1.7903
23.2076,569,1.8355
23.2119,582,1.8774
23.2162,594,1.9161
23.2205,602,1.9419
23.2249,610,1.9677
23.2292,611,1.9710
23.2335,613,1.9774
23.2378,609,1.9645
23.2421,601,1.9387
23.2464,590,1.9032
23.2507,574,1.8516
23.2550,561,1.8097
23.2593,547,1.7645
23.2636,532,1.7161
23.2679,518,1.6710
23.2722,507,1.6355
23.2765,502,1.6194
23.2808,503,1.6226
23.2851,504,1.6258
23.2894,505,1.6290
23.2937,505,1.6290
23.2980,505,1.6290
23.3023,507,1.6355
23.3066,508,1.6387
23.3109,507,1.6355
23.3152,507,1.6355
23.3195,506,1.6323
23.3237,507,1.6355
23.3281,507,1.6355
23.3325,507,1.6355
23.3368,508,1.6387
23.3412,508,1.6387
23.3455,509,1.6419
23.3498,503,1.6226
23.3542,482,1.5548
23.3585,450,1.4516
23.3628,425,1.3710
23.3671,449,1.4484
23.3715,538,1.7355
23.3758,683,2.2032
23.3801,862,2.7806
23.3845,998,3.2194
23.3888,1002,3.2323
23.3931,1002,3.2323
23.3975,994,3.2065
23.4018,856,2.7613
23.4061,628,2.0258
23.4105,470,1.5161
23.4148,400,1.2903
23.4191,386,1.2452
23.4234,404,1.3032
23.4278,434,1.4000
23.4322,453,1.4613
23.4365,460,1.4839
23.4408,462,1.4903
23.4450,462,1.4903
23.4493,464,1.4968
23.4536,465,1.5000
23.4579,467,1.5065
23.4622,467,1.5065
23.4665,468,1.5097
23.4708,467,1.5065
23.4751,468,1.5097
23.4794,470,1.5161
23.4837,470,1.5161
23.4880,470,1.5161
23.4923,470,1.5161
23.4966,472,1.5226
23.5009,473,1.5258
23.5052,475,1.5323
23.5095,474,1.5290
23.5138,475,1.5323
23.5184,477,1.5387
23.5227,478,1.5419
23.5270,478,1.5419
23.5313,479,1.5452
23.5357,479,1.5452
23.5400,481,1.5516
23.5444,482,1.5548
23.5487,482,1.5548
23.5530,483,1.5581
23.5574,483,1.5581
23.5617,484,1.5613
23.5660,484,1.5613
23.5703,485,1.5645
23.5747,485,1.5645
23.5790,486,1.5677
23.5833,487,1.5710
23.5877,490,1.5806
23.5921,499,1.6097
23.5965,511,1.6484
23.6009,523,1.6871
23.6053,538,1.7355
23.6097,551,1.7774
23.6140,562,1.8129
23.6183,577,1.8613
23.6227,589,1.9000
23.6270,601,1.9387
23.6313,609,1.9645
23.6357,619,1.9968
23.6400,628,2.0258
23.6443,636,2.0516
23.6486,640,2.0645
23.6528,645,2.0806
23.6571,648,2.0903
23.6614,649,2.0935
23.6657,648,2.0903
23.6700,646,2.0839
23.6743,640,2.0645
23.6786,635,2.0484
23.6829,627,2.0226
23.6872,619,1.9968
23.6915,609,1.9645
23.6958,598,1.9290
23.7001,586,1.8903
23.7044,574,1.8516
23.7087,560,1.8065
23.7130,545,1.7581
23.7173,531,1.7129
23.7217,517,1.6677
23.7260,503,1.6226
23.7303,489,1.5774
23.7345,477,1.5387
23.7389,464,1.4968
23.7432,453,1.4613
23.7475,443,1.4290
23.7518,439,1.4161
23.7561,441,1.4226
23.7604,442,1.4258
23.7647,443,1.4290
23.7689,445,1.4355
23.7732,446,1.4387
23.7775,447,1.4419
23.7818,448,1.4452
23.7861,448,1.4452
23.7904,451,1.4548
23.7947,452,1.4581
23.7990,455,1.4677
23.8033,456,1.4710
23.8076,456,1.4710
23.8119,455,1.4677
23.8162,456,1.4710
23.8205,458,1.4774
23.8248,460,1.4839
23.8291,462,1.4903
23.8334,462,1.4903
23.8377,463,1.4935
23.8421,463,1.4935
23.8464,464,1.4968
23.8507,465,1.5000
23.8551,466,1.5032
23.8594,468,1.5097
23.8637,469,1.5129
23.8681,470,1.5161
23.8724,471,1.5194
23.8767,471,1.5194
23.8810,472,1.5226
23.8854,472,1.5226
23.8897,472,1.5226
23.8941,475,1.5323
23.8996,478,1.5419
23.9041,477,1.5387
23.9085,477,1.5387
23.9128,477,1.5387
23.9172,478,1.5419
23.9215,479,1.5452
23.9258,480,1.5484
23.9302,481,1.5516
23.9345,482,1.5548
23.9388,483,1.5581
23.9431,484,1.5613
23.9474,484,1.5613
23.9517,484,1.5613
23.9560,485,1.5645
23.9603,487,1.5710
23.9646,487,1.5710
23.9689,488,1.5742
23.9732,488,1.5742
23.9775,489,1.5774
23.9818,490,1.5806
23.9861,491,1.5839
23.9904,491,1.5839
23.9947,492,1.5871
23.9990,492,1.5871
24.0033,492,1.5871
24.0076,493,1.5903
24.0119,493,1.5903
24.0162,495,1.5968
24.0205,496,1.6000
24.0247,495,1.5968
24.0291,495,1.5968
24.0333,495,1.5968
24.0376,497,1.6032
24.0420,498,1.6065
24.0463,498,1.6065
24.0507,499,1.6097
24.0550,500,1.6129
24.0593,499,1.6097
24.0636,500,1.6129
24.0680,500,1.6129
24.0723,500,1.6129
24.0767,501,1.6161
24.0810,502,1.6194
24.0853,503,1.6226
24.0897,503,1.6226
24.0940,503,1.6226
24.0983,503,1.6226
24.1027,503,1.6226
24.1070,503,1.6226
24.1113,503,1.6226
24.1156,504,1.6258
24.1200,506,1.6323
24.1243,507,1.6355
24.1286,507,1.6355
24.1330,506,1.6323
24.1373,506,1.6323
24.1416,507,1.6355
24.1459,508,1.6387
24.1502,509,1.6419
24.1545,509,1.6419
24.1588,509,1.6419
24.1631,510,1.6452
24.1674,511,1.6484
24.1717,510,1.6452
24.1760,509,1.6419
24.1803,510,1.6452
24.1846,511,1.6484
24.1889,512,1.6516
24.1932,512,1.6516
24.1975,512,1.6516
24.2018,513,1.6548
24.2061,514,1.6581
24.2103,514,1.6581
24.2147,514,1.6581
24.2189,515,1.6613
24.2232,514,1.6581
24.2275,515,1.6613
24.2318,516,1.6645
24.2362,516,1.6645
24.2405,516,1.6645
24.2449,517,1.6677
24.2492,517,1.6677
24.2535,516,1.6645
24.2579,516,1.6645
24.2622,517,1.6677
24.2665,518,1.6710
24.2708,518,1.6710
24.2752,518,1.6710
24.2795,518,1.6710
24.2838,518,1.6710
24.2882,517,1.6677
24.2925,517,1.6677
24.2969,519,1.6742
24.3012,519,1.6742
24.3055,519,1.6742
24.3098,519,1.6742
24.3142,519,1.6742
24.3185,520,1.6774
24.3228,520,1.6774
24.3272,519,1.6742
24.3315,519,1.6742
24.3358,521,1.6806
24.3401,521,1.6806
24.3445,521,1.6806
24.3488,521,1.6806
24.3531,520,1.6774
24.3574,520,1.6774
24.3616,519,1.6742
24.3659,520,1.6774
24.3702,520,1.6774
24.3745,518,1.6710
24.3788,519,1.6742
24.3831,520,1.6774
24.3874,522,1.6839
24.3917,521,1.6806
24.3960,521,1.6806
24.4003,521,1.6806
24.4046,522,1.6839
24.4089,522,1.6839
24.4132,521,1.6806
24.4175,522,1.6839
24.4218,522,1.6839
24.4261,523,1.6871
24.4304,523,1.6871
24.4347,522,1.6839
24.4390,522,1.6839
24.4433,522,1.6839
24.4476,522,1.6839
24.4519,521,1.6806
24.4563,522,1.6839
24.4606,523,1.6871
24.4649,521,1.6806
24.4693,522,1.6839
24.4736,521,1.6806
24.4780,522,1.6839
24.4823,523,1.6871
24.4866,523,1.6871
24.4910,522,1.6839
24.4957,522,1.6839
24.5008,523,1.6871
24.5052,522,1.6839
24.5096,523,1.6871
24.5139,522,1.6839
24.5182,522,1.6839
24.5226,522,1.6839
24.5270,522,1.6839
24.5313,522,1.6839
24.5356,523,1.6871
24.5401,523,1.6871
24.5451,523,1.6871
24.5495,523,1.6871
24.5537,523,1.6871
24.5584,523,1.6871
24.5628,522,1.6839
24.5670,523,1.6871
24.5713,523,1.6871
24.5756,524,1.6903
24.5799,524,1.6903
24.5843,524,1.6903
24.5885,524,1.6903
24.5928,524,1.6903
24.5972,523,1.6871
24.6015,524,1.6903
24.6058,524,1.6903
24.6101,523,1.6871
24.6144,523,1.6871
24.6187,521,1.6806
24.6230,522,1.6839
24.6273,523,1.6871
24.6316,523,1.6871
24.6359,524,1.6903
24.6405,524,1.6903
24.6449,523,1.6871
24.6492,522,1.6839
24.6535,523,1.6871
24.6578,523,1.6871
24.6621,523,1.6871
24.6664,524,1.6903
24.6707,525,1.6935
24.6750,525,1.6935
24.6793,525,1.6935
24.6836,524,1.6903
24.6880,524,1.6903
24.6923,523,1.6871
24.6966,525,1.6935
24.7009,535,1.7258
24.7052,549,1.7710
24.7095,563,1.8161
24.7138,575,1.8548
24.7181,587,1.8935
24.7227,599,1.9323
24.7270,608,1.9613
24.7313,614,1.9806
24.7356,614,1.9806
24.7399,611,1.9710
24.7442,606,1.9548
24.7485,596,1.9226
24.7528,583,1.8806
24.7571,570,1.8387
24.7614,554,1.7871
24.7657,539,1.7387
24.7700,525,1.6935
24.7743,513,1.6548
24.7786,506,1.6323
24.7829,504,1.6258
24.7872,504,1.6258
24.7916,504,1.6258
24.7961,505,1.6290
24.8005,506,1.6323
24.8050,505,1.6290
24.8093,505,1.6290
24.8136,508,1.6387
24.8179,508,1.6387
24.8222,509,1.6419
24.8265,508,1.6387
24.8309,508,1.6387
24.8352,509,1.6419
24.8394,508,1.6387
24.8439,508,1.6387
24.8482,508,1.6387
24.8525,506,1.6323
24.8568,491,1.5839
24.8610,461,1.4871
24.8653,429,1.3839
24.8696,431,1.3903
24.8738,495,1.5968
24.8781,617,1.9903
24.8824,782,2.5226
24.8866,966,3.1161
24.8909,1001,3.2290
24.8952,1001,3.2290
24.8994,1000,3.2258
24.9037,952,3.0710
24.9080,743,2.3968
24.9122,543,1.7516
24.9165,429,1.3839
24.9208,389,1.2548
24.9250,392,1.2645
24.9293,418,1.3484
24.9336,444,1.4323
24.9378,458,1.4774
24.9421,463,1.4935
24.9464,464,1.4968
24.9507,464,1.4968
24.9550,463,1.4935
24.9593,463,1.4935
24.9636,464,1.4968
24.9679,465,1.5000
24.9722,466,1.5032
24.9765,466,1.5032
24.9808,468,1.5097
24.9851,469,1.5129
24.9894,470,1.5161
24.9937,470,1.5161
24.9980,471,1.5194
25.0022,473,1.5258
25.0065,474,1.5290
25.0109,475,1.5323
25.0151,475,1.5323
25.0199,476,1.5355
25.0243,477,1.5387
25.0314,477,1.5387
25.0358,478,1.5419
25.0403,479,1.5452
25.0451,481,1.5516
25.0506,481,1.5516
25.0550,481,1.5516
25.0593,482,1.5548
25.0636,483,1.5581
25.0679,484,1.5613
25.0723,483,1.5581
25.0766,484,1.5613
25.0809,485,1.5645
25.0852,486,1.5677
25.0894,487,1.5710
25.0937,491,1.5839
25.0980,501,1.6161
25.1023,514,1.6581
25.1066,528,1.7032
25.1109,541,1.7452
25.1151,554,1.7871
25.1194,566,1.8258
25.1237,581,1.8742
25.1280,592,1.9097
25.1322,603,1.9452
25.1365,612,1.9742
25.1408,621,2.0032
25.1451,628,2.0258
25.1494,632,2.0387
25.1543,638,2.0581
25.1586,642,2.0710
25.1629,645,2.0806
25.1672,648,2.0903
25.1715,646,2.0839
25.1758,646,2.0839
25.1801,644,2.0774
25.1844,638,2.0581
25.1887,630,2.0323
25.1930,621,2.0032
25.1975,611,1.9710
25.2018,600,1.9355
25.2061,588,1.8968
25.2104,574,1.8516
25.2147,562,1.8129
25.2190,548,1.7677
25.2233,536,1.7290
25.2276,522,1.6839
25.2319,508,1.6387
25.2364,496,1.6000
25.2407,482,1.5548
25.2450,469,1.5129
25.2493,457,1.4742
25.2536,445,1.4355
25.2579,440,1.4194
25.2623,440,1.4194
25.2666,441,1.4226
25.2708,443,1.4290
25.2751,444,1.4323
25.2794,445,1.4355
25.2838,447,1.4419
25.2881,447,1.4419
25.2924,448,1.4452
25.2970,448,1.4452
25.3013,450,1.4516
25.3057,451,1.4548
25.3100,452,1.4581
25.3143,453,1.4613
25.3186,455,1.4677
25.3229,458,1.4774
25.3272,458,1.4774
25.3315,457,1.4742
25.3358,457,1.4742
25.3401,459,1.4806
25.3444,461,1.4871
25.3491,462,1.4903
25.3534,464,1.4968
25.3577,464,1.4968
25.3620,465,1.5000
25.3663,466,1.5032
25.3706,466,1.5032
25.3749,466,1.5032
25.3792,467,1.5065
25.3840,468,1.5097
25.3883,470,1.5161
25.3927,471,1.5194
25.3971,472,1.5226
25.4015,473,1.5258
25.4059,474,1.5290
25.4102,474,1.5290
25.4145,475,1.5323
25.4188,476,1.5355
25.4231,476,1.5355
25.4274,477,1.5387
25.4317,478,1.5419
25.4360,479,1.5452
25.4403,480,1.5484
25.4446,479,1.5452
25.4490,481,1.5516
25.4533,482,1.5548
25.4576,483,1.5581
25.4621,485,1.5645
25.4665,486,1.5677
25.4708,486,1.5677
25.4751,486,1.5677
25.4794,487,1.5710
25.4837,488,1.5742
25.4880,488,1.5742
25.4923,489,1.5774
25.4966,490,1.5806
25.5011,492,1.5871
25.5054,491,1.5839
25.5097,493,1.5903
25.5140,492,1.5871
25.5183,492,1.5871
25.5226,493,1.5903
25.5269,495,1.5968
25.5312,495,1.5968
25.5355,495,1.5968
25.5398,496,1.6000
25.5441,497,1.6032
25.5484,497,1.6032
25.5527,497,1.6032
25.5571,497,1.6032
25.5613,497,1.6032
25.5656,499,1.6097
25.5700,499,1.6097
25.5743,499,1.6097
25.5786,500,1.6129
25.5828,500,1.6129
25.5871,502,1.6194
25.5915,501,1.6161
25.5958,502,1.6194
25.6001,503,1.6226
25.6044,504,1.6258
25.6092,505,1.6290
25.6135,505,1.6290
25.6178,506,1.6323
25.6222,505,1.6290
25.6265,504,1.6258
25.6308,505,1.6290
25.6351,506,1.6323
25.6394,507,1.6355
25.6437,507,1.6355
25.6480,508,1.6387
25.6523,507,1.6355
25.6566,508,1.6387
25.6609,509,1.6419
25.6652,510,1.6452
25.6695,509,1.6419
25.6738,511,1.6484
25.6781,511,1.6484
25.6824,511,1.6484
25.6867,511,1.6484
25.6911,512,1.6516
25.6957,512,1.6516
25.7001,514,1.6581
25.7046,512,1.6516
25.7089,513,1.6548
25.7133,513,1.6548
25.7176,511,1.6484
25.7218,513,1.6548
25.7261,515,1.6613
25.7304,514,1.6581
25.7348,514,1.6581
25.7391,514,1.6581
25.7433,514,1.6581
25.7479,515,1.6613
25.7523,515,1.6613
25.7566,516,1.6645
25.7609,516,1.6645
25.7652,515,1.6613
25.7696,516,1.6645
25.7739,515,1.6613
25.7782,514,1.6581
25.7825,516,1.6645
25.7868,517,1.6677
25.7911,517,1.6677
25.7954,515,1.6613
25.7997,517,1.6677
25.8040,516,1.6645
25.8083,516,1.6645
25.8126,516,1.6645
25.8170,517,1.6677
25.8213,518,1.6710
25.8255,519,1.6742
25.8298,519,1.6742
25.8342,518,1.6710
25.8385,518,1.6710
25.8427,520,1.6774
25.8470,519,1.6742
25.8513,520,1.6774
25.8557,519,1.6742
25.8600,519,1.6742
25.8643,519,1.6742
25.8686,519,1.6742
25.8729,519,1.6742
25.8772,519,1.6742
25.8815,519,1.6742
25.8858,519,1.6742
25.8901,520,1.6774
25.8944,521,1.6806
25.8987,520,1.6774
25.9030,520,1.6774
25.9073,521,1.6806
25.9116,522,1.6839
25.9159,521,1.6806
25.9202,522,1.6839
25.9245,521,1.6806
25.9288,521,1.6806
25.9331,521,1.6806
25.9374,521,1.6806
25.9417,522,1.6839
25.9460,522,1.6839
25.9503,523,1.6871
25.9546,522,1.6839
25.9590,522,1.6839
25.9633,522,1.6839
25.9676,523,1.6871
25.9718,523,1.6871
25.9766,524,1.6903
25.9810,523,1.6871
25.9853,523,1.6871
25.9895,524,1.6903
25.9938,523,1.6871
25.9982,524,1.6903
26.0025,523,1.6871
26.0068,523,1.6871
26.0111,522,1.6839
26.0154,523,1.6871
26.0197,522,1.6839
26.0240,521,1.6806
26.0283,522,1.6839
26.0326,523,1.6871
26.0369,524,1.6903
26.0412,524,1.6903
26.0455,523,1.6871
26.0498,524,1.6903
26.0541,523,1.6871
26.0585,523,1.6871
26.0628,524,1.6903
26.0671,524,1.6903
26.0714,524,1.6903
26.0757,523,1.6871
26.0800,523,1.6871
26.0843,524,1.6903
26.0886,523,1.6871
26.0929,522,1.6839
26.0972,523,1.6871
26.1015,524,1.6903
26.1058,525,1.6935
26.1101,524,1.6903
26.1144,524,1.6903
26.1187,524,1.6903
26.1230,524,1.6903
26.1273,524,1.6903
26.1316,525,1.6935
26.1359,524,1.6903
26.1403,525,1.6935
26.1446,525,1.6935
26.1488,524,1.6903
26.1531,522,1.6839
26.1574,525,1.6935
26.1618,525,1.6935
26.1661,524,1.6903
26.1704,524,1.6903
26.1747,523,1.6871
26.1790,524,1.6903
26.1833,523,1.6871
26.1876,524,1.6903
26.1919,524,1.6903
26.1962,525,1.6935
26.2005,526,1.6968
26.2048,526,1.6968
26.2091,530,1.7097
26.2134,540,1.7419
26.2177,554,1.7871
26.2221,568,1.8323
26.2264,582,1.8774
26.2307,593,1.9129
26.2350,603,1.9452
26.2393,610,1.9677
26.2436,614,1.9806
26.2479,612,1.9742
26.2522,607,1.9581
26.2565,601,1.9387
26.2608,590,1.9032
26.2652,579,1.8677
26.2695,565,1.8226
26.2737,549,1.7710
26.2780,534,1.7226
26.2828,519,1.6742
26.2871,508,1.6387
26.2914,504,1.6258
26.2958,503,1.6226
26.3003,504,1.6258
26.3047,505,1.6290
26.3090,507,1.6355
26.3132,507,1.6355
26.3175,507,1.6355
26.3217,507,1.6355
26.3260,507,1.6355
26.3303,508,1.6387
26.3345,509,1.6419
26.3387,509,1.6419
26.3430,510,1.6452
26.3473,510,1.6452
26.3515,510,1.6452
26.3558,509,1.6419
26.3601,510,1.6452
26.3643,505,1.6290
26.3686,487,1.5710
26.3729,457,1.4742
26.3772,428,1.3806
26.3815,441,1.4226
26.3857,516,1.6645
26.3900,650,2.0968
26.3943,817,2.6355
26.3985,993,3.2032
26.4028,1000,3.2258
26.4071,999,3.2226
26.4114,999,3.2226
26.4156,917,2.9581
26.4199,698,2.2516
26.4242,513,1.6548
26.4284,416,1.3419
26.4327,385,1.2419
26.4369,394,1.2710
26.4412,422,1.3613
26.4455,447,1.4419
26.4497,459,1.4806
26.4540,463,1.4935
26.4583,463,1.4935
26.4626,464,1.4968
26.4668,465,1.5000
26.4711,465,1.5000
26.4754,464,1.4968
26.4796,466,1.5032
26.4839,468,1.5097
26.4883,468,1.5097
26.4926,468,1.5097
26.4969,469,1.5129
26.5012,470,1.5161
26.5054,471,1.5194
26.5097,472,1.5226
26.5139,472,1.5226
26.5182,473,1.5258
26.5225,474,1.5290
26.5268,476,1.5355
26.5310,476,1.5355
26.5353,476,1.5355
26.5395,477,1.5387
26.5438,478,1.5419
26.5481,479,1.5452
26.5523,480,1.5484
26.5566,481,1.5516
26.5609,481,1.5516
26.5652,481,1.5516
26.5695,482,1.5548
26.5738,483,1.5581
26.5781,485,1.5645
26.5824,485,1.5645
26.5867,485,1.5645
26.5911,486,1.5677
26.5954,486,1.5677
26.5999,488,1.5742
26.6042,492,1.5871
26.6086,501,1.6161
26.6130,513,1.6548
26.6174,528,1.7032
26.6217,541,1.7452
26.6260,554,1.7871
26.6303,567,1.8290
26.6347,579,1.8677
26.6390,592,1.9097
26.6433,603,1.9452
26.6477,613,1.9774
26.6521,622,2.0065
26.6564,629,2.0290
26.6607,637,2.0548
26.6650,643,2.0742
26.6693,647,2.0871
26.6737,647,2.0871
26.6779,648,2.0903
26.6822,648,2.0903
26.6865,644,2.0774
26.6909,639,2.0613
26.6952,633,2.0419
26.6995,625,2.0161
26.7038,617,1.9903
26.7081,605,1.9516
26.7124,593,1.9129
26.7167,581,1.8742
26.7210,570,1.8387
26.7253,555,1.7903
26.7296,542,1.7484
26.7339,527,1.7000
26.7382,514,1.6581
26.7425,500,1.6129
26.7468,486,1.5677
26.7511,472,1.5226
26.7554,459,1.4806
26.7597,447,1.4419
26.7641,441,1.4226
26.7684,438,1.4129
26.7727,440,1.4194
26.7770,443,1.4290
26.7813,444,1.4323
26.7856,444,1.4323
26.7898,444,1.4323
26.7941,447,1.4419
26.7985,448,1.4452
26.8028,451,1.4548
26.8070,452,1.4581
26.8113,454,1.4645
26.8157,454,1.4645
26.8200,454,1.4645
26.8243,455,1.4677
26.8286,455,1.4677
26.8329,456,1.4710
26.8372,458,1.4774
26.8415,460,1.4839
26.8458,462,1.4903
26.8501,463,1.4935
26.8544,463,1.4935
26.8587,463,1.4935
26.8630,465,1.5000
26.8673,465,1.5000
26.8716,466,1.5032
26.8759,467,1.5065
26.8802,469,1.5129
26.8845,470,1.5161
26.8887,471,1.5194
26.8931,471,1.5194
26.8974,473,1.5258
26.9017,474,1.5290
26.9060,474,1.5290
26.9103,476,1.5355
26.9146,476,1.5355
26.9189,478,1.5419
26.9232,478,1.5419
26.9275,478,1.5419
26.9318,479,1.5452
26.9361,479,1.5452
26.9404,479,1.5452
26.9447,480,1.5484
26.9490,482,1.5548
26.9533,482,1.5548
26.9576,483,1.5581
26.9619,484,1.5613
26.9662,485,1.5645
26.9705,485,1.5645
26.9748,486,1.5677
26.9791,487,1.5710
26.9834,489,1.5774
26.9876,489,1.5774
26.9919,490,1.5806
26.9962,490,1.5806
27.0005,491,1.5839
27.0048,491,1.5839
27.0091,492,1.5871
27.0134,491,1.5839
27.0177,492,1.5871
27.0221,493,1.5903
27.0264,493,1.5903
27.0307,494,1.5935
27.0349,494,1.5935
27.0392,496,1.6000
27.0435,496,1.6000
27.0478,496,1.6000
27.0521,497,1.6032
27.0564,496,1.6000
27.0607,499,1.6097
27.0657,499,1.6097
27.0701,500,1.6129
27.0744,500,1.6129
27.0787,501,1.6161
27.0830,502,1.6194
27.0873,502,1.6194
27.0916,503,1.6226
27.0958,503,1.6226
27.1001,502,1.6194
27.1044,504,1.6258
27.1087,503,1.6226
27.1130,503,1.6226
27.1173,504,1.6258
27.1216,504,1.6258
27.1259,505,1.6290
27.1302,505,1.6290
27.1345,506,1.6323
27.1388,506,1.6323
27.1431,507,1.6355
27.1474,508,1.6387
27.1517,507,1.6355
27.1560,506,1.6323
27.1603,507,1.6355
27.1646,508,1.6387
27.1689,508,1.6387
27.1732,508,1.6387
27.1775,510,1.6452
27.1818,510,1.6452
27.1861,510,1.6452
27.1904,511,1.6484
27.1947,512,1.6516
27.1991,512,1.6516
27.2035,511,1.6484
27.2080,511,1.6484
27.2122,511,1.6484
27.2165,511,1.6484
27.2209,511,1.6484
27.2252,512,1.6516
27.2295,513,1.6548
27.2338,513,1.6548
27.2381,512,1.6516
27.2424,513,1.6548
27.2467,512,1.6516
27.2510,513,1.6548
27.2553,513,1.6548
27.2596,512,1.6516
27.2639,514,1.6581
27.2682,515,1.6613
27.2725,516,1.6645
27.2768,516,1.6645
27.2811,516,1.6645
27.2854,517,1.6677
27.2897,517,1.6677
27.2940,516,1.6645
27.2983,516,1.6645
27.3032,515,1.6613
27.3076,516,1.6645
27.3119,517,1.6677
27.3162,518,1.6710
27.3205,520,1.6774
27.3248,519,1.6742
27.3291,519,1.6742
27.3334,519,1.6742
27.3377,519,1.6742
27.3421,519,1.6742
27.3464,519,1.6742
27.3507,520,1.6774
27.3550,519,1.6742
27.3593,520,1.6774
27.3636,520,1.6774
27.3679,519,1.6742
27.3723,517,1.6677
27.3766,516,1.6645
27.3809,518,1.6710
27.3853,518,1.6710
27.3896,518,1.6710
27.3939,518,1.6710
27.3982,520,1.6774
27.4025,520,1.6774
27.4068,520,1.6774
27.4111,521,1.6806
27.4154,520,1.6774
27.4198,520,1.6774
27.4241,519,1.6742
27.4284,521,1.6806
27.4327,522,1.6839
27.4370,521,1.6806
27.4413,521,1.6806
27.4455,523,1.6871
27.4499,522,1.6839
27.4542,522,1.6839
27.4585,521,1.6806
27.4628,521,1.6806
27.4673,521,1.6806
27.4717,522,1.6839
27.4760,522,1.6839
27.4802,522,1.6839
27.4845,522,1.6839
27.4888,523,1.6871
27.4932,522,1.6839
27.4977,522,1.6839
27.5020,521,1.6806
27.5064,520,1.6774
27.5107,521,1.6806
27.5151,522,1.6839
27.5194,521,1.6806
27.5237,522,1.6839
27.5280,524,1.6903
27.5323,523,1.6871
27.5367,524,1.6903
27.5410,523,1.6871
27.5453,524,1.6903
27.5497,524,1.6903
27.5541,525,1.6935
27.5583,524,1.6903
27.5626,524,1.6903
27.5670,524,1.6903
27.5713,524,1.6903
27.5756,524,1.6903
27.5799,524,1.6903
27.5842,524,1.6903
27.5885,525,1.6935
27.5928,524,1.6903
27.5971,524,1.6903
27.6014,525,1.6935
27.6057,525,1.6935
27.6100,526,1.6968
27.6143,526,1.6968
27.6187,524,1.6903
27.6230,525,1.6935
27.6273,526,1.6968
27.6316,526,1.6968
27.6359,526,1.6968
27.6402,525,1.6935
27.6445,525,1.6935
27.6488,525,1.6935
27.6531,525,1.6935
27.6574,525,1.6935
27.6617,524,1.6903
27.6660,524,1.6903
27.6703,523,1.6871
27.6746,522,1.6839
27.6789,523,1.6871
27.6832,523,1.6871
27.6875,524,1.6903
27.6918,524,1.6903
27.6962,523,1.6871
27.7005,524,1.6903
27.7048,525,1.6935
27.7091,525,1.6935
27.7134,526,1.6968
27.7180,533,1.7194
27.7223,546,1.7613
27.7266,562,1.8129
27.7309,576,1.8581
27.7352,587,1.8935
27.7395,598,1.9290
27.7438,607,1.9581
27.7481,611,1.9710
27.7524,613,1.9774
27.7567,611,1.9710
27.7610,604,1.9484
27.7653,594,1.9161
27.7696,583,1.8806
27.7740,568,1.8323
27.7783,553,1.7839
27.7826,539,1.7387
27.7868,525,1.6935
27.7911,511,1.6484
27.7954,506,1.6323
27.7996,504,1.6258
27.8039,504,1.6258
27.8082,505,1.6290
27.8124,506,1.6323
27.8167,506,1.6323
27.8210,506,1.6323
27.8252,507,1.6355
27.8295,507,1.6355
27.8337,508,1.6387
27.8380,508,1.6387
27.8423,508,1.6387
27.8465,508,1.6387
27.8508,509,1.6419
27.8550,508,1.6387
27.8593,508,1.6387
27.8636,508,1.6387
27.8680,509,1.6419
27.8723,500,1.6129
27.8766,475,1.5323
27.8809,441,1.4226
27.8852,425,1.3710
27.8895,466,1.5032
27.8938,572,1.8452
27.8981,727,2.3452
27.9024,908,2.9290
27.9067,1000,3.2258
27.9111,1002,3.2323
27.9154,1001,3.2290
27.9197,984,3.1742
27.9240,808,2.6065
27.9283,588,1.8968
27.9326,450,1.4516
27.9369,394,1.2710
27.9412,388,1.2516
27.9455,411,1.3258
27.9498,439,1.4161
27.9541,456,1.4710
27.9584,462,1.4903
27.9627,464,1.4968
27.9670,464,1.4968
27.9713,463,1.4935
27.9756,465,1.5000
27.9799,466,1.5032
27.9842,467,1.5065
27.9885,467,1.5065
27.9928,468,1.5097
27.9971,469,1.5129
28.0014,470,1.5161
28.0057,471,1.5194
28.0100,471,1.5194
28.0143,472,1.5226
28.0186,474,1.5290
28.0229,475,1.5323
28.0272,476,1.5355
28.0315,476,1.5355
28.0358,476,1.5355
28.0401,476,1.5355
28.0444,476,1.5355
28.0487,477,1.5387
28.0530,479,1.5452
28.0573,479,1.5452
28.0616,480,1.5484
28.0659,482,1.5548
28.0702,482,1.5548
28.0745,483,1.5581
28.0788,484,1.5613
28.0831,484,1.5613
28.0874,484,1.5613
28.0918,485,1.5645
28.0962,485,1.5645
28.1013,487,1.5710
28.1061,489,1.5774
28.1104,492,1.5871
28.1148,501,1.6161
28.1191,514,1.6581
28.1235,527,1.7000
28.1279,540,1.7419
28.1323,554,1.7871
28.1367,568,1.8323
28.1410,581,1.8742
28.1453,591,1.9065
28.1497,603,1.9452
28.1540,613,1.9774
28.1584,623,2.0097
28.1627,627,2.0226
28.1671,633,2.0419
28.1714,636,2.0516
28.1758,641,2.0677
28.1800,644,2.0774
28.1843,646,2.0839
28.1887,648,2.0903
28.1930,645,2.0806
28.1973,641,2.0677
28.2016,633,2.0419
28.2059,626,2.0194
28.2102,618,1.9935
28.2145,609,1.9645
28.2188,601,1.9387
28.2231,588,1.8968
28.2274,576,1.8581
28.2318,561,1.8097
28.2360,547,1.7645
28.2403,532,1.7161
28.2446,518,1.6710
28.2490,505,1.6290
28.2533,492,1.5871
28.2575,478,1.5419
28.2618,465,1.5000
28.2661,453,1.4613
28.2705,441,1.4226
28.2748,438,1.4129
28.2791,438,1.4129
28.2834,440,1.4194
28.2877,441,1.4226
28.2920,442,1.4258
28.2963,443,1.4290
28.3006,445,1.4355
28.3050,447,1.4419
28.3093,448,1.4452
28.3136,448,1.4452
28.3178,449,1.4484
28.3222,450,1.4516
28.3265,452,1.4581
28.3308,455,1.4677
28.3350,456,1.4710
28.3393,457,1.4742
28.3435,458,1.4774
28.3478,458,1.4774
28.3521,459,1.4806
28.3564,460,1.4839
28.3607,460,1.4839
28.3649,462,1.4903
28.3692,463,1.4935
28.3734,463,1.4935
28.3777,465,1.5000
28.3820,464,1.4968
28.3863,464,1.4968
28.3906,466,1.5032
28.3949,468,1.5097
28.4014,469,1.5129
28.4058,470,1.5161
28.4101,472,1.5226
28.4146,473,1.5258
28.4189,473,1.5258
28.4232,475,1.5323
28.4275,476,1.5355
28.4318,478,1.5419
28.4362,478,1.5419
28.4405,478,1.5419
28.4447,479,1.5452
28.4490,480,1.5484
28.4533,479,1.5452
28.4576,480,1.5484
28.4619,481,1.5516
28.4662,482,1.5548
28.4705,483,1.5581
28.4747,485,1.5645
28.4790,485,1.5645
28.4833,485,1.5645
28.4875,486,1.5677
28.4918,487,1.5710
28.4961,488,1.5742
28.5004,489,1.5774
28.5046,489,1.5774
28.5089,491,1.5839
28.5131,492,1.5871
28.5174,492,1.5871
28.5217,492,1.5871
28.5259,491,1.5839
28.5302,490,1.5806
28.5346,493,1.5903
28.5389,494,1.5935
28.5431,495,1.5968
28.5474,497,1.6032
28.5516,497,1.6032
28.5559,497,1.6032
28.5601,497,1.6032
28.5644,498,1.6065
28.5686,499,1.6097
28.5729,499,1.6097
28.5772,499,1.6097
28.5815,499,1.6097
28.5858,499,1.6097
28.5901,499,1.6097
28.5944,499,1.6097
28.5987,501,1.6161
28.6030,502,1.6194
28.6073,502,1.6194
28.6116,503,1.6226
28.6159,503,1.6226
28.6202,503,1.6226
28.6245,504,1.6258
28.6288,505,1.6290
28.6331,505,1.6290
28.6374,505,1.6290
28.6417,506,1.6323
28.6460,506,1.6323
28.6503,507,1.6355
28.6546,506,1.6323
28.6588,506,1.6323
28.6631,507,1.6355
28.6674,508,1.6387
28.6717,508,1.6387
28.6760,508,1.6387
28.6803,509,1.6419
28.6846,510,1.6452
28.6889,511,1.6484
28.6931,512,1.6516
28.6975,511,1.6484
28.7017,511,1.6484
28.7060,511,1.6484
28.7102,512,1.6516
28.7145,511,1.6484
28.7188,511,1.6484
28.7230,512,1.6516
28.7273,512,1.6516
28.7315,512,1.6516
28.7358,511,1.6484
28.7401,513,1.6548
28.7443,514,1.6581
28.7486,514,1.6581
28.7529,515,1.6613
28.7571,515,1.6613
28.7614,515,1.6613
28.7657,515,1.6613
28.7699,516,1.6645
28.7742,516,1.6645
28.7785,516,1.6645
28.7828,515,1.6613
28.7871,516,1.6645
28.7913,516,1.6645
28.7957,515,1.6613
28.8000,515,1.6613
28.8043,515,1.6613
28.8086,517,1.6677
28.8129,517,1.6677
28.8172,516,1.6645
28.8215,517,1.6677
28.8258,518,1.6710
28.8301,518,1.6710
28.8348,518,1.6710
28.8391,519,1.6742
28.8434,519,1.6742
28.8477,519,1.6742
28.8519,519,1.6742
28.8562,518,1.6710
28.8605,518,1.6710
28.8648,519,1.6742
28.8691,519,1.6742
28.8734,520,1.6774
28.8777,519,1.6742
28.8821,519,1.6742
28.8864,518,1.6710
28.8907,518,1.6710
28.8950,519,1.6742
28.8993,520,1.6774
28.9036,520,1.6774
28.9079,520,1.6774
28.9122,520,1.6774
28.9165,519,1.6742
28.9208,520,1.6774
28.9251,522,1.6839
28.9294,520,1.6774
28.9337,521,1.6806
28.9380,521,1.6806
28.9423,521,1.6806
28.9466,521,1.6806
28.9509,521,1.6806
28.9552,522,1.6839
28.9595,523,1.6871
28.9637,521,1.6806
28.9680,521,1.6806
28.9723,520,1.6774
28.9767,521,1.6806
28.9810,521,1.6806
28.9853,520,1.6774
28.9896,520,1.6774
28.9940,520,1.6774
28.9984,521,1.6806
29.0028,521,1.6806
29.0072,521,1.6806
29.0115,522,1.6839
29.0157,522,1.6839
29.0200,521,1.6806
29.0243,522,1.6839
29.0286,523,1.6871
29.0329,523,1.6871
29.0372,523,1.6871
29.0415,522,1.6839
29.0459,523,1.6871
29.0502,523,1.6871
29.0544,524,1.6903
29.0587,524,1.6903
29.0630,524,1.6903
29.0673,524,1.6903
29.0716,524,1.6903
29.0759,523,1.6871
29.0802,524,1.6903
29.0844,524,1.6903
29.0887,524,1.6903
29.0930,523,1.6871
29.0972,522,1.6839
29.1015,522,1.6839
29.1057,524,1.6903
29.1100,523,1.6871
29.1142,523,1.6871
29.1185,524,1.6903
29.1227,524,1.6903
29.1270,525,1.6935
29.1313,525,1.6935
29.1355,524,1.6903
29.1398,525,1.6935
29.1441,524,1.6903
29.1483,525,1.6935
29.1526,524,1.6903
29.1568,524,1.6903
29.1611,525,1.6935
29.1654,525,1.6935
29.1696,524,1.6903
29.1739,525,1.6935
29.1782,524,1.6903
29.1825,525,1.6935
29.1868,525,1.6935
29.1911,524,1.6903
29.1954,523,1.6871
29.1997,523,1.6871
29.2040,524,1.6903
29.2083,523,1.6871
29.2126,524,1.6903
29.2169,524,1.6903
29.2212,526,1.6968
29.2255,535,1.7258
29.2298,547,1.7645
29.2341,562,1.8129
29.2384,576,1.8581
29.2427,588,1.8968
29.2470,599,1.9323
29.2513,608,1.9613
29.2556,612,1.9742
29.2599,614,1.9806
29.2642,611,1.9710
29.2685,605,1.9516
29.2727,596,1.9226
29.2770,586,1.8903
29.2813,573,1.8484
29.2856,559,1.8032
29.2899,542,1.7484
29.2942,526,1.6968
29.2986,513,1.6548
29.3030,505,1.6290
29.3074,505,1.6290
29.3117,505,1.6290
29.3160,505,1.6290
29.3203,505,1.6290
29.3246,506,1.6323
29.3289,507,1.6355
29.3332,506,1.6323
29.3374,506,1.6323
29.3417,507,1.6355
29.3460,508,1.6387
29.3503,508,1.6387
29.3547,508,1.6387
29.3591,509,1.6419
29.3634,509,1.6419
29.3677,509,1.6419
29.3721,508,1.6387
29.3764,507,1.6355
29.3807,507,1.6355
29.3851,501,1.6161
29.3894,476,1.5355
29.3937,443,1.4290
29.3980,424,1.3677
29.4023,460,1.4839
29.4066,561,1.8097
29.4109,712,2.2968
29.4152,892,2.8774
29.4195,1001,3.2290
29.4237,1000,3.2258
29.4280,1001,3.2290
29.4323,991,3.1968
29.4366,830,2.6774
29.4409,609,1.9645
29.4452,461,1.4871
29.4495,396,1.2774
29.4538,387,1.2484
29.4581,407,1.3129
29.4624,436,1.4065
29.4667,454,1.4645
29.4710,461,1.4871
29.4753,463,1.4935
29.4796,463,1.4935
29.4839,464,1.4968
29.4882,466,1.5032
29.4925,467,1.5065
29.4969,466,1.5032
29.5012,466,1.5032
29.5056,468,1.5097
29.5099,469,1.5129
29.5142,470,1.5161
29.5186,470,1.5161
29.5229,472,1.5226
29.5272,473,1.5258
29.5315,474,1.5290
29.5359,474,1.5290
29.5402,474,1.5290
29.5445,475,1.5323
29.5489,475,1.5323
29.5532,475,1.5323
29.5575,477,1.5387
29.5618,478,1.5419
29.5662,478,1.5419
29.5705,480,1.5484
29.5748,481,1.5516
29.5792,482,1.5548
29.5835,482,1.5548
29.5878,483,1.5581
29.5921,484,1.5613
29.5964,483,1.5581
29.6007,484,1.5613
29.6050,485,1.5645
29.6093,486,1.5677
29.6136,486,1.5677
29.6179,487,1.5710
29.6222,490,1.5806
29.6265,498,1.6065
29.6308,510,1.6452
29.6351,523,1.6871
29.6394,537,1.7323
29.6437,550,1.7742
29.6480,563,1.8161
29.6523,576,1.8581
29.6565,589,1.9000
29.6608,600,1.9355
29.6651,610,1.9677
29.6694,620,2.0000
29.6737,628,2.0258
29.6780,637,2.0548
29.6824,643,2.0742
29.6867,646,2.0839
29.6910,650,2.0968
29.6954,650,2.0968
29.6997,650,2.0968
29.7041,647,2.0871
29.7084,640,2.0645
29.7127,635,2.0484
29.7170,628,2.0258
29.7214,619,1.9968
29.7257,608,1.9613
29.7300,598,1.9290
29.7343,586,1.8903
29.7387,572,1.8452
29.7430,557,1.7968
29.7473,544,1.7548
29.7517,529,1.7065
29.7560,515,1.6613
29.7603,501,1.6161
29.7647,487,1.5710
29.7690,475,1.5323
29.7733,462,1.4903
29.7776,450,1.4516
29.7820,441,1.4226
29.7863,439,1.4161
29.7906,440,1.4194
29.7949,442,1.4258
29.7992,442,1.4258
29.8035,442,1.4258
29.8078,444,1.4323
29.8121,446,1.4387
29.8164,448,1.4452
29.8207,448,1.4452
29.8250,450,1.4516
29.8293,452,1.4581
29.8335,453,1.4613
29.8378,452,1.4581
29.8422,455,1.4677
29.8465,455,1.4677
29.8507,457,1.4742
29.8550,459,1.4806
29.8593,460,1.4839
29.8636,461,1.4871
29.8679,463,1.4935
29.8722,463,1.4935
29.8765,464,1.4968
29.8808,465,1.5000
29.8851,465,1.5000
29.8894,466,1.5032
29.8938,467,1.5065
29.8982,468,1.5097
29.9027,468,1.5097
29.9071,469,1.5129
29.9115,470,1.5161
29.9158,470,1.5161
29.9201,472,1.5226
29.9244,473,1.5258
29.9288,475,1.5323
29.9331,476,1.5355
29.9374,476,1.5355
29.9418,476,1.5355
29.9461,479,1.5452
29.9504,480,1.5484
29.9548,480,1.5484
29.9591,480,1.5484
29.9634,480,1.5484
29.9679,482,1.5548
29.9723,483,1.5581
29.9766,483,1.5581
29.9809,483,1.5581
29.9853,484,1.5613
29.9896,485,1.5645
29.9939,485,1.5645
29.9982,486,1.5677
30.0025,486,1.5677
30.0068,487,1.5710
30.0111,489,1.5774
30.0154,489,1.5774
30.0197,489,1.5774
30.0240,489,1.5774
30.0288,490,1.5806
30.0333,492,1.5871
30.0378,493,1.5903
30.0425,494,1.5935
30.0471,493,1.5903
30.0515,495,1.5968
30.0559,496,1.6000
30.0602,496,1.6000
30.0645,496,1.6000
30.0688,497,1.6032
30.0731,496,1.6000
30.0774,496,1.6000
30.0817,497,1.6032
30.0860,498,1.6065
30.0903,498,1.6065
30.0946,499,1.6097
30.0989,501,1.6161
30.1032,501,1.6161
30.1075,502,1.6194
30.1118,501,1.6161
30.1161,501,1.6161
30.1204,503,1.6226
30.1247,503,1.6226
30.1290,503,1.6226
30.1333,503,1.6226
30.1376,503,1.6226
30.1418,505,1.6290
30.1462,505,1.6290
30.1504,506,1.6323
30.1548,507,1.6355
30.1590,508,1.6387
30.1633,508,1.6387
30.1676,508,1.6387
30.1720,509,1.6419
30.1763,510,1.6452
30.1806,511,1.6484
30.1848,510,1.6452
30.1891,509,1.6419
30.1935,509,1.6419
30.1980,510,1.6452
30.2024,510,1.6452
30.2068,512,1.6516
30.2111,511,1.6484
30.2154,511,1.6484
30.2197,512,1.6516
30.2240,512,1.6516
30.2283,513,1.6548
30.2326,513,1.6548
30.2369,513,1.6548
30.2412,513,1.6548
30.2455,514,1.6581
30.2498,515,1.6613
30.2541,515,1.6613
30.2584,514,1.6581
30.2627,514,1.6581
30.2670,515,1.6613
30.2713,515,1.6613
30.2757,515,1.6613
30.2800,514,1.6581
30.2843,514,1.6581
30.2885,515,1.6613
30.2928,516,1.6645
30.2972,515,1.6613
30.3015,516,1.6645
30.3058,517,1.6677
30.3101,516,1.6645
30.3143,516,1.6645
30.3187,516,1.6645
30.3230,517,1.6677
30.3272,517,1.6677
30.3316,516,1.6645
30.3359,517,1.6677
30.3401,518,1.6710
30.3444,517,1.6677
30.3487,518,1.6710
30.3530,518,1.6710
30.3572,516,1.6645
30.3615,518,1.6710
30.3658,518,1.6710
30.3700,519,1.6742
30.3743,520,1.6774
30.3786,520,1.6774
30.3828,520,1.6774
30.3871,520,1.6774
30.3914,520,1.6774
30.3956,520,1.6774
30.3999,521,1.6806
30.4042,521,1.6806
30.4085,521,1.6806
30.4128,519,1.6742
30.4171,519,1.6742
30.4214,519,1.6742
30.4257,521,1.6806
30.4300,521,1.6806
30.4343,520,1.6774
30.4386,521,1.6806
30.4429,520,1.6774
30.4472,522,1.6839
30.4515,522,1.6839
30.4558,522,1.6839
30.4601,520,1.6774
30.4643,521,1.6806
30.4687,521,1.6806
30.4729,522,1.6839
30.4772,522,1.6839
30.4815,522,1.6839
30.4858,522,1.6839
30.4901,521,1.6806
30.4944,523,1.6871
30.4987,522,1.6839
30.5030,523,1.6871
30.5073,523,1.6871
30.5115,523,1.6871
30.5158,523,1.6871
30.5200,523,1.6871
30.5243,524,1.6903
30.5286,524,1.6903
30.5328,523,1.6871
30.5371,523,1.6871
30.5414,523,1.6871
30.5456,523,1.6871
30.5499,523,1.6871
30.5541,524,1.6903
30.5584,523,1.6871
30.5627,524,1.6903
30.5669,524,1.6903
30.5712,523,1.6871
30.5754,523,1.6871
30.5797,524,1.6903
30.5840,524,1.6903
30.5882,524,1.6903
30.5925,523,1.6871
30.5969,523,1.6871
30.6017,524,1.6903
30.6061,524,1.6903
30.6104,524,1.6903
30.6147,524,1.6903
30.6191,525,1.6935
30.6234,524,1.6903
30.6278,525,1.6935
30.6321,524,1.6903
30.6365,525,1.6935
30.6408,525,1.6935
30.6452,526,1.6968
30.6496,527,1.7000
30.6539,526,1.6968
30.6585,527,1.7000
30.6629,527,1.7000
30.6672,526,1.6968
30.6715,525,1.6935
30.6758,523,1.6871
30.6802,524,1.6903
30.6845,525,1.6935
30.6889,524,1.6903
30.6936,523,1.6871
30.6979,525,1.6935
30.7023,524,1.6903
30.7066,525,1.6935
30.7109,526,1.6968
30.7152,526,1.6968
30.7197,526,1.6968
30.7241,526,1.6968
30.7284,527,1.7000
30.7326,529,1.7065
30.7369,539,1.7387
30.7412,552,1.7806
30.7456,566,1.8258
30.7499,580,1.8710
30.7542,591,1.9065
30.7585,603,1.9452
30.7628,611,1.9710
30.7671,614,1.9806
30.7714,614,1.9806
30.7757,610,1.9677
30.7800,604,1.9484
30.7843,593,1.9129
30.7886,580,1.8710
30.7929,566,1.8258
30.7973,552,1.7806
30.8019,536,1.7290
30.8063,521,1.6806
30.8106,509,1.6419
30.8149,503,1.6226
30.8191,501,1.6161
30.8234,503,1.6226
30.8277,505,1.6290
30.8319,506,1.6323
30.8362,506,1.6323
30.8404,506,1.6323
30.8447,507,1.6355
30.8490,507,1.6355
30.8532,506,1.6323
30.8575,505,1.6290
30.8617,506,1.6323
30.8660,507,1.6355
30.8703,507,1.6355
30.8745,508,1.6387
30.8788,508,1.6387
30.8830,508,1.6387
30.8873,506,1.6323
30.8916,494,1.5935
30.8959,465,1.5000
30.9002,432,1.3935
30.9045,427,1.3774
30.9087,484,1.5613
30.9130,600,1.9355
30.9173,763,2.4613
30.9215,946,3.0516
30.9258,999,3.2226
30.9301,1003,3.2355
30.9343,998,3.2194
30.9386,966,3.1161
30.9429,768,2.4774
30.9471,559,1.8032
30.9514,437,1.4097
30.9557,391,1.2613
30.9600,390,1.2581
30.9642,415,1.3387
30.9685,441,1.4226
30.9728,456,1.4710
30.9770,460,1.4839
30.9813,461,1.4871
30.9856,463,1.4935
30.9898,463,1.4935
30.9941,464,1.4968
30.9984,463,1.4935
31.0027,463,1.4935
31.0070,465,1.5000
31.0113,467,1.5065
31.0156,468,1.5097
31.0199,468,1.5097
31.0242,469,1.5129
31.0285,472,1.5226
31.0328,473,1.5258
31.0371,473,1.5258
31.0414,474,1.5290
31.0457,474,1.5290
31.0500,475,1.5323
31.0543,476,1.5355
31.0586,478,1.5419
31.0629,479,1.5452
31.0672,480,1.5484
31.0715,480,1.5484
31.0758,481,1.5516
31.0801,481,1.5516
31.0844,480,1.5484
31.0887,480,1.5484
31.0929,481,1.5516
31.0973,482,1.5548
31.1018,482,1.5548
31.1062,483,1.5581
31.1105,483,1.5581
31.1148,484,1.5613
31.1191,485,1.5645
31.1234,485,1.5645
31.1277,488,1.5742
31.1320,497,1.6032
31.1363,509,1.6419
31.1406,522,1.6839
31.1448,534,1.7226
31.1491,548,1.7677
31.1534,561,1.8097
31.1578,574,1.8516
31.1621,587,1.8935
31.1664,600,1.9355
31.1707,610,1.9677
31.1749,619,1.9968
31.1793,629,2.0290
31.1835,635,2.0484
31.1878,640,2.0645
31.1922,644,2.0774
31.1967,647,2.0871
31.2010,649,2.0935
31.2053,647,2.0871
31.2096,646,2.0839
31.2139,641,2.0677
31.2182,634,2.0452
31.2225,628,2.0258
31.2268,617,1.9903
31.2311,606,1.9548
31.2354,596,1.9226
31.2397,585,1.8871
31.2440,571,1.8419
31.2483,559,1.8032
31.2526,547,1.7645
31.2569,532,1.7161
31.2613,517,1.6677
31.2656,504,1.6258
31.2699,490,1.5806
31.2743,476,1.5355
31.2786,464,1.4968
31.2829,457,1.4742
31.2872,452,1.4581
31.2915,444,1.4323
31.2958,441,1.4226
31.3001,442,1.4258
31.3045,444,1.4323
31.3088,444,1.4323
31.3130,445,1.4355
31.3173,446,1.4387
31.3217,446,1.4387
31.3260,448,1.4452
31.3303,450,1.4516
31.3345,452,1.4581
31.3389,453,1.4613
31.3432,454,1.4645
31.3475,455,1.4677
31.3518,457,1.4742
31.3563,458,1.4774
31.3607,460,1.4839
31.3650,460,1.4839
31.3693,461,1.4871
31.3735,462,1.4903
31.3778,462,1.4903
31.3822,463,1.4935
31.3865,464,1.4968
31.3908,467,1.5065
31.3951,466,1.5032
31.3994,466,1.5032
31.4038,467,1.5065
31.4081,468,1.5097
31.4124,470,1.5161
31.4167,470,1.5161
31.4210,471,1.5194
31.4253,472,1.5226
31.4296,474,1.5290
31.4339,477,1.5387
31.4384,478,1.5419
31.4428,477,1.5387
31.4471,478,1.5419
31.4514,479,1.5452
31.4557,480,1.5484
31.4600,479,1.5452
31.4643,480,1.5484
31.4686,480,1.5484
31.4729,481,1.5516
31.4772,484,1.5613
31.4815,485,1.5645
31.4858,486,1.5677
31.4902,486,1.5677
31.4945,487,1.5710
31.4988,486,1.5677
31.5031,487,1.5710
31.5075,488,1.5742
31.5117,489,1.5774
31.5160,488,1.5742
31.5207,488,1.5742
31.5251,490,1.5806
31.5294,491,1.5839
31.5337,492,1.5871
31.5379,492,1.5871
31.5422,493,1.5903
31.5466,494,1.5935
31.5509,494,1.5935
31.5552,494,1.5935
31.5595,495,1.5968
31.5638,496,1.6000
31.5681,496,1.6000
31.5724,497,1.6032
31.5767,497,1.6032
31.5810,497,1.6032
31.5853,497,1.6032
31.5896,499,1.6097
31.5939,499,1.6097
31.5982,499,1.6097
31.6029,499,1.6097
31.6072,499,1.6097
31.6115,500,1.6129
31.6158,500,1.6129
31.6201,502,1.6194
31.6244,503,1.6226
31.6287,503,1.6226
31.6330,503,1.6226
31.6373,503,1.6226
31.6416,504,1.6258
31.6459,503,1.6226
31.6502,504,1.6258
31.6545,505,1.6290
31.6589,504,1.6258
31.6632,504,1.6258
31.6675,504,1.6258
31.6718,504,1.6258
31.6761,505,1.6290
31.6804,506,1.6323
31.6847,506,1.6323
31.6890,507,1.6355
31.6944,508,1.6387
31.6989,508,1.6387
31.7032,509,1.6419
31.7076,510,1.6452
31.7118,510,1.6452
31.7161,509,1.6419
31.7204,510,1.6452
31.7246,511,1.6484
31.7289,511,1.6484
31.7332,512,1.6516
31.7374,513,1.6548
31.7417,512,1.6516
31.7459,512,1.6516
31.7502,513,1.6548
31.7545,512,1.6516
31.7588,512,1.6516
31.7631,512,1.6516
31.7674,512,1.6516
31.7717,512,1.6516
31.7760,513,1.6548
31.7802,513,1.6548
31.7845,515,1.6613
31.7888,516,1.6645
31.7931,516,1.6645
31.7975,515,1.6613
31.8017,516,1.6645
31.8061,516,1.6645
31.8104,516,1.6645
31.8148,515,1.6613
31.8191,517,1.6677
31.8234,517,1.6677
31.8278,518,1.6710
31.8322,518,1.6710
31.8365,516,1.6645
31.8408,517,1.6677
31.8451,517,1.6677
31.8495,518,1.6710
31.8538,518,1.6710
31.8581,516,1.6645
31.8625,518,1.6710
31.8668,518,1.6710
31.8711,519,1.6742
31.8755,519,1.6742
31.8798,519,1.6742
31.8841,519,1.6742
31.8885,519,1.6742
31.8928,519,1.6742
31.8972,520,1.6774
31.9015,519,1.6742
31.9059,519,1.6742
31.9102,520,1.6774
31.9145,520,1.6774
31.9188,521,1.6806
31.9231,520,1.6774
31.9274,519,1.6742
31.9317,520,1.6774
31.9360,519,1.6742
31.9403,520,1.6774
31.9446,521,1.6806
31.9489,521,1.6806
31.9532,521,1.6806
31.9575,521,1.6806
31.9618,520,1.6774
31.9661,521,1.6806
31.9704,523,1.6871
31.9747,524,1.6903
31.9790,524,1.6903
31.9833,524,1.6903
31.9876,523,1.6871
31.9919,524,1.6903
31.9962,524,1.6903
32.0007,523,1.6871
32.0051,523,1.6871
32.0095,523,1.6871
32.0138,524,1.6903
32.0181,524,1.6903
32.0224,523,1.6871
32.0267,523,1.6871
32.0310,523,1.6871
32.0353,523,1.6871
32.0396,522,1.6839
32.0439,523,1.6871
32.0482,522,1.6839
32.0525,524,1.6903
32.0568,523,1.6871
32.0611,523,1.6871
32.0654,523,1.6871
32.0697,524,1.6903
32.0740,524,1.6903
32.0783,523,1.6871
32.0826,522,1.6839
32.0869,523,1.6871
32.0912,524,1.6903
32.0955,524,1.6903
32.0998,523,1.6871
32.1041,524,1.6903
32.1084,525,1.6935
32.1128,523,1.6871
32.1173,523,1.6871
32.1217,524,1.6903
32.1260,524,1.6903
32.1303,524,1.6903
32.1346,524,1.6903
32.1390,523,1.6871
32.1433,524,1.6903
32.1477,524,1.6903
32.1520,524,1.6903
32.1563,523,1.6871
32.1607,523,1.6871
32.1650,522,1.6839
32.1693,524,1.6903
32.1737,524,1.6903
32.1780,524,1.6903
32.1823,523,1.6871
32.1867,523,1.6871
32.1910,524,1.6903
32.1953,523,1.6871
32.1997,524,1.6903
32.2040,524,1.6903
32.2084,525,1.6935
32.2127,525,1.6935
32.2170,524,1.6903
32.2213,524,1.6903
32.2256,523,1.6871
32.2299,523,1.6871
32.2342,525,1.6935
32.2385,530,1.7097
32.2428,542,1.7484
32.2471,555,1.7903
32.2514,569,1.8355
32.2557,580,1.8710
32.2600,592,1.9097
32.2643,602,1.9419
32.2686,609,1.9645
32.2729,611,1.9710
32.2771,612,1.9742
32.2814,608,1.9613
32.2857,600,1.9355
32.2900,593,1.9129
32.2943,579,1.8677
32.2986,565,1.8226
32.3029,549,1.7710
32.3073,534,1.7226
32.3116,519,1.6742
32.3159,507,1.6355
32.3202,502,1.6194
32.3246,501,1.6161
32.3289,502,1.6194
32.3332,504,1.6258
32.3376,504,1.6258
32.3419,504,1.6258
32.3462,505,1.6290
32.3506,505,1.6290
32.3549,505,1.6290
32.3592,506,1.6323
32.3636,506,1.6323
32.3679,505,1.6290
32.3767,506,1.6323
32.3811,507,1.6355
32.3854,506,1.6323
32.3898,506,1.6323
32.3944,499,1.6097
32.3988,479,1.5452
32.4031,445,1.4355
32.4074,422,1.3613
32.4118,448,1.4452
32.4161,538,1.7355
32.4204,682,2.2000
32.4247,862,2.7806
32.4290,998,3.2194
32.4333,1002,3.2323
32.4376,1001,3.2290
32.4419,996,3.2129
32.4461,860,2.7742
32.4505,636,2.0516
32.4548,475,1.5323
32.4590,403,1.3000
32.4633,386,1.2452
32.4676,405,1.3065
32.4720,434,1.4000
32.4762,454,1.4645
32.4805,463,1.4935
32.4848,466,1.5032
32.4891,465,1.5000
32.4934,465,1.5000
32.4977,465,1.5000
32.5021,466,1.5032
32.5064,467,1.5065
32.5108,468,1.5097
32.5151,469,1.5129
32.5194,469,1.5129
32.5238,469,1.5129
32.5281,470,1.5161
32.5324,470,1.5161
32.5368,471,1.5194
32.5411,472,1.5226
32.5454,473,1.5258
32.5498,475,1.5323
32.5541,477,1.5387
32.5585,476,1.5355
32.5628,476,1.5355
32.5671,477,1.5387
32.5715,478,1.5419
32.5758,480,1.5484
32.5801,481,1.5516
32.5845,481,1.5516
32.5888,482,1.5548
32.5932,482,1.5548
32.6010,482,1.5548
32.6055,484,1.5613
32.6099,485,1.5645
32.6143,486,1.5677
32.6186,486,1.5677
32.6229,485,1.5645
32.6272,486,1.5677
32.6314,488,1.5742
32.6357,495,1.5968
32.6399,506,1.6323
32.6442,519,1.6742
32.6484,531,1.7129
32.6527,545,1.7581
32.6569,559,1.8032
32.6612,570,1.8387
32.6654,582,1.8774
32.6697,595,1.9194
32.6740,605,1.9516
32.6783,616,1.9871
32.6825,626,2.0194
32.6868,633,2.0419
32.6910,639,2.0613
32.6953,644,2.0774
32.6996,648,2.0903
32.7038,649,2.0935
32.7081,649,2.0935
32.7125,646,2.0839
32.7168,643,2.0742
32.7211,638,2.0581
32.7254,631,2.0355
32.7297,624,2.0129
32.7339,614,1.9806
32.7382,603,1.9452
32.7425,591,1.9065
32.7468,578,1.8645
32.7511,566,1.8258
32.7554,554,1.7871
32.7597,540,1.7419
32.7640,525,1.6935
32.7683,511,1.6484
32.7726,497,1.6032
32.7769,484,1.5613
32.7812,471,1.5194
32.7854,459,1.4806
32.7897,448,1.4452
32.7942,440,1.4194
32.7985,439,1.4161
32.8028,440,1.4194
32.8070,442,1.4258
32.8113,444,1.4323
32.8156,446,1.4387
32.8200,447,1.4419
32.8242,448,1.4452
32.8285,449,1.4484
32.8328,450,1.4516
32.8371,452,1.4581
32.8414,454,1.4645
32.8457,455,1.4677
32.8500,455,1.4677
32.8543,457,1.4742
32.8586,459,1.4806
32.8629,460,1.4839
32.8672,460,1.4839
32.8714,462,1.4903
32.8758,463,1.4935
32.8801,464,1.4968
32.8843,465,1.5000
32.8886,466,1.5032
32.8929,467,1.5065
32.8973,468,1.5097
32.9054,469,1.5129
32.9098,469,1.5129
32.9142,471,1.5194
32.9185,472,1.5226
32.9228,472,1.5226
32.9270,473,1.5258
32.9313,473,1.5258
32.9356,475,1.5323
32.9398,475,1.5323
32.9441,476,1.5355
32.9484,476,1.5355
32.9526,476,1.5355
32.9569,477,1.5387
32.9611,479,1.5452
32.9654,479,1.5452
32.9697,480,1.5484
32.9739,481,1.5516
32.9782,482,1.5548
32.9824,483,1.5581
32.9867,483,1.5581
32.9909,485,1.5645
32.9952,486,1.5677
32.9994,486,1.5677
33.0037,488,1.5742
33.0079,488,1.5742
33.0122,489,1.5774
33.0164,489,1.5774
33.0207,489,1.5774
33.0250,489,1.5774
33.0293,490,1.5806
33.0336,490,1.5806
33.0378,491,1.5839
33.0422,492,1.5871
33.0465,492,1.5871
33.0508,493,1.5903
33.0551,493,1.5903
33.0594,493,1.5903
33.0637,494,1.5935
33.0679,494,1.5935
33.0723,496,1.6000
33.0766,496,1.6000
33.0809,497,1.6032
33.0852,498,1.6065
33.0895,498,1.6065
33.0938,498,1.6065
33.0980,497,1.6032
33.1023,498,1.6065
33.1066,499,1.6097
33.1109,500,1.6129
33.1152,501,1.6161
33.1195,500,1.6129
33.1237,502,1.6194
33.1281,502,1.6194
33.1323,503,1.6226
33.1366,503,1.6226
33.1409,503,1.6226
33.1452,504,1.6258
33.1495,504,1.6258
33.1538,505,1.6290
33.1581,505,1.6290
33.1624,505,1.6290
33.1667,506,1.6323
33.1710,505,1.6290
33.1753,506,1.6323
33.1796,507,1.6355
33.1839,508,1.6387
33.1882,508,1.6387
33.1925,509,1.6419
33.1967,509,1.6419
33.2010,509,1.6419
33.2053,510,1.6452
33.2096,510,1.6452
33.2139,511,1.6484
33.2182,512,1.6516
33.2225,512,1.6516
33.2268,512,1.6516
33.2311,511,1.6484
33.2354,511,1.6484
33.2397,511,1.6484
33.2440,512,1.6516
33.2483,511,1.6484
33.2526,514,1.6581
33.2568,515,1.6613
33.2611,515,1.6613
33.2654,515,1.6613
33.2697,515,1.6613
33.2740,516,1.6645
33.2783,516,1.6645
33.2825,515,1.6613
33.2868,516,1.6645
33.2912,515,1.6613
33.2955,514,1.6581
33.2998,514,1.6581
33.3040,515,1.6613
33.3083,515,1.6613
33.3126,515,1.6613
33.3169,516,1.6645
33.3212,516,1.6645
33.3255,516,1.6645
33.3298,515,1.6613
33.3341,515,1.6613
33.3383,516,1.6645
33.3426,517,1.6677
33.3469,516,1.6645
33.3512,517,1.6677
33.3555,517,1.6677
33.3598,516,1.6645
33.3641,516,1.6645
33.3684,516,1.6645
33.3726,518,1.6710
33.3770,517,1.6677
33.3812,519,1.6742
33.3855,520,1.6774
33.3898,520,1.6774
33.3942,521,1.6806
33.3985,520,1.6774
33.4027,519,1.6742
33.4070,520,1.6774
33.4113,520,1.6774
33.4156,521,1.6806
33.4198,522,1.6839
33.4241,522,1.6839
33.4284,522,1.6839
33.4327,522,1.6839
33.4370,521,1.6806
33.4413,520,1.6774
33.4455,520,1.6774
33.4498,521,1.6806
33.4541,520,1.6774
33.4584,520,1.6774
33.4627,522,1.6839
33.4670,522,1.6839
33.4713,521,1.6806
33.4756,522,1.6839
33.4799,522,1.6839
33.4842,522,1.6839
33.4885,522,1.6839
33.4928,522,1.6839
33.4971,523,1.6871
33.5016,523,1.6871
33.5060,523,1.6871
33.5104,523,1.6871
33.5146,523,1.6871
33.5189,523,1.6871
33.5232,523,1.6871
33.5275,523,1.6871
33.5318,524,1.6903
33.5360,523,1.6871
33.5403,524,1.6903
33.5445,524,1.6903
33.5488,523,1.6871
33.5530,523,1.6871
33.5573,524,1.6903
33.5616,524,1.6903
33.5658,522,1.6839
33.5701,524,1.6903
33.5743,524,1.6903
33.5786,525,1.6935
33.5828,523,1.6871
33.5871,522,1.6839
33.5914,523,1.6871
33.5956,524,1.6903
33.5999,525,1.6935
33.6042,525,1.6935
33.6084,525,1.6935
33.6127,524,1.6903
33.6169,524,1.6903
33.6213,524,1.6903
33.6255,524,1.6903
33.6298,524,1.6903
33.6341,524,1.6903
33.6384,525,1.6935
33.6427,524,1.6903
33.6470,524,1.6903
33.6513,524,1.6903
33.6555,524,1.6903
33.6598,524,1.6903
33.6641,524,1.6903
33.6684,524,1.6903
33.6727,526,1.6968
33.6770,525,1.6935
33.6813,524,1.6903
33.6856,523,1.6871
33.6899,525,1.6935
33.6942,524,1.6903
33.6985,524,1.6903
33.7028,523,1.6871
33.7070,522,1.6839
33.7113,523,1.6871
33.7156,523,1.6871
33.7199,523,1.6871
33.7242,522,1.6839
33.7285,523,1.6871
33.7328,522,1.6839
33.7371,523,1.6871
33.7413,525,1.6935
33.7457,534,1.7226
33.7500,545,1.7581
33.7542,557,1.7968
33.7585,571,1.8419
33.7628,585,1.8871
33.7672,596,1.9226
33.7715,603,1.9452
33.7758,611,1.9710
33.7800,612,1.9742
33.7843,611,1.9710
33.7886,604,1.9484
33.7929,595,1.9194
33.7973,585,1.8871
33.8018,570,1.8387
33.8063,555,1.7903
33.8106,540,1.7419
33.8149,525,1.6935
33.8192,513,1.6548
33.8236,505,1.6290
33.8280,503,1.6226
33.8322,504,1.6258
33.8365,504,1.6258
33.8407,504,1.6258
33.8449,504,1.6258
33.8492,505,1.6290
33.8535,505,1.6290
33.8578,506,1.6323
33.8620,506,1.6323
33.8663,506,1.6323
33.8705,507,1.6355
33.8748,506,1.6323
33.8791,507,1.6355
33.8833,507,1.6355
33.8876,507,1.6355
33.8918,508,1.6387
33.8961,508,1.6387
33.9003,508,1.6387
33.9046,501,1.6161
33.9088,480,1.5484
33.9131,447,1.4419
33.9174,423,1.3645
33.9216,447,1.4419
33.9258,531,1.7129
33.9301,674,2.1742
33.9344,847,2.7323
33.9386,996,3.2129
33.9429,1000,3.2258
33.9471,1002,3.2323
33.9514,996,3.2129
33.9557,893,2.8806
33.9599,669,2.1581
33.9642,496,1.6000
33.9684,410,1.3226
33.9727,386,1.2452
33.9769,398,1.2839
33.9812,426,1.3742
33.9855,449,1.4484
33.9897,458,1.4774
33.9940,462,1.4903
33.9983,462,1.4903
34.0025,462,1.4903
34.0068,463,1.4935
34.0111,464,1.4968
34.0153,465,1.5000
34.0196,466,1.5032
34.0238,466,1.5032
34.0281,467,1.5065
34.0324,468,1.5097
34.0367,469,1.5129
34.0410,470,1.5161
34.0453,471,1.5194
34.0496,473,1.5258
34.0539,474,1.5290
34.0582,475,1.5323
34.0625,476,1.5355
34.0668,476,1.5355
34.0711,475,1.5323
34.0754,476,1.5355
34.0797,478,1.5419
34.0839,478,1.5419
34.0882,479,1.5452
34.0925,480,1.5484
34.0968,480,1.5484
34.1011,480,1.5484
34.1054,482,1.5548
34.1097,482,1.5548
34.1140,483,1.5581
34.1183,483,1.5581
34.1226,485,1.5645
34.1269,485,1.5645
34.1312,485,1.5645
34.1355,485,1.5645
34.1398,485,1.5645
34.1447,490,1.5806
34.1490,501,1.6161
34.1533,515,1.6613
34.1576,527,1.7000
34.1619,542,1.7484
34.1662,554,1.7871
34.1705,567,1.8290
34.1747,581,1.8742
34.1791,593,1.9129
34.1833,604,1.9484
34.1876,613,1.9774
34.1919,622,2.0065
34.1962,631,2.0355
34.2005,636,2.0516
34.2048,643,2.0742
34.2091,644,2.0774
34.2134,645,2.0806
34.2177,646,2.0839
34.2219,647,2.0871
34.2262,643,2.0742
34.2305,638,2.0581
34.2348,631,2.0355
34.2391,625,2.0161
34.2434,616,1.9871
34.2477,604,1.9484
34.2520,593,1.9129
34.2563,581,1.8742
34.2606,568,1.8323
34.2648,555,1.7903
34.2691,540,1.7419
34.2734,524,1.6903
34.2777,511,1.6484
34.2821,496,1.6000
34.2863,483,1.5581
34.2906,471,1.5194
34.2950,458,1.4774
34.2993,446,1.4387
34.3036,441,1.4226
34.3078,439,1.4161
34.3122,440,1.4194
34.3165,442,1.4258
34.3208,443,1.4290
34.3251,445,1.4355
34.3293,446,1.4387
34.3336,447,1.4419
34.3380,449,1.4484
34.3423,450,1.4516
34.3466,451,1.4548
34.3508,453,1.4613
34.3551,455,1.4677
34.3595,455,1.4677
34.3637,456,1.4710
34.3680,457,1.4742
34.3723,459,1.4806
34.3766,460,1.4839
34.3809,461,1.4871
34.3852,463,1.4935
34.3895,463,1.4935
34.3938,465,1.5000
34.3981,467,1.5065
34.4062,467,1.5065
34.4106,468,1.5097
34.4148,469,1.5129
34.4191,470,1.5161
34.4234,471,1.5194
34.4277,471,1.5194
34.4320,473,1.5258
34.4363,475,1.5323
34.4405,474,1.5290
34.4448,475,1.5323
34.4490,476,1.5355
34.4533,477,1.5387
34.4575,478,1.5419
34.4618,479,1.5452
34.4660,479,1.5452
34.4703,482,1.5548
34.4746,482,1.5548
34.4789,482,1.5548
34.4832,482,1.5548
34.4875,483,1.5581
34.4917,483,1.5581
34.4960,483,1.5581
34.5002,483,1.5581
34.5045,484,1.5613
34.5087,485,1.5645
34.5129,488,1.5742
34.5172,489,1.5774
34.5215,488,1.5742
34.5257,489,1.5774
34.5301,488,1.5742
34.5343,490,1.5806
34.5386,490,1.5806
34.5429,491,1.5839
34.5472,493,1.5903
34.5515,493,1.5903
34.5558,494,1.5935
34.5601,495,1.5968
34.5644,494,1.5935
34.5687,494,1.5935
34.5730,495,1.5968
34.5773,496,1.6000
34.5816,496,1.6000
34.5859,496,1.6000
34.5902,497,1.6032
34.5945,499,1.6097
34.5988,499,1.6097
34.6030,498,1.6065
34.6074,499,1.6097
34.6116,501,1.6161
34.6159,503,1.6226
34.6202,502,1.6194
34.6245,502,1.6194
34.6288,502,1.6194
34.6331,502,1.6194
34.6374,503,1.6226
34.6417,504,1.6258
34.6460,504,1.6258
34.6503,506,1.6323
34.6546,506,1.6323
34.6589,506,1.6323
34.6632,506,1.6323
34.6674,505,1.6290
34.6717,506,1.6323
34.6760,506,1.6323
34.6803,507,1.6355
34.6846,507,1.6355
34.6889,508,1.6387
34.6932,508,1.6387
34.6975,508,1.6387
34.7023,507,1.6355
34.7067,507,1.6355
34.7110,506,1.6323
34.7154,507,1.6355
34.7197,507,1.6355
34.7240,508,1.6387
34.7283,507,1.6355
34.7326,508,1.6387
34.7369,510,1.6452
34.7411,511,1.6484
34.7454,511,1.6484
34.7496,511,1.6484
34.7539,512,1.6516
34.7582,511,1.6484
34.7624,512,1.6516
34.7667,513,1.6548
34.7710,514,1.6581
34.7752,512,1.6516
34.7795,512,1.6516
34.7837,513,1.6548
34.7880,514,1.6581
34.7923,514,1.6581
34.7965,514,1.6581
34.8008,514,1.6581
34.8050,513,1.6548
34.8093,514,1.6581
34.8136,513,1.6548
34.8178,515,1.6613
34.8221,516,1.6645
34.8264,516,1.6645
34.8306,516,1.6645
34.8349,516,1.6645
34.8393,517,1.6677
34.8435,517,1.6677
34.8478,517,1.6677
34.8522,518,1.6710
34.8565,518,1.6710
34.8608,518,1.6710
34.8651,519,1.6742
34.8693,517,1.6677
34.8737,519,1.6742
34.8779,517,1.6677
34.8822,518,1.6710
34.8865,519,1.6742
34.8908,518,1.6710
34.8952,518,1.6710
34.8994,518,1.6710
34.9037,519,1.6742
34.9080,518,1.6710
34.9123,518,1.6710
34.9166,519,1.6742
34.9208,518,1.6710
34.9251,519,1.6742
34.9295,518,1.6710
34.9338,520,1.6774
34.9381,520,1.6774
34.9424,520,1.6774
34.9467,520,1.6774
34.9510,521,1.6806
34.9552,521,1.6806
34.9595,522,1.6839
34.9638,521,1.6806
34.9681,521,1.6806
34.9723,522,1.6839
34.9766,522,1.6839
34.9809,521,1.6806
34.9852,521,1.6806
34.9895,522,1.6839
34.9938,522,1.6839
34.9981,521,1.6806
35.0024,522,1.6839
35.0067,521,1.6806
35.0110,522,1.6839
35.0153,523,1.6871
35.0196,522,1.6839
35.0238,521,1.6806
35.0284,521,1.6806
35.0339,521,1.6806
35.0384,521,1.6806
35.0429,522,1.6839
35.0474,522,1.6839
35.0518,522,1.6839
35.0564,524,1.6903
35.0608,524,1.6903
35.0651,523,1.6871
35.0694,523,1.6871
35.0737,523,1.6871
35.0780,522,1.6839
35.0823,522,1.6839
35.0866,522,1.6839
35.0909,523,1.6871
35.0952,523,1.6871
35.0994,523,1.6871
35.1037,523,1.6871
35.1080,524,1.6903
35.1123,522,1.6839
35.1166,522,1.6839
35.1208,522,1.6839
35.1251,522,1.6839
35.1294,521,1.6806
35.1337,524,1.6903
35.1380,523,1.6871
35.1423,522,1.6839
35.1466,523,1.6871
35.1508,523,1.6871
35.1551,523,1.6871
35.1593,523,1.6871
35.1636,523,1.6871
35.1679,522,1.6839
35.1721,522,1.6839
35.1764,522,1.6839
35.1806,521,1.6806
35.1849,522,1.6839
35.1892,521,1.6806
35.1934,523,1.6871
35.1977,521,1.6806
35.2020,521,1.6806
35.2062,521,1.6806
35.2105,521,1.6806
35.2147,522,1.6839
35.2190,522,1.6839
35.2232,522,1.6839
35.2275,522,1.6839
35.2317,521,1.6806
35.2360,522,1.6839
35.2402,522,1.6839
35.2446,521,1.6806
35.2488,521,1.6806
35.2531,522,1.6839
35.2574,522,1.6839
35.2617,524,1.6903
35.2660,533,1.7194
35.2703,546,1.7613
35.2746,560,1.8065
35.2789,572,1.8452
35.2832,587,1.8935
35.2875,596,1.9226
35.2918,603,1.9452
35.2961,610,1.9677
35.3005,612,1.9742
35.3050,608,1.9613
35.3094,602,1.9419
35.3137,593,1.9129
35.3180,582,1.8774
35.3223,568,1.8323
35.3266,554,1.7871
35.3309,539,1.7387
35.3352,525,1.6935
35.3395,512,1.6516
35.3437,504,1.6258
35.3480,503,1.6226
35.3523,503,1.6226
35.3565,504,1.6258
35.3608,503,1.6226
35.3651,504,1.6258
35.3694,506,1.6323
35.3736,505,1.6290
35.3778,506,1.6323
35.3822,505,1.6290
35.3865,506,1.6323
35.3908,507,1.6355
35.3951,507,1.6355
35.3993,509,1.6419
35.4036,508,1.6387
35.4078,508,1.6387
35.4121,509,1.6419
35.4164,509,1.6419
35.4206,500,1.6129
35.4249,474,1.5290
35.4291,440,1.4194
35.4334,423,1.3645
35.4377,462,1.4903
35.4419,562,1.8129
35.4462,714,2.3032
35.4505,894,2.8839
35.4548,1000,3.2258
35.4590,1000,3.2258
35.4633,1000,3.2258
35.4676,992,3.2000
35.4719,833,2.6871
35.4762,611,1.9710
35.4805,463,1.4935
35.4847,398,1.2839
35.4890,387,1.2484
35.4933,406,1.3097
35.4976,436,1.4065
35.5019,455,1.4677
35.5062,463,1.4935
35.5105,463,1.4935
35.5148,463,1.4935
35.5191,464,1.4968
35.5234,463,1.4935
35.5277,465,1.5000
35.5320,466,1.5032
35.5363,466,1.5032
35.5407,468,1.5097
35.5450,469,1.5129
35.5493,469,1.5129
35.5536,471,1.5194
35.5579,472,1.5226
35.5622,472,1.5226
35.5665,473,1.5258
35.5708,475,1.5323
35.5751,476,1.5355
35.5794,478,1.5419
35.5837,479,1.5452
35.5880,479,1.5452
35.5923,480,1.5484
35.5966,479,1.5452
35.6010,480,1.5484
35.6054,481,1.5516
35.6098,481,1.5516
35.6141,482,1.5548
35.6184,481,1.5516
35.6227,483,1.5581
35.6270,484,1.5613
35.6313,484,1.5613
35.6356,485,1.5645
35.6399,484,1.5613
35.6441,485,1.5645
35.6484,485,1.5645
35.6527,487,1.5710
35.6569,489,1.5774
35.6612,497,1.6032
35.6654,507,1.6355
35.6697,520,1.6774
35.6740,536,1.7290
35.6783,547,1.7645
35.6826,562,1.8129
35.6868,575,1.8548
35.6911,588,1.8968
35.6954,598,1.9290
35.6997,609,1.9645
35.7040,619,1.9968
35.7083,627,2.0226
35.7126,634,2.0452
35.7168,640,2.0645
35.7211,645,2.0806
35.7253,648,2.0903
35.7296,651,2.1000
35.7339,651,2.1000
35.7381,649,2.0935
35.7424,644,2.0774
35.7467,639,2.0613
35.7509,632,2.0387
35.7552,623,2.0097
35.7595,614,1.9806
35.7637,605,1.9516
35.7680,593,1.9129
35.7722,580,1.8710
35.7765,568,1.8323
35.7807,554,1.7871
35.7850,540,1.7419
35.7892,527,1.7000
35.7935,512,1.6516
35.7977,499,1.6097
35.8021,485,1.5645
35.8064,470,1.5161
35.8106,459,1.4806
35.8148,448,1.4452
35.8191,443,1.4290
35.8234,442,1.4258
35.8276,443,1.4290
35.8319,443,1.4290
35.8362,444,1.4323
35.8404,446,1.4387
35.8447,447,1.4419
35.8490,449,1.4484
35.8532,450,1.4516
35.8576,451,1.4548
35.8619,452,1.4581
35.8661,453,1.4613
35.8704,455,1.4677
35.8747,456,1.4710
35.8790,456,1.4710
35.8833,458,1.4774
35.8876,459,1.4806
35.8919,460,1.4839
35.8961,461,1.4871
35.9004,462,1.4903
35.9047,463,1.4935
35.9094,463,1.4935
35.9137,464,1.4968
35.9180,464,1.4968
35.9222,465,1.5000
35.9265,466,1.5032
35.9308,467,1.5065
35.9351,468,1.5097
35.9393,470,1.5161
35.9436,469,1.5129
35.9479,471,1.5194
35.9522,472,1.5226
35.9565,473,1.5258
35.9607,474,1.5290
35.9650,476,1.5355
35.9693,477,1.5387
35.9736,478,1.5419
35.9778,477,1.5387
35.9822,477,1.5387
35.9865,477,1.5387
35.9908,479,1.5452
35.9950,480,1.5484
35.9994,480,1.5484
36.0036,481,1.5516
36.0080,481,1.5516
36.0122,483,1.5581
36.0165,484,1.5613
36.0208,485,1.5645
36.0251,484,1.5613
36.0294,486,1.5677
36.0337,486,1.5677
36.0380,487,1.5710
36.0422,487,1.5710
36.0466,489,1.5774
36.0509,490,1.5806
36.0552,490,1.5806
36.0595,491,1.5839
36.0638,490,1.5806
36.0681,490,1.5806
36.0724,491,1.5839
36.0767,493,1.5903
36.0810,494,1.5935
36.0853,493,1.5903
36.0896,492,1.5871
36.0939,494,1.5935
36.0982,494,1.5935
36.1025,495,1.5968
36.1067,497,1.6032
36.1111,497,1.6032
36.1154,498,1.6065
36.1197,499,1.6097
36.1239,500,1.6129
36.1282,500,1.6129
36.1325,500,1.6129
36.1368,501,1.6161
36.1411,502,1.6194
36.1454,501,1.6161
36.1497,502,1.6194
36.1540,502,1.6194
36.1583,503,1.6226
36.1626,504,1.6258
36.1669,504,1.6258
36.1712,505,1.6290
36.1755,505,1.6290
36.1798,504,1.6258
36.1841,505,1.6290
36.1883,505,1.6290
36.1926,506,1.6323
36.1969,506,1.6323
36.2013,505,1.6290
36.2058,506,1.6323
36.2102,506,1.6323
36.2146,507,1.6355
36.2189,508,1.6387
36.2232,509,1.6419
36.2275,510,1.6452
36.2318,509,1.6419
36.2361,510,1.6452
36.2404,509,1.6419
36.2447,510,1.6452
36.2490,510,1.6452
36.2533,510,1.6452
36.2576,511,1.6484
36.2618,512,1.6516
36.2661,511,1.6484
36.2704,512,1.6516
36.2746,512,1.6516
36.2788,512,1.6516
36.2831,512,1.6516
36.2874,511,1.6484
36.2916,512,1.6516
36.2959,513,1.6548
36.3001,513,1.6548
36.3044,514,1.6581
36.3087,514,1.6581
36.3129,515,1.6613
36.3171,515,1.6613
36.3214,514,1.6581
36.3257,515,1.6613
36.3299,515,1.6613
36.3342,515,1.6613
36.3384,516,1.6645
36.3427,516,1.6645
36.3469,517,1.6677
36.3512,517,1.6677
36.3555,518,1.6710
36.3599,517,1.6677
36.3641,518,1.6710
36.3684,517,1.6677
36.3727,517,1.6677
36.3770,517,1.6677
36.3813,518,1.6710
36.3856,518,1.6710
36.3899,518,1.6710
36.3942,519,1.6742
36.3985,519,1.6742
36.4027,519,1.6742
36.4070,519,1.6742
36.4113,520,1.6774
36.4156,520,1.6774
36.4199,520,1.6774
36.4242,520,1.6774
36.4285,520,1.6774
36.4328,520,1.6774
36.4371,521,1.6806
36.4414,520,1.6774
36.4456,520,1.6774
36.4500,521,1.6806
36.4543,520,1.6774
36.4586,519,1.6742
36.4629,521,1.6806
36.4672,521,1.6806
36.4714,520,1.6774
36.4757,520,1.6774
36.4800,522,1.6839
36.4843,522,1.6839
36.4886,522,1.6839
36.4930,522,1.6839
36.4973,523,1.6871
36.5017,522,1.6839
36.5061,521,1.6806
36.5105,522,1.6839
36.5148,521,1.6806
36.5191,522,1.6839
36.5234,522,1.6839
36.5277,522,1.6839
36.5320,522,1.6839
36.5363,523,1.6871
36.5406,524,1.6903
36.5449,523,1.6871
36.5491,522,1.6839
36.5534,522,1.6839
36.5577,522,1.6839
36.5620,521,1.6806
36.5663,522,1.6839
36.5705,522,1.6839
36.5748,522,1.6839
36.5791,523,1.6871
36.5833,522,1.6839
36.5876,521,1.6806
36.5919,522,1.6839
36.5961,523,1.6871
36.6004,522,1.6839
36.6046,522,1.6839
36.6089,522,1.6839
36.6132,523,1.6871
36.6174,523,1.6871
36.6217,522,1.6839
36.6259,522,1.6839
36.6302,522,1.6839
36.6345,523,1.6871
36.6387,523,1.6871
36.6430,523,1.6871
36.6473,522,1.6839
36.6516,523,1.6871
36.6559,522,1.6839
36.6602,523,1.6871
36.6646,522,1.6839
36.6689,521,1.6806
36.6731,521,1.6806
36.6774,523,1.6871
36.6817,524,1.6903
36.6860,523,1.6871
36.6903,524,1.6903
36.6946,523,1.6871
36.6989,523,1.6871
36.7031,521,1.6806
36.7075,523,1.6871
36.7117,523,1.6871
36.7160,523,1.6871
36.7203,523,1.6871
36.7246,524,1.6903
36.7289,524,1.6903
36.7332,522,1.6839
36.7375,524,1.6903
36.7418,523,1.6871
36.7461,522,1.6839
36.7504,522,1.6839
36.7546,523,1.6871
36.7590,524,1.6903
36.7632,524,1.6903
36.7675,524,1.6903
36.7718,524,1.6903
36.7761,529,1.7065
36.7804,539,1.7387
36.7847,551,1.7774
36.7890,564,1.8194
36.7932,578,1.8645
36.7975,588,1.8968
36.8018,600,1.9355
36.8061,607,1.9581
36.8104,612,1.9742
36.8147,614,1.9806
36.8190,610,1.9677
36.8232,604,1.9484
36.8275,593,1.9129
36.8318,582,1.8774
36.8361,567,1.8290
36.8404,552,1.7806
36.8447,538,1.7355
36.8490,522,1.6839
36.8533,510,1.6452
36.8576,505,1.6290
36.8619,504,1.6258
36.8662,505,1.6290
36.8705,506,1.6323
36.8748,507,1.6355
36.8791,507,1.6355
36.8834,507,1.6355
36.8876,507,1.6355
36.8919,507,1.6355
36.8962,507,1.6355
36.9005,507,1.6355
36.9048,508,1.6387
36.9091,507,1.6355
36.9134,507,1.6355
36.9177,508,1.6387
36.9220,508,1.6387
36.9263,510,1.6452
36.9306,509,1.6419
36.9349,509,1.6419
36.9392,503,1.6226
36.9435,484,1.5613
36.9478,452,1.4581
36.9521,426,1.3742
36.9564,443,1.4290
36.9607,526,1.6968
36.9650,663,2.1387
36.9693,839,2.7065
36.9736,997,3.2161
36.9779,1002,3.2323
36.9822,999,3.2226
36.9865,996,3.2129
36.9908,891,2.8742
36.9951,664,2.1419
36.9994,491,1.5839
37.0037,408,1.3161
37.0080,386,1.2452
37.0123,401,1.2935
37.0166,430,1.3871
37.0209,452,1.4581
37.0251,461,1.4871
37.0294,464,1.4968
37.0337,465,1.5000
37.0380,465,1.5000
37.0423,464,1.4968
37.0466,464,1.4968
37.0508,465,1.5000
37.0551,466,1.5032
37.0594,468,1.5097
37.0637,468,1.5097
37.0680,470,1.5161
37.0723,470,1.5161
37.0766,471,1.5194
37.0809,472,1.5226
37.0852,472,1.5226
37.0895,473,1.5258
37.0938,475,1.5323
37.0981,476,1.5355
37.1025,478,1.5419
37.1068,478,1.5419
37.1113,478,1.5419
37.1157,478,1.5419
37.1200,479,1.5452
37.1243,479,1.5452
37.1286,480,1.5484
37.1329,480,1.5484
37.1372,481,1.5516
37.1415,481,1.5516
37.1458,481,1.5516
37.1501,482,1.5548
37.1543,484,1.5613
37.1587,484,1.5613
37.1629,485,1.5645
37.1672,486,1.5677
37.1715,488,1.5742
37.1757,489,1.5774
37.1800,493,1.5903
37.1842,502,1.6194
37.1885,515,1.6613
37.1928,529,1.7065
37.1970,541,1.7452
37.2013,555,1.7903
37.2055,567,1.8290
37.2098,580,1.8710
37.2141,592,1.9097
37.2184,605,1.9516
37.2226,615,1.9839
37.2269,624,2.0129
37.2311,632,2.0387
37.2354,638,2.0581
37.2397,642,2.0710
37.2439,646,2.0839
37.2481,648,2.0903
37.2524,649,2.0935
37.2566,647,2.0871
37.2609,645,2.0806
37.2652,639,2.0613
37.2695,632,2.0387
37.2738,625,2.0161
37.2781,617,1.9903
37.2824,606,1.9548
37.2866,595,1.9194
37.2910,582,1.8774
37.2952,568,1.8323
37.2995,556,1.7935
37.3038,542,1.7484
37.3081,527,1.7000
37.3124,514,1.6581
37.3167,500,1.6129
37.3210,487,1.5710
37.3253,474,1.5290
37.3296,460,1.4839
37.3339,447,1.4419
37.3381,441,1.4226
37.3424,439,1.4161
37.3467,440,1.4194
37.3510,442,1.4258
37.3553,445,1.4355
37.3596,447,1.4419
37.3639,448,1.4452
37.3682,448,1.4452
37.3725,450,1.4516
37.3768,452,1.4581
37.3811,453,1.4613
37.3854,453,1.4613
37.3896,455,1.4677
37.3939,456,1.4710
37.3982,458,1.4774
37.4026,458,1.4774
37.4070,459,1.4806
37.4114,462,1.4903
37.4157,463,1.4935
37.4200,464,1.4968
37.4243,464,1.4968
37.4286,465,1.5000
37.4329,465,1.5000
37.4372,464,1.4968
37.4415,465,1.5000
37.4459,467,1.5065
37.4501,468,1.5097
37.4544,469,1.5129
37.4587,471,1.5194
37.4630,471,1.5194
37.4673,472,1.5226
37.4715,473,1.5258
37.4758,473,1.5258
37.4801,475,1.5323
37.4843,476,1.5355
37.4886,477,1.5387
37.4928,478,1.5419
37.4971,478,1.5419
37.5013,476,1.5355
37.5056,478,1.5419
37.5098,479,1.5452
37.5141,478,1.5419
37.5183,479,1.5452
37.5226,480,1.5484
37.5268,481,1.5516
37.5311,482,1.5548
37.5353,483,1.5581
37.5396,485,1.5645
37.5438,485,1.5645
37.5481,486,1.5677
37.5524,486,1.5677
37.5566,487,1.5710
37.5610,488,1.5742
37.5653,489,1.5774
37.5696,489,1.5774
37.5738,490,1.5806
37.5782,490,1.5806
37.5824,491,1.5839
37.5867,491,1.5839
37.5910,491,1.5839
37.5953,493,1.5903
37.5996,495,1.5968
37.6039,495,1.5968
37.6081,495,1.5968
37.6125,495,1.5968
37.6167,495,1.5968
37.6210,496,1.6000
37.6253,495,1.5968
37.6296,496,1.6000
37.6339,496,1.6000
37.6382,497,1.6032
37.6425,498,1.6065
37.6468,498,1.6065
37.6511,499,1.6097
37.6554,500,1.6129
37.6596,501,1.6161
37.6640,502,1.6194
37.6688,500,1.6129
37.6732,500,1.6129
37.6775,502,1.6194
37.6818,502,1.6194
37.6861,502,1.6194
37.6904,504,1.6258
37.6946,505,1.6290
37.6989,505,1.6290
37.7032,504,1.6258
37.7074,505,1.6290
37.7117,505,1.6290
37.7160,506,1.6323
37.7203,506,1.6323
37.7245,507,1.6355
37.7288,507,1.6355
37.7331,508,1.6387
37.7374,507,1.6355
37.7416,508,1.6387
37.7459,508,1.6387
37.7502,508,1.6387
37.7545,510,1.6452
37.7589,509,1.6419
37.7632,510,1.6452
37.7675,510,1.6452
37.7718,510,1.6452
37.7761,510,1.6452
37.7804,511,1.6484
37.7847,511,1.6484
37.7890,510,1.6452
37.7933,511,1.6484
37.7976,512,1.6516
37.8019,512,1.6516
37.8061,512,1.6516
37.8104,513,1.6548
37.8147,512,1.6516
37.8190,512,1.6516
37.8233,513,1.6548
37.8276,513,1.6548
37.8319,512,1.6516
37.8362,513,1.6548
37.8405,513,1.6548
37.8448,513,1.6548
37.8491,514,1.6581
37.8533,515,1.6613
37.8576,515,1.6613
37.8619,517,1.6677
37.8662,516,1.6645
37.8705,516,1.6645
37.8748,517,1.6677
37.8791,518,1.6710
37.8834,518,1.6710
37.8877,518,1.6710
37.8920,517,1.6677
37.8963,518,1.6710
37.9006,518,1.6710
37.9049,519,1.6742
37.9092,519,1.6742
37.9134,519,1.6742
37.9178,518,1.6710
37.9221,520,1.6774
37.9264,520,1.6774
37.9307,519,1.6742
37.9350,519,1.6742
37.9393,520,1.6774
37.9436,519,1.6742
37.9479,519,1.6742
37.9522,520,1.6774
37.9565,520,1.6774
37.9608,520,1.6774
37.9651,520,1.6774
37.9694,519,1.6742
37.9737,519,1.6742
37.9780,520,1.6774
37.9823,520,1.6774
37.9866,519,1.6742
37.9908,519,1.6742
37.9951,520,1.6774
37.9994,521,1.6806
38.0038,521,1.6806
38.0082,522,1.6839
38.0126,522,1.6839
38.0169,522,1.6839
38.0212,522,1.6839
38.0255,520,1.6774
38.0298,520,1.6774
38.0341,520,1.6774
38.0384,521,1.6806
38.0427,522,1.6839
38.0470,522,1.6839
38.0513,523,1.6871
38.0556,523,1.6871
38.0599,523,1.6871
38.0642,522,1.6839
38.0685,523,1.6871
38.0728,522,1.6839
38.0771,523,1.6871
38.0813,522,1.6839
38.0856,522,1.6839
38.0899,523,1.6871
38.0941,522,1.6839
38.0984,522,1.6839
38.1026,523,1.6871
38.1069,522,1.6839
38.1111,522,1.6839
38.1154,523,1.6871
38.1196,524,1.6903
38.1239,525,1.6935
38.1281,525,1.6935
38.1324,524,1.6903
38.1366,523,1.6871
38.1409,522,1.6839
38.1452,523,1.6871
38.1494,524,1.6903
38.1536,525,1.6935
38.1580,525,1.6935
38.1623,525,1.6935
38.1667,524,1.6903
38.1709,523,1.6871
38.1752,523,1.6871
38.1795,523,1.6871
38.1838,523,1.6871
38.1881,523,1.6871
38.1923,523,1.6871
38.1966,523,1.6871
38.2009,524,1.6903
38.2052,524,1.6903
38.2095,524,1.6903
38.2137,524,1.6903
38.2180,524,1.6903
38.2223,525,1.6935
38.2266,525,1.6935
38.2309,524,1.6903
38.2352,525,1.6935
38.2394,525,1.6935
38.2437,525,1.6935
38.2480,525,1.6935
38.2523,525,1.6935
38.2566,524,1.6903
38.2608,524,1.6903
38.2651,524,1.6903
38.2694,524,1.6903
38.2737,524,1.6903
38.2780,524,1.6903
38.2822,525,1.6935
38.2865,527,1.7000
38.2908,535,1.7258
38.2951,546,1.7613
38.2994,560,1.8065
38.3038,575,1.8548
38.3082,588,1.8968
38.3126,598,1.9290
38.3169,608,1.9613
38.3212,612,1.9742
38.3255,615,1.9839
38.3298,614,1.9806
38.3341,607,1.9581
38.3384,598,1.9290
38.3427,586,1.8903
38.3469,572,1.8452
38.3512,557,1.7968
38.3555,542,1.7484
38.3600,527,1.7000
38.3643,514,1.6581
38.3687,507,1.6355
38.3730,504,1.6258
38.3772,504,1.6258
38.3815,504,1.6258
38.3858,506,1.6323
38.3901,506,1.6323
38.3943,506,1.6323
38.3986,507,1.6355
38.4029,507,1.6355
38.4072,506,1.6323
38.4114,507,1.6355
38.4157,509,1.6419
38.4199,509,1.6419
38.4242,509,1.6419
38.4285,507,1.6355
38.4327,507,1.6355
38.4370,508,1.6387
38.4412,506,1.6323
38.4455,498,1.6065
38.4498,474,1.5290
38.4540,442,1.4258
38.4583,423,1.3645
38.4626,456,1.4710
38.4669,553,1.7839
38.4711,703,2.2677
38.4754,879,2.8355
38.4797,1001,3.2290
38.4840,1001,3.2290
38.4883,1001,3.2290
38.4926,994,3.2065
38.4969,842,2.7161
38.5012,617,1.9903
38.5055,464,1.4968
38.5098,398,1.2839
38.5141,388,1.2516
38.5184,407,1.3129
38.5227,435,1.4032
38.5270,453,1.4613
38.5313,461,1.4871
38.5356,463,1.4935
38.5399,463,1.4935
38.5442,464,1.4968
38.5485,465,1.5000
38.5528,464,1.4968
38.5571,466,1.5032
38.5614,468,1.5097
38.5657,467,1.5065
38.5700,469,1.5129
38.5743,470,1.5161
38.5786,471,1.5194
38.5829,473,1.5258
38.5872,472,1.5226
38.5915,473,1.5258
38.5958,475,1.5323
38.6001,475,1.5323
38.6044,476,1.5355
38.6088,478,1.5419
38.6131,478,1.5419
38.6174,478,1.5419
38.6217,479,1.5452
38.6260,480,1.5484
38.6303,481,1.5516
38.6346,482,1.5548
38.6389,482,1.5548
38.6431,481,1.5516
38.6474,482,1.5548
38.6518,481,1.5516
38.6561,482,1.5548
38.6604,483,1.5581
38.6647,484,1.5613
38.6690,484,1.5613
38.6733,485,1.5645
38.6776,485,1.5645
38.6819,486,1.5677
38.6862,493,1.5903
38.6905,504,1.6258
38.6948,518,1.6710
38.6991,533,1.7194
38.7034,547,1.7645
38.7077,559,1.8032
38.7120,571,1.8419
38.7164,584,1.8839
38.7207,596,1.9226
38.7250,607,1.9581
38.7293,619,1.9968
38.7336,627,2.0226
38.7378,633,2.0419
38.7422,640,2.0645
38.7465,643,2.0742
38.7508,647,2.0871
38.7551,648,2.0903
38.7594,649,2.0935
38.7636,648,2.0903
38.7679,643,2.0742
38.7723,636,2.0516
38.7766,629,2.0290
38.7809,621,2.0032
38.7852,611,1.9710
38.7895,601,1.9387
38.7938,587,1.8935
38.7982,573,1.8484
38.8025,561,1.8097
38.8068,549,1.7710
38.8111,535,1.7258
38.8154,520,1.6774
38.8197,506,1.6323
38.8240,492,1.5871
38.8283,479,1.5452
38.8326,466,1.5032
38.8369,454,1.4645
38.8412,444,1.4323
38.8455,439,1.4161
38.8498,439,1.4161
38.8541,440,1.4194
38.8584,442,1.4258
38.8627,443,1.4290
38.8670,445,1.4355
38.8713,447,1.4419
38.8756,448,1.4452
38.8799,449,1.4484
38.8842,451,1.4548
38.8885,451,1.4548
38.8927,452,1.4581
38.8970,453,1.4613
38.9014,455,1.4677
38.9058,456,1.4710
38.9102,457,1.4742
38.9146,457,1.4742
38.9189,459,1.4806
38.9232,460,1.4839
38.9275,461,1.4871
38.9318,461,1.4871
38.9361,463,1.4935
38.9404,463,1.4935
38.9447,464,1.4968
38.9489,465,1.5000
38.9533,466,1.5032
38.9575,468,1.5097
38.9618,469,1.5129
38.9661,470,1.5161
38.9704,470,1.5161
38.9750,474,1.5290
38.9793,474,1.5290
38.9836,475,1.5323
38.9878,476,1.5355
38.9921,477,1.5387
38.9964,477,1.5387
39.0007,479,1.5452
39.0049,480,1.5484
39.0092,480,1.5484
39.0134,480,1.5484
39.0177,481,1.5516
39.0220,481,1.5516
39.0262,482,1.5548
39.0305,482,1.5548
39.0347,484,1.5613
39.0390,484,1.5613
39.0433,485,1.5645
39.0475,485,1.5645
39.0518,487,1.5710
39.0561,488,1.5742
39.0603,488,1.5742
39.0646,489,1.5774
39.0689,489,1.5774
39.0731,489,1.5774
39.0774,489,1.5774
39.0817,489,1.5774
39.0860,489,1.5774
39.0903,491,1.5839
39.0947,490,1.5806
39.0989,491,1.5839
39.1032,493,1.5903
39.1076,494,1.5935
39.1118,495,1.5968
39.1161,496,1.6000
39.1204,496,1.6000
39.1247,496,1.6000
39.1290,497,1.6032
39.1333,497,1.6032
39.1376,498,1.6065
39.1419,499,1.6097
39.1462,499,1.6097
39.1505,499,1.6097
39.1548,500,1.6129
39.1591,499,1.6097
39.1634,500,1.6129
39.1677,501,1.6161
39.1720,502,1.6194
39.1763,501,1.6161
39.1806,502,1.6194
39.1849,502,1.6194
39.1892,503,1.6226
39.1935,502,1.6194
39.1979,504,1.6258
39.2022,504,1.6258
39.2067,504,1.6258
39.2111,503,1.6226
39.2155,503,1.6226
39.2198,504,1.6258
39.2241,505,1.6290
39.2284,506,1.6323
39.2327,507,1.6355
39.2370,507,1.6355
39.2413,506,1.6323
39.2456,506,1.6323
39.2499,506,1.6323
39.2542,506,1.6323
39.2585,509,1.6419
39.2628,510,1.6452
39.2671,510,1.6452
39.2713,510,1.6452
39.2756,511,1.6484
39.2799,511,1.6484
39.2842,511,1.6484
39.2884,511,1.6484
39.2927,512,1.6516
39.2970,513,1.6548
39.3013,513,1.6548
39.3055,513,1.6548
39.3098,514,1.6581
39.3141,513,1.6548
39.3184,513,1.6548
39.3226,513,1.6548
39.3269,512,1.6516
39.3311,513,1.6548
39.3354,514,1.6581
39.3397,514,1.6581
39.3439,515,1.6613
39.3482,515,1.6613
39.3524,516,1.6645
39.3567,516,1.6645
39.3609,516,1.6645
39.3652,516,1.6645
39.3694,517,1.6677
39.3737,517,1.6677
39.3780,517,1.6677
39.3823,518,1.6710
39.3866,518,1.6710
39.3909,518,1.6710
39.3952,519,1.6742
39.3995,519,1.6742
39.4038,519,1.6742
39.4081,519,1.6742
39.4124,519,1.6742
39.4167,519,1.6742
39.4210,518,1.6710
39.4253,518,1.6710
39.4300,519,1.6742
39.4344,519,1.6742
39.4387,518,1.6710
39.4429,520,1.6774
39.4472,520,1.6774
39.4515,520,1.6774
39.4558,519,1.6742
39.4601,519,1.6742
39.4644,519,1.6742
39.4687,519,1.6742
39.4730,519,1.6742
39.4773,519,1.6742
39.4816,517,1.6677
39.4859,518,1.6710
39.4902,520,1.6774
39.4945,520,1.6774
39.4988,521,1.6806
39.5031,522,1.6839
39.5074,519,1.6742
39.5117,519,1.6742
39.5160,519,1.6742
39.5203,520,1.6774
39.5245,519,1.6742
39.5288,520,1.6774
39.5332,520,1.6774
39.5374,521,1.6806
39.5417,522,1.6839
39.5460,522,1.6839
39.5504,521,1.6806
39.5547,522,1.6839
39.5590,523,1.6871
39.5633,521,1.6806
39.5676,522,1.6839
39.5718,523,1.6871
39.5761,523,1.6871
39.5805,522,1.6839
39.5848,523,1.6871
39.5891,523,1.6871
39.5934,522,1.6839
39.5977,522,1.6839
39.6020,523,1.6871
39.6063,523,1.6871
39.6107,523,1.6871
39.6150,523,1.6871
39.6192,524,1.6903
39.6235,525,1.6935
39.6278,525,1.6935
39.6322,524,1.6903
39.6365,523,1.6871
39.6408,523,1.6871
39.6451,523,1.6871
39.6494,522,1.6839
39.6536,522,1.6839
39.6580,521,1.6806
39.6623,522,1.6839
39.6665,521,1.6806
39.6709,523,1.6871
39.6751,523,1.6871
39.6794,523,1.6871
39.6837,523,1.6871
39.6881,522,1.6839
39.6923,523,1.6871
39.6967,522,1.6839
39.7010,523,1.6871
39.7053,522,1.6839
39.7095,522,1.6839
39.7138,522,1.6839
39.7181,523,1.6871
39.7224,526,1.6968
39.7267,526,1.6968
39.7310,524,1.6903
39.7353,523,1.6871
39.7396,524,1.6903
39.7439,524,1.6903
39.7482,524,1.6903
39.7525,525,1.6935
39.7568,523,1.6871
39.7611,525,1.6935
39.7654,523,1.6871
39.7697,523,1.6871
39.7740,524,1.6903
39.7783,524,1.6903
39.7826,525,1.6935
39.7869,527,1.7000
39.7912,532,1.7161
39.7955,544,1.7548
39.7998,559,1.8032
39.8043,574,1.8516
39.8087,586,1.8903
39.8131,597,1.9258
39.8174,606,1.9548
39.8217,611,1.9710
39.8260,613,1.9774
39.8303,610,1.9677
39.8346,606,1.9548
39.8389,598,1.9290
39.8432,585,1.8871
39.8475,571,1.8419
39.8518,558,1.8000
39.8561,543,1.7516
39.8605,528,1.7032
39.8648,515,1.6613
39.8691,506,1.6323
39.8733,503,1.6226
39.8776,503,1.6226
39.8819,503,1.6226
39.8862,504,1.6258
39.8906,504,1.6258
39.8950,506,1.6323
39.8992,505,1.6290
39.9035,505,1.6290
39.9078,505,1.6290
39.9121,505,1.6290
39.9164,507,1.6355
39.9206,508,1.6387
39.9249,509,1.6419
39.9292,509,1.6419
39.9334,509,1.6419
39.9377,508,1.6387
39.9420,507,1.6355
39.9463,500,1.6129
39.9506,476,1.5355
39.9548,445,1.4355
39.9591,424,1.3677
39.9633,452,1.4581
39.9676,545,1.7581
39.9719,688,2.2194
39.9761,865,2.7903
39.9804,999,3.2226
39.9847,1003,3.2355
39.9890,1002,3.2323
39.9933,996,3.2129
39.9976,860,2.7742
40.0019,636,2.0516
40.0062,475,1.5323
40.0105,402,1.2968
40.0148,387,1.2484
40.0191,404,1.3032
40.0234,433,1.3968
40.0277,454,1.4645
40.0325,462,1.4903
40.0390,465,1.5000
40.0481,465,1.5000
40.0538,467,1.5065
40.0584,467,1.5065
40.0629,469,1.5129
40.0673,469,1.5129
40.0717,470,1.5161
40.0760,471,1.5194
40.0804,472,1.5226
40.0848,473,1.5258
40.0891,474,1.5290
40.0935,475,1.5323
40.0980,477,1.5387
40.1023,477,1.5387
40.1067,478,1.5419
40.1110,478,1.5419
40.1153,478,1.5419
40.1196,478,1.5419
40.1239,479,1.5452
40.1281,479,1.5452
40.1324,479,1.5452
40.1366,481,1.5516
40.1409,482,1.5548
40.1451,482,1.5548
40.1493,483,1.5581
40.1536,483,1.5581
40.1578,484,1.5613
40.1620,485,1.5645
40.1663,486,1.5677
40.1705,486,1.5677
40.1748,486,1.5677
40.1790,487,1.5710
40.1833,487,1.5710
40.1875,487,1.5710
40.1918,489,1.5774
40.1961,493,1.5903
40.2003,503,1.6226
40.2046,516,1.6645
40.2089,529,1.7065
40.2131,541,1.7452
40.2174,557,1.7968
40.2217,569,1.8355
40.2259,582,1.8774
40.2302,592,1.9097
40.2344,604,1.9484
40.2387,614,1.9806
40.2430,625,2.0161
40.2472,633,2.0419
40.2515,640,2.0645
40.2558,646,2.0839
40.2600,648,2.0903
40.2643,649,2.0935
40.2685,650,2.0968
40.2728,649,2.0935
40.2771,645,2.0806
40.2814,642,2.0710
40.2856,634,2.0452
40.2900,625,2.0161
40.2945,614,1.9806
40.2988,607,1.9581
40.3031,594,1.9161
40.3074,582,1.8774
40.3117,568,1.8323
40.3160,556,1.7935
40.3203,543,1.7516
40.3246,528,1.7032
40.3289,514,1.6581
40.3332,500,1.6129
40.3375,487,1.5710
40.3418,473,1.5258
40.3461,460,1.4839
40.3504,449,1.4484
40.3547,441,1.4226
40.3590,439,1.4161
40.3633,439,1.4161
40.3676,441,1.4226
40.3719,442,1.4258
40.3762,446,1.4387
40.3805,447,1.4419
40.3848,448,1.4452
40.3891,450,1.4516
40.3934,451,1.4548
40.3977,452,1.4581
40.4021,453,1.4613
40.4064,454,1.4645
40.4106,455,1.4677
40.4150,456,1.4710
40.4193,457,1.4742
40.4236,457,1.4742
40.4279,458,1.4774
40.4322,460,1.4839
40.4365,461,1.4871
40.4408,462,1.4903
40.4451,463,1.4935
40.4494,464,1.4968
40.4537,466,1.5032
40.4580,466,1.5032
40.4623,467,1.5065
40.4666,468,1.5097
40.4709,469,1.5129
40.4751,470,1.5161
40.4795,471,1.5194
40.4838,472,1.5226
40.4881,473,1.5258
40.4924,473,1.5258
40.4967,473,1.5258
40.5010,476,1.5355
40.5053,476,1.5355
40.5096,477,1.5387
40.5139,478,1.5419
40.5182,479,1.5452
40.5225,480,1.5484
40.5268,480,1.5484
40.5311,480,1.5484
40.5354,481,1.5516
40.5397,484,1.5613
40.5440,484,1.5613
40.5483,484,1.5613
40.5526,486,1.5677
40.5569,487,1.5710
40.5612,487,1.5710
40.5655,486,1.5677
40.5698,486,1.5677
40.5741,487,1.5710
40.5784,488,1.5742
40.5827,490,1.5806
40.5870,491,1.5839
40.5913,492,1.5871
40.5956,493,1.5903
40.5999,492,1.5871
40.6042,492,1.5871
40.6085,492,1.5871
40.6128,493,1.5903
40.6171,494,1.5935
40.6214,495,1.5968
40.6257,495,1.5968
40.6300,495,1.5968
40.6343,495,1.5968
40.6386,496,1.6000
40.6429,498,1.6065
40.6472,499,1.6097
40.6515,499,1.6097
40.6558,500,1.6129
40.6601,500,1.6129
40.6643,500,1.6129
40.6686,501,1.6161
40.6729,501,1.6161
40.6772,502,1.6194
40.6815,503,1.6226
40.6858,503,1.6226
40.6901,503,1.6226
40.6944,504,1.6258
40.6988,505,1.6290
40.7031,505,1.6290
40.7076,505,1.6290
40.7121,505,1.6290
40.7164,504,1.6258
40.7207,505,1.6290
40.7250,506,1.6323
40.7294,507,1.6355
40.7337,507,1.6355
40.7380,506,1.6323
40.7422,507,1.6355
40.7465,509,1.6419
40.7508,508,1.6387
40.7551,508,1.6387
40.7594,508,1.6387
40.7637,508,1.6387
40.7680,510,1.6452
40.7723,511,1.6484
40.7766,511,1.6484
40.7809,511,1.6484
40.7852,510,1.6452
40.7895,510,1.6452
40.7938,511,1.6484
40.7981,512,1.6516
40.8024,512,1.6516
40.8067,512,1.6516
40.8109,511,1.6484
40.8152,511,1.6484
40.8195,513,1.6548
40.8238,514,1.6581
40.8281,514,1.6581
40.8323,512,1.6516
40.8366,514,1.6581
40.8409,515,1.6613
40.8451,515,1.6613
40.8494,514,1.6581
40.8537,513,1.6548
40.8579,514,1.6581
40.8622,514,1.6581
40.8664,515,1.6613
40.8707,515,1.6613
40.8750,516,1.6645
40.8793,517,1.6677
40.8835,517,1.6677
40.8878,516,1.6645
40.8921,515,1.6613
40.8964,516,1.6645
40.9007,516,1.6645
40.9050,517,1.6677
40.9093,517,1.6677
40.9136,516,1.6645
40.9179,517,1.6677
40.9222,518,1.6710
40.9265,519,1.6742
40.9308,518,1.6710
40.9351,518,1.6710
40.9394,518,1.6710
40.9437,517,1.6677
40.9480,517,1.6677
40.9524,517,1.6677
40.9567,516,1.6645
40.9610,518,1.6710
40.9653,519,1.6742
40.9696,520,1.6774
40.9739,520,1.6774
40.9782,520,1.6774
40.9825,520,1.6774
40.9868,519,1.6742
40.9911,520,1.6774
40.9954,519,1.6742
40.9998,520,1.6774
41.0044,521,1.6806
41.0088,521,1.6806
41.0132,520,1.6774
41.0175,519,1.6742
41.0218,519,1.6742
41.0262,519,1.6742
41.0305,520,1.6774
41.0348,521,1.6806
41.0391,521,1.6806
41.0434,521,1.6806
41.0477,520,1.6774
41.0520,521,1.6806
41.0563,520,1.6774
41.0606,520,1.6774
41.0649,521,1.6806
41.0692,521,1.6806
41.0735,522,1.6839
41.0778,521,1.6806
41.0821,522,1.6839
41.0864,522,1.6839
41.0907,523,1.6871
41.0952,523,1.6871
41.0994,524,1.6903
41.1037,523,1.6871
41.1080,523,1.6871
41.1122,522,1.6839
41.1165,522,1.6839
41.1208,523,1.6871
41.1250,523,1.6871
41.1293,524,1.6903
41.1335,523,1.6871
41.1378,524,1.6903
41.1421,524,1.6903
41.1463,523,1.6871
41.1506,523,1.6871
41.1549,523,1.6871
41.1592,523,1.6871
41.1634,524,1.6903
41.1677,523,1.6871
41.1720,524,1.6903
41.1762,524,1.6903
41.1805,524,1.6903
41.1847,523,1.6871
41.1890,522,1.6839
41.1932,522,1.6839
41.1975,521,1.6806
41.2022,522,1.6839
41.2066,523,1.6871
41.2109,523,1.6871
41.2152,522,1.6839
41.2195,523,1.6871
41.2238,523,1.6871
41.2281,524,1.6903
41.2324,523,1.6871
41.2367,522,1.6839
41.2410,522,1.6839
41.2453,523,1.6871
41.2496,522,1.6839
41.2539,521,1.6806
41.2582,522,1.6839
41.2625,523,1.6871
41.2668,523,1.6871
41.2711,523,1.6871
41.2754,524,1.6903
41.2797,523,1.6871
41.2840,523,1.6871
41.2883,522,1.6839
41.2926,523,1.6871
41.2969,523,1.6871
41.3012,525,1.6935
41.3055,531,1.7129
41.3098,542,1.7484
41.3141,554,1.7871
41.3184,568,1.8323
41.3227,582,1.8774
41.3271,593,1.9129
41.3314,602,1.9419
41.3357,610,1.9677
41.3400,612,1.9742
41.3443,612,1.9742
41.3486,608,1.9613
41.3529,599,1.9323
41.3572,587,1.8935
41.3615,575,1.8548
41.3658,561,1.8097
41.3701,547,1.7645
41.3744,530,1.7097
41.3787,518,1.6710
41.3830,507,1.6355
41.3873,502,1.6194
41.3916,503,1.6226
41.3959,504,1.6258
41.4002,504,1.6258
41.4045,504,1.6258
41.4088,505,1.6290
41.4131,506,1.6323
41.4174,507,1.6355
41.4216,507,1.6355
41.4259,507,1.6355
41.4303,508,1.6387
41.4345,507,1.6355
41.4389,508,1.6387
41.4431,508,1.6387
41.4474,508,1.6387
41.4517,507,1.6355
41.4560,508,1.6387
41.4604,504,1.6258
41.4647,485,1.5645
41.4690,453,1.4613
41.4733,426,1.3742
41.4776,442,1.4258
41.4819,523,1.6871
41.4861,660,2.1290
41.4905,837,2.7000
41.4951,999,3.2226
41.4994,1000,3.2258
41.5037,1001,3.2290
41.5080,997,3.2161
41.5123,880,2.8387
41.5166,654,2.1097
41.5209,485,1.5645
41.5252,406,1.3097
41.5295,387,1.2484
41.5338,401,1.2935
41.5381,430,1.3871
41.5424,452,1.4581
41.5467,462,1.4903
41.5510,463,1.4935
41.5553,463,1.4935
41.5596,463,1.4935
41.5639,465,1.5000
41.5682,466,1.5032
41.5725,467,1.5065
41.5768,468,1.5097
41.5811,469,1.5129
41.5854,470,1.5161
41.5897,471,1.5194
41.5940,472,1.5226
41.5983,473,1.5258
41.6028,473,1.5258
41.6073,473,1.5258
41.6117,475,1.5323
41.6160,476,1.5355
41.6203,477,1.5387
41.6246,477,1.5387
41.6289,478,1.5419
41.6332,478,1.5419
41.6375,479,1.5452
41.6418,480,1.5484
41.6461,480,1.5484
41.6504,481,1.5516
41.6547,481,1.5516
41.6590,481,1.5516
41.6633,482,1.5548
41.6676,483,1.5581
41.6719,484,1.5613
41.6762,484,1.5613
41.6805,484,1.5613
41.6848,484,1.5613
41.6891,485,1.5645
41.6934,486,1.5677
41.6977,488,1.5742
41.7020,494,1.5935
41.7063,504,1.6258
41.7106,518,1.6710
41.7149,531,1.7129
41.7191,545,1.7581
41.7234,557,1.7968
41.7276,569,1.8355
41.7319,584,1.8839
41.7362,595,1.9194
41.7404,607,1.9581
41.7447,617,1.9903
41.7489,626,2.0194
41.7532,633,2.0419
41.7575,640,2.0645
41.7618,645,2.0806
41.7660,648,2.0903
41.7703,649,2.0935
41.7746,649,2.0935
41.7789,648,2.0903
41.7831,645,2.0806
41.7874,640,2.0645
41.7916,633,2.0419
41.7959,624,2.0129
41.8002,614,1.9806
41.8045,603,1.9452
41.8088,591,1.9065
41.8131,578,1.8645
41.8174,565,1.8226
41.8224,550,1.7742
41.8267,535,1.7258
41.8310,521,1.6806
41.8353,506,1.6323
41.8395,493,1.5903
41.8439,480,1.5484
41.8482,467,1.5065
41.8524,455,1.4677
41.8568,446,1.4387
41.8611,440,1.4194
41.8654,439,1.4161
41.8697,441,1.4226
41.8740,442,1.4258
41.8783,443,1.4290
41.8826,445,1.4355
41.8869,446,1.4387
41.8912,449,1.4484
41.8955,451,1.4548
41.9003,452,1.4581
41.9050,453,1.4613
41.9094,453,1.4613
41.9137,454,1.4645
41.9180,456,1.4710
41.9222,458,1.4774
41.9265,458,1.4774
41.9308,458,1.4774
41.9350,459,1.4806
41.9393,461,1.4871
41.9437,463,1.4935
41.9480,463,1.4935
41.9523,464,1.4968
41.9565,464,1.4968
41.9608,465,1.5000
41.9650,466,1.5032
41.9693,468,1.5097
41.9735,469,1.5129
41.9778,470,1.5161
41.9820,470,1.5161
41.9863,472,1.5226
41.9906,472,1.5226
41.9948,473,1.5258
41.9991,474,1.5290
42.0034,476,1.5355
42.0076,477,1.5387
42.0119,477,1.5387
42.0161,478,1.5419
42.0204,479,1.5452
42.0246,481,1.5516
42.0289,481,1.5516
42.0331,481,1.5516
42.0373,482,1.5548
42.0416,483,1.5581
42.0458,483,1.5581
42.0501,482,1.5548
42.0543,483,1.5581
42.0586,484,1.5613
42.0628,485,1.5645
42.0671,485,1.5645
42.0713,486,1.5677
42.0756,487,1.5710
42.0798,487,1.5710
42.0841,489,1.5774
42.0883,490,1.5806
42.0925,491,1.5839
42.0968,491,1.5839
42.1010,492,1.5871
42.1053,491,1.5839
42.1096,493,1.5903
42.1139,493,1.5903
42.1181,493,1.5903
42.1224,494,1.5935
42.1267,493,1.5903
42.1310,493,1.5903
42.1352,494,1.5935
42.1395,495,1.5968
42.1438,496,1.6000
42.1480,497,1.6032
42.1523,498,1.6065
42.1566,499,1.6097
42.1609,500,1.6129
42.1651,499,1.6097
42.1694,499,1.6097
42.1737,499,1.6097
42.1779,499,1.6097
42.1822,501,1.6161
42.1865,502,1.6194
42.1908,502,1.6194
42.1951,502,1.6194
42.1993,501,1.6161
42.2036,502,1.6194
42.2079,503,1.6226
42.2122,503,1.6226
42.2165,504,1.6258
42.2208,505,1.6290
42.2250,504,1.6258
42.2293,505,1.6290
42.2336,506,1.6323
42.2379,506,1.6323
42.2422,507,1.6355
42.2464,507,1.6355
42.2507,508,1.6387
42.2550,509,1.6419
42.2593,509,1.6419
42.2636,509,1.6419
42.2678,508,1.6387
42.2721,508,1.6387
42.2764,509,1.6419
42.2807,511,1.6484
42.2849,512,1.6516
42.2892,512,1.6516
42.2935,512,1.6516
42.2978,512,1.6516
42.3021,513,1.6548
42.3064,513,1.6548
42.3107,513,1.6548
42.3150,513,1.6548
42.3193,514,1.6581
42.3236,515,1.6613
42.3279,514,1.6581
42.3322,514,1.6581
42.3365,513,1.6548
42.3408,513,1.6548
42.3450,514,1.6581
42.3493,515,1.6613
42.3537,514,1.6581
42.3579,514,1.6581
42.3622,514,1.6581
42.3665,515,1.6613
42.3708,515,1.6613
42.3751,516,1.6645
42.3794,516,1.6645
42.3837,515,1.6613
42.3880,515,1.6613
42.3922,516,1.6645
42.3966,516,1.6645
42.4008,517,1.6677
42.4051,517,1.6677
42.4094,518,1.6710
42.4138,518,1.6710
42.4181,518,1.6710
42.4224,517,1.6677
42.4267,517,1.6677
42.4310,517,1.6677
42.4353,517,1.6677
42.4396,516,1.6645
42.4438,518,1.6710
42.4481,518,1.6710
42.4524,517,1.6677
42.4566,518,1.6710
42.4609,517,1.6677
42.4652,518,1.6710
42.4695,517,1.6677
42.4737,517,1.6677
42.4780,518,1.6710
42.4823,518,1.6710
42.4865,519,1.6742
42.4908,518,1.6710
42.4951,518,1.6710
42.4994,518,1.6710
42.5037,519,1.6742
42.5090,519,1.6742
42.5135,519,1.6742
42.5179,519,1.6742
42.5222,519,1.6742
42.5265,520,1.6774
42.5308,521,1.6806
42.5351,522,1.6839
42.5395,521,1.6806
42.5437,520,1.6774
42.5480,520,1.6774
42.5523,520,1.6774
42.5566,520,1.6774
42.5610,520,1.6774
42.5654,521,1.6806
42.5697,521,1.6806
42.5739,521,1.6806
42.5782,521,1.6806
42.5826,522,1.6839
42.5869,522,1.6839
42.5912,521,1.6806
42.5955,521,1.6806
42.5999,521,1.6806
42.6042,521,1.6806
42.6085,522,1.6839
42.6128,521,1.6806
42.6171,522,1.6839
42.6215,522,1.6839
42.6257,522,1.6839
42.6300,522,1.6839
42.6343,522,1.6839
42.6386,523,1.6871
42.6430,523,1.6871
42.6472,523,1.6871
42.6515,523,1.6871
42.6558,522,1.6839
42.6602,522,1.6839
42.6646,523,1.6871
42.6689,523,1.6871
42.6732,523,1.6871
42.6775,523,1.6871
42.6819,523,1.6871
42.6861,523,1.6871
42.6904,524,1.6903
42.6947,522,1.6839
42.6990,524,1.6903
42.7034,524,1.6903
42.7077,523,1.6871
42.7120,523,1.6871
42.7163,523,1.6871
42.7206,524,1.6903
42.7249,525,1.6935
42.7292,524,1.6903
42.7335,523,1.6871
42.7378,525,1.6935
42.7421,524,1.6903
42.7464,524,1.6903
42.7507,525,1.6935
42.7550,524,1.6903
42.7596,524,1.6903
42.7640,525,1.6935
42.7683,525,1.6935
42.7726,524,1.6903
42.7769,524,1.6903
42.7812,524,1.6903
42.7855,524,1.6903
42.7898,524,1.6903
42.7941,524,1.6903
42.7984,523,1.6871
42.8027,524,1.6903
42.8071,524,1.6903
42.8119,526,1.6968
42.8163,534,1.7226
42.8206,546,1.7613
42.8256,562,1.8129
42.8299,576,1.8581
42.8342,589,1.9000
42.8385,599,1.9323
42.8428,608,1.9613
42.8471,611,1.9710
42.8514,614,1.9806
42.8557,609,1.9645
42.8600,604,1.9484
42.8643,595,1.9194
42.8687,583,1.8806
42.8730,571,1.8419
42.8773,554,1.7871
42.8816,539,1.7387
42.8859,525,1.6935
42.8902,512,1.6516
42.8945,506,1.6323
42.8988,505,1.6290
42.9031,505,1.6290
42.9081,505,1.6290
42.9127,505,1.6290
42.9170,505,1.6290
42.9213,506,1.6323
42.9256,507,1.6355
42.9300,508,1.6387
42.9342,508,1.6387
42.9385,508,1.6387
42.9428,508,1.6387
42.9471,508,1.6387
42.9514,507,1.6355
42.9557,507,1.6355
42.9600,508,1.6387
42.9643,508,1.6387
42.9726,496,1.6000
42.9770,469,1.5129
42.9813,436,1.4065
42.9856,426,1.3742
42.9900,476,1.5355
42.9943,589,1.9000
42.9985,750,2.4194
43.0028,933,3.0097
43.0071,1000,3.2258
43.0115,1002,3.2323
43.0158,1000,3.2258
43.0201,972,3.1355
43.0244,778,2.5097
43.0287,563,1.8161
43.0330,438,1.4129
43.0373,391,1.2613
43.0416,390,1.2581
43.0459,415,1.3387
43.0502,441,1.4226
43.0545,456,1.4710
43.0588,462,1.4903
43.0631,462,1.4903
43.0679,463,1.4935
43.0723,464,1.4968
43.0766,464,1.4968
43.0808,466,1.5032
43.0851,466,1.5032
43.0894,467,1.5065
43.0938,467,1.5065
43.0981,469,1.5129
43.1024,471,1.5194
43.1066,470,1.5161
43.1109,471,1.5194
43.1153,472,1.5226
43.1196,474,1.5290
43.1239,475,1.5323
43.1284,477,1.5387
43.1327,478,1.5419
43.1370,477,1.5387
43.1413,478,1.5419
43.1456,479,1.5452
43.1499,479,1.5452
43.1542,480,1.5484
43.1585,480,1.5484
43.1628,481,1.5516
43.1671,482,1.5548
43.1714,484,1.5613
43.1758,485,1.5645
43.1801,485,1.5645
43.1844,485,1.5645
43.1886,486,1.5677
43.1929,486,1.5677
43.1973,486,1.5677
43.2016,486,1.5677
43.2059,487,1.5710
43.2102,491,1.5839
43.2147,501,1.6161
43.2191,513,1.6548
43.2234,526,1.6968
43.2277,539,1.7387
43.2320,552,1.7806
43.2363,566,1.8258
43.2406,580,1.8710
43.2449,592,1.9097
43.2491,604,1.9484
43.2534,613,1.9774
43.2578,624,2.0129
43.2621,628,2.0258
43.2664,631,2.0355
43.2708,636,2.0516
43.2751,640,2.0645
43.2794,644,2.0774
43.2837,646,2.0839
43.2880,646,2.0839
43.2922,646,2.0839
43.2965,642,2.0710
43.3008,638,2.0581
43.3051,632,2.0387
43.3093,623,2.0097
43.3136,614,1.9806
43.3179,604,1.9484
43.3222,594,1.9161
43.3264,581,1.8742
43.3307,568,1.8323
43.3350,553,1.7839
43.3392,540,1.7419
43.3435,526,1.6968
43.3478,512,1.6516
43.3520,498,1.6065
43.3563,484,1.5613
43.3606,471,1.5194
43.3649,458,1.4774
43.3692,446,1.4387
43.3735,440,1.4194
43.3777,439,1.4161
43.3820,440,1.4194
43.3863,442,1.4258
43.3905,443,1.4290
43.3948,444,1.4323
43.3991,445,1.4355
43.4035,446,1.4387
43.4080,446,1.4387
43.4123,448,1.4452
43.4166,449,1.4484
43.4209,451,1.4548
43.4252,452,1.4581
43.4295,452,1.4581
43.4338,453,1.4613
43.4381,454,1.4645
43.4424,456,1.4710
43.4466,457,1.4742
43.4509,459,1.4806
43.4552,459,1.4806
43.4595,461,1.4871
43.4637,463,1.4935
43.4680,463,1.4935
43.4723,463,1.4935
43.4765,465,1.5000
43.4808,464,1.4968
43.4851,467,1.5065
43.4894,468,1.5097
43.4937,469,1.5129
43.4980,469,1.5129
43.5022,470,1.5161
43.5065,471,1.5194
43.5108,473,1.5258
43.5150,475,1.5323
43.5193,476,1.5355
43.5237,477,1.5387
43.5280,477,1.5387
43.5323,478,1.5419
43.5366,478,1.5419
43.5409,480,1.5484
43.5451,480,1.5484
43.5495,481,1.5516
43.5538,481,1.5516
43.5581,482,1.5548
43.5624,482,1.5548
43.5666,483,1.5581
43.5710,483,1.5581
43.5753,484,1.5613
43.5796,485,1.5645
43.5839,486,1.5677
43.5882,487,1.5710
43.5925,487,1.5710
43.5968,489,1.5774
43.6011,488,1.5742
43.6054,489,1.5774
43.6098,490,1.5806
43.6141,490,1.5806
43.6184,490,1.5806
43.6228,490,1.5806
43.6270,492,1.5871
43.6313,493,1.5903
43.6356,495,1.5968
43.6398,496,1.6000
43.6441,495,1.5968
43.6484,496,1.6000
43.6526,497,1.6032
43.6569,498,1.6065
43.6612,498,1.6065
43.6654,498,1.6065
43.6697,498,1.6065
43.6740,498,1.6065
43.6782,498,1.6065
43.6825,500,1.6129
43.6868,499,1.6097
43.6910,501,1.6161
43.6953,503,1.6226
43.6996,504,1.6258
43.7040,503,1.6226
43.7084,503,1.6226
43.7127,502,1.6194
43.7170,502,1.6194
43.7213,503,1.6226
43.7256,503,1.6226
43.7299,504,1.6258
43.7341,504,1.6258
43.7384,506,1.6323
43.7427,507,1.6355
43.7469,507,1.6355
43.7512,507,1.6355
43.7554,508,1.6387
43.7597,508,1.6387
43.7640,509,1.6419
43.7683,509,1.6419
43.7726,509,1.6419
43.7768,509,1.6419
43.7811,509,1.6419
43.7854,509,1.6419
43.7897,509,1.6419
43.7940,509,1.6419
43.7983,511,1.6484
43.8026,511,1.6484
43.8069,513,1.6548
43.8111,513,1.6548
43.8154,512,1.6516
43.8197,512,1.6516
43.8240,512,1.6516
43.8283,512,1.6516
43.8325,511,1.6484
43.8369,512,1.6516
43.8412,512,1.6516
43.8455,512,1.6516
43.8498,513,1.6548
43.8540,513,1.6548
43.8583,514,1.6581
43.8626,514,1.6581
43.8669,514,1.6581
43.8712,514,1.6581
43.8755,513,1.6548
43.8798,515,1.6613
43.8841,514,1.6581
43.8884,514,1.6581
43.8927,514,1.6581
43.8971,515,1.6613
43.9014,516,1.6645
43.9057,516,1.6645
43.9100,517,1.6677
43.9143,516,1.6645
43.9187,515,1.6613
43.9230,516,1.6645
43.9273,516,1.6645
43.9315,516,1.6645
43.9358,517,1.6677
43.9401,517,1.6677
43.9443,518,1.6710
43.9486,520,1.6774
43.9529,520,1.6774
43.9571,519,1.6742
43.9614,520,1.6774
43.9657,520,1.6774
43.9699,519,1.6742
43.9742,519,1.6742
43.9785,520,1.6774
43.9827,520,1.6774
43.9870,519,1.6742
43.9913,520,1.6774
43.9956,520,1.6774
43.9998,519,1.6742
44.0041,519,1.6742
44.0084,519,1.6742
44.0126,520,1.6774
44.0169,522,1.6839
44.0211,521,1.6806
44.0254,521,1.6806
44.0297,521,1.6806
44.0340,520,1.6774
44.0383,522,1.6839
44.0426,522,1.6839
44.0469,522,1.6839
44.0512,521,1.6806
44.0555,522,1.6839
44.0598,522,1.6839
44.0641,522,1.6839
44.0684,521,1.6806
44.0727,522,1.6839
44.0770,522,1.6839
44.0813,522,1.6839
44.0856,522,1.6839
44.0900,522,1.6839
44.0943,522,1.6839
44.0987,523,1.6871
44.1030,522,1.6839
44.1073,522,1.6839
44.1116,522,1.6839
44.1158,522,1.6839
44.1202,523,1.6871
44.1245,523,1.6871
44.1288,523,1.6871
44.1330,523,1.6871
44.1373,523,1.6871
44.1416,523,1.6871
44.1459,521,1.6806
44.1502,523,1.6871
44.1545,523,1.6871
44.1588,523,1.6871
44.1630,523,1.6871
44.1673,523,1.6871
44.1716,524,1.6903
44.1759,524,1.6903
44.1802,524,1.6903
44.1845,523,1.6871
44.1888,523,1.6871
44.1931,523,1.6871
44.1974,522,1.6839
44.2017,522,1.6839
44.2059,521,1.6806
44.2102,521,1.6806
44.2145,523,1.6871
44.2188,523,1.6871
44.2231,522,1.6839
44.2274,523,1.6871
44.2317,522,1.6839
44.2360,523,1.6871
44.2403,523,1.6871
44.2445,522,1.6839
44.2488,522,1.6839
44.2531,522,1.6839
44.2574,522,1.6839
44.2617,521,1.6806
44.2659,521,1.6806
44.2702,521,1.6806
44.2745,520,1.6774
44.2788,519,1.6742
44.2831,521,1.6806
44.2874,522,1.6839
44.2917,522,1.6839
44.2960,523,1.6871
44.3003,522,1.6839
44.3046,522,1.6839
44.3090,523,1.6871
44.3134,522,1.6839
44.3178,522,1.6839
44.3222,525,1.6935
44.3265,532,1.7161
44.3307,543,1.7516
44.3350,556,1.7935
44.3393,571,1.8419
44.3435,585,1.8871
44.3478,597,1.9258
44.3522,605,1.9516
44.3564,610,1.9677
44.3607,612,1.9742
44.3649,612,1.9742
44.3692,608,1.9613
44.3734,599,1.9323
44.3777,587,1.8935
44.3819,576,1.8581
44.3862,561,1.8097
44.3904,547,1.7645
44.3947,533,1.7194
44.3992,518,1.6710
44.4035,508,1.6387
44.4078,504,1.6258
44.4121,503,1.6226
44.4164,504,1.6258
44.4206,505,1.6290
44.4249,505,1.6290
44.4292,507,1.6355
44.4334,506,1.6323
44.4377,505,1.6290
44.4419,505,1.6290
44.4462,506,1.6323
44.4504,506,1.6323
44.4547,506,1.6323
44.4590,507,1.6355
44.4632,507,1.6355
44.4675,508,1.6387
44.4717,509,1.6419
44.4760,508,1.6387
44.4803,502,1.6194
44.4846,487,1.5710
44.4889,455,1.4677
44.4931,426,1.3742
44.4974,438,1.4129
44.5017,513,1.6548
44.5059,644,2.0774
44.5102,814,2.6258
44.5145,989,3.1903
44.5187,1000,3.2258
44.5231,1000,3.2258
44.5274,998,3.2194
44.5316,918,2.9613
44.5359,696,2.2452
44.5403,509,1.6419
44.5445,416,1.3419
44.5488,388,1.2516
44.5531,398,1.2839
44.5574,426,1.3742
44.5617,450,1.4516
44.5660,462,1.4903
44.5703,465,1.5000
44.5746,463,1.4935
44.5789,464,1.4968
44.5832,465,1.5000
44.5875,466,1.5032
44.5918,467,1.5065
44.5961,468,1.5097
44.6009,468,1.5097
44.6074,470,1.5161
44.6118,470,1.5161
44.6162,471,1.5194
44.6205,472,1.5226
44.6248,474,1.5290
44.6291,474,1.5290
44.6333,476,1.5355
44.6376,476,1.5355
44.6418,477,1.5387
44.6461,479,1.5452
44.6503,478,1.5419
44.6546,478,1.5419
44.6588,479,1.5452
44.6631,480,1.5484
44.6673,480,1.5484
44.6716,481,1.5516
44.6758,481,1.5516
44.6801,483,1.5581
44.6844,484,1.5613
44.6886,484,1.5613
44.6929,485,1.5645
44.6972,485,1.5645
44.7014,487,1.5710
44.7057,488,1.5742
44.7099,487,1.5710
44.7142,487,1.5710
44.7185,488,1.5742
44.7228,496,1.6000
44.7271,508,1.6387
44.7314,520,1.6774
44.7363,535,1.7258
44.7406,548,1.7677
44.7449,560,1.8065
44.7492,575,1.8548
44.7535,587,1.8935
44.7578,598,1.9290
44.7621,608,1.9613
44.7664,620,2.0000
44.7707,628,2.0258
44.7750,634,2.0452
44.7793,641,2.0677
44.7836,644,2.0774
44.7879,646,2.0839
44.7922,647,2.0871
44.7965,649,2.0935
44.8008,646,2.0839
44.8051,642,2.0710
44.8094,636,2.0516
44.8137,629,2.0290
44.8180,622,2.0065
44.8223,612,1.9742
44.8266,600,1.9355
44.8309,586,1.8903
44.8352,573,1.8484
44.8395,560,1.8065
44.8438,547,1.7645
44.8481,533,1.7194
44.8523,519,1.6742
44.8566,503,1.6226
44.8609,490,1.5806
44.8652,477,1.5387
44.8695,463,1.4935
44.8738,451,1.4548
44.8781,441,1.4226
44.8824,437,1.4097
44.8867,438,1.4129
44.8910,440,1.4194
44.8953,443,1.4290
44.8996,444,1.4323
44.9039,445,1.4355
44.9082,445,1.4355
44.9124,447,1.4419
44.9167,448,1.4452
44.9210,449,1.4484
44.9254,450,1.4516
44.9297,451,1.4548
44.9339,453,1.4613
44.9382,454,1.4645
44.9425,455,1.4677
44.9468,456,1.4710
44.9511,457,1.4742
44.9554,458,1.4774
44.9597,459,1.4806
44.9640,460,1.4839
44.9683,461,1.4871
44.9726,463,1.4935
44.9769,464,1.4968
44.9811,466,1.5032
44.9854,467,1.5065
44.9897,467,1.5065
44.9940,468,1.5097
44.9983,468,1.5097
45.0026,469,1.5129
45.0069,469,1.5129
45.0112,471,1.5194
45.0155,470,1.5161
45.0198,471,1.5194
45.0241,474,1.5290
45.0284,475,1.5323
45.0327,475,1.5323
45.0369,476,1.5355
45.0413,477,1.5387
45.0457,479,1.5452
45.0501,480,1.5484
45.0546,482,1.5548
45.0592,481,1.5516
45.0646,480,1.5484
45.0691,482,1.5548
45.0735,483,1.5581
45.0778,484,1.5613
45.0822,486,1.5677
45.0864,486,1.5677
45.0908,485,1.5645
45.0952,487,1.5710
45.0995,488,1.5742
45.1038,489,1.5774
45.1081,490,1.5806
45.1124,490,1.5806
45.1167,491,1.5839
45.1210,492,1.5871
45.1253,492,1.5871
45.1296,493,1.5903
45.1339,494,1.5935
45.1381,495,1.5968
45.1424,494,1.5935
45.1466,496,1.6000
45.1508,496,1.6000
45.1551,497,1.6032
45.1593,497,1.6032
45.1635,496,1.6000
45.1678,497,1.6032
45.1721,498,1.6065
45.1763,498,1.6065
45.1806,498,1.6065
45.1848,499,1.6097
45.1890,499,1.6097
45.1933,500,1.6129
45.1976,500,1.6129
45.2018,500,1.6129
45.2063,500,1.6129
45.2107,501,1.6161
45.2150,502,1.6194
45.2193,503,1.6226
45.2235,504,1.6258
45.2278,505,1.6290
45.2321,505,1.6290
45.2365,505,1.6290
45.2408,505,1.6290
45.2452,507,1.6355
45.2495,507,1.6355
45.2538,507,1.6355
45.2582,507,1.6355
45.2625,507,1.6355
45.2668,507,1.6355
45.2711,507,1.6355
45.2755,508,1.6387
45.2798,509,1.6419
45.2842,508,1.6387
45.2885,510,1.6452
45.2928,510,1.6452
45.2972,510,1.6452
45.3015,510,1.6452
45.3059,511,1.6484
45.3102,511,1.6484
45.3145,511,1.6484
45.3189,511,1.6484
45.3232,512,1.6516
45.3275,512,1.6516
45.3319,513,1.6548
45.3362,511,1.6484
45.3405,512,1.6516
45.3448,513,1.6548
45.3491,513,1.6548
45.3534,512,1.6516
45.3577,514,1.6581
45.3620,513,1.6548
45.3663,514,1.6581
45.3706,514,1.6581
45.3748,515,1.6613
45.3792,515,1.6613
45.3835,514,1.6581
45.3878,515,1.6613
45.3921,517,1.6677
45.3964,516,1.6645
45.4007,517,1.6677
45.4050,516,1.6645
45.4093,516,1.6645
45.4136,517,1.6677
45.4179,516,1.6645
45.4222,516,1.6645
45.4265,517,1.6677
45.4308,518,1.6710
45.4351,518,1.6710
45.4395,518,1.6710
45.4438,518,1.6710
45.4482,518,1.6710
45.4525,519,1.6742
45.4568,519,1.6742
45.4612,518,1.6710
45.4655,519,1.6742
45.4698,520,1.6774
45.4742,519,1.6742
45.4785,520,1.6774
45.4828,521,1.6806
45.4872,520,1.6774
45.4915,520,1.6774
45.4959,521,1.6806
45.5002,520,1.6774
45.5046,519,1.6742
45.5091,521,1.6806
45.5135,520,1.6774
45.5180,520,1.6774
45.5223,520,1.6774
45.5267,521,1.6806
45.5312,522,1.6839
45.5355,521,1.6806
45.5398,521,1.6806
45.5441,522,1.6839
45.5484,523,1.6871
45.5527,523,1.6871
45.5570,522,1.6839
45.5613,521,1.6806
45.5656,523,1.6871
45.5699,523,1.6871
45.5742,522,1.6839
45.5785,522,1.6839
45.5828,522,1.6839
45.5871,523,1.6871
45.5914,522,1.6839
45.5957,521,1.6806
45.6000,521,1.6806
45.6043,522,1.6839
45.6086,523,1.6871
45.6129,523,1.6871
45.6172,522,1.6839
45.6215,523,1.6871
45.6258,523,1.6871
45.6301,522,1.6839
45.6344,522,1.6839
45.6387,522,1.6839
45.6430,524,1.6903
45.6473,523,1.6871
45.6516,522,1.6839
45.6559,521,1.6806
45.6602,521,1.6806
45.6645,522,1.6839
45.6688,523,1.6871
45.6731,522,1.6839
45.6773,522,1.6839
45.6816,523,1.6871
45.6860,524,1.6903
45.6903,524,1.6903
45.6946,524,1.6903
45.6989,523,1.6871
45.7032,522,1.6839
45.7075,523,1.6871
45.7118,522,1.6839
45.7161,522,1.6839
45.7203,523,1.6871
45.7246,522,1.6839
45.7290,523,1.6871
45.7333,523,1.6871
45.7376,523,1.6871
45.7419,524,1.6903
45.7462,525,1.6935
45.7506,525,1.6935
45.7549,525,1.6935
45.7592,525,1.6935
45.7636,525,1.6935
45.7680,524,1.6903
45.7723,524,1.6903
45.7766,524,1.6903
45.7810,525,1.6935
45.7853,525,1.6935
45.7896,524,1.6903
45.7940,523,1.6871
45.7983,524,1.6903
45.8027,523,1.6871
45.8070,523,1.6871
45.8113,524,1.6903
45.8157,523,1.6871
45.8200,522,1.6839
45.8243,523,1.6871
45.8287,523,1.6871
45.8331,525,1.6935
45.8375,534,1.7226
45.8418,546,1.7613
45.8461,560,1.8065
45.8504,574,1.8516
45.8547,586,1.8903
45.8590,597,1.9258
45.8633,604,1.9484
45.8675,612,1.9742
45.8719,614,1.9806
45.8761,610,1.9677
45.8804,606,1.9548
45.8847,597,1.9258
45.8890,586,1.8903
45.8934,571,1.8419
45.8977,558,1.8000
45.9020,543,1.7516
45.9063,527,1.7000
45.9105,514,1.6581
45.9149,506,1.6323
45.9192,503,1.6226
45.9234,503,1.6226
45.9277,503,1.6226
45.9321,504,1.6258
45.9364,504,1.6258
45.9407,505,1.6290
45.9451,505,1.6290
45.9494,507,1.6355
45.9538,506,1.6323
45.9581,507,1.6355
45.9624,506,1.6323
45.9667,508,1.6387
45.9711,507,1.6355
45.9754,507,1.6355
45.9797,508,1.6387
45.9841,508,1.6387
45.9884,507,1.6355
45.9928,497,1.6032
45.9971,468,1.5097
46.0015,434,1.4000
46.0058,425,1.3710
46.0101,477,1.5387
46.0145,592,1.9097
46.0188,754,2.4323
46.0231,939,3.0290
46.0275,1002,3.2323
46.0318,1001,3.2290
46.0361,1000,3.2258
46.0405,964,3.1097
46.0448,763,2.4613
46.0491,554,1.7871
46.0534,433,1.3968
46.0577,389,1.2548
46.0620,391,1.2613
46.0662,415,1.3387
46.0705,441,1.4226
46.0748,456,1.4710
46.0792,462,1.4903
46.0834,462,1.4903
46.0877,463,1.4935
46.0921,464,1.4968
46.0964,465,1.5000
46.1007,465,1.5000
46.1051,466,1.5032
46.1095,467,1.5065
46.1140,468,1.5097
46.1183,469,1.5129
46.1226,469,1.5129
46.1269,470,1.5161
46.1312,472,1.5226
46.1355,472,1.5226
46.1399,473,1.5258
46.1442,474,1.5290
46.1485,474,1.5290
46.1528,476,1.5355
46.1570,477,1.5387
46.1614,478,1.5419
46.1656,479,1.5452
46.1699,479,1.5452
46.1742,478,1.5419
46.1785,480,1.5484
46.1828,481,1.5516
46.1871,482,1.5548
46.1914,483,1.5581
46.1958,483,1.5581
46.2001,484,1.5613
46.2044,484,1.5613
46.2087,485,1.5645
46.2130,486,1.5677
46.2172,486,1.5677
46.2216,486,1.5677
46.2258,486,1.5677
46.2301,490,1.5806
46.2344,500,1.6129
46.2387,513,1.6548
46.2431,526,1.6968
46.2474,540,1.7419
46.2518,552,1.7806
46.2561,565,1.8226
46.2604,578,1.8645
46.2648,591,1.9065
46.2691,603,1.9452
46.2734,614,1.9806
46.2778,624,2.0129
46.2822,632,2.0387
46.2865,639,2.0613
46.2909,644,2.0774
46.2953,646,2.0839
46.2996,647,2.0871
46.3040,648,2.0903
46.3083,648,2.0903
46.3126,644,2.0774
46.3170,638,2.0581
46.3213,632,2.0387
46.3256,624,2.0129
46.3300,616,1.9871
46.3343,606,1.9548
46.3386,593,1.9129
46.3430,581,1.8742
46.3473,569,1.8355
46.3516,556,1.7935
46.3559,542,1.7484
46.3601,527,1.7000
46.3645,513,1.6548
46.3687,500,1.6129
46.3730,486,1.5677
46.3773,472,1.5226
46.3816,462,1.4903
46.3859,457,1.4742
46.3903,449,1.4484
46.3946,443,1.4290
46.3989,440,1.4194
46.4032,442,1.4258
46.4075,443,1.4290
46.4119,444,1.4323
46.4163,443,1.4290
46.4212,455,1.4677
46.4255,449,1.4484
46.4298,450,1.4516
46.4341,452,1.4581
46.4383,453,1.4613
46.4426,453,1.4613
46.4469,455,1.4677
46.4512,456,1.4710
46.4554,456,1.4710
46.4597,457,1.4742
46.4640,458,1.4774
46.4682,459,1.4806
46.4725,460,1.4839
46.4768,462,1.4903
46.4810,462,1.4903
46.4853,465,1.5000
46.4896,465,1.5000
46.4939,466,1.5032
46.4983,467,1.5065
46.5025,468,1.5097
46.5071,468,1.5097
46.5114,469,1.5129
46.5157,471,1.5194
46.5200,472,1.5226
46.5242,473,1.5258
46.5285,474,1.5290
46.5328,474,1.5290
46.5370,475,1.5323
46.5414,475,1.5323
46.5456,475,1.5323
46.5500,476,1.5355
46.5543,476,1.5355
46.5586,477,1.5387
46.5629,477,1.5387
46.5672,478,1.5419
46.5715,480,1.5484
46.5758,480,1.5484
46.5800,481,1.5516
46.5844,482,1.5548
46.5887,483,1.5581
46.5930,484,1.5613
46.5973,485,1.5645
46.6015,485,1.5645
46.6058,486,1.5677
46.6101,486,1.5677
46.6144,486,1.5677
46.6187,487,1.5710
46.6230,488,1.5742
46.6273,488,1.5742
46.6316,488,1.5742
46.6358,489,1.5774
46.6401,490,1.5806
46.6444,491,1.5839
46.6487,492,1.5871
46.6530,493,1.5903
46.6573,493,1.5903
46.6616,495,1.5968
46.6658,495,1.5968
46.6702,496,1.6000
46.6744,496,1.6000
46.6787,496,1.6000
46.6830,496,1.6000
46.6873,496,1.6000
46.6916,497,1.6032
46.6959,499,1.6097
46.7002,499,1.6097
46.7045,499,1.6097
46.7088,500,1.6129
46.7131,500,1.6129
46.7174,500,1.6129
46.7217,500,1.6129
46.7260,501,1.6161
46.7303,502,1.6194
46.7346,502,1.6194
46.7389,501,1.6161
46.7432,503,1.6226
46.7475,504,1.6258
46.7518,504,1.6258
46.7561,504,1.6258
46.7604,503,1.6226
46.7646,503,1.6226
46.7689,504,1.6258
46.7732,504,1.6258
46.7775,505,1.6290
46.7818,507,1.6355
46.7861,507,1.6355
46.7904,508,1.6387
46.7947,507,1.6355
46.7990,508,1.6387
46.8033,509,1.6419
46.8076,507,1.6355
46.8119,509,1.6419
46.8162,510,1.6452
46.8205,510,1.6452
46.8247,512,1.6516
46.8290,511,1.6484
46.8333,512,1.6516
46.8376,512,1.6516
46.8419,511,1.6484
46.8462,512,1.6516
46.8505,512,1.6516
46.8548,512,1.6516
46.8591,512,1.6516
46.8634,512,1.6516
46.8676,512,1.6516
46.8719,512,1.6516
46.8762,514,1.6581
46.8806,514,1.6581
46.8848,514,1.6581
46.8891,513,1.6548
46.8934,514,1.6581
46.8977,515,1.6613
46.9021,515,1.6613
46.9064,515,1.6613
46.9107,514,1.6581
46.9150,514,1.6581
46.9192,515,1.6613
46.9235,515,1.6613
46.9278,516,1.6645
46.9321,516,1.6645
46.9364,517,1.6677
46.9407,518,1.6710
46.9450,519,1.6742
46.9493,519,1.6742
46.9536,519,1.6742
46.9579,517,1.6677
46.9623,518,1.6710
46.9665,519,1.6742
46.9708,519,1.6742
46.9751,518,1.6710
46.9794,518,1.6710
46.9837,519,1.6742
46.9880,518,1.6710
46.9923,519,1.6742
46.9966,520,1.6774
47.0008,520,1.6774
47.0052,521,1.6806
47.0110,521,1.6806
47.0154,519,1.6742
47.0197,519,1.6742
47.0240,519,1.6742
47.0283,521,1.6806
47.0326,521,1.6806
47.0369,521,1.6806
47.0412,520,1.6774
47.0456,521,1.6806
47.0499,521,1.6806
47.0542,523,1.6871
47.0584,523,1.6871
47.0627,522,1.6839
47.0671,522,1.6839
47.0713,521,1.6806
47.0756,522,1.6839
47.0798,523,1.6871
47.0841,522,1.6839
47.0884,521,1.6806
47.0927,523,1.6871
47.0969,523,1.6871
47.1011,521,1.6806
47.1054,521,1.6806
47.1097,522,1.6839
47.1139,521,1.6806
47.1182,522,1.6839
47.1224,521,1.6806
47.1267,522,1.6839
47.1310,522,1.6839
47.1352,523,1.6871
47.1395,522,1.6839
47.1438,521,1.6806
47.1480,522,1.6839
47.1523,522,1.6839
47.1566,522,1.6839
47.1609,523,1.6871
47.1652,522,1.6839
47.1695,522,1.6839
47.1738,522,1.6839
47.1780,521,1.6806
47.1823,523,1.6871
47.1866,523,1.6871
47.1909,524,1.6903
47.1952,524,1.6903
47.1995,523,1.6871
47.2038,523,1.6871
47.2081,524,1.6903
47.2124,523,1.6871
47.2167,524,1.6903
47.2210,525,1.6935
47.2252,524,1.6903
47.2295,524,1.6903
47.2338,524,1.6903
47.2381,524,1.6903
47.2424,524,1.6903
47.2467,524,1.6903
47.2510,524,1.6903
47.2553,523,1.6871
47.2596,524,1.6903
47.2639,524,1.6903
47.2682,524,1.6903
47.2725,523,1.6871
47.2768,524,1.6903
47.2810,524,1.6903
47.2853,524,1.6903
47.2897,525,1.6935
47.2940,524,1.6903
47.2982,525,1.6935
47.3026,525,1.6935
47.3070,525,1.6935
47.3119,525,1.6935
47.3163,525,1.6935
47.3206,525,1.6935
47.3249,525,1.6935
47.3292,525,1.6935
47.3335,525,1.6935
47.3378,526,1.6968
47.3422,535,1.7258
47.3465,547,1.7645
47.3508,561,1.8097
47.3551,575,1.8548
47.3594,589,1.9000
47.3636,598,1.9290
47.3679,606,1.9548
47.3722,613,1.9774
47.3766,613,1.9774
47.3808,612,1.9742
47.3851,607,1.9581
47.3893,599,1.9323
47.3936,586,1.8903
47.3979,573,1.8484
47.4022,559,1.8032
47.4065,544,1.7548
47.4110,528,1.7032
47.4153,515,1.6613
47.4196,507,1.6355
47.4238,504,1.6258
47.4281,505,1.6290
47.4324,505,1.6290
47.4367,505,1.6290
47.4410,505,1.6290
47.4452,506,1.6323
47.4495,507,1.6355
47.4538,506,1.6323
47.4581,506,1.6323
47.4623,506,1.6323
47.4666,507,1.6355
47.4709,507,1.6355
47.4752,507,1.6355
47.4795,507,1.6355
47.4837,508,1.6387
47.4880,508,1.6387
47.4923,507,1.6355
47.4973,498,1.6065
47.5015,472,1.5226
47.5059,440,1.4194
47.5101,424,1.3677
47.5144,463,1.4935
47.5187,564,1.8194
47.5230,717,2.3129
47.5272,897,2.8935
47.5315,999,3.2226
47.5358,1001,3.2290
47.5401,1001,3.2290
47.5443,988,3.1871
47.5486,829,2.6742
47.5529,610,1.9677
47.5572,461,1.4871
47.5615,398,1.2839
47.5657,386,1.2452
47.5700,407,1.3129
47.5743,435,1.4032
47.5792,455,1.4677
47.5834,461,1.4871
47.5877,462,1.4903
47.5920,464,1.4968
47.5962,465,1.5000
47.6006,465,1.5000
47.6048,465,1.5000
47.6091,465,1.5000
47.6134,465,1.5000
47.6177,467,1.5065
47.6220,467,1.5065
47.6262,469,1.5129
47.6305,471,1.5194
47.6347,472,1.5226
47.6390,472,1.5226
47.6433,475,1.5323
47.6475,475,1.5323
47.6518,474,1.5290
47.6571,473,1.5258
47.6614,474,1.5290
47.6656,476,1.5355
47.6699,477,1.5387
47.6741,478,1.5419
47.6784,478,1.5419
47.6827,478,1.5419
47.6870,480,1.5484
47.6913,480,1.5484
47.6955,480,1.5484
47.6998,480,1.5484
47.7041,479,1.5452
47.7084,481,1.5516
47.7127,483,1.5581
47.7169,483,1.5581
47.7212,484,1.5613
47.7255,485,1.5645
47.7297,486,1.5677
47.7340,487,1.5710
47.7388,496,1.6000
47.7431,509,1.6419
47.7474,522,1.6839
47.7516,536,1.7290
47.7559,550,1.7742
47.7602,563,1.8161
47.7645,575,1.8548
47.7688,589,1.9000
47.7730,600,1.9355
47.7773,610,1.9677
47.7816,619,1.9968
47.7859,628,2.0258
47.7901,634,2.0452
47.7944,641,2.0677
47.7986,644,2.0774
47.8029,647,2.0871
47.8076,647,2.0871
47.8119,647,2.0871
47.8161,646,2.0839
47.8205,641,2.0677
47.8248,635,2.0484
47.8290,627,2.0226
47.8332,619,1.9968
47.8375,608,1.9613
47.8417,599,1.9323
47.8460,586,1.8903
47.8503,573,1.8484
47.8545,561,1.8097
47.8588,549,1.7710
47.8631,534,1.7226
47.8674,520,1.6774
47.8717,505,1.6290
47.8759,492,1.5871
47.8802,478,1.5419
47.8844,466,1.5032
47.8887,453,1.4613
47.8930,444,1.4323
47.8972,440,1.4194
47.9022,439,1.4161
47.9066,441,1.4226
47.9112,443,1.4290
47.9156,443,1.4290
47.9199,446,1.4387
47.9241,448,1.4452
47.9285,450,1.4516
47.9327,451,1.4548
47.9370,451,1.4548
47.9412,452,1.4581
47.9455,453,1.4613
47.9498,454,1.4645
47.9541,455,1.4677
47.9588,456,1.4710
47.9634,457,1.4742
47.9677,458,1.4774
47.9720,460,1.4839
47.9762,460,1.4839
47.9805,460,1.4839
47.9847,462,1.4903
47.9891,463,1.4935
47.9933,464,1.4968
47.9976,464,1.4968
48.0018,466,1.5032
48.0061,465,1.5000
48.0104,467,1.5065
48.0146,469,1.5129
48.0189,470,1.5161
48.0231,471,1.5194
48.0274,471,1.5194
48.0317,472,1.5226
48.0359,473,1.5258
48.0402,475,1.5323
48.0444,476,1.5355
48.0487,477,1.5387
48.0529,478,1.5419
48.0572,479,1.5452
48.0615,480,1.5484
48.0657,481,1.5516
48.0700,482,1.5548
48.0743,481,1.5516
48.0786,482,1.5548
48.0829,483,1.5581
48.0871,485,1.5645
48.0914,485,1.5645
48.0957,486,1.5677
48.1000,486,1.5677
48.1042,486,1.5677
48.1085,487,1.5710
48.1128,488,1.5742
48.1171,489,1.5774
48.1214,490,1.5806
48.1256,491,1.5839
48.1299,491,1.5839
48.1342,492,1.5871
48.1385,493,1.5903
48.1427,493,1.5903
48.1470,493,1.5903
48.1513,493,1.5903
48.1556,493,1.5903
48.1599,494,1.5935
48.1642,495,1.5968
48.1685,495,1.5968
48.1728,496,1.6000
48.1770,497,1.6032
48.1813,497,1.6032
48.1856,497,1.6032
48.1899,498,1.6065
48.1942,498,1.6065
48.1984,499,1.6097
48.2027,499,1.6097
48.2071,501,1.6161
48.2120,501,1.6161
48.2165,501,1.6161
48.2207,502,1.6194
48.2251,503,1.6226
48.2293,503,1.6226
48.2336,503,1.6226
48.2380,504,1.6258
48.2423,503,1.6226
48.2465,505,1.6290
48.2508,505,1.6290
48.2551,505,1.6290
48.2594,506,1.6323
48.2637,505,1.6290
48.2680,506,1.6323
48.2726,506,1.6323
48.2770,507,1.6355
48.2813,506,1.6323
48.2855,506,1.6323
48.2898,506,1.6323
48.2940,508,1.6387
48.2983,509,1.6419
48.3026,510,1.6452
48.3068,511,1.6484
48.3111,511,1.6484
48.3153,510,1.6452
48.3196,510,1.6452
48.3239,511,1.6484
48.3281,512,1.6516
48.3324,511,1.6484
48.3366,510,1.6452
48.3409,512,1.6516
48.3452,513,1.6548
48.3494,513,1.6548
48.3537,513,1.6548
48.3580,514,1.6581
48.3623,514,1.6581
48.3666,514,1.6581
48.3709,512,1.6516
48.3753,513,1.6548
48.3796,515,1.6613
48.3839,514,1.6581
48.3883,513,1.6548
48.3926,513,1.6548
48.3969,514,1.6581
48.4013,514,1.6581
48.4056,514,1.6581
48.4099,514,1.6581
48.4142,514,1.6581
48.4186,515,1.6613
48.4229,515,1.6613
48.4274,514,1.6581
48.4317,514,1.6581
48.4360,515,1.6613
48.4404,516,1.6645
48.4447,515,1.6613
48.4491,516,1.6645
48.4534,516,1.6645
48.4577,517,1.6677
48.4622,516,1.6645
48.4665,517,1.6677
48.4708,517,1.6677
48.4751,518,1.6710
48.4794,517,1.6677
48.4837,518,1.6710
48.4880,519,1.6742
48.4923,520,1.6774
48.4966,521,1.6806
48.5009,520,1.6774
48.5052,521,1.6806
48.5095,520,1.6774
48.5138,520,1.6774
48.5181,519,1.6742
48.5224,520,1.6774
48.5267,520,1.6774
48.5309,521,1.6806
48.5352,521,1.6806
48.5395,522,1.6839
48.5438,521,1.6806
48.5481,522,1.6839
48.5524,522,1.6839
48.5567,521,1.6806
48.5610,519,1.6742
48.5653,521,1.6806
48.5697,522,1.6839
48.5740,522,1.6839
48.5783,521,1.6806
48.5827,521,1.6806
48.5870,522,1.6839
48.5913,522,1.6839
48.5956,522,1.6839
48.6000,522,1.6839
48.6043,522,1.6839
48.6086,523,1.6871
48.6130,523,1.6871
48.6173,523,1.6871
48.6216,522,1.6839
48.6260,521,1.6806
48.6303,522,1.6839
48.6346,523,1.6871
48.6389,523,1.6871
48.6433,524,1.6903
48.6476,523,1.6871
48.6519,523,1.6871
48.6563,523,1.6871
48.6606,523,1.6871
48.6650,523,1.6871
48.6693,524,1.6903
48.6737,525,1.6935
48.6780,524,1.6903
48.6823,523,1.6871
48.6866,524,1.6903
48.6910,523,1.6871
48.6953,523,1.6871
48.6996,524,1.6903
48.7040,523,1.6871
48.7083,524,1.6903
48.7126,523,1.6871
48.7170,523,1.6871
48.7213,521,1.6806
48.7256,523,1.6871
48.7300,524,1.6903
48.7343,524,1.6903
48.7386,524,1.6903
48.7429,525,1.6935
48.7472,524,1.6903
48.7516,523,1.6871
48.7559,523,1.6871
48.7602,524,1.6903
48.7646,523,1.6871
48.7689,523,1.6871
48.7732,523,1.6871
48.7775,522,1.6839
48.7817,522,1.6839
48.7860,522,1.6839
48.7903,523,1.6871
48.7946,522,1.6839
48.7989,523,1.6871
48.8032,522,1.6839
48.8076,523,1.6871
48.8121,522,1.6839
48.8165,523,1.6871
48.8209,521,1.6806
48.8252,522,1.6839
48.8295,523,1.6871
48.8338,524,1.6903
48.8381,524,1.6903
48.8424,525,1.6935
48.8467,532,1.7161
48.8510,544,1.7548
48.8553,557,1.7968
48.8596,572,1.8452
48.8639,584,1.8839
48.8682,597,1.9258
48.8725,606,1.9548
48.8768,612,1.9742
48.8811,614,1.9806
48.8854,612,1.9742
48.8896,608,1.9613
48.8939,599,1.9323
48.8983,586,1.8903
48.9026,573,1.8484
48.9068,559,1.8032
48.9111,546,1.7613
48.9154,530,1.7097
48.9198,517,1.6677
48.9240,507,1.6355
48.9283,504,1.6258
48.9326,503,1.6226
48.9369,504,1.6258
48.9412,504,1.6258
48.9455,505,1.6290
48.9498,507,1.6355
48.9541,506,1.6323
48.9584,507,1.6355
48.9627,506,1.6323
48.9670,507,1.6355
48.9714,507,1.6355
48.9757,507,1.6355
48.9800,507,1.6355
48.9844,508,1.6387
48.9887,507,1.6355
48.9930,508,1.6387
48.9974,508,1.6387
49.0017,501,1.6161
49.0060,479,1.5452
49.0103,445,1.4355
49.0147,424,1.3677
49.0191,457,1.4742
49.0234,553,1.7839
49.0277,704,2.2710
49.0321,887,2.8613
49.0364,1000,3.2258
49.0407,999,3.2226
49.0451,1001,3.2290
49.0494,991,3.1968
49.0537,831,2.6806
49.0580,606,1.9548
49.0624,458,1.4774
49.0667,397,1.2806
49.0710,389,1.2548
49.0753,409,1.3194
49.0796,437,1.4097
49.0839,455,1.4677
49.0882,463,1.4935
49.0925,465,1.5000
49.0968,464,1.4968
49.1011,463,1.4935
49.1054,464,1.4968
49.1113,471,1.5194
49.1158,468,1.5097
49.1201,469,1.5129
49.1245,469,1.5129
49.1288,470,1.5161
49.1331,470,1.5161
49.1374,471,1.5194
49.1417,472,1.5226
49.1460,472,1.5226
49.1503,473,1.5258
49.1545,473,1.5258
49.1588,474,1.5290
49.1631,476,1.5355
49.1674,477,1.5387
49.1717,477,1.5387
49.1760,477,1.5387
49.1803,478,1.5419
49.1846,478,1.5419
49.1889,479,1.5452
49.1932,480,1.5484
49.1975,480,1.5484
49.2018,482,1.5548
49.2061,483,1.5581
49.2104,483,1.5581
49.2147,484,1.5613
49.2190,485,1.5645
49.2233,485,1.5645
49.2276,486,1.5677
49.2319,486,1.5677
49.2362,487,1.5710
49.2404,491,1.5839
49.2448,501,1.6161
49.2490,513,1.6548
49.2533,526,1.6968
49.2576,539,1.7387
49.2619,552,1.7806
49.2663,565,1.8226
49.2706,578,1.8645
49.2750,589,1.9000
49.2793,601,1.9387
49.2836,612,1.9742
49.2880,622,2.0065
49.2923,631,2.0355
49.2966,638,2.0581
49.3010,641,2.0677
49.3053,646,2.0839
49.3096,648,2.0903
49.3140,650,2.0968
49.3183,648,2.0903
49.3226,645,2.0806
49.3270,639,2.0613
49.3313,634,2.0452
49.3356,626,2.0194
49.3399,615,1.9839
49.3443,604,1.9484
49.3486,593,1.9129
49.3529,580,1.8710
49.3573,568,1.8323
49.3616,554,1.7871
49.3659,541,1.7452
49.3702,527,1.7000
49.3746,513,1.6548
49.3789,498,1.6065
49.3831,485,1.5645
49.3874,472,1.5226
49.3917,460,1.4839
49.3960,449,1.4484
49.4003,442,1.4258
49.4046,440,1.4194
49.4089,443,1.4290
49.4132,445,1.4355
49.4175,445,1.4355
49.4218,446,1.4387
49.4261,447,1.4419
49.4304,448,1.4452
49.4347,450,1.4516
49.4390,450,1.4516
49.4433,451,1.4548
49.4475,452,1.4581
49.4518,454,1.4645
49.4561,454,1.4645
49.4604,454,1.4645
49.4647,455,1.4677
49.4690,456,1.4710
49.4733,457,1.4742
49.4777,459,1.4806
49.4820,459,1.4806
49.4863,462,1.4903
49.4907,463,1.4935
49.4950,464,1.4968
49.4993,465,1.5000
49.5036,466,1.5032
49.5080,466,1.5032
49.5123,467,1.5065
49.5166,467,1.5065
49.5210,468,1.5097
49.5253,469,1.5129
49.5296,470,1.5161
49.5340,470,1.5161
49.5383,472,1.5226
49.5426,473,1.5258
49.5469,473,1.5258
49.5513,474,1.5290
49.5556,475,1.5323
49.5599,477,1.5387
49.5642,477,1.5387
49.5686,478,1.5419
49.5729,478,1.5419
49.5772,479,1.5452
49.5815,479,1.5452
49.5858,482,1.5548
49.5901,483,1.5581
49.5944,483,1.5581
49.5987,483,1.5581
49.6030,483,1.5581
49.6073,484,1.5613
49.6116,484,1.5613
49.6159,485,1.5645
49.6202,486,1.5677
49.6245,486,1.5677
49.6288,488,1.5742
49.6331,489,1.5774
49.6374,489,1.5774
49.6417,489,1.5774
49.6459,491,1.5839
49.6502,491,1.5839
49.6545,492,1.5871
49.6588,493,1.5903
49.6631,493,1.5903
49.6674,493,1.5903
49.6717,495,1.5968
49.6760,495,1.5968
49.6804,495,1.5968
49.6847,497,1.6032
49.6890,496,1.6000
49.6934,497,1.6032
49.6977,497,1.6032
49.7021,496,1.6000
49.7064,497,1.6032
49.7123,500,1.6129
49.7167,500,1.6129
49.7211,501,1.6161
49.7254,501,1.6161
49.7298,501,1.6161
49.7341,503,1.6226
49.7384,503,1.6226
49.7428,504,1.6258
49.7471,504,1.6258
49.7514,504,1.6258
49.7558,505,1.6290
49.7602,506,1.6323
49.7645,507,1.6355
49.7688,506,1.6323
49.7731,506,1.6323
49.7775,507,1.6355
49.7818,508,1.6387
49.7861,507,1.6355
49.7904,508,1.6387
49.7947,508,1.6387
49.7990,507,1.6355
49.8033,507,1.6355
49.8076,507,1.6355
49.8119,508,1.6387
49.8162,509,1.6419
49.8205,509,1.6419
49.8248,508,1.6387
49.8291,510,1.6452
49.8333,511,1.6484
49.8376,512,1.6516
49.8419,512,1.6516
49.8462,511,1.6484
49.8505,512,1.6516
49.8548,513,1.6548
49.8591,513,1.6548
49.8634,514,1.6581
49.8677,513,1.6548
49.8721,514,1.6581
49.8764,515,1.6613
49.8808,515,1.6613
49.8851,515,1.6613
49.8894,514,1.6581
49.8937,515,1.6613
49.8981,514,1.6581
49.9024,514,1.6581
49.9068,515,1.6613
49.9111,514,1.6581
49.9154,516,1.6645
49.9197,515,1.6613
49.9241,515,1.6613
49.9284,516,1.6645
49.9327,515,1.6613
49.9371,516,1.6645
49.9414,516,1.6645
49.9457,517,1.6677
49.9501,517,1.6677
49.9544,517,1.6677
49.9587,517,1.6677
49.9630,517,1.6677
49.9674,519,1.6742
49.9717,518,1.6710
49.9760,518,1.6710
49.9803,518,1.6710
49.9847,518,1.6710
49.9889,518,1.6710
49.9932,519,1.6742
49.9975,518,1.6710
50.0018,518,1.6710
50.0062,518,1.6710
50.0117,521,1.6806
50.0161,518,1.6710
50.0204,519,1.6742
50.0247,520,1.6774
50.0290,520,1.6774
50.0333,520,1.6774
50.0376,520,1.6774
50.0419,519,1.6742
50.0468,520,1.6774
50.0513,520,1.6774
50.0558,522,1.6839
50.0603,522,1.6839
50.0648,522,1.6839
50.0692,523,1.6871
50.0737,522,1.6839
50.0780,523,1.6871
50.0823,523,1.6871
50.0866,522,1.6839
50.0909,523,1.6871
50.0952,522,1.6839
50.0995,522,1.6839
50.1037,522,1.6839
50.1080,523,1.6871
50.1123,523,1.6871
50.1166,523,1.6871
50.1209,523,1.6871
50.1252,523,1.6871
50.1295,523,1.6871
50.1338,522,1.6839
50.1381,523,1.6871
50.1424,523,1.6871
50.1467,523,1.6871
50.1510,524,1.6903
50.1553,524,1.6903
50.1596,524,1.6903
50.1639,523,1.6871
50.1682,522,1.6839
50.1725,523,1.6871
50.1768,523,1.6871
50.1811,523,1.6871
50.1854,523,1.6871
50.1897,524,1.6903
50.1941,524,1.6903
50.1984,524,1.6903
50.2027,524,1.6903
50.2071,524,1.6903
50.2114,524,1.6903
50.2157,523,1.6871
50.2201,522,1.6839
50.2244,523,1.6871
50.2287,523,1.6871
50.2331,523,1.6871
50.2374,521,1.6806
50.2417,522,1.6839
50.2461,522,1.6839
50.2504,521,1.6806
50.2547,522,1.6839
50.2591,521,1.6806
50.2634,522,1.6839
50.2677,524,1.6903
50.2721,524,1.6903
50.2765,525,1.6935
50.2808,524,1.6903
50.2851,524,1.6903
50.2894,524,1.6903
50.2937,524,1.6903
50.2980,524,1.6903
50.3023,524,1.6903
50.3066,524,1.6903
50.3109,525,1.6935
50.3152,524,1.6903
50.3195,524,1.6903
50.3238,525,1.6935
50.3281,524,1.6903
50.3324,525,1.6935
50.3367,524,1.6903
50.3410,524,1.6903
50.3453,525,1.6935
50.3496,524,1.6903
50.3538,525,1.6935
50.3582,526,1.6968
50.3624,534,1.7226
50.3667,545,1.7581
50.3710,559,1.8032
50.3753,573,1.8484
50.3796,586,1.8903
50.3840,597,1.9258
50.3883,605,1.9516
50.3926,610,1.9677
50.3970,614,1.9806
50.4013,610,1.9677
50.4056,604,1.9484
50.4100,596,1.9226
50.4143,584,1.8839
50.4186,572,1.8452
50.4230,557,1.7968
50.4273,541,1.7452
50.4316,526,1.6968
50.4359,512,1.6516
50.4403,503,1.6226
50.4446,502,1.6194
50.4490,503,1.6226
50.4533,504,1.6258
50.4576,504,1.6258
50.4620,504,1.6258
50.4663,505,1.6290
50.4706,505,1.6290
50.4749,506,1.6323
50.4793,506,1.6323
50.4836,506,1.6323
50.4880,506,1.6323
50.4922,505,1.6290
50.4965,506,1.6323
50.5008,506,1.6323
50.5051,506,1.6323
50.5094,507,1.6355
50.5137,506,1.6323
50.5180,496,1.6000
50.5223,468,1.5097
50.5266,435,1.4032
50.5309,423,1.3645
50.5352,473,1.5258
50.5395,584,1.8839
50.5438,744,2.4000
50.5481,927,2.9903
50.5524,1000,3.2258
50.5567,1001,3.2290
50.5610,1001,3.2290
50.5653,977,3.1516
50.5696,789,2.5452
50.5738,572,1.8452
50.5781,442,1.4258
50.5825,390,1.2581
50.5868,387,1.2484
50.5911,412,1.3290
50.5955,440,1.4194
50.5998,456,1.4710
50.6042,461,1.4871
50.6087,462,1.4903
50.6131,463,1.4935
50.6176,463,1.4935
50.6220,463,1.4935
50.6263,463,1.4935
50.6306,466,1.5032
50.6350,467,1.5065
50.6393,467,1.5065
50.6437,468,1.5097
50.6480,470,1.5161
50.6524,471,1.5194
50.6567,471,1.5194
50.6610,472,1.5226
50.6654,474,1.5290
50.6697,474,1.5290
50.6740,476,1.5355
50.6784,477,1.5387
50.6827,477,1.5387
50.6870,478,1.5419
50.6913,479,1.5452
50.6956,480,1.5484
50.6999,480,1.5484
50.7042,481,1.5516
50.7085,480,1.5484
50.7128,482,1.5548
50.7171,483,1.5581
50.7214,483,1.5581
50.7257,482,1.5548
50.7300,484,1.5613
50.7342,484,1.5613
50.7386,484,1.5613
50.7428,484,1.5613
50.7471,485,1.5645
50.7514,487,1.5710
50.7557,491,1.5839
50.7600,501,1.6161
50.7643,514,1.6581
50.7686,527,1.7000
50.7729,539,1.7387
50.7772,552,1.7806
50.7815,565,1.8226
50.7858,577,1.8613
50.7901,589,1.9000
50.7945,602,1.9419
50.7988,612,1.9742
50.8031,621,2.0032
50.8075,632,2.0387
50.8118,636,2.0516
50.8161,644,2.0774
50.8204,645,2.0806
50.8248,646,2.0839
50.8291,649,2.0935
50.8334,649,2.0935
50.8378,644,2.0774
50.8421,640,2.0645
50.8465,633,2.0419
50.8508,624,2.0129
50.8551,616,1.9871
50.8594,606,1.9548
50.8638,595,1.9194
50.8681,582,1.8774
50.8724,568,1.8323
50.8768,554,1.7871
50.8811,540,1.7419
50.8854,526,1.6968
50.8898,511,1.6484
50.8940,498,1.6065
50.8983,484,1.5613
50.9026,470,1.5161
50.9069,458,1.4774
50.9122,448,1.4452
50.9166,441,1.4226
50.9209,440,1.4194
50.9252,440,1.4194
50.9295,441,1.4226
50.9338,443,1.4290
50.9381,445,1.4355
50.9424,447,1.4419
50.9467,447,1.4419
50.9510,449,1.4484
50.9553,447,1.4419
50.9596,450,1.4516
50.9639,451,1.4548
50.9682,453,1.4613
50.9725,454,1.4645
50.9768,456,1.4710
50.9811,457,1.4742
50.9854,457,1.4742
50.9897,459,1.4806
50.9940,461,1.4871
50.9983,462,1.4903
51.0026,463,1.4935
51.0069,464,1.4968
51.0112,464,1.4968
51.0155,465,1.5000
51.0198,465,1.5000
51.0241,466,1.5032
51.0284,468,1.5097
51.0327,469,1.5129
51.0370,470,1.5161
51.0413,471,1.5194
51.0456,473,1.5258
51.0498,474,1.5290
51.0542,474,1.5290
51.0585,475,1.5323
51.0627,475,1.5323
51.0670,476,1.5355
51.0713,478,1.5419
51.0756,479,1.5452
51.0799,479,1.5452
51.0842,479,1.5452
51.0885,480,1.5484
51.0929,480,1.5484
51.0972,481,1.5516
51.1015,481,1.5516
51.1059,482,1.5548
51.1102,483,1.5581
51.1145,483,1.5581
51.1189,484,1.5613
51.1232,486,1.5677
51.1275,486,1.5677
51.1318,488,1.5742
51.1362,488,1.5742
51.1405,489,1.5774
51.1448,489,1.5774
51.1492,490,1.5806
51.1535,491,1.5839
51.1578,492,1.5871
51.1622,493,1.5903
51.1665,493,1.5903
51.1708,493,1.5903
51.1752,494,1.5935
51.1795,494,1.5935
51.1838,495,1.5968
51.1882,495,1.5968
51.1925,496,1.6000
51.1968,497,1.6032
51.2011,498,1.6065
51.2054,498,1.6065
51.2097,498,1.6065
51.2139,498,1.6065
51.2183,499,1.6097
51.2225,500,1.6129
51.2268,500,1.6129
51.2311,501,1.6161
51.2354,501,1.6161
51.2397,501,1.6161
51.2440,501,1.6161
51.2483,502,1.6194
51.2526,502,1.6194
51.2569,503,1.6226
51.2612,503,1.6226
51.2655,504,1.6258
51.2698,504,1.6258
51.2740,505,1.6290
51.2783,504,1.6258
51.2826,505,1.6290
51.2869,505,1.6290
51.2912,505,1.6290
51.2956,506,1.6323
51.2999,506,1.6323
51.3042,506,1.6323
51.3086,507,1.6355
51.3129,507,1.6355
51.3172,508,1.6387
51.3216,508,1.6387
51.3259,508,1.6387
51.3302,509,1.6419
51.3345,510,1.6452
51.3389,510,1.6452
51.3432,510,1.6452
51.3475,511,1.6484
51.3519,511,1.6484
51.3562,511,1.6484
51.3605,510,1.6452
51.3648,512,1.6516
51.3692,512,1.6516
51.3735,513,1.6548
51.3778,512,1.6516
51.3822,511,1.6484
51.3867,513,1.6548
51.3910,514,1.6581
51.3953,515,1.6613
51.3996,514,1.6581
51.4039,515,1.6613
51.4082,515,1.6613
51.4125,516,1.6645
51.4168,515,1.6613
51.4211,516,1.6645
51.4254,516,1.6645
51.4297,516,1.6645
51.4339,517,1.6677
51.4382,516,1.6645
51.4425,517,1.6677
51.4468,517,1.6677
51.4511,516,1.6645
51.4554,517,1.6677
51.4597,516,1.6645
51.4640,517,1.6677
51.4683,518,1.6710
51.4726,519,1.6742
51.4769,518,1.6710
51.4811,517,1.6677
51.4854,518,1.6710
51.4897,518,1.6710
51.4941,518,1.6710
51.4985,518,1.6710
51.5029,519,1.6742
51.5073,519,1.6742
51.5133,519,1.6742
51.5177,519,1.6742
51.5222,518,1.6710
51.5265,518,1.6710
51.5308,518,1.6710
51.5352,519,1.6742
51.5395,520,1.6774
51.5438,519,1.6742
51.5482,520,1.6774
51.5525,520,1.6774
51.5568,520,1.6774
51.5611,521,1.6806
51.5655,522,1.6839
51.5698,522,1.6839
51.5742,520,1.6774
51.5785,521,1.6806
51.5829,521,1.6806
51.5872,522,1.6839
51.5915,522,1.6839
51.5959,523,1.6871
51.6001,523,1.6871
51.6044,521,1.6806
51.6087,521,1.6806
51.6130,521,1.6806
51.6173,522,1.6839
51.6216,521,1.6806
51.6259,521,1.6806
51.6302,522,1.6839
51.6345,522,1.6839
51.6388,520,1.6774
51.6431,522,1.6839
51.6474,522,1.6839
51.6517,523,1.6871
51.6560,525,1.6935
51.6603,525,1.6935
51.6646,524,1.6903
51.6688,523,1.6871
51.6731,522,1.6839
51.6774,523,1.6871
51.6817,523,1.6871
51.6860,523,1.6871
51.6903,524,1.6903
51.6946,525,1.6935
51.6990,524,1.6903
51.7033,523,1.6871
51.7076,522,1.6839
51.7120,523,1.6871
51.7163,523,1.6871
51.7206,523,1.6871
51.7249,523,1.6871
51.7293,524,1.6903
51.7336,524,1.6903
51.7379,524,1.6903
51.7423,522,1.6839
51.7466,523,1.6871
51.7509,523,1.6871
51.7553,524,1.6903
51.7596,524,1.6903
51.7639,523,1.6871
51.7682,523,1.6871
51.7726,525,1.6935
51.7769,524,1.6903
51.7812,523,1.6871
51.7856,521,1.6806
51.7900,522,1.6839
51.7944,522,1.6839
51.7987,522,1.6839
51.8030,524,1.6903
51.8073,524,1.6903
51.8129,518,1.6710
51.8173,524,1.6903
51.8219,523,1.6871
51.8263,524,1.6903
51.8306,525,1.6935
51.8349,524,1.6903
51.8392,524,1.6903
51.8435,522,1.6839
51.8478,522,1.6839
51.8521,523,1.6871
51.8564,523,1.6871
51.8607,523,1.6871
51.8650,524,1.6903
51.8693,528,1.7032
51.8736,537,1.7323
51.8779,550,1.7742
51.8822,563,1.8161
51.8865,577,1.8613
51.8908,591,1.9065
51.8951,601,1.9387
51.8994,607,1.9581
51.9037,612,1.9742
51.9080,613,1.9774
51.9123,611,1.9710
51.9166,605,1.9516
51.9209,594,1.9161
51.9252,583,1.8806
51.9295,569,1.8355
51.9338,556,1.7935
51.9381,540,1.7419
51.9424,525,1.6935
51.9467,512,1.6516
51.9510,506,1.6323
51.9552,504,1.6258
51.9596,503,1.6226
51.9638,504,1.6258
51.9681,506,1.6323
51.9724,506,1.6323
51.9767,507,1.6355
51.9810,505,1.6290
51.9853,504,1.6258
51.9896,505,1.6290
51.9939,505,1.6290
51.9983,505,1.6290
52.0026,506,1.6323
52.0069,506,1.6323
52.0113,506,1.6323
52.0156,507,1.6355
52.0199,506,1.6323
52.0243,504,1.6258
52.0286,491,1.5839
52.0329,462,1.4903
52.0372,431,1.3903
52.0416,426,1.3742
52.0459,484,1.5613
52.0502,605,1.9516
52.0546,772,2.4903
52.0589,959,3.0935
52.0632,1002,3.2323
52.0676,1002,3.2323
52.0719,1001,3.2290
52.0762,952,3.0710
52.0806,738,2.3806
52.0849,536,1.7290
52.0892,424,1.3677
52.0935,387,1.2484
52.0979,392,1.2645
52.1022,420,1.3548
52.1065,445,1.4355
52.1108,459,1.4806
52.1151,464,1.4968
52.1194,464,1.4968
52.1237,464,1.4968
52.1280,465,1.5000
52.1323,465,1.5000
52.1366,466,1.5032
52.1408,467,1.5065
52.1451,469,1.5129
52.1495,469,1.5129
52.1537,471,1.5194
52.1580,472,1.5226
52.1623,472,1.5226
52.1666,473,1.5258
52.1709,473,1.5258
52.1752,473,1.5258
52.1795,474,1.5290
52.1838,475,1.5323
52.1881,475,1.5323
52.1924,476,1.5355
52.1967,477,1.5387
52.2010,478,1.5419
52.2054,479,1.5452
52.2097,479,1.5452
52.2140,481,1.5516
52.2183,482,1.5548
52.2227,482,1.5548
52.2270,482,1.5548
52.2313,483,1.5581
52.2357,483,1.5581
52.2400,482,1.5548
52.2443,482,1.5548
52.2486,483,1.5581
52.2530,484,1.5613
52.2573,485,1.5645
52.2616,486,1.5677
52.2660,491,1.5839
52.2703,501,1.6161
52.2746,515,1.6613
52.2789,526,1.6968
52.2833,539,1.7387
52.2876,553,1.7839
52.2919,564,1.8194
52.2963,578,1.8645
52.3006,591,1.9065
52.3049,602,1.9419
52.3093,614,1.9806
52.3136,624,2.0129
52.3179,633,2.0419
52.3223,640,2.0645
52.3266,645,2.0806
52.3309,647,2.0871
52.3353,649,2.0935
52.3396,650,2.0968
52.3439,649,2.0935
52.3483,645,2.0806
52.3526,639,2.0613
52.3569,632,2.0387
52.3613,625,2.0161
52.3656,616,1.9871
52.3699,604,1.9484
52.3742,594,1.9161
52.3786,581,1.8742
52.3829,567,1.8290
52.3872,553,1.7839
52.3916,539,1.7387
52.3960,525,1.6935
52.4003,509,1.6419
52.4047,494,1.5935
52.4091,481,1.5516
52.4137,467,1.5065
52.4181,455,1.4677
52.4224,444,1.4323
52.4267,439,1.4161
52.4311,438,1.4129
52.4354,440,1.4194
52.4397,442,1.4258
52.4439,445,1.4355
52.4482,446,1.4387
52.4525,447,1.4419
52.4568,448,1.4452
52.4611,449,1.4484
52.4654,450,1.4516
52.4697,453,1.4613
52.4740,454,1.4645
52.4783,456,1.4710
52.4826,456,1.4710
52.4869,457,1.4742
52.4912,457,1.4742
52.4955,458,1.4774
52.4998,460,1.4839
52.5041,461,1.4871
52.5084,462,1.4903
52.5127,463,1.4935
52.5169,464,1.4968
52.5212,465,1.5000
52.5255,465,1.5000
52.5298,467,1.5065
52.5341,469,1.5129
52.5384,469,1.5129
52.5427,470,1.5161
52.5470,469,1.5129
52.5513,471,1.5194
52.5556,472,1.5226
52.5599,473,1.5258
52.5642,473,1.5258
52.5685,474,1.5290
52.5728,476,1.5355
52.5771,477,1.5387
52.5814,479,1.5452
52.5857,479,1.5452
52.5900,479,1.5452
52.5943,479,1.5452
52.5986,481,1.5516
52.6029,481,1.5516
52.6072,483,1.5581
52.6115,484,1.5613
52.6159,484,1.5613
52.6202,484,1.5613
52.6245,484,1.5613
52.6288,484,1.5613
52.6332,486,1.5677
52.6375,485,1.5645
52.6418,486,1.5677
52.6462,488,1.5742
52.6505,489,1.5774
52.6548,488,1.5742
52.6592,489,1.5774
52.6635,489,1.5774
52.6678,489,1.5774
52.6722,490,1.5806
52.6765,491,1.5839
52.6809,491,1.5839
52.6852,492,1.5871
52.6895,492,1.5871
52.6938,493,1.5903
52.6982,494,1.5935
52.7025,496,1.6000
52.7069,498,1.6065
52.7113,498,1.6065
52.7166,499,1.6097
52.7210,499,1.6097
52.7253,498,1.6065
52.7296,499,1.6097
52.7338,501,1.6161
52.7381,500,1.6129
52.7424,501,1.6161
52.7466,501,1.6161
52.7509,502,1.6194
52.7552,502,1.6194
52.7595,503,1.6226
52.7638,504,1.6258
52.7680,505,1.6290
52.7723,506,1.6323
52.7766,507,1.6355
52.7808,505,1.6290
52.7851,505,1.6290
52.7894,506,1.6323
52.7936,506,1.6323
52.7979,507,1.6355
52.8023,507,1.6355
52.8066,507,1.6355
52.8108,508,1.6387
52.8153,508,1.6387
52.8196,508,1.6387
52.8239,509,1.6419
52.8282,509,1.6419
52.8324,510,1.6452
52.8367,509,1.6419
52.8410,509,1.6419
52.8452,511,1.6484
52.8495,512,1.6516
52.8537,512,1.6516
52.8580,512,1.6516
52.8623,512,1.6516
52.8666,514,1.6581
52.8708,514,1.6581
52.8751,514,1.6581
52.8793,512,1.6516
52.8836,513,1.6548
52.8879,513,1.6548
52.8922,513,1.6548
52.8964,513,1.6548
52.9007,514,1.6581
52.9050,513,1.6548
52.9093,512,1.6516
52.9136,514,1.6581
52.9180,514,1.6581
52.9223,514,1.6581
52.9265,514,1.6581
52.9308,513,1.6548
52.9350,513,1.6548
52.9393,513,1.6548
52.9436,513,1.6548
52.9479,514,1.6581
52.9522,515,1.6613
52.9565,516,1.6645
52.9608,516,1.6645
52.9651,516,1.6645
52.9693,516,1.6645
52.9736,517,1.6677
52.9778,518,1.6710
52.9821,517,1.6677
52.9864,518,1.6710
52.9907,518,1.6710
52.9950,517,1.6677
52.9992,517,1.6677
53.0035,516,1.6645
53.0078,516,1.6645
53.0121,517,1.6677
53.0163,519,1.6742
53.0206,519,1.6742
53.0249,519,1.6742
53.0292,519,1.6742
53.0334,520,1.6774
53.0376,520,1.6774
53.0419,519,1.6742
53.0462,520,1.6774
53.0505,519,1.6742
53.0548,519,1.6742
53.0591,519,1.6742
53.0633,520,1.6774
53.0676,520,1.6774
53.0719,520,1.6774
53.0762,521,1.6806
53.0804,521,1.6806
53.0847,522,1.6839
53.0890,522,1.6839
53.0932,522,1.6839
53.0975,523,1.6871
53.1023,522,1.6839
53.1066,522,1.6839
53.1109,522,1.6839
53.1152,522,1.6839
53.1194,523,1.6871
53.1237,522,1.6839
53.1280,522,1.6839
53.1322,521,1.6806
53.1365,522,1.6839
53.1407,522,1.6839
53.1450,523,1.6871
53.1493,522,1.6839
53.1537,522,1.6839
53.1580,521,1.6806
53.1623,522,1.6839
53.1665,522,1.6839
53.1708,521,1.6806
53.1751,520,1.6774
53.1793,521,1.6806
53.1839,523,1.6871
53.1882,522,1.6839
53.1925,522,1.6839
53.1967,522,1.6839
53.2010,524,1.6903
53.2052,522,1.6839
53.2096,523,1.6871
53.2138,523,1.6871
53.2181,524,1.6903
53.2223,522,1.6839
53.2266,522,1.6839
53.2309,521,1.6806
53.2351,522,1.6839
53.2394,521,1.6806
53.2436,522,1.6839
53.2479,522,1.6839
53.2522,521,1.6806
53.2565,522,1.6839
53.2608,522,1.6839
53.2650,523,1.6871
53.2699,523,1.6871
53.2742,524,1.6903
53.2784,524,1.6903
53.2827,524,1.6903
53.2870,523,1.6871
53.2913,524,1.6903
53.2955,524,1.6903
53.2998,522,1.6839
53.3041,522,1.6839
53.3093,522,1.6839
53.3136,522,1.6839
53.3180,523,1.6871
53.3223,523,1.6871
53.3266,523,1.6871
53.3317,523,1.6871
53.3360,524,1.6903
53.3403,522,1.6839
53.3446,523,1.6871
53.3489,523,1.6871
53.3532,525,1.6935
53.3575,525,1.6935
53.3619,524,1.6903
53.3661,524,1.6903
53.3705,524,1.6903
53.3748,527,1.7000
53.3791,537,1.7323
53.3834,551,1.7774
53.3877,566,1.8258
53.3920,579,1.8677
53.3963,591,1.9065
53.4006,601,1.9387
53.4049,609,1.9645
53.4097,612,1.9742
53.4141,614,1.9806
53.4184,610,1.9677
53.4226,601,1.9387
53.4269,591,1.9065
53.4312,579,1.8677
53.4356,566,1.8258
53.4399,550,1.7742
53.4441,535,1.7258
53.4484,520,1.6774
53.4527,509,1.6419
53.4571,504,1.6258
53.4614,503,1.6226
53.4657,503,1.6226
53.4700,505,1.6290
53.4743,507,1.6355
53.4786,507,1.6355
53.4828,507,1.6355
53.4871,506,1.6323
53.4914,505,1.6290
53.4957,507,1.6355
53.5000,507,1.6355
53.5042,507,1.6355
53.5085,507,1.6355
53.5127,508,1.6387
53.5170,508,1.6387
53.5213,509,1.6419
53.5255,510,1.6452
53.5298,507,1.6355
53.5341,494,1.5935
53.5383,464,1.4968
53.5426,432,1.3935
53.5469,430,1.3871
53.5511,489,1.5774
53.5554,609,1.9645
53.5597,772,2.4903
53.5639,957,3.0871
53.5682,1001,3.2290
53.5725,999,3.2226
53.5767,1000,3.2258
53.5810,963,3.1065
53.5852,762,2.4581
53.5933,442,1.4258
53.5977,392,1.2645
53.6020,390,1.2581
53.6063,415,1.3387
53.6119,448,1.4452
53.6163,460,1.4839
53.6207,463,1.4935
53.6250,464,1.4968
53.6293,465,1.5000
53.6335,465,1.5000
53.6378,466,1.5032
53.6422,466,1.5032
53.6465,468,1.5097
53.6507,468,1.5097
53.6550,469,1.5129
53.6592,469,1.5129
53.6635,470,1.5161
53.6678,470,1.5161
53.6720,472,1.5226
53.6763,473,1.5258
53.6806,475,1.5323
53.6848,476,1.5355
53.6891,476,1.5355
53.6933,477,1.5387
53.6976,477,1.5387
53.7019,478,1.5419
53.7062,479,1.5452
53.7104,479,1.5452
53.7147,480,1.5484
53.7189,480,1.5484
53.7232,482,1.5548
53.7275,482,1.5548
53.7317,482,1.5548
53.7360,483,1.5581
53.7403,483,1.5581
53.7445,483,1.5581
53.7488,482,1.5548
53.7530,484,1.5613
53.7573,485,1.5645
53.7615,486,1.5677
53.7658,486,1.5677
53.7700,489,1.5774
53.7743,498,1.6065
53.7786,510,1.6452
53.7828,523,1.6871
53.7871,535,1.7258
53.7913,547,1.7645
53.7956,562,1.8129
53.7999,575,1.8548
53.8042,587,1.8935
53.8084,598,1.9290
53.8127,609,1.9645
53.8170,617,1.9903
53.8213,627,2.0226
53.8256,635,2.0484
53.8299,640,2.0645
53.8341,644,2.0774
53.8384,648,2.0903
53.8427,650,2.0968
53.8470,649,2.0935
53.8513,647,2.0871
53.8556,643,2.0742
53.8599,637,2.0548
53.8643,629,2.0290
53.8685,618,1.9935
53.8728,608,1.9613
53.8771,598,1.9290
53.8814,585,1.8871
53.8857,573,1.8484
53.8904,558,1.8000
53.8947,544,1.7548
53.8990,529,1.7065
53.9033,515,1.6613
53.9076,501,1.6161
53.9119,488,1.5742
53.9162,475,1.5323
53.9205,462,1.4903
53.9248,450,1.4516
53.9291,441,1.4226
53.9334,439,1.4161
53.9376,439,1.4161
53.9419,439,1.4161
53.9462,440,1.4194
53.9505,441,1.4226
53.9548,443,1.4290
53.9591,445,1.4355
53.9634,447,1.4419
53.9677,449,1.4484
53.9720,450,1.4516
53.9763,452,1.4581
53.9806,454,1.4645
53.9849,456,1.4710
53.9892,456,1.4710
53.9935,458,1.4774
53.9978,459,1.4806
54.0021,458,1.4774
54.0064,459,1.4806
54.0107,460,1.4839
54.0150,461,1.4871
54.0193,463,1.4935
54.0236,463,1.4935
54.0280,464,1.4968
54.0322,464,1.4968
54.0365,465,1.5000
54.0408,465,1.5000
54.0451,466,1.5032
54.0494,467,1.5065
54.0537,468,1.5097
54.0580,468,1.5097
54.0623,470,1.5161
54.0666,470,1.5161
54.0709,471,1.5194
54.0752,471,1.5194
54.0794,472,1.5226
54.0837,473,1.5258
54.0881,474,1.5290
54.0923,476,1.5355
54.0967,477,1.5387
54.1010,478,1.5419
54.1053,479,1.5452
54.1096,480,1.5484
54.1139,481,1.5516
54.1182,483,1.5581
54.1225,485,1.5645
54.1268,484,1.5613
54.1311,484,1.5613
54.1354,485,1.5645
54.1397,485,1.5645
54.1439,485,1.5645
54.1483,486,1.5677
54.1526,486,1.5677
54.1568,489,1.5774
54.1611,490,1.5806
54.1654,489,1.5774
54.1697,490,1.5806
54.1740,490,1.5806
54.1783,491,1.5839
54.1825,492,1.5871
54.1869,493,1.5903
54.1912,494,1.5935
54.1955,495,1.5968
54.1998,495,1.5968
54.2041,495,1.5968
54.2084,494,1.5935
54.2144,496,1.6000
54.2189,497,1.6032
54.2232,498,1.6065
54.2275,499,1.6097
54.2318,499,1.6097
54.2362,501,1.6161
54.2405,501,1.6161
54.2447,500,1.6129
54.2490,502,1.6194
54.2533,503,1.6226
54.2577,504,1.6258
54.2620,503,1.6226
54.2662,503,1.6226
54.2706,503,1.6226
54.2749,504,1.6258
54.2792,504,1.6258
54.2835,504,1.6258
54.2878,504,1.6258
54.2922,505,1.6290
54.2966,505,1.6290
54.3009,506,1.6323
54.3052,506,1.6323
54.3094,506,1.6323
54.3139,508,1.6387
54.3183,508,1.6387
54.3225,507,1.6355
54.3268,507,1.6355
54.3311,508,1.6387
54.3354,508,1.6387
54.3398,509,1.6419
54.3441,508,1.6387
54.3483,509,1.6419
54.3526,509,1.6419
54.3569,509,1.6419
54.3613,510,1.6452
54.3656,510,1.6452
54.3699,510,1.6452
54.3743,512,1.6516
54.3786,511,1.6484
54.3829,513,1.6548
54.3872,513,1.6548
54.3915,514,1.6581
54.3958,514,1.6581
54.4001,514,1.6581
54.4044,514,1.6581
54.4087,515,1.6613
54.4131,516,1.6645
54.4174,516,1.6645
54.4217,517,1.6677
54.4260,516,1.6645
54.4303,516,1.6645
54.4346,516,1.6645
54.4389,516,1.6645
54.4432,515,1.6613
54.4475,517,1.6677
54.4518,517,1.6677
54.4563,516,1.6645
54.4606,517,1.6677
54.4652,517,1.6677
54.4695,516,1.6645
54.4738,518,1.6710
54.4781,518,1.6710
54.4824,518,1.6710
54.4867,519,1.6742
54.4910,519,1.6742
54.4953,519,1.6742
54.4996,519,1.6742
54.5039,518,1.6710
54.5083,518,1.6710
54.5127,518,1.6710
54.5171,519,1.6742
54.5222,518,1.6710
54.5265,519,1.6742
54.5308,520,1.6774
54.5351,519,1.6742
54.5394,519,1.6742
54.5438,520,1.6774
54.5481,520,1.6774
54.5524,520,1.6774
54.5567,520,1.6774
54.5610,521,1.6806
54.5653,521,1.6806
54.5696,520,1.6774
54.5739,521,1.6806
54.5782,521,1.6806
54.5825,521,1.6806
54.5869,521,1.6806
54.5911,521,1.6806
54.5954,520,1.6774
54.6000,522,1.6839
54.6044,523,1.6871
54.6087,522,1.6839
54.6130,521,1.6806
54.6173,523,1.6871
54.6216,522,1.6839
54.6259,522,1.6839
54.6302,523,1.6871
54.6345,522,1.6839
54.6388,522,1.6839
54.6431,522,1.6839
54.6474,524,1.6903
54.6517,523,1.6871
54.6560,524,1.6903
54.6603,523,1.6871
54.6646,523,1.6871
54.6689,522,1.6839
54.6732,523,1.6871
54.6775,523,1.6871
54.6818,524,1.6903
54.6862,524,1.6903
54.6904,524,1.6903
54.6947,524,1.6903
54.6990,524,1.6903
54.7033,523,1.6871
54.7077,524,1.6903
54.7119,525,1.6935
54.7163,525,1.6935
54.7206,523,1.6871
54.7249,523,1.6871
54.7292,524,1.6903
54.7335,524,1.6903
54.7378,523,1.6871
54.7421,523,1.6871
54.7470,522,1.6839
54.7512,522,1.6839
54.7555,524,1.6903
54.7597,524,1.6903
54.7640,525,1.6935
54.7683,523,1.6871
54.7726,524,1.6903
54.7769,523,1.6871
54.7811,522,1.6839
54.7854,522,1.6839
54.7896,521,1.6806
54.7939,522,1.6839
54.7981,523,1.6871
54.8024,523,1.6871
54.8066,523,1.6871
54.8109,523,1.6871
54.8152,524,1.6903
54.8194,525,1.6935
54.8237,524,1.6903
54.8285,524,1.6903
54.8328,523,1.6871
54.8371,522,1.6839
54.8413,523,1.6871
54.8456,524,1.6903
54.8499,523,1.6871
54.8541,523,1.6871
54.8584,523,1.6871
54.8626,522,1.6839
54.8669,522,1.6839
54.8712,523,1.6871
54.8755,523,1.6871
54.8797,525,1.6935
54.8840,526,1.6968
54.8882,535,1.7258
54.8925,548,1.7677
54.8968,561,1.8097
54.9010,574,1.8516
54.9053,587,1.8935
54.9095,597,1.9258
54.9138,606,1.9548
54.9185,612,1.9742
54.9228,610,1.9677
54.9271,608,1.9613
54.9314,603,1.9452
54.9356,594,1.9161
54.9399,582,1.8774
54.9441,570,1.8387
54.9484,555,1.7903
54.9527,541,1.7452
54.9569,527,1.7000
54.9612,513,1.6548
54.9654,505,1.6290
54.9697,503,1.6226
54.9740,504,1.6258
54.9783,504,1.6258
54.9825,505,1.6290
54.9868,504,1.6258
54.9910,504,1.6258
54.9953,504,1.6258
54.9996,505,1.6290
55.0038,505,1.6290
55.0081,507,1.6355
55.0124,508,1.6387
55.0166,508,1.6387
55.0209,507,1.6355
55.0252,506,1.6323
55.0294,507,1.6355
55.0337,508,1.6387
55.0380,508,1.6387
55.0422,504,1.6258
55.0464,484,1.5613
55.0507,451,1.4548
55.0552,423,1.3645
55.0597,446,1.4387
55.0642,536,1.7290
55.0686,688,2.2194
55.0731,876,2.8258
55.0776,1000,3.2258
55.0819,999,3.2226
55.0862,1001,3.2290
55.0906,990,3.1935
55.0950,830,2.6774
55.0993,607,1.9581
55.1036,459,1.4806
55.1080,394,1.2710
55.1125,386,1.2452
55.1169,409,1.3194
55.1213,438,1.4129
55.1255,455,1.4677
55.1298,460,1.4839
55.1340,462,1.4903
55.1383,463,1.4935
55.1425,463,1.4935
55.1467,463,1.4935
55.1510,464,1.4968
55.1552,465,1.5000
55.1596,466,1.5032
55.1638,467,1.5065
55.1680,467,1.5065
55.1723,469,1.5129
55.1765,469,1.5129
55.1808,470,1.5161
55.1850,472,1.5226
55.1892,472,1.5226
55.1935,473,1.5258
55.1977,475,1.5323
55.2020,474,1.5290
55.2062,474,1.5290
55.2104,476,1.5355
55.2147,476,1.5355
55.2189,477,1.5387
55.2231,477,1.5387
55.2274,477,1.5387
55.2317,479,1.5452
55.2359,479,1.5452
55.2402,480,1.5484
55.2445,480,1.5484
55.2487,480,1.5484
55.2530,481,1.5516
55.2572,482,1.5548
55.2615,483,1.5581
55.2657,484,1.5613
55.2700,484,1.5613
55.2742,484,1.5613
55.2785,486,1.5677
55.2828,488,1.5742
55.2870,494,1.5935
55.2913,504,1.6258
55.2955,516,1.6645
55.2998,529,1.7065
55.3041,543,1.7516
55.3084,555,1.7903
55.3126,567,1.8290
55.3169,582,1.8774
55.3213,594,1.9161
55.3256,605,1.9516
55.3298,615,1.9839
55.3342,624,2.0129
55.3385,632,2.0387
55.3428,638,2.0581
55.3471,643,2.0742
55.3513,645,2.0806
55.3556,647,2.0871
55.3606,648,2.0903
55.3650,647,2.0871
55.3693,643,2.0742
55.3736,636,2.0516
55.3779,631,2.0355
55.3823,623,2.0097
55.3865,614,1.9806
55.3908,604,1.9484
55.3951,591,1.9065
55.3994,580,1.8710
55.4038,565,1.8226
55.4081,551,1.7774
55.4125,536,1.7290
55.4169,522,1.6839
55.4215,507,1.6355
55.4259,493,1.5903
55.4303,479,1.5452
55.4346,466,1.5032
55.4389,455,1.4677
55.4432,445,1.4355
55.4475,440,1.4194
55.4518,440,1.4194
55.4561,442,1.4258
55.4604,443,1.4290
55.4647,445,1.4355
55.4690,445,1.4355
55.4738,446,1.4387
55.4782,448,1.4452
55.4828,450,1.4516
55.4871,450,1.4516
55.4914,451,1.4548
55.4957,454,1.4645
55.5000,456,1.4710
55.5043,455,1.4677
55.5087,457,1.4742
55.5129,459,1.4806
55.5172,460,1.4839
55.5216,461,1.4871
55.5259,462,1.4903
55.5302,462,1.4903
55.5345,463,1.4935
55.5388,465,1.5000
55.5431,466,1.5032
55.5474,467,1.5065
55.5517,468,1.5097
55.5560,469,1.5129
55.5603,471,1.5194
55.5651,471,1.5194
55.5694,472,1.5226
55.5737,472,1.5226
55.5780,473,1.5258
55.5823,474,1.5290
55.5866,474,1.5290
55.5910,475,1.5323
55.5953,476,1.5355
55.5996,476,1.5355
55.6039,477,1.5387
55.6082,479,1.5452
55.6125,480,1.5484
55.6168,481,1.5516
55.6211,481,1.5516
55.6255,483,1.5581
55.6298,483,1.5581
55.6342,484,1.5613
55.6384,485,1.5645
55.6427,486,1.5677
55.6472,486,1.5677
55.6515,487,1.5710
55.6558,488,1.5742
55.6601,489,1.5774
55.6644,489,1.5774
55.6687,489,1.5774
55.6730,490,1.5806
55.6773,490,1.5806
55.6816,491,1.5839
55.6859,492,1.5871
55.6902,493,1.5903
55.6946,493,1.5903
55.6989,493,1.5903
55.7032,494,1.5935
55.7075,494,1.5935
55.7118,496,1.6000
55.7161,497,1.6032
55.7204,497,1.6032
55.7248,496,1.6000
55.7294,497,1.6032
55.7337,498,1.6065
55.7380,498,1.6065
55.7423,500,1.6129
55.7466,500,1.6129
55.7509,499,1.6097
55.7553,500,1.6129
55.7596,500,1.6129
55.7639,503,1.6226
55.7682,503,1.6226
55.7725,502,1.6194
55.7770,502,1.6194
55.7813,503,1.6226
55.7856,503,1.6226
55.7899,503,1.6226
55.7942,503,1.6226
55.7986,504,1.6258
55.8029,504,1.6258
55.8072,505,1.6290
55.8114,505,1.6290
55.8158,505,1.6290
55.8200,505,1.6290
55.8243,506,1.6323
55.8286,506,1.6323
55.8330,507,1.6355
55.8373,508,1.6387
55.8416,510,1.6452
55.8459,509,1.6419
55.8502,508,1.6387
55.8544,508,1.6387
55.8588,508,1.6387
55.8631,509,1.6419
55.8673,508,1.6387
55.8716,509,1.6419
55.8759,510,1.6452
55.8802,510,1.6452
55.8846,511,1.6484
55.8888,511,1.6484
55.8931,512,1.6516
55.8975,511,1.6484
55.9018,512,1.6516
55.9061,512,1.6516
55.9104,511,1.6484
55.9146,512,1.6516
55.9190,512,1.6516
55.9233,514,1.6581
55.9276,514,1.6581
55.9319,514,1.6581
55.9362,514,1.6581
55.9405,515,1.6613
55.9448,515,1.6613
55.9491,515,1.6613
55.9534,515,1.6613
55.9577,515,1.6613
55.9620,516,1.6645
55.9663,515,1.6613
55.9706,515,1.6613
55.9749,516,1.6645
55.9792,517,1.6677
55.9835,516,1.6645
55.9878,517,1.6677
55.9921,516,1.6645
55.9964,516,1.6645
56.0008,517,1.6677
56.0050,518,1.6710
56.0094,517,1.6677
56.0138,518,1.6710
56.0182,518,1.6710
56.0228,518,1.6710
56.0271,519,1.6742
56.0314,518,1.6710
56.0357,518,1.6710
56.0399,517,1.6677
56.0442,518,1.6710
56.0484,520,1.6774
56.0526,518,1.6710
56.0569,519,1.6742
56.0611,519,1.6742
56.0654,521,1.6806
56.0696,521,1.6806
56.0739,522,1.6839
56.0781,522,1.6839
56.0824,522,1.6839
56.0866,522,1.6839
56.0909,520,1.6774
56.0951,520,1.6774
56.0994,521,1.6806
56.1037,520,1.6774
56.1080,519,1.6742
56.1122,520,1.6774
56.1164,521,1.6806
56.1207,521,1.6806
56.1249,520,1.6774
56.1293,520,1.6774
56.1335,521,1.6806
56.1378,521,1.6806
56.1421,521,1.6806
56.1464,521,1.6806
56.1507,520,1.6774
56.1550,520,1.6774
56.1592,521,1.6806
56.1635,522,1.6839
56.1678,520,1.6774
56.1721,521,1.6806
56.1764,520,1.6774
56.1807,521,1.6806
56.1850,521,1.6806
56.1892,520,1.6774
56.1935,520,1.6774
56.1978,521,1.6806
56.2021,522,1.6839
56.2064,523,1.6871
56.2107,522,1.6839
56.2150,523,1.6871
56.2192,522,1.6839
56.2235,522,1.6839
56.2278,522,1.6839
56.2321,523,1.6871
56.2364,523,1.6871
56.2407,523,1.6871
56.2450,522,1.6839
56.2493,523,1.6871
56.2535,522,1.6839
56.2578,522,1.6839
56.2621,522,1.6839
56.2664,522,1.6839
56.2707,522,1.6839
56.2749,522,1.6839
56.2792,523,1.6871
56.2835,522,1.6839
56.2878,521,1.6806
56.2922,524,1.6903
56.2964,524,1.6903
56.3007,524,1.6903
56.3050,523,1.6871
56.3093,522,1.6839
56.3155,523,1.6871
56.3200,523,1.6871
56.3242,522,1.6839
56.3285,522,1.6839
56.3328,521,1.6806
56.3371,523,1.6871
56.3413,524,1.6903
56.3455,524,1.6903
56.3498,523,1.6871
56.3541,523,1.6871
56.3583,524,1.6903
56.3625,524,1.6903
56.3668,524,1.6903
56.3711,523,1.6871
56.3753,523,1.6871
56.3796,525,1.6935
56.3838,524,1.6903
56.3881,524,1.6903
56.3925,526,1.6968
56.3967,533,1.7194
56.4009,543,1.7516
56.4052,556,1.7935
56.4095,570,1.8387
56.4138,583,1.8806
56.4180,594,1.9161
56.4222,602,1.9419
56.4265,609,1.9645
56.4308,613,1.9774
56.4350,612,1.9742
56.4393,606,1.9548
56.4435,600,1.9355
56.4478,589,1.9000
56.4521,576,1.8581
56.4564,562,1.8129
56.4606,548,1.7677
56.4649,533,1.7194
56.4691,519,1.6742
56.4734,510,1.6452
56.4777,505,1.6290
56.4819,504,1.6258
56.4862,504,1.6258
56.4904,505,1.6290
56.4948,505,1.6290
56.4991,505,1.6290
56.5034,505,1.6290
56.5077,505,1.6290
56.5119,506,1.6323
56.5162,506,1.6323
56.5204,505,1.6290
56.5247,506,1.6323
56.5290,507,1.6355
56.5333,506,1.6323
56.5376,508,1.6387
56.5419,508,1.6387
56.5461,509,1.6419
56.5504,506,1.6323
56.5547,494,1.5935
56.5590,465,1.5000
56.5633,433,1.3968
56.5676,426,1.3742
56.5718,480,1.5484
56.5761,595,1.9194
56.5804,759,2.4484
56.5847,940,3.0323
56.5890,1001,3.2290
56.5933,1000,3.2258
56.5976,998,3.2194
56.6019,970,3.1290
56.6062,774,2.4968
56.6104,564,1.8194
56.6147,438,1.4129
56.6190,391,1.2613
56.6233,390,1.2581
56.6276,416,1.3419
56.6319,444,1.4323
56.6362,459,1.4806
56.6405,464,1.4968
56.6448,465,1.5000
56.6490,465,1.5000
56.6533,466,1.5032
56.6576,467,1.5065
56.6619,468,1.5097
56.6661,468,1.5097
56.6704,467,1.5065
56.6747,469,1.5129
56.6790,471,1.5194
56.6832,470,1.5161
56.6875,472,1.5226
56.6918,472,1.5226
56.6961,473,1.5258
56.7004,473,1.5258
56.7047,474,1.5290
56.7090,474,1.5290
56.7133,474,1.5290
56.7176,475,1.5323
56.7219,476,1.5355
56.7262,476,1.5355
56.7305,476,1.5355
56.7347,478,1.5419
56.7391,479,1.5452
56.7433,480,1.5484
56.7476,480,1.5484
56.7519,481,1.5516
56.7562,481,1.5516
56.7605,482,1.5548
56.7648,482,1.5548
56.7691,483,1.5581
56.7733,485,1.5645
56.7776,487,1.5710
56.7820,486,1.5677
56.7862,487,1.5710
56.7905,489,1.5774
56.7948,496,1.6000
56.7992,508,1.6387
56.8035,520,1.6774
56.8078,532,1.7161
56.8121,546,1.7613
56.8164,560,1.8065
56.8207,574,1.8516
56.8250,586,1.8903
56.8293,597,1.9258
56.8335,608,1.9613
56.8378,617,1.9903
56.8422,627,2.0226
56.8464,633,2.0419
56.8507,638,2.0581
56.8549,643,2.0742
56.8592,645,2.0806
56.8635,646,2.0839
56.8677,645,2.0806
56.8720,643,2.0742
56.8763,640,2.0645
56.8806,634,2.0452
56.8849,627,2.0226
56.8891,619,1.9968
56.8934,609,1.9645
56.8977,598,1.9290
56.9019,587,1.8935
56.9062,575,1.8548
56.9105,561,1.8097
56.9151,547,1.7645
56.9195,533,1.7194
56.9238,518,1.6710
56.9281,505,1.6290
56.9323,490,1.5806
56.9366,478,1.5419
56.9409,466,1.5032
56.9453,453,1.4613
56.9495,443,1.4290
56.9538,439,1.4161
56.9581,440,1.4194
56.9624,441,1.4226
56.9667,444,1.4323
56.9710,446,1.4387
56.9753,448,1.4452
56.9796,449,1.4484
56.9839,450,1.4516
56.9882,450,1.4516
56.9925,451,1.4548
56.9968,451,1.4548
57.0011,454,1.4645
57.0054,454,1.4645
57.0097,455,1.4677
57.0140,456,1.4710
57.0183,456,1.4710
57.0226,458,1.4774
57.0269,460,1.4839
57.0312,461,1.4871
57.0355,462,1.4903
57.0398,463,1.4935
57.0441,463,1.4935
57.0484,465,1.5000
57.0527,465,1.5000
57.0570,465,1.5000
57.0613,465,1.5000
57.0656,467,1.5065
57.0699,468,1.5097
57.0742,470,1.5161
57.0785,471,1.5194
57.0828,473,1.5258
57.0871,472,1.5226
57.0915,473,1.5258
57.0958,473,1.5258
57.1000,475,1.5323
57.1043,475,1.5323
57.1087,478,1.5419
57.1129,478,1.5419
57.1172,479,1.5452
57.1215,481,1.5516
57.1262,481,1.5516
57.1306,481,1.5516
57.1349,482,1.5548
57.1392,483,1.5581
57.1435,484,1.5613
57.1478,483,1.5581
57.1522,484,1.5613
57.1565,486,1.5677
57.1607,487,1.5710
57.1650,487,1.5710
57.1694,488,1.5742
57.1736,489,1.5774
57.1779,490,1.5806
57.1822,489,1.5774
57.1865,490,1.5806
57.1908,490,1.5806
57.1952,490,1.5806
57.1995,492,1.5871
57.2037,492,1.5871
57.2081,493,1.5903
57.2125,493,1.5903
57.2169,493,1.5903
57.2213,494,1.5935
57.2256,495,1.5968
57.2300,496,1.6000
57.2343,496,1.6000
57.2386,497,1.6032
57.2429,498,1.6065
57.2472,498,1.6065
57.2515,498,1.6065
57.2558,499,1.6097
57.2601,499,1.6097
57.2644,500,1.6129
57.2687,500,1.6129
57.2730,500,1.6129
57.2772,501,1.6161
57.2815,501,1.6161
57.2858,502,1.6194
57.2901,502,1.6194
57.2944,502,1.6194
57.2987,503,1.6226
57.3030,504,1.6258
57.3073,505,1.6290
57.3116,505,1.6290
57.3159,505,1.6290
57.3202,506,1.6323
57.3245,506,1.6323
57.3288,507,1.6355
57.3331,508,1.6387
57.3374,508,1.6387
57.3417,509,1.6419
57.3460,509,1.6419
57.3503,508,1.6387
57.3547,508,1.6387
57.3590,509,1.6419
57.3633,508,1.6387
57.3676,508,1.6387
57.3720,509,1.6419
57.3763,508,1.6387
57.3806,510,1.6452
57.3850,509,1.6419
57.3893,510,1.6452
57.3937,510,1.6452
57.3980,511,1.6484
57.4023,510,1.6452
57.4067,512,1.6516
57.4110,513,1.6548
57.4153,512,1.6516
57.4197,511,1.6484
57.4240,512,1.6516
57.4283,512,1.6516
57.4327,512,1.6516
57.4370,511,1.6484
57.4413,513,1.6548
57.4456,514,1.6581
57.4499,513,1.6548
57.4542,514,1.6581
57.4585,513,1.6548
57.4628,512,1.6516
57.4671,514,1.6581
57.4713,514,1.6581
57.4756,515,1.6613
57.4799,515,1.6613
57.4842,515,1.6613
57.4885,515,1.6613
57.4928,515,1.6613
57.4971,515,1.6613
57.5014,517,1.6677
57.5057,517,1.6677
57.5100,517,1.6677
57.5143,516,1.6645
57.5186,515,1.6613
57.5229,515,1.6613
57.5272,515,1.6613
57.5314,516,1.6645
57.5357,517,1.6677
57.5401,518,1.6710
57.5444,517,1.6677
57.5487,517,1.6677
57.5530,517,1.6677
57.5573,517,1.6677
57.5616,518,1.6710
57.5659,519,1.6742
57.5702,519,1.6742
57.5745,519,1.6742
57.5788,519,1.6742
57.5831,520,1.6774
57.5874,520,1.6774
57.5917,520,1.6774
57.5961,519,1.6742
57.6004,519,1.6742
57.6047,519,1.6742
57.6090,520,1.6774
57.6133,519,1.6742
57.6176,520,1.6774
57.6219,520,1.6774
57.6262,519,1.6742
57.6305,519,1.6742
57.6348,519,1.6742
57.6391,519,1.6742
57.6434,521,1.6806
57.6477,521,1.6806
57.6519,521,1.6806
57.6562,521,1.6806
57.6605,523,1.6871
57.6647,524,1.6903
57.6690,523,1.6871
57.6733,523,1.6871
57.6775,522,1.6839
57.6818,523,1.6871
57.6861,522,1.6839
57.6904,523,1.6871
57.6946,524,1.6903
57.6990,525,1.6935
57.7032,525,1.6935
57.7075,524,1.6903
57.7117,523,1.6871
57.7160,523,1.6871
57.7203,523,1.6871
57.7245,524,1.6903
57.7288,523,1.6871
57.7330,524,1.6903
57.7373,524,1.6903
57.7416,523,1.6871
57.7459,522,1.6839
57.7502,522,1.6839
57.7545,522,1.6839
57.7588,522,1.6839
57.7631,522,1.6839
57.7674,523,1.6871
57.7717,522,1.6839
57.7760,523,1.6871
57.7803,523,1.6871
57.7846,523,1.6871
57.7889,523,1.6871
57.7932,523,1.6871
57.7975,523,1.6871
57.8018,523,1.6871
57.8062,523,1.6871
57.8140,522,1.6839
57.8185,523,1.6871
57.8229,524,1.6903
57.8273,524,1.6903
57.8316,524,1.6903
57.8359,524,1.6903
57.8402,523,1.6871
57.8446,523,1.6871
57.8489,522,1.6839
57.8532,523,1.6871
57.8575,523,1.6871
57.8618,523,1.6871
57.8661,523,1.6871
57.8704,523,1.6871
57.8747,524,1.6903
57.8789,524,1.6903
57.8833,524,1.6903
57.8875,524,1.6903
57.8918,524,1.6903
57.8961,524,1.6903
57.9005,524,1.6903
57.9048,524,1.6903
57.9091,522,1.6839
57.9134,523,1.6871
57.9178,524,1.6903
57.9221,532,1.7161
57.9265,543,1.7516
57.9307,556,1.7935
57.9349,568,1.8323
57.9392,584,1.8839
57.9435,595,1.9194
57.9477,602,1.9419
57.9520,609,1.9645
57.9563,611,1.9710
57.9605,611,1.9710
57.9648,606,1.9548
57.9691,598,1.9290
57.9733,587,1.8935
57.9777,575,1.8548
57.9820,561,1.8097
57.9863,545,1.7581
57.9905,530,1.7097
57.9948,516,1.6645
57.9991,507,1.6355
58.0033,503,1.6226
58.0076,502,1.6194
58.0119,502,1.6194
58.0161,503,1.6226
58.0204,504,1.6258
58.0247,505,1.6290
58.0290,506,1.6323
58.0332,506,1.6323
58.0375,506,1.6323
58.0417,508,1.6387
58.0460,508,1.6387
58.0503,508,1.6387
58.0546,508,1.6387
58.0589,508,1.6387
58.0632,508,1.6387
58.0675,506,1.6323
58.0718,507,1.6355
58.0761,504,1.6258
58.0804,490,1.5806
58.0847,460,1.4839
58.0890,429,1.3839
58.0933,431,1.3903
58.0976,493,1.5903
58.1019,618,1.9935
58.1062,783,2.5258
58.1105,971,3.1323
58.1166,1001,3.2290
58.1211,1001,3.2290
58.1254,994,3.2065
58.1298,851,2.7452
58.1341,624,2.0129
58.1384,468,1.5097
58.1428,400,1.2903
58.1471,387,1.2484
58.1514,406,1.3097
58.1557,434,1.4000
58.1600,454,1.4645
58.1643,461,1.4871
58.1686,463,1.4935
58.1729,462,1.4903
58.1772,463,1.4935
58.1815,464,1.4968
58.1858,465,1.5000
58.1901,466,1.5032
58.1944,468,1.5097
58.1987,469,1.5129
58.2030,470,1.5161
58.2072,470,1.5161
58.2116,470,1.5161
58.2158,471,1.5194
58.2201,472,1.5226
58.2244,473,1.5258
58.2287,473,1.5258
58.2330,474,1.5290
58.2373,475,1.5323
58.2416,475,1.5323
58.2460,477,1.5387
58.2503,477,1.5387
58.2547,478,1.5419
58.2590,478,1.5419
58.2633,478,1.5419
58.2676,479,1.5452
58.2720,480,1.5484
58.2763,481,1.5516
58.2806,482,1.5548
58.2849,483,1.5581
58.2893,485,1.5645
58.2936,485,1.5645
58.2980,485,1.5645
58.3023,485,1.5645
58.3066,486,1.5677
58.3110,487,1.5710
58.3153,488,1.5742
58.3196,496,1.6000
58.3239,507,1.6355
58.3283,521,1.6806
58.3326,536,1.7290
58.3369,550,1.7742
58.3413,562,1.8129
58.3456,574,1.8516
58.3499,586,1.8903
58.3542,599,1.9323
58.3585,610,1.9677
58.3628,619,1.9968
58.3671,627,2.0226
58.3714,632,2.0387
58.3757,634,2.0452
58.3800,640,2.0645
58.3843,644,2.0774
58.3886,646,2.0839
58.3929,647,2.0871
58.3972,647,2.0871
58.4015,643,2.0742
58.4058,640,2.0645
58.4101,632,2.0387
58.4144,626,2.0194
58.4188,617,1.9903
58.4231,608,1.9613
58.4275,596,1.9226
58.4318,584,1.8839
58.4361,572,1.8452
58.4404,558,1.8000
58.4447,545,1.7581
58.4489,531,1.7129
58.4533,517,1.6677
58.4576,502,1.6194
58.4619,487,1.5710
58.4663,474,1.5290
58.4706,462,1.4903
58.4749,451,1.4548
58.4793,441,1.4226
58.4836,437,1.4097
58.4879,438,1.4129
58.4923,440,1.4194
58.4967,441,1.4226
58.5010,444,1.4323
58.5054,445,1.4355
58.5097,446,1.4387
58.5140,447,1.4419
58.5184,448,1.4452
58.5227,449,1.4484
58.5270,451,1.4548
58.5314,452,1.4581
58.5357,452,1.4581
58.5400,454,1.4645
58.5443,455,1.4677
58.5487,456,1.4710
58.5530,458,1.4774
58.5573,459,1.4806
58.5616,460,1.4839
58.5659,461,1.4871
58.5702,462,1.4903
58.5745,463,1.4935
58.5788,465,1.5000
58.5831,467,1.5065
58.5874,468,1.5097
58.5917,468,1.5097
58.5960,469,1.5129
58.6003,469,1.5129
58.6046,468,1.5097
58.6089,469,1.5129
58.6131,471,1.5194
58.6174,472,1.5226
58.6218,475,1.5323
58.6260,475,1.5323
58.6303,475,1.5323
58.6346,476,1.5355
58.6389,477,1.5387
58.6432,477,1.5387
58.6475,477,1.5387
58.6518,477,1.5387
58.6561,479,1.5452
58.6605,481,1.5516
58.6648,482,1.5548
58.6691,482,1.5548
58.6735,483,1.5581
58.6778,484,1.5613
58.6822,486,1.5677
58.6865,486,1.5677
58.6908,487,1.5710
58.6952,487,1.5710
58.6996,488,1.5742
58.7039,489,1.5774
58.7084,490,1.5806
58.7142,491,1.5839
58.7186,491,1.5839
58.7230,491,1.5839
58.7274,490,1.5806
58.7317,491,1.5839
58.7361,493,1.5903
58.7404,493,1.5903
58.7447,493,1.5903
58.7490,494,1.5935
58.7534,494,1.5935
58.7577,495,1.5968
58.7620,495,1.5968
58.7663,496,1.6000
58.7706,497,1.6032
58.7749,496,1.6000
58.7791,498,1.6065
58.7834,498,1.6065
58.7877,498,1.6065
58.7921,499,1.6097
58.7964,500,1.6129
58.8006,500,1.6129
58.8049,501,1.6161
58.8093,501,1.6161
58.8135,501,1.6161
58.8178,502,1.6194
58.8222,502,1.6194
58.8264,503,1.6226
58.8307,504,1.6258
58.8350,504,1.6258
58.8393,505,1.6290
58.8436,505,1.6290
58.8479,505,1.6290
58.8522,506,1.6323
58.8565,506,1.6323
58.8609,506,1.6323
58.8652,505,1.6290
58.8696,507,1.6355
58.8739,506,1.6323
58.8782,508,1.6387
58.8825,508,1.6387
58.8869,507,1.6355
58.8912,508,1.6387
58.8955,508,1.6387
58.9005,509,1.6419
58.9049,510,1.6452
58.9093,511,1.6484
58.9137,510,1.6452
58.9180,512,1.6516
58.9223,511,1.6484
58.9267,511,1.6484
58.9311,511,1.6484
58.9354,511,1.6484
58.9397,512,1.6516
58.9441,512,1.6516
58.9484,513,1.6548
58.9529,514,1.6581
58.9572,514,1.6581
58.9615,513,1.6548
58.9658,514,1.6581
58.9701,514,1.6581
58.9744,514,1.6581
58.9787,514,1.6581
58.9830,514,1.6581
58.9872,515,1.6613
58.9916,514,1.6581
58.9959,515,1.6613
59.0001,516,1.6645
59.0044,516,1.6645
59.0090,517,1.6677
59.0145,517,1.6677
59.0189,517,1.6677
59.0232,517,1.6677
59.0275,517,1.6677
59.0318,517,1.6677
59.0361,518,1.6710
59.0404,519,1.6742
59.0447,517,1.6677
59.0490,516,1.6645
59.0534,516,1.6645
59.0577,518,1.6710
59.0620,517,1.6677
59.0662,516,1.6645
59.0705,518,1.6710
59.0748,518,1.6710
59.0791,519,1.6742
59.0834,519,1.6742
59.0877,519,1.6742
59.0920,520,1.6774
59.0964,520,1.6774
59.1011,521,1.6806
59.1054,520,1.6774
59.1097,518,1.6710
59.1146,520,1.6774
59.1189,520,1.6774
59.1232,520,1.6774
59.1275,520,1.6774
59.1318,520,1.6774
59.1361,520,1.6774
59.1404,521,1.6806
59.1447,521,1.6806
59.1490,520,1.6774
59.1533,521,1.6806
59.1576,521,1.6806
59.1620,521,1.6806
59.1662,522,1.6839
59.1705,520,1.6774
59.1748,520,1.6774
59.1792,521,1.6806
59.1835,521,1.6806
59.1877,521,1.6806
59.1928,521,1.6806
59.1972,520,1.6774
59.2015,521,1.6806
59.2059,520,1.6774
59.2102,520,1.6774
59.2145,520,1.6774
59.2188,522,1.6839
59.2231,523,1.6871
59.2274,522,1.6839
59.2317,522,1.6839
59.2360,522,1.6839
59.2403,523,1.6871
59.2446,524,1.6903
59.2489,524,1.6903
59.2532,522,1.6839
59.2575,523,1.6871
59.2619,521,1.6806
59.2662,522,1.6839
59.2704,523,1.6871
59.2749,522,1.6839
59.2792,522,1.6839
59.2835,523,1.6871
59.2878,523,1.6871
59.2921,522,1.6839
59.2964,524,1.6903
59.3008,524,1.6903
59.3051,524,1.6903
59.3094,524,1.6903
59.3137,522,1.6839
59.3180,522,1.6839
59.3223,522,1.6839
59.3266,523,1.6871
59.3309,523,1.6871
59.3352,524,1.6903
59.3395,523,1.6871
59.3438,523,1.6871
59.3481,523,1.6871
59.3524,524,1.6903
59.3572,524,1.6903
59.3616,525,1.6935
59.3658,524,1.6903
59.3701,525,1.6935
59.3744,524,1.6903
59.3787,524,1.6903
59.3831,524,1.6903
59.3873,524,1.6903
59.3916,522,1.6839
59.3959,524,1.6903
59.4002,524,1.6903
59.4046,526,1.6968
59.4089,526,1.6968
59.4132,524,1.6903
59.4175,524,1.6903
59.4218,525,1.6935
59.4261,524,1.6903
59.4304,527,1.7000
59.4347,536,1.7290
59.4391,548,1.7677
59.4434,565,1.8226
59.4477,578,1.8645
59.4521,588,1.8968
59.4564,598,1.9290
59.4607,606,1.9548
59.4651,610,1.9677
59.4694,611,1.9710
59.4737,611,1.9710
59.4779,605,1.9516
59.4822,595,1.9194
59.4866,584,1.8839
59.4909,571,1.8419
59.4952,557,1.7968
59.4994,540,1.7419
59.5037,526,1.6968
59.5083,512,1.6516
59.5126,505,1.6290
59.5169,504,1.6258
59.5212,504,1.6258
59.5256,506,1.6323
59.5299,506,1.6323
59.5341,506,1.6323
59.5384,506,1.6323
59.5427,506,1.6323
59.5471,507,1.6355
59.5514,507,1.6355
59.5556,507,1.6355
59.5599,507,1.6355
59.5643,507,1.6355
59.5686,507,1.6355
59.5729,508,1.6387
59.5772,508,1.6387
59.5818,509,1.6419
59.5861,506,1.6323
59.5904,492,1.5871
59.5947,462,1.4903
59.5990,430,1.3871
59.6033,431,1.3903
59.6076,493,1.5903
59.6122,629,2.0290
59.6167,804,2.5935
59.6211,986,3.1806
59.6254,1001,3.2290
59.6297,999,3.2226
59.6340,999,3.2226
59.6383,925,2.9839
59.6426,707,2.2806
59.6474,498,1.6065
59.6518,410,1.3226
59.6561,385,1.2419
59.6604,398,1.2839
59.6647,427,1.3774
59.6690,450,1.4516
59.6733,459,1.4806
59.6776,463,1.4935
59.6819,464,1.4968
59.6862,464,1.4968
59.6905,464,1.4968
59.6948,466,1.5032
59.6991,466,1.5032
59.7034,467,1.5065
59.7077,468,1.5097
59.7121,469,1.5129
59.7164,472,1.5226
59.7207,472,1.5226
59.7250,473,1.5258
59.7293,474,1.5290
59.7336,474,1.5290
59.7379,475,1.5323
59.7422,475,1.5323
59.7465,475,1.5323
59.7508,476,1.5355
59.7551,477,1.5387
59.7595,479,1.5452
59.7638,480,1.5484
59.7681,480,1.5484
59.7724,481,1.5516
59.7767,481,1.5516
59.7810,481,1.5516
59.7853,481,1.5516
59.7907,483,1.5581
59.7951,483,1.5581
59.7996,485,1.5645
59.8040,485,1.5645
59.8083,485,1.5645
59.8125,486,1.5677
59.8168,486,1.5677
59.8211,487,1.5710
59.8253,489,1.5774
59.8296,497,1.6032
59.8338,508,1.6387
59.8381,521,1.6806
59.8423,535,1.7258
59.8466,546,1.7613
59.8508,559,1.8032
59.8551,572,1.8452
59.8594,584,1.8839
59.8636,597,1.9258
59.8679,608,1.9613
59.8722,619,1.9968
59.8764,625,2.0161
59.8807,634,2.0452
59.8849,638,2.0581
59.8892,643,2.0742
59.8935,647,2.0871
59.8977,648,2.0903
59.9021,649,2.0935
59.9063,649,2.0935
59.9106,644,2.0774
59.9190,630,2.0323
59.9233,620,2.0000
59.9276,613,1.9774
59.9319,600,1.9355
59.9362,591,1.9065
59.9405,577,1.8613
59.9447,565,1.8226
59.9490,551,1.7774
59.9532,538,1.7355
59.9575,524,1.6903
59.9618,509,1.6419
59.9661,495,1.5968
59.9704,481,1.5516
59.9747,469,1.5129
59.9790,456,1.4710
59.9832,445,1.4355
59.9875,439,1.4161
59.9919,438,1.4129
59.9962,440,1.4194
60.0005,442,1.4258
60.0047,444,1.4323
60.0090,444,1.4323
60.0132,445,1.4355
60.0175,447,1.4419
60.0219,447,1.4419
60.0261,449,1.4484
60.0304,450,1.4516
60.0347,451,1.4548
60.0390,452,1.4581
60.0433,454,1.4645
60.0480,456,1.4710
60.0539,456,1.4710
60.0666,460,1.4839
60.0717,462,1.4903
60.0761,462,1.4903
60.0805,464,1.4968
60.0847,465,1.5000
60.0890,467,1.5065
60.0932,467,1.5065
60.0974,467,1.5065
60.1017,468,1.5097
60.1060,468,1.5097
60.1102,469,1.5129
60.1144,471,1.5194
60.1187,472,1.5226
60.1230,473,1.5258
60.1272,474,1.5290
60.1315,476,1.5355
60.1357,475,1.5323
60.1400,476,1.5355
60.1442,476,1.5355
60.1484,477,1.5387
60.1527,480,1.5484
60.1569,481,1.5516
60.1612,481,1.5516
60.1655,482,1.5548
60.1697,482,1.5548
60.1740,483,1.5581
60.1783,483,1.5581
60.1826,482,1.5548
60.1869,483,1.5581
60.1912,485,1.5645
60.1954,486,1.5677
60.1997,486,1.5677
60.2040,487,1.5710
60.2082,487,1.5710
60.2125,487,1.5710
60.2167,488,1.5742
60.2219,489,1.5774
60.2262,490,1.5806
60.2304,492,1.5871
60.2347,492,1.5871
60.2389,492,1.5871
60.2432,493,1.5903
60.2475,494,1.5935
60.2517,494,1.5935
60.2560,493,1.5903
60.2603,494,1.5935
60.2646,495,1.5968
60.2688,496,1.6000
60.2731,496,1.6000
60.2774,496,1.6000
60.2817,496,1.6000
60.2860,497,1.6032
60.2903,497,1.6032
60.2945,498,1.6065
60.2989,499,1.6097
60.3032,500,1.6129
60.3075,502,1.6194
60.3118,501,1.6161
60.3160,501,1.6161
60.3203,502,1.6194
60.3246,501,1.6161
60.3289,503,1.6226
60.3331,503,1.6226
60.3374,502,1.6194
60.3417,504,1.6258
60.3460,504,1.6258
60.3502,504,1.6258
60.3545,505,1.6290
60.3587,507,1.6355
60.3630,507,1.6355
60.3673,506,1.6323
60.3716,507,1.6355
60.3758,507,1.6355
60.3804,508,1.6387
60.3847,508,1.6387
60.3890,509,1.6419
60.3933,510,1.6452
60.3975,510,1.6452
60.4018,510,1.6452
60.4061,509,1.6419
60.4103,510,1.6452
60.4146,512,1.6516
60.4191,511,1.6484
60.4233,511,1.6484
60.4276,513,1.6548
60.4319,512,1.6516
60.4361,513,1.6548
60.4404,513,1.6548
60.4447,514,1.6581
60.4490,515,1.6613
60.4532,514,1.6581
60.4575,515,1.6613
60.4621,514,1.6581
60.4664,514,1.6581
60.4706,514,1.6581
60.4749,515,1.6613
60.4792,514,1.6581
60.4834,515,1.6613
60.4877,516,1.6645
60.4921,515,1.6613
60.4963,515,1.6613
60.5006,516,1.6645
60.5049,516,1.6645
60.5092,516,1.6645
60.5146,516,1.6645
60.5190,516,1.6645
60.5233,518,1.6710
60.5277,518,1.6710
60.5319,518,1.6710
60.5362,516,1.6645
60.5404,516,1.6645
60.5447,518,1.6710
60.5490,518,1.6710
60.5532,518,1.6710
60.5575,516,1.6645
60.5618,517,1.6677
60.5660,516,1.6645
60.5704,517,1.6677
60.5747,519,1.6742
60.5789,517,1.6677
60.5838,519,1.6742
60.5880,519,1.6742
60.5923,518,1.6710
60.5966,518,1.6710
60.6009,518,1.6710
60.6053,518,1.6710
60.6096,519,1.6742
60.6138,519,1.6742
60.6181,520,1.6774
60.6223,522,1.6839
60.6266,522,1.6839
60.6310,521,1.6806
60.6352,522,1.6839
60.6395,522,1.6839
60.6437,521,1.6806
60.6480,520,1.6774
60.6523,520,1.6774
60.6566,520,1.6774
60.6609,520,1.6774
60.6652,520,1.6774
60.6694,521,1.6806
60.6737,522,1.6839
60.6781,522,1.6839
60.6823,522,1.6839
60.6872,521,1.6806
60.6916,520,1.6774
60.6958,520,1.6774
60.7001,520,1.6774
60.7043,521,1.6806
60.7086,521,1.6806
60.7129,521,1.6806
60.7172,521,1.6806
60.7214,522,1.6839
60.7257,521,1.6806
60.7300,522,1.6839
60.7342,523,1.6871
60.7385,523,1.6871
60.7428,522,1.6839
60.7470,522,1.6839
60.7513,522,1.6839
60.7556,522,1.6839
60.7598,521,1.6806
60.7641,523,1.6871
60.7686,523,1.6871
60.7729,523,1.6871
60.7772,523,1.6871
60.7815,522,1.6839
60.7857,521,1.6806
60.7900,521,1.6806
60.7943,520,1.6774
60.7986,521,1.6806
60.8028,521,1.6806
60.8071,521,1.6806
60.8145,522,1.6839
60.8190,521,1.6806
60.8233,522,1.6839
60.8276,522,1.6839
60.8319,522,1.6839
60.8362,521,1.6806
60.8405,522,1.6839
60.8447,522,1.6839
60.8490,523,1.6871
60.8533,522,1.6839
60.8576,523,1.6871
60.8618,523,1.6871
60.8661,524,1.6903
60.8704,524,1.6903
60.8746,524,1.6903
60.8790,524,1.6903
60.8832,524,1.6903
60.8875,525,1.6935
60.8918,525,1.6935
60.8961,525,1.6935
60.9004,526,1.6968
60.9046,525,1.6935
60.9089,525,1.6935
60.9131,524,1.6903
60.9174,523,1.6871
60.9216,522,1.6839
60.9259,524,1.6903
60.9302,526,1.6968
60.9344,525,1.6935
60.9387,525,1.6935
60.9430,527,1.7000
60.9472,533,1.7194
60.9515,544,1.7548
60.9557,559,1.8032
60.9600,573,1.8484
60.9643,585,1.8871
60.9686,597,1.9258
60.9729,604,1.9484
60.9772,611,1.9710
60.9816,615,1.9839
60.9859,613,1.9774
60.9902,607,1.9581
60.9945,598,1.9290
60.9988,588,1.8968
61.0031,577,1.8613
61.0074,564,1.8194
61.0117,550,1.7742
61.0160,534,1.7226
61.0203,520,1.6774
61.0246,508,1.6387
61.0289,504,1.6258
61.0332,504,1.6258
61.0375,506,1.6323
61.0418,506,1.6323
61.0461,505,1.6290
61.0503,504,1.6258
61.0546,505,1.6290
61.0589,506,1.6323
61.0632,506,1.6323
61.0675,505,1.6290
61.0718,505,1.6290
61.0761,505,1.6290
61.0804,507,1.6355
61.0847,506,1.6323
61.0890,506,1.6323
61.0933,505,1.6290
61.0976,505,1.6290
61.1019,502,1.6194
61.1062,487,1.5710
61.1105,457,1.4742
61.1148,426,1.3742
61.1191,434,1.4000
61.1234,507,1.6355
61.1277,638,2.0581
61.1321,810,2.6129
61.1364,993,3.2032
61.1407,999,3.2226
61.1450,1000,3.2258
61.1493,999,3.2226
61.1536,911,2.9387
61.1579,687,2.2161
61.1622,504,1.6258
61.1665,412,1.3290
61.1708,385,1.2419
61.1751,396,1.2774
61.1794,425,1.3710
61.1837,448,1.4452
61.1880,459,1.4806
61.1923,463,1.4935
61.1966,463,1.4935
61.2009,463,1.4935
61.2052,463,1.4935
61.2095,464,1.4968
61.2138,464,1.4968
61.2181,465,1.5000
61.2224,467,1.5065
61.2267,469,1.5129
61.2310,470,1.5161
61.2353,470,1.5161
61.2396,470,1.5161
61.2439,471,1.5194
61.2482,472,1.5226
61.2525,472,1.5226
61.2568,474,1.5290
61.2611,474,1.5290
61.2654,475,1.5323
61.2697,477,1.5387
61.2739,476,1.5355
61.2782,477,1.5387
61.2825,478,1.5419
61.2868,480,1.5484
61.2911,480,1.5484
61.2954,481,1.5516
61.2997,480,1.5484
61.3041,481,1.5516
61.3083,482,1.5548
61.3126,483,1.5581
61.3169,483,1.5581
61.3212,483,1.5581
61.3255,484,1.5613
61.3299,484,1.5613
61.3342,485,1.5645
61.3385,486,1.5677
61.3428,491,1.5839
61.3471,500,1.6129
61.3513,514,1.6581
61.3556,527,1.7000
61.3599,540,1.7419
61.3642,555,1.7903
61.3685,568,1.8323
61.3728,580,1.8710
61.3771,592,1.9097
61.3814,603,1.9452
61.3857,612,1.9742
61.3900,623,2.0097
61.3943,632,2.0387
61.3986,638,2.0581
61.4029,642,2.0710
61.4072,645,2.0806
61.4149,649,2.0935
61.4194,647,2.0871
61.4238,645,2.0806
61.4282,639,2.0613
61.4325,633,2.0419
61.4368,625,2.0161
61.4411,617,1.9903
61.4454,606,1.9548
61.4497,594,1.9161
61.4540,583,1.8806
61.4583,568,1.8323
61.4626,555,1.7903
61.4669,540,1.7419
61.4712,528,1.7032
61.4755,514,1.6581
61.4798,500,1.6129
61.4841,486,1.5677
61.4884,473,1.5258
61.4927,460,1.4839
61.4981,446,1.4387
61.5025,440,1.4194
61.5068,440,1.4194
61.5111,441,1.4226
61.5154,442,1.4258
61.5197,443,1.4290
61.5240,444,1.4323
61.5283,445,1.4355
61.5326,447,1.4419
61.5369,447,1.4419
61.5412,448,1.4452
61.5455,450,1.4516
61.5498,451,1.4548
61.5540,452,1.4581
61.5583,453,1.4613
61.5626,455,1.4677
61.5669,456,1.4710
61.5712,456,1.4710
61.5755,457,1.4742
61.5798,458,1.4774
61.5842,459,1.4806
61.5885,460,1.4839
61.5929,462,1.4903
61.5972,462,1.4903
61.6015,465,1.5000
61.6059,466,1.5032
61.6102,466,1.5032
61.6145,466,1.5032
61.6189,467,1.5065
61.6232,468,1.5097
61.6275,469,1.5129
61.6319,471,1.5194
61.6362,472,1.5226
61.6405,473,1.5258
61.6449,475,1.5323
61.6492,475,1.5323
61.6535,474,1.5290
61.6579,476,1.5355
61.6622,477,1.5387
61.6665,478,1.5419
61.6708,478,1.5419
61.6752,479,1.5452
61.6795,480,1.5484
61.6838,480,1.5484
61.6881,480,1.5484
61.6924,481,1.5516
61.6967,482,1.5548
61.7010,483,1.5581
61.7053,485,1.5645
61.7096,485,1.5645
61.7141,486,1.5677
61.7184,487,1.5710
61.7228,488,1.5742
61.7271,488,1.5742
61.7314,488,1.5742
61.7357,488,1.5742
61.7400,490,1.5806
61.7443,490,1.5806
61.7486,491,1.5839
61.7529,492,1.5871
61.7572,493,1.5903
61.7615,494,1.5935
61.7658,494,1.5935
61.7701,494,1.5935
61.7744,495,1.5968
61.7787,496,1.6000
61.7830,496,1.6000
61.7873,497,1.6032
61.7916,498,1.6065
61.7959,498,1.6065
61.8002,499,1.6097
61.8045,499,1.6097
61.8088,499,1.6097
61.8131,499,1.6097
61.8174,499,1.6097
61.8217,499,1.6097
61.8260,500,1.6129
61.8303,502,1.6194
61.8346,501,1.6161
61.8389,502,1.6194
61.8432,502,1.6194
61.8474,502,1.6194
61.8517,503,1.6226
61.8560,503,1.6226
61.8603,504,1.6258
61.8646,506,1.6323
61.8689,507,1.6355
61.8732,507,1.6355
61.8775,507,1.6355
61.8818,507,1.6355
61.8861,507,1.6355
61.8905,507,1.6355
61.8948,507,1.6355
61.8991,508,1.6387
61.9035,508,1.6387
61.9078,508,1.6387
61.9122,509,1.6419
61.9165,509,1.6419
61.9208,510,1.6452
61.9252,512,1.6516
61.9295,512,1.6516
61.9338,511,1.6484
61.9382,511,1.6484
61.9425,511,1.6484
61.9468,512,1.6516
61.9512,511,1.6484
61.9555,513,1.6548
61.9598,513,1.6548
61.9641,513,1.6548
61.9685,514,1.6581
61.9728,514,1.6581
61.9771,515,1.6613
61.9815,515,1.6613
61.9858,516,1.6645
61.9901,516,1.6645
61.9944,516,1.6645
61.9987,514,1.6581
62.0030,514,1.6581
62.0073,516,1.6645
62.0116,515,1.6613
62.0158,516,1.6645
62.0201,517,1.6677
62.0245,518,1.6710
62.0287,518,1.6710
62.0330,518,1.6710
62.0373,517,1.6677
62.0416,517,1.6677
62.0459,517,1.6677
62.0502,517,1.6677
62.0545,517,1.6677
62.0588,517,1.6677
62.0631,517,1.6677
62.0674,518,1.6710
62.0717,518,1.6710
62.0760,519,1.6742
62.0802,520,1.6774
62.0846,519,1.6742
62.0889,519,1.6742
62.0932,518,1.6710
62.0976,519,1.6742
62.1019,519,1.6742
62.1062,519,1.6742
62.1106,520,1.6774
62.1149,520,1.6774
62.1192,520,1.6774
62.1235,520,1.6774
62.1279,520,1.6774
62.1322,520,1.6774
62.1366,522,1.6839
62.1409,522,1.6839
62.1453,519,1.6742
62.1496,519,1.6742
62.1539,518,1.6710
62.1582,519,1.6742
62.1626,520,1.6774
62.1669,520,1.6774
62.1712,521,1.6806
62.1755,521,1.6806
62.1799,522,1.6839
62.1842,521,1.6806
62.1886,522,1.6839
62.1929,521,1.6806
62.1972,522,1.6839
62.2015,522,1.6839
62.2058,522,1.6839
62.2101,523,1.6871
62.2144,522,1.6839
62.2187,523,1.6871
62.2229,522,1.6839
62.2272,522,1.6839
62.2315,521,1.6806
62.2358,521,1.6806
62.2401,521,1.6806
62.2444,522,1.6839
62.2487,521,1.6806
62.2530,522,1.6839
62.2573,522,1.6839
62.2616,522,1.6839
62.2659,523,1.6871
62.2702,524,1.6903
62.2745,525,1.6935
62.2787,524,1.6903
62.2830,523,1.6871
62.2873,523,1.6871
62.2917,524,1.6903
62.2960,523,1.6871
62.3004,523,1.6871
62.3047,522,1.6839
62.3090,523,1.6871
62.3135,522,1.6839
62.3180,522,1.6839
62.3224,523,1.6871
62.3267,523,1.6871
62.3311,523,1.6871
62.3354,524,1.6903
62.3397,523,1.6871
62.3440,522,1.6839
62.3484,524,1.6903
62.3527,524,1.6903
62.3570,524,1.6903
62.3614,524,1.6903
62.3657,524,1.6903
62.3700,524,1.6903
62.3744,523,1.6871
62.3787,524,1.6903
62.3830,525,1.6935
62.3873,525,1.6935
62.3917,525,1.6935
62.3960,524,1.6903
62.4003,525,1.6935
62.4045,525,1.6935
62.4088,526,1.6968
62.4131,525,1.6935
62.4174,526,1.6968
62.4217,526,1.6968
62.4260,526,1.6968
62.4303,525,1.6935
62.4346,525,1.6935
62.4389,524,1.6903
62.4432,524,1.6903
62.4475,524,1.6903
62.4518,528,1.7032
62.4561,539,1.7387
62.4607,554,1.7871
62.4651,571,1.8419
62.4693,585,1.8871
62.4736,594,1.9161
62.4779,603,1.9452
62.4822,610,1.9677
62.4865,615,1.9839
62.4908,614,1.9806
62.4952,610,1.9677
62.4995,602,1.9419
62.5039,591,1.9065
62.5082,577,1.8613
62.5125,564,1.8194
62.5169,548,1.7677
62.5212,533,1.7194
62.5255,519,1.6742
62.5298,508,1.6387
62.5342,504,1.6258
62.5385,503,1.6226
62.5429,503,1.6226
62.5472,504,1.6258
62.5515,505,1.6290
62.5558,505,1.6290
62.5602,505,1.6290
62.5645,506,1.6323
62.5688,507,1.6355
62.5731,508,1.6387
62.5775,508,1.6387
62.5818,508,1.6387
62.5861,507,1.6355
62.5905,508,1.6387
62.5948,508,1.6387
62.5991,509,1.6419
62.6034,508,1.6387
62.6077,502,1.6194
62.6121,481,1.5516
62.6165,448,1.4452
62.6209,425,1.3710
62.6252,450,1.4516
62.6295,537,1.7323
62.6338,679,2.1903
62.6381,856,2.7613
62.6424,999,3.2226
62.6467,999,3.2226
62.6510,1001,3.2290
62.6553,997,3.2161
62.6596,873,2.8161
62.6639,646,2.0839
62.6682,481,1.5516
62.6725,404,1.3032
62.6768,387,1.2484
62.6811,402,1.2968
62.6854,432,1.3935
62.6897,453,1.4613
62.6940,460,1.4839
62.6983,463,1.4935
62.7026,463,1.4935
62.7069,465,1.5000
62.7111,466,1.5032
62.7154,466,1.5032
62.7197,466,1.5032
62.7240,467,1.5065
62.7283,468,1.5097
62.7326,469,1.5129
62.7369,471,1.5194
62.7412,471,1.5194
62.7455,471,1.5194
62.7498,470,1.5161
62.7541,472,1.5226
62.7584,473,1.5258
62.7627,474,1.5290
62.7670,476,1.5355
62.7712,477,1.5387
62.7756,476,1.5355
62.7799,476,1.5355
62.7842,477,1.5387
62.7886,478,1.5419
62.7929,478,1.5419
62.7973,480,1.5484
62.8016,480,1.5484
62.8060,480,1.5484
62.8103,480,1.5484
62.8146,482,1.5548
62.8189,483,1.5581
62.8233,484,1.5613
62.8276,483,1.5581
62.8319,485,1.5645
62.8362,485,1.5645
62.8406,485,1.5645
62.8449,486,1.5677
62.8493,494,1.5935
62.8536,506,1.6323
62.8579,519,1.6742
62.8623,534,1.7226
62.8666,547,1.7645
62.8709,560,1.8065
62.8753,572,1.8452
62.8796,585,1.8871
62.8839,596,1.9226
62.8883,606,1.9548
62.8926,617,1.9903
62.8969,625,2.0161
62.9012,634,2.0452
62.9055,640,2.0645
62.9098,645,2.0806
62.9141,648,2.0903
62.9184,649,2.0935
62.9227,650,2.0968
62.9270,647,2.0871
62.9313,643,2.0742
62.9356,636,2.0516
62.9399,630,2.0323
62.9441,622,2.0065
62.9485,613,1.9774
62.9528,601,1.9387
62.9570,589,1.9000
62.9613,578,1.8645
62.9656,564,1.8194
62.9699,550,1.7742
62.9742,535,1.7258
62.9785,521,1.6806
62.9828,508,1.6387
62.9871,494,1.5935
62.9914,480,1.5484
62.9957,468,1.5097
63.0001,455,1.4677
63.0044,445,1.4355
63.0087,441,1.4226
63.0131,440,1.4194
63.0174,440,1.4194
63.0217,441,1.4226
63.0260,444,1.4323
63.0304,445,1.4355
63.0347,447,1.4419
63.0390,448,1.4452
63.0434,449,1.4484
63.0477,452,1.4581
63.0521,453,1.4613
63.0565,454,1.4645
63.0608,455,1.4677
63.0651,454,1.4645
63.0694,455,1.4677
63.0738,456,1.4710
63.0781,458,1.4774
63.0824,460,1.4839
63.0867,460,1.4839
63.0912,461,1.4871
63.0955,462,1.4903
63.0998,464,1.4968
63.1041,464,1.4968
63.1084,465,1.5000
63.1128,466,1.5032
63.1170,467,1.5065
63.1213,468,1.5097
63.1256,469,1.5129
63.1299,469,1.5129
63.1342,470,1.5161
63.1385,473,1.5258
63.1428,475,1.5323
63.1471,475,1.5323
63.1514,475,1.5323
63.1557,476,1.5355
63.1600,476,1.5355
63.1643,477,1.5387
63.1685,478,1.5419
63.1729,478,1.5419
63.1771,479,1.5452
63.1814,480,1.5484
63.1857,481,1.5516
63.1900,482,1.5548
63.1943,482,1.5548
63.1987,483,1.5581
63.2030,485,1.5645
63.2073,486,1.5677
63.2117,486,1.5677
63.2161,487,1.5710
63.2205,487,1.5710
63.2249,487,1.5710
63.2292,488,1.5742
63.2336,489,1.5774
63.2380,490,1.5806
63.2423,490,1.5806
63.2466,490,1.5806
63.2510,491,1.5839
63.2553,493,1.5903
63.2597,494,1.5935
63.2640,495,1.5968
63.2683,494,1.5935
63.2726,493,1.5903
63.2770,494,1.5935
63.2813,495,1.5968
63.2856,496,1.6000
63.2899,497,1.6032
63.2943,497,1.6032
63.2986,499,1.6097
63.3029,498,1.6065
63.3072,499,1.6097
63.3115,500,1.6129
63.3158,500,1.6129
63.3201,499,1.6097
63.3244,500,1.6129
63.3287,501,1.6161
63.3330,502,1.6194
63.3373,502,1.6194
63.3416,501,1.6161
63.3459,501,1.6161
63.3502,502,1.6194
63.3544,502,1.6194
63.3588,503,1.6226
63.3630,503,1.6226
63.3673,504,1.6258
63.3716,505,1.6290
63.3759,505,1.6290
63.3802,505,1.6290
63.3846,505,1.6290
63.3890,507,1.6355
63.3932,508,1.6387
63.3975,509,1.6419
63.4019,509,1.6419
63.4062,510,1.6452
63.4106,509,1.6419
63.4149,510,1.6452
63.4192,510,1.6452
63.4236,510,1.6452
63.4279,510,1.6452
63.4323,510,1.6452
63.4366,511,1.6484
63.4409,512,1.6516
63.4453,512,1.6516
63.4496,513,1.6548
63.4539,512,1.6516
63.4583,513,1.6548
63.4626,514,1.6581
63.4669,514,1.6581
63.4713,513,1.6548
63.4756,513,1.6548
63.4799,512,1.6516
63.4842,512,1.6516
63.4886,513,1.6548
63.4929,514,1.6581
63.4973,513,1.6548
63.5016,514,1.6581
63.5059,515,1.6613
63.5103,514,1.6581
63.5147,516,1.6645
63.5190,515,1.6613
63.5234,515,1.6613
63.5277,515,1.6613
63.5320,515,1.6613
63.5363,514,1.6581
63.5405,514,1.6581
63.5448,515,1.6613
63.5491,516,1.6645
63.5535,515,1.6613
63.5578,515,1.6613
63.5621,517,1.6677
63.5664,518,1.6710
63.5707,518,1.6710
63.5750,518,1.6710
63.5793,517,1.6677
63.5836,518,1.6710
63.5879,516,1.6645
63.5922,518,1.6710
63.5965,518,1.6710
63.6008,518,1.6710
63.6051,519,1.6742
63.6094,519,1.6742
63.6137,519,1.6742
63.6180,518,1.6710
63.6223,519,1.6742
63.6266,519,1.6742
63.6309,520,1.6774
63.6352,518,1.6710
63.6395,519,1.6742
63.6438,520,1.6774
63.6481,520,1.6774
63.6524,519,1.6742
63.6566,520,1.6774
63.6609,519,1.6742
63.6652,519,1.6742
63.6695,520,1.6774
63.6738,519,1.6742
63.6781,520,1.6774
63.6824,520,1.6774
63.6867,521,1.6806
63.6910,522,1.6839
63.6953,521,1.6806
63.6996,520,1.6774
63.7039,521,1.6806
63.7083,521,1.6806
63.7126,521,1.6806
63.7169,520,1.6774
63.7212,519,1.6742
63.7256,519,1.6742
63.7299,519,1.6742
63.7342,521,1.6806
63.7386,520,1.6774
63.7429,520,1.6774
63.7472,521,1.6806
63.7515,521,1.6806
63.7559,521,1.6806
63.7602,519,1.6742
63.7645,520,1.6774
63.7689,521,1.6806
63.7732,522,1.6839
63.7775,522,1.6839
63.7819,522,1.6839
63.7862,522,1.6839
63.7905,523,1.6871
63.7949,523,1.6871
63.7993,524,1.6903
63.8036,524,1.6903
63.8079,525,1.6935
63.8122,524,1.6903
63.8165,522,1.6839
63.8208,522,1.6839
63.8251,521,1.6806
63.8294,521,1.6806
63.8337,521,1.6806
63.8380,521,1.6806
63.8423,521,1.6806
63.8466,521,1.6806
63.8509,521,1.6806
63.8552,522,1.6839
63.8595,521,1.6806
63.8637,522,1.6839
63.8680,524,1.6903
63.8723,523,1.6871
63.8766,523,1.6871
63.8809,522,1.6839
63.8852,523,1.6871
63.8895,521,1.6806
63.8938,521,1.6806
63.8981,522,1.6839
63.9024,523,1.6871
63.9067,524,1.6903
63.9111,524,1.6903
63.9154,523,1.6871
63.9197,523,1.6871
63.9241,523,1.6871
63.9284,523,1.6871
63.9327,522,1.6839
63.9371,521,1.6806
63.9414,521,1.6806
63.9457,522,1.6839
63.9500,523,1.6871
63.9544,532,1.7161
63.9587,545,1.7581
63.9630,559,1.8032
63.9674,574,1.8516
63.9717,587,1.8935
63.9760,597,1.9258
63.9804,605,1.9516
63.9848,611,1.9710
63.9892,613,1.9774
63.9935,611,1.9710
63.9979,605,1.9516
64.0023,600,1.9355
64.0066,595,1.9194
64.0109,585,1.8871
64.0152,571,1.8419
64.0195,556,1.7935
64.0238,541,1.7452
64.0281,527,1.7000
64.0324,513,1.6548
64.0367,505,1.6290
64.0410,502,1.6194
64.0453,503,1.6226
64.0495,503,1.6226
64.0538,505,1.6290
64.0582,504,1.6258
64.0625,505,1.6290
64.0667,506,1.6323
64.0710,505,1.6290
64.0753,505,1.6290
64.0796,506,1.6323
64.0839,506,1.6323
64.0882,507,1.6355
64.0925,507,1.6355
64.0968,508,1.6387
64.1011,506,1.6323
64.1054,506,1.6323
64.1098,506,1.6323
64.1141,497,1.6032
64.1186,471,1.5194
64.1230,437,1.4097
64.1274,423,1.3645
64.1317,469,1.5129
64.1361,579,1.8677
64.1404,740,2.3871
64.1447,923,2.9774
64.1491,1001,3.2290
64.1534,1002,3.2323
64.1577,999,3.2226
64.1621,975,3.1452
64.1665,780,2.5161
64.1708,564,1.8194
64.1751,437,1.4097
64.1795,390,1.2581
64.1838,390,1.2581
64.1881,416,1.3419
64.1925,443,1.4290
64.1968,457,1.4742
64.2012,462,1.4903
64.2055,462,1.4903
64.2098,461,1.4871
64.2141,462,1.4903
64.2184,463,1.4935
64.2227,464,1.4968
64.2270,465,1.5000
64.2348,468,1.5097
64.2391,468,1.5097
64.2435,468,1.5097
64.2478,469,1.5129
64.2521,469,1.5129
64.2564,472,1.5226
64.2607,474,1.5290
64.2650,473,1.5258
64.2693,475,1.5323
64.2736,475,1.5323
64.2778,475,1.5323
64.2822,476,1.5355
64.2865,476,1.5355
64.2907,477,1.5387
64.2950,478,1.5419
64.2993,478,1.5419
64.3037,480,1.5484
64.3080,480,1.5484
64.3124,480,1.5484
64.3167,481,1.5516
64.3210,480,1.5484
64.3254,482,1.5548
64.3297,483,1.5581
64.3340,483,1.5581
64.3384,484,1.5613
64.3427,484,1.5613
64.3470,486,1.5677
64.3514,489,1.5774
64.3557,497,1.6032
64.3600,509,1.6419
64.3644,522,1.6839
64.3687,536,1.7290
64.3730,550,1.7742
64.3773,563,1.8161
64.3817,575,1.8548
64.3860,587,1.8935
64.3903,599,1.9323
64.3947,609,1.9645
64.3990,619,1.9968
64.4033,627,2.0226
64.4077,637,2.0548
64.4120,642,2.0710
64.4164,647,2.0871
64.4208,648,2.0903
64.4251,648,2.0903
64.4295,649,2.0935
64.4338,646,2.0839
64.4380,642,2.0710
64.4423,635,2.0484
64.4466,627,2.0226
64.4509,618,1.9935
64.4552,608,1.9613
64.4595,597,1.9258
64.4638,585,1.8871
64.4681,572,1.8452
64.4724,558,1.8000
64.4767,543,1.7516
64.4810,528,1.7032
64.4853,515,1.6613
64.4896,501,1.6161
64.4939,487,1.5710
64.4983,474,1.5290
64.5025,461,1.4871
64.5068,449,1.4484
64.5112,442,1.4258
64.5155,439,1.4161
64.5197,439,1.4161
64.5240,441,1.4226
64.5283,443,1.4290
64.5326,444,1.4323
64.5369,446,1.4387
64.5412,447,1.4419
64.5455,449,1.4484
64.5498,450,1.4516
64.5541,452,1.4581
64.5584,453,1.4613
64.5627,454,1.4645
64.5670,455,1.4677
64.5713,456,1.4710
64.5756,457,1.4742
64.5799,459,1.4806
64.5842,460,1.4839
64.5885,461,1.4871
64.5928,461,1.4871
64.5971,461,1.4871
64.6014,462,1.4903
64.6057,464,1.4968
64.6100,465,1.5000
64.6143,466,1.5032
64.6187,466,1.5032
64.6230,467,1.5065
64.6273,469,1.5129
64.6317,470,1.5161
64.6360,471,1.5194
64.6403,471,1.5194
64.6446,472,1.5226
64.6490,474,1.5290
64.6533,475,1.5323
64.6576,475,1.5323
64.6620,476,1.5355
64.6663,477,1.5387
64.6706,477,1.5387
64.6750,478,1.5419
64.6793,479,1.5452
64.6836,480,1.5484
64.6879,481,1.5516
64.6923,481,1.5516
64.6966,481,1.5516
64.7009,482,1.5548
64.7053,483,1.5581
64.7096,483,1.5581
64.7139,483,1.5581
64.7182,485,1.5645
64.7225,486,1.5677
64.7268,487,1.5710
64.7311,487,1.5710
64.7354,488,1.5742
64.7397,488,1.5742
64.7440,488,1.5742
64.7482,489,1.5774
64.7525,489,1.5774
64.7568,489,1.5774
64.7611,491,1.5839
64.7654,492,1.5871
64.7697,494,1.5935
64.7740,494,1.5935
64.7783,494,1.5935
64.7826,496,1.6000
64.7869,496,1.6000
64.7912,496,1.6000
64.7955,496,1.6000
64.7998,496,1.6000
64.8041,498,1.6065
64.8085,498,1.6065
64.8128,499,1.6097
64.8172,500,1.6129
64.8215,500,1.6129
64.8258,501,1.6161
64.8301,501,1.6161
64.8345,500,1.6129
64.8388,500,1.6129
64.8431,501,1.6161
64.8475,502,1.6194
64.8518,503,1.6226
64.8561,502,1.6194
64.8604,503,1.6226
64.8648,504,1.6258
64.8691,504,1.6258
64.8734,505,1.6290
64.8778,505,1.6290
64.8822,505,1.6290
64.8865,507,1.6355
64.8908,507,1.6355
64.8951,507,1.6355
64.8995,507,1.6355
64.9038,509,1.6419
64.9081,509,1.6419
64.9125,508,1.6387
64.9168,509,1.6419
64.9211,509,1.6419
64.9254,510,1.6452
64.9297,510,1.6452
64.9340,510,1.6452
64.9383,510,1.6452
64.9426,509,1.6419
64.9468,510,1.6452
64.9511,510,1.6452
64.9554,510,1.6452
64.9597,512,1.6516
64.9640,512,1.6516
64.9683,512,1.6516
64.9726,513,1.6548
64.9769,512,1.6516
64.9812,512,1.6516
64.9855,512,1.6516
64.9898,512,1.6516
64.9941,512,1.6516
64.9984,513,1.6548
65.0027,514,1.6581
65.0070,514,1.6581
65.0113,515,1.6613
65.0158,515,1.6613
65.0202,515,1.6613
65.0246,514,1.6581
65.0289,515,1.6613
65.0333,516,1.6645
65.0376,517,1.6677
65.0419,518,1.6710
65.0462,518,1.6710
65.0506,518,1.6710
65.0555,517,1.6677
65.0600,515,1.6613
65.0646,515,1.6613
65.0691,517,1.6677
65.0736,517,1.6677
65.0782,517,1.6677
65.0827,518,1.6710
65.0872,519,1.6742
65.0916,521,1.6806
65.0959,521,1.6806
65.1002,520,1.6774
65.1046,521,1.6806
65.1089,519,1.6742
65.1132,519,1.6742
65.1175,520,1.6774
65.1218,520,1.6774
65.1261,520,1.6774
65.1304,521,1.6806
65.1346,520,1.6774
65.1389,521,1.6806
65.1431,522,1.6839
65.1474,521,1.6806
65.1517,520,1.6774
65.1559,520,1.6774
65.1602,520,1.6774
65.1645,520,1.6774
65.1688,521,1.6806
65.1730,521,1.6806
65.1773,522,1.6839
65.1815,522,1.6839
65.1859,521,1.6806
65.1902,522,1.6839
65.1945,522,1.6839
65.1988,521,1.6806
65.2030,522,1.6839
65.2073,523,1.6871
65.2116,522,1.6839
65.2159,521,1.6806
65.2202,522,1.6839
65.2245,521,1.6806
65.2289,520,1.6774
65.2332,521,1.6806
65.2375,521,1.6806
65.2419,522,1.6839
65.2462,522,1.6839
65.2505,522,1.6839
65.2549,523,1.6871
65.2592,522,1.6839
65.2635,521,1.6806
65.2678,523,1.6871
65.2722,523,1.6871
65.2766,523,1.6871
65.2809,522,1.6839
65.2852,523,1.6871
65.2895,523,1.6871
65.2939,522,1.6839
65.2982,524,1.6903
65.3025,523,1.6871
65.3069,524,1.6903
65.3113,524,1.6903
65.3158,525,1.6935
65.3202,523,1.6871
65.3246,523,1.6871
65.3289,523,1.6871
65.3332,523,1.6871
65.3375,522,1.6839
65.3418,523,1.6871
65.3461,525,1.6935
65.3504,524,1.6903
65.3547,525,1.6935
65.3590,525,1.6935
65.3633,525,1.6935
65.3676,525,1.6935
65.3719,524,1.6903
65.3762,524,1.6903
65.3805,523,1.6871
65.3847,523,1.6871
65.3890,523,1.6871
65.3933,524,1.6903
65.3976,524,1.6903
65.4019,524,1.6903
65.4062,524,1.6903
65.4105,525,1.6935
65.4149,525,1.6935
65.4192,525,1.6935
65.4235,524,1.6903
65.4277,525,1.6935
65.4321,525,1.6935
65.4364,524,1.6903
65.4407,523,1.6871
65.4450,523,1.6871
65.4492,524,1.6903
65.4535,524,1.6903
65.4578,523,1.6871
65.4622,529,1.7065
65.4664,539,1.7387
65.4707,554,1.7871
65.4750,569,1.8355
65.4793,583,1.8806
65.4836,592,1.9097
65.4879,602,1.9419
65.4922,609,1.9645
65.4966,613,1.9774
65.5009,613,1.9774
65.5051,608,1.9613
65.5094,601,1.9387
65.5137,592,1.9097
65.5180,578,1.8645
65.5224,563,1.8161
65.5267,549,1.7710
65.5310,534,1.7226
65.5353,520,1.6774
65.5397,508,1.6387
65.5440,502,1.6194
65.5483,501,1.6161
65.5527,503,1.6226
65.5570,504,1.6258
65.5613,503,1.6226
65.5657,505,1.6290
65.5700,506,1.6323
65.5743,506,1.6323
65.5787,507,1.6355
65.5830,507,1.6355
65.5873,506,1.6323
65.5917,506,1.6323
65.5960,506,1.6323
65.6003,507,1.6355
65.6047,506,1.6323
65.6090,506,1.6323
65.6133,505,1.6290
65.6178,500,1.6129
65.6222,481,1.5516
65.6265,449,1.4484
65.6308,424,1.3677
65.6351,443,1.4290
65.6394,527,1.7000
65.6437,665,2.1452
65.6480,839,2.7065
65.6522,998,3.2194
65.6565,1002,3.2323
65.6608,1000,3.2258
65.6651,998,3.2194
65.6694,887,2.8613
65.6737,663,2.1387
65.6780,490,1.5806
65.6823,407,1.3129
65.6866,385,1.2419
65.6909,399,1.2871
65.6952,427,1.3774
65.6995,450,1.4516
65.7038,460,1.4839
65.7081,463,1.4935
65.7124,464,1.4968
65.7167,465,1.5000
65.7210,465,1.5000
65.7253,465,1.5000
65.7297,466,1.5032
65.7340,466,1.5032
65.7383,467,1.5065
65.7426,468,1.5097
65.7469,469,1.5129
65.7512,470,1.5161
65.7555,470,1.5161
65.7598,471,1.5194
65.7641,473,1.5258
65.7683,474,1.5290
65.7726,474,1.5290
65.7769,475,1.5323
65.7812,476,1.5355
65.7855,477,1.5387
65.7898,478,1.5419
65.7941,478,1.5419
65.7984,478,1.5419
65.8027,479,1.5452
65.8070,480,1.5484
65.8113,480,1.5484
65.8156,480,1.5484
65.8199,481,1.5516
65.8242,482,1.5548
65.8286,483,1.5581
65.8329,484,1.5613
65.8371,485,1.5645
65.8414,484,1.5613
65.8457,486,1.5677
65.8500,486,1.5677
65.8543,486,1.5677
65.8585,486,1.5677
65.8628,487,1.5710
65.8671,494,1.5935
65.8714,505,1.6290
65.8757,518,1.6710
65.8800,531,1.7129
65.8843,544,1.7548
65.8886,557,1.7968
65.8929,570,1.8387
65.8971,583,1.8806
65.9014,595,1.9194
65.9058,605,1.9516
65.9100,614,1.9806
65.9144,624,2.0129
65.9188,630,2.0323
65.9232,638,2.0581
65.9276,642,2.0710
65.9319,645,2.0806
65.9362,648,2.0903
65.9405,650,2.0968
65.9448,650,2.0968
65.9491,647,2.0871
65.9534,641,2.0677
65.9577,633,2.0419
65.9620,626,2.0194
65.9662,617,1.9903
65.9706,607,1.9581
65.9748,594,1.9161
65.9791,580,1.8710
65.9834,568,1.8323
65.9877,556,1.7935
65.9921,541,1.7452
65.9964,528,1.7032
66.0007,513,1.6548
66.0054,497,1.6032
66.0097,484,1.5613
66.0141,472,1.5226
66.0184,459,1.4806
66.0227,447,1.4419
66.0270,441,1.4226
66.0313,439,1.4161
66.0356,439,1.4161
66.0399,441,1.4226
66.0442,443,1.4290
66.0485,445,1.4355
66.0528,446,1.4387
66.0571,446,1.4387
66.0614,447,1.4419
66.0656,450,1.4516
66.0699,452,1.4581
66.0742,452,1.4581
66.0785,454,1.4645
66.0828,455,1.4677
66.0871,457,1.4742
66.0914,458,1.4774
66.0957,459,1.4806
66.1000,458,1.4774
66.1043,459,1.4806
66.1086,461,1.4871
66.1129,463,1.4935
66.1172,464,1.4968
66.1215,464,1.4968
66.1258,466,1.5032
66.1301,467,1.5065
66.1345,467,1.5065
66.1388,467,1.5065
66.1431,468,1.5097
66.1474,469,1.5129
66.1518,471,1.5194
66.1561,472,1.5226
66.1604,473,1.5258
66.1648,474,1.5290
66.1691,475,1.5323
66.1734,476,1.5355
66.1778,476,1.5355
66.1822,479,1.5452
66.1865,479,1.5452
66.1908,479,1.5452
66.1952,480,1.5484
66.1995,480,1.5484
66.2038,481,1.5516
66.2082,483,1.5581
66.2125,483,1.5581
66.2170,484,1.5613
66.2215,483,1.5581
66.2259,484,1.5613
66.2303,484,1.5613
66.2346,485,1.5645
66.2390,485,1.5645
66.2433,486,1.5677
66.2476,487,1.5710
66.2524,487,1.5710
66.2568,489,1.5774
66.2611,489,1.5774
66.2654,491,1.5839
66.2696,491,1.5839
66.2739,491,1.5839
66.2783,492,1.5871
66.2826,492,1.5871
66.2869,493,1.5903
66.2912,494,1.5935
66.2955,495,1.5968
66.2998,497,1.6032
66.3041,496,1.6000
66.3084,496,1.6000
66.3127,497,1.6032
66.3170,498,1.6065
66.3214,499,1.6097
66.3258,498,1.6065
66.3301,499,1.6097
66.3346,499,1.6097
66.3389,501,1.6161
66.3432,501,1.6161
66.3475,502,1.6194
66.3518,503,1.6226
66.3561,503,1.6226
66.3604,502,1.6194
66.3647,501,1.6161
66.3690,502,1.6194
66.3733,504,1.6258
66.3776,503,1.6226
66.3819,502,1.6194
66.3862,503,1.6226
66.3905,505,1.6290
66.3948,505,1.6290
66.3991,506,1.6323
66.4035,506,1.6323
66.4078,505,1.6290
66.4121,506,1.6323
66.4167,507,1.6355
66.4211,508,1.6387
66.4254,509,1.6419
66.4297,508,1.6387
66.4340,509,1.6419
66.4383,508,1.6387
66.4426,508,1.6387
66.4469,508,1.6387
66.4512,509,1.6419
66.4555,510,1.6452
66.4598,510,1.6452
66.4641,512,1.6516
66.4684,511,1.6484
66.4727,511,1.6484
66.4770,511,1.6484
66.4813,510,1.6452
66.4857,512,1.6516
66.4899,514,1.6581
66.4942,515,1.6613
66.4989,514,1.6581
66.5033,514,1.6581
66.5076,514,1.6581
66.5119,514,1.6581
66.5162,515,1.6613
66.5205,515,1.6613
66.5248,516,1.6645
66.5291,516,1.6645
66.5335,515,1.6613
66.5378,517,1.6677
66.5421,517,1.6677
66.5464,516,1.6645
66.5507,514,1.6581
66.5550,515,1.6613
66.5593,516,1.6645
66.5636,516,1.6645
66.5679,516,1.6645
66.5722,517,1.6677
66.5765,518,1.6710
66.5811,518,1.6710
66.5854,517,1.6677
66.5897,519,1.6742
66.5940,518,1.6710
66.5983,518,1.6710
66.6026,518,1.6710
66.6069,518,1.6710
66.6112,519,1.6742
66.6155,520,1.6774
66.6198,519,1.6742
66.6241,519,1.6742
66.6285,520,1.6774
66.6328,520,1.6774
66.6371,521,1.6806
66.6414,520,1.6774
66.6457,519,1.6742
66.6500,520,1.6774
66.6543,521,1.6806
66.6586,521,1.6806
66.6629,521,1.6806
66.6672,522,1.6839
66.6715,522,1.6839
66.6758,520,1.6774
66.6801,521,1.6806
66.6845,521,1.6806
66.6888,521,1.6806
66.6931,522,1.6839
66.6974,523,1.6871
66.7017,521,1.6806
66.7060,522,1.6839
66.7103,523,1.6871
66.7146,522,1.6839
66.7189,523,1.6871
66.7232,522,1.6839
66.7275,522,1.6839
66.7318,522,1.6839
66.7361,522,1.6839
66.7404,523,1.6871
66.7447,523,1.6871
66.7491,523,1.6871
66.7534,521,1.6806
66.7576,523,1.6871
66.7619,523,1.6871
66.7662,522,1.6839
66.7706,521,1.6806
66.7749,521,1.6806
66.7791,522,1.6839
66.7834,523,1.6871
66.7878,523,1.6871
66.7922,521,1.6806
66.7964,523,1.6871
66.8007,522,1.6839
66.8056,522,1.6839
66.8099,521,1.6806
66.8143,523,1.6871
66.8187,522,1.6839
66.8231,523,1.6871
66.8275,521,1.6806
66.8318,522,1.6839
66.8361,522,1.6839
66.8404,522,1.6839
66.8447,522,1.6839
66.8490,523,1.6871
66.8534,522,1.6839
66.8576,523,1.6871
66.8619,524,1.6903
66.8662,524,1.6903
66.8705,524,1.6903
66.8749,523,1.6871
66.8792,523,1.6871
66.8835,524,1.6903
66.8878,524,1.6903
66.8922,524,1.6903
66.8965,522,1.6839
66.9007,521,1.6806
66.9050,523,1.6871
66.9093,522,1.6839
66.9137,523,1.6871
66.9180,524,1.6903
66.9222,523,1.6871
66.9265,524,1.6903
66.9310,524,1.6903
66.9354,523,1.6871
66.9397,523,1.6871
66.9439,524,1.6903
66.9482,524,1.6903
66.9525,525,1.6935
66.9567,523,1.6871
66.9610,524,1.6903
66.9653,523,1.6871
66.9695,524,1.6903
66.9738,528,1.7032
66.9781,536,1.7290
66.9823,550,1.7742
66.9866,565,1.8226
66.9910,579,1.8677
66.9953,590,1.9032
66.9995,600,1.9355
67.0038,607,1.9581
67.0080,613,1.9774
67.0123,614,1.9806
67.0166,611,1.9710
67.0209,604,1.9484
67.0251,594,1.9161
67.0294,581,1.8742
67.0337,566,1.8258
67.0380,551,1.7774
67.0423,536,1.7290
67.0466,523,1.6871
67.0509,511,1.6484
67.0552,505,1.6290
67.0595,504,1.6258
67.0638,505,1.6290
67.0681,505,1.6290
67.0724,505,1.6290
67.0767,505,1.6290
67.0810,505,1.6290
67.0853,505,1.6290
67.0896,505,1.6290
67.0939,506,1.6323
67.0982,506,1.6323
67.1025,506,1.6323
67.1068,508,1.6387
67.1110,508,1.6387
67.1153,508,1.6387
67.1198,508,1.6387
67.1241,507,1.6355
67.1285,504,1.6258
67.1328,491,1.5839
67.1371,462,1.4903
67.1415,430,1.3871
67.1457,431,1.3903
67.1500,493,1.5903
67.1543,614,1.9806
67.1586,777,2.5065
67.1628,959,3.0935
67.1671,999,3.2226
67.1713,1001,3.2290
67.1756,1000,3.2258
67.1799,956,3.0839
67.1842,752,2.4258
67.1884,548,1.7677
67.1927,432,1.3935
67.1970,390,1.2581
67.2012,390,1.2581
67.2055,417,1.3452
67.2098,444,1.4323
67.2140,458,1.4774
67.2183,463,1.4935
67.2226,464,1.4968
67.2269,462,1.4903
67.2311,463,1.4935
67.2354,464,1.4968
67.2397,464,1.4968
67.2440,465,1.5000
67.2483,467,1.5065
67.2526,468,1.5097
67.2569,469,1.5129
67.2612,470,1.5161
67.2655,471,1.5194
67.2698,472,1.5226
67.2741,474,1.5290
67.2784,474,1.5290
67.2827,474,1.5290
67.2870,474,1.5290
67.2913,476,1.5355
67.2956,476,1.5355
67.3000,478,1.5419
67.3042,478,1.5419
67.3086,479,1.5452
67.3129,479,1.5452
67.3172,479,1.5452
67.3215,480,1.5484
67.3258,481,1.5516
67.3301,482,1.5548
67.3345,483,1.5581
67.3388,484,1.5613
67.3431,484,1.5613
67.3474,484,1.5613
67.3516,485,1.5645
67.3559,486,1.5677
67.3602,486,1.5677
67.3645,487,1.5710
67.3688,488,1.5742
67.3731,492,1.5871
67.3774,502,1.6194
67.3817,513,1.6548
67.3860,526,1.6968
67.3903,540,1.7419
67.3946,554,1.7871
67.3989,566,1.8258
67.4032,580,1.8710
67.4075,592,1.9097
67.4118,602,1.9419
67.4161,612,1.9742
67.4204,621,2.0032
67.4247,630,2.0323
67.4290,638,2.0581
67.4333,643,2.0742
67.4376,646,2.0839
67.4419,648,2.0903
67.4462,650,2.0968
67.4505,650,2.0968
67.4548,646,2.0839
67.4591,639,2.0613
67.4634,633,2.0419
67.4677,623,2.0097
67.4720,616,1.9871
67.4763,605,1.9516
67.4806,594,1.9161
67.4849,581,1.8742
67.4893,569,1.8355
67.4936,555,1.7903
67.4980,541,1.7452
67.5023,526,1.6968
67.5066,513,1.6548
67.5109,499,1.6097
67.5152,486,1.5677
67.5195,472,1.5226
67.5238,460,1.4839
67.5281,448,1.4452
67.5324,442,1.4258
67.5367,439,1.4161
67.5410,441,1.4226
67.5453,442,1.4258
67.5496,444,1.4323
67.5539,445,1.4355
67.5582,447,1.4419
67.5625,448,1.4452
67.5668,450,1.4516
67.5711,451,1.4548
67.5753,452,1.4581
67.5797,452,1.4581
67.5840,453,1.4613
67.5883,454,1.4645
67.5925,457,1.4742
67.5968,459,1.4806
67.6011,460,1.4839
67.6055,459,1.4806
67.6097,462,1.4903
67.6141,461,1.4871
67.6184,462,1.4903
67.6227,462,1.4903
67.6270,462,1.4903
67.6313,463,1.4935
67.6356,465,1.5000
67.6399,468,1.5097
67.6442,469,1.5129
67.6485,469,1.5129
67.6528,469,1.5129
67.6571,470,1.5161
67.6614,471,1.5194
67.6657,472,1.5226
67.6700,472,1.5226
67.6743,473,1.5258
67.6786,473,1.5258
67.6829,474,1.5290
67.6872,475,1.5323
67.6915,477,1.5387
67.6958,478,1.5419
67.7001,478,1.5419
67.7044,478,1.5419
67.7087,479,1.5452
67.7130,480,1.5484
67.7174,481,1.5516
67.7218,481,1.5516
67.7262,482,1.5548
67.7305,482,1.5548
67.7348,484,1.5613
67.7391,484,1.5613
67.7434,485,1.5645
67.7477,486,1.5677
67.7519,486,1.5677
67.7562,487,1.5710
67.7605,488,1.5742
67.7648,490,1.5806
67.7690,491,1.5839
67.7737,491,1.5839
67.7780,491,1.5839
67.7822,493,1.5903
67.7865,493,1.5903
67.7907,494,1.5935
67.7950,493,1.5903
67.7993,493,1.5903
67.8036,494,1.5935
67.8078,495,1.5968
67.8121,496,1.6000
67.8164,497,1.6032
67.8206,498,1.6065
67.8249,499,1.6097
67.8291,500,1.6129
67.8334,500,1.6129
67.8377,501,1.6161
67.8420,500,1.6129
67.8463,501,1.6161
67.8506,501,1.6161
67.8549,502,1.6194
67.8592,503,1.6226
67.8635,502,1.6194
67.8678,502,1.6194
67.8721,504,1.6258
67.8764,505,1.6290
67.8807,505,1.6290
67.8850,505,1.6290
67.8893,505,1.6290
67.8936,506,1.6323
67.8980,506,1.6323
67.9022,507,1.6355
67.9065,507,1.6355
67.9108,508,1.6387
67.9151,508,1.6387
67.9194,509,1.6419
67.9237,509,1.6419
67.9280,509,1.6419
67.9323,511,1.6484
67.9366,511,1.6484
67.9409,510,1.6452
67.9452,510,1.6452
67.9494,511,1.6484
67.9537,510,1.6452
67.9580,510,1.6452
67.9622,510,1.6452
67.9665,510,1.6452
67.9708,511,1.6484
67.9751,512,1.6516
67.9793,513,1.6548
67.9836,512,1.6516
67.9879,513,1.6548
67.9922,513,1.6548
67.9965,514,1.6581
68.0008,514,1.6581
68.0050,513,1.6548
68.0093,513,1.6548
68.0136,514,1.6581
68.0180,514,1.6581
68.0223,514,1.6581
68.0266,515,1.6613
68.0309,514,1.6581
68.0352,513,1.6548
68.0394,514,1.6581
68.0437,514,1.6581
68.0480,515,1.6613
68.0523,514,1.6581
68.0566,515,1.6613
68.0610,515,1.6613
68.0653,516,1.6645
68.0696,517,1.6677
68.0739,517,1.6677
68.0782,517,1.6677
68.0825,518,1.6710
68.0868,518,1.6710
68.0912,519,1.6742
68.0955,519,1.6742
68.0998,519,1.6742
68.1040,518,1.6710
68.1084,519,1.6742
68.1127,519,1.6742
68.1170,518,1.6710
68.1213,518,1.6710
68.1256,518,1.6710
68.1298,519,1.6742
68.1341,520,1.6774
68.1385,519,1.6742
68.1427,518,1.6710
68.1470,517,1.6677
68.1513,519,1.6742
68.1556,520,1.6774
68.1599,520,1.6774
68.1641,520,1.6774
68.1684,521,1.6806
68.1727,520,1.6774
68.1769,521,1.6806
68.1812,521,1.6806
68.1854,521,1.6806
68.1897,521,1.6806
68.1940,522,1.6839
68.1982,521,1.6806
68.2025,522,1.6839
68.2068,522,1.6839
68.2111,522,1.6839
68.2153,522,1.6839
68.2196,523,1.6871
68.2239,521,1.6806
68.2281,522,1.6839
68.2324,522,1.6839
68.2367,522,1.6839
68.2410,522,1.6839
68.2453,522,1.6839
68.2496,521,1.6806
68.2539,521,1.6806
68.2583,522,1.6839
68.2626,523,1.6871
68.2669,523,1.6871
68.2712,521,1.6806
68.2754,522,1.6839
68.2797,522,1.6839
68.2840,522,1.6839
68.2883,522,1.6839
68.2927,524,1.6903
68.2969,525,1.6935
68.3013,523,1.6871
68.3056,523,1.6871
68.3099,522,1.6839
68.3142,521,1.6806
68.3185,521,1.6806
68.3228,521,1.6806
68.3271,522,1.6839
68.3314,523,1.6871
68.3357,524,1.6903
68.3400,524,1.6903
68.3443,524,1.6903
68.3485,523,1.6871
68.3528,524,1.6903
68.3571,522,1.6839
68.3613,522,1.6839
68.3656,522,1.6839
68.3699,523,1.6871
68.3741,523,1.6871
68.3784,523,1.6871
68.3827,522,1.6839
68.3870,523,1.6871
68.3913,523,1.6871
68.3956,523,1.6871
68.3998,521,1.6806
68.4041,521,1.6806
68.4084,523,1.6871
68.4126,523,1.6871
68.4169,523,1.6871
68.4212,523,1.6871
68.4254,524,1.6903
68.4297,524,1.6903
68.4340,523,1.6871
68.4382,523,1.6871
68.4425,522,1.6839
68.4468,523,1.6871
68.4511,523,1.6871
68.4554,524,1.6903
68.4597,523,1.6871
68.4641,522,1.6839
68.4684,521,1.6806
68.4727,523,1.6871
68.4769,524,1.6903
68.4813,533,1.7194
68.4856,546,1.7613
68.4899,559,1.8032
68.4942,572,1.8452
68.4985,586,1.8903
68.5028,597,1.9258
68.5071,605,1.9516
68.5114,610,1.9677
68.5157,613,1.9774
68.5200,611,1.9710
68.5243,605,1.9516
68.5286,596,1.9226
68.5329,585,1.8871
68.5371,571,1.8419
68.5415,557,1.7968
68.5458,542,1.7484
68.5501,527,1.7000
68.5544,514,1.6581
68.5587,504,1.6258
68.5630,502,1.6194
68.5673,502,1.6194
68.5716,503,1.6226
68.5759,503,1.6226
68.5802,503,1.6226
68.5845,505,1.6290
68.5888,505,1.6290
68.5931,505,1.6290
68.5974,505,1.6290
68.6017,504,1.6258
68.6060,505,1.6290
68.6103,505,1.6290
68.6146,507,1.6355
68.6190,507,1.6355
68.6234,508,1.6387
68.6278,510,1.6452
68.6321,510,1.6452
68.6365,508,1.6387
68.6407,493,1.5903
68.6450,464,1.4968
68.6493,432,1.3935
68.6536,430,1.3871
68.6579,490,1.5806
68.6622,608,1.9613
68.6665,773,2.4935
68.6707,955,3.0806
68.6750,1001,3.2290
68.6793,1001,3.2290
68.6836,1000,3.2258
68.6879,957,3.0871
68.6922,753,2.4290
68.6965,547,1.7645
68.7007,431,1.3903
68.7050,388,1.2516
68.7093,390,1.2581
68.7136,415,1.3387
68.7178,442,1.4258
68.7221,455,1.4677
68.7264,462,1.4903
68.7307,464,1.4968
68.7350,464,1.4968
68.7392,464,1.4968
68.7435,465,1.5000
68.7478,466,1.5032
68.7521,465,1.5000
68.7564,467,1.5065
68.7607,468,1.5097
68.7650,469,1.5129
68.7693,470,1.5161
68.7736,470,1.5161
68.7780,471,1.5194
68.7822,472,1.5226
68.7865,473,1.5258
68.7909,474,1.5290
68.7952,474,1.5290
68.7996,475,1.5323
68.8039,476,1.5355
68.8082,476,1.5355
68.8125,477,1.5387
68.8168,478,1.5419
68.8211,478,1.5419
68.8254,479,1.5452
68.8297,480,1.5484
68.8340,481,1.5516
68.8383,482,1.5548
68.8426,482,1.5548
68.8470,484,1.5613
68.8512,484,1.5613
68.8555,484,1.5613
68.8598,484,1.5613
68.8640,486,1.5677
68.8683,487,1.5710
68.8726,488,1.5742
68.8769,491,1.5839
68.8811,500,1.6129
68.8854,511,1.6484
68.8897,523,1.6871
68.8939,537,1.7323
68.8982,550,1.7742
68.9025,563,1.8161
68.9068,578,1.8645
68.9110,591,1.9065
68.9153,600,1.9355
68.9197,611,1.9710
68.9241,621,2.0032
68.9284,629,2.0290
68.9327,636,2.0516
68.9370,642,2.0710
68.9413,646,2.0839
68.9455,647,2.0871
68.9498,648,2.0903
68.9541,648,2.0903
68.9584,646,2.0839
68.9628,641,2.0677
68.9670,633,2.0419
68.9713,627,2.0226
68.9756,616,1.9871
68.9799,609,1.9645
68.9843,597,1.9258
68.9886,584,1.8839
68.9929,572,1.8452
68.9972,558,1.8000
69.0016,545,1.7581
69.0059,530,1.7097
69.0102,515,1.6613
69.0145,500,1.6129
69.0188,486,1.5677
69.0231,475,1.5323
69.0274,462,1.4903
69.0317,457,1.4742
69.0360,457,1.4742
69.0403,453,1.4613
69.0446,446,1.4387
69.0490,441,1.4226
69.0532,442,1.4258
69.0575,443,1.4290
69.0618,445,1.4355
69.0660,446,1.4387
69.0703,447,1.4419
69.0746,448,1.4452
69.0789,449,1.4484
69.0831,449,1.4484
69.0874,452,1.4581
69.0916,454,1.4645
69.0959,455,1.4677
69.1002,455,1.4677
69.1044,456,1.4710
69.1087,457,1.4742
69.1130,458,1.4774
69.1173,459,1.4806
69.1215,460,1.4839
69.1258,462,1.4903
69.1300,464,1.4968
69.1343,465,1.5000
69.1386,465,1.5000
69.1429,465,1.5000
69.1471,466,1.5032
69.1515,468,1.5097
69.1558,468,1.5097
69.1601,469,1.5129
69.1644,470,1.5161
69.1687,471,1.5194
69.1730,471,1.5194
69.1774,472,1.5226
69.1817,473,1.5258
69.1860,474,1.5290
69.1903,476,1.5355
69.1946,477,1.5387
69.1989,478,1.5419
69.2032,479,1.5452
69.2075,480,1.5484
69.2118,481,1.5516
69.2161,481,1.5516
69.2204,481,1.5516
69.2247,482,1.5548
69.2290,482,1.5548
69.2333,482,1.5548
69.2376,483,1.5581
69.2419,485,1.5645
69.2462,485,1.5645
69.2505,486,1.5677
69.2548,487,1.5710
69.2591,488,1.5742
69.2633,488,1.5742
69.2676,488,1.5742
69.2719,490,1.5806
69.2761,491,1.5839
69.2804,491,1.5839
69.2847,492,1.5871
69.2890,492,1.5871
69.2932,493,1.5903
69.2975,492,1.5871
69.3017,494,1.5935
69.3060,495,1.5968
69.3103,495,1.5968
69.3145,495,1.5968
69.3188,496,1.6000
69.3231,496,1.6000
69.3273,496,1.6000
69.3316,497,1.6032
69.3359,497,1.6032
69.3402,499,1.6097
69.3444,499,1.6097
69.3487,500,1.6129
69.3530,500,1.6129
69.3573,500,1.6129
69.3616,500,1.6129
69.3659,502,1.6194
69.3702,503,1.6226
69.3745,503,1.6226
69.3788,502,1.6194
69.3831,502,1.6194
69.3874,502,1.6194
69.3917,502,1.6194
69.3959,503,1.6226
69.4003,504,1.6258
69.4045,504,1.6258
69.4089,505,1.6290
69.4132,505,1.6290
69.4175,505,1.6290
69.4218,505,1.6290
69.4261,506,1.6323
69.4304,508,1.6387
69.4347,508,1.6387
69.4390,507,1.6355
69.4433,507,1.6355
69.4476,509,1.6419
69.4519,509,1.6419
69.4562,509,1.6419
69.4605,510,1.6452
69.4648,511,1.6484
69.4690,512,1.6516
69.4733,512,1.6516
69.4775,512,1.6516
69.4818,513,1.6548
69.4861,512,1.6516
69.4904,514,1.6581
69.4946,513,1.6548
69.4989,513,1.6548
69.5032,513,1.6548
69.5074,514,1.6581
69.5117,514,1.6581
69.5160,515,1.6613
69.5204,515,1.6613
69.5247,515,1.6613
69.5291,515,1.6613
69.5389,516,1.6645
69.5433,515,1.6613
69.5475,516,1.6645
69.5518,516,1.6645
69.5561,517,1.6677
69.5604,516,1.6645
69.5646,516,1.6645
69.5689,515,1.6613
69.5732,515,1.6613
69.5774,515,1.6613
69.5817,516,1.6645
69.5860,516,1.6645
69.5902,517,1.6677
69.5945,517,1.6677
69.5987,517,1.6677
69.6030,516,1.6645
69.6073,517,1.6677
69.6116,517,1.6677
69.6158,517,1.6677
69.6201,517,1.6677
69.6244,518,1.6710
69.6286,519,1.6742
69.6329,519,1.6742
69.6372,519,1.6742
69.6415,520,1.6774
69.6457,520,1.6774
69.6500,520,1.6774
69.6543,520,1.6774
69.6586,520,1.6774
69.6629,520,1.6774
69.6672,520,1.6774
69.6716,520,1.6774
69.6759,521,1.6806
69.6802,521,1.6806
69.6845,521,1.6806
69.6888,521,1.6806
69.6931,522,1.6839
69.6974,522,1.6839
69.7017,521,1.6806
69.7061,521,1.6806
69.7104,521,1.6806
69.7147,523,1.6871
69.7190,523,1.6871
69.7233,522,1.6839
69.7276,522,1.6839
69.7319,523,1.6871
69.7362,522,1.6839
69.7405,523,1.6871
69.7448,523,1.6871
69.7491,523,1.6871
69.7534,523,1.6871
69.7577,522,1.6839
69.7620,523,1.6871
69.7662,522,1.6839
69.7706,523,1.6871
69.7749,524,1.6903
69.7792,523,1.6871
69.7834,522,1.6839
69.7877,522,1.6839
69.7922,523,1.6871
69.7965,522,1.6839
69.8008,521,1.6806
69.8051,522,1.6839
69.8094,523,1.6871
69.8137,523,1.6871
69.8181,524,1.6903
69.8225,524,1.6903
69.8269,524,1.6903
69.8312,524,1.6903
69.8355,524,1.6903
69.8398,524,1.6903
69.8441,523,1.6871
69.8484,523,1.6871
69.8528,523,1.6871
69.8572,523,1.6871
69.8614,523,1.6871
69.8657,523,1.6871
69.8700,522,1.6839
69.8742,522,1.6839
69.8785,522,1.6839
69.8828,523,1.6871
69.8870,523,1.6871
69.8913,524,1.6903
69.8956,524,1.6903
69.8999,524,1.6903
69.9042,524,1.6903
69.9084,524,1.6903
69.9127,526,1.6968
69.9170,524,1.6903
69.9213,523,1.6871
69.9255,524,1.6903
69.9298,523,1.6871
69.9340,524,1.6903
69.9383,524,1.6903
69.9426,525,1.6935
69.9468,524,1.6903
69.9511,524,1.6903
69.9554,524,1.6903
69.9597,525,1.6935
69.9640,524,1.6903
69.9683,524,1.6903
69.9726,524,1.6903
69.9769,524,1.6903
69.9812,524,1.6903
69.9855,525,1.6935
69.9898,525,1.6935
69.9941,525,1.6935
69.9985,531,1.7129
