time_s,adc_raw,voltage
0.0000,509,1.6419
0.0044,510,1.6452
0.0087,511,1.6484
0.0131,510,1.6452
0.0174,510,1.6452
0.0218,510,1.6452
0.0261,510,1.6452
0.0304,509,1.6419
0.0418,490,1.5806
0.0462,495,1.5968
0.0505,514,1.6581
0.0548,547,1.7645
0.0592,591,1.9065
0.0635,634,2.0452
0.0678,663,2.1387
0.0722,661,2.1323
0.0765,627,2.0226
0.0807,584,1.8839
0.0849,539,1.7387
0.0892,505,1.6290
0.0934,487,1.5710
0.0977,483,1.5581
0.1019,486,1.5677
0.1061,491,1.5839
0.1103,497,1.6032
0.1145,497,1.6032
0.1187,499,1.6097
0.1228,499,1.6097
0.1270,500,1.6129
0.1312,500,1.6129
0.1354,500,1.6129
0.1396,499,1.6097
0.1437,501,1.6161
0.1479,501,1.6161
0.1521,502,1.6194
0.1563,501,1.6161
0.1695,503,1.6226
0.1743,503,1.6226
0.1789,502,1.6194
0.1833,502,1.6194
0.1878,503,1.6226
0.1922,503,1.6226
0.1970,504,1.6258
0.2016,504,1.6258
0.2064,503,1.6226
0.2109,504,1.6258
0.2152,505,1.6290
0.2195,505,1.6290
0.2238,505,1.6290
0.2281,506,1.6323
0.2324,509,1.6419
0.2366,511,1.6484
0.2409,516,1.6645
0.2451,518,1.6710
0.2494,521,1.6806
0.2536,524,1.6903
0.2578,527,1.7000
0.2619,529,1.7065
0.2661,533,1.7194
0.2703,536,1.7290
0.2744,539,1.7387
0.2786,540,1.7419
0.2828,544,1.7548
0.2869,545,1.7581
0.2911,546,1.7613
0.2953,545,1.7581
0.2994,545,1.7581
0.3036,546,1.7613
0.3078,546,1.7613
0.3119,547,1.7645
0.3161,545,1.7581
0.3203,544,1.7548
0.3244,540,1.7419
0.3286,539,1.7387
0.3328,536,1.7290
0.3369,534,1.7226
0.3411,531,1.7129
0.3453,528,1.7032
0.3495,524,1.6903
0.3536,520,1.6774
0.3578,516,1.6645
0.3620,515,1.6613
0.3661,512,1.6516
0.3703,509,1.6419
0.3745,505,1.6290
0.3787,501,1.6161
0.3828,498,1.6065
0.3870,497,1.6032
0.3912,497,1.6032
0.3953,496,1.6000
0.3995,494,1.5935
0.4037,496,1.6000
0.4079,497,1.6032
0.4122,497,1.6032
0.4164,496,1.6000
0.4206,498,1.6065
0.4248,498,1.6065
0.4290,499,1.6097
0.4331,499,1.6097
0.4373,499,1.6097
0.4415,499,1.6097
0.4457,499,1.6097
0.4498,499,1.6097
0.4540,500,1.6129
0.4582,501,1.6161
0.4623,501,1.6161
0.4665,501,1.6161
0.4707,502,1.6194
0.4748,503,1.6226
0.4790,503,1.6226
0.4832,503,1.6226
0.4873,502,1.6194
0.4915,503,1.6226
0.4957,502,1.6194
0.4998,504,1.6258
0.5040,504,1.6258
0.5082,506,1.6323
0.5123,505,1.6290
0.5165,504,1.6258
0.5207,504,1.6258
0.5249,506,1.6323
0.5290,505,1.6290
0.5332,503,1.6226
0.5373,503,1.6226
0.5415,503,1.6226
0.5457,504,1.6258
0.5498,506,1.6323
0.5540,506,1.6323
0.5581,505,1.6290
0.5623,506,1.6323
0.5665,507,1.6355
0.5707,506,1.6323
0.5748,505,1.6290
0.5790,506,1.6323
0.5832,507,1.6355
0.5873,507,1.6355
0.5915,508,1.6387
0.5957,508,1.6387
0.5998,508,1.6387
0.6040,508,1.6387
0.6081,508,1.6387
0.6123,509,1.6419
0.6165,508,1.6387
0.6206,508,1.6387
0.6248,508,1.6387
0.6290,512,1.6516
0.6331,514,1.6581
0.6373,519,1.6742
0.6415,521,1.6806
0.6456,525,1.6935
0.6498,529,1.7065
0.6540,531,1.7129
0.6581,532,1.7161
0.6623,533,1.7194
0.6664,532,1.7161
0.6706,532,1.7161
0.6748,530,1.7097
0.6789,528,1.7032
0.6831,524,1.6903
0.6873,522,1.6839
0.6914,518,1.6710
0.6956,514,1.6581
0.6998,509,1.6419
0.7040,507,1.6355
0.7081,506,1.6323
0.7123,507,1.6355
0.7164,507,1.6355
0.7206,507,1.6355
0.7248,508,1.6387
0.7289,508,1.6387
0.7331,509,1.6419
0.7373,508,1.6387
0.7415,508,1.6387
0.7456,509,1.6419
0.7498,510,1.6452
0.7539,511,1.6484
0.7581,511,1.6484
0.7623,511,1.6484
0.7665,510,1.6452
0.7707,510,1.6452
0.7749,509,1.6419
0.7792,508,1.6387
0.7834,503,1.6226
0.7877,496,1.6000
0.7919,489,1.5774
0.7962,492,1.5871
0.8004,509,1.6419
0.8046,541,1.7452
0.8089,583,1.8806
0.8131,628,2.0258
0.8174,660,2.1290
0.8216,661,2.1323
0.8259,635,2.0484
0.8301,592,1.9097
0.8344,547,1.7645
0.8386,510,1.6452
0.8429,490,1.5806
0.8472,483,1.5581
0.8514,485,1.5645
0.8556,490,1.5806
0.8599,495,1.5968
0.8641,498,1.6065
0.8685,500,1.6129
0.8727,501,1.6161
0.8770,502,1.6194
0.8813,502,1.6194
0.8856,501,1.6161
0.8899,501,1.6161
0.8942,502,1.6194
0.8985,503,1.6226
0.9028,503,1.6226
0.9071,505,1.6290
0.9114,505,1.6290
0.9157,504,1.6258
0.9200,504,1.6258
0.9243,504,1.6258
0.9287,504,1.6258
0.9329,503,1.6226
0.9373,504,1.6258
0.9416,504,1.6258
0.9459,505,1.6290
0.9502,504,1.6258
0.9545,505,1.6290
0.9588,506,1.6323
0.9631,506,1.6323
0.9675,506,1.6323
0.9718,506,1.6323
0.9761,506,1.6323
0.9804,507,1.6355
0.9847,509,1.6419
0.9890,513,1.6548
0.9933,518,1.6710
0.9976,521,1.6806
1.0019,525,1.6935
1.0063,528,1.7032
1.0118,534,1.7226
1.0163,536,1.7290
1.0206,539,1.7387
1.0249,541,1.7452
1.0293,544,1.7548
1.0336,545,1.7581
1.0384,546,1.7613
1.0427,546,1.7613
1.0471,546,1.7613
1.0514,547,1.7645
1.0557,547,1.7645
1.0600,547,1.7645
1.0643,544,1.7548
1.0686,543,1.7516
1.0731,540,1.7419
1.0774,539,1.7387
1.0816,537,1.7323
1.0866,534,1.7226
1.0910,530,1.7097
1.0953,528,1.7032
1.0995,524,1.6903
1.1038,521,1.6806
1.1081,517,1.6677
1.1124,513,1.6548
1.1166,509,1.6419
1.1209,506,1.6323
1.1252,503,1.6226
1.1295,500,1.6129
1.1338,497,1.6032
1.1381,495,1.5968
1.1423,495,1.5968
1.1466,496,1.6000
1.1509,497,1.6032
1.1552,497,1.6032
1.1595,498,1.6065
1.1638,499,1.6097
1.1686,497,1.6032
1.1729,499,1.6097
1.1772,499,1.6097
1.1815,499,1.6097
1.1857,500,1.6129
1.1900,501,1.6161
1.1943,502,1.6194
1.1986,501,1.6161
1.2029,502,1.6194
1.2071,503,1.6226
1.2114,504,1.6258
1.2157,504,1.6258
1.2199,503,1.6226
1.2242,502,1.6194
1.2285,503,1.6226
1.2328,503,1.6226
1.2371,503,1.6226
1.2413,504,1.6258
1.2456,505,1.6290
1.2499,505,1.6290
1.2548,505,1.6290
1.2591,505,1.6290
1.2634,505,1.6290
1.2677,505,1.6290
1.2719,505,1.6290
1.2763,506,1.6323
1.2805,507,1.6355
1.2848,506,1.6323
1.2890,506,1.6323
1.2933,507,1.6355
1.2977,506,1.6323
1.3019,506,1.6323
1.3062,506,1.6323
1.3106,506,1.6323
1.3150,507,1.6355
1.3194,508,1.6387
1.3236,508,1.6387
1.3279,509,1.6419
1.3322,508,1.6387
1.3374,508,1.6387
1.3416,508,1.6387
1.3460,508,1.6387
1.3502,508,1.6387
1.3545,508,1.6387
1.3588,508,1.6387
1.3631,508,1.6387
1.3674,508,1.6387
1.3716,509,1.6419
1.3759,510,1.6452
1.3802,512,1.6516
1.3845,516,1.6645
1.3888,519,1.6742
1.3930,523,1.6871
1.3973,526,1.6968
1.4016,528,1.7032
1.4059,530,1.7097
1.4102,530,1.7097
1.4150,530,1.7097
1.4193,529,1.7065
1.4236,526,1.6968
1.4278,526,1.6968
1.4321,522,1.6839
1.4365,520,1.6774
1.4408,516,1.6645
1.4450,512,1.6516
1.4493,508,1.6387
1.4536,506,1.6323
1.4579,506,1.6323
1.4622,506,1.6323
1.4665,507,1.6355
1.4708,507,1.6355
1.4751,506,1.6323
1.4793,505,1.6290
1.4837,507,1.6355
1.4879,508,1.6387
1.4922,508,1.6387
1.4968,509,1.6419
1.5011,510,1.6452
1.5054,509,1.6419
1.5096,511,1.6484
1.5139,510,1.6452
1.5181,510,1.6452
1.5225,509,1.6419
1.5267,510,1.6452
1.5310,508,1.6387
1.5353,502,1.6194
1.5395,493,1.5903
1.5438,489,1.5774
1.5481,500,1.6129
1.5524,526,1.6968
1.5567,563,1.8161
1.5610,608,1.9613
1.5653,650,2.0968
1.5695,668,2.1548
1.5738,655,2.1129
1.5785,613,1.9774
1.5828,565,1.8226
1.5871,524,1.6903
1.5914,497,1.6032
1.5957,485,1.5645
1.6000,484,1.5613
1.6043,488,1.5742
1.6085,494,1.5935
1.6128,497,1.6032
1.6170,498,1.6065
1.6213,499,1.6097
1.6256,499,1.6097
1.6299,500,1.6129
1.6341,501,1.6161
1.6384,501,1.6161
1.6429,502,1.6194
1.6472,502,1.6194
1.6515,502,1.6194
1.6557,503,1.6226
1.6600,504,1.6258
1.6643,503,1.6226
1.6686,504,1.6258
1.6729,505,1.6290
1.6771,506,1.6323
1.6814,506,1.6323
1.6857,504,1.6258
1.6900,506,1.6323
1.6942,505,1.6290
1.6985,506,1.6323
1.7028,506,1.6323
1.7071,507,1.6355
1.7114,507,1.6355
1.7157,506,1.6323
1.7199,507,1.6355
1.7242,506,1.6323
1.7285,506,1.6323
1.7328,509,1.6419
1.7370,511,1.6484
1.7417,515,1.6613
1.7460,518,1.6710
1.7503,521,1.6806
1.7546,523,1.6871
1.7589,527,1.7000
1.7631,530,1.7097
1.7674,533,1.7194
1.7717,537,1.7323
1.7760,540,1.7419
1.7803,540,1.7419
1.7846,542,1.7484
1.7889,543,1.7516
1.7932,545,1.7581
1.7974,545,1.7581
1.8017,546,1.7613
1.8060,545,1.7581
1.8103,546,1.7613
1.8146,543,1.7516
1.8188,541,1.7452
1.8233,538,1.7355
1.8276,537,1.7323
1.8319,535,1.7258
1.8361,533,1.7194
1.8404,530,1.7097
1.8447,526,1.6968
1.8490,524,1.6903
1.8539,518,1.6710
1.8582,516,1.6645
1.8625,513,1.6548
1.8668,509,1.6419
1.8711,506,1.6323
1.8753,503,1.6226
1.8796,499,1.6097
1.8839,496,1.6000
1.8882,495,1.5968
1.8925,496,1.6000
1.8967,496,1.6000
1.9010,496,1.6000
1.9054,496,1.6000
1.9098,497,1.6032
1.9141,498,1.6065
1.9184,499,1.6097
1.9227,499,1.6097
1.9270,500,1.6129
1.9313,500,1.6129
1.9356,499,1.6097
1.9399,499,1.6097
1.9441,499,1.6097
1.9484,501,1.6161
1.9527,500,1.6129
1.9570,500,1.6129
1.9613,499,1.6097
1.9656,499,1.6097
1.9698,499,1.6097
1.9741,500,1.6129
1.9784,502,1.6194
1.9826,502,1.6194
1.9872,502,1.6194
1.9915,502,1.6194
1.9958,503,1.6226
2.0001,504,1.6258
2.0044,505,1.6290
2.0087,504,1.6258
2.0130,504,1.6258
2.0173,504,1.6258
2.0215,504,1.6258
2.0258,505,1.6290
2.0301,506,1.6323
2.0344,506,1.6323
2.0386,506,1.6323
2.0429,505,1.6290
2.0471,505,1.6290
2.0514,505,1.6290
2.0558,506,1.6323
2.0600,505,1.6290
2.0643,507,1.6355
2.0688,507,1.6355
2.0731,507,1.6355
2.0774,507,1.6355
2.0816,508,1.6387
2.0859,508,1.6387
2.0901,509,1.6419
2.0945,509,1.6419
2.0987,509,1.6419
2.1030,509,1.6419
2.1073,509,1.6419
2.1115,508,1.6387
2.1158,509,1.6419
2.1201,509,1.6419
2.1244,510,1.6452
2.1286,511,1.6484
2.1329,515,1.6613
2.1372,519,1.6742
2.1414,522,1.6839
2.1458,526,1.6968
2.1501,529,1.7065
2.1544,530,1.7097
2.1586,531,1.7129
2.1629,531,1.7129
2.1671,531,1.7129
2.1714,529,1.7065
2.1757,527,1.7000
2.1799,525,1.6935
2.1842,521,1.6806
2.1884,518,1.6710
2.1927,515,1.6613
2.1970,511,1.6484
2.2013,508,1.6387
2.2056,506,1.6323
2.2100,505,1.6290
2.2162,505,1.6290
2.2206,508,1.6387
2.2249,507,1.6355
2.2291,507,1.6355
2.2334,507,1.6355
2.2377,507,1.6355
2.2420,507,1.6355
2.2463,509,1.6419
2.2505,511,1.6484
2.2548,511,1.6484
2.2591,511,1.6484
2.2634,511,1.6484
2.2676,511,1.6484
2.2719,511,1.6484
2.2762,511,1.6484
2.2805,509,1.6419
2.2848,503,1.6226
2.2890,495,1.5968
2.2934,491,1.5839
2.2977,500,1.6129
2.3020,523,1.6871
2.3063,559,1.8032
2.3105,603,1.9452
2.3148,644,2.0774
2.3190,665,2.1452
2.3233,653,2.1065
2.3275,618,1.9935
2.3318,576,1.8581
2.3361,530,1.7097
2.3403,500,1.6129
2.3446,484,1.5613
2.3489,481,1.5516
2.3531,485,1.5645
2.3573,492,1.5871
2.3616,497,1.6032
2.3660,498,1.6065
2.3703,500,1.6129
2.3745,500,1.6129
2.3788,500,1.6129
2.3831,501,1.6161
2.3873,501,1.6161
2.3916,500,1.6129
2.3959,501,1.6161
2.4002,502,1.6194
2.4045,502,1.6194
2.4088,502,1.6194
2.4131,502,1.6194
2.4174,502,1.6194
2.4216,502,1.6194
2.4260,503,1.6226
2.4303,503,1.6226
2.4346,503,1.6226
2.4388,503,1.6226
2.4431,505,1.6290
2.4474,506,1.6323
2.4517,505,1.6290
2.4560,505,1.6290
2.4603,505,1.6290
2.4645,504,1.6258
2.4688,505,1.6290
2.4731,505,1.6290
2.4775,506,1.6323
2.4819,507,1.6355
2.4861,509,1.6419
2.4904,513,1.6548
2.4947,516,1.6645
2.4990,520,1.6774
2.5033,524,1.6903
2.5076,527,1.7000
2.5119,530,1.7097
2.5162,532,1.7161
2.5205,536,1.7290
2.5248,538,1.7355
2.5291,540,1.7419
2.5333,542,1.7484
2.5376,543,1.7516
2.5419,543,1.7516
2.5462,545,1.7581
2.5505,545,1.7581
2.5548,546,1.7613
2.5591,545,1.7581
2.5633,544,1.7548
2.5676,543,1.7516
2.5719,542,1.7484
2.5762,538,1.7355
2.5805,537,1.7323
2.5848,536,1.7290
2.5891,532,1.7161
2.5934,530,1.7097
2.5977,526,1.6968
2.6019,522,1.6839
2.6062,517,1.6677
2.6105,514,1.6581
2.6148,512,1.6516
2.6191,508,1.6387
2.6234,505,1.6290
2.6277,502,1.6194
2.6320,498,1.6065
2.6363,497,1.6032
2.6406,495,1.5968
2.6448,495,1.5968
2.6491,497,1.6032
2.6534,498,1.6065
2.6577,498,1.6065
2.6620,498,1.6065
2.6663,499,1.6097
2.6706,499,1.6097
2.6749,500,1.6129
2.6792,499,1.6097
2.6835,499,1.6097
2.6878,500,1.6129
2.6921,500,1.6129
2.6964,499,1.6097
2.7007,500,1.6129
2.7049,500,1.6129
2.7092,501,1.6161
2.7135,502,1.6194
2.7178,503,1.6226
2.7221,502,1.6194
2.7264,503,1.6226
2.7307,503,1.6226
2.7350,502,1.6194
2.7392,504,1.6258
2.7435,505,1.6290
2.7478,506,1.6323
2.7521,506,1.6323
2.7564,505,1.6290
2.7607,506,1.6323
2.7650,505,1.6290
2.7693,505,1.6290
2.7736,505,1.6290
2.7778,506,1.6323
2.7821,506,1.6323
2.7864,508,1.6387
2.7907,508,1.6387
2.7950,506,1.6323
2.7993,506,1.6323
2.8036,506,1.6323
2.8079,506,1.6323
2.8124,507,1.6355
2.8168,508,1.6387
2.8211,507,1.6355
2.8253,507,1.6355
2.8296,507,1.6355
2.8339,508,1.6387
2.8382,509,1.6419
2.8424,508,1.6387
2.8467,508,1.6387
2.8510,508,1.6387
2.8553,509,1.6419
2.8596,509,1.6419
2.8639,508,1.6387
2.8682,509,1.6419
2.8724,508,1.6387
2.8767,510,1.6452
2.8810,513,1.6548
2.8855,516,1.6645
2.8898,520,1.6774
2.8941,524,1.6903
2.8984,527,1.7000
2.9027,529,1.7065
2.9069,531,1.7129
2.9112,532,1.7161
2.9154,532,1.7161
2.9197,532,1.7161
2.9239,529,1.7065
2.9282,527,1.7000
2.9324,524,1.6903
2.9367,521,1.6806
2.9409,518,1.6710
2.9452,514,1.6581
2.9494,510,1.6452
2.9537,507,1.6355
2.9579,507,1.6355
2.9622,508,1.6387
2.9664,509,1.6419
2.9707,509,1.6419
2.9750,509,1.6419
2.9793,509,1.6419
2.9836,509,1.6419
2.9878,508,1.6387
2.9921,509,1.6419
2.9963,509,1.6419
3.0006,509,1.6419
3.0048,508,1.6387
3.0091,508,1.6387
3.0134,507,1.6355
3.0177,509,1.6419
3.0219,510,1.6452
3.0262,511,1.6484
3.0305,508,1.6387
3.0348,502,1.6194
3.0391,493,1.5903
3.0433,488,1.5742
3.0476,497,1.6032
3.0519,519,1.6742
3.0562,557,1.7968
3.0605,601,1.9387
3.0648,644,2.0774
3.0691,667,2.1516
3.0734,657,2.1194
3.0777,622,2.0065
3.0820,578,1.8645
3.0863,532,1.7161
3.0906,502,1.6194
3.0949,488,1.5742
3.0991,484,1.5613
3.1034,486,1.5677
3.1078,495,1.5968
3.1122,498,1.6065
3.1166,500,1.6129
3.1210,500,1.6129
3.1253,501,1.6161
3.1296,501,1.6161
3.1339,502,1.6194
3.1383,502,1.6194
3.1426,502,1.6194
3.1469,503,1.6226
3.1512,503,1.6226
3.1554,502,1.6194
3.1597,502,1.6194
3.1640,502,1.6194
3.1683,501,1.6161
3.1726,502,1.6194
3.1770,503,1.6226
3.1813,504,1.6258
3.1856,505,1.6290
3.1899,505,1.6290
3.1941,506,1.6323
3.1984,504,1.6258
3.2028,505,1.6290
3.2071,505,1.6290
3.2114,507,1.6355
3.2156,506,1.6323
3.2199,507,1.6355
3.2242,507,1.6355
3.2284,507,1.6355
3.2327,507,1.6355
3.2370,510,1.6452
3.2412,515,1.6613
3.2455,520,1.6774
3.2497,523,1.6871
3.2540,526,1.6968
3.2582,527,1.7000
3.2625,532,1.7161
3.2668,535,1.7258
3.2710,537,1.7323
3.2753,539,1.7387
3.2796,542,1.7484
3.2839,543,1.7516
3.2881,544,1.7548
3.2924,544,1.7548
3.2967,544,1.7548
3.3009,546,1.7613
3.3052,546,1.7613
3.3095,545,1.7581
3.3137,544,1.7548
3.3180,543,1.7516
3.3223,540,1.7419
3.3266,539,1.7387
3.3309,536,1.7290
3.3352,534,1.7226
3.3395,531,1.7129
3.3438,528,1.7032
3.3481,526,1.6968
3.3524,522,1.6839
3.3567,518,1.6710
3.3611,515,1.6613
3.3653,512,1.6516
3.3697,508,1.6387
3.3741,505,1.6290
3.3785,500,1.6129
3.3828,498,1.6065
3.3871,497,1.6032
3.3913,496,1.6000
3.3956,496,1.6000
3.3999,496,1.6000
3.4044,496,1.6000
3.4086,497,1.6032
3.4129,498,1.6065
3.4172,498,1.6065
3.4215,498,1.6065
3.4257,499,1.6097
3.4300,500,1.6129
3.4342,501,1.6161
3.4385,500,1.6129
3.4429,499,1.6097
3.4472,499,1.6097
3.4515,500,1.6129
3.4558,500,1.6129
3.4601,501,1.6161
3.4644,500,1.6129
3.4687,500,1.6129
3.4730,500,1.6129
3.4773,501,1.6161
3.4816,501,1.6161
3.4860,502,1.6194
3.4902,503,1.6226
3.4945,504,1.6258
3.4988,504,1.6258
3.5031,504,1.6258
3.5075,503,1.6226
3.5118,503,1.6226
3.5161,504,1.6258
3.5204,505,1.6290
3.5247,506,1.6323
3.5290,505,1.6290
3.5333,506,1.6323
3.5376,505,1.6290
3.5419,506,1.6323
3.5462,506,1.6323
3.5505,507,1.6355
3.5548,507,1.6355
3.5591,507,1.6355
3.5634,507,1.6355
3.5678,507,1.6355
3.5721,507,1.6355
3.5763,508,1.6387
3.5806,508,1.6387
3.5855,507,1.6355
3.5898,508,1.6387
3.5941,509,1.6419
3.5984,508,1.6387
3.6027,508,1.6387
3.6070,508,1.6387
3.6113,509,1.6419
3.6156,507,1.6355
3.6199,507,1.6355
3.6242,508,1.6387
3.6286,510,1.6452
3.6329,513,1.6548
3.6371,518,1.6710
3.6414,522,1.6839
3.6457,526,1.6968
3.6501,527,1.7000
3.6543,529,1.7065
3.6586,530,1.7097
3.6630,529,1.7065
3.6673,528,1.7032
3.6716,528,1.7032
3.6759,526,1.6968
3.6802,523,1.6871
3.6845,521,1.6806
3.6888,519,1.6742
3.6931,515,1.6613
3.6974,512,1.6516
3.7017,509,1.6419
3.7061,507,1.6355
3.7118,506,1.6323
3.7162,506,1.6323
3.7206,507,1.6355
3.7249,507,1.6355
3.7292,508,1.6387
3.7335,509,1.6419
3.7378,509,1.6419
3.7421,508,1.6387
3.7464,507,1.6355
3.7508,508,1.6387
3.7551,509,1.6419
3.7594,509,1.6419
3.7637,509,1.6419
3.7680,509,1.6419
3.7723,511,1.6484
3.7766,510,1.6452
3.7809,507,1.6355
3.7852,502,1.6194
3.7901,492,1.5871
3.7944,490,1.5806
3.7987,501,1.6161
3.8030,527,1.7000
3.8074,566,1.8258
3.8123,618,1.9935
3.8166,655,2.1129
3.8209,665,2.1452
3.8252,645,2.0806
3.8295,605,1.9516
3.8338,558,1.8000
3.8381,517,1.6677
3.8424,494,1.5935
3.8467,484,1.5613
3.8510,484,1.5613
3.8553,489,1.5774
3.8595,496,1.6000
3.8638,499,1.6097
3.8681,500,1.6129
3.8723,501,1.6161
3.8766,502,1.6194
3.8809,503,1.6226
3.8851,502,1.6194
3.8893,502,1.6194
3.8936,503,1.6226
3.8979,504,1.6258
3.9021,503,1.6226
3.9064,504,1.6258
3.9106,504,1.6258
3.9149,503,1.6226
3.9192,504,1.6258
3.9235,504,1.6258
3.9278,503,1.6226
3.9321,504,1.6258
3.9364,504,1.6258
3.9406,504,1.6258
3.9449,504,1.6258
3.9493,505,1.6290
3.9537,505,1.6290
3.9580,506,1.6323
3.9624,506,1.6323
3.9667,505,1.6290
3.9711,506,1.6323
3.9754,507,1.6355
3.9798,507,1.6355
3.9841,508,1.6387
3.9884,513,1.6548
3.9928,516,1.6645
3.9972,520,1.6774
4.0015,522,1.6839
4.0059,525,1.6935
4.0107,529,1.7065
4.0152,532,1.7161
4.0196,536,1.7290
4.0239,536,1.7290
4.0282,539,1.7387
4.0325,542,1.7484
4.0369,544,1.7548
4.0411,544,1.7548
4.0454,544,1.7548
4.0497,544,1.7548
4.0540,545,1.7581
4.0584,545,1.7581
4.0627,545,1.7581
4.0670,543,1.7516
4.0713,540,1.7419
4.0756,538,1.7355
4.0800,537,1.7323
4.0843,533,1.7194
4.0886,531,1.7129
4.0929,528,1.7032
4.0972,526,1.6968
4.1015,521,1.6806
4.1059,517,1.6677
4.1103,514,1.6581
4.1146,510,1.6452
4.1188,507,1.6355
4.1231,504,1.6258
4.1274,502,1.6194
4.1316,499,1.6097
4.1359,496,1.6000
4.1402,496,1.6000
4.1445,495,1.5968
4.1487,497,1.6032
4.1530,497,1.6032
4.1572,498,1.6065
4.1615,498,1.6065
4.1658,498,1.6065
4.1700,499,1.6097
4.1743,498,1.6065
4.1786,499,1.6097
4.1829,501,1.6161
4.1871,502,1.6194
4.1914,501,1.6161
4.1956,501,1.6161
4.1999,501,1.6161
4.2041,501,1.6161
4.2084,501,1.6161
4.2126,501,1.6161
4.2169,501,1.6161
4.2212,502,1.6194
4.2255,502,1.6194
4.2298,501,1.6161
4.2341,503,1.6226
4.2384,504,1.6258
4.2427,504,1.6258
4.2470,503,1.6226
4.2513,503,1.6226
4.2555,503,1.6226
4.2598,504,1.6258
4.2641,505,1.6290
4.2684,505,1.6290
4.2727,506,1.6323
4.2770,505,1.6290
4.2813,504,1.6258
4.2856,504,1.6258
4.2899,505,1.6290
4.2941,506,1.6323
4.2984,506,1.6323
4.3027,506,1.6323
4.3070,507,1.6355
4.3114,507,1.6355
4.3158,508,1.6387
4.3201,508,1.6387
4.3244,508,1.6387
4.3286,507,1.6355
4.3329,508,1.6387
4.3371,508,1.6387
4.3415,509,1.6419
4.3457,508,1.6387
4.3500,508,1.6387
4.3542,509,1.6419
4.3585,509,1.6419
4.3628,510,1.6452
4.3670,510,1.6452
4.3712,510,1.6452
4.3755,509,1.6419
4.3798,512,1.6516
4.3841,516,1.6645
4.3883,519,1.6742
4.3926,523,1.6871
4.3969,527,1.7000
4.4011,531,1.7129
4.4054,531,1.7129
4.4096,533,1.7194
4.4139,532,1.7161
4.4182,532,1.7161
4.4225,530,1.7097
4.4268,528,1.7032
4.4311,525,1.6935
4.4354,521,1.6806
4.4397,517,1.6677
4.4440,513,1.6548
4.4483,510,1.6452
4.4526,508,1.6387
4.4569,508,1.6387
4.4611,508,1.6387
4.4654,508,1.6387
4.4697,509,1.6419
4.4741,509,1.6419
4.4784,509,1.6419
4.4828,510,1.6452
4.4870,509,1.6419
4.4913,509,1.6419
4.4956,509,1.6419
4.4999,510,1.6452
4.5042,510,1.6452
4.5085,510,1.6452
4.5128,510,1.6452
4.5171,510,1.6452
4.5214,510,1.6452
4.5257,510,1.6452
4.5300,509,1.6419
4.5343,504,1.6258
4.5386,495,1.5968
4.5429,489,1.5774
4.5472,494,1.5935
4.5514,514,1.6581
4.5557,550,1.7742
4.5600,593,1.9129
4.5643,636,2.0516
4.5686,663,2.1387
4.5729,657,2.1194
4.5772,625,2.0161
4.5815,581,1.8742
4.5859,535,1.7258
4.5902,503,1.6226
4.5945,487,1.5710
4.5987,483,1.5581
4.6030,487,1.5710
4.6074,494,1.5935
4.6139,499,1.6097
4.6183,501,1.6161
4.6226,502,1.6194
4.6269,502,1.6194
4.6311,503,1.6226
4.6354,501,1.6161
4.6396,502,1.6194
4.6439,502,1.6194
4.6481,502,1.6194
4.6524,502,1.6194
4.6566,502,1.6194
4.6609,503,1.6226
4.6655,503,1.6226
4.6698,502,1.6194
4.6741,503,1.6226
4.6784,503,1.6226
4.6826,504,1.6258
4.6869,505,1.6290
4.6912,506,1.6323
4.6954,506,1.6323
4.6997,505,1.6290
4.7039,505,1.6290
4.7082,505,1.6290
4.7125,505,1.6290
4.7167,507,1.6355
4.7210,506,1.6323
4.7253,506,1.6323
4.7296,505,1.6290
4.7338,508,1.6387
4.7381,511,1.6484
4.7424,513,1.6548
4.7467,516,1.6645
4.7510,520,1.6774
4.7553,524,1.6903
4.7596,526,1.6968
4.7639,531,1.7129
4.7682,535,1.7258
4.7725,537,1.7323
4.7767,539,1.7387
4.7811,541,1.7452
4.7853,543,1.7516
4.7896,544,1.7548
4.7939,544,1.7548
4.7982,544,1.7548
4.8025,544,1.7548
4.8068,545,1.7581
4.8110,545,1.7581
4.8154,543,1.7516
4.8196,541,1.7452
4.8239,539,1.7387
4.8282,536,1.7290
4.8325,536,1.7290
4.8368,534,1.7226
4.8410,531,1.7129
4.8454,528,1.7032
4.8497,523,1.6871
4.8539,520,1.6774
4.8582,516,1.6645
4.8625,512,1.6516
4.8668,510,1.6452
4.8710,507,1.6355
4.8753,504,1.6258
4.8796,500,1.6129
4.8839,496,1.6000
4.8882,494,1.5935
4.8925,494,1.5935
4.8968,495,1.5968
4.9011,496,1.6000
4.9054,495,1.5968
4.9112,495,1.5968
4.9164,496,1.6000
4.9208,497,1.6032
4.9251,497,1.6032
4.9293,497,1.6032
4.9336,497,1.6032
4.9379,497,1.6032
4.9422,499,1.6097
4.9464,499,1.6097
4.9507,499,1.6097
4.9549,500,1.6129
4.9592,500,1.6129
4.9634,500,1.6129
4.9677,500,1.6129
4.9719,502,1.6194
4.9762,502,1.6194
4.9805,502,1.6194
4.9847,502,1.6194
4.9890,504,1.6258
4.9933,504,1.6258
4.9975,503,1.6226
5.0023,504,1.6258
5.0066,504,1.6258
5.0119,506,1.6323
5.0164,506,1.6323
5.0209,506,1.6323
5.0253,506,1.6323
5.0298,505,1.6290
5.0342,506,1.6323
5.0385,506,1.6323
5.0428,506,1.6323
5.0470,506,1.6323
5.0513,507,1.6355
5.0555,508,1.6387
5.0598,509,1.6419
5.0641,509,1.6419
5.0683,508,1.6387
5.0726,508,1.6387
5.0769,508,1.6387
5.0812,508,1.6387
5.0855,510,1.6452
5.0897,510,1.6452
5.0940,511,1.6484
5.0983,510,1.6452
5.1026,510,1.6452
5.1068,510,1.6452
5.1111,511,1.6484
5.1153,512,1.6516
5.1196,511,1.6484
5.1239,512,1.6516
5.1281,512,1.6516
5.1324,515,1.6613
5.1366,519,1.6742
5.1409,522,1.6839
5.1452,527,1.7000
5.1494,529,1.7065
5.1537,533,1.7194
5.1580,534,1.7226
5.1622,533,1.7194
5.1665,532,1.7161
5.1707,531,1.7129
5.1750,530,1.7097
5.1792,527,1.7000
5.1835,524,1.6903
5.1877,519,1.6742
5.1920,517,1.6677
5.1963,514,1.6581
5.2005,510,1.6452
5.2048,508,1.6387
5.2090,507,1.6355
5.2133,509,1.6419
5.2175,509,1.6419
5.2218,509,1.6419
5.2261,509,1.6419
5.2304,509,1.6419
5.2347,510,1.6452
5.2390,510,1.6452
5.2433,510,1.6452
5.2476,511,1.6484
5.2519,510,1.6452
5.2562,510,1.6452
5.2605,509,1.6419
5.2648,509,1.6419
5.2691,510,1.6452
5.2734,511,1.6484
5.2776,512,1.6516
5.2820,509,1.6419
5.2863,502,1.6194
5.2905,494,1.5935
5.2948,491,1.5839
5.2991,504,1.6258
5.3034,530,1.7097
5.3077,569,1.8355
5.3120,613,1.9774
5.3163,651,2.1000
5.3206,665,2.1452
5.3249,646,2.0839
5.3292,608,1.9613
5.3335,561,1.8097
5.3378,519,1.6742
5.3421,494,1.5935
5.3464,483,1.5581
5.3507,481,1.5516
5.3550,488,1.5742
5.3593,493,1.5903
5.3636,497,1.6032
5.3679,498,1.6065
5.3722,499,1.6097
5.3765,498,1.6065
5.3808,499,1.6097
5.3850,500,1.6129
5.3894,499,1.6097
5.3937,501,1.6161
5.3979,501,1.6161
5.4022,502,1.6194
5.4065,502,1.6194
5.4108,502,1.6194
5.4151,503,1.6226
5.4195,503,1.6226
5.4238,503,1.6226
5.4281,504,1.6258
5.4324,503,1.6226
5.4367,504,1.6258
5.4410,504,1.6258
5.4453,502,1.6194
5.4496,503,1.6226
5.4539,503,1.6226
5.4582,504,1.6258
5.4625,505,1.6290
5.4668,505,1.6290
5.4711,505,1.6290
5.4754,505,1.6290
5.4797,505,1.6290
5.4839,508,1.6387
5.4882,510,1.6452
5.4925,514,1.6581
5.4968,516,1.6645
5.5010,519,1.6742
5.5054,523,1.6871
5.5098,526,1.6968
5.5143,530,1.7097
5.5188,535,1.7258
5.5231,537,1.7323
5.5274,539,1.7387
5.5316,541,1.7452
5.5359,542,1.7484
5.5402,543,1.7516
5.5445,544,1.7548
5.5487,545,1.7581
5.5530,546,1.7613
5.5572,545,1.7581
5.5615,544,1.7548
5.5658,543,1.7516
5.5700,541,1.7452
5.5747,539,1.7387
5.5791,538,1.7355
5.5834,535,1.7258
5.5877,532,1.7161
5.5919,529,1.7065
5.5962,526,1.6968
5.6004,522,1.6839
5.6047,518,1.6710
5.6090,515,1.6613
5.6132,511,1.6484
5.6175,508,1.6387
5.6219,505,1.6290
5.6262,502,1.6194
5.6305,499,1.6097
5.6348,497,1.6032
5.6391,495,1.5968
5.6434,495,1.5968
5.6477,496,1.6000
5.6520,495,1.5968
5.6563,496,1.6000
5.6605,497,1.6032
5.6648,497,1.6032
5.6691,498,1.6065
5.6735,497,1.6032
5.6778,498,1.6065
5.6821,497,1.6032
5.6864,498,1.6065
5.6907,499,1.6097
5.6950,499,1.6097
5.6993,501,1.6161
5.7036,500,1.6129
5.7079,501,1.6161
5.7122,500,1.6129
5.7165,500,1.6129
5.7208,501,1.6161
5.7251,501,1.6161
5.7294,502,1.6194
5.7337,501,1.6161
5.7380,502,1.6194
5.7423,502,1.6194
5.7465,502,1.6194
5.7508,503,1.6226
5.7551,504,1.6258
5.7594,504,1.6258
5.7636,503,1.6226
5.7679,504,1.6258
5.7722,504,1.6258
5.7764,505,1.6290
5.7807,506,1.6323
5.7850,506,1.6323
5.7892,505,1.6290
5.7935,505,1.6290
5.7978,505,1.6290
5.8021,507,1.6355
5.8063,508,1.6387
5.8108,508,1.6387
5.8152,507,1.6355
5.8195,508,1.6387
5.8242,509,1.6419
5.8286,507,1.6355
5.8328,508,1.6387
5.8371,508,1.6387
5.8414,508,1.6387
5.8456,510,1.6452
5.8499,511,1.6484
5.8542,510,1.6452
5.8584,511,1.6484
5.8627,511,1.6484
5.8669,510,1.6452
5.8712,510,1.6452
5.8755,511,1.6484
5.8798,511,1.6484
5.8841,514,1.6581
5.8883,519,1.6742
5.8926,523,1.6871
5.8969,526,1.6968
5.9012,529,1.7065
5.9055,531,1.7129
5.9097,531,1.7129
5.9140,532,1.7161
5.9183,532,1.7161
5.9226,530,1.7097
5.9268,527,1.7000
5.9315,525,1.6935
5.9358,522,1.6839
5.9401,520,1.6774
5.9443,516,1.6645
5.9486,511,1.6484
5.9528,509,1.6419
5.9571,508,1.6387
5.9614,509,1.6419
5.9656,509,1.6419
5.9699,509,1.6419
5.9742,509,1.6419
5.9785,509,1.6419
5.9828,510,1.6452
5.9870,508,1.6387
5.9913,511,1.6484
5.9956,511,1.6484
5.9999,509,1.6419
6.0041,509,1.6419
6.0084,509,1.6419
6.0128,509,1.6419
6.0171,510,1.6452
6.0213,510,1.6452
6.0256,509,1.6419
6.0299,509,1.6419
6.0342,504,1.6258
6.0385,496,1.6000
6.0428,490,1.5806
6.0470,494,1.5935
6.0513,514,1.6581
6.0555,548,1.7677
6.0598,590,1.9032
6.0641,632,2.0387
6.0684,662,2.1355
6.0727,659,2.1258
6.0769,630,2.0323
6.0812,588,1.8968
6.0855,542,1.7484
6.0898,507,1.6355
6.0940,490,1.5806
6.0983,482,1.5548
6.1026,484,1.5613
6.1069,490,1.5806
6.1111,495,1.5968
6.1154,498,1.6065
6.1197,500,1.6129
6.1240,501,1.6161
6.1283,501,1.6161
6.1326,500,1.6129
6.1369,500,1.6129
6.1411,500,1.6129
6.1454,501,1.6161
6.1497,501,1.6161
6.1540,501,1.6161
6.1582,502,1.6194
6.1625,502,1.6194
6.1668,503,1.6226
6.1711,502,1.6194
6.1753,503,1.6226
6.1796,505,1.6290
6.1839,503,1.6226
6.1882,504,1.6258
6.1925,505,1.6290
6.1968,504,1.6258
6.2011,506,1.6323
6.2054,506,1.6323
6.2096,506,1.6323
6.2139,506,1.6323
6.2182,507,1.6355
6.2225,507,1.6355
6.2269,506,1.6323
6.2311,507,1.6355
6.2354,511,1.6484
6.2397,513,1.6548
6.2440,517,1.6677
6.2482,520,1.6774
6.2525,523,1.6871
6.2567,526,1.6968
6.2610,530,1.7097
6.2653,532,1.7161
6.2696,534,1.7226
6.2739,536,1.7290
6.2782,538,1.7355
6.2826,541,1.7452
6.2868,542,1.7484
6.2911,544,1.7548
6.2954,545,1.7581
6.2996,545,1.7581
6.3039,546,1.7613
6.3082,547,1.7645
6.3124,545,1.7581
6.3167,545,1.7581
6.3209,543,1.7516
6.3252,539,1.7387
6.3295,537,1.7323
6.3338,534,1.7226
6.3381,532,1.7161
6.3425,529,1.7065
6.3468,526,1.6968
6.3511,522,1.6839
6.3554,518,1.6710
6.3597,515,1.6613
6.3640,512,1.6516
6.3683,509,1.6419
6.3726,506,1.6323
6.3768,503,1.6226
6.3812,499,1.6097
6.3855,496,1.6000
6.3898,496,1.6000
6.3941,496,1.6000
6.3984,497,1.6032
6.4027,497,1.6032
6.4070,499,1.6097
6.4115,500,1.6129
6.4162,500,1.6129
6.4206,501,1.6161
6.4249,501,1.6161
6.4293,501,1.6161
6.4337,501,1.6161
6.4380,501,1.6161
6.4423,501,1.6161
6.4466,502,1.6194
6.4508,502,1.6194
6.4551,502,1.6194
6.4594,503,1.6226
6.4636,502,1.6194
6.4679,502,1.6194
6.4721,503,1.6226
6.4764,502,1.6194
6.4806,502,1.6194
6.4849,501,1.6161
6.4892,503,1.6226
6.4935,504,1.6258
6.4977,505,1.6290
6.5019,504,1.6258
6.5062,504,1.6258
6.5105,505,1.6290
6.5147,505,1.6290
6.5190,505,1.6290
6.5232,504,1.6258
6.5275,505,1.6290
6.5317,504,1.6258
6.5360,505,1.6290
6.5403,505,1.6290
6.5446,506,1.6323
6.5489,507,1.6355
6.5531,508,1.6387
6.5574,508,1.6387
6.5617,507,1.6355
6.5660,508,1.6387
6.5703,508,1.6387
6.5746,509,1.6419
6.5790,508,1.6387
6.5833,508,1.6387
6.5876,510,1.6452
6.5919,509,1.6419
6.5962,509,1.6419
6.6004,510,1.6452
6.6048,510,1.6452
6.6090,511,1.6484
6.6133,511,1.6484
6.6176,510,1.6452
6.6219,510,1.6452
6.6262,510,1.6452
6.6304,512,1.6516
6.6348,517,1.6677
6.6390,521,1.6806
6.6433,524,1.6903
6.6476,526,1.6968
6.6519,528,1.7032
6.6562,529,1.7065
6.6604,529,1.7065
6.6647,530,1.7097
6.6690,530,1.7097
6.6733,530,1.7097
6.6776,527,1.7000
6.6819,524,1.6903
6.6862,521,1.6806
6.6905,516,1.6645
6.6948,513,1.6548
6.6991,509,1.6419
6.7034,508,1.6387
6.7077,507,1.6355
6.7123,506,1.6323
6.7167,506,1.6323
6.7211,509,1.6419
6.7254,509,1.6419
6.7298,508,1.6387
6.7342,509,1.6419
6.7385,508,1.6387
6.7428,508,1.6387
6.7471,508,1.6387
6.7514,509,1.6419
6.7557,510,1.6452
6.7600,509,1.6419
6.7643,509,1.6419
6.7686,509,1.6419
6.7729,510,1.6452
6.7772,510,1.6452
6.7815,509,1.6419
6.7858,502,1.6194
6.7901,492,1.5871
6.7945,488,1.5742
6.7987,500,1.6129
6.8030,526,1.6968
6.8073,563,1.8161
6.8116,609,1.9645
6.8159,650,2.0968
6.8202,667,2.1516
6.8245,650,2.0968
6.8288,615,1.9839
6.8331,568,1.8323
6.8374,524,1.6903
6.8417,497,1.6032
6.8460,484,1.5613
6.8503,482,1.5548
6.8546,487,1.5710
6.8589,494,1.5935
6.8632,498,1.6065
6.8675,500,1.6129
6.8718,500,1.6129
6.8761,501,1.6161
6.8804,501,1.6161
6.8847,502,1.6194
6.8890,501,1.6161
6.8933,503,1.6226
6.8976,503,1.6226
6.9019,502,1.6194
6.9062,502,1.6194
6.9105,502,1.6194
6.9148,503,1.6226
6.9191,504,1.6258
6.9234,505,1.6290
6.9277,503,1.6226
6.9320,504,1.6258
6.9363,505,1.6290
6.9406,505,1.6290
6.9449,506,1.6323
6.9492,506,1.6323
6.9535,507,1.6355
6.9578,507,1.6355
6.9621,506,1.6323
6.9664,505,1.6290
6.9706,507,1.6355
6.9749,506,1.6323
6.9793,508,1.6387
6.9836,510,1.6452
6.9879,513,1.6548
6.9922,516,1.6645
6.9965,520,1.6774
7.0008,523,1.6871
7.0051,526,1.6968
7.0093,528,1.7032
7.0136,532,1.7161
7.0180,534,1.7226
7.0223,537,1.7323
7.0266,540,1.7419
7.0309,542,1.7484
7.0352,545,1.7581
7.0395,545,1.7581
7.0438,546,1.7613
7.0481,546,1.7613
7.0524,547,1.7645
7.0566,547,1.7645
7.0610,547,1.7645
7.0652,544,1.7548
7.0695,542,1.7484
7.0739,540,1.7419
7.0783,538,1.7355
7.0827,538,1.7355
7.0870,534,1.7226
7.0913,531,1.7129
7.0956,528,1.7032
7.0999,524,1.6903
7.1042,520,1.6774
7.1084,517,1.6677
7.1127,515,1.6613
7.1170,511,1.6484
7.1213,507,1.6355
7.1256,503,1.6226
7.1299,500,1.6129
7.1342,497,1.6032
7.1385,496,1.6000
7.1428,497,1.6032
7.1471,496,1.6000
7.1514,496,1.6000
7.1557,497,1.6032
7.1600,498,1.6065
7.1643,498,1.6065
7.1686,497,1.6032
7.1729,498,1.6065
7.1772,499,1.6097
7.1815,499,1.6097
7.1858,500,1.6129
7.1901,502,1.6194
7.1944,502,1.6194
7.1987,501,1.6161
7.2030,501,1.6161
7.2073,502,1.6194
7.2116,502,1.6194
7.2159,503,1.6226
7.2202,502,1.6194
7.2245,503,1.6226
7.2288,503,1.6226
7.2331,503,1.6226
7.2374,503,1.6226
7.2417,504,1.6258
7.2460,504,1.6258
7.2503,504,1.6258
7.2546,505,1.6290
7.2589,504,1.6258
7.2632,505,1.6290
7.2675,503,1.6226
7.2718,503,1.6226
7.2760,504,1.6258
7.2803,505,1.6290
7.2847,504,1.6258
7.2890,505,1.6290
7.2933,506,1.6323
7.2976,507,1.6355
7.3019,507,1.6355
7.3062,507,1.6355
7.3107,507,1.6355
7.3150,507,1.6355
7.3194,507,1.6355
7.3238,508,1.6387
7.3281,507,1.6355
7.3324,507,1.6355
7.3367,506,1.6323
7.3410,508,1.6387
7.3453,508,1.6387
7.3496,508,1.6387
7.3539,509,1.6419
7.3582,510,1.6452
7.3625,510,1.6452
7.3668,509,1.6419
7.3711,509,1.6419
7.3754,509,1.6419
7.3797,510,1.6452
7.3840,513,1.6548
7.3883,518,1.6710
7.3926,521,1.6806
7.3969,525,1.6935
7.4012,527,1.7000
7.4055,529,1.7065
7.4098,531,1.7129
7.4140,532,1.7161
7.4183,532,1.7161
7.4226,531,1.7129
7.4269,528,1.7032
7.4316,524,1.6903
7.4360,521,1.6806
7.4403,517,1.6677
7.4446,513,1.6548
7.4489,508,1.6387
7.4532,506,1.6323
7.4575,505,1.6290
7.4618,505,1.6290
7.4661,506,1.6323
7.4704,507,1.6355
7.4748,508,1.6387
7.4791,509,1.6419
7.4834,509,1.6419
7.4877,508,1.6387
7.4920,508,1.6387
7.4963,509,1.6419
7.5006,508,1.6387
7.5049,509,1.6419
7.5092,508,1.6387
7.5135,508,1.6387
7.5178,509,1.6419
7.5221,509,1.6419
7.5264,509,1.6419
7.5307,508,1.6387
7.5350,503,1.6226
7.5393,496,1.6000
7.5436,490,1.5806
7.5479,496,1.6000
7.5522,519,1.6742
7.5565,555,1.7903
7.5607,600,1.9355
7.5650,643,2.0742
7.5693,665,2.1452
7.5736,656,2.1161
7.5779,623,2.0097
7.5822,580,1.8710
7.5865,532,1.7161
7.5908,501,1.6161
7.5951,485,1.5645
7.5994,483,1.5581
7.6037,486,1.5677
7.6080,493,1.5903
7.6126,497,1.6032
7.6170,499,1.6097
7.6213,499,1.6097
7.6256,499,1.6097
7.6299,500,1.6129
7.6342,501,1.6161
7.6385,500,1.6129
7.6429,501,1.6161
7.6472,501,1.6161
7.6515,500,1.6129
7.6558,500,1.6129
7.6601,501,1.6161
7.6644,503,1.6226
7.6687,504,1.6258
7.6730,504,1.6258
7.6773,503,1.6226
7.6816,503,1.6226
7.6859,503,1.6226
7.6902,504,1.6258
7.6945,505,1.6290
7.6988,505,1.6290
7.7031,504,1.6258
7.7074,504,1.6258
7.7117,505,1.6290
7.7160,505,1.6290
7.7203,505,1.6290
7.7246,505,1.6290
7.7289,505,1.6290
7.7332,507,1.6355
7.7375,511,1.6484
7.7418,515,1.6613
7.7461,518,1.6710
7.7504,522,1.6839
7.7547,526,1.6968
7.7590,529,1.7065
7.7633,531,1.7129
7.7676,535,1.7258
7.7719,538,1.7355
7.7762,539,1.7387
7.7805,541,1.7452
7.7848,542,1.7484
7.7891,544,1.7548
7.7934,546,1.7613
7.7977,547,1.7645
7.8020,548,1.7677
7.8063,547,1.7645
7.8106,546,1.7613
7.8149,544,1.7548
7.8192,542,1.7484
7.8235,540,1.7419
7.8278,539,1.7387
7.8321,537,1.7323
7.8364,534,1.7226
7.8407,530,1.7097
7.8450,528,1.7032
7.8493,525,1.6935
7.8536,523,1.6871
7.8579,518,1.6710
7.8622,514,1.6581
7.8665,510,1.6452
7.8707,507,1.6355
7.8750,504,1.6258
7.8794,502,1.6194
7.8837,499,1.6097
7.8879,497,1.6032
7.8922,497,1.6032
7.8966,496,1.6000
7.9009,497,1.6032
7.9052,497,1.6032
7.9094,499,1.6097
7.9137,499,1.6097
7.9180,500,1.6129
7.9223,499,1.6097
7.9266,498,1.6065
7.9309,499,1.6097
7.9352,500,1.6129
7.9395,500,1.6129
7.9439,500,1.6129
7.9481,500,1.6129
7.9524,500,1.6129
7.9567,500,1.6129
7.9610,501,1.6161
7.9653,502,1.6194
7.9696,503,1.6226
7.9740,503,1.6226
7.9784,504,1.6258
7.9827,503,1.6226
7.9870,502,1.6194
7.9913,502,1.6194
7.9956,502,1.6194
7.9999,502,1.6194
8.0042,504,1.6258
8.0085,505,1.6290
8.0128,506,1.6323
8.0171,505,1.6290
8.0214,506,1.6323
8.0257,505,1.6290
8.0300,504,1.6258
8.0342,504,1.6258
8.0385,505,1.6290
8.0428,508,1.6387
8.0472,507,1.6355
8.0514,506,1.6323
8.0558,506,1.6323
8.0601,507,1.6355
8.0644,507,1.6355
8.0686,506,1.6323
8.0729,507,1.6355
8.0772,508,1.6387
8.0815,507,1.6355
8.0858,506,1.6323
8.0901,507,1.6355
8.0944,507,1.6355
8.0986,507,1.6355
8.1030,508,1.6387
8.1073,508,1.6387
8.1116,508,1.6387
8.1159,509,1.6419
8.1201,509,1.6419
8.1244,510,1.6452
8.1287,510,1.6452
8.1330,514,1.6581
8.1374,519,1.6742
8.1417,523,1.6871
8.1460,524,1.6903
8.1503,528,1.7032
8.1545,529,1.7065
8.1588,532,1.7161
8.1631,533,1.7194
8.1674,533,1.7194
8.1716,532,1.7161
8.1760,530,1.7097
8.1802,528,1.7032
8.1845,525,1.6935
8.1888,521,1.6806
8.1932,516,1.6645
8.1975,513,1.6548
8.2018,509,1.6419
8.2062,508,1.6387
8.2116,508,1.6387
8.2160,508,1.6387
8.2204,508,1.6387
8.2247,509,1.6419
8.2290,510,1.6452
8.2333,510,1.6452
8.2376,510,1.6452
8.2418,510,1.6452
8.2462,510,1.6452
8.2504,510,1.6452
8.2547,510,1.6452
8.2590,510,1.6452
8.2633,512,1.6516
8.2675,511,1.6484
8.2718,512,1.6516
8.2761,512,1.6516
8.2807,510,1.6452
8.2850,505,1.6290
8.2893,496,1.6000
8.2936,489,1.5774
8.2979,496,1.6000
8.3021,519,1.6742
8.3064,556,1.7935
8.3107,598,1.9290
8.3150,640,2.0645
8.3192,665,2.1452
8.3235,659,2.1258
8.3278,627,2.0226
8.3321,582,1.8774
8.3363,536,1.7290
8.3406,504,1.6258
8.3449,486,1.5677
8.3492,482,1.5548
8.3535,487,1.5710
8.3577,494,1.5935
8.3624,498,1.6065
8.3667,500,1.6129
8.3710,500,1.6129
8.3753,500,1.6129
8.3795,501,1.6161
8.3838,502,1.6194
8.3881,502,1.6194
8.3924,503,1.6226
8.3967,502,1.6194
8.4010,502,1.6194
8.4053,501,1.6161
8.4096,502,1.6194
8.4139,502,1.6194
8.4182,501,1.6161
8.4225,500,1.6129
8.4268,500,1.6129
8.4311,501,1.6161
8.4354,503,1.6226
8.4397,503,1.6226
8.4440,503,1.6226
8.4483,503,1.6226
8.4526,503,1.6226
8.4570,502,1.6194
8.4613,502,1.6194
8.4656,503,1.6226
8.4700,503,1.6226
8.4743,503,1.6226
8.4786,503,1.6226
8.4830,507,1.6355
8.4873,510,1.6452
8.4916,514,1.6581
8.4960,517,1.6677
8.5004,521,1.6806
8.5047,523,1.6871
8.5091,526,1.6968
8.5138,530,1.7097
8.5182,533,1.7194
8.5225,536,1.7290
8.5268,538,1.7355
8.5311,541,1.7452
8.5354,543,1.7516
8.5397,544,1.7548
8.5440,544,1.7548
8.5484,545,1.7581
8.5527,544,1.7548
8.5569,545,1.7581
8.5612,544,1.7548
8.5655,543,1.7516
8.5698,541,1.7452
8.5741,540,1.7419
8.5784,539,1.7387
8.5826,537,1.7323
8.5869,533,1.7194
8.5912,531,1.7129
8.5955,528,1.7032
8.5997,525,1.6935
8.6040,521,1.6806
8.6082,516,1.6645
8.6125,513,1.6548
8.6168,511,1.6484
8.6210,507,1.6355
8.6253,505,1.6290
8.6295,502,1.6194
8.6338,498,1.6065
8.6380,495,1.5968
8.6423,495,1.5968
8.6465,496,1.6000
8.6508,497,1.6032
8.6551,498,1.6065
8.6594,498,1.6065
8.6637,499,1.6097
8.6680,498,1.6065
8.6722,499,1.6097
8.6765,499,1.6097
8.6808,501,1.6161
8.6851,501,1.6161
8.6894,502,1.6194
8.6938,501,1.6161
8.6980,500,1.6129
8.7023,501,1.6161
8.7066,501,1.6161
8.7109,502,1.6194
8.7152,503,1.6226
8.7195,504,1.6258
8.7237,503,1.6226
8.7280,503,1.6226
8.7323,504,1.6258
8.7366,502,1.6194
8.7408,503,1.6226
8.7451,504,1.6258
8.7494,505,1.6290
8.7537,505,1.6290
8.7580,505,1.6290
8.7622,505,1.6290
8.7665,504,1.6258
8.7708,505,1.6290
8.7751,506,1.6323
8.7794,505,1.6290
8.7837,506,1.6323
8.7879,505,1.6290
8.7922,506,1.6323
8.7965,506,1.6323
8.8008,506,1.6323
8.8051,505,1.6290
8.8094,506,1.6323
8.8137,507,1.6355
8.8180,507,1.6355
8.8223,508,1.6387
8.8265,508,1.6387
8.8308,508,1.6387
8.8351,507,1.6355
8.8394,508,1.6387
8.8436,507,1.6355
8.8479,508,1.6387
8.8522,508,1.6387
8.8565,509,1.6419
8.8608,510,1.6452
8.8650,510,1.6452
8.8693,510,1.6452
8.8735,511,1.6484
8.8778,512,1.6516
8.8821,515,1.6613
8.8863,519,1.6742
8.8905,521,1.6806
8.8948,525,1.6935
8.8991,526,1.6968
8.9033,528,1.7032
8.9076,529,1.7065
8.9118,529,1.7065
8.9161,531,1.7129
8.9203,531,1.7129
8.9246,528,1.7032
8.9288,526,1.6968
8.9331,523,1.6871
8.9373,519,1.6742
8.9416,516,1.6645
8.9460,513,1.6548
8.9503,510,1.6452
8.9545,508,1.6387
8.9589,508,1.6387
8.9632,508,1.6387
8.9674,508,1.6387
8.9717,508,1.6387
8.9760,508,1.6387
8.9803,508,1.6387
8.9846,508,1.6387
8.9889,508,1.6387
8.9931,508,1.6387
8.9974,508,1.6387
9.0017,508,1.6387
9.0060,508,1.6387
9.0103,508,1.6387
9.0146,508,1.6387
9.0188,509,1.6419
9.0231,510,1.6452
9.0274,509,1.6419
9.0317,507,1.6355
9.0360,500,1.6129
9.0403,492,1.5871
9.0446,489,1.5774
9.0489,499,1.6097
9.0531,524,1.6903
9.0574,562,1.8129
9.0617,608,1.9613
9.0660,648,2.0903
9.0702,666,2.1484
9.0745,654,2.1097
9.0788,617,1.9903
9.0831,571,1.8419
9.0873,528,1.7032
9.0916,499,1.6097
9.0959,486,1.5677
9.1002,482,1.5548
9.1045,487,1.5710
9.1088,493,1.5903
9.1132,497,1.6032
9.1175,500,1.6129
9.1219,500,1.6129
9.1262,500,1.6129
9.1305,500,1.6129
9.1347,501,1.6161
9.1390,502,1.6194
9.1432,503,1.6226
9.1475,502,1.6194
9.1518,503,1.6226
9.1561,504,1.6258
9.1603,504,1.6258
9.1646,503,1.6226
9.1688,503,1.6226
9.1731,502,1.6194
9.1774,504,1.6258
9.1817,504,1.6258
9.1860,504,1.6258
9.1902,504,1.6258
9.1945,504,1.6258
9.1988,504,1.6258
9.2031,505,1.6290
9.2073,507,1.6355
9.2116,507,1.6355
9.2158,507,1.6355
9.2201,507,1.6355
9.2244,507,1.6355
9.2287,508,1.6387
9.2329,509,1.6419
9.2371,510,1.6452
9.2414,514,1.6581
9.2456,518,1.6710
9.2499,521,1.6806
9.2542,524,1.6903
9.2584,525,1.6935
9.2627,530,1.7097
9.2670,533,1.7194
9.2713,535,1.7258
9.2755,539,1.7387
9.2799,539,1.7387
9.2841,542,1.7484
9.2889,544,1.7548
9.2932,546,1.7613
9.2974,547,1.7645
9.3017,547,1.7645
9.3060,546,1.7613
9.3104,544,1.7548
9.3146,544,1.7548
9.3189,544,1.7548
9.3232,542,1.7484
9.3274,539,1.7387
9.3317,536,1.7290
9.3360,534,1.7226
9.3403,532,1.7161
9.3446,529,1.7065
9.3490,526,1.6968
9.3533,522,1.6839
9.3575,518,1.6710
9.3618,515,1.6613
9.3660,511,1.6484
9.3703,508,1.6387
9.3746,504,1.6258
9.3790,502,1.6194
9.3833,498,1.6065
9.3875,496,1.6000
9.3918,495,1.5968
9.3961,496,1.6000
9.4003,497,1.6032
9.4046,497,1.6032
9.4089,498,1.6065
9.4133,498,1.6065
9.4176,498,1.6065
9.4220,499,1.6097
9.4262,499,1.6097
9.4305,500,1.6129
9.4347,500,1.6129
9.4390,502,1.6194
9.4432,502,1.6194
9.4475,500,1.6129
9.4517,500,1.6129
9.4560,500,1.6129
9.4603,501,1.6161
9.4645,501,1.6161
9.4688,501,1.6161
9.4731,502,1.6194
9.4773,503,1.6226
9.4816,504,1.6258
9.4859,503,1.6226
9.4903,502,1.6194
9.4946,503,1.6226
9.4988,504,1.6258
9.5031,505,1.6290
9.5073,505,1.6290
9.5116,505,1.6290
9.5159,505,1.6290
9.5202,506,1.6323
9.5244,506,1.6323
9.5287,506,1.6323
9.5329,507,1.6355
9.5372,507,1.6355
9.5414,508,1.6387
9.5457,507,1.6355
9.5499,507,1.6355
9.5542,508,1.6387
9.5585,508,1.6387
9.5628,508,1.6387
9.5671,508,1.6387
9.5715,507,1.6355
9.5758,508,1.6387
9.5801,508,1.6387
9.5844,508,1.6387
9.5887,509,1.6419
9.5930,509,1.6419
9.5973,508,1.6387
9.6016,508,1.6387
9.6060,508,1.6387
9.6103,508,1.6387
9.6146,509,1.6419
9.6189,511,1.6484
9.6232,511,1.6484
9.6275,511,1.6484
9.6318,514,1.6581
9.6361,518,1.6710
9.6404,521,1.6806
9.6447,524,1.6903
9.6490,527,1.7000
9.6533,530,1.7097
9.6576,530,1.7097
9.6618,530,1.7097
9.6661,530,1.7097
9.6703,530,1.7097
9.6746,529,1.7065
9.6790,526,1.6968
9.6833,524,1.6903
9.6876,521,1.6806
9.6918,517,1.6677
9.6961,513,1.6548
9.7004,509,1.6419
9.7046,508,1.6387
9.7089,507,1.6355
9.7132,507,1.6355
9.7174,508,1.6387
9.7217,509,1.6419
9.7260,510,1.6452
9.7302,510,1.6452
9.7346,511,1.6484
9.7388,511,1.6484
9.7431,510,1.6452
9.7473,511,1.6484
9.7516,510,1.6452
9.7560,510,1.6452
9.7603,510,1.6452
9.7646,509,1.6419
9.7689,508,1.6387
9.7732,509,1.6419
9.7775,509,1.6419
9.7818,507,1.6355
9.7861,501,1.6161
9.7904,492,1.5871
9.7947,489,1.5774
9.7990,500,1.6129
9.8033,527,1.7000
9.8076,565,1.8226
9.8119,609,1.9645
9.8163,651,2.1000
9.8206,666,2.1484
9.8249,650,2.0968
9.8291,613,1.9774
9.8334,568,1.8323
9.8377,524,1.6903
9.8421,498,1.6065
9.8463,485,1.5645
9.8506,483,1.5581
9.8549,488,1.5742
9.8592,495,1.5968
9.8635,499,1.6097
9.8677,500,1.6129
9.8720,500,1.6129
9.8763,500,1.6129
9.8805,500,1.6129
9.8848,499,1.6097
9.8890,500,1.6129
9.8933,501,1.6161
9.8976,501,1.6161
9.9018,502,1.6194
9.9061,501,1.6161
9.9104,501,1.6161
9.9147,501,1.6161
9.9189,504,1.6258
9.9232,504,1.6258
9.9274,503,1.6226
9.9317,504,1.6258
9.9360,504,1.6258
9.9402,505,1.6290
9.9445,505,1.6290
9.9488,505,1.6290
9.9531,504,1.6258
9.9574,505,1.6290
9.9617,506,1.6323
9.9660,505,1.6290
9.9703,505,1.6290
9.9746,505,1.6290
9.9789,506,1.6323
9.9832,508,1.6387
9.9875,511,1.6484
9.9918,513,1.6548
9.9961,517,1.6677
10.0005,520,1.6774
10.0054,524,1.6903
10.0099,528,1.7032
10.0153,531,1.7129
10.0198,533,1.7194
10.0243,537,1.7323
10.0288,539,1.7387
10.0339,542,1.7484
10.0386,543,1.7516
10.0430,544,1.7548
10.0474,545,1.7581
10.0517,545,1.7581
10.0560,547,1.7645
10.0603,547,1.7645
10.0646,545,1.7581
10.0689,544,1.7548
10.0732,540,1.7419
10.0774,538,1.7355
10.0817,536,1.7290
10.0860,533,1.7194
10.0902,531,1.7129
10.0945,527,1.7000
10.0988,524,1.6903
10.1031,520,1.6774
10.1074,516,1.6645
10.1117,513,1.6548
10.1160,510,1.6452
10.1202,506,1.6323
10.1245,504,1.6258
10.1288,500,1.6129
10.1330,496,1.6000
10.1373,494,1.5935
10.1415,492,1.5871
10.1459,494,1.5935
10.1501,494,1.5935
10.1544,495,1.5968
10.1587,495,1.5968
10.1630,497,1.6032
10.1673,497,1.6032
10.1716,497,1.6032
10.1759,497,1.6032
10.1803,498,1.6065
10.1846,498,1.6065
10.1889,499,1.6097
10.1932,499,1.6097
10.1974,499,1.6097
10.2017,500,1.6129
10.2060,500,1.6129
10.2104,500,1.6129
10.2147,501,1.6161
10.2190,502,1.6194
10.2233,501,1.6161
10.2276,501,1.6161
10.2319,501,1.6161
10.2362,502,1.6194
10.2404,502,1.6194
10.2447,501,1.6161
10.2490,502,1.6194
10.2533,503,1.6226
10.2576,504,1.6258
10.2619,503,1.6226
10.2663,503,1.6226
10.2706,503,1.6226
10.2749,503,1.6226
10.2792,504,1.6258
10.2835,504,1.6258
10.2878,505,1.6290
10.2921,505,1.6290
10.2964,506,1.6323
10.3006,506,1.6323
10.3049,506,1.6323
10.3093,507,1.6355
10.3137,506,1.6323
10.3181,507,1.6355
10.3224,507,1.6355
10.3267,507,1.6355
10.3311,507,1.6355
10.3354,507,1.6355
10.3397,508,1.6387
10.3440,510,1.6452
10.3483,510,1.6452
10.3526,509,1.6419
10.3569,509,1.6419
10.3612,508,1.6387
10.3655,508,1.6387
10.3698,508,1.6387
10.3741,508,1.6387
10.3785,510,1.6452
10.3828,513,1.6548
10.3871,517,1.6677
10.3914,522,1.6839
10.3957,526,1.6968
10.4000,529,1.7065
10.4043,531,1.7129
10.4086,533,1.7194
10.4129,533,1.7194
10.4172,532,1.7161
10.4215,531,1.7129
10.4258,529,1.7065
10.4301,528,1.7032
10.4343,525,1.6935
10.4386,522,1.6839
10.4429,518,1.6710
10.4472,513,1.6548
10.4515,510,1.6452
10.4558,507,1.6355
10.4601,508,1.6387
10.4645,508,1.6387
10.4688,508,1.6387
10.4732,507,1.6355
10.4775,509,1.6419
10.4818,509,1.6419
10.4861,510,1.6452
10.4905,510,1.6452
10.4948,510,1.6452
10.4991,509,1.6419
10.5035,510,1.6452
10.5078,509,1.6419
10.5121,509,1.6419
10.5165,509,1.6419
10.5208,509,1.6419
10.5251,510,1.6452
10.5294,511,1.6484
10.5338,505,1.6290
10.5381,497,1.6032
10.5424,491,1.5839
10.5468,494,1.5935
10.5511,510,1.6452
10.5554,544,1.7548
10.5598,587,1.8935
10.5641,629,2.0290
10.5684,662,2.1355
10.5727,662,2.1355
10.5770,636,2.0516
10.5813,593,1.9129
10.5856,546,1.7613
10.5899,509,1.6419
10.5942,489,1.5774
10.5985,484,1.5613
10.6027,486,1.5677
10.6070,491,1.5839
10.6113,496,1.6000
10.6156,499,1.6097
10.6199,500,1.6129
10.6242,500,1.6129
10.6285,500,1.6129
10.6328,500,1.6129
10.6371,501,1.6161
10.6414,501,1.6161
10.6457,501,1.6161
10.6500,502,1.6194
10.6543,502,1.6194
10.6586,503,1.6226
10.6629,504,1.6258
10.6673,504,1.6258
10.6716,503,1.6226
10.6760,503,1.6226
10.6804,503,1.6226
10.6847,504,1.6258
10.6890,505,1.6290
10.6933,506,1.6323
10.6977,506,1.6323
10.7020,507,1.6355
10.7063,506,1.6323
10.7106,505,1.6290
10.7150,505,1.6290
10.7193,506,1.6323
10.7236,506,1.6323
10.7280,507,1.6355
10.7323,508,1.6387
10.7366,510,1.6452
10.7410,514,1.6581
10.7453,518,1.6710
10.7496,522,1.6839
10.7539,524,1.6903
10.7583,528,1.7032
10.7626,531,1.7129
10.7669,534,1.7226
10.7712,537,1.7323
10.7755,539,1.7387
10.7798,542,1.7484
10.7841,544,1.7548
10.7884,544,1.7548
10.7927,544,1.7548
10.7970,545,1.7581
10.8013,545,1.7581
10.8055,546,1.7613
10.8098,544,1.7548
10.8141,544,1.7548
10.8184,543,1.7516
10.8227,540,1.7419
10.8270,537,1.7323
10.8313,537,1.7323
10.8356,534,1.7226
10.8399,533,1.7194
10.8442,529,1.7065
10.8485,526,1.6968
10.8528,523,1.6871
10.8570,518,1.6710
10.8613,514,1.6581
10.8656,511,1.6484
10.8700,507,1.6355
10.8744,505,1.6290
10.8789,502,1.6194
10.8832,500,1.6129
10.8875,498,1.6065
10.8918,498,1.6065
10.8962,498,1.6065
10.9005,498,1.6065
10.9048,497,1.6032
10.9092,497,1.6032
10.9139,497,1.6032
10.9183,498,1.6065
10.9228,499,1.6097
10.9271,500,1.6129
10.9314,500,1.6129
10.9357,501,1.6161
10.9401,501,1.6161
10.9444,501,1.6161
10.9487,500,1.6129
10.9531,500,1.6129
10.9574,502,1.6194
10.9617,502,1.6194
10.9661,502,1.6194
10.9704,502,1.6194
10.9747,502,1.6194
10.9791,503,1.6226
10.9834,503,1.6226
10.9877,502,1.6194
10.9920,503,1.6226
10.9962,503,1.6226
11.0005,503,1.6226
11.0048,504,1.6258
11.0091,503,1.6226
11.0134,503,1.6226
11.0177,504,1.6258
11.0221,504,1.6258
11.0264,505,1.6290
11.0307,505,1.6290
11.0350,507,1.6355
11.0393,506,1.6323
11.0436,505,1.6290
11.0479,505,1.6290
11.0522,505,1.6290
11.0564,506,1.6323
11.0607,505,1.6290
11.0651,506,1.6323
11.0694,506,1.6323
11.0737,507,1.6355
11.0781,508,1.6387
11.0824,508,1.6387
11.0867,509,1.6419
11.0915,508,1.6387
11.0960,508,1.6387
11.1003,508,1.6387
11.1047,508,1.6387
11.1090,507,1.6355
11.1133,507,1.6355
11.1177,508,1.6387
11.1220,509,1.6419
11.1263,510,1.6452
11.1307,511,1.6484
11.1350,515,1.6613
11.1393,519,1.6742
11.1436,522,1.6839
11.1480,526,1.6968
11.1523,529,1.7065
11.1566,531,1.7129
11.1610,532,1.7161
11.1653,532,1.7161
11.1696,532,1.7161
11.1740,529,1.7065
11.1784,527,1.7000
11.1827,525,1.6935
11.1870,521,1.6806
11.1912,517,1.6677
11.1955,514,1.6581
11.1998,510,1.6452
11.2041,508,1.6387
11.2084,508,1.6387
11.2128,508,1.6387
11.2171,508,1.6387
11.2215,509,1.6419
11.2258,509,1.6419
11.2301,509,1.6419
11.2344,508,1.6387
11.2387,511,1.6484
11.2429,511,1.6484
11.2472,511,1.6484
11.2515,510,1.6452
11.2558,509,1.6419
11.2601,509,1.6419
11.2644,509,1.6419
11.2687,510,1.6452
11.2730,510,1.6452
11.2773,509,1.6419
11.2815,508,1.6387
11.2858,502,1.6194
11.2901,494,1.5935
11.2944,489,1.5774
11.2987,498,1.6065
11.3029,522,1.6839
11.3072,558,1.8000
11.3115,602,1.9419
11.3158,643,2.0742
11.3201,663,2.1387
11.3244,651,2.1000
11.3286,618,1.9935
11.3329,573,1.8484
11.3372,530,1.7097
11.3415,501,1.6161
11.3457,487,1.5710
11.3500,483,1.5581
11.3543,486,1.5677
11.3586,492,1.5871
11.3628,497,1.6032
11.3671,499,1.6097
11.3715,499,1.6097
11.3758,498,1.6065
11.3801,499,1.6097
11.3844,500,1.6129
11.3888,501,1.6161
11.3931,500,1.6129
11.3974,500,1.6129
11.4017,501,1.6161
11.4060,502,1.6194
11.4103,503,1.6226
11.4146,503,1.6226
11.4189,504,1.6258
11.4232,505,1.6290
11.4275,505,1.6290
11.4319,505,1.6290
11.4363,505,1.6290
11.4406,506,1.6323
11.4448,505,1.6290
11.4491,506,1.6323
11.4534,505,1.6290
11.4577,504,1.6258
11.4620,505,1.6290
11.4663,505,1.6290
11.4706,507,1.6355
11.4749,507,1.6355
11.4792,507,1.6355
11.4835,509,1.6419
11.4878,513,1.6548
11.4920,517,1.6677
11.4963,520,1.6774
11.5006,522,1.6839
11.5049,526,1.6968
11.5092,528,1.7032
11.5134,531,1.7129
11.5177,534,1.7226
11.5220,538,1.7355
11.5263,539,1.7387
11.5305,541,1.7452
11.5348,544,1.7548
11.5391,545,1.7581
11.5434,546,1.7613
11.5476,546,1.7613
11.5519,547,1.7645
11.5561,548,1.7677
11.5604,546,1.7613
11.5647,544,1.7548
11.5690,543,1.7516
11.5733,541,1.7452
11.5776,539,1.7387
11.5820,536,1.7290
11.5862,534,1.7226
11.5905,532,1.7161
11.5949,528,1.7032
11.5992,525,1.6935
11.6035,519,1.6742
11.6078,516,1.6645
11.6121,514,1.6581
11.6163,511,1.6484
11.6207,508,1.6387
11.6250,505,1.6290
11.6293,502,1.6194
11.6336,498,1.6065
11.6379,496,1.6000
11.6423,496,1.6000
11.6466,497,1.6032
11.6509,496,1.6000
11.6552,496,1.6000
11.6595,497,1.6032
11.6638,496,1.6000
11.6682,498,1.6065
11.6725,499,1.6097
11.6768,500,1.6129
11.6812,499,1.6097
11.6855,500,1.6129
11.6898,500,1.6129
11.6942,501,1.6161
11.6985,501,1.6161
11.7028,502,1.6194
11.7071,503,1.6226
11.7115,502,1.6194
11.7158,503,1.6226
11.7201,504,1.6258
11.7245,504,1.6258
11.7288,503,1.6226
11.7331,503,1.6226
11.7374,502,1.6194
11.7417,504,1.6258
11.7460,504,1.6258
11.7503,503,1.6226
11.7546,503,1.6226
11.7589,503,1.6226
11.7632,504,1.6258
11.7675,504,1.6258
11.7718,504,1.6258
11.7761,505,1.6290
11.7805,506,1.6323
11.7848,506,1.6323
11.7891,506,1.6323
11.7934,506,1.6323
11.7977,506,1.6323
11.8020,507,1.6355
11.8065,508,1.6387
11.8108,508,1.6387
11.8152,507,1.6355
11.8207,507,1.6355
11.8255,505,1.6290
11.8299,507,1.6355
11.8342,507,1.6355
11.8385,507,1.6355
11.8427,507,1.6355
11.8471,508,1.6387
11.8514,509,1.6419
11.8557,510,1.6452
11.8600,509,1.6419
11.8643,509,1.6419
11.8686,508,1.6387
11.8729,508,1.6387
11.8772,509,1.6419
11.8815,511,1.6484
11.8858,515,1.6613
11.8901,519,1.6742
11.8944,522,1.6839
11.8986,527,1.7000
11.9032,529,1.7065
11.9075,530,1.7097
11.9118,531,1.7129
11.9160,531,1.7129
11.9203,531,1.7129
11.9246,528,1.7032
11.9289,525,1.6935
11.9332,523,1.6871
11.9374,521,1.6806
11.9417,517,1.6677
11.9459,511,1.6484
11.9502,508,1.6387
11.9545,505,1.6290
11.9588,504,1.6258
11.9631,506,1.6323
11.9673,506,1.6323
11.9718,507,1.6355
11.9760,508,1.6387
11.9803,507,1.6355
11.9846,508,1.6387
11.9888,508,1.6387
11.9931,508,1.6387
11.9973,508,1.6387
12.0016,508,1.6387
12.0059,509,1.6419
12.0101,510,1.6452
12.0144,509,1.6419
12.0186,509,1.6419
12.0229,509,1.6419
12.0272,511,1.6484
12.0314,509,1.6419
12.0357,502,1.6194
12.0399,495,1.5968
12.0442,490,1.5806
12.0484,497,1.6032
12.0527,519,1.6742
12.0569,556,1.7935
12.0612,599,1.9323
12.0655,644,2.0774
12.0697,664,2.1419
12.0740,656,2.1161
12.0784,621,2.0032
12.0826,577,1.8613
12.0869,532,1.7161
12.0912,502,1.6194
12.0955,487,1.5710
12.0998,484,1.5613
12.1041,488,1.5742
12.1084,494,1.5935
12.1128,499,1.6097
12.1172,501,1.6161
12.1216,502,1.6194
12.1259,502,1.6194
12.1302,502,1.6194
12.1345,502,1.6194
12.1388,501,1.6161
12.1431,501,1.6161
12.1474,502,1.6194
12.1517,502,1.6194
12.1560,503,1.6226
12.1603,505,1.6290
12.1646,504,1.6258
12.1688,505,1.6290
12.1733,504,1.6258
12.1776,504,1.6258
12.1819,505,1.6290
12.1862,506,1.6323
12.1904,505,1.6290
12.1947,506,1.6323
12.1989,506,1.6323
12.2032,506,1.6323
12.2075,507,1.6355
12.2117,508,1.6387
12.2160,508,1.6387
12.2202,506,1.6323
12.2245,506,1.6323
12.2287,506,1.6323
12.2330,507,1.6355
12.2373,509,1.6419
12.2415,514,1.6581
12.2459,517,1.6677
12.2501,519,1.6742
12.2544,523,1.6871
12.2586,527,1.7000
12.2629,530,1.7097
12.2671,533,1.7194
12.2714,535,1.7258
12.2756,537,1.7323
12.2800,539,1.7387
12.2843,542,1.7484
12.2885,543,1.7516
12.2928,544,1.7548
12.2971,546,1.7613
12.3014,546,1.7613
12.3056,546,1.7613
12.3099,545,1.7581
12.3142,544,1.7548
12.3185,543,1.7516
12.3227,540,1.7419
12.3270,537,1.7323
12.3313,536,1.7290
12.3355,533,1.7194
12.3399,532,1.7161
12.3441,528,1.7032
12.3484,525,1.6935
12.3527,521,1.6806
12.3570,519,1.6742
12.3613,516,1.6645
12.3656,512,1.6516
12.3698,509,1.6419
12.3741,507,1.6355
12.3784,503,1.6226
12.3827,499,1.6097
12.3870,497,1.6032
12.3913,496,1.6000
12.3956,496,1.6000
12.3998,497,1.6032
12.4041,498,1.6065
12.4084,498,1.6065
12.4127,498,1.6065
12.4169,498,1.6065
12.4212,498,1.6065
12.4255,499,1.6097
12.4298,499,1.6097
12.4341,500,1.6129
12.4383,501,1.6161
12.4426,502,1.6194
12.4469,502,1.6194
12.4512,502,1.6194
12.4554,502,1.6194
12.4597,502,1.6194
12.4640,502,1.6194
12.4683,503,1.6226
12.4725,502,1.6194
12.4768,502,1.6194
12.4812,503,1.6226
12.4855,503,1.6226
12.4898,502,1.6194
12.4940,504,1.6258
12.4983,503,1.6226
12.5026,504,1.6258
12.5068,504,1.6258
12.5111,504,1.6258
12.5154,504,1.6258
12.5197,505,1.6290
12.5240,504,1.6258
12.5283,505,1.6290
12.5326,504,1.6258
12.5368,506,1.6323
12.5411,505,1.6290
12.5454,507,1.6355
12.5497,508,1.6387
12.5539,507,1.6355
12.5582,506,1.6323
12.5625,506,1.6323
12.5667,506,1.6323
12.5710,507,1.6355
12.5753,508,1.6387
12.5796,508,1.6387
12.5839,508,1.6387
12.5882,508,1.6387
12.5925,507,1.6355
12.5967,507,1.6355
12.6010,507,1.6355
12.6053,508,1.6387
12.6096,509,1.6419
12.6138,508,1.6387
12.6181,508,1.6387
12.6224,508,1.6387
12.6267,509,1.6419
12.6309,512,1.6516
12.6352,516,1.6645
12.6395,519,1.6742
12.6438,523,1.6871
12.6480,525,1.6935
12.6523,528,1.7032
12.6566,530,1.7097
12.6609,531,1.7129
12.6651,532,1.7161
12.6694,532,1.7161
12.6737,529,1.7065
12.6780,527,1.7000
12.6823,525,1.6935
12.6866,521,1.6806
12.6909,516,1.6645
12.6951,513,1.6548
12.6994,510,1.6452
12.7037,507,1.6355
12.7081,507,1.6355
12.7125,507,1.6355
12.7169,508,1.6387
12.7213,507,1.6355
12.7256,508,1.6387
12.7299,509,1.6419
12.7342,509,1.6419
12.7384,508,1.6387
12.7427,508,1.6387
12.7470,509,1.6419
12.7513,509,1.6419
12.7556,510,1.6452
12.7598,510,1.6452
12.7641,510,1.6452
12.7684,510,1.6452
12.7727,510,1.6452
12.7771,509,1.6419
12.7814,508,1.6387
12.7857,503,1.6226
12.7900,495,1.5968
12.7943,490,1.5806
12.7986,499,1.6097
12.8029,523,1.6871
12.8072,559,1.8032
12.8115,604,1.9484
12.8159,645,2.0806
12.8201,666,2.1484
12.8244,656,2.1161
12.8287,620,2.0000
12.8331,576,1.8581
12.8374,530,1.7097
12.8417,501,1.6161
12.8460,486,1.5677
12.8503,484,1.5613
12.8552,488,1.5742
12.8595,494,1.5935
12.8638,499,1.6097
12.8681,501,1.6161
12.8724,501,1.6161
12.8767,501,1.6161
12.8810,502,1.6194
12.8853,501,1.6161
12.8896,502,1.6194
12.8939,501,1.6161
12.8982,502,1.6194
12.9025,504,1.6258
12.9068,504,1.6258
12.9111,504,1.6258
12.9154,504,1.6258
12.9197,504,1.6258
12.9240,503,1.6226
12.9283,504,1.6258
12.9326,505,1.6290
12.9369,505,1.6290
12.9412,506,1.6323
12.9455,507,1.6355
12.9497,507,1.6355
12.9540,505,1.6290
12.9584,506,1.6323
12.9627,505,1.6290
12.9670,507,1.6355
12.9713,506,1.6323
12.9756,506,1.6323
12.9799,507,1.6355
12.9842,509,1.6419
12.9885,512,1.6516
12.9929,515,1.6613
12.9972,519,1.6742
13.0015,522,1.6839
13.0059,526,1.6968
13.0103,527,1.7000
13.0148,530,1.7097
13.0193,535,1.7258
13.0237,538,1.7355
13.0280,540,1.7419
13.0324,541,1.7452
13.0367,543,1.7516
13.0411,545,1.7581
13.0454,546,1.7613
13.0497,546,1.7613
13.0541,545,1.7581
13.0584,546,1.7613
13.0627,544,1.7548
13.0671,543,1.7516
13.0714,541,1.7452
13.0758,539,1.7387
13.0802,537,1.7323
13.0845,535,1.7258
13.0889,533,1.7194
13.0932,528,1.7032
13.0975,527,1.7000
13.1018,524,1.6903
13.1061,520,1.6774
13.1104,516,1.6645
13.1147,512,1.6516
13.1190,510,1.6452
13.1233,507,1.6355
13.1276,504,1.6258
13.1319,500,1.6129
13.1362,497,1.6032
13.1405,495,1.5968
13.1448,496,1.6000
13.1491,496,1.6000
13.1534,497,1.6032
13.1577,496,1.6000
13.1620,498,1.6065
13.1663,498,1.6065
13.1706,498,1.6065
13.1749,499,1.6097
13.1792,500,1.6129
13.1836,500,1.6129
13.1879,500,1.6129
13.1923,501,1.6161
13.1966,500,1.6129
13.2010,500,1.6129
13.2053,501,1.6161
13.2096,502,1.6194
13.2140,502,1.6194
13.2183,503,1.6226
13.2227,503,1.6226
13.2270,503,1.6226
13.2313,503,1.6226
13.2356,505,1.6290
13.2400,504,1.6258
13.2443,503,1.6226
13.2487,504,1.6258
13.2530,504,1.6258
13.2573,503,1.6226
13.2617,505,1.6290
13.2661,505,1.6290
13.2704,506,1.6323
13.2747,506,1.6323
13.2791,506,1.6323
13.2834,506,1.6323
13.2877,506,1.6323
13.2921,506,1.6323
13.2964,506,1.6323
13.3007,506,1.6323
13.3050,505,1.6290
13.3093,504,1.6258
13.3135,505,1.6290
13.3178,505,1.6290
13.3221,506,1.6323
13.3264,506,1.6323
13.3307,506,1.6323
13.3350,506,1.6323
13.3393,506,1.6323
13.3436,506,1.6323
13.3479,507,1.6355
13.3522,507,1.6355
13.3565,506,1.6323
13.3608,508,1.6387
13.3651,508,1.6387
13.3694,508,1.6387
13.3737,509,1.6419
13.3780,510,1.6452
13.3823,512,1.6516
13.3866,516,1.6645
13.3910,520,1.6774
13.3953,523,1.6871
13.3996,526,1.6968
13.4040,529,1.7065
13.4083,531,1.7129
13.4127,531,1.7129
13.4170,530,1.7097
13.4213,530,1.7097
13.4256,527,1.7000
13.4300,526,1.6968
13.4343,522,1.6839
13.4387,519,1.6742
13.4430,516,1.6645
13.4473,512,1.6516
13.4518,509,1.6419
13.4561,507,1.6355
13.4604,508,1.6387
13.4648,509,1.6419
13.4691,509,1.6419
13.4734,507,1.6355
13.4778,509,1.6419
13.4821,509,1.6419
13.4864,509,1.6419
13.4908,510,1.6452
13.4951,510,1.6452
13.4994,511,1.6484
13.5037,510,1.6452
13.5080,511,1.6484
13.5123,512,1.6516
13.5166,511,1.6484
13.5209,512,1.6516
13.5252,511,1.6484
13.5295,511,1.6484
13.5338,506,1.6323
13.5381,498,1.6065
13.5424,491,1.5839
13.5467,491,1.5839
13.5510,508,1.6387
13.5553,539,1.7387
13.5596,581,1.8742
13.5639,625,2.0161
13.5682,659,2.1258
13.5725,663,2.1387
13.5768,639,2.0613
13.5811,598,1.9290
13.5854,551,1.7774
13.5897,513,1.6548
13.5941,491,1.5839
13.5984,485,1.5645
13.6028,485,1.5645
13.6071,491,1.5839
13.6118,496,1.6000
13.6163,498,1.6065
13.6207,499,1.6097
13.6250,500,1.6129
13.6296,500,1.6129
13.6339,501,1.6161
13.6387,502,1.6194
13.6430,502,1.6194
13.6474,502,1.6194
13.6518,502,1.6194
13.6562,503,1.6226
13.6605,503,1.6226
13.6649,503,1.6226
13.6692,503,1.6226
13.6735,504,1.6258
13.6779,504,1.6258
13.6823,503,1.6226
13.6867,504,1.6258
13.6911,504,1.6258
13.6955,505,1.6290
13.6998,505,1.6290
13.7040,504,1.6258
13.7083,505,1.6290
13.7126,506,1.6323
13.7170,506,1.6323
13.7213,507,1.6355
13.7256,507,1.6355
13.7298,507,1.6355
13.7341,508,1.6387
13.7385,511,1.6484
13.7428,515,1.6613
13.7471,518,1.6710
13.7514,521,1.6806
13.7557,526,1.6968
13.7600,529,1.7065
13.7643,532,1.7161
13.7686,534,1.7226
13.7732,537,1.7323
13.7775,540,1.7419
13.7818,542,1.7484
13.7861,544,1.7548
13.7904,544,1.7548
13.7947,544,1.7548
13.7990,545,1.7581
13.8033,547,1.7645
13.8076,548,1.7677
13.8119,546,1.7613
13.8162,545,1.7581
13.8205,543,1.7516
13.8248,541,1.7452
13.8291,538,1.7355
13.8334,534,1.7226
13.8377,532,1.7161
13.8421,530,1.7097
13.8464,527,1.7000
13.8507,524,1.6903
13.8552,519,1.6742
13.8595,516,1.6645
13.8638,513,1.6548
13.8681,510,1.6452
13.8724,506,1.6323
13.8767,502,1.6194
13.8811,499,1.6097
13.8854,497,1.6032
13.8897,495,1.5968
13.8940,495,1.5968
13.8983,494,1.5935
13.9026,496,1.6000
13.9069,497,1.6032
13.9119,497,1.6032
13.9165,497,1.6032
13.9209,498,1.6065
13.9252,499,1.6097
13.9294,499,1.6097
13.9337,501,1.6161
13.9379,500,1.6129
13.9422,500,1.6129
13.9465,501,1.6161
13.9507,500,1.6129
13.9550,501,1.6161
13.9593,501,1.6161
13.9635,501,1.6161
13.9678,502,1.6194
13.9720,502,1.6194
13.9763,503,1.6226
13.9806,503,1.6226
13.9848,504,1.6258
13.9891,503,1.6226
13.9934,503,1.6226
13.9978,504,1.6258
14.0020,505,1.6290
14.0063,505,1.6290
14.0106,504,1.6258
14.0148,504,1.6258
14.0191,504,1.6258
14.0233,505,1.6290
14.0276,505,1.6290
14.0319,505,1.6290
14.0361,505,1.6290
14.0404,506,1.6323
14.0447,507,1.6355
14.0489,508,1.6387
14.0532,507,1.6355
14.0574,506,1.6323
14.0617,507,1.6355
14.0660,507,1.6355
14.0702,508,1.6387
14.0745,508,1.6387
14.0787,506,1.6323
14.0830,506,1.6323
14.0872,507,1.6355
14.0916,506,1.6323
14.0959,507,1.6355
14.1002,507,1.6355
14.1045,507,1.6355
14.1088,508,1.6387
14.1131,507,1.6355
14.1174,508,1.6387
14.1217,509,1.6419
14.1260,509,1.6419
14.1303,511,1.6484
14.1346,514,1.6581
14.1388,519,1.6742
14.1432,522,1.6839
14.1475,526,1.6968
14.1517,527,1.7000
14.1560,528,1.7032
14.1603,530,1.7097
14.1646,531,1.7129
14.1689,530,1.7097
14.1731,528,1.7032
14.1774,526,1.6968
14.1817,524,1.6903
14.1860,522,1.6839
14.1903,518,1.6710
14.1946,515,1.6613
14.1989,511,1.6484
14.2032,508,1.6387
14.2075,508,1.6387
14.2118,507,1.6355
14.2160,508,1.6387
14.2203,507,1.6355
14.2246,508,1.6387
14.2289,508,1.6387
14.2332,508,1.6387
14.2375,509,1.6419
14.2418,510,1.6452
14.2461,510,1.6452
14.2504,509,1.6419
14.2547,508,1.6387
14.2590,508,1.6387
14.2633,509,1.6419
14.2676,510,1.6452
14.2719,510,1.6452
14.2761,511,1.6484
14.2804,510,1.6452
14.2847,505,1.6290
14.2890,497,1.6032
14.2933,490,1.5806
14.2976,493,1.5903
14.3019,511,1.6484
14.3061,546,1.7613
14.3104,588,1.8968
14.3147,633,2.0419
14.3190,662,2.1355
14.3233,660,2.1290
14.3276,629,2.0290
14.3319,588,1.8968
14.3361,541,1.7452
14.3404,507,1.6355
14.3447,488,1.5742
14.3491,482,1.5548
14.3534,485,1.5645
14.3577,492,1.5871
14.3620,497,1.6032
14.3663,500,1.6129
14.3706,501,1.6161
14.3749,501,1.6161
14.3792,501,1.6161
14.3834,501,1.6161
14.3877,501,1.6161
14.3920,502,1.6194
14.3963,501,1.6161
14.4006,502,1.6194
14.4049,502,1.6194
14.4092,503,1.6226
14.4135,504,1.6258
14.4178,503,1.6226
14.4221,504,1.6258
14.4264,506,1.6323
14.4307,505,1.6290
14.4350,505,1.6290
14.4392,505,1.6290
14.4435,504,1.6258
14.4478,504,1.6258
14.4521,505,1.6290
14.4564,506,1.6323
14.4607,507,1.6355
14.4650,506,1.6323
14.4693,506,1.6323
14.4736,507,1.6355
14.4779,507,1.6355
14.4822,509,1.6419
14.4865,512,1.6516
14.4908,514,1.6581
14.4951,518,1.6710
14.4994,520,1.6774
14.5036,524,1.6903
14.5079,527,1.7000
14.5122,530,1.7097
14.5170,535,1.7258
14.5214,536,1.7290
14.5257,539,1.7387
14.5300,542,1.7484
14.5343,544,1.7548
14.5386,543,1.7516
14.5429,545,1.7581
14.5472,547,1.7645
14.5515,547,1.7645
14.5559,547,1.7645
14.5603,545,1.7581
14.5646,544,1.7548
14.5689,543,1.7516
14.5733,540,1.7419
14.5776,541,1.7452
14.5819,538,1.7355
14.5862,535,1.7258
14.5905,530,1.7097
14.5948,528,1.7032
14.5991,525,1.6935
14.6035,520,1.6774
14.6078,517,1.6677
14.6121,513,1.6548
14.6164,511,1.6484
14.6207,508,1.6387
14.6254,505,1.6290
14.6297,501,1.6161
14.6340,499,1.6097
14.6389,497,1.6032
14.6433,498,1.6065
14.6475,498,1.6065
14.6519,497,1.6032
14.6562,497,1.6032
14.6605,498,1.6065
14.6648,499,1.6097
14.6691,499,1.6097
14.6734,499,1.6097
14.6777,498,1.6065
14.6820,499,1.6097
14.6863,499,1.6097
14.6906,499,1.6097
14.6949,500,1.6129
14.6992,501,1.6161
14.7035,501,1.6161
14.7078,501,1.6161
14.7121,502,1.6194
14.7164,502,1.6194
14.7207,502,1.6194
14.7250,503,1.6226
14.7293,503,1.6226
14.7336,503,1.6226
14.7379,503,1.6226
14.7422,504,1.6258
14.7465,504,1.6258
14.7508,505,1.6290
14.7551,504,1.6258
14.7594,504,1.6258
14.7638,504,1.6258
14.7681,505,1.6290
14.7723,505,1.6290
14.7766,505,1.6290
14.7809,505,1.6290
14.7853,507,1.6355
14.7896,507,1.6355
14.7939,506,1.6323
14.7984,507,1.6355
14.8027,507,1.6355
14.8070,507,1.6355
14.8114,508,1.6387
14.8159,508,1.6387
14.8203,509,1.6419
14.8247,509,1.6419
14.8290,510,1.6452
14.8333,510,1.6452
14.8375,509,1.6419
14.8418,509,1.6419
14.8462,510,1.6452
14.8505,510,1.6452
14.8548,510,1.6452
14.8591,510,1.6452
14.8634,509,1.6419
14.8677,510,1.6452
14.8719,511,1.6484
14.8762,511,1.6484
14.8804,513,1.6548
14.8847,517,1.6677
14.8890,521,1.6806
14.8932,524,1.6903
14.8975,527,1.7000
14.9017,528,1.7032
14.9060,528,1.7032
14.9103,530,1.7097
14.9146,529,1.7065
14.9189,531,1.7129
14.9232,530,1.7097
14.9274,528,1.7032
14.9317,526,1.6968
14.9360,522,1.6839
14.9402,520,1.6774
14.9445,516,1.6645
14.9488,512,1.6516
14.9530,508,1.6387
14.9573,507,1.6355
14.9616,507,1.6355
14.9660,508,1.6387
14.9703,507,1.6355
14.9746,508,1.6387
14.9789,509,1.6419
14.9832,509,1.6419
14.9875,508,1.6387
14.9918,508,1.6387
14.9961,508,1.6387
15.0004,509,1.6419
15.0047,509,1.6419
15.0090,508,1.6387
15.0146,508,1.6387
15.0191,509,1.6419
15.0236,507,1.6355
15.0280,507,1.6355
15.0325,505,1.6290
15.0371,499,1.6097
15.0416,490,1.5806
15.0460,489,1.5774
15.0503,502,1.6194
15.0546,531,1.7129
15.0589,571,1.8419
15.0632,617,1.9903
15.0675,655,2.1129
15.0719,666,2.1484
15.0761,645,2.0806
15.0804,606,1.9548
15.0847,559,1.8032
15.0891,519,1.6742
15.0934,494,1.5935
15.0977,484,1.5613
15.1020,483,1.5581
15.1063,488,1.5742
15.1106,494,1.5935
15.1149,497,1.6032
15.1192,499,1.6097
15.1235,499,1.6097
15.1278,500,1.6129
15.1321,500,1.6129
15.1364,501,1.6161
15.1407,501,1.6161
15.1450,502,1.6194
15.1493,502,1.6194
15.1536,500,1.6129
15.1579,502,1.6194
15.1622,502,1.6194
15.1665,503,1.6226
15.1709,502,1.6194
15.1751,502,1.6194
15.1794,503,1.6226
15.1837,503,1.6226
15.1880,505,1.6290
15.1924,504,1.6258
15.1967,505,1.6290
15.2011,505,1.6290
15.2055,505,1.6290
15.2098,505,1.6290
15.2141,505,1.6290
15.2184,506,1.6323
15.2227,506,1.6323
15.2270,505,1.6290
15.2318,506,1.6323
15.2361,509,1.6419
15.2403,512,1.6516
15.2446,516,1.6645
15.2489,519,1.6742
15.2533,521,1.6806
15.2576,525,1.6935
15.2619,527,1.7000
15.2662,532,1.7161
15.2705,535,1.7258
15.2748,536,1.7290
15.2791,538,1.7355
15.2834,541,1.7452
15.2877,543,1.7516
15.2920,546,1.7613
15.2963,547,1.7645
15.3006,547,1.7645
15.3049,545,1.7581
15.3092,545,1.7581
15.3135,544,1.7548
15.3178,544,1.7548
15.3221,541,1.7452
15.3264,539,1.7387
15.3307,536,1.7290
15.3350,533,1.7194
15.3393,531,1.7129
15.3436,528,1.7032
15.3479,524,1.6903
15.3522,521,1.6806
15.3565,517,1.6677
15.3608,514,1.6581
15.3651,511,1.6484
15.3694,508,1.6387
15.3737,505,1.6290
15.3781,501,1.6161
15.3824,498,1.6065
15.3866,494,1.5935
15.3909,495,1.5968
15.3953,496,1.6000
15.3996,496,1.6000
15.4039,496,1.6000
15.4082,497,1.6032
15.4128,497,1.6032
15.4172,499,1.6097
15.4216,499,1.6097
15.4261,498,1.6065
15.4304,499,1.6097
15.4347,499,1.6097
15.4390,500,1.6129
15.4433,501,1.6161
15.4476,500,1.6129
15.4520,501,1.6161
15.4563,501,1.6161
15.4605,501,1.6161
15.4648,502,1.6194
15.4690,502,1.6194
15.4733,502,1.6194
15.4776,503,1.6226
15.4818,503,1.6226
15.4861,504,1.6258
15.4903,503,1.6226
15.4946,504,1.6258
15.4989,503,1.6226
15.5031,505,1.6290
15.5075,505,1.6290
15.5117,504,1.6258
15.5160,505,1.6290
15.5202,505,1.6290
15.5245,506,1.6323
15.5288,506,1.6323
15.5331,506,1.6323
15.5373,507,1.6355
15.5416,507,1.6355
15.5459,507,1.6355
15.5501,507,1.6355
15.5544,508,1.6387
15.5587,508,1.6387
15.5630,508,1.6387
15.5672,508,1.6387
15.5715,509,1.6419
15.5758,510,1.6452
15.5801,509,1.6419
15.5844,510,1.6452
15.5886,509,1.6419
15.5929,511,1.6484
15.5972,510,1.6452
15.6014,510,1.6452
15.6057,511,1.6484
15.6099,510,1.6452
15.6142,510,1.6452
15.6185,509,1.6419
15.6228,511,1.6484
15.6270,511,1.6484
15.6313,513,1.6548
15.6355,517,1.6677
15.6398,521,1.6806
15.6441,525,1.6935
15.6483,527,1.7000
15.6526,528,1.7032
15.6569,531,1.7129
15.6611,532,1.7161
15.6654,532,1.7161
15.6697,531,1.7129
15.6739,531,1.7129
15.6782,529,1.7065
15.6824,526,1.6968
15.6867,522,1.6839
15.6909,519,1.6742
15.6952,516,1.6645
15.6995,511,1.6484
15.7038,508,1.6387
15.7082,508,1.6387
15.7127,508,1.6387
15.7179,509,1.6419
15.7223,510,1.6452
15.7266,510,1.6452
15.7309,509,1.6419
15.7352,508,1.6387
15.7395,510,1.6452
15.7438,510,1.6452
15.7480,510,1.6452
15.7523,511,1.6484
15.7566,512,1.6516
15.7609,511,1.6484
15.7652,510,1.6452
15.7695,511,1.6484
15.7738,511,1.6484
15.7780,510,1.6452
15.7823,508,1.6387
15.7866,501,1.6161
15.7909,493,1.5903
15.7952,490,1.5806
15.7995,501,1.6161
15.8040,527,1.7000
15.8083,565,1.8226
15.8125,610,1.9677
15.8168,650,2.0968
15.8211,665,2.1452
15.8253,650,2.0968
15.8296,613,1.9774
15.8339,568,1.8323
15.8381,524,1.6903
15.8424,497,1.6032
15.8467,485,1.5645
15.8510,483,1.5581
15.8553,487,1.5710
15.8595,494,1.5935
15.8638,498,1.6065
15.8680,499,1.6097
15.8723,499,1.6097
15.8765,500,1.6129
15.8808,501,1.6161
15.8851,501,1.6161
15.8893,501,1.6161
15.8936,501,1.6161
15.8978,501,1.6161
15.9021,503,1.6226
15.9064,502,1.6194
15.9107,503,1.6226
15.9150,502,1.6194
15.9193,502,1.6194
15.9236,503,1.6226
15.9279,504,1.6258
15.9322,504,1.6258
15.9365,504,1.6258
15.9407,504,1.6258
15.9450,505,1.6290
15.9493,505,1.6290
15.9536,505,1.6290
15.9579,507,1.6355
15.9622,507,1.6355
15.9665,506,1.6323
15.9708,507,1.6355
15.9751,507,1.6355
15.9794,506,1.6323
15.9837,509,1.6419
15.9880,511,1.6484
15.9923,515,1.6613
15.9966,518,1.6710
16.0009,521,1.6806
16.0052,524,1.6903
16.0094,527,1.7000
16.0137,532,1.7161
16.0180,534,1.7226
16.0223,538,1.7355
16.0266,541,1.7452
16.0309,543,1.7516
16.0352,545,1.7581
16.0395,544,1.7548
16.0438,545,1.7581
16.0481,545,1.7581
16.0524,545,1.7581
16.0567,546,1.7613
16.0610,547,1.7645
16.0653,545,1.7581
16.0696,544,1.7548
16.0739,542,1.7484
16.0782,539,1.7387
16.0824,536,1.7290
16.0867,534,1.7226
16.0910,530,1.7097
16.0953,528,1.7032
16.0996,525,1.6935
16.1039,520,1.6774
16.1082,518,1.6710
16.1125,515,1.6613
16.1168,511,1.6484
16.1211,508,1.6387
16.1254,506,1.6323
16.1300,502,1.6194
16.1344,498,1.6065
16.1387,497,1.6032
16.1429,497,1.6032
16.1472,498,1.6065
16.1516,498,1.6065
16.1559,498,1.6065
16.1602,498,1.6065
16.1645,499,1.6097
16.1688,499,1.6097
16.1731,499,1.6097
16.1774,499,1.6097
16.1817,500,1.6129
16.1860,501,1.6161
16.1903,501,1.6161
16.1946,501,1.6161
16.1989,500,1.6129
16.2032,501,1.6161
16.2076,502,1.6194
16.2120,502,1.6194
16.2163,504,1.6258
16.2205,504,1.6258
16.2248,503,1.6226
16.2290,504,1.6258
16.2333,503,1.6226
16.2376,503,1.6226
16.2419,503,1.6226
16.2461,504,1.6258
16.2504,505,1.6290
16.2546,504,1.6258
16.2589,504,1.6258
16.2632,504,1.6258
16.2674,506,1.6323
16.2717,506,1.6323
16.2760,507,1.6355
16.2802,507,1.6355
16.2845,507,1.6355
16.2888,506,1.6323
16.2930,507,1.6355
16.2974,507,1.6355
16.3017,508,1.6387
16.3060,507,1.6355
16.3102,507,1.6355
16.3146,506,1.6323
16.3190,507,1.6355
16.3234,508,1.6387
16.3280,508,1.6387
16.3323,508,1.6387
16.3367,509,1.6419
16.3409,509,1.6419
16.3452,508,1.6387
16.3494,507,1.6355
16.3537,508,1.6387
16.3580,509,1.6419
16.3622,509,1.6419
16.3665,511,1.6484
16.3708,511,1.6484
16.3750,511,1.6484
16.3793,512,1.6516
16.3836,514,1.6581
16.3878,518,1.6710
16.3960,524,1.6903
16.4003,528,1.7032
16.4046,530,1.7097
16.4089,531,1.7129
16.4132,533,1.7194
16.4174,532,1.7161
16.4217,532,1.7161
16.4259,530,1.7097
16.4302,526,1.6968
16.4345,523,1.6871
16.4390,518,1.6710
16.4432,515,1.6613
16.4475,512,1.6516
16.4517,509,1.6419
16.4560,507,1.6355
16.4603,507,1.6355
16.4645,508,1.6387
16.4688,508,1.6387
16.4730,508,1.6387
16.4773,509,1.6419
16.4816,509,1.6419
16.4859,507,1.6355
16.4901,507,1.6355
16.4944,507,1.6355
16.4986,508,1.6387
16.5029,508,1.6387
16.5072,509,1.6419
16.5115,508,1.6387
16.5157,509,1.6419
16.5200,509,1.6419
16.5243,510,1.6452
16.5285,511,1.6484
16.5328,508,1.6387
16.5371,502,1.6194
16.5413,493,1.5903
16.5456,490,1.5806
16.5498,500,1.6129
16.5541,527,1.7000
16.5583,565,1.8226
16.5626,609,1.9645
16.5669,650,2.0968
16.5711,665,2.1452
16.5754,651,2.1000
16.5796,614,1.9806
16.5839,567,1.8290
16.5881,524,1.6903
16.5924,497,1.6032
16.5967,485,1.5645
16.6009,483,1.5581
16.6052,487,1.5710
16.6095,494,1.5935
16.6139,498,1.6065
16.6184,499,1.6097
16.6228,499,1.6097
16.6271,500,1.6129
16.6314,500,1.6129
16.6357,501,1.6161
16.6400,500,1.6129
16.6444,501,1.6161
16.6488,502,1.6194
16.6531,502,1.6194
16.6574,502,1.6194
16.6617,502,1.6194
16.6661,502,1.6194
16.6704,502,1.6194
16.6746,501,1.6161
16.6789,501,1.6161
16.6832,503,1.6226
16.6875,503,1.6226
16.6918,504,1.6258
16.6961,505,1.6290
16.7004,505,1.6290
16.7047,504,1.6258
16.7090,504,1.6258
16.7133,504,1.6258
16.7176,504,1.6258
16.7219,504,1.6258
16.7261,505,1.6290
16.7304,506,1.6323
16.7347,509,1.6419
16.7389,512,1.6516
16.7432,514,1.6581
16.7475,518,1.6710
16.7517,522,1.6839
16.7560,524,1.6903
16.7603,528,1.7032
16.7645,532,1.7161
16.7688,534,1.7226
16.7731,537,1.7323
16.7773,539,1.7387
16.7816,542,1.7484
16.7860,544,1.7548
16.7902,544,1.7548
16.7945,546,1.7613
16.7988,547,1.7645
16.8030,547,1.7645
16.8073,547,1.7645
16.8117,545,1.7581
16.8160,544,1.7548
16.8203,541,1.7452
16.8246,540,1.7419
16.8289,538,1.7355
16.8332,537,1.7323
16.8375,534,1.7226
16.8418,531,1.7129
16.8461,528,1.7032
16.8504,526,1.6968
16.8547,522,1.6839
16.8590,517,1.6677
16.8632,515,1.6613
16.8675,512,1.6516
16.8718,508,1.6387
16.8761,504,1.6258
16.8804,501,1.6161
16.8847,497,1.6032
16.8890,494,1.5935
16.8933,494,1.5935
16.8976,495,1.5968
16.9019,495,1.5968
16.9062,497,1.6032
16.9105,498,1.6065
16.9148,499,1.6097
16.9191,497,1.6032
16.9233,498,1.6065
16.9276,499,1.6097
16.9319,500,1.6129
16.9361,500,1.6129
16.9404,500,1.6129
16.9446,501,1.6161
16.9489,502,1.6194
16.9532,501,1.6161
16.9574,503,1.6226
16.9617,504,1.6258
16.9660,504,1.6258
16.9703,504,1.6258
16.9745,504,1.6258
16.9788,504,1.6258
16.9830,503,1.6226
16.9873,503,1.6226
16.9916,503,1.6226
16.9959,502,1.6194
17.0001,503,1.6226
17.0044,504,1.6258
17.0087,505,1.6290
17.0130,506,1.6323
17.0173,506,1.6323
17.0216,506,1.6323
17.0259,507,1.6355
17.0302,506,1.6323
17.0345,506,1.6323
17.0388,506,1.6323
17.0431,507,1.6355
17.0474,507,1.6355
17.0517,507,1.6355
17.0560,507,1.6355
17.0603,507,1.6355
17.0646,508,1.6387
17.0688,508,1.6387
17.0731,507,1.6355
17.0775,508,1.6387
17.0818,508,1.6387
17.0860,508,1.6387
17.0903,508,1.6387
17.0946,508,1.6387
17.0989,508,1.6387
17.1032,508,1.6387
17.1075,508,1.6387
17.1118,508,1.6387
17.1161,508,1.6387
17.1204,509,1.6419
17.1247,510,1.6452
17.1289,511,1.6484
17.1332,513,1.6548
17.1375,518,1.6710
17.1417,522,1.6839
17.1460,526,1.6968
17.1503,529,1.7065
17.1545,530,1.7097
17.1588,530,1.7097
17.1630,531,1.7129
17.1673,531,1.7129
17.1716,529,1.7065
17.1759,527,1.7000
17.1802,525,1.6935
17.1844,522,1.6839
17.1887,519,1.6742
17.1930,517,1.6677
17.1972,512,1.6516
17.2015,509,1.6419
17.2058,506,1.6323
17.2101,506,1.6323
17.2146,507,1.6355
17.2190,508,1.6387
17.2234,507,1.6355
17.2277,508,1.6387
17.2320,508,1.6387
17.2363,507,1.6355
17.2406,507,1.6355
17.2449,508,1.6387
17.2491,508,1.6387
17.2535,508,1.6387
17.2578,509,1.6419
17.2621,508,1.6387
17.2664,509,1.6419
17.2707,509,1.6419
17.2751,508,1.6387
17.2794,508,1.6387
17.2836,505,1.6290
17.2879,498,1.6065
17.2922,490,1.5806
17.2965,489,1.5774
17.3009,504,1.6258
17.3052,535,1.7258
17.3095,576,1.8581
17.3138,622,2.0065
17.3181,658,2.1226
17.3223,665,2.1452
17.3266,644,2.0774
17.3308,604,1.9484
17.3351,557,1.7968
17.3394,515,1.6613
17.3437,493,1.5903
17.3479,484,1.5613
17.3522,484,1.5613
17.3565,490,1.5806
17.3607,497,1.6032
17.3650,500,1.6129
17.3693,500,1.6129
17.3735,499,1.6097
17.3778,499,1.6097
17.3821,501,1.6161
17.3864,501,1.6161
17.3906,500,1.6129
17.3949,501,1.6161
17.3992,503,1.6226
17.4034,502,1.6194
17.4077,503,1.6226
17.4120,504,1.6258
17.4163,504,1.6258
17.4207,503,1.6226
17.4250,504,1.6258
17.4293,504,1.6258
17.4336,504,1.6258
17.4379,503,1.6226
17.4422,504,1.6258
17.4465,505,1.6290
17.4508,505,1.6290
17.4551,506,1.6323
17.4594,506,1.6323
17.4637,507,1.6355
17.4680,508,1.6387
17.4723,508,1.6387
17.4766,507,1.6355
17.4809,507,1.6355
17.4852,510,1.6452
17.4894,513,1.6548
17.4937,516,1.6645
17.4980,520,1.6774
17.5023,522,1.6839
17.5066,526,1.6968
17.5110,530,1.7097
17.5154,533,1.7194
17.5198,535,1.7258
17.5242,539,1.7387
17.5284,541,1.7452
17.5327,542,1.7484
17.5369,544,1.7548
17.5412,545,1.7581
17.5455,546,1.7613
17.5497,545,1.7581
17.5540,546,1.7613
17.5582,547,1.7645
17.5625,545,1.7581
17.5668,545,1.7581
17.5711,542,1.7484
17.5754,540,1.7419
17.5797,539,1.7387
17.5839,537,1.7323
17.5882,534,1.7226
17.5925,530,1.7097
17.5967,526,1.6968
17.6010,523,1.6871
17.6052,520,1.6774
17.6095,515,1.6613
17.6138,512,1.6516
17.6181,508,1.6387
17.6223,506,1.6323
17.6266,504,1.6258
17.6309,502,1.6194
17.6351,499,1.6097
17.6394,498,1.6065
17.6436,497,1.6032
17.6479,498,1.6065
17.6522,497,1.6032
17.6564,497,1.6032
17.6607,497,1.6032
17.6649,498,1.6065
17.6692,499,1.6097
17.6735,499,1.6097
17.6777,498,1.6065
17.6820,498,1.6065
17.6863,499,1.6097
17.6906,498,1.6065
17.6948,499,1.6097
17.6991,501,1.6161
17.7033,501,1.6161
17.7076,501,1.6161
17.7119,501,1.6161
17.7161,501,1.6161
17.7204,501,1.6161
17.7247,501,1.6161
17.7290,502,1.6194
17.7333,502,1.6194
17.7375,502,1.6194
17.7419,502,1.6194
17.7462,503,1.6226
17.7504,503,1.6226
17.7548,502,1.6194
17.7590,502,1.6194
17.7633,502,1.6194
17.7676,504,1.6258
17.7719,504,1.6258
17.7762,504,1.6258
17.7805,504,1.6258
17.7848,505,1.6290
17.7891,506,1.6323
17.7934,507,1.6355
17.7976,507,1.6355
17.8019,507,1.6355
17.8062,508,1.6387
17.8105,508,1.6387
17.8148,508,1.6387
17.8191,509,1.6419
17.8234,509,1.6419
17.8277,509,1.6419
17.8320,510,1.6452
17.8363,510,1.6452
17.8406,509,1.6419
17.8449,509,1.6419
17.8492,509,1.6419
17.8535,509,1.6419
17.8577,509,1.6419
17.8621,509,1.6419
17.8663,508,1.6387
17.8709,508,1.6387
17.8753,507,1.6355
17.8796,510,1.6452
17.8839,514,1.6581
17.8881,518,1.6710
17.8925,521,1.6806
17.8967,524,1.6903
17.9010,527,1.7000
17.9053,528,1.7032
17.9097,530,1.7097
17.9140,532,1.7161
17.9183,531,1.7129
17.9225,531,1.7129
17.9268,529,1.7065
17.9311,526,1.6968
17.9354,522,1.6839
17.9396,518,1.6710
17.9439,516,1.6645
17.9481,512,1.6516
17.9524,508,1.6387
17.9567,507,1.6355
17.9609,508,1.6387
17.9652,507,1.6355
17.9694,507,1.6355
17.9737,508,1.6387
17.9780,509,1.6419
17.9823,508,1.6387
17.9865,509,1.6419
17.9908,510,1.6452
17.9950,510,1.6452
17.9993,509,1.6419
18.0035,508,1.6387
18.0078,509,1.6419
18.0121,508,1.6387
18.0163,509,1.6419
18.0206,510,1.6452
18.0248,509,1.6419
18.0291,509,1.6419
18.0334,505,1.6290
18.0377,498,1.6065
18.0420,491,1.5839
18.0463,489,1.5774
18.0506,502,1.6194
18.0549,531,1.7129
18.0591,572,1.8452
18.0634,615,1.9839
18.0677,655,2.1129
18.0720,668,2.1548
18.0763,647,2.0871
18.0806,607,1.9581
18.0849,562,1.8129
18.0892,519,1.6742
18.0935,494,1.5935
18.0978,484,1.5613
18.1021,484,1.5613
18.1064,490,1.5806
18.1107,496,1.6000
18.1151,499,1.6097
18.1195,500,1.6129
18.1239,500,1.6129
18.1283,500,1.6129
18.1326,501,1.6161
18.1369,502,1.6194
18.1411,503,1.6226
18.1454,501,1.6161
18.1496,502,1.6194
18.1543,502,1.6194
18.1586,502,1.6194
18.1629,502,1.6194
18.1671,502,1.6194
18.1714,503,1.6226
18.1756,503,1.6226
18.1799,504,1.6258
18.1841,505,1.6290
18.1884,506,1.6323
18.1927,506,1.6323
18.1969,505,1.6290
18.2012,505,1.6290
18.2054,505,1.6290
18.2097,505,1.6290
18.2139,504,1.6258
18.2182,505,1.6290
18.2224,505,1.6290
18.2267,505,1.6290
18.2310,507,1.6355
18.2352,509,1.6419
18.2395,512,1.6516
18.2438,516,1.6645
18.2480,521,1.6806
18.2522,524,1.6903
18.2565,528,1.7032
18.2608,530,1.7097
18.2650,532,1.7161
18.2693,537,1.7323
18.2736,538,1.7355
18.2778,540,1.7419
18.2821,541,1.7452
18.2864,544,1.7548
18.2906,544,1.7548
18.2949,545,1.7581
18.2991,545,1.7581
18.3034,546,1.7613
18.3076,547,1.7645
18.3119,546,1.7613
18.3162,545,1.7581
18.3204,543,1.7516
18.3248,540,1.7419
18.3291,539,1.7387
18.3334,536,1.7290
18.3377,534,1.7226
18.3420,532,1.7161
18.3463,529,1.7065
18.3506,525,1.6935
18.3549,521,1.6806
18.3592,517,1.6677
18.3635,514,1.6581
18.3678,512,1.6516
18.3721,510,1.6452
18.3764,506,1.6323
18.3807,501,1.6161
18.3850,498,1.6065
18.3893,497,1.6032
18.3936,497,1.6032
18.3978,497,1.6032
18.4022,497,1.6032
18.4065,497,1.6032
18.4108,499,1.6097
18.4152,500,1.6129
18.4196,500,1.6129
18.4240,500,1.6129
18.4283,500,1.6129
18.4326,501,1.6161
18.4368,500,1.6129
18.4411,501,1.6161
18.4453,501,1.6161
18.4496,502,1.6194
18.4539,502,1.6194
18.4581,503,1.6226
18.4624,502,1.6194
18.4666,502,1.6194
18.4709,502,1.6194
18.4752,503,1.6226
18.4794,503,1.6226
18.4837,503,1.6226
18.4880,504,1.6258
18.4922,503,1.6226
18.4969,503,1.6226
18.5011,503,1.6226
18.5054,502,1.6194
18.5096,503,1.6226
18.5139,503,1.6226
18.5181,504,1.6258
18.5224,504,1.6258
18.5266,504,1.6258
18.5309,505,1.6290
18.5353,506,1.6323
18.5395,506,1.6323
18.5438,506,1.6323
18.5482,506,1.6323
18.5524,507,1.6355
18.5567,506,1.6323
18.5610,506,1.6323
18.5653,507,1.6355
18.5696,507,1.6355
18.5739,507,1.6355
18.5782,507,1.6355
18.5824,507,1.6355
18.5867,508,1.6387
18.5910,508,1.6387
18.5953,508,1.6387
18.5996,509,1.6419
18.6039,510,1.6452
18.6082,510,1.6452
18.6125,512,1.6516
18.6168,511,1.6484
18.6211,510,1.6452
18.6254,511,1.6484
18.6297,513,1.6548
18.6340,515,1.6613
18.6382,518,1.6710
18.6425,522,1.6839
18.6468,526,1.6968
18.6511,528,1.7032
18.6554,529,1.7065
18.6597,531,1.7129
18.6640,531,1.7129
18.6683,531,1.7129
18.6726,530,1.7097
18.6768,529,1.7065
18.6812,527,1.7000
18.6854,523,1.6871
18.6897,519,1.6742
18.6941,516,1.6645
18.6984,511,1.6484
18.7026,508,1.6387
18.7069,507,1.6355
18.7112,506,1.6323
18.7155,506,1.6323
18.7198,507,1.6355
18.7241,508,1.6387
18.7284,508,1.6387
18.7327,508,1.6387
18.7370,508,1.6387
18.7413,508,1.6387
18.7456,509,1.6419
18.7499,509,1.6419
18.7542,509,1.6419
18.7585,509,1.6419
18.7627,509,1.6419
18.7670,510,1.6452
18.7713,510,1.6452
18.7756,509,1.6419
18.7799,511,1.6484
18.7842,507,1.6355
18.7884,500,1.6129
18.7927,491,1.5839
18.7971,491,1.5839
18.8013,507,1.6355
18.8056,537,1.7323
18.8099,577,1.8613
18.8142,621,2.0032
18.8185,656,2.1161
18.8228,663,2.1387
18.8271,640,2.0645
18.8314,599,1.9323
18.8357,551,1.7774
18.8399,512,1.6516
18.8443,492,1.5871
18.8485,484,1.5613
18.8528,484,1.5613
18.8571,488,1.5742
18.8614,495,1.5968
18.8657,498,1.6065
18.8700,500,1.6129
18.8743,501,1.6161
18.8786,502,1.6194
18.8829,502,1.6194
18.8872,502,1.6194
18.8915,502,1.6194
18.8958,502,1.6194
18.9001,502,1.6194
18.9044,502,1.6194
18.9087,502,1.6194
18.9130,503,1.6226
18.9173,502,1.6194
18.9216,504,1.6258
18.9259,504,1.6258
18.9302,503,1.6226
18.9345,503,1.6226
18.9388,503,1.6226
18.9431,504,1.6258
18.9473,503,1.6226
18.9516,504,1.6258
18.9560,503,1.6226
18.9603,505,1.6290
18.9646,505,1.6290
18.9688,505,1.6290
18.9731,506,1.6323
18.9774,507,1.6355
18.9817,508,1.6387
18.9860,509,1.6419
18.9903,513,1.6548
18.9946,516,1.6645
18.9990,520,1.6774
19.0033,524,1.6903
19.0076,527,1.7000
19.0119,530,1.7097
19.0163,533,1.7194
19.0207,536,1.7290
19.0252,538,1.7355
19.0294,541,1.7452
19.0337,541,1.7452
19.0380,542,1.7484
19.0423,545,1.7581
19.0465,546,1.7613
19.0508,546,1.7613
19.0550,546,1.7613
19.0593,546,1.7613
19.0636,546,1.7613
19.0678,544,1.7548
19.0721,541,1.7452
19.0764,539,1.7387
19.0807,538,1.7355
19.0849,536,1.7290
19.0892,533,1.7194
19.0935,529,1.7065
19.0978,526,1.6968
19.1020,522,1.6839
19.1063,518,1.6710
19.1106,515,1.6613
19.1149,512,1.6516
19.1191,507,1.6355
19.1234,504,1.6258
19.1277,501,1.6161
19.1320,499,1.6097
19.1363,496,1.6000
19.1406,496,1.6000
19.1449,496,1.6000
19.1492,496,1.6000
19.1535,496,1.6000
19.1578,497,1.6032
19.1621,497,1.6032
19.1664,497,1.6032
19.1707,498,1.6065
19.1750,497,1.6032
19.1792,497,1.6032
19.1836,498,1.6065
19.1878,498,1.6065
19.1921,498,1.6065
19.1964,499,1.6097
19.2007,500,1.6129
19.2050,499,1.6097
19.2093,501,1.6161
19.2136,502,1.6194
19.2178,502,1.6194
19.2221,502,1.6194
19.2264,502,1.6194
19.2307,502,1.6194
19.2350,502,1.6194
19.2393,503,1.6226
19.2436,503,1.6226
19.2479,503,1.6226
19.2522,504,1.6258
19.2564,503,1.6226
19.2607,501,1.6161
19.2650,503,1.6226
19.2693,504,1.6258
19.2736,505,1.6290
19.2779,505,1.6290
19.2822,505,1.6290
19.2864,505,1.6290
19.2908,506,1.6323
19.2950,505,1.6290
19.2993,505,1.6290
19.3036,504,1.6258
19.3079,505,1.6290
19.3122,505,1.6290
19.3166,506,1.6323
19.3235,506,1.6323
19.3284,506,1.6323
19.3327,507,1.6355
19.3370,508,1.6387
19.3413,508,1.6387
19.3456,508,1.6387
19.3498,507,1.6355
19.3541,508,1.6387
19.3584,509,1.6419
19.3626,508,1.6387
19.3669,509,1.6419
19.3712,509,1.6419
19.3754,509,1.6419
19.3797,511,1.6484
19.3840,515,1.6613
19.3882,519,1.6742
19.3925,521,1.6806
19.3967,524,1.6903
19.4010,527,1.7000
19.4053,530,1.7097
19.4095,530,1.7097
19.4138,531,1.7129
19.4180,530,1.7097
19.4223,530,1.7097
19.4265,529,1.7065
19.4308,529,1.7065
19.4352,524,1.6903
19.4395,520,1.6774
19.4438,516,1.6645
19.4481,510,1.6452
19.4524,508,1.6387
19.4567,506,1.6323
19.4610,506,1.6323
19.4653,505,1.6290
19.4696,507,1.6355
19.4738,508,1.6387
19.4781,508,1.6387
19.4824,509,1.6419
19.4867,510,1.6452
19.4910,510,1.6452
19.4953,510,1.6452
19.4996,510,1.6452
19.5039,511,1.6484
19.5082,510,1.6452
19.5124,509,1.6419
19.5167,509,1.6419
19.5210,510,1.6452
19.5253,510,1.6452
19.5296,510,1.6452
19.5339,506,1.6323
19.5381,500,1.6129
19.5424,492,1.5871
19.5467,490,1.5806
19.5510,505,1.6290
19.5553,534,1.7226
19.5596,575,1.8548
19.5639,619,1.9968
19.5681,656,2.1161
19.5724,666,2.1484
19.5767,643,2.0742
19.5810,604,1.9484
19.5853,555,1.7903
19.5896,516,1.6645
19.5939,495,1.5968
19.5982,485,1.5645
19.6025,485,1.5645
19.6068,492,1.5871
19.6111,498,1.6065
19.6154,499,1.6097
19.6197,501,1.6161
19.6240,502,1.6194
19.6282,502,1.6194
19.6325,503,1.6226
19.6368,503,1.6226
19.6411,504,1.6258
19.6454,504,1.6258
19.6497,504,1.6258
19.6540,503,1.6226
19.6583,504,1.6258
19.6626,503,1.6226
19.6668,504,1.6258
19.6711,505,1.6290
19.6754,504,1.6258
19.6797,504,1.6258
19.6840,505,1.6290
19.6883,504,1.6258
19.6926,504,1.6258
19.6968,504,1.6258
19.7011,504,1.6258
19.7054,505,1.6290
19.7097,505,1.6290
19.7140,505,1.6290
19.7183,506,1.6323
19.7226,505,1.6290
19.7269,505,1.6290
19.7312,506,1.6323
19.7354,508,1.6387
19.7397,511,1.6484
19.7440,515,1.6613
19.7483,519,1.6742
19.7526,522,1.6839
19.7569,526,1.6968
19.7612,529,1.7065
19.7655,532,1.7161
19.7697,536,1.7290
19.7740,538,1.7355
19.7783,540,1.7419
19.7826,541,1.7452
19.7869,544,1.7548
19.7912,544,1.7548
19.7955,546,1.7613
19.7998,547,1.7645
19.8041,548,1.7677
19.8084,548,1.7677
19.8127,547,1.7645
19.8169,545,1.7581
19.8212,542,1.7484
19.8255,541,1.7452
19.8298,538,1.7355
19.8341,535,1.7258
19.8384,533,1.7194
19.8426,530,1.7097
19.8469,528,1.7032
19.8512,524,1.6903
19.8555,520,1.6774
19.8598,516,1.6645
19.8641,514,1.6581
19.8684,511,1.6484
19.8727,507,1.6355
19.8769,504,1.6258
19.8812,500,1.6129
19.8856,498,1.6065
19.8898,497,1.6032
19.8941,496,1.6000
19.8984,495,1.5968
19.9027,495,1.5968
19.9070,497,1.6032
19.9113,497,1.6032
19.9162,499,1.6097
19.9206,500,1.6129
19.9250,500,1.6129
19.9293,499,1.6097
19.9336,499,1.6097
19.9379,499,1.6097
19.9422,500,1.6129
19.9465,501,1.6161
19.9508,502,1.6194
19.9551,500,1.6129
19.9593,501,1.6161
19.9636,501,1.6161
19.9678,502,1.6194
19.9721,501,1.6161
19.9763,502,1.6194
19.9806,501,1.6161
19.9849,502,1.6194
19.9892,503,1.6226
19.9934,504,1.6258
19.9977,503,1.6226
20.0019,503,1.6226
20.0062,505,1.6290
20.0105,505,1.6290
20.0148,505,1.6290
20.0191,505,1.6290
20.0235,506,1.6323
20.0279,506,1.6323
20.0324,507,1.6355
20.0369,507,1.6355
20.0414,507,1.6355
20.0458,507,1.6355
20.0501,508,1.6387
20.0543,508,1.6387
20.0586,508,1.6387
20.0629,510,1.6452
20.0671,509,1.6419
20.0714,510,1.6452
20.0757,511,1.6484
20.0799,510,1.6452
20.0842,509,1.6419
20.0884,509,1.6419
20.0927,508,1.6387
20.0970,508,1.6387
20.1013,508,1.6387
20.1055,508,1.6387
20.1098,509,1.6419
20.1140,511,1.6484
20.1183,511,1.6484
20.1225,510,1.6452
20.1268,510,1.6452
20.1311,512,1.6516
20.1353,515,1.6613
20.1396,519,1.6742
20.1438,523,1.6871
20.1481,526,1.6968
20.1524,527,1.7000
20.1567,530,1.7097
20.1610,531,1.7129
20.1653,530,1.7097
20.1696,530,1.7097
20.1739,529,1.7065
20.1782,527,1.7000
20.1825,525,1.6935
20.1868,521,1.6806
20.1911,517,1.6677
20.1954,513,1.6548
20.1997,509,1.6419
20.2040,508,1.6387
20.2083,507,1.6355
20.2126,508,1.6387
20.2170,508,1.6387
20.2214,508,1.6387
20.2257,507,1.6355
20.2300,508,1.6387
20.2343,508,1.6387
20.2387,508,1.6387
20.2431,509,1.6419
20.2474,509,1.6419
20.2516,508,1.6387
20.2560,509,1.6419
20.2602,508,1.6387
20.2645,508,1.6387
20.2687,508,1.6387
20.2730,509,1.6419
20.2773,508,1.6387
20.2815,507,1.6355
20.2858,503,1.6226
20.2900,494,1.5935
20.2943,487,1.5710
20.2986,494,1.5935
20.3029,514,1.6581
20.3071,548,1.7677
20.3114,591,1.9065
20.3157,636,2.0516
20.3199,664,2.1419
20.3242,660,2.1290
20.3284,630,2.0323
20.3327,588,1.8968
20.3369,541,1.7452
20.3412,506,1.6323
20.3455,490,1.5806
20.3497,484,1.5613
20.3540,486,1.5677
20.3583,490,1.5806
20.3626,496,1.6000
20.3669,497,1.6032
20.3712,500,1.6129
20.3755,500,1.6129
20.3798,499,1.6097
20.3841,500,1.6129
20.3884,499,1.6097
20.3927,500,1.6129
20.3970,502,1.6194
20.4013,501,1.6161
20.4056,503,1.6226
20.4098,503,1.6226
20.4141,502,1.6194
20.4184,503,1.6226
20.4227,502,1.6194
20.4270,503,1.6226
20.4313,504,1.6258
20.4356,505,1.6290
20.4399,505,1.6290
20.4442,506,1.6323
20.4485,506,1.6323
20.4528,506,1.6323
20.4571,506,1.6323
20.4614,507,1.6355
20.4657,506,1.6323
20.4699,506,1.6323
20.4742,506,1.6323
20.4785,507,1.6355
20.4828,509,1.6419
20.4871,512,1.6516
20.4914,515,1.6613
20.4957,517,1.6677
20.5000,520,1.6774
20.5043,523,1.6871
20.5086,526,1.6968
20.5129,528,1.7032
20.5172,533,1.7194
20.5215,535,1.7258
20.5258,537,1.7323
20.5301,540,1.7419
20.5344,543,1.7516
20.5387,544,1.7548
20.5430,545,1.7581
20.5473,547,1.7645
20.5516,546,1.7613
20.5559,547,1.7645
20.5602,547,1.7645
20.5645,545,1.7581
20.5687,544,1.7548
20.5730,541,1.7452
20.5773,540,1.7419
20.5816,537,1.7323
20.5859,536,1.7290
20.5902,533,1.7194
20.5945,529,1.7065
20.5988,527,1.7000
20.6031,523,1.6871
20.6074,519,1.6742
20.6117,516,1.6645
20.6160,512,1.6516
20.6203,509,1.6419
20.6246,506,1.6323
20.6289,502,1.6194
20.6332,498,1.6065
20.6374,495,1.5968
20.6417,495,1.5968
20.6460,496,1.6000
20.6503,496,1.6000
20.6546,497,1.6032
20.6589,497,1.6032
20.6632,498,1.6065
20.6675,498,1.6065
20.6718,498,1.6065
20.6761,499,1.6097
20.6804,499,1.6097
20.6847,498,1.6065
20.6890,499,1.6097
20.6933,501,1.6161
20.6975,501,1.6161
20.7018,501,1.6161
20.7062,502,1.6194
20.7104,503,1.6226
20.7147,503,1.6226
20.7190,503,1.6226
20.7233,503,1.6226
20.7276,502,1.6194
20.7319,502,1.6194
20.7361,503,1.6226
20.7404,504,1.6258
20.7447,504,1.6258
20.7490,503,1.6226
20.7533,504,1.6258
20.7576,504,1.6258
20.7619,503,1.6226
20.7662,504,1.6258
20.7705,505,1.6290
20.7748,505,1.6290
20.7791,504,1.6258
20.7834,505,1.6290
20.7876,505,1.6290
20.7926,505,1.6290
20.7969,506,1.6323
20.8012,506,1.6323
20.8055,506,1.6323
20.8098,507,1.6355
20.8141,507,1.6355
20.8201,506,1.6323
20.8246,506,1.6323
20.8297,507,1.6355
20.8341,507,1.6355
20.8385,507,1.6355
20.8428,507,1.6355
20.8471,508,1.6387
20.8515,509,1.6419
20.8559,509,1.6419
20.8602,509,1.6419
20.8645,509,1.6419
20.8688,508,1.6387
20.8731,508,1.6387
20.8774,510,1.6452
20.8817,513,1.6548
20.8860,516,1.6645
20.8903,520,1.6774
20.8946,524,1.6903
20.8989,527,1.7000
20.9032,529,1.7065
20.9076,531,1.7129
20.9123,531,1.7129
20.9166,530,1.7097
20.9209,530,1.7097
20.9252,528,1.7032
20.9295,526,1.6968
20.9338,524,1.6903
20.9381,520,1.6774
20.9424,517,1.6677
20.9467,513,1.6548
20.9512,509,1.6419
20.9555,506,1.6323
20.9598,506,1.6323
20.9641,506,1.6323
20.9684,507,1.6355
20.9727,509,1.6419
20.9778,509,1.6419
20.9823,509,1.6419
20.9866,509,1.6419
20.9909,510,1.6452
20.9953,510,1.6452
20.9996,509,1.6419
21.0039,510,1.6452
21.0082,510,1.6452
21.0125,510,1.6452
21.0168,510,1.6452
21.0211,510,1.6452
21.0254,510,1.6452
21.0297,509,1.6419
21.0340,507,1.6355
21.0383,499,1.6097
21.0426,490,1.5806
21.0469,489,1.5774
21.0512,505,1.6290
21.0561,540,1.7419
21.0604,583,1.8806
21.0647,626,2.0194
21.0690,661,2.1323
21.0733,663,2.1387
21.0776,637,2.0548
21.0820,594,1.9161
21.0863,546,1.7613
21.0906,511,1.6484
21.0949,490,1.5806
21.0992,482,1.5548
21.1035,484,1.5613
21.1079,490,1.5806
21.1122,495,1.5968
21.1167,497,1.6032
21.1210,499,1.6097
21.1255,499,1.6097
21.1298,500,1.6129
21.1341,501,1.6161
21.1388,502,1.6194
21.1431,502,1.6194
21.1474,502,1.6194
21.1517,503,1.6226
21.1560,502,1.6194
21.1604,502,1.6194
21.1648,503,1.6226
21.1690,504,1.6258
21.1733,505,1.6290
21.1776,504,1.6258
21.1819,505,1.6290
21.1863,505,1.6290
21.1906,506,1.6323
21.1949,506,1.6323
21.1992,505,1.6290
21.2038,505,1.6290
21.2081,506,1.6323
21.2124,506,1.6323
21.2167,504,1.6258
21.2210,505,1.6290
21.2253,506,1.6323
21.2296,506,1.6323
21.2339,508,1.6387
21.2382,510,1.6452
21.2425,514,1.6581
21.2468,517,1.6677
21.2511,522,1.6839
21.2554,525,1.6935
21.2597,527,1.7000
21.2641,529,1.7065
21.2684,532,1.7161
21.2727,536,1.7290
21.2770,538,1.7355
21.2813,540,1.7419
21.2856,542,1.7484
21.2899,543,1.7516
21.2942,544,1.7548
21.2985,545,1.7581
21.3028,545,1.7581
21.3071,545,1.7581
21.3114,545,1.7581
21.3157,545,1.7581
21.3200,544,1.7548
21.3243,542,1.7484
21.3286,539,1.7387
21.3329,537,1.7323
21.3372,534,1.7226
21.3415,530,1.7097
21.3458,529,1.7065
21.3502,524,1.6903
21.3545,521,1.6806
21.3588,518,1.6710
21.3630,514,1.6581
21.3673,511,1.6484
21.3715,508,1.6387
21.3759,505,1.6290
21.3802,501,1.6161
21.3844,498,1.6065
21.3887,497,1.6032
21.3930,497,1.6032
21.3972,497,1.6032
21.4015,498,1.6065
21.4057,498,1.6065
21.4100,500,1.6129
21.4143,500,1.6129
21.4185,500,1.6129
21.4228,500,1.6129
21.4270,500,1.6129
21.4313,501,1.6161
21.4356,500,1.6129
21.4398,500,1.6129
21.4442,500,1.6129
21.4485,500,1.6129
21.4527,501,1.6161
21.4570,500,1.6129
21.4613,501,1.6161
21.4656,502,1.6194
21.4698,502,1.6194
21.4741,503,1.6226
21.4783,503,1.6226
21.4826,503,1.6226
21.4869,502,1.6194
21.4911,504,1.6258
21.4954,505,1.6290
21.4996,505,1.6290
21.5039,504,1.6258
21.5082,505,1.6290
21.5124,505,1.6290
21.5167,505,1.6290
21.5209,504,1.6258
21.5252,505,1.6290
21.5295,506,1.6323
21.5337,506,1.6323
21.5380,506,1.6323
21.5423,505,1.6290
21.5465,506,1.6323
21.5508,506,1.6323
21.5551,508,1.6387
21.5593,507,1.6355
21.5637,508,1.6387
21.5680,508,1.6387
21.5723,508,1.6387
21.5767,509,1.6419
21.5810,509,1.6419
21.5853,508,1.6387
21.5897,509,1.6419
21.5940,508,1.6387
21.5983,507,1.6355
21.6027,508,1.6387
21.6070,508,1.6387
21.6113,508,1.6387
21.6157,509,1.6419
21.6200,508,1.6387
21.6243,507,1.6355
21.6287,508,1.6387
21.6336,513,1.6548
21.6379,517,1.6677
21.6422,521,1.6806
21.6466,525,1.6935
21.6509,528,1.7032
21.6554,529,1.7065
21.6602,530,1.7097
21.6645,532,1.7161
21.6688,530,1.7097
21.6731,529,1.7065
21.6774,526,1.6968
21.6817,524,1.6903
21.6899,520,1.6774
21.6944,517,1.6677
21.6987,511,1.6484
21.7030,508,1.6387
21.7073,506,1.6323
21.7116,507,1.6355
21.7161,508,1.6387
21.7205,507,1.6355
21.7249,507,1.6355
21.7292,507,1.6355
21.7335,509,1.6419
21.7378,509,1.6419
21.7421,509,1.6419
21.7464,510,1.6452
21.7507,511,1.6484
21.7550,511,1.6484
21.7593,512,1.6516
21.7636,512,1.6516
21.7679,512,1.6516
21.7722,510,1.6452
21.7766,511,1.6484
21.7809,509,1.6419
21.7852,504,1.6258
21.7894,496,1.6000
21.7937,489,1.5774
21.7980,492,1.5871
21.8023,511,1.6484
21.8066,545,1.7581
21.8109,587,1.8935
21.8152,633,2.0419
21.8195,662,2.1355
21.8238,663,2.1387
21.8281,634,2.0452
21.8324,591,1.9065
21.8367,543,1.7516
21.8410,509,1.6419
21.8453,490,1.5806
21.8496,483,1.5581
21.8539,485,1.5645
21.8583,492,1.5871
21.8626,497,1.6032
21.8669,500,1.6129
21.8711,500,1.6129
21.8754,500,1.6129
21.8798,499,1.6097
21.8840,500,1.6129
21.8883,500,1.6129
21.8926,502,1.6194
21.8969,502,1.6194
21.9012,502,1.6194
21.9054,503,1.6226
21.9098,502,1.6194
21.9141,503,1.6226
21.9184,503,1.6226
21.9227,503,1.6226
21.9270,504,1.6258
21.9312,505,1.6290
21.9358,505,1.6290
21.9401,505,1.6290
21.9444,506,1.6323
21.9487,506,1.6323
21.9529,506,1.6323
21.9572,506,1.6323
21.9615,506,1.6323
21.9658,507,1.6355
21.9701,507,1.6355
21.9743,507,1.6355
21.9786,507,1.6355
21.9829,507,1.6355
21.9871,510,1.6452
21.9914,514,1.6581
21.9956,518,1.6710
21.9999,520,1.6774
22.0042,524,1.6903
22.0084,528,1.7032
22.0127,531,1.7129
22.0177,535,1.7258
22.0221,536,1.7290
22.0265,538,1.7355
22.0307,541,1.7452
22.0350,543,1.7516
22.0392,544,1.7548
22.0436,545,1.7581
22.0478,544,1.7548
22.0521,545,1.7581
22.0563,546,1.7613
22.0606,546,1.7613
22.0649,545,1.7581
22.0692,545,1.7581
22.0734,542,1.7484
22.0776,540,1.7419
22.0819,538,1.7355
22.0862,535,1.7258
22.0905,533,1.7194
22.0947,531,1.7129
22.0990,526,1.6968
22.1032,522,1.6839
22.1075,519,1.6742
22.1118,514,1.6581
22.1160,512,1.6516
22.1203,509,1.6419
22.1246,506,1.6323
22.1289,502,1.6194
22.1332,499,1.6097
22.1374,496,1.6000
22.1417,494,1.5935
22.1461,496,1.6000
22.1504,497,1.6032
22.1547,497,1.6032
22.1589,496,1.6000
22.1633,496,1.6000
22.1676,497,1.6032
22.1719,497,1.6032
22.1762,498,1.6065
22.1805,499,1.6097
22.1848,499,1.6097
22.1891,499,1.6097
22.1934,500,1.6129
22.1977,499,1.6097
22.2020,500,1.6129
22.2063,500,1.6129
22.2108,500,1.6129
22.2151,502,1.6194
22.2194,501,1.6161
22.2237,500,1.6129
22.2281,501,1.6161
22.2323,502,1.6194
22.2366,503,1.6226
22.2409,503,1.6226
22.2452,502,1.6194
22.2496,504,1.6258
22.2539,504,1.6258
22.2582,504,1.6258
22.2626,504,1.6258
22.2669,505,1.6290
22.2712,505,1.6290
22.2755,507,1.6355
22.2797,507,1.6355
22.2840,507,1.6355
22.2882,507,1.6355
22.2925,506,1.6323
22.2967,507,1.6355
22.3010,507,1.6355
22.3052,506,1.6323
22.3095,507,1.6355
22.3138,507,1.6355
22.3180,508,1.6387
22.3223,508,1.6387
22.3266,509,1.6419
22.3309,509,1.6419
22.3351,508,1.6387
22.3394,510,1.6452
22.3437,509,1.6419
22.3479,510,1.6452
22.3522,510,1.6452
22.3565,509,1.6419
22.3607,510,1.6452
22.3650,511,1.6484
22.3694,511,1.6484
22.3738,511,1.6484
22.3781,510,1.6452
22.3824,512,1.6516
22.3867,516,1.6645
22.3911,521,1.6806
22.3954,524,1.6903
22.3997,526,1.6968
22.4041,529,1.7065
22.4084,531,1.7129
22.4128,532,1.7161
22.4171,532,1.7161
22.4214,530,1.7097
22.4257,528,1.7032
22.4301,525,1.6935
22.4345,523,1.6871
22.4388,520,1.6774
22.4432,517,1.6677
22.4475,512,1.6516
22.4518,509,1.6419
22.4562,508,1.6387
22.4605,507,1.6355
22.4648,508,1.6387
22.4691,509,1.6419
22.4734,509,1.6419
22.4777,510,1.6452
22.4820,511,1.6484
22.4863,510,1.6452
22.4906,510,1.6452
22.4949,511,1.6484
22.4992,510,1.6452
22.5035,511,1.6484
22.5078,511,1.6484
22.5121,511,1.6484
22.5164,511,1.6484
22.5207,510,1.6452
22.5250,509,1.6419
22.5293,510,1.6452
22.5336,509,1.6419
22.5379,501,1.6161
22.5422,492,1.5871
22.5465,491,1.5839
22.5508,503,1.6226
22.5551,532,1.7161
22.5594,570,1.8387
22.5637,617,1.9903
22.5680,655,2.1129
22.5723,666,2.1484
22.5766,647,2.0871
22.5809,608,1.9613
22.5852,560,1.8065
22.5895,520,1.6774
22.5938,495,1.5968
22.5981,484,1.5613
22.6024,483,1.5581
22.6067,489,1.5774
22.6110,494,1.5935
22.6154,499,1.6097
22.6201,501,1.6161
22.6245,501,1.6161
22.6288,500,1.6129
22.6330,499,1.6097
22.6374,500,1.6129
22.6417,500,1.6129
22.6460,501,1.6161
22.6502,500,1.6129
22.6546,500,1.6129
22.6589,501,1.6161
22.6632,502,1.6194
22.6675,503,1.6226
22.6718,504,1.6258
22.6762,503,1.6226
22.6804,504,1.6258
22.6847,502,1.6194
22.6890,503,1.6226
22.6933,503,1.6226
22.6976,503,1.6226
22.7019,505,1.6290
22.7062,506,1.6323
22.7105,506,1.6323
22.7148,505,1.6290
22.7191,506,1.6323
22.7234,505,1.6290
22.7277,506,1.6323
22.7320,507,1.6355
22.7363,509,1.6419
22.7406,513,1.6548
22.7449,516,1.6645
22.7492,519,1.6742
22.7535,523,1.6871
22.7578,525,1.6935
22.7621,527,1.7000
22.7664,530,1.7097
22.7707,533,1.7194
22.7750,536,1.7290
22.7793,539,1.7387
22.7836,542,1.7484
22.7879,543,1.7516
22.7923,544,1.7548
22.7966,545,1.7581
22.8009,544,1.7548
22.8052,544,1.7548
22.8094,545,1.7581
22.8137,545,1.7581
22.8180,543,1.7516
22.8223,540,1.7419
22.8266,538,1.7355
22.8309,538,1.7355
22.8352,535,1.7258
22.8395,532,1.7161
22.8438,527,1.7000
22.8481,524,1.6903
22.8524,522,1.6839
22.8567,518,1.6710
22.8610,515,1.6613
22.8653,512,1.6516
22.8696,508,1.6387
22.8739,505,1.6290
22.8782,502,1.6194
22.8826,499,1.6097
22.8868,496,1.6000
22.8911,496,1.6000
22.8954,496,1.6000
22.8998,497,1.6032
22.9041,497,1.6032
22.9084,498,1.6065
22.9127,498,1.6065
22.9171,498,1.6065
22.9215,497,1.6032
22.9259,497,1.6032
22.9302,498,1.6065
22.9345,500,1.6129
22.9388,500,1.6129
22.9431,500,1.6129
22.9474,499,1.6097
22.9518,501,1.6161
22.9561,500,1.6129
22.9604,501,1.6161
22.9648,502,1.6194
22.9692,503,1.6226
22.9735,503,1.6226
22.9778,502,1.6194
22.9822,503,1.6226
22.9865,503,1.6226
22.9907,503,1.6226
22.9950,503,1.6226
22.9993,503,1.6226
23.0037,504,1.6258
23.0079,504,1.6258
23.0122,505,1.6290
23.0165,505,1.6290
23.0209,505,1.6290
23.0252,505,1.6290
23.0295,506,1.6323
23.0338,507,1.6355
23.0381,507,1.6355
23.0424,508,1.6387
23.0467,509,1.6419
23.0510,508,1.6387
23.0553,508,1.6387
23.0595,507,1.6355
23.0639,506,1.6323
23.0681,508,1.6387
23.0725,508,1.6387
23.0767,508,1.6387
23.0810,508,1.6387
23.0853,508,1.6387
23.0896,508,1.6387
23.0939,508,1.6387
23.0982,508,1.6387
23.1025,508,1.6387
23.1068,509,1.6419
23.1111,510,1.6452
23.1154,510,1.6452
23.1197,511,1.6484
23.1240,511,1.6484
23.1283,510,1.6452
23.1326,512,1.6516
23.1369,515,1.6613
23.1412,519,1.6742
23.1455,522,1.6839
23.1498,526,1.6968
23.1541,528,1.7032
23.1584,530,1.7097
23.1626,531,1.7129
23.1671,532,1.7161
23.1714,530,1.7097
23.1757,529,1.7065
23.1801,527,1.7000
23.1844,523,1.6871
23.1888,520,1.6774
23.1931,516,1.6645
23.1974,513,1.6548
23.2018,509,1.6419
23.2061,506,1.6323
23.2105,507,1.6355
23.2148,508,1.6387
23.2191,508,1.6387
23.2235,508,1.6387
23.2278,509,1.6419
23.2321,509,1.6419
23.2365,509,1.6419
23.2408,508,1.6387
23.2451,509,1.6419
23.2495,509,1.6419
23.2538,510,1.6452
23.2581,509,1.6419
23.2624,509,1.6419
23.2668,509,1.6419
23.2711,510,1.6452
23.2754,510,1.6452
23.2797,510,1.6452
23.2840,506,1.6323
23.2883,500,1.6129
23.2926,491,1.5839
23.2969,492,1.5871
23.3012,505,1.6290
23.3055,536,1.7290
23.3098,575,1.8548
23.3141,620,2.0000
23.3184,658,2.1226
23.3227,667,2.1516
23.3270,643,2.0742
23.3313,605,1.9516
23.3356,557,1.7968
23.3399,516,1.6645
23.3442,493,1.5903
23.3485,483,1.5581
23.3528,484,1.5613
23.3571,490,1.5806
23.3614,497,1.6032
23.3657,499,1.6097
23.3700,502,1.6194
23.3743,502,1.6194
23.3786,502,1.6194
23.3829,502,1.6194
23.3872,503,1.6226
23.3915,502,1.6194
23.3959,503,1.6226
23.4001,502,1.6194
23.4044,504,1.6258
23.4087,504,1.6258
23.4130,504,1.6258
23.4173,506,1.6323
23.4216,504,1.6258
23.4260,505,1.6290
23.4303,504,1.6258
23.4346,504,1.6258
23.4389,504,1.6258
23.4432,504,1.6258
23.4475,504,1.6258
23.4518,505,1.6290
23.4564,505,1.6290
23.4607,504,1.6258
23.4650,505,1.6290
23.4693,505,1.6290
23.4737,505,1.6290
23.4780,506,1.6323
23.4823,506,1.6323
23.4866,508,1.6387
23.4909,513,1.6548
23.4952,516,1.6645
23.4995,519,1.6742
23.5038,522,1.6839
23.5081,525,1.6935
23.5125,527,1.7000
23.5169,532,1.7161
23.5212,534,1.7226
23.5256,536,1.7290
23.5298,539,1.7387
23.5341,541,1.7452
23.5384,542,1.7484
23.5426,543,1.7516
23.5469,544,1.7548
23.5512,545,1.7581
23.5554,546,1.7613
23.5597,546,1.7613
23.5640,545,1.7581
23.5682,544,1.7548
23.5725,543,1.7516
23.5768,541,1.7452
23.5811,540,1.7419
23.5854,537,1.7323
23.5898,533,1.7194
23.5942,531,1.7129
23.5984,525,1.6935
23.6027,521,1.6806
23.6069,519,1.6742
23.6112,517,1.6677
23.6155,514,1.6581
23.6198,510,1.6452
23.6240,508,1.6387
23.6283,504,1.6258
23.6326,501,1.6161
23.6368,497,1.6032
23.6411,496,1.6000
23.6454,496,1.6000
23.6496,497,1.6032
23.6539,498,1.6065
23.6582,497,1.6032
23.6625,498,1.6065
23.6667,497,1.6032
23.6711,498,1.6065
23.6754,499,1.6097
23.6797,500,1.6129
23.6840,501,1.6161
23.6883,502,1.6194
23.6926,501,1.6161
23.6969,501,1.6161
23.7012,500,1.6129
23.7056,501,1.6161
23.7098,501,1.6161
23.7141,501,1.6161
23.7184,501,1.6161
23.7227,501,1.6161
23.7270,502,1.6194
23.7313,502,1.6194
23.7356,502,1.6194
23.7399,503,1.6226
23.7442,504,1.6258
23.7485,503,1.6226
23.7528,504,1.6258
23.7572,504,1.6258
23.7614,505,1.6290
23.7657,505,1.6290
23.7700,504,1.6258
23.7743,503,1.6226
23.7787,503,1.6226
23.7830,503,1.6226
23.7873,504,1.6258
23.7915,505,1.6290
23.7959,505,1.6290
23.8002,506,1.6323
23.8045,506,1.6323
23.8087,507,1.6355
23.8131,507,1.6355
23.8175,508,1.6387
23.8218,508,1.6387
23.8262,508,1.6387
23.8306,501,1.6161
23.8351,508,1.6387
23.8395,508,1.6387
23.8438,509,1.6419
23.8481,508,1.6387
23.8524,509,1.6419
23.8567,508,1.6387
23.8610,509,1.6419
23.8653,509,1.6419
23.8696,510,1.6452
23.8739,510,1.6452
23.8782,512,1.6516
23.8825,514,1.6581
23.8868,518,1.6710
23.8911,521,1.6806
23.8954,525,1.6935
23.8997,529,1.7065
23.9040,531,1.7129
23.9083,533,1.7194
23.9126,534,1.7226
23.9169,533,1.7194
23.9212,533,1.7194
23.9255,532,1.7161
23.9298,529,1.7065
23.9341,527,1.7000
23.9384,523,1.6871
23.9427,520,1.6774
23.9470,514,1.6581
23.9513,510,1.6452
23.9555,509,1.6419
23.9598,509,1.6419
23.9642,509,1.6419
23.9684,509,1.6419
23.9727,508,1.6387
23.9770,508,1.6387
23.9813,509,1.6419
23.9857,509,1.6419
23.9900,509,1.6419
23.9943,509,1.6419
23.9985,508,1.6387
24.0028,509,1.6419
24.0071,508,1.6387
24.0114,509,1.6419
24.0157,510,1.6452
24.0200,510,1.6452
24.0243,509,1.6419
24.0286,509,1.6419
24.0329,507,1.6355
24.0372,502,1.6194
24.0415,494,1.5935
24.0459,489,1.5774
24.0502,499,1.6097
24.0545,526,1.6968
24.0588,562,1.8129
24.0631,608,1.9613
24.0674,647,2.0871
24.0717,667,2.1516
24.0760,652,2.1032
24.0803,616,1.9871
24.0846,569,1.8355
24.0889,523,1.6871
24.0932,497,1.6032
24.0975,485,1.5645
24.1018,483,1.5581
24.1061,487,1.5710
24.1104,493,1.5903
24.1147,498,1.6065
24.1190,500,1.6129
24.1233,500,1.6129
24.1276,500,1.6129
24.1319,499,1.6097
24.1362,500,1.6129
24.1405,501,1.6161
24.1448,502,1.6194
24.1491,503,1.6226
24.1534,503,1.6226
24.1576,504,1.6258
24.1619,504,1.6258
24.1662,502,1.6194
24.1705,503,1.6226
24.1749,504,1.6258
24.1792,503,1.6226
24.1835,504,1.6258
24.1879,505,1.6290
24.1922,506,1.6323
24.1965,506,1.6323
24.2009,506,1.6323
24.2052,506,1.6323
24.2095,506,1.6323
24.2139,507,1.6355
24.2182,506,1.6323
24.2226,506,1.6323
24.2269,506,1.6323
24.2312,508,1.6387
24.2355,509,1.6419
24.2398,512,1.6516
24.2441,516,1.6645
24.2484,518,1.6710
24.2527,522,1.6839
24.2569,525,1.6935
24.2612,528,1.7032
24.2655,532,1.7161
24.2698,535,1.7258
24.2741,537,1.7323
24.2784,539,1.7387
24.2827,540,1.7419
24.2870,542,1.7484
24.2913,544,1.7548
24.2955,545,1.7581
24.2998,545,1.7581
24.3042,545,1.7581
24.3085,544,1.7548
24.3127,545,1.7581
24.3170,543,1.7516
24.3212,542,1.7484
24.3255,540,1.7419
24.3298,539,1.7387
24.3341,537,1.7323
24.3383,535,1.7258
24.3426,531,1.7129
24.3468,528,1.7032
24.3511,525,1.6935
24.3554,520,1.6774
24.3596,517,1.6677
24.3639,513,1.6548
24.3681,511,1.6484
24.3724,508,1.6387
24.3767,504,1.6258
24.3810,501,1.6161
24.3854,498,1.6065
24.3897,496,1.6000
24.3940,496,1.6000
24.3983,497,1.6032
24.4026,497,1.6032
24.4069,496,1.6000
24.4112,497,1.6032
24.4156,497,1.6032
24.4200,498,1.6065
24.4244,499,1.6097
24.4287,500,1.6129
24.4331,500,1.6129
24.4374,500,1.6129
24.4417,500,1.6129
24.4460,500,1.6129
24.4503,502,1.6194
24.4546,502,1.6194
24.4589,502,1.6194
24.4632,502,1.6194
24.4675,503,1.6226
24.4718,503,1.6226
24.4761,503,1.6226
24.4804,503,1.6226
24.4847,504,1.6258
24.4890,504,1.6258
24.4934,504,1.6258
24.4976,504,1.6258
24.5019,503,1.6226
24.5062,503,1.6226
24.5105,504,1.6258
24.5148,504,1.6258
24.5191,503,1.6226
24.5234,503,1.6226
24.5277,504,1.6258
24.5321,505,1.6290
24.5369,506,1.6323
24.5412,505,1.6290
24.5455,507,1.6355
24.5498,508,1.6387
24.5541,507,1.6355
24.5584,507,1.6355
24.5627,506,1.6323
24.5670,507,1.6355
24.5713,508,1.6387
24.5756,508,1.6387
24.5799,509,1.6419
24.5842,509,1.6419
24.5885,509,1.6419
24.5928,509,1.6419
24.5971,509,1.6419
24.6014,509,1.6419
24.6057,509,1.6419
24.6100,509,1.6419
24.6143,510,1.6452
24.6186,510,1.6452
24.6229,510,1.6452
24.6272,511,1.6484
24.6315,513,1.6548
24.6358,517,1.6677
24.6401,519,1.6742
24.6444,523,1.6871
24.6487,527,1.7000
24.6530,529,1.7065
24.6573,530,1.7097
24.6616,530,1.7097
24.6659,531,1.7129
24.6702,530,1.7097
24.6745,529,1.7065
24.6788,527,1.7000
24.6832,525,1.6935
24.6875,523,1.6871
24.6918,519,1.6742
24.6963,515,1.6613
24.7006,509,1.6419
24.7049,508,1.6387
24.7092,507,1.6355
24.7136,507,1.6355
24.7180,507,1.6355
24.7225,507,1.6355
24.7269,507,1.6355
24.7312,508,1.6387
24.7356,508,1.6387
24.7400,509,1.6419
24.7443,509,1.6419
24.7487,510,1.6452
24.7530,511,1.6484
24.7574,510,1.6452
24.7617,510,1.6452
24.7661,510,1.6452
24.7704,510,1.6452
24.7748,511,1.6484
24.7792,510,1.6452
24.7836,508,1.6387
24.7879,500,1.6129
24.7922,493,1.5903
24.7965,491,1.5839
24.8008,503,1.6226
24.8051,529,1.7065
24.8094,568,1.8323
24.8137,611,1.9710
24.8180,652,2.1032
24.8223,665,2.1452
24.8266,646,2.0839
24.8309,608,1.9613
24.8352,562,1.8129
24.8395,521,1.6806
24.8438,496,1.6000
24.8481,485,1.5645
24.8524,484,1.5613
24.8567,490,1.5806
24.8610,498,1.6065
24.8653,500,1.6129
24.8696,499,1.6097
24.8738,500,1.6129
24.8781,500,1.6129
24.8825,500,1.6129
24.8868,501,1.6161
24.8911,501,1.6161
24.8953,502,1.6194
24.8996,502,1.6194
24.9040,503,1.6226
24.9082,503,1.6226
24.9125,502,1.6194
24.9168,504,1.6258
24.9211,504,1.6258
24.9254,505,1.6290
24.9297,504,1.6258
24.9340,505,1.6290
24.9383,504,1.6258
24.9426,505,1.6290
24.9469,504,1.6258
24.9512,505,1.6290
24.9555,505,1.6290
24.9598,505,1.6290
24.9641,506,1.6323
24.9684,506,1.6323
24.9727,507,1.6355
24.9770,506,1.6323
24.9813,505,1.6290
24.9857,508,1.6387
24.9900,512,1.6516
24.9943,515,1.6613
24.9986,518,1.6710
25.0030,520,1.6774
25.0073,524,1.6903
25.0116,527,1.7000
25.0160,530,1.7097
25.0204,534,1.7226
25.0249,538,1.7355
25.0294,540,1.7419
25.0344,542,1.7484
25.0391,542,1.7484
25.0436,543,1.7516
25.0483,544,1.7548
25.0528,546,1.7613
25.0573,546,1.7613
25.0617,547,1.7645
25.0661,546,1.7613
25.0704,542,1.7484
25.0748,541,1.7452
25.0791,537,1.7323
25.0834,535,1.7258
25.0877,532,1.7161
25.0920,531,1.7129
25.0962,527,1.7000
25.1005,523,1.6871
25.1048,521,1.6806
25.1090,516,1.6645
25.1133,513,1.6548
25.1175,511,1.6484
25.1218,507,1.6355
25.1261,505,1.6290
25.1303,501,1.6161
25.1346,498,1.6065
25.1389,495,1.5968
25.1432,495,1.5968
25.1474,495,1.5968
25.1517,496,1.6000
25.1560,498,1.6065
25.1602,497,1.6032
25.1645,497,1.6032
25.1688,499,1.6097
25.1730,499,1.6097
25.1773,499,1.6097
25.1816,498,1.6065
25.1859,498,1.6065
25.1903,498,1.6065
25.1946,499,1.6097
25.1990,499,1.6097
25.2033,499,1.6097
25.2076,498,1.6065
25.2120,499,1.6097
25.2163,500,1.6129
25.2206,500,1.6129
25.2253,500,1.6129
25.2298,500,1.6129
25.2341,501,1.6161
25.2385,502,1.6194
25.2428,502,1.6194
25.2471,502,1.6194
25.2515,504,1.6258
25.2558,505,1.6290
25.2602,504,1.6258
25.2645,504,1.6258
25.2688,505,1.6290
25.2732,506,1.6323
25.2775,506,1.6323
25.2819,505,1.6290
25.2863,507,1.6355
25.2906,505,1.6290
25.2950,505,1.6290
25.2992,505,1.6290
25.3035,505,1.6290
25.3078,506,1.6323
25.3121,507,1.6355
25.3165,507,1.6355
25.3209,506,1.6323
25.3253,506,1.6323
25.3296,506,1.6323
25.3340,507,1.6355
25.3383,508,1.6387
25.3426,508,1.6387
25.3468,509,1.6419
25.3511,509,1.6419
25.3555,509,1.6419
25.3598,508,1.6387
25.3641,509,1.6419
25.3684,510,1.6452
25.3727,511,1.6484
25.3770,509,1.6419
25.3813,512,1.6516
25.3856,516,1.6645
25.3899,520,1.6774
25.3942,525,1.6935
25.3985,526,1.6968
25.4028,528,1.7032
25.4071,530,1.7097
25.4114,532,1.7161
25.4157,532,1.7161
25.4200,532,1.7161
25.4243,530,1.7097
25.4285,528,1.7032
25.4328,525,1.6935
25.4371,522,1.6839
25.4415,518,1.6710
25.4457,513,1.6548
25.4500,510,1.6452
25.4544,508,1.6387
25.4587,507,1.6355
25.4630,507,1.6355
25.4673,508,1.6387
25.4716,508,1.6387
25.4759,509,1.6419
25.4802,509,1.6419
25.4845,509,1.6419
25.4889,508,1.6387
25.4932,508,1.6387
25.4975,509,1.6419
25.5018,509,1.6419
25.5061,509,1.6419
25.5104,510,1.6452
25.5147,508,1.6387
25.5190,509,1.6419
25.5233,509,1.6419
25.5276,509,1.6419
25.5319,508,1.6387
25.5362,503,1.6226
25.5405,496,1.6000
25.5448,490,1.5806
25.5490,495,1.5968
25.5533,516,1.6645
25.5577,551,1.7774
25.5619,594,1.9161
25.5662,637,2.0548
25.5705,664,2.1419
25.5748,657,2.1194
25.5791,626,2.0194
25.5834,582,1.8774
25.5877,536,1.7290
25.5920,505,1.6290
25.5963,490,1.5806
25.6006,485,1.5645
25.6049,489,1.5774
25.6092,494,1.5935
25.6135,500,1.6129
25.6180,502,1.6194
25.6224,503,1.6226
25.6268,503,1.6226
25.6311,503,1.6226
25.6354,503,1.6226
25.6397,504,1.6258
25.6440,502,1.6194
25.6483,502,1.6194
25.6525,503,1.6226
25.6569,503,1.6226
25.6612,504,1.6258
25.6655,503,1.6226
25.6698,504,1.6258
25.6741,505,1.6290
25.6784,505,1.6290
25.6827,505,1.6290
25.6870,506,1.6323
25.6913,506,1.6323
25.6956,506,1.6323
25.7000,506,1.6323
25.7043,504,1.6258
25.7086,504,1.6258
25.7129,505,1.6290
25.7171,505,1.6290
25.7215,505,1.6290
25.7257,506,1.6323
25.7300,505,1.6290
25.7343,507,1.6355
25.7386,510,1.6452
25.7429,513,1.6548
25.7472,518,1.6710
25.7515,521,1.6806
25.7558,525,1.6935
25.7601,527,1.7000
25.7644,530,1.7097
25.7687,533,1.7194
25.7730,536,1.7290
25.7773,537,1.7323
25.7817,538,1.7355
25.7861,541,1.7452
25.7904,543,1.7516
25.7947,545,1.7581
25.7990,546,1.7613
25.8033,545,1.7581
25.8076,546,1.7613
25.8119,545,1.7581
25.8162,545,1.7581
25.8205,543,1.7516
25.8249,541,1.7452
25.8291,541,1.7452
25.8334,539,1.7387
25.8377,536,1.7290
25.8421,531,1.7129
25.8464,528,1.7032
25.8507,525,1.6935
25.8550,522,1.6839
25.8593,518,1.6710
25.8637,515,1.6613
25.8679,511,1.6484
25.8722,508,1.6387
25.8765,505,1.6290
25.8809,502,1.6194
25.8852,498,1.6065
25.8895,496,1.6000
25.8938,496,1.6000
25.8981,496,1.6000
25.9024,496,1.6000
25.9067,497,1.6032
25.9109,497,1.6032
25.9152,498,1.6065
25.9195,498,1.6065
25.9238,498,1.6065
25.9281,497,1.6032
25.9323,499,1.6097
25.9366,500,1.6129
25.9409,500,1.6129
25.9452,501,1.6161
25.9495,501,1.6161
25.9537,501,1.6161
25.9580,502,1.6194
25.9623,502,1.6194
25.9666,502,1.6194
25.9708,502,1.6194
25.9751,503,1.6226
25.9794,503,1.6226
25.9837,502,1.6194
25.9880,503,1.6226
25.9923,504,1.6258
25.9966,503,1.6226
26.0009,505,1.6290
26.0051,505,1.6290
26.0095,504,1.6258
26.0137,504,1.6258
26.0180,504,1.6258
26.0223,506,1.6323
26.0266,506,1.6323
26.0309,507,1.6355
26.0352,507,1.6355
26.0394,507,1.6355
26.0437,507,1.6355
26.0480,507,1.6355
26.0523,506,1.6323
26.0566,508,1.6387
26.0608,508,1.6387
26.0651,508,1.6387
26.0694,508,1.6387
26.0738,509,1.6419
26.0782,509,1.6419
26.0824,508,1.6387
26.0867,509,1.6419
26.0910,509,1.6419
26.0953,509,1.6419
26.0996,509,1.6419
26.1039,510,1.6452
26.1082,511,1.6484
26.1125,510,1.6452
26.1168,511,1.6484
26.1210,511,1.6484
26.1253,511,1.6484
26.1296,512,1.6516
26.1339,515,1.6613
26.1381,519,1.6742
26.1424,523,1.6871
26.1467,525,1.6935
26.1510,528,1.7032
26.1553,529,1.7065
26.1595,530,1.7097
26.1638,531,1.7129
26.1681,531,1.7129
26.1724,531,1.7129
26.1766,530,1.7097
26.1809,528,1.7032
26.1855,523,1.6871
26.1900,521,1.6806
26.1943,517,1.6677
26.1986,512,1.6516
26.2028,510,1.6452
26.2071,509,1.6419
26.2114,509,1.6419
26.2157,509,1.6419
26.2201,510,1.6452
26.2245,510,1.6452
26.2288,511,1.6484
26.2331,511,1.6484
26.2373,511,1.6484
26.2416,511,1.6484
26.2459,510,1.6452
26.2502,509,1.6419
26.2545,508,1.6387
26.2588,509,1.6419
26.2630,510,1.6452
26.2673,511,1.6484
26.2716,512,1.6516
26.2760,510,1.6452
26.2803,510,1.6452
26.2845,508,1.6387
26.2888,501,1.6161
26.2931,492,1.5871
26.2974,490,1.5806
26.3016,505,1.6290
26.3059,534,1.7226
26.3101,574,1.8516
26.3144,618,1.9935
26.3187,655,2.1129
26.3229,665,2.1452
26.3272,644,2.0774
26.3315,603,1.9452
26.3358,556,1.7935
26.3401,517,1.6677
26.3443,493,1.5903
26.3487,482,1.5548
26.3530,482,1.5548
26.3573,488,1.5742
26.3616,494,1.5935
26.3660,497,1.6032
26.3702,499,1.6097
26.3745,499,1.6097
26.3788,500,1.6129
26.3831,500,1.6129
26.3874,501,1.6161
26.3917,503,1.6226
26.3961,502,1.6194
26.4004,502,1.6194
26.4047,503,1.6226
26.4090,503,1.6226
26.4134,503,1.6226
26.4177,502,1.6194
26.4220,502,1.6194
26.4264,503,1.6226
26.4307,504,1.6258
26.4351,505,1.6290
26.4394,505,1.6290
26.4438,505,1.6290
26.4481,504,1.6258
26.4524,504,1.6258
26.4568,505,1.6290
26.4611,506,1.6323
26.4654,505,1.6290
26.4697,504,1.6258
26.4740,505,1.6290
26.4783,504,1.6258
26.4826,504,1.6258
26.4869,507,1.6355
26.4913,511,1.6484
26.4963,516,1.6645
26.5007,518,1.6710
26.5049,520,1.6774
26.5092,524,1.6903
26.5136,530,1.7097
26.5180,532,1.7161
26.5224,535,1.7258
26.5267,538,1.7355
26.5310,539,1.7387
26.5353,542,1.7484
26.5395,544,1.7548
26.5438,545,1.7581
26.5481,545,1.7581
26.5524,545,1.7581
26.5566,545,1.7581
26.5609,547,1.7645
26.5652,546,1.7613
26.5694,545,1.7581
26.5740,542,1.7484
26.5785,539,1.7387
26.5828,537,1.7323
26.5871,533,1.7194
26.5914,530,1.7097
26.5956,527,1.7000
26.6000,525,1.6935
26.6042,523,1.6871
26.6085,518,1.6710
26.6127,515,1.6613
26.6170,512,1.6516
26.6213,508,1.6387
26.6255,504,1.6258
26.6298,502,1.6194
26.6340,500,1.6129
26.6383,499,1.6097
26.6426,498,1.6065
26.6469,496,1.6000
26.6512,496,1.6000
26.6556,497,1.6032
26.6599,497,1.6032
26.6641,497,1.6032
26.6684,498,1.6065
26.6727,499,1.6097
26.6770,499,1.6097
26.6813,499,1.6097
26.6855,500,1.6129
26.6898,501,1.6161
26.6941,501,1.6161
26.6985,500,1.6129
26.7028,500,1.6129
26.7070,501,1.6161
26.7113,502,1.6194
26.7156,503,1.6226
26.7198,503,1.6226
26.7241,502,1.6194
26.7284,502,1.6194
26.7326,502,1.6194
26.7372,503,1.6226
26.7415,504,1.6258
26.7457,503,1.6226
26.7500,503,1.6226
26.7543,504,1.6258
26.7586,504,1.6258
26.7629,503,1.6226
26.7671,504,1.6258
26.7714,506,1.6323
26.7757,506,1.6323
26.7799,506,1.6323
26.7842,506,1.6323
26.7885,505,1.6290
26.7927,506,1.6323
26.7970,507,1.6355
26.8013,508,1.6387
26.8056,508,1.6387
26.8099,509,1.6419
26.8141,509,1.6419
26.8184,508,1.6387
26.8227,509,1.6419
26.8270,508,1.6387
26.8313,508,1.6387
26.8356,509,1.6419
26.8399,509,1.6419
26.8442,509,1.6419
26.8485,508,1.6387
26.8528,509,1.6419
26.8571,509,1.6419
26.8614,510,1.6452
26.8657,510,1.6452
26.8700,510,1.6452
26.8743,511,1.6484
26.8786,511,1.6484
26.8829,513,1.6548
26.8872,517,1.6677
26.8915,521,1.6806
26.8957,523,1.6871
26.9001,525,1.6935
26.9044,529,1.7065
26.9087,530,1.7097
26.9131,530,1.7097
26.9174,531,1.7129
26.9217,529,1.7065
26.9261,528,1.7032
26.9304,526,1.6968
26.9347,524,1.6903
26.9390,519,1.6742
26.9434,515,1.6613
26.9477,510,1.6452
26.9521,507,1.6355
26.9564,506,1.6323
26.9607,505,1.6290
26.9650,505,1.6290
26.9694,504,1.6258
26.9737,505,1.6290
26.9780,506,1.6323
26.9824,507,1.6355
26.9867,509,1.6419
26.9947,510,1.6452
26.9991,510,1.6452
27.0034,509,1.6419
27.0077,509,1.6419
27.0120,509,1.6419
27.0163,510,1.6452
27.0206,512,1.6516
27.0249,511,1.6484
27.0292,512,1.6516
27.0335,509,1.6419
27.0378,504,1.6258
27.0421,494,1.5935
27.0464,491,1.5839
27.0508,502,1.6194
27.0551,529,1.7065
27.0594,568,1.8323
27.0637,612,1.9742
27.0680,650,2.0968
27.0723,665,2.1452
27.0766,650,2.0968
27.0809,612,1.9742
27.0852,563,1.8161
27.0895,522,1.6839
27.0938,495,1.5968
27.0980,483,1.5581
27.1024,483,1.5581
27.1066,488,1.5742
27.1110,494,1.5935
27.1153,497,1.6032
27.1197,499,1.6097
27.1241,499,1.6097
27.1285,500,1.6129
27.1328,501,1.6161
27.1371,502,1.6194
27.1414,502,1.6194
27.1457,502,1.6194
27.1500,502,1.6194
27.1543,501,1.6161
27.1586,501,1.6161
27.1629,502,1.6194
27.1671,502,1.6194
27.1715,502,1.6194
27.1757,504,1.6258
27.1800,504,1.6258
27.1843,504,1.6258
27.1886,503,1.6226
27.1929,507,1.6355
27.1973,506,1.6323
27.2017,505,1.6290
27.2060,505,1.6290
27.2104,504,1.6258
27.2147,505,1.6290
27.2190,505,1.6290
27.2233,507,1.6355
27.2275,506,1.6323
27.2318,506,1.6323
27.2361,509,1.6419
27.2404,512,1.6516
27.2447,516,1.6645
27.2490,519,1.6742
27.2533,521,1.6806
27.2576,525,1.6935
27.2619,527,1.7000
27.2662,532,1.7161
27.2705,534,1.7226
27.2748,537,1.7323
27.2791,538,1.7355
27.2834,542,1.7484
27.2877,543,1.7516
27.2920,545,1.7581
27.2963,545,1.7581
27.3006,545,1.7581
27.3049,545,1.7581
27.3092,545,1.7581
27.3135,545,1.7581
27.3178,543,1.7516
27.3221,542,1.7484
27.3264,540,1.7419
27.3307,538,1.7355
27.3350,535,1.7258
27.3393,533,1.7194
27.3436,530,1.7097
27.3478,527,1.7000
27.3521,524,1.6903
27.3565,520,1.6774
27.3608,516,1.6645
27.3650,513,1.6548
27.3693,509,1.6419
27.3736,506,1.6323
27.3779,503,1.6226
27.3822,499,1.6097
27.3865,496,1.6000
27.3908,495,1.5968
27.3951,496,1.6000
27.3994,496,1.6000
27.4037,496,1.6000
27.4080,498,1.6065
27.4124,499,1.6097
27.4169,498,1.6065
27.4213,498,1.6065
27.4257,499,1.6097
27.4301,500,1.6129
27.4344,500,1.6129
27.4388,501,1.6161
27.4431,501,1.6161
27.4474,502,1.6194
27.4518,502,1.6194
27.4561,502,1.6194
27.4605,502,1.6194
27.4648,502,1.6194
27.4691,502,1.6194
27.4734,503,1.6226
27.4778,503,1.6226
27.4821,502,1.6194
27.4864,504,1.6258
27.4908,504,1.6258
27.4951,504,1.6258
27.4996,504,1.6258
27.5045,504,1.6258
27.5088,505,1.6290
27.5131,505,1.6290
27.5174,503,1.6226
27.5218,505,1.6290
27.5260,503,1.6226
27.5303,504,1.6258
27.5346,506,1.6323
27.5389,505,1.6290
27.5432,504,1.6258
27.5475,505,1.6290
27.5518,505,1.6290
27.5561,506,1.6323
27.5604,506,1.6323
27.5647,507,1.6355
27.5690,506,1.6323
27.5733,508,1.6387
27.5776,507,1.6355
27.5819,506,1.6323
27.5862,508,1.6387
27.5905,508,1.6387
27.5948,508,1.6387
27.5990,507,1.6355
27.6033,508,1.6387
27.6076,509,1.6419
27.6119,510,1.6452
27.6162,509,1.6419
27.6205,509,1.6419
27.6248,509,1.6419
27.6291,511,1.6484
27.6334,513,1.6548
27.6377,517,1.6677
27.6420,522,1.6839
27.6463,525,1.6935
27.6506,527,1.7000
27.6549,530,1.7097
27.6592,532,1.7161
27.6635,533,1.7194
27.6678,532,1.7161
27.6720,531,1.7129
27.6763,529,1.7065
27.6806,527,1.7000
27.6849,523,1.6871
27.6892,520,1.6774
27.6935,516,1.6645
27.6978,512,1.6516
27.7021,508,1.6387
27.7064,505,1.6290
27.7107,506,1.6323
27.7151,506,1.6323
27.7194,506,1.6323
27.7237,507,1.6355
27.7281,507,1.6355
27.7324,508,1.6387
27.7367,509,1.6419
27.7410,509,1.6419
27.7454,509,1.6419
27.7497,508,1.6387
27.7540,509,1.6419
27.7584,509,1.6419
27.7627,509,1.6419
27.7671,509,1.6419
27.7714,510,1.6452
27.7757,510,1.6452
27.7800,510,1.6452
27.7844,507,1.6355
27.7887,500,1.6129
27.7930,492,1.5871
27.7973,492,1.5871
27.8018,507,1.6355
27.8062,535,1.7258
27.8105,576,1.8581
27.8148,621,2.0032
27.8191,659,2.1258
27.8234,664,2.1419
27.8277,643,2.0742
27.8320,601,1.9387
27.8363,554,1.7871
27.8406,515,1.6613
27.8449,492,1.5871
27.8492,483,1.5581
27.8535,484,1.5613
27.8578,490,1.5806
27.8621,496,1.6000
27.8664,499,1.6097
27.8707,500,1.6129
27.8750,500,1.6129
27.8793,501,1.6161
27.8836,500,1.6129
27.8879,500,1.6129
27.8922,501,1.6161
27.8965,502,1.6194
27.9008,503,1.6226
27.9051,503,1.6226
27.9094,504,1.6258
27.9137,504,1.6258
27.9180,504,1.6258
27.9223,504,1.6258
27.9266,504,1.6258
27.9309,504,1.6258
27.9352,504,1.6258
27.9395,505,1.6290
27.9438,505,1.6290
27.9481,505,1.6290
27.9524,506,1.6323
27.9566,506,1.6323
27.9610,506,1.6323
27.9652,506,1.6323
27.9695,506,1.6323
27.9738,507,1.6355
27.9781,507,1.6355
27.9824,509,1.6419
27.9867,511,1.6484
27.9910,514,1.6581
27.9953,517,1.6677
27.9996,521,1.6806
28.0039,523,1.6871
28.0082,527,1.7000
28.0126,529,1.7065
28.0170,534,1.7226
28.0215,538,1.7355
28.0260,539,1.7387
28.0304,541,1.7452
28.0347,544,1.7548
28.0391,546,1.7613
28.0434,546,1.7613
28.0477,547,1.7645
28.0521,547,1.7645
28.0564,549,1.7710
28.0607,548,1.7677
28.0651,547,1.7645
28.0694,544,1.7548
28.0737,542,1.7484
28.0781,541,1.7452
28.0824,540,1.7419
28.0867,536,1.7290
28.0911,534,1.7226
28.0954,531,1.7129
28.0997,527,1.7000
28.1042,522,1.6839
28.1086,518,1.6710
28.1129,514,1.6581
28.1172,511,1.6484
28.1215,509,1.6419
28.1258,506,1.6323
28.1301,502,1.6194
28.1344,500,1.6129
28.1387,499,1.6097
28.1430,498,1.6065
28.1473,498,1.6065
28.1516,498,1.6065
28.1560,498,1.6065
28.1603,498,1.6065
28.1646,500,1.6129
28.1688,500,1.6129
28.1732,500,1.6129
28.1774,500,1.6129
28.1817,500,1.6129
28.1860,500,1.6129
28.1903,500,1.6129
28.1946,501,1.6161
28.1989,502,1.6194
28.2032,502,1.6194
28.2075,501,1.6161
28.2118,502,1.6194
28.2161,501,1.6161
28.2204,501,1.6161
28.2247,502,1.6194
28.2290,502,1.6194
28.2333,503,1.6226
28.2376,505,1.6290
28.2419,506,1.6323
28.2462,505,1.6290
28.2505,505,1.6290
28.2548,505,1.6290
28.2591,507,1.6355
28.2634,506,1.6323
28.2677,506,1.6323
28.2720,505,1.6290
28.2763,505,1.6290
28.2806,505,1.6290
28.2849,505,1.6290
28.2891,506,1.6323
28.2934,507,1.6355
28.2977,505,1.6290
28.3020,507,1.6355
28.3063,506,1.6323
28.3106,507,1.6355
28.3150,507,1.6355
28.3195,507,1.6355
28.3239,508,1.6387
28.3283,509,1.6419
28.3327,509,1.6419
28.3370,509,1.6419
28.3414,509,1.6419
28.3457,508,1.6387
28.3500,508,1.6387
28.3544,510,1.6452
28.3587,510,1.6452
28.3631,509,1.6419
28.3674,509,1.6419
28.3719,509,1.6419
28.3763,509,1.6419
28.3806,511,1.6484
28.3850,515,1.6613
28.3893,519,1.6742
28.3936,522,1.6839
28.3980,526,1.6968
28.4023,529,1.7065
28.4066,531,1.7129
28.4110,531,1.7129
28.4153,530,1.7097
28.4196,530,1.7097
28.4239,529,1.7065
28.4282,527,1.7000
28.4325,524,1.6903
28.4368,521,1.6806
28.4411,518,1.6710
28.4454,515,1.6613
28.4497,512,1.6516
28.4540,509,1.6419
28.4583,507,1.6355
28.4626,508,1.6387
28.4669,508,1.6387
28.4712,508,1.6387
28.4754,508,1.6387
28.4798,509,1.6419
28.4841,508,1.6387
28.4884,510,1.6452
28.4926,509,1.6419
28.4969,510,1.6452
28.5012,510,1.6452
28.5055,509,1.6419
28.5098,510,1.6452
28.5141,509,1.6419
28.5184,509,1.6419
28.5227,508,1.6387
28.5270,509,1.6419
28.5313,509,1.6419
28.5356,504,1.6258
28.5399,497,1.6032
28.5442,490,1.5806
28.5485,493,1.5903
28.5528,512,1.6516
28.5571,545,1.7581
28.5615,586,1.8903
28.5658,631,2.0355
28.5701,663,2.1387
28.5744,663,2.1387
28.5787,634,2.0452
28.5830,591,1.9065
28.5873,544,1.7548
28.5916,507,1.6355
28.5959,489,1.5774
28.6002,483,1.5581
28.6045,484,1.5613
28.6088,491,1.5839
28.6131,497,1.6032
28.6174,500,1.6129
28.6217,500,1.6129
28.6260,500,1.6129
28.6303,500,1.6129
28.6346,500,1.6129
28.6389,500,1.6129
28.6432,501,1.6161
28.6475,501,1.6161
28.6518,502,1.6194
28.6560,503,1.6226
28.6603,503,1.6226
28.6647,503,1.6226
28.6689,504,1.6258
28.6732,503,1.6226
28.6775,503,1.6226
28.6818,503,1.6226
28.6861,504,1.6258
28.6904,504,1.6258
28.6947,504,1.6258
28.6990,505,1.6290
28.7033,505,1.6290
28.7076,505,1.6290
28.7119,506,1.6323
28.7162,507,1.6355
28.7205,507,1.6355
28.7248,506,1.6323
28.7291,506,1.6323
28.7334,507,1.6355
28.7377,508,1.6387
28.7420,513,1.6548
28.7463,518,1.6710
28.7506,520,1.6774
28.7549,524,1.6903
28.7592,526,1.6968
28.7640,530,1.7097
28.7683,532,1.7161
28.7726,535,1.7258
28.7769,539,1.7387
28.7812,541,1.7452
28.7855,543,1.7516
28.7898,545,1.7581
28.7941,546,1.7613
28.7984,546,1.7613
28.8027,547,1.7645
28.8070,545,1.7581
28.8113,546,1.7613
28.8156,546,1.7613
28.8199,544,1.7548
28.8242,542,1.7484
28.8285,539,1.7387
28.8328,537,1.7323
28.8371,534,1.7226
28.8414,532,1.7161
28.8457,529,1.7065
28.8500,524,1.6903
28.8543,521,1.6806
28.8586,516,1.6645
28.8628,512,1.6516
28.8672,509,1.6419
28.8715,505,1.6290
28.8758,503,1.6226
28.8801,500,1.6129
28.8844,496,1.6000
28.8887,495,1.5968
28.8930,494,1.5935
28.8973,495,1.5968
28.9015,494,1.5935
28.9059,495,1.5968
28.9102,495,1.5968
28.9145,495,1.5968
28.9189,497,1.6032
28.9233,497,1.6032
28.9277,498,1.6065
28.9320,499,1.6097
28.9363,499,1.6097
28.9406,498,1.6065
28.9449,499,1.6097
28.9492,499,1.6097
28.9535,499,1.6097
28.9578,501,1.6161
28.9621,500,1.6129
28.9664,501,1.6161
28.9707,501,1.6161
28.9750,502,1.6194
28.9793,502,1.6194
28.9836,504,1.6258
28.9879,505,1.6290
28.9922,504,1.6258
28.9965,504,1.6258
29.0008,504,1.6258
29.0050,504,1.6258
29.0094,505,1.6290
29.0137,505,1.6290
29.0180,505,1.6290
29.0223,504,1.6258
29.0266,505,1.6290
29.0309,504,1.6258
29.0352,505,1.6290
29.0394,505,1.6290
29.0437,506,1.6323
29.0480,506,1.6323
29.0523,506,1.6323
29.0566,506,1.6323
29.0609,506,1.6323
29.0652,507,1.6355
29.0695,507,1.6355
29.0738,508,1.6387
29.0781,508,1.6387
29.0824,509,1.6419
29.0867,509,1.6419
29.0910,509,1.6419
29.0953,508,1.6387
29.0996,508,1.6387
29.1039,509,1.6419
29.1082,509,1.6419
29.1125,509,1.6419
29.1168,510,1.6452
29.1212,510,1.6452
29.1255,510,1.6452
29.1298,511,1.6484
29.1342,514,1.6581
29.1385,518,1.6710
29.1428,522,1.6839
29.1471,524,1.6903
29.1515,527,1.7000
29.1559,531,1.7129
29.1602,533,1.7194
29.1646,534,1.7226
29.1689,533,1.7194
29.1732,532,1.7161
29.1776,529,1.7065
29.1819,526,1.6968
29.1862,523,1.6871
29.1906,521,1.6806
29.1949,519,1.6742
29.1992,513,1.6548
29.2036,510,1.6452
29.2079,507,1.6355
29.2122,508,1.6387
29.2166,508,1.6387
29.2210,508,1.6387
29.2254,509,1.6419
29.2297,510,1.6452
29.2341,510,1.6452
29.2384,510,1.6452
29.2427,509,1.6419
29.2470,509,1.6419
29.2513,509,1.6419
29.2556,510,1.6452
29.2599,509,1.6419
29.2642,510,1.6452
29.2685,511,1.6484
29.2728,511,1.6484
29.2771,512,1.6516
29.2814,509,1.6419
29.2857,505,1.6290
29.2900,497,1.6032
29.2943,491,1.5839
29.2986,493,1.5903
29.3029,511,1.6484
29.3071,544,1.7548
29.3114,587,1.8935
29.3157,631,2.0355
29.3201,662,2.1355
29.3244,663,2.1387
29.3286,635,2.0484
29.3329,592,1.9097
29.3372,545,1.7581
29.3415,508,1.6387
29.3459,489,1.5774
29.3502,482,1.5548
29.3545,484,1.5613
29.3588,492,1.5871
29.3631,497,1.6032
29.3674,500,1.6129
29.3717,501,1.6161
29.3760,501,1.6161
29.3803,501,1.6161
29.3846,500,1.6129
29.3889,502,1.6194
29.3932,501,1.6161
29.3975,502,1.6194
29.4018,502,1.6194
29.4061,503,1.6226
29.4104,502,1.6194
29.4147,502,1.6194
29.4190,503,1.6226
29.4233,504,1.6258
29.4276,502,1.6194
29.4319,502,1.6194
29.4362,502,1.6194
29.4405,504,1.6258
29.4448,505,1.6290
29.4491,505,1.6290
29.4534,507,1.6355
29.4576,506,1.6323
29.4620,506,1.6323
29.4662,505,1.6290
29.4705,505,1.6290
29.4749,507,1.6355
29.4792,507,1.6355
29.4835,507,1.6355
29.4878,508,1.6387
29.4921,513,1.6548
29.4964,517,1.6677
29.5007,520,1.6774
29.5050,524,1.6903
29.5093,527,1.7000
29.5136,531,1.7129
29.5179,533,1.7194
29.5223,536,1.7290
29.5266,537,1.7323
29.5309,540,1.7419
29.5353,542,1.7484
29.5396,544,1.7548
29.5439,544,1.7548
29.5483,545,1.7581
29.5526,547,1.7645
29.5569,548,1.7677
29.5612,547,1.7645
29.5656,544,1.7548
29.5699,544,1.7548
29.5742,541,1.7452
29.5786,539,1.7387
29.5829,536,1.7290
29.5872,535,1.7258
29.5916,531,1.7129
29.5959,529,1.7065
29.6003,526,1.6968
29.6046,521,1.6806
29.6089,516,1.6645
29.6133,514,1.6581
29.6176,511,1.6484
29.6220,508,1.6387
29.6263,506,1.6323
29.6306,502,1.6194
29.6349,499,1.6097
29.6391,497,1.6032
29.6435,497,1.6032
29.6477,498,1.6065
29.6520,499,1.6097
29.6563,499,1.6097
29.6606,500,1.6129
29.6650,500,1.6129
29.6695,499,1.6097
29.6737,500,1.6129
29.6780,500,1.6129
29.6823,499,1.6097
29.6866,501,1.6161
29.6908,500,1.6129
29.6951,501,1.6161
29.6995,501,1.6161
29.7038,501,1.6161
29.7080,501,1.6161
29.7123,502,1.6194
29.7165,503,1.6226
29.7208,503,1.6226
29.7251,503,1.6226
29.7294,504,1.6258
29.7336,504,1.6258
29.7379,504,1.6258
29.7421,504,1.6258
29.7464,504,1.6258
29.7506,504,1.6258
29.7549,505,1.6290
29.7591,506,1.6323
29.7634,506,1.6323
29.7677,506,1.6323
29.7720,507,1.6355
29.7762,506,1.6323
29.7806,506,1.6323
29.7849,505,1.6290
29.7892,506,1.6323
29.7935,506,1.6323
29.7978,507,1.6355
29.8021,507,1.6355
29.8064,508,1.6387
29.8107,507,1.6355
29.8150,507,1.6355
29.8195,507,1.6355
29.8239,509,1.6419
29.8282,509,1.6419
29.8325,509,1.6419
29.8368,510,1.6452
29.8411,509,1.6419
29.8454,509,1.6419
29.8498,510,1.6452
29.8541,511,1.6484
29.8583,512,1.6516
29.8626,511,1.6484
29.8669,510,1.6452
29.8712,509,1.6419
29.8755,509,1.6419
29.8798,509,1.6419
29.8841,513,1.6548
29.8884,516,1.6645
29.8927,520,1.6774
29.8970,525,1.6935
29.9013,528,1.7032
29.9056,531,1.7129
29.9099,533,1.7194
29.9142,533,1.7194
29.9184,532,1.7161
29.9228,531,1.7129
29.9270,529,1.7065
29.9314,526,1.6968
29.9356,524,1.6903
29.9399,520,1.6774
29.9442,516,1.6645
29.9485,513,1.6548
29.9528,509,1.6419
29.9571,508,1.6387
29.9614,508,1.6387
29.9657,508,1.6387
29.9700,509,1.6419
29.9743,508,1.6387
29.9786,508,1.6387
29.9828,509,1.6419
29.9871,509,1.6419
29.9913,509,1.6419
29.9956,510,1.6452
29.9998,510,1.6452
30.0041,509,1.6419
30.0084,510,1.6452
30.0126,511,1.6484
30.0169,512,1.6516
30.0212,511,1.6484
30.0255,510,1.6452
30.0299,509,1.6419
30.0343,508,1.6387
30.0388,500,1.6129
30.0433,491,1.5839
30.0479,491,1.5839
30.0525,509,1.6419
30.0570,542,1.7484
30.0612,584,1.8839
30.0655,628,2.0258
30.0698,660,2.1290
30.0741,664,2.1419
30.0784,637,2.0548
30.0827,594,1.9161
30.0870,546,1.7613
30.0913,510,1.6452
30.0956,490,1.5806
30.0999,483,1.5581
30.1042,484,1.5613
30.1085,491,1.5839
30.1128,495,1.5968
30.1171,499,1.6097
30.1215,499,1.6097
30.1260,499,1.6097
30.1303,499,1.6097
30.1346,500,1.6129
30.1389,501,1.6161
30.1432,500,1.6129
30.1474,501,1.6161
30.1517,501,1.6161
30.1560,502,1.6194
30.1603,503,1.6226
30.1645,504,1.6258
30.1688,504,1.6258
30.1731,505,1.6290
30.1774,504,1.6258
30.1816,504,1.6258
30.1859,504,1.6258
30.1902,505,1.6290
30.1945,504,1.6258
30.1987,505,1.6290
30.2030,505,1.6290
30.2073,505,1.6290
30.2115,504,1.6258
30.2158,505,1.6290
30.2201,504,1.6258
30.2244,504,1.6258
30.2287,504,1.6258
30.2330,506,1.6323
30.2373,508,1.6387
30.2416,512,1.6516
30.2459,515,1.6613
30.2502,518,1.6710
30.2545,521,1.6806
30.2588,524,1.6903
30.2631,527,1.7000
30.2673,531,1.7129
30.2716,533,1.7194
30.2760,536,1.7290
30.2803,539,1.7387
30.2846,542,1.7484
30.2889,542,1.7484
30.2932,544,1.7548
30.2975,545,1.7581
30.3018,545,1.7581
30.3061,544,1.7548
30.3103,545,1.7581
30.3146,544,1.7548
30.3189,543,1.7516
30.3232,541,1.7452
30.3276,539,1.7387
30.3319,537,1.7323
30.3362,535,1.7258
30.3406,532,1.7161
30.3449,530,1.7097
30.3492,526,1.6968
30.3536,523,1.6871
30.3579,518,1.6710
30.3622,514,1.6581
30.3666,511,1.6484
30.3709,508,1.6387
30.3752,505,1.6290
30.3796,503,1.6226
30.3839,499,1.6097
30.3882,496,1.6000
30.3926,495,1.5968
30.3969,495,1.5968
30.4012,496,1.6000
30.4055,496,1.6000
30.4099,496,1.6000
30.4142,498,1.6065
30.4185,499,1.6097
30.4229,499,1.6097
30.4272,499,1.6097
30.4315,499,1.6097
30.4359,499,1.6097
30.4402,500,1.6129
30.4445,500,1.6129
30.4488,500,1.6129
30.4530,501,1.6161
30.4573,500,1.6129
30.4616,501,1.6161
30.4660,502,1.6194
30.4703,503,1.6226
30.4745,504,1.6258
30.4789,504,1.6258
30.4832,504,1.6258
30.4875,505,1.6290
30.4918,505,1.6290
30.4960,505,1.6290
30.5003,506,1.6323
30.5046,506,1.6323
30.5089,506,1.6323
30.5132,507,1.6355
30.5175,507,1.6355
30.5219,508,1.6387
30.5262,507,1.6355
30.5310,506,1.6323
30.5354,506,1.6323
30.5397,506,1.6323
30.5440,506,1.6323
30.5484,506,1.6323
30.5527,506,1.6323
30.5570,506,1.6323
30.5613,507,1.6355
30.5657,508,1.6387
30.5700,508,1.6387
30.5743,507,1.6355
30.5787,509,1.6419
30.5830,509,1.6419
30.5873,508,1.6387
30.5917,508,1.6387
30.5960,509,1.6419
30.6004,509,1.6419
30.6047,508,1.6387
30.6090,508,1.6387
30.6134,509,1.6419
30.6177,510,1.6452
30.6222,510,1.6452
30.6265,510,1.6452
30.6308,513,1.6548
30.6351,517,1.6677
30.6394,519,1.6742
30.6437,522,1.6839
30.6480,527,1.7000
30.6523,529,1.7065
30.6566,531,1.7129
30.6608,532,1.7161
30.6651,533,1.7194
30.6694,531,1.7129
30.6737,531,1.7129
30.6780,529,1.7065
30.6823,527,1.7000
30.6866,524,1.6903
30.6909,520,1.6774
30.6952,518,1.6710
30.6995,514,1.6581
30.7038,511,1.6484
30.7081,508,1.6387
30.7124,509,1.6419
30.7167,510,1.6452
30.7211,509,1.6419
30.7255,509,1.6419
30.7299,508,1.6387
30.7342,510,1.6452
30.7385,510,1.6452
30.7428,510,1.6452
30.7471,510,1.6452
30.7514,509,1.6419
30.7557,509,1.6419
30.7600,509,1.6419
30.7643,509,1.6419
30.7685,509,1.6419
30.7729,510,1.6452
30.7772,512,1.6516
30.7815,510,1.6452
30.7859,505,1.6290
30.7902,498,1.6065
30.7945,491,1.5839
30.7988,494,1.5935
30.8030,512,1.6516
30.8073,544,1.7548
30.8116,587,1.8935
30.8161,632,2.0387
30.8204,662,2.1355
30.8247,660,2.1290
30.8290,632,2.0387
30.8333,589,1.9000
30.8376,542,1.7484
30.8419,506,1.6323
30.8462,489,1.5774
30.8505,483,1.5581
30.8548,485,1.5645
30.8591,491,1.5839
30.8634,496,1.6000
30.8677,499,1.6097
30.8719,500,1.6129
30.8763,501,1.6161
30.8806,501,1.6161
30.8849,500,1.6129
30.8892,502,1.6194
30.8935,502,1.6194
30.8978,503,1.6226
30.9020,504,1.6258
30.9063,503,1.6226
30.9106,502,1.6194
30.9149,503,1.6226
30.9192,503,1.6226
30.9235,503,1.6226
30.9278,503,1.6226
30.9322,504,1.6258
30.9365,504,1.6258
30.9408,505,1.6290
30.9452,506,1.6323
30.9495,506,1.6323
30.9538,506,1.6323
30.9582,506,1.6323
30.9625,506,1.6323
30.9668,506,1.6323
30.9711,506,1.6323
30.9755,506,1.6323
30.9798,506,1.6323
30.9842,508,1.6387
30.9885,510,1.6452
30.9928,514,1.6581
30.9972,518,1.6710
31.0015,519,1.6742
31.0058,523,1.6871
31.0102,527,1.7000
31.0145,530,1.7097
31.0189,534,1.7226
31.0234,537,1.7323
31.0281,539,1.7387
31.0325,542,1.7484
31.0368,543,1.7516
31.0412,544,1.7548
31.0455,544,1.7548
31.0497,544,1.7548
31.0540,544,1.7548
31.0583,546,1.7613
31.0626,546,1.7613
31.0669,544,1.7548
31.0712,541,1.7452
31.0755,539,1.7387
31.0798,538,1.7355
31.0842,537,1.7323
31.0885,532,1.7161
31.0927,531,1.7129
31.0970,528,1.7032
31.1013,525,1.6935
31.1056,521,1.6806
31.1099,518,1.6710
31.1142,515,1.6613
31.1185,512,1.6516
31.1228,509,1.6419
31.1271,505,1.6290
31.1314,501,1.6161
31.1357,498,1.6065
31.1400,496,1.6000
31.1443,496,1.6000
31.1486,496,1.6000
31.1529,498,1.6065
31.1572,498,1.6065
31.1615,499,1.6097
31.1658,498,1.6065
31.1701,498,1.6065
31.1744,498,1.6065
31.1787,499,1.6097
31.1830,499,1.6097
31.1873,500,1.6129
31.1916,500,1.6129
31.1959,499,1.6097
31.2002,500,1.6129
31.2045,500,1.6129
31.2088,500,1.6129
31.2131,502,1.6194
31.2174,503,1.6226
31.2217,504,1.6258
31.2260,502,1.6194
31.2303,503,1.6226
31.2347,503,1.6226
31.2390,502,1.6194
31.2434,503,1.6226
31.2477,502,1.6194
31.2520,501,1.6161
31.2563,502,1.6194
31.2607,503,1.6226
31.2650,503,1.6226
31.2693,503,1.6226
31.2736,503,1.6226
31.2780,503,1.6226
31.2823,504,1.6258
31.2867,505,1.6290
31.2910,505,1.6290
31.2953,506,1.6323
31.2997,506,1.6323
31.3040,505,1.6290
31.3083,505,1.6290
31.3127,506,1.6323
31.3170,507,1.6355
31.3213,507,1.6355
31.3256,508,1.6387
31.3300,507,1.6355
31.3343,508,1.6387
31.3386,509,1.6419
31.3429,508,1.6387
31.3472,508,1.6387
31.3515,508,1.6387
31.3559,507,1.6355
31.3602,507,1.6355
31.3644,507,1.6355
31.3687,508,1.6387
31.3730,509,1.6419
31.3773,509,1.6419
31.3816,509,1.6419
31.3860,513,1.6548
31.3903,517,1.6677
31.3946,521,1.6806
31.3989,524,1.6903
31.4032,527,1.7000
31.4076,529,1.7065
31.4119,531,1.7129
31.4162,532,1.7161
31.4205,532,1.7161
31.4248,530,1.7097
31.4291,529,1.7065
31.4334,526,1.6968
31.4377,523,1.6871
31.4421,519,1.6742
31.4465,515,1.6613
31.4509,511,1.6484
31.4552,509,1.6419
31.4595,508,1.6387
31.4638,509,1.6419
31.4682,508,1.6387
31.4725,508,1.6387
31.4768,508,1.6387
31.4812,508,1.6387
31.4855,509,1.6419
31.4899,510,1.6452
31.4942,510,1.6452
31.4985,509,1.6419
31.5028,510,1.6452
31.5072,509,1.6419
31.5115,509,1.6419
31.5159,509,1.6419
31.5202,509,1.6419
31.5245,510,1.6452
31.5289,510,1.6452
31.5332,508,1.6387
31.5375,502,1.6194
31.5418,495,1.5968
31.5461,489,1.5774
31.5504,499,1.6097
31.5547,522,1.6839
31.5590,558,1.8000
31.5633,602,1.9419
31.5676,645,2.0806
31.5719,666,2.1484
31.5762,656,2.1161
31.5805,622,2.0065
31.5848,575,1.8548
31.5891,531,1.7129
31.5934,502,1.6194
31.5977,488,1.5742
31.6020,485,1.5645
31.6062,490,1.5806
31.6105,496,1.6000
31.6148,501,1.6161
31.6192,502,1.6194
31.6236,502,1.6194
31.6280,502,1.6194
31.6324,502,1.6194
31.6368,502,1.6194
31.6411,502,1.6194
31.6454,501,1.6161
31.6498,503,1.6226
31.6541,502,1.6194
31.6584,503,1.6226
31.6628,504,1.6258
31.6671,504,1.6258
31.6714,506,1.6323
31.6758,506,1.6323
31.6801,506,1.6323
31.6844,505,1.6290
31.6888,505,1.6290
31.6931,504,1.6258
31.6974,504,1.6258
31.7018,505,1.6290
31.7061,507,1.6355
31.7105,507,1.6355
31.7148,508,1.6387
31.7191,507,1.6355
31.7235,508,1.6387
31.7278,509,1.6419
31.7321,508,1.6387
31.7364,511,1.6484
31.7408,514,1.6581
31.7450,518,1.6710
31.7493,520,1.6774
31.7536,524,1.6903
31.7579,526,1.6968
31.7622,529,1.7065
31.7665,532,1.7161
31.7708,535,1.7258
31.7751,538,1.7355
31.7794,540,1.7419
31.7837,543,1.7516
31.7880,545,1.7581
31.7923,545,1.7581
31.7966,546,1.7613
31.8009,546,1.7613
31.8052,546,1.7613
31.8095,547,1.7645
31.8137,545,1.7581
31.8180,543,1.7516
31.8223,542,1.7484
31.8266,540,1.7419
31.8309,538,1.7355
31.8352,537,1.7323
31.8395,535,1.7258
31.8439,532,1.7161
31.8482,528,1.7032
31.8525,524,1.6903
31.8568,520,1.6774
31.8612,516,1.6645
31.8655,513,1.6548
31.8698,510,1.6452
31.8742,507,1.6355
31.8785,504,1.6258
31.8829,500,1.6129
31.8872,497,1.6032
31.8915,496,1.6000
31.8959,497,1.6032
31.9002,498,1.6065
31.9046,498,1.6065
31.9089,498,1.6065
31.9132,498,1.6065
31.9176,498,1.6065
31.9220,499,1.6097
31.9264,498,1.6065
31.9308,498,1.6065
31.9353,499,1.6097
31.9396,499,1.6097
31.9439,498,1.6065
31.9489,499,1.6097
31.9533,499,1.6097
31.9575,500,1.6129
31.9618,500,1.6129
31.9661,501,1.6161
31.9704,500,1.6129
31.9748,499,1.6097
31.9790,500,1.6129
31.9833,500,1.6129
31.9876,502,1.6194
31.9919,502,1.6194
31.9962,503,1.6226
32.0005,504,1.6258
32.0048,503,1.6226
32.0091,503,1.6226
32.0134,503,1.6226
32.0177,503,1.6226
32.0220,504,1.6258
32.0263,505,1.6290
32.0306,504,1.6258
32.0349,505,1.6290
32.0392,505,1.6290
32.0435,504,1.6258
32.0478,506,1.6323
32.0521,506,1.6323
32.0564,505,1.6290
32.0607,506,1.6323
32.0650,506,1.6323
32.0693,507,1.6355
32.0735,507,1.6355
32.0778,508,1.6387
32.0821,507,1.6355
32.0864,507,1.6355
32.0907,507,1.6355
32.0950,508,1.6387
32.0993,509,1.6419
32.1036,508,1.6387
32.1079,509,1.6419
32.1122,507,1.6355
32.1165,508,1.6387
32.1208,508,1.6387
32.1251,510,1.6452
32.1294,510,1.6452
32.1337,512,1.6516
32.1379,515,1.6613
32.1422,520,1.6774
32.1466,523,1.6871
32.1509,526,1.6968
32.1553,528,1.7032
32.1596,531,1.7129
32.1639,531,1.7129
32.1683,532,1.7161
32.1726,532,1.7161
32.1769,530,1.7097
32.1812,527,1.7000
32.1856,524,1.6903
32.1899,521,1.6806
32.1942,518,1.6710
32.1986,514,1.6581
32.2029,509,1.6419
32.2072,507,1.6355
32.2116,507,1.6355
32.2159,508,1.6387
32.2202,508,1.6387
32.2245,508,1.6387
32.2288,508,1.6387
32.2331,508,1.6387
32.2374,509,1.6419
32.2417,509,1.6419
32.2460,508,1.6387
32.2503,509,1.6419
32.2546,509,1.6419
32.2588,510,1.6452
32.2631,509,1.6419
32.2673,509,1.6419
32.2716,509,1.6419
32.2759,510,1.6452
32.2801,509,1.6419
32.2844,506,1.6323
32.2886,500,1.6129
32.2929,491,1.5839
32.2972,489,1.5774
32.3052,524,1.6903
32.3096,562,1.8129
32.3139,607,1.9581
32.3181,647,2.0871
32.3224,665,2.1452
32.3266,650,2.0968
32.3309,616,1.9871
32.3351,571,1.8419
32.3395,527,1.7000
32.3437,498,1.6065
32.3480,486,1.5677
32.3523,483,1.5581
32.3566,487,1.5710
32.3609,493,1.5903
32.3652,497,1.6032
32.3695,499,1.6097
32.3737,500,1.6129
32.3780,499,1.6097
32.3823,500,1.6129
32.3866,500,1.6129
32.3908,500,1.6129
32.3952,502,1.6194
32.3994,503,1.6226
32.4037,504,1.6258
32.4080,503,1.6226
32.4123,503,1.6226
32.4165,505,1.6290
32.4208,505,1.6290
32.4251,504,1.6258
32.4294,504,1.6258
32.4336,503,1.6226
32.4379,504,1.6258
32.4422,505,1.6290
32.4465,505,1.6290
32.4508,505,1.6290
32.4551,506,1.6323
32.4594,507,1.6355
32.4636,507,1.6355
32.4679,507,1.6355
32.4722,507,1.6355
32.4765,506,1.6323
32.4808,506,1.6323
32.4851,507,1.6355
32.4893,509,1.6419
32.4937,513,1.6548
32.4980,516,1.6645
32.5023,520,1.6774
32.5065,522,1.6839
32.5108,525,1.6935
32.5151,529,1.7065
32.5195,533,1.7194
32.5239,536,1.7290
32.5283,537,1.7323
32.5326,539,1.7387
32.5369,542,1.7484
32.5412,543,1.7516
32.5455,544,1.7548
32.5498,545,1.7581
32.5541,546,1.7613
32.5584,546,1.7613
32.5626,545,1.7581
32.5669,544,1.7548
32.5712,543,1.7516
32.5754,542,1.7484
32.5798,540,1.7419
32.5841,537,1.7323
32.5883,535,1.7258
32.5926,531,1.7129
32.5969,528,1.7032
32.6012,524,1.6903
32.6055,520,1.6774
32.6097,516,1.6645
32.6140,513,1.6548
32.6183,511,1.6484
32.6231,508,1.6387
32.6275,504,1.6258
32.6317,500,1.6129
32.6360,496,1.6000
32.6403,496,1.6000
32.6446,495,1.5968
32.6488,495,1.5968
32.6531,496,1.6000
32.6574,496,1.6000
32.6616,497,1.6032
32.6660,496,1.6000
32.6703,497,1.6032
32.6745,498,1.6065
32.6788,499,1.6097
32.6830,501,1.6161
32.6873,501,1.6161
32.6915,502,1.6194
32.6957,500,1.6129
32.7000,501,1.6161
32.7043,500,1.6129
32.7085,501,1.6161
32.7127,502,1.6194
32.7170,502,1.6194
32.7212,502,1.6194
32.7255,503,1.6226
32.7297,503,1.6226
32.7340,502,1.6194
32.7383,502,1.6194
32.7426,504,1.6258
32.7469,503,1.6226
32.7512,504,1.6258
32.7555,504,1.6258
32.7597,504,1.6258
32.7640,504,1.6258
32.7683,504,1.6258
32.7726,504,1.6258
32.7768,505,1.6290
32.7811,504,1.6258
32.7854,504,1.6258
32.7897,504,1.6258
32.7940,505,1.6290
32.7982,507,1.6355
32.8025,507,1.6355
32.8068,508,1.6387
32.8111,508,1.6387
32.8154,508,1.6387
32.8198,508,1.6387
32.8242,508,1.6387
32.8285,508,1.6387
32.8328,509,1.6419
32.8371,510,1.6452
32.8414,510,1.6452
32.8457,511,1.6484
32.8500,509,1.6419
32.8543,509,1.6419
32.8585,510,1.6452
32.8628,511,1.6484
32.8670,511,1.6484
32.8713,511,1.6484
32.8755,512,1.6516
32.8798,512,1.6516
32.8841,515,1.6613
32.8883,518,1.6710
32.8926,523,1.6871
32.8969,527,1.7000
32.9011,528,1.7032
32.9054,531,1.7129
32.9097,531,1.7129
32.9140,533,1.7194
32.9182,532,1.7161
32.9225,532,1.7161
32.9268,529,1.7065
32.9310,527,1.7000
32.9353,525,1.6935
32.9395,520,1.6774
32.9439,516,1.6645
32.9482,512,1.6516
32.9525,509,1.6419
32.9568,507,1.6355
32.9611,508,1.6387
32.9654,507,1.6355
32.9697,507,1.6355
32.9740,506,1.6323
32.9783,508,1.6387
32.9826,509,1.6419
32.9869,508,1.6387
32.9912,509,1.6419
32.9955,508,1.6387
32.9998,509,1.6419
33.0041,508,1.6387
33.0084,508,1.6387
33.0127,509,1.6419
33.0170,508,1.6387
33.0213,509,1.6419
33.0256,508,1.6387
33.0299,509,1.6419
33.0342,507,1.6355
33.0385,499,1.6097
33.0428,491,1.5839
33.0471,489,1.5774
33.0514,501,1.6161
33.0557,528,1.7032
33.0600,566,1.8258
33.0643,610,1.9677
33.0686,650,2.0968
33.0728,665,2.1452
33.0771,650,2.0968
33.0814,612,1.9742
33.0857,566,1.8258
33.0899,522,1.6839
33.0943,497,1.6032
33.0985,487,1.5710
33.1028,485,1.5645
33.1071,490,1.5806
33.1114,496,1.6000
33.1157,499,1.6097
33.1199,500,1.6129
33.1242,501,1.6161
33.1285,502,1.6194
33.1327,502,1.6194
33.1370,502,1.6194
33.1413,503,1.6226
33.1456,501,1.6161
33.1498,502,1.6194
33.1541,502,1.6194
33.1584,503,1.6226
33.1627,503,1.6226
33.1669,503,1.6226
33.1712,504,1.6258
33.1755,504,1.6258
33.1798,504,1.6258
33.1841,505,1.6290
33.1884,504,1.6258
33.1927,505,1.6290
33.1970,505,1.6290
33.2013,505,1.6290
33.2056,506,1.6323
33.2099,506,1.6323
33.2142,507,1.6355
33.2185,508,1.6387
33.2228,507,1.6355
33.2271,507,1.6355
33.2314,507,1.6355
33.2357,510,1.6452
33.2400,513,1.6548
33.2443,516,1.6645
33.2486,518,1.6710
33.2529,522,1.6839
33.2572,526,1.6968
33.2615,528,1.7032
33.2658,531,1.7129
33.2701,533,1.7194
33.2744,536,1.7290
33.2787,539,1.7387
33.2830,542,1.7484
33.2873,543,1.7516
33.2915,543,1.7516
33.2958,544,1.7548
33.3001,545,1.7581
33.3045,547,1.7645
33.3087,547,1.7645
33.3130,546,1.7613
33.3173,546,1.7613
33.3216,545,1.7581
33.3259,541,1.7452
33.3301,539,1.7387
33.3344,538,1.7355
33.3387,535,1.7258
33.3430,531,1.7129
33.3472,528,1.7032
33.3515,525,1.6935
33.3558,521,1.6806
33.3601,517,1.6677
33.3644,514,1.6581
33.3687,511,1.6484
33.3730,509,1.6419
33.3772,506,1.6323
33.3816,502,1.6194
33.3859,498,1.6065
33.3902,497,1.6032
33.3945,496,1.6000
33.3987,496,1.6000
33.4030,495,1.5968
33.4073,496,1.6000
33.4116,497,1.6032
33.4159,498,1.6065
33.4202,498,1.6065
33.4246,498,1.6065
33.4290,498,1.6065
33.4333,498,1.6065
33.4376,499,1.6097
33.4419,500,1.6129
33.4462,500,1.6129
33.4506,500,1.6129
33.4549,501,1.6161
33.4592,502,1.6194
33.4635,502,1.6194
33.4678,500,1.6129
33.4721,502,1.6194
33.4764,503,1.6226
33.4807,505,1.6290
33.4851,505,1.6290
33.4893,504,1.6258
33.4936,503,1.6226
33.4979,503,1.6226
33.5022,505,1.6290
33.5065,504,1.6258
33.5109,505,1.6290
33.5151,504,1.6258
33.5194,504,1.6258
33.5237,503,1.6226
33.5280,505,1.6290
33.5323,505,1.6290
33.5366,506,1.6323
33.5409,507,1.6355
33.5452,506,1.6323
33.5495,506,1.6323
33.5538,506,1.6323
33.5581,507,1.6355
33.5624,507,1.6355
33.5667,507,1.6355
33.5710,507,1.6355
33.5753,507,1.6355
33.5795,507,1.6355
33.5838,507,1.6355
33.5881,508,1.6387
33.5924,508,1.6387
33.5967,508,1.6387
33.6010,509,1.6419
33.6053,508,1.6387
33.6096,509,1.6419
33.6139,510,1.6452
33.6182,511,1.6484
33.6225,511,1.6484
33.6268,510,1.6452
33.6311,512,1.6516
33.6354,516,1.6645
33.6396,519,1.6742
33.6439,523,1.6871
33.6482,526,1.6968
33.6525,528,1.7032
33.6568,529,1.7065
33.6612,532,1.7161
33.6655,530,1.7097
33.6698,530,1.7097
33.6742,530,1.7097
33.6785,528,1.7032
33.6828,527,1.7000
33.6871,524,1.6903
33.6915,520,1.6774
33.6958,516,1.6645
33.7002,512,1.6516
33.7045,508,1.6387
33.7088,508,1.6387
33.7132,508,1.6387
33.7175,508,1.6387
33.7220,508,1.6387
33.7264,507,1.6355
33.7308,507,1.6355
33.7351,509,1.6419
33.7395,510,1.6452
33.7439,510,1.6452
33.7482,509,1.6419
33.7526,509,1.6419
33.7570,509,1.6419
33.7613,511,1.6484
33.7656,512,1.6516
33.7699,511,1.6484
33.7742,510,1.6452
33.7785,510,1.6452
33.7828,507,1.6355
33.7870,503,1.6226
33.7913,495,1.5968
33.7956,489,1.5774
33.7999,494,1.5935
33.8042,516,1.6645
33.8085,552,1.7806
33.8128,596,1.9226
33.8171,640,2.0645
33.8214,665,2.1452
33.8257,659,2.1258
33.8300,625,2.0161
33.8343,580,1.8710
33.8386,535,1.7258
33.8429,502,1.6194
33.8472,487,1.5710
33.8515,482,1.5548
33.8558,486,1.5677
33.8602,492,1.5871
33.8645,497,1.6032
33.8688,499,1.6097
33.8731,501,1.6161
33.8775,501,1.6161
33.8818,501,1.6161
33.8861,500,1.6129
33.8905,499,1.6097
33.8948,499,1.6097
33.8991,500,1.6129
33.9035,502,1.6194
33.9078,502,1.6194
33.9121,502,1.6194
33.9165,502,1.6194
33.9208,502,1.6194
33.9251,504,1.6258
33.9295,503,1.6226
33.9338,503,1.6226
33.9381,503,1.6226
33.9424,504,1.6258
33.9468,505,1.6290
33.9511,505,1.6290
33.9554,506,1.6323
33.9598,505,1.6290
33.9641,506,1.6323
33.9684,506,1.6323
33.9727,506,1.6323
33.9769,507,1.6355
33.9813,507,1.6355
33.9855,509,1.6419
33.9898,511,1.6484
33.9941,514,1.6581
33.9984,518,1.6710
34.0027,520,1.6774
34.0070,524,1.6903
34.0113,526,1.6968
34.0156,531,1.7129
34.0199,535,1.7258
34.0242,538,1.7355
34.0285,541,1.7452
34.0328,542,1.7484
34.0371,544,1.7548
34.0414,545,1.7581
34.0457,544,1.7548
34.0499,545,1.7581
34.0542,547,1.7645
34.0585,546,1.7613
34.0629,546,1.7613
34.0676,544,1.7548
34.0720,541,1.7452
34.0763,538,1.7355
34.0807,537,1.7323
34.0850,535,1.7258
34.0893,532,1.7161
34.0936,530,1.7097
34.0980,528,1.7032
34.1023,524,1.6903
34.1066,520,1.6774
34.1110,516,1.6645
34.1153,514,1.6581
34.1196,510,1.6452
34.1240,508,1.6387
34.1283,504,1.6258
34.1326,500,1.6129
34.1369,496,1.6000
34.1413,495,1.5968
34.1456,495,1.5968
34.1499,495,1.5968
34.1543,495,1.5968
34.1586,498,1.6065
34.1629,498,1.6065
34.1672,499,1.6097
34.1715,500,1.6129
34.1758,500,1.6129
34.1801,499,1.6097
34.1844,500,1.6129
34.1887,500,1.6129
34.1930,501,1.6161
34.1973,501,1.6161
34.2016,501,1.6161
34.2059,502,1.6194
34.2102,503,1.6226
34.2145,503,1.6226
34.2188,503,1.6226
34.2231,504,1.6258
34.2274,504,1.6258
34.2317,504,1.6258
34.2360,503,1.6226
34.2403,504,1.6258
34.2446,505,1.6290
34.2489,505,1.6290
34.2532,505,1.6290
34.2575,505,1.6290
34.2619,506,1.6323
34.2662,505,1.6290
34.2706,506,1.6323
34.2749,506,1.6323
34.2792,507,1.6355
34.2836,506,1.6323
34.2879,506,1.6323
34.2922,507,1.6355
34.2965,507,1.6355
34.3009,507,1.6355
34.3052,509,1.6419
34.3095,508,1.6387
34.3139,507,1.6355
34.3182,507,1.6355
34.3227,507,1.6355
34.3271,508,1.6387
34.3315,507,1.6355
34.3359,507,1.6355
34.3402,507,1.6355
34.3446,508,1.6387
34.3489,509,1.6419
34.3533,509,1.6419
34.3577,509,1.6419
34.3620,510,1.6452
34.3664,509,1.6419
34.3707,509,1.6419
34.3750,509,1.6419
34.3793,510,1.6452
34.3836,513,1.6548
34.3879,517,1.6677
34.3922,521,1.6806
34.3965,523,1.6871
34.4008,526,1.6968
34.4051,528,1.7032
34.4094,529,1.7065
34.4137,530,1.7097
34.4180,530,1.7097
34.4223,529,1.7065
34.4266,529,1.7065
34.4309,527,1.7000
34.4352,523,1.6871
34.4395,520,1.6774
34.4438,516,1.6645
34.4480,512,1.6516
34.4523,509,1.6419
34.4566,508,1.6387
34.4609,507,1.6355
34.4652,508,1.6387
34.4695,508,1.6387
34.4738,509,1.6419
34.4781,509,1.6419
34.4824,510,1.6452
34.4867,510,1.6452
34.4910,509,1.6419
34.4953,509,1.6419
34.4996,510,1.6452
34.5039,509,1.6419
34.5082,510,1.6452
34.5125,510,1.6452
34.5168,511,1.6484
34.5211,511,1.6484
34.5253,512,1.6516
34.5296,511,1.6484
34.5339,509,1.6419
34.5382,502,1.6194
34.5425,493,1.5903
34.5468,490,1.5806
34.5511,500,1.6129
34.5554,526,1.6968
34.5598,564,1.8194
34.5641,611,1.9710
34.5685,650,2.0968
34.5728,668,2.1548
34.5771,651,2.1000
34.5814,613,1.9774
34.5858,565,1.8226
34.5901,521,1.6806
34.5945,496,1.6000
34.5988,484,1.5613
34.6031,483,1.5581
34.6075,488,1.5742
34.6118,495,1.5968
34.6162,499,1.6097
34.6205,500,1.6129
34.6250,501,1.6161
34.6294,501,1.6161
34.6338,501,1.6161
34.6382,500,1.6129
34.6425,501,1.6161
34.6469,501,1.6161
34.6512,502,1.6194
34.6555,502,1.6194
34.6600,503,1.6226
34.6643,503,1.6226
34.6686,503,1.6226
34.6729,502,1.6194
34.6772,502,1.6194
34.6815,502,1.6194
34.6858,503,1.6226
34.6901,504,1.6258
34.6944,504,1.6258
34.6988,504,1.6258
34.7031,504,1.6258
34.7074,505,1.6290
34.7117,505,1.6290
34.7160,506,1.6323
34.7203,506,1.6323
34.7246,507,1.6355
34.7289,507,1.6355
34.7332,508,1.6387
34.7375,509,1.6419
34.7418,512,1.6516
34.7461,515,1.6613
34.7504,518,1.6710
34.7546,521,1.6806
34.7589,525,1.6935
34.7632,529,1.7065
34.7675,532,1.7161
34.7718,534,1.7226
34.7761,536,1.7290
34.7805,537,1.7323
34.7847,541,1.7452
34.7890,541,1.7452
34.7933,543,1.7516
34.7976,544,1.7548
34.8019,544,1.7548
34.8062,545,1.7581
34.8105,545,1.7581
34.8148,543,1.7516
34.8191,541,1.7452
34.8234,540,1.7419
34.8277,538,1.7355
34.8320,537,1.7323
34.8363,534,1.7226
34.8406,531,1.7129
34.8449,530,1.7097
34.8491,527,1.7000
34.8534,525,1.6935
34.8577,521,1.6806
34.8620,517,1.6677
34.8663,513,1.6548
34.8707,510,1.6452
34.8750,506,1.6323
34.8793,504,1.6258
34.8837,500,1.6129
34.8880,499,1.6097
34.8923,497,1.6032
34.8967,497,1.6032
34.9010,496,1.6000
34.9053,497,1.6032
34.9096,497,1.6032
34.9140,498,1.6065
34.9183,498,1.6065
34.9226,499,1.6097
34.9270,497,1.6032
34.9313,498,1.6065
34.9356,498,1.6065
34.9400,499,1.6097
34.9443,500,1.6129
34.9486,500,1.6129
34.9529,500,1.6129
34.9573,502,1.6194
34.9616,502,1.6194
34.9660,503,1.6226
34.9703,504,1.6258
34.9746,504,1.6258
34.9789,505,1.6290
34.9832,504,1.6258
34.9875,504,1.6258
34.9918,504,1.6258
34.9961,504,1.6258
35.0003,504,1.6258
35.0046,505,1.6290
35.0089,506,1.6323
35.0132,506,1.6323
35.0175,505,1.6290
35.0218,505,1.6290
35.0267,506,1.6323
35.0310,506,1.6323
35.0418,507,1.6355
35.0463,506,1.6323
35.0508,507,1.6355
35.0553,508,1.6387
35.0597,509,1.6419
35.0639,508,1.6387
35.0682,507,1.6355
35.0724,508,1.6387
35.0767,508,1.6387
35.0809,509,1.6419
35.0851,509,1.6419
35.0894,509,1.6419
35.0936,508,1.6387
35.0978,508,1.6387
35.1021,509,1.6419
35.1063,509,1.6419
35.1105,508,1.6387
35.1148,509,1.6419
35.1190,510,1.6452
35.1232,509,1.6419
35.1275,510,1.6452
35.1317,512,1.6516
35.1360,516,1.6645
35.1402,520,1.6774
35.1444,523,1.6871
35.1487,527,1.7000
35.1529,529,1.7065
35.1572,531,1.7129
35.1614,533,1.7194
35.1657,532,1.7161
35.1700,530,1.7097
35.1743,529,1.7065
35.1786,527,1.7000
35.1829,525,1.6935
35.1871,522,1.6839
35.1915,517,1.6677
35.1957,513,1.6548
35.2000,510,1.6452
35.2043,507,1.6355
35.2086,507,1.6355
35.2129,508,1.6387
35.2173,508,1.6387
35.2217,510,1.6452
35.2262,511,1.6484
35.2306,508,1.6387
35.2349,508,1.6387
35.2392,508,1.6387
35.2434,509,1.6419
35.2477,509,1.6419
35.2520,509,1.6419
35.2563,509,1.6419
35.2606,511,1.6484
35.2649,511,1.6484
35.2692,510,1.6452
35.2735,510,1.6452
35.2778,512,1.6516
35.2820,511,1.6484
35.2863,506,1.6323
35.2906,497,1.6032
35.2949,489,1.5774
35.2991,492,1.5871
35.3034,511,1.6484
35.3076,542,1.7484
35.3118,584,1.8839
35.3161,628,2.0258
35.3204,661,2.1323
35.3246,663,2.1387
35.3289,637,2.0548
35.3332,594,1.9161
35.3374,548,1.7677
35.3417,512,1.6516
35.3459,491,1.5839
35.3502,484,1.5613
35.3545,486,1.5677
35.3587,491,1.5839
35.3630,498,1.6065
35.3673,500,1.6129
35.3715,500,1.6129
35.3759,501,1.6161
35.3802,502,1.6194
35.3845,502,1.6194
35.3888,502,1.6194
35.3931,502,1.6194
35.3974,502,1.6194
35.4017,503,1.6226
35.4060,503,1.6226
35.4103,502,1.6194
35.4146,503,1.6226
35.4189,504,1.6258
35.4232,504,1.6258
35.4275,504,1.6258
35.4318,504,1.6258
35.4361,503,1.6226
35.4404,505,1.6290
35.4447,505,1.6290
35.4489,505,1.6290
35.4532,505,1.6290
35.4575,506,1.6323
35.4618,507,1.6355
35.4661,507,1.6355
35.4704,506,1.6323
35.4747,506,1.6323
35.4790,507,1.6355
35.4833,508,1.6387
35.4876,510,1.6452
35.4919,513,1.6548
35.4962,517,1.6677
35.5005,520,1.6774
35.5048,523,1.6871
35.5091,525,1.6935
35.5134,528,1.7032
35.5177,531,1.7129
35.5221,535,1.7258
35.5265,537,1.7323
35.5309,539,1.7387
35.5353,542,1.7484
35.5396,544,1.7548
35.5439,546,1.7613
35.5481,546,1.7613
35.5524,546,1.7613
35.5567,547,1.7645
35.5610,547,1.7645
35.5653,546,1.7613
35.5696,543,1.7516
35.5738,542,1.7484
35.5781,539,1.7387
35.5824,538,1.7355
35.5867,536,1.7290
35.5909,533,1.7194
35.5952,529,1.7065
35.5995,527,1.7000
35.6038,524,1.6903
35.6080,521,1.6806
35.6123,516,1.6645
35.6165,513,1.6548
35.6208,511,1.6484
35.6251,508,1.6387
35.6293,504,1.6258
35.6336,501,1.6161
35.6378,497,1.6032
35.6421,496,1.6000
35.6463,496,1.6000
35.6506,496,1.6000
35.6549,497,1.6032
35.6591,498,1.6065
35.6634,498,1.6065
35.6677,499,1.6097
35.6719,499,1.6097
35.6762,499,1.6097
35.6805,499,1.6097
35.6848,500,1.6129
35.6891,500,1.6129
35.6934,500,1.6129
35.6977,501,1.6161
35.7020,501,1.6161
35.7063,501,1.6161
35.7105,502,1.6194
35.7149,502,1.6194
35.7191,503,1.6226
35.7234,503,1.6226
35.7277,503,1.6226
35.7320,503,1.6226
35.7363,503,1.6226
35.7405,503,1.6226
35.7448,504,1.6258
35.7491,505,1.6290
35.7534,505,1.6290
35.7577,506,1.6323
35.7620,506,1.6323
35.7663,505,1.6290
35.7706,506,1.6323
35.7749,505,1.6290
35.7792,506,1.6323
35.7835,506,1.6323
35.7878,506,1.6323
35.7921,505,1.6290
35.7964,506,1.6323
35.8007,507,1.6355
35.8050,506,1.6323
35.8093,508,1.6387
35.8136,509,1.6419
35.8179,509,1.6419
35.8222,509,1.6419
35.8265,510,1.6452
35.8308,509,1.6419
35.8351,509,1.6419
35.8398,508,1.6387
35.8441,509,1.6419
35.8484,508,1.6387
35.8527,509,1.6419
35.8570,510,1.6452
35.8613,510,1.6452
35.8656,510,1.6452
35.8699,511,1.6484
35.8741,511,1.6484
35.8784,512,1.6516
35.8827,513,1.6548
35.8870,516,1.6645
35.8913,520,1.6774
35.8956,524,1.6903
35.8999,527,1.7000
35.9042,530,1.7097
35.9085,531,1.7129
35.9128,532,1.7161
35.9171,532,1.7161
35.9214,531,1.7129
35.9257,529,1.7065
35.9300,528,1.7032
35.9343,524,1.6903
35.9385,521,1.6806
35.9428,518,1.6710
35.9471,514,1.6581
35.9514,511,1.6484
35.9557,508,1.6387
35.9600,509,1.6419
35.9643,509,1.6419
35.9686,509,1.6419
35.9729,509,1.6419
35.9772,509,1.6419
35.9815,508,1.6387
35.9859,509,1.6419
35.9902,509,1.6419
35.9944,510,1.6452
35.9987,511,1.6484
36.0030,510,1.6452
36.0073,509,1.6419
36.0116,510,1.6452
36.0159,510,1.6452
36.0202,510,1.6452
36.0245,511,1.6484
36.0288,510,1.6452
36.0331,508,1.6387
36.0374,503,1.6226
36.0417,496,1.6000
36.0460,489,1.5774
36.0503,496,1.6000
36.0545,517,1.6677
36.0588,553,1.7839
36.0631,598,1.9290
36.0674,641,2.0677
36.0718,666,2.1484
36.0761,657,2.1194
36.0804,623,2.0097
36.0847,579,1.8677
36.0890,533,1.7194
36.0933,503,1.6226
36.0976,487,1.5710
36.1019,483,1.5581
36.1062,487,1.5710
36.1105,494,1.5935
36.1148,499,1.6097
36.1191,499,1.6097
36.1234,500,1.6129
36.1278,501,1.6161
36.1322,500,1.6129
36.1365,500,1.6129
36.1408,501,1.6161
36.1451,501,1.6161
36.1494,501,1.6161
36.1537,502,1.6194
36.1579,503,1.6226
36.1622,504,1.6258
36.1665,504,1.6258
36.1708,504,1.6258
36.1751,504,1.6258
36.1794,504,1.6258
36.1836,505,1.6290
36.1879,505,1.6290
36.1922,505,1.6290
36.1965,504,1.6258
36.2007,504,1.6258
36.2050,505,1.6290
36.2093,505,1.6290
36.2136,505,1.6290
36.2178,506,1.6323
36.2221,507,1.6355
36.2263,508,1.6387
36.2306,508,1.6387
36.2348,509,1.6419
36.2391,513,1.6548
36.2433,516,1.6645
36.2476,520,1.6774
36.2518,522,1.6839
36.2561,525,1.6935
36.2604,529,1.7065
36.2646,531,1.7129
36.2689,534,1.7226
36.2731,536,1.7290
36.2774,539,1.7387
36.2818,540,1.7419
36.2861,543,1.7516
36.2904,546,1.7613
36.2947,546,1.7613
36.2991,546,1.7613
36.3034,547,1.7645
36.3077,546,1.7613
36.3121,546,1.7613
36.3164,545,1.7581
36.3207,543,1.7516
36.3251,542,1.7484
36.3294,539,1.7387
36.3337,538,1.7355
36.3381,533,1.7194
36.3424,531,1.7129
36.3467,529,1.7065
36.3510,526,1.6968
36.3554,523,1.6871
36.3597,519,1.6742
36.3640,515,1.6613
36.3683,511,1.6484
36.3727,508,1.6387
36.3770,505,1.6290
36.3813,501,1.6161
36.3856,498,1.6065
36.3899,497,1.6032
36.3942,496,1.6000
36.3985,496,1.6000
36.4028,497,1.6032
36.4071,497,1.6032
36.4114,497,1.6032
36.4157,498,1.6065
36.4200,498,1.6065
36.4254,499,1.6097
36.4301,499,1.6097
36.4344,499,1.6097
36.4387,500,1.6129
36.4429,501,1.6161
36.4472,502,1.6194
36.4516,501,1.6161
36.4559,501,1.6161
36.4601,502,1.6194
36.4644,502,1.6194
36.4687,502,1.6194
36.4729,502,1.6194
36.4772,502,1.6194
36.4816,503,1.6226
36.4859,503,1.6226
36.4902,503,1.6226
36.4944,504,1.6258
36.4987,505,1.6290
36.5030,506,1.6323
36.5072,505,1.6290
36.5115,504,1.6258
36.5158,505,1.6290
36.5202,505,1.6290
36.5245,506,1.6323
36.5288,505,1.6290
36.5331,505,1.6290
36.5374,506,1.6323
36.5416,507,1.6355
36.5459,506,1.6323
36.5502,507,1.6355
36.5545,507,1.6355
36.5588,507,1.6355
36.5631,508,1.6387
36.5674,508,1.6387
36.5717,508,1.6387
36.5761,508,1.6387
36.5804,509,1.6419
36.5847,508,1.6387
36.5889,507,1.6355
36.5932,508,1.6387
36.5974,508,1.6387
36.6017,508,1.6387
36.6059,507,1.6355
36.6102,508,1.6387
36.6144,509,1.6419
36.6187,509,1.6419
36.6229,508,1.6387
36.6272,507,1.6355
36.6314,510,1.6452
36.6356,513,1.6548
36.6399,516,1.6645
36.6441,520,1.6774
36.6484,523,1.6871
36.6526,527,1.7000
36.6569,530,1.7097
36.6611,532,1.7161
36.6653,532,1.7161
36.6696,532,1.7161
36.6738,531,1.7129
36.6781,527,1.7000
36.6824,527,1.7000
36.6867,523,1.6871
36.6910,520,1.6774
36.6952,517,1.6677
36.6995,512,1.6516
36.7038,507,1.6355
36.7081,505,1.6290
36.7124,506,1.6323
36.7166,507,1.6355
36.7209,508,1.6387
36.7252,509,1.6419
36.7294,508,1.6387
36.7337,508,1.6387
36.7380,508,1.6387
36.7423,508,1.6387
36.7465,508,1.6387
36.7508,509,1.6419
36.7551,509,1.6419
36.7593,509,1.6419
36.7636,510,1.6452
36.7679,510,1.6452
36.7722,509,1.6419
36.7764,510,1.6452
36.7807,510,1.6452
36.7851,506,1.6323
36.7893,499,1.6097
36.7936,490,1.5806
36.7979,488,1.5742
36.8022,502,1.6194
36.8065,530,1.7097
36.8108,568,1.8323
36.8151,615,1.9839
36.8194,654,2.1097
36.8237,664,2.1419
36.8280,644,2.0774
36.8323,604,1.9484
36.8365,558,1.8000
36.8409,518,1.6710
36.8452,494,1.5935
36.8494,483,1.5581
36.8537,482,1.5548
36.8580,488,1.5742
36.8623,495,1.5968
36.8666,498,1.6065
36.8709,499,1.6097
36.8752,499,1.6097
36.8795,499,1.6097
36.8838,499,1.6097
36.8881,500,1.6129
36.8924,499,1.6097
36.8967,500,1.6129
36.9010,501,1.6161
36.9053,502,1.6194
36.9096,502,1.6194
36.9138,501,1.6161
36.9181,501,1.6161
36.9224,501,1.6161
36.9267,501,1.6161
36.9310,501,1.6161
36.9352,502,1.6194
36.9395,504,1.6258
36.9438,503,1.6226
36.9481,504,1.6258
36.9524,504,1.6258
36.9566,504,1.6258
36.9609,503,1.6226
36.9652,503,1.6226
36.9694,504,1.6258
36.9737,504,1.6258
36.9780,505,1.6290
36.9823,506,1.6323
36.9866,508,1.6387
36.9909,510,1.6452
36.9951,513,1.6548
36.9994,518,1.6710
37.0037,522,1.6839
37.0079,525,1.6935
37.0123,528,1.7032
37.0165,531,1.7129
37.0209,534,1.7226
37.0253,538,1.7355
37.0297,539,1.7387
37.0341,542,1.7484
37.0384,544,1.7548
37.0427,543,1.7516
37.0469,544,1.7548
37.0512,546,1.7613
37.0555,545,1.7581
37.0597,547,1.7645
37.0640,546,1.7613
37.0683,545,1.7581
37.0726,541,1.7452
37.0768,540,1.7419
37.0811,538,1.7355
37.0854,537,1.7323
37.0897,534,1.7226
37.0939,531,1.7129
37.0981,528,1.7032
37.1024,525,1.6935
37.1066,521,1.6806
37.1109,517,1.6677
37.1151,514,1.6581
37.1194,511,1.6484
37.1236,508,1.6387
37.1278,504,1.6258
37.1321,501,1.6161
37.1364,499,1.6097
37.1407,496,1.6000
37.1449,496,1.6000
37.1492,497,1.6032
37.1534,497,1.6032
37.1577,499,1.6097
37.1619,499,1.6097
37.1662,499,1.6097
37.1704,500,1.6129
37.1747,500,1.6129
37.1789,500,1.6129
37.1832,499,1.6097
37.1874,500,1.6129
37.1917,501,1.6161
37.1960,501,1.6161
37.2003,501,1.6161
37.2046,501,1.6161
37.2089,502,1.6194
37.2131,503,1.6226
37.2174,502,1.6194
37.2217,501,1.6161
37.2260,502,1.6194
37.2302,503,1.6226
37.2346,502,1.6194
37.2388,505,1.6290
37.2431,505,1.6290
37.2474,504,1.6258
37.2516,505,1.6290
37.2560,505,1.6290
37.2602,505,1.6290
37.2645,505,1.6290
37.2688,506,1.6323
37.2730,506,1.6323
37.2773,506,1.6323
37.2816,506,1.6323
37.2860,505,1.6290
37.2902,505,1.6290
37.2945,506,1.6323
37.2988,505,1.6290
37.3031,507,1.6355
37.3073,507,1.6355
37.3116,508,1.6387
37.3159,508,1.6387
37.3202,507,1.6355
37.3246,507,1.6355
37.3290,508,1.6387
37.3338,507,1.6355
37.3382,508,1.6387
37.3425,508,1.6387
37.3468,509,1.6419
37.3510,509,1.6419
37.3553,510,1.6452
37.3596,510,1.6452
37.3639,510,1.6452
37.3682,510,1.6452
37.3724,510,1.6452
37.3767,510,1.6452
37.3810,511,1.6484
37.3853,514,1.6581
37.3895,518,1.6710
37.3938,520,1.6774
37.3980,524,1.6903
37.4023,529,1.7065
37.4065,530,1.7097
37.4108,530,1.7097
37.4150,531,1.7129
37.4193,531,1.7129
37.4235,529,1.7065
37.4278,527,1.7000
37.4320,526,1.6968
37.4363,524,1.6903
37.4405,518,1.6710
37.4448,516,1.6645
37.4490,512,1.6516
37.4533,511,1.6484
37.4575,508,1.6387
37.4618,509,1.6419
37.4660,508,1.6387
37.4703,509,1.6419
37.4745,509,1.6419
37.4788,508,1.6387
37.4831,509,1.6419
37.4874,509,1.6419
37.4917,509,1.6419
37.4960,509,1.6419
37.5003,508,1.6387
37.5046,508,1.6387
37.5088,508,1.6387
37.5131,509,1.6419
37.5174,510,1.6452
37.5216,510,1.6452
37.5260,511,1.6484
37.5302,510,1.6452
37.5345,508,1.6387
37.5388,501,1.6161
37.5431,494,1.5935
37.5474,491,1.5839
37.5516,503,1.6226
37.5560,528,1.7032
37.5603,566,1.8258
37.5646,610,1.9677
37.5689,650,2.0968
37.5731,665,2.1452
37.5774,649,2.0935
37.5817,613,1.9774
37.5860,565,1.8226
37.5903,523,1.6871
37.5946,497,1.6032
37.6032,484,1.5613
37.6076,489,1.5774
37.6119,495,1.5968
37.6161,498,1.6065
37.6205,501,1.6161
37.6247,501,1.6161
37.6290,502,1.6194
37.6333,502,1.6194
37.6376,501,1.6161
37.6419,502,1.6194
37.6462,502,1.6194
37.6505,502,1.6194
37.6548,502,1.6194
37.6590,501,1.6161
37.6633,502,1.6194
37.6676,502,1.6194
37.6719,502,1.6194
37.6762,503,1.6226
37.6804,503,1.6226
37.6848,504,1.6258
37.6891,504,1.6258
37.6933,504,1.6258
37.6976,504,1.6258
37.7019,503,1.6226
37.7062,504,1.6258
37.7105,504,1.6258
37.7147,504,1.6258
37.7190,504,1.6258
37.7233,505,1.6290
37.7276,507,1.6355
37.7318,507,1.6355
37.7361,508,1.6387
37.7404,512,1.6516
37.7447,515,1.6613
37.7489,519,1.6742
37.7532,522,1.6839
37.7575,526,1.6968
37.7618,528,1.7032
37.7660,532,1.7161
37.7703,536,1.7290
37.7746,539,1.7387
37.7788,540,1.7419
37.7831,542,1.7484
37.7874,544,1.7548
37.7917,545,1.7581
37.7960,546,1.7613
37.8002,547,1.7645
37.8045,548,1.7677
37.8088,547,1.7645
37.8130,547,1.7645
37.8173,545,1.7581
37.8216,544,1.7548
37.8259,542,1.7484
37.8302,538,1.7355
37.8344,536,1.7290
37.8387,533,1.7194
37.8430,531,1.7129
37.8473,527,1.7000
37.8515,525,1.6935
37.8559,522,1.6839
37.8602,517,1.6677
37.8644,514,1.6581
37.8687,511,1.6484
37.8730,509,1.6419
37.8772,506,1.6323
37.8815,503,1.6226
37.8859,499,1.6097
37.8902,496,1.6000
37.8945,495,1.5968
37.8987,495,1.5968
37.9030,497,1.6032
37.9073,498,1.6065
37.9116,499,1.6097
37.9159,499,1.6097
37.9202,500,1.6129
37.9246,500,1.6129
37.9290,500,1.6129
37.9334,500,1.6129
37.9377,499,1.6097
37.9421,501,1.6161
37.9464,500,1.6129
37.9506,502,1.6194
37.9550,501,1.6161
37.9592,501,1.6161
37.9635,500,1.6129
37.9678,500,1.6129
37.9721,500,1.6129
37.9763,502,1.6194
37.9806,504,1.6258
37.9849,504,1.6258
37.9892,503,1.6226
37.9935,503,1.6226
37.9978,504,1.6258
38.0020,505,1.6290
38.0063,504,1.6258
38.0105,505,1.6290
38.0148,504,1.6258
38.0190,505,1.6290
38.0233,506,1.6323
38.0275,506,1.6323
38.0318,505,1.6290
38.0360,505,1.6290
38.0403,506,1.6323
38.0445,507,1.6355
38.0488,508,1.6387
38.0530,508,1.6387
38.0573,508,1.6387
38.0615,508,1.6387
38.0658,507,1.6355
38.0701,508,1.6387
38.0743,508,1.6387
38.0786,509,1.6419
38.0828,509,1.6419
38.0872,510,1.6452
38.0915,510,1.6452
38.0958,510,1.6452
38.1001,511,1.6484
38.1044,512,1.6516
38.1087,512,1.6516
38.1130,512,1.6516
38.1173,512,1.6516
38.1216,511,1.6484
38.1259,512,1.6516
38.1302,513,1.6548
38.1346,515,1.6613
38.1388,519,1.6742
38.1431,523,1.6871
38.1474,527,1.7000
38.1517,529,1.7065
38.1560,531,1.7129
38.1602,532,1.7161
38.1645,534,1.7226
38.1688,534,1.7226
38.1731,532,1.7161
38.1773,530,1.7097
38.1816,527,1.7000
38.1859,524,1.6903
38.1902,520,1.6774
38.1945,516,1.6645
38.1988,512,1.6516
38.2031,508,1.6387
38.2073,506,1.6323
38.2116,506,1.6323
38.2159,507,1.6355
38.2202,508,1.6387
38.2246,508,1.6387
38.2314,510,1.6452
38.2357,509,1.6419
38.2401,511,1.6484
38.2444,508,1.6387
38.2487,509,1.6419
38.2530,510,1.6452
38.2572,510,1.6452
38.2615,511,1.6484
38.2658,509,1.6419
38.2701,511,1.6484
38.2744,511,1.6484
38.2786,511,1.6484
38.2830,509,1.6419
38.2873,505,1.6290
38.2916,496,1.6000
38.2959,490,1.5806
38.3001,496,1.6000
38.3044,515,1.6613
38.3086,549,1.7710
38.3129,592,1.9097
38.3172,636,2.0516
38.3214,663,2.1387
38.3257,660,2.1290
38.3300,629,2.0290
38.3343,586,1.8903
38.3385,538,1.7355
38.3428,505,1.6290
38.3470,487,1.5710
38.3513,482,1.5548
38.3556,484,1.5613
38.3598,491,1.5839
38.3641,495,1.5968
38.3683,499,1.6097
38.3726,500,1.6129
38.3769,500,1.6129
38.3811,501,1.6161
38.3854,501,1.6161
38.3897,501,1.6161
38.3940,501,1.6161
38.3983,503,1.6226
38.4027,504,1.6258
38.4069,503,1.6226
38.4112,502,1.6194
38.4155,503,1.6226
38.4198,502,1.6194
38.4241,504,1.6258
38.4284,503,1.6226
38.4327,505,1.6290
38.4370,505,1.6290
38.4413,505,1.6290
38.4456,506,1.6323
38.4499,506,1.6323
38.4541,507,1.6355
38.4584,505,1.6290
38.4627,505,1.6290
38.4670,506,1.6323
38.4713,506,1.6323
38.4756,507,1.6355
38.4799,507,1.6355
38.4842,508,1.6387
38.4885,511,1.6484
38.4928,515,1.6613
38.4971,519,1.6742
38.5014,522,1.6839
38.5057,526,1.6968
38.5100,529,1.7065
38.5142,531,1.7129
38.5185,535,1.7258
38.5228,538,1.7355
38.5271,540,1.7419
38.5314,543,1.7516
38.5357,545,1.7581
38.5400,545,1.7581
38.5443,546,1.7613
38.5486,545,1.7581
38.5529,546,1.7613
38.5572,547,1.7645
38.5614,547,1.7645
38.5658,546,1.7613
38.5700,544,1.7548
38.5743,541,1.7452
38.5786,539,1.7387
38.5829,537,1.7323
38.5872,535,1.7258
38.5915,533,1.7194
38.5958,529,1.7065
38.6001,526,1.6968
38.6044,522,1.6839
38.6087,519,1.6742
38.6130,516,1.6645
38.6173,512,1.6516
38.6216,508,1.6387
38.6259,505,1.6290
38.6302,502,1.6194
38.6345,499,1.6097
38.6388,497,1.6032
38.6431,496,1.6000
38.6473,496,1.6000
38.6516,497,1.6032
38.6560,497,1.6032
38.6603,497,1.6032
38.6646,498,1.6065
38.6689,497,1.6032
38.6732,498,1.6065
38.6775,500,1.6129
38.6818,500,1.6129
38.6861,500,1.6129
38.6904,500,1.6129
38.6946,499,1.6097
38.6989,501,1.6161
38.7032,501,1.6161
38.7075,500,1.6129
38.7118,502,1.6194
38.7161,503,1.6226
38.7204,504,1.6258
38.7247,503,1.6226
38.7289,503,1.6226
38.7332,502,1.6194
38.7375,502,1.6194
38.7418,501,1.6161
38.7461,502,1.6194
38.7504,502,1.6194
38.7547,503,1.6226
38.7590,504,1.6258
38.7633,503,1.6226
38.7675,504,1.6258
38.7719,504,1.6258
38.7762,505,1.6290
38.7804,505,1.6290
38.7847,505,1.6290
38.7890,504,1.6258
38.7933,504,1.6258
38.7976,504,1.6258
38.8019,506,1.6323
38.8062,506,1.6323
38.8105,506,1.6323
38.8148,507,1.6355
38.8191,508,1.6387
38.8235,508,1.6387
38.8279,508,1.6387
38.8324,509,1.6419
38.8367,507,1.6355
38.8410,508,1.6387
38.8453,508,1.6387
38.8496,510,1.6452
38.8539,510,1.6452
38.8582,511,1.6484
38.8625,510,1.6452
38.8667,511,1.6484
38.8710,511,1.6484
38.8753,510,1.6452
38.8796,511,1.6484
38.8839,513,1.6548
38.8882,517,1.6677
38.8925,521,1.6806
38.8968,525,1.6935
38.9011,528,1.7032
38.9054,530,1.7097
38.9096,532,1.7161
38.9139,533,1.7194
38.9181,533,1.7194
38.9224,532,1.7161
38.9267,530,1.7097
38.9309,527,1.7000
38.9352,525,1.6935
38.9395,522,1.6839
38.9438,518,1.6710
38.9480,513,1.6548
38.9523,508,1.6387
38.9566,508,1.6387
38.9609,507,1.6355
38.9651,508,1.6387
38.9694,507,1.6355
38.9737,509,1.6419
38.9779,509,1.6419
38.9822,509,1.6419
38.9864,509,1.6419
38.9907,509,1.6419
38.9950,509,1.6419
38.9993,509,1.6419
39.0035,509,1.6419
39.0078,510,1.6452
39.0121,511,1.6484
39.0164,510,1.6452
39.0207,510,1.6452
39.0250,510,1.6452
39.0293,509,1.6419
39.0336,507,1.6355
39.0379,502,1.6194
39.0422,494,1.5935
39.0465,487,1.5710
39.0509,496,1.6000
39.0552,520,1.6774
39.0595,558,1.8000
39.0638,599,1.9323
39.0681,642,2.0710
39.0724,662,2.1355
39.0766,653,2.1065
39.0809,620,2.0000
39.0852,575,1.8548
39.0895,528,1.7032
39.0938,499,1.6097
39.0981,486,1.5677
39.1024,483,1.5581
39.1067,487,1.5710
39.1109,492,1.5871
39.1152,496,1.6000
39.1195,498,1.6065
39.1239,500,1.6129
39.1282,500,1.6129
39.1326,500,1.6129
39.1369,501,1.6161
39.1412,501,1.6161
39.1456,502,1.6194
39.1499,501,1.6161
39.1541,503,1.6226
39.1584,503,1.6226
39.1627,504,1.6258
39.1669,504,1.6258
39.1712,504,1.6258
39.1755,505,1.6290
39.1797,505,1.6290
39.1840,504,1.6258
39.1882,504,1.6258
39.1925,505,1.6290
39.1968,505,1.6290
39.2011,505,1.6290
39.2053,505,1.6290
39.2096,506,1.6323
39.2138,506,1.6323
39.2181,507,1.6355
39.2224,507,1.6355
39.2266,507,1.6355
39.2309,507,1.6355
39.2352,510,1.6452
39.2395,512,1.6516
39.2437,515,1.6613
39.2480,517,1.6677
39.2522,520,1.6774
39.2565,524,1.6903
39.2608,527,1.7000
39.2650,530,1.7097
39.2693,533,1.7194
39.2736,536,1.7290
39.2778,539,1.7387
39.2821,543,1.7516
39.2863,544,1.7548
39.2906,545,1.7581
39.2949,546,1.7613
39.2992,546,1.7613
39.3035,545,1.7581
39.3078,546,1.7613
39.3121,545,1.7581
39.3165,542,1.7484
39.3207,542,1.7484
39.3251,540,1.7419
39.3293,536,1.7290
39.3336,535,1.7258
39.3379,533,1.7194
39.3422,531,1.7129
39.3465,527,1.7000
39.3508,523,1.6871
39.3551,519,1.6742
39.3594,517,1.6677
39.3641,512,1.6516
39.3684,511,1.6484
39.3727,508,1.6387
39.3771,505,1.6290
39.3814,502,1.6194
39.3857,498,1.6065
39.3900,497,1.6032
39.3943,496,1.6000
39.3986,496,1.6000
39.4029,497,1.6032
39.4071,496,1.6000
39.4114,498,1.6065
39.4157,499,1.6097
39.4200,499,1.6097
39.4242,500,1.6129
39.4285,499,1.6097
39.4327,500,1.6129
39.4370,500,1.6129
39.4413,500,1.6129
39.4456,501,1.6161
39.4498,501,1.6161
39.4541,501,1.6161
39.4584,501,1.6161
39.4626,501,1.6161
39.4669,500,1.6129
39.4711,500,1.6129
39.4754,501,1.6161
39.4798,503,1.6226
39.4841,504,1.6258
39.4883,504,1.6258
39.4926,503,1.6226
39.4968,503,1.6226
39.5011,503,1.6226
39.5054,504,1.6258
39.5097,503,1.6226
39.5140,504,1.6258
39.5183,505,1.6290
39.5226,505,1.6290
39.5269,506,1.6323
39.5312,507,1.6355
39.5355,506,1.6323
39.5398,506,1.6323
39.5441,506,1.6323
39.5484,507,1.6355
39.5527,508,1.6387
39.5570,508,1.6387
39.5613,508,1.6387
39.5656,508,1.6387
39.5699,508,1.6387
39.5742,508,1.6387
39.5785,508,1.6387
39.5828,507,1.6355
39.5870,509,1.6419
39.5913,509,1.6419
39.5956,509,1.6419
39.5998,509,1.6419
39.6042,509,1.6419
39.6085,509,1.6419
39.6127,509,1.6419
39.6170,510,1.6452
39.6213,511,1.6484
39.6256,511,1.6484
39.6298,511,1.6484
39.6341,514,1.6581
39.6384,517,1.6677
39.6427,519,1.6742
39.6470,524,1.6903
39.6513,527,1.7000
39.6556,530,1.7097
39.6598,531,1.7129
39.6641,532,1.7161
39.6684,531,1.7129
39.6727,530,1.7097
39.6769,529,1.7065
39.6812,527,1.7000
39.6855,524,1.6903
39.6898,521,1.6806
39.6941,517,1.6677
39.6983,513,1.6548
39.7026,511,1.6484
39.7069,509,1.6419
39.7112,507,1.6355
39.7155,507,1.6355
39.7198,507,1.6355
39.7242,507,1.6355
39.7287,507,1.6355
39.7331,508,1.6387
39.7374,507,1.6355
39.7418,507,1.6355
39.7461,507,1.6355
39.7504,507,1.6355
39.7547,507,1.6355
39.7590,508,1.6387
39.7633,508,1.6387
39.7676,509,1.6419
39.7719,510,1.6452
39.7761,510,1.6452
39.7804,510,1.6452
39.7847,508,1.6387
39.7890,501,1.6161
39.7937,492,1.5871
39.7979,489,1.5774
39.8022,502,1.6194
39.8065,530,1.7097
39.8108,569,1.8355
39.8151,614,1.9806
39.8193,654,2.1097
39.8236,667,2.1516
39.8279,649,2.0935
39.8321,611,1.9710
39.8364,565,1.8226
39.8406,522,1.6839
39.8448,496,1.6000
39.8491,484,1.5613
39.8533,484,1.5613
39.8576,489,1.5774
39.8618,496,1.6000
39.8661,500,1.6129
39.8703,502,1.6194
39.8746,502,1.6194
39.8788,502,1.6194
39.8831,500,1.6129
39.8873,501,1.6161
39.8916,501,1.6161
39.8959,502,1.6194
39.9001,504,1.6258
39.9044,504,1.6258
39.9088,505,1.6290
39.9131,504,1.6258
39.9174,503,1.6226
39.9216,503,1.6226
39.9260,504,1.6258
39.9302,505,1.6290
39.9345,504,1.6258
39.9388,505,1.6290
39.9431,506,1.6323
39.9473,506,1.6323
39.9516,506,1.6323
39.9560,507,1.6355
39.9603,508,1.6387
39.9646,508,1.6387
39.9689,507,1.6355
39.9732,508,1.6387
39.9774,509,1.6419
39.9817,508,1.6387
39.9860,509,1.6419
39.9904,512,1.6516
39.9946,516,1.6645
39.9989,520,1.6774
40.0033,524,1.6903
40.0076,528,1.7032
40.0119,530,1.7097
40.0162,532,1.7161
40.0205,535,1.7258
40.0250,538,1.7355
40.0293,540,1.7419
40.0338,541,1.7452
40.0409,544,1.7548
40.0453,546,1.7613
40.0498,546,1.7613
40.0543,548,1.7677
40.0589,547,1.7645
40.0634,546,1.7613
40.0679,545,1.7581
40.0721,543,1.7516
40.0765,542,1.7484
40.0807,540,1.7419
40.0850,538,1.7355
40.0893,536,1.7290
40.0936,532,1.7161
40.0978,529,1.7065
40.1023,526,1.6968
40.1066,522,1.6839
40.1109,518,1.6710
40.1152,515,1.6613
40.1194,512,1.6516
40.1236,508,1.6387
40.1279,505,1.6290
40.1321,501,1.6161
40.1364,498,1.6065
40.1406,497,1.6032
40.1449,497,1.6032
40.1491,497,1.6032
40.1534,497,1.6032
40.1577,497,1.6032
40.1619,498,1.6065
40.1661,498,1.6065
40.1704,498,1.6065
40.1746,499,1.6097
40.1789,500,1.6129
40.1832,501,1.6161
40.1874,501,1.6161
40.1916,502,1.6194
40.1959,502,1.6194
40.2002,502,1.6194
40.2044,502,1.6194
40.2087,501,1.6161
40.2130,501,1.6161
40.2173,503,1.6226
40.2215,503,1.6226
40.2258,502,1.6194
40.2301,501,1.6161
40.2344,501,1.6161
40.2387,501,1.6161
40.2430,502,1.6194
40.2473,502,1.6194
40.2515,504,1.6258
40.2558,503,1.6226
40.2602,504,1.6258
40.2645,504,1.6258
40.2687,504,1.6258
40.2731,503,1.6226
40.2774,504,1.6258
40.2817,506,1.6323
40.2860,506,1.6323
40.2903,507,1.6355
40.2946,507,1.6355
40.2989,506,1.6323
40.3031,506,1.6323
40.3074,507,1.6355
40.3117,507,1.6355
40.3159,506,1.6323
40.3202,506,1.6323
40.3245,507,1.6355
40.3287,507,1.6355
40.3330,506,1.6323
40.3372,508,1.6387
40.3415,508,1.6387
40.3458,509,1.6419
40.3500,508,1.6387
40.3543,508,1.6387
40.3585,510,1.6452
40.3628,509,1.6419
40.3671,508,1.6387
40.3713,508,1.6387
40.3756,509,1.6419
40.3799,511,1.6484
40.3841,513,1.6548
40.3884,516,1.6645
40.3926,519,1.6742
40.3969,524,1.6903
40.4011,528,1.7032
40.4054,531,1.7129
40.4097,532,1.7161
40.4140,532,1.7161
40.4183,531,1.7129
40.4226,532,1.7161
40.4269,531,1.7129
40.4312,527,1.7000
40.4355,525,1.6935
40.4397,521,1.6806
40.4441,519,1.6742
40.4483,515,1.6613
40.4526,510,1.6452
40.4569,509,1.6419
40.4613,509,1.6419
40.4655,509,1.6419
40.4698,509,1.6419
40.4741,509,1.6419
40.4785,508,1.6387
40.4828,508,1.6387
40.4871,507,1.6355
40.4914,508,1.6387
40.4957,508,1.6387
40.4999,510,1.6452
40.5043,510,1.6452
40.5086,509,1.6419
40.5129,509,1.6419
40.5171,509,1.6419
40.5214,509,1.6419
40.5257,510,1.6452
40.5299,509,1.6419
40.5342,508,1.6387
40.5386,501,1.6161
40.5429,493,1.5903
40.5472,488,1.5742
40.5514,498,1.6065
40.5557,522,1.6839
40.5599,559,1.8032
40.5642,605,1.9516
40.5685,645,2.0806
40.5727,665,2.1452
40.5770,654,2.1097
40.5813,618,1.9935
40.5856,571,1.8419
40.5899,528,1.7032
40.5941,499,1.6097
40.5983,486,1.5677
40.6026,483,1.5581
40.6070,486,1.5677
40.6113,494,1.5935
40.6155,499,1.6097
40.6200,501,1.6161
40.6244,500,1.6129
40.6288,500,1.6129
40.6331,501,1.6161
40.6374,501,1.6161
40.6417,502,1.6194
40.6460,503,1.6226
40.6503,503,1.6226
40.6545,504,1.6258
40.6587,505,1.6290
40.6630,505,1.6290
40.6673,505,1.6290
40.6715,504,1.6258
40.6757,504,1.6258
40.6800,503,1.6226
40.6842,504,1.6258
40.6885,504,1.6258
40.6928,504,1.6258
40.6970,506,1.6323
40.7013,505,1.6290
40.7055,505,1.6290
40.7098,505,1.6290
40.7140,505,1.6290
40.7183,506,1.6323
40.7226,507,1.6355
40.7268,506,1.6323
40.7311,506,1.6323
40.7354,506,1.6323
40.7396,509,1.6419
40.7438,513,1.6548
40.7481,518,1.6710
40.7524,522,1.6839
40.7566,525,1.6935
40.7608,527,1.7000
40.7651,530,1.7097
40.7694,534,1.7226
40.7736,538,1.7355
40.7779,540,1.7419
40.7821,540,1.7419
40.7864,543,1.7516
40.7907,543,1.7516
40.7950,544,1.7548
40.7992,545,1.7581
40.8034,545,1.7581
40.8078,546,1.7613
40.8121,545,1.7581
40.8164,542,1.7484
40.8207,542,1.7484
40.8250,540,1.7419
40.8293,539,1.7387
40.8336,537,1.7323
40.8378,534,1.7226
40.8421,531,1.7129
40.8464,529,1.7065
40.8506,526,1.6968
40.8549,522,1.6839
40.8592,519,1.6742
40.8635,515,1.6613
40.8678,511,1.6484
40.8721,508,1.6387
40.8764,506,1.6323
40.8807,503,1.6226
40.8850,499,1.6097
40.8893,496,1.6000
40.8936,497,1.6032
40.8978,496,1.6000
40.9021,497,1.6032
40.9064,497,1.6032
40.9108,497,1.6032
40.9150,497,1.6032
40.9193,498,1.6065
40.9237,499,1.6097
40.9280,500,1.6129
40.9324,500,1.6129
40.9367,500,1.6129
40.9409,500,1.6129
40.9452,500,1.6129
40.9494,501,1.6161
40.9537,501,1.6161
40.9580,501,1.6161
40.9622,501,1.6161
40.9664,502,1.6194
40.9707,502,1.6194
40.9750,502,1.6194
40.9792,502,1.6194
40.9834,503,1.6226
40.9877,502,1.6194
40.9920,502,1.6194
40.9962,502,1.6194
41.0005,503,1.6226
41.0047,504,1.6258
41.0089,505,1.6290
41.0132,505,1.6290
41.0175,504,1.6258
41.0218,506,1.6323
41.0261,506,1.6323
41.0303,505,1.6290
41.0346,506,1.6323
41.0388,506,1.6323
41.0431,506,1.6323
41.0473,506,1.6323
41.0515,506,1.6323
41.0559,506,1.6323
41.0602,507,1.6355
41.0645,508,1.6387
41.0687,508,1.6387
41.0730,507,1.6355
41.0772,508,1.6387
41.0815,509,1.6419
41.0857,509,1.6419
41.0900,508,1.6387
41.0943,508,1.6387
41.0985,508,1.6387
41.1028,509,1.6419
41.1070,509,1.6419
41.1113,509,1.6419
41.1156,509,1.6419
41.1198,508,1.6387
41.1245,510,1.6452
41.1288,510,1.6452
41.1331,513,1.6548
41.1374,516,1.6645
41.1417,520,1.6774
41.1460,523,1.6871
41.1503,527,1.7000
41.1545,529,1.7065
41.1588,529,1.7065
41.1631,529,1.7065
41.1674,531,1.7129
41.1717,531,1.7129
41.1761,530,1.7097
41.1803,528,1.7032
41.1846,525,1.6935
41.1889,521,1.6806
41.1932,518,1.6710
41.1975,515,1.6613
41.2017,511,1.6484
41.2060,508,1.6387
41.2104,508,1.6387
41.2147,508,1.6387
41.2189,509,1.6419
41.2232,508,1.6387
41.2274,507,1.6355
41.2317,508,1.6387
41.2359,509,1.6419
41.2402,510,1.6452
41.2445,509,1.6419
41.2487,509,1.6419
41.2530,510,1.6452
41.2572,510,1.6452
41.2615,507,1.6355
41.2658,509,1.6419
41.2700,509,1.6419
41.2743,508,1.6387
41.2787,509,1.6419
41.2829,507,1.6355
41.2872,503,1.6226
41.2914,494,1.5935
41.2957,489,1.5774
41.2999,494,1.5935
41.3042,513,1.6548
41.3084,546,1.7613
41.3126,588,1.8968
41.3170,633,2.0419
41.3213,663,2.1387
41.3256,662,2.1355
41.3299,634,2.0452
41.3341,592,1.9097
41.3384,543,1.7516
41.3427,508,1.6387
41.3470,489,1.5774
41.3512,482,1.5548
41.3555,485,1.5645
41.3598,492,1.5871
41.3641,497,1.6032
41.3684,499,1.6097
41.3727,498,1.6065
41.3770,499,1.6097
41.3813,500,1.6129
41.3856,500,1.6129
41.3898,501,1.6161
41.3941,501,1.6161
41.3984,502,1.6194
41.4027,501,1.6161
41.4069,501,1.6161
41.4112,501,1.6161
41.4155,502,1.6194
41.4198,503,1.6226
41.4241,503,1.6226
41.4283,502,1.6194
41.4326,504,1.6258
41.4369,503,1.6226
41.4411,504,1.6258
41.4454,504,1.6258
41.4497,504,1.6258
41.4541,505,1.6290
41.4584,506,1.6323
41.4628,507,1.6355
41.4671,506,1.6323
41.4714,506,1.6323
41.4757,507,1.6355
41.4800,507,1.6355
41.4843,508,1.6387
41.4886,510,1.6452
41.4929,512,1.6516
41.4972,517,1.6677
41.5015,521,1.6806
41.5059,523,1.6871
41.5102,527,1.7000
41.5145,529,1.7065
41.5189,532,1.7161
41.5232,537,1.7323
41.5277,539,1.7387
41.5320,541,1.7452
41.5363,542,1.7484
41.5408,544,1.7548
41.5451,546,1.7613
41.5494,548,1.7677
41.5537,546,1.7613
41.5579,547,1.7645
41.5621,545,1.7581
41.5664,543,1.7516
41.5707,543,1.7516
41.5750,542,1.7484
41.5792,540,1.7419
41.5835,539,1.7387
41.5878,536,1.7290
41.5920,533,1.7194
41.5963,530,1.7097
41.6005,527,1.7000
41.6048,523,1.6871
41.6091,520,1.6774
41.6134,515,1.6613
41.6176,512,1.6516
41.6219,510,1.6452
41.6261,507,1.6355
41.6304,503,1.6226
41.6346,500,1.6129
41.6389,497,1.6032
41.6432,495,1.5968
41.6475,496,1.6000
41.6517,498,1.6065
41.6560,499,1.6097
41.6602,498,1.6065
41.6645,498,1.6065
41.6688,499,1.6097
41.6730,499,1.6097
41.6773,499,1.6097
41.6815,500,1.6129
41.6858,501,1.6161
41.6901,502,1.6194
41.6944,502,1.6194
41.6987,502,1.6194
41.7029,501,1.6161
41.7072,501,1.6161
41.7114,501,1.6161
41.7157,501,1.6161
41.7200,502,1.6194
41.7242,504,1.6258
41.7285,504,1.6258
41.7328,504,1.6258
41.7371,504,1.6258
41.7414,503,1.6226
41.7457,504,1.6258
41.7500,504,1.6258
41.7543,505,1.6290
41.7585,505,1.6290
41.7628,504,1.6258
41.7671,505,1.6290
41.7714,505,1.6290
41.7757,506,1.6323
41.7800,506,1.6323
41.7843,506,1.6323
41.7886,507,1.6355
41.7929,506,1.6323
41.7971,505,1.6290
41.8014,506,1.6323
41.8057,506,1.6323
41.8100,507,1.6355
41.8144,507,1.6355
41.8187,507,1.6355
41.8230,508,1.6387
41.8275,509,1.6419
41.8319,509,1.6419
41.8362,509,1.6419
41.8407,510,1.6452
41.8450,510,1.6452
41.8493,509,1.6419
41.8536,510,1.6452
41.8578,510,1.6452
41.8622,509,1.6419
41.8664,510,1.6452
41.8707,510,1.6452
41.8750,510,1.6452
41.8793,510,1.6452
41.8836,512,1.6516
41.8879,515,1.6613
41.8922,520,1.6774
41.8965,524,1.6903
41.9008,528,1.7032
41.9050,530,1.7097
41.9093,532,1.7161
41.9136,533,1.7194
41.9179,533,1.7194
41.9221,532,1.7161
41.9264,530,1.7097
41.9307,528,1.7032
41.9349,526,1.6968
41.9392,524,1.6903
41.9434,520,1.6774
41.9477,516,1.6645
41.9520,511,1.6484
41.9562,509,1.6419
41.9605,509,1.6419
41.9648,508,1.6387
41.9690,509,1.6419
41.9733,508,1.6387
41.9775,508,1.6387
41.9818,510,1.6452
41.9861,510,1.6452
41.9903,510,1.6452
41.9945,509,1.6419
41.9988,510,1.6452
42.0030,511,1.6484
42.0073,510,1.6452
42.0116,510,1.6452
42.0160,509,1.6419
42.0202,509,1.6419
42.0245,510,1.6452
42.0288,511,1.6484
42.0331,509,1.6419
42.0374,504,1.6258
42.0417,497,1.6032
42.0460,490,1.5806
42.0503,495,1.5968
42.0546,515,1.6613
42.0589,551,1.7774
42.0632,593,1.9129
42.0675,638,2.0581
42.0718,666,2.1484
42.0761,660,2.1290
42.0804,630,2.0323
42.0847,583,1.8806
42.0890,537,1.7323
42.0933,504,1.6258
42.0975,487,1.5710
42.1018,483,1.5581
42.1061,486,1.5677
42.1104,492,1.5871
42.1147,497,1.6032
42.1190,499,1.6097
42.1233,499,1.6097
42.1276,499,1.6097
42.1318,500,1.6129
42.1361,500,1.6129
42.1404,500,1.6129
42.1447,501,1.6161
42.1490,501,1.6161
42.1533,501,1.6161
42.1576,502,1.6194
42.1619,503,1.6226
42.1662,503,1.6226
42.1705,504,1.6258
42.1748,503,1.6226
42.1791,505,1.6290
42.1834,505,1.6290
42.1877,505,1.6290
42.1919,504,1.6258
42.1962,505,1.6290
42.2006,505,1.6290
42.2048,505,1.6290
42.2091,505,1.6290
42.2134,505,1.6290
42.2179,506,1.6323
42.2223,507,1.6355
42.2266,507,1.6355
42.2309,507,1.6355
42.2351,508,1.6387
42.2393,510,1.6452
42.2436,514,1.6581
42.2479,518,1.6710
42.2521,521,1.6806
42.2564,525,1.6935
42.2606,527,1.7000
42.2649,530,1.7097
42.2691,532,1.7161
42.2734,535,1.7258
42.2776,539,1.7387
42.2819,542,1.7484
42.2862,544,1.7548
42.2904,545,1.7581
42.2946,547,1.7645
42.2989,547,1.7645
42.3032,547,1.7645
42.3074,546,1.7613
42.3116,548,1.7677
42.3159,546,1.7613
42.3202,544,1.7548
42.3245,541,1.7452
42.3288,539,1.7387
42.3331,538,1.7355
42.3374,536,1.7290
42.3417,534,1.7226
42.3460,531,1.7129
42.3503,526,1.6968
42.3545,524,1.6903
42.3588,519,1.6742
42.3631,516,1.6645
42.3674,512,1.6516
42.3718,509,1.6419
42.3761,507,1.6355
42.3804,503,1.6226
42.3847,500,1.6129
42.3890,498,1.6065
42.3932,498,1.6065
42.3975,498,1.6065
42.4018,498,1.6065
42.4061,498,1.6065
42.4103,499,1.6097
42.4146,500,1.6129
42.4189,499,1.6097
42.4232,499,1.6097
42.4277,500,1.6129
42.4321,500,1.6129
42.4365,500,1.6129
42.4408,500,1.6129
42.4452,500,1.6129
42.4495,499,1.6097
42.4539,500,1.6129
42.4582,501,1.6161
42.4626,502,1.6194
42.4669,502,1.6194
42.4713,503,1.6226
42.4756,503,1.6226
42.4800,502,1.6194
42.4843,503,1.6226
42.4886,503,1.6226
42.4930,504,1.6258
42.4973,504,1.6258
42.5016,503,1.6226
42.5059,503,1.6226
42.5103,504,1.6258
42.5146,504,1.6258
42.5191,504,1.6258
42.5234,504,1.6258
42.5278,504,1.6258
42.5320,504,1.6258
42.5363,505,1.6290
42.5406,505,1.6290
42.5449,505,1.6290
42.5492,505,1.6290
42.5535,506,1.6323
42.5578,507,1.6355
42.5621,507,1.6355
42.5664,507,1.6355
42.5707,508,1.6387
42.5750,508,1.6387
42.5794,507,1.6355
42.5836,508,1.6387
42.5879,508,1.6387
42.5923,508,1.6387
42.5965,507,1.6355
42.6008,508,1.6387
42.6051,509,1.6419
42.6094,509,1.6419
42.6137,510,1.6452
42.6180,510,1.6452
42.6223,509,1.6419
42.6266,510,1.6452
42.6309,511,1.6484
42.6352,515,1.6613
42.6395,519,1.6742
42.6438,522,1.6839
42.6481,525,1.6935
42.6524,529,1.7065
42.6567,529,1.7065
42.6610,530,1.7097
42.6653,530,1.7097
42.6695,531,1.7129
42.6739,530,1.7097
42.6782,528,1.7032
42.6825,527,1.7000
42.6868,525,1.6935
42.6911,519,1.6742
42.6954,516,1.6645
42.6996,512,1.6516
42.7039,510,1.6452
42.7082,508,1.6387
42.7125,508,1.6387
42.7168,508,1.6387
42.7211,509,1.6419
42.7256,510,1.6452
42.7300,509,1.6419
42.7344,510,1.6452
42.7387,510,1.6452
42.7430,509,1.6419
42.7473,509,1.6419
42.7516,510,1.6452
42.7559,510,1.6452
42.7608,512,1.6516
42.7651,511,1.6484
42.7694,511,1.6484
42.7738,510,1.6452
42.7781,511,1.6484
42.7824,512,1.6516
42.7866,507,1.6355
42.7909,499,1.6097
42.7952,492,1.5871
42.7995,494,1.5935
42.8038,511,1.6484
42.8081,543,1.7516
42.8124,584,1.8839
42.8167,630,2.0323
42.8210,662,2.1355
42.8253,664,2.1419
42.8296,635,2.0484
42.8339,595,1.9194
42.8382,546,1.7613
42.8425,510,1.6452
42.8468,490,1.5806
42.8511,484,1.5613
42.8554,486,1.5677
42.8597,492,1.5871
42.8640,497,1.6032
42.8683,501,1.6161
42.8726,500,1.6129
42.8769,501,1.6161
42.8812,501,1.6161
42.8893,500,1.6129
42.8936,501,1.6161
42.8980,501,1.6161
42.9023,502,1.6194
42.9066,502,1.6194
42.9109,501,1.6161
42.9152,501,1.6161
42.9195,502,1.6194
42.9238,502,1.6194
42.9281,503,1.6226
42.9324,503,1.6226
42.9366,505,1.6290
42.9409,506,1.6323
42.9452,507,1.6355
42.9494,507,1.6355
42.9537,506,1.6323
42.9580,507,1.6355
42.9623,509,1.6419
42.9665,509,1.6419
42.9708,509,1.6419
42.9751,508,1.6387
42.9794,507,1.6355
42.9837,508,1.6387
42.9879,512,1.6516
42.9922,515,1.6613
42.9970,520,1.6774
43.0013,522,1.6839
43.0056,524,1.6903
43.0098,527,1.7000
43.0141,530,1.7097
43.0184,532,1.7161
43.0227,534,1.7226
43.0270,537,1.7323
43.0313,539,1.7387
43.0355,541,1.7452
43.0399,544,1.7548
43.0441,544,1.7548
43.0484,545,1.7581
43.0526,546,1.7613
43.0569,546,1.7613
43.0612,547,1.7645
43.0654,546,1.7613
43.0697,545,1.7581
43.0741,543,1.7516
43.0784,540,1.7419
43.0827,537,1.7323
43.0870,535,1.7258
43.0913,531,1.7129
43.0956,529,1.7065
43.0999,526,1.6968
43.1042,523,1.6871
43.1085,519,1.6742
43.1128,516,1.6645
43.1171,513,1.6548
43.1214,510,1.6452
43.1257,507,1.6355
43.1300,504,1.6258
43.1343,501,1.6161
43.1386,496,1.6000
43.1430,496,1.6000
43.1473,497,1.6032
43.1516,497,1.6032
43.1561,498,1.6065
43.1604,498,1.6065
43.1647,498,1.6065
43.1690,498,1.6065
43.1733,497,1.6032
43.1775,499,1.6097
43.1819,500,1.6129
43.1862,500,1.6129
43.1905,501,1.6161
43.1948,501,1.6161
43.1991,501,1.6161
43.2034,501,1.6161
43.2077,501,1.6161
43.2120,502,1.6194
43.2163,503,1.6226
43.2206,503,1.6226
43.2250,503,1.6226
43.2293,503,1.6226
43.2336,503,1.6226
43.2379,503,1.6226
43.2422,502,1.6194
43.2464,504,1.6258
43.2507,503,1.6226
43.2550,503,1.6226
43.2592,503,1.6226
43.2635,503,1.6226
43.2678,503,1.6226
43.2720,503,1.6226
43.2764,503,1.6226
43.2807,504,1.6258
43.2850,504,1.6258
43.2893,504,1.6258
43.2936,505,1.6290
43.2978,506,1.6323
43.3021,507,1.6355
43.3064,506,1.6323
43.3106,507,1.6355
43.3149,506,1.6323
43.3192,506,1.6323
43.3238,507,1.6355
43.3282,507,1.6355
43.3326,507,1.6355
43.3369,507,1.6355
43.3411,508,1.6387
43.3454,509,1.6419
43.3497,509,1.6419
43.3539,509,1.6419
43.3582,510,1.6452
43.3624,510,1.6452
43.3667,509,1.6419
43.3710,510,1.6452
43.3752,510,1.6452
43.3795,510,1.6452
43.3838,513,1.6548
43.3881,516,1.6645
43.3923,519,1.6742
43.3966,523,1.6871
43.4010,525,1.6935
43.4053,528,1.7032
43.4095,530,1.7097
43.4138,530,1.7097
43.4180,530,1.7097
43.4223,531,1.7129
43.4267,529,1.7065
43.4309,528,1.7032
43.4352,524,1.6903
43.4395,521,1.6806
43.4437,517,1.6677
43.4480,513,1.6548
43.4523,510,1.6452
43.4565,508,1.6387
43.4608,508,1.6387
43.4650,508,1.6387
43.4693,508,1.6387
43.4736,509,1.6419
43.4781,509,1.6419
43.4826,510,1.6452
43.4869,510,1.6452
43.4911,511,1.6484
43.4954,511,1.6484
43.4996,511,1.6484
43.5039,511,1.6484
43.5082,511,1.6484
43.5124,511,1.6484
43.5167,512,1.6516
43.5209,512,1.6516
43.5252,512,1.6516
43.5295,513,1.6548
43.5338,510,1.6452
43.5380,505,1.6290
43.5423,498,1.6065
43.5466,493,1.5903
43.5508,499,1.6097
43.5551,520,1.6774
43.5593,554,1.7871
43.5636,597,1.9258
43.5684,644,2.0774
43.5726,668,2.1548
43.5769,658,2.1226
43.5811,623,2.0097
43.5854,578,1.8645
43.5897,534,1.7226
43.5940,504,1.6258
43.5982,489,1.5774
43.6025,486,1.5677
43.6067,489,1.5774
43.6110,495,1.5968
43.6153,499,1.6097
43.6195,501,1.6161
43.6239,503,1.6226
43.6283,496,1.6000
43.6327,501,1.6161
43.6370,502,1.6194
43.6413,504,1.6258
43.6456,503,1.6226
43.6499,503,1.6226
43.6541,502,1.6194
43.6584,502,1.6194
43.6626,503,1.6226
43.6669,504,1.6258
43.6712,504,1.6258
43.6754,504,1.6258
43.6797,504,1.6258
43.6840,504,1.6258
43.6883,504,1.6258
43.6925,504,1.6258
43.6968,505,1.6290
43.7010,505,1.6290
43.7053,504,1.6258
43.7095,505,1.6290
43.7138,505,1.6290
43.7180,505,1.6290
43.7223,506,1.6323
43.7265,505,1.6290
43.7307,505,1.6290
43.7351,505,1.6290
43.7393,508,1.6387
43.7436,511,1.6484
43.7479,514,1.6581
43.7523,519,1.6742
43.7565,523,1.6871
43.7608,526,1.6968
43.7651,530,1.7097
43.7694,534,1.7226
43.7737,537,1.7323
43.7780,540,1.7419
43.7823,542,1.7484
43.7865,544,1.7548
43.7908,544,1.7548
43.7951,545,1.7581
43.7994,545,1.7581
43.8037,545,1.7581
43.8080,545,1.7581
43.8122,545,1.7581
43.8165,543,1.7516
43.8208,544,1.7548
43.8251,541,1.7452
43.8293,540,1.7419
43.8337,537,1.7323
43.8380,535,1.7258
43.8423,531,1.7129
43.8466,530,1.7097
43.8508,527,1.7000
43.8551,523,1.6871
43.8594,519,1.6742
43.8637,515,1.6613
43.8679,511,1.6484
43.8723,509,1.6419
43.8765,506,1.6323
43.8808,503,1.6226
43.8852,500,1.6129
43.8895,497,1.6032
43.8937,495,1.5968
43.8980,496,1.6000
43.9023,496,1.6000
43.9066,497,1.6032
43.9109,498,1.6065
43.9151,498,1.6065
43.9194,497,1.6032
43.9237,497,1.6032
43.9279,496,1.6000
43.9322,497,1.6032
43.9366,499,1.6097
43.9408,500,1.6129
43.9451,501,1.6161
43.9494,501,1.6161
43.9536,501,1.6161
43.9580,500,1.6129
43.9622,501,1.6161
43.9665,500,1.6129
43.9708,501,1.6161
43.9750,501,1.6161
43.9794,502,1.6194
43.9837,502,1.6194
43.9880,502,1.6194
43.9922,502,1.6194
43.9965,502,1.6194
44.0008,503,1.6226
44.0051,504,1.6258
44.0093,504,1.6258
44.0136,504,1.6258
44.0179,504,1.6258
44.0221,504,1.6258
44.0264,504,1.6258
44.0307,504,1.6258
44.0350,505,1.6290
44.0393,505,1.6290
44.0436,504,1.6258
44.0479,506,1.6323
44.0522,507,1.6355
44.0565,508,1.6387
44.0608,508,1.6387
44.0651,507,1.6355
44.0694,508,1.6387
44.0737,508,1.6387
44.0779,508,1.6387
44.0823,509,1.6419
44.0866,510,1.6452
44.0909,509,1.6419
44.0952,509,1.6419
44.0995,508,1.6387
44.1038,509,1.6419
44.1081,509,1.6419
44.1124,509,1.6419
44.1166,509,1.6419
44.1210,510,1.6452
44.1252,511,1.6484
44.1295,513,1.6548
44.1338,515,1.6613
44.1381,518,1.6710
44.1424,521,1.6806
44.1466,524,1.6903
44.1509,526,1.6968
44.1552,529,1.7065
44.1595,530,1.7097
44.1638,531,1.7129
44.1681,532,1.7161
44.1723,531,1.7129
44.1766,529,1.7065
44.1810,528,1.7032
44.1853,526,1.6968
44.1896,522,1.6839
44.1939,520,1.6774
44.1982,516,1.6645
44.2025,512,1.6516
44.2068,509,1.6419
44.2111,509,1.6419
44.2154,509,1.6419
44.2197,510,1.6452
44.2241,509,1.6419
44.2285,509,1.6419
44.2330,509,1.6419
44.2373,509,1.6419
44.2423,510,1.6452
44.2465,511,1.6484
44.2508,511,1.6484
44.2550,512,1.6516
44.2593,512,1.6516
44.2636,511,1.6484
44.2678,513,1.6548
44.2721,512,1.6516
44.2763,513,1.6548
44.2806,511,1.6484
44.2849,509,1.6419
44.2892,502,1.6194
44.2935,494,1.5935
44.2977,490,1.5806
44.3020,501,1.6161
44.3063,526,1.6968
44.3105,565,1.8226
44.3148,609,1.9645
44.3190,650,2.0968
44.3233,668,2.1548
44.3276,652,2.1032
44.3319,615,1.9839
44.3361,571,1.8419
44.3404,527,1.7000
44.3447,499,1.6097
44.3490,484,1.5613
44.3532,482,1.5548
44.3575,487,1.5710
44.3618,493,1.5903
44.3661,497,1.6032
44.3703,499,1.6097
44.3745,500,1.6129
44.3788,501,1.6161
44.3830,500,1.6129
44.3873,501,1.6161
44.3916,500,1.6129
44.3959,501,1.6161
44.4002,501,1.6161
44.4044,501,1.6161
44.4087,502,1.6194
44.4130,503,1.6226
44.4172,504,1.6258
44.4216,503,1.6226
44.4260,504,1.6258
44.4302,504,1.6258
44.4345,503,1.6226
44.4388,504,1.6258
44.4431,505,1.6290
44.4473,506,1.6323
44.4516,506,1.6323
44.4559,507,1.6355
44.4601,505,1.6290
44.4643,506,1.6323
44.4687,506,1.6323
44.4729,505,1.6290
44.4771,505,1.6290
44.4814,506,1.6323
44.4857,507,1.6355
44.4900,509,1.6419
44.4942,513,1.6548
44.4985,517,1.6677
44.5027,521,1.6806
44.5075,524,1.6903
44.5117,526,1.6968
44.5159,529,1.7065
44.5203,532,1.7161
44.5247,535,1.7258
44.5291,537,1.7323
44.5335,540,1.7419
44.5378,542,1.7484
44.5421,544,1.7548
44.5463,544,1.7548
44.5506,544,1.7548
44.5549,545,1.7581
44.5591,544,1.7548
44.5633,546,1.7613
44.5676,542,1.7484
44.5719,542,1.7484
44.5761,540,1.7419
44.5804,539,1.7387
44.5848,536,1.7290
44.5890,534,1.7226
44.5933,531,1.7129
44.5976,528,1.7032
44.6018,524,1.6903
44.6062,519,1.6742
44.6106,515,1.6613
44.6148,512,1.6516
44.6191,510,1.6452
44.6233,507,1.6355
44.6276,503,1.6226
44.6319,500,1.6129
44.6363,497,1.6032
44.6406,496,1.6000
44.6448,496,1.6000
44.6495,497,1.6032
44.6538,497,1.6032
44.6581,498,1.6065
44.6624,498,1.6065
44.6667,499,1.6097
44.6710,500,1.6129
44.6752,500,1.6129
44.6795,501,1.6161
44.6838,501,1.6161
44.6881,501,1.6161
44.6924,500,1.6129
44.6966,501,1.6161
44.7009,501,1.6161
44.7052,502,1.6194
44.7095,502,1.6194
44.7138,502,1.6194
44.7181,501,1.6161
44.7223,502,1.6194
44.7266,503,1.6226
44.7309,503,1.6226
44.7352,503,1.6226
44.7394,503,1.6226
44.7437,503,1.6226
44.7480,504,1.6258
44.7522,504,1.6258
44.7565,503,1.6226
44.7607,503,1.6226
44.7650,504,1.6258
44.7692,504,1.6258
44.7735,505,1.6290
44.7777,506,1.6323
44.7820,507,1.6355
44.7862,508,1.6387
44.7905,507,1.6355
44.7948,506,1.6323
44.7990,507,1.6355
44.8033,507,1.6355
44.8075,508,1.6387
44.8117,507,1.6355
44.8160,508,1.6387
44.8202,508,1.6387
44.8245,509,1.6419
44.8287,509,1.6419
44.8330,507,1.6355
44.8373,507,1.6355
44.8416,508,1.6387
44.8460,509,1.6419
44.8502,510,1.6452
44.8546,510,1.6452
44.8589,511,1.6484
44.8631,510,1.6452
44.8674,510,1.6452
44.8717,509,1.6419
44.8760,509,1.6419
44.8803,511,1.6484
44.8846,514,1.6581
44.8888,518,1.6710
44.8931,520,1.6774
44.8974,524,1.6903
44.9017,527,1.7000
44.9060,529,1.7065
44.9103,532,1.7161
44.9146,532,1.7161
44.9188,531,1.7129
44.9231,531,1.7129
44.9274,529,1.7065
44.9317,527,1.7000
44.9360,524,1.6903
44.9403,521,1.6806
44.9446,518,1.6710
44.9488,514,1.6581
44.9531,510,1.6452
44.9574,508,1.6387
44.9617,507,1.6355
44.9660,508,1.6387
44.9702,509,1.6419
44.9745,508,1.6387
44.9788,508,1.6387
44.9831,509,1.6419
44.9873,509,1.6419
44.9916,509,1.6419
44.9960,509,1.6419
45.0002,510,1.6452
45.0045,510,1.6452
45.0088,511,1.6484
45.0131,510,1.6452
45.0173,510,1.6452
45.0216,511,1.6484
45.0260,512,1.6516
45.0302,511,1.6484
45.0350,507,1.6355
45.0394,502,1.6194
45.0519,501,1.6161
45.0564,528,1.7032
45.0609,570,1.8387
45.0653,616,1.9871
45.0697,654,2.1097
45.0740,667,2.1516
45.0782,650,2.0968
45.0825,611,1.9710
45.0868,565,1.8226
45.0910,523,1.6871
45.0953,497,1.6032
45.0996,484,1.5613
45.1038,484,1.5613
45.1081,490,1.5806
45.1124,496,1.6000
45.1166,499,1.6097
45.1210,499,1.6097
45.1253,501,1.6161
45.1297,501,1.6161
45.1340,501,1.6161
45.1383,500,1.6129
45.1426,501,1.6161
45.1468,503,1.6226
45.1511,503,1.6226
45.1553,503,1.6226
45.1596,503,1.6226
45.1638,504,1.6258
45.1681,504,1.6258
45.1723,504,1.6258
45.1766,505,1.6290
45.1809,505,1.6290
45.1852,505,1.6290
45.1894,505,1.6290
45.1937,504,1.6258
45.1979,504,1.6258
45.2022,506,1.6323
45.2064,505,1.6290
45.2107,504,1.6258
45.2150,504,1.6258
45.2192,505,1.6290
45.2236,505,1.6290
45.2278,507,1.6355
45.2321,507,1.6355
45.2363,508,1.6387
45.2407,512,1.6516
45.2450,515,1.6613
45.2492,519,1.6742
45.2535,522,1.6839
45.2578,525,1.6935
45.2621,527,1.7000
45.2664,530,1.7097
45.2707,533,1.7194
45.2750,536,1.7290
45.2793,537,1.7323
45.2836,540,1.7419
45.2879,542,1.7484
45.2922,544,1.7548
45.2964,545,1.7581
45.3007,544,1.7548
45.3050,544,1.7548
45.3093,545,1.7581
45.3136,544,1.7548
45.3179,543,1.7516
45.3222,542,1.7484
45.3265,540,1.7419
45.3308,539,1.7387
45.3351,536,1.7290
45.3393,533,1.7194
45.3437,532,1.7161
45.3480,529,1.7065
45.3523,525,1.6935
45.3565,521,1.6806
45.3608,517,1.6677
45.3651,514,1.6581
45.3694,511,1.6484
45.3737,508,1.6387
45.3780,505,1.6290
45.3823,503,1.6226
45.3866,500,1.6129
45.3909,498,1.6065
45.3952,496,1.6000
45.3995,496,1.6000
45.4038,497,1.6032
45.4080,498,1.6065
45.4124,499,1.6097
45.4166,500,1.6129
45.4210,500,1.6129
45.4254,499,1.6097
45.4298,499,1.6097
45.4342,500,1.6129
45.4385,499,1.6097
45.4428,499,1.6097
45.4471,500,1.6129
45.4513,500,1.6129
45.4556,501,1.6161
45.4598,501,1.6161
45.4641,501,1.6161
45.4684,502,1.6194
45.4726,502,1.6194
45.4769,503,1.6226
45.4811,504,1.6258
45.4854,504,1.6258
45.4896,504,1.6258
45.4939,505,1.6290
45.4982,505,1.6290
45.5024,506,1.6323
45.5067,506,1.6323
45.5109,506,1.6323
45.5152,506,1.6323
45.5194,507,1.6355
45.5237,508,1.6387
45.5280,507,1.6355
45.5323,507,1.6355
45.5366,508,1.6387
45.5408,508,1.6387
45.5451,507,1.6355
45.5494,508,1.6387
45.5537,509,1.6419
45.5580,509,1.6419
45.5623,510,1.6452
45.5665,510,1.6452
45.5708,510,1.6452
45.5751,508,1.6387
45.5794,509,1.6419
45.5838,510,1.6452
45.5880,510,1.6452
45.5924,509,1.6419
45.5966,510,1.6452
45.6009,509,1.6419
45.6053,510,1.6452
45.6095,509,1.6419
45.6138,509,1.6419
45.6181,511,1.6484
45.6224,511,1.6484
45.6267,511,1.6484
45.6310,512,1.6516
45.6353,514,1.6581
45.6396,518,1.6710
45.6439,523,1.6871
45.6482,525,1.6935
45.6525,529,1.7065
45.6568,530,1.7097
45.6611,531,1.7129
45.6654,531,1.7129
45.6697,530,1.7097
45.6740,529,1.7065
45.6783,529,1.7065
45.6826,527,1.7000
45.6869,525,1.6935
45.6912,521,1.6806
45.6955,517,1.6677
45.6998,513,1.6548
45.7041,509,1.6419
45.7084,507,1.6355
45.7127,506,1.6323
45.7170,506,1.6323
45.7213,507,1.6355
45.7255,506,1.6323
45.7298,507,1.6355
45.7341,507,1.6355
45.7384,508,1.6387
45.7427,508,1.6387
45.7470,509,1.6419
45.7513,508,1.6387
45.7556,508,1.6387
45.7599,508,1.6387
45.7642,509,1.6419
45.7685,509,1.6419
45.7729,509,1.6419
45.7772,509,1.6419
45.7815,510,1.6452
45.7858,507,1.6355
45.7902,499,1.6097
45.7945,493,1.5903
45.7988,491,1.5839
45.8031,505,1.6290
45.8074,535,1.7258
45.8117,574,1.8516
45.8160,617,1.9903
45.8203,655,2.1129
45.8246,662,2.1355
45.8289,641,2.0677
45.8332,602,1.9419
45.8375,555,1.7903
45.8418,517,1.6677
45.8461,494,1.5935
45.8504,483,1.5581
45.8547,483,1.5581
45.8590,489,1.5774
45.8633,496,1.6000
45.8676,498,1.6065
45.8719,499,1.6097
45.8761,499,1.6097
45.8805,501,1.6161
45.8848,501,1.6161
45.8891,500,1.6129
45.8933,500,1.6129
45.8976,500,1.6129
45.9020,501,1.6161
45.9062,503,1.6226
45.9105,502,1.6194
45.9148,503,1.6226
45.9191,503,1.6226
45.9234,504,1.6258
45.9277,505,1.6290
45.9320,504,1.6258
45.9363,505,1.6290
45.9406,506,1.6323
45.9449,506,1.6323
45.9492,506,1.6323
45.9535,506,1.6323
45.9578,506,1.6323
45.9621,507,1.6355
45.9664,507,1.6355
45.9707,508,1.6387
45.9750,507,1.6355
45.9793,506,1.6323
45.9836,507,1.6355
45.9879,509,1.6419
45.9922,512,1.6516
45.9965,515,1.6613
46.0008,518,1.6710
46.0051,522,1.6839
46.0094,526,1.6968
46.0137,528,1.7032
46.0180,531,1.7129
46.0224,534,1.7226
46.0268,537,1.7323
46.0311,538,1.7355
46.0356,540,1.7419
46.0398,543,1.7516
46.0441,545,1.7581
46.0484,546,1.7613
46.0527,545,1.7581
46.0569,545,1.7581
46.0612,546,1.7613
46.0655,545,1.7581
46.0697,545,1.7581
46.0740,542,1.7484
46.0782,540,1.7419
46.0825,537,1.7323
46.0868,537,1.7323
46.0910,533,1.7194
46.0953,530,1.7097
46.0996,526,1.6968
46.1039,523,1.6871
46.1081,520,1.6774
46.1124,517,1.6677
46.1167,514,1.6581
46.1209,510,1.6452
46.1252,507,1.6355
46.1295,504,1.6258
46.1337,501,1.6161
46.1380,499,1.6097
46.1423,496,1.6000
46.1466,495,1.5968
46.1509,496,1.6000
46.1552,498,1.6065
46.1594,498,1.6065
46.1637,498,1.6065
46.1680,498,1.6065
46.1723,499,1.6097
46.1766,499,1.6097
46.1809,499,1.6097
46.1852,499,1.6097
46.1895,499,1.6097
46.1938,500,1.6129
46.1981,501,1.6161
46.2024,501,1.6161
46.2067,502,1.6194
46.2110,502,1.6194
46.2153,501,1.6161
46.2196,502,1.6194
46.2239,503,1.6226
46.2282,504,1.6258
46.2325,503,1.6226
46.2368,503,1.6226
46.2411,503,1.6226
46.2453,504,1.6258
46.2497,505,1.6290
46.2540,505,1.6290
46.2583,505,1.6290
46.2626,506,1.6323
46.2668,506,1.6323
46.2712,506,1.6323
46.2754,506,1.6323
46.2797,505,1.6290
46.2840,505,1.6290
46.2883,506,1.6323
46.2927,506,1.6323
46.2969,508,1.6387
46.3012,507,1.6355
46.3055,509,1.6419
46.3099,508,1.6387
46.3141,508,1.6387
46.3184,509,1.6419
46.3228,509,1.6419
46.3271,508,1.6387
46.3315,509,1.6419
46.3360,509,1.6419
46.3403,509,1.6419
46.3446,509,1.6419
46.3489,509,1.6419
46.3532,508,1.6387
46.3575,510,1.6452
46.3617,509,1.6419
46.3660,509,1.6419
46.3702,509,1.6419
46.3745,509,1.6419
46.3787,510,1.6452
46.3830,512,1.6516
46.3872,515,1.6613
46.3915,519,1.6742
46.3958,523,1.6871
46.4001,527,1.7000
46.4044,529,1.7065
46.4086,531,1.7129
46.4129,531,1.7129
46.4175,531,1.7129
46.4218,531,1.7129
46.4261,530,1.7097
46.4303,528,1.7032
46.4346,525,1.6935
46.4389,522,1.6839
46.4431,519,1.6742
46.4474,515,1.6613
46.4518,510,1.6452
46.4562,508,1.6387
46.4605,508,1.6387
46.4648,508,1.6387
46.4691,508,1.6387
46.4733,508,1.6387
46.4777,509,1.6419
46.4820,508,1.6387
46.4863,509,1.6419
46.4906,509,1.6419
46.4949,510,1.6452
46.4992,511,1.6484
46.5035,511,1.6484
46.5078,510,1.6452
46.5121,510,1.6452
46.5164,510,1.6452
46.5207,512,1.6516
46.5250,512,1.6516
46.5293,512,1.6516
46.5336,509,1.6419
46.5379,504,1.6258
46.5422,496,1.6000
46.5465,489,1.5774
46.5508,495,1.5968
46.5551,517,1.6677
46.5594,552,1.7806
46.5637,595,1.9194
46.5680,638,2.0581
46.5722,665,2.1452
46.5765,660,2.1290
46.5808,628,2.0258
46.5851,583,1.8806
46.5894,538,1.7355
46.5937,505,1.6290
46.5979,488,1.5742
46.6022,482,1.5548
46.6065,485,1.5645
46.6107,490,1.5806
46.6150,494,1.5935
46.6193,498,1.6065
46.6236,498,1.6065
46.6278,499,1.6097
46.6321,499,1.6097
46.6364,499,1.6097
46.6407,499,1.6097
46.6449,501,1.6161
46.6492,500,1.6129
46.6536,500,1.6129
46.6578,501,1.6161
46.6622,501,1.6161
46.6664,502,1.6194
46.6708,502,1.6194
46.6751,503,1.6226
46.6794,503,1.6226
46.6837,503,1.6226
46.6880,503,1.6226
46.6923,503,1.6226
46.6966,503,1.6226
46.7009,504,1.6258
46.7052,505,1.6290
46.7095,504,1.6258
46.7138,505,1.6290
46.7181,504,1.6258
46.7225,506,1.6323
46.7268,507,1.6355
46.7311,507,1.6355
46.7354,508,1.6387
46.7397,511,1.6484
46.7440,513,1.6548
46.7483,515,1.6613
46.7526,519,1.6742
46.7569,523,1.6871
46.7612,526,1.6968
46.7656,530,1.7097
46.7699,533,1.7194
46.7744,535,1.7258
46.7787,538,1.7355
46.7830,542,1.7484
46.7873,544,1.7548
46.7916,545,1.7581
46.7959,546,1.7613
46.8002,547,1.7645
46.8046,548,1.7677
46.8089,547,1.7645
46.8132,548,1.7677
46.8175,545,1.7581
46.8218,545,1.7581
46.8261,543,1.7516
46.8304,542,1.7484
46.8347,540,1.7419
46.8390,537,1.7323
46.8433,535,1.7258
46.8477,531,1.7129
46.8520,527,1.7000
46.8563,524,1.6903
46.8606,519,1.6742
46.8649,516,1.6645
46.8692,513,1.6548
46.8735,509,1.6419
46.8778,506,1.6323
46.8821,502,1.6194
46.8865,500,1.6129
46.8908,497,1.6032
46.8951,496,1.6000
46.8994,497,1.6032
46.9037,497,1.6032
46.9080,498,1.6065
46.9123,499,1.6097
46.9166,499,1.6097
46.9211,498,1.6065
46.9262,499,1.6097
46.9306,500,1.6129
46.9350,501,1.6161
46.9393,503,1.6226
46.9436,502,1.6194
46.9479,502,1.6194
46.9522,503,1.6226
46.9565,502,1.6194
46.9608,503,1.6226
46.9651,502,1.6194
46.9694,504,1.6258
46.9736,503,1.6226
46.9779,504,1.6258
46.9821,505,1.6290
46.9864,504,1.6258
46.9906,503,1.6226
46.9949,504,1.6258
46.9991,504,1.6258
47.0033,505,1.6290
47.0076,507,1.6355
47.0119,508,1.6387
47.0161,508,1.6387
47.0203,508,1.6387
47.0246,507,1.6355
47.0289,507,1.6355
47.0332,507,1.6355
47.0375,507,1.6355
47.0418,507,1.6355
47.0460,508,1.6387
47.0503,508,1.6387
47.0546,507,1.6355
47.0589,509,1.6419
47.0633,509,1.6419
47.0676,510,1.6452
47.0719,511,1.6484
47.0763,512,1.6516
47.0806,510,1.6452
47.0849,510,1.6452
47.0892,509,1.6419
47.0936,508,1.6387
47.0979,508,1.6387
47.1022,508,1.6387
47.1066,508,1.6387
47.1109,509,1.6419
47.1152,509,1.6419
47.1196,510,1.6452
47.1239,510,1.6452
47.1282,511,1.6484
47.1326,513,1.6548
47.1369,516,1.6645
47.1412,520,1.6774
47.1455,522,1.6839
47.1499,526,1.6968
47.1542,528,1.7032
47.1585,530,1.7097
47.1629,532,1.7161
47.1672,533,1.7194
47.1715,533,1.7194
47.1758,531,1.7129
47.1801,529,1.7065
47.1844,526,1.6968
47.1887,523,1.6871
47.1930,518,1.6710
47.1973,514,1.6581
47.2016,509,1.6419
47.2059,507,1.6355
47.2102,506,1.6323
47.2145,506,1.6323
47.2188,506,1.6323
47.2231,506,1.6323
47.2286,508,1.6387
47.2330,509,1.6419
47.2374,509,1.6419
47.2418,509,1.6419
47.2461,508,1.6387
47.2504,509,1.6419
47.2547,508,1.6387
47.2590,509,1.6419
47.2633,509,1.6419
47.2676,508,1.6387
47.2720,509,1.6419
47.2764,508,1.6387
47.2807,509,1.6419
47.2850,508,1.6387
47.2894,501,1.6161
47.2937,493,1.5903
47.2980,489,1.5774
47.3024,500,1.6129
47.3067,526,1.6968
47.3110,564,1.8194
47.3154,610,1.9677
47.3198,649,2.0935
47.3241,664,2.1419
47.3284,647,2.0871
47.3327,608,1.9613
47.3371,561,1.8097
47.3414,519,1.6742
47.3458,494,1.5935
47.3501,484,1.5613
47.3545,483,1.5581
47.3588,489,1.5774
47.3631,496,1.6000
47.3674,499,1.6097
47.3717,500,1.6129
47.3760,501,1.6161
47.3804,500,1.6129
47.3847,500,1.6129
47.3889,500,1.6129
47.3932,501,1.6161
47.3975,501,1.6161
47.4018,503,1.6226
47.4061,503,1.6226
47.4104,504,1.6258
47.4147,503,1.6226
47.4190,503,1.6226
47.4233,503,1.6226
47.4276,503,1.6226
47.4319,503,1.6226
47.4362,503,1.6226
47.4405,504,1.6258
47.4448,505,1.6290
47.4491,505,1.6290
47.4534,505,1.6290
47.4577,505,1.6290
47.4620,505,1.6290
47.4663,505,1.6290
47.4706,506,1.6323
47.4749,505,1.6290
47.4792,505,1.6290
47.4835,506,1.6323
47.4878,510,1.6452
47.4921,514,1.6581
47.4964,517,1.6677
47.5007,522,1.6839
47.5050,525,1.6935
47.5093,526,1.6968
47.5136,531,1.7129
47.5179,533,1.7194
47.5222,535,1.7258
47.5265,538,1.7355
47.5308,539,1.7387
47.5351,541,1.7452
47.5394,542,1.7484
47.5437,545,1.7581
47.5480,544,1.7548
47.5523,545,1.7581
47.5566,546,1.7613
47.5610,546,1.7613
47.5653,544,1.7548
47.5696,544,1.7548
47.5738,542,1.7484
47.5781,541,1.7452
47.5825,539,1.7387
47.5868,536,1.7290
47.5910,532,1.7161
47.5953,529,1.7065
47.5996,526,1.6968
47.6039,524,1.6903
47.6082,521,1.6806
47.6125,517,1.6677
47.6168,514,1.6581
47.6212,512,1.6516
47.6255,509,1.6419
47.6298,505,1.6290
47.6341,501,1.6161
47.6383,498,1.6065
47.6427,497,1.6032
47.6469,496,1.6000
47.6512,496,1.6000
47.6555,499,1.6097
47.6598,498,1.6065
47.6641,499,1.6097
47.6684,500,1.6129
47.6727,500,1.6129
47.6770,500,1.6129
47.6813,500,1.6129
47.6856,500,1.6129
47.6899,500,1.6129
47.6942,500,1.6129
47.6985,501,1.6161
47.7028,502,1.6194
47.7071,503,1.6226
47.7114,503,1.6226
47.7157,503,1.6226
47.7200,502,1.6194
47.7243,502,1.6194
47.7286,502,1.6194
47.7328,503,1.6226
47.7371,503,1.6226
47.7414,505,1.6290
47.7457,504,1.6258
47.7500,504,1.6258
47.7543,503,1.6226
47.7586,505,1.6290
47.7629,504,1.6258
47.7672,504,1.6258
47.7716,505,1.6290
47.7759,506,1.6323
47.7803,507,1.6355
47.7846,507,1.6355
47.7889,506,1.6323
47.7933,505,1.6290
47.7976,505,1.6290
47.8019,506,1.6323
47.8063,508,1.6387
47.8106,509,1.6419
47.8149,508,1.6387
47.8193,508,1.6387
47.8236,508,1.6387
47.8281,508,1.6387
47.8325,508,1.6387
47.8369,508,1.6387
47.8412,508,1.6387
47.8457,509,1.6419
47.8500,509,1.6419
47.8543,510,1.6452
47.8586,510,1.6452
47.8630,510,1.6452
47.8674,510,1.6452
47.8717,509,1.6419
47.8760,510,1.6452
47.8803,510,1.6452
47.8846,512,1.6516
47.8889,517,1.6677
47.8932,519,1.6742
47.8975,523,1.6871
47.9018,526,1.6968
47.9061,529,1.7065
47.9104,532,1.7161
47.9147,533,1.7194
47.9190,533,1.7194
47.9233,531,1.7129
47.9276,529,1.7065
47.9319,528,1.7032
47.9362,525,1.6935
47.9405,522,1.6839
47.9448,520,1.6774
47.9491,516,1.6645
47.9534,512,1.6516
47.9577,509,1.6419
47.9620,508,1.6387
47.9663,508,1.6387
47.9706,509,1.6419
47.9749,511,1.6484
47.9792,511,1.6484
47.9835,510,1.6452
47.9878,510,1.6452
47.9921,510,1.6452
47.9964,511,1.6484
48.0006,511,1.6484
48.0049,511,1.6484
48.0092,511,1.6484
48.0135,511,1.6484
48.0178,510,1.6452
48.0221,510,1.6452
48.0264,511,1.6484
48.0307,511,1.6484
48.0350,509,1.6419
48.0393,502,1.6194
48.0437,493,1.5903
48.0480,490,1.5806
48.0524,499,1.6097
48.0569,527,1.7000
48.0613,568,1.8323
48.0657,613,1.9774
48.0702,653,2.1065
48.0745,665,2.1452
48.0788,647,2.0871
48.0831,608,1.9613
48.0873,561,1.8097
48.0916,519,1.6742
48.0959,494,1.5935
48.1002,484,1.5613
48.1045,483,1.5581
48.1087,490,1.5806
48.1130,495,1.5968
48.1173,499,1.6097
48.1217,499,1.6097
48.1262,500,1.6129
48.1305,501,1.6161
48.1349,501,1.6161
48.1392,501,1.6161
48.1435,500,1.6129
48.1478,500,1.6129
48.1523,500,1.6129
48.1566,501,1.6161
48.1609,501,1.6161
48.1652,501,1.6161
48.1695,501,1.6161
48.1739,500,1.6129
48.1782,502,1.6194
48.1825,502,1.6194
48.1872,504,1.6258
48.1916,504,1.6258
48.1959,504,1.6258
48.2003,504,1.6258
48.2046,505,1.6290
48.2088,505,1.6290
48.2131,506,1.6323
48.2174,505,1.6290
48.2218,506,1.6323
48.2261,505,1.6290
48.2304,505,1.6290
48.2347,506,1.6323
48.2390,510,1.6452
48.2433,513,1.6548
48.2476,516,1.6645
48.2519,520,1.6774
48.2562,524,1.6903
48.2605,526,1.6968
48.2648,529,1.7065
48.2691,532,1.7161
48.2734,535,1.7258
48.2777,537,1.7323
48.2821,539,1.7387
48.2864,543,1.7516
48.2907,546,1.7613
48.2950,547,1.7645
48.2993,547,1.7645
48.3036,547,1.7645
48.3079,546,1.7613
48.3122,547,1.7645
48.3171,544,1.7548
48.3215,544,1.7548
48.3258,542,1.7484
48.3301,540,1.7419
48.3344,536,1.7290
48.3387,534,1.7226
48.3430,531,1.7129
48.3473,529,1.7065
48.3516,525,1.6935
48.3559,522,1.6839
48.3602,518,1.6710
48.3645,515,1.6613
48.3688,512,1.6516
48.3732,508,1.6387
48.3775,505,1.6290
48.3825,502,1.6194
48.3868,498,1.6065
48.3911,495,1.5968
48.3954,495,1.5968
48.3997,496,1.6000
48.4040,497,1.6032
48.4083,497,1.6032
48.4126,497,1.6032
48.4169,498,1.6065
48.4212,498,1.6065
48.4255,499,1.6097
48.4298,498,1.6065
48.4341,498,1.6065
48.4384,499,1.6097
48.4427,499,1.6097
48.4470,501,1.6161
48.4513,501,1.6161
48.4556,500,1.6129
48.4601,500,1.6129
48.4644,500,1.6129
48.4687,500,1.6129
48.4730,501,1.6161
48.4773,501,1.6161
48.4816,502,1.6194
48.4860,503,1.6226
48.4903,502,1.6194
48.4946,502,1.6194
48.4989,502,1.6194
48.5032,504,1.6258
48.5075,504,1.6258
48.5118,505,1.6290
48.5161,505,1.6290
48.5204,505,1.6290
48.5247,505,1.6290
48.5290,504,1.6258
48.5333,504,1.6258
48.5376,505,1.6290
48.5419,505,1.6290
48.5462,505,1.6290
48.5505,505,1.6290
48.5548,505,1.6290
48.5591,506,1.6323
48.5634,507,1.6355
48.5677,507,1.6355
48.5720,508,1.6387
48.5764,508,1.6387
48.5807,509,1.6419
48.5850,509,1.6419
48.5893,509,1.6419
48.5936,509,1.6419
48.5979,509,1.6419
48.6022,508,1.6387
48.6070,508,1.6387
48.6113,509,1.6419
48.6156,508,1.6387
48.6199,510,1.6452
48.6242,510,1.6452
48.6285,511,1.6484
48.6328,513,1.6548
48.6371,516,1.6645
48.6414,520,1.6774
48.6457,523,1.6871
48.6500,526,1.6968
48.6543,529,1.7065
48.6586,530,1.7097
48.6629,532,1.7161
48.6672,533,1.7194
48.6715,532,1.7161
48.6759,530,1.7097
48.6802,528,1.7032
48.6845,527,1.7000
48.6888,523,1.6871
48.6931,520,1.6774
48.6974,516,1.6645
48.7017,513,1.6548
48.7060,510,1.6452
48.7103,509,1.6419
48.7146,509,1.6419
48.7189,508,1.6387
48.7232,508,1.6387
48.7277,508,1.6387
48.7322,507,1.6355
48.7365,508,1.6387
48.7408,509,1.6419
48.7452,508,1.6387
48.7495,508,1.6387
48.7538,508,1.6387
48.7581,508,1.6387
48.7624,508,1.6387
48.7667,509,1.6419
48.7710,508,1.6387
48.7754,508,1.6387
48.7797,510,1.6452
48.7840,508,1.6387
48.7883,502,1.6194
48.7926,495,1.5968
48.7969,490,1.5806
48.8012,497,1.6032
48.8055,518,1.6710
48.8098,551,1.7774
48.8141,595,1.9194
48.8184,639,2.0613
48.8227,663,2.1387
48.8270,655,2.1129
48.8313,622,2.0065
48.8356,578,1.8645
48.8399,531,1.7129
48.8442,501,1.6161
48.8485,485,1.5645
48.8528,481,1.5516
48.8571,485,1.5645
48.8614,491,1.5839
48.8657,495,1.5968
48.8701,498,1.6065
48.8744,499,1.6097
48.8787,499,1.6097
48.8830,500,1.6129
48.8873,499,1.6097
48.8916,500,1.6129
48.8960,501,1.6161
48.9003,502,1.6194
48.9046,503,1.6226
48.9089,502,1.6194
48.9137,503,1.6226
48.9180,503,1.6226
48.9223,504,1.6258
48.9266,504,1.6258
48.9309,504,1.6258
48.9352,504,1.6258
48.9395,504,1.6258
48.9438,505,1.6290
48.9481,505,1.6290
48.9524,505,1.6290
48.9567,505,1.6290
48.9610,504,1.6258
48.9653,505,1.6290
48.9696,504,1.6258
48.9739,505,1.6290
48.9783,506,1.6323
48.9826,508,1.6387
48.9868,509,1.6419
48.9911,512,1.6516
48.9955,515,1.6613
48.9998,518,1.6710
49.0041,523,1.6871
49.0083,525,1.6935
49.0126,529,1.7065
49.0170,532,1.7161
49.0213,533,1.7194
49.0257,537,1.7323
49.0301,539,1.7387
49.0345,542,1.7484
49.0389,544,1.7548
49.0432,546,1.7613
49.0475,547,1.7645
49.0518,547,1.7645
49.0561,546,1.7613
49.0604,546,1.7613
49.0647,545,1.7581
49.0690,543,1.7516
49.0733,542,1.7484
49.0776,540,1.7419
49.0819,539,1.7387
49.0862,535,1.7258
49.0905,534,1.7226
49.0948,531,1.7129
49.0992,528,1.7032
49.1034,525,1.6935
49.1077,520,1.6774
49.1120,516,1.6645
49.1164,512,1.6516
49.1207,509,1.6419
49.1250,505,1.6290
49.1293,503,1.6226
49.1336,500,1.6129
49.1379,497,1.6032
49.1422,496,1.6000
49.1465,496,1.6000
49.1508,497,1.6032
49.1551,496,1.6000
49.1594,497,1.6032
49.1637,497,1.6032
49.1680,498,1.6065
49.1723,499,1.6097
49.1766,499,1.6097
49.1810,498,1.6065
49.1853,499,1.6097
49.1896,499,1.6097
49.1939,499,1.6097
49.1982,500,1.6129
49.2025,501,1.6161
49.2068,502,1.6194
49.2111,503,1.6226
49.2154,503,1.6226
49.2197,503,1.6226
49.2240,505,1.6290
49.2283,505,1.6290
49.2326,505,1.6290
49.2369,505,1.6290
49.2412,506,1.6323
49.2455,505,1.6290
49.2498,505,1.6290
49.2541,505,1.6290
49.2584,505,1.6290
49.2627,504,1.6258
49.2670,504,1.6258
49.2713,503,1.6226
49.2756,504,1.6258
49.2800,504,1.6258
49.2843,505,1.6290
49.2886,505,1.6290
49.2929,505,1.6290
49.2972,506,1.6323
49.3020,505,1.6290
49.3062,507,1.6355
49.3105,507,1.6355
49.3147,507,1.6355
49.3190,508,1.6387
49.3233,507,1.6355
49.3276,508,1.6387
49.3318,507,1.6355
49.3361,506,1.6323
49.3403,506,1.6323
49.3447,507,1.6355
49.3489,507,1.6355
49.3532,507,1.6355
49.3574,508,1.6387
49.3617,510,1.6452
49.3660,510,1.6452
49.3702,510,1.6452
49.3746,508,1.6387
49.3789,509,1.6419
49.3832,511,1.6484
49.3875,515,1.6613
49.3917,519,1.6742
49.3960,523,1.6871
49.4003,526,1.6968
49.4046,530,1.7097
49.4089,531,1.7129
49.4132,533,1.7194
49.4175,532,1.7161
49.4218,531,1.7129
49.4261,530,1.7097
49.4304,529,1.7065
49.4347,525,1.6935
49.4390,522,1.6839
49.4433,518,1.6710
49.4476,515,1.6613
49.4519,510,1.6452
49.4562,507,1.6355
49.4605,506,1.6323
49.4648,506,1.6323
49.4691,507,1.6355
49.4734,507,1.6355
49.4777,507,1.6355
49.4821,508,1.6387
49.4864,509,1.6419
49.4907,509,1.6419
49.4950,509,1.6419
49.4992,509,1.6419
49.5035,508,1.6387
49.5079,508,1.6387
49.5121,509,1.6419
49.5164,510,1.6452
49.5207,508,1.6387
49.5250,508,1.6387
49.5293,508,1.6387
49.5337,508,1.6387
49.5380,503,1.6226
49.5422,496,1.6000
49.5466,489,1.5774
49.5509,495,1.5968
49.5552,516,1.6645
49.5595,548,1.7677
49.5638,590,1.9032
49.5681,635,2.0484
49.5724,662,2.1355
49.5767,658,2.1226
49.5810,627,2.0226
49.5853,583,1.8806
49.5896,537,1.7323
49.5939,503,1.6226
49.5982,487,1.5710
49.6025,483,1.5581
49.6068,487,1.5710
49.6111,493,1.5903
49.6154,498,1.6065
49.6197,501,1.6161
49.6240,501,1.6161
49.6285,501,1.6161
49.6330,502,1.6194
49.6374,502,1.6194
49.6417,502,1.6194
49.6460,502,1.6194
49.6503,503,1.6226
49.6546,502,1.6194
49.6589,502,1.6194
49.6632,503,1.6226
49.6675,504,1.6258
49.6718,503,1.6226
49.6761,503,1.6226
49.6804,504,1.6258
49.6847,504,1.6258
49.6890,503,1.6226
49.6933,504,1.6258
49.6976,504,1.6258
49.7019,505,1.6290
49.7062,505,1.6290
49.7105,504,1.6258
49.7148,505,1.6290
49.7191,505,1.6290
49.7234,505,1.6290
49.7278,504,1.6258
49.7321,506,1.6323
49.7364,507,1.6355
49.7407,511,1.6484
49.7450,514,1.6581
49.7493,517,1.6677
49.7536,520,1.6774
49.7579,525,1.6935
49.7621,529,1.7065
49.7664,531,1.7129
49.7707,534,1.7226
49.7750,536,1.7290
49.7793,538,1.7355
49.7837,541,1.7452
49.7880,544,1.7548
49.7923,545,1.7581
49.7966,547,1.7645
49.8008,546,1.7613
49.8051,547,1.7645
49.8094,546,1.7613
49.8137,544,1.7548
49.8180,544,1.7548
49.8223,544,1.7548
49.8266,543,1.7516
49.8309,540,1.7419
49.8352,537,1.7323
49.8395,535,1.7258
49.8438,532,1.7161
49.8481,528,1.7032
49.8524,525,1.6935
49.8567,521,1.6806
49.8610,517,1.6677
49.8653,514,1.6581
49.8696,512,1.6516
49.8739,509,1.6419
49.8782,507,1.6355
49.8825,503,1.6226
49.8869,499,1.6097
49.8912,497,1.6032
49.8955,495,1.5968
49.8999,496,1.6000
49.9042,498,1.6065
49.9085,498,1.6065
49.9128,498,1.6065
49.9172,498,1.6065
49.9218,499,1.6097
49.9262,499,1.6097
49.9306,500,1.6129
49.9351,499,1.6097
49.9395,500,1.6129
49.9439,499,1.6097
49.9482,499,1.6097
49.9525,499,1.6097
49.9572,499,1.6097
49.9616,501,1.6161
49.9660,501,1.6161
49.9703,502,1.6194
49.9746,504,1.6258
49.9790,504,1.6258
49.9834,504,1.6258
49.9877,505,1.6290
49.9920,505,1.6290
49.9964,505,1.6290
50.0007,505,1.6290
50.0050,505,1.6290
50.0092,504,1.6258
50.0135,505,1.6290
50.0178,505,1.6290
50.0221,505,1.6290
50.0264,504,1.6258
50.0307,505,1.6290
50.0350,506,1.6323
50.0399,506,1.6323
50.0449,505,1.6290
50.0494,505,1.6290
50.0539,506,1.6323
50.0584,505,1.6290
50.0629,506,1.6323
50.0674,507,1.6355
50.0719,506,1.6323
50.0762,507,1.6355
50.0805,507,1.6355
50.0848,508,1.6387
50.0891,509,1.6419
50.0934,508,1.6387
50.0977,508,1.6387
50.1020,509,1.6419
50.1063,510,1.6452
50.1105,511,1.6484
50.1148,512,1.6516
50.1192,513,1.6548
50.1235,512,1.6516
50.1278,512,1.6516
50.1321,513,1.6548
50.1364,515,1.6613
50.1407,519,1.6742
50.1450,523,1.6871
50.1493,526,1.6968
50.1536,528,1.7032
50.1579,531,1.7129
50.1622,532,1.7161
50.1665,533,1.7194
50.1708,533,1.7194
50.1750,532,1.7161
50.1793,530,1.7097
50.1837,527,1.7000
50.1880,523,1.6871
50.1923,520,1.6774
50.1965,519,1.6742
50.2009,515,1.6613
50.2052,511,1.6484
50.2095,508,1.6387
50.2138,508,1.6387
50.2181,508,1.6387
50.2224,509,1.6419
50.2267,510,1.6452
50.2310,508,1.6387
50.2353,509,1.6419
50.2396,508,1.6387
50.2439,507,1.6355
50.2482,508,1.6387
50.2525,509,1.6419
50.2568,509,1.6419
50.2611,510,1.6452
50.2654,510,1.6452
50.2697,510,1.6452
50.2740,510,1.6452
50.2783,510,1.6452
50.2826,511,1.6484
50.2869,506,1.6323
50.2912,497,1.6032
50.2955,489,1.5774
50.2998,489,1.5774
50.3041,506,1.6323
50.3084,539,1.7387
50.3127,579,1.8677
50.3170,625,2.0161
50.3212,658,2.1226
50.3256,663,2.1387
50.3299,639,2.0613
50.3341,597,1.9258
50.3385,550,1.7742
50.3428,512,1.6516
50.3471,491,1.5839
50.3514,483,1.5581
50.3557,484,1.5613
50.3600,492,1.5871
50.3643,497,1.6032
50.3686,501,1.6161
50.3729,501,1.6161
50.3772,502,1.6194
50.3815,502,1.6194
50.3859,502,1.6194
50.3902,501,1.6161
50.3945,501,1.6161
50.3988,502,1.6194
50.4031,503,1.6226
50.4074,502,1.6194
50.4117,502,1.6194
50.4160,502,1.6194
50.4203,502,1.6194
50.4246,503,1.6226
50.4289,505,1.6290
50.4332,505,1.6290
50.4375,505,1.6290
50.4418,504,1.6258
50.4461,504,1.6258
50.4504,504,1.6258
50.4547,505,1.6290
50.4590,507,1.6355
50.4632,507,1.6355
50.4676,507,1.6355
50.4718,506,1.6323
50.4761,505,1.6290
50.4804,505,1.6290
50.4847,507,1.6355
50.4891,509,1.6419
50.4934,511,1.6484
50.4976,514,1.6581
50.5019,519,1.6742
50.5063,523,1.6871
50.5106,525,1.6935
50.5149,528,1.7032
50.5192,532,1.7161
50.5235,536,1.7290
50.5279,538,1.7355
50.5323,540,1.7419
50.5366,541,1.7452
50.5410,543,1.7516
50.5453,542,1.7484
50.5496,543,1.7516
50.5539,546,1.7613
50.5582,547,1.7645
50.5625,547,1.7645
50.5668,546,1.7613
50.5711,544,1.7548
50.5754,540,1.7419
50.5797,538,1.7355
50.5840,538,1.7355
50.5884,536,1.7290
50.5927,533,1.7194
50.5969,529,1.7065
50.6012,524,1.6903
50.6055,521,1.6806
50.6098,517,1.6677
50.6141,515,1.6613
50.6184,512,1.6516
50.6227,509,1.6419
50.6270,506,1.6323
50.6313,502,1.6194
50.6356,498,1.6065
50.6399,495,1.5968
50.6442,496,1.6000
50.6485,497,1.6032
50.6528,496,1.6000
50.6571,496,1.6000
50.6614,497,1.6032
50.6657,497,1.6032
50.6700,497,1.6032
50.6743,498,1.6065
50.6786,498,1.6065
50.6828,499,1.6097
50.6871,501,1.6161
50.6915,500,1.6129
50.6959,500,1.6129
50.7002,501,1.6161
50.7046,501,1.6161
50.7089,502,1.6194
50.7133,503,1.6226
50.7176,503,1.6226
50.7219,503,1.6226
50.7263,503,1.6226
50.7306,504,1.6258
50.7350,503,1.6226
50.7393,504,1.6258
50.7436,504,1.6258
50.7480,504,1.6258
50.7523,504,1.6258
50.7566,505,1.6290
50.7610,505,1.6290
50.7653,505,1.6290
50.7696,506,1.6323
50.7740,506,1.6323
50.7783,506,1.6323
50.7827,506,1.6323
50.7871,506,1.6323
50.7914,507,1.6355
50.7957,508,1.6387
50.8000,507,1.6355
50.8043,507,1.6355
50.8086,508,1.6387
50.8129,508,1.6387
50.8172,508,1.6387
50.8215,508,1.6387
50.8259,508,1.6387
50.8307,511,1.6484
50.8352,508,1.6387
50.8395,508,1.6387
50.8438,508,1.6387
50.8481,509,1.6419
50.8524,509,1.6419
50.8568,509,1.6419
50.8611,510,1.6452
50.8653,509,1.6419
50.8696,510,1.6452
50.8739,509,1.6419
50.8782,510,1.6452
50.8825,511,1.6484
50.8868,515,1.6613
50.8911,519,1.6742
50.8954,522,1.6839
50.8997,526,1.6968
50.9040,529,1.7065
50.9083,531,1.7129
50.9126,533,1.7194
50.9169,532,1.7161
50.9212,532,1.7161
50.9255,531,1.7129
50.9298,528,1.7032
50.9341,526,1.6968
50.9384,523,1.6871
50.9427,518,1.6710
50.9470,516,1.6645
50.9513,512,1.6516
50.9555,511,1.6484
50.9599,508,1.6387
50.9642,509,1.6419
50.9684,508,1.6387
50.9727,508,1.6387
50.9770,509,1.6419
50.9813,508,1.6387
50.9857,508,1.6387
50.9900,508,1.6387
50.9944,509,1.6419
50.9987,509,1.6419
51.0031,510,1.6452
51.0074,511,1.6484
51.0117,510,1.6452
51.0160,511,1.6484
51.0204,510,1.6452
51.0247,510,1.6452
51.0290,512,1.6516
51.0334,511,1.6484
51.0377,507,1.6355
51.0420,500,1.6129
51.0464,493,1.5903
51.0507,497,1.6032
51.0550,515,1.6613
51.0594,550,1.7742
51.0637,593,1.9129
51.0680,638,2.0581
51.0723,665,2.1452
51.0767,662,2.1355
51.0810,630,2.0323
51.0854,587,1.8935
51.0897,541,1.7452
51.0940,506,1.6323
51.0983,490,1.5806
51.1026,485,1.5645
51.1069,487,1.5710
51.1112,495,1.5968
51.1155,498,1.6065
51.1198,500,1.6129
51.1241,501,1.6161
51.1284,501,1.6161
51.1327,500,1.6129
51.1369,502,1.6194
51.1413,502,1.6194
51.1456,502,1.6194
51.1499,503,1.6226
51.1541,503,1.6226
51.1584,502,1.6194
51.1627,503,1.6226
51.1670,504,1.6258
51.1713,505,1.6290
51.1756,504,1.6258
51.1799,503,1.6226
51.1842,504,1.6258
51.1885,504,1.6258
51.1928,505,1.6290
51.1972,505,1.6290
51.2015,505,1.6290
51.2059,506,1.6323
51.2102,507,1.6355
51.2145,507,1.6355
51.2189,507,1.6355
51.2232,507,1.6355
51.2275,507,1.6355
51.2319,507,1.6355
51.2362,509,1.6419
51.2405,511,1.6484
51.2449,516,1.6645
51.2492,519,1.6742
51.2535,522,1.6839
51.2579,526,1.6968
51.2622,528,1.7032
51.2665,531,1.7129
51.2709,536,1.7290
51.2752,539,1.7387
51.2795,540,1.7419
51.2838,541,1.7452
51.2883,543,1.7516
51.2926,545,1.7581
51.2969,545,1.7581
51.3012,546,1.7613
51.3055,547,1.7645
51.3098,549,1.7710
51.3141,546,1.7613
51.3184,544,1.7548
51.3227,542,1.7484
51.3270,540,1.7419
51.3313,538,1.7355
51.3356,536,1.7290
51.3399,533,1.7194
51.3442,532,1.7161
51.3485,528,1.7032
51.3528,526,1.6968
51.3570,521,1.6806
51.3613,516,1.6645
51.3656,513,1.6548
51.3699,510,1.6452
51.3742,507,1.6355
51.3785,504,1.6258
51.3828,501,1.6161
51.3871,498,1.6065
51.3914,496,1.6000
51.3957,496,1.6000
51.4001,496,1.6000
51.4044,496,1.6000
51.4087,495,1.5968
51.4131,497,1.6032
51.4174,497,1.6032
51.4217,498,1.6065
51.4261,498,1.6065
51.4318,497,1.6032
51.4363,497,1.6032
51.4412,499,1.6097
51.4456,500,1.6129
51.4499,500,1.6129
51.4542,500,1.6129
51.4586,500,1.6129
51.4629,502,1.6194
51.4672,501,1.6161
51.4716,502,1.6194
51.4759,502,1.6194
51.4802,502,1.6194
51.4845,502,1.6194
51.4888,502,1.6194
51.4931,502,1.6194
51.4974,502,1.6194
51.5017,503,1.6226
51.5060,504,1.6258
51.5102,505,1.6290
51.5145,504,1.6258
51.5188,506,1.6323
51.5230,506,1.6323
51.5276,507,1.6355
51.5319,507,1.6355
51.5362,505,1.6290
51.5404,507,1.6355
51.5447,507,1.6355
51.5490,508,1.6387
51.5533,507,1.6355
51.5575,506,1.6323
51.5618,507,1.6355
51.5660,507,1.6355
51.5703,507,1.6355
51.5746,507,1.6355
51.5788,506,1.6323
51.5831,506,1.6323
51.5873,507,1.6355
51.5916,508,1.6387
51.5961,509,1.6419
51.6004,508,1.6387
51.6046,510,1.6452
51.6089,509,1.6419
51.6131,509,1.6419
51.6174,509,1.6419
51.6217,510,1.6452
51.6259,509,1.6419
51.6302,508,1.6387
51.6345,512,1.6516
51.6388,516,1.6645
51.6431,518,1.6710
51.6474,523,1.6871
51.6516,526,1.6968
51.6560,529,1.7065
51.6602,531,1.7129
51.6645,530,1.7097
51.6687,531,1.7129
51.6730,529,1.7065
51.6773,527,1.7000
51.6815,525,1.6935
51.6858,525,1.6935
51.6900,521,1.6806
51.6943,518,1.6710
51.6986,515,1.6613
51.7029,510,1.6452
51.7071,508,1.6387
51.7113,508,1.6387
51.7156,507,1.6355
51.7199,508,1.6387
51.7242,508,1.6387
51.7290,508,1.6387
51.7334,509,1.6419
51.7378,510,1.6452
51.7421,510,1.6452
51.7464,509,1.6419
51.7507,509,1.6419
51.7550,509,1.6419
51.7593,509,1.6419
51.7636,508,1.6387
51.7679,509,1.6419
51.7722,509,1.6419
51.7765,508,1.6387
51.7809,509,1.6419
51.7851,508,1.6387
51.7894,503,1.6226
51.7937,495,1.5968
51.7990,491,1.5839
51.8034,505,1.6290
51.8076,534,1.7226
51.8119,573,1.8484
51.8162,617,1.9903
51.8206,655,2.1129
51.8248,667,2.1516
51.8291,647,2.0871
51.8334,608,1.9613
51.8377,561,1.8097
51.8421,519,1.6742
51.8464,496,1.6000
51.8507,486,1.5677
51.8550,485,1.5645
51.8593,491,1.5839
51.8636,498,1.6065
51.8679,501,1.6161
51.8722,502,1.6194
51.8766,501,1.6161
51.8809,502,1.6194
51.8852,502,1.6194
51.8895,503,1.6226
51.8938,503,1.6226
51.8981,503,1.6226
51.9025,503,1.6226
51.9068,504,1.6258
51.9110,504,1.6258
51.9153,504,1.6258
51.9196,503,1.6226
51.9240,503,1.6226
51.9283,504,1.6258
51.9325,504,1.6258
51.9368,505,1.6290
51.9411,505,1.6290
51.9455,505,1.6290
51.9498,505,1.6290
51.9541,504,1.6258
51.9584,504,1.6258
51.9627,506,1.6323
51.9670,506,1.6323
51.9713,506,1.6323
51.9756,507,1.6355
51.9799,507,1.6355
51.9842,509,1.6419
51.9885,511,1.6484
51.9928,514,1.6581
51.9971,517,1.6677
52.0014,520,1.6774
52.0058,522,1.6839
52.0101,524,1.6903
52.0144,527,1.7000
52.0187,531,1.7129
52.0235,536,1.7290
52.0278,539,1.7387
52.0321,541,1.7452
52.0364,544,1.7548
52.0407,544,1.7548
52.0450,545,1.7581
52.0493,545,1.7581
52.0537,546,1.7613
52.0579,546,1.7613
52.0623,547,1.7645
52.0666,545,1.7581
52.0709,544,1.7548
52.0752,544,1.7548
52.0794,541,1.7452
52.0837,537,1.7323
52.0881,535,1.7258
52.0924,531,1.7129
52.0967,530,1.7097
52.1010,527,1.7000
52.1053,524,1.6903
52.1096,519,1.6742
52.1139,516,1.6645
52.1182,512,1.6516
52.1225,510,1.6452
52.1268,507,1.6355
52.1311,503,1.6226
52.1354,499,1.6097
52.1397,495,1.5968
52.1440,493,1.5903
52.1483,494,1.5935
52.1526,496,1.6000
52.1569,496,1.6000
52.1612,496,1.6000
52.1655,497,1.6032
52.1698,498,1.6065
52.1741,499,1.6097
52.1784,499,1.6097
52.1827,500,1.6129
52.1871,501,1.6161
52.1914,502,1.6194
52.1956,501,1.6161
52.1999,502,1.6194
52.2043,502,1.6194
52.2086,502,1.6194
52.2129,503,1.6226
52.2172,503,1.6226
52.2215,503,1.6226
52.2258,502,1.6194
52.2301,502,1.6194
52.2344,503,1.6226
52.2387,502,1.6194
52.2430,502,1.6194
52.2478,503,1.6226
52.2521,503,1.6226
52.2564,503,1.6226
52.2607,503,1.6226
52.2650,505,1.6290
52.2693,505,1.6290
52.2736,506,1.6323
52.2779,506,1.6323
52.2822,505,1.6290
52.2865,504,1.6258
52.2908,506,1.6323
52.2951,505,1.6290
52.2994,506,1.6323
52.3037,505,1.6290
52.3080,506,1.6323
52.3124,507,1.6355
52.3167,506,1.6323
52.3209,506,1.6323
52.3255,506,1.6323
52.3300,507,1.6355
52.3344,508,1.6387
52.3387,507,1.6355
52.3430,507,1.6355
52.3473,509,1.6419
52.3516,509,1.6419
52.3560,508,1.6387
52.3603,509,1.6419
52.3646,508,1.6387
52.3689,509,1.6419
52.3732,508,1.6387
52.3775,508,1.6387
52.3818,509,1.6419
52.3861,513,1.6548
52.3904,518,1.6710
52.3948,521,1.6806
52.3991,524,1.6903
52.4034,527,1.7000
52.4077,529,1.7065
52.4120,532,1.7161
52.4163,532,1.7161
52.4206,531,1.7129
52.4249,529,1.7065
52.4292,528,1.7032
52.4335,526,1.6968
52.4378,523,1.6871
52.4421,521,1.6806
52.4464,518,1.6710
52.4507,515,1.6613
52.4550,511,1.6484
52.4593,508,1.6387
52.4636,508,1.6387
52.4679,508,1.6387
52.4722,509,1.6419
52.4765,508,1.6387
52.4808,509,1.6419
52.4851,509,1.6419
52.4894,509,1.6419
52.4938,509,1.6419
52.4981,509,1.6419
52.5024,509,1.6419
52.5067,509,1.6419
52.5110,510,1.6452
52.5154,511,1.6484
52.5197,511,1.6484
52.5239,512,1.6516
52.5282,512,1.6516
52.5325,510,1.6452
52.5369,507,1.6355
52.5411,500,1.6129
52.5454,492,1.5871
52.5497,492,1.5871
52.5545,511,1.6484
52.5588,543,1.7516
52.5631,584,1.8839
52.5674,628,2.0258
52.5717,662,2.1355
52.5760,665,2.1452
52.5803,638,2.0581
52.5846,596,1.9226
52.5889,549,1.7710
52.5932,512,1.6516
52.5976,493,1.5903
52.6019,485,1.5645
52.6062,485,1.5645
52.6105,491,1.5839
52.6148,496,1.6000
52.6191,499,1.6097
52.6235,499,1.6097
52.6280,501,1.6161
52.6323,500,1.6129
52.6367,501,1.6161
52.6410,501,1.6161
52.6453,502,1.6194
52.6496,503,1.6226
52.6544,504,1.6258
52.6587,504,1.6258
52.6630,504,1.6258
52.6673,504,1.6258
52.6716,504,1.6258
52.6759,505,1.6290
52.6803,505,1.6290
52.6846,504,1.6258
52.6888,504,1.6258
52.6935,505,1.6290
52.6978,505,1.6290
52.7022,505,1.6290
52.7065,506,1.6323
52.7108,506,1.6323
52.7151,506,1.6323
52.7194,506,1.6323
52.7237,507,1.6355
52.7280,507,1.6355
52.7323,507,1.6355
52.7366,509,1.6419
52.7409,511,1.6484
52.7452,515,1.6613
52.7495,518,1.6710
52.7538,523,1.6871
52.7581,526,1.6968
52.7625,529,1.7065
52.7667,533,1.7194
52.7710,536,1.7290
52.7753,537,1.7323
52.7797,540,1.7419
52.7840,542,1.7484
52.7883,545,1.7581
52.7926,546,1.7613
52.7969,546,1.7613
52.8013,547,1.7645
52.8057,548,1.7677
52.8100,549,1.7710
52.8142,547,1.7645
52.8185,545,1.7581
52.8229,544,1.7548
52.8272,542,1.7484
52.8314,540,1.7419
52.8357,537,1.7323
52.8405,534,1.7226
52.8448,531,1.7129
52.8490,528,1.7032
52.8533,525,1.6935
52.8576,521,1.6806
52.8619,518,1.6710
52.8662,514,1.6581
52.8704,512,1.6516
52.8747,508,1.6387
52.8789,505,1.6290
52.8832,502,1.6194
52.8875,499,1.6097
52.8917,498,1.6065
52.8960,497,1.6032
52.9002,496,1.6000
52.9045,496,1.6000
52.9088,496,1.6000
52.9130,497,1.6032
52.9173,498,1.6065
52.9215,499,1.6097
52.9258,500,1.6129
52.9301,499,1.6097
52.9343,499,1.6097
52.9386,499,1.6097
52.9429,499,1.6097
52.9471,500,1.6129
52.9514,500,1.6129
52.9557,501,1.6161
52.9600,501,1.6161
52.9643,502,1.6194
52.9685,503,1.6226
52.9728,503,1.6226
52.9771,504,1.6258
52.9813,504,1.6258
52.9856,504,1.6258
52.9899,504,1.6258
52.9941,504,1.6258
52.9983,503,1.6226
53.0027,503,1.6226
53.0070,504,1.6258
53.0113,505,1.6290
53.0156,505,1.6290
53.0199,505,1.6290
53.0243,505,1.6290
53.0285,506,1.6323
53.0328,506,1.6323
53.0370,506,1.6323
53.0413,505,1.6290
53.0456,507,1.6355
53.0498,507,1.6355
53.0541,508,1.6387
53.0584,507,1.6355
53.0627,508,1.6387
53.0670,509,1.6419
53.0712,507,1.6355
53.0755,508,1.6387
53.0797,508,1.6387
53.0840,508,1.6387
53.0883,507,1.6355
53.0925,507,1.6355
53.0968,507,1.6355
53.1012,508,1.6387
53.1055,508,1.6387
53.1097,508,1.6387
53.1140,508,1.6387
53.1182,509,1.6419
53.1225,510,1.6452
53.1268,510,1.6452
53.1310,511,1.6484
53.1353,512,1.6516
53.1396,517,1.6677
53.1439,520,1.6774
53.1483,525,1.6935
53.1526,526,1.6968
53.1569,529,1.7065
53.1612,531,1.7129
53.1655,531,1.7129
53.1698,532,1.7161
53.1741,530,1.7097
53.1784,529,1.7065
53.1827,527,1.7000
53.1870,524,1.6903
53.1913,521,1.6806
53.1956,517,1.6677
53.1999,514,1.6581
53.2042,510,1.6452
53.2085,508,1.6387
53.2128,507,1.6355
53.2171,508,1.6387
53.2214,507,1.6355
53.2258,509,1.6419
53.2338,510,1.6452
53.2382,509,1.6419
53.2425,509,1.6419
53.2468,509,1.6419
53.2511,510,1.6452
53.2554,511,1.6484
53.2598,512,1.6516
53.2641,512,1.6516
53.2684,512,1.6516
53.2727,512,1.6516
53.2770,510,1.6452
53.2813,509,1.6419
53.2856,507,1.6355
53.2899,500,1.6129
53.2942,493,1.5903
53.2985,489,1.5774
53.3028,500,1.6129
53.3071,526,1.6968
53.3115,566,1.8258
53.3158,611,1.9710
53.3201,651,2.1000
53.3244,666,2.1484
53.3287,648,2.0903
53.3331,612,1.9742
53.3373,564,1.8194
53.3416,522,1.6839
53.3460,495,1.5968
53.3503,484,1.5613
53.3546,482,1.5548
53.3590,487,1.5710
53.3633,494,1.5935
53.3675,498,1.6065
53.3719,499,1.6097
53.3762,500,1.6129
53.3805,500,1.6129
53.3848,500,1.6129
53.3891,500,1.6129
53.3934,500,1.6129
53.3977,500,1.6129
53.4020,501,1.6161
53.4063,500,1.6129
53.4106,500,1.6129
53.4149,502,1.6194
53.4192,502,1.6194
53.4235,502,1.6194
53.4278,503,1.6226
53.4321,503,1.6226
53.4364,502,1.6194
53.4407,502,1.6194
53.4450,503,1.6226
53.4492,502,1.6194
53.4536,504,1.6258
53.4579,504,1.6258
53.4622,504,1.6258
53.4665,505,1.6290
53.4708,505,1.6290
53.4751,504,1.6258
53.4794,506,1.6323
53.4837,506,1.6323
53.4880,509,1.6419
53.4923,511,1.6484
53.4966,517,1.6677
53.5015,520,1.6774
53.5058,524,1.6903
53.5101,526,1.6968
53.5145,528,1.7032
53.5188,532,1.7161
53.5233,535,1.7258
53.5300,537,1.7323
53.5344,540,1.7419
53.5388,543,1.7516
53.5431,546,1.7613
53.5474,544,1.7548
53.5517,546,1.7613
53.5560,546,1.7613
53.5603,545,1.7581
53.5646,545,1.7581
53.5689,544,1.7548
53.5732,542,1.7484
53.5775,540,1.7419
53.5819,539,1.7387
53.5862,537,1.7323
53.5904,534,1.7226
53.5947,531,1.7129
53.5991,528,1.7032
53.6034,525,1.6935
53.6077,521,1.6806
53.6120,517,1.6677
53.6163,513,1.6548
53.6206,510,1.6452
53.6249,506,1.6323
53.6292,503,1.6226
53.6335,501,1.6161
53.6378,499,1.6097
53.6421,498,1.6065
53.6464,497,1.6032
53.6507,497,1.6032
53.6550,499,1.6097
53.6593,500,1.6129
53.6636,500,1.6129
53.6679,499,1.6097
53.6722,499,1.6097
53.6765,499,1.6097
53.6809,500,1.6129
53.6852,500,1.6129
53.6895,501,1.6161
53.6938,502,1.6194
53.6981,503,1.6226
53.7024,502,1.6194
53.7068,503,1.6226
53.7111,502,1.6194
53.7154,504,1.6258
53.7198,503,1.6226
53.7241,503,1.6226
53.7284,503,1.6226
53.7328,502,1.6194
53.7371,503,1.6226
53.7414,503,1.6226
53.7459,503,1.6226
53.7502,504,1.6258
53.7545,504,1.6258
53.7589,505,1.6290
53.7632,504,1.6258
53.7676,504,1.6258
53.7719,504,1.6258
53.7762,504,1.6258
53.7806,505,1.6290
53.7849,505,1.6290
53.7893,506,1.6323
53.7936,506,1.6323
53.7979,506,1.6323
53.8023,506,1.6323
53.8066,507,1.6355
53.8109,507,1.6355
53.8152,508,1.6387
53.8195,507,1.6355
53.8239,506,1.6323
53.8281,509,1.6419
53.8324,510,1.6452
53.8367,510,1.6452
53.8410,509,1.6419
53.8453,508,1.6387
53.8496,508,1.6387
53.8539,509,1.6419
53.8582,510,1.6452
53.8625,510,1.6452
53.8668,511,1.6484
53.8711,511,1.6484
53.8754,511,1.6484
53.8797,511,1.6484
53.8840,512,1.6516
53.8883,516,1.6645
53.8926,519,1.6742
53.8969,523,1.6871
53.9012,526,1.6968
53.9055,528,1.7032
53.9098,531,1.7129
53.9141,531,1.7129
53.9185,531,1.7129
53.9228,532,1.7161
53.9271,531,1.7129
53.9315,529,1.7065
53.9358,526,1.6968
53.9402,522,1.6839
53.9445,519,1.6742
53.9489,515,1.6613
53.9532,512,1.6516
53.9575,509,1.6419
53.9618,508,1.6387
53.9662,509,1.6419
53.9706,510,1.6452
53.9749,510,1.6452
53.9793,510,1.6452
53.9836,510,1.6452
53.9880,510,1.6452
53.9923,509,1.6419
53.9966,507,1.6355
54.0010,509,1.6419
54.0053,509,1.6419
54.0098,511,1.6484
54.0141,510,1.6452
54.0184,510,1.6452
54.0227,512,1.6516
54.0270,511,1.6484
54.0313,511,1.6484
54.0356,509,1.6419
54.0399,502,1.6194
54.0442,494,1.5935
54.0485,491,1.5839
54.0528,501,1.6161
54.0571,526,1.6968
54.0614,564,1.8194
54.0657,610,1.9677
54.0700,649,2.0935
54.0744,666,2.1484
54.0787,651,2.1000
54.0830,613,1.9774
54.0873,564,1.8194
54.0916,522,1.6839
54.0959,497,1.6032
54.1002,486,1.5677
54.1045,483,1.5581
54.1088,488,1.5742
54.1131,494,1.5935
54.1174,499,1.6097
54.1217,500,1.6129
54.1261,499,1.6097
54.1343,500,1.6129
54.1387,501,1.6161
54.1430,501,1.6161
54.1473,502,1.6194
54.1516,502,1.6194
54.1559,504,1.6258
54.1602,503,1.6226
54.1645,503,1.6226
54.1688,504,1.6258
54.1731,504,1.6258
54.1774,505,1.6290
54.1817,505,1.6290
54.1860,504,1.6258
54.1903,504,1.6258
54.1946,505,1.6290
54.1989,506,1.6323
54.2032,506,1.6323
54.2075,507,1.6355
54.2119,508,1.6387
54.2162,508,1.6387
54.2205,508,1.6387
54.2248,508,1.6387
54.2291,508,1.6387
54.2334,507,1.6355
54.2377,508,1.6387
54.2420,509,1.6419
54.2463,514,1.6581
54.2506,518,1.6710
54.2549,520,1.6774
54.2592,523,1.6871
54.2635,527,1.7000
54.2678,531,1.7129
54.2721,534,1.7226
54.2764,536,1.7290
54.2808,538,1.7355
54.2851,541,1.7452
54.2893,543,1.7516
54.2936,545,1.7581
54.2979,546,1.7613
54.3022,547,1.7645
54.3065,547,1.7645
54.3108,546,1.7613
54.3151,545,1.7581
54.3194,545,1.7581
54.3237,543,1.7516
54.3280,541,1.7452
54.3323,538,1.7355
54.3366,536,1.7290
54.3409,534,1.7226
54.3452,532,1.7161
54.3495,529,1.7065
54.3538,525,1.6935
54.3581,521,1.6806
54.3624,517,1.6677
54.3667,513,1.6548
54.3710,509,1.6419
54.3753,506,1.6323
54.3796,503,1.6226
54.3839,501,1.6161
54.3882,499,1.6097
54.3925,497,1.6032
54.3968,498,1.6065
54.4011,497,1.6032
54.4054,498,1.6065
54.4097,498,1.6065
54.4140,498,1.6065
54.4183,498,1.6065
54.4227,499,1.6097
54.4307,499,1.6097
54.4352,499,1.6097
54.4397,500,1.6129
54.4440,500,1.6129
54.4483,501,1.6161
54.4527,502,1.6194
54.4570,502,1.6194
54.4614,501,1.6161
54.4657,502,1.6194
54.4701,503,1.6226
54.4745,502,1.6194
54.4788,503,1.6226
54.4832,502,1.6194
54.4875,503,1.6226
54.4919,503,1.6226
54.4962,504,1.6258
54.5005,504,1.6258
54.5049,503,1.6226
54.5092,504,1.6258
54.5136,503,1.6226
54.5180,502,1.6194
54.5223,503,1.6226
54.5266,504,1.6258
54.5309,506,1.6323
54.5352,506,1.6323
54.5395,506,1.6323
54.5438,506,1.6323
54.5481,508,1.6387
54.5524,507,1.6355
54.5567,506,1.6323
54.5610,506,1.6323
54.5653,507,1.6355
54.5696,507,1.6355
54.5739,507,1.6355
54.5782,508,1.6387
54.5825,509,1.6419
54.5868,509,1.6419
54.5911,509,1.6419
54.5954,509,1.6419
54.5997,509,1.6419
54.6040,510,1.6452
54.6083,509,1.6419
54.6126,509,1.6419
54.6169,509,1.6419
54.6212,510,1.6452
54.6255,510,1.6452
54.6298,511,1.6484
54.6341,514,1.6581
54.6384,518,1.6710
54.6427,520,1.6774
54.6470,525,1.6935
54.6513,529,1.7065
54.6555,531,1.7129
54.6598,531,1.7129
54.6641,532,1.7161
54.6684,533,1.7194
54.6728,533,1.7194
54.6770,531,1.7129
54.6814,529,1.7065
54.6857,526,1.6968
54.6900,523,1.6871
54.6943,519,1.6742
54.6986,515,1.6613
54.7029,511,1.6484
54.7072,508,1.6387
54.7115,507,1.6355
54.7158,507,1.6355
54.7201,507,1.6355
54.7245,508,1.6387
54.7289,509,1.6419
54.7332,508,1.6387
54.7375,509,1.6419
54.7419,510,1.6452
54.7462,510,1.6452
54.7505,510,1.6452
54.7549,510,1.6452
54.7592,510,1.6452
54.7635,511,1.6484
54.7679,510,1.6452
54.7722,510,1.6452
54.7766,510,1.6452
54.7809,510,1.6452
54.7852,508,1.6387
54.7896,502,1.6194
54.7939,494,1.5935
54.7983,489,1.5774
54.8026,499,1.6097
54.8069,524,1.6903
54.8113,562,1.8129
54.8156,607,1.9581
54.8199,649,2.0935
54.8242,667,2.1516
54.8285,651,2.1000
54.8328,614,1.9806
54.8371,568,1.8323
54.8414,526,1.6968
54.8457,498,1.6065
54.8500,485,1.5645
54.8543,484,1.5613
54.8586,489,1.5774
54.8629,496,1.6000
54.8672,499,1.6097
54.8715,501,1.6161
54.8759,503,1.6226
54.8802,503,1.6226
54.8845,503,1.6226
54.8888,503,1.6226
54.8931,504,1.6258
54.8974,503,1.6226
54.9017,504,1.6258
54.9060,503,1.6226
54.9103,504,1.6258
54.9146,504,1.6258
54.9189,503,1.6226
54.9232,502,1.6194
54.9276,502,1.6194
54.9319,503,1.6226
54.9362,504,1.6258
54.9406,503,1.6226
54.9449,504,1.6258
54.9492,503,1.6226
54.9536,504,1.6258
54.9579,506,1.6323
54.9622,506,1.6323
54.9666,505,1.6290
54.9709,506,1.6323
54.9753,507,1.6355
54.9796,506,1.6323
54.9840,506,1.6323
54.9883,508,1.6387
54.9926,512,1.6516
54.9970,516,1.6645
55.0013,519,1.6742
55.0056,522,1.6839
55.0099,525,1.6935
55.0143,527,1.7000
55.0187,531,1.7129
55.0231,535,1.7258
55.0274,539,1.7387
55.0319,542,1.7484
55.0363,543,1.7516
55.0406,544,1.7548
55.0450,544,1.7548
55.0495,545,1.7581
55.0539,546,1.7613
55.0585,547,1.7645
55.0630,546,1.7613
55.0675,545,1.7581
55.0721,544,1.7548
55.0765,542,1.7484
55.0809,539,1.7387
55.0852,538,1.7355
55.0895,535,1.7258
55.0937,533,1.7194
55.0981,529,1.7065
55.1024,527,1.7000
55.1066,523,1.6871
55.1109,519,1.6742
55.1152,517,1.6677
55.1196,513,1.6548
55.1239,510,1.6452
55.1282,507,1.6355
55.1325,503,1.6226
55.1367,498,1.6065
55.1410,496,1.6000
55.1453,494,1.5935
55.1496,496,1.6000
55.1538,497,1.6032
55.1581,498,1.6065
55.1624,499,1.6097
55.1666,498,1.6065
55.1709,498,1.6065
55.1752,498,1.6065
55.1795,499,1.6097
55.1838,498,1.6065
55.1880,499,1.6097
55.1923,500,1.6129
55.1966,500,1.6129
55.2008,500,1.6129
55.2051,501,1.6161
55.2094,501,1.6161
55.2136,502,1.6194
55.2179,501,1.6161
55.2222,502,1.6194
55.2265,502,1.6194
55.2308,503,1.6226
55.2351,502,1.6194
55.2395,503,1.6226
55.2438,503,1.6226
55.2482,504,1.6258
55.2525,504,1.6258
55.2568,504,1.6258
55.2612,503,1.6226
55.2655,504,1.6258
55.2698,505,1.6290
55.2741,506,1.6323
55.2785,505,1.6290
55.2835,505,1.6290
55.2879,505,1.6290
55.2923,505,1.6290
55.2966,505,1.6290
55.3009,506,1.6323
55.3053,506,1.6323
55.3096,506,1.6323
55.3139,506,1.6323
55.3183,507,1.6355
55.3226,506,1.6323
55.3270,508,1.6387
55.3316,510,1.6452
55.3361,510,1.6452
55.3405,509,1.6419
55.3449,510,1.6452
55.3491,510,1.6452
55.3534,510,1.6452
55.3577,510,1.6452
55.3620,510,1.6452
55.3663,510,1.6452
55.3706,510,1.6452
55.3749,510,1.6452
55.3793,512,1.6516
55.3836,513,1.6548
55.3879,516,1.6645
55.3922,519,1.6742
55.3965,522,1.6839
55.4008,525,1.6935
55.4050,528,1.7032
55.4094,531,1.7129
55.4136,532,1.7161
55.4179,532,1.7161
55.4222,531,1.7129
55.4265,531,1.7129
55.4309,527,1.7000
55.4351,524,1.6903
55.4394,521,1.6806
55.4437,518,1.6710
55.4480,514,1.6581
55.4523,511,1.6484
55.4566,509,1.6419
55.4609,508,1.6387
55.4652,509,1.6419
55.4695,509,1.6419
55.4739,509,1.6419
55.4783,508,1.6387
55.4826,509,1.6419
55.4869,509,1.6419
55.4912,509,1.6419
55.4955,509,1.6419
55.4998,511,1.6484
55.5041,511,1.6484
55.5084,511,1.6484
55.5127,510,1.6452
55.5170,510,1.6452
55.5212,510,1.6452
55.5255,511,1.6484
55.5299,511,1.6484
55.5342,509,1.6419
55.5385,505,1.6290
55.5429,496,1.6000
55.5472,490,1.5806
55.5516,497,1.6032
55.5560,518,1.6710
55.5603,553,1.7839
55.5646,597,1.9258
55.5690,640,2.0645
55.5733,664,2.1419
55.5776,655,2.1129
55.5820,622,2.0065
55.5863,577,1.8613
55.5907,531,1.7129
55.5950,501,1.6161
55.5993,485,1.5645
55.6037,482,1.5548
55.6080,487,1.5710
55.6124,495,1.5968
55.6167,499,1.6097
55.6210,501,1.6161
55.6255,501,1.6161
55.6298,502,1.6194
55.6341,501,1.6161
55.6384,501,1.6161
55.6427,501,1.6161
55.6470,502,1.6194
55.6513,503,1.6226
55.6556,503,1.6226
55.6599,503,1.6226
55.6642,503,1.6226
55.6685,503,1.6226
55.6728,503,1.6226
55.6771,503,1.6226
55.6814,503,1.6226
55.6857,504,1.6258
55.6900,505,1.6290
55.6943,506,1.6323
55.6986,506,1.6323
55.7029,505,1.6290
55.7072,505,1.6290
55.7115,505,1.6290
55.7158,505,1.6290
55.7201,505,1.6290
55.7244,507,1.6355
55.7287,506,1.6323
55.7330,507,1.6355
55.7373,509,1.6419
55.7416,513,1.6548
55.7459,517,1.6677
55.7502,520,1.6774
55.7545,524,1.6903
55.7588,527,1.7000
55.7631,528,1.7032
55.7674,532,1.7161
55.7717,536,1.7290
55.7760,539,1.7387
55.7803,540,1.7419
55.7846,542,1.7484
55.7889,545,1.7581
55.7932,546,1.7613
55.7975,546,1.7613
55.8019,547,1.7645
55.8062,548,1.7677
55.8104,549,1.7710
55.8147,548,1.7677
55.8191,546,1.7613
55.8233,544,1.7548
55.8276,542,1.7484
55.8319,541,1.7452
55.8363,538,1.7355
55.8406,535,1.7258
55.8450,531,1.7129
55.8493,528,1.7032
55.8536,526,1.6968
55.8580,524,1.6903
55.8623,520,1.6774
55.8666,516,1.6645
55.8709,513,1.6548
55.8753,509,1.6419
55.8797,506,1.6323
55.8840,503,1.6226
55.8883,500,1.6129
55.8927,499,1.6097
55.8970,499,1.6097
55.9013,498,1.6065
55.9057,498,1.6065
55.9100,499,1.6097
55.9143,499,1.6097
55.9187,499,1.6097
55.9230,500,1.6129
55.9274,500,1.6129
55.9320,500,1.6129
55.9364,501,1.6161
55.9408,502,1.6194
55.9451,501,1.6161
55.9494,501,1.6161
55.9536,501,1.6161
55.9579,501,1.6161
55.9623,502,1.6194
55.9666,501,1.6161
55.9709,502,1.6194
55.9751,502,1.6194
55.9795,503,1.6226
55.9838,502,1.6194
55.9881,502,1.6194
55.9924,502,1.6194
55.9967,502,1.6194
56.0010,503,1.6226
56.0054,503,1.6226
56.0096,503,1.6226
56.0139,504,1.6258
56.0182,503,1.6226
56.0225,505,1.6290
56.0268,506,1.6323
56.0311,506,1.6323
56.0354,506,1.6323
56.0397,506,1.6323
56.0441,506,1.6323
56.0484,507,1.6355
56.0526,508,1.6387
56.0569,507,1.6355
56.0612,506,1.6323
56.0655,506,1.6323
56.0698,507,1.6355
56.0741,507,1.6355
56.0784,507,1.6355
56.0827,507,1.6355
56.0870,507,1.6355
56.0913,507,1.6355
56.0956,508,1.6387
56.0999,507,1.6355
56.1042,508,1.6387
56.1085,508,1.6387
56.1128,508,1.6387
56.1171,507,1.6355
56.1214,507,1.6355
56.1257,507,1.6355
56.1301,509,1.6419
56.1344,511,1.6484
56.1388,515,1.6613
56.1431,519,1.6742
56.1474,523,1.6871
56.1518,526,1.6968
56.1561,528,1.7032
56.1604,529,1.7065
56.1648,530,1.7097
56.1691,531,1.7129
56.1734,530,1.7097
56.1778,529,1.7065
56.1821,527,1.7000
56.1865,524,1.6903
56.1908,521,1.6806
56.1951,517,1.6677
56.1995,514,1.6581
56.2038,511,1.6484
56.2082,509,1.6419
56.2125,508,1.6387
56.2168,507,1.6355
56.2211,506,1.6323
56.2256,508,1.6387
56.2302,508,1.6387
56.2346,509,1.6419
56.2390,510,1.6452
56.2433,510,1.6452
56.2476,510,1.6452
56.2519,509,1.6419
56.2562,509,1.6419
56.2605,509,1.6419
56.2648,509,1.6419
56.2691,510,1.6452
56.2734,511,1.6484
56.2777,510,1.6452
56.2820,511,1.6484
56.2863,508,1.6387
56.2906,501,1.6161
56.2949,493,1.5903
56.2992,489,1.5774
56.3035,502,1.6194
56.3078,530,1.7097
56.3122,568,1.8323
56.3164,614,1.9806
56.3207,653,2.1065
56.3250,666,2.1484
56.3293,646,2.0839
56.3336,607,1.9581
56.3379,562,1.8129
56.3422,520,1.6774
56.3465,496,1.6000
56.3508,484,1.5613
56.3551,482,1.5548
56.3594,489,1.5774
56.3637,496,1.6000
56.3680,499,1.6097
56.3723,500,1.6129
56.3766,500,1.6129
56.3809,500,1.6129
56.3852,501,1.6161
56.3895,501,1.6161
56.3938,502,1.6194
56.3981,501,1.6161
56.4024,502,1.6194
56.4067,502,1.6194
56.4110,504,1.6258
56.4153,504,1.6258
56.4196,503,1.6226
56.4239,503,1.6226
56.4282,505,1.6290
56.4326,504,1.6258
56.4369,505,1.6290
56.4413,505,1.6290
56.4456,505,1.6290
56.4499,507,1.6355
56.4543,507,1.6355
56.4586,507,1.6355
56.4630,506,1.6323
56.4673,505,1.6290
56.4717,505,1.6290
56.4761,506,1.6323
56.4804,506,1.6323
56.4847,507,1.6355
56.4891,509,1.6419
56.4934,513,1.6548
56.4978,517,1.6677
56.5021,519,1.6742
56.5064,522,1.6839
56.5108,527,1.7000
56.5151,530,1.7097
56.5194,532,1.7161
56.5238,534,1.7226
56.5281,539,1.7387
56.5324,541,1.7452
56.5368,543,1.7516
56.5411,543,1.7516
56.5454,544,1.7548
56.5497,545,1.7581
56.5540,545,1.7581
56.5583,546,1.7613
56.5626,545,1.7581
56.5669,544,1.7548
56.5711,543,1.7516
56.5754,540,1.7419
56.5798,538,1.7355
56.5841,536,1.7290
56.5884,534,1.7226
56.5927,532,1.7161
56.5970,529,1.7065
56.6013,525,1.6935
56.6056,522,1.6839
56.6099,519,1.6742
56.6142,514,1.6581
56.6185,512,1.6516
56.6228,508,1.6387
56.6271,506,1.6323
56.6314,503,1.6226
56.6357,498,1.6065
56.6400,494,1.5935
56.6444,494,1.5935
56.6487,496,1.6000
56.6530,497,1.6032
56.6574,497,1.6032
56.6617,497,1.6032
56.6660,497,1.6032
56.6704,498,1.6065
56.6747,498,1.6065
56.6792,499,1.6097
56.6836,500,1.6129
56.6879,500,1.6129
56.6922,501,1.6161
56.6966,501,1.6161
56.7009,501,1.6161
56.7052,501,1.6161
56.7096,500,1.6129
56.7139,502,1.6194
56.7182,502,1.6194
56.7226,502,1.6194
56.7269,503,1.6226
56.7312,503,1.6226
56.7357,504,1.6258
56.7400,504,1.6258
56.7443,503,1.6226
56.7486,503,1.6226
56.7529,504,1.6258
56.7572,504,1.6258
56.7615,504,1.6258
56.7659,505,1.6290
56.7702,505,1.6290
56.7745,506,1.6323
56.7788,508,1.6387
56.7831,508,1.6387
56.7874,507,1.6355
56.7917,507,1.6355
56.7960,506,1.6323
56.8003,507,1.6355
56.8046,507,1.6355
56.8089,508,1.6387
56.8132,508,1.6387
56.8174,509,1.6419
56.8217,510,1.6452
56.8261,510,1.6452
56.8305,509,1.6419
56.8349,508,1.6387
56.8393,506,1.6323
56.8436,507,1.6355
56.8479,508,1.6387
56.8522,510,1.6452
56.8565,510,1.6452
56.8608,511,1.6484
56.8651,510,1.6452
56.8694,509,1.6419
56.8737,510,1.6452
56.8780,510,1.6452
56.8823,512,1.6516
56.8866,515,1.6613
56.8909,519,1.6742
56.8952,524,1.6903
56.8996,527,1.7000
56.9039,528,1.7032
56.9082,532,1.7161
56.9125,534,1.7226
56.9168,534,1.7226
56.9211,533,1.7194
56.9254,532,1.7161
56.9297,530,1.7097
56.9340,527,1.7000
56.9382,524,1.6903
56.9426,520,1.6774
56.9469,517,1.6677
56.9512,512,1.6516
56.9556,508,1.6387
56.9599,507,1.6355
56.9642,508,1.6387
56.9686,508,1.6387
56.9729,510,1.6452
56.9772,509,1.6419
56.9816,510,1.6452
56.9859,509,1.6419
56.9902,510,1.6452
56.9946,510,1.6452
56.9988,510,1.6452
57.0031,510,1.6452
57.0074,512,1.6516
57.0117,512,1.6516
57.0160,512,1.6516
57.0203,511,1.6484
57.0246,509,1.6419
57.0289,510,1.6452
57.0332,509,1.6419
57.0375,506,1.6323
57.0417,499,1.6097
57.0460,493,1.5903
57.0504,494,1.5935
57.0553,513,1.6548
57.0596,547,1.7645
57.0639,588,1.8968
57.0682,634,2.0452
57.0725,665,2.1452
57.0768,663,2.1387
57.0811,635,2.0484
57.0854,591,1.9065
57.0897,543,1.7516
57.0940,509,1.6419
57.0983,491,1.5839
57.1026,485,1.5645
57.1069,487,1.5710
57.1112,494,1.5935
57.1155,499,1.6097
57.1198,501,1.6161
57.1241,501,1.6161
57.1284,503,1.6226
57.1329,504,1.6258
57.1373,505,1.6290
57.1417,504,1.6258
57.1460,503,1.6226
57.1503,503,1.6226
57.1546,504,1.6258
57.1588,503,1.6226
57.1631,504,1.6258
57.1673,504,1.6258
57.1716,503,1.6226
57.1759,503,1.6226
57.1802,505,1.6290
57.1844,504,1.6258
57.1887,505,1.6290
57.1929,505,1.6290
57.1972,505,1.6290
57.2014,506,1.6323
57.2057,506,1.6323
57.2099,506,1.6323
57.2143,506,1.6323
57.2185,506,1.6323
57.2228,504,1.6258
57.2270,504,1.6258
57.2313,504,1.6258
57.2355,504,1.6258
57.2398,508,1.6387
57.2441,513,1.6548
57.2484,517,1.6677
57.2527,521,1.6806
57.2570,524,1.6903
57.2613,526,1.6968
57.2656,528,1.7032
57.2698,533,1.7194
57.2741,535,1.7258
57.2786,537,1.7323
57.2829,541,1.7452
57.2872,543,1.7516
57.2915,544,1.7548
57.2958,545,1.7581
57.3001,544,1.7548
57.3044,543,1.7516
57.3087,545,1.7581
57.3130,545,1.7581
57.3173,545,1.7581
57.3216,544,1.7548
57.3259,540,1.7419
57.3302,539,1.7387
57.3344,537,1.7323
57.3388,536,1.7290
57.3431,534,1.7226
57.3474,531,1.7129
57.3516,528,1.7032
57.3560,524,1.6903
57.3603,518,1.6710
57.3645,516,1.6645
57.3688,513,1.6548
57.3731,510,1.6452
57.3774,507,1.6355
57.3817,504,1.6258
57.3860,501,1.6161
57.3903,499,1.6097
57.3946,498,1.6065
57.3989,498,1.6065
57.4032,499,1.6097
57.4074,499,1.6097
57.4117,498,1.6065
57.4160,500,1.6129
57.4203,500,1.6129
57.4246,502,1.6194
57.4288,501,1.6161
57.4331,501,1.6161
57.4374,502,1.6194
57.4417,501,1.6161
57.4460,501,1.6161
57.4503,502,1.6194
57.4546,502,1.6194
57.4588,502,1.6194
57.4631,502,1.6194
57.4674,503,1.6226
57.4717,503,1.6226
57.4760,503,1.6226
57.4803,503,1.6226
57.4846,503,1.6226
57.4889,503,1.6226
57.4931,505,1.6290
57.4974,505,1.6290
57.5018,505,1.6290
57.5061,505,1.6290
57.5103,505,1.6290
57.5146,507,1.6355
57.5189,506,1.6323
57.5232,506,1.6323
57.5275,507,1.6355
57.5318,507,1.6355
57.5361,508,1.6387
57.5403,508,1.6387
57.5446,508,1.6387
57.5489,508,1.6387
57.5532,508,1.6387
57.5575,508,1.6387
57.5617,508,1.6387
57.5660,509,1.6419
57.5703,509,1.6419
57.5746,509,1.6419
57.5791,510,1.6452
57.5834,509,1.6419
57.5876,510,1.6452
57.5920,509,1.6419
57.5962,509,1.6419
57.6005,509,1.6419
57.6048,509,1.6419
57.6091,509,1.6419
57.6134,508,1.6387
57.6177,508,1.6387
57.6220,509,1.6419
57.6263,509,1.6419
57.6306,511,1.6484
57.6349,514,1.6581
57.6391,517,1.6677
57.6434,521,1.6806
57.6477,525,1.6935
57.6520,528,1.7032
57.6563,530,1.7097
57.6606,532,1.7161
57.6649,533,1.7194
57.6692,534,1.7226
57.6735,533,1.7194
57.6778,531,1.7129
57.6821,529,1.7065
57.6864,526,1.6968
57.6907,522,1.6839
57.6950,518,1.6710
57.6992,514,1.6581
57.7035,511,1.6484
57.7078,508,1.6387
57.7121,508,1.6387
57.7164,507,1.6355
57.7207,506,1.6323
57.7250,507,1.6355
57.7295,508,1.6387
57.7339,508,1.6387
57.7383,509,1.6419
57.7426,509,1.6419
57.7469,509,1.6419
57.7512,509,1.6419
57.7555,509,1.6419
57.7597,509,1.6419
57.7640,509,1.6419
57.7683,509,1.6419
57.7725,510,1.6452
57.7767,510,1.6452
57.7810,510,1.6452
57.7853,508,1.6387
57.7896,504,1.6258
57.7938,496,1.6000
57.7981,491,1.5839
57.8023,499,1.6097
57.8066,522,1.6839
57.8108,559,1.8032
57.8151,601,1.9387
57.8194,642,2.0710
57.8237,665,2.1452
57.8279,655,2.1129
57.8322,622,2.0065
57.8365,578,1.8645
57.8407,533,1.7194
57.8450,504,1.6258
57.8492,488,1.5742
57.8536,483,1.5581
57.8578,486,1.5677
57.8621,492,1.5871
57.8664,498,1.6065
57.8707,500,1.6129
57.8749,501,1.6161
57.8792,500,1.6129
57.8835,501,1.6161
57.8878,501,1.6161
57.8921,501,1.6161
57.8964,501,1.6161
57.9006,501,1.6161
57.9050,503,1.6226
57.9092,503,1.6226
57.9135,503,1.6226
57.9178,504,1.6258
57.9221,504,1.6258
57.9264,504,1.6258
57.9307,503,1.6226
57.9350,503,1.6226
57.9393,503,1.6226
57.9435,503,1.6226
57.9479,504,1.6258
57.9522,504,1.6258
57.9565,505,1.6290
57.9608,506,1.6323
57.9651,506,1.6323
57.9694,506,1.6323
57.9736,506,1.6323
57.9779,507,1.6355
57.9822,507,1.6355
57.9865,508,1.6387
57.9908,511,1.6484
57.9951,515,1.6613
57.9994,519,1.6742
58.0037,521,1.6806
58.0079,524,1.6903
58.0122,527,1.7000
58.0165,530,1.7097
58.0208,534,1.7226
58.0251,537,1.7323
58.0294,539,1.7387
58.0338,541,1.7452
58.0382,542,1.7484
58.0426,543,1.7516
58.0469,543,1.7516
58.0513,544,1.7548
58.0556,545,1.7581
58.0599,545,1.7581
58.0642,545,1.7581
58.0685,544,1.7548
58.0728,542,1.7484
58.0771,541,1.7452
58.0814,538,1.7355
58.0857,537,1.7323
58.0900,533,1.7194
58.0943,529,1.7065
58.0986,528,1.7032
58.1029,523,1.6871
58.1072,521,1.6806
58.1115,518,1.6710
58.1159,514,1.6581
58.1202,510,1.6452
58.1245,508,1.6387
58.1288,504,1.6258
58.1331,500,1.6129
58.1375,498,1.6065
58.1418,495,1.5968
58.1462,495,1.5968
58.1505,495,1.5968
58.1548,494,1.5935
58.1592,496,1.6000
58.1635,497,1.6032
58.1678,498,1.6065
58.1720,497,1.6032
58.1763,498,1.6065
58.1807,498,1.6065
58.1850,498,1.6065
58.1893,499,1.6097
58.1936,500,1.6129
58.1979,501,1.6161
58.2022,502,1.6194
58.2065,502,1.6194
58.2108,503,1.6226
58.2151,502,1.6194
58.2194,503,1.6226
58.2237,503,1.6226
58.2280,503,1.6226
58.2323,503,1.6226
58.2365,503,1.6226
58.2409,502,1.6194
58.2452,502,1.6194
58.2494,504,1.6258
58.2537,505,1.6290
58.2580,504,1.6258
58.2624,504,1.6258
58.2667,504,1.6258
58.2709,504,1.6258
58.2752,504,1.6258
58.2795,505,1.6290
58.2839,505,1.6290
58.2882,506,1.6323
58.2925,508,1.6387
58.2967,508,1.6387
58.3011,508,1.6387
58.3055,507,1.6355
58.3098,507,1.6355
58.3141,506,1.6323
58.3184,508,1.6387
58.3227,507,1.6355
58.3270,507,1.6355
58.3312,507,1.6355
58.3355,506,1.6323
58.3398,507,1.6355
58.3442,506,1.6323
58.3484,507,1.6355
58.3527,509,1.6419
58.3570,510,1.6452
58.3613,511,1.6484
58.3657,511,1.6484
58.3699,510,1.6452
58.3743,511,1.6484
58.3787,511,1.6484
58.3830,512,1.6516
58.3873,515,1.6613
58.3916,518,1.6710
58.3959,523,1.6871
58.4001,525,1.6935
58.4044,528,1.7032
58.4087,529,1.7065
58.4129,530,1.7097
58.4171,531,1.7129
58.4214,532,1.7161
58.4257,530,1.7097
58.4299,529,1.7065
58.4342,527,1.7000
58.4384,525,1.6935
58.4427,521,1.6806
58.4470,517,1.6677
58.4513,513,1.6548
58.4555,510,1.6452
58.4598,509,1.6419
58.4642,508,1.6387
58.4685,508,1.6387
58.4728,508,1.6387
58.4771,507,1.6355
58.4814,508,1.6387
58.4857,508,1.6387
58.4900,509,1.6419
58.4943,510,1.6452
58.4986,510,1.6452
58.5029,509,1.6419
58.5073,509,1.6419
58.5115,510,1.6452
58.5159,509,1.6419
58.5202,510,1.6452
58.5245,510,1.6452
58.5288,511,1.6484
58.5331,510,1.6452
58.5373,508,1.6387
58.5417,500,1.6129
58.5460,490,1.5806
58.5503,491,1.5839
58.5546,508,1.6387
58.5589,539,1.7387
58.5632,580,1.8710
58.5676,626,2.0194
58.5719,661,2.1323
58.5761,664,2.1419
58.5804,639,2.0613
58.5847,596,1.9226
58.5891,550,1.7742
58.5933,512,1.6516
58.5976,491,1.5839
58.6019,484,1.5613
58.6062,485,1.5645
58.6105,491,1.5839
58.6149,497,1.6032
58.6191,499,1.6097
58.6235,501,1.6161
58.6278,501,1.6161
58.6323,503,1.6226
58.6366,503,1.6226
58.6410,501,1.6161
58.6453,502,1.6194
58.6496,502,1.6194
58.6543,503,1.6226
58.6586,504,1.6258
58.6629,504,1.6258
58.6671,503,1.6226
58.6714,504,1.6258
58.6756,504,1.6258
58.6799,504,1.6258
58.6842,504,1.6258
58.6884,504,1.6258
58.6927,505,1.6290
58.6970,505,1.6290
58.7012,505,1.6290
58.7055,504,1.6258
58.7098,505,1.6290
58.7140,506,1.6323
58.7183,507,1.6355
58.7225,507,1.6355
58.7268,506,1.6323
58.7311,505,1.6290
58.7353,507,1.6355
58.7396,509,1.6419
58.7438,514,1.6581
58.7481,518,1.6710
58.7524,522,1.6839
58.7567,525,1.6935
58.7610,526,1.6968
58.7652,531,1.7129
58.7695,534,1.7226
58.7737,535,1.7258
58.7780,539,1.7387
58.7823,540,1.7419
58.7866,543,1.7516
58.7909,544,1.7548
58.7952,545,1.7581
58.7995,547,1.7645
58.8037,548,1.7677
58.8080,548,1.7677
58.8123,548,1.7677
58.8202,545,1.7581
58.8246,543,1.7516
58.8288,542,1.7484
58.8331,540,1.7419
58.8374,537,1.7323
58.8416,533,1.7194
58.8459,530,1.7097
58.8502,528,1.7032
58.8545,525,1.6935
58.8587,521,1.6806
58.8631,517,1.6677
58.8674,514,1.6581
58.8717,511,1.6484
58.8761,508,1.6387
58.8804,505,1.6290
58.8848,501,1.6161
58.8891,499,1.6097
58.8935,497,1.6032
58.8979,497,1.6032
58.9022,498,1.6065
58.9065,498,1.6065
58.9109,498,1.6065
58.9152,498,1.6065
58.9195,498,1.6065
58.9239,498,1.6065
58.9282,498,1.6065
58.9329,500,1.6129
58.9374,500,1.6129
58.9418,500,1.6129
58.9462,500,1.6129
58.9505,500,1.6129
58.9550,501,1.6161
58.9594,501,1.6161
58.9637,501,1.6161
58.9680,501,1.6161
58.9723,502,1.6194
58.9767,502,1.6194
58.9810,503,1.6226
58.9853,503,1.6226
58.9895,505,1.6290
58.9938,505,1.6290
58.9982,506,1.6323
59.0025,505,1.6290
59.0067,504,1.6258
59.0110,505,1.6290
59.0153,506,1.6323
59.0197,507,1.6355
59.0239,508,1.6387
59.0282,508,1.6387
59.0325,508,1.6387
59.0369,508,1.6387
59.0411,508,1.6387
59.0454,507,1.6355
59.0497,508,1.6387
59.0540,508,1.6387
59.0583,508,1.6387
59.0627,508,1.6387
59.0669,508,1.6387
59.0712,508,1.6387
59.0755,509,1.6419
59.0799,510,1.6452
59.0842,510,1.6452
59.0885,510,1.6452
59.0928,510,1.6452
59.0970,510,1.6452
59.1014,510,1.6452
59.1056,509,1.6419
59.1099,510,1.6452
59.1143,511,1.6484
59.1186,510,1.6452
59.1229,510,1.6452
59.1272,511,1.6484
59.1314,513,1.6548
59.1357,515,1.6613
59.1401,519,1.6742
59.1443,522,1.6839
59.1486,526,1.6968
59.1529,529,1.7065
59.1572,531,1.7129
59.1617,532,1.7161
59.1660,533,1.7194
59.1703,532,1.7161
59.1746,532,1.7161
59.1789,531,1.7129
59.1833,527,1.7000
59.1876,524,1.6903
59.1918,520,1.6774
59.1961,516,1.6645
59.2005,512,1.6516
59.2047,509,1.6419
59.2090,508,1.6387
59.2133,507,1.6355
59.2176,506,1.6323
59.2219,507,1.6355
59.2262,507,1.6355
59.2305,508,1.6387
59.2348,508,1.6387
59.2391,509,1.6419
59.2434,509,1.6419
59.2477,509,1.6419
59.2520,510,1.6452
59.2563,510,1.6452
59.2606,509,1.6419
59.2650,509,1.6419
59.2693,511,1.6484
59.2735,511,1.6484
59.2778,511,1.6484
59.2822,511,1.6484
59.2865,509,1.6419
59.2908,502,1.6194
59.2951,493,1.5903
59.2994,489,1.5774
59.3037,501,1.6161
59.3080,529,1.7065
59.3123,570,1.8387
59.3166,615,1.9839
59.3209,655,2.1129
59.3252,667,2.1516
59.3295,648,2.0903
59.3338,609,1.9645
59.3381,560,1.8065
59.3425,519,1.6742
59.3468,494,1.5935
59.3511,484,1.5613
59.3553,482,1.5548
59.3596,487,1.5710
59.3640,495,1.5968
59.3683,499,1.6097
59.3726,499,1.6097
59.3769,500,1.6129
59.3812,500,1.6129
59.3855,499,1.6097
59.3898,500,1.6129
59.3941,500,1.6129
59.3983,501,1.6161
59.4026,500,1.6129
59.4070,502,1.6194
59.4113,502,1.6194
59.4156,503,1.6226
59.4199,503,1.6226
59.4242,504,1.6258
59.4285,503,1.6226
59.4327,504,1.6258
59.4370,505,1.6290
59.4413,505,1.6290
59.4456,504,1.6258
59.4499,505,1.6290
59.4542,505,1.6290
59.4586,505,1.6290
59.4629,505,1.6290
59.4672,505,1.6290
59.4715,505,1.6290
59.4758,506,1.6323
59.4801,507,1.6355
59.4844,507,1.6355
59.4887,508,1.6387
59.4930,512,1.6516
59.4973,515,1.6613
59.5016,519,1.6742
59.5059,523,1.6871
59.5102,526,1.6968
59.5145,529,1.7065
59.5188,532,1.7161
59.5231,534,1.7226
59.5275,538,1.7355
59.5319,540,1.7419
59.5363,542,1.7484
59.5407,543,1.7516
59.5450,543,1.7516
59.5493,545,1.7581
59.5536,546,1.7613
59.5579,546,1.7613
59.5623,547,1.7645
59.5666,546,1.7613
59.5710,543,1.7516
59.5752,542,1.7484
59.5795,541,1.7452
59.5838,538,1.7355
59.5882,537,1.7323
59.5924,534,1.7226
59.5967,531,1.7129
59.6010,526,1.6968
59.6053,524,1.6903
59.6096,520,1.6774
59.6139,516,1.6645
59.6182,513,1.6548
59.6225,509,1.6419
59.6268,506,1.6323
59.6311,502,1.6194
59.6354,500,1.6129
59.6397,498,1.6065
59.6440,497,1.6032
59.6483,498,1.6065
59.6526,499,1.6097
59.6569,499,1.6097
59.6612,499,1.6097
59.6655,499,1.6097
59.6698,499,1.6097
59.6741,499,1.6097
59.6784,498,1.6065
59.6827,498,1.6065
59.6870,500,1.6129
59.6913,500,1.6129
59.6956,501,1.6161
59.6999,502,1.6194
59.7042,503,1.6226
59.7085,503,1.6226
59.7128,503,1.6226
59.7171,503,1.6226
59.7214,502,1.6194
59.7257,502,1.6194
59.7301,504,1.6258
59.7344,503,1.6226
59.7386,503,1.6226
59.7429,503,1.6226
59.7472,504,1.6258
59.7515,504,1.6258
59.7559,506,1.6323
59.7602,507,1.6355
59.7645,507,1.6355
59.7688,506,1.6323
59.7731,507,1.6355
59.7774,508,1.6387
59.7817,509,1.6419
59.7860,508,1.6387
59.7903,508,1.6387
59.7946,508,1.6387
59.7989,508,1.6387
59.8032,507,1.6355
59.8075,508,1.6387
59.8118,509,1.6419
59.8162,509,1.6419
59.8205,509,1.6419
59.8248,507,1.6355
59.8291,507,1.6355
59.8337,507,1.6355
59.8381,507,1.6355
59.8424,508,1.6387
59.8467,509,1.6419
59.8510,509,1.6419
59.8554,508,1.6387
59.8597,508,1.6387
59.8640,509,1.6419
59.8683,509,1.6419
59.8726,509,1.6419
59.8769,510,1.6452
59.8812,510,1.6452
59.8855,512,1.6516
59.8898,516,1.6645
59.8942,519,1.6742
59.8984,523,1.6871
59.9027,525,1.6935
59.9070,528,1.7032
59.9113,530,1.7097
59.9156,531,1.7129
59.9199,530,1.7097
59.9242,530,1.7097
59.9285,529,1.7065
59.9328,526,1.6968
59.9371,525,1.6935
59.9414,522,1.6839
59.9457,519,1.6742
59.9501,514,1.6581
59.9544,510,1.6452
59.9587,508,1.6387
59.9629,508,1.6387
59.9672,508,1.6387
59.9715,507,1.6355
59.9759,506,1.6323
59.9802,506,1.6323
59.9845,507,1.6355
59.9888,508,1.6387
59.9931,508,1.6387
59.9974,510,1.6452
60.0017,510,1.6452
60.0060,510,1.6452
60.0103,510,1.6452
60.0146,509,1.6419
60.0189,509,1.6419
60.0232,510,1.6452
60.0275,510,1.6452
60.0318,511,1.6484
60.0361,507,1.6355
60.0404,502,1.6194
60.0447,494,1.5935
60.0490,491,1.5839
60.0536,504,1.6258
60.0581,531,1.7129
60.0626,573,1.8484
60.0671,621,2.0032
60.0718,659,2.1258
60.0764,663,2.1387
60.0808,638,2.0581
60.0851,595,1.9194
60.0894,549,1.7710
60.0937,511,1.6484
60.0980,490,1.5806
60.1023,482,1.5548
60.1066,484,1.5613
60.1109,490,1.5806
60.1151,496,1.6000
60.1195,499,1.6097
60.1238,500,1.6129
60.1281,501,1.6161
60.1324,501,1.6161
60.1366,500,1.6129
60.1410,501,1.6161
60.1453,501,1.6161
60.1495,502,1.6194
60.1538,503,1.6226
60.1581,502,1.6194
60.1625,502,1.6194
60.1667,503,1.6226
60.1710,503,1.6226
60.1753,503,1.6226
60.1797,504,1.6258
60.1840,503,1.6226
60.1883,505,1.6290
60.1927,505,1.6290
60.1970,504,1.6258
60.2013,506,1.6323
60.2056,507,1.6355
60.2099,507,1.6355
60.2142,507,1.6355
60.2185,506,1.6323
60.2228,505,1.6290
60.2271,507,1.6355
60.2314,508,1.6387
60.2357,511,1.6484
60.2400,513,1.6548
60.2443,516,1.6645
60.2486,519,1.6742
60.2529,523,1.6871
60.2572,526,1.6968
60.2615,529,1.7065
60.2659,531,1.7129
60.2702,534,1.7226
60.2745,538,1.7355
60.2788,541,1.7452
60.2832,543,1.7516
60.2875,545,1.7581
60.2917,545,1.7581
60.2960,547,1.7645
60.3003,545,1.7581
60.3046,547,1.7645
60.3089,547,1.7645
60.3132,548,1.7677
60.3175,547,1.7645
60.3218,545,1.7581
60.3261,543,1.7516
60.3304,542,1.7484
60.3347,540,1.7419
60.3390,538,1.7355
60.3433,535,1.7258
60.3476,532,1.7161
60.3519,529,1.7065
60.3562,526,1.6968
60.3605,522,1.6839
60.3648,518,1.6710
60.3691,514,1.6581
60.3735,511,1.6484
60.3778,508,1.6387
60.3821,505,1.6290
60.3864,500,1.6129
60.3907,498,1.6065
60.3950,497,1.6032
60.3993,497,1.6032
60.4036,498,1.6065
60.4079,498,1.6065
60.4122,497,1.6032
60.4165,498,1.6065
60.4208,499,1.6097
60.4252,499,1.6097
60.4296,499,1.6097
60.4340,499,1.6097
60.4384,499,1.6097
60.4428,500,1.6129
60.4471,501,1.6161
60.4514,500,1.6129
60.4557,501,1.6161
60.4600,501,1.6161
60.4643,502,1.6194
60.4687,503,1.6226
60.4730,503,1.6226
60.4774,502,1.6194
60.4819,501,1.6161
60.4862,503,1.6226
60.4905,503,1.6226
60.4947,503,1.6226
60.4990,504,1.6258
60.5033,504,1.6258
60.5076,504,1.6258
60.5118,505,1.6290
60.5161,505,1.6290
60.5205,505,1.6290
60.5248,505,1.6290
60.5291,506,1.6323
60.5334,506,1.6323
60.5376,507,1.6355
60.5419,507,1.6355
60.5461,507,1.6355
60.5504,507,1.6355
60.5547,508,1.6387
60.5589,508,1.6387
60.5633,508,1.6387
60.5676,508,1.6387
60.5719,508,1.6387
60.5762,508,1.6387
60.5804,508,1.6387
60.5847,508,1.6387
60.5893,510,1.6452
60.5936,509,1.6419
60.5978,509,1.6419
60.6021,508,1.6387
60.6064,508,1.6387
60.6106,508,1.6387
60.6149,507,1.6355
60.6191,509,1.6419
60.6234,509,1.6419
60.6277,510,1.6452
60.6319,511,1.6484
60.6362,513,1.6548
60.6405,517,1.6677
60.6447,520,1.6774
60.6489,524,1.6903
60.6532,528,1.7032
60.6575,529,1.7065
60.6618,531,1.7129
60.6660,530,1.7097
60.6703,531,1.7129
60.6745,530,1.7097
60.6789,529,1.7065
60.6832,525,1.6935
60.6875,523,1.6871
60.6918,519,1.6742
60.6961,516,1.6645
60.7004,513,1.6548
60.7046,508,1.6387
60.7089,507,1.6355
60.7133,506,1.6323
60.7175,508,1.6387
60.7218,508,1.6387
60.7275,508,1.6387
60.7334,509,1.6419
60.7377,509,1.6419
60.7421,510,1.6452
60.7464,510,1.6452
60.7506,511,1.6484
60.7550,511,1.6484
60.7593,510,1.6452
60.7636,510,1.6452
60.7679,510,1.6452
60.7721,511,1.6484
60.7764,511,1.6484
60.7808,511,1.6484
60.7850,509,1.6419
60.7892,502,1.6194
60.7935,495,1.5968
60.7978,488,1.5742
60.8020,494,1.5935
60.8063,515,1.6613
60.8106,551,1.7774
60.8149,597,1.9258
60.8191,638,2.0581
60.8234,665,2.1452
60.8277,658,2.1226
60.8319,625,2.0161
60.8362,583,1.8806
60.8405,537,1.7323
60.8447,505,1.6290
60.8490,488,1.5742
60.8533,483,1.5581
60.8575,485,1.5645
60.8618,493,1.5903
60.8660,499,1.6097
60.8703,501,1.6161
60.8745,502,1.6194
60.8789,501,1.6161
60.8832,500,1.6129
60.8874,501,1.6161
60.8917,501,1.6161
60.8960,502,1.6194
60.9003,502,1.6194
60.9046,503,1.6226
60.9089,503,1.6226
60.9132,503,1.6226
60.9175,503,1.6226
60.9218,504,1.6258
60.9261,503,1.6226
60.9304,505,1.6290
60.9347,505,1.6290
60.9390,504,1.6258
60.9433,504,1.6258
60.9475,504,1.6258
60.9518,505,1.6290
60.9561,505,1.6290
60.9604,505,1.6290
60.9647,504,1.6258
60.9690,506,1.6323
60.9733,507,1.6355
60.9776,507,1.6355
60.9820,507,1.6355
60.9862,508,1.6387
60.9905,510,1.6452
60.9948,514,1.6581
60.9991,518,1.6710
61.0034,520,1.6774
61.0077,523,1.6871
61.0120,525,1.6935
61.0163,529,1.7065
61.0206,533,1.7194
61.0249,536,1.7290
61.0292,538,1.7355
61.0335,541,1.7452
61.0378,543,1.7516
61.0421,544,1.7548
61.0464,545,1.7581
61.0507,544,1.7548
61.0550,545,1.7581
61.0592,545,1.7581
61.0636,545,1.7581
61.0678,543,1.7516
61.0721,542,1.7484
61.0764,540,1.7419
61.0808,538,1.7355
61.0851,537,1.7323
61.0893,534,1.7226
61.0936,531,1.7129
61.0979,529,1.7065
61.1022,526,1.6968
61.1065,521,1.6806
61.1108,517,1.6677
61.1150,514,1.6581
61.1193,509,1.6419
61.1236,506,1.6323
61.1279,504,1.6258
61.1322,501,1.6161
61.1365,498,1.6065
61.1408,496,1.6000
61.1451,497,1.6032
61.1494,497,1.6032
61.1537,497,1.6032
61.1579,497,1.6032
61.1622,497,1.6032
61.1665,498,1.6065
61.1708,499,1.6097
61.1752,500,1.6129
61.1794,500,1.6129
61.1838,501,1.6161
61.1881,501,1.6161
61.1924,502,1.6194
61.1966,501,1.6161
61.2009,501,1.6161
61.2052,501,1.6161
61.2095,502,1.6194
61.2138,502,1.6194
61.2181,502,1.6194
61.2224,502,1.6194
61.2267,502,1.6194
61.2310,504,1.6258
61.2353,504,1.6258
61.2395,504,1.6258
61.2439,504,1.6258
61.2481,503,1.6226
61.2524,504,1.6258
61.2567,504,1.6258
61.2610,503,1.6226
61.2653,502,1.6194
61.2696,502,1.6194
61.2739,503,1.6226
61.2782,504,1.6258
61.2825,504,1.6258
61.2868,505,1.6290
61.2911,506,1.6323
61.2954,507,1.6355
61.2997,507,1.6355
61.3039,507,1.6355
61.3082,507,1.6355
61.3126,507,1.6355
61.3168,508,1.6387
61.3211,508,1.6387
61.3254,508,1.6387
61.3298,508,1.6387
61.3361,509,1.6419
61.3405,509,1.6419
61.3448,509,1.6419
61.3492,509,1.6419
61.3535,510,1.6452
61.3577,510,1.6452
61.3620,510,1.6452
61.3663,511,1.6484
61.3706,511,1.6484
61.3749,511,1.6484
61.3792,511,1.6484
61.3834,512,1.6516
61.3877,516,1.6645
61.3921,520,1.6774
61.3963,524,1.6903
61.4006,528,1.7032
61.4049,531,1.7129
61.4092,533,1.7194
61.4135,534,1.7226
61.4178,533,1.7194
61.4221,532,1.7161
61.4264,531,1.7129
61.4307,529,1.7065
61.4350,527,1.7000
61.4393,524,1.6903
61.4436,520,1.6774
61.4479,516,1.6645
61.4522,511,1.6484
61.4565,508,1.6387
61.4608,507,1.6355
61.4651,508,1.6387
61.4694,509,1.6419
61.4739,508,1.6387
61.4783,509,1.6419
61.4826,509,1.6419
61.4869,510,1.6452
61.4912,509,1.6419
61.4955,509,1.6419
61.4998,509,1.6419
61.5041,510,1.6452
61.5084,510,1.6452
61.5127,511,1.6484
61.5170,511,1.6484
61.5213,511,1.6484
61.5256,511,1.6484
61.5299,512,1.6516
61.5343,511,1.6484
61.5386,506,1.6323
61.5429,498,1.6065
61.5472,490,1.5806
61.5515,495,1.5968
61.5558,514,1.6581
61.5601,548,1.7677
61.5645,591,1.9065
61.5688,634,2.0452
61.5731,662,2.1355
61.5774,657,2.1194
61.5817,630,2.0323
61.5860,586,1.8903
61.5903,539,1.7387
61.5947,504,1.6258
61.5990,487,1.5710
61.6033,483,1.5581
61.6075,487,1.5710
61.6119,493,1.5903
61.6161,498,1.6065
61.6204,501,1.6161
61.6247,501,1.6161
61.6291,501,1.6161
61.6335,501,1.6161
61.6380,502,1.6194
61.6424,502,1.6194
61.6467,503,1.6226
61.6510,503,1.6226
61.6553,503,1.6226
61.6596,503,1.6226
61.6639,503,1.6226
61.6683,503,1.6226
61.6726,504,1.6258
61.6768,503,1.6226
61.6812,503,1.6226
61.6855,504,1.6258
61.6898,504,1.6258
61.6940,504,1.6258
61.6983,504,1.6258
61.7026,504,1.6258
61.7069,504,1.6258
61.7111,505,1.6290
61.7154,505,1.6290
61.7197,506,1.6323
61.7240,505,1.6290
61.7282,506,1.6323
61.7325,507,1.6355
61.7368,507,1.6355
61.7411,510,1.6452
61.7454,514,1.6581
61.7496,518,1.6710
61.7539,522,1.6839
61.7581,525,1.6935
61.7624,527,1.7000
61.7667,531,1.7129
61.7710,534,1.7226
61.7752,537,1.7323
61.7795,539,1.7387
61.7838,540,1.7419
61.7881,543,1.7516
61.7924,545,1.7581
61.7967,546,1.7613
61.8010,548,1.7677
61.8053,547,1.7645
61.8096,547,1.7645
61.8139,548,1.7677
61.8182,546,1.7613
61.8226,545,1.7581
61.8269,542,1.7484
61.8312,540,1.7419
61.8355,540,1.7419
61.8398,537,1.7323
61.8441,533,1.7194
61.8484,527,1.7000
61.8527,524,1.6903
61.8570,522,1.6839
61.8613,518,1.6710
61.8656,513,1.6548
61.8699,511,1.6484
61.8743,508,1.6387
61.8787,505,1.6290
61.8830,501,1.6161
61.8873,499,1.6097
61.8916,498,1.6065
61.8960,497,1.6032
61.9003,497,1.6032
61.9046,497,1.6032
61.9089,497,1.6032
61.9133,498,1.6065
61.9175,498,1.6065
61.9218,498,1.6065
61.9261,498,1.6065
61.9304,500,1.6129
61.9347,500,1.6129
61.9391,501,1.6161
61.9434,502,1.6194
61.9477,501,1.6161
61.9520,502,1.6194
61.9563,502,1.6194
61.9606,502,1.6194
61.9649,502,1.6194
61.9692,502,1.6194
61.9735,502,1.6194
61.9778,503,1.6226
61.9821,504,1.6258
61.9864,504,1.6258
61.9907,504,1.6258
61.9950,503,1.6226
61.9993,503,1.6226
62.0036,503,1.6226
62.0079,504,1.6258
62.0122,504,1.6258
62.0165,504,1.6258
62.0208,505,1.6290
62.0251,505,1.6290
62.0294,506,1.6323
62.0337,507,1.6355
62.0380,506,1.6323
62.0423,506,1.6323
62.0466,505,1.6290
62.0509,506,1.6323
62.0552,506,1.6323
62.0595,507,1.6355
62.0638,507,1.6355
62.0681,506,1.6323
62.0724,507,1.6355
62.0767,508,1.6387
62.0810,507,1.6355
62.0853,508,1.6387
62.0897,508,1.6387
62.0940,509,1.6419
62.0983,510,1.6452
62.1025,510,1.6452
62.1069,510,1.6452
62.1112,511,1.6484
62.1155,512,1.6516
62.1198,510,1.6452
62.1241,512,1.6516
62.1284,512,1.6516
62.1327,512,1.6516
62.1370,514,1.6581
62.1413,518,1.6710
62.1456,521,1.6806
62.1499,523,1.6871
62.1542,527,1.7000
62.1585,530,1.7097
62.1629,532,1.7161
62.1672,531,1.7129
62.1715,532,1.7161
62.1758,531,1.7129
62.1801,528,1.7032
62.1844,526,1.6968
62.1887,524,1.6903
62.1931,521,1.6806
62.1974,516,1.6645
62.2017,512,1.6516
62.2060,509,1.6419
62.2103,507,1.6355
62.2146,508,1.6387
62.2189,508,1.6387
62.2232,508,1.6387
62.2275,509,1.6419
62.2320,508,1.6387
62.2364,508,1.6387
62.2409,508,1.6387
62.2452,508,1.6387
62.2495,509,1.6419
62.2539,510,1.6452
62.2581,510,1.6452
62.2624,509,1.6419
62.2667,509,1.6419
62.2710,510,1.6452
62.2753,508,1.6387
62.2796,509,1.6419
62.2839,509,1.6419
62.2882,505,1.6290
62.2925,497,1.6032
62.2968,490,1.5806
62.3011,492,1.5871
62.3053,510,1.6452
62.3096,543,1.7516
62.3139,583,1.8806
62.3181,629,2.0290
62.3224,660,2.1290
62.3267,663,2.1387
62.3310,638,2.0581
62.3352,598,1.9290
62.3395,550,1.7742
62.3438,513,1.6548
62.3480,492,1.5871
62.3523,484,1.5613
62.3571,485,1.5645
62.3614,491,1.5839
62.3657,497,1.6032
62.3699,499,1.6097
62.3742,501,1.6161
62.3785,501,1.6161
62.3828,500,1.6129
62.3871,502,1.6194
62.3913,502,1.6194
62.3956,503,1.6226
62.3999,504,1.6258
62.4042,503,1.6226
62.4085,503,1.6226
62.4128,503,1.6226
62.4171,503,1.6226
62.4214,504,1.6258
62.4257,504,1.6258
62.4300,505,1.6290
62.4343,505,1.6290
62.4386,504,1.6258
62.4429,504,1.6258
62.4472,505,1.6290
62.4515,506,1.6323
62.4558,507,1.6355
62.4601,506,1.6323
62.4645,506,1.6323
62.4688,507,1.6355
62.4730,506,1.6323
62.4773,507,1.6355
62.4817,508,1.6387
62.4860,510,1.6452
62.4903,512,1.6516
62.4946,514,1.6581
62.4989,518,1.6710
62.5032,522,1.6839
62.5075,525,1.6935
62.5118,527,1.7000
62.5161,530,1.7097
62.5204,534,1.7226
62.5247,536,1.7290
62.5290,538,1.7355
62.5335,540,1.7419
62.5378,542,1.7484
62.5422,544,1.7548
62.5466,546,1.7613
62.5509,547,1.7645
62.5552,547,1.7645
62.5595,547,1.7645
62.5638,547,1.7645
62.5681,545,1.7581
62.5724,545,1.7581
62.5767,543,1.7516
62.5810,540,1.7419
62.5854,537,1.7323
62.5898,535,1.7258
62.5940,532,1.7161
62.5983,530,1.7097
62.6026,528,1.7032
62.6069,524,1.6903
62.6111,520,1.6774
62.6154,515,1.6613
62.6196,512,1.6516
62.6239,508,1.6387
62.6282,506,1.6323
62.6324,503,1.6226
62.6367,500,1.6129
62.6410,498,1.6065
62.6452,496,1.6000
62.6495,497,1.6032
62.6538,497,1.6032
62.6580,498,1.6065
62.6623,499,1.6097
62.6666,499,1.6097
62.6708,499,1.6097
62.6751,499,1.6097
62.6794,499,1.6097
62.6837,499,1.6097
62.6879,500,1.6129
62.6922,500,1.6129
62.6965,500,1.6129
62.7008,500,1.6129
62.7051,501,1.6161
62.7094,501,1.6161
62.7137,501,1.6161
62.7180,501,1.6161
62.7223,502,1.6194
62.7266,502,1.6194
62.7309,502,1.6194
62.7351,504,1.6258
62.7394,504,1.6258
62.7438,505,1.6290
62.7481,504,1.6258
62.7524,505,1.6290
62.7567,506,1.6323
62.7610,504,1.6258
62.7653,505,1.6290
62.7696,505,1.6290
62.7739,505,1.6290
62.7781,506,1.6323
62.7825,506,1.6323
62.7867,507,1.6355
62.7910,507,1.6355
62.7953,508,1.6387
62.7996,508,1.6387
62.8039,508,1.6387
62.8082,508,1.6387
62.8125,507,1.6355
62.8168,507,1.6355
62.8211,508,1.6387
62.8254,508,1.6387
62.8297,508,1.6387
62.8340,508,1.6387
62.8383,509,1.6419
62.8426,509,1.6419
62.8469,510,1.6452
62.8512,509,1.6419
62.8555,510,1.6452
62.8598,509,1.6419
62.8641,509,1.6419
62.8684,509,1.6419
62.8727,510,1.6452
62.8770,510,1.6452
62.8813,510,1.6452
62.8856,512,1.6516
62.8899,516,1.6645
62.8941,520,1.6774
62.8984,524,1.6903
62.9027,526,1.6968
62.9070,529,1.7065
62.9114,531,1.7129
62.9157,531,1.7129
62.9199,531,1.7129
62.9242,530,1.7097
62.9285,530,1.7097
62.9328,528,1.7032
62.9371,526,1.6968
62.9414,521,1.6806
62.9457,519,1.6742
62.9500,517,1.6677
62.9543,512,1.6516
62.9586,508,1.6387
62.9630,508,1.6387
62.9673,508,1.6387
62.9716,509,1.6419
62.9759,509,1.6419
62.9802,508,1.6387
62.9845,509,1.6419
62.9888,509,1.6419
62.9931,509,1.6419
62.9975,508,1.6387
63.0017,507,1.6355
63.0061,508,1.6387
63.0104,508,1.6387
63.0147,510,1.6452
63.0189,510,1.6452
63.0232,510,1.6452
63.0275,511,1.6484
63.0318,510,1.6452
63.0361,509,1.6419
63.0404,502,1.6194
63.0447,493,1.5903
63.0490,490,1.5806
63.0533,501,1.6161
63.0576,524,1.6903
63.0619,561,1.8097
63.0662,607,1.9581
63.0705,649,2.0935
63.0749,668,2.1548
63.0792,651,2.1000
63.0835,616,1.9871
63.0878,568,1.8323
63.0921,522,1.6839
63.0964,496,1.6000
63.1007,486,1.5677
63.1050,485,1.5645
63.1093,489,1.5774
63.1136,495,1.5968
63.1179,499,1.6097
63.1222,499,1.6097
63.1265,499,1.6097
63.1309,500,1.6129
63.1355,500,1.6129
63.1399,501,1.6161
63.1443,502,1.6194
63.1487,503,1.6226
63.1531,503,1.6226
63.1574,503,1.6226
63.1617,503,1.6226
63.1660,502,1.6194
63.1703,501,1.6161
63.1746,503,1.6226
63.1790,504,1.6258
63.1832,503,1.6226
63.1875,504,1.6258
63.1918,505,1.6290
63.1963,505,1.6290
63.2005,504,1.6258
63.2048,504,1.6258
63.2091,504,1.6258
63.2133,505,1.6290
63.2176,504,1.6258
63.2219,505,1.6290
63.2261,507,1.6355
63.2304,506,1.6323
63.2346,508,1.6387
63.2389,509,1.6419
63.2432,512,1.6516
63.2475,515,1.6613
63.2517,519,1.6742
63.2560,523,1.6871
63.2602,526,1.6968
63.2645,529,1.7065
63.2688,533,1.7194
63.2730,536,1.7290
63.2773,538,1.7355
63.2816,540,1.7419
63.2859,543,1.7516
63.2902,545,1.7581
63.2944,545,1.7581
63.2987,545,1.7581
63.3031,546,1.7613
63.3074,546,1.7613
63.3116,548,1.7677
63.3160,547,1.7645
63.3203,545,1.7581
63.3246,544,1.7548
63.3289,542,1.7484
63.3332,541,1.7452
63.3375,538,1.7355
63.3418,535,1.7258
63.3461,533,1.7194
63.3504,529,1.7065
63.3547,526,1.6968
63.3590,521,1.6806
63.3633,517,1.6677
63.3676,514,1.6581
63.3719,511,1.6484
63.3762,508,1.6387
63.3805,503,1.6226
63.3848,501,1.6161
63.3891,498,1.6065
63.3934,496,1.6000
63.3977,496,1.6000
63.4021,496,1.6000
63.4064,497,1.6032
63.4107,498,1.6065
63.4150,499,1.6097
63.4193,499,1.6097
63.4236,499,1.6097
63.4279,499,1.6097
63.4322,500,1.6129
63.4366,501,1.6161
63.4410,501,1.6161
63.4454,502,1.6194
63.4497,502,1.6194
63.4540,503,1.6226
63.4583,504,1.6258
63.4626,504,1.6258
63.4669,504,1.6258
63.4712,504,1.6258
63.4755,504,1.6258
63.4798,504,1.6258
63.4841,504,1.6258
63.4884,503,1.6226
63.4927,504,1.6258
63.4970,504,1.6258
63.5013,504,1.6258
63.5056,505,1.6290
63.5099,504,1.6258
63.5141,505,1.6290
63.5184,506,1.6323
63.5227,506,1.6323
63.5269,504,1.6258
63.5312,506,1.6323
63.5355,506,1.6323
63.5397,507,1.6355
63.5440,506,1.6323
63.5482,507,1.6355
63.5525,507,1.6355
63.5568,506,1.6323
63.5610,507,1.6355
63.5653,506,1.6323
63.5695,507,1.6355
63.5738,508,1.6387
63.5782,508,1.6387
63.5824,508,1.6387
63.5867,507,1.6355
63.5910,508,1.6387
63.5952,508,1.6387
63.5995,509,1.6419
63.6038,510,1.6452
63.6081,510,1.6452
63.6124,511,1.6484
63.6167,510,1.6452
63.6210,510,1.6452
63.6253,512,1.6516
63.6296,512,1.6516
63.6339,513,1.6548
63.6382,518,1.6710
63.6424,521,1.6806
63.6467,524,1.6903
63.6510,527,1.7000
63.6553,531,1.7129
63.6596,532,1.7161
63.6639,533,1.7194
63.6682,532,1.7161
63.6725,532,1.7161
63.6768,531,1.7129
63.6811,530,1.7097
63.6854,527,1.7000
63.6897,523,1.6871
63.6940,521,1.6806
63.6983,517,1.6677
63.7026,512,1.6516
63.7069,510,1.6452
63.7112,509,1.6419
63.7155,509,1.6419
63.7198,508,1.6387
63.7241,507,1.6355
63.7284,508,1.6387
63.7327,509,1.6419
63.7370,508,1.6387
63.7412,507,1.6355
63.7456,507,1.6355
63.7499,508,1.6387
63.7542,509,1.6419
63.7584,509,1.6419
63.7627,509,1.6419
63.7671,510,1.6452
63.7714,510,1.6452
63.7757,510,1.6452
63.7800,510,1.6452
63.7843,510,1.6452
63.7886,505,1.6290
63.7929,498,1.6065
63.7972,491,1.5839
63.8015,493,1.5903
63.8059,513,1.6548
63.8102,546,1.7613
63.8145,589,1.9000
63.8188,634,2.0452
63.8231,664,2.1419
63.8274,662,2.1355
63.8317,632,2.0387
63.8360,589,1.9000
63.8403,543,1.7516
63.8446,508,1.6387
63.8489,490,1.5806
63.8532,484,1.5613
63.8575,486,1.5677
63.8618,491,1.5839
63.8661,496,1.6000
63.8704,499,1.6097
63.8747,499,1.6097
63.8790,500,1.6129
63.8833,500,1.6129
63.8876,499,1.6097
63.8919,499,1.6097
63.8962,499,1.6097
63.9005,501,1.6161
63.9048,502,1.6194
63.9091,502,1.6194
63.9134,502,1.6194
63.9177,503,1.6226
63.9220,504,1.6258
63.9263,505,1.6290
63.9306,506,1.6323
63.9349,505,1.6290
63.9392,505,1.6290
63.9435,505,1.6290
63.9478,505,1.6290
63.9521,505,1.6290
63.9564,505,1.6290
63.9607,504,1.6258
63.9650,503,1.6226
63.9693,504,1.6258
63.9735,505,1.6290
63.9778,505,1.6290
63.9822,506,1.6323
63.9865,506,1.6323
63.9907,510,1.6452
63.9951,515,1.6613
63.9994,519,1.6742
64.0037,521,1.6806
64.0080,524,1.6903
64.0123,528,1.7032
64.0166,530,1.7097
64.0209,534,1.7226
64.0252,536,1.7290
64.0295,540,1.7419
64.0340,543,1.7516
64.0383,545,1.7581
64.0428,545,1.7581
64.0471,546,1.7613
64.0514,547,1.7645
64.0557,548,1.7677
64.0600,548,1.7677
64.0643,547,1.7645
64.0685,546,1.7613
64.0728,544,1.7548
64.0772,543,1.7516
64.0815,540,1.7419
64.0858,538,1.7355
64.0901,535,1.7258
64.0944,532,1.7161
64.0987,531,1.7129
64.1030,527,1.7000
64.1073,524,1.6903
64.1115,519,1.6742
64.1158,515,1.6613
64.1207,511,1.6484
64.1251,508,1.6387
64.1294,505,1.6290
64.1337,503,1.6226
64.1379,499,1.6097
64.1422,497,1.6032
64.1465,496,1.6000
64.1508,496,1.6000
64.1550,496,1.6000
64.1592,497,1.6032
64.1635,499,1.6097
64.1678,499,1.6097
64.1720,500,1.6129
64.1763,500,1.6129
64.1806,501,1.6161
64.1849,500,1.6129
64.1891,501,1.6161
64.1934,501,1.6161
64.1977,501,1.6161
64.2019,501,1.6161
64.2063,502,1.6194
64.2106,501,1.6161
64.2149,502,1.6194
64.2192,502,1.6194
64.2235,502,1.6194
64.2278,502,1.6194
64.2321,502,1.6194
64.2363,504,1.6258
64.2406,504,1.6258
64.2449,504,1.6258
64.2492,503,1.6226
64.2535,504,1.6258
64.2578,505,1.6290
64.2621,505,1.6290
64.2664,504,1.6258
64.2707,506,1.6323
64.2750,505,1.6290
64.2794,505,1.6290
64.2837,506,1.6323
64.2880,506,1.6323
64.2923,506,1.6323
64.2966,506,1.6323
64.3009,506,1.6323
64.3051,505,1.6290
64.3095,506,1.6323
64.3138,506,1.6323
64.3181,507,1.6355
64.3224,507,1.6355
64.3267,507,1.6355
64.3310,507,1.6355
64.3354,507,1.6355
64.3398,508,1.6387
64.3442,503,1.6226
64.3485,509,1.6419
64.3528,510,1.6452
64.3572,509,1.6419
64.3614,509,1.6419
64.3657,509,1.6419
64.3700,509,1.6419
64.3744,510,1.6452
64.3788,509,1.6419
64.3831,512,1.6516
64.3874,515,1.6613
64.3917,519,1.6742
64.3960,522,1.6839
64.4003,526,1.6968
64.4046,528,1.7032
64.4089,529,1.7065
64.4132,532,1.7161
64.4175,532,1.7161
64.4217,532,1.7161
64.4260,532,1.7161
64.4303,530,1.7097
64.4345,527,1.7000
64.4388,524,1.6903
64.4431,520,1.6774
64.4473,516,1.6645
64.4516,512,1.6516
64.4560,509,1.6419
64.4602,508,1.6387
64.4645,507,1.6355
64.4687,508,1.6387
64.4730,507,1.6355
64.4773,509,1.6419
64.4816,509,1.6419
64.4859,509,1.6419
64.4901,510,1.6452
64.4944,510,1.6452
64.4987,509,1.6419
64.5029,509,1.6419
64.5072,511,1.6484
64.5115,512,1.6516
64.5158,512,1.6516
64.5201,512,1.6516
64.5244,513,1.6548
64.5287,512,1.6516
64.5330,511,1.6484
64.5373,508,1.6387
64.5416,502,1.6194
64.5459,494,1.5935
64.5502,494,1.5935
64.5545,508,1.6387
64.5588,537,1.7323
64.5631,577,1.8613
64.5674,621,2.0032
64.5717,656,2.1161
64.5760,665,2.1452
64.5804,645,2.0806
64.5847,605,1.9516
64.5889,558,1.8000
64.5933,517,1.6677
64.5975,494,1.5935
64.6019,484,1.5613
64.6062,484,1.5613
64.6105,490,1.5806
64.6148,495,1.5968
64.6191,499,1.6097
64.6234,500,1.6129
64.6277,501,1.6161
64.6320,501,1.6161
64.6363,501,1.6161
64.6406,500,1.6129
64.6449,501,1.6161
64.6492,501,1.6161
64.6535,501,1.6161
64.6578,502,1.6194
64.6621,502,1.6194
64.6664,503,1.6226
64.6707,504,1.6258
64.6750,504,1.6258
64.6793,503,1.6226
64.6836,504,1.6258
64.6878,504,1.6258
64.6921,505,1.6290
64.6964,504,1.6258
64.7007,505,1.6290
64.7050,504,1.6258
64.7093,504,1.6258
64.7137,504,1.6258
64.7179,505,1.6290
64.7222,504,1.6258
64.7266,505,1.6290
64.7308,506,1.6323
64.7351,506,1.6323
64.7394,508,1.6387
64.7437,510,1.6452
64.7480,514,1.6581
64.7523,518,1.6710
64.7566,521,1.6806
64.7609,527,1.7000
64.7652,529,1.7065
64.7695,532,1.7161
64.7738,536,1.7290
64.7783,539,1.7387
64.7826,541,1.7452
64.7869,544,1.7548
64.7912,545,1.7581
64.7955,544,1.7548
64.7998,546,1.7613
64.8041,546,1.7613
64.8083,546,1.7613
64.8126,546,1.7613
64.8170,545,1.7581
64.8212,542,1.7484
64.8255,541,1.7452
64.8298,539,1.7387
64.8341,537,1.7323
64.8384,535,1.7258
64.8427,531,1.7129
64.8470,528,1.7032
64.8513,525,1.6935
64.8556,522,1.6839
64.8599,519,1.6742
64.8642,516,1.6645
64.8685,513,1.6548
64.8728,508,1.6387
64.8771,506,1.6323
64.8814,503,1.6226
64.8857,499,1.6097
64.8901,497,1.6032
64.8943,497,1.6032
64.8986,496,1.6000
64.9029,496,1.6000
64.9072,496,1.6000
64.9115,497,1.6032
64.9158,497,1.6032
64.9201,498,1.6065
64.9244,499,1.6097
64.9287,499,1.6097
64.9331,499,1.6097
64.9375,499,1.6097
64.9419,499,1.6097
64.9462,500,1.6129
64.9505,501,1.6161
64.9548,501,1.6161
64.9591,502,1.6194
64.9634,502,1.6194
64.9677,503,1.6226
64.9720,503,1.6226
64.9762,503,1.6226
64.9806,503,1.6226
64.9851,502,1.6194
64.9894,502,1.6194
64.9937,502,1.6194
64.9979,503,1.6226
65.0022,504,1.6258
65.0065,503,1.6226
65.0108,503,1.6226
65.0151,503,1.6226
65.0194,505,1.6290
65.0237,505,1.6290
65.0279,505,1.6290
65.0322,504,1.6258
65.0364,504,1.6258
65.0407,505,1.6290
65.0450,505,1.6290
65.0493,506,1.6323
65.0536,506,1.6323
65.0580,507,1.6355
65.0624,508,1.6387
65.0669,509,1.6419
65.0713,510,1.6452
65.0760,510,1.6452
65.0806,510,1.6452
65.0850,510,1.6452
65.0893,509,1.6419
65.0935,508,1.6387
65.0978,508,1.6387
65.1020,508,1.6387
65.1063,508,1.6387
65.1106,508,1.6387
65.1149,509,1.6419
65.1192,510,1.6452
65.1235,509,1.6419
65.1277,509,1.6419
65.1320,510,1.6452
65.1362,513,1.6548
65.1404,517,1.6677
65.1447,521,1.6806
65.1489,525,1.6935
65.1531,528,1.7032
65.1574,530,1.7097
65.1616,530,1.7097
65.1659,531,1.7129
65.1701,531,1.7129
65.1744,531,1.7129
65.1787,529,1.7065
65.1829,527,1.7000
65.1872,524,1.6903
65.1914,521,1.6806
65.1957,518,1.6710
65.1999,513,1.6548
65.2041,510,1.6452
65.2084,508,1.6387
65.2126,508,1.6387
65.2170,507,1.6355
65.2212,508,1.6387
65.2255,508,1.6387
65.2301,508,1.6387
65.2345,509,1.6419
65.2389,509,1.6419
65.2433,510,1.6452
65.2476,511,1.6484
65.2519,511,1.6484
65.2562,512,1.6516
65.2605,511,1.6484
65.2648,511,1.6484
65.2692,512,1.6516
65.2735,512,1.6516
65.2778,512,1.6516
65.2821,512,1.6516
65.2864,510,1.6452
65.2907,504,1.6258
65.2950,496,1.6000
65.2993,492,1.5871
65.3036,503,1.6226
65.3079,528,1.7032
65.3122,564,1.8194
65.3165,610,1.9677
65.3208,650,2.0968
65.3251,668,2.1548
65.3293,652,2.1032
65.3336,616,1.9871
65.3379,570,1.8387
65.3422,526,1.6968
65.3464,499,1.6097
65.3507,486,1.5677
65.3549,484,1.5613
65.3592,488,1.5742
65.3634,494,1.5935
65.3677,499,1.6097
65.3720,502,1.6194
65.3763,502,1.6194
65.3806,503,1.6226
65.3848,502,1.6194
65.3891,502,1.6194
65.3934,502,1.6194
65.3976,501,1.6161
65.4019,501,1.6161
65.4061,502,1.6194
65.4104,503,1.6226
65.4147,503,1.6226
65.4189,504,1.6258
65.4232,505,1.6290
65.4275,505,1.6290
65.4318,505,1.6290
65.4361,507,1.6355
65.4404,507,1.6355
65.4447,506,1.6323
65.4490,505,1.6290
65.4533,506,1.6323
65.4576,507,1.6355
65.4619,506,1.6323
65.4662,506,1.6323
65.4705,507,1.6355
65.4748,507,1.6355
65.4791,507,1.6355
65.4835,508,1.6387
65.4877,509,1.6419
65.4920,512,1.6516
65.4964,516,1.6645
65.5006,520,1.6774
65.5049,523,1.6871
65.5092,526,1.6968
65.5135,529,1.7065
65.5178,532,1.7161
65.5221,535,1.7258
65.5264,538,1.7355
65.5307,540,1.7419
65.5350,543,1.7516
65.5392,544,1.7548
65.5435,545,1.7581
65.5477,546,1.7613
65.5520,546,1.7613
65.5563,546,1.7613
65.5605,547,1.7645
65.5648,546,1.7613
65.5691,544,1.7548
65.5734,543,1.7516
65.5776,542,1.7484
65.5819,541,1.7452
65.5862,539,1.7387
65.5904,536,1.7290
65.5947,533,1.7194
65.5990,529,1.7065
65.6032,525,1.6935
65.6075,521,1.6806
65.6117,518,1.6710
65.6160,515,1.6613
65.6202,512,1.6516
65.6245,509,1.6419
65.6288,506,1.6323
65.6331,502,1.6194
65.6374,499,1.6097
65.6417,498,1.6065
65.6460,496,1.6000
65.6503,496,1.6000
65.6546,497,1.6032
65.6589,497,1.6032
65.6632,498,1.6065
65.6675,499,1.6097
65.6718,500,1.6129
65.6761,500,1.6129
65.6804,499,1.6097
65.6847,499,1.6097
65.6890,499,1.6097
65.6933,499,1.6097
65.6976,500,1.6129
65.7019,500,1.6129
65.7062,501,1.6161
65.7105,500,1.6129
65.7148,500,1.6129
65.7191,501,1.6161
65.7234,500,1.6129
65.7277,500,1.6129
65.7320,501,1.6161
65.7363,501,1.6161
65.7406,503,1.6226
65.7449,503,1.6226
65.7492,503,1.6226
65.7535,503,1.6226
65.7578,504,1.6258
65.7621,504,1.6258
65.7664,504,1.6258
65.7707,503,1.6226
65.7750,504,1.6258
65.7793,505,1.6290
65.7836,505,1.6290
65.7879,505,1.6290
65.7922,505,1.6290
65.7965,505,1.6290
65.8008,506,1.6323
65.8051,506,1.6323
65.8094,507,1.6355
65.8137,508,1.6387
65.8180,509,1.6419
65.8222,509,1.6419
65.8266,510,1.6452
65.8309,509,1.6419
65.8353,509,1.6419
65.8397,509,1.6419
65.8441,509,1.6419
65.8484,510,1.6452
65.8528,511,1.6484
65.8571,512,1.6516
65.8614,513,1.6548
65.8657,512,1.6516
65.8699,512,1.6516
65.8742,511,1.6484
65.8788,511,1.6484
65.8837,513,1.6548
65.8881,516,1.6645
65.8924,520,1.6774
65.8967,523,1.6871
65.9010,527,1.7000
65.9053,529,1.7065
65.9096,529,1.7065
65.9139,531,1.7129
65.9182,530,1.7097
65.9225,530,1.7097
65.9268,528,1.7032
65.9311,528,1.7032
65.9353,526,1.6968
65.9396,524,1.6903
65.9439,521,1.6806
65.9481,516,1.6645
65.9524,513,1.6548
65.9567,509,1.6419
65.9609,507,1.6355
65.9652,507,1.6355
65.9695,507,1.6355
65.9738,508,1.6387
65.9782,508,1.6387
65.9825,508,1.6387
65.9868,507,1.6355
65.9910,507,1.6355
65.9953,506,1.6323
65.9996,509,1.6419
66.0039,509,1.6419
66.0081,508,1.6387
66.0124,509,1.6419
66.0166,509,1.6419
66.0209,510,1.6452
66.0252,511,1.6484
66.0294,511,1.6484
66.0337,511,1.6484
66.0381,505,1.6290
66.0423,497,1.6032
66.0466,490,1.5806
66.0509,491,1.5839
66.0552,507,1.6355
66.0596,540,1.7419
66.0640,581,1.8742
66.0682,624,2.0129
66.0725,659,2.1258
66.0768,663,2.1387
66.0812,639,2.0613
66.0855,597,1.9258
66.0898,550,1.7742
66.0941,512,1.6516
66.0984,492,1.5871
66.1027,484,1.5613
66.1070,486,1.5677
66.1113,493,1.5903
66.1156,498,1.6065
66.1199,502,1.6194
66.1242,502,1.6194
66.1285,502,1.6194
66.1329,501,1.6161
66.1375,503,1.6226
66.1420,502,1.6194
66.1463,502,1.6194
66.1506,501,1.6161
66.1549,502,1.6194
66.1592,503,1.6226
66.1636,505,1.6290
66.1678,505,1.6290
66.1721,505,1.6290
66.1764,505,1.6290
66.1808,505,1.6290
66.1851,505,1.6290
66.1894,506,1.6323
66.1937,505,1.6290
66.1980,505,1.6290
66.2023,505,1.6290
66.2066,505,1.6290
66.2109,505,1.6290
66.2152,507,1.6355
66.2195,506,1.6323
66.2238,507,1.6355
66.2282,507,1.6355
66.2325,508,1.6387
66.2367,509,1.6419
66.2410,512,1.6516
66.2453,515,1.6613
66.2496,519,1.6742
66.2538,523,1.6871
66.2581,526,1.6968
66.2624,529,1.7065
66.2666,532,1.7161
66.2709,534,1.7226
66.2751,536,1.7290
66.2794,539,1.7387
66.2837,541,1.7452
66.2879,542,1.7484
66.2922,544,1.7548
66.2965,545,1.7581
66.3008,547,1.7645
66.3050,548,1.7677
66.3093,547,1.7645
66.3136,548,1.7677
66.3178,545,1.7581
66.3221,545,1.7581
66.3264,543,1.7516
66.3306,540,1.7419
66.3349,538,1.7355
66.3392,536,1.7290
66.3435,534,1.7226
66.3477,530,1.7097
66.3520,527,1.7000
66.3563,524,1.6903
66.3606,519,1.6742
66.3649,516,1.6645
66.3692,512,1.6516
66.3735,510,1.6452
66.3778,507,1.6355
66.3821,504,1.6258
66.3864,499,1.6097
66.3907,497,1.6032
66.3950,496,1.6000
66.3993,496,1.6000
66.4036,497,1.6032
66.4079,497,1.6032
66.4122,497,1.6032
66.4165,497,1.6032
66.4208,497,1.6032
66.4251,498,1.6065
66.4294,499,1.6097
66.4336,500,1.6129
66.4379,500,1.6129
66.4423,500,1.6129
66.4465,499,1.6097
66.4508,499,1.6097
66.4551,499,1.6097
66.4594,500,1.6129
66.4637,500,1.6129
66.4681,501,1.6161
66.4724,501,1.6161
66.4767,500,1.6129
66.4810,502,1.6194
66.4853,502,1.6194
66.4896,504,1.6258
66.4939,504,1.6258
66.4982,503,1.6226
66.5025,503,1.6226
66.5068,504,1.6258
66.5111,503,1.6226
66.5154,505,1.6290
66.5197,506,1.6323
66.5240,505,1.6290
66.5283,505,1.6290
66.5326,506,1.6323
66.5369,506,1.6323
66.5412,506,1.6323
66.5455,505,1.6290
66.5498,506,1.6323
66.5541,506,1.6323
66.5584,506,1.6323
66.5627,507,1.6355
66.5670,507,1.6355
66.5713,508,1.6387
66.5756,508,1.6387
66.5800,508,1.6387
66.5843,507,1.6355
66.5886,508,1.6387
66.5929,509,1.6419
66.5972,509,1.6419
66.6015,509,1.6419
66.6058,510,1.6452
66.6101,510,1.6452
66.6144,510,1.6452
66.6187,509,1.6419
66.6230,509,1.6419
66.6274,509,1.6419
66.6317,510,1.6452
66.6360,513,1.6548
66.6403,517,1.6677
66.6446,519,1.6742
66.6489,523,1.6871
66.6532,526,1.6968
66.6575,528,1.7032
66.6618,529,1.7065
66.6661,530,1.7097
66.6704,530,1.7097
66.6747,531,1.7129
66.6790,530,1.7097
66.6833,527,1.7000
66.6876,524,1.6903
66.6919,521,1.6806
66.6962,517,1.6677
66.7005,513,1.6548
66.7048,511,1.6484
66.7091,509,1.6419
66.7134,508,1.6387
66.7177,510,1.6452
66.7220,510,1.6452
66.7263,510,1.6452
66.7308,510,1.6452
66.7352,510,1.6452
66.7396,512,1.6516
66.7440,511,1.6484
66.7483,511,1.6484
66.7526,511,1.6484
66.7569,511,1.6484
66.7612,510,1.6452
66.7655,509,1.6419
66.7698,510,1.6452
66.7741,511,1.6484
66.7784,512,1.6516
66.7827,510,1.6452
66.7870,508,1.6387
66.7913,503,1.6226
66.7955,495,1.5968
66.7998,491,1.5839
66.8041,503,1.6226
66.8084,530,1.7097
66.8127,567,1.8290
66.8170,612,1.9742
66.8213,652,2.1032
66.8256,666,2.1484
66.8299,649,2.0935
66.8343,609,1.9645
66.8386,562,1.8129
66.8429,521,1.6806
66.8472,496,1.6000
66.8514,485,1.5645
66.8557,483,1.5581
66.8599,488,1.5742
66.8642,495,1.5968
66.8685,500,1.6129
66.8727,502,1.6194
66.8770,501,1.6161
66.8813,501,1.6161
66.8855,501,1.6161
66.8898,500,1.6129
66.8941,501,1.6161
66.8983,501,1.6161
66.9026,502,1.6194
66.9068,502,1.6194
66.9111,503,1.6226
66.9154,504,1.6258
66.9196,503,1.6226
66.9239,503,1.6226
66.9281,504,1.6258
66.9324,504,1.6258
66.9367,505,1.6290
66.9409,506,1.6323
66.9452,505,1.6290
66.9495,504,1.6258
66.9538,504,1.6258
66.9581,505,1.6290
66.9624,505,1.6290
66.9667,506,1.6323
66.9710,506,1.6323
66.9753,506,1.6323
66.9796,506,1.6323
66.9839,506,1.6323
66.9882,509,1.6419
66.9925,512,1.6516
66.9968,516,1.6645
67.0011,521,1.6806
67.0054,524,1.6903
67.0097,527,1.7000
67.0140,529,1.7065
67.0182,533,1.7194
67.0225,536,1.7290
67.0268,538,1.7355
67.0312,541,1.7452
67.0370,542,1.7484
67.0415,544,1.7548
67.0459,544,1.7548
67.0502,545,1.7581
67.0545,545,1.7581
67.0587,546,1.7613
67.0630,546,1.7613
67.0673,546,1.7613
67.0715,545,1.7581
67.0758,543,1.7516
67.0801,541,1.7452
67.0843,538,1.7355
67.0886,535,1.7258
67.0929,534,1.7226
67.0971,530,1.7097
67.1014,527,1.7000
67.1057,522,1.6839
67.1099,518,1.6710
67.1142,515,1.6613
67.1184,513,1.6548
67.1227,509,1.6419
67.1270,506,1.6323
67.1312,504,1.6258
67.1355,500,1.6129
67.1398,497,1.6032
67.1440,495,1.5968
67.1483,495,1.5968
67.1526,496,1.6000
67.1568,497,1.6032
67.1611,496,1.6000
67.1654,497,1.6032
67.1696,498,1.6065
67.1739,499,1.6097
67.1782,499,1.6097
67.1825,499,1.6097
67.1867,500,1.6129
67.1910,501,1.6161
67.1953,502,1.6194
67.1995,503,1.6226
67.2038,502,1.6194
67.2080,502,1.6194
67.2123,502,1.6194
67.2165,502,1.6194
67.2208,502,1.6194
67.2251,502,1.6194
67.2293,502,1.6194
67.2336,503,1.6226
67.2378,504,1.6258
67.2421,504,1.6258
67.2464,505,1.6290
67.2507,504,1.6258
67.2550,504,1.6258
67.2593,504,1.6258
67.2636,505,1.6290
67.2679,505,1.6290
67.2722,506,1.6323
67.2765,505,1.6290
67.2808,506,1.6323
67.2851,506,1.6323
67.2894,506,1.6323
67.2937,506,1.6323
67.2980,507,1.6355
67.3023,506,1.6323
67.3065,507,1.6355
67.3108,508,1.6387
67.3151,509,1.6419
67.3194,510,1.6452
67.3237,509,1.6419
67.3280,509,1.6419
67.3323,509,1.6419
67.3366,510,1.6452
67.3409,509,1.6419
67.3452,508,1.6387
67.3495,509,1.6419
67.3538,509,1.6419
67.3581,510,1.6452
67.3624,509,1.6419
67.3667,509,1.6419
67.3710,508,1.6387
67.3753,508,1.6387
67.3796,508,1.6387
67.3839,510,1.6452
67.3882,514,1.6581
67.3925,519,1.6742
67.3968,522,1.6839
67.4011,526,1.6968
67.4054,529,1.7065
67.4097,532,1.7161
67.4140,534,1.7226
67.4183,534,1.7226
67.4226,533,1.7194
67.4268,531,1.7129
67.4311,529,1.7065
67.4354,526,1.6968
67.4397,523,1.6871
67.4440,518,1.6710
67.4483,515,1.6613
67.4526,512,1.6516
67.4569,509,1.6419
67.4612,509,1.6419
67.4655,508,1.6387
67.4698,508,1.6387
67.4741,508,1.6387
67.4784,508,1.6387
67.4827,509,1.6419
67.4869,509,1.6419
67.4913,509,1.6419
67.4956,511,1.6484
67.4999,511,1.6484
67.5042,509,1.6419
67.5084,510,1.6452
67.5127,509,1.6419
67.5171,511,1.6484
67.5214,510,1.6452
67.5257,509,1.6419
67.5300,509,1.6419
67.5343,510,1.6452
67.5386,506,1.6323
67.5429,498,1.6065
67.5472,491,1.5839
67.5515,493,1.5903
67.5558,511,1.6484
67.5601,544,1.7548
67.5644,586,1.8903
67.5687,631,2.0355
67.5730,663,2.1387
67.5773,663,2.1387
67.5817,634,2.0452
67.5860,591,1.9065
67.5903,546,1.7613
67.5946,511,1.6484
67.5989,492,1.5871
67.6032,484,1.5613
67.6075,486,1.5677
67.6118,493,1.5903
67.6161,497,1.6032
67.6204,500,1.6129
67.6247,500,1.6129
67.6290,501,1.6161
67.6333,501,1.6161
67.6414,502,1.6194
67.6458,503,1.6226
67.6505,504,1.6258
67.6549,504,1.6258
67.6591,504,1.6258
67.6634,503,1.6226
67.6676,503,1.6226
67.6719,503,1.6226
67.6762,505,1.6290
67.6804,506,1.6323
67.6847,505,1.6290
67.6889,505,1.6290
67.6932,504,1.6258
67.6975,506,1.6323
67.7017,506,1.6323
67.7060,506,1.6323
67.7103,507,1.6355
67.7145,508,1.6387
67.7188,507,1.6355
67.7231,507,1.6355
67.7273,506,1.6323
67.7316,508,1.6387
67.7359,508,1.6387
67.7401,510,1.6452
67.7444,513,1.6548
67.7487,515,1.6613
67.7530,520,1.6774
67.7572,523,1.6871
67.7615,525,1.6935
67.7658,528,1.7032
67.7701,531,1.7129
67.7744,536,1.7290
67.7786,539,1.7387
67.7829,541,1.7452
67.7872,543,1.7516
67.7914,545,1.7581
67.7957,545,1.7581
67.8000,545,1.7581
67.8042,547,1.7645
67.8085,548,1.7677
67.8128,548,1.7677
67.8170,546,1.7613
67.8213,545,1.7581
67.8255,544,1.7548
67.8298,542,1.7484
67.8341,539,1.7387
67.8383,538,1.7355
67.8426,535,1.7258
67.8469,532,1.7161
67.8512,528,1.7032
67.8555,525,1.6935
67.8598,520,1.6774
67.8641,517,1.6677
67.8684,514,1.6581
67.8727,510,1.6452
67.8770,508,1.6387
67.8814,505,1.6290
67.8857,501,1.6161
67.8899,498,1.6065
67.8942,497,1.6032
67.8985,497,1.6032
67.9028,497,1.6032
67.9071,498,1.6065
67.9114,498,1.6065
67.9157,499,1.6097
67.9200,499,1.6097
67.9243,498,1.6065
67.9286,499,1.6097
67.9330,500,1.6129
67.9374,500,1.6129
67.9418,500,1.6129
67.9462,502,1.6194
67.9505,504,1.6258
67.9548,504,1.6258
67.9591,504,1.6258
67.9633,503,1.6226
67.9676,502,1.6194
67.9718,503,1.6226
67.9761,503,1.6226
67.9803,504,1.6258
67.9846,503,1.6226
67.9888,504,1.6258
67.9931,504,1.6258
67.9973,504,1.6258
68.0016,504,1.6258
68.0059,505,1.6290
68.0102,506,1.6323
68.0144,506,1.6323
68.0187,506,1.6323
68.0230,507,1.6355
68.0272,507,1.6355
68.0315,508,1.6387
68.0357,507,1.6355
68.0400,507,1.6355
68.0443,507,1.6355
68.0485,507,1.6355
68.0529,508,1.6387
68.0571,508,1.6387
68.0614,508,1.6387
68.0657,507,1.6355
68.0700,507,1.6355
68.0743,508,1.6387
68.0786,509,1.6419
68.0829,508,1.6387
68.0872,508,1.6387
68.0915,509,1.6419
68.0958,509,1.6419
68.1001,510,1.6452
68.1044,510,1.6452
68.1087,509,1.6419
68.1130,509,1.6419
68.1173,510,1.6452
68.1216,510,1.6452
68.1259,511,1.6484
68.1302,511,1.6484
68.1345,512,1.6516
68.1388,515,1.6613
68.1431,519,1.6742
68.1474,523,1.6871
68.1517,526,1.6968
68.1560,528,1.7032
68.1603,530,1.7097
68.1646,531,1.7129
68.1689,530,1.7097
68.1732,531,1.7129
68.1775,530,1.7097
68.1818,527,1.7000
68.1861,525,1.6935
68.1904,521,1.6806
68.1947,518,1.6710
68.1990,515,1.6613
68.2033,510,1.6452
68.2076,508,1.6387
68.2119,508,1.6387
68.2162,508,1.6387
68.2205,508,1.6387
68.2248,509,1.6419
68.2291,509,1.6419
68.2334,509,1.6419
68.2376,510,1.6452
68.2419,511,1.6484
68.2462,510,1.6452
68.2505,511,1.6484
68.2548,512,1.6516
68.2591,511,1.6484
68.2634,511,1.6484
68.2677,510,1.6452
68.2720,510,1.6452
68.2763,511,1.6484
68.2806,510,1.6452
68.2849,509,1.6419
68.2892,505,1.6290
68.2935,498,1.6065
68.2978,492,1.5871
68.3021,496,1.6000
68.3064,516,1.6645
68.3107,550,1.7742
68.3150,591,1.9065
68.3193,637,2.0548
68.3236,664,2.1419
68.3279,661,2.1323
68.3322,632,2.0387
68.3365,588,1.8968
68.3408,540,1.7419
68.3451,505,1.6290
68.3494,488,1.5742
68.3537,484,1.5613
68.3580,486,1.5677
68.3623,492,1.5871
68.3666,496,1.6000
68.3709,500,1.6129
68.3752,502,1.6194
68.3795,502,1.6194
68.3838,503,1.6226
68.3881,501,1.6161
68.3924,500,1.6129
68.3967,501,1.6161
68.4010,502,1.6194
68.4053,503,1.6226
68.4096,503,1.6226
68.4139,503,1.6226
68.4182,504,1.6258
68.4225,504,1.6258
68.4268,505,1.6290
68.4311,505,1.6290
68.4354,505,1.6290
68.4397,504,1.6258
68.4440,504,1.6258
68.4483,504,1.6258
68.4526,504,1.6258
68.4569,505,1.6290
68.4612,505,1.6290
68.4654,506,1.6323
68.4697,505,1.6290
68.4740,506,1.6323
68.4783,505,1.6290
68.4827,506,1.6323
68.4870,508,1.6387
68.4913,511,1.6484
68.4956,515,1.6613
68.4999,520,1.6774
68.5042,522,1.6839
68.5084,524,1.6903
68.5128,526,1.6968
68.5170,531,1.7129
68.5213,534,1.7226
68.5256,536,1.7290
68.5299,540,1.7419
68.5376,542,1.7484
68.5421,543,1.7516
68.5465,544,1.7548
68.5508,545,1.7581
68.5551,545,1.7581
68.5594,547,1.7645
68.5636,546,1.7613
68.5679,545,1.7581
68.5721,544,1.7548
68.5764,540,1.7419
68.5806,539,1.7387
68.5849,538,1.7355
68.5892,536,1.7290
68.5934,533,1.7194
68.5977,530,1.7097
68.6020,526,1.6968
68.6063,522,1.6839
68.6105,518,1.6710
68.6148,514,1.6581
68.6190,511,1.6484
68.6233,507,1.6355
68.6276,505,1.6290
68.6318,502,1.6194
68.6361,500,1.6129
68.6404,498,1.6065
68.6446,496,1.6000
68.6489,496,1.6000
68.6532,497,1.6032
68.6575,497,1.6032
68.6617,499,1.6097
68.6660,499,1.6097
68.6703,499,1.6097
68.6746,499,1.6097
68.6789,499,1.6097
68.6832,500,1.6129
68.6875,499,1.6097
68.6918,500,1.6129
68.6961,501,1.6161
68.7004,501,1.6161
68.7047,501,1.6161
68.7090,501,1.6161
68.7133,501,1.6161
68.7175,501,1.6161
68.7219,501,1.6161
68.7261,500,1.6129
68.7304,501,1.6161
68.7347,501,1.6161
68.7390,501,1.6161
68.7433,502,1.6194
68.7476,503,1.6226
68.7520,503,1.6226
68.7563,502,1.6194
68.7605,503,1.6226
68.7648,503,1.6226
68.7691,503,1.6226
68.7734,504,1.6258
68.7777,505,1.6290
68.7820,505,1.6290
68.7862,506,1.6323
68.7906,506,1.6323
68.7948,507,1.6355
68.7991,508,1.6387
68.8034,508,1.6387
68.8077,507,1.6355
68.8120,508,1.6387
68.8163,508,1.6387
68.8206,507,1.6355
68.8249,506,1.6323
68.8292,506,1.6323
68.8336,506,1.6323
68.8382,507,1.6355
68.8426,506,1.6323
68.8470,508,1.6387
68.8513,508,1.6387
68.8556,510,1.6452
68.8599,510,1.6452
68.8642,510,1.6452
68.8685,509,1.6419
68.8727,509,1.6419
68.8770,509,1.6419
68.8813,510,1.6452
68.8855,513,1.6548
68.8898,516,1.6645
68.8941,520,1.6774
68.8984,523,1.6871
68.9026,527,1.7000
68.9069,529,1.7065
68.9112,531,1.7129
68.9155,532,1.7161
68.9197,532,1.7161
68.9240,530,1.7097
68.9282,530,1.7097
68.9325,528,1.7032
68.9368,525,1.6935
68.9410,523,1.6871
68.9453,520,1.6774
68.9495,515,1.6613
68.9538,512,1.6516
68.9581,508,1.6387
68.9624,508,1.6387
68.9667,510,1.6452
68.9710,510,1.6452
68.9753,510,1.6452
68.9796,509,1.6419
68.9839,509,1.6419
68.9882,509,1.6419
68.9925,511,1.6484
68.9969,511,1.6484
69.0012,511,1.6484
69.0055,511,1.6484
69.0098,511,1.6484
69.0141,511,1.6484
69.0184,511,1.6484
69.0227,511,1.6484
69.0270,512,1.6516
69.0313,512,1.6516
69.0356,511,1.6484
69.0399,505,1.6290
69.0442,497,1.6032
69.0485,490,1.5806
69.0528,496,1.6000
69.0571,518,1.6710
69.0615,553,1.7839
69.0658,597,1.9258
69.0701,640,2.0645
69.0744,666,2.1484
69.0787,657,2.1194
69.0831,624,2.0129
69.0873,578,1.8645
69.0916,532,1.7161
69.0960,504,1.6258
69.1003,489,1.5774
69.1046,485,1.5645
69.1089,488,1.5742
69.1132,495,1.5968
69.1175,499,1.6097
69.1218,500,1.6129
69.1261,501,1.6161
69.1304,502,1.6194
69.1347,502,1.6194
69.1390,503,1.6226
69.1433,503,1.6226
69.1476,503,1.6226
69.1519,503,1.6226
69.1562,504,1.6258
69.1605,504,1.6258
69.1648,505,1.6290
69.1691,505,1.6290
69.1735,504,1.6258
69.1778,505,1.6290
69.1821,505,1.6290
69.1864,505,1.6290
69.1907,506,1.6323
69.1950,506,1.6323
69.1993,506,1.6323
69.2037,505,1.6290
69.2080,505,1.6290
69.2123,505,1.6290
69.2166,506,1.6323
69.2209,507,1.6355
69.2252,507,1.6355
69.2295,508,1.6387
69.2338,508,1.6387
69.2381,509,1.6419
69.2425,510,1.6452
69.2467,514,1.6581
69.2510,517,1.6677
69.2553,520,1.6774
69.2596,525,1.6935
69.2639,528,1.7032
69.2683,531,1.7129
69.2726,536,1.7290
69.2768,538,1.7355
69.2812,539,1.7387
69.2855,541,1.7452
69.2898,542,1.7484
69.2941,543,1.7516
69.2984,545,1.7581
69.3027,546,1.7613
69.3070,546,1.7613
69.3113,545,1.7581
69.3156,546,1.7613
69.3199,545,1.7581
69.3242,543,1.7516
69.3285,540,1.7419
69.3328,538,1.7355
69.3371,537,1.7323
69.3414,533,1.7194
69.3457,530,1.7097
69.3500,528,1.7032
69.3543,525,1.6935
69.3586,523,1.6871
69.3629,519,1.6742
69.3672,514,1.6581
69.3715,510,1.6452
69.3759,508,1.6387
69.3802,505,1.6290
69.3845,502,1.6194
69.3888,499,1.6097
69.3931,498,1.6065
69.3974,497,1.6032
69.4017,497,1.6032
69.4060,497,1.6032
69.4103,497,1.6032
69.4207,498,1.6065
69.4251,499,1.6097
69.4294,499,1.6097
69.4338,499,1.6097
69.4382,500,1.6129
69.4426,500,1.6129
69.4470,500,1.6129
69.4513,500,1.6129
69.4556,500,1.6129
69.4599,499,1.6097
69.4642,501,1.6161
69.4685,501,1.6161
69.4727,502,1.6194
69.4770,502,1.6194
69.4813,503,1.6226
69.4855,504,1.6258
69.4898,503,1.6226
69.4941,503,1.6226
69.4983,503,1.6226
69.5026,502,1.6194
69.5069,503,1.6226
69.5111,504,1.6258
69.5154,505,1.6290
69.5197,504,1.6258
69.5240,503,1.6226
69.5282,504,1.6258
69.5325,504,1.6258
69.5368,505,1.6290
69.5410,505,1.6290
69.5453,505,1.6290
69.5496,507,1.6355
69.5538,505,1.6290
69.5581,507,1.6355
69.5624,506,1.6323
69.5667,507,1.6355
69.5710,508,1.6387
69.5753,507,1.6355
69.5796,508,1.6387
69.5840,507,1.6355
69.5883,509,1.6419
69.5926,508,1.6387
69.5969,508,1.6387
69.6012,508,1.6387
69.6055,509,1.6419
69.6098,509,1.6419
69.6140,509,1.6419
69.6184,509,1.6419
69.6227,510,1.6452
69.6269,511,1.6484
69.6313,511,1.6484
69.6356,512,1.6516
69.6399,516,1.6645
69.6442,520,1.6774
69.6484,525,1.6935
69.6528,528,1.7032
69.6571,530,1.7097
69.6614,530,1.7097
69.6657,531,1.7129
69.6700,532,1.7161
69.6743,531,1.7129
69.6786,529,1.7065
69.6829,526,1.6968
69.6872,524,1.6903
69.6915,520,1.6774
69.6959,518,1.6710
69.7002,516,1.6645
69.7045,512,1.6516
69.7088,510,1.6452
69.7131,508,1.6387
69.7174,507,1.6355
69.7217,508,1.6387
69.7260,509,1.6419
69.7303,508,1.6387
69.7347,509,1.6419
69.7392,509,1.6419
69.7436,509,1.6419
69.7479,509,1.6419
69.7522,509,1.6419
69.7566,511,1.6484
69.7610,510,1.6452
69.7653,510,1.6452
69.7696,510,1.6452
69.7739,511,1.6484
69.7782,512,1.6516
69.7825,510,1.6452
69.7867,507,1.6355
69.7910,502,1.6194
69.7953,495,1.5968
69.7996,491,1.5839
69.8038,502,1.6194
69.8081,526,1.6968
69.8124,563,1.8161
69.8167,607,1.9581
69.8209,649,2.0935
69.8252,666,2.1484
69.8295,656,2.1161
69.8338,618,1.9935
69.8380,572,1.8452
69.8423,527,1.7000
69.8466,498,1.6065
69.8508,486,1.5677
69.8551,484,1.5613
69.8594,488,1.5742
69.8637,494,1.5935
69.8680,499,1.6097
69.8723,501,1.6161
69.8766,503,1.6226
69.8809,502,1.6194
69.8852,502,1.6194
69.8895,503,1.6226
69.8938,503,1.6226
69.8982,503,1.6226
69.9025,503,1.6226
69.9068,503,1.6226
69.9111,504,1.6258
69.9154,504,1.6258
69.9197,505,1.6290
69.9240,504,1.6258
69.9283,504,1.6258
69.9326,505,1.6290
69.9369,505,1.6290
69.9413,505,1.6290
69.9456,507,1.6355
69.9499,507,1.6355
69.9542,507,1.6355
69.9585,507,1.6355
69.9629,507,1.6355
69.9673,507,1.6355
69.9715,506,1.6323
69.9759,506,1.6323
69.9802,507,1.6355
69.9845,508,1.6387
69.9888,509,1.6419
69.9930,511,1.6484
69.9973,516,1.6645
