time_s,adc_raw,voltage
0.0000,502,1.6194
0.0045,501,1.6161
0.0159,504,1.6258
0.0282,504,1.6258
0.0326,504,1.6258
0.0370,504,1.6258
0.0414,504,1.6258
0.0460,505,1.6290
0.0506,505,1.6290
0.0551,507,1.6355
0.0595,511,1.6484
0.0639,517,1.6677
0.0684,525,1.6935
0.0728,532,1.7161
0.0772,538,1.7355
0.0816,544,1.7548
0.0860,548,1.7677
0.0905,550,1.7742
0.0949,550,1.7742
0.0993,548,1.7677
0.1037,544,1.7548
0.1081,540,1.7419
0.1126,534,1.7226
0.1172,529,1.7065
0.1217,521,1.6806
0.1261,512,1.6516
0.1305,506,1.6323
0.1349,501,1.6161
0.1393,499,1.6097
0.1437,500,1.6129
0.1481,500,1.6129
0.1525,501,1.6161
0.1568,502,1.6194
0.1612,502,1.6194
0.1656,503,1.6226
0.1700,504,1.6258
0.1744,504,1.6258
0.1788,504,1.6258
0.1831,506,1.6323
0.1875,505,1.6290
0.1919,504,1.6258
0.1963,503,1.6226
0.2007,505,1.6290
0.2051,505,1.6290
0.2095,503,1.6226
0.2140,495,1.5968
0.2185,479,1.5452
0.2359,589,1.9000
0.2560,766,2.4710
0.2608,667,2.1516
0.2665,545,1.7581
0.2761,452,1.4581
0.2808,450,1.4516
0.2852,460,1.4839
0.2895,474,1.5290
0.2939,482,1.5548
0.2982,485,1.5645
0.3025,486,1.5677
0.3069,485,1.5645
0.3113,485,1.5645
0.3157,485,1.5645
0.3200,485,1.5645
0.3243,486,1.5677
0.3286,486,1.5677
0.3330,488,1.5742
0.3373,488,1.5742
0.3417,491,1.5839
0.3460,491,1.5839
0.3504,491,1.5839
0.3547,492,1.5871
0.3591,493,1.5903
0.3634,493,1.5903
0.3677,494,1.5935
0.3721,493,1.5903
0.3764,496,1.6000
0.3808,496,1.6000
0.3851,495,1.5968
0.3895,496,1.6000
0.3938,496,1.6000
0.3982,497,1.6032
0.4025,499,1.6097
0.4068,499,1.6097
0.4112,501,1.6161
0.4155,508,1.6387
0.4199,515,1.6613
0.4242,520,1.6774
0.4285,528,1.7032
0.4329,534,1.7226
0.4372,540,1.7419
0.4415,547,1.7645
0.4459,553,1.7839
0.4502,558,1.8000
0.4545,563,1.8161
0.4589,568,1.8323
0.4632,572,1.8452
0.4676,573,1.8484
0.4720,577,1.8613
0.4763,578,1.8645
0.4807,579,1.8677
0.4850,578,1.8645
0.4894,576,1.8581
0.4937,575,1.8548
0.4980,573,1.8484
0.5024,570,1.8387
0.5067,566,1.8258
0.5111,560,1.8065
0.5154,553,1.7839
0.5197,549,1.7710
0.5241,541,1.7452
0.5284,536,1.7290
0.5327,530,1.7097
0.5371,522,1.6839
0.5415,516,1.6645
0.5459,510,1.6452
0.5502,500,1.6129
0.5545,493,1.5903
0.5588,489,1.5774
0.5632,483,1.5581
0.5675,478,1.5419
0.5719,477,1.5387
0.5762,476,1.5355
0.5806,478,1.5419
0.5850,479,1.5452
0.5893,481,1.5516
0.5937,482,1.5548
0.5980,482,1.5548
0.6024,483,1.5581
0.6067,483,1.5581
0.6111,484,1.5613
0.6154,484,1.5613
0.6198,485,1.5645
0.6242,485,1.5645
0.6285,485,1.5645
0.6328,486,1.5677
0.6372,488,1.5742
0.6415,488,1.5742
0.6459,488,1.5742
0.6502,488,1.5742
0.6546,489,1.5774
0.6590,490,1.5806
0.6633,490,1.5806
0.6677,492,1.5871
0.6720,492,1.5871
0.6763,492,1.5871
0.6807,492,1.5871
0.6851,492,1.5871
0.6894,493,1.5903
0.6938,494,1.5935
0.6982,495,1.5968
0.7026,495,1.5968
0.7070,495,1.5968
0.7114,495,1.5968
0.7157,497,1.6032
0.7201,498,1.6065
0.7244,499,1.6097
0.7288,499,1.6097
0.7331,499,1.6097
0.7374,499,1.6097
0.7418,499,1.6097
0.7461,499,1.6097
0.7505,499,1.6097
0.7548,500,1.6129
0.7592,499,1.6097
0.7635,500,1.6129
0.7678,500,1.6129
0.7722,501,1.6161
0.7766,502,1.6194
0.7810,503,1.6226
0.7854,502,1.6194
0.7897,504,1.6258
0.7941,504,1.6258
0.7984,504,1.6258
0.8028,503,1.6226
0.8072,507,1.6355
0.8116,513,1.6548
0.8159,521,1.6806
0.8203,528,1.7032
0.8247,535,1.7258
0.8290,540,1.7419
0.8333,545,1.7581
0.8377,550,1.7742
0.8420,551,1.7774
0.8464,548,1.7677
0.8507,547,1.7645
0.8551,545,1.7581
0.8594,540,1.7419
0.8638,533,1.7194
0.8682,527,1.7000
0.8726,518,1.6710
0.8769,511,1.6484
0.8813,504,1.6258
0.8857,498,1.6065
0.8901,498,1.6065
0.8944,499,1.6097
0.8988,501,1.6161
0.9032,502,1.6194
0.9076,502,1.6194
0.9119,502,1.6194
0.9162,502,1.6194
0.9205,502,1.6194
0.9249,501,1.6161
0.9292,501,1.6161
0.9337,502,1.6194
0.9381,503,1.6226
0.9424,504,1.6258
0.9468,503,1.6226
0.9511,504,1.6258
0.9555,504,1.6258
0.9598,504,1.6258
0.9642,494,1.5935
0.9685,478,1.5419
0.9729,464,1.4968
0.9772,474,1.5290
0.9816,515,1.6613
0.9859,585,1.8871
0.9903,675,2.1774
0.9947,767,2.4742
0.9993,817,2.6355
1.0036,801,2.5839
1.0080,731,2.3581
1.0123,636,2.0516
1.0167,544,1.7548
1.0210,484,1.5613
1.0254,454,1.4645
1.0297,447,1.4419
1.0341,455,1.4677
1.0384,471,1.5194
1.0428,480,1.5484
1.0471,485,1.5645
1.0514,484,1.5613
1.0558,485,1.5645
1.0601,485,1.5645
1.0645,487,1.5710
1.0689,487,1.5710
1.0733,489,1.5774
1.0777,489,1.5774
1.0820,489,1.5774
1.0864,490,1.5806
1.0907,490,1.5806
1.0951,491,1.5839
1.0995,492,1.5871
1.1038,492,1.5871
1.1082,494,1.5935
1.1125,493,1.5903
1.1169,494,1.5935
1.1213,494,1.5935
1.1256,495,1.5968
1.1299,495,1.5968
1.1343,496,1.6000
1.1387,496,1.6000
1.1431,498,1.6065
1.1474,499,1.6097
1.1518,500,1.6129
1.1561,498,1.6065
1.1603,502,1.6194
1.1645,507,1.6355
1.1687,513,1.6548
1.1729,519,1.6742
1.1771,525,1.6935
1.1813,531,1.7129
1.1855,538,1.7355
1.1897,544,1.7548
1.1939,551,1.7774
1.1981,556,1.7935
1.2023,561,1.8097
1.2065,564,1.8194
1.2109,568,1.8323
1.2152,572,1.8452
1.2193,575,1.8548
1.2236,579,1.8677
1.2277,580,1.8710
1.2320,581,1.8742
1.2361,580,1.8710
1.2403,579,1.8677
1.2445,575,1.8548
1.2487,572,1.8452
1.2529,569,1.8355
1.2571,563,1.8161
1.2614,559,1.8032
1.2657,555,1.7903
1.2700,548,1.7677
1.2743,542,1.7484
1.2786,536,1.7290
1.2829,528,1.7032
1.2872,521,1.6806
1.2914,516,1.6645
1.2957,508,1.6387
1.3000,502,1.6194
1.3042,496,1.6000
1.3084,488,1.5742
1.3127,482,1.5548
1.3169,477,1.5387
1.3212,475,1.5323
1.3255,477,1.5387
1.3297,477,1.5387
1.3340,478,1.5419
1.3383,479,1.5452
1.3426,480,1.5484
1.3469,480,1.5484
1.3511,481,1.5516
1.3554,482,1.5548
1.3597,482,1.5548
1.3639,484,1.5613
1.3682,486,1.5677
1.3725,484,1.5613
1.3768,485,1.5645
1.3810,485,1.5645
1.3853,488,1.5742
1.3896,490,1.5806
1.3938,489,1.5774
1.3981,488,1.5742
1.4024,488,1.5742
1.4067,488,1.5742
1.4109,491,1.5839
1.4152,490,1.5806
1.4194,490,1.5806
1.4237,491,1.5839
1.4280,493,1.5903
1.4323,493,1.5903
1.4367,494,1.5935
1.4411,496,1.6000
1.4454,494,1.5935
1.4497,496,1.6000
1.4539,496,1.6000
1.4582,496,1.6000
1.4624,496,1.6000
1.4667,495,1.5968
1.4709,496,1.6000
1.4752,498,1.6065
1.4794,497,1.6032
1.4837,499,1.6097
1.4880,499,1.6097
1.4922,499,1.6097
1.4965,500,1.6129
1.5008,500,1.6129
1.5050,501,1.6161
1.5092,500,1.6129
1.5134,501,1.6161
1.5176,502,1.6194
1.5218,502,1.6194
1.5261,503,1.6226
1.5302,502,1.6194
1.5344,503,1.6226
1.5387,504,1.6258
1.5428,504,1.6258
1.5470,503,1.6226
1.5512,504,1.6258
1.5554,508,1.6387
1.5596,511,1.6484
1.5638,518,1.6710
1.5679,525,1.6935
1.5721,531,1.7129
1.5763,538,1.7355
1.5806,545,1.7581
1.5848,549,1.7710
1.5890,552,1.7806
1.5932,554,1.7871
1.5975,552,1.7806
1.6018,547,1.7645
1.6061,545,1.7581
1.6104,538,1.7355
1.6146,532,1.7161
1.6189,526,1.6968
1.6231,517,1.6677
1.6274,510,1.6452
1.6316,504,1.6258
1.6359,501,1.6161
1.6402,500,1.6129
1.6445,498,1.6065
1.6487,498,1.6065
1.6530,500,1.6129
1.6572,501,1.6161
1.6615,502,1.6194
1.6657,501,1.6161
1.6701,501,1.6161
1.6744,501,1.6161
1.6786,502,1.6194
1.6828,503,1.6226
1.6870,503,1.6226
1.6912,504,1.6258
1.6954,503,1.6226
1.6996,505,1.6290
1.7037,505,1.6290
1.7079,504,1.6258
1.7121,500,1.6129
1.7163,487,1.5710
1.7205,472,1.5226
1.7247,464,1.4968
1.7289,486,1.5677
1.7332,538,1.7355
1.7373,614,1.9806
1.7416,702,2.2645
1.7457,783,2.5258
1.7500,820,2.6452
1.7541,799,2.5774
1.7583,726,2.3419
1.7625,634,2.0452
1.7667,547,1.7645
1.7709,487,1.5710
1.7751,457,1.4742
1.7793,448,1.4452
1.7836,454,1.4645
1.7879,467,1.5065
1.7921,478,1.5419
1.7964,482,1.5548
1.8006,485,1.5645
1.8049,484,1.5613
1.8093,486,1.5677
1.8136,487,1.5710
1.8179,487,1.5710
1.8221,488,1.5742
1.8264,490,1.5806
1.8307,490,1.5806
1.8350,490,1.5806
1.8392,490,1.5806
1.8435,490,1.5806
1.8478,492,1.5871
1.8520,492,1.5871
1.8562,493,1.5903
1.8605,493,1.5903
1.8647,494,1.5935
1.8689,493,1.5903
1.8732,495,1.5968
1.8775,496,1.6000
1.8818,496,1.6000
1.8860,496,1.6000
1.8903,496,1.6000
1.8945,496,1.6000
1.8987,497,1.6032
1.9030,498,1.6065
1.9076,498,1.6065
1.9119,502,1.6194
1.9161,508,1.6387
1.9204,514,1.6581
1.9246,521,1.6806
1.9289,527,1.7000
1.9332,534,1.7226
1.9374,540,1.7419
1.9417,547,1.7645
1.9459,553,1.7839
1.9501,559,1.8032
1.9544,563,1.8161
1.9586,568,1.8323
1.9628,572,1.8452
1.9671,575,1.8548
1.9713,576,1.8581
1.9755,579,1.8677
1.9798,579,1.8677
1.9840,577,1.8613
1.9882,577,1.8613
1.9924,576,1.8581
1.9966,576,1.8581
2.0008,572,1.8452
2.0050,567,1.8290
2.0092,562,1.8129
2.0134,558,1.8000
2.0176,553,1.7839
2.0218,546,1.7613
2.0260,541,1.7452
2.0302,535,1.7258
2.0344,527,1.7000
2.0386,521,1.6806
2.0428,512,1.6516
2.0470,507,1.6355
2.0512,500,1.6129
2.0556,493,1.5903
2.0599,486,1.5677
2.0642,481,1.5516
2.0685,478,1.5419
2.0730,476,1.5355
2.0774,476,1.5355
2.0818,479,1.5452
2.0862,479,1.5452
2.0906,480,1.5484
2.0949,481,1.5516
2.0992,482,1.5548
2.1036,483,1.5581
2.1080,483,1.5581
2.1124,484,1.5613
2.1168,484,1.5613
2.1211,484,1.5613
2.1255,484,1.5613
2.1298,486,1.5677
2.1342,487,1.5710
2.1385,486,1.5677
2.1429,486,1.5677
2.1472,487,1.5710
2.1516,488,1.5742
2.1559,489,1.5774
2.1603,490,1.5806
2.1647,490,1.5806
2.1690,490,1.5806
2.1734,490,1.5806
2.1777,493,1.5903
2.1821,493,1.5903
2.1865,494,1.5935
2.1908,494,1.5935
2.1952,495,1.5968
2.1996,494,1.5935
2.2040,495,1.5968
2.2083,497,1.6032
2.2128,496,1.6000
2.2171,497,1.6032
2.2215,497,1.6032
2.2258,496,1.6000
2.2302,498,1.6065
2.2346,498,1.6065
2.2389,499,1.6097
2.2433,499,1.6097
2.2477,499,1.6097
2.2522,499,1.6097
2.2565,499,1.6097
2.2609,502,1.6194
2.2653,502,1.6194
2.2696,502,1.6194
2.2739,503,1.6226
2.2783,503,1.6226
2.2826,504,1.6258
2.2869,502,1.6194
2.2913,505,1.6290
2.2956,504,1.6258
2.3000,504,1.6258
2.3043,505,1.6290
2.3086,509,1.6419
2.3130,516,1.6645
2.3173,524,1.6903
2.3216,531,1.7129
2.3259,537,1.7323
2.3302,544,1.7548
2.3345,548,1.7677
2.3388,552,1.7806
2.3431,553,1.7839
2.3475,551,1.7774
2.3518,548,1.7677
2.3561,544,1.7548
2.3604,538,1.7355
2.3647,533,1.7194
2.3689,526,1.6968
2.3732,518,1.6710
2.3774,511,1.6484
2.3817,503,1.6226
2.3860,500,1.6129
2.3902,500,1.6129
2.3945,501,1.6161
2.3988,501,1.6161
2.4030,500,1.6129
2.4073,501,1.6161
2.4116,500,1.6129
2.4159,500,1.6129
2.4201,502,1.6194
2.4243,501,1.6161
2.4285,502,1.6194
2.4327,502,1.6194
2.4369,504,1.6258
2.4411,504,1.6258
2.4453,504,1.6258
2.4495,505,1.6290
2.4537,505,1.6290
2.4579,503,1.6226
2.4621,498,1.6065
2.4663,487,1.5710
2.4706,471,1.5194
2.4750,466,1.5032
2.4794,492,1.5871
2.4839,552,1.7806
2.4884,633,2.0419
2.4928,728,2.3484
2.4972,805,2.5968
2.5016,820,2.6452
2.5060,771,2.4871
2.5103,687,2.2161
2.5146,592,1.9097
2.5190,513,1.6548
2.5233,469,1.5129
2.5277,451,1.4548
2.5321,453,1.4613
2.5364,465,1.5000
2.5407,477,1.5387
2.5451,483,1.5581
2.5494,484,1.5613
2.5538,485,1.5645
2.5582,486,1.5677
2.5625,486,1.5677
2.5668,486,1.5677
2.5712,487,1.5710
2.5755,488,1.5742
2.5799,490,1.5806
2.5843,491,1.5839
2.5886,491,1.5839
2.5929,490,1.5806
2.5972,491,1.5839
2.6016,492,1.5871
2.6059,493,1.5903
2.6103,494,1.5935
2.6146,494,1.5935
2.6189,494,1.5935
2.6232,494,1.5935
2.6276,494,1.5935
2.6322,495,1.5968
2.6366,495,1.5968
2.6410,495,1.5968
2.6453,495,1.5968
2.6497,496,1.6000
2.6541,496,1.6000
2.6584,496,1.6000
2.6627,501,1.6161
2.6671,506,1.6323
2.6715,512,1.6516
2.6759,521,1.6806
2.6802,529,1.7065
2.6845,536,1.7290
2.6888,542,1.7484
2.6932,548,1.7677
2.6975,552,1.7806
2.7019,558,1.8000
2.7062,564,1.8194
2.7105,567,1.8290
2.7149,571,1.8419
2.7192,574,1.8516
2.7236,576,1.8581
2.7279,579,1.8677
2.7322,579,1.8677
2.7365,577,1.8613
2.7408,576,1.8581
2.7451,573,1.8484
2.7494,571,1.8419
2.7538,566,1.8258
2.7581,562,1.8129
2.7624,556,1.7935
2.7667,552,1.7806
2.7710,547,1.7645
2.7753,540,1.7419
2.7797,533,1.7194
2.7840,526,1.6968
2.7884,519,1.6742
2.7928,513,1.6548
2.7973,506,1.6323
2.8017,499,1.6097
2.8060,492,1.5871
2.8105,486,1.5677
2.8148,480,1.5484
2.8192,478,1.5419
2.8235,476,1.5355
2.8279,476,1.5355
2.8325,477,1.5387
2.8368,478,1.5419
2.8412,480,1.5484
2.8455,479,1.5452
2.8499,481,1.5516
2.8542,482,1.5548
2.8586,484,1.5613
2.8629,485,1.5645
2.8673,486,1.5677
2.8717,485,1.5645
2.8760,484,1.5613
2.8804,486,1.5677
2.8847,486,1.5677
2.8890,487,1.5710
2.8933,488,1.5742
2.8977,490,1.5806
2.9020,489,1.5774
2.9063,491,1.5839
2.9107,493,1.5903
2.9151,492,1.5871
2.9196,491,1.5839
2.9241,491,1.5839
2.9285,492,1.5871
2.9328,492,1.5871
2.9372,494,1.5935
2.9416,494,1.5935
2.9459,495,1.5968
2.9504,496,1.6000
2.9549,496,1.6000
2.9593,495,1.5968
2.9637,496,1.6000
2.9681,496,1.6000
2.9724,496,1.6000
2.9767,497,1.6032
2.9811,499,1.6097
2.9854,499,1.6097
2.9897,499,1.6097
2.9941,499,1.6097
2.9985,499,1.6097
3.0029,499,1.6097
3.0073,499,1.6097
3.0118,500,1.6129
3.0162,501,1.6161
3.0206,502,1.6194
3.0250,501,1.6161
3.0294,502,1.6194
3.0338,502,1.6194
3.0382,504,1.6258
3.0426,504,1.6258
3.0470,505,1.6290
3.0515,504,1.6258
3.0559,505,1.6290
3.0604,512,1.6516
3.0648,519,1.6742
3.0691,527,1.7000
3.0735,534,1.7226
3.0779,540,1.7419
3.0824,546,1.7613
3.0868,549,1.7710
3.0911,552,1.7806
3.0954,552,1.7806
3.0998,550,1.7742
3.1041,545,1.7581
3.1085,539,1.7387
3.1128,535,1.7258
3.1171,527,1.7000
3.1215,519,1.6742
3.1259,512,1.6516
3.1302,505,1.6290
3.1346,500,1.6129
3.1389,498,1.6065
3.1433,498,1.6065
3.1476,499,1.6097
3.1520,500,1.6129
3.1563,500,1.6129
3.1606,503,1.6226
3.1649,501,1.6161
3.1693,501,1.6161
3.1737,502,1.6194
3.1782,503,1.6226
3.1826,503,1.6226
3.1870,502,1.6194
3.1914,504,1.6258
3.1959,506,1.6323
3.2003,504,1.6258
3.2047,506,1.6323
3.2091,504,1.6258
3.2135,495,1.5968
3.2178,480,1.5484
3.2221,465,1.5000
3.2264,470,1.5161
3.2307,504,1.6258
3.2350,567,1.8290
3.2393,650,2.0968
3.2437,744,2.4000
3.2481,811,2.6161
3.2526,814,2.6258
3.2569,754,2.4323
3.2613,666,2.1484
3.2657,569,1.8355
3.2701,497,1.6032
3.2745,460,1.4839
3.2788,449,1.4484
3.2832,455,1.4677
3.2875,469,1.5129
3.2918,481,1.5516
3.2961,484,1.5613
3.3004,485,1.5645
3.3047,486,1.5677
3.3091,486,1.5677
3.3135,488,1.5742
3.3178,489,1.5774
3.3221,488,1.5742
3.3264,488,1.5742
3.3308,488,1.5742
3.3351,490,1.5806
3.3395,491,1.5839
3.3439,491,1.5839
3.3482,491,1.5839
3.3525,492,1.5871
3.3569,493,1.5903
3.3612,494,1.5935
3.3655,496,1.6000
3.3699,496,1.6000
3.3744,495,1.5968
3.3787,497,1.6032
3.3830,496,1.6000
3.3873,496,1.6000
3.3916,496,1.6000
3.3959,497,1.6032
3.4001,497,1.6032
3.4043,497,1.6032
3.4085,499,1.6097
3.4126,503,1.6226
3.4168,508,1.6387
3.4211,515,1.6613
3.4253,522,1.6839
3.4296,528,1.7032
3.4339,533,1.7194
3.4382,540,1.7419
3.4425,544,1.7548
3.4467,552,1.7806
3.4510,558,1.8000
3.4552,562,1.8129
3.4595,567,1.8290
3.4637,569,1.8355
3.4680,572,1.8452
3.4722,577,1.8613
3.4765,579,1.8677
3.4807,578,1.8645
3.4850,577,1.8613
3.4892,578,1.8645
3.4934,576,1.8581
3.4977,574,1.8516
3.5019,572,1.8452
3.5062,568,1.8323
3.5105,562,1.8129
3.5147,558,1.8000
3.5190,550,1.7742
3.5232,544,1.7548
3.5275,537,1.7323
3.5318,532,1.7161
3.5360,525,1.6935
3.5404,516,1.6645
3.5446,510,1.6452
3.5489,503,1.6226
3.5531,498,1.6065
3.5574,491,1.5839
3.5618,485,1.5645
3.5661,480,1.5484
3.5703,477,1.5387
3.5746,475,1.5323
3.5789,478,1.5419
3.5832,478,1.5419
3.5875,478,1.5419
3.5917,480,1.5484
3.5960,481,1.5516
3.6002,483,1.5581
3.6044,483,1.5581
3.6088,482,1.5548
3.6130,484,1.5613
3.6173,484,1.5613
3.6215,486,1.5677
3.6256,487,1.5710
3.6298,489,1.5774
3.6340,488,1.5742
3.6382,490,1.5806
3.6424,489,1.5774
3.6467,489,1.5774
3.6510,489,1.5774
3.6553,490,1.5806
3.6596,491,1.5839
3.6639,492,1.5871
3.6682,494,1.5935
3.6724,494,1.5935
3.6767,494,1.5935
3.6810,495,1.5968
3.6852,495,1.5968
3.6895,496,1.6000
3.6938,497,1.6032
3.6980,497,1.6032
3.7023,499,1.6097
3.7065,499,1.6097
3.7107,497,1.6032
3.7149,499,1.6097
3.7191,498,1.6065
3.7234,498,1.6065
3.7278,498,1.6065
3.7320,498,1.6065
3.7363,498,1.6065
3.7404,499,1.6097
3.7446,498,1.6065
3.7488,499,1.6097
3.7530,500,1.6129
3.7571,500,1.6129
3.7614,502,1.6194
3.7656,502,1.6194
3.7698,502,1.6194
3.7745,503,1.6226
3.7789,504,1.6258
3.7831,504,1.6258
3.7874,504,1.6258
3.7916,505,1.6290
3.7959,505,1.6290
3.8000,505,1.6290
3.8042,505,1.6290
3.8084,509,1.6419
3.8125,514,1.6581
3.8167,522,1.6839
3.8209,531,1.7129
3.8251,538,1.7355
3.8294,543,1.7516
3.8336,548,1.7677
3.8378,552,1.7806
3.8421,554,1.7871
3.8464,553,1.7839
3.8506,551,1.7774
3.8548,545,1.7581
3.8590,542,1.7484
3.8632,536,1.7290
3.8674,528,1.7032
3.8716,521,1.6806
3.8758,514,1.6581
3.8800,507,1.6355
3.8841,502,1.6194
3.8884,499,1.6097
3.8927,500,1.6129
3.8969,500,1.6129
3.9012,501,1.6161
3.9055,501,1.6161
3.9098,501,1.6161
3.9140,502,1.6194
3.9183,503,1.6226
3.9226,502,1.6194
3.9269,504,1.6258
3.9312,505,1.6290
3.9355,504,1.6258
3.9398,507,1.6355
3.9441,506,1.6323
3.9483,505,1.6290
3.9526,506,1.6323
3.9568,506,1.6323
3.9611,504,1.6258
3.9654,494,1.5935
3.9697,476,1.5355
3.9740,465,1.5000
3.9783,480,1.5484
3.9825,527,1.7000
3.9868,602,1.9419
3.9911,688,2.2194
3.9954,772,2.4903
3.9996,819,2.6419
4.0039,802,2.5871
4.0082,732,2.3613
4.0124,643,2.0742
4.0166,553,1.7839
4.0208,491,1.5839
4.0251,458,1.4774
4.0293,449,1.4484
4.0335,456,1.4710
4.0377,468,1.5097
4.0419,478,1.5419
4.0461,484,1.5613
4.0503,484,1.5613
4.0545,486,1.5677
4.0587,485,1.5645
4.0628,486,1.5677
4.0670,487,1.5710
4.0711,487,1.5710
4.0753,488,1.5742
4.0795,489,1.5774
4.0838,489,1.5774
4.0880,491,1.5839
4.0922,489,1.5774
4.0964,490,1.5806
4.1005,492,1.5871
4.1048,491,1.5839
4.1090,491,1.5839
4.1132,493,1.5903
4.1174,493,1.5903
4.1216,494,1.5935
4.1258,495,1.5968
4.1300,496,1.6000
4.1342,497,1.6032
4.1384,496,1.6000
4.1427,496,1.6000
4.1470,496,1.6000
4.1513,497,1.6032
4.1556,497,1.6032
4.1598,500,1.6129
4.1641,504,1.6258
4.1684,511,1.6484
4.1727,518,1.6710
4.1769,524,1.6903
4.1812,532,1.7161
4.1855,538,1.7355
4.1898,546,1.7613
4.1940,551,1.7774
4.1983,556,1.7935
4.2026,563,1.8161
4.2069,567,1.8290
4.2111,571,1.8419
4.2154,572,1.8452
4.2197,576,1.8581
4.2239,579,1.8677
4.2283,580,1.8710
4.2327,578,1.8645
4.2369,577,1.8613
4.2412,576,1.8581
4.2455,573,1.8484
4.2498,572,1.8452
4.2540,567,1.8290
4.2583,562,1.8129
4.2625,557,1.7968
4.2668,553,1.7839
4.2711,547,1.7645
4.2753,541,1.7452
4.2796,535,1.7258
4.2838,525,1.6935
4.2881,519,1.6742
4.2923,513,1.6548
4.2966,506,1.6323
4.3009,499,1.6097
4.3051,493,1.5903
4.3094,487,1.5710
4.3137,482,1.5548
4.3179,477,1.5387
4.3222,474,1.5290
4.3264,475,1.5323
4.3307,476,1.5355
4.3349,478,1.5419
4.3391,478,1.5419
4.3433,478,1.5419
4.3475,480,1.5484
4.3517,481,1.5516
4.3559,482,1.5548
4.3601,483,1.5581
4.3644,484,1.5613
4.3686,486,1.5677
4.3729,486,1.5677
4.3772,486,1.5677
4.3814,487,1.5710
4.3856,486,1.5677
4.3898,486,1.5677
4.3941,487,1.5710
4.3983,487,1.5710
4.4025,488,1.5742
4.4067,489,1.5774
4.4110,491,1.5839
4.4152,491,1.5839
4.4194,491,1.5839
4.4237,489,1.5774
4.4280,491,1.5839
4.4323,491,1.5839
4.4365,492,1.5871
4.4408,493,1.5903
4.4450,492,1.5871
4.4492,492,1.5871
4.4534,494,1.5935
4.4577,495,1.5968
4.4619,496,1.6000
4.4661,496,1.6000
4.4702,498,1.6065
4.4744,498,1.6065
4.4786,497,1.6032
4.4828,498,1.6065
4.4870,497,1.6032
4.4912,497,1.6032
4.4955,498,1.6065
4.4997,499,1.6097
4.5039,499,1.6097
4.5081,500,1.6129
4.5124,502,1.6194
4.5166,503,1.6226
4.5209,502,1.6194
4.5252,502,1.6194
4.5294,503,1.6226
4.5337,503,1.6226
4.5380,502,1.6194
4.5423,503,1.6226
4.5465,502,1.6194
4.5508,503,1.6226
4.5551,506,1.6323
4.5594,511,1.6484
4.5636,517,1.6677
4.5678,524,1.6903
4.5721,530,1.7097
4.5763,537,1.7323
4.5804,543,1.7516
4.5846,547,1.7645
4.5888,551,1.7774
4.5930,552,1.7806
4.5971,552,1.7806
4.6013,549,1.7710
4.6055,547,1.7645
4.6096,541,1.7452
4.6138,535,1.7258
4.6180,529,1.7065
4.6221,521,1.6806
4.6263,514,1.6581
4.6305,507,1.6355
4.6346,503,1.6226
4.6388,500,1.6129
4.6430,500,1.6129
4.6471,502,1.6194
4.6513,502,1.6194
4.6554,501,1.6161
4.6596,500,1.6129
4.6638,500,1.6129
4.6679,503,1.6226
4.6721,503,1.6226
4.6762,504,1.6258
4.6804,504,1.6258
4.6845,505,1.6290
4.6887,504,1.6258
4.6929,503,1.6226
4.6970,504,1.6258
4.7012,504,1.6258
4.7053,504,1.6258
4.7095,503,1.6226
4.7136,496,1.6000
4.7178,481,1.5516
4.7219,467,1.5065
4.7261,466,1.5032
4.7303,496,1.6000
4.7344,554,1.7871
4.7386,633,2.0419
4.7428,721,2.3258
4.7469,796,2.5677
4.7511,820,2.6452
4.7553,787,2.5387
4.7594,708,2.2839
4.7636,617,1.9903
4.7678,531,1.7129
4.7719,478,1.5419
4.7761,453,1.4613
4.7802,448,1.4452
4.7844,456,1.4710
4.7885,469,1.5129
4.7927,478,1.5419
4.7968,483,1.5581
4.8010,485,1.5645
4.8052,485,1.5645
4.8093,486,1.5677
4.8135,485,1.5645
4.8176,486,1.5677
4.8218,487,1.5710
4.8260,488,1.5742
4.8301,489,1.5774
4.8343,490,1.5806
4.8384,490,1.5806
4.8426,491,1.5839
4.8468,492,1.5871
4.8509,492,1.5871
4.8551,492,1.5871
4.8593,493,1.5903
4.8635,494,1.5935
4.8678,493,1.5903
4.8720,493,1.5903
4.8762,494,1.5935
4.8804,493,1.5903
4.8845,494,1.5935
4.8887,494,1.5935
4.8929,496,1.6000
4.8971,497,1.6032
4.9013,499,1.6097
4.9054,497,1.6032
4.9096,500,1.6129
4.9139,504,1.6258
4.9181,511,1.6484
4.9222,515,1.6613
4.9264,521,1.6806
4.9306,529,1.7065
4.9348,536,1.7290
4.9390,542,1.7484
4.9432,551,1.7774
4.9473,555,1.7903
4.9515,560,1.8065
4.9557,564,1.8194
4.9599,568,1.8323
4.9641,572,1.8452
4.9683,575,1.8548
4.9724,576,1.8581
4.9766,578,1.8645
4.9807,578,1.8645
4.9849,579,1.8677
4.9891,576,1.8581
4.9932,577,1.8613
4.9974,573,1.8484
5.0016,570,1.8387
5.0059,564,1.8194
5.0106,561,1.8097
5.0150,556,1.7935
5.0194,550,1.7742
5.0237,544,1.7548
5.0280,537,1.7323
5.0323,532,1.7161
5.0365,524,1.6903
5.0407,517,1.6677
5.0449,510,1.6452
5.0492,503,1.6226
5.0534,496,1.6000
5.0576,490,1.5806
5.0619,484,1.5613
5.0661,479,1.5452
5.0703,477,1.5387
5.0746,476,1.5355
5.0788,476,1.5355
5.0830,477,1.5387
5.0872,479,1.5452
5.0915,480,1.5484
5.0957,481,1.5516
5.0999,480,1.5484
5.1041,480,1.5484
5.1083,482,1.5548
5.1126,482,1.5548
5.1169,483,1.5581
5.1211,483,1.5581
5.1253,484,1.5613
5.1295,486,1.5677
5.1338,486,1.5677
5.1381,487,1.5710
5.1423,488,1.5742
5.1465,488,1.5742
5.1508,488,1.5742
5.1551,490,1.5806
5.1594,490,1.5806
5.1636,490,1.5806
5.1679,491,1.5839
5.1722,491,1.5839
5.1765,493,1.5903
5.1807,494,1.5935
5.1850,494,1.5935
5.1897,494,1.5935
5.1940,494,1.5935
5.1983,494,1.5935
5.2025,495,1.5968
5.2068,496,1.6000
5.2110,497,1.6032
5.2153,497,1.6032
5.2197,496,1.6000
5.2239,496,1.6000
5.2282,498,1.6065
5.2324,497,1.6032
5.2367,499,1.6097
5.2410,499,1.6097
5.2453,500,1.6129
5.2495,500,1.6129
5.2538,500,1.6129
5.2581,501,1.6161
5.2624,500,1.6129
5.2667,501,1.6161
5.2709,502,1.6194
5.2752,502,1.6194
5.2795,503,1.6226
5.2837,504,1.6258
5.2880,504,1.6258
5.2923,504,1.6258
5.2966,505,1.6290
5.3009,505,1.6290
5.3051,506,1.6323
5.3094,511,1.6484
5.3136,517,1.6677
5.3179,525,1.6935
5.3222,533,1.7194
5.3264,539,1.7387
5.3307,545,1.7581
5.3349,549,1.7710
5.3393,552,1.7806
5.3435,553,1.7839
5.3478,553,1.7839
5.3520,551,1.7774
5.3563,547,1.7645
5.3606,540,1.7419
5.3649,533,1.7194
5.3692,525,1.6935
5.3734,518,1.6710
5.3777,511,1.6484
5.3819,504,1.6258
5.3862,500,1.6129
5.3905,500,1.6129
5.3949,500,1.6129
5.3992,501,1.6161
5.4034,502,1.6194
5.4077,502,1.6194
5.4119,502,1.6194
5.4162,503,1.6226
5.4205,503,1.6226
5.4248,503,1.6226
5.4290,503,1.6226
5.4333,504,1.6258
5.4375,504,1.6258
5.4418,505,1.6290
5.4461,506,1.6323
5.4504,506,1.6323
5.4546,507,1.6355
5.4590,505,1.6290
5.4634,498,1.6065
5.4677,482,1.5548
5.4721,467,1.5065
5.4768,469,1.5129
5.4811,505,1.6290
5.4854,568,1.8323
5.4896,652,2.1032
5.4939,742,2.3935
5.4981,808,2.6065
5.5024,814,2.6258
5.5067,763,2.4613
5.5109,676,2.1806
5.5152,582,1.8774
5.5195,507,1.6355
5.5238,466,1.5032
5.5281,451,1.4548
5.5323,453,1.4613
5.5366,464,1.4968
5.5408,476,1.5355
5.5451,482,1.5548
5.5494,485,1.5645
5.5536,486,1.5677
5.5579,486,1.5677
5.5627,486,1.5677
5.5670,486,1.5677
5.5713,488,1.5742
5.5756,489,1.5774
5.5798,490,1.5806
5.5841,490,1.5806
5.5884,491,1.5839
5.5926,491,1.5839
5.5969,491,1.5839
5.6011,492,1.5871
5.6058,491,1.5839
5.6101,494,1.5935
5.6144,495,1.5968
5.6186,495,1.5968
5.6230,495,1.5968
5.6272,495,1.5968
5.6315,495,1.5968
5.6357,496,1.6000
5.6403,497,1.6032
5.6446,497,1.6032
5.6489,496,1.6000
5.6531,496,1.6000
5.6573,497,1.6032
5.6616,501,1.6161
5.6659,505,1.6290
5.6702,512,1.6516
5.6744,520,1.6774
5.6787,527,1.7000
5.6829,533,1.7194
5.6873,538,1.7355
5.6915,545,1.7581
5.6958,550,1.7742
5.7000,556,1.7935
5.7043,559,1.8032
5.7086,565,1.8226
5.7129,569,1.8355
5.7172,572,1.8452
5.7218,575,1.8548
5.7261,579,1.8677
5.7303,579,1.8677
5.7346,578,1.8645
5.7388,577,1.8613
5.7431,577,1.8613
5.7474,573,1.8484
5.7517,571,1.8419
5.7559,568,1.8323
5.7602,563,1.8161
5.7646,557,1.7968
5.7690,551,1.7774
5.7734,546,1.7613
5.7777,540,1.7419
5.7819,532,1.7161
5.7862,524,1.6903
5.7905,517,1.6677
5.7948,510,1.6452
5.7990,504,1.6258
5.8033,497,1.6032
5.8081,490,1.5806
5.8123,485,1.5645
5.8167,479,1.5452
5.8209,477,1.5387
5.8252,477,1.5387
5.8295,478,1.5419
5.8338,479,1.5452
5.8380,480,1.5484
5.8423,481,1.5516
5.8466,481,1.5516
5.8509,482,1.5548
5.8551,483,1.5581
5.8594,484,1.5613
5.8636,485,1.5645
5.8679,485,1.5645
5.8722,485,1.5645
5.8764,486,1.5677
5.8807,486,1.5677
5.8849,488,1.5742
5.8893,488,1.5742
5.8935,489,1.5774
5.8978,490,1.5806
5.9020,491,1.5839
5.9062,491,1.5839
5.9105,493,1.5903
5.9148,493,1.5903
5.9190,493,1.5903
5.9233,494,1.5935
5.9275,495,1.5968
5.9318,496,1.6000
5.9361,496,1.6000
5.9403,496,1.6000
5.9445,497,1.6032
5.9488,497,1.6032
5.9532,497,1.6032
5.9574,498,1.6065
5.9617,497,1.6032
5.9660,497,1.6032
5.9703,497,1.6032
5.9746,498,1.6065
5.9789,498,1.6065
5.9832,499,1.6097
5.9875,498,1.6065
5.9918,499,1.6097
5.9961,499,1.6097
6.0003,499,1.6097
6.0046,498,1.6065
6.0089,500,1.6129
6.0132,500,1.6129
6.0175,500,1.6129
6.0218,500,1.6129
6.0261,501,1.6161
6.0304,502,1.6194
6.0347,502,1.6194
6.0390,502,1.6194
6.0433,503,1.6226
6.0476,504,1.6258
6.0519,506,1.6323
6.0563,509,1.6419
6.0606,513,1.6548
6.0648,519,1.6742
6.0691,524,1.6903
6.0734,533,1.7194
6.0776,540,1.7419
6.0819,544,1.7548
6.0861,547,1.7645
6.0904,549,1.7710
6.0947,551,1.7774
6.0989,550,1.7742
6.1032,547,1.7645
6.1074,542,1.7484
6.1117,537,1.7323
6.1160,531,1.7129
6.1202,523,1.6871
6.1245,516,1.6645
6.1288,508,1.6387
6.1330,502,1.6194
6.1373,499,1.6097
6.1416,499,1.6097
6.1458,499,1.6097
6.1501,500,1.6129
6.1544,500,1.6129
6.1587,500,1.6129
6.1630,500,1.6129
6.1673,500,1.6129
6.1716,501,1.6161
6.1759,502,1.6194
6.1802,503,1.6226
6.1845,504,1.6258
6.1887,504,1.6258
6.1930,504,1.6258
6.1973,504,1.6258
6.2016,504,1.6258
6.2059,504,1.6258
6.2102,502,1.6194
6.2145,493,1.5903
6.2188,477,1.5387
6.2231,464,1.4968
6.2274,472,1.5226
6.2317,512,1.6516
6.2361,582,1.8774
6.2404,668,2.1548
6.2447,758,2.4452
6.2490,815,2.6290
6.2533,809,2.6097
6.2576,746,2.4065
6.2619,655,2.1129
6.2663,562,1.8129
6.2705,495,1.5968
6.2748,459,1.4806
6.2791,448,1.4452
6.2833,453,1.4613
6.2876,466,1.5032
6.2918,477,1.5387
6.2961,483,1.5581
6.3004,484,1.5613
6.3046,484,1.5613
6.3089,485,1.5645
6.3132,486,1.5677
6.3175,486,1.5677
6.3217,486,1.5677
6.3260,487,1.5710
6.3303,488,1.5742
6.3345,489,1.5774
6.3388,490,1.5806
6.3431,490,1.5806
6.3473,491,1.5839
6.3516,492,1.5871
6.3558,493,1.5903
6.3601,492,1.5871
6.3645,494,1.5935
6.3689,495,1.5968
6.3733,495,1.5968
6.3776,496,1.6000
6.3818,496,1.6000
6.3861,496,1.6000
6.3904,496,1.6000
6.3946,497,1.6032
6.3989,497,1.6032
6.4032,497,1.6032
6.4074,497,1.6032
6.4117,500,1.6129
6.4159,506,1.6323
6.4202,514,1.6581
6.4245,520,1.6774
6.4288,529,1.7065
6.4330,536,1.7290
6.4373,540,1.7419
6.4416,545,1.7581
6.4458,552,1.7806
6.4500,557,1.7968
6.4543,562,1.8129
6.4586,566,1.8258
6.4629,569,1.8355
6.4672,571,1.8419
6.4716,574,1.8516
6.4761,577,1.8613
6.4807,577,1.8613
6.4851,578,1.8645
6.4894,577,1.8613
6.4937,574,1.8516
6.4980,572,1.8452
6.5024,570,1.8387
6.5067,565,1.8226
6.5111,560,1.8065
6.5154,555,1.7903
6.5197,550,1.7742
6.5241,544,1.7548
6.5284,537,1.7323
6.5328,530,1.7097
6.5371,522,1.6839
6.5414,514,1.6581
6.5458,507,1.6355
6.5502,499,1.6097
6.5545,493,1.5903
6.5588,487,1.5710
6.5632,482,1.5548
6.5677,478,1.5419
6.5721,476,1.5355
6.5764,477,1.5387
6.5807,479,1.5452
6.5850,479,1.5452
6.5893,481,1.5516
6.5936,481,1.5516
6.5979,483,1.5581
6.6022,483,1.5581
6.6065,484,1.5613
6.6108,486,1.5677
6.6151,486,1.5677
6.6194,488,1.5742
6.6237,487,1.5710
6.6280,488,1.5742
6.6323,488,1.5742
6.6366,488,1.5742
6.6409,488,1.5742
6.6452,488,1.5742
6.6495,488,1.5742
6.6538,489,1.5774
6.6581,489,1.5774
6.6625,491,1.5839
6.6670,492,1.5871
6.6714,492,1.5871
6.6757,492,1.5871
6.6801,493,1.5903
6.6844,493,1.5903
6.6887,493,1.5903
6.6930,494,1.5935
6.6973,495,1.5968
6.7016,495,1.5968
6.7059,496,1.6000
6.7102,497,1.6032
6.7145,497,1.6032
6.7188,497,1.6032
6.7231,498,1.6065
6.7274,498,1.6065
6.7317,498,1.6065
6.7360,499,1.6097
6.7403,501,1.6161
6.7446,500,1.6129
6.7489,500,1.6129
6.7532,499,1.6097
6.7575,500,1.6129
6.7618,500,1.6129
6.7661,501,1.6161
6.7704,501,1.6161
6.7747,501,1.6161
6.7790,503,1.6226
6.7833,502,1.6194
6.7877,503,1.6226
6.7920,503,1.6226
6.7963,503,1.6226
6.8006,503,1.6226
6.8049,503,1.6226
6.8092,509,1.6419
6.8135,516,1.6645
6.8178,523,1.6871
6.8221,529,1.7065
6.8264,537,1.7323
6.8307,542,1.7484
6.8350,546,1.7613
6.8393,549,1.7710
6.8436,550,1.7742
6.8479,549,1.7710
6.8522,547,1.7645
6.8565,543,1.7516
6.8608,539,1.7387
6.8651,531,1.7129
6.8694,525,1.6935
6.8737,518,1.6710
6.8780,510,1.6452
6.8823,503,1.6226
6.8866,500,1.6129
6.8910,499,1.6097
6.8952,500,1.6129
6.8995,501,1.6161
6.9038,501,1.6161
6.9081,501,1.6161
6.9124,501,1.6161
6.9167,503,1.6226
6.9210,504,1.6258
6.9253,504,1.6258
6.9296,504,1.6258
6.9340,504,1.6258
6.9383,504,1.6258
6.9426,504,1.6258
6.9469,504,1.6258
6.9512,504,1.6258
6.9555,504,1.6258
6.9598,504,1.6258
6.9640,495,1.5968
6.9683,480,1.5484
6.9726,466,1.5032
6.9769,471,1.5194
6.9813,506,1.6323
6.9855,571,1.8419
6.9898,656,2.1161
6.9942,746,2.4065
6.9985,812,2.6194
7.0027,813,2.6226
7.0070,757,2.4419
7.0114,670,2.1613
7.0157,574,1.8516
7.0200,503,1.6226
7.0243,464,1.4968
7.0286,451,1.4548
7.0330,455,1.4677
7.0373,467,1.5065
7.0416,478,1.5419
7.0459,485,1.5645
7.0501,486,1.5677
7.0545,486,1.5677
7.0588,486,1.5677
7.0630,488,1.5742
7.0673,488,1.5742
7.0716,489,1.5774
7.0760,490,1.5806
7.0803,490,1.5806
7.0846,490,1.5806
7.0888,491,1.5839
7.0932,491,1.5839
7.0975,492,1.5871
7.1017,492,1.5871
7.1060,494,1.5935
7.1103,495,1.5968
7.1146,495,1.5968
7.1189,496,1.6000
7.1232,494,1.5935
7.1275,495,1.5968
7.1318,495,1.5968
7.1362,496,1.6000
7.1405,496,1.6000
7.1448,496,1.6000
7.1490,497,1.6032
7.1533,498,1.6065
7.1577,498,1.6065
7.1619,501,1.6161
7.1662,507,1.6355
7.1705,512,1.6516
7.1749,519,1.6742
7.1792,526,1.6968
7.1835,533,1.7194
7.1878,538,1.7355
7.1921,547,1.7645
7.1964,552,1.7806
7.2007,557,1.7968
7.2050,562,1.8129
7.2093,568,1.8323
7.2136,570,1.8387
7.2179,574,1.8516
7.2222,577,1.8613
7.2265,579,1.8677
7.2308,579,1.8677
7.2351,578,1.8645
7.2394,577,1.8613
7.2437,575,1.8548
7.2480,573,1.8484
7.2523,568,1.8323
7.2566,565,1.8226
7.2609,561,1.8097
7.2654,555,1.7903
7.2698,548,1.7677
7.2741,542,1.7484
7.2784,536,1.7290
7.2828,530,1.7097
7.2871,523,1.6871
7.2913,516,1.6645
7.2956,509,1.6419
7.3000,501,1.6161
7.3043,495,1.5968
7.3086,488,1.5742
7.3129,482,1.5548
7.3173,478,1.5419
7.3216,476,1.5355
7.3259,476,1.5355
7.3302,477,1.5387
7.3345,479,1.5452
7.3388,479,1.5452
7.3431,479,1.5452
7.3474,479,1.5452
7.3517,481,1.5516
7.3560,482,1.5548
7.3603,482,1.5548
7.3646,483,1.5581
7.3689,484,1.5613
7.3732,484,1.5613
7.3775,485,1.5645
7.3818,485,1.5645
7.3861,485,1.5645
7.3904,487,1.5710
7.3947,487,1.5710
7.3991,490,1.5806
7.4034,490,1.5806
7.4077,491,1.5839
7.4120,491,1.5839
7.4163,491,1.5839
7.4206,492,1.5871
7.4249,493,1.5903
7.4292,493,1.5903
7.4335,492,1.5871
7.4378,492,1.5871
7.4421,494,1.5935
7.4464,494,1.5935
7.4507,496,1.6000
7.4550,496,1.6000
7.4593,496,1.6000
7.4641,497,1.6032
7.4685,497,1.6032
7.4728,497,1.6032
7.4771,498,1.6065
7.4814,498,1.6065
7.4857,497,1.6032
7.4900,499,1.6097
7.4943,500,1.6129
7.4986,500,1.6129
7.5029,502,1.6194
7.5072,502,1.6194
7.5115,503,1.6226
7.5158,502,1.6194
7.5201,502,1.6194
7.5244,502,1.6194
7.5287,503,1.6226
7.5330,504,1.6258
7.5373,504,1.6258
7.5417,505,1.6290
7.5460,505,1.6290
7.5503,505,1.6290
7.5546,507,1.6355
7.5589,511,1.6484
7.5635,517,1.6677
7.5679,524,1.6903
7.5723,531,1.7129
7.5766,538,1.7355
7.5809,543,1.7516
7.5852,548,1.7677
7.5895,550,1.7742
7.5938,550,1.7742
7.5981,550,1.7742
7.6024,546,1.7613
7.6067,542,1.7484
7.6110,538,1.7355
7.6153,532,1.7161
7.6196,525,1.6935
7.6239,517,1.6677
7.6282,508,1.6387
7.6325,504,1.6258
7.6368,500,1.6129
7.6411,499,1.6097
7.6454,500,1.6129
7.6497,502,1.6194
7.6540,503,1.6226
7.6583,503,1.6226
7.6626,504,1.6258
7.6669,503,1.6226
7.6712,503,1.6226
7.6755,503,1.6226
7.6798,504,1.6258
7.6841,504,1.6258
7.6885,504,1.6258
7.6928,505,1.6290
7.6971,505,1.6290
7.7015,506,1.6323
7.7058,506,1.6323
7.7102,503,1.6226
7.7145,496,1.6000
7.7188,480,1.5484
7.7232,465,1.5000
7.7275,472,1.5226
7.7319,513,1.6548
7.7362,584,1.8839
7.7406,671,2.1645
7.7449,760,2.4516
7.7493,817,2.6355
7.7536,807,2.6032
7.7579,743,2.3968
7.7623,652,2.1032
7.7666,558,1.8000
7.7709,492,1.5871
7.7753,459,1.4806
7.7797,449,1.4484
7.7840,455,1.4677
7.7884,469,1.5129
7.7927,480,1.5484
7.7970,484,1.5613
7.8013,486,1.5677
7.8056,487,1.5710
7.8099,488,1.5742
7.8142,488,1.5742
7.8185,488,1.5742
7.8228,489,1.5774
7.8271,489,1.5774
7.8314,490,1.5806
7.8357,491,1.5839
7.8401,491,1.5839
7.8444,491,1.5839
7.8487,491,1.5839
7.8530,492,1.5871
7.8573,492,1.5871
7.8616,493,1.5903
7.8659,494,1.5935
7.8702,494,1.5935
7.8745,494,1.5935
7.8788,495,1.5968
7.8831,494,1.5935
7.8874,495,1.5968
7.8917,496,1.6000
7.8960,497,1.6032
7.9004,497,1.6032
7.9047,497,1.6032
7.9090,499,1.6097
7.9133,502,1.6194
7.9176,509,1.6419
7.9219,514,1.6581
7.9262,521,1.6806
7.9306,528,1.7032
7.9349,534,1.7226
7.9392,541,1.7452
7.9435,547,1.7645
7.9478,552,1.7806
7.9521,559,1.8032
7.9563,564,1.8194
7.9606,567,1.8290
7.9649,570,1.8387
7.9692,573,1.8484
7.9735,577,1.8613
7.9778,578,1.8645
7.9821,579,1.8677
7.9864,579,1.8677
7.9907,578,1.8645
7.9950,576,1.8581
7.9993,573,1.8484
8.0036,569,1.8355
8.0079,562,1.8129
8.0122,558,1.8000
8.0165,552,1.7806
8.0208,547,1.7645
8.0251,540,1.7419
8.0294,534,1.7226
8.0338,529,1.7065
8.0381,521,1.6806
8.0424,515,1.6613
8.0467,508,1.6387
8.0510,501,1.6161
8.0553,494,1.5935
8.0596,487,1.5710
8.0639,481,1.5516
8.0682,477,1.5387
8.0725,476,1.5355
8.0768,475,1.5323
8.0811,476,1.5355
8.0854,478,1.5419
8.0897,479,1.5452
8.0940,480,1.5484
8.0983,482,1.5548
8.1026,483,1.5581
8.1069,483,1.5581
8.1112,483,1.5581
8.1155,483,1.5581
8.1198,484,1.5613
8.1241,485,1.5645
8.1284,486,1.5677
8.1327,487,1.5710
8.1371,488,1.5742
8.1413,488,1.5742
8.1455,488,1.5742
8.1498,489,1.5774
8.1541,490,1.5806
8.1584,490,1.5806
8.1627,491,1.5839
8.1672,493,1.5903
8.1716,493,1.5903
8.1760,494,1.5935
8.1803,494,1.5935
8.1846,494,1.5935
8.1889,493,1.5903
8.1932,493,1.5903
8.1975,494,1.5935
8.2018,494,1.5935
8.2061,496,1.6000
8.2104,497,1.6032
8.2147,498,1.6065
8.2191,497,1.6032
8.2234,497,1.6032
8.2277,496,1.6000
8.2320,498,1.6065
8.2363,498,1.6065
8.2407,499,1.6097
8.2449,499,1.6097
8.2492,500,1.6129
8.2535,500,1.6129
8.2579,500,1.6129
8.2622,502,1.6194
8.2665,503,1.6226
8.2707,503,1.6226
8.2750,504,1.6258
8.2794,503,1.6226
8.2842,502,1.6194
8.2886,501,1.6161
8.2929,501,1.6161
8.2972,502,1.6194
8.3015,504,1.6258
8.3058,505,1.6290
8.3101,510,1.6452
8.3144,517,1.6677
8.3193,526,1.6968
8.3236,532,1.7161
8.3279,539,1.7387
8.3322,543,1.7516
8.3365,548,1.7677
8.3409,550,1.7742
8.3452,550,1.7742
8.3494,549,1.7710
8.3537,547,1.7645
8.3580,540,1.7419
8.3624,535,1.7258
8.3667,529,1.7065
8.3710,521,1.6806
8.3752,514,1.6581
8.3795,508,1.6387
8.3839,502,1.6194
8.3882,500,1.6129
8.3925,501,1.6161
8.3971,500,1.6129
8.4014,501,1.6161
8.4057,502,1.6194
8.4101,502,1.6194
8.4144,501,1.6161
8.4187,502,1.6194
8.4230,501,1.6161
8.4273,502,1.6194
8.4316,502,1.6194
8.4359,502,1.6194
8.4402,503,1.6226
8.4445,504,1.6258
8.4488,505,1.6290
8.4531,506,1.6323
8.4574,505,1.6290
8.4617,501,1.6161
8.4662,489,1.5774
8.4706,472,1.5226
8.4750,464,1.4968
8.4793,484,1.5613
8.4836,537,1.7323
8.4880,614,1.9806
8.4923,705,2.2742
8.4966,786,2.5355
8.5009,818,2.6387
8.5052,788,2.5419
8.5095,712,2.2968
8.5138,618,1.9935
8.5181,532,1.7161
8.5224,477,1.5387
8.5267,452,1.4581
8.5310,448,1.4452
8.5353,459,1.4806
8.5396,471,1.5194
8.5439,479,1.5452
8.5483,484,1.5613
8.5525,485,1.5645
8.5568,486,1.5677
8.5611,486,1.5677
8.5655,486,1.5677
8.5698,487,1.5710
8.5740,487,1.5710
8.5783,488,1.5742
8.5826,489,1.5774
8.5870,489,1.5774
8.5913,492,1.5871
8.5956,492,1.5871
8.5999,492,1.5871
8.6042,494,1.5935
8.6085,494,1.5935
8.6128,494,1.5935
8.6171,493,1.5903
8.6214,495,1.5968
8.6263,494,1.5935
8.6306,494,1.5935
8.6349,495,1.5968
8.6392,496,1.6000
8.6435,497,1.6032
8.6478,497,1.6032
8.6521,499,1.6097
8.6564,499,1.6097
8.6607,501,1.6161
8.6650,505,1.6290
8.6693,512,1.6516
8.6736,518,1.6710
8.6779,524,1.6903
8.6822,531,1.7129
8.6865,539,1.7387
8.6909,546,1.7613
8.6952,552,1.7806
8.6995,558,1.8000
8.7038,563,1.8161
8.7081,569,1.8355
8.7124,572,1.8452
8.7167,574,1.8516
8.7210,577,1.8613
8.7253,579,1.8677
8.7296,578,1.8645
8.7339,579,1.8677
8.7382,578,1.8645
8.7425,577,1.8613
8.7469,574,1.8516
8.7512,571,1.8419
8.7555,567,1.8290
8.7598,563,1.8161
8.7641,557,1.7968
8.7689,550,1.7742
8.7732,544,1.7548
8.7775,537,1.7323
8.7818,531,1.7129
8.7861,524,1.6903
8.7904,517,1.6677
8.7948,510,1.6452
8.7991,503,1.6226
8.8033,496,1.6000
8.8077,489,1.5774
8.8120,483,1.5581
8.8163,478,1.5419
8.8206,476,1.5355
8.8248,475,1.5323
8.8292,476,1.5355
8.8335,478,1.5419
8.8378,479,1.5452
8.8426,481,1.5516
8.8469,483,1.5581
8.8512,482,1.5548
8.8555,483,1.5581
8.8598,483,1.5581
8.8641,483,1.5581
8.8684,484,1.5613
8.8727,485,1.5645
8.8770,487,1.5710
8.8813,486,1.5677
8.8856,486,1.5677
8.8899,487,1.5710
8.8943,488,1.5742
8.8986,488,1.5742
8.9029,489,1.5774
8.9072,490,1.5806
8.9115,491,1.5839
8.9157,490,1.5806
8.9201,492,1.5871
8.9244,493,1.5903
8.9286,493,1.5903
8.9329,493,1.5903
8.9372,494,1.5935
8.9415,494,1.5935
8.9457,495,1.5968
8.9501,496,1.6000
8.9543,496,1.6000
8.9586,497,1.6032
8.9629,497,1.6032
8.9671,496,1.6000
8.9714,497,1.6032
8.9756,498,1.6065
8.9799,498,1.6065
8.9842,498,1.6065
8.9886,498,1.6065
8.9938,499,1.6097
8.9981,499,1.6097
9.0024,500,1.6129
9.0067,501,1.6161
9.0110,501,1.6161
9.0154,502,1.6194
9.0196,502,1.6194
9.0239,501,1.6161
9.0282,502,1.6194
9.0327,502,1.6194
9.0370,503,1.6226
9.0413,504,1.6258
9.0457,503,1.6226
9.0500,504,1.6258
9.0549,505,1.6290
9.0598,509,1.6419
9.0643,516,1.6645
9.0686,523,1.6871
9.0730,531,1.7129
9.0774,538,1.7355
9.0816,542,1.7484
9.0859,547,1.7645
9.0902,550,1.7742
9.0945,551,1.7774
9.0987,550,1.7742
9.1030,548,1.7677
9.1072,543,1.7516
9.1115,536,1.7290
9.1157,529,1.7065
9.1200,521,1.6806
9.1243,515,1.6613
9.1285,508,1.6387
9.1328,501,1.6161
9.1370,498,1.6065
9.1413,498,1.6065
9.1456,497,1.6032
9.1499,498,1.6065
9.1542,500,1.6129
9.1584,502,1.6194
9.1627,503,1.6226
9.1669,504,1.6258
9.1712,504,1.6258
9.1754,504,1.6258
9.1797,504,1.6258
9.1839,504,1.6258
9.1882,504,1.6258
9.1924,504,1.6258
9.1967,504,1.6258
9.2009,506,1.6323
9.2052,506,1.6323
9.2095,503,1.6226
9.2137,498,1.6065
9.2180,484,1.5613
9.2222,469,1.5129
9.2265,469,1.5129
9.2307,500,1.6129
9.2350,560,1.8065
9.2393,643,2.0742
9.2435,729,2.3516
9.2478,803,2.5903
9.2520,819,2.6419
9.2563,772,2.4903
9.2606,691,2.2290
9.2648,596,1.9226
9.2691,517,1.6677
9.2733,472,1.5226
9.2776,453,1.4613
9.2818,452,1.4581
9.2861,463,1.4935
9.2903,475,1.5323
9.2946,483,1.5581
9.2989,485,1.5645
9.3032,486,1.5677
9.3075,487,1.5710
9.3117,487,1.5710
9.3160,488,1.5742
9.3203,488,1.5742
9.3246,489,1.5774
9.3330,490,1.5806
9.3374,492,1.5871
9.3418,493,1.5903
9.3461,493,1.5903
9.3503,493,1.5903
9.3546,493,1.5903
9.3589,493,1.5903
9.3635,493,1.5903
9.3681,495,1.5968
9.3726,494,1.5935
9.3769,494,1.5935
9.3812,494,1.5935
9.3855,496,1.6000
9.3897,496,1.6000
9.3941,497,1.6032
9.3983,498,1.6065
9.4026,497,1.6032
9.4068,498,1.6065
9.4111,500,1.6129
9.4154,506,1.6323
9.4196,512,1.6516
9.4239,518,1.6710
9.4282,526,1.6968
9.4326,531,1.7129
9.4369,537,1.7323
9.4411,543,1.7516
9.4454,550,1.7742
9.4497,555,1.7903
9.4540,561,1.8097
9.4583,566,1.8258
9.4625,570,1.8387
9.4668,573,1.8484
9.4711,577,1.8613
9.4753,578,1.8645
9.4796,579,1.8677
9.4839,578,1.8645
9.4881,578,1.8645
9.4925,576,1.8581
9.4968,574,1.8516
9.5011,572,1.8452
9.5054,569,1.8355
9.5096,564,1.8194
9.5139,559,1.8032
9.5182,553,1.7839
9.5225,547,1.7645
9.5268,540,1.7419
9.5311,532,1.7161
9.5354,525,1.6935
9.5397,519,1.6742
9.5440,513,1.6548
9.5483,505,1.6290
9.5526,498,1.6065
9.5569,492,1.5871
9.5612,485,1.5645
9.5655,479,1.5452
9.5698,476,1.5355
9.5741,476,1.5355
9.5784,476,1.5355
9.5827,477,1.5387
9.5870,479,1.5452
9.5913,481,1.5516
9.5956,482,1.5548
9.6000,482,1.5548
9.6043,482,1.5548
9.6086,482,1.5548
9.6128,483,1.5581
9.6172,484,1.5613
9.6215,485,1.5645
9.6258,485,1.5645
9.6301,485,1.5645
9.6344,486,1.5677
9.6387,486,1.5677
9.6430,487,1.5710
9.6473,488,1.5742
9.6516,488,1.5742
9.6559,490,1.5806
9.6602,491,1.5839
9.6645,490,1.5806
9.6688,490,1.5806
9.6731,492,1.5871
9.6774,490,1.5806
9.6817,490,1.5806
9.6860,492,1.5871
9.6903,493,1.5903
9.6946,493,1.5903
9.6989,493,1.5903
9.7032,494,1.5935
9.7075,495,1.5968
9.7118,496,1.6000
9.7161,497,1.6032
9.7204,497,1.6032
9.7246,497,1.6032
9.7289,497,1.6032
9.7332,498,1.6065
9.7376,499,1.6097
9.7418,501,1.6161
9.7461,501,1.6161
9.7504,500,1.6129
9.7547,500,1.6129
9.7590,501,1.6161
9.7633,501,1.6161
9.7676,502,1.6194
9.7719,502,1.6194
9.7762,501,1.6161
9.7805,500,1.6129
9.7848,502,1.6194
9.7891,502,1.6194
9.7933,503,1.6226
9.7976,503,1.6226
9.8019,502,1.6194
9.8062,504,1.6258
9.8105,510,1.6452
9.8148,518,1.6710
9.8191,526,1.6968
9.8234,533,1.7194
9.8277,539,1.7387
9.8320,544,1.7548
9.8363,549,1.7710
9.8406,552,1.7806
9.8449,553,1.7839
9.8492,552,1.7806
9.8535,549,1.7710
9.8578,544,1.7548
9.8621,537,1.7323
9.8664,531,1.7129
9.8707,522,1.6839
9.8750,515,1.6613
9.8793,509,1.6419
9.8836,503,1.6226
9.8879,500,1.6129
9.8922,500,1.6129
9.8965,501,1.6161
9.9008,501,1.6161
9.9051,501,1.6161
9.9094,501,1.6161
9.9137,502,1.6194
9.9180,502,1.6194
9.9223,502,1.6194
9.9266,503,1.6226
9.9309,502,1.6194
9.9352,502,1.6194
9.9395,503,1.6226
9.9438,503,1.6226
9.9481,504,1.6258
9.9523,504,1.6258
9.9566,504,1.6258
9.9609,501,1.6161
9.9654,491,1.5839
9.9697,475,1.5323
9.9741,464,1.4968
9.9784,477,1.5387
9.9827,521,1.6806
9.9870,592,1.9097
9.9913,680,2.1935
9.9956,770,2.4839
10.0000,820,2.6452
10.0042,803,2.5903
10.0085,735,2.3710
10.0142,609,1.9645
10.0200,503,1.6226
10.0246,461,1.4871
10.0291,448,1.4452
10.0337,453,1.4613
10.0384,468,1.5097
10.0429,479,1.5452
10.0472,483,1.5581
10.0515,485,1.5645
10.0559,486,1.5677
10.0602,485,1.5645
10.0645,485,1.5645
10.0688,486,1.5677
10.0731,486,1.5677
10.0778,487,1.5710
10.0821,487,1.5710
10.0864,488,1.5742
10.0907,490,1.5806
10.0950,490,1.5806
10.0994,491,1.5839
10.1037,492,1.5871
10.1081,492,1.5871
10.1123,492,1.5871
10.1166,493,1.5903
10.1209,493,1.5903
10.1251,493,1.5903
10.1294,493,1.5903
10.1337,494,1.5935
10.1379,494,1.5935
10.1422,496,1.6000
10.1465,496,1.6000
10.1508,497,1.6032
10.1551,497,1.6032
10.1593,497,1.6032
10.1636,500,1.6129
10.1679,507,1.6355
10.1722,513,1.6548
10.1764,520,1.6774
10.1807,528,1.7032
10.1850,535,1.7258
10.1893,541,1.7452
10.1935,547,1.7645
10.1978,553,1.7839
10.2021,558,1.8000
10.2064,563,1.8161
10.2107,566,1.8258
10.2150,570,1.8387
10.2193,573,1.8484
10.2236,577,1.8613
10.2279,580,1.8710
10.2322,580,1.8710
10.2365,578,1.8645
10.2410,577,1.8613
10.2453,574,1.8516
10.2496,571,1.8419
10.2539,568,1.8323
10.2583,563,1.8161
10.2626,558,1.8000
10.2670,552,1.7806
10.2714,547,1.7645
10.2757,540,1.7419
10.2801,534,1.7226
10.2844,528,1.7032
10.2888,521,1.6806
10.2931,514,1.6581
10.2974,507,1.6355
10.3017,500,1.6129
10.3060,494,1.5935
10.3103,487,1.5710
10.3146,481,1.5516
10.3189,477,1.5387
10.3232,477,1.5387
10.3276,478,1.5419
10.3318,479,1.5452
10.3361,481,1.5516
10.3404,481,1.5516
10.3447,481,1.5516
10.3491,481,1.5516
10.3534,482,1.5548
10.3577,484,1.5613
10.3620,485,1.5645
10.3663,485,1.5645
10.3706,486,1.5677
10.3749,487,1.5710
10.3792,486,1.5677
10.3835,486,1.5677
10.3878,486,1.5677
10.3921,488,1.5742
10.3964,489,1.5774
10.4007,489,1.5774
10.4050,488,1.5742
10.4093,490,1.5806
10.4136,491,1.5839
10.4179,491,1.5839
10.4222,491,1.5839
10.4265,492,1.5871
10.4308,492,1.5871
10.4351,493,1.5903
10.4394,493,1.5903
10.4437,495,1.5968
10.4480,495,1.5968
10.4524,496,1.6000
10.4567,497,1.6032
10.4610,497,1.6032
10.4653,497,1.6032
10.4701,497,1.6032
10.4744,498,1.6065
10.4787,499,1.6097
10.4830,498,1.6065
10.4873,498,1.6065
10.4916,499,1.6097
10.4959,500,1.6129
10.5002,499,1.6097
10.5045,500,1.6129
10.5088,500,1.6129
10.5132,500,1.6129
10.5175,501,1.6161
10.5218,502,1.6194
10.5260,502,1.6194
10.5303,502,1.6194
10.5347,504,1.6258
10.5390,505,1.6290
10.5433,505,1.6290
10.5476,505,1.6290
10.5519,505,1.6290
10.5562,508,1.6387
10.5606,512,1.6516
10.5649,518,1.6710
10.5692,527,1.7000
10.5735,534,1.7226
10.5778,540,1.7419
10.5821,544,1.7548
10.5864,548,1.7677
10.5907,551,1.7774
10.5950,550,1.7742
10.5993,550,1.7742
10.6036,547,1.7645
10.6079,542,1.7484
10.6122,536,1.7290
10.6165,531,1.7129
10.6208,523,1.6871
10.6251,515,1.6613
10.6294,508,1.6387
10.6338,501,1.6161
10.6381,499,1.6097
10.6423,498,1.6065
10.6466,500,1.6129
10.6509,501,1.6161
10.6553,500,1.6129
10.6596,501,1.6161
10.6639,502,1.6194
10.6682,502,1.6194
10.6725,503,1.6226
10.6768,501,1.6161
10.6811,503,1.6226
10.6854,503,1.6226
10.6897,503,1.6226
10.6947,505,1.6290
10.6991,505,1.6290
10.7034,506,1.6323
10.7077,506,1.6323
10.7120,500,1.6129
10.7164,490,1.5806
10.7207,472,1.5226
10.7249,464,1.4968
10.7292,482,1.5548
10.7335,534,1.7226
10.7379,610,1.9677
10.7422,699,2.2548
10.7464,783,2.5258
10.7507,820,2.6452
10.7550,792,2.5548
10.7594,718,2.3161
10.7637,625,2.0161
10.7680,537,1.7323
10.7723,482,1.5548
10.7766,456,1.4710
10.7809,451,1.4548
10.7852,460,1.4839
10.7895,474,1.5290
10.7938,482,1.5548
10.7981,486,1.5677
10.8024,486,1.5677
10.8067,485,1.5645
10.8110,485,1.5645
10.8153,486,1.5677
10.8196,486,1.5677
10.8239,488,1.5742
10.8282,487,1.5710
10.8325,489,1.5774
10.8368,489,1.5774
10.8412,489,1.5774
10.8454,490,1.5806
10.8497,493,1.5903
10.8540,493,1.5903
10.8584,492,1.5871
10.8629,493,1.5903
10.8674,494,1.5935
10.8718,494,1.5935
10.8761,496,1.6000
10.8805,496,1.6000
10.8848,496,1.6000
10.8890,497,1.6032
10.8933,498,1.6065
10.8976,500,1.6129
10.9020,499,1.6097
10.9063,499,1.6097
10.9106,502,1.6194
10.9152,507,1.6355
10.9196,514,1.6581
10.9239,519,1.6742
10.9282,525,1.6935
10.9325,532,1.7161
10.9368,539,1.7387
10.9411,545,1.7581
10.9454,549,1.7710
10.9497,554,1.7871
10.9540,561,1.8097
10.9583,564,1.8194
10.9626,570,1.8387
10.9669,573,1.8484
10.9712,576,1.8581
10.9755,579,1.8677
10.9798,580,1.8710
10.9841,580,1.8710
10.9884,578,1.8645
10.9927,578,1.8645
10.9972,574,1.8516
11.0015,572,1.8452
11.0059,567,1.8290
11.0102,563,1.8161
11.0144,557,1.7968
11.0187,552,1.7806
11.0230,545,1.7581
11.0273,537,1.7323
11.0315,532,1.7161
11.0358,525,1.6935
11.0401,519,1.6742
11.0444,511,1.6484
11.0486,505,1.6290
11.0529,499,1.6097
11.0572,493,1.5903
11.0614,487,1.5710
11.0657,481,1.5516
11.0700,477,1.5387
11.0743,476,1.5355
11.0785,478,1.5419
11.0828,478,1.5419
11.0870,479,1.5452
11.0913,480,1.5484
11.0956,482,1.5548
11.0998,483,1.5581
11.1041,483,1.5581
11.1083,483,1.5581
11.1126,483,1.5581
11.1169,484,1.5613
11.1213,485,1.5645
11.1255,485,1.5645
11.1299,487,1.5710
11.1342,488,1.5742
11.1391,489,1.5774
11.1434,489,1.5774
11.1477,489,1.5774
11.1520,489,1.5774
11.1563,489,1.5774
11.1607,490,1.5806
11.1651,491,1.5839
11.1695,491,1.5839
11.1739,491,1.5839
11.1782,492,1.5871
11.1826,494,1.5935
11.1869,494,1.5935
11.1912,495,1.5968
11.1955,495,1.5968
11.1998,495,1.5968
11.2041,495,1.5968
11.2084,496,1.6000
11.2127,498,1.6065
11.2170,498,1.6065
11.2212,499,1.6097
11.2255,499,1.6097
11.2298,499,1.6097
11.2341,500,1.6129
11.2383,500,1.6129
11.2426,501,1.6161
11.2468,500,1.6129
11.2511,502,1.6194
11.2553,502,1.6194
11.2596,501,1.6161
11.2639,501,1.6161
11.2681,500,1.6129
11.2724,501,1.6161
11.2767,502,1.6194
11.2809,503,1.6226
11.2852,503,1.6226
11.2895,504,1.6258
11.2937,504,1.6258
11.2980,503,1.6226
11.3023,504,1.6258
11.3065,506,1.6323
11.3108,511,1.6484
11.3151,517,1.6677
11.3194,525,1.6935
11.3237,532,1.7161
11.3280,540,1.7419
11.3324,545,1.7581
11.3369,549,1.7710
11.3412,550,1.7742
11.3456,550,1.7742
11.3498,550,1.7742
11.3542,547,1.7645
11.3585,542,1.7484
11.3628,536,1.7290
11.3671,529,1.7065
11.3714,522,1.6839
11.3756,514,1.6581
11.3800,508,1.6387
11.3843,502,1.6194
11.3886,500,1.6129
11.3929,501,1.6161
11.3972,502,1.6194
11.4014,503,1.6226
11.4058,502,1.6194
11.4101,502,1.6194
11.4144,502,1.6194
11.4187,503,1.6226
11.4230,503,1.6226
11.4273,504,1.6258
11.4316,505,1.6290
11.4359,505,1.6290
11.4402,506,1.6323
11.4445,506,1.6323
11.4488,507,1.6355
11.4531,507,1.6355
11.4574,506,1.6323
11.4617,503,1.6226
11.4660,492,1.5871
11.4703,476,1.5355
11.4746,465,1.5000
11.4789,481,1.5516
11.4832,529,1.7065
11.4875,603,1.9452
11.4918,690,2.2258
11.4961,775,2.5000
11.5004,820,2.6452
11.5047,800,2.5806
11.5090,728,2.3484
11.5133,636,2.0516
11.5176,545,1.7581
11.5218,484,1.5613
11.5261,456,1.4710
11.5304,449,1.4484
11.5347,457,1.4742
11.5390,470,1.5161
11.5432,479,1.5452
11.5475,483,1.5581
11.5517,484,1.5613
11.5560,484,1.5613
11.5603,485,1.5645
11.5646,486,1.5677
11.5689,486,1.5677
11.5732,487,1.5710
11.5775,487,1.5710
11.5818,488,1.5742
11.5861,488,1.5742
11.5904,489,1.5774
11.5947,491,1.5839
11.5990,491,1.5839
11.6033,491,1.5839
11.6076,492,1.5871
11.6119,492,1.5871
11.6163,492,1.5871
11.6206,493,1.5903
11.6249,493,1.5903
11.6293,494,1.5935
11.6336,493,1.5903
11.6380,494,1.5935
11.6423,495,1.5968
11.6466,496,1.6000
11.6509,495,1.5968
11.6553,496,1.6000
11.6596,497,1.6032
11.6640,503,1.6226
11.6683,510,1.6452
11.6727,516,1.6645
11.6770,523,1.6871
11.6814,530,1.7097
11.6857,537,1.7323
11.6901,543,1.7516
11.6944,550,1.7742
11.6988,555,1.7903
11.7031,560,1.8065
11.7074,566,1.8258
11.7118,569,1.8355
11.7162,572,1.8452
11.7205,576,1.8581
11.7248,578,1.8645
11.7291,580,1.8710
11.7334,579,1.8677
11.7377,578,1.8645
11.7420,577,1.8613
11.7463,577,1.8613
11.7506,573,1.8484
11.7549,569,1.8355
11.7592,563,1.8161
11.7635,558,1.8000
11.7679,553,1.7839
11.7723,547,1.7645
11.7767,538,1.7355
11.7810,533,1.7194
11.7853,526,1.6968
11.7896,518,1.6710
11.7939,512,1.6516
11.7982,506,1.6323
11.8025,498,1.6065
11.8068,492,1.5871
11.8111,485,1.5645
11.8154,481,1.5516
11.8197,478,1.5419
11.8240,477,1.5387
11.8283,478,1.5419
11.8326,479,1.5452
11.8369,479,1.5452
11.8412,480,1.5484
11.8455,480,1.5484
11.8498,481,1.5516
11.8541,481,1.5516
11.8584,482,1.5548
11.8627,484,1.5613
11.8670,484,1.5613
11.8713,485,1.5645
11.8756,486,1.5677
11.8799,487,1.5710
11.8843,487,1.5710
11.8886,487,1.5710
11.8929,487,1.5710
11.8971,488,1.5742
11.9014,488,1.5742
11.9057,488,1.5742
11.9101,488,1.5742
11.9144,489,1.5774
11.9187,490,1.5806
11.9230,490,1.5806
11.9273,491,1.5839
11.9316,491,1.5839
11.9359,492,1.5871
11.9402,492,1.5871
11.9445,494,1.5935
11.9488,494,1.5935
11.9531,494,1.5935
11.9574,495,1.5968
11.9617,495,1.5968
11.9660,495,1.5968
11.9703,495,1.5968
11.9746,497,1.6032
11.9789,495,1.5968
11.9832,496,1.6000
11.9876,496,1.6000
11.9918,499,1.6097
11.9961,499,1.6097
12.0004,498,1.6065
12.0047,499,1.6097
12.0090,499,1.6097
12.0134,500,1.6129
12.0177,500,1.6129
12.0220,500,1.6129
12.0263,500,1.6129
12.0306,502,1.6194
12.0349,501,1.6161
12.0392,502,1.6194
12.0435,503,1.6226
12.0478,502,1.6194
12.0521,503,1.6226
12.0564,505,1.6290
12.0607,509,1.6419
12.0652,517,1.6677
12.0697,526,1.6968
12.0741,533,1.7194
12.0784,540,1.7419
12.0827,545,1.7581
12.0870,549,1.7710
12.0913,551,1.7774
12.0956,551,1.7774
12.0999,550,1.7742
12.1042,547,1.7645
12.1086,542,1.7484
12.1128,537,1.7323
12.1171,529,1.7065
12.1215,521,1.6806
12.1258,513,1.6548
12.1302,507,1.6355
12.1345,501,1.6161
12.1388,499,1.6097
12.1431,499,1.6097
12.1474,499,1.6097
12.1517,500,1.6129
12.1560,501,1.6161
12.1603,501,1.6161
12.1646,502,1.6194
12.1690,503,1.6226
12.1733,503,1.6226
12.1776,503,1.6226
12.1819,502,1.6194
12.1862,503,1.6226
12.1905,503,1.6226
12.1948,505,1.6290
12.1991,505,1.6290
12.2034,504,1.6258
12.2077,504,1.6258
12.2120,501,1.6161
12.2164,489,1.5774
12.2207,473,1.5258
12.2250,465,1.5000
12.2293,483,1.5581
12.2336,534,1.7226
12.2379,610,1.9677
12.2422,698,2.2516
12.2467,785,2.5323
12.2511,819,2.6419
12.2554,792,2.5548
12.2596,715,2.3065
12.2639,621,2.0032
12.2682,534,1.7226
12.2726,479,1.5452
12.2769,454,1.4645
12.2812,450,1.4516
12.2855,460,1.4839
12.2898,474,1.5290
12.2941,483,1.5581
12.2984,486,1.5677
12.3027,486,1.5677
12.3070,486,1.5677
12.3113,486,1.5677
12.3156,487,1.5710
12.3199,488,1.5742
12.3243,488,1.5742
12.3288,489,1.5774
12.3332,489,1.5774
12.3375,490,1.5806
12.3417,489,1.5774
12.3460,489,1.5774
12.3503,491,1.5839
12.3547,491,1.5839
12.3590,491,1.5839
12.3632,492,1.5871
12.3675,492,1.5871
12.3718,492,1.5871
12.3762,494,1.5935
12.3805,495,1.5968
12.3848,495,1.5968
12.3891,495,1.5968
12.3934,496,1.6000
12.3977,497,1.6032
12.4020,499,1.6097
12.4063,499,1.6097
12.4108,501,1.6161
12.4151,506,1.6323
12.4195,512,1.6516
12.4238,519,1.6742
12.4281,526,1.6968
12.4324,534,1.7226
12.4367,540,1.7419
12.4410,547,1.7645
12.4453,552,1.7806
12.4496,557,1.7968
12.4539,561,1.8097
12.4582,566,1.8258
12.4625,570,1.8387
12.4668,574,1.8516
12.4711,578,1.8645
12.4754,580,1.8710
12.4798,581,1.8742
12.4841,581,1.8742
12.4883,580,1.8710
12.4926,579,1.8677
12.4970,576,1.8581
12.5013,572,1.8452
12.5056,568,1.8323
12.5098,563,1.8161
12.5141,559,1.8032
12.5185,553,1.7839
12.5228,547,1.7645
12.5271,540,1.7419
12.5314,534,1.7226
12.5357,528,1.7032
12.5401,521,1.6806
12.5443,515,1.6613
12.5486,509,1.6419
12.5529,501,1.6161
12.5572,494,1.5935
12.5616,487,1.5710
12.5659,481,1.5516
12.5704,479,1.5452
12.5748,480,1.5484
12.5791,480,1.5484
12.5834,480,1.5484
12.5877,480,1.5484
12.5920,481,1.5516
12.5963,481,1.5516
12.6006,483,1.5581
12.6049,483,1.5581
12.6092,484,1.5613
12.6135,486,1.5677
12.6178,487,1.5710
12.6221,487,1.5710
12.6264,487,1.5710
12.6307,487,1.5710
12.6353,487,1.5710
12.6397,487,1.5710
12.6440,488,1.5742
12.6483,489,1.5774
12.6526,490,1.5806
12.6569,491,1.5839
12.6612,492,1.5871
12.6657,492,1.5871
12.6701,493,1.5903
12.6745,494,1.5935
12.6789,494,1.5935
12.6832,495,1.5968
12.6875,495,1.5968
12.6918,495,1.5968
12.6961,495,1.5968
12.7009,496,1.6000
12.7052,496,1.6000
12.7095,497,1.6032
12.7138,498,1.6065
12.7181,496,1.6000
12.7224,496,1.6000
12.7268,496,1.6000
12.7311,497,1.6032
12.7354,498,1.6065
12.7397,500,1.6129
12.7440,500,1.6129
12.7483,501,1.6161
12.7526,501,1.6161
12.7569,501,1.6161
12.7612,501,1.6161
12.7655,502,1.6194
12.7698,503,1.6226
12.7741,503,1.6226
12.7784,503,1.6226
12.7828,504,1.6258
12.7871,504,1.6258
12.7914,505,1.6290
12.7956,504,1.6258
12.8000,504,1.6258
12.8043,505,1.6290
12.8086,509,1.6419
12.8129,515,1.6613
12.8172,521,1.6806
12.8215,527,1.7000
12.8259,535,1.7258
12.8302,543,1.7516
12.8345,546,1.7613
12.8388,550,1.7742
12.8431,551,1.7774
12.8474,552,1.7806
12.8517,548,1.7677
12.8560,543,1.7516
12.8603,537,1.7323
12.8646,532,1.7161
12.8689,527,1.7000
12.8732,519,1.6742
12.8775,511,1.6484
12.8818,505,1.6290
12.8862,502,1.6194
12.8905,499,1.6097
12.8947,497,1.6032
12.8991,497,1.6032
12.9034,498,1.6065
12.9081,499,1.6097
12.9125,500,1.6129
12.9167,501,1.6161
12.9212,501,1.6161
12.9254,500,1.6129
12.9297,502,1.6194
12.9340,504,1.6258
12.9383,504,1.6258
12.9425,504,1.6258
12.9468,504,1.6258
12.9511,504,1.6258
12.9553,505,1.6290
12.9596,504,1.6258
12.9639,498,1.6065
12.9683,483,1.5581
12.9727,468,1.5097
12.9771,470,1.5161
12.9814,504,1.6258
12.9858,566,1.8258
12.9901,652,2.1032
12.9944,743,2.3968
12.9987,807,2.6032
13.0030,813,2.6226
13.0073,759,2.4484
13.0116,673,2.1710
13.0159,577,1.8613
13.0202,504,1.6258
13.0245,463,1.4935
13.0289,447,1.4419
13.0332,450,1.4516
13.0375,464,1.4968
13.0417,477,1.5387
13.0460,483,1.5581
13.0504,485,1.5645
13.0547,485,1.5645
13.0590,485,1.5645
13.0632,485,1.5645
13.0675,486,1.5677
13.0718,488,1.5742
13.0761,489,1.5774
13.0805,488,1.5742
13.0847,490,1.5806
13.0890,492,1.5871
13.0934,490,1.5806
13.0977,491,1.5839
13.1019,491,1.5839
13.1062,491,1.5839
13.1106,492,1.5871
13.1148,493,1.5903
13.1191,493,1.5903
13.1235,493,1.5903
13.1278,494,1.5935
13.1321,494,1.5935
13.1364,495,1.5968
13.1407,495,1.5968
13.1450,496,1.6000
13.1493,496,1.6000
13.1536,496,1.6000
13.1579,496,1.6000
13.1622,499,1.6097
13.1665,505,1.6290
13.1709,512,1.6516
13.1751,518,1.6710
13.1795,526,1.6968
13.1838,531,1.7129
13.1880,539,1.7387
13.1924,546,1.7613
13.1967,551,1.7774
13.2009,556,1.7935
13.2052,563,1.8161
13.2095,568,1.8323
13.2138,572,1.8452
13.2181,574,1.8516
13.2224,576,1.8581
13.2267,579,1.8677
13.2310,580,1.8710
13.2354,578,1.8645
13.2397,578,1.8645
13.2440,577,1.8613
13.2483,573,1.8484
13.2526,569,1.8355
13.2569,565,1.8226
13.2612,561,1.8097
13.2655,556,1.7935
13.2697,550,1.7742
13.2741,545,1.7581
13.2784,538,1.7355
13.2827,530,1.7097
13.2870,523,1.6871
13.2913,515,1.6613
13.2956,509,1.6419
13.2999,502,1.6194
13.3042,495,1.5968
13.3085,489,1.5774
13.3128,483,1.5581
13.3171,477,1.5387
13.3214,474,1.5290
13.3257,474,1.5290
13.3300,477,1.5387
13.3344,478,1.5419
13.3386,479,1.5452
13.3429,479,1.5452
13.3471,480,1.5484
13.3514,481,1.5516
13.3557,482,1.5548
13.3600,482,1.5548
13.3642,483,1.5581
13.3685,484,1.5613
13.3728,485,1.5645
13.3771,485,1.5645
13.3813,484,1.5613
13.3856,485,1.5645
13.3899,486,1.5677
13.3942,486,1.5677
13.3985,487,1.5710
13.4027,488,1.5742
13.4070,489,1.5774
13.4113,490,1.5806
13.4156,490,1.5806
13.4198,491,1.5839
13.4241,491,1.5839
13.4284,492,1.5871
13.4327,491,1.5839
13.4370,492,1.5871
13.4413,493,1.5903
13.4456,494,1.5935
13.4499,494,1.5935
13.4542,494,1.5935
13.4585,495,1.5968
13.4628,496,1.6000
13.4671,497,1.6032
13.4714,498,1.6065
13.4757,499,1.6097
13.4800,498,1.6065
13.4843,499,1.6097
13.4886,499,1.6097
13.4929,499,1.6097
13.4973,499,1.6097
13.5016,500,1.6129
13.5059,501,1.6161
13.5102,502,1.6194
13.5145,502,1.6194
13.5188,502,1.6194
13.5231,501,1.6161
13.5274,501,1.6161
13.5318,502,1.6194
13.5361,503,1.6226
13.5404,502,1.6194
13.5447,502,1.6194
13.5490,504,1.6258
13.5533,505,1.6290
13.5576,508,1.6387
13.5620,514,1.6581
13.5664,521,1.6806
13.5708,527,1.7000
13.5753,535,1.7258
13.5797,541,1.7452
13.5840,545,1.7581
13.5883,548,1.7677
13.5926,551,1.7774
13.5969,550,1.7742
13.6012,550,1.7742
13.6055,546,1.7613
13.6098,541,1.7452
13.6141,534,1.7226
13.6184,527,1.7000
13.6227,520,1.6774
13.6271,511,1.6484
13.6314,506,1.6323
13.6358,502,1.6194
13.6401,502,1.6194
13.6444,503,1.6226
13.6486,503,1.6226
13.6529,503,1.6226
13.6573,501,1.6161
13.6616,500,1.6129
13.6659,501,1.6161
13.6701,502,1.6194
13.6744,502,1.6194
13.6786,504,1.6258
13.6830,505,1.6290
13.6872,506,1.6323
13.6915,507,1.6355
13.6957,506,1.6323
13.7001,506,1.6323
13.7043,506,1.6323
13.7086,506,1.6323
13.7129,502,1.6194
13.7171,490,1.5806
13.7214,473,1.5258
13.7256,467,1.5065
13.7299,490,1.5806
13.7343,543,1.7516
13.7389,628,2.0258
13.7432,719,2.3194
13.7475,796,2.5677
13.7517,822,2.6516
13.7560,786,2.5355
13.7602,706,2.2774
13.7645,611,1.9710
13.7688,527,1.7000
13.7731,475,1.5323
13.7773,453,1.4613
13.7816,450,1.4516
13.7859,460,1.4839
13.7902,474,1.5290
13.7945,481,1.5516
13.7988,486,1.5677
13.8030,487,1.5710
13.8073,486,1.5677
13.8116,487,1.5710
13.8158,488,1.5742
13.8204,487,1.5710
13.8246,488,1.5742
13.8292,489,1.5774
13.8335,490,1.5806
13.8378,489,1.5774
13.8420,491,1.5839
13.8463,491,1.5839
13.8506,492,1.5871
13.8548,492,1.5871
13.8591,493,1.5903
13.8634,494,1.5935
13.8678,494,1.5935
13.8722,492,1.5871
13.8764,493,1.5903
13.8807,493,1.5903
13.8850,493,1.5903
13.8893,494,1.5935
13.8936,494,1.5935
13.8978,495,1.5968
13.9023,496,1.6000
13.9066,496,1.6000
13.9109,498,1.6065
13.9151,504,1.6258
13.9194,509,1.6419
13.9237,516,1.6645
13.9280,523,1.6871
13.9322,530,1.7097
13.9366,537,1.7323
13.9408,542,1.7484
13.9451,547,1.7645
13.9494,555,1.7903
13.9536,560,1.8065
13.9579,565,1.8226
13.9622,568,1.8323
13.9665,572,1.8452
13.9708,575,1.8548
13.9751,577,1.8613
13.9793,576,1.8581
13.9837,577,1.8613
13.9880,575,1.8548
13.9923,574,1.8516
13.9966,573,1.8484
14.0009,571,1.8419
14.0052,567,1.8290
14.0095,563,1.8161
14.0138,558,1.8000
14.0181,552,1.7806
14.0224,545,1.7581
14.0267,539,1.7387
14.0310,531,1.7129
14.0354,526,1.6968
14.0397,518,1.6710
14.0441,511,1.6484
14.0484,506,1.6323
14.0528,500,1.6129
14.0571,494,1.5935
14.0614,489,1.5774
14.0658,483,1.5581
14.0702,479,1.5452
14.0745,479,1.5452
14.0788,480,1.5484
14.0832,480,1.5484
14.0875,480,1.5484
14.0919,482,1.5548
14.0962,482,1.5548
14.1005,483,1.5581
14.1049,484,1.5613
14.1092,484,1.5613
14.1135,485,1.5645
14.1179,486,1.5677
14.1222,488,1.5742
14.1266,487,1.5710
14.1310,487,1.5710
14.1355,488,1.5742
14.1398,488,1.5742
14.1441,489,1.5774
14.1484,489,1.5774
14.1527,491,1.5839
14.1570,491,1.5839
14.1613,491,1.5839
14.1656,492,1.5871
14.1699,493,1.5903
14.1742,494,1.5935
14.1785,495,1.5968
14.1828,495,1.5968
14.1871,495,1.5968
14.1914,495,1.5968
14.1957,495,1.5968
14.2001,495,1.5968
14.2044,495,1.5968
14.2087,495,1.5968
14.2130,495,1.5968
14.2173,496,1.6000
14.2216,497,1.6032
14.2258,499,1.6097
14.2301,499,1.6097
14.2345,497,1.6032
14.2388,497,1.6032
14.2431,499,1.6097
14.2474,500,1.6129
14.2517,501,1.6161
14.2560,502,1.6194
14.2603,503,1.6226
14.2646,503,1.6226
14.2689,503,1.6226
14.2732,504,1.6258
14.2775,504,1.6258
14.2818,502,1.6194
14.2861,502,1.6194
14.2904,503,1.6226
14.2947,503,1.6226
14.2990,505,1.6290
14.3033,505,1.6290
14.3076,507,1.6355
14.3119,512,1.6516
14.3162,519,1.6742
14.3205,527,1.7000
14.3248,533,1.7194
14.3291,541,1.7452
14.3334,546,1.7613
14.3377,550,1.7742
14.3420,553,1.7839
14.3463,553,1.7839
14.3506,551,1.7774
14.3550,545,1.7581
14.3593,539,1.7387
14.3636,534,1.7226
14.3679,526,1.6968
14.3721,520,1.6774
14.3765,514,1.6581
14.3808,507,1.6355
14.3851,502,1.6194
14.3894,500,1.6129
14.3937,499,1.6097
14.3980,500,1.6129
14.4023,500,1.6129
14.4066,500,1.6129
14.4109,501,1.6161
14.4152,502,1.6194
14.4195,503,1.6226
14.4238,502,1.6194
14.4282,502,1.6194
14.4326,502,1.6194
14.4370,503,1.6226
14.4413,504,1.6258
14.4456,504,1.6258
14.4499,505,1.6290
14.4541,505,1.6290
14.4585,505,1.6290
14.4628,499,1.6097
14.4672,487,1.5710
14.4716,470,1.5161
14.4760,467,1.5065
14.4804,492,1.5871
14.4847,548,1.7677
14.4890,627,2.0226
14.4933,718,2.3161
14.4977,796,2.5677
14.5020,818,2.6387
14.5063,779,2.5129
14.5106,699,2.2548
14.5149,604,1.9484
14.5192,521,1.6806
14.5235,472,1.5226
14.5279,451,1.4548
14.5323,451,1.4548
14.5366,464,1.4968
14.5410,476,1.5355
14.5452,483,1.5581
14.5495,486,1.5677
14.5538,486,1.5677
14.5581,486,1.5677
14.5624,486,1.5677
14.5667,487,1.5710
14.5710,487,1.5710
14.5753,488,1.5742
14.5797,488,1.5742
14.5840,488,1.5742
14.5883,489,1.5774
14.5926,491,1.5839
14.5969,491,1.5839
14.6013,491,1.5839
14.6056,491,1.5839
14.6098,491,1.5839
14.6141,492,1.5871
14.6184,492,1.5871
14.6228,494,1.5935
14.6270,496,1.6000
14.6313,497,1.6032
14.6357,498,1.6065
14.6400,498,1.6065
14.6443,498,1.6065
14.6486,498,1.6065
14.6529,499,1.6097
14.6572,499,1.6097
14.6615,501,1.6161
14.6658,505,1.6290
14.6701,512,1.6516
14.6750,519,1.6742
14.6794,526,1.6968
14.6838,533,1.7194
14.6881,539,1.7387
14.6924,547,1.7645
14.6967,552,1.7806
14.7010,557,1.7968
14.7053,563,1.8161
14.7096,569,1.8355
14.7139,571,1.8419
14.7182,575,1.8548
14.7225,577,1.8613
14.7268,582,1.8774
14.7311,580,1.8710
14.7354,582,1.8774
14.7397,580,1.8710
14.7441,577,1.8613
14.7484,574,1.8516
14.7527,571,1.8419
14.7569,567,1.8290
14.7615,561,1.8097
14.7659,555,1.7903
14.7702,550,1.7742
14.7746,543,1.7516
14.7789,537,1.7323
14.7831,530,1.7097
14.7874,524,1.6903
14.7917,517,1.6677
14.7959,509,1.6419
14.8002,503,1.6226
14.8045,496,1.6000
14.8087,490,1.5806
14.8130,484,1.5613
14.8173,479,1.5452
14.8215,477,1.5387
14.8258,475,1.5323
14.8301,476,1.5355
14.8343,477,1.5387
14.8386,478,1.5419
14.8429,480,1.5484
14.8471,481,1.5516
14.8514,481,1.5516
14.8557,483,1.5581
14.8600,483,1.5581
14.8642,483,1.5581
14.8685,483,1.5581
14.8727,484,1.5613
14.8770,484,1.5613
14.8813,485,1.5645
14.8855,484,1.5613
14.8898,485,1.5645
14.8940,487,1.5710
14.8983,488,1.5742
14.9026,489,1.5774
14.9068,489,1.5774
14.9111,490,1.5806
14.9154,491,1.5839
14.9197,492,1.5871
14.9239,491,1.5839
14.9282,492,1.5871
14.9324,493,1.5903
14.9367,494,1.5935
14.9410,494,1.5935
14.9453,494,1.5935
14.9496,495,1.5968
14.9538,495,1.5968
14.9581,496,1.6000
14.9624,496,1.6000
14.9668,496,1.6000
14.9710,496,1.6000
14.9753,497,1.6032
14.9796,498,1.6065
14.9839,498,1.6065
14.9882,498,1.6065
14.9925,499,1.6097
14.9968,500,1.6129
15.0011,500,1.6129
15.0053,501,1.6161
15.0096,502,1.6194
15.0139,502,1.6194
15.0195,501,1.6161
15.0255,502,1.6194
15.0302,502,1.6194
15.0346,503,1.6226
15.0402,505,1.6290
15.0448,504,1.6258
15.0492,505,1.6290
15.0536,506,1.6323
15.0579,508,1.6387
15.0622,515,1.6613
15.0670,522,1.6839
15.0714,530,1.7097
15.0757,537,1.7323
15.0800,541,1.7452
15.0843,546,1.7613
15.0886,549,1.7710
15.0929,552,1.7806
15.0973,551,1.7774
15.1016,549,1.7710
15.1059,545,1.7581
15.1102,540,1.7419
15.1145,534,1.7226
15.1188,526,1.6968
15.1231,519,1.6742
15.1274,513,1.6548
15.1317,505,1.6290
15.1361,500,1.6129
15.1404,499,1.6097
15.1447,500,1.6129
15.1494,500,1.6129
15.1538,502,1.6194
15.1581,502,1.6194
15.1624,502,1.6194
15.1667,502,1.6194
15.1710,503,1.6226
15.1753,503,1.6226
15.1796,504,1.6258
15.1839,504,1.6258
15.1882,505,1.6290
15.1925,504,1.6258
15.1968,505,1.6290
15.2011,505,1.6290
15.2054,504,1.6258
15.2097,503,1.6226
15.2140,497,1.6032
15.2184,482,1.5548
15.2227,465,1.5000
15.2270,466,1.5032
15.2316,502,1.6194
15.2360,567,1.8290
15.2403,655,2.1129
15.2446,744,2.4000
15.2490,811,2.6161
15.2533,816,2.6323
15.2576,760,2.4516
15.2619,673,2.1710
15.2662,579,1.8677
15.2705,505,1.6290
15.2748,464,1.4968
15.2791,450,1.4516
15.2834,453,1.4613
15.2877,466,1.5032
15.2920,476,1.5355
15.2964,482,1.5548
15.3007,483,1.5581
15.3050,483,1.5581
15.3093,484,1.5613
15.3136,485,1.5645
15.3180,485,1.5645
15.3223,486,1.5677
15.3266,486,1.5677
15.3309,487,1.5710
15.3352,489,1.5774
15.3395,489,1.5774
15.3438,491,1.5839
15.3481,491,1.5839
15.3524,491,1.5839
15.3568,492,1.5871
15.3612,492,1.5871
15.3655,492,1.5871
15.3700,493,1.5903
15.3747,494,1.5935
15.3789,494,1.5935
15.3832,496,1.6000
15.3874,493,1.5903
15.3917,496,1.6000
15.3960,496,1.6000
15.4002,496,1.6000
15.4045,497,1.6032
15.4088,500,1.6129
15.4130,503,1.6226
15.4173,509,1.6419
15.4215,514,1.6581
15.4258,520,1.6774
15.4301,527,1.7000
15.4344,534,1.7226
15.4386,541,1.7452
15.4429,546,1.7613
15.4471,552,1.7806
15.4514,558,1.8000
15.4557,564,1.8194
15.4599,567,1.8290
15.4642,571,1.8419
15.4684,574,1.8516
15.4727,578,1.8645
15.4769,581,1.8742
15.4812,581,1.8742
15.4855,581,1.8742
15.4897,579,1.8677
15.4939,576,1.8581
15.4982,572,1.8452
15.5024,571,1.8419
15.5067,568,1.8323
15.5110,562,1.8129
15.5152,557,1.7968
15.5195,550,1.7742
15.5237,544,1.7548
15.5280,537,1.7323
15.5323,532,1.7161
15.5366,524,1.6903
15.5409,517,1.6677
15.5452,510,1.6452
15.5495,504,1.6258
15.5539,497,1.6032
15.5582,491,1.5839
15.5625,485,1.5645
15.5669,479,1.5452
15.5712,477,1.5387
15.5755,477,1.5387
15.5799,477,1.5387
15.5842,478,1.5419
15.5886,479,1.5452
15.5929,480,1.5484
15.5972,480,1.5484
15.6016,481,1.5516
15.6059,481,1.5516
15.6103,481,1.5516
15.6146,482,1.5548
15.6189,483,1.5581
15.6232,484,1.5613
15.6276,486,1.5677
15.6321,486,1.5677
15.6364,487,1.5710
15.6408,487,1.5710
15.6451,489,1.5774
15.6495,489,1.5774
15.6538,489,1.5774
15.6580,489,1.5774
15.6624,489,1.5774
15.6676,489,1.5774
15.6720,490,1.5806
15.6764,491,1.5839
15.6807,490,1.5806
15.6850,492,1.5871
15.6893,494,1.5935
15.6936,493,1.5903
15.6979,494,1.5935
15.7023,495,1.5968
15.7066,494,1.5935
15.7109,494,1.5935
15.7152,496,1.6000
15.7195,496,1.6000
15.7238,495,1.5968
15.7282,496,1.6000
15.7326,497,1.6032
15.7369,498,1.6065
15.7411,499,1.6097
15.7454,499,1.6097
15.7497,500,1.6129
15.7541,501,1.6161
15.7584,501,1.6161
15.7626,501,1.6161
15.7669,501,1.6161
15.7713,502,1.6194
15.7755,502,1.6194
15.7798,502,1.6194
15.7841,502,1.6194
15.7884,502,1.6194
15.7927,503,1.6226
15.7970,503,1.6226
15.8013,503,1.6226
15.8056,504,1.6258
15.8099,509,1.6419
15.8143,515,1.6613
15.8186,522,1.6839
15.8228,529,1.7065
15.8271,536,1.7290
15.8315,543,1.7516
15.8358,548,1.7677
15.8401,550,1.7742
15.8444,551,1.7774
15.8487,550,1.7742
15.8530,548,1.7677
15.8573,544,1.7548
15.8616,538,1.7355
15.8659,531,1.7129
15.8702,524,1.6903
15.8745,517,1.6677
15.8788,509,1.6419
15.8831,503,1.6226
15.8874,499,1.6097
15.8917,500,1.6129
15.8960,500,1.6129
15.9003,501,1.6161
15.9046,501,1.6161
15.9089,503,1.6226
15.9132,503,1.6226
15.9175,504,1.6258
15.9218,503,1.6226
15.9261,503,1.6226
15.9304,504,1.6258
15.9347,504,1.6258
15.9390,506,1.6323
15.9433,506,1.6323
15.9476,506,1.6323
15.9519,506,1.6323
15.9562,507,1.6355
15.9605,505,1.6290
15.9648,497,1.6032
15.9691,481,1.5516
15.9734,467,1.5065
15.9777,472,1.5226
15.9820,509,1.6419
15.9863,575,1.8548
15.9906,660,2.1290
15.9949,750,2.4194
15.9992,812,2.6194
16.0035,815,2.6290
16.0078,758,2.4452
16.0121,671,2.1645
16.0164,574,1.8516
16.0207,502,1.6194
16.0250,463,1.4935
16.0293,451,1.4548
16.0336,454,1.4645
16.0379,466,1.5032
16.0422,478,1.5419
16.0465,484,1.5613
16.0508,486,1.5677
16.0551,486,1.5677
16.0594,486,1.5677
16.0637,486,1.5677
16.0680,487,1.5710
16.0723,487,1.5710
16.0766,489,1.5774
16.0809,489,1.5774
16.0852,489,1.5774
16.0895,491,1.5839
16.0938,491,1.5839
16.0981,491,1.5839
16.1024,492,1.5871
16.1067,492,1.5871
16.1110,493,1.5903
16.1153,493,1.5903
16.1196,493,1.5903
16.1239,493,1.5903
16.1282,494,1.5935
16.1325,494,1.5935
16.1368,496,1.6000
16.1411,497,1.6032
16.1454,498,1.6065
16.1497,498,1.6065
16.1540,497,1.6032
16.1583,497,1.6032
16.1626,500,1.6129
16.1669,506,1.6323
16.1712,513,1.6548
16.1755,520,1.6774
16.1798,527,1.7000
16.1841,533,1.7194
16.1884,541,1.7452
16.1927,546,1.7613
16.1970,552,1.7806
16.2013,558,1.8000
16.2057,563,1.8161
16.2100,566,1.8258
16.2143,570,1.8387
16.2186,573,1.8484
16.2229,577,1.8613
16.2272,579,1.8677
16.2315,580,1.8710
16.2358,579,1.8677
16.2401,576,1.8581
16.2444,575,1.8548
16.2488,574,1.8516
16.2531,570,1.8387
16.2574,565,1.8226
16.2621,561,1.8097
16.2676,555,1.7903
16.2720,548,1.7677
16.2764,542,1.7484
16.2808,535,1.7258
16.2851,528,1.7032
16.2893,520,1.6774
16.2936,513,1.6548
16.2979,507,1.6355
16.3022,501,1.6161
16.3065,494,1.5935
16.3108,487,1.5710
16.3152,482,1.5548
16.3195,478,1.5419
16.3238,476,1.5355
16.3281,478,1.5419
16.3324,479,1.5452
16.3367,479,1.5452
16.3410,480,1.5484
16.3453,480,1.5484
16.3496,481,1.5516
16.3539,483,1.5581
16.3582,482,1.5548
16.3625,483,1.5581
16.3668,484,1.5613
16.3711,485,1.5645
16.3754,486,1.5677
16.3797,486,1.5677
16.3840,487,1.5710
16.3883,488,1.5742
16.3926,488,1.5742
16.3969,489,1.5774
16.4012,489,1.5774
16.4055,490,1.5806
16.4098,490,1.5806
16.4141,490,1.5806
16.4184,492,1.5871
16.4227,493,1.5903
16.4270,494,1.5935
16.4313,494,1.5935
16.4356,495,1.5968
16.4399,495,1.5968
16.4442,495,1.5968
16.4489,495,1.5968
16.4532,495,1.5968
16.4575,496,1.6000
16.4618,497,1.6032
16.4662,497,1.6032
16.4704,498,1.6065
16.4747,498,1.6065
16.4790,499,1.6097
16.4833,500,1.6129
16.4876,500,1.6129
16.4919,500,1.6129
16.4962,499,1.6097
16.5005,500,1.6129
16.5048,500,1.6129
16.5091,500,1.6129
16.5134,501,1.6161
16.5177,500,1.6129
16.5220,500,1.6129
16.5263,502,1.6194
16.5306,503,1.6226
16.5349,503,1.6226
16.5392,504,1.6258
16.5435,505,1.6290
16.5478,506,1.6323
16.5521,507,1.6355
16.5564,507,1.6355
16.5608,511,1.6484
16.5652,517,1.6677
16.5696,525,1.6935
16.5741,533,1.7194
16.5784,541,1.7452
16.5833,546,1.7613
16.5877,550,1.7742
16.5920,551,1.7774
16.5963,551,1.7774
16.6006,551,1.7774
16.6049,547,1.7645
16.6092,542,1.7484
16.6135,536,1.7290
16.6178,529,1.7065
16.6221,521,1.6806
16.6264,512,1.6516
16.6308,506,1.6323
16.6351,501,1.6161
16.6394,498,1.6065
16.6437,499,1.6097
16.6480,501,1.6161
16.6523,500,1.6129
16.6572,501,1.6161
16.6615,503,1.6226
16.6659,503,1.6226
16.6702,502,1.6194
16.6745,502,1.6194
16.6788,503,1.6226
16.6831,505,1.6290
16.6874,504,1.6258
16.6917,505,1.6290
16.6960,506,1.6323
16.7003,506,1.6323
16.7046,507,1.6355
16.7089,505,1.6290
16.7133,500,1.6129
16.7176,486,1.5677
16.7219,471,1.5194
16.7261,466,1.5032
16.7305,490,1.5806
16.7348,547,1.7645
16.7391,625,2.0161
16.7434,716,2.3097
16.7477,794,2.5613
16.7521,820,2.6452
16.7564,781,2.5194
16.7607,700,2.2581
16.7650,606,1.9548
16.7693,521,1.6806
16.7736,472,1.5226
16.7779,451,1.4548
16.7822,450,1.4516
16.7865,460,1.4839
16.7908,473,1.5258
16.7952,482,1.5548
16.7995,484,1.5613
16.8037,485,1.5645
16.8091,486,1.5677
16.8135,487,1.5710
16.8178,488,1.5742
16.8220,488,1.5742
16.8263,488,1.5742
16.8306,489,1.5774
16.8350,490,1.5806
16.8393,491,1.5839
16.8436,492,1.5871
16.8479,493,1.5903
16.8522,493,1.5903
16.8565,493,1.5903
16.8609,494,1.5935
16.8652,493,1.5903
16.8695,493,1.5903
16.8738,494,1.5935
16.8781,494,1.5935
16.8824,495,1.5968
16.8867,497,1.6032
16.8913,496,1.6000
16.8956,495,1.5968
16.9000,496,1.6000
16.9043,498,1.6065
16.9086,499,1.6097
16.9129,501,1.6161
16.9173,507,1.6355
16.9216,513,1.6548
16.9259,519,1.6742
16.9302,527,1.7000
16.9345,535,1.7258
16.9388,540,1.7419
16.9431,547,1.7645
16.9474,553,1.7839
16.9517,558,1.8000
16.9560,563,1.8161
16.9604,569,1.8355
16.9647,572,1.8452
16.9690,575,1.8548
16.9733,577,1.8613
16.9776,577,1.8613
16.9819,579,1.8677
16.9862,578,1.8645
16.9905,577,1.8613
16.9948,576,1.8581
16.9991,573,1.8484
17.0034,571,1.8419
17.0077,568,1.8323
17.0120,563,1.8161
17.0163,558,1.8000
17.0207,551,1.7774
17.0250,544,1.7548
17.0293,538,1.7355
17.0336,531,1.7129
17.0379,524,1.6903
17.0422,517,1.6677
17.0465,510,1.6452
17.0508,502,1.6194
17.0551,496,1.6000
17.0594,489,1.5774
17.0638,484,1.5613
17.0681,479,1.5452
17.0724,477,1.5387
17.0767,477,1.5387
17.0810,478,1.5419
17.0853,479,1.5452
17.0896,480,1.5484
17.0939,482,1.5548
17.0982,483,1.5581
17.1025,482,1.5548
17.1068,482,1.5548
17.1111,483,1.5581
17.1154,483,1.5581
17.1203,484,1.5613
17.1246,484,1.5613
17.1289,484,1.5613
17.1332,485,1.5645
17.1375,486,1.5677
17.1418,487,1.5710
17.1461,488,1.5742
17.1504,488,1.5742
17.1547,489,1.5774
17.1590,489,1.5774
17.1634,489,1.5774
17.1679,489,1.5774
17.1723,490,1.5806
17.1766,492,1.5871
17.1809,492,1.5871
17.1853,492,1.5871
17.1895,492,1.5871
17.1938,493,1.5903
17.1981,493,1.5903
17.2024,494,1.5935
17.2066,495,1.5968
17.2109,496,1.6000
17.2151,497,1.6032
17.2194,498,1.6065
17.2236,498,1.6065
17.2279,499,1.6097
17.2322,500,1.6129
17.2364,500,1.6129
17.2407,500,1.6129
17.2450,500,1.6129
17.2493,501,1.6161
17.2535,501,1.6161
17.2578,501,1.6161
17.2621,500,1.6129
17.2664,501,1.6161
17.2706,502,1.6194
17.2749,502,1.6194
17.2791,502,1.6194
17.2834,503,1.6226
17.2877,503,1.6226
17.2919,503,1.6226
17.2962,504,1.6258
17.3005,505,1.6290
17.3047,505,1.6290
17.3090,508,1.6387
17.3132,514,1.6581
17.3175,521,1.6806
17.3218,528,1.7032
17.3261,534,1.7226
17.3304,541,1.7452
17.3346,545,1.7581
17.3389,548,1.7677
17.3431,550,1.7742
17.3474,549,1.7710
17.3516,547,1.7645
17.3559,544,1.7548
17.3602,540,1.7419
17.3645,534,1.7226
17.3688,527,1.7000
17.3731,519,1.6742
17.3774,512,1.6516
17.3817,504,1.6258
17.3860,501,1.6161
17.3903,501,1.6161
17.3946,502,1.6194
17.3989,503,1.6226
17.4032,503,1.6226
17.4075,503,1.6226
17.4118,502,1.6194
17.4161,502,1.6194
17.4204,503,1.6226
17.4247,503,1.6226
17.4290,504,1.6258
17.4333,505,1.6290
17.4376,504,1.6258
17.4419,503,1.6226
17.4462,504,1.6258
17.4505,504,1.6258
17.4548,505,1.6290
17.4591,503,1.6226
17.4634,498,1.6065
17.4687,481,1.5516
17.4731,466,1.5032
17.4775,469,1.5129
17.4818,502,1.6194
17.4861,566,1.8258
17.4904,651,2.1000
17.4947,741,2.3903
17.4990,808,2.6065
17.5033,815,2.6290
17.5075,763,2.4613
17.5118,677,2.1839
17.5161,581,1.8742
17.5204,505,1.6290
17.5247,463,1.4935
17.5290,448,1.4452
17.5334,451,1.4548
17.5379,465,1.5000
17.5422,477,1.5387
17.5465,483,1.5581
17.5508,486,1.5677
17.5551,486,1.5677
17.5595,486,1.5677
17.5638,487,1.5710
17.5680,487,1.5710
17.5723,488,1.5742
17.5765,489,1.5774
17.5808,489,1.5774
17.5851,489,1.5774
17.5893,491,1.5839
17.5936,492,1.5871
17.5979,492,1.5871
17.6021,491,1.5839
17.6064,491,1.5839
17.6107,492,1.5871
17.6149,493,1.5903
17.6192,493,1.5903
17.6234,494,1.5935
17.6277,495,1.5968
17.6320,497,1.6032
17.6363,495,1.5968
17.6406,496,1.6000
17.6448,496,1.6000
17.6491,497,1.6032
17.6533,497,1.6032
17.6576,497,1.6032
17.6619,500,1.6129
17.6661,504,1.6258
17.6704,510,1.6452
17.6747,516,1.6645
17.6790,523,1.6871
17.6833,530,1.7097
17.6876,537,1.7323
17.6919,544,1.7548
17.6962,552,1.7806
17.7005,556,1.7935
17.7048,562,1.8129
17.7091,566,1.8258
17.7134,570,1.8387
17.7177,572,1.8452
17.7220,574,1.8516
17.7263,577,1.8613
17.7306,577,1.8613
17.7349,577,1.8613
17.7392,577,1.8613
17.7435,575,1.8548
17.7478,575,1.8548
17.7521,572,1.8452
17.7564,569,1.8355
17.7607,564,1.8194
17.7650,557,1.7968
17.7693,553,1.7839
17.7736,546,1.7613
17.7779,538,1.7355
17.7822,533,1.7194
17.7865,526,1.6968
17.7908,518,1.6710
17.7951,512,1.6516
17.7994,506,1.6323
17.8036,498,1.6065
17.8079,492,1.5871
17.8122,485,1.5645
17.8165,480,1.5484
17.8208,478,1.5419
17.8251,477,1.5387
17.8294,479,1.5452
17.8337,480,1.5484
17.8380,480,1.5484
17.8423,480,1.5484
17.8466,481,1.5516
17.8509,482,1.5548
17.8552,483,1.5581
17.8595,485,1.5645
17.8638,485,1.5645
17.8681,485,1.5645
17.8724,485,1.5645
17.8767,486,1.5677
17.8810,488,1.5742
17.8853,488,1.5742
17.8896,488,1.5742
17.8939,488,1.5742
17.8983,489,1.5774
17.9027,488,1.5742
17.9070,489,1.5774
17.9113,489,1.5774
17.9156,490,1.5806
17.9199,491,1.5839
17.9242,491,1.5839
17.9285,493,1.5903
17.9328,494,1.5935
17.9370,494,1.5935
17.9413,494,1.5935
17.9456,496,1.6000
17.9499,497,1.6032
17.9542,496,1.6000
17.9585,497,1.6032
17.9628,499,1.6097
17.9671,499,1.6097
17.9714,499,1.6097
17.9756,500,1.6129
17.9799,500,1.6129
17.9842,500,1.6129
17.9885,499,1.6097
17.9928,500,1.6129
17.9971,500,1.6129
18.0014,501,1.6161
18.0057,501,1.6161
18.0100,502,1.6194
18.0143,501,1.6161
18.0186,501,1.6161
18.0229,501,1.6161
18.0272,502,1.6194
18.0315,502,1.6194
18.0358,503,1.6226
18.0401,504,1.6258
18.0444,503,1.6226
18.0487,503,1.6226
18.0529,504,1.6258
18.0572,507,1.6355
18.0615,511,1.6484
18.0659,518,1.6710
18.0703,527,1.7000
18.0747,532,1.7161
18.0790,540,1.7419
18.0833,546,1.7613
18.0875,551,1.7774
18.0918,552,1.7806
18.0961,553,1.7839
18.1003,549,1.7710
18.1046,545,1.7581
18.1088,541,1.7452
18.1131,537,1.7323
18.1173,531,1.7129
18.1216,523,1.6871
18.1259,515,1.6613
18.1301,508,1.6387
18.1344,502,1.6194
18.1387,500,1.6129
18.1429,501,1.6161
18.1472,502,1.6194
18.1514,501,1.6161
18.1557,502,1.6194
18.1600,502,1.6194
18.1643,503,1.6226
18.1685,503,1.6226
18.1728,503,1.6226
18.1771,503,1.6226
18.1813,503,1.6226
18.1856,503,1.6226
18.1898,503,1.6226
18.1941,505,1.6290
18.1984,507,1.6355
18.2026,508,1.6387
18.2069,507,1.6355
18.2112,505,1.6290
18.2158,494,1.5935
18.2201,476,1.5355
18.2243,464,1.4968
18.2286,474,1.5290
18.2329,518,1.6710
18.2372,588,1.8968
18.2414,672,2.1677
18.2457,761,2.4548
18.2500,818,2.6387
18.2542,811,2.6161
18.2585,747,2.4097
18.2628,658,2.1226
18.2671,564,1.8194
18.2714,496,1.6000
18.2757,461,1.4871
18.2800,449,1.4484
18.2843,454,1.4645
18.2886,467,1.5065
18.2929,478,1.5419
18.2972,483,1.5581
18.3014,485,1.5645
18.3057,486,1.5677
18.3101,486,1.5677
18.3143,487,1.5710
18.3186,487,1.5710
18.3229,489,1.5774
18.3272,489,1.5774
18.3315,490,1.5806
18.3358,490,1.5806
18.3402,490,1.5806
18.3444,490,1.5806
18.3487,491,1.5839
18.3530,492,1.5871
18.3573,493,1.5903
18.3616,495,1.5968
18.3659,494,1.5935
18.3705,495,1.5968
18.3749,495,1.5968
18.3793,496,1.6000
18.3836,496,1.6000
18.3879,496,1.6000
18.3922,497,1.6032
18.3965,497,1.6032
18.4008,498,1.6065
18.4051,498,1.6065
18.4094,500,1.6129
18.4137,504,1.6258
18.4180,509,1.6419
18.4223,515,1.6613
18.4267,521,1.6806
18.4310,528,1.7032
18.4353,534,1.7226
18.4396,540,1.7419
18.4439,548,1.7677
18.4482,553,1.7839
18.4527,560,1.8065
18.4570,565,1.8226
18.4613,569,1.8355
18.4656,572,1.8452
18.4703,576,1.8581
18.4746,579,1.8677
18.4790,579,1.8677
18.4833,579,1.8677
18.4876,577,1.8613
18.4918,577,1.8613
18.4962,576,1.8581
18.5005,572,1.8452
18.5048,569,1.8355
18.5091,563,1.8161
18.5134,560,1.8065
18.5183,552,1.7806
18.5226,547,1.7645
18.5270,541,1.7452
18.5313,536,1.7290
18.5356,528,1.7032
18.5400,520,1.6774
18.5443,513,1.6548
18.5486,506,1.6323
18.5529,499,1.6097
18.5572,493,1.5903
18.5615,487,1.5710
18.5658,481,1.5516
18.5701,477,1.5387
18.5744,477,1.5387
18.5788,477,1.5387
18.5831,478,1.5419
18.5874,479,1.5452
18.5917,480,1.5484
18.5964,481,1.5516
18.6007,482,1.5548
18.6050,483,1.5581
18.6093,483,1.5581
18.6136,485,1.5645
18.6179,486,1.5677
18.6222,486,1.5677
18.6265,487,1.5710
18.6308,488,1.5742
18.6351,489,1.5774
18.6394,488,1.5742
18.6438,488,1.5742
18.6481,489,1.5774
18.6524,489,1.5774
18.6567,490,1.5806
18.6610,490,1.5806
18.6653,491,1.5839
18.6696,492,1.5871
18.6739,492,1.5871
18.6785,492,1.5871
18.6829,492,1.5871
18.6872,492,1.5871
18.6915,493,1.5903
18.6957,494,1.5935
18.7001,494,1.5935
18.7044,496,1.6000
18.7087,496,1.6000
18.7130,496,1.6000
18.7173,497,1.6032
18.7216,498,1.6065
18.7259,498,1.6065
18.7303,499,1.6097
18.7346,499,1.6097
18.7389,499,1.6097
18.7432,499,1.6097
18.7475,499,1.6097
18.7518,500,1.6129
18.7561,501,1.6161
18.7604,501,1.6161
18.7647,501,1.6161
18.7690,501,1.6161
18.7734,503,1.6226
18.7777,503,1.6226
18.7820,502,1.6194
18.7863,503,1.6226
18.7906,504,1.6258
18.7949,504,1.6258
18.7992,503,1.6226
18.8035,503,1.6226
18.8078,506,1.6323
18.8121,511,1.6484
18.8164,519,1.6742
18.8207,527,1.7000
18.8256,535,1.7258
18.8299,540,1.7419
18.8343,545,1.7581
18.8386,550,1.7742
18.8429,551,1.7774
18.8472,551,1.7774
18.8515,550,1.7742
18.8558,545,1.7581
18.8601,539,1.7387
18.8644,534,1.7226
18.8687,528,1.7032
18.8735,521,1.6806
18.8778,513,1.6548
18.8826,505,1.6290
18.8869,500,1.6129
18.8912,498,1.6065
18.8955,499,1.6097
18.8998,498,1.6065
18.9041,498,1.6065
18.9085,499,1.6097
18.9128,500,1.6129
18.9171,501,1.6161
18.9213,503,1.6226
18.9257,502,1.6194
18.9301,503,1.6226
18.9344,504,1.6258
18.9387,504,1.6258
18.9430,503,1.6226
18.9473,504,1.6258
18.9516,504,1.6258
18.9559,505,1.6290
18.9602,504,1.6258
18.9647,496,1.6000
18.9691,481,1.5516
18.9736,465,1.5000
18.9787,474,1.5290
18.9830,515,1.6613
18.9873,585,1.8871
18.9916,673,2.1710
18.9959,762,2.4581
19.0002,817,2.6355
19.0045,806,2.6000
19.0088,742,2.3935
19.0131,651,2.1000
19.0174,557,1.7968
19.0217,492,1.5871
19.0260,460,1.4839
19.0304,450,1.4516
19.0347,457,1.4742
19.0390,470,1.5161
19.0433,480,1.5484
19.0476,485,1.5645
19.0519,487,1.5710
19.0562,486,1.5677
19.0605,486,1.5677
19.0648,486,1.5677
19.0691,487,1.5710
19.0734,488,1.5742
19.0778,488,1.5742
19.0821,487,1.5710
19.0864,487,1.5710
19.0913,489,1.5774
19.0956,490,1.5806
19.1000,491,1.5839
19.1043,491,1.5839
19.1086,492,1.5871
19.1129,492,1.5871
19.1172,493,1.5903
19.1215,493,1.5903
19.1258,493,1.5903
19.1302,493,1.5903
19.1345,495,1.5968
19.1388,497,1.6032
19.1431,497,1.6032
19.1474,497,1.6032
19.1517,497,1.6032
19.1561,498,1.6065
19.1604,500,1.6129
19.1646,503,1.6226
19.1690,508,1.6387
19.1733,516,1.6645
19.1776,522,1.6839
19.1819,529,1.7065
19.1862,534,1.7226
19.1905,542,1.7484
19.1949,549,1.7710
19.1992,555,1.7903
19.2035,561,1.8097
19.2078,565,1.8226
19.2121,570,1.8387
19.2164,573,1.8484
19.2207,575,1.8548
19.2250,577,1.8613
19.2293,578,1.8645
19.2337,579,1.8677
19.2380,577,1.8613
19.2423,576,1.8581
19.2466,574,1.8516
19.2509,570,1.8387
19.2552,567,1.8290
19.2595,562,1.8129
19.2639,558,1.8000
19.2683,552,1.7806
19.2727,549,1.7710
19.2771,541,1.7452
19.2815,534,1.7226
19.2859,527,1.7000
19.2901,521,1.6806
19.2944,513,1.6548
19.2988,506,1.6323
19.3031,498,1.6065
19.3074,492,1.5871
19.3117,486,1.5677
19.3165,480,1.5484
19.3208,477,1.5387
19.3251,477,1.5387
19.3294,478,1.5419
19.3338,478,1.5419
19.3381,479,1.5452
19.3424,480,1.5484
19.3467,482,1.5548
19.3510,482,1.5548
19.3553,483,1.5581
19.3596,483,1.5581
19.3639,483,1.5581
19.3682,483,1.5581
19.3725,485,1.5645
19.3770,487,1.5710
19.3813,486,1.5677
19.3856,486,1.5677
19.3898,486,1.5677
19.3941,486,1.5677
19.3983,487,1.5710
19.4026,488,1.5742
19.4068,488,1.5742
19.4111,490,1.5806
19.4153,491,1.5839
19.4196,492,1.5871
19.4238,492,1.5871
19.4281,493,1.5903
19.4324,494,1.5935
19.4367,495,1.5968
19.4410,495,1.5968
19.4453,496,1.6000
19.4495,496,1.6000
19.4538,496,1.6000
19.4581,496,1.6000
19.4623,496,1.6000
19.4666,497,1.6032
19.4708,498,1.6065
19.4751,499,1.6097
19.4794,499,1.6097
19.4837,500,1.6129
19.4880,500,1.6129
19.4923,499,1.6097
19.4966,499,1.6097
19.5009,500,1.6129
19.5052,500,1.6129
19.5095,500,1.6129
19.5137,500,1.6129
19.5180,502,1.6194
19.5223,502,1.6194
19.5266,503,1.6226
19.5309,503,1.6226
19.5352,503,1.6226
19.5396,504,1.6258
19.5438,504,1.6258
19.5482,504,1.6258
19.5524,505,1.6290
19.5567,507,1.6355
19.5611,511,1.6484
19.5654,517,1.6677
19.5697,524,1.6903
19.5740,533,1.7194
19.5783,540,1.7419
19.5827,543,1.7516
19.5870,547,1.7645
19.5913,549,1.7710
19.5955,550,1.7742
19.5998,549,1.7710
19.6040,546,1.7613
19.6083,541,1.7452
19.6126,536,1.7290
19.6168,528,1.7032
19.6211,523,1.6871
19.6253,514,1.6581
19.6296,510,1.6452
19.6339,503,1.6226
19.6381,500,1.6129
19.6424,499,1.6097
19.6467,499,1.6097
19.6509,500,1.6129
19.6552,500,1.6129
19.6594,501,1.6161
19.6637,502,1.6194
19.6680,502,1.6194
19.6722,502,1.6194
19.6765,503,1.6226
19.6807,503,1.6226
19.6850,504,1.6258
19.6893,505,1.6290
19.6936,505,1.6290
19.6979,505,1.6290
19.7022,506,1.6323
19.7065,506,1.6323
19.7108,505,1.6290
19.7151,498,1.6065
19.7194,483,1.5581
19.7237,468,1.5097
19.7282,474,1.5290
19.7325,511,1.6484
19.7368,577,1.8613
19.7411,663,2.1387
19.7454,753,2.4290
19.7497,815,2.6290
19.7540,815,2.6290
19.7583,753,2.4290
19.7626,665,2.1452
19.7668,570,1.8387
19.7711,499,1.6097
19.7754,462,1.4903
19.7798,450,1.4516
19.7841,454,1.4645
19.7884,467,1.5065
19.7927,478,1.5419
19.7970,483,1.5581
19.8012,485,1.5645
19.8055,485,1.5645
19.8097,485,1.5645
19.8140,486,1.5677
19.8182,486,1.5677
19.8225,487,1.5710
19.8268,489,1.5774
19.8310,488,1.5742
19.8353,489,1.5774
19.8396,489,1.5774
19.8438,489,1.5774
19.8481,491,1.5839
19.8523,492,1.5871
19.8566,492,1.5871
19.8608,493,1.5903
19.8651,493,1.5903
19.8695,492,1.5871
19.8739,493,1.5903
19.8782,496,1.6000
19.8825,495,1.5968
19.8868,497,1.6032
19.8911,498,1.6065
19.8953,498,1.6065
19.8996,498,1.6065
19.9039,497,1.6032
19.9081,498,1.6065
19.9124,501,1.6161
19.9166,506,1.6323
19.9208,512,1.6516
19.9251,519,1.6742
19.9294,525,1.6935
19.9337,533,1.7194
19.9380,539,1.7387
19.9423,545,1.7581
19.9466,550,1.7742
19.9508,555,1.7903
19.9551,563,1.8161
19.9593,567,1.8290
19.9636,570,1.8387
19.9678,573,1.8484
19.9721,576,1.8581
19.9763,578,1.8645
19.9806,579,1.8677
19.9852,579,1.8677
19.9896,578,1.8645
19.9939,577,1.8613
19.9982,574,1.8516
20.0025,571,1.8419
20.0068,568,1.8323
20.0111,563,1.8161
20.0154,556,1.7935
20.0198,550,1.7742
20.0249,542,1.7484
20.0294,536,1.7290
20.0339,530,1.7097
20.0383,523,1.6871
20.0461,510,1.6452
20.0507,503,1.6226
20.0552,496,1.6000
20.0595,489,1.5774
20.0639,483,1.5581
20.0682,478,1.5419
20.0726,476,1.5355
20.0769,475,1.5323
20.0814,478,1.5419
20.0857,479,1.5452
20.0901,481,1.5516
20.0943,480,1.5484
20.0987,481,1.5516
20.1029,482,1.5548
20.1072,483,1.5581
20.1116,483,1.5581
20.1159,484,1.5613
20.1202,486,1.5677
20.1245,486,1.5677
20.1287,485,1.5645
20.1330,486,1.5677
20.1373,486,1.5677
20.1416,487,1.5710
20.1459,488,1.5742
20.1502,488,1.5742
20.1544,490,1.5806
20.1587,490,1.5806
20.1631,491,1.5839
20.1677,491,1.5839
20.1721,492,1.5871
20.1765,493,1.5903
20.1808,494,1.5935
20.1852,494,1.5935
20.1895,494,1.5935
20.1940,494,1.5935
20.1983,496,1.6000
20.2026,496,1.6000
20.2069,496,1.6000
20.2112,497,1.6032
20.2155,497,1.6032
20.2198,498,1.6065
20.2241,497,1.6032
20.2284,496,1.6000
20.2327,498,1.6065
20.2371,498,1.6065
20.2414,499,1.6097
20.2457,499,1.6097
20.2500,501,1.6161
20.2543,500,1.6129
20.2586,500,1.6129
20.2630,501,1.6161
20.2673,502,1.6194
20.2715,502,1.6194
20.2762,502,1.6194
20.2805,503,1.6226
20.2849,503,1.6226
20.2892,504,1.6258
20.2935,504,1.6258
20.2978,504,1.6258
20.3022,504,1.6258
20.3065,505,1.6290
20.3108,512,1.6516
20.3150,518,1.6710
20.3193,525,1.6935
20.3237,532,1.7161
20.3280,539,1.7387
20.3323,545,1.7581
20.3366,550,1.7742
20.3409,552,1.7806
20.3453,554,1.7871
20.3496,552,1.7806
20.3539,549,1.7710
20.3583,545,1.7581
20.3626,539,1.7387
20.3669,532,1.7161
20.3712,523,1.6871
20.3755,515,1.6613
20.3798,508,1.6387
20.3841,503,1.6226
20.3884,500,1.6129
20.3927,500,1.6129
20.3970,501,1.6161
20.4013,502,1.6194
20.4057,503,1.6226
20.4100,502,1.6194
20.4143,502,1.6194
20.4186,503,1.6226
20.4229,503,1.6226
20.4272,503,1.6226
20.4315,503,1.6226
20.4359,503,1.6226
20.4402,502,1.6194
20.4445,504,1.6258
20.4488,504,1.6258
20.4531,506,1.6323
20.4574,506,1.6323
20.4617,503,1.6226
20.4660,492,1.5871
20.4703,478,1.5419
20.4746,468,1.5097
20.4789,478,1.5419
20.4832,520,1.6774
20.4877,594,1.9161
20.4920,680,2.1935
20.4963,768,2.4774
20.5006,818,2.6387
20.5054,798,2.5742
20.5098,726,2.3419
20.5141,633,2.0419
20.5184,542,1.7484
20.5227,483,1.5581
20.5270,455,1.4677
20.5313,450,1.4516
20.5356,458,1.4774
20.5399,471,1.5194
20.5443,480,1.5484
20.5486,483,1.5581
20.5529,484,1.5613
20.5572,485,1.5645
20.5615,484,1.5613
20.5658,485,1.5645
20.5702,485,1.5645
20.5745,487,1.5710
20.5787,487,1.5710
20.5830,488,1.5742
20.5874,488,1.5742
20.5917,490,1.5806
20.5961,490,1.5806
20.6004,490,1.5806
20.6047,491,1.5839
20.6090,490,1.5806
20.6133,491,1.5839
20.6176,492,1.5871
20.6219,493,1.5903
20.6262,494,1.5935
20.6305,495,1.5968
20.6348,495,1.5968
20.6391,495,1.5968
20.6435,495,1.5968
20.6483,496,1.6000
20.6526,498,1.6065
20.6569,498,1.6065
20.6612,500,1.6129
20.6655,504,1.6258
20.6699,511,1.6484
20.6742,516,1.6645
20.6785,525,1.6935
20.6828,532,1.7161
20.6871,538,1.7355
20.6914,545,1.7581
20.6958,552,1.7806
20.7001,556,1.7935
20.7044,561,1.8097
20.7087,567,1.8290
20.7130,571,1.8419
20.7173,574,1.8516
20.7216,576,1.8581
20.7259,578,1.8645
20.7303,579,1.8677
20.7346,580,1.8710
20.7389,579,1.8677
20.7437,576,1.8581
20.7480,573,1.8484
20.7524,571,1.8419
20.7567,568,1.8323
20.7610,562,1.8129
20.7653,558,1.8000
20.7698,551,1.7774
20.7742,544,1.7548
20.7786,538,1.7355
20.7829,530,1.7097
20.7875,524,1.6903
20.7919,518,1.6710
20.7962,512,1.6516
20.8005,503,1.6226
20.8048,497,1.6032
20.8091,491,1.5839
20.8134,484,1.5613
20.8177,479,1.5452
20.8220,476,1.5355
20.8263,477,1.5387
20.8306,478,1.5419
20.8350,479,1.5452
20.8393,478,1.5419
20.8436,479,1.5452
20.8479,480,1.5484
20.8522,481,1.5516
20.8565,482,1.5548
20.8608,484,1.5613
20.8651,485,1.5645
20.8694,485,1.5645
20.8738,487,1.5710
20.8781,488,1.5742
20.8824,488,1.5742
20.8867,489,1.5774
20.8910,490,1.5806
20.8953,490,1.5806
20.8996,491,1.5839
20.9039,492,1.5871
20.9082,491,1.5839
20.9125,491,1.5839
20.9168,492,1.5871
20.9211,493,1.5903
20.9254,495,1.5968
20.9297,495,1.5968
20.9340,494,1.5935
20.9384,493,1.5903
20.9427,494,1.5935
20.9470,496,1.6000
20.9513,496,1.6000
20.9556,497,1.6032
20.9600,497,1.6032
20.9643,496,1.6000
20.9686,496,1.6000
20.9729,497,1.6032
20.9772,498,1.6065
20.9815,499,1.6097
20.9858,499,1.6097
20.9901,499,1.6097
20.9944,499,1.6097
20.9988,499,1.6097
21.0031,499,1.6097
21.0074,500,1.6129
21.0117,499,1.6097
21.0165,500,1.6129
21.0208,501,1.6161
21.0251,503,1.6226
21.0294,503,1.6226
21.0337,503,1.6226
21.0380,503,1.6226
21.0423,505,1.6290
21.0467,504,1.6258
21.0510,504,1.6258
21.0553,504,1.6258
21.0596,507,1.6355
21.0641,514,1.6581
21.0685,522,1.6839
21.0728,530,1.7097
21.0773,536,1.7290
21.0816,542,1.7484
21.0859,547,1.7645
21.0902,551,1.7774
21.0944,553,1.7839
21.0987,551,1.7774
21.1030,547,1.7645
21.1072,544,1.7548
21.1115,538,1.7355
21.1158,532,1.7161
21.1202,524,1.6903
21.1245,517,1.6677
21.1287,508,1.6387
21.1330,502,1.6194
21.1373,499,1.6097
21.1415,499,1.6097
21.1459,500,1.6129
21.1501,501,1.6161
21.1544,501,1.6161
21.1586,502,1.6194
21.1629,502,1.6194
21.1672,502,1.6194
21.1715,502,1.6194
21.1757,502,1.6194
21.1801,503,1.6226
21.1843,503,1.6226
21.1886,504,1.6258
21.1929,504,1.6258
21.1971,504,1.6258
21.2014,505,1.6290
21.2056,505,1.6290
21.2099,505,1.6290
21.2142,499,1.6097
21.2184,485,1.5645
21.2227,469,1.5129
21.2270,467,1.5065
21.2312,496,1.6000
21.2355,554,1.7871
21.2398,635,2.0484
21.2440,725,2.3387
21.2483,799,2.5774
21.2526,822,2.6516
21.2569,779,2.5129
21.2612,697,2.2484
21.2655,602,1.9419
21.2697,521,1.6806
21.2740,472,1.5226
21.2783,452,1.4581
21.2825,451,1.4548
21.2868,462,1.4903
21.2910,476,1.5355
21.2953,484,1.5613
21.2996,487,1.5710
21.3039,488,1.5742
21.3082,488,1.5742
21.3124,487,1.5710
21.3168,488,1.5742
21.3210,489,1.5774
21.3253,489,1.5774
21.3296,489,1.5774
21.3339,489,1.5774
21.3382,489,1.5774
21.3425,490,1.5806
21.3468,490,1.5806
21.3511,492,1.5871
21.3554,494,1.5935
21.3597,494,1.5935
21.3640,493,1.5903
21.3683,493,1.5903
21.3726,493,1.5903
21.3769,495,1.5968
21.3812,495,1.5968
21.3855,495,1.5968
21.3898,495,1.5968
21.3941,495,1.5968
21.3984,497,1.6032
21.4027,498,1.6065
21.4070,497,1.6032
21.4112,499,1.6097
21.4155,503,1.6226
21.4198,508,1.6387
21.4242,516,1.6645
21.4285,523,1.6871
21.4327,530,1.7097
21.4371,535,1.7258
21.4413,542,1.7484
21.4456,549,1.7710
21.4500,555,1.7903
21.4543,559,1.8032
21.4586,566,1.8258
21.4628,569,1.8355
21.4671,572,1.8452
21.4714,575,1.8548
21.4757,578,1.8645
21.4800,580,1.8710
21.4843,578,1.8645
21.4886,577,1.8613
21.4929,576,1.8581
21.4972,574,1.8516
21.5015,572,1.8452
21.5058,568,1.8323
21.5101,564,1.8194
21.5144,558,1.8000
21.5186,551,1.7774
21.5229,547,1.7645
21.5272,540,1.7419
21.5314,532,1.7161
21.5357,527,1.7000
21.5400,521,1.6806
21.5443,514,1.6581
21.5485,506,1.6323
21.5528,499,1.6097
21.5571,494,1.5935
21.5613,487,1.5710
21.5656,482,1.5548
21.5698,477,1.5387
21.5741,477,1.5387
21.5784,478,1.5419
21.5826,478,1.5419
21.5869,480,1.5484
21.5912,480,1.5484
21.5955,481,1.5516
21.5997,480,1.5484
21.6040,480,1.5484
21.6084,481,1.5516
21.6127,483,1.5581
21.6171,484,1.5613
21.6214,484,1.5613
21.6257,485,1.5645
21.6300,486,1.5677
21.6343,488,1.5742
21.6386,489,1.5774
21.6429,489,1.5774
21.6472,490,1.5806
21.6515,491,1.5839
21.6559,490,1.5806
21.6601,491,1.5839
21.6645,491,1.5839
21.6700,494,1.5935
21.6745,494,1.5935
21.6789,495,1.5968
21.6832,496,1.6000
21.6875,496,1.6000
21.6918,496,1.6000
21.6962,496,1.6000
21.7005,496,1.6000
21.7048,496,1.6000
21.7090,497,1.6032
21.7133,498,1.6065
21.7176,498,1.6065
21.7218,498,1.6065
21.7261,498,1.6065
21.7304,498,1.6065
21.7347,498,1.6065
21.7389,498,1.6065
21.7432,498,1.6065
21.7475,500,1.6129
21.7517,500,1.6129
21.7560,500,1.6129
21.7609,500,1.6129
21.7651,501,1.6161
21.7694,502,1.6194
21.7737,504,1.6258
21.7779,504,1.6258
21.7822,505,1.6290
21.7865,504,1.6258
21.7907,505,1.6290
21.7950,503,1.6226
21.7993,503,1.6226
21.8035,504,1.6258
21.8078,507,1.6355
21.8120,512,1.6516
21.8163,520,1.6774
21.8205,527,1.7000
21.8248,534,1.7226
21.8291,542,1.7484
21.8333,547,1.7645
21.8376,551,1.7774
21.8418,553,1.7839
21.8461,554,1.7871
21.8504,552,1.7806
21.8546,548,1.7677
21.8589,543,1.7516
21.8632,538,1.7355
21.8674,530,1.7097
21.8717,523,1.6871
21.8759,517,1.6677
21.8802,509,1.6419
21.8845,503,1.6226
21.8887,501,1.6161
21.8930,500,1.6129
21.8972,500,1.6129
21.9015,500,1.6129
21.9059,501,1.6161
21.9102,503,1.6226
21.9145,503,1.6226
21.9189,503,1.6226
21.9232,504,1.6258
21.9275,505,1.6290
21.9318,505,1.6290
21.9362,505,1.6290
21.9406,505,1.6290
21.9449,505,1.6290
21.9492,505,1.6290
21.9536,507,1.6355
21.9579,507,1.6355
21.9622,504,1.6258
21.9666,493,1.5903
21.9712,476,1.5355
21.9756,467,1.5065
21.9801,486,1.5677
21.9844,536,1.7290
21.9888,614,1.9806
21.9931,703,2.2677
21.9976,787,2.5387
22.0020,820,2.6452
22.0063,788,2.5419
22.0106,712,2.2968
22.0149,617,1.9903
22.0191,531,1.7129
22.0235,476,1.5355
22.0278,452,1.4581
22.0321,449,1.4484
22.0364,460,1.4839
22.0406,472,1.5226
22.0450,481,1.5516
22.0492,485,1.5645
22.0535,485,1.5645
22.0578,485,1.5645
22.0622,486,1.5677
22.0664,486,1.5677
22.0707,486,1.5677
22.0750,488,1.5742
22.0793,489,1.5774
22.0836,488,1.5742
22.0879,489,1.5774
22.0922,489,1.5774
22.0965,490,1.5806
22.1008,490,1.5806
22.1052,491,1.5839
22.1095,492,1.5871
22.1138,492,1.5871
22.1181,494,1.5935
22.1225,495,1.5968
22.1268,495,1.5968
22.1312,496,1.6000
22.1355,496,1.6000
22.1398,496,1.6000
22.1442,497,1.6032
22.1485,497,1.6032
22.1528,498,1.6065
22.1572,498,1.6065
22.1615,500,1.6129
22.1659,504,1.6258
22.1702,510,1.6452
22.1745,516,1.6645
22.1788,524,1.6903
22.1832,532,1.7161
22.1875,540,1.7419
22.1918,545,1.7581
22.1962,551,1.7774
22.2006,556,1.7935
22.2049,561,1.8097
22.2093,564,1.8194
22.2135,569,1.8355
22.2178,572,1.8452
22.2221,575,1.8548
22.2264,577,1.8613
22.2307,577,1.8613
22.2350,578,1.8645
22.2393,577,1.8613
22.2436,576,1.8581
22.2479,575,1.8548
22.2522,572,1.8452
22.2565,567,1.8290
22.2608,563,1.8161
22.2651,557,1.7968
22.2694,553,1.7839
22.2737,548,1.7677
22.2780,540,1.7419
22.2823,534,1.7226
22.2866,526,1.6968
22.2909,518,1.6710
22.2952,512,1.6516
22.2995,504,1.6258
22.3038,498,1.6065
22.3081,492,1.5871
22.3125,486,1.5677
22.3168,481,1.5516
22.3211,477,1.5387
22.3255,476,1.5355
22.3298,477,1.5387
22.3341,478,1.5419
22.3385,480,1.5484
22.3428,481,1.5516
22.3471,481,1.5516
22.3515,482,1.5548
22.3558,482,1.5548
22.3602,482,1.5548
22.3645,482,1.5548
22.3688,483,1.5581
22.3732,484,1.5613
22.3775,486,1.5677
22.3818,486,1.5677
22.3862,487,1.5710
22.3905,487,1.5710
22.3948,488,1.5742
22.3992,489,1.5774
22.4035,490,1.5806
22.4078,490,1.5806
22.4121,491,1.5839
22.4164,491,1.5839
22.4207,491,1.5839
22.4250,492,1.5871
22.4293,492,1.5871
22.4336,493,1.5903
22.4379,494,1.5935
22.4422,492,1.5871
22.4465,493,1.5903
22.4508,494,1.5935
22.4551,494,1.5935
22.4594,494,1.5935
22.4637,494,1.5935
22.4680,494,1.5935
22.4723,495,1.5968
22.4766,496,1.6000
22.4809,499,1.6097
22.4852,500,1.6129
22.4895,498,1.6065
22.4938,499,1.6097
22.4981,498,1.6065
22.5023,500,1.6129
22.5067,500,1.6129
22.5110,500,1.6129
22.5154,500,1.6129
22.5197,501,1.6161
22.5240,502,1.6194
22.5283,501,1.6161
22.5327,501,1.6161
22.5370,502,1.6194
22.5414,503,1.6226
22.5457,503,1.6226
22.5501,504,1.6258
22.5544,505,1.6290
22.5587,508,1.6387
22.5631,514,1.6581
22.5674,520,1.6774
22.5719,526,1.6968
22.5764,534,1.7226
22.5807,541,1.7452
22.5850,546,1.7613
22.5894,549,1.7710
22.5937,551,1.7774
22.5981,549,1.7710
22.6024,549,1.7710
22.6067,545,1.7581
22.6110,541,1.7452
22.6153,534,1.7226
22.6196,526,1.6968
22.6239,520,1.6774
22.6282,513,1.6548
22.6325,506,1.6323
22.6368,502,1.6194
22.6411,500,1.6129
22.6454,500,1.6129
22.6497,500,1.6129
22.6540,503,1.6226
22.6583,504,1.6258
22.6627,504,1.6258
22.6670,504,1.6258
22.6713,505,1.6290
22.6756,504,1.6258
22.6800,504,1.6258
22.6843,503,1.6226
22.6886,504,1.6258
22.6929,504,1.6258
22.6971,504,1.6258
22.7015,505,1.6290
22.7058,505,1.6290
22.7101,504,1.6258
22.7144,499,1.6097
22.7187,485,1.5645
22.7230,468,1.5097
22.7273,468,1.5097
22.7316,499,1.6097
22.7359,556,1.7935
22.7402,639,2.0613
22.7445,727,2.3452
22.7488,800,2.5806
22.7531,818,2.6387
22.7574,773,2.4935
22.7617,689,2.2226
22.7660,592,1.9097
22.7703,514,1.6581
22.7746,468,1.5097
22.7788,450,1.4516
22.7831,451,1.4548
22.7874,461,1.4871
22.7917,475,1.5323
22.7960,482,1.5548
22.8003,485,1.5645
22.8046,486,1.5677
22.8089,486,1.5677
22.8133,487,1.5710
22.8176,487,1.5710
22.8219,488,1.5742
22.8263,488,1.5742
22.8306,488,1.5742
22.8349,489,1.5774
22.8393,490,1.5806
22.8436,491,1.5839
22.8479,490,1.5806
22.8523,491,1.5839
22.8566,492,1.5871
22.8609,492,1.5871
22.8653,493,1.5903
22.8698,495,1.5968
22.8741,495,1.5968
22.8786,495,1.5968
22.8829,496,1.6000
22.8873,496,1.6000
22.8916,497,1.6032
22.8959,498,1.6065
22.9003,497,1.6032
22.9047,498,1.6065
22.9090,500,1.6129
22.9134,504,1.6258
22.9177,510,1.6452
22.9220,516,1.6645
22.9263,521,1.6806
22.9306,530,1.7097
22.9349,535,1.7258
22.9392,541,1.7452
22.9434,547,1.7645
22.9478,553,1.7839
22.9521,559,1.8032
22.9563,565,1.8226
22.9606,570,1.8387
22.9649,573,1.8484
22.9693,575,1.8548
22.9736,575,1.8548
22.9779,577,1.8613
22.9822,579,1.8677
22.9865,579,1.8677
22.9908,577,1.8613
22.9951,576,1.8581
22.9994,573,1.8484
23.0037,570,1.8387
23.0080,566,1.8258
23.0123,561,1.8097
23.0166,555,1.7903
23.0208,551,1.7774
23.0251,545,1.7581
23.0294,538,1.7355
23.0337,531,1.7129
23.0380,524,1.6903
23.0423,518,1.6710
23.0466,511,1.6484
23.0509,503,1.6226
23.0552,496,1.6000
23.0595,491,1.5839
23.0638,483,1.5581
23.0681,477,1.5387
23.0724,475,1.5323
23.0767,476,1.5355
23.0810,478,1.5419
23.0853,479,1.5452
23.0896,480,1.5484
23.0939,481,1.5516
23.0982,481,1.5516
23.1025,482,1.5548
23.1068,484,1.5613
23.1111,484,1.5613
23.1155,485,1.5645
23.1198,486,1.5677
23.1241,486,1.5677
23.1284,486,1.5677
23.1327,487,1.5710
23.1370,487,1.5710
23.1413,489,1.5774
23.1456,490,1.5806
23.1499,490,1.5806
23.1542,491,1.5839
23.1585,492,1.5871
23.1628,492,1.5871
23.1671,492,1.5871
23.1713,493,1.5903
23.1756,494,1.5935
23.1800,495,1.5968
23.1843,494,1.5935
23.1886,495,1.5968
23.1929,496,1.6000
23.1971,496,1.6000
23.2014,495,1.5968
23.2057,496,1.6000
23.2100,495,1.5968
23.2144,496,1.6000
23.2187,496,1.6000
23.2230,497,1.6032
23.2272,497,1.6032
23.2316,498,1.6065
23.2359,498,1.6065
23.2402,498,1.6065
23.2445,499,1.6097
23.2488,499,1.6097
23.2530,499,1.6097
23.2573,502,1.6194
23.2616,501,1.6161
23.2659,501,1.6161
23.2702,501,1.6161
23.2745,501,1.6161
23.2787,501,1.6161
23.2830,502,1.6194
23.2873,501,1.6161
23.2916,504,1.6258
23.2959,504,1.6258
23.3002,504,1.6258
23.3044,505,1.6290
23.3087,508,1.6387
23.3130,513,1.6548
23.3173,520,1.6774
23.3216,527,1.7000
23.3259,535,1.7258
23.3302,541,1.7452
23.3345,547,1.7645
23.3388,550,1.7742
23.3431,552,1.7806
23.3474,552,1.7806
23.3516,549,1.7710
23.3559,547,1.7645
23.3602,542,1.7484
23.3645,535,1.7258
23.3688,528,1.7032
23.3730,521,1.6806
23.3773,515,1.6613
23.3816,507,1.6355
23.3859,502,1.6194
23.3902,500,1.6129
23.3944,499,1.6097
23.3987,500,1.6129
23.4030,501,1.6161
23.4073,502,1.6194
23.4115,502,1.6194
23.4159,503,1.6226
23.4202,502,1.6194
23.4244,502,1.6194
23.4287,502,1.6194
23.4330,503,1.6226
23.4373,503,1.6226
23.4416,504,1.6258
23.4459,504,1.6258
23.4501,505,1.6290
23.4544,505,1.6290
23.4587,504,1.6258
23.4630,500,1.6129
23.4673,488,1.5742
23.4717,473,1.5258
23.4761,465,1.5000
23.4804,486,1.5677
23.4848,538,1.7355
23.4891,616,1.9871
23.4933,703,2.2677
23.4977,787,2.5387
23.5019,821,2.6484
23.5062,790,2.5484
23.5105,716,2.3097
23.5148,620,2.0000
23.5191,533,1.7194
23.5234,479,1.5452
23.5280,452,1.4581
23.5323,449,1.4484
23.5366,459,1.4806
23.5409,472,1.5226
23.5451,480,1.5484
23.5494,484,1.5613
23.5536,486,1.5677
23.5579,486,1.5677
23.5622,485,1.5645
23.5664,486,1.5677
23.5707,486,1.5677
23.5749,488,1.5742
23.5792,487,1.5710
23.5834,488,1.5742
23.5877,489,1.5774
23.5920,491,1.5839
23.5962,491,1.5839
23.6005,491,1.5839
23.6047,491,1.5839
23.6090,492,1.5871
23.6132,492,1.5871
23.6175,494,1.5935
23.6218,494,1.5935
23.6261,495,1.5968
23.6304,495,1.5968
23.6347,495,1.5968
23.6390,494,1.5935
23.6433,495,1.5968
23.6476,496,1.6000
23.6519,497,1.6032
23.6562,498,1.6065
23.6605,499,1.6097
23.6648,503,1.6226
23.6690,509,1.6419
23.6733,515,1.6613
23.6776,522,1.6839
23.6819,529,1.7065
23.6862,535,1.7258
23.6905,541,1.7452
23.6948,549,1.7710
23.6991,554,1.7871
23.7034,559,1.8032
23.7077,564,1.8194
23.7120,568,1.8323
23.7163,572,1.8452
23.7206,574,1.8516
23.7249,577,1.8613
23.7292,577,1.8613
23.7335,577,1.8613
23.7378,578,1.8645
23.7420,577,1.8613
23.7463,576,1.8581
23.7506,572,1.8452
23.7549,570,1.8387
23.7592,565,1.8226
23.7635,560,1.8065
23.7678,555,1.7903
23.7722,548,1.7677
23.7766,541,1.7452
23.7809,534,1.7226
23.7852,527,1.7000
23.7896,521,1.6806
23.7938,514,1.6581
23.7981,508,1.6387
23.8024,501,1.6161
23.8067,494,1.5935
23.8110,489,1.5774
23.8154,482,1.5548
23.8197,479,1.5452
23.8240,478,1.5419
23.8283,478,1.5419
23.8325,478,1.5419
23.8368,478,1.5419
23.8411,480,1.5484
23.8453,480,1.5484
23.8496,480,1.5484
23.8538,481,1.5516
23.8581,482,1.5548
23.8624,482,1.5548
23.8666,483,1.5581
23.8709,485,1.5645
23.8752,486,1.5677
23.8794,486,1.5677
23.8837,487,1.5710
23.8880,488,1.5742
23.8922,488,1.5742
23.8965,488,1.5742
23.9007,488,1.5742
23.9050,489,1.5774
23.9093,490,1.5806
23.9135,490,1.5806
23.9178,492,1.5871
23.9221,493,1.5903
23.9264,493,1.5903
23.9306,492,1.5871
23.9349,494,1.5935
23.9392,496,1.6000
23.9435,496,1.6000
23.9478,497,1.6032
23.9521,497,1.6032
23.9564,498,1.6065
23.9607,498,1.6065
23.9650,498,1.6065
23.9693,498,1.6065
23.9737,499,1.6097
23.9780,499,1.6097
23.9823,498,1.6065
23.9866,499,1.6097
23.9909,499,1.6097
23.9952,501,1.6161
23.9994,501,1.6161
24.0037,502,1.6194
24.0080,501,1.6161
24.0123,502,1.6194
24.0166,503,1.6226
24.0209,504,1.6258
24.0252,505,1.6290
24.0295,505,1.6290
24.0338,505,1.6290
24.0381,505,1.6290
24.0424,505,1.6290
24.0467,505,1.6290
24.0510,505,1.6290
24.0553,505,1.6290
24.0596,508,1.6387
24.0639,514,1.6581
24.0682,522,1.6839
24.0725,529,1.7065
24.0768,536,1.7290
24.0811,542,1.7484
24.0854,546,1.7613
24.0897,549,1.7710
24.0940,551,1.7774
24.0983,550,1.7742
24.1026,548,1.7677
24.1069,545,1.7581
24.1112,540,1.7419
24.1155,534,1.7226
24.1198,527,1.7000
24.1240,519,1.6742
24.1284,511,1.6484
24.1327,504,1.6258
24.1370,501,1.6161
24.1413,500,1.6129
24.1455,499,1.6097
24.1498,500,1.6129
24.1542,502,1.6194
24.1584,502,1.6194
24.1627,502,1.6194
24.1670,502,1.6194
24.1713,503,1.6226
24.1756,504,1.6258
24.1799,503,1.6226
24.1843,504,1.6258
24.1885,504,1.6258
24.1928,504,1.6258
24.1971,506,1.6323
24.2014,506,1.6323
24.2057,506,1.6323
24.2101,506,1.6323
24.2144,500,1.6129
24.2187,486,1.5677
24.2230,470,1.5161
24.2273,468,1.5097
24.2316,496,1.6000
24.2359,557,1.7968
24.2402,636,2.0516
24.2445,729,2.3516
24.2488,801,2.5839
24.2531,818,2.6387
24.2574,775,2.5000
24.2617,694,2.2387
24.2660,598,1.9290
24.2703,518,1.6710
24.2746,470,1.5161
24.2790,451,1.4548
24.2832,450,1.4516
24.2875,463,1.4935
24.2918,476,1.5355
24.2962,483,1.5581
24.3004,484,1.5613
24.3047,485,1.5645
24.3090,486,1.5677
24.3133,487,1.5710
24.3176,488,1.5742
24.3219,489,1.5774
24.3262,489,1.5774
24.3305,488,1.5742
24.3348,489,1.5774
24.3391,489,1.5774
24.3434,490,1.5806
24.3477,491,1.5839
24.3520,491,1.5839
24.3563,491,1.5839
24.3606,491,1.5839
24.3649,491,1.5839
24.3693,492,1.5871
24.3737,493,1.5903
24.3781,494,1.5935
24.3825,494,1.5935
24.3868,495,1.5968
24.3911,497,1.6032
24.3954,496,1.6000
24.3997,496,1.6000
24.4041,497,1.6032
24.4084,498,1.6065
24.4126,500,1.6129
24.4169,505,1.6290
24.4213,511,1.6484
24.4256,518,1.6710
24.4298,524,1.6903
24.4341,532,1.7161
24.4383,536,1.7290
24.4426,545,1.7581
24.4469,550,1.7742
24.4511,556,1.7935
24.4554,560,1.8065
24.4597,565,1.8226
24.4639,570,1.8387
24.4682,573,1.8484
24.4725,575,1.8548
24.4767,578,1.8645
24.4810,578,1.8645
24.4852,578,1.8645
24.4895,576,1.8581
24.4937,576,1.8581
24.4980,574,1.8516
24.5023,571,1.8419
24.5066,566,1.8258
24.5108,562,1.8129
24.5151,557,1.7968
24.5193,551,1.7774
24.5236,546,1.7613
24.5280,539,1.7387
24.5322,533,1.7194
24.5366,526,1.6968
24.5409,517,1.6677
24.5451,511,1.6484
24.5495,504,1.6258
24.5537,498,1.6065
24.5580,491,1.5839
24.5623,485,1.5645
24.5666,480,1.5484
24.5709,476,1.5355
24.5753,475,1.5323
24.5795,476,1.5355
24.5839,477,1.5387
24.5882,478,1.5419
24.5925,479,1.5452
24.5967,479,1.5452
24.6010,480,1.5484
24.6053,480,1.5484
24.6096,483,1.5581
24.6140,482,1.5548
24.6182,482,1.5548
24.6225,482,1.5548
24.6268,483,1.5581
24.6311,484,1.5613
24.6354,486,1.5677
24.6397,487,1.5710
24.6440,487,1.5710
24.6483,487,1.5710
24.6526,487,1.5710
24.6569,488,1.5742
24.6612,488,1.5742
24.6655,489,1.5774
24.6700,489,1.5774
24.6743,490,1.5806
24.6788,490,1.5806
24.6830,492,1.5871
24.6873,492,1.5871
24.6916,493,1.5903
24.6959,494,1.5935
24.7002,493,1.5903
24.7045,493,1.5903
24.7088,495,1.5968
24.7131,495,1.5968
24.7174,497,1.6032
24.7217,497,1.6032
24.7260,498,1.6065
24.7303,498,1.6065
24.7346,498,1.6065
24.7388,498,1.6065
24.7431,500,1.6129
24.7474,501,1.6161
24.7516,500,1.6129
24.7559,500,1.6129
24.7602,501,1.6161
24.7644,502,1.6194
24.7687,502,1.6194
24.7730,503,1.6226
24.7772,502,1.6194
24.7815,504,1.6258
24.7858,503,1.6226
24.7901,503,1.6226
24.7943,504,1.6258
24.7986,504,1.6258
24.8029,505,1.6290
24.8071,507,1.6355
24.8114,512,1.6516
24.8158,519,1.6742
24.8200,526,1.6968
24.8244,532,1.7161
24.8287,539,1.7387
24.8330,545,1.7581
24.8373,549,1.7710
24.8416,552,1.7806
24.8459,552,1.7806
24.8502,551,1.7774
24.8545,547,1.7645
24.8588,543,1.7516
24.8631,537,1.7323
24.8674,531,1.7129
24.8717,523,1.6871
24.8760,516,1.6645
24.8803,509,1.6419
24.8846,503,1.6226
24.8889,500,1.6129
24.8932,499,1.6097
24.8975,499,1.6097
24.9018,500,1.6129
24.9061,501,1.6161
24.9104,502,1.6194
24.9147,503,1.6226
24.9190,503,1.6226
24.9232,502,1.6194
24.9275,503,1.6226
24.9318,504,1.6258
24.9362,505,1.6290
24.9404,504,1.6258
24.9447,505,1.6290
24.9490,506,1.6323
24.9533,506,1.6323
24.9576,505,1.6290
24.9620,502,1.6194
24.9662,494,1.5935
24.9705,478,1.5419
24.9748,466,1.5032
24.9791,477,1.5387
24.9834,518,1.6710
24.9877,588,1.8968
24.9920,676,2.1806
24.9963,764,2.4645
25.0006,818,2.6387
25.0049,807,2.6032
25.0092,742,2.3935
25.0136,653,2.1065
25.0178,560,1.8065
25.0222,493,1.5903
25.0269,459,1.4806
25.0314,450,1.4516
25.0359,457,1.4742
25.0403,470,1.5161
25.0448,481,1.5516
25.0494,485,1.5645
25.0538,486,1.5677
25.0582,486,1.5677
25.0624,487,1.5710
25.0667,488,1.5742
25.0710,488,1.5742
25.0752,489,1.5774
25.0795,490,1.5806
25.0838,490,1.5806
25.0880,491,1.5839
25.0923,491,1.5839
25.0966,491,1.5839
25.1008,491,1.5839
25.1051,492,1.5871
25.1093,492,1.5871
25.1135,492,1.5871
25.1178,493,1.5903
25.1220,494,1.5935
25.1263,494,1.5935
25.1305,495,1.5968
25.1348,495,1.5968
25.1391,496,1.6000
25.1433,496,1.6000
25.1476,497,1.6032
25.1518,498,1.6065
25.1561,498,1.6065
25.1603,499,1.6097
25.1646,503,1.6226
25.1688,508,1.6387
25.1731,515,1.6613
25.1773,521,1.6806
25.1816,529,1.7065
25.1858,535,1.7258
25.1901,542,1.7484
25.1943,548,1.7677
25.1985,554,1.7871
25.2028,560,1.8065
25.2070,565,1.8226
25.2113,569,1.8355
25.2156,571,1.8419
25.2198,575,1.8548
25.2241,576,1.8581
25.2283,579,1.8677
25.2326,579,1.8677
25.2370,578,1.8645
25.2413,576,1.8581
25.2456,576,1.8581
25.2501,574,1.8516
25.2545,571,1.8419
25.2588,565,1.8226
25.2631,560,1.8065
25.2675,555,1.7903
25.2719,550,1.7742
25.2764,543,1.7516
25.2808,538,1.7355
25.2852,531,1.7129
25.2900,522,1.6839
25.2944,513,1.6548
25.2988,507,1.6355
25.3031,498,1.6065
25.3075,493,1.5903
25.3118,487,1.5710
25.3161,482,1.5548
25.3204,478,1.5419
25.3248,479,1.5452
25.3292,479,1.5452
25.3336,481,1.5516
25.3379,480,1.5484
25.3422,481,1.5516
25.3465,482,1.5548
25.3508,482,1.5548
25.3551,484,1.5613
25.3593,485,1.5645
25.3636,484,1.5613
25.3679,486,1.5677
25.3722,487,1.5710
25.3765,486,1.5677
25.3808,486,1.5677
25.3851,487,1.5710
25.3894,489,1.5774
25.3937,489,1.5774
25.3980,489,1.5774
25.4023,488,1.5742
25.4066,490,1.5806
25.4109,491,1.5839
25.4152,492,1.5871
25.4195,492,1.5871
25.4238,491,1.5839
25.4281,492,1.5871
25.4324,492,1.5871
25.4367,494,1.5935
25.4411,494,1.5935
25.4454,494,1.5935
25.4497,494,1.5935
25.4541,495,1.5968
25.4584,496,1.6000
25.4627,497,1.6032
25.4671,500,1.6129
25.4714,499,1.6097
25.4757,499,1.6097
25.4801,499,1.6097
25.4844,499,1.6097
25.4888,500,1.6129
25.4931,501,1.6161
25.4974,502,1.6194
25.5018,501,1.6161
25.5061,502,1.6194
25.5104,501,1.6161
25.5148,502,1.6194
25.5191,503,1.6226
25.5234,504,1.6258
25.5278,504,1.6258
25.5321,503,1.6226
25.5365,504,1.6258
25.5408,504,1.6258
25.5451,505,1.6290
25.5494,505,1.6290
25.5537,505,1.6290
25.5580,508,1.6387
25.5623,514,1.6581
25.5666,520,1.6774
25.5710,527,1.7000
25.5753,534,1.7226
25.5797,540,1.7419
25.5840,546,1.7613
25.5884,548,1.7677
25.5927,552,1.7806
25.5970,551,1.7774
25.6013,548,1.7677
25.6056,545,1.7581
25.6098,541,1.7452
25.6142,536,1.7290
25.6184,529,1.7065
25.6227,520,1.6774
25.6270,512,1.6516
25.6313,506,1.6323
25.6357,500,1.6129
25.6401,500,1.6129
25.6443,500,1.6129
25.6486,501,1.6161
25.6529,501,1.6161
25.6572,501,1.6161
25.6615,501,1.6161
25.6658,501,1.6161
25.6701,502,1.6194
25.6744,503,1.6226
25.6787,502,1.6194
25.6830,502,1.6194
25.6873,503,1.6226
25.6916,504,1.6258
25.6959,504,1.6258
25.7002,504,1.6258
25.7045,505,1.6290
25.7088,505,1.6290
25.7131,503,1.6226
25.7174,490,1.5806
25.7217,474,1.5290
25.7259,463,1.4935
25.7302,481,1.5516
25.7345,530,1.7097
25.7389,607,1.9581
25.7432,698,2.2516
25.7475,783,2.5258
25.7519,822,2.6516
25.7562,794,2.5613
25.7606,716,2.3097
25.7649,622,2.0065
25.7692,535,1.7258
25.7735,479,1.5452
25.7779,453,1.4613
25.7822,449,1.4484
25.7865,460,1.4839
25.7909,473,1.5258
25.7952,482,1.5548
25.7996,486,1.5677
25.8039,485,1.5645
25.8082,485,1.5645
25.8125,486,1.5677
25.8169,485,1.5645
25.8212,487,1.5710
25.8255,488,1.5742
25.8299,488,1.5742
25.8343,489,1.5774
25.8387,489,1.5774
25.8430,490,1.5806
25.8473,492,1.5871
25.8516,493,1.5903
25.8559,493,1.5903
25.8602,493,1.5903
25.8645,494,1.5935
25.8688,494,1.5935
25.8731,494,1.5935
25.8774,494,1.5935
25.8817,493,1.5903
25.8860,495,1.5968
25.8903,496,1.6000
25.8946,496,1.6000
25.8989,497,1.6032
25.9032,498,1.6065
25.9075,498,1.6065
25.9117,501,1.6161
25.9160,505,1.6290
25.9203,510,1.6452
25.9246,516,1.6645
25.9289,524,1.6903
25.9332,530,1.7097
25.9375,536,1.7290
25.9419,543,1.7516
25.9462,549,1.7710
25.9505,555,1.7903
25.9549,560,1.8065
25.9592,566,1.8258
25.9635,570,1.8387
25.9679,572,1.8452
25.9722,575,1.8548
25.9765,577,1.8613
25.9808,578,1.8645
25.9852,577,1.8613
25.9895,577,1.8613
25.9938,575,1.8548
25.9982,573,1.8484
26.0025,569,1.8355
26.0069,565,1.8226
26.0112,560,1.8065
26.0155,555,1.7903
26.0198,550,1.7742
26.0242,544,1.7548
26.0285,538,1.7355
26.0328,532,1.7161
26.0372,524,1.6903
26.0415,516,1.6645
26.0459,509,1.6419
26.0502,503,1.6226
26.0545,496,1.6000
26.0588,489,1.5774
26.0632,483,1.5581
26.0675,478,1.5419
26.0718,476,1.5355
26.0762,476,1.5355
26.0805,476,1.5355
26.0848,479,1.5452
26.0892,479,1.5452
26.0935,480,1.5484
26.0978,481,1.5516
26.1022,481,1.5516
26.1065,481,1.5516
26.1108,482,1.5548
26.1152,483,1.5581
26.1195,484,1.5613
26.1238,485,1.5645
26.1281,486,1.5677
26.1325,487,1.5710
26.1368,487,1.5710
26.1411,488,1.5742
26.1455,488,1.5742
26.1498,488,1.5742
26.1541,489,1.5774
26.1584,490,1.5806
26.1627,491,1.5839
26.1670,492,1.5871
26.1714,493,1.5903
26.1757,491,1.5839
26.1802,492,1.5871
26.1845,493,1.5903
26.1888,493,1.5903
26.1932,494,1.5935
26.1974,495,1.5968
26.2017,495,1.5968
26.2060,495,1.5968
26.2103,496,1.6000
26.2146,496,1.6000
26.2189,497,1.6032
26.2232,497,1.6032
26.2275,499,1.6097
26.2318,499,1.6097
26.2361,500,1.6129
26.2404,500,1.6129
26.2448,501,1.6161
26.2491,501,1.6161
26.2534,502,1.6194
26.2578,501,1.6161
26.2621,501,1.6161
26.2664,501,1.6161
26.2708,502,1.6194
26.2751,503,1.6226
26.2794,503,1.6226
26.2837,504,1.6258
26.2881,503,1.6226
26.2924,503,1.6226
26.2968,503,1.6226
26.3011,504,1.6258
26.3054,504,1.6258
26.3098,508,1.6387
26.3141,515,1.6613
26.3184,522,1.6839
26.3228,529,1.7065
26.3271,536,1.7290
26.3314,542,1.7484
26.3358,546,1.7613
26.3401,550,1.7742
26.3445,553,1.7839
26.3488,552,1.7806
26.3531,549,1.7710
26.3574,545,1.7581
26.3616,540,1.7419
26.3659,534,1.7226
26.3702,527,1.7000
26.3745,519,1.6742
26.3788,512,1.6516
26.3831,505,1.6290
26.3874,501,1.6161
26.3917,500,1.6129
26.3960,499,1.6097
26.4003,499,1.6097
26.4046,500,1.6129
26.4089,501,1.6161
26.4132,502,1.6194
26.4175,502,1.6194
26.4218,503,1.6226
26.4261,503,1.6226
26.4304,503,1.6226
26.4347,503,1.6226
26.4390,504,1.6258
26.4433,505,1.6290
26.4476,505,1.6290
26.4520,504,1.6258
26.4563,505,1.6290
26.4606,504,1.6258
26.4650,497,1.6032
26.4693,483,1.5581
26.4738,467,1.5065
26.4782,469,1.5129
26.4826,504,1.6258
26.4869,569,1.8355
26.4913,655,2.1129
26.4956,746,2.4065
26.5000,812,2.6194
26.5044,811,2.6161
26.5087,754,2.4323
26.5130,665,2.1452
26.5174,570,1.8387
26.5217,499,1.6097
26.5260,461,1.4871
26.5304,450,1.4516
26.5347,455,1.4677
26.5390,468,1.5097
26.5434,479,1.5452
26.5477,484,1.5613
26.5520,486,1.5677
26.5563,486,1.5677
26.5606,487,1.5710
26.5649,487,1.5710
26.5691,487,1.5710
26.5734,488,1.5742
26.5777,489,1.5774
26.5820,489,1.5774
26.5863,491,1.5839
26.5906,491,1.5839
26.5949,492,1.5871
26.5992,492,1.5871
26.6035,492,1.5871
26.6078,493,1.5903
26.6121,494,1.5935
26.6164,495,1.5968
26.6207,495,1.5968
26.6250,496,1.6000
26.6293,495,1.5968
26.6336,494,1.5935
26.6379,496,1.6000
26.6423,496,1.6000
26.6466,497,1.6032
26.6509,497,1.6032
26.6553,497,1.6032
26.6596,497,1.6032
26.6639,502,1.6194
26.6683,506,1.6323
26.6726,514,1.6581
26.6769,521,1.6806
26.6813,528,1.7032
26.6856,534,1.7226
26.6900,542,1.7484
26.6943,549,1.7710
26.6986,554,1.7871
26.7030,561,1.8097
26.7073,566,1.8258
26.7116,569,1.8355
26.7160,574,1.8516
26.7203,577,1.8613
26.7246,580,1.8710
26.7290,580,1.8710
26.7333,579,1.8677
26.7376,580,1.8710
26.7420,579,1.8677
26.7463,577,1.8613
26.7506,575,1.8548
26.7549,571,1.8419
26.7592,566,1.8258
26.7635,559,1.8032
26.7678,555,1.7903
26.7721,549,1.7710
26.7764,543,1.7516
26.7807,536,1.7290
26.7850,528,1.7032
26.7893,520,1.6774
26.7936,515,1.6613
26.7978,509,1.6419
26.8021,502,1.6194
26.8065,496,1.6000
26.8107,489,1.5774
26.8150,483,1.5581
26.8193,478,1.5419
26.8236,478,1.5419
26.8279,478,1.5419
26.8322,479,1.5452
26.8365,479,1.5452
26.8409,480,1.5484
26.8452,483,1.5581
26.8495,483,1.5581
26.8538,483,1.5581
26.8581,484,1.5613
26.8624,484,1.5613
26.8667,485,1.5645
26.8710,485,1.5645
26.8753,486,1.5677
26.8796,486,1.5677
26.8839,487,1.5710
26.8882,487,1.5710
26.8925,489,1.5774
26.8968,490,1.5806
26.9011,492,1.5871
26.9054,491,1.5839
26.9097,491,1.5839
26.9140,493,1.5903
26.9182,492,1.5871
26.9225,493,1.5903
26.9268,495,1.5968
26.9311,495,1.5968
26.9354,495,1.5968
26.9397,494,1.5935
26.9440,495,1.5968
26.9483,495,1.5968
26.9527,495,1.5968
26.9570,496,1.6000
26.9613,496,1.6000
26.9657,497,1.6032
26.9701,498,1.6065
26.9744,499,1.6097
26.9787,499,1.6097
26.9830,499,1.6097
26.9874,499,1.6097
26.9917,498,1.6065
26.9960,500,1.6129
27.0004,500,1.6129
27.0047,501,1.6161
27.0090,502,1.6194
27.0134,502,1.6194
27.0177,502,1.6194
27.0220,502,1.6194
27.0264,502,1.6194
27.0307,503,1.6226
27.0350,503,1.6226
27.0394,504,1.6258
27.0437,505,1.6290
27.0480,505,1.6290
27.0524,504,1.6258
27.0567,506,1.6323
27.0613,511,1.6484
27.0656,519,1.6742
27.0700,525,1.6935
27.0744,533,1.7194
27.0789,539,1.7387
27.0832,543,1.7516
27.0875,548,1.7677
27.0918,550,1.7742
27.0961,552,1.7806
27.1004,550,1.7742
27.1047,548,1.7677
27.1090,543,1.7516
27.1133,536,1.7290
27.1176,530,1.7097
27.1219,523,1.6871
27.1262,517,1.6677
27.1305,510,1.6452
27.1348,502,1.6194
27.1391,499,1.6097
27.1434,499,1.6097
27.1477,499,1.6097
27.1520,501,1.6161
27.1563,501,1.6161
27.1606,502,1.6194
27.1649,502,1.6194
27.1691,502,1.6194
27.1735,504,1.6258
27.1777,504,1.6258
27.1820,503,1.6226
27.1863,502,1.6194
27.1906,503,1.6226
27.1949,503,1.6226
27.1992,505,1.6290
27.2035,505,1.6290
27.2078,506,1.6323
27.2121,504,1.6258
27.2164,495,1.5968
27.2207,479,1.5452
27.2250,466,1.5032
27.2293,476,1.5355
27.2336,518,1.6710
27.2379,588,1.8968
27.2422,675,2.1774
27.2465,762,2.4581
27.2508,818,2.6387
27.2551,808,2.6065
27.2595,742,2.3935
27.2638,651,2.1000
27.2681,557,1.7968
27.2724,493,1.5903
27.2768,459,1.4806
27.2811,450,1.4516
27.2855,457,1.4742
27.2898,469,1.5129
27.2941,480,1.5484
27.2985,485,1.5645
27.3028,486,1.5677
27.3071,487,1.5710
27.3115,487,1.5710
27.3158,488,1.5742
27.3201,488,1.5742
27.3245,489,1.5774
27.3288,490,1.5806
27.3331,491,1.5839
27.3375,490,1.5806
27.3418,491,1.5839
27.3461,491,1.5839
27.3505,492,1.5871
27.3548,492,1.5871
27.3591,492,1.5871
27.3634,491,1.5839
27.3677,493,1.5903
27.3721,494,1.5935
27.3765,495,1.5968
27.3809,496,1.6000
27.3852,497,1.6032
27.3895,498,1.6065
27.3938,498,1.6065
27.3981,497,1.6032
27.4024,498,1.6065
27.4067,498,1.6065
27.4110,500,1.6129
27.4153,504,1.6258
27.4196,511,1.6484
27.4239,516,1.6645
27.4282,523,1.6871
27.4324,529,1.7065
27.4367,536,1.7290
27.4410,542,1.7484
27.4453,548,1.7677
27.4497,554,1.7871
27.4540,558,1.8000
27.4584,563,1.8161
27.4627,568,1.8323
27.4671,571,1.8419
27.4714,574,1.8516
27.4757,577,1.8613
27.4802,578,1.8645
27.4846,577,1.8613
27.4889,577,1.8613
27.4932,575,1.8548
27.4975,575,1.8548
27.5019,571,1.8419
27.5062,567,1.8290
27.5106,564,1.8194
27.5149,559,1.8032
27.5192,553,1.7839
27.5236,548,1.7677
27.5279,540,1.7419
27.5322,533,1.7194
27.5365,525,1.6935
27.5409,517,1.6677
27.5452,511,1.6484
27.5495,505,1.6290
27.5539,498,1.6065
27.5582,492,1.5871
27.5625,485,1.5645
27.5668,480,1.5484
27.5711,475,1.5323
27.5754,475,1.5323
27.5797,476,1.5355
27.5840,477,1.5387
27.5883,478,1.5419
27.5925,480,1.5484
27.5968,480,1.5484
27.6011,481,1.5516
27.6054,482,1.5548
27.6097,484,1.5613
27.6140,485,1.5645
27.6183,485,1.5645
27.6226,483,1.5581
27.6269,485,1.5645
27.6312,486,1.5677
27.6355,488,1.5742
27.6398,489,1.5774
27.6441,488,1.5742
27.6484,489,1.5774
27.6527,489,1.5774
27.6570,490,1.5806
27.6613,491,1.5839
27.6657,491,1.5839
27.6701,491,1.5839
27.6744,491,1.5839
27.6787,492,1.5871
27.6830,492,1.5871
27.6874,494,1.5935
27.6917,494,1.5935
27.6961,494,1.5935
27.7004,496,1.6000
27.7047,496,1.6000
27.7091,497,1.6032
27.7134,497,1.6032
27.7177,497,1.6032
27.7221,498,1.6065
27.7264,498,1.6065
27.7307,499,1.6097
27.7351,499,1.6097
27.7394,499,1.6097
27.7437,499,1.6097
27.7481,499,1.6097
27.7525,500,1.6129
27.7568,501,1.6161
27.7611,502,1.6194
27.7654,501,1.6161
27.7697,501,1.6161
27.7740,502,1.6194
27.7783,502,1.6194
27.7826,503,1.6226
27.7869,503,1.6226
27.7912,504,1.6258
27.7955,503,1.6226
27.7998,503,1.6226
27.8041,504,1.6258
27.8084,507,1.6355
27.8127,512,1.6516
27.8170,518,1.6710
27.8213,526,1.6968
27.8256,532,1.7161
27.8299,539,1.7387
27.8342,544,1.7548
27.8385,548,1.7677
27.8428,551,1.7774
27.8471,551,1.7774
27.8514,551,1.7774
27.8557,547,1.7645
27.8601,541,1.7452
27.8644,534,1.7226
27.8687,529,1.7065
27.8731,521,1.6806
27.8774,515,1.6613
27.8817,507,1.6355
27.8861,501,1.6161
27.8904,499,1.6097
27.8947,500,1.6129
27.8991,500,1.6129
27.9034,501,1.6161
27.9078,501,1.6161
27.9122,501,1.6161
27.9165,502,1.6194
27.9208,503,1.6226
27.9252,503,1.6226
27.9295,503,1.6226
27.9339,504,1.6258
27.9382,504,1.6258
27.9425,504,1.6258
27.9469,504,1.6258
27.9512,506,1.6323
27.9555,506,1.6323
27.9599,505,1.6290
27.9642,500,1.6129
27.9685,484,1.5613
27.9730,468,1.5097
27.9774,466,1.5032
27.9817,495,1.5968
27.9860,554,1.7871
27.9903,635,2.0484
27.9946,726,2.3419
27.9989,800,2.5806
28.0032,819,2.6419
28.0075,775,2.5000
28.0118,695,2.2419
28.0161,600,1.9355
28.0204,519,1.6742
28.0247,471,1.5194
28.0290,451,1.4548
28.0333,450,1.4516
28.0376,463,1.4935
28.0419,475,1.5323
28.0462,483,1.5581
28.0505,486,1.5677
28.0548,486,1.5677
28.0591,487,1.5710
28.0634,487,1.5710
28.0678,488,1.5742
28.0721,488,1.5742
28.0764,487,1.5710
28.0808,489,1.5774
28.0851,489,1.5774
28.0894,490,1.5806
28.0938,491,1.5839
28.0982,491,1.5839
28.1025,491,1.5839
28.1068,492,1.5871
28.1111,492,1.5871
28.1155,492,1.5871
28.1198,493,1.5903
28.1242,494,1.5935
28.1285,495,1.5968
28.1328,495,1.5968
28.1371,496,1.6000
28.1415,495,1.5968
28.1458,497,1.6032
28.1501,499,1.6097
28.1545,499,1.6097
28.1588,499,1.6097
28.1631,502,1.6194
28.1674,508,1.6387
28.1717,514,1.6581
28.1760,519,1.6742
28.1803,528,1.7032
28.1846,535,1.7258
28.1889,542,1.7484
28.1932,548,1.7677
28.1975,553,1.7839
28.2018,558,1.8000
28.2061,562,1.8129
28.2104,565,1.8226
28.2147,570,1.8387
28.2189,573,1.8484
28.2233,576,1.8581
28.2275,579,1.8677
28.2318,578,1.8645
28.2361,578,1.8645
28.2404,577,1.8613
28.2447,575,1.8548
28.2490,572,1.8452
28.2533,571,1.8419
28.2576,566,1.8258
28.2619,561,1.8097
28.2663,557,1.7968
28.2707,551,1.7774
28.2751,545,1.7581
28.2796,538,1.7355
28.2840,532,1.7161
28.2883,524,1.6903
28.2927,516,1.6645
28.2970,510,1.6452
28.3013,504,1.6258
28.3057,497,1.6032
28.3101,491,1.5839
28.3144,484,1.5613
28.3187,478,1.5419
28.3230,478,1.5419
28.3274,476,1.5355
28.3317,477,1.5387
28.3361,479,1.5452
28.3404,480,1.5484
28.3447,480,1.5484
28.3491,481,1.5516
28.3534,481,1.5516
28.3578,482,1.5548
28.3622,483,1.5581
28.3665,484,1.5613
28.3708,485,1.5645
28.3751,486,1.5677
28.3794,488,1.5742
28.3837,488,1.5742
28.3880,488,1.5742
28.3923,488,1.5742
28.3966,489,1.5774
28.4008,489,1.5774
28.4051,490,1.5806
28.4094,491,1.5839
28.4137,491,1.5839
28.4180,491,1.5839
28.4223,492,1.5871
28.4266,493,1.5903
28.4309,493,1.5903
28.4352,494,1.5935
28.4395,494,1.5935
28.4438,494,1.5935
28.4481,494,1.5935
28.4524,495,1.5968
28.4567,497,1.6032
28.4610,497,1.6032
28.4653,497,1.6032
28.4697,498,1.6065
28.4740,499,1.6097
28.4783,500,1.6129
28.4826,499,1.6097
28.4870,500,1.6129
28.4913,500,1.6129
28.4956,500,1.6129
28.5000,500,1.6129
28.5043,500,1.6129
28.5087,500,1.6129
28.5130,501,1.6161
28.5174,501,1.6161
28.5217,502,1.6194
28.5260,503,1.6226
28.5304,504,1.6258
28.5347,504,1.6258
28.5390,504,1.6258
28.5434,503,1.6226
28.5477,504,1.6258
28.5520,504,1.6258
28.5564,506,1.6323
28.5608,510,1.6452
28.5651,517,1.6677
28.5694,524,1.6903
28.5738,531,1.7129
28.5781,538,1.7355
28.5823,544,1.7548
28.5866,549,1.7710
28.5909,551,1.7774
28.5952,552,1.7806
28.5995,551,1.7774
28.6038,549,1.7710
28.6081,544,1.7548
28.6124,537,1.7323
28.6167,531,1.7129
28.6210,524,1.6903
28.6253,516,1.6645
28.6296,509,1.6419
28.6339,503,1.6226
28.6382,499,1.6097
28.6425,498,1.6065
28.6468,499,1.6097
28.6511,499,1.6097
28.6554,499,1.6097
28.6597,500,1.6129
28.6640,501,1.6161
28.6683,502,1.6194
28.6727,503,1.6226
28.6770,503,1.6226
28.6813,503,1.6226
28.6857,503,1.6226
28.6901,503,1.6226
28.6944,504,1.6258
28.6987,504,1.6258
28.7031,504,1.6258
28.7074,504,1.6258
28.7117,503,1.6226
28.7161,495,1.5968
28.7204,478,1.5419
28.7247,465,1.5000
28.7291,472,1.5226
28.7334,512,1.6516
28.7377,582,1.8774
28.7421,668,2.1548
28.7464,758,2.4452
28.7507,816,2.6323
28.7551,808,2.6065
28.7594,744,2.4000
28.7637,654,2.1097
28.7681,561,1.8097
28.7724,494,1.5935
28.7767,460,1.4839
28.7810,450,1.4516
28.7853,455,1.4677
28.7895,469,1.5129
28.7938,479,1.5452
28.7982,484,1.5613
28.8024,485,1.5645
28.8067,485,1.5645
28.8110,486,1.5677
28.8153,486,1.5677
28.8196,487,1.5710
28.8239,487,1.5710
28.8282,489,1.5774
28.8329,489,1.5774
28.8372,489,1.5774
28.8415,491,1.5839
28.8458,493,1.5903
28.8501,493,1.5903
28.8544,494,1.5935
28.8587,494,1.5935
28.8631,494,1.5935
28.8674,494,1.5935
28.8720,495,1.5968
28.8764,494,1.5935
28.8809,495,1.5968
28.8852,496,1.6000
28.8895,497,1.6032
28.8939,497,1.6032
28.8982,496,1.6000
28.9026,496,1.6000
28.9069,497,1.6032
28.9112,498,1.6065
28.9155,503,1.6226
28.9199,509,1.6419
28.9243,515,1.6613
28.9286,522,1.6839
28.9329,529,1.7065
28.9373,535,1.7258
28.9416,542,1.7484
28.9459,548,1.7677
28.9503,554,1.7871
28.9546,558,1.8000
28.9589,563,1.8161
28.9634,567,1.8290
28.9677,572,1.8452
28.9721,576,1.8581
28.9764,579,1.8677
28.9807,579,1.8677
28.9850,579,1.8677
28.9893,577,1.8613
28.9936,577,1.8613
28.9978,575,1.8548
29.0021,571,1.8419
29.0064,568,1.8323
29.0107,564,1.8194
29.0150,558,1.8000
29.0193,553,1.7839
29.0236,548,1.7677
29.0279,541,1.7452
29.0322,535,1.7258
29.0365,528,1.7032
29.0408,521,1.6806
29.0451,513,1.6548
29.0494,506,1.6323
29.0537,500,1.6129
29.0580,492,1.5871
29.0623,485,1.5645
29.0666,480,1.5484
29.0709,477,1.5387
29.0752,477,1.5387
29.0796,479,1.5452
29.0839,480,1.5484
29.0882,481,1.5516
29.0926,482,1.5548
29.0969,482,1.5548
29.1012,483,1.5581
29.1056,483,1.5581
29.1099,483,1.5581
29.1143,484,1.5613
29.1186,484,1.5613
29.1229,484,1.5613
29.1273,485,1.5645
29.1316,486,1.5677
29.1359,486,1.5677
29.1402,487,1.5710
29.1446,488,1.5742
29.1489,489,1.5774
29.1533,490,1.5806
29.1576,490,1.5806
29.1619,489,1.5774
29.1663,491,1.5839
29.1706,491,1.5839
29.1750,490,1.5806
29.1794,492,1.5871
29.1838,492,1.5871
29.1881,493,1.5903
29.1924,494,1.5935
29.1967,494,1.5935
29.2010,494,1.5935
29.2053,494,1.5935
29.2096,497,1.6032
29.2139,497,1.6032
29.2182,497,1.6032
29.2225,498,1.6065
29.2268,499,1.6097
29.2311,499,1.6097
29.2354,499,1.6097
29.2397,499,1.6097
29.2440,500,1.6129
29.2483,500,1.6129
29.2526,502,1.6194
29.2569,501,1.6161
29.2612,502,1.6194
29.2655,503,1.6226
29.2698,503,1.6226
29.2741,503,1.6226
29.2785,503,1.6226
29.2828,504,1.6258
29.2871,505,1.6290
29.2915,506,1.6323
29.2958,507,1.6355
29.3001,507,1.6355
29.3045,506,1.6323
29.3088,509,1.6419
29.3131,515,1.6613
29.3175,521,1.6806
29.3218,528,1.7032
29.3261,535,1.7258
29.3305,542,1.7484
29.3348,546,1.7613
29.3391,549,1.7710
29.3435,551,1.7774
29.3478,552,1.7806
29.3521,548,1.7677
29.3565,546,1.7613
29.3608,541,1.7452
29.3651,534,1.7226
29.3694,528,1.7032
29.3738,521,1.6806
29.3781,514,1.6581
29.3824,506,1.6323
29.3866,502,1.6194
29.3909,500,1.6129
29.3953,501,1.6161
29.3995,502,1.6194
29.4038,502,1.6194
29.4081,503,1.6226
29.4124,503,1.6226
29.4167,504,1.6258
29.4210,505,1.6290
29.4253,505,1.6290
29.4296,505,1.6290
29.4339,505,1.6290
29.4382,505,1.6290
29.4425,505,1.6290
29.4468,505,1.6290
29.4511,505,1.6290
29.4554,505,1.6290
29.4597,504,1.6258
29.4640,499,1.6097
29.4685,486,1.5677
29.4728,470,1.5161
29.4773,466,1.5032
29.4817,494,1.5935
29.4862,556,1.7935
29.4906,638,2.0581
29.4950,729,2.3516
29.4993,802,2.5871
29.5037,817,2.6355
29.5080,770,2.4839
29.5123,686,2.2129
29.5167,589,1.9000
29.5210,509,1.6419
29.5254,465,1.5000
29.5297,448,1.4452
29.5341,451,1.4548
29.5384,464,1.4968
29.5427,476,1.5355
29.5471,483,1.5581
29.5514,485,1.5645
29.5557,485,1.5645
29.5602,485,1.5645
29.5645,485,1.5645
29.5690,486,1.5677
29.5733,487,1.5710
29.5777,488,1.5742
29.5820,489,1.5774
29.5863,490,1.5806
29.5905,491,1.5839
29.5948,491,1.5839
29.5991,491,1.5839
29.6034,492,1.5871
29.6077,493,1.5903
29.6120,492,1.5871
29.6163,492,1.5871
29.6206,494,1.5935
29.6249,495,1.5968
29.6292,495,1.5968
29.6335,496,1.6000
29.6378,497,1.6032
29.6421,497,1.6032
29.6464,497,1.6032
29.6507,497,1.6032
29.6550,498,1.6065
29.6593,499,1.6097
29.6636,501,1.6161
29.6679,506,1.6323
29.6722,513,1.6548
29.6765,520,1.6774
29.6808,528,1.7032
29.6852,533,1.7194
29.6895,540,1.7419
29.6938,547,1.7645
29.6982,553,1.7839
29.7025,558,1.8000
29.7068,563,1.8161
29.7112,568,1.8323
29.7155,571,1.8419
29.7198,574,1.8516
29.7242,577,1.8613
29.7285,579,1.8677
29.7328,580,1.8710
29.7372,580,1.8710
29.7415,579,1.8677
29.7458,576,1.8581
29.7502,574,1.8516
29.7545,571,1.8419
29.7588,565,1.8226
29.7632,560,1.8065
29.7675,556,1.7935
29.7720,550,1.7742
29.7765,543,1.7516
29.7809,536,1.7290
29.7853,528,1.7032
29.7896,522,1.6839
29.7939,516,1.6645
29.7981,509,1.6419
29.8024,502,1.6194
29.8067,496,1.6000
29.8110,490,1.5806
29.8153,484,1.5613
29.8196,479,1.5452
29.8239,475,1.5323
29.8282,476,1.5355
29.8325,478,1.5419
29.8368,479,1.5452
29.8411,480,1.5484
29.8454,482,1.5548
29.8497,482,1.5548
29.8540,483,1.5581
29.8583,483,1.5581
29.8626,482,1.5548
29.8669,483,1.5581
29.8712,485,1.5645
29.8755,486,1.5677
29.8798,487,1.5710
29.8842,487,1.5710
29.8885,488,1.5742
29.8928,488,1.5742
29.8972,489,1.5774
29.9015,488,1.5742
29.9058,490,1.5806
29.9102,491,1.5839
29.9145,492,1.5871
29.9188,492,1.5871
29.9231,492,1.5871
29.9275,492,1.5871
29.9319,493,1.5903
29.9362,494,1.5935
29.9406,495,1.5968
29.9449,495,1.5968
29.9492,495,1.5968
29.9536,496,1.6000
29.9579,496,1.6000
29.9622,496,1.6000
29.9665,497,1.6032
29.9709,496,1.6000
29.9752,498,1.6065
29.9796,498,1.6065
29.9839,499,1.6097
29.9882,499,1.6097
29.9925,498,1.6065
29.9967,498,1.6065
30.0010,497,1.6032
30.0053,499,1.6097
30.0096,500,1.6129
30.0139,501,1.6161
30.0182,501,1.6161
30.0225,500,1.6129
30.0268,500,1.6129
30.0313,501,1.6161
30.0358,502,1.6194
30.0404,502,1.6194
30.0449,502,1.6194
30.0494,503,1.6226
30.0539,504,1.6258
30.0583,506,1.6323
30.0626,512,1.6516
30.0669,518,1.6710
30.0712,525,1.6935
30.0756,534,1.7226
30.0801,540,1.7419
30.0844,545,1.7581
30.0888,550,1.7742
30.0931,553,1.7839
30.0974,553,1.7839
30.1017,551,1.7774
30.1060,547,1.7645
30.1103,542,1.7484
30.1146,537,1.7323
30.1189,530,1.7097
30.1232,522,1.6839
30.1275,515,1.6613
30.1318,508,1.6387
30.1361,502,1.6194
30.1404,501,1.6161
30.1447,500,1.6129
30.1490,502,1.6194
30.1533,502,1.6194
30.1576,503,1.6226
30.1619,503,1.6226
30.1662,502,1.6194
30.1705,503,1.6226
30.1749,503,1.6226
30.1792,504,1.6258
30.1835,504,1.6258
30.1879,505,1.6290
30.1922,506,1.6323
30.1965,506,1.6323
30.2009,506,1.6323
30.2052,506,1.6323
30.2095,505,1.6290
30.2138,501,1.6161
30.2182,489,1.5774
30.2225,472,1.5226
30.2268,466,1.5032
30.2312,489,1.5774
30.2355,544,1.7548
30.2399,624,2.0129
30.2443,714,2.3032
30.2486,793,2.5581
30.2529,820,2.6452
30.2573,782,2.5226
30.2616,702,2.2645
30.2659,605,1.9516
30.2702,522,1.6839
30.2746,472,1.5226
30.2789,452,1.4581
30.2832,451,1.4548
30.2875,463,1.4935
30.2918,476,1.5355
30.2961,482,1.5548
30.3004,485,1.5645
30.3047,486,1.5677
30.3090,487,1.5710
30.3133,488,1.5742
30.3176,488,1.5742
30.3219,487,1.5710
30.3262,488,1.5742
30.3305,489,1.5774
30.3348,489,1.5774
30.3391,490,1.5806
30.3434,490,1.5806
30.3477,490,1.5806
30.3520,492,1.5871
30.3562,493,1.5903
30.3606,493,1.5903
30.3648,493,1.5903
30.3691,494,1.5935
30.3734,494,1.5935
30.3777,495,1.5968
30.3821,496,1.6000
30.3864,497,1.6032
30.3908,498,1.6065
30.3951,498,1.6065
30.3995,497,1.6032
30.4038,497,1.6032
30.4081,498,1.6065
30.4124,500,1.6129
30.4168,505,1.6290
30.4211,512,1.6516
30.4254,517,1.6677
30.4298,524,1.6903
30.4341,531,1.7129
30.4385,537,1.7323
30.4428,543,1.7516
30.4471,551,1.7774
30.4515,557,1.7968
30.4558,561,1.8097
30.4602,566,1.8258
30.4645,569,1.8355
30.4688,573,1.8484
30.4732,577,1.8613
30.4775,580,1.8710
30.4818,580,1.8710
30.4861,580,1.8710
30.4904,579,1.8677
30.4947,578,1.8645
30.4990,575,1.8548
30.5033,571,1.8419
30.5076,566,1.8258
30.5119,563,1.8161
30.5161,558,1.8000
30.5204,552,1.7806
30.5247,546,1.7613
30.5290,540,1.7419
30.5333,534,1.7226
30.5376,527,1.7000
30.5419,519,1.6742
30.5462,511,1.6484
30.5505,504,1.6258
30.5548,496,1.6000
30.5591,489,1.5774
30.5634,483,1.5581
30.5677,478,1.5419
30.5720,476,1.5355
30.5764,476,1.5355
30.5807,476,1.5355
30.5850,476,1.5355
30.5894,478,1.5419
30.5937,479,1.5452
30.5980,479,1.5452
30.6024,480,1.5484
30.6124,483,1.5581
30.6168,484,1.5613
30.6211,485,1.5645
30.6255,486,1.5677
30.6298,487,1.5710
30.6341,487,1.5710
30.6385,487,1.5710
30.6428,488,1.5742
30.6472,489,1.5774
30.6515,489,1.5774
30.6558,490,1.5806
30.6602,490,1.5806
30.6645,491,1.5839
30.6689,492,1.5871
30.6734,492,1.5871
30.6778,495,1.5968
30.6822,492,1.5871
30.6866,493,1.5903
30.6909,495,1.5968
30.6952,496,1.6000
30.6995,496,1.6000
30.7037,497,1.6032
30.7081,497,1.6032
30.7123,496,1.6000
30.7166,496,1.6000
30.7209,497,1.6032
30.7252,496,1.6000
30.7295,497,1.6032
30.7338,498,1.6065
30.7381,498,1.6065
30.7424,499,1.6097
30.7467,499,1.6097
30.7510,498,1.6065
30.7554,498,1.6065
30.7596,499,1.6097
30.7639,500,1.6129
30.7682,500,1.6129
30.7725,502,1.6194
30.7768,502,1.6194
30.7812,503,1.6226
30.7855,504,1.6258
30.7899,504,1.6258
30.7943,503,1.6226
30.7986,503,1.6226
30.8029,504,1.6258
30.8073,506,1.6323
30.8116,509,1.6419
30.8159,516,1.6645
30.8203,524,1.6903
30.8246,532,1.7161
30.8289,539,1.7387
30.8333,543,1.7516
30.8376,547,1.7645
30.8420,549,1.7710
30.8463,551,1.7774
30.8506,550,1.7742
30.8550,548,1.7677
30.8593,542,1.7484
30.8636,537,1.7323
30.8679,531,1.7129
30.8723,523,1.6871
30.8766,516,1.6645
30.8809,508,1.6387
30.8853,502,1.6194
30.8896,499,1.6097
30.8939,500,1.6129
30.8982,500,1.6129
30.9025,501,1.6161
30.9068,502,1.6194
30.9111,503,1.6226
30.9154,504,1.6258
30.9197,504,1.6258
30.9240,504,1.6258
30.9282,505,1.6290
30.9325,506,1.6323
30.9368,506,1.6323
30.9412,506,1.6323
30.9455,506,1.6323
30.9497,506,1.6323
30.9540,507,1.6355
30.9583,506,1.6323
30.9626,503,1.6226
30.9669,492,1.5871
30.9712,476,1.5355
30.9756,465,1.5000
30.9801,479,1.5452
30.9844,524,1.6903
30.9887,598,1.9290
30.9931,688,2.2194
30.9974,775,2.5000
31.0018,821,2.6484
31.0061,801,2.5839
31.0104,728,2.3484
31.0148,634,2.0452
31.0191,543,1.7516
31.0234,484,1.5613
31.0278,456,1.4710
31.0321,450,1.4516
31.0365,459,1.4806
31.0409,472,1.5226
31.0452,480,1.5484
31.0495,484,1.5613
31.0538,486,1.5677
31.0582,486,1.5677
31.0626,486,1.5677
31.0669,488,1.5742
31.0712,488,1.5742
31.0756,487,1.5710
31.0800,488,1.5742
31.0844,489,1.5774
31.0887,490,1.5806
31.0930,490,1.5806
31.0974,492,1.5871
31.1017,492,1.5871
31.1060,493,1.5903
31.1103,494,1.5935
31.1146,494,1.5935
31.1189,495,1.5968
31.1232,495,1.5968
31.1275,494,1.5935
31.1318,495,1.5968
31.1361,495,1.5968
31.1404,496,1.6000
31.1447,497,1.6032
31.1490,497,1.6032
31.1533,498,1.6065
31.1576,498,1.6065
31.1619,501,1.6161
31.1662,506,1.6323
31.1705,512,1.6516
31.1748,517,1.6677
31.1791,522,1.6839
31.1834,530,1.7097
31.1877,537,1.7323
31.1920,546,1.7613
31.1963,552,1.7806
31.2006,556,1.7935
31.2049,561,1.8097
31.2092,568,1.8323
31.2135,571,1.8419
31.2178,575,1.8548
31.2221,576,1.8581
31.2264,579,1.8677
31.2307,582,1.8774
31.2350,581,1.8742
31.2393,579,1.8677
31.2436,579,1.8677
31.2479,575,1.8548
31.2522,571,1.8419
31.2565,569,1.8355
31.2608,564,1.8194
31.2651,559,1.8032
31.2694,554,1.7871
31.2737,549,1.7710
31.2780,543,1.7516
31.2823,537,1.7323
31.2866,529,1.7065
31.2909,522,1.6839
31.2952,515,1.6613
31.2996,507,1.6355
31.3039,500,1.6129
31.3083,493,1.5903
31.3126,487,1.5710
31.3169,482,1.5548
31.3212,479,1.5452
31.3256,477,1.5387
31.3300,477,1.5387
31.3343,478,1.5419
31.3386,480,1.5484
31.3430,482,1.5548
31.3473,482,1.5548
31.3516,483,1.5581
31.3560,483,1.5581
31.3603,483,1.5581
31.3647,483,1.5581
31.3690,484,1.5613
31.3733,484,1.5613
31.3776,485,1.5645
31.3820,485,1.5645
31.3864,485,1.5645
31.3908,487,1.5710
31.3951,487,1.5710
31.3994,487,1.5710
31.4037,488,1.5742
31.4080,488,1.5742
31.4123,489,1.5774
31.4166,490,1.5806
31.4209,490,1.5806
31.4252,491,1.5839
31.4295,492,1.5871
31.4338,494,1.5935
31.4381,493,1.5903
31.4424,494,1.5935
31.4467,494,1.5935
31.4510,495,1.5968
31.4553,495,1.5968
31.4596,496,1.6000
31.4638,496,1.6000
31.4682,498,1.6065
31.4725,498,1.6065
31.4767,497,1.6032
31.4810,498,1.6065
31.4854,498,1.6065
31.4896,499,1.6097
31.4939,500,1.6129
31.4982,500,1.6129
31.5025,501,1.6161
31.5068,502,1.6194
31.5111,502,1.6194
31.5154,502,1.6194
31.5197,502,1.6194
31.5240,502,1.6194
31.5283,502,1.6194
31.5326,502,1.6194
31.5369,502,1.6194
31.5412,503,1.6226
31.5455,504,1.6258
31.5498,504,1.6258
31.5541,505,1.6290
31.5584,506,1.6323
31.5627,510,1.6452
31.5670,519,1.6742
31.5713,526,1.6968
31.5758,534,1.7226
31.5802,540,1.7419
31.5846,546,1.7613
31.5889,550,1.7742
31.5933,551,1.7774
31.5976,553,1.7839
31.6019,551,1.7774
31.6062,547,1.7645
31.6105,541,1.7452
31.6148,535,1.7258
31.6191,528,1.7032
31.6234,522,1.6839
31.6277,514,1.6581
31.6320,507,1.6355
31.6363,503,1.6226
31.6406,500,1.6129
31.6449,499,1.6097
31.6492,498,1.6065
31.6535,499,1.6097
31.6578,500,1.6129
31.6621,500,1.6129
31.6664,501,1.6161
31.6707,502,1.6194
31.6750,503,1.6226
31.6793,504,1.6258
31.6836,503,1.6226
31.6879,503,1.6226
31.6922,503,1.6226
31.6965,504,1.6258
31.7008,505,1.6290
31.7051,507,1.6355
31.7095,506,1.6323
31.7138,502,1.6194
31.7180,490,1.5806
31.7223,473,1.5258
31.7266,465,1.5000
31.7309,484,1.5613
31.7352,536,1.7290
31.7395,613,1.9774
31.7439,704,2.2710
31.7482,785,2.5323
31.7525,820,2.6452
31.7568,792,2.5548
31.7611,713,2.3000
31.7654,619,1.9968
31.7696,532,1.7161
31.7740,478,1.5419
31.7783,452,1.4581
31.7825,449,1.4484
31.7869,460,1.4839
31.7912,473,1.5258
31.7955,481,1.5516
31.7998,484,1.5613
31.8041,484,1.5613
31.8085,485,1.5645
31.8128,486,1.5677
31.8172,487,1.5710
31.8215,488,1.5742
31.8258,488,1.5742
31.8301,489,1.5774
31.8345,489,1.5774
31.8388,490,1.5806
31.8432,490,1.5806
31.8475,489,1.5774
31.8519,491,1.5839
31.8563,492,1.5871
31.8606,492,1.5871
31.8649,492,1.5871
31.8693,492,1.5871
31.8737,492,1.5871
31.8782,493,1.5903
31.8826,494,1.5935
31.8870,495,1.5968
31.8913,496,1.6000
31.8957,497,1.6032
31.9001,496,1.6000
31.9044,496,1.6000
31.9086,497,1.6032
31.9129,499,1.6097
31.9172,504,1.6258
31.9215,510,1.6452
31.9257,517,1.6677
31.9302,525,1.6935
31.9346,531,1.7129
31.9388,537,1.7323
31.9431,544,1.7548
31.9473,549,1.7710
31.9516,554,1.7871
31.9559,560,1.8065
31.9601,564,1.8194
31.9644,570,1.8387
31.9686,571,1.8419
31.9729,575,1.8548
31.9772,577,1.8613
31.9814,577,1.8613
31.9857,577,1.8613
31.9900,576,1.8581
31.9942,575,1.8548
31.9986,574,1.8516
32.0028,571,1.8419
32.0070,566,1.8258
32.0113,561,1.8097
32.0160,556,1.7935
32.0203,550,1.7742
32.0245,545,1.7581
32.0288,539,1.7387
32.0330,532,1.7161
32.0373,525,1.6935
32.0416,518,1.6710
32.0459,511,1.6484
32.0501,505,1.6290
32.0544,498,1.6065
32.0587,493,1.5903
32.0629,485,1.5645
32.0672,481,1.5516
32.0714,477,1.5387
32.0757,476,1.5355
32.0801,478,1.5419
32.0843,478,1.5419
32.0885,479,1.5452
32.0928,479,1.5452
32.0975,480,1.5484
32.1018,481,1.5516
32.1061,482,1.5548
32.1103,484,1.5613
32.1146,484,1.5613
32.1188,484,1.5613
32.1232,486,1.5677
32.1274,487,1.5710
32.1317,487,1.5710
32.1360,489,1.5774
32.1403,490,1.5806
32.1445,490,1.5806
32.1488,490,1.5806
32.1531,490,1.5806
32.1573,490,1.5806
32.1616,491,1.5839
32.1659,492,1.5871
32.1701,493,1.5903
32.1744,493,1.5903
32.1786,494,1.5935
32.1829,493,1.5903
32.1872,495,1.5968
32.1914,497,1.6032
32.1956,496,1.6000
32.2000,497,1.6032
32.2042,497,1.6032
32.2085,497,1.6032
32.2127,498,1.6065
32.2170,498,1.6065
32.2213,499,1.6097
32.2255,500,1.6129
32.2298,500,1.6129
32.2340,499,1.6097
32.2383,499,1.6097
32.2426,499,1.6097
32.2468,499,1.6097
32.2511,500,1.6129
32.2554,500,1.6129
32.2596,501,1.6161
32.2639,502,1.6194
32.2682,501,1.6161
32.2724,501,1.6161
32.2768,501,1.6161
32.2811,503,1.6226
32.2854,503,1.6226
32.2897,503,1.6226
32.2940,503,1.6226
32.2983,503,1.6226
32.3026,503,1.6226
32.3069,506,1.6323
32.3112,509,1.6419
32.3155,517,1.6677
32.3198,525,1.6935
32.3241,531,1.7129
32.3284,538,1.7355
32.3326,544,1.7548
32.3369,547,1.7645
32.3412,550,1.7742
32.3455,550,1.7742
32.3499,552,1.7806
32.3542,548,1.7677
32.3585,545,1.7581
32.3628,540,1.7419
32.3671,534,1.7226
32.3714,528,1.7032
32.3757,520,1.6774
32.3804,510,1.6452
32.3847,503,1.6226
32.3890,501,1.6161
32.3933,500,1.6129
32.3976,501,1.6161
32.4019,502,1.6194
32.4063,503,1.6226
32.4105,503,1.6226
32.4148,503,1.6226
32.4191,503,1.6226
32.4234,502,1.6194
32.4277,502,1.6194
32.4320,503,1.6226
32.4363,504,1.6258
32.4406,506,1.6323
32.4449,506,1.6323
32.4492,508,1.6387
32.4535,508,1.6387
32.4578,506,1.6323
32.4621,504,1.6258
32.4664,495,1.5968
32.4707,479,1.5452
32.4752,466,1.5032
32.4795,475,1.5323
32.4839,517,1.6677
32.4883,589,1.9000
32.4926,675,2.1774
32.4969,763,2.4613
32.5012,816,2.6323
32.5055,807,2.6032
32.5098,742,2.3935
32.5141,652,2.1032
32.5184,558,1.8000
32.5227,492,1.5871
32.5270,459,1.4806
32.5313,450,1.4516
32.5356,455,1.4677
32.5399,468,1.5097
32.5442,480,1.5484
32.5485,482,1.5548
32.5528,485,1.5645
32.5571,486,1.5677
32.5614,486,1.5677
32.5657,487,1.5710
32.5700,488,1.5742
32.5743,488,1.5742
32.5786,488,1.5742
32.5829,489,1.5774
32.5873,489,1.5774
32.5916,490,1.5806
32.5959,491,1.5839
32.6003,491,1.5839
32.6046,492,1.5871
32.6090,492,1.5871
32.6133,494,1.5935
32.6176,495,1.5968
32.6219,496,1.6000
32.6263,497,1.6032
32.6306,498,1.6065
32.6350,498,1.6065
32.6393,497,1.6032
32.6436,497,1.6032
32.6480,498,1.6065
32.6523,498,1.6065
32.6567,499,1.6097
32.6610,501,1.6161
32.6653,504,1.6258
32.6697,509,1.6419
32.6740,517,1.6677
32.6783,523,1.6871
32.6826,530,1.7097
32.6870,537,1.7323
32.6913,542,1.7484
32.6958,549,1.7710
32.7001,554,1.7871
32.7044,560,1.8065
32.7087,563,1.8161
32.7130,569,1.8355
32.7173,571,1.8419
32.7216,573,1.8484
32.7259,575,1.8548
32.7303,577,1.8613
32.7346,578,1.8645
32.7389,578,1.8645
32.7432,577,1.8613
32.7475,575,1.8548
32.7518,572,1.8452
32.7561,571,1.8419
32.7604,566,1.8258
32.7647,560,1.8065
32.7690,554,1.7871
32.7734,548,1.7677
32.7778,541,1.7452
32.7823,535,1.7258
32.7866,527,1.7000
32.7909,520,1.6774
32.7952,513,1.6548
32.7995,507,1.6355
32.8038,499,1.6097
32.8081,491,1.5839
32.8124,486,1.5677
32.8167,481,1.5516
32.8210,477,1.5387
32.8253,476,1.5355
32.8296,477,1.5387
32.8339,478,1.5419
32.8382,479,1.5452
32.8425,480,1.5484
32.8468,480,1.5484
32.8511,482,1.5548
32.8554,482,1.5548
32.8597,482,1.5548
32.8640,483,1.5581
32.8683,483,1.5581
32.8726,483,1.5581
32.8769,484,1.5613
32.8812,484,1.5613
32.8855,486,1.5677
32.8898,487,1.5710
32.8941,487,1.5710
32.8984,488,1.5742
32.9027,488,1.5742
32.9070,488,1.5742
32.9114,490,1.5806
32.9157,490,1.5806
32.9200,491,1.5839
32.9243,492,1.5871
32.9286,493,1.5903
32.9329,494,1.5935
32.9372,495,1.5968
32.9415,495,1.5968
32.9458,495,1.5968
32.9501,497,1.6032
32.9544,497,1.6032
32.9587,497,1.6032
32.9630,497,1.6032
32.9673,498,1.6065
32.9716,498,1.6065
32.9759,499,1.6097
32.9802,500,1.6129
32.9845,499,1.6097
32.9888,501,1.6161
32.9931,501,1.6161
32.9974,501,1.6161
33.0017,500,1.6129
33.0060,500,1.6129
33.0103,501,1.6161
33.0146,502,1.6194
33.0189,502,1.6194
33.0232,502,1.6194
33.0275,502,1.6194
33.0318,504,1.6258
33.0361,505,1.6290
33.0404,506,1.6323
33.0447,507,1.6355
33.0490,507,1.6355
33.0533,507,1.6355
33.0576,508,1.6387
33.0619,512,1.6516
33.0662,518,1.6710
33.0705,526,1.6968
33.0748,533,1.7194
33.0791,540,1.7419
33.0834,546,1.7613
33.0877,551,1.7774
33.0920,553,1.7839
33.0963,554,1.7871
33.1006,553,1.7839
33.1049,550,1.7742
33.1093,546,1.7613
33.1136,540,1.7419
33.1180,532,1.7161
33.1223,524,1.6903
33.1267,517,1.6677
33.1310,509,1.6419
33.1353,503,1.6226
33.1397,500,1.6129
33.1440,499,1.6097
33.1483,502,1.6194
33.1527,502,1.6194
33.1570,502,1.6194
33.1614,502,1.6194
33.1657,503,1.6226
33.1701,503,1.6226
33.1744,503,1.6226
33.1787,505,1.6290
33.1831,506,1.6323
33.1874,506,1.6323
33.1917,506,1.6323
33.1961,505,1.6290
33.2005,505,1.6290
33.2048,506,1.6323
33.2091,505,1.6290
33.2134,503,1.6226
33.2177,492,1.5871
33.2220,475,1.5323
33.2263,465,1.5000
33.2306,482,1.5548
33.2349,529,1.7065
33.2392,604,1.9484
33.2435,693,2.2355
33.2478,779,2.5129
33.2521,822,2.6516
33.2564,798,2.5742
33.2607,726,2.3419
33.2650,632,2.0387
33.2693,543,1.7516
33.2736,484,1.5613
33.2779,456,1.4710
33.2822,449,1.4484
33.2865,458,1.4774
33.2908,472,1.5226
33.2950,481,1.5516
33.2993,485,1.5645
33.3036,486,1.5677
33.3080,488,1.5742
33.3123,487,1.5710
33.3165,487,1.5710
33.3208,486,1.5677
33.3251,487,1.5710
33.3294,487,1.5710
33.3337,488,1.5742
33.3380,490,1.5806
33.3424,490,1.5806
33.3467,489,1.5774
33.3510,490,1.5806
33.3553,489,1.5774
33.3596,490,1.5806
33.3639,491,1.5839
33.3682,492,1.5871
33.3725,492,1.5871
33.3770,494,1.5935
33.3814,495,1.5968
33.3857,496,1.6000
33.3901,497,1.6032
33.3944,498,1.6065
33.3987,499,1.6097
33.4030,498,1.6065
33.4073,498,1.6065
33.4116,499,1.6097
33.4159,504,1.6258
33.4202,511,1.6484
33.4245,517,1.6677
33.4288,524,1.6903
33.4331,531,1.7129
33.4374,536,1.7290
33.4417,543,1.7516
33.4460,549,1.7710
33.4503,555,1.7903
33.4546,561,1.8097
33.4589,566,1.8258
33.4632,569,1.8355
33.4675,571,1.8419
33.4718,575,1.8548
33.4761,577,1.8613
33.4804,577,1.8613
33.4847,578,1.8645
33.4890,579,1.8677
33.4933,577,1.8613
33.4976,574,1.8516
33.5019,573,1.8484
33.5063,568,1.8323
33.5106,562,1.8129
33.5149,559,1.8032
33.5193,553,1.7839
33.5236,547,1.7645
33.5279,541,1.7452
33.5323,533,1.7194
33.5366,526,1.6968
33.5409,520,1.6774
33.5453,513,1.6548
33.5496,506,1.6323
33.5539,499,1.6097
33.5583,492,1.5871
33.5626,485,1.5645
33.5670,479,1.5452
33.5714,475,1.5323
33.5757,475,1.5323
33.5801,476,1.5355
33.5844,477,1.5387
33.5887,478,1.5419
33.5931,479,1.5452
33.5974,479,1.5452
33.6018,480,1.5484
33.6062,480,1.5484
33.6105,481,1.5516
33.6148,481,1.5516
33.6191,482,1.5548
33.6234,484,1.5613
33.6277,486,1.5677
33.6321,487,1.5710
33.6363,488,1.5742
33.6406,487,1.5710
33.6449,488,1.5742
33.6492,488,1.5742
33.6535,488,1.5742
33.6578,490,1.5806
33.6621,490,1.5806
33.6664,490,1.5806
33.6708,490,1.5806
33.6752,491,1.5839
33.6795,491,1.5839
33.6839,492,1.5871
33.6882,491,1.5839
33.6926,492,1.5871
33.6969,493,1.5903
33.7012,494,1.5935
33.7055,495,1.5968
33.7100,495,1.5968
33.7143,496,1.6000
33.7186,496,1.6000
33.7229,498,1.6065
33.7272,498,1.6065
33.7315,498,1.6065
33.7358,499,1.6097
33.7401,500,1.6129
33.7444,500,1.6129
33.7487,501,1.6161
33.7530,502,1.6194
33.7573,503,1.6226
33.7616,503,1.6226
33.7659,503,1.6226
33.7702,502,1.6194
33.7745,502,1.6194
33.7788,503,1.6226
33.7831,504,1.6258
33.7874,504,1.6258
33.7917,505,1.6290
33.7960,504,1.6258
33.8003,504,1.6258
33.8046,504,1.6258
33.8089,506,1.6323
33.8132,511,1.6484
33.8175,519,1.6742
33.8218,527,1.7000
33.8261,535,1.7258
33.8304,541,1.7452
33.8347,547,1.7645
33.8390,550,1.7742
33.8433,553,1.7839
33.8476,552,1.7806
33.8519,549,1.7710
33.8562,547,1.7645
33.8605,542,1.7484
33.8648,536,1.7290
33.8691,531,1.7129
33.8734,523,1.6871
33.8777,515,1.6613
33.8820,508,1.6387
33.8863,502,1.6194
33.8906,501,1.6161
33.8949,501,1.6161
33.8992,502,1.6194
33.9035,502,1.6194
33.9078,504,1.6258
33.9121,505,1.6290
33.9164,504,1.6258
33.9207,503,1.6226
33.9250,503,1.6226
33.9293,504,1.6258
33.9335,502,1.6194
33.9379,503,1.6226
33.9422,504,1.6258
33.9464,506,1.6323
33.9507,506,1.6323
33.9551,506,1.6323
33.9594,506,1.6323
33.9637,502,1.6194
33.9680,491,1.5839
33.9724,474,1.5290
33.9767,467,1.5065
33.9810,486,1.5677
33.9853,536,1.7290
33.9896,613,1.9774
33.9938,702,2.2645
33.9982,784,2.5290
34.0025,821,2.6484
34.0067,794,2.5613
34.0111,720,2.3226
34.0154,626,2.0194
34.0197,538,1.7355
34.0240,482,1.5548
34.0283,457,1.4742
34.0326,452,1.4581
34.0369,460,1.4839
34.0412,473,1.5258
34.0455,480,1.5484
34.0498,485,1.5645
34.0541,486,1.5677
34.0584,487,1.5710
34.0627,487,1.5710
34.0670,488,1.5742
34.0713,489,1.5774
34.0756,490,1.5806
34.0800,489,1.5774
34.0843,490,1.5806
34.0886,490,1.5806
34.0929,490,1.5806
34.0973,491,1.5839
34.1016,492,1.5871
34.1059,493,1.5903
34.1102,493,1.5903
34.1145,495,1.5968
34.1188,495,1.5968
34.1231,496,1.6000
34.1274,496,1.6000
34.1317,496,1.6000
34.1360,496,1.6000
34.1403,495,1.5968
34.1446,496,1.6000
34.1493,498,1.6065
34.1536,498,1.6065
34.1579,498,1.6065
34.1622,500,1.6129
34.1665,505,1.6290
34.1708,511,1.6484
34.1751,517,1.6677
34.1794,525,1.6935
34.1837,531,1.7129
34.1880,538,1.7355
34.1923,544,1.7548
34.1965,549,1.7710
34.2009,556,1.7935
34.2052,561,1.8097
34.2094,565,1.8226
34.2137,567,1.8290
34.2180,572,1.8452
34.2224,575,1.8548
34.2267,576,1.8581
34.2309,577,1.8613
34.2352,577,1.8613
34.2396,576,1.8581
34.2439,574,1.8516
34.2482,573,1.8484
34.2525,570,1.8387
34.2568,567,1.8290
34.2611,561,1.8097
34.2654,556,1.7935
34.2697,552,1.7806
34.2741,546,1.7613
34.2785,540,1.7419
34.2830,532,1.7161
34.2873,524,1.6903
34.2916,518,1.6710
34.2959,512,1.6516
34.3002,505,1.6290
34.3045,498,1.6065
34.3088,491,1.5839
34.3131,484,1.5613
34.3174,479,1.5452
34.3217,475,1.5323
34.3260,475,1.5323
34.3303,476,1.5355
34.3346,478,1.5419
34.3389,478,1.5419
34.3432,480,1.5484
34.3475,482,1.5548
34.3517,482,1.5548
34.3560,483,1.5581
34.3603,484,1.5613
34.3647,484,1.5613
34.3689,486,1.5677
34.3732,484,1.5613
34.3775,485,1.5645
34.3818,486,1.5677
34.3861,488,1.5742
34.3904,490,1.5806
34.3947,490,1.5806
34.3990,491,1.5839
34.4033,492,1.5871
34.4077,493,1.5903
34.4120,492,1.5871
34.4164,491,1.5839
34.4207,492,1.5871
34.4250,491,1.5839
34.4294,491,1.5839
34.4337,493,1.5903
34.4380,494,1.5935
34.4423,494,1.5935
34.4467,495,1.5968
34.4510,495,1.5968
34.4553,496,1.6000
34.4597,495,1.5968
34.4640,496,1.6000
34.4684,496,1.6000
34.4727,496,1.6000
34.4770,497,1.6032
34.4814,498,1.6065
34.4857,498,1.6065
34.4901,499,1.6097
34.4944,500,1.6129
34.4987,500,1.6129
34.5031,500,1.6129
34.5074,500,1.6129
34.5117,501,1.6161
34.5161,501,1.6161
34.5203,502,1.6194
34.5246,502,1.6194
34.5289,502,1.6194
34.5332,503,1.6226
34.5375,503,1.6226
34.5418,503,1.6226
34.5461,503,1.6226
34.5504,504,1.6258
34.5547,504,1.6258
34.5590,506,1.6323
34.5633,511,1.6484
34.5676,519,1.6742
34.5720,528,1.7032
34.5764,535,1.7258
34.5807,541,1.7452
34.5852,546,1.7613
34.5895,550,1.7742
34.5938,552,1.7806
34.5981,551,1.7774
34.6024,550,1.7742
34.6067,546,1.7613
34.6110,543,1.7516
34.6153,536,1.7290
34.6196,529,1.7065
34.6239,521,1.6806
34.6282,514,1.6581
34.6325,507,1.6355
34.6368,503,1.6226
34.6411,500,1.6129
34.6454,500,1.6129
34.6497,500,1.6129
34.6540,501,1.6161
34.6583,502,1.6194
34.6626,502,1.6194
34.6669,502,1.6194
34.6712,502,1.6194
34.6755,504,1.6258
34.6798,503,1.6226
34.6841,504,1.6258
34.6884,505,1.6290
34.6927,505,1.6290
34.6970,505,1.6290
34.7013,505,1.6290
34.7056,506,1.6323
34.7098,507,1.6355
34.7142,502,1.6194
34.7185,489,1.5774
34.7229,471,1.5194
34.7272,465,1.5000
34.7315,489,1.5774
34.7359,543,1.7516
34.7402,621,2.0032
34.7445,711,2.2935
34.7489,792,2.5548
34.7532,821,2.6484
34.7575,784,2.5290
34.7619,704,2.2710
34.7662,609,1.9645
34.7705,524,1.6903
34.7749,473,1.5258
34.7792,452,1.4581
34.7835,450,1.4516
34.7879,461,1.4871
34.7922,474,1.5290
34.7965,483,1.5581
34.8009,487,1.5710
34.8052,489,1.5774
34.8095,489,1.5774
34.8138,489,1.5774
34.8182,489,1.5774
34.8225,490,1.5806
34.8267,489,1.5774
34.8310,491,1.5839
34.8353,491,1.5839
34.8396,491,1.5839
34.8439,492,1.5871
34.8482,492,1.5871
34.8525,492,1.5871
34.8568,493,1.5903
34.8611,494,1.5935
34.8654,495,1.5968
34.8697,495,1.5968
34.8740,496,1.6000
34.8783,497,1.6032
34.8826,497,1.6032
34.8869,497,1.6032
34.8912,498,1.6065
34.8955,497,1.6032
34.8998,499,1.6097
34.9041,498,1.6065
34.9084,498,1.6065
34.9127,501,1.6161
34.9170,507,1.6355
34.9213,512,1.6516
34.9257,519,1.6742
34.9300,526,1.6968
34.9344,533,1.7194
34.9387,539,1.7387
34.9430,545,1.7581
34.9474,552,1.7806
34.9517,557,1.7968
34.9560,564,1.8194
34.9604,568,1.8323
34.9647,570,1.8387
34.9690,573,1.8484
34.9734,577,1.8613
34.9777,579,1.8677
34.9820,579,1.8677
34.9864,579,1.8677
34.9907,578,1.8645
34.9950,577,1.8613
34.9994,574,1.8516
35.0037,571,1.8419
35.0080,567,1.8290
35.0124,562,1.8129
35.0167,556,1.7935
35.0210,550,1.7742
35.0253,545,1.7581
35.0296,540,1.7419
35.0339,534,1.7226
35.0384,525,1.6935
35.0429,518,1.6710
35.0474,511,1.6484
35.0519,504,1.6258
35.0565,496,1.6000
35.0610,490,1.5806
35.0654,484,1.5613
35.0697,479,1.5452
35.0740,477,1.5387
35.0783,478,1.5419
35.0826,479,1.5452
35.0869,479,1.5452
35.0912,479,1.5452
35.0955,481,1.5516
35.0998,483,1.5581
35.1041,481,1.5516
35.1084,482,1.5548
35.1127,482,1.5548
35.1170,483,1.5581
35.1213,485,1.5645
35.1256,485,1.5645
35.1300,487,1.5710
35.1343,487,1.5710
35.1385,487,1.5710
35.1428,488,1.5742
35.1472,490,1.5806
35.1514,490,1.5806
35.1557,489,1.5774
35.1601,490,1.5806
35.1644,491,1.5839
35.1687,492,1.5871
35.1730,492,1.5871
35.1788,492,1.5871
35.1833,492,1.5871
35.1876,494,1.5935
35.1920,495,1.5968
35.1963,494,1.5935
35.2006,495,1.5968
35.2048,496,1.6000
35.2091,496,1.6000
35.2135,497,1.6032
35.2178,498,1.6065
35.2221,498,1.6065
35.2264,497,1.6032
35.2307,498,1.6065
35.2350,498,1.6065
35.2393,499,1.6097
35.2436,500,1.6129
35.2479,501,1.6161
35.2522,501,1.6161
35.2565,501,1.6161
35.2607,502,1.6194
35.2650,502,1.6194
35.2693,504,1.6258
35.2737,503,1.6226
35.2779,503,1.6226
35.2822,504,1.6258
35.2865,504,1.6258
35.2908,505,1.6290
35.2951,505,1.6290
35.2994,505,1.6290
35.3037,506,1.6323
35.3080,505,1.6290
35.3123,511,1.6484
35.3166,517,1.6677
35.3209,524,1.6903
35.3253,531,1.7129
35.3296,539,1.7387
35.3340,544,1.7548
35.3383,547,1.7645
35.3426,551,1.7774
35.3470,551,1.7774
35.3513,551,1.7774
35.3556,546,1.7613
35.3600,542,1.7484
35.3643,537,1.7323
35.3686,531,1.7129
35.3730,522,1.6839
35.3773,513,1.6548
35.3817,506,1.6323
35.3860,501,1.6161
35.3903,500,1.6129
35.3947,500,1.6129
35.3990,500,1.6129
35.4033,501,1.6161
35.4077,501,1.6161
35.4120,501,1.6161
35.4165,501,1.6161
35.4208,502,1.6194
35.4251,502,1.6194
35.4294,502,1.6194
35.4337,502,1.6194
35.4380,504,1.6258
35.4423,505,1.6290
35.4466,504,1.6258
35.4509,504,1.6258
35.4552,504,1.6258
35.4595,503,1.6226
35.4638,500,1.6129
35.4681,488,1.5742
35.4724,473,1.5258
35.4768,464,1.4968
35.4812,484,1.5613
35.4856,537,1.7323
35.4899,615,1.9839
35.4943,704,2.2710
35.4986,784,2.5290
35.5029,820,2.6452
35.5072,788,2.5419
35.5115,712,2.2968
35.5158,618,1.9935
35.5201,531,1.7129
35.5244,478,1.5419
35.5287,453,1.4613
35.5330,449,1.4484
35.5373,459,1.4806
35.5416,471,1.5194
35.5459,480,1.5484
35.5502,483,1.5581
35.5545,485,1.5645
35.5588,485,1.5645
35.5631,485,1.5645
35.5673,485,1.5645
35.5716,487,1.5710
35.5759,487,1.5710
35.5803,487,1.5710
35.5845,488,1.5742
35.5888,489,1.5774
35.5931,490,1.5806
35.5974,491,1.5839
35.6017,492,1.5871
35.6060,493,1.5903
35.6103,493,1.5903
35.6146,493,1.5903
35.6189,493,1.5903
35.6232,493,1.5903
35.6276,494,1.5935
35.6319,494,1.5935
35.6362,495,1.5968
35.6406,494,1.5935
35.6449,496,1.6000
35.6493,497,1.6032
35.6536,497,1.6032
35.6579,497,1.6032
35.6623,500,1.6129
35.6666,504,1.6258
35.6709,510,1.6452
35.6753,517,1.6677
35.6796,523,1.6871
35.6840,530,1.7097
35.6883,538,1.7355
35.6926,544,1.7548
35.6969,550,1.7742
35.7013,555,1.7903
35.7056,560,1.8065
35.7100,566,1.8258
35.7143,570,1.8387
35.7186,571,1.8419
35.7230,575,1.8548
35.7273,578,1.8645
35.7316,577,1.8613
35.7359,581,1.8742
35.7402,579,1.8677
35.7445,578,1.8645
35.7488,575,1.8548
35.7531,572,1.8452
35.7574,567,1.8290
35.7617,563,1.8161
35.7660,557,1.7968
35.7703,552,1.7806
35.7746,547,1.7645
35.7789,541,1.7452
35.7832,535,1.7258
35.7875,528,1.7032
35.7917,520,1.6774
35.7960,514,1.6581
35.8003,506,1.6323
35.8046,500,1.6129
35.8089,494,1.5935
35.8132,488,1.5742
35.8175,482,1.5548
35.8218,478,1.5419
35.8262,478,1.5419
35.8305,477,1.5387
35.8349,478,1.5419
35.8392,479,1.5452
35.8435,481,1.5516
35.8479,482,1.5548
35.8522,482,1.5548
35.8565,483,1.5581
35.8608,482,1.5548
35.8652,483,1.5581
35.8695,484,1.5613
35.8738,485,1.5645
35.8782,487,1.5710
35.8825,487,1.5710
35.8869,488,1.5742
35.8912,490,1.5806
35.8955,490,1.5806
35.8998,490,1.5806
35.9042,491,1.5839
35.9085,491,1.5839
35.9128,491,1.5839
35.9171,492,1.5871
35.9257,493,1.5903
35.9301,494,1.5935
35.9344,494,1.5935
35.9387,494,1.5935
35.9430,495,1.5968
35.9473,496,1.6000
35.9516,496,1.6000
35.9559,498,1.6065
35.9601,496,1.6000
35.9644,497,1.6032
35.9687,498,1.6065
35.9730,498,1.6065
35.9773,498,1.6065
35.9816,499,1.6097
35.9859,499,1.6097
35.9902,499,1.6097
35.9945,499,1.6097
35.9988,499,1.6097
36.0031,500,1.6129
36.0074,500,1.6129
36.0117,501,1.6161
36.0160,501,1.6161
36.0203,502,1.6194
36.0246,503,1.6226
36.0290,502,1.6194
36.0333,503,1.6226
36.0377,502,1.6194
36.0420,504,1.6258
36.0463,503,1.6226
36.0507,503,1.6226
36.0550,505,1.6290
36.0593,508,1.6387
36.0636,514,1.6581
36.0680,522,1.6839
36.0724,528,1.7032
36.0781,542,1.7484
36.0849,547,1.7645
36.0892,550,1.7742
36.0936,551,1.7774
36.0979,552,1.7806
36.1022,551,1.7774
36.1066,548,1.7677
36.1109,543,1.7516
36.1153,536,1.7290
36.1196,529,1.7065
36.1240,521,1.6806
36.1284,513,1.6548
36.1327,506,1.6323
36.1370,501,1.6161
36.1413,500,1.6129
36.1456,500,1.6129
36.1500,501,1.6161
36.1543,502,1.6194
36.1586,502,1.6194
36.1629,502,1.6194
36.1672,502,1.6194
36.1715,503,1.6226
36.1758,502,1.6194
36.1802,502,1.6194
36.1845,503,1.6226
36.1888,503,1.6226
36.1931,503,1.6226
36.1974,504,1.6258
36.2017,503,1.6226
36.2060,504,1.6258
36.2103,504,1.6258
36.2146,499,1.6097
36.2189,487,1.5710
36.2231,470,1.5161
36.2274,464,1.4968
36.2318,489,1.5774
36.2361,544,1.7548
36.2404,623,2.0097
36.2447,713,2.3000
36.2490,791,2.5516
36.2533,821,2.6484
36.2576,785,2.5323
36.2619,706,2.2774
36.2662,612,1.9742
36.2705,526,1.6968
36.2747,474,1.5290
36.2790,452,1.4581
36.2833,450,1.4516
36.2876,461,1.4871
36.2919,474,1.5290
36.2962,483,1.5581
36.3005,485,1.5645
36.3048,485,1.5645
36.3091,485,1.5645
36.3134,486,1.5677
36.3177,488,1.5742
36.3220,489,1.5774
36.3263,489,1.5774
36.3306,491,1.5839
36.3350,491,1.5839
36.3393,491,1.5839
36.3436,491,1.5839
36.3480,491,1.5839
36.3523,492,1.5871
36.3566,492,1.5871
36.3610,492,1.5871
36.3653,494,1.5935
36.3696,494,1.5935
36.3740,495,1.5968
36.3802,495,1.5968
36.3847,496,1.6000
36.3890,496,1.6000
36.3939,496,1.6000
36.3982,498,1.6065
36.4026,499,1.6097
36.4069,500,1.6129
36.4112,501,1.6161
36.4156,506,1.6323
36.4200,512,1.6516
36.4243,518,1.6710
36.4286,525,1.6935
36.4330,530,1.7097
36.4373,536,1.7290
36.4417,543,1.7516
36.4460,550,1.7742
36.4502,555,1.7903
36.4545,561,1.8097
36.4593,566,1.8258
36.4637,569,1.8355
36.4680,572,1.8452
36.4722,574,1.8516
36.4766,578,1.8645
36.4809,579,1.8677
36.4852,578,1.8645
36.4896,578,1.8645
36.4939,576,1.8581
36.4982,575,1.8548
36.5025,572,1.8452
36.5068,568,1.8323
36.5111,563,1.8161
36.5154,557,1.7968
36.5197,552,1.7806
36.5241,547,1.7645
36.5284,542,1.7484
36.5327,535,1.7258
36.5371,527,1.7000
36.5414,520,1.6774
36.5457,513,1.6548
36.5500,506,1.6323
36.5543,499,1.6097
36.5586,493,1.5903
36.5629,487,1.5710
36.5672,481,1.5516
36.5715,478,1.5419
36.5758,476,1.5355
36.5801,476,1.5355
36.5845,478,1.5419
36.5888,479,1.5452
36.5931,481,1.5516
36.5974,481,1.5516
36.6017,483,1.5581
36.6060,483,1.5581
36.6103,484,1.5613
36.6146,484,1.5613
36.6189,485,1.5645
36.6232,485,1.5645
36.6276,487,1.5710
36.6319,487,1.5710
36.6362,488,1.5742
36.6405,488,1.5742
36.6449,488,1.5742
36.6492,489,1.5774
36.6534,490,1.5806
36.6577,491,1.5839
36.6620,492,1.5871
36.6664,491,1.5839
36.6707,491,1.5839
36.6750,492,1.5871
36.6793,492,1.5871
36.6841,494,1.5935
36.6884,494,1.5935
36.6926,495,1.5968
36.6969,496,1.6000
36.7012,496,1.6000
36.7056,496,1.6000
36.7099,496,1.6000
36.7142,497,1.6032
36.7185,496,1.6000
36.7228,498,1.6065
36.7271,497,1.6032
36.7314,498,1.6065
36.7358,498,1.6065
36.7401,498,1.6065
36.7444,499,1.6097
36.7487,499,1.6097
36.7530,500,1.6129
36.7573,500,1.6129
36.7616,501,1.6161
36.7659,502,1.6194
36.7702,503,1.6226
36.7745,502,1.6194
36.7788,503,1.6226
36.7831,502,1.6194
36.7875,503,1.6226
36.7918,504,1.6258
36.7961,504,1.6258
36.8004,504,1.6258
36.8047,505,1.6290
36.8090,508,1.6387
36.8133,512,1.6516
36.8176,519,1.6742
36.8219,526,1.6968
36.8262,533,1.7194
36.8305,540,1.7419
36.8349,545,1.7581
36.8392,549,1.7710
36.8435,551,1.7774
36.8478,550,1.7742
36.8521,551,1.7774
36.8564,547,1.7645
36.8607,541,1.7452
36.8650,536,1.7290
36.8693,530,1.7097
36.8736,521,1.6806
36.8779,514,1.6581
36.8822,508,1.6387
36.8865,502,1.6194
36.8909,500,1.6129
36.8952,500,1.6129
36.8995,501,1.6161
36.9038,502,1.6194
36.9081,503,1.6226
36.9124,502,1.6194
36.9166,504,1.6258
36.9209,503,1.6226
36.9252,503,1.6226
36.9294,504,1.6258
36.9337,504,1.6258
36.9380,505,1.6290
36.9422,506,1.6323
36.9465,505,1.6290
36.9508,506,1.6323
36.9551,506,1.6323
36.9593,505,1.6290
36.9636,502,1.6194
36.9678,491,1.5839
36.9721,474,1.5290
36.9765,464,1.4968
36.9808,482,1.5548
36.9853,531,1.7129
36.9897,609,1.9645
36.9940,696,2.2452
36.9983,780,2.5161
37.0025,820,2.6452
37.0068,796,2.5677
37.0110,725,2.3387
37.0153,632,2.0387
37.0196,543,1.7516
37.0238,483,1.5581
37.0281,455,1.4677
37.0324,449,1.4484
37.0367,456,1.4710
37.0409,470,1.5161
37.0452,479,1.5452
37.0494,484,1.5613
37.0537,485,1.5645
37.0580,485,1.5645
37.0622,486,1.5677
37.0665,488,1.5742
37.0707,487,1.5710
37.0750,487,1.5710
37.0793,487,1.5710
37.0835,488,1.5742
37.0878,490,1.5806
37.0921,490,1.5806
37.0963,490,1.5806
37.1005,492,1.5871
37.1048,493,1.5903
37.1091,494,1.5935
37.1133,493,1.5903
37.1176,493,1.5903
37.1218,493,1.5903
37.1261,494,1.5935
37.1304,495,1.5968
37.1347,494,1.5935
37.1390,495,1.5968
37.1433,496,1.6000
37.1476,498,1.6065
37.1519,497,1.6032
37.1562,498,1.6065
37.1605,499,1.6097
37.1648,503,1.6226
37.1690,508,1.6387
37.1734,515,1.6613
37.1777,521,1.6806
37.1819,529,1.7065
37.1862,534,1.7226
37.1905,542,1.7484
37.1948,548,1.7677
37.1991,553,1.7839
37.2034,558,1.8000
37.2077,564,1.8194
37.2120,568,1.8323
37.2163,571,1.8419
37.2206,575,1.8548
37.2249,576,1.8581
37.2292,579,1.8677
37.2335,580,1.8710
37.2378,578,1.8645
37.2421,578,1.8645
37.2464,576,1.8581
37.2507,574,1.8516
37.2550,570,1.8387
37.2593,566,1.8258
37.2636,561,1.8097
37.2679,557,1.7968
37.2722,550,1.7742
37.2766,543,1.7516
37.2810,538,1.7355
37.2854,531,1.7129
37.2897,524,1.6903
37.2940,517,1.6677
37.2983,510,1.6452
37.3026,502,1.6194
37.3069,495,1.5968
37.3112,490,1.5806
37.3155,483,1.5581
37.3198,479,1.5452
37.3241,476,1.5355
37.3283,477,1.5387
37.3326,477,1.5387
37.3369,478,1.5419
37.3412,478,1.5419
37.3455,480,1.5484
37.3497,481,1.5516
37.3540,483,1.5581
37.3583,483,1.5581
37.3625,483,1.5581
37.3668,484,1.5613
37.3710,486,1.5677
37.3753,487,1.5710
37.3796,486,1.5677
37.3838,487,1.5710
37.3881,487,1.5710
37.3923,489,1.5774
37.3966,489,1.5774
37.4010,489,1.5774
37.4052,491,1.5839
37.4095,491,1.5839
37.4137,492,1.5871
37.4180,493,1.5903
37.4223,492,1.5871
37.4266,492,1.5871
37.4308,494,1.5935
37.4350,495,1.5968
37.4394,493,1.5903
37.4437,494,1.5935
37.4480,494,1.5935
37.4523,495,1.5968
37.4566,494,1.5935
37.4609,494,1.5935
37.4651,495,1.5968
37.4694,495,1.5968
37.4737,497,1.6032
37.4780,497,1.6032
37.4823,498,1.6065
37.4866,497,1.6032
37.4909,498,1.6065
37.4952,498,1.6065
37.4994,500,1.6129
37.5037,500,1.6129
37.5080,502,1.6194
37.5123,501,1.6161
37.5166,502,1.6194
37.5209,500,1.6129
37.5252,501,1.6161
37.5295,502,1.6194
37.5337,502,1.6194
37.5380,503,1.6226
37.5424,504,1.6258
37.5467,505,1.6290
37.5509,505,1.6290
37.5552,506,1.6323
37.5595,508,1.6387
37.5638,513,1.6548
37.5681,520,1.6774
37.5724,529,1.7065
37.5767,535,1.7258
37.5810,541,1.7452
37.5853,545,1.7581
37.5896,550,1.7742
37.5939,551,1.7774
37.5982,550,1.7742
37.6025,548,1.7677
37.6068,546,1.7613
37.6111,541,1.7452
37.6153,536,1.7290
37.6196,530,1.7097
37.6240,522,1.6839
37.6282,513,1.6548
37.6325,508,1.6387
37.6368,502,1.6194
37.6411,500,1.6129
37.6454,500,1.6129
37.6497,502,1.6194
37.6540,503,1.6226
37.6583,502,1.6194
37.6626,503,1.6226
37.6669,503,1.6226
37.6712,504,1.6258
37.6754,506,1.6323
37.6797,505,1.6290
37.6840,505,1.6290
37.6883,505,1.6290
37.6926,505,1.6290
37.6975,504,1.6258
37.7019,504,1.6258
37.7062,505,1.6290
37.7105,504,1.6258
37.7148,499,1.6097
37.7191,486,1.5677
37.7234,470,1.5161
37.7277,465,1.5000
37.7320,490,1.5806
37.7364,547,1.7645
37.7407,627,2.0226
37.7449,716,2.3097
37.7492,794,2.5613
37.7535,821,2.6484
37.7577,783,2.5258
37.7620,707,2.2806
37.7662,612,1.9742
37.7705,529,1.7065
37.7748,477,1.5387
37.7790,454,1.4645
37.7833,451,1.4548
37.7876,461,1.4871
37.7919,474,1.5290
37.7962,482,1.5548
37.8005,485,1.5645
37.8048,486,1.5677
37.8092,487,1.5710
37.8135,487,1.5710
37.8178,488,1.5742
37.8220,487,1.5710
37.8264,489,1.5774
37.8307,489,1.5774
37.8350,491,1.5839
37.8393,490,1.5806
37.8437,492,1.5871
37.8479,492,1.5871
37.8522,492,1.5871
37.8565,492,1.5871
37.8607,493,1.5903
37.8650,492,1.5871
37.8692,494,1.5935
37.8736,494,1.5935
37.8779,494,1.5935
37.8823,494,1.5935
37.8866,495,1.5968
37.8909,495,1.5968
37.8952,496,1.6000
37.8994,496,1.6000
37.9037,498,1.6065
37.9080,499,1.6097
37.9124,501,1.6161
37.9166,505,1.6290
37.9209,510,1.6452
37.9252,517,1.6677
37.9295,524,1.6903
37.9337,530,1.7097
37.9381,537,1.7323
37.9423,544,1.7548
37.9466,550,1.7742
37.9509,555,1.7903
37.9551,561,1.8097
37.9594,566,1.8258
37.9636,571,1.8419
37.9679,573,1.8484
37.9722,576,1.8581
37.9765,577,1.8613
37.9807,578,1.8645
37.9850,579,1.8677
37.9892,578,1.8645
37.9935,577,1.8613
37.9978,576,1.8581
38.0020,572,1.8452
38.0063,569,1.8355
38.0106,564,1.8194
38.0148,560,1.8065
38.0191,554,1.7871
38.0234,548,1.7677
38.0276,542,1.7484
38.0319,535,1.7258
38.0362,528,1.7032
38.0405,521,1.6806
38.0448,514,1.6581
38.0490,507,1.6355
38.0533,501,1.6161
38.0576,493,1.5903
38.0619,487,1.5710
38.0662,483,1.5581
38.0705,479,1.5452
38.0748,477,1.5387
38.0791,478,1.5419
38.0834,479,1.5452
38.0877,479,1.5452
38.0920,480,1.5484
38.0963,481,1.5516
38.1006,482,1.5548
38.1049,483,1.5581
38.1092,484,1.5613
38.1135,485,1.5645
38.1178,485,1.5645
38.1220,485,1.5645
38.1264,486,1.5677
38.1307,488,1.5742
38.1350,488,1.5742
38.1393,488,1.5742
38.1436,489,1.5774
38.1479,489,1.5774
38.1522,489,1.5774
38.1565,490,1.5806
38.1608,491,1.5839
38.1651,491,1.5839
38.1694,491,1.5839
38.1737,490,1.5806
38.1781,491,1.5839
38.1825,492,1.5871
38.1869,494,1.5935
38.1912,495,1.5968
38.1955,495,1.5968
38.1998,494,1.5935
38.2041,494,1.5935
38.2084,495,1.5968
38.2127,496,1.6000
38.2170,496,1.6000
38.2213,497,1.6032
38.2256,497,1.6032
38.2299,498,1.6065
38.2342,499,1.6097
38.2385,497,1.6032
38.2428,497,1.6032
38.2471,498,1.6065
38.2514,499,1.6097
38.2556,499,1.6097
38.2600,499,1.6097
38.2642,500,1.6129
38.2685,502,1.6194
38.2727,503,1.6226
38.2770,503,1.6226
38.2812,502,1.6194
38.2855,501,1.6161
38.2898,502,1.6194
38.2940,503,1.6226
38.2983,503,1.6226
38.3026,504,1.6258
38.3068,507,1.6355
38.3111,509,1.6419
38.3153,515,1.6613
38.3196,524,1.6903
38.3239,531,1.7129
38.3281,537,1.7323
38.3324,542,1.7484
38.3367,547,1.7645
38.3410,550,1.7742
38.3453,551,1.7774
38.3496,551,1.7774
38.3539,549,1.7710
38.3582,544,1.7548
38.3625,539,1.7387
38.3668,533,1.7194
38.3711,525,1.6935
38.3754,518,1.6710
38.3797,512,1.6516
38.3839,506,1.6323
38.3883,502,1.6194
38.3926,501,1.6161
38.3968,500,1.6129
38.4011,501,1.6161
38.4054,502,1.6194
38.4097,502,1.6194
38.4140,503,1.6226
38.4183,503,1.6226
38.4226,504,1.6258
38.4269,503,1.6226
38.4311,505,1.6290
38.4354,506,1.6323
38.4397,505,1.6290
38.4440,505,1.6290
38.4483,505,1.6290
38.4525,505,1.6290
38.4568,505,1.6290
38.4611,505,1.6290
38.4654,499,1.6097
38.4697,486,1.5677
38.4739,470,1.5161
38.4782,468,1.5097
38.4824,494,1.5935
38.4867,551,1.7774
38.4910,631,2.0355
38.4952,723,2.3323
38.4995,799,2.5774
38.5038,820,2.6452
38.5080,780,2.5161
38.5123,702,2.2645
38.5165,606,1.9548
38.5208,524,1.6903
38.5251,475,1.5323
38.5293,453,1.4613
38.5336,451,1.4548
38.5378,459,1.4806
38.5421,473,1.5258
38.5464,482,1.5548
38.5507,485,1.5645
38.5550,487,1.5710
38.5593,487,1.5710
38.5637,487,1.5710
38.5679,487,1.5710
38.5722,487,1.5710
38.5765,488,1.5742
38.5808,489,1.5774
38.5851,489,1.5774
38.5894,491,1.5839
38.5937,492,1.5871
38.5981,492,1.5871
38.6024,493,1.5903
38.6067,493,1.5903
38.6110,494,1.5935
38.6152,494,1.5935
38.6196,494,1.5935
38.6239,494,1.5935
38.6282,494,1.5935
38.6324,495,1.5968
38.6367,496,1.6000
38.6410,497,1.6032
38.6454,496,1.6000
38.6497,495,1.5968
38.6539,497,1.6032
38.6582,498,1.6065
38.6625,498,1.6065
38.6668,503,1.6226
38.6711,510,1.6452
38.6754,518,1.6710
38.6797,524,1.6903
38.6840,531,1.7129
38.6883,536,1.7290
38.6926,543,1.7516
38.6969,549,1.7710
38.7012,553,1.7839
38.7055,560,1.8065
38.7098,563,1.8161
38.7141,568,1.8323
38.7183,571,1.8419
38.7226,575,1.8548
38.7270,577,1.8613
38.7313,578,1.8645
38.7356,580,1.8710
38.7399,578,1.8645
38.7443,577,1.8613
38.7486,574,1.8516
38.7529,571,1.8419
38.7571,567,1.8290
38.7615,563,1.8161
38.7658,559,1.8032
38.7701,553,1.7839
38.7744,546,1.7613
38.7789,540,1.7419
38.7833,532,1.7161
38.7876,525,1.6935
38.7919,517,1.6677
38.7963,511,1.6484
38.8006,505,1.6290
38.8049,498,1.6065
38.8092,491,1.5839
38.8135,484,1.5613
38.8178,479,1.5452
38.8221,476,1.5355
38.8264,476,1.5355
38.8307,476,1.5355
38.8350,478,1.5419
38.8393,479,1.5452
38.8435,480,1.5484
38.8479,481,1.5516
38.8522,482,1.5548
38.8565,482,1.5548
38.8607,483,1.5581
38.8650,483,1.5581
38.8693,484,1.5613
38.8735,484,1.5613
38.8778,483,1.5581
38.8820,485,1.5645
38.8863,485,1.5645
38.8906,488,1.5742
38.8948,489,1.5774
38.8991,490,1.5806
38.9034,489,1.5774
38.9076,489,1.5774
38.9119,490,1.5806
38.9162,489,1.5774
38.9204,490,1.5806
38.9247,491,1.5839
38.9289,493,1.5903
38.9332,493,1.5903
38.9375,494,1.5935
38.9417,494,1.5935
38.9461,495,1.5968
38.9504,495,1.5968
38.9547,495,1.5968
38.9590,496,1.6000
38.9633,496,1.6000
38.9676,496,1.6000
38.9720,497,1.6032
38.9763,497,1.6032
38.9806,499,1.6097
38.9849,499,1.6097
38.9892,499,1.6097
38.9935,499,1.6097
38.9978,499,1.6097
39.0021,499,1.6097
39.0064,500,1.6129
39.0107,500,1.6129
39.0150,501,1.6161
39.0193,501,1.6161
39.0236,501,1.6161
39.0279,502,1.6194
39.0322,504,1.6258
39.0365,504,1.6258
39.0408,503,1.6226
39.0450,504,1.6258
39.0493,505,1.6290
39.0537,505,1.6290
39.0580,507,1.6355
39.0622,512,1.6516
39.0665,517,1.6677
39.0708,524,1.6903
39.0750,531,1.7129
39.0794,538,1.7355
39.0838,544,1.7548
39.0881,549,1.7710
39.0924,550,1.7742
39.0966,553,1.7839
39.1009,551,1.7774
39.1052,549,1.7710
39.1094,544,1.7548
39.1137,538,1.7355
39.1180,532,1.7161
39.1222,526,1.6968
39.1265,517,1.6677
39.1308,511,1.6484
39.1350,504,1.6258
39.1393,501,1.6161
39.1435,500,1.6129
39.1479,500,1.6129
39.1522,502,1.6194
39.1565,503,1.6226
39.1607,502,1.6194
39.1650,503,1.6226
39.1693,504,1.6258
39.1735,503,1.6226
39.1778,503,1.6226
39.1821,503,1.6226
39.1863,504,1.6258
39.1906,505,1.6290
39.1948,505,1.6290
39.1991,504,1.6258
39.2034,505,1.6290
39.2076,506,1.6323
39.2119,505,1.6290
39.2162,498,1.6065
39.2204,484,1.5613
39.2247,469,1.5129
39.2290,472,1.5226
39.2332,505,1.6290
39.2375,566,1.8258
39.2418,647,2.0871
39.2461,738,2.3806
39.2504,807,2.6032
39.2547,819,2.6419
39.2590,768,2.4774
39.2632,683,2.2032
39.2675,586,1.8903
39.2719,511,1.6484
39.2762,466,1.5032
39.2805,450,1.4516
39.2848,452,1.4581
39.2890,465,1.5000
39.2934,478,1.5419
39.2977,484,1.5613
39.3020,486,1.5677
39.3063,487,1.5710
39.3105,487,1.5710
39.3148,487,1.5710
39.3192,487,1.5710
39.3235,488,1.5742
39.3279,489,1.5774
39.3321,489,1.5774
39.3365,490,1.5806
39.3409,489,1.5774
39.3452,491,1.5839
39.3503,492,1.5871
39.3547,493,1.5903
39.3590,493,1.5903
39.3633,494,1.5935
39.3676,494,1.5935
39.3719,495,1.5968
39.3762,495,1.5968
39.3805,496,1.6000
39.3848,496,1.6000
39.3891,497,1.6032
39.3934,498,1.6065
39.3980,498,1.6065
39.4023,497,1.6032
39.4067,498,1.6065
39.4110,499,1.6097
39.4152,502,1.6194
39.4195,507,1.6355
39.4239,513,1.6548
39.4282,519,1.6742
39.4325,528,1.7032
39.4368,536,1.7290
39.4411,542,1.7484
39.4454,547,1.7645
39.4497,554,1.7871
39.4540,560,1.8065
39.4589,564,1.8194
39.4640,569,1.8355
39.4683,572,1.8452
39.4726,576,1.8581
39.4769,579,1.8677
39.4812,580,1.8710
39.4856,579,1.8677
39.4898,579,1.8677
39.4941,578,1.8645
39.4984,575,1.8548
39.5027,572,1.8452
39.5071,569,1.8355
39.5114,564,1.8194
39.5157,558,1.8000
39.5200,552,1.7806
39.5243,547,1.7645
39.5286,541,1.7452
39.5329,534,1.7226
39.5372,525,1.6935
39.5419,518,1.6710
39.5462,512,1.6516
39.5506,507,1.6355
39.5550,500,1.6129
39.5594,493,1.5903
39.5637,486,1.5677
39.5680,480,1.5484
39.5723,478,1.5419
39.5766,478,1.5419
39.5809,478,1.5419
39.5852,479,1.5452
39.5895,481,1.5516
39.5938,482,1.5548
39.5981,482,1.5548
39.6024,483,1.5581
39.6067,483,1.5581
39.6111,483,1.5581
39.6154,484,1.5613
39.6196,483,1.5581
39.6240,485,1.5645
39.6283,484,1.5613
39.6326,486,1.5677
39.6369,486,1.5677
39.6412,487,1.5710
39.6455,487,1.5710
39.6498,489,1.5774
39.6541,489,1.5774
39.6584,489,1.5774
39.6627,489,1.5774
39.6670,490,1.5806
39.6717,490,1.5806
39.6761,490,1.5806
39.6806,492,1.5871
39.6857,492,1.5871
39.6901,492,1.5871
39.6944,492,1.5871
39.6987,493,1.5903
39.7034,494,1.5935
39.7077,494,1.5935
39.7120,495,1.5968
39.7162,496,1.6000
39.7205,496,1.6000
39.7248,497,1.6032
39.7290,497,1.6032
39.7334,498,1.6065
39.7376,498,1.6065
39.7419,498,1.6065
39.7462,498,1.6065
39.7504,500,1.6129
39.7547,501,1.6161
39.7590,501,1.6161
39.7633,501,1.6161
39.7675,502,1.6194
39.7718,500,1.6129
39.7761,501,1.6161
39.7803,503,1.6226
39.7846,503,1.6226
39.7889,504,1.6258
39.7932,504,1.6258
39.7974,504,1.6258
39.8017,503,1.6226
39.8059,504,1.6258
39.8102,508,1.6387
39.8145,514,1.6581
39.8188,521,1.6806
39.8230,529,1.7065
39.8273,536,1.7290
39.8316,542,1.7484
39.8359,547,1.7645
39.8401,552,1.7806
39.8444,552,1.7806
39.8489,552,1.7806
39.8532,549,1.7710
39.8574,544,1.7548
39.8617,539,1.7387
39.8660,534,1.7226
39.8703,527,1.7000
39.8745,521,1.6806
39.8788,513,1.6548
39.8830,506,1.6323
39.8873,501,1.6161
39.8915,500,1.6129
39.8958,500,1.6129
39.9001,501,1.6161
39.9046,501,1.6161
39.9089,501,1.6161
39.9131,502,1.6194
39.9174,502,1.6194
39.9217,502,1.6194
39.9260,502,1.6194
39.9305,502,1.6194
39.9348,504,1.6258
39.9391,504,1.6258
39.9433,505,1.6290
39.9476,505,1.6290
39.9519,505,1.6290
39.9562,506,1.6323
39.9605,505,1.6290
39.9648,501,1.6161
39.9690,488,1.5742
39.9734,472,1.5226
39.9778,466,1.5032
39.9821,490,1.5806
39.9865,547,1.7645
39.9907,625,2.0161
39.9950,714,2.3032
39.9993,791,2.5516
40.0036,818,2.6387
40.0079,785,2.5323
40.0123,701,2.2613
40.0166,607,1.9581
40.0209,523,1.6871
40.0252,473,1.5258
40.0295,452,1.4581
40.0337,450,1.4516
40.0381,462,1.4903
40.0425,476,1.5355
40.0470,484,1.5613
40.0514,486,1.5677
40.0560,487,1.5710
40.0605,487,1.5710
40.0650,487,1.5710
40.0693,488,1.5742
40.0742,488,1.5742
40.0785,489,1.5774
40.0828,489,1.5774
40.0870,490,1.5806
40.0913,491,1.5839
40.0955,492,1.5871
40.0998,492,1.5871
40.1041,492,1.5871
40.1084,493,1.5903
40.1127,493,1.5903
40.1169,494,1.5935
40.1212,494,1.5935
40.1255,495,1.5968
40.1298,496,1.6000
40.1340,497,1.6032
40.1383,496,1.6000
40.1426,496,1.6000
40.1469,496,1.6000
40.1512,498,1.6065
40.1555,499,1.6097
40.1598,500,1.6129
40.1641,503,1.6226
40.1684,507,1.6355
40.1727,513,1.6548
40.1770,519,1.6742
40.1813,527,1.7000
40.1856,533,1.7194
40.1899,541,1.7452
40.1942,548,1.7677
40.1985,553,1.7839
40.2028,558,1.8000
40.2071,563,1.8161
40.2114,567,1.8290
40.2157,571,1.8419
40.2201,574,1.8516
40.2244,576,1.8581
40.2287,579,1.8677
40.2330,580,1.8710
40.2373,580,1.8710
40.2416,578,1.8645
40.2459,577,1.8613
40.2502,573,1.8484
40.2545,570,1.8387
40.2588,567,1.8290
40.2631,561,1.8097
40.2674,555,1.7903
40.2717,551,1.7774
40.2760,544,1.7548
40.2803,539,1.7387
40.2846,532,1.7161
40.2889,527,1.7000
40.2932,518,1.6710
40.2975,512,1.6516
40.3018,505,1.6290
40.3061,497,1.6032
40.3104,490,1.5806
40.3147,485,1.5645
40.3190,479,1.5452
40.3233,477,1.5387
40.3277,477,1.5387
40.3321,478,1.5419
40.3364,479,1.5452
40.3407,480,1.5484
40.3450,480,1.5484
40.3493,482,1.5548
40.3536,482,1.5548
40.3579,482,1.5548
40.3622,483,1.5581
40.3666,485,1.5645
40.3708,486,1.5677
40.3751,486,1.5677
40.3794,486,1.5677
40.3838,486,1.5677
40.3881,487,1.5710
40.3924,489,1.5774
40.3967,490,1.5806
40.4010,490,1.5806
40.4053,492,1.5871
40.4096,492,1.5871
40.4139,492,1.5871
40.4182,492,1.5871
40.4225,493,1.5903
40.4268,494,1.5935
40.4311,495,1.5968
40.4354,496,1.6000
40.4397,497,1.6032
40.4440,496,1.6000
40.4483,496,1.6000
40.4526,497,1.6032
40.4569,496,1.6000
40.4612,497,1.6032
40.4655,498,1.6065
40.4698,499,1.6097
40.4741,498,1.6065
40.4784,498,1.6065
40.4827,498,1.6065
40.4870,498,1.6065
40.4913,499,1.6097
40.4956,501,1.6161
40.4999,501,1.6161
40.5042,501,1.6161
40.5085,501,1.6161
40.5129,502,1.6194
40.5172,502,1.6194
40.5215,503,1.6226
40.5258,503,1.6226
40.5301,502,1.6194
40.5344,503,1.6226
40.5387,504,1.6258
40.5430,503,1.6226
40.5477,504,1.6258
40.5520,504,1.6258
40.5562,504,1.6258
40.5605,509,1.6419
40.5648,515,1.6613
40.5691,522,1.6839
40.5735,529,1.7065
40.5779,536,1.7290
40.5823,543,1.7516
40.5867,547,1.7645
40.5911,551,1.7774
40.5954,551,1.7774
40.5997,550,1.7742
40.6040,549,1.7710
40.6083,543,1.7516
40.6126,539,1.7387
40.6169,534,1.7226
40.6212,527,1.7000
40.6255,519,1.6742
40.6298,513,1.6548
40.6341,506,1.6323
40.6384,502,1.6194
40.6427,500,1.6129
40.6470,501,1.6161
40.6513,501,1.6161
40.6556,502,1.6194
40.6600,501,1.6161
40.6643,502,1.6194
40.6686,502,1.6194
40.6729,503,1.6226
40.6772,503,1.6226
40.6815,503,1.6226
40.6858,504,1.6258
40.6903,503,1.6226
40.6946,505,1.6290
40.6988,506,1.6323
40.7031,505,1.6290
40.7074,506,1.6323
40.7117,504,1.6258
40.7161,498,1.6065
40.7204,481,1.5516
40.7246,465,1.5000
40.7289,467,1.5065
40.7333,500,1.6129
40.7376,562,1.8129
40.7419,646,2.0839
40.7462,737,2.3774
40.7505,807,2.6032
40.7548,815,2.6290
40.7591,764,2.4645
40.7634,681,2.1968
40.7677,585,1.8871
40.7720,508,1.6387
40.7763,466,1.5032
40.7806,449,1.4484
40.7849,451,1.4548
40.7892,465,1.5000
40.7935,476,1.5355
40.7978,483,1.5581
40.8021,485,1.5645
40.8064,485,1.5645
40.8107,486,1.5677
40.8150,487,1.5710
40.8193,488,1.5742
40.8236,488,1.5742
40.8279,489,1.5774
40.8325,490,1.5806
40.8368,489,1.5774
40.8411,490,1.5806
40.8454,492,1.5871
40.8497,492,1.5871
40.8540,493,1.5903
40.8583,493,1.5903
40.8626,494,1.5935
40.8669,494,1.5935
40.8712,494,1.5935
40.8756,495,1.5968
40.8801,495,1.5968
40.8845,496,1.6000
40.8888,497,1.6032
40.8932,497,1.6032
40.8975,498,1.6065
40.9018,497,1.6032
40.9061,497,1.6032
40.9104,499,1.6097
40.9148,502,1.6194
40.9191,507,1.6355
40.9234,514,1.6581
40.9277,520,1.6774
40.9321,529,1.7065
40.9364,535,1.7258
40.9407,542,1.7484
40.9450,548,1.7677
40.9493,554,1.7871
40.9536,559,1.8032
40.9579,563,1.8161
40.9622,568,1.8323
40.9665,573,1.8484
40.9708,575,1.8548
40.9751,577,1.8613
40.9794,580,1.8710
40.9837,578,1.8645
40.9880,578,1.8645
40.9923,576,1.8581
40.9966,575,1.8548
41.0009,574,1.8516
41.0052,571,1.8419
41.0095,566,1.8258
41.0138,562,1.8129
41.0181,556,1.7935
41.0224,550,1.7742
41.0267,543,1.7516
41.0310,537,1.7323
41.0353,531,1.7129
41.0397,523,1.6871
41.0440,515,1.6613
41.0483,509,1.6419
41.0525,502,1.6194
41.0568,495,1.5968
41.0612,489,1.5774
41.0655,483,1.5581
41.0698,478,1.5419
41.0741,477,1.5387
41.0784,477,1.5387
41.0827,478,1.5419
41.0870,480,1.5484
41.0913,480,1.5484
41.0956,481,1.5516
41.0999,480,1.5484
41.1042,481,1.5516
41.1085,481,1.5516
41.1128,482,1.5548
41.1171,483,1.5581
41.1214,483,1.5581
41.1257,483,1.5581
41.1301,484,1.5613
41.1344,485,1.5645
41.1387,485,1.5645
41.1430,486,1.5677
41.1473,486,1.5677
41.1516,487,1.5710
41.1559,488,1.5742
41.1602,489,1.5774
41.1645,490,1.5806
41.1688,491,1.5839
41.1731,493,1.5903
41.1774,493,1.5903
41.1818,494,1.5935
41.1860,494,1.5935
41.1903,495,1.5968
41.1946,495,1.5968
41.1989,494,1.5935
41.2032,494,1.5935
41.2075,495,1.5968
41.2118,495,1.5968
41.2161,495,1.5968
41.2205,494,1.5935
41.2248,495,1.5968
41.2362,497,1.6032
41.2407,498,1.6065
41.2450,499,1.6097
41.2493,500,1.6129
41.2536,501,1.6161
41.2579,500,1.6129
41.2622,500,1.6129
41.2665,502,1.6194
41.2708,503,1.6226
41.2751,503,1.6226
41.2794,504,1.6258
41.2837,505,1.6290
41.2880,504,1.6258
41.2923,504,1.6258
41.2966,505,1.6290
41.3009,504,1.6258
41.3052,505,1.6290
41.3095,507,1.6355
41.3138,513,1.6548
41.3182,519,1.6742
41.3225,526,1.6968
41.3268,534,1.7226
41.3311,541,1.7452
41.3354,544,1.7548
41.3397,548,1.7677
41.3440,551,1.7774
41.3483,551,1.7774
41.3526,549,1.7710
41.3569,546,1.7613
41.3612,541,1.7452
41.3655,535,1.7258
41.3698,528,1.7032
41.3741,521,1.6806
41.3784,515,1.6613
41.3827,509,1.6419
41.3870,504,1.6258
41.3913,502,1.6194
41.3956,502,1.6194
41.4000,502,1.6194
41.4043,503,1.6226
41.4086,503,1.6226
41.4129,503,1.6226
41.4172,503,1.6226
41.4215,504,1.6258
41.4258,504,1.6258
41.4301,504,1.6258
41.4344,505,1.6290
41.4387,504,1.6258
41.4430,505,1.6290
41.4473,505,1.6290
41.4516,506,1.6323
41.4559,506,1.6323
41.4602,505,1.6290
41.4645,501,1.6161
41.4689,490,1.5806
41.4732,472,1.5226
41.4779,466,1.5032
41.4823,491,1.5839
41.4867,548,1.7677
41.4910,628,2.0258
41.4953,718,2.3161
41.4996,794,2.5613
41.5039,822,2.6516
41.5082,781,2.5194
41.5125,702,2.2645
41.5168,607,1.9581
41.5211,524,1.6903
41.5254,473,1.5258
41.5298,452,1.4581
41.5341,451,1.4548
41.5384,462,1.4903
41.5427,477,1.5387
41.5470,485,1.5645
41.5513,487,1.5710
41.5556,488,1.5742
41.5600,488,1.5742
41.5643,488,1.5742
41.5687,488,1.5742
41.5730,488,1.5742
41.5773,489,1.5774
41.5816,490,1.5806
41.5859,490,1.5806
41.5902,490,1.5806
41.5945,490,1.5806
41.5988,491,1.5839
41.6031,492,1.5871
41.6074,494,1.5935
41.6117,494,1.5935
41.6160,494,1.5935
41.6203,494,1.5935
41.6246,494,1.5935
41.6290,494,1.5935
41.6333,495,1.5968
41.6376,496,1.6000
41.6419,496,1.6000
41.6462,496,1.6000
41.6505,498,1.6065
41.6548,499,1.6097
41.6591,498,1.6065
41.6634,500,1.6129
41.6677,506,1.6323
41.6720,513,1.6548
41.6763,520,1.6774
41.6806,526,1.6968
41.6849,532,1.7161
41.6892,540,1.7419
41.6935,547,1.7645
41.6978,553,1.7839
41.7021,557,1.7968
41.7064,563,1.8161
41.7107,569,1.8355
41.7150,572,1.8452
41.7193,575,1.8548
41.7236,576,1.8581
41.7279,579,1.8677
41.7322,579,1.8677
41.7365,580,1.8710
41.7408,578,1.8645
41.7451,576,1.8581
41.7494,575,1.8548
41.7537,571,1.8419
41.7580,566,1.8258
41.7623,562,1.8129
41.7666,557,1.7968
41.7710,552,1.7806
41.7753,546,1.7613
41.7800,538,1.7355
41.7844,531,1.7129
41.7888,523,1.6871
41.7932,516,1.6645
41.7975,509,1.6419
41.8018,502,1.6194
41.8061,495,1.5968
41.8104,490,1.5806
41.8147,484,1.5613
41.8190,480,1.5484
41.8233,479,1.5452
41.8277,479,1.5452
41.8319,480,1.5484
41.8362,480,1.5484
41.8405,481,1.5516
41.8448,481,1.5516
41.8490,481,1.5516
41.8533,482,1.5548
41.8575,484,1.5613
41.8618,484,1.5613
41.8660,484,1.5613
41.8703,483,1.5581
41.8746,483,1.5581
41.8788,485,1.5645
41.8831,486,1.5677
41.8874,487,1.5710
41.8916,488,1.5742
41.8959,488,1.5742
41.9002,488,1.5742
41.9044,488,1.5742
41.9087,489,1.5774
41.9130,490,1.5806
41.9172,491,1.5839
41.9215,493,1.5903
41.9258,493,1.5903
41.9301,493,1.5903
41.9344,493,1.5903
41.9386,494,1.5935
41.9429,494,1.5935
41.9471,495,1.5968
41.9513,494,1.5935
41.9556,495,1.5968
41.9598,496,1.6000
41.9641,496,1.6000
41.9684,498,1.6065
41.9726,497,1.6032
41.9769,498,1.6065
41.9812,498,1.6065
41.9855,498,1.6065
41.9898,499,1.6097
41.9941,500,1.6129
41.9983,500,1.6129
42.0026,500,1.6129
42.0069,502,1.6194
42.0112,502,1.6194
42.0155,501,1.6161
42.0198,501,1.6161
42.0241,501,1.6161
42.0285,502,1.6194
42.0327,502,1.6194
42.0371,501,1.6161
42.0414,504,1.6258
42.0456,503,1.6226
42.0499,503,1.6226
42.0542,504,1.6258
42.0585,506,1.6323
42.0628,511,1.6484
42.0671,519,1.6742
42.0713,525,1.6935
42.0756,532,1.7161
42.0799,539,1.7387
42.0842,545,1.7581
42.0886,549,1.7710
42.0928,552,1.7806
42.0971,552,1.7806
42.1014,550,1.7742
42.1057,547,1.7645
42.1101,542,1.7484
42.1144,537,1.7323
42.1187,530,1.7097
42.1230,522,1.6839
42.1273,516,1.6645
42.1316,510,1.6452
42.1359,502,1.6194
42.1401,499,1.6097
42.1444,499,1.6097
42.1488,500,1.6129
42.1530,501,1.6161
42.1573,502,1.6194
42.1616,500,1.6129
42.1659,500,1.6129
42.1702,501,1.6161
42.1745,501,1.6161
42.1788,501,1.6161
42.1830,501,1.6161
42.1873,501,1.6161
42.1916,502,1.6194
42.1959,503,1.6226
42.2002,504,1.6258
42.2044,505,1.6290
42.2088,505,1.6290
42.2130,503,1.6226
42.2173,494,1.5935
42.2217,478,1.5419
42.2260,465,1.5000
42.2303,475,1.5323
42.2345,514,1.6581
42.2389,583,1.8806
42.2431,670,2.1613
42.2475,757,2.4419
42.2517,813,2.6226
42.2560,808,2.6065
42.2603,745,2.4032
42.2646,656,2.1161
42.2689,563,1.8161
42.2732,496,1.6000
42.2774,462,1.4903
42.2818,450,1.4516
42.2860,455,1.4677
42.2904,469,1.5129
42.2946,479,1.5452
42.2989,484,1.5613
42.3032,486,1.5677
42.3075,486,1.5677
42.3118,486,1.5677
42.3161,486,1.5677
42.3204,487,1.5710
42.3247,487,1.5710
42.3289,488,1.5742
42.3332,490,1.5806
42.3375,491,1.5839
42.3418,492,1.5871
42.3461,492,1.5871
42.3504,492,1.5871
42.3547,492,1.5871
42.3590,492,1.5871
42.3632,493,1.5903
42.3675,494,1.5935
42.3718,494,1.5935
42.3763,494,1.5935
42.3808,495,1.5968
42.3853,495,1.5968
42.3897,495,1.5968
42.3940,495,1.5968
42.3984,496,1.6000
42.4027,497,1.6032
42.4071,497,1.6032
42.4114,499,1.6097
42.4157,503,1.6226
42.4201,509,1.6419
42.4244,516,1.6645
42.4289,522,1.6839
42.4332,529,1.7065
42.4376,536,1.7290
42.4419,544,1.7548
42.4463,550,1.7742
42.4506,555,1.7903
42.4549,561,1.8097
42.4593,566,1.8258
42.4636,571,1.8419
42.4679,572,1.8452
42.4723,575,1.8548
42.4766,577,1.8613
42.4809,579,1.8677
42.4852,579,1.8677
42.4895,578,1.8645
42.4938,577,1.8613
42.4981,574,1.8516
42.5025,570,1.8387
42.5068,569,1.8355
42.5111,563,1.8161
42.5154,559,1.8032
42.5197,553,1.7839
42.5240,546,1.7613
42.5283,541,1.7452
42.5326,534,1.7226
42.5369,529,1.7065
42.5412,520,1.6774
42.5455,514,1.6581
42.5498,508,1.6387
42.5541,501,1.6161
42.5584,495,1.5968
42.5627,487,1.5710
42.5670,481,1.5516
42.5713,477,1.5387
42.5756,475,1.5323
42.5800,476,1.5355
42.5843,477,1.5387
42.5886,478,1.5419
42.5929,479,1.5452
42.5972,479,1.5452
42.6015,480,1.5484
42.6058,480,1.5484
42.6101,482,1.5548
42.6144,483,1.5581
42.6187,483,1.5581
42.6230,483,1.5581
42.6273,485,1.5645
42.6316,486,1.5677
42.6360,487,1.5710
42.6403,488,1.5742
42.6445,487,1.5710
42.6488,487,1.5710
42.6532,488,1.5742
42.6575,489,1.5774
42.6617,490,1.5806
42.6660,491,1.5839
42.6704,492,1.5871
42.6747,493,1.5903
42.6791,493,1.5903
42.6837,494,1.5935
42.6880,493,1.5903
42.6924,494,1.5935
42.6967,494,1.5935
42.7010,495,1.5968
42.7053,496,1.6000
42.7096,495,1.5968
42.7139,496,1.6000
42.7182,498,1.6065
42.7225,497,1.6032
42.7268,496,1.6000
42.7312,497,1.6032
42.7355,499,1.6097
42.7398,499,1.6097
42.7441,499,1.6097
42.7484,500,1.6129
42.7528,501,1.6161
42.7571,500,1.6129
42.7614,500,1.6129
42.7656,500,1.6129
42.7700,501,1.6161
42.7743,503,1.6226
42.7786,502,1.6194
42.7829,503,1.6226
42.7872,505,1.6290
42.7915,505,1.6290
42.7958,506,1.6323
42.8001,505,1.6290
42.8044,505,1.6290
42.8087,508,1.6387
42.8131,513,1.6548
42.8174,519,1.6742
42.8217,526,1.6968
42.8260,533,1.7194
42.8303,539,1.7387
42.8346,544,1.7548
42.8389,547,1.7645
42.8432,552,1.7806
42.8475,552,1.7806
42.8518,550,1.7742
42.8561,547,1.7645
42.8604,541,1.7452
42.8647,537,1.7323
42.8690,531,1.7129
42.8733,524,1.6903
42.8776,515,1.6613
42.8819,509,1.6419
42.8862,502,1.6194
42.8905,500,1.6129
42.8949,499,1.6097
42.8992,499,1.6097
42.9035,500,1.6129
42.9078,501,1.6161
42.9121,501,1.6161
42.9164,501,1.6161
42.9207,501,1.6161
42.9250,503,1.6226
42.9293,504,1.6258
42.9337,503,1.6226
42.9380,505,1.6290
42.9423,505,1.6290
42.9466,505,1.6290
42.9508,506,1.6323
42.9551,505,1.6290
42.9595,506,1.6323
42.9638,504,1.6258
42.9680,494,1.5935
42.9723,477,1.5387
42.9767,466,1.5032
42.9810,479,1.5452
42.9853,525,1.6935
42.9896,598,1.9290
42.9939,684,2.2065
42.9982,773,2.4935
43.0029,821,2.6484
43.0072,796,2.5677
43.0115,724,2.3355
43.0158,631,2.0355
43.0201,541,1.7452
43.0244,483,1.5581
43.0287,455,1.4677
43.0330,449,1.4484
43.0373,458,1.4774
43.0417,471,1.5194
43.0460,480,1.5484
43.0503,484,1.5613
43.0545,486,1.5677
43.0589,486,1.5677
43.0632,487,1.5710
43.0674,487,1.5710
43.0717,488,1.5742
43.0760,488,1.5742
43.0804,489,1.5774
43.0847,490,1.5806
43.0890,490,1.5806
43.0933,492,1.5871
43.0975,493,1.5903
43.1019,493,1.5903
43.1062,494,1.5935
43.1105,495,1.5968
43.1147,495,1.5968
43.1191,495,1.5968
43.1234,496,1.6000
43.1277,495,1.5968
43.1322,495,1.5968
43.1366,494,1.5935
43.1409,495,1.5968
43.1452,495,1.5968
43.1495,496,1.6000
43.1538,497,1.6032
43.1580,497,1.6032
43.1624,498,1.6065
43.1667,503,1.6226
43.1709,510,1.6452
43.1752,517,1.6677
43.1795,524,1.6903
43.1839,532,1.7161
43.1882,537,1.7323
43.1925,544,1.7548
43.1967,550,1.7742
43.2011,556,1.7935
43.2054,563,1.8161
43.2097,567,1.8290
43.2140,569,1.8355
43.2183,574,1.8516
43.2226,576,1.8581
43.2269,577,1.8613
43.2313,579,1.8677
43.2356,580,1.8710
43.2399,579,1.8677
43.2442,578,1.8645
43.2485,574,1.8516
43.2528,572,1.8452
43.2571,568,1.8323
43.2613,565,1.8226
43.2657,561,1.8097
43.2700,556,1.7935
43.2743,548,1.7677
43.2788,541,1.7452
43.2832,534,1.7226
43.2876,529,1.7065
43.2919,521,1.6806
43.2962,513,1.6548
43.3005,506,1.6323
43.3048,500,1.6129
43.3091,493,1.5903
43.3134,488,1.5742
43.3177,482,1.5548
43.3220,477,1.5387
43.3263,477,1.5387
43.3306,479,1.5452
43.3350,480,1.5484
43.3393,480,1.5484
43.3436,481,1.5516
43.3480,481,1.5516
43.3523,482,1.5548
43.3566,483,1.5581
43.3609,484,1.5613
43.3652,485,1.5645
43.3695,486,1.5677
43.3738,486,1.5677
43.3781,486,1.5677
43.3824,486,1.5677
43.3868,487,1.5710
43.3911,488,1.5742
43.3954,489,1.5774
43.3996,489,1.5774
43.4039,489,1.5774
43.4083,491,1.5839
43.4126,491,1.5839
43.4168,490,1.5806
43.4211,491,1.5839
43.4254,491,1.5839
43.4297,493,1.5903
43.4341,493,1.5903
43.4384,494,1.5935
43.4427,496,1.6000
43.4470,496,1.6000
43.4513,496,1.6000
43.4556,497,1.6032
43.4599,498,1.6065
43.4642,498,1.6065
43.4685,498,1.6065
43.4728,498,1.6065
43.4771,499,1.6097
43.4814,500,1.6129
43.4857,500,1.6129
43.4901,501,1.6161
43.4944,501,1.6161
43.4987,501,1.6161
43.5030,501,1.6161
43.5073,501,1.6161
43.5116,502,1.6194
43.5159,501,1.6161
43.5202,502,1.6194
43.5245,503,1.6226
43.5288,503,1.6226
43.5332,504,1.6258
43.5375,504,1.6258
43.5418,505,1.6290
43.5461,505,1.6290
43.5504,505,1.6290
43.5547,506,1.6323
43.5590,508,1.6387
43.5633,512,1.6516
43.5676,519,1.6742
43.5719,526,1.6968
43.5763,533,1.7194
43.5809,540,1.7419
43.5853,545,1.7581
43.5897,550,1.7742
43.5942,551,1.7774
43.5985,552,1.7806
43.6028,551,1.7774
43.6071,547,1.7645
43.6114,542,1.7484
43.6157,536,1.7290
43.6200,529,1.7065
43.6243,521,1.6806
43.6286,514,1.6581
43.6329,506,1.6323
43.6373,502,1.6194
43.6416,499,1.6097
43.6459,500,1.6129
43.6502,501,1.6161
43.6545,501,1.6161
43.6588,503,1.6226
43.6631,504,1.6258
43.6674,504,1.6258
43.6717,505,1.6290
43.6760,505,1.6290
43.6803,504,1.6258
43.6847,504,1.6258
43.6890,506,1.6323
43.6933,506,1.6323
43.6976,506,1.6323
43.7019,507,1.6355
43.7062,506,1.6323
43.7105,506,1.6323
43.7148,503,1.6226
43.7191,491,1.5839
43.7234,475,1.5323
43.7277,467,1.5065
43.7321,489,1.5774
43.7365,542,1.7484
43.7408,621,2.0032
43.7451,710,2.2903
43.7494,792,2.5548
43.7537,824,2.6581
43.7580,789,2.5452
43.7623,712,2.2968
43.7665,619,1.9968
43.7708,533,1.7194
43.7752,480,1.5484
43.7795,456,1.4710
43.7837,452,1.4581
43.7881,462,1.4903
43.7924,474,1.5290
43.7967,483,1.5581
43.8010,486,1.5677
43.8053,486,1.5677
43.8096,488,1.5742
43.8139,488,1.5742
43.8182,488,1.5742
43.8225,488,1.5742
43.8268,490,1.5806
43.8311,491,1.5839
43.8355,491,1.5839
43.8398,492,1.5871
43.8441,492,1.5871
43.8484,492,1.5871
43.8527,491,1.5839
43.8570,493,1.5903
43.8613,494,1.5935
43.8656,495,1.5968
43.8699,494,1.5935
43.8743,494,1.5935
43.8786,495,1.5968
43.8829,496,1.6000
43.8872,496,1.6000
43.8915,496,1.6000
43.8958,496,1.6000
43.9001,496,1.6000
43.9044,496,1.6000
43.9087,496,1.6000
43.9130,496,1.6000
43.9173,503,1.6226
43.9216,509,1.6419
43.9259,514,1.6581
43.9302,523,1.6871
43.9345,529,1.7065
43.9388,537,1.7323
43.9431,543,1.7516
43.9474,549,1.7710
43.9517,554,1.7871
43.9560,559,1.8032
43.9603,563,1.8161
43.9646,568,1.8323
43.9689,572,1.8452
43.9732,572,1.8452
43.9775,576,1.8581
43.9818,577,1.8613
43.9862,578,1.8645
43.9905,577,1.8613
43.9948,576,1.8581
43.9991,573,1.8484
44.0034,570,1.8387
44.0077,565,1.8226
44.0120,563,1.8161
44.0163,558,1.8000
44.0206,552,1.7806
44.0249,545,1.7581
44.0292,538,1.7355
44.0335,534,1.7226
44.0378,527,1.7000
44.0421,519,1.6742
44.0464,511,1.6484
44.0507,505,1.6290
44.0550,498,1.6065
44.0593,493,1.5903
44.0636,486,1.5677
44.0679,482,1.5548
44.0722,478,1.5419
44.0765,477,1.5387
44.0808,478,1.5419
44.0851,479,1.5452
44.0894,480,1.5484
44.0937,481,1.5516
44.0981,481,1.5516
44.1024,482,1.5548
44.1067,482,1.5548
44.1110,483,1.5581
44.1152,484,1.5613
44.1196,485,1.5645
44.1239,486,1.5677
44.1282,488,1.5742
44.1326,489,1.5774
44.1369,489,1.5774
44.1413,489,1.5774
44.1456,491,1.5839
44.1499,491,1.5839
44.1542,491,1.5839
44.1585,492,1.5871
44.1628,492,1.5871
44.1671,492,1.5871
44.1714,493,1.5903
44.1757,493,1.5903
44.1802,493,1.5903
44.1847,494,1.5935
44.1890,494,1.5935
44.1934,494,1.5935
44.1976,494,1.5935
44.2020,496,1.6000
44.2063,495,1.5968
44.2106,496,1.6000
44.2148,496,1.6000
44.2191,497,1.6032
44.2235,496,1.6000
44.2277,497,1.6032
44.2322,497,1.6032
44.2365,498,1.6065
44.2408,499,1.6097
44.2451,497,1.6032
44.2494,498,1.6065
44.2537,498,1.6065
44.2580,500,1.6129
44.2623,501,1.6161
44.2666,501,1.6161
44.2709,501,1.6161
44.2752,501,1.6161
44.2795,502,1.6194
44.2839,504,1.6258
44.2882,504,1.6258
44.2925,504,1.6258
44.2968,504,1.6258
44.3011,503,1.6226
44.3054,504,1.6258
44.3097,507,1.6355
44.3140,512,1.6516
44.3183,519,1.6742
44.3226,525,1.6935
44.3269,533,1.7194
44.3312,540,1.7419
44.3355,546,1.7613
44.3398,550,1.7742
44.3441,551,1.7774
44.3484,550,1.7742
44.3527,550,1.7742
44.3570,546,1.7613
44.3613,540,1.7419
44.3656,534,1.7226
44.3699,528,1.7032
44.3742,520,1.6774
44.3785,513,1.6548
44.3828,506,1.6323
44.3871,502,1.6194
44.3915,500,1.6129
44.3957,500,1.6129
44.4001,500,1.6129
44.4044,501,1.6161
44.4087,501,1.6161
44.4130,502,1.6194
44.4173,502,1.6194
44.4216,502,1.6194
44.4259,503,1.6226
44.4302,503,1.6226
44.4345,503,1.6226
44.4388,504,1.6258
44.4431,504,1.6258
44.4474,504,1.6258
44.4517,504,1.6258
44.4560,505,1.6290
44.4603,506,1.6323
44.4646,501,1.6161
44.4689,489,1.5774
44.4732,472,1.5226
44.4776,465,1.5000
44.4821,487,1.5710
44.4865,542,1.7484
44.4909,618,1.9935
44.4952,710,2.2903
44.4994,790,2.5484
44.5037,821,2.6484
44.5081,787,2.5387
44.5124,709,2.2871
44.5166,615,1.9839
44.5209,528,1.7032
44.5252,475,1.5323
44.5295,452,1.4581
44.5339,450,1.4516
44.5381,460,1.4839
44.5425,474,1.5290
44.5467,482,1.5548
44.5511,485,1.5645
44.5554,486,1.5677
44.5596,486,1.5677
44.5639,486,1.5677
44.5682,486,1.5677
44.5725,486,1.5677
44.5769,486,1.5677
44.5812,487,1.5710
44.5855,489,1.5774
44.5898,490,1.5806
44.5941,491,1.5839
44.5984,490,1.5806
44.6027,491,1.5839
44.6070,490,1.5806
44.6113,492,1.5871
44.6156,493,1.5903
44.6200,494,1.5935
44.6243,494,1.5935
44.6286,495,1.5968
44.6329,495,1.5968
44.6372,494,1.5935
44.6415,496,1.6000
44.6458,496,1.6000
44.6501,496,1.6000
44.6544,498,1.6065
44.6587,498,1.6065
44.6630,500,1.6129
44.6673,505,1.6290
44.6716,511,1.6484
44.6759,518,1.6710
44.6802,526,1.6968
44.6845,533,1.7194
44.6888,540,1.7419
44.6931,546,1.7613
44.6975,553,1.7839
44.7018,556,1.7935
44.7061,561,1.8097
44.7105,566,1.8258
44.7148,570,1.8387
44.7191,571,1.8419
44.7235,575,1.8548
44.7278,576,1.8581
44.7323,578,1.8645
44.7367,578,1.8645
44.7410,576,1.8581
44.7454,577,1.8613
44.7497,575,1.8548
44.7540,573,1.8484
44.7584,567,1.8290
44.7627,563,1.8161
44.7670,558,1.8000
44.7718,553,1.7839
44.7762,546,1.7613
44.7805,540,1.7419
44.7848,533,1.7194
44.7892,526,1.6968
44.7935,519,1.6742
44.7978,513,1.6548
44.8021,505,1.6290
44.8064,498,1.6065
44.8107,492,1.5871
44.8150,486,1.5677
44.8193,480,1.5484
44.8236,477,1.5387
44.8279,477,1.5387
44.8322,478,1.5419
44.8365,479,1.5452
44.8408,481,1.5516
44.8451,482,1.5548
44.8494,484,1.5613
44.8537,485,1.5645
44.8580,486,1.5677
44.8623,484,1.5613
44.8666,484,1.5613
44.8708,484,1.5613
44.8752,485,1.5645
44.8795,486,1.5677
44.8837,486,1.5677
44.8881,487,1.5710
44.8924,488,1.5742
44.8968,488,1.5742
44.9012,490,1.5806
44.9055,490,1.5806
44.9098,490,1.5806
44.9141,491,1.5839
44.9185,491,1.5839
44.9228,492,1.5871
44.9271,492,1.5871
44.9315,494,1.5935
44.9359,494,1.5935
44.9402,494,1.5935
44.9446,494,1.5935
44.9489,494,1.5935
44.9532,496,1.6000
44.9576,496,1.6000
44.9619,496,1.6000
44.9662,496,1.6000
44.9706,497,1.6032
44.9749,497,1.6032
44.9792,498,1.6065
44.9836,498,1.6065
44.9879,499,1.6097
44.9922,500,1.6129
44.9965,501,1.6161
45.0008,500,1.6129
45.0051,500,1.6129
45.0094,501,1.6161
45.0137,501,1.6161
45.0180,503,1.6226
45.0223,503,1.6226
45.0266,503,1.6226
45.0309,503,1.6226
45.0352,504,1.6258
45.0395,504,1.6258
45.0439,505,1.6290
45.0484,505,1.6290
45.0529,505,1.6290
45.0574,506,1.6323
45.0619,510,1.6452
45.0665,516,1.6645
45.0710,523,1.6871
45.0754,532,1.7161
45.0798,538,1.7355
45.0843,544,1.7548
45.0888,548,1.7677
45.0931,550,1.7742
45.0974,551,1.7774
45.1018,550,1.7742
45.1061,547,1.7645
45.1104,541,1.7452
45.1146,537,1.7323
45.1189,528,1.7032
45.1232,521,1.6806
45.1276,515,1.6613
45.1319,509,1.6419
45.1362,503,1.6226
45.1406,501,1.6161
45.1449,501,1.6161
45.1491,501,1.6161
45.1534,502,1.6194
45.1577,503,1.6226
45.1620,503,1.6226
45.1662,502,1.6194
45.1705,504,1.6258
45.1747,503,1.6226
45.1790,504,1.6258
45.1833,504,1.6258
45.1875,504,1.6258
45.1918,505,1.6290
45.1961,505,1.6290
45.2004,504,1.6258
45.2047,505,1.6290
45.2090,505,1.6290
45.2133,502,1.6194
45.2179,493,1.5903
45.2222,477,1.5387
45.2265,464,1.4968
45.2308,476,1.5355
45.2351,518,1.6710
45.2394,590,1.9032
45.2437,678,2.1871
45.2480,763,2.4613
45.2523,818,2.6387
45.2567,803,2.5903
45.2609,738,2.3806
45.2653,645,2.0806
45.2696,553,1.7839
45.2739,490,1.5806
45.2782,457,1.4742
45.2825,448,1.4452
45.2868,455,1.4677
45.2912,471,1.5194
45.2960,481,1.5516
45.3002,486,1.5677
45.3045,486,1.5677
45.3088,488,1.5742
45.3131,487,1.5710
45.3173,487,1.5710
45.3216,487,1.5710
45.3259,490,1.5806
45.3302,490,1.5806
45.3344,492,1.5871
45.3387,492,1.5871
45.3429,492,1.5871
45.3473,491,1.5839
45.3515,492,1.5871
45.3558,493,1.5903
45.3601,495,1.5968
45.3644,495,1.5968
45.3687,494,1.5935
45.3729,495,1.5968
45.3776,495,1.5968
45.3820,496,1.6000
45.3865,495,1.5968
45.3908,497,1.6032
45.3951,498,1.6065
45.3994,499,1.6097
45.4037,498,1.6065
45.4080,499,1.6097
45.4123,500,1.6129
45.4165,505,1.6290
45.4208,511,1.6484
45.4251,517,1.6677
45.4294,525,1.6935
45.4336,530,1.7097
45.4379,536,1.7290
45.4421,543,1.7516
45.4464,548,1.7677
45.4507,554,1.7871
45.4550,560,1.8065
45.4593,565,1.8226
45.4637,569,1.8355
45.4680,573,1.8484
45.4723,576,1.8581
45.4765,579,1.8677
45.4808,578,1.8645
45.4850,579,1.8677
45.4894,579,1.8677
45.4936,577,1.8613
45.4979,576,1.8581
45.5022,574,1.8516
45.5065,571,1.8419
45.5108,565,1.8226
45.5150,561,1.8097
45.5193,556,1.7935
45.5236,550,1.7742
45.5278,543,1.7516
45.5321,536,1.7290
45.5364,530,1.7097
45.5407,522,1.6839
45.5452,514,1.6581
45.5496,507,1.6355
45.5539,500,1.6129
45.5581,493,1.5903
45.5623,488,1.5742
45.5666,483,1.5581
45.5709,479,1.5452
45.5752,477,1.5387
45.5794,478,1.5419
45.5837,478,1.5419
45.5880,478,1.5419
45.5923,479,1.5452
45.5966,479,1.5452
45.6009,480,1.5484
45.6051,480,1.5484
45.6094,481,1.5516
45.6137,481,1.5516
45.6180,482,1.5548
45.6222,483,1.5581
45.6266,485,1.5645
45.6309,485,1.5645
45.6351,486,1.5677
45.6394,487,1.5710
45.6436,488,1.5742
45.6479,488,1.5742
45.6522,488,1.5742
45.6564,489,1.5774
45.6607,489,1.5774
45.6649,490,1.5806
45.6692,491,1.5839
45.6734,492,1.5871
45.6777,492,1.5871
45.6819,492,1.5871
45.6861,494,1.5935
45.6904,495,1.5968
45.6947,496,1.6000
45.6990,496,1.6000
45.7033,495,1.5968
45.7076,495,1.5968
45.7119,495,1.5968
45.7162,496,1.6000
45.7205,496,1.6000
45.7248,498,1.6065
45.7291,497,1.6032
45.7334,498,1.6065
45.7377,499,1.6097
45.7420,500,1.6129
45.7463,500,1.6129
45.7506,501,1.6161
45.7549,502,1.6194
45.7592,501,1.6161
45.7635,501,1.6161
45.7678,500,1.6129
45.7721,500,1.6129
45.7764,502,1.6194
45.7807,503,1.6226
45.7850,503,1.6226
45.7893,504,1.6258
45.7936,504,1.6258
45.7979,505,1.6290
45.8022,506,1.6323
45.8065,506,1.6323
45.8107,508,1.6387
45.8150,514,1.6581
45.8193,521,1.6806
45.8235,527,1.7000
45.8278,534,1.7226
45.8321,540,1.7419
45.8364,547,1.7645
45.8407,551,1.7774
45.8449,551,1.7774
45.8492,551,1.7774
45.8535,551,1.7774
45.8578,547,1.7645
45.8620,543,1.7516
45.8663,536,1.7290
45.8705,529,1.7065
45.8748,520,1.6774
45.8791,514,1.6581
45.8834,508,1.6387
45.8876,503,1.6226
45.8919,501,1.6161
45.8962,501,1.6161
45.9005,501,1.6161
45.9048,501,1.6161
45.9091,502,1.6194
45.9134,503,1.6226
45.9177,504,1.6258
45.9220,504,1.6258
45.9263,503,1.6226
45.9306,503,1.6226
45.9348,504,1.6258
45.9391,504,1.6258
45.9434,504,1.6258
45.9477,505,1.6290
45.9519,506,1.6323
45.9563,507,1.6355
45.9606,506,1.6323
45.9649,501,1.6161
45.9691,489,1.5774
45.9734,473,1.5258
45.9777,465,1.5000
45.9822,487,1.5710
45.9866,542,1.7484
45.9910,620,2.0000
45.9954,713,2.3000
45.9997,794,2.5613
46.0040,821,2.6484
46.0083,784,2.5290
46.0127,704,2.2710
46.0170,610,1.9677
46.0213,526,1.6968
46.0256,474,1.5290
46.0299,452,1.4581
46.0341,450,1.4516
46.0384,462,1.4903
46.0428,475,1.5323
46.0470,481,1.5516
46.0513,484,1.5613
46.0556,486,1.5677
46.0605,486,1.5677
46.0649,487,1.5710
46.0691,486,1.5677
46.0734,488,1.5742
46.0777,488,1.5742
46.0820,489,1.5774
46.0863,489,1.5774
46.0906,491,1.5839
46.0949,491,1.5839
46.0992,492,1.5871
46.1035,492,1.5871
46.1078,492,1.5871
46.1121,493,1.5903
46.1164,492,1.5871
46.1207,492,1.5871
46.1250,494,1.5935
46.1292,495,1.5968
46.1335,495,1.5968
46.1378,495,1.5968
46.1421,495,1.5968
46.1464,496,1.6000
46.1507,498,1.6065
46.1550,498,1.6065
46.1593,499,1.6097
46.1636,502,1.6194
46.1679,506,1.6323
46.1722,513,1.6548
46.1765,519,1.6742
46.1808,527,1.7000
46.1851,533,1.7194
46.1894,539,1.7387
46.1937,545,1.7581
46.1980,552,1.7806
46.2023,557,1.7968
46.2067,562,1.8129
46.2111,568,1.8323
46.2154,571,1.8419
46.2197,574,1.8516
46.2240,577,1.8613
46.2284,580,1.8710
46.2327,580,1.8710
46.2370,581,1.8742
46.2414,579,1.8677
46.2457,577,1.8613
46.2501,573,1.8484
46.2544,572,1.8452
46.2587,567,1.8290
46.2631,563,1.8161
46.2674,557,1.7968
46.2718,551,1.7774
46.2761,545,1.7581
46.2806,538,1.7355
46.2850,532,1.7161
46.2894,527,1.7000
46.2937,519,1.6742
46.2982,512,1.6516
46.3025,503,1.6226
46.3068,496,1.6000
46.3111,489,1.5774
46.3154,484,1.5613
46.3197,479,1.5452
46.3240,477,1.5387
46.3283,477,1.5387
46.3326,479,1.5452
46.3369,480,1.5484
46.3412,481,1.5516
46.3455,482,1.5548
46.3498,484,1.5613
46.3541,485,1.5645
46.3584,485,1.5645
46.3627,485,1.5645
46.3670,485,1.5645
46.3713,486,1.5677
46.3756,487,1.5710
46.3799,486,1.5677
46.3842,487,1.5710
46.3885,486,1.5677
46.3928,487,1.5710
46.3971,487,1.5710
46.4014,488,1.5742
46.4057,490,1.5806
46.4101,490,1.5806
46.4145,491,1.5839
46.4188,492,1.5871
46.4231,493,1.5903
46.4274,493,1.5903
46.4318,494,1.5935
46.4361,494,1.5935
46.4404,495,1.5968
46.4448,494,1.5935
46.4491,497,1.6032
46.4534,498,1.6065
46.4578,497,1.6032
46.4621,497,1.6032
46.4664,498,1.6065
46.4708,498,1.6065
46.4751,499,1.6097
46.4794,500,1.6129
46.4838,499,1.6097
46.4881,498,1.6065
46.4924,499,1.6097
46.4968,500,1.6129
46.5012,499,1.6097
46.5055,500,1.6129
46.5098,501,1.6161
46.5142,502,1.6194
46.5184,504,1.6258
46.5227,503,1.6226
46.5270,503,1.6226
46.5313,502,1.6194
46.5356,503,1.6226
46.5445,505,1.6290
46.5489,505,1.6290
46.5532,505,1.6290
46.5575,507,1.6355
46.5618,509,1.6419
46.5661,517,1.6677
46.5704,523,1.6871
46.5747,529,1.7065
46.5790,536,1.7290
46.5833,541,1.7452
46.5876,544,1.7548
46.5919,547,1.7645
46.5962,551,1.7774
46.6005,551,1.7774
46.6047,549,1.7710
46.6091,545,1.7581
46.6133,539,1.7387
46.6177,533,1.7194
46.6220,528,1.7032
46.6262,520,1.6774
46.6305,512,1.6516
46.6348,506,1.6323
46.6391,502,1.6194
46.6434,501,1.6161
46.6477,501,1.6161
46.6520,502,1.6194
46.6563,502,1.6194
46.6606,502,1.6194
46.6649,501,1.6161
46.6692,503,1.6226
46.6735,503,1.6226
46.6778,504,1.6258
46.6821,504,1.6258
46.6864,505,1.6290
46.6907,504,1.6258
46.6950,504,1.6258
46.6993,504,1.6258
46.7036,505,1.6290
46.7079,506,1.6323
46.7122,503,1.6226
46.7166,497,1.6032
46.7209,482,1.5548
46.7252,467,1.5065
46.7296,469,1.5129
46.7339,503,1.6226
46.7382,567,1.8290
46.7426,652,2.1032
46.7469,744,2.4000
46.7512,809,2.6097
46.7556,816,2.6323
46.7600,757,2.4419
46.7643,672,2.1677
46.7686,575,1.8548
46.7729,502,1.6194
46.7773,463,1.4935
46.7816,448,1.4452
46.7860,453,1.4613
46.7903,466,1.5032
46.7946,477,1.5387
46.7989,482,1.5548
46.8034,486,1.5677
46.8077,486,1.5677
46.8120,485,1.5645
46.8163,487,1.5710
46.8206,486,1.5677
46.8249,488,1.5742
46.8292,489,1.5774
46.8335,490,1.5806
46.8378,490,1.5806
46.8421,491,1.5839
46.8464,490,1.5806
46.8507,491,1.5839
46.8550,492,1.5871
46.8593,493,1.5903
46.8636,494,1.5935
46.8679,495,1.5968
46.8722,495,1.5968
46.8765,496,1.6000
46.8809,496,1.6000
46.8853,495,1.5968
46.8897,497,1.6032
46.8940,497,1.6032
46.8983,497,1.6032
46.9026,497,1.6032
46.9069,497,1.6032
46.9112,499,1.6097
46.9156,502,1.6194
46.9199,508,1.6387
46.9243,514,1.6581
46.9286,521,1.6806
46.9330,529,1.7065
46.9373,535,1.7258
46.9417,542,1.7484
46.9460,549,1.7710
46.9503,555,1.7903
46.9547,560,1.8065
46.9590,564,1.8194
46.9633,568,1.8323
46.9677,571,1.8419
46.9720,574,1.8516
46.9763,578,1.8645
46.9807,579,1.8677
46.9850,580,1.8710
46.9893,577,1.8613
46.9937,578,1.8645
46.9980,576,1.8581
47.0023,573,1.8484
47.0067,570,1.8387
47.0110,565,1.8226
47.0153,560,1.8065
47.0196,554,1.7871
47.0239,549,1.7710
47.0282,542,1.7484
47.0325,535,1.7258
47.0368,529,1.7065
47.0411,521,1.6806
47.0454,514,1.6581
47.0497,507,1.6355
47.0540,500,1.6129
47.0582,494,1.5935
47.0625,488,1.5742
47.0668,483,1.5581
47.0712,478,1.5419
47.0754,477,1.5387
47.0797,477,1.5387
47.0840,479,1.5452
47.0883,480,1.5484
47.0926,480,1.5484
47.0969,480,1.5484
47.1012,481,1.5516
47.1055,481,1.5516
47.1098,482,1.5548
47.1142,484,1.5613
47.1185,484,1.5613
47.1228,485,1.5645
47.1272,486,1.5677
47.1315,486,1.5677
47.1358,488,1.5742
47.1402,489,1.5774
47.1445,488,1.5742
47.1488,487,1.5710
47.1532,489,1.5774
47.1575,489,1.5774
47.1618,491,1.5839
47.1662,491,1.5839
47.1705,491,1.5839
47.1749,493,1.5903
47.1792,492,1.5871
47.1837,493,1.5903
47.1881,494,1.5935
47.1925,495,1.5968
47.1969,495,1.5968
47.2012,496,1.6000
47.2055,498,1.6065
47.2098,497,1.6032
47.2142,498,1.6065
47.2184,497,1.6032
47.2227,498,1.6065
47.2270,499,1.6097
47.2313,499,1.6097
47.2356,499,1.6097
47.2400,500,1.6129
47.2443,501,1.6161
47.2486,501,1.6161
47.2529,501,1.6161
47.2572,501,1.6161
47.2614,501,1.6161
47.2657,502,1.6194
47.2701,503,1.6226
47.2744,503,1.6226
47.2787,504,1.6258
47.2830,504,1.6258
47.2873,504,1.6258
47.2916,505,1.6290
47.2959,504,1.6258
47.3002,507,1.6355
47.3045,507,1.6355
47.3088,507,1.6355
47.3132,512,1.6516
47.3175,519,1.6742
47.3219,527,1.7000
47.3262,534,1.7226
47.3305,540,1.7419
47.3349,545,1.7581
47.3392,550,1.7742
47.3436,550,1.7742
47.3479,550,1.7742
47.3522,550,1.7742
47.3566,548,1.7677
47.3609,543,1.7516
47.3652,536,1.7290
47.3696,530,1.7097
47.3739,523,1.6871
47.3782,516,1.6645
47.3826,507,1.6355
47.3869,502,1.6194
47.3912,500,1.6129
47.3955,500,1.6129
47.3999,500,1.6129
47.4043,500,1.6129
47.4086,500,1.6129
47.4129,501,1.6161
47.4173,502,1.6194
47.4216,501,1.6161
47.4259,502,1.6194
47.4301,502,1.6194
47.4344,503,1.6226
47.4387,504,1.6258
47.4430,505,1.6290
47.4473,506,1.6323
47.4516,505,1.6290
47.4559,504,1.6258
47.4602,503,1.6226
47.4645,500,1.6129
47.4688,490,1.5806
47.4731,475,1.5323
47.4774,466,1.5032
47.4817,482,1.5548
47.4860,530,1.7097
47.4903,605,1.9516
47.4946,694,2.2387
47.4988,777,2.5065
47.5032,822,2.6516
47.5074,800,2.5806
47.5117,727,2.3452
47.5161,634,2.0452
47.5204,543,1.7516
47.5247,485,1.5645
47.5291,458,1.4774
47.5334,452,1.4581
47.5377,462,1.4903
47.5421,475,1.5323
47.5464,483,1.5581
47.5507,486,1.5677
47.5550,487,1.5710
47.5594,487,1.5710
47.5637,488,1.5742
47.5681,488,1.5742
47.5724,489,1.5774
47.5767,487,1.5710
47.5810,488,1.5742
47.5854,488,1.5742
47.5897,489,1.5774
47.5940,491,1.5839
47.5984,491,1.5839
47.6027,491,1.5839
47.6070,491,1.5839
47.6115,493,1.5903
47.6158,493,1.5903
47.6202,494,1.5935
47.6245,495,1.5968
47.6288,495,1.5968
47.6330,496,1.6000
47.6373,495,1.5968
47.6416,495,1.5968
47.6459,496,1.6000
47.6502,497,1.6032
47.6545,497,1.6032
47.6588,498,1.6065
47.6631,500,1.6129
47.6674,504,1.6258
47.6717,510,1.6452
47.6760,516,1.6645
47.6803,524,1.6903
47.6846,529,1.7065
47.6889,536,1.7290
47.6932,544,1.7548
47.6975,551,1.7774
47.7018,556,1.7935
47.7061,560,1.8065
47.7104,566,1.8258
47.7147,568,1.8323
47.7190,571,1.8419
47.7233,574,1.8516
47.7277,577,1.8613
47.7320,579,1.8677
47.7364,580,1.8710
47.7407,577,1.8613
47.7450,575,1.8548
47.7494,573,1.8484
47.7537,570,1.8387
47.7580,566,1.8258
47.7623,562,1.8129
47.7667,557,1.7968
47.7710,551,1.7774
47.7754,545,1.7581
47.7797,539,1.7387
47.7842,532,1.7161
47.7887,525,1.6935
47.7930,518,1.6710
47.7973,511,1.6484
47.8017,504,1.6258
47.8060,497,1.6032
47.8103,490,1.5806
47.8147,485,1.5645
47.8190,480,1.5484
47.8233,477,1.5387
47.8276,477,1.5387
47.8319,477,1.5387
47.8362,479,1.5452
47.8405,480,1.5484
47.8448,481,1.5516
47.8491,481,1.5516
47.8535,482,1.5548
47.8578,482,1.5548
47.8620,483,1.5581
47.8663,485,1.5645
47.8707,486,1.5677
47.8750,487,1.5710
47.8793,486,1.5677
47.8835,487,1.5710
47.8878,488,1.5742
47.8921,488,1.5742
47.8964,489,1.5774
47.9007,489,1.5774
47.9050,489,1.5774
47.9093,490,1.5806
47.9138,491,1.5839
47.9182,492,1.5871
47.9225,492,1.5871
47.9269,493,1.5903
47.9312,493,1.5903
47.9355,493,1.5903
47.9399,495,1.5968
47.9442,496,1.6000
47.9485,496,1.6000
47.9529,496,1.6000
47.9572,495,1.5968
47.9615,497,1.6032
47.9658,497,1.6032
47.9702,498,1.6065
47.9745,499,1.6097
47.9789,499,1.6097
47.9832,498,1.6065
47.9875,499,1.6097
47.9918,499,1.6097
47.9962,500,1.6129
48.0005,500,1.6129
48.0048,500,1.6129
48.0092,499,1.6097
48.0135,499,1.6097
48.0178,501,1.6161
48.0222,501,1.6161
48.0265,501,1.6161
48.0307,503,1.6226
48.0351,504,1.6258
48.0394,504,1.6258
48.0437,504,1.6258
48.0480,504,1.6258
48.0523,504,1.6258
48.0566,505,1.6290
48.0609,509,1.6419
48.0652,514,1.6581
48.0695,522,1.6839
48.0738,529,1.7065
48.0781,537,1.7323
48.0825,542,1.7484
48.0869,547,1.7645
48.0913,551,1.7774
48.0956,553,1.7839
48.0999,554,1.7871
48.1042,550,1.7742
48.1085,547,1.7645
48.1128,541,1.7452
48.1171,535,1.7258
48.1214,527,1.7000
48.1257,519,1.6742
48.1300,512,1.6516
48.1343,506,1.6323
48.1386,502,1.6194
48.1429,500,1.6129
48.1472,500,1.6129
48.1515,501,1.6161
48.1558,500,1.6129
48.1601,501,1.6161
48.1645,501,1.6161
48.1687,501,1.6161
48.1730,503,1.6226
48.1773,504,1.6258
48.1816,504,1.6258
48.1859,504,1.6258
48.1902,504,1.6258
48.1945,506,1.6323
48.1988,507,1.6355
48.2031,508,1.6387
48.2074,507,1.6355
48.2117,505,1.6290
48.2161,501,1.6161
48.2204,486,1.5677
48.2248,468,1.5097
48.2291,466,1.5032
48.2334,496,1.6000
48.2378,557,1.7968
48.2421,638,2.0581
48.2464,729,2.3516
48.2508,803,2.5903
48.2551,818,2.6387
48.2594,770,2.4839
48.2638,684,2.2065
48.2681,588,1.8968
48.2724,509,1.6419
48.2768,466,1.5032
48.2811,450,1.4516
48.2854,450,1.4516
48.2898,464,1.4968
48.2941,477,1.5387
48.2984,483,1.5581
48.3028,485,1.5645
48.3071,486,1.5677
48.3114,486,1.5677
48.3165,487,1.5710
48.3208,487,1.5710
48.3252,487,1.5710
48.3295,488,1.5742
48.3338,490,1.5806
48.3381,491,1.5839
48.3423,490,1.5806
48.3466,490,1.5806
48.3509,492,1.5871
48.3552,493,1.5903
48.3595,493,1.5903
48.3638,494,1.5935
48.3681,494,1.5935
48.3724,494,1.5935
48.3767,495,1.5968
48.3810,495,1.5968
48.3853,496,1.6000
48.3896,496,1.6000
48.3939,496,1.6000
48.3982,497,1.6032
48.4025,498,1.6065
48.4068,499,1.6097
48.4111,499,1.6097
48.4154,502,1.6194
48.4197,507,1.6355
48.4240,514,1.6581
48.4283,520,1.6774
48.4327,528,1.7032
48.4370,534,1.7226
48.4413,542,1.7484
48.4457,547,1.7645
48.4500,553,1.7839
48.4544,559,1.8032
48.4587,564,1.8194
48.4630,567,1.8290
48.4674,570,1.8387
48.4717,573,1.8484
48.4760,577,1.8613
48.4804,577,1.8613
48.4847,579,1.8677
48.4890,577,1.8613
48.4934,576,1.8581
48.4977,576,1.8581
48.5020,572,1.8452
48.5063,569,1.8355
48.5107,566,1.8258
48.5150,562,1.8129
48.5194,555,1.7903
48.5238,548,1.7677
48.5281,545,1.7581
48.5324,538,1.7355
48.5367,529,1.7065
48.5410,522,1.6839
48.5453,516,1.6645
48.5496,510,1.6452
48.5539,503,1.6226
48.5582,496,1.6000
48.5625,490,1.5806
48.5668,483,1.5581
48.5711,478,1.5419
48.5754,477,1.5387
48.5797,478,1.5419
48.5840,479,1.5452
48.5882,480,1.5484
48.5925,480,1.5484
48.5968,483,1.5581
48.6011,483,1.5581
48.6054,484,1.5613
48.6097,484,1.5613
48.6141,484,1.5613
48.6184,485,1.5645
48.6227,485,1.5645
48.6270,485,1.5645
48.6314,485,1.5645
48.6357,486,1.5677
48.6401,486,1.5677
48.6444,487,1.5710
48.6487,488,1.5742
48.6531,490,1.5806
48.6574,491,1.5839
48.6617,492,1.5871
48.6661,492,1.5871
48.6704,492,1.5871
48.6747,492,1.5871
48.6791,492,1.5871
48.6836,493,1.5903
48.6880,494,1.5935
48.6924,496,1.6000
48.6967,495,1.5968
48.7010,495,1.5968
48.7054,495,1.5968
48.7097,496,1.6000
48.7140,495,1.5968
48.7184,496,1.6000
48.7227,497,1.6032
48.7270,498,1.6065
48.7313,499,1.6097
48.7357,499,1.6097
48.7400,499,1.6097
48.7443,499,1.6097
48.7486,499,1.6097
48.7529,500,1.6129
48.7572,503,1.6226
48.7615,502,1.6194
48.7658,504,1.6258
48.7701,503,1.6226
48.7745,503,1.6226
48.7788,504,1.6258
48.7831,504,1.6258
48.7874,504,1.6258
48.7917,504,1.6258
48.7960,505,1.6290
48.8003,506,1.6323
48.8045,505,1.6290
48.8088,506,1.6323
48.8131,510,1.6452
48.8174,519,1.6742
48.8217,527,1.7000
48.8260,533,1.7194
48.8304,540,1.7419
48.8347,545,1.7581
48.8391,549,1.7710
48.8434,552,1.7806
48.8477,552,1.7806
48.8520,552,1.7806
48.8564,548,1.7677
48.8607,544,1.7548
48.8650,539,1.7387
48.8694,531,1.7129
48.8737,525,1.6935
48.8781,518,1.6710
48.8824,510,1.6452
48.8867,504,1.6258
48.8910,502,1.6194
48.8954,502,1.6194
48.8997,502,1.6194
48.9040,503,1.6226
48.9084,503,1.6226
48.9127,503,1.6226
48.9170,504,1.6258
48.9214,504,1.6258
48.9257,504,1.6258
48.9301,505,1.6290
48.9343,505,1.6290
48.9387,505,1.6290
48.9429,505,1.6290
48.9472,505,1.6290
48.9515,505,1.6290
48.9558,505,1.6290
48.9601,506,1.6323
48.9644,504,1.6258
48.9687,492,1.5871
48.9730,475,1.5323
48.9773,465,1.5000
48.9817,481,1.5516
48.9861,529,1.7065
48.9904,604,1.9484
48.9947,693,2.2355
48.9990,776,2.5032
49.0033,820,2.6452
49.0076,796,2.5677
49.0119,724,2.3355
49.0162,632,2.0387
49.0205,543,1.7516
49.0248,484,1.5613
49.0291,455,1.4677
49.0334,449,1.4484
49.0377,458,1.4774
49.0420,472,1.5226
49.0463,481,1.5516
49.0506,486,1.5677
49.0548,486,1.5677
49.0591,486,1.5677
49.0634,487,1.5710
49.0677,488,1.5742
49.0720,488,1.5742
49.0763,488,1.5742
49.0806,489,1.5774
49.0850,489,1.5774
49.0893,490,1.5806
49.0936,490,1.5806
49.0979,491,1.5839
49.1023,492,1.5871
49.1065,493,1.5903
49.1108,493,1.5903
49.1151,493,1.5903
49.1194,494,1.5935
49.1237,494,1.5935
49.1280,494,1.5935
49.1324,495,1.5968
49.1367,496,1.6000
49.1410,495,1.5968
49.1453,496,1.6000
49.1496,496,1.6000
49.1539,496,1.6000
49.1582,496,1.6000
49.1625,498,1.6065
49.1668,501,1.6161
49.1711,507,1.6355
49.1754,515,1.6613
49.1801,523,1.6871
49.1845,531,1.7129
49.1888,536,1.7290
49.1931,542,1.7484
49.1974,548,1.7677
49.2017,553,1.7839
49.2060,560,1.8065
49.2103,564,1.8194
49.2146,567,1.8290
49.2191,571,1.8419
49.2234,574,1.8516
49.2277,577,1.8613
49.2320,577,1.8613
49.2363,578,1.8645
49.2406,577,1.8613
49.2450,577,1.8613
49.2493,575,1.8548
49.2535,572,1.8452
49.2578,570,1.8387
49.2621,564,1.8194
49.2665,560,1.8065
49.2708,553,1.7839
49.2750,548,1.7677
49.2793,540,1.7419
49.2837,535,1.7258
49.2880,528,1.7032
49.2923,520,1.6774
49.2966,513,1.6548
49.3009,508,1.6387
49.3052,502,1.6194
49.3095,495,1.5968
49.3138,488,1.5742
49.3181,481,1.5516
49.3224,477,1.5387
49.3269,476,1.5355
49.3313,478,1.5419
49.3356,478,1.5419
49.3399,480,1.5484
49.3442,480,1.5484
49.3485,481,1.5516
49.3528,483,1.5581
49.3571,484,1.5613
49.3614,484,1.5613
49.3662,485,1.5645
49.3705,485,1.5645
49.3748,485,1.5645
49.3791,486,1.5677
49.3834,485,1.5645
49.3877,488,1.5742
49.3920,487,1.5710
49.3963,489,1.5774
49.4006,489,1.5774
49.4049,488,1.5742
49.4092,488,1.5742
49.4135,489,1.5774
49.4178,491,1.5839
49.4221,492,1.5871
49.4264,493,1.5903
49.4307,492,1.5871
49.4351,493,1.5903
49.4394,494,1.5935
49.4437,494,1.5935
49.4480,496,1.6000
49.4523,495,1.5968
49.4566,494,1.5935
49.4609,494,1.5935
49.4652,494,1.5935
49.4695,496,1.6000
49.4738,496,1.6000
49.4781,499,1.6097
49.4824,498,1.6065
49.4867,499,1.6097
49.4911,498,1.6065
49.4953,499,1.6097
49.4996,499,1.6097
49.5039,500,1.6129
49.5082,501,1.6161
49.5126,501,1.6161
49.5168,501,1.6161
49.5211,500,1.6129
49.5254,500,1.6129
49.5298,500,1.6129
49.5341,501,1.6161
49.5384,503,1.6226
49.5427,503,1.6226
49.5470,504,1.6258
49.5513,505,1.6290
49.5556,505,1.6290
49.5600,508,1.6387
49.5643,514,1.6581
49.5686,521,1.6806
49.5729,527,1.7000
49.5772,534,1.7226
49.5817,540,1.7419
49.5866,546,1.7613
49.5910,550,1.7742
49.5953,551,1.7774
49.5996,550,1.7742
49.6039,548,1.7677
49.6082,544,1.7548
49.6125,540,1.7419
49.6170,534,1.7226
49.6213,527,1.7000
49.6256,520,1.6774
49.6299,512,1.6516
49.6342,505,1.6290
49.6385,501,1.6161
49.6428,499,1.6097
49.6471,502,1.6194
49.6514,503,1.6226
49.6558,504,1.6258
49.6601,504,1.6258
49.6644,504,1.6258
49.6687,503,1.6226
49.6730,503,1.6226
49.6773,504,1.6258
49.6816,505,1.6290
49.6859,505,1.6290
49.6902,505,1.6290
49.6945,506,1.6323
49.6988,506,1.6323
49.7031,507,1.6355
49.7074,508,1.6387
49.7117,506,1.6323
49.7160,499,1.6097
49.7203,485,1.5645
49.7246,469,1.5129
49.7289,467,1.5065
49.7341,504,1.6258
49.7385,567,1.8290
49.7428,650,2.0968
49.7471,741,2.3903
49.7514,808,2.6065
49.7557,816,2.6323
49.7600,761,2.4548
49.7643,674,2.1742
49.7686,580,1.8710
49.7729,506,1.6323
49.7772,466,1.5032
49.7815,452,1.4581
49.7859,454,1.4645
49.7901,466,1.5032
49.7949,479,1.5452
49.7992,484,1.5613
49.8035,486,1.5677
49.8078,486,1.5677
49.8121,487,1.5710
49.8164,487,1.5710
49.8207,487,1.5710
49.8250,487,1.5710
49.8293,488,1.5742
49.8337,488,1.5742
49.8380,490,1.5806
49.8423,492,1.5871
49.8466,492,1.5871
49.8509,493,1.5903
49.8552,493,1.5903
49.8595,494,1.5935
49.8638,494,1.5935
49.8681,494,1.5935
49.8724,494,1.5935
49.8768,496,1.6000
49.8813,496,1.6000
49.8857,496,1.6000
49.8902,496,1.6000
49.8945,497,1.6032
49.8988,498,1.6065
49.9031,499,1.6097
49.9074,499,1.6097
49.9117,500,1.6129
49.9160,504,1.6258
49.9203,511,1.6484
49.9246,516,1.6645
49.9289,522,1.6839
49.9332,529,1.7065
49.9380,536,1.7290
49.9423,542,1.7484
49.9466,548,1.7677
49.9509,554,1.7871
49.9552,560,1.8065
49.9595,563,1.8161
49.9638,568,1.8323
49.9681,571,1.8419
49.9724,575,1.8548
49.9767,576,1.8581
49.9810,579,1.8677
49.9853,579,1.8677
49.9896,579,1.8677
49.9939,577,1.8613
49.9982,574,1.8516
50.0025,573,1.8484
50.0068,575,1.8548
50.0111,564,1.8194
50.0155,558,1.8000
50.0198,553,1.7839
50.0241,549,1.7710
50.0284,543,1.7516
50.0327,537,1.7323
50.0370,529,1.7065
50.0414,522,1.6839
50.0457,516,1.6645
50.0502,510,1.6452
50.0547,502,1.6194
50.0592,494,1.5935
50.0638,489,1.5774
50.0683,482,1.5548
50.0728,479,1.5452
50.0773,478,1.5419
50.0817,478,1.5419
50.0860,479,1.5452
50.0909,479,1.5452
50.0952,480,1.5484
50.0995,480,1.5484
50.1039,482,1.5548
50.1082,483,1.5581
50.1124,484,1.5613
50.1167,485,1.5645
50.1210,485,1.5645
50.1254,486,1.5677
50.1297,487,1.5710
50.1340,486,1.5677
50.1386,486,1.5677
50.1430,487,1.5710
50.1472,489,1.5774
50.1515,489,1.5774
50.1558,490,1.5806
50.1601,491,1.5839
50.1645,490,1.5806
50.1688,492,1.5871
50.1730,491,1.5839
50.1773,494,1.5935
50.1816,494,1.5935
50.1860,495,1.5968
50.1903,496,1.6000
50.1946,496,1.6000
50.1989,496,1.6000
50.2032,497,1.6032
50.2075,498,1.6065
50.2118,498,1.6065
50.2161,499,1.6097
50.2204,499,1.6097
50.2247,498,1.6065
50.2290,499,1.6097
50.2335,500,1.6129
50.2378,500,1.6129
50.2420,501,1.6161
50.2463,501,1.6161
50.2505,502,1.6194
50.2548,500,1.6129
50.2591,502,1.6194
50.2634,501,1.6161
50.2676,502,1.6194
50.2719,502,1.6194
50.2761,502,1.6194
50.2804,502,1.6194
50.2846,504,1.6258
50.2889,504,1.6258
50.2932,504,1.6258
50.2974,503,1.6226
50.3018,504,1.6258
50.3060,504,1.6258
50.3103,507,1.6355
50.3145,514,1.6581
50.3188,520,1.6774
50.3230,528,1.7032
50.3273,534,1.7226
50.3316,541,1.7452
50.3359,544,1.7548
50.3402,550,1.7742
50.3445,553,1.7839
50.3488,552,1.7806
50.3531,550,1.7742
50.3574,547,1.7645
50.3617,541,1.7452
50.3660,534,1.7226
50.3703,527,1.7000
50.3746,520,1.6774
50.3789,513,1.6548
50.3832,507,1.6355
50.3876,501,1.6161
50.3919,499,1.6097
50.3962,500,1.6129
50.4005,501,1.6161
50.4048,501,1.6161
50.4091,502,1.6194
50.4134,502,1.6194
50.4177,502,1.6194
50.4220,503,1.6226
50.4263,503,1.6226
50.4306,503,1.6226
50.4350,504,1.6258
50.4393,505,1.6290
50.4436,505,1.6290
50.4479,504,1.6258
50.4522,506,1.6323
50.4565,506,1.6323
50.4608,506,1.6323
50.4651,502,1.6194
50.4694,490,1.5806
50.4737,474,1.5290
50.4780,467,1.5065
50.4824,486,1.5677
50.4868,537,1.7323
50.4912,617,1.9903
50.4955,705,2.2742
50.4998,788,2.5419
50.5041,819,2.6419
50.5084,787,2.5387
50.5127,711,2.2935
50.5170,617,1.9903
50.5213,531,1.7129
50.5255,478,1.5419
50.5299,453,1.4613
50.5343,449,1.4484
50.5385,460,1.4839
50.5428,475,1.5323
50.5471,483,1.5581
50.5514,486,1.5677
50.5557,487,1.5710
50.5600,488,1.5742
50.5642,486,1.5677
50.5685,486,1.5677
50.5728,487,1.5710
50.5770,488,1.5742
50.5813,489,1.5774
50.5855,490,1.5806
50.5898,490,1.5806
50.5940,491,1.5839
50.5983,491,1.5839
50.6026,492,1.5871
50.6068,492,1.5871
50.6111,493,1.5903
50.6154,495,1.5968
50.6196,494,1.5935
50.6239,495,1.5968
50.6282,496,1.6000
50.6324,496,1.6000
50.6368,497,1.6032
50.6411,497,1.6032
50.6454,497,1.6032
50.6497,497,1.6032
50.6540,499,1.6097
50.6583,499,1.6097
50.6626,500,1.6129
50.6668,503,1.6226
50.6712,509,1.6419
50.6754,515,1.6613
50.6797,523,1.6871
50.6840,529,1.7065
50.6883,535,1.7258
50.6926,541,1.7452
50.6969,548,1.7677
50.7011,554,1.7871
50.7054,560,1.8065
50.7098,564,1.8194
50.7141,569,1.8355
50.7184,572,1.8452
50.7227,574,1.8516
50.7270,578,1.8645
50.7313,580,1.8710
50.7355,580,1.8710
50.7398,581,1.8742
50.7441,579,1.8677
50.7484,576,1.8581
50.7527,573,1.8484
50.7570,569,1.8355
50.7613,566,1.8258
50.7656,561,1.8097
50.7699,555,1.7903
50.7742,550,1.7742
50.7786,543,1.7516
50.7830,536,1.7290
50.7873,529,1.7065
50.7917,522,1.6839
50.7960,515,1.6613
50.8003,508,1.6387
50.8046,500,1.6129
50.8090,493,1.5903
50.8132,488,1.5742
50.8175,482,1.5548
50.8218,478,1.5419
50.8261,478,1.5419
50.8304,478,1.5419
50.8347,480,1.5484
50.8391,481,1.5516
50.8434,480,1.5484
50.8476,480,1.5484
50.8519,481,1.5516
50.8562,482,1.5548
50.8605,482,1.5548
50.8647,482,1.5548
50.8690,484,1.5613
50.8732,484,1.5613
50.8775,486,1.5677
50.8817,485,1.5645
50.8860,486,1.5677
50.8903,486,1.5677
50.8945,488,1.5742
50.8988,488,1.5742
50.9030,488,1.5742
50.9073,490,1.5806
50.9115,489,1.5774
50.9158,489,1.5774
50.9201,491,1.5839
50.9244,492,1.5871
50.9286,492,1.5871
50.9329,492,1.5871
50.9371,492,1.5871
50.9414,493,1.5903
50.9457,494,1.5935
50.9500,493,1.5903
50.9543,493,1.5903
50.9586,495,1.5968
50.9629,496,1.6000
50.9672,497,1.6032
50.9715,497,1.6032
50.9758,498,1.6065
50.9801,499,1.6097
50.9844,500,1.6129
50.9887,499,1.6097
50.9930,498,1.6065
50.9973,500,1.6129
51.0016,500,1.6129
51.0059,500,1.6129
51.0101,501,1.6161
51.0145,501,1.6161
51.0187,502,1.6194
51.0230,502,1.6194
51.0273,502,1.6194
51.0316,503,1.6226
51.0358,505,1.6290
51.0401,505,1.6290
51.0444,503,1.6226
51.0487,504,1.6258
51.0530,505,1.6290
51.0573,505,1.6290
51.0616,510,1.6452
51.0659,516,1.6645
51.0701,523,1.6871
51.0744,530,1.7097
51.0787,536,1.7290
51.0830,542,1.7484
51.0873,547,1.7645
51.0916,550,1.7742
51.0959,551,1.7774
51.1002,551,1.7774
51.1045,550,1.7742
51.1087,545,1.7581
51.1130,541,1.7452
51.1173,535,1.7258
51.1216,528,1.7032
51.1259,521,1.6806
51.1302,514,1.6581
51.1345,507,1.6355
51.1388,502,1.6194
51.1431,501,1.6161
51.1474,501,1.6161
51.1517,502,1.6194
51.1560,502,1.6194
51.1603,503,1.6226
51.1646,503,1.6226
51.1689,503,1.6226
51.1731,503,1.6226
51.1774,503,1.6226
51.1817,504,1.6258
51.1860,505,1.6290
51.1903,506,1.6323
51.1946,506,1.6323
51.1989,506,1.6323
51.2032,505,1.6290
51.2075,506,1.6323
51.2118,505,1.6290
51.2161,501,1.6161
51.2204,487,1.5710
51.2247,472,1.5226
51.2290,468,1.5097
51.2333,493,1.5903
51.2376,551,1.7774
51.2419,632,2.0387
51.2462,722,2.3290
51.2505,799,2.5774
51.2549,821,2.6484
51.2592,778,2.5097
51.2635,698,2.2516
51.2678,601,1.9387
51.2720,521,1.6806
51.2763,472,1.5226
51.2806,453,1.4613
51.2849,453,1.4613
51.2892,464,1.4968
51.2935,477,1.5387
51.2978,486,1.5677
51.3021,489,1.5774
51.3064,488,1.5742
51.3107,487,1.5710
51.3150,487,1.5710
51.3193,487,1.5710
51.3236,489,1.5774
51.3279,489,1.5774
51.3322,490,1.5806
51.3365,490,1.5806
51.3408,490,1.5806
51.3451,490,1.5806
51.3494,491,1.5839
51.3537,492,1.5871
51.3580,494,1.5935
51.3622,494,1.5935
51.3665,494,1.5935
51.3708,493,1.5903
51.3751,493,1.5903
51.3794,495,1.5968
51.3839,496,1.6000
51.3884,496,1.6000
51.3928,496,1.6000
51.3972,497,1.6032
51.4016,497,1.6032
51.4059,497,1.6032
51.4102,498,1.6065
51.4146,500,1.6129
51.4189,506,1.6323
51.4233,512,1.6516
51.4279,519,1.6742
51.4326,526,1.6968
51.4370,534,1.7226
51.4413,540,1.7419
51.4457,546,1.7613
51.4501,552,1.7806
51.4545,558,1.8000
51.4588,564,1.8194
51.4630,568,1.8323
51.4673,571,1.8419
51.4716,574,1.8516
51.4760,577,1.8613
51.4803,578,1.8645
51.4846,579,1.8677
51.4892,578,1.8645
51.4935,578,1.8645
51.4978,574,1.8516
51.5021,573,1.8484
51.5064,569,1.8355
51.5107,564,1.8194
51.5151,559,1.8032
51.5193,557,1.7968
51.5236,550,1.7742
51.5279,543,1.7516
51.5324,536,1.7290
51.5367,529,1.7065
51.5410,523,1.6871
51.5453,517,1.6677
51.5496,510,1.6452
51.5540,503,1.6226
51.5583,497,1.6032
51.5626,490,1.5806
51.5669,484,1.5613
51.5712,480,1.5484
51.5755,479,1.5452
51.5798,478,1.5419
51.5841,480,1.5484
51.5884,481,1.5516
51.5927,482,1.5548
51.5970,483,1.5581
51.6013,483,1.5581
51.6056,483,1.5581
51.6100,484,1.5613
51.6143,485,1.5645
51.6186,486,1.5677
51.6229,486,1.5677
51.6272,486,1.5677
51.6316,486,1.5677
51.6359,486,1.5677
51.6402,487,1.5710
51.6445,488,1.5742
51.6487,488,1.5742
51.6530,490,1.5806
51.6573,490,1.5806
51.6616,490,1.5806
51.6658,489,1.5774
51.6701,491,1.5839
51.6744,491,1.5839
51.6787,492,1.5871
51.6831,492,1.5871
51.6875,493,1.5903
51.6918,494,1.5935
51.6961,494,1.5935
51.7004,496,1.6000
51.7047,496,1.6000
51.7090,496,1.6000
51.7132,497,1.6032
51.7175,498,1.6065
51.7218,499,1.6097
51.7260,500,1.6129
51.7303,499,1.6097
51.7346,498,1.6065
51.7389,499,1.6097
51.7431,500,1.6129
51.7474,500,1.6129
51.7517,501,1.6161
51.7560,501,1.6161
51.7602,502,1.6194
51.7645,501,1.6161
51.7688,501,1.6161
51.7731,502,1.6194
51.7773,503,1.6226
51.7816,502,1.6194
51.7859,502,1.6194
51.7902,503,1.6226
51.7944,503,1.6226
51.7987,504,1.6258
51.8030,504,1.6258
51.8073,505,1.6290
51.8115,509,1.6419
51.8158,515,1.6613
51.8201,522,1.6839
51.8243,530,1.7097
51.8286,537,1.7323
51.8329,541,1.7452
51.8372,545,1.7581
51.8414,549,1.7710
51.8457,550,1.7742
51.8500,551,1.7774
51.8548,549,1.7710
51.8591,544,1.7548
51.8634,540,1.7419
51.8677,534,1.7226
51.8720,527,1.7000
51.8763,519,1.6742
51.8806,512,1.6516
51.8849,505,1.6290
51.8892,501,1.6161
51.8935,501,1.6161
51.8978,501,1.6161
51.9021,502,1.6194
51.9064,503,1.6226
51.9107,502,1.6194
51.9150,503,1.6226
51.9193,504,1.6258
51.9236,504,1.6258
51.9279,503,1.6226
51.9322,504,1.6258
51.9365,505,1.6290
51.9408,506,1.6323
51.9451,506,1.6323
51.9494,506,1.6323
51.9537,507,1.6355
51.9580,507,1.6355
51.9622,506,1.6323
51.9665,500,1.6129
51.9708,486,1.5677
51.9750,471,1.5194
51.9793,469,1.5129
51.9836,497,1.6032
51.9879,556,1.7935
51.9922,637,2.0548
51.9964,726,2.3419
52.0007,800,2.5806
52.0050,820,2.6452
52.0092,778,2.5097
52.0135,698,2.2516
52.0177,602,1.9419
52.0220,520,1.6774
52.0263,473,1.5258
52.0306,453,1.4613
52.0349,451,1.4548
52.0391,462,1.4903
52.0434,475,1.5323
52.0478,482,1.5548
52.0521,485,1.5645
52.0564,485,1.5645
52.0607,487,1.5710
52.0650,487,1.5710
52.0693,487,1.5710
52.0736,488,1.5742
52.0779,489,1.5774
52.0822,490,1.5806
52.0865,490,1.5806
52.0908,490,1.5806
52.0951,490,1.5806
52.0994,490,1.5806
52.1037,491,1.5839
52.1080,490,1.5806
52.1123,490,1.5806
52.1166,491,1.5839
52.1209,492,1.5871
52.1252,493,1.5903
52.1295,495,1.5968
52.1338,495,1.5968
52.1381,495,1.5968
52.1424,496,1.6000
52.1467,495,1.5968
52.1510,496,1.6000
52.1553,497,1.6032
52.1596,498,1.6065
52.1638,501,1.6161
52.1681,505,1.6290
52.1723,512,1.6516
52.1766,518,1.6710
52.1809,525,1.6935
52.1852,530,1.7097
52.1894,535,1.7258
52.1937,542,1.7484
52.1979,548,1.7677
52.2022,555,1.7903
52.2065,559,1.8032
52.2107,567,1.8290
52.2150,569,1.8355
52.2193,572,1.8452
52.2235,574,1.8516
52.2278,576,1.8581
52.2323,578,1.8645
52.2366,577,1.8613
52.2408,577,1.8613
52.2451,577,1.8613
52.2495,575,1.8548
52.2538,571,1.8419
52.2581,567,1.8290
52.2624,563,1.8161
52.2667,557,1.7968
52.2710,552,1.7806
52.2753,546,1.7613
52.2797,539,1.7387
52.2841,533,1.7194
52.2885,525,1.6935
52.2929,518,1.6710
52.2973,511,1.6484
52.3016,505,1.6290
52.3059,497,1.6032
52.3102,492,1.5871
52.3145,486,1.5677
52.3188,482,1.5548
52.3231,479,1.5452
52.3274,478,1.5419
52.3317,479,1.5452
52.3360,478,1.5419
52.3403,480,1.5484
52.3446,480,1.5484
52.3489,481,1.5516
52.3533,482,1.5548
52.3576,482,1.5548
52.3619,483,1.5581
52.3662,484,1.5613
52.3704,485,1.5645
52.3747,486,1.5677
52.3790,487,1.5710
52.3832,487,1.5710
52.3875,487,1.5710
52.3918,488,1.5742
52.3960,488,1.5742
52.4003,489,1.5774
52.4046,489,1.5774
52.4089,489,1.5774
52.4133,491,1.5839
52.4176,492,1.5871
52.4218,492,1.5871
52.4261,493,1.5903
52.4304,492,1.5871
52.4348,493,1.5903
52.4391,493,1.5903
52.4434,494,1.5935
52.4477,496,1.6000
52.4520,495,1.5968
52.4563,496,1.6000
52.4606,496,1.6000
52.4649,497,1.6032
52.4692,497,1.6032
52.4735,497,1.6032
52.4778,498,1.6065
52.4821,498,1.6065
52.4864,498,1.6065
52.4907,496,1.6000
52.4950,499,1.6097
52.4993,500,1.6129
52.5036,500,1.6129
52.5079,500,1.6129
52.5122,500,1.6129
52.5166,501,1.6161
52.5209,503,1.6226
52.5252,503,1.6226
52.5294,503,1.6226
52.5338,502,1.6194
52.5381,503,1.6226
52.5424,504,1.6258
52.5467,504,1.6258
52.5510,504,1.6258
52.5553,505,1.6290
52.5596,508,1.6387
52.5639,513,1.6548
52.5682,519,1.6742
52.5725,526,1.6968
52.5768,534,1.7226
52.5812,542,1.7484
52.5857,546,1.7613
52.5902,550,1.7742
52.5945,552,1.7806
52.5989,553,1.7839
52.6032,551,1.7774
52.6076,546,1.7613
52.6119,542,1.7484
52.6162,535,1.7258
52.6205,528,1.7032
52.6248,521,1.6806
52.6291,514,1.6581
52.6338,506,1.6323
52.6381,500,1.6129
52.6424,499,1.6097
52.6467,499,1.6097
52.6510,501,1.6161
52.6553,501,1.6161
52.6596,503,1.6226
52.6639,502,1.6194
52.6682,503,1.6226
52.6725,504,1.6258
52.6768,504,1.6258
52.6811,504,1.6258
52.6854,504,1.6258
52.6897,504,1.6258
52.6940,504,1.6258
52.6983,505,1.6290
52.7026,507,1.6355
52.7069,508,1.6387
52.7113,507,1.6355
52.7156,502,1.6194
52.7199,488,1.5742
52.7242,473,1.5258
52.7285,465,1.5000
52.7328,487,1.5710
52.7371,541,1.7452
52.7415,619,1.9968
52.7458,708,2.2839
52.7501,789,2.5452
52.7544,819,2.6419
52.7587,784,2.5290
52.7630,707,2.2806
52.7673,612,1.9742
52.7716,527,1.7000
52.7759,475,1.5323
52.7807,452,1.4581
52.7850,451,1.4548
52.7893,463,1.4935
52.7936,475,1.5323
52.7979,483,1.5581
52.8022,485,1.5645
52.8065,484,1.5613
52.8108,485,1.5645
52.8151,486,1.5677
52.8194,487,1.5710
52.8237,488,1.5742
52.8281,488,1.5742
52.8324,489,1.5774
52.8367,489,1.5774
52.8410,491,1.5839
52.8454,493,1.5903
52.8496,493,1.5903
52.8540,493,1.5903
52.8587,494,1.5935
52.8630,494,1.5935
52.8673,495,1.5968
52.8716,496,1.6000
52.8759,496,1.6000
52.8802,497,1.6032
52.8845,497,1.6032
52.8888,497,1.6032
52.8931,497,1.6032
52.8974,497,1.6032
52.9017,497,1.6032
52.9061,497,1.6032
52.9104,497,1.6032
52.9147,500,1.6129
52.9190,507,1.6355
52.9234,513,1.6548
52.9277,520,1.6774
52.9319,527,1.7000
52.9362,532,1.7161
52.9405,540,1.7419
52.9447,546,1.7613
52.9490,552,1.7806
52.9533,557,1.7968
52.9575,563,1.8161
52.9618,566,1.8258
52.9661,570,1.8387
52.9703,573,1.8484
52.9746,578,1.8645
52.9789,579,1.8677
52.9832,580,1.8710
52.9874,580,1.8710
52.9917,578,1.8645
52.9960,578,1.8645
53.0002,577,1.8613
53.0045,573,1.8484
53.0088,569,1.8355
53.0130,564,1.8194
53.0173,557,1.7968
53.0216,553,1.7839
53.0259,547,1.7645
53.0301,540,1.7419
53.0344,535,1.7258
53.0387,528,1.7032
53.0429,520,1.6774
53.0472,513,1.6548
53.0515,505,1.6290
53.0557,497,1.6032
53.0602,491,1.5839
53.0645,484,1.5613
53.0688,478,1.5419
53.0731,475,1.5323
53.0774,474,1.5290
53.0817,475,1.5323
53.0860,477,1.5387
53.0903,478,1.5419
53.0946,479,1.5452
53.0989,479,1.5452
53.1032,480,1.5484
53.1076,481,1.5516
53.1120,482,1.5548
53.1163,483,1.5581
53.1206,484,1.5613
53.1249,484,1.5613
53.1292,485,1.5645
53.1335,485,1.5645
53.1378,485,1.5645
53.1421,486,1.5677
53.1464,487,1.5710
53.1507,489,1.5774
53.1550,489,1.5774
53.1593,489,1.5774
53.1638,489,1.5774
53.1680,490,1.5806
53.1723,491,1.5839
53.1766,491,1.5839
53.1810,492,1.5871
53.1854,492,1.5871
53.1901,492,1.5871
53.1944,492,1.5871
53.1987,492,1.5871
53.2030,494,1.5935
53.2072,495,1.5968
53.2115,494,1.5935
53.2158,495,1.5968
53.2201,496,1.6000
53.2243,496,1.6000
53.2286,496,1.6000
53.2329,498,1.6065
53.2371,498,1.6065
53.2414,500,1.6129
53.2457,500,1.6129
53.2500,500,1.6129
53.2542,501,1.6161
53.2585,502,1.6194
53.2628,502,1.6194
53.2670,502,1.6194
53.2713,503,1.6226
53.2755,503,1.6226
53.2798,505,1.6290
53.2841,504,1.6258
53.2883,503,1.6226
53.2926,503,1.6226
53.2969,505,1.6290
53.3011,505,1.6290
53.3054,504,1.6258
53.3097,507,1.6355
53.3139,511,1.6484
53.3182,518,1.6710
53.3224,525,1.6935
53.3267,531,1.7129
53.3310,539,1.7387
53.3353,544,1.7548
53.3396,549,1.7710
53.3438,551,1.7774
53.3481,551,1.7774
53.3524,552,1.7806
53.3566,548,1.7677
53.3609,543,1.7516
53.3652,536,1.7290
53.3695,530,1.7097
53.3739,523,1.6871
53.3782,516,1.6645
53.3825,509,1.6419
53.3868,504,1.6258
53.3911,502,1.6194
53.3954,501,1.6161
53.3997,503,1.6226
53.4040,503,1.6226
53.4083,502,1.6194
53.4125,503,1.6226
53.4168,503,1.6226
53.4212,503,1.6226
53.4255,504,1.6258
53.4298,504,1.6258
53.4341,505,1.6290
53.4384,504,1.6258
53.4426,505,1.6290
53.4469,505,1.6290
53.4513,506,1.6323
53.4556,506,1.6323
53.4600,507,1.6355
53.4643,504,1.6258
53.4686,494,1.5935
53.4729,477,1.5387
53.4772,465,1.5000
53.4815,480,1.5484
53.4860,525,1.6935
53.4904,599,1.9323
53.4947,688,2.2194
53.4990,773,2.4935
53.5034,820,2.6452
53.5077,800,2.5806
53.5120,731,2.3581
53.5163,638,2.0581
53.5206,547,1.7645
53.5249,486,1.5677
53.5292,455,1.4677
53.5335,448,1.4452
53.5378,456,1.4710
53.5421,470,1.5161
53.5464,481,1.5516
53.5507,485,1.5645
53.5550,485,1.5645
53.5594,487,1.5710
53.5638,488,1.5742
53.5680,489,1.5774
53.5723,488,1.5742
53.5766,489,1.5774
53.5808,489,1.5774
53.5851,491,1.5839
53.5894,492,1.5871
53.5937,491,1.5839
53.5979,492,1.5871
53.6022,493,1.5903
53.6065,494,1.5935
53.6107,494,1.5935
53.6150,495,1.5968
53.6196,496,1.6000
53.6239,495,1.5968
53.6282,496,1.6000
53.6324,497,1.6032
53.6367,497,1.6032
53.6409,497,1.6032
53.6452,497,1.6032
53.6495,496,1.6000
53.6537,497,1.6032
53.6580,497,1.6032
53.6623,498,1.6065
53.6666,503,1.6226
53.6709,508,1.6387
53.6752,514,1.6581
53.6795,522,1.6839
53.6838,529,1.7065
53.6881,535,1.7258
53.6924,541,1.7452
53.6967,547,1.7645
53.7011,554,1.7871
53.7054,558,1.8000
53.7096,563,1.8161
53.7139,567,1.8290
53.7182,571,1.8419
53.7225,574,1.8516
53.7268,577,1.8613
53.7311,579,1.8677
53.7354,580,1.8710
53.7397,580,1.8710
53.7440,578,1.8645
53.7483,576,1.8581
53.7526,573,1.8484
53.7569,570,1.8387
53.7612,565,1.8226
53.7656,561,1.8097
53.7700,556,1.7935
53.7742,550,1.7742
53.7786,542,1.7484
53.7830,535,1.7258
53.7873,529,1.7065
53.7916,522,1.6839
53.7960,515,1.6613
53.8003,507,1.6355
53.8047,501,1.6161
53.8090,495,1.5968
53.8133,490,1.5806
53.8177,484,1.5613
53.8220,480,1.5484
53.8264,479,1.5452
53.8307,479,1.5452
53.8351,479,1.5452
53.8395,480,1.5484
53.8438,481,1.5516
53.8481,481,1.5516
53.8523,484,1.5613
53.8566,484,1.5613
53.8609,484,1.5613
53.8652,484,1.5613
53.8695,484,1.5613
53.8737,485,1.5645
53.8780,486,1.5677
53.8823,487,1.5710
53.8865,488,1.5742
53.8908,489,1.5774
53.8951,489,1.5774
53.8994,490,1.5806
53.9036,491,1.5839
53.9079,492,1.5871
53.9122,493,1.5903
53.9165,493,1.5903
53.9207,492,1.5871
53.9250,493,1.5903
53.9293,492,1.5871
53.9335,491,1.5839
53.9378,493,1.5903
53.9421,493,1.5903
53.9463,494,1.5935
53.9506,495,1.5968
53.9548,496,1.6000
53.9591,497,1.6032
53.9634,496,1.6000
53.9678,497,1.6032
53.9720,498,1.6065
53.9763,498,1.6065
53.9806,499,1.6097
53.9849,500,1.6129
53.9892,501,1.6161
53.9935,500,1.6129
53.9978,500,1.6129
54.0021,499,1.6097
54.0064,500,1.6129
54.0108,500,1.6129
54.0151,502,1.6194
54.0194,503,1.6226
54.0237,504,1.6258
54.0280,503,1.6226
54.0323,504,1.6258
54.0366,505,1.6290
54.0409,505,1.6290
54.0452,505,1.6290
54.0495,506,1.6323
54.0538,506,1.6323
54.0581,508,1.6387
54.0624,511,1.6484
54.0668,517,1.6677
54.0711,524,1.6903
54.0753,531,1.7129
54.0797,538,1.7355
54.0841,543,1.7516
54.0885,546,1.7613
54.0929,551,1.7774
54.0972,551,1.7774
54.1015,551,1.7774
54.1059,549,1.7710
54.1102,544,1.7548
54.1145,539,1.7387
54.1188,530,1.7097
54.1231,525,1.6935
54.1274,517,1.6677
54.1317,510,1.6452
54.1360,503,1.6226
54.1403,501,1.6161
54.1446,500,1.6129
54.1489,501,1.6161
54.1532,500,1.6129
54.1575,502,1.6194
54.1618,503,1.6226
54.1661,502,1.6194
54.1703,503,1.6226
54.1746,504,1.6258
54.1788,504,1.6258
54.1831,505,1.6290
54.1874,505,1.6290
54.1917,505,1.6290
54.1959,505,1.6290
54.2002,506,1.6323
54.2045,505,1.6290
54.2088,505,1.6290
54.2131,503,1.6226
54.2173,496,1.6000
54.2216,482,1.5548
54.2259,467,1.5065
54.2301,470,1.5161
54.2344,503,1.6226
54.2387,565,1.8226
54.2429,648,2.0903
54.2472,738,2.3806
54.2515,805,2.5968
54.2558,816,2.6323
54.2601,766,2.4710
54.2644,682,2.2000
54.2687,585,1.8871
54.2730,509,1.6419
54.2773,468,1.5097
54.2816,452,1.4581
54.2858,453,1.4613
54.2901,465,1.5000
54.2944,476,1.5355
54.2987,483,1.5581
54.3029,485,1.5645
54.3072,485,1.5645
54.3114,487,1.5710
54.3157,486,1.5677
54.3200,487,1.5710
54.3243,488,1.5742
54.3285,490,1.5806
54.3327,490,1.5806
54.3370,491,1.5839
54.3413,490,1.5806
54.3455,491,1.5839
54.3498,490,1.5806
54.3541,492,1.5871
54.3583,492,1.5871
54.3626,493,1.5903
54.3669,493,1.5903
54.3713,493,1.5903
54.3756,494,1.5935
54.3801,495,1.5968
54.3846,495,1.5968
54.3891,494,1.5935
54.3935,495,1.5968
54.3979,496,1.6000
54.4023,497,1.6032
54.4066,497,1.6032
54.4109,499,1.6097
54.4153,502,1.6194
54.4201,509,1.6419
54.4245,514,1.6581
54.4288,521,1.6806
54.4331,529,1.7065
54.4375,536,1.7290
54.4418,543,1.7516
54.4462,549,1.7710
54.4505,554,1.7871
54.4548,558,1.8000
54.4592,563,1.8161
54.4635,568,1.8323
54.4679,572,1.8452
54.4722,574,1.8516
54.4765,578,1.8645
54.4808,579,1.8677
54.4851,581,1.8742
54.4894,579,1.8677
54.4937,577,1.8613
54.4985,574,1.8516
54.5028,572,1.8452
54.5071,569,1.8355
54.5114,564,1.8194
54.5157,560,1.8065
54.5201,555,1.7903
54.5244,550,1.7742
54.5287,543,1.7516
54.5331,536,1.7290
54.5374,530,1.7097
54.5417,522,1.6839
54.5460,516,1.6645
54.5503,509,1.6419
54.5546,501,1.6161
54.5589,494,1.5935
54.5632,489,1.5774
54.5675,483,1.5581
54.5718,478,1.5419
54.5761,477,1.5387
54.5804,477,1.5387
54.5847,477,1.5387
54.5890,479,1.5452
54.5933,479,1.5452
54.5976,480,1.5484
54.6019,481,1.5516
54.6062,482,1.5548
54.6105,482,1.5548
54.6148,483,1.5581
54.6191,486,1.5677
54.6235,487,1.5710
54.6278,486,1.5677
54.6323,486,1.5677
54.6367,487,1.5710
54.6410,487,1.5710
54.6452,488,1.5742
54.6495,489,1.5774
54.6538,490,1.5806
54.6580,491,1.5839
54.6623,491,1.5839
54.6666,491,1.5839
54.6708,491,1.5839
54.6751,493,1.5903
54.6793,493,1.5903
54.6836,493,1.5903
54.6879,494,1.5935
54.6921,493,1.5903
54.6964,494,1.5935
54.7006,495,1.5968
54.7049,496,1.6000
54.7092,495,1.5968
54.7134,495,1.5968
54.7177,496,1.6000
54.7220,496,1.6000
54.7262,497,1.6032
54.7305,497,1.6032
54.7347,497,1.6032
54.7390,497,1.6032
54.7433,498,1.6065
54.7476,498,1.6065
54.7518,499,1.6097
54.7561,499,1.6097
54.7604,500,1.6129
54.7646,502,1.6194
54.7689,501,1.6161
54.7732,501,1.6161
54.7774,502,1.6194
54.7817,503,1.6226
54.7860,503,1.6226
54.7903,503,1.6226
54.7946,504,1.6258
54.7989,504,1.6258
54.8032,505,1.6290
54.8075,506,1.6323
54.8118,508,1.6387
54.8161,514,1.6581
54.8204,522,1.6839
54.8247,529,1.7065
54.8290,537,1.7323
54.8333,544,1.7548
54.8376,549,1.7710
54.8419,552,1.7806
54.8462,551,1.7774
54.8505,550,1.7742
54.8548,550,1.7742
54.8591,547,1.7645
54.8634,540,1.7419
54.8677,534,1.7226
54.8720,526,1.6968
54.8762,520,1.6774
54.8806,513,1.6548
54.8849,505,1.6290
54.8892,501,1.6161
54.8935,501,1.6161
54.8977,500,1.6129
54.9020,501,1.6161
54.9064,501,1.6161
54.9107,501,1.6161
54.9150,502,1.6194
54.9193,502,1.6194
54.9237,503,1.6226
54.9280,503,1.6226
54.9322,504,1.6258
54.9366,504,1.6258
54.9409,504,1.6258
54.9452,504,1.6258
54.9496,505,1.6290
54.9539,505,1.6290
54.9582,506,1.6323
54.9626,505,1.6290
54.9669,499,1.6097
54.9712,484,1.5613
54.9756,467,1.5065
54.9800,468,1.5097
54.9844,502,1.6194
54.9889,568,1.8323
54.9933,654,2.1097
54.9976,744,2.4000
55.0018,810,2.6129
55.0061,816,2.6323
55.0104,761,2.4548
55.0147,676,2.1806
55.0190,580,1.8710
55.0234,506,1.6323
55.0277,465,1.5000
55.0320,449,1.4484
55.0363,453,1.4613
55.0406,467,1.5065
55.0454,479,1.5452
55.0498,485,1.5645
55.0560,485,1.5645
55.0605,487,1.5710
55.0650,486,1.5677
55.0698,487,1.5710
55.0742,487,1.5710
55.0786,488,1.5742
55.0828,489,1.5774
55.0871,490,1.5806
55.0913,491,1.5839
55.0956,491,1.5839
55.0998,491,1.5839
55.1040,490,1.5806
55.1083,491,1.5839
55.1125,492,1.5871
55.1168,493,1.5903
55.1210,494,1.5935
55.1253,495,1.5968
55.1295,496,1.6000
55.1338,495,1.5968
55.1380,496,1.6000
55.1423,496,1.6000
55.1465,497,1.6032
55.1508,497,1.6032
55.1550,499,1.6097
55.1593,498,1.6065
55.1635,500,1.6129
55.1677,503,1.6226
55.1720,510,1.6452
55.1763,517,1.6677
55.1806,523,1.6871
55.1849,531,1.7129
55.1891,537,1.7323
55.1934,543,1.7516
55.1977,549,1.7710
55.2020,554,1.7871
55.2063,560,1.8065
55.2106,566,1.8258
55.2149,570,1.8387
55.2192,574,1.8516
55.2236,577,1.8613
55.2278,579,1.8677
55.2321,577,1.8613
55.2364,579,1.8677
55.2407,578,1.8645
55.2450,578,1.8645
55.2493,576,1.8581
55.2536,573,1.8484
55.2579,570,1.8387
55.2622,566,1.8258
55.2665,559,1.8032
55.2708,554,1.7871
55.2751,547,1.7645
55.2794,541,1.7452
55.2838,535,1.7258
55.2882,527,1.7000
55.2926,519,1.6742
55.2969,513,1.6548
55.3012,506,1.6323
55.3055,500,1.6129
55.3098,494,1.5935
55.3141,487,1.5710
55.3183,482,1.5548
55.3227,479,1.5452
55.3270,479,1.5452
55.3313,479,1.5452
55.3356,481,1.5516
55.3400,481,1.5516
55.3443,480,1.5484
55.3485,481,1.5516
55.3528,482,1.5548
55.3571,483,1.5581
55.3614,483,1.5581
55.3657,484,1.5613
55.3700,485,1.5645
55.3743,486,1.5677
55.3786,486,1.5677
55.3829,488,1.5742
55.3875,488,1.5742
55.3918,489,1.5774
55.3961,488,1.5742
55.4004,489,1.5774
55.4046,489,1.5774
55.4089,490,1.5806
55.4132,491,1.5839
55.4175,492,1.5871
55.4217,493,1.5903
55.4260,494,1.5935
55.4302,494,1.5935
55.4345,493,1.5903
55.4388,495,1.5968
55.4430,495,1.5968
55.4473,496,1.6000
55.4516,497,1.6032
55.4558,497,1.6032
55.4601,498,1.6065
55.4644,498,1.6065
55.4687,498,1.6065
55.4730,497,1.6032
55.4773,498,1.6065
55.4817,499,1.6097
55.4859,500,1.6129
55.4902,498,1.6065
55.4945,499,1.6097
55.4988,500,1.6129
55.5031,500,1.6129
55.5074,501,1.6161
55.5117,501,1.6161
55.5160,501,1.6161
55.5203,503,1.6226
55.5246,504,1.6258
55.5289,504,1.6258
55.5332,504,1.6258
55.5375,505,1.6290
55.5418,504,1.6258
55.5462,505,1.6290
55.5504,506,1.6323
55.5547,506,1.6323
55.5590,507,1.6355
55.5633,511,1.6484
55.5676,517,1.6677
55.5719,524,1.6903
55.5762,531,1.7129
55.5805,538,1.7355
55.5848,544,1.7548
55.5891,548,1.7677
55.5934,551,1.7774
55.5977,551,1.7774
55.6020,551,1.7774
55.6063,546,1.7613
55.6106,540,1.7419
55.6149,536,1.7290
55.6192,529,1.7065
55.6235,524,1.6903
55.6278,517,1.6677
55.6321,508,1.6387
55.6364,503,1.6226
55.6407,499,1.6097
55.6450,499,1.6097
55.6493,499,1.6097
55.6536,501,1.6161
55.6579,503,1.6226
55.6621,502,1.6194
55.6664,503,1.6226
55.6707,503,1.6226
55.6750,502,1.6194
55.6794,503,1.6226
55.6836,503,1.6226
55.6879,503,1.6226
55.6922,505,1.6290
55.6965,505,1.6290
55.7008,504,1.6258
55.7051,504,1.6258
55.7094,506,1.6323
55.7137,504,1.6258
55.7180,496,1.6000
55.7223,480,1.5484
55.7266,466,1.5032
55.7309,473,1.5258
55.7352,511,1.6484
55.7395,578,1.8645
55.7438,665,2.1452
55.7481,757,2.4419
55.7524,816,2.6323
55.7567,814,2.6258
55.7610,754,2.4323
55.7653,664,2.1419
55.7696,570,1.8387
55.7739,500,1.6129
55.7782,462,1.4903
55.7825,450,1.4516
55.7869,456,1.4710
55.7911,468,1.5097
55.7954,479,1.5452
55.7997,484,1.5613
55.8040,486,1.5677
55.8083,485,1.5645
55.8126,485,1.5645
55.8169,486,1.5677
55.8212,487,1.5710
55.8255,489,1.5774
55.8298,488,1.5742
55.8341,489,1.5774
55.8384,491,1.5839
55.8427,491,1.5839
55.8470,491,1.5839
55.8513,491,1.5839
55.8556,492,1.5871
55.8599,493,1.5903
55.8642,493,1.5903
55.8685,494,1.5935
55.8728,494,1.5935
55.8771,495,1.5968
55.8814,495,1.5968
55.8859,496,1.6000
55.8903,496,1.6000
55.8947,497,1.6032
55.8990,499,1.6097
55.9033,498,1.6065
55.9076,500,1.6129
55.9119,501,1.6161
55.9162,505,1.6290
55.9205,510,1.6452
55.9248,516,1.6645
55.9291,522,1.6839
55.9334,530,1.7097
55.9377,538,1.7355
55.9420,543,1.7516
55.9463,550,1.7742
55.9507,555,1.7903
55.9550,561,1.8097
55.9592,565,1.8226
55.9635,569,1.8355
55.9678,570,1.8387
55.9721,574,1.8516
55.9765,576,1.8581
55.9808,577,1.8613
55.9851,578,1.8645
55.9894,576,1.8581
55.9937,577,1.8613
55.9979,575,1.8548
56.0022,575,1.8548
56.0065,571,1.8419
56.0107,568,1.8323
56.0150,562,1.8129
56.0193,558,1.8000
56.0235,552,1.7806
56.0278,545,1.7581
56.0321,538,1.7355
56.0364,531,1.7129
56.0407,525,1.6935
56.0449,517,1.6677
56.0492,512,1.6516
56.0535,504,1.6258
56.0578,498,1.6065
56.0620,492,1.5871
56.0663,487,1.5710
56.0706,481,1.5516
56.0748,478,1.5419
56.0791,478,1.5419
56.0834,479,1.5452
56.0877,480,1.5484
56.0920,481,1.5516
56.0963,482,1.5548
56.1006,482,1.5548
56.1049,482,1.5548
56.1092,483,1.5581
56.1135,483,1.5581
56.1178,484,1.5613
56.1221,484,1.5613
56.1265,485,1.5645
56.1308,486,1.5677
56.1351,487,1.5710
56.1394,487,1.5710
56.1437,488,1.5742
56.1481,489,1.5774
56.1524,490,1.5806
56.1566,489,1.5774
56.1610,490,1.5806
56.1653,490,1.5806
56.1696,491,1.5839
56.1738,492,1.5871
56.1781,492,1.5871
56.1825,492,1.5871
56.1869,492,1.5871
56.1913,492,1.5871
56.1957,492,1.5871
56.2000,494,1.5935
56.2043,494,1.5935
56.2086,494,1.5935
56.2128,496,1.6000
56.2171,496,1.6000
56.2214,496,1.6000
56.2257,496,1.6000
56.2300,498,1.6065
56.2343,498,1.6065
56.2387,499,1.6097
56.2430,500,1.6129
56.2473,499,1.6097
56.2516,499,1.6097
56.2559,500,1.6129
56.2602,500,1.6129
56.2645,501,1.6161
56.2688,502,1.6194
56.2731,502,1.6194
56.2774,502,1.6194
56.2816,503,1.6226
56.2860,503,1.6226
56.2902,503,1.6226
56.2945,502,1.6194
56.2987,503,1.6226
56.3030,504,1.6258
56.3073,505,1.6290
56.3116,509,1.6419
56.3158,514,1.6581
56.3201,521,1.6806
56.3243,529,1.7065
56.3286,536,1.7290
56.3329,542,1.7484
56.3372,545,1.7581
56.3415,550,1.7742
56.3457,551,1.7774
56.3500,550,1.7742
56.3543,548,1.7677
56.3586,546,1.7613
56.3629,540,1.7419
56.3671,536,1.7290
56.3714,527,1.7000
56.3757,520,1.6774
56.3800,514,1.6581
56.3843,507,1.6355
56.3886,501,1.6161
56.3929,499,1.6097
56.3972,499,1.6097
56.4015,500,1.6129
56.4058,500,1.6129
56.4101,500,1.6129
56.4144,502,1.6194
56.4187,503,1.6226
56.4230,504,1.6258
56.4275,505,1.6290
56.4319,504,1.6258
56.4362,504,1.6258
56.4405,504,1.6258
56.4448,504,1.6258
56.4491,504,1.6258
56.4534,505,1.6290
56.4577,505,1.6290
56.4620,504,1.6258
56.4664,499,1.6097
56.4707,485,1.5645
56.4750,470,1.5161
56.4793,466,1.5032
56.4836,492,1.5871
56.4879,549,1.7710
56.4922,630,2.0323
56.4965,719,2.3194
56.5008,796,2.5677
56.5051,820,2.6452
56.5094,780,2.5161
56.5137,699,2.2548
56.5180,602,1.9419
56.5224,520,1.6774
56.5267,471,1.5194
56.5310,450,1.4516
56.5353,451,1.4548
56.5396,462,1.4903
56.5439,475,1.5323
56.5482,482,1.5548
56.5525,485,1.5645
56.5569,485,1.5645
56.5612,486,1.5677
56.5655,487,1.5710
56.5698,488,1.5742
56.5740,487,1.5710
56.5783,488,1.5742
56.5827,490,1.5806
56.5870,491,1.5839
56.5913,492,1.5871
56.5956,492,1.5871
56.5999,492,1.5871
56.6043,493,1.5903
56.6086,494,1.5935
56.6128,494,1.5935
56.6171,493,1.5903
56.6214,493,1.5903
56.6257,494,1.5935
56.6301,494,1.5935
56.6344,495,1.5968
56.6387,496,1.6000
56.6430,496,1.6000
56.6473,496,1.6000
56.6516,497,1.6032
56.6559,497,1.6032
56.6602,498,1.6065
56.6645,501,1.6161
56.6688,505,1.6290
56.6731,512,1.6516
56.6774,518,1.6710
56.6817,526,1.6968
56.6861,534,1.7226
56.6904,538,1.7355
56.6947,546,1.7613
56.6990,552,1.7806
56.7033,557,1.7968
56.7076,562,1.8129
56.7119,567,1.8290
56.7162,572,1.8452
56.7205,575,1.8548
56.7248,576,1.8581
56.7291,579,1.8677
56.7334,577,1.8613
56.7377,577,1.8613
56.7420,577,1.8613
56.7463,575,1.8548
56.7506,574,1.8516
56.7549,572,1.8452
56.7591,569,1.8355
56.7635,565,1.8226
56.7678,558,1.8000
56.7721,553,1.7839
56.7764,545,1.7581
56.7807,539,1.7387
56.7854,531,1.7129
56.7898,524,1.6903
56.7942,516,1.6645
56.7985,511,1.6484
56.8027,504,1.6258
56.8070,497,1.6032
56.8113,490,1.5806
56.8156,484,1.5613
56.8198,479,1.5452
56.8241,477,1.5387
56.8283,478,1.5419
56.8326,479,1.5452
56.8369,480,1.5484
56.8412,480,1.5484
56.8454,481,1.5516
56.8497,482,1.5548
56.8540,481,1.5516
56.8583,482,1.5548
56.8625,483,1.5581
56.8668,483,1.5581
56.8710,483,1.5581
56.8753,485,1.5645
56.8795,486,1.5677
56.8838,486,1.5677
56.8881,487,1.5710
56.8923,487,1.5710
56.8966,488,1.5742
56.9009,489,1.5774
56.9052,490,1.5806
56.9096,489,1.5774
56.9138,490,1.5806
56.9182,491,1.5839
56.9224,492,1.5871
56.9267,492,1.5871
56.9310,492,1.5871
56.9354,492,1.5871
56.9397,493,1.5903
56.9440,494,1.5935
56.9483,495,1.5968
56.9526,495,1.5968
56.9570,496,1.6000
56.9613,496,1.6000
56.9656,496,1.6000
56.9700,496,1.6000
56.9743,497,1.6032
56.9786,496,1.6000
56.9829,496,1.6000
56.9872,496,1.6000
56.9916,496,1.6000
56.9959,496,1.6000
57.0002,495,1.5968
57.0045,497,1.6032
57.0088,499,1.6097
57.0131,499,1.6097
57.0174,500,1.6129
57.0217,500,1.6129
57.0260,500,1.6129
57.0303,502,1.6194
57.0346,500,1.6129
57.0389,502,1.6194
57.0432,501,1.6161
57.0475,502,1.6194
57.0518,502,1.6194
57.0561,502,1.6194
57.0604,506,1.6323
57.0647,511,1.6484
57.0690,518,1.6710
57.0733,524,1.6903
57.0776,531,1.7129
57.0820,539,1.7387
57.0866,542,1.7484
57.0909,547,1.7645
57.0953,550,1.7742
57.0996,549,1.7710
57.1038,546,1.7613
57.1081,544,1.7548
57.1124,540,1.7419
57.1166,533,1.7194
57.1209,526,1.6968
57.1251,519,1.6742
57.1294,512,1.6516
57.1336,505,1.6290
57.1379,499,1.6097
57.1422,499,1.6097
57.1464,498,1.6065
57.1512,499,1.6097
57.1555,500,1.6129
57.1598,501,1.6161
57.1641,502,1.6194
57.1683,502,1.6194
57.1726,502,1.6194
57.1769,502,1.6194
57.1812,501,1.6161
57.1854,502,1.6194
57.1897,503,1.6226
57.1939,503,1.6226
57.1982,503,1.6226
57.2025,503,1.6226
57.2068,503,1.6226
57.2111,504,1.6258
57.2154,501,1.6161
57.2197,489,1.5774
57.2240,473,1.5258
57.2283,464,1.4968
57.2326,483,1.5581
57.2370,534,1.7226
57.2413,608,1.9613
57.2455,696,2.2452
57.2498,782,2.5226
57.2542,820,2.6452
57.2585,794,2.5613
57.2628,720,2.3226
57.2671,625,2.0161
57.2713,538,1.7355
57.2756,480,1.5484
57.2800,453,1.4613
57.2843,448,1.4452
57.2886,458,1.4774
57.2929,471,1.5194
57.2972,479,1.5452
57.3015,483,1.5581
57.3058,485,1.5645
57.3101,485,1.5645
57.3144,486,1.5677
57.3187,487,1.5710
57.3230,487,1.5710
57.3273,488,1.5742
57.3316,487,1.5710
57.3359,488,1.5742
57.3402,488,1.5742
57.3445,490,1.5806
57.3488,490,1.5806
57.3531,490,1.5806
57.3574,491,1.5839
57.3618,492,1.5871
57.3661,492,1.5871
57.3704,493,1.5903
57.3747,495,1.5968
57.3790,495,1.5968
57.3833,494,1.5935
57.3876,495,1.5968
57.3919,495,1.5968
57.3962,495,1.5968
57.4005,496,1.6000
57.4048,498,1.6065
57.4091,498,1.6065
57.4134,499,1.6097
57.4177,504,1.6258
57.4220,510,1.6452
57.4263,517,1.6677
57.4306,524,1.6903
57.4349,532,1.7161
57.4392,539,1.7387
57.4435,546,1.7613
57.4479,550,1.7742
57.4522,558,1.8000
57.4565,561,1.8097
57.4608,566,1.8258
57.4651,571,1.8419
57.4694,574,1.8516
57.4737,577,1.8613
57.4780,580,1.8710
57.4823,581,1.8742
57.4866,580,1.8710
57.4910,580,1.8710
57.4953,578,1.8645
57.4996,576,1.8581
57.5039,574,1.8516
57.5082,569,1.8355
57.5125,562,1.8129
57.5168,557,1.7968
57.5211,552,1.7806
57.5254,546,1.7613
57.5297,542,1.7484
57.5340,535,1.7258
57.5383,529,1.7065
57.5426,522,1.6839
57.5470,514,1.6581
57.5512,507,1.6355
57.5556,500,1.6129
57.5599,494,1.5935
57.5642,488,1.5742
57.5686,482,1.5548
57.5728,478,1.5419
57.5771,476,1.5355
57.5814,477,1.5387
57.5858,479,1.5452
57.5901,479,1.5452
57.5944,480,1.5484
57.5987,480,1.5484
57.6030,482,1.5548
57.6073,482,1.5548
57.6116,482,1.5548
57.6159,482,1.5548
57.6202,484,1.5613
57.6245,483,1.5581
57.6288,484,1.5613
57.6331,485,1.5645
57.6374,486,1.5677
57.6417,486,1.5677
57.6460,487,1.5710
57.6504,486,1.5677
57.6546,487,1.5710
57.6589,488,1.5742
57.6632,488,1.5742
57.6675,489,1.5774
57.6718,488,1.5742
57.6761,489,1.5774
57.6805,491,1.5839
57.6849,492,1.5871
57.6892,493,1.5903
57.6937,493,1.5903
57.6980,493,1.5903
57.7023,494,1.5935
57.7065,495,1.5968
57.7108,495,1.5968
57.7151,496,1.6000
57.7193,495,1.5968
57.7236,494,1.5935
57.7279,496,1.6000
57.7323,497,1.6032
57.7366,497,1.6032
57.7408,498,1.6065
57.7451,498,1.6065
57.7494,499,1.6097
57.7537,498,1.6065
57.7579,499,1.6097
57.7622,500,1.6129
57.7665,499,1.6097
57.7707,500,1.6129
57.7750,499,1.6097
57.7792,500,1.6129
57.7835,500,1.6129
57.7877,501,1.6161
57.7920,502,1.6194
57.7963,502,1.6194
57.8006,501,1.6161
57.8049,503,1.6226
57.8092,505,1.6290
57.8135,509,1.6419
57.8178,516,1.6645
57.8221,524,1.6903
57.8264,531,1.7129
57.8307,537,1.7323
57.8350,540,1.7419
57.8393,546,1.7613
57.8436,548,1.7677
57.8479,550,1.7742
57.8522,547,1.7645
57.8565,545,1.7581
57.8607,541,1.7452
57.8650,536,1.7290
57.8693,531,1.7129
57.8736,522,1.6839
57.8779,514,1.6581
57.8822,508,1.6387
57.8865,502,1.6194
57.8907,499,1.6097
57.8950,498,1.6065
57.8993,499,1.6097
57.9036,499,1.6097
57.9079,500,1.6129
57.9121,499,1.6097
57.9164,500,1.6129
57.9207,502,1.6194
57.9251,502,1.6194
57.9294,503,1.6226
57.9337,504,1.6258
57.9380,503,1.6226
57.9423,503,1.6226
57.9466,504,1.6258
57.9509,503,1.6226
57.9552,503,1.6226
57.9595,502,1.6194
57.9638,501,1.6161
57.9681,494,1.5935
57.9724,477,1.5387
57.9767,463,1.4935
57.9810,471,1.5194
57.9855,511,1.6484
57.9898,581,1.8742
57.9942,666,2.1484
57.9985,757,2.4419
58.0028,815,2.6290
58.0071,807,2.6032
58.0114,749,2.4161
58.0156,659,2.1258
58.0199,564,1.8194
58.0242,496,1.6000
58.0284,461,1.4871
58.0327,449,1.4484
58.0370,453,1.4613
58.0413,465,1.5000
58.0455,476,1.5355
58.0498,482,1.5548
58.0540,484,1.5613
58.0583,485,1.5645
58.0625,485,1.5645
58.0668,486,1.5677
58.0710,486,1.5677
58.0753,487,1.5710
58.0796,487,1.5710
58.0838,487,1.5710
58.0881,488,1.5742
58.0923,488,1.5742
58.0966,488,1.5742
58.1009,489,1.5774
58.1052,490,1.5806
58.1095,490,1.5806
58.1137,492,1.5871
58.1180,492,1.5871
58.1223,493,1.5903
58.1266,493,1.5903
58.1309,492,1.5871
58.1352,493,1.5903
58.1395,495,1.5968
58.1438,495,1.5968
58.1480,496,1.6000
58.1523,497,1.6032
58.1566,498,1.6065
58.1609,498,1.6065
58.1652,500,1.6129
58.1695,506,1.6323
58.1738,512,1.6516
58.1781,519,1.6742
58.1824,527,1.7000
58.1866,534,1.7226
58.1909,540,1.7419
58.1952,546,1.7613
58.1995,552,1.7806
58.2038,557,1.7968
58.2081,562,1.8129
58.2124,567,1.8290
58.2167,571,1.8419
58.2210,575,1.8548
58.2253,578,1.8645
58.2296,579,1.8677
58.2339,580,1.8710
58.2381,579,1.8677
58.2424,577,1.8613
58.2468,578,1.8645
58.2510,575,1.8548
58.2554,571,1.8419
58.2596,567,1.8290
58.2640,563,1.8161
58.2683,557,1.7968
58.2726,552,1.7806
58.2769,545,1.7581
58.2811,539,1.7387
58.2854,531,1.7129
58.2897,525,1.6935
58.2940,518,1.6710
58.2982,511,1.6484
58.3025,505,1.6290
58.3069,497,1.6032
58.3111,491,1.5839
58.3154,485,1.5645
58.3197,481,1.5516
58.3240,478,1.5419
58.3283,478,1.5419
58.3326,479,1.5452
58.3369,479,1.5452
58.3412,481,1.5516
58.3455,481,1.5516
58.3497,482,1.5548
58.3540,483,1.5581
58.3583,483,1.5581
58.3626,484,1.5613
58.3669,484,1.5613
58.3712,485,1.5645
58.3755,486,1.5677
58.3798,485,1.5645
58.3841,486,1.5677
58.3884,486,1.5677
58.3927,486,1.5677
58.3970,487,1.5710
58.4013,487,1.5710
58.4056,489,1.5774
58.4100,490,1.5806
58.4143,490,1.5806
58.4186,490,1.5806
58.4228,491,1.5839
58.4271,491,1.5839
58.4314,491,1.5839
58.4358,492,1.5871
58.4401,493,1.5903
58.4444,494,1.5935
58.4487,493,1.5903
58.4529,493,1.5903
58.4572,494,1.5935
58.4615,496,1.6000
58.4658,496,1.6000
58.4701,498,1.6065
58.4744,498,1.6065
58.4787,498,1.6065
58.4829,498,1.6065
58.4872,497,1.6032
58.4915,498,1.6065
58.4958,498,1.6065
58.5002,499,1.6097
58.5045,499,1.6097
58.5088,500,1.6129
58.5130,500,1.6129
58.5173,500,1.6129
58.5216,500,1.6129
58.5259,502,1.6194
58.5302,501,1.6161
58.5345,501,1.6161
58.5388,502,1.6194
58.5431,503,1.6226
58.5474,503,1.6226
58.5517,504,1.6258
58.5560,503,1.6226
58.5602,506,1.6323
58.5645,511,1.6484
58.5688,518,1.6710
58.5731,525,1.6935
58.5774,532,1.7161
58.5817,541,1.7452
58.5861,546,1.7613
58.5905,552,1.7806
58.5949,553,1.7839
58.5992,553,1.7839
58.6035,551,1.7774
58.6078,546,1.7613
58.6120,542,1.7484
58.6163,536,1.7290
58.6205,529,1.7065
58.6248,522,1.6839
58.6290,515,1.6613
58.6333,508,1.6387
58.6376,502,1.6194
58.6418,500,1.6129
58.6461,499,1.6097
58.6504,501,1.6161
58.6546,501,1.6161
58.6589,501,1.6161
58.6632,502,1.6194
58.6674,502,1.6194
58.6717,502,1.6194
58.6767,503,1.6226
58.6810,502,1.6194
58.6852,504,1.6258
58.6895,505,1.6290
58.6938,504,1.6258
58.6980,503,1.6226
58.7023,503,1.6226
58.7066,503,1.6226
58.7109,503,1.6226
58.7152,500,1.6129
58.7195,490,1.5806
58.7238,474,1.5290
58.7282,465,1.5000
58.7326,482,1.5548
58.7369,528,1.7032
58.7411,602,1.9419
58.7454,688,2.2194
58.7496,774,2.4968
58.7539,819,2.6419
58.7582,798,2.5742
58.7624,729,2.3516
58.7667,638,2.0581
58.7710,548,1.7677
58.7752,486,1.5677
58.7795,456,1.4710
58.7838,449,1.4484
58.7880,456,1.4710
58.7923,469,1.5129
58.7965,480,1.5484
58.8008,484,1.5613
58.8051,486,1.5677
58.8094,486,1.5677
58.8137,486,1.5677
58.8180,486,1.5677
58.8223,488,1.5742
58.8266,489,1.5774
58.8309,489,1.5774
58.8352,489,1.5774
58.8395,490,1.5806
58.8438,491,1.5839
58.8481,492,1.5871
58.8524,492,1.5871
58.8567,491,1.5839
58.8610,492,1.5871
58.8653,492,1.5871
58.8696,493,1.5903
58.8739,492,1.5871
58.8782,494,1.5935
58.8826,494,1.5935
58.8872,494,1.5935
58.8916,495,1.5968
58.8959,494,1.5935
58.9003,495,1.5968
58.9045,496,1.6000
58.9089,497,1.6032
58.9135,499,1.6097
58.9178,505,1.6290
58.9222,512,1.6516
58.9264,518,1.6710
58.9307,524,1.6903
58.9349,529,1.7065
58.9392,537,1.7323
58.9435,542,1.7484
58.9477,549,1.7710
58.9520,555,1.7903
58.9563,560,1.8065
58.9606,564,1.8194
58.9648,567,1.8290
58.9691,572,1.8452
58.9734,575,1.8548
58.9777,577,1.8613
58.9819,577,1.8613
58.9862,579,1.8677
58.9904,579,1.8677
58.9947,577,1.8613
58.9990,575,1.8548
59.0032,572,1.8452
59.0075,568,1.8323
59.0119,564,1.8194
59.0161,559,1.8032
59.0204,553,1.7839
59.0248,548,1.7677
59.0290,541,1.7452
59.0333,534,1.7226
59.0376,528,1.7032
59.0419,521,1.6806
59.0462,515,1.6613
59.0505,508,1.6387
59.0548,501,1.6161
59.0591,494,1.5935
59.0634,487,1.5710
59.0677,481,1.5516
59.0720,477,1.5387
59.0762,476,1.5355
59.0805,477,1.5387
59.0848,478,1.5419
59.0891,478,1.5419
59.0934,478,1.5419
59.0977,479,1.5452
59.1020,480,1.5484
59.1063,481,1.5516
59.1106,482,1.5548
59.1149,483,1.5581
59.1192,484,1.5613
59.1234,484,1.5613
59.1279,485,1.5645
59.1323,486,1.5677
59.1366,487,1.5710
59.1408,487,1.5710
59.1451,487,1.5710
59.1494,488,1.5742
59.1537,489,1.5774
59.1580,489,1.5774
59.1623,489,1.5774
59.1666,489,1.5774
59.1709,490,1.5806
59.1752,491,1.5839
59.1795,491,1.5839
59.1838,493,1.5903
59.1881,494,1.5935
59.1924,493,1.5903
59.1967,494,1.5935
59.2010,495,1.5968
59.2053,495,1.5968
59.2096,495,1.5968
59.2139,495,1.5968
59.2182,495,1.5968
59.2224,496,1.6000
59.2267,497,1.6032
59.2310,497,1.6032
59.2353,498,1.6065
59.2396,498,1.6065
59.2439,498,1.6065
59.2482,499,1.6097
59.2525,500,1.6129
59.2568,499,1.6097
59.2611,501,1.6161
59.2654,501,1.6161
59.2697,501,1.6161
59.2739,501,1.6161
59.2782,502,1.6194
59.2825,501,1.6161
59.2868,501,1.6161
59.2911,503,1.6226
59.2954,502,1.6194
59.2997,502,1.6194
59.3040,504,1.6258
59.3083,504,1.6258
59.3126,509,1.6419
59.3169,514,1.6581
59.3212,522,1.6839
59.3255,528,1.7032
59.3298,536,1.7290
59.3341,542,1.7484
59.3384,545,1.7581
59.3427,550,1.7742
59.3470,552,1.7806
59.3512,550,1.7742
59.3556,548,1.7677
59.3598,544,1.7548
59.3641,538,1.7355
59.3684,533,1.7194
59.3728,525,1.6935
59.3770,516,1.6645
59.3813,509,1.6419
59.3857,504,1.6258
59.3900,501,1.6161
59.3943,501,1.6161
59.3986,501,1.6161
59.4028,501,1.6161
59.4072,501,1.6161
59.4114,501,1.6161
59.4157,500,1.6129
59.4201,501,1.6161
59.4243,502,1.6194
59.4286,503,1.6226
59.4329,503,1.6226
59.4373,503,1.6226
59.4415,505,1.6290
59.4459,505,1.6290
59.4501,504,1.6258
59.4544,504,1.6258
59.4588,504,1.6258
59.4630,503,1.6226
59.4673,496,1.6000
59.4717,481,1.5516
59.4760,466,1.5032
59.4803,467,1.5065
59.4848,502,1.6194
59.4892,568,1.8323
59.4937,655,2.1129
59.4981,745,2.4032
59.5024,810,2.6129
59.5068,812,2.6194
59.5111,754,2.4323
59.5154,666,2.1484
59.5198,571,1.8419
59.5241,499,1.6097
59.5285,462,1.4903
59.5328,451,1.4548
59.5371,455,1.4677
59.5415,468,1.5097
59.5458,479,1.5452
59.5501,483,1.5581
59.5544,484,1.5613
59.5587,485,1.5645
59.5630,486,1.5677
59.5673,486,1.5677
59.5716,487,1.5710
59.5759,488,1.5742
59.5802,488,1.5742
59.5845,489,1.5774
59.5888,491,1.5839
59.5931,491,1.5839
59.5974,492,1.5871
59.6017,492,1.5871
59.6060,494,1.5935
59.6104,494,1.5935
59.6147,494,1.5935
59.6191,494,1.5935
59.6234,495,1.5968
59.6279,495,1.5968
59.6324,494,1.5935
59.6367,495,1.5968
59.6411,496,1.6000
59.6454,498,1.6065
59.6498,498,1.6065
59.6541,498,1.6065
59.6584,498,1.6065
59.6628,497,1.6032
59.6671,501,1.6161
59.6715,508,1.6387
59.6758,515,1.6613
59.6801,521,1.6806
59.6845,529,1.7065
59.6888,535,1.7258
59.6931,543,1.7516
59.6975,548,1.7677
59.7018,553,1.7839
59.7061,559,1.8032
59.7106,565,1.8226
59.7149,569,1.8355
59.7192,571,1.8419
59.7235,575,1.8548
59.7278,576,1.8581
59.7321,580,1.8710
59.7364,580,1.8710
59.7407,579,1.8677
59.7451,577,1.8613
59.7493,576,1.8581
59.7536,574,1.8516
59.7579,569,1.8355
59.7622,565,1.8226
59.7665,559,1.8032
59.7709,555,1.7903
59.7751,549,1.7710
59.7794,541,1.7452
59.7838,533,1.7194
59.7882,527,1.7000
59.7926,520,1.6774
59.7970,513,1.6548
59.8013,508,1.6387
59.8056,499,1.6097
59.8100,494,1.5935
59.8144,487,1.5710
59.8187,482,1.5548
59.8230,478,1.5419
59.8273,477,1.5387
59.8316,477,1.5387
59.8360,478,1.5419
59.8403,478,1.5419
59.8446,479,1.5452
59.8489,480,1.5484
59.8532,481,1.5516
59.8575,482,1.5548
59.8618,483,1.5581
59.8661,484,1.5613
59.8704,483,1.5581
59.8747,484,1.5613
59.8790,486,1.5677
59.8833,487,1.5710
59.8876,487,1.5710
59.8919,488,1.5742
59.8962,490,1.5806
59.9005,490,1.5806
59.9048,491,1.5839
59.9091,490,1.5806
59.9135,490,1.5806
59.9178,491,1.5839
59.9221,492,1.5871
59.9265,491,1.5839
59.9308,491,1.5839
59.9352,492,1.5871
59.9395,493,1.5903
59.9438,494,1.5935
59.9482,495,1.5968
59.9525,495,1.5968
59.9568,497,1.6032
59.9612,497,1.6032
59.9655,497,1.6032
59.9699,496,1.6000
59.9743,497,1.6032
59.9786,497,1.6032
59.9829,498,1.6065
59.9873,497,1.6032
59.9916,499,1.6097
59.9959,500,1.6129
60.0003,500,1.6129
60.0046,501,1.6161
60.0089,501,1.6161
60.0133,501,1.6161
60.0176,501,1.6161
60.0219,502,1.6194
60.0262,502,1.6194
60.0305,503,1.6226
60.0348,502,1.6194
60.0391,503,1.6226
60.0434,504,1.6258
60.0480,505,1.6290
60.0524,505,1.6290
60.0660,515,1.6613
60.0706,521,1.6806
60.0750,528,1.7032
60.0794,535,1.7258
60.0837,541,1.7452
60.0880,546,1.7613
60.0922,550,1.7742
60.0965,552,1.7806
60.1007,551,1.7774
60.1050,548,1.7677
60.1093,546,1.7613
60.1135,540,1.7419
60.1178,532,1.7161
60.1221,526,1.6968
60.1263,518,1.6710
60.1306,511,1.6484
60.1349,506,1.6323
60.1392,501,1.6161
60.1434,499,1.6097
60.1477,498,1.6065
60.1520,499,1.6097
60.1563,501,1.6161
60.1605,500,1.6129
60.1648,502,1.6194
60.1690,504,1.6258
60.1733,504,1.6258
60.1776,503,1.6226
60.1819,503,1.6226
60.1861,503,1.6226
60.1904,504,1.6258
60.1946,504,1.6258
60.1989,504,1.6258
60.2032,504,1.6258
60.2074,505,1.6290
60.2117,504,1.6258
60.2161,499,1.6097
60.2204,488,1.5742
60.2247,472,1.5226
60.2290,464,1.4968
60.2334,487,1.5710
60.2377,540,1.7419
60.2421,619,1.9968
60.2464,710,2.2903
60.2507,789,2.5452
60.2550,819,2.6419
60.2594,784,2.5290
60.2637,705,2.2742
60.2680,609,1.9645
60.2724,524,1.6903
60.2767,473,1.5258
60.2811,452,1.4581
60.2854,451,1.4548
60.2897,463,1.4935
60.2941,475,1.5323
60.2984,483,1.5581
60.3027,485,1.5645
60.3070,485,1.5645
60.3114,486,1.5677
60.3157,487,1.5710
60.3201,488,1.5742
60.3244,488,1.5742
60.3287,489,1.5774
60.3330,488,1.5742
60.3373,488,1.5742
60.3416,490,1.5806
60.3459,491,1.5839
60.3502,491,1.5839
60.3545,489,1.5774
60.3587,491,1.5839
60.3631,492,1.5871
60.3673,493,1.5903
60.3716,493,1.5903
60.3759,493,1.5903
60.3802,494,1.5935
60.3846,496,1.6000
60.3891,496,1.6000
60.3935,497,1.6032
60.3978,497,1.6032
60.4021,498,1.6065
60.4064,499,1.6097
60.4107,499,1.6097
60.4150,501,1.6161
60.4193,506,1.6323
60.4236,512,1.6516
60.4279,519,1.6742
60.4322,525,1.6935
60.4365,531,1.7129
60.4408,537,1.7323
60.4451,544,1.7548
60.4494,551,1.7774
60.4537,556,1.7935
60.4580,562,1.8129
60.4623,567,1.8290
60.4666,571,1.8419
60.4709,573,1.8484
60.4752,576,1.8581
60.4795,577,1.8613
60.4838,579,1.8677
60.4881,579,1.8677
60.4923,578,1.8645
60.4966,576,1.8581
60.5009,575,1.8548
60.5052,571,1.8419
60.5095,568,1.8323
60.5138,563,1.8161
60.5182,558,1.8000
60.5225,552,1.7806
60.5269,545,1.7581
60.5312,538,1.7355
60.5355,531,1.7129
60.5399,524,1.6903
60.5442,517,1.6677
60.5485,511,1.6484
60.5529,505,1.6290
60.5572,498,1.6065
60.5615,492,1.5871
60.5659,486,1.5677
60.5702,480,1.5484
60.5745,477,1.5387
60.5788,476,1.5355
60.5832,477,1.5387
60.5875,478,1.5419
60.5918,479,1.5452
60.5962,479,1.5452
60.6005,480,1.5484
60.6048,481,1.5516
60.6092,482,1.5548
60.6135,484,1.5613
60.6178,484,1.5613
60.6222,486,1.5677
60.6265,486,1.5677
60.6308,487,1.5710
60.6351,487,1.5710
60.6394,488,1.5742
60.6436,488,1.5742
60.6480,488,1.5742
60.6523,489,1.5774
60.6565,488,1.5742
60.6608,490,1.5806
60.6651,491,1.5839
60.6694,491,1.5839
60.6737,492,1.5871
60.6780,493,1.5903
60.6823,491,1.5839
60.6868,493,1.5903
60.6937,493,1.5903
60.6981,495,1.5968
60.7024,494,1.5935
60.7067,494,1.5935
60.7110,494,1.5935
60.7153,495,1.5968
60.7196,496,1.6000
60.7239,496,1.6000
60.7282,497,1.6032
60.7325,498,1.6065
60.7368,498,1.6065
60.7411,498,1.6065
60.7454,499,1.6097
60.7497,499,1.6097
60.7540,499,1.6097
60.7583,500,1.6129
60.7626,499,1.6097
60.7669,501,1.6161
60.7712,501,1.6161
60.7755,502,1.6194
60.7798,502,1.6194
60.7841,502,1.6194
60.7884,502,1.6194
60.7927,504,1.6258
60.7970,504,1.6258
60.8013,504,1.6258
60.8056,504,1.6258
60.8099,506,1.6323
60.8142,511,1.6484
60.8185,516,1.6645
60.8228,525,1.6935
60.8271,531,1.7129
60.8315,537,1.7323
60.8358,543,1.7516
60.8402,549,1.7710
60.8445,552,1.7806
60.8488,552,1.7806
60.8531,551,1.7774
60.8575,547,1.7645
60.8618,543,1.7516
60.8661,536,1.7290
60.8705,529,1.7065
60.8748,522,1.6839
60.8792,515,1.6613
60.8835,509,1.6419
60.8878,504,1.6258
60.8921,500,1.6129
60.8965,500,1.6129
60.9008,501,1.6161
60.9051,500,1.6129
60.9095,501,1.6161
60.9138,502,1.6194
60.9182,501,1.6161
60.9226,501,1.6161
60.9269,502,1.6194
60.9312,503,1.6226
60.9355,503,1.6226
60.9398,504,1.6258
60.9441,506,1.6323
60.9484,507,1.6355
60.9527,507,1.6355
60.9570,506,1.6323
60.9613,505,1.6290
60.9656,501,1.6161
60.9699,490,1.5806
60.9742,474,1.5290
60.9786,465,1.5000
60.9829,482,1.5548
60.9871,531,1.7129
60.9914,608,1.9613
60.9957,697,2.2484
61.0001,782,2.5226
61.0044,820,2.6452
61.0087,794,2.5613
61.0129,723,2.3323
61.0172,630,2.0323
61.0215,541,1.7452
61.0259,482,1.5548
61.0302,454,1.4645
61.0345,448,1.4452
61.0389,458,1.4774
61.0432,472,1.5226
61.0476,482,1.5548
61.0519,485,1.5645
61.0562,486,1.5677
61.0606,486,1.5677
61.0649,485,1.5645
61.0692,486,1.5677
61.0735,487,1.5710
61.0779,488,1.5742
61.0822,488,1.5742
61.0866,488,1.5742
61.0909,490,1.5806
61.0952,490,1.5806
61.0995,491,1.5839
61.1039,492,1.5871
61.1082,491,1.5839
61.1126,491,1.5839
61.1169,491,1.5839
61.1212,493,1.5903
61.1256,493,1.5903
61.1299,495,1.5968
61.1342,496,1.6000
61.1385,496,1.6000
61.1428,494,1.5935
61.1471,495,1.5968
61.1514,496,1.6000
61.1557,497,1.6032
61.1600,497,1.6032
61.1643,500,1.6129
61.1686,505,1.6290
61.1729,512,1.6516
61.1772,519,1.6742
61.1815,525,1.6935
61.1858,531,1.7129
61.1901,536,1.7290
61.1944,543,1.7516
61.1987,549,1.7710
61.2030,556,1.7935
61.2073,562,1.8129
61.2116,567,1.8290
61.2159,569,1.8355
61.2202,572,1.8452
61.2245,577,1.8613
61.2288,579,1.8677
61.2332,580,1.8710
61.2375,581,1.8742
61.2418,580,1.8710
61.2462,579,1.8677
61.2505,577,1.8613
61.2548,573,1.8484
61.2592,570,1.8387
61.2635,564,1.8194
61.2678,557,1.7968
61.2722,553,1.7839
61.2765,547,1.7645
61.2809,540,1.7419
61.2853,534,1.7226
61.2903,525,1.6935
61.2948,518,1.6710
61.2991,510,1.6452
61.3035,505,1.6290
61.3078,497,1.6032
61.3122,491,1.5839
61.3165,485,1.5645
61.3208,480,1.5484
61.3253,477,1.5387
61.3296,478,1.5419
61.3340,480,1.5484
61.3383,481,1.5516
61.3425,482,1.5548
61.3469,482,1.5548
61.3512,482,1.5548
61.3554,483,1.5581
61.3597,484,1.5613
61.3640,484,1.5613
61.3683,486,1.5677
61.3726,486,1.5677
61.3769,486,1.5677
61.3812,486,1.5677
61.3855,485,1.5645
61.3898,485,1.5645
61.3941,486,1.5677
61.3984,487,1.5710
61.4027,488,1.5742
61.4070,489,1.5774
61.4113,490,1.5806
61.4156,490,1.5806
61.4199,491,1.5839
61.4242,492,1.5871
61.4285,493,1.5903
61.4328,493,1.5903
61.4372,494,1.5935
61.4415,494,1.5935
61.4458,493,1.5903
61.4502,494,1.5935
61.4545,495,1.5968
61.4588,496,1.6000
61.4632,496,1.6000
61.4675,498,1.6065
61.4718,498,1.6065
61.4762,498,1.6065
61.4805,499,1.6097
61.4848,499,1.6097
61.4892,500,1.6129
61.4935,499,1.6097
61.4979,499,1.6097
61.5022,499,1.6097
61.5065,500,1.6129
61.5109,502,1.6194
61.5152,502,1.6194
61.5195,502,1.6194
61.5238,502,1.6194
61.5282,504,1.6258
61.5325,504,1.6258
61.5369,504,1.6258
61.5411,505,1.6290
61.5454,504,1.6258
61.5497,504,1.6258
61.5540,504,1.6258
61.5583,504,1.6258
61.5626,508,1.6387
61.5669,515,1.6613
61.5712,521,1.6806
61.5755,527,1.7000
61.5798,535,1.7258
61.5841,541,1.7452
61.5889,546,1.7613
61.5933,550,1.7742
61.5977,551,1.7774
61.6019,551,1.7774
61.6062,547,1.7645
61.6105,542,1.7484
61.6149,537,1.7323
61.6192,529,1.7065
61.6235,522,1.6839
61.6277,515,1.6613
61.6321,507,1.6355
61.6364,501,1.6161
61.6407,498,1.6065
61.6450,498,1.6065
61.6493,499,1.6097
61.6536,500,1.6129
61.6579,500,1.6129
61.6622,500,1.6129
61.6665,501,1.6161
61.6713,502,1.6194
61.6756,503,1.6226
61.6805,502,1.6194
61.6848,503,1.6226
61.6891,504,1.6258
61.6934,504,1.6258
61.6978,504,1.6258
61.7020,504,1.6258
61.7063,504,1.6258
61.7106,505,1.6290
61.7149,503,1.6226
61.7193,492,1.5871
61.7236,476,1.5355
61.7278,465,1.5000
61.7321,478,1.5419
61.7371,530,1.7097
61.7414,605,1.9516
61.7457,692,2.2323
61.7501,778,2.5097
61.7544,819,2.6419
61.7587,793,2.5581
61.7630,718,2.3161
61.7673,626,2.0194
61.7716,538,1.7355
61.7759,480,1.5484
61.7802,452,1.4581
61.7845,448,1.4452
61.7888,457,1.4742
61.7931,470,1.5161
61.7974,481,1.5516
61.8018,485,1.5645
61.8061,486,1.5677
61.8103,486,1.5677
61.8149,486,1.5677
61.8192,486,1.5677
61.8235,486,1.5677
61.8278,488,1.5742
61.8321,487,1.5710
61.8365,487,1.5710
61.8408,489,1.5774
61.8451,490,1.5806
61.8494,489,1.5774
61.8537,491,1.5839
61.8580,491,1.5839
61.8623,491,1.5839
61.8666,492,1.5871
61.8709,492,1.5871
61.8752,493,1.5903
61.8795,493,1.5903
61.8838,493,1.5903
61.8881,495,1.5968
61.8924,496,1.6000
61.8970,497,1.6032
61.9013,496,1.6000
61.9056,497,1.6032
61.9099,498,1.6065
61.9142,499,1.6097
61.9185,504,1.6258
61.9228,510,1.6452
61.9271,518,1.6710
61.9314,524,1.6903
61.9357,530,1.7097
61.9401,536,1.7290
61.9444,543,1.7516
61.9487,550,1.7742
61.9530,555,1.7903
61.9573,560,1.8065
61.9616,564,1.8194
61.9660,568,1.8323
61.9702,571,1.8419
61.9745,576,1.8581
61.9788,578,1.8645
61.9832,579,1.8677
61.9875,578,1.8645
61.9918,577,1.8613
61.9961,574,1.8516
62.0004,573,1.8484
62.0047,570,1.8387
62.0090,567,1.8290
62.0133,562,1.8129
62.0176,556,1.7935
62.0219,550,1.7742
62.0262,544,1.7548
62.0305,538,1.7355
62.0348,533,1.7194
62.0391,523,1.6871
62.0440,516,1.6645
62.0483,510,1.6452
62.0526,504,1.6258
62.0569,497,1.6032
62.0612,490,1.5806
62.0655,485,1.5645
62.0698,479,1.5452
62.0741,475,1.5323
62.0784,474,1.5290
62.0827,475,1.5323
62.0870,476,1.5355
62.0913,478,1.5419
62.0956,480,1.5484
62.1000,480,1.5484
62.1043,481,1.5516
62.1086,482,1.5548
62.1129,482,1.5548
62.1172,482,1.5548
62.1215,483,1.5581
62.1258,484,1.5613
62.1301,486,1.5677
62.1344,487,1.5710
62.1388,487,1.5710
62.1431,488,1.5742
62.1474,489,1.5774
62.1517,490,1.5806
62.1560,491,1.5839
62.1603,490,1.5806
62.1646,492,1.5871
62.1689,492,1.5871
62.1732,493,1.5903
62.1775,493,1.5903
62.1818,495,1.5968
62.1871,495,1.5968
62.1915,496,1.6000
62.1959,496,1.6000
62.2002,496,1.6000
62.2045,497,1.6032
62.2089,497,1.6032
62.2131,496,1.6000
62.2174,496,1.6000
62.2217,497,1.6032
62.2260,498,1.6065
62.2304,500,1.6129
62.2349,499,1.6097
62.2392,499,1.6097
62.2435,500,1.6129
62.2484,501,1.6161
62.2527,501,1.6161
62.2570,501,1.6161
62.2613,501,1.6161
62.2656,502,1.6194
62.2699,502,1.6194
62.2742,500,1.6129
62.2785,503,1.6226
62.2828,502,1.6194
62.2871,503,1.6226
62.2915,503,1.6226
62.2958,504,1.6258
62.3001,503,1.6226
62.3044,505,1.6290
62.3087,504,1.6258
62.3130,508,1.6387
62.3173,514,1.6581
62.3216,521,1.6806
62.3259,528,1.7032
62.3303,536,1.7290
62.3346,541,1.7452
62.3389,545,1.7581
62.3432,548,1.7677
62.3475,550,1.7742
62.3519,550,1.7742
62.3562,547,1.7645
62.3605,543,1.7516
62.3648,536,1.7290
62.3691,531,1.7129
62.3734,524,1.6903
62.3777,516,1.6645
62.3820,509,1.6419
62.3863,502,1.6194
62.3906,499,1.6097
62.3950,498,1.6065
62.3993,499,1.6097
62.4037,500,1.6129
62.4083,502,1.6194
62.4127,502,1.6194
62.4170,502,1.6194
62.4213,501,1.6161
62.4256,503,1.6226
62.4299,503,1.6226
62.4343,504,1.6258
62.4386,504,1.6258
62.4430,504,1.6258
62.4472,505,1.6290
62.4516,507,1.6355
62.4559,506,1.6323
62.4602,506,1.6323
62.4645,503,1.6226
62.4743,473,1.5258
62.4787,464,1.4968
62.4830,485,1.5645
62.4874,537,1.7323
62.4919,616,1.9871
62.4963,705,2.2742
62.5006,785,2.5323
62.5049,819,2.6419
62.5092,786,2.5355
62.5135,712,2.2968
62.5178,618,1.9935
62.5221,532,1.7161
62.5264,476,1.5355
62.5307,452,1.4581
62.5356,449,1.4484
62.5401,463,1.4935
62.5445,475,1.5323
62.5488,482,1.5548
62.5531,485,1.5645
62.5574,486,1.5677
62.5617,486,1.5677
62.5660,486,1.5677
62.5703,486,1.5677
62.5746,486,1.5677
62.5789,487,1.5710
62.5832,488,1.5742
62.5877,489,1.5774
62.5920,490,1.5806
62.5968,491,1.5839
62.6011,491,1.5839
62.6054,491,1.5839
62.6097,493,1.5903
62.6140,494,1.5935
62.6183,494,1.5935
62.6226,494,1.5935
62.6269,496,1.6000
62.6312,496,1.6000
62.6355,497,1.6032
62.6398,497,1.6032
62.6442,496,1.6000
62.6485,496,1.6000
62.6528,496,1.6000
62.6571,496,1.6000
62.6614,498,1.6065
62.6657,502,1.6194
62.6701,506,1.6323
62.6746,513,1.6548
62.6789,519,1.6742
62.6832,527,1.7000
62.6875,534,1.7226
62.6918,540,1.7419
62.6962,547,1.7645
62.7005,553,1.7839
62.7048,560,1.8065
62.7091,564,1.8194
62.7134,570,1.8387
62.7177,574,1.8516
62.7220,575,1.8548
62.7263,576,1.8581
62.7306,578,1.8645
62.7349,579,1.8677
62.7393,580,1.8710
62.7437,578,1.8645
62.7480,576,1.8581
62.7522,574,1.8516
62.7566,573,1.8484
62.7609,568,1.8323
62.7652,561,1.8097
62.7695,556,1.7935
62.7738,552,1.7806
62.7781,546,1.7613
62.7824,537,1.7323
62.7867,531,1.7129
62.7910,524,1.6903
62.7953,516,1.6645
62.7997,509,1.6419
62.8040,503,1.6226
62.8083,496,1.6000
62.8126,490,1.5806
62.8169,483,1.5581
62.8212,479,1.5452
62.8255,478,1.5419
62.8298,478,1.5419
62.8341,479,1.5452
62.8384,479,1.5452
62.8427,480,1.5484
62.8471,482,1.5548
62.8513,481,1.5516
62.8556,483,1.5581
62.8600,483,1.5581
62.8643,485,1.5645
62.8686,485,1.5645
62.8729,485,1.5645
62.8772,484,1.5613
62.8815,484,1.5613
62.8858,485,1.5645
62.8903,488,1.5742
62.8946,488,1.5742
62.8993,488,1.5742
62.9037,488,1.5742
62.9080,489,1.5774
62.9123,490,1.5806
62.9166,490,1.5806
62.9209,490,1.5806
62.9253,491,1.5839
62.9296,491,1.5839
62.9339,493,1.5903
62.9382,493,1.5903
62.9425,494,1.5935
62.9469,495,1.5968
62.9512,495,1.5968
62.9555,495,1.5968
62.9598,495,1.5968
62.9641,495,1.5968
62.9684,495,1.5968
62.9727,496,1.6000
62.9770,497,1.6032
62.9813,496,1.6000
62.9856,498,1.6065
62.9900,498,1.6065
62.9943,499,1.6097
62.9986,500,1.6129
63.0029,501,1.6161
63.0072,501,1.6161
63.0115,501,1.6161
63.0158,500,1.6129
63.0201,500,1.6129
63.0244,500,1.6129
63.0288,502,1.6194
63.0331,504,1.6258
63.0374,504,1.6258
63.0417,504,1.6258
63.0472,505,1.6290
63.0515,504,1.6258
63.0558,504,1.6258
63.0601,506,1.6323
63.0644,512,1.6516
63.0687,520,1.6774
63.0730,525,1.6935
63.0773,531,1.7129
63.0817,538,1.7355
63.0862,544,1.7548
63.0906,548,1.7677
63.0950,550,1.7742
63.0994,551,1.7774
63.1037,548,1.7677
63.1086,544,1.7548
63.1129,540,1.7419
63.1172,534,1.7226
63.1215,525,1.6935
63.1258,518,1.6710
63.1302,511,1.6484
63.1344,504,1.6258
63.1387,499,1.6097
63.1430,499,1.6097
63.1474,499,1.6097
63.1517,499,1.6097
63.1560,499,1.6097
63.1603,500,1.6129
63.1646,500,1.6129
63.1689,500,1.6129
63.1732,501,1.6161
63.1775,502,1.6194
63.1818,502,1.6194
63.1861,503,1.6226
63.1905,503,1.6226
63.1948,503,1.6226
63.1991,504,1.6258
63.2034,504,1.6258
63.2078,506,1.6323
63.2121,504,1.6258
63.2164,502,1.6194
63.2207,488,1.5742
63.2250,472,1.5226
63.2293,466,1.5032
63.2336,488,1.5742
63.2379,541,1.7452
63.2422,619,1.9968
63.2465,709,2.2871
63.2509,788,2.5419
63.2552,820,2.6452
63.2595,785,2.5323
63.2638,705,2.2742
63.2681,610,1.9677
63.2724,526,1.6968
63.2767,474,1.5290
63.2810,451,1.4548
63.2853,449,1.4484
63.2896,459,1.4806
63.2939,472,1.5226
63.2983,482,1.5548
63.3025,485,1.5645
63.3068,485,1.5645
63.3111,485,1.5645
63.3155,486,1.5677
63.3198,486,1.5677
63.3240,487,1.5710
63.3283,487,1.5710
63.3326,489,1.5774
63.3370,490,1.5806
63.3413,490,1.5806
63.3456,490,1.5806
63.3499,491,1.5839
63.3543,492,1.5871
63.3586,493,1.5903
63.3629,492,1.5871
63.3672,492,1.5871
63.3714,493,1.5903
63.3758,494,1.5935
63.3801,493,1.5903
63.3845,494,1.5935
63.3889,495,1.5968
63.3933,496,1.6000
63.3977,496,1.6000
63.4020,496,1.6000
63.4063,497,1.6032
63.4106,498,1.6065
63.4149,501,1.6161
63.4192,504,1.6258
63.4235,512,1.6516
63.4278,518,1.6710
63.4321,524,1.6903
63.4364,531,1.7129
63.4407,539,1.7387
63.4450,545,1.7581
63.4493,550,1.7742
63.4536,558,1.8000
63.4579,561,1.8097
63.4622,566,1.8258
63.4665,570,1.8387
63.4708,575,1.8548
63.4751,578,1.8645
63.4794,580,1.8710
63.4837,581,1.8742
63.4880,581,1.8742
63.4923,579,1.8677
63.4966,578,1.8645
63.5009,576,1.8581
63.5052,572,1.8452
63.5095,568,1.8323
63.5138,562,1.8129
63.5181,558,1.8000
63.5224,553,1.7839
63.5267,547,1.7645
63.5310,541,1.7452
63.5353,535,1.7258
63.5396,528,1.7032
63.5439,519,1.6742
63.5482,512,1.6516
63.5525,505,1.6290
63.5568,497,1.6032
63.5611,491,1.5839
63.5654,486,1.5677
63.5697,482,1.5548
63.5740,479,1.5452
63.5783,479,1.5452
63.5826,479,1.5452
63.5869,481,1.5516
63.5912,481,1.5516
63.5955,480,1.5484
63.5998,480,1.5484
63.6041,482,1.5548
63.6085,483,1.5581
63.6128,484,1.5613
63.6171,484,1.5613
63.6214,484,1.5613
63.6257,484,1.5613
63.6300,484,1.5613
63.6343,486,1.5677
63.6386,486,1.5677
63.6429,486,1.5677
63.6472,487,1.5710
63.6516,488,1.5742
63.6558,488,1.5742
63.6602,489,1.5774
63.6645,490,1.5806
63.6687,491,1.5839
63.6730,490,1.5806
63.6773,490,1.5806
63.6816,491,1.5839
63.6859,491,1.5839
63.6902,491,1.5839
63.6945,492,1.5871
63.6988,493,1.5903
63.7031,494,1.5935
63.7074,495,1.5968
63.7117,496,1.6000
63.7160,496,1.6000
63.7203,496,1.6000
63.7248,496,1.6000
63.7291,496,1.6000
63.7334,496,1.6000
63.7377,497,1.6032
63.7420,497,1.6032
63.7463,497,1.6032
63.7507,498,1.6065
63.7550,498,1.6065
63.7593,498,1.6065
63.7636,499,1.6097
63.7679,500,1.6129
63.7722,501,1.6161
63.7764,501,1.6161
63.7807,502,1.6194
63.7850,502,1.6194
63.7893,501,1.6161
63.7936,502,1.6194
63.7979,502,1.6194
63.8022,503,1.6226
63.8066,502,1.6194
63.8109,504,1.6258
63.8151,511,1.6484
63.8194,518,1.6710
63.8237,526,1.6968
63.8280,532,1.7161
63.8323,540,1.7419
63.8366,545,1.7581
63.8409,549,1.7710
63.8452,552,1.7806
63.8495,551,1.7774
63.8538,551,1.7774
63.8581,547,1.7645
63.8624,541,1.7452
63.8667,536,1.7290
63.8710,529,1.7065
63.8753,521,1.6806
63.8796,515,1.6613
63.8839,507,1.6355
63.8882,502,1.6194
63.8925,499,1.6097
63.8968,499,1.6097
63.9012,500,1.6129
63.9055,500,1.6129
63.9098,500,1.6129
63.9141,500,1.6129
63.9184,502,1.6194
63.9227,503,1.6226
63.9270,503,1.6226
63.9313,504,1.6258
63.9356,505,1.6290
63.9398,505,1.6290
63.9441,505,1.6290
63.9484,506,1.6323
63.9528,506,1.6323
63.9570,507,1.6355
63.9613,505,1.6290
63.9657,501,1.6161
63.9700,490,1.5806
63.9743,474,1.5290
63.9786,465,1.5000
63.9829,483,1.5581
63.9873,533,1.7194
63.9917,610,1.9677
63.9961,699,2.2548
64.0004,781,2.5194
64.0047,822,2.6516
64.0090,795,2.5645
64.0133,720,2.3226
64.0176,625,2.0161
64.0219,538,1.7355
64.0262,481,1.5516
64.0305,454,1.4645
64.0348,450,1.4516
64.0391,459,1.4806
64.0434,472,1.5226
64.0477,481,1.5516
64.0521,485,1.5645
64.0564,485,1.5645
64.0607,486,1.5677
64.0650,486,1.5677
64.0693,487,1.5710
64.0736,487,1.5710
64.0779,487,1.5710
64.0822,488,1.5742
64.0864,488,1.5742
64.0908,490,1.5806
64.0951,489,1.5774
64.0993,489,1.5774
64.1037,490,1.5806
64.1079,490,1.5806
64.1123,491,1.5839
64.1166,492,1.5871
64.1208,492,1.5871
64.1251,493,1.5903
64.1295,493,1.5903
64.1338,493,1.5903
64.1381,494,1.5935
64.1424,495,1.5968
64.1467,496,1.6000
64.1510,496,1.6000
64.1553,497,1.6032
64.1596,496,1.6000
64.1639,499,1.6097
64.1682,503,1.6226
64.1725,511,1.6484
64.1768,517,1.6677
64.1811,524,1.6903
64.1853,530,1.7097
64.1896,537,1.7323
64.1940,544,1.7548
64.1982,548,1.7677
64.2025,555,1.7903
64.2068,559,1.8032
64.2112,564,1.8194
64.2154,567,1.8290
64.2197,573,1.8484
64.2240,576,1.8581
64.2289,579,1.8677
64.2332,580,1.8710
64.2375,579,1.8677
64.2418,579,1.8677
64.2464,577,1.8613
64.2507,575,1.8548
64.2551,573,1.8484
64.2593,569,1.8355
64.2636,563,1.8161
64.2679,557,1.7968
64.2723,552,1.7806
64.2766,547,1.7645
64.2809,540,1.7419
64.2853,533,1.7194
64.2897,526,1.6968
64.2942,518,1.6710
64.2985,512,1.6516
64.3028,506,1.6323
64.3071,498,1.6065
64.3114,491,1.5839
64.3157,485,1.5645
64.3201,480,1.5484
64.3243,477,1.5387
64.3286,477,1.5387
64.3329,478,1.5419
64.3372,478,1.5419
64.3415,479,1.5452
64.3458,479,1.5452
64.3502,480,1.5484
64.3545,481,1.5516
64.3588,482,1.5548
64.3631,483,1.5581
64.3674,484,1.5613
64.3717,485,1.5645
64.3760,486,1.5677
64.3803,486,1.5677
64.3846,486,1.5677
64.3889,486,1.5677
64.3932,487,1.5710
64.3975,487,1.5710
64.4018,488,1.5742
64.4061,489,1.5774
64.4104,490,1.5806
64.4147,489,1.5774
64.4190,490,1.5806
64.4233,491,1.5839
64.4276,491,1.5839
64.4319,492,1.5871
64.4362,493,1.5903
64.4405,494,1.5935
64.4448,495,1.5968
64.4491,496,1.6000
64.4534,495,1.5968
64.4577,496,1.6000
64.4620,496,1.6000
64.4663,496,1.6000
64.4706,497,1.6032
64.4749,497,1.6032
64.4792,498,1.6065
64.4835,498,1.6065
64.4878,498,1.6065
64.4921,498,1.6065
64.4964,499,1.6097
64.5007,499,1.6097
64.5050,500,1.6129
64.5093,501,1.6161
64.5136,502,1.6194
64.5179,502,1.6194
64.5222,502,1.6194
64.5265,504,1.6258
64.5308,504,1.6258
64.5351,502,1.6194
64.5394,503,1.6226
64.5437,504,1.6258
64.5480,504,1.6258
64.5523,505,1.6290
64.5566,505,1.6290
64.5609,508,1.6387
64.5652,512,1.6516
64.5695,521,1.6806
64.5738,528,1.7032
64.5781,534,1.7226
64.5825,541,1.7452
64.5868,545,1.7581
64.5911,550,1.7742
64.5953,552,1.7806
64.5996,552,1.7806
64.6039,550,1.7742
64.6083,547,1.7645
64.6125,542,1.7484
64.6168,536,1.7290
64.6212,529,1.7065
64.6255,522,1.6839
64.6298,514,1.6581
64.6341,508,1.6387
64.6384,503,1.6226
64.6427,501,1.6161
64.6470,501,1.6161
64.6513,502,1.6194
64.6555,502,1.6194
64.6599,501,1.6161
64.6642,501,1.6161
64.6685,503,1.6226
64.6728,502,1.6194
64.6771,503,1.6226
64.6814,505,1.6290
64.6857,506,1.6323
64.6900,506,1.6323
64.6943,507,1.6355
64.6986,506,1.6323
64.7030,507,1.6355
64.7073,507,1.6355
64.7116,507,1.6355
64.7159,503,1.6226
64.7201,492,1.5871
64.7245,476,1.5355
64.7287,467,1.5065
64.7330,484,1.5613
64.7373,532,1.7161
64.7416,606,1.9548
64.7459,695,2.2419
64.7502,777,2.5065
64.7545,819,2.6419
64.7588,796,2.5677
64.7631,724,2.3355
64.7675,628,2.0258
64.7717,540,1.7419
64.7760,482,1.5548
64.7803,454,1.4645
64.7846,449,1.4484
64.7889,457,1.4742
64.7932,470,1.5161
64.7975,479,1.5452
64.8018,484,1.5613
64.8061,485,1.5645
64.8104,485,1.5645
64.8147,484,1.5613
64.8190,485,1.5645
64.8233,486,1.5677
64.8276,488,1.5742
64.8319,488,1.5742
64.8362,489,1.5774
64.8405,489,1.5774
64.8448,489,1.5774
64.8491,491,1.5839
64.8534,492,1.5871
64.8577,491,1.5839
64.8620,491,1.5839
64.8664,492,1.5871
64.8706,492,1.5871
64.8749,492,1.5871
64.8792,493,1.5903
64.8835,494,1.5935
64.8879,496,1.6000
64.8923,497,1.6032
64.8967,497,1.6032
64.9010,498,1.6065
64.9053,498,1.6065
64.9096,498,1.6065
64.9139,499,1.6097
64.9182,503,1.6226
64.9225,508,1.6387
64.9268,515,1.6613
64.9311,522,1.6839
64.9354,530,1.7097
64.9397,536,1.7290
64.9440,541,1.7452
64.9484,549,1.7710
64.9527,553,1.7839
64.9570,559,1.8032
64.9613,564,1.8194
64.9656,569,1.8355
64.9699,572,1.8452
64.9742,574,1.8516
64.9785,576,1.8581
64.9828,578,1.8645
64.9871,577,1.8613
64.9914,577,1.8613
64.9957,577,1.8613
65.0000,575,1.8548
65.0043,573,1.8484
65.0086,567,1.8290
65.0130,564,1.8194
65.0172,558,1.8000
65.0215,552,1.7806
65.0258,548,1.7677
65.0302,541,1.7452
65.0345,534,1.7226
65.0388,528,1.7032
65.0431,521,1.6806
65.0474,513,1.6548
65.0517,506,1.6323
65.0560,498,1.6065
65.0605,490,1.5806
65.0650,484,1.5613
65.0695,478,1.5419
65.0740,476,1.5355
65.0786,475,1.5323
65.0831,477,1.5387
65.0874,478,1.5419
65.0918,479,1.5452
65.0961,480,1.5484
65.1004,481,1.5516
65.1046,482,1.5548
65.1089,483,1.5581
65.1133,485,1.5645
65.1176,484,1.5613
65.1219,485,1.5645
65.1261,485,1.5645
65.1304,484,1.5613
65.1348,485,1.5645
65.1391,485,1.5645
65.1433,487,1.5710
65.1476,488,1.5742
65.1519,489,1.5774
65.1562,489,1.5774
65.1605,491,1.5839
65.1648,491,1.5839
65.1691,491,1.5839
65.1735,492,1.5871
65.1779,493,1.5903
65.1822,492,1.5871
65.1867,493,1.5903
65.1911,495,1.5968
65.1956,495,1.5968
65.1999,495,1.5968
65.2042,494,1.5935
65.2085,495,1.5968
65.2128,494,1.5935
65.2171,495,1.5968
65.2214,495,1.5968
65.2257,496,1.6000
65.2301,497,1.6032
65.2343,499,1.6097
65.2387,500,1.6129
65.2430,499,1.6097
65.2473,500,1.6129
65.2515,501,1.6161
65.2559,500,1.6129
65.2602,500,1.6129
65.2646,501,1.6161
65.2688,500,1.6129
65.2731,501,1.6161
65.2773,501,1.6161
65.2816,503,1.6226
65.2859,503,1.6226
65.2901,503,1.6226
65.2944,505,1.6290
65.2986,505,1.6290
65.3029,505,1.6290
65.3072,505,1.6290
65.3114,508,1.6387
65.3157,512,1.6516
65.3200,519,1.6742
65.3243,526,1.6968
65.3285,534,1.7226
65.3328,540,1.7419
65.3371,544,1.7548
65.3414,547,1.7645
65.3457,549,1.7710
65.3500,550,1.7742
65.3542,549,1.7710
65.3585,545,1.7581
65.3628,541,1.7452
65.3670,534,1.7226
65.3713,527,1.7000
65.3756,520,1.6774
65.3799,513,1.6548
65.3842,506,1.6323
65.3885,501,1.6161
65.3928,499,1.6097
65.3971,499,1.6097
65.4014,500,1.6129
65.4057,500,1.6129
65.4101,501,1.6161
65.4144,501,1.6161
65.4187,501,1.6161
65.4229,501,1.6161
65.4273,502,1.6194
65.4315,502,1.6194
65.4359,502,1.6194
65.4401,503,1.6226
65.4444,504,1.6258
65.4487,504,1.6258
65.4530,504,1.6258
65.4573,505,1.6290
65.4617,506,1.6323
65.4660,501,1.6161
65.4703,489,1.5774
65.4747,472,1.5226
65.4790,462,1.4903
65.4833,482,1.5548
65.4877,531,1.7129
65.4920,610,1.9677
65.4963,699,2.2548
65.5006,783,2.5258
65.5050,819,2.6419
65.5093,790,2.5484
65.5136,712,2.2968
65.5180,619,1.9968
65.5223,531,1.7129
65.5266,477,1.5387
65.5310,452,1.4581
65.5353,449,1.4484
65.5396,460,1.4839
65.5440,473,1.5258
65.5483,482,1.5548
65.5526,484,1.5613
65.5570,485,1.5645
65.5613,484,1.5613
65.5656,486,1.5677
65.5700,487,1.5710
65.5743,487,1.5710
65.5786,488,1.5742
65.5829,488,1.5742
65.5872,489,1.5774
65.5915,490,1.5806
65.5957,491,1.5839
65.6001,492,1.5871
65.6044,492,1.5871
65.6087,493,1.5903
65.6130,494,1.5935
65.6174,493,1.5903
65.6217,493,1.5903
65.6260,494,1.5935
65.6303,495,1.5968
65.6346,495,1.5968
65.6389,496,1.6000
65.6432,497,1.6032
65.6475,497,1.6032
65.6518,496,1.6000
65.6561,496,1.6000
65.6604,497,1.6032
65.6647,499,1.6097
65.6690,504,1.6258
65.6733,510,1.6452
65.6776,516,1.6645
65.6819,523,1.6871
65.6862,531,1.7129
65.6904,537,1.7323
65.6947,544,1.7548
65.6990,550,1.7742
65.7033,555,1.7903
65.7076,559,1.8032
65.7119,563,1.8161
65.7162,569,1.8355
65.7205,573,1.8484
65.7248,575,1.8548
65.7291,577,1.8613
65.7334,578,1.8645
65.7377,579,1.8677
65.7420,579,1.8677
65.7463,577,1.8613
65.7506,574,1.8516
65.7549,573,1.8484
65.7592,570,1.8387
65.7635,566,1.8258
65.7679,560,1.8065
65.7722,556,1.7935
65.7765,549,1.7710
65.7808,541,1.7452
65.7852,533,1.7194
65.7934,520,1.6774
65.7978,513,1.6548
65.8021,508,1.6387
65.8065,500,1.6129
65.8108,493,1.5903
65.8152,488,1.5742
65.8195,482,1.5548
65.8238,479,1.5452
65.8282,478,1.5419
65.8325,477,1.5387
65.8369,478,1.5419
65.8412,478,1.5419
65.8455,477,1.5387
65.8499,478,1.5419
65.8543,481,1.5516
65.8586,482,1.5548
65.8629,482,1.5548
65.8672,483,1.5581
65.8715,484,1.5613
65.8760,485,1.5645
65.8802,485,1.5645
65.8845,486,1.5677
65.8888,486,1.5677
65.8931,487,1.5710
65.8974,489,1.5774
65.9017,489,1.5774
65.9060,490,1.5806
65.9103,491,1.5839
65.9146,490,1.5806
65.9189,490,1.5806
65.9232,490,1.5806
65.9275,492,1.5871
65.9318,493,1.5903
65.9361,494,1.5935
65.9404,494,1.5935
65.9447,495,1.5968
65.9490,497,1.6032
65.9533,496,1.6000
65.9576,495,1.5968
65.9619,496,1.6000
65.9662,496,1.6000
65.9706,495,1.5968
65.9749,496,1.6000
65.9792,497,1.6032
65.9836,498,1.6065
65.9879,500,1.6129
65.9922,499,1.6097
65.9966,499,1.6097
66.0009,500,1.6129
66.0052,500,1.6129
66.0095,500,1.6129
66.0139,501,1.6161
66.0189,501,1.6161
66.0232,501,1.6161
66.0277,502,1.6194
66.0321,502,1.6194
66.0364,503,1.6226
66.0407,503,1.6226
66.0451,503,1.6226
66.0494,503,1.6226
66.0537,504,1.6258
66.0581,505,1.6290
66.0624,509,1.6419
66.0667,515,1.6613
66.0710,522,1.6839
66.0753,528,1.7032
66.0796,535,1.7258
66.0840,541,1.7452
66.0888,546,1.7613
66.0932,550,1.7742
66.0976,551,1.7774
66.1019,550,1.7742
66.1062,547,1.7645
66.1105,544,1.7548
66.1148,539,1.7387
66.1191,533,1.7194
66.1234,526,1.6968
66.1277,518,1.6710
66.1322,511,1.6484
66.1365,505,1.6290
66.1408,501,1.6161
66.1451,501,1.6161
66.1494,502,1.6194
66.1537,503,1.6226
66.1580,504,1.6258
66.1623,503,1.6226
66.1666,503,1.6226
66.1709,503,1.6226
66.1752,504,1.6258
66.1795,504,1.6258
66.1838,504,1.6258
66.1881,504,1.6258
66.1924,504,1.6258
66.1967,504,1.6258
66.2010,504,1.6258
66.2053,503,1.6226
66.2096,502,1.6194
66.2139,503,1.6226
66.2182,496,1.6000
66.2225,480,1.5484
66.2268,466,1.5032
66.2311,469,1.5129
66.2354,502,1.6194
66.2397,566,1.8258
66.2440,650,2.0968
66.2483,742,2.3935
66.2525,806,2.6000
66.2568,816,2.6323
66.2611,762,2.4581
66.2654,677,2.1839
66.2698,581,1.8742
66.2741,506,1.6323
66.2785,465,1.5000
66.2828,450,1.4516
66.2871,453,1.4613
66.2915,467,1.5065
66.2958,479,1.5452
66.3002,484,1.5613
66.3045,486,1.5677
66.3088,485,1.5645
66.3132,487,1.5710
66.3175,489,1.5774
66.3219,489,1.5774
66.3262,489,1.5774
66.3305,491,1.5839
66.3349,491,1.5839
66.3392,491,1.5839
66.3435,492,1.5871
66.3479,492,1.5871
66.3522,492,1.5871
66.3565,492,1.5871
66.3608,492,1.5871
66.3652,492,1.5871
66.3695,493,1.5903
66.3738,494,1.5935
66.3781,495,1.5968
66.3824,495,1.5968
66.3867,495,1.5968
66.3910,497,1.6032
66.3953,497,1.6032
66.3996,497,1.6032
66.4039,497,1.6032
66.4082,497,1.6032
66.4125,498,1.6065
66.4167,501,1.6161
66.4210,507,1.6355
66.4254,513,1.6548
66.4296,520,1.6774
66.4339,527,1.7000
66.4382,533,1.7194
66.4425,540,1.7419
66.4468,546,1.7613
66.4511,552,1.7806
66.4554,557,1.7968
66.4597,563,1.8161
66.4656,568,1.8323
66.4703,572,1.8452
66.4747,574,1.8516
66.4790,576,1.8581
66.4833,577,1.8613
66.4876,578,1.8645
66.4919,576,1.8581
66.4961,574,1.8516
66.5004,574,1.8516
66.5046,572,1.8452
66.5089,568,1.8323
66.5131,562,1.8129
66.5174,557,1.7968
66.5217,551,1.7774
66.5259,545,1.7581
66.5302,540,1.7419
66.5345,534,1.7226
66.5387,527,1.7000
66.5430,520,1.6774
66.5473,512,1.6516
66.5515,506,1.6323
66.5558,499,1.6097
66.5600,493,1.5903
66.5643,487,1.5710
66.5686,481,1.5516
66.5729,477,1.5387
66.5772,476,1.5355
66.5815,478,1.5419
66.5858,478,1.5419
66.5901,478,1.5419
66.5943,478,1.5419
66.5986,480,1.5484
66.6028,480,1.5484
66.6071,481,1.5516
66.6114,482,1.5548
66.6157,483,1.5581
66.6200,484,1.5613
66.6243,485,1.5645
66.6286,485,1.5645
66.6329,486,1.5677
66.6371,487,1.5710
66.6414,487,1.5710
66.6456,488,1.5742
66.6499,489,1.5774
66.6542,491,1.5839
66.6584,491,1.5839
66.6630,491,1.5839
66.6674,491,1.5839
66.6716,493,1.5903
66.6759,493,1.5903
66.6801,493,1.5903
66.6844,494,1.5935
66.6888,494,1.5935
66.6953,495,1.5968
66.6996,495,1.5968
66.7044,495,1.5968
66.7087,496,1.6000
66.7129,497,1.6032
66.7172,498,1.6065
66.7215,498,1.6065
66.7258,498,1.6065
66.7301,499,1.6097
66.7343,500,1.6129
66.7386,499,1.6097
66.7428,499,1.6097
66.7471,500,1.6129
66.7514,501,1.6161
66.7557,501,1.6161
66.7599,502,1.6194
66.7642,502,1.6194
66.7685,502,1.6194
66.7728,503,1.6226
66.7771,503,1.6226
66.7813,504,1.6258
66.7856,504,1.6258
66.7900,503,1.6226
66.7945,503,1.6226
66.7988,504,1.6258
66.8031,505,1.6290
66.8073,506,1.6323
66.8117,508,1.6387
66.8159,514,1.6581
66.8201,520,1.6774
66.8244,528,1.7032
66.8287,535,1.7258
66.8329,541,1.7452
66.8372,544,1.7548
66.8415,549,1.7710
66.8457,551,1.7774
66.8500,552,1.7806
66.8543,551,1.7774
66.8586,547,1.7645
66.8628,542,1.7484
66.8671,537,1.7323
66.8713,529,1.7065
66.8756,522,1.6839
66.8800,514,1.6581
66.8842,508,1.6387
66.8885,502,1.6194
66.8928,501,1.6161
66.8971,502,1.6194
66.9014,502,1.6194
66.9057,502,1.6194
66.9100,501,1.6161
66.9143,502,1.6194
66.9186,502,1.6194
66.9229,503,1.6226
66.9272,502,1.6194
66.9314,504,1.6258
66.9358,503,1.6226
66.9401,503,1.6226
66.9444,504,1.6258
66.9486,505,1.6290
66.9529,505,1.6290
66.9572,505,1.6290
66.9615,505,1.6290
66.9657,502,1.6194
66.9701,491,1.5839
66.9744,474,1.5290
66.9787,465,1.5000
66.9831,481,1.5516
66.9875,531,1.7129
66.9921,610,1.9677
66.9965,702,2.2645
67.0009,786,2.5355
67.0052,820,2.6452
67.0095,788,2.5419
67.0139,712,2.2968
67.0183,615,1.9839
67.0226,527,1.7000
67.0270,474,1.5290
67.0313,451,1.4548
67.0356,449,1.4484
67.0400,460,1.4839
67.0443,473,1.5258
67.0487,481,1.5516
67.0530,484,1.5613
67.0573,485,1.5645
67.0617,486,1.5677
67.0660,486,1.5677
67.0703,487,1.5710
67.0747,487,1.5710
67.0790,487,1.5710
67.0833,488,1.5742
67.0876,489,1.5774
67.0919,489,1.5774
67.0962,491,1.5839
67.1005,490,1.5806
67.1048,490,1.5806
67.1091,491,1.5839
67.1133,492,1.5871
67.1176,494,1.5935
67.1219,493,1.5903
67.1263,493,1.5903
67.1306,495,1.5968
67.1348,495,1.5968
67.1391,496,1.6000
67.1434,496,1.6000
67.1477,496,1.6000
67.1520,498,1.6065
67.1563,498,1.6065
67.1606,498,1.6065
67.1649,500,1.6129
67.1693,504,1.6258
67.1735,511,1.6484
67.1779,518,1.6710
67.1822,525,1.6935
67.1865,531,1.7129
67.1907,536,1.7290
67.1950,542,1.7484
67.1993,550,1.7742
67.2036,555,1.7903
67.2079,561,1.8097
67.2122,567,1.8290
67.2165,571,1.8419
67.2209,574,1.8516
67.2252,576,1.8581
67.2295,579,1.8677
67.2338,580,1.8710
67.2381,581,1.8742
67.2424,579,1.8677
67.2467,578,1.8645
67.2510,577,1.8613
67.2552,573,1.8484
67.2595,568,1.8323
67.2638,563,1.8161
67.2681,559,1.8032
67.2724,554,1.7871
67.2767,547,1.7645
67.2810,540,1.7419
67.2853,534,1.7226
67.2896,527,1.7000
67.2939,520,1.6774
67.2982,513,1.6548
67.3026,506,1.6323
67.3069,498,1.6065
67.3112,491,1.5839
67.3154,485,1.5645
67.3197,479,1.5452
67.3241,477,1.5387
67.3284,476,1.5355
67.3327,477,1.5387
67.3369,479,1.5452
67.3412,480,1.5484
67.3455,481,1.5516
67.3498,481,1.5516
67.3541,483,1.5581
67.3584,483,1.5581
67.3627,483,1.5581
67.3670,483,1.5581
67.3713,484,1.5613
67.3756,484,1.5613
67.3800,486,1.5677
67.3844,487,1.5710
67.3888,487,1.5710
67.3931,488,1.5742
67.3974,489,1.5774
67.4017,490,1.5806
67.4061,490,1.5806
67.4104,490,1.5806
67.4147,491,1.5839
67.4191,491,1.5839
67.4234,492,1.5871
67.4278,491,1.5839
67.4321,492,1.5871
67.4364,492,1.5871
67.4407,494,1.5935
67.4451,494,1.5935
67.4495,495,1.5968
67.4538,496,1.6000
67.4581,496,1.6000
67.4625,496,1.6000
67.4668,497,1.6032
67.4713,498,1.6065
67.4756,498,1.6065
67.4799,499,1.6097
67.4842,499,1.6097
67.4886,500,1.6129
67.4928,498,1.6065
67.4971,498,1.6065
67.5014,498,1.6065
67.5057,499,1.6097
67.5100,501,1.6161
67.5143,502,1.6194
67.5186,502,1.6194
67.5230,502,1.6194
67.5273,502,1.6194
67.5316,503,1.6226
67.5359,503,1.6226
67.5402,503,1.6226
67.5445,502,1.6194
67.5488,504,1.6258
67.5531,504,1.6258
67.5574,506,1.6323
67.5617,508,1.6387
67.5660,513,1.6548
67.5703,520,1.6774
67.5746,528,1.7032
67.5789,536,1.7290
67.5832,541,1.7452
67.5877,546,1.7613
67.5921,550,1.7742
67.5965,551,1.7774
67.6008,552,1.7806
67.6051,549,1.7710
67.6094,544,1.7548
67.6137,540,1.7419
67.6180,535,1.7258
67.6223,529,1.7065
67.6266,521,1.6806
67.6309,512,1.6516
67.6352,506,1.6323
67.6395,500,1.6129
67.6438,499,1.6097
67.6481,498,1.6065
67.6524,500,1.6129
67.6567,500,1.6129
67.6610,501,1.6161
67.6653,500,1.6129
67.6696,501,1.6161
67.6739,502,1.6194
67.6782,503,1.6226
67.6825,502,1.6194
67.6868,503,1.6226
67.6911,504,1.6258
67.6954,503,1.6226
67.6997,505,1.6290
67.7039,505,1.6290
67.7082,505,1.6290
67.7126,505,1.6290
67.7168,501,1.6161
67.7211,487,1.5710
67.7254,471,1.5194
67.7297,464,1.4968
67.7341,488,1.5742
67.7384,543,1.7516
67.7426,620,2.0000
67.7469,709,2.2871
67.7512,792,2.5548
67.7555,822,2.6516
67.7598,786,2.5355
67.7641,707,2.2806
67.7684,614,1.9806
67.7727,528,1.7032
67.7770,476,1.5355
67.7813,452,1.4581
67.7856,449,1.4484
67.7949,474,1.5290
67.7993,482,1.5548
67.8036,484,1.5613
67.8079,483,1.5581
67.8122,485,1.5645
67.8171,486,1.5677
67.8214,487,1.5710
67.8257,488,1.5742
67.8301,489,1.5774
67.8344,489,1.5774
67.8387,489,1.5774
67.8430,489,1.5774
67.8473,489,1.5774
67.8516,493,1.5903
67.8559,493,1.5903
67.8602,492,1.5871
67.8645,493,1.5903
67.8688,493,1.5903
67.8731,494,1.5935
67.8774,494,1.5935
67.8817,495,1.5968
67.8860,495,1.5968
67.8905,495,1.5968
67.8949,495,1.5968
67.8994,498,1.6065
67.9038,497,1.6032
67.9081,497,1.6032
67.9127,498,1.6065
67.9170,502,1.6194
67.9213,508,1.6387
67.9255,516,1.6645
67.9300,522,1.6839
67.9343,528,1.7032
67.9386,535,1.7258
67.9428,542,1.7484
67.9471,547,1.7645
67.9514,554,1.7871
67.9557,560,1.8065
67.9599,563,1.8161
67.9642,567,1.8290
67.9685,571,1.8419
67.9728,575,1.8548
67.9771,577,1.8613
67.9813,579,1.8677
67.9856,580,1.8710
67.9899,578,1.8645
67.9942,578,1.8645
67.9985,575,1.8548
68.0028,573,1.8484
68.0071,569,1.8355
68.0114,566,1.8258
68.0157,562,1.8129
68.0200,555,1.7903
68.0243,550,1.7742
68.0286,544,1.7548
68.0330,537,1.7323
68.0372,531,1.7129
68.0416,524,1.6903
68.0459,516,1.6645
68.0501,509,1.6419
68.0544,501,1.6161
68.0587,495,1.5968
68.0631,490,1.5806
68.0674,485,1.5645
68.0716,479,1.5452
68.0760,476,1.5355
68.0803,476,1.5355
68.0847,476,1.5355
68.0890,477,1.5387
68.0934,480,1.5484
68.0977,480,1.5484
68.1020,481,1.5516
68.1064,482,1.5548
68.1107,483,1.5581
68.1150,483,1.5581
68.1194,483,1.5581
68.1237,485,1.5645
68.1280,486,1.5677
68.1324,487,1.5710
68.1368,487,1.5710
68.1411,487,1.5710
68.1454,487,1.5710
68.1498,489,1.5774
68.1541,489,1.5774
68.1584,490,1.5806
68.1628,491,1.5839
68.1671,491,1.5839
68.1714,492,1.5871
68.1758,492,1.5871
68.1801,493,1.5903
68.1845,493,1.5903
68.1888,494,1.5935
68.1931,496,1.6000
68.1974,496,1.6000
68.2017,497,1.6032
68.2060,498,1.6065
68.2103,497,1.6032
68.2145,497,1.6032
68.2188,497,1.6032
68.2231,498,1.6065
68.2274,499,1.6097
68.2317,499,1.6097
68.2361,500,1.6129
68.2404,501,1.6161
68.2447,501,1.6161
68.2490,501,1.6161
68.2533,501,1.6161
68.2576,502,1.6194
68.2619,502,1.6194
68.2662,502,1.6194
68.2705,502,1.6194
68.2748,503,1.6226
68.2790,503,1.6226
68.2834,501,1.6161
68.2877,503,1.6226
68.2921,503,1.6226
68.2964,504,1.6258
68.3007,504,1.6258
68.3051,504,1.6258
68.3094,506,1.6323
68.3137,510,1.6452
68.3180,517,1.6677
68.3224,525,1.6935
68.3267,531,1.7129
68.3311,537,1.7323
68.3354,543,1.7516
68.3398,547,1.7645
68.3441,549,1.7710
68.3485,550,1.7742
68.3528,550,1.7742
68.3571,547,1.7645
68.3615,542,1.7484
68.3658,536,1.7290
68.3701,530,1.7097
68.3745,522,1.6839
68.3788,515,1.6613
68.3831,507,1.6355
68.3875,501,1.6161
68.3918,499,1.6097
68.3960,499,1.6097
68.4003,499,1.6097
68.4046,499,1.6097
68.4089,501,1.6161
68.4132,502,1.6194
68.4175,502,1.6194
68.4218,502,1.6194
68.4261,503,1.6226
68.4304,503,1.6226
68.4348,505,1.6290
68.4391,505,1.6290
68.4434,504,1.6258
68.4477,504,1.6258
68.4520,504,1.6258
68.4562,506,1.6323
68.4605,507,1.6355
68.4648,505,1.6290
68.4691,496,1.6000
68.4734,480,1.5484
68.4777,466,1.5032
68.4820,473,1.5258
68.4864,516,1.6645
68.4910,588,1.8968
68.4955,679,2.1903
68.4998,765,2.4677
68.5042,819,2.6419
68.5085,803,2.5903
68.5129,731,2.3581
68.5172,640,2.0645
68.5215,549,1.7710
68.5259,486,1.5677
68.5302,456,1.4710
68.5346,448,1.4452
68.5390,458,1.4774
68.5433,471,1.5194
68.5476,480,1.5484
68.5520,483,1.5581
68.5563,485,1.5645
68.5606,486,1.5677
68.5650,487,1.5710
68.5693,488,1.5742
68.5736,488,1.5742
68.5780,488,1.5742
68.5823,489,1.5774
68.5866,489,1.5774
68.5909,490,1.5806
68.5952,491,1.5839
68.5995,491,1.5839
68.6038,492,1.5871
68.6081,492,1.5871
68.6124,493,1.5903
68.6167,494,1.5935
68.6210,494,1.5935
68.6253,494,1.5935
68.6296,495,1.5968
68.6339,495,1.5968
68.6382,496,1.6000
68.6425,496,1.6000
68.6468,497,1.6032
68.6511,497,1.6032
68.6554,497,1.6032
68.6597,497,1.6032
68.6640,498,1.6065
68.6683,503,1.6226
68.6726,509,1.6419
68.6769,516,1.6645
68.6812,523,1.6871
68.6855,529,1.7065
68.6898,535,1.7258
68.6942,542,1.7484
68.6985,548,1.7677
68.7029,555,1.7903
68.7072,561,1.8097
68.7115,566,1.8258
68.7159,569,1.8355
68.7202,572,1.8452
68.7245,576,1.8581
68.7289,577,1.8613
68.7332,578,1.8645
68.7376,579,1.8677
68.7419,576,1.8581
68.7463,576,1.8581
68.7506,574,1.8516
68.7549,571,1.8419
68.7593,568,1.8323
68.7636,563,1.8161
68.7680,557,1.7968
68.7723,554,1.7871
68.7766,545,1.7581
68.7811,541,1.7452
68.7854,535,1.7258
68.7899,526,1.6968
68.7943,519,1.6742
68.7987,511,1.6484
68.8030,506,1.6323
68.8073,498,1.6065
68.8116,492,1.5871
68.8159,487,1.5710
68.8202,481,1.5516
68.8245,478,1.5419
68.8288,476,1.5355
68.8331,476,1.5355
68.8375,478,1.5419
68.8418,479,1.5452
68.8461,479,1.5452
68.8504,480,1.5484
68.8547,481,1.5516
68.8590,482,1.5548
68.8633,483,1.5581
68.8676,484,1.5613
68.8719,484,1.5613
68.8762,486,1.5677
68.8805,486,1.5677
68.8848,486,1.5677
68.8891,485,1.5645
68.8934,486,1.5677
68.8977,488,1.5742
68.9020,488,1.5742
68.9063,488,1.5742
68.9106,488,1.5742
68.9149,489,1.5774
68.9192,490,1.5806
68.9235,490,1.5806
68.9279,489,1.5774
68.9323,491,1.5839
68.9366,493,1.5903
68.9409,492,1.5871
68.9452,492,1.5871
68.9495,493,1.5903
68.9538,493,1.5903
68.9581,494,1.5935
68.9624,494,1.5935
68.9667,496,1.6000
68.9710,496,1.6000
68.9753,496,1.6000
68.9796,497,1.6032
68.9839,499,1.6097
68.9882,499,1.6097
68.9925,499,1.6097
68.9969,500,1.6129
69.0012,500,1.6129
69.0055,499,1.6097
69.0099,499,1.6097
69.0142,500,1.6129
69.0186,499,1.6097
69.0229,500,1.6129
69.0272,502,1.6194
69.0316,503,1.6226
69.0359,502,1.6194
69.0403,503,1.6226
69.0446,503,1.6226
69.0490,504,1.6258
69.0533,505,1.6290
69.0576,504,1.6258
69.0620,507,1.6355
69.0663,512,1.6516
69.0706,519,1.6742
69.0750,527,1.7000
69.0793,533,1.7194
69.0837,539,1.7387
69.0881,542,1.7484
69.0924,547,1.7645
69.0967,550,1.7742
69.1010,550,1.7742
69.1053,548,1.7677
69.1096,543,1.7516
69.1139,539,1.7387
69.1181,532,1.7161
69.1224,526,1.6968
69.1268,518,1.6710
69.1311,510,1.6452
69.1354,504,1.6258
69.1397,500,1.6129
69.1440,499,1.6097
69.1483,499,1.6097
69.1526,498,1.6065
69.1569,499,1.6097
69.1612,501,1.6161
69.1655,502,1.6194
69.1698,502,1.6194
69.1740,503,1.6226
69.1783,503,1.6226
69.1826,503,1.6226
69.1869,504,1.6258
69.1913,505,1.6290
69.1956,504,1.6258
69.2000,505,1.6290
69.2043,505,1.6290
69.2087,504,1.6258
69.2130,503,1.6226
69.2173,499,1.6097
69.2217,486,1.5677
69.2260,470,1.5161
69.2304,467,1.5065
69.2347,494,1.5935
69.2390,552,1.7806
69.2434,632,2.0387
69.2477,724,2.3355
69.2521,797,2.5710
69.2564,818,2.6387
69.2607,773,2.4935
69.2651,689,2.2226
69.2694,592,1.9097
69.2737,514,1.6581
69.2781,468,1.5097
69.2824,449,1.4484
69.2867,450,1.4516
69.2911,462,1.4903
69.2954,475,1.5323
69.2996,483,1.5581
69.3039,485,1.5645
69.3083,485,1.5645
69.3125,486,1.5677
69.3168,487,1.5710
69.3211,487,1.5710
69.3254,486,1.5677
69.3297,486,1.5677
69.3340,487,1.5710
69.3383,488,1.5742
69.3426,490,1.5806
69.3470,489,1.5774
69.3513,490,1.5806
69.3555,491,1.5839
69.3598,492,1.5871
69.3641,493,1.5903
69.3684,493,1.5903
69.3727,494,1.5935
69.3770,494,1.5935
69.3813,496,1.6000
69.3857,496,1.6000
69.3902,496,1.6000
69.3947,497,1.6032
69.3991,497,1.6032
69.4035,497,1.6032
69.4078,497,1.6032
69.4123,497,1.6032
69.4166,501,1.6161
69.4209,506,1.6323
69.4253,513,1.6548
69.4296,520,1.6774
69.4340,526,1.6968
69.4383,534,1.7226
69.4427,540,1.7419
69.4471,546,1.7613
69.4514,551,1.7774
69.4558,558,1.8000
69.4601,562,1.8129
69.4645,566,1.8258
69.4688,570,1.8387
69.4732,572,1.8452
69.4775,575,1.8548
69.4818,578,1.8645
69.4863,578,1.8645
69.4906,576,1.8581
69.4950,575,1.8548
69.4993,574,1.8516
69.5036,572,1.8452
69.5079,568,1.8323
69.5128,563,1.8161
69.5171,558,1.8000
69.5214,552,1.7806
69.5256,546,1.7613
69.5300,539,1.7387
69.5344,533,1.7194
69.5387,528,1.7032
69.5430,521,1.6806
69.5472,513,1.6548
69.5515,508,1.6387
69.5559,500,1.6129
69.5601,493,1.5903
69.5644,487,1.5710
69.5691,481,1.5516
69.5734,477,1.5387
69.5777,476,1.5355
69.5820,476,1.5355
69.5864,478,1.5419
69.5907,479,1.5452
69.5950,480,1.5484
69.5993,482,1.5548
69.6036,482,1.5548
69.6079,483,1.5581
69.6122,484,1.5613
69.6165,484,1.5613
69.6208,484,1.5613
69.6251,484,1.5613
69.6294,485,1.5645
69.6337,485,1.5645
69.6381,487,1.5710
69.6424,487,1.5710
69.6467,487,1.5710
69.6510,488,1.5742
69.6553,489,1.5774
69.6596,490,1.5806
69.6639,491,1.5839
69.6682,491,1.5839
69.6725,491,1.5839
69.6768,491,1.5839
69.6811,491,1.5839
69.6854,493,1.5903
69.6899,494,1.5935
69.6944,494,1.5935
69.6987,495,1.5968
69.7031,496,1.6000
69.7074,496,1.6000
69.7117,497,1.6032
69.7160,497,1.6032
69.7203,497,1.6032
69.7246,497,1.6032
69.7289,496,1.6000
69.7332,497,1.6032
69.7376,497,1.6032
69.7419,497,1.6032
69.7462,498,1.6065
69.7505,500,1.6129
69.7548,500,1.6129
69.7591,499,1.6097
69.7634,500,1.6129
69.7677,501,1.6161
69.7720,501,1.6161
69.7763,501,1.6161
69.7806,501,1.6161
69.7849,502,1.6194
69.7892,503,1.6226
69.7935,504,1.6258
69.7979,504,1.6258
69.8022,505,1.6290
69.8065,506,1.6323
69.8108,505,1.6290
69.8150,510,1.6452
69.8194,518,1.6710
69.8237,524,1.6903
69.8280,532,1.7161
69.8324,539,1.7387
69.8367,543,1.7516
69.8410,548,1.7677
69.8454,551,1.7774
69.8497,553,1.7839
69.8540,550,1.7742
69.8583,546,1.7613
69.8626,542,1.7484
69.8669,536,1.7290
69.8712,529,1.7065
69.8755,522,1.6839
69.8798,514,1.6581
69.8841,505,1.6290
69.8884,500,1.6129
69.8927,498,1.6065
69.8970,498,1.6065
69.9014,499,1.6097
69.9057,500,1.6129
69.9100,501,1.6161
69.9143,501,1.6161
69.9186,501,1.6161
69.9229,502,1.6194
69.9272,503,1.6226
69.9315,503,1.6226
69.9358,503,1.6226
69.9401,503,1.6226
69.9444,504,1.6258
69.9487,504,1.6258
69.9530,504,1.6258
69.9573,504,1.6258
69.9616,505,1.6290
69.9659,502,1.6194
69.9702,491,1.5839
69.9745,472,1.5226
69.9788,462,1.4903
69.9831,477,1.5387
69.9874,524,1.6903
69.9918,599,1.9323
69.9961,691,2.2290
