time_s,adc_raw,voltage
0.0000,493,1.5903
0.0189,496,1.6000
0.0235,496,1.6000
0.0338,502,1.6194
0.0381,510,1.6452
0.0424,521,1.6806
0.0468,531,1.7129
0.0573,555,1.7903
0.0617,561,1.8097
0.0660,567,1.8290
0.0704,569,1.8355
0.0747,567,1.8290
0.0789,564,1.8194
0.0831,558,1.8000
0.0874,548,1.7677
0.0916,540,1.7419
0.0957,530,1.7097
0.0999,519,1.6742
0.1041,507,1.6355
0.1083,498,1.6065
0.1124,495,1.5968
0.1166,493,1.5903
0.1208,491,1.5839
0.1250,491,1.5839
0.1291,492,1.5871
0.1333,492,1.5871
0.1375,494,1.5935
0.1417,494,1.5935
0.1459,493,1.5903
0.1501,495,1.5968
0.1543,495,1.5968
0.1672,496,1.6000
0.1718,498,1.6065
0.1765,499,1.6097
0.1809,499,1.6097
0.1854,497,1.6032
0.1899,487,1.5710
0.1946,463,1.4935
0.1992,440,1.4194
0.2039,447,1.4419
0.2085,509,1.6419
0.2128,614,1.9806
0.2172,742,2.3935
0.2215,876,2.8258
0.2258,965,3.1129
0.2301,955,3.0806
0.2343,867,2.7968
0.2385,736,2.3742
0.2427,598,1.9290
0.2468,491,1.5839
0.2510,434,1.4000
0.2552,415,1.3387
0.2593,419,1.3516
0.2635,438,1.4129
0.2677,455,1.4677
0.2718,465,1.5000
0.2760,468,1.5097
0.2801,470,1.5161
0.2843,471,1.5194
0.2885,472,1.5226
0.2926,472,1.5226
0.2968,472,1.5226
0.3010,474,1.5290
0.3051,476,1.5355
0.3093,476,1.5355
0.3136,475,1.5323
0.3178,476,1.5355
0.3220,477,1.5387
0.3262,478,1.5419
0.3304,478,1.5419
0.3345,478,1.5419
0.3387,480,1.5484
0.3429,481,1.5516
0.3470,482,1.5548
0.3512,483,1.5581
0.3554,484,1.5613
0.3596,484,1.5613
0.3637,485,1.5645
0.3679,485,1.5645
0.3721,486,1.5677
0.3762,487,1.5710
0.3804,488,1.5742
0.3846,488,1.5742
0.3887,493,1.5903
0.3929,501,1.6161
0.3971,511,1.6484
0.4012,521,1.6806
0.4054,531,1.7129
0.4095,542,1.7484
0.4137,551,1.7774
0.4179,560,1.8065
0.4221,569,1.8355
0.4262,577,1.8613
0.4304,584,1.8839
0.4345,591,1.9065
0.4387,597,1.9258
0.4429,603,1.9452
0.4470,607,1.9581
0.4513,609,1.9645
0.4556,609,1.9645
0.4599,611,1.9710
0.4640,610,1.9677
0.4682,608,1.9613
0.4724,605,1.9516
0.4766,600,1.9355
0.4807,594,1.9161
0.4849,588,1.8968
0.4891,581,1.8742
0.4932,571,1.8419
0.4974,563,1.8161
0.5016,555,1.7903
0.5058,546,1.7613
0.5099,535,1.7258
0.5141,525,1.6935
0.5183,515,1.6613
0.5224,504,1.6258
0.5266,495,1.5968
0.5307,485,1.5645
0.5349,477,1.5387
0.5391,468,1.5097
0.5432,460,1.4839
0.5474,456,1.4710
0.5516,455,1.4677
0.5557,456,1.4710
0.5599,457,1.4742
0.5641,458,1.4774
0.5682,460,1.4839
0.5724,462,1.4903
0.5766,462,1.4903
0.5807,464,1.4968
0.5849,465,1.5000
0.5891,467,1.5065
0.5933,466,1.5032
0.5975,468,1.5097
0.6016,468,1.5097
0.6058,469,1.5129
0.6099,469,1.5129
0.6141,471,1.5194
0.6183,472,1.5226
0.6225,473,1.5258
0.6266,474,1.5290
0.6308,475,1.5323
0.6350,476,1.5355
0.6391,476,1.5355
0.6433,476,1.5355
0.6475,478,1.5419
0.6516,479,1.5452
0.6558,480,1.5484
0.6599,481,1.5516
0.6641,482,1.5548
0.6683,483,1.5581
0.6724,484,1.5613
0.6766,485,1.5645
0.6808,486,1.5677
0.6850,487,1.5710
0.6891,487,1.5710
0.6933,487,1.5710
0.6974,487,1.5710
0.7016,488,1.5742
0.7058,490,1.5806
0.7099,489,1.5774
0.7141,490,1.5806
0.7183,490,1.5806
0.7224,491,1.5839
0.7266,491,1.5839
0.7307,492,1.5871
0.7349,495,1.5968
0.7391,494,1.5935
0.7432,495,1.5968
0.7474,496,1.6000
0.7516,497,1.6032
0.7557,496,1.6000
0.7599,497,1.6032
0.7640,498,1.6065
0.7682,498,1.6065
0.7724,499,1.6097
0.7765,497,1.6032
0.7807,498,1.6065
0.7848,504,1.6258
0.7890,512,1.6516
0.7932,523,1.6871
0.7973,533,1.7194
0.8015,543,1.7516
0.8057,552,1.7806
0.8098,560,1.8065
0.8140,566,1.8258
0.8182,568,1.8323
0.8223,569,1.8355
0.8265,566,1.8258
0.8306,561,1.8097
0.8348,555,1.7903
0.8390,547,1.7645
0.8431,537,1.7323
0.8473,527,1.7000
0.8515,515,1.6613
0.8556,505,1.6290
0.8598,497,1.6032
0.8640,491,1.5839
0.8681,491,1.5839
0.8723,490,1.5806
0.8764,491,1.5839
0.8806,492,1.5871
0.8848,493,1.5903
0.8889,494,1.5935
0.8931,493,1.5903
0.8973,493,1.5903
0.9014,494,1.5935
0.9056,495,1.5968
0.9097,496,1.6000
0.9139,497,1.6032
0.9181,496,1.6000
0.9222,498,1.6065
0.9264,497,1.6032
0.9306,498,1.6065
0.9347,496,1.6000
0.9389,490,1.5806
0.9431,472,1.5226
0.9472,448,1.4452
0.9514,435,1.4032
0.9556,461,1.4871
0.9597,532,1.7161
0.9639,640,2.0645
0.9681,768,2.4774
0.9722,895,2.8871
0.9764,967,3.1194
0.9805,949,3.0613
0.9847,860,2.7742
0.9889,727,2.3452
0.9930,590,1.9032
0.9972,488,1.5742
1.0013,432,1.3935
1.0055,414,1.3355
1.0097,420,1.3548
1.0139,439,1.4161
1.0180,456,1.4710
1.0222,466,1.5032
1.0263,468,1.5097
1.0305,469,1.5129
1.0346,470,1.5161
1.0388,471,1.5194
1.0430,471,1.5194
1.0471,472,1.5226
1.0513,473,1.5258
1.0557,473,1.5258
1.0600,475,1.5323
1.0642,476,1.5355
1.0683,476,1.5355
1.0725,477,1.5387
1.0767,478,1.5419
1.0809,479,1.5452
1.0850,480,1.5484
1.0892,480,1.5484
1.0934,481,1.5516
1.0975,483,1.5581
1.1017,483,1.5581
1.1058,482,1.5548
1.1100,484,1.5613
1.1142,485,1.5645
1.1183,486,1.5677
1.1225,487,1.5710
1.1267,488,1.5742
1.1309,489,1.5774
1.1350,489,1.5774
1.1392,495,1.5968
1.1434,502,1.6194
1.1475,512,1.6516
1.1517,522,1.6839
1.1559,531,1.7129
1.1600,541,1.7452
1.1642,551,1.7774
1.1683,559,1.8032
1.1725,569,1.8355
1.1767,577,1.8613
1.1808,584,1.8839
1.1850,592,1.9097
1.1892,597,1.9258
1.1933,602,1.9419
1.1975,606,1.9548
1.2017,609,1.9645
1.2058,611,1.9710
1.2101,609,1.9645
1.2144,609,1.9645
1.2187,605,1.9516
1.2230,602,1.9419
1.2273,599,1.9323
1.2316,594,1.9161
1.2359,586,1.8903
1.2401,579,1.8677
1.2445,572,1.8452
1.2488,562,1.8129
1.2530,553,1.7839
1.2573,543,1.7516
1.2616,533,1.7194
1.2659,522,1.6839
1.2702,511,1.6484
1.2745,501,1.6161
1.2788,491,1.5839
1.2831,481,1.5516
1.2874,472,1.5226
1.2917,464,1.4968
1.2959,457,1.4742
1.3002,457,1.4742
1.3045,458,1.4774
1.3088,459,1.4806
1.3133,460,1.4839
1.3176,461,1.4871
1.3218,462,1.4903
1.3261,463,1.4935
1.3304,465,1.5000
1.3347,466,1.5032
1.3390,467,1.5065
1.3433,468,1.5097
1.3476,468,1.5097
1.3519,470,1.5161
1.3573,469,1.5129
1.3617,470,1.5161
1.3664,470,1.5161
1.3709,472,1.5226
1.3752,473,1.5258
1.3795,474,1.5290
1.3838,475,1.5323
1.3882,475,1.5323
1.3926,476,1.5355
1.3969,478,1.5419
1.4013,480,1.5484
1.4057,480,1.5484
1.4101,482,1.5548
1.4145,483,1.5581
1.4187,483,1.5581
1.4230,484,1.5613
1.4273,485,1.5645
1.4316,485,1.5645
1.4360,487,1.5710
1.4403,487,1.5710
1.4446,487,1.5710
1.4490,488,1.5742
1.4533,489,1.5774
1.4576,489,1.5774
1.4619,490,1.5806
1.4662,491,1.5839
1.4705,491,1.5839
1.4749,491,1.5839
1.4792,491,1.5839
1.4834,493,1.5903
1.4877,493,1.5903
1.4920,493,1.5903
1.4964,494,1.5935
1.5007,494,1.5935
1.5050,495,1.5968
1.5093,496,1.6000
1.5136,497,1.6032
1.5179,497,1.6032
1.5222,496,1.6000
1.5265,496,1.6000
1.5312,498,1.6065
1.5355,504,1.6258
1.5398,514,1.6581
1.5441,525,1.6935
1.5484,537,1.7323
1.5528,547,1.7645
1.5571,554,1.7871
1.5614,562,1.8129
1.5657,566,1.8258
1.5700,568,1.8323
1.5743,569,1.8355
1.5787,564,1.8194
1.5830,558,1.8000
1.5872,551,1.7774
1.5915,542,1.7484
1.5958,530,1.7097
1.6002,518,1.6710
1.6045,508,1.6387
1.6088,498,1.6065
1.6134,492,1.5871
1.6177,491,1.5839
1.6220,491,1.5839
1.6263,493,1.5903
1.6306,494,1.5935
1.6349,496,1.6000
1.6392,496,1.6000
1.6435,496,1.6000
1.6484,497,1.6032
1.6527,496,1.6000
1.6570,497,1.6032
1.6614,499,1.6097
1.6656,497,1.6032
1.6699,499,1.6097
1.6741,499,1.6097
1.6791,500,1.6129
1.6834,500,1.6129
1.6876,496,1.6000
1.6919,481,1.5516
1.6962,457,1.4742
1.7005,439,1.4161
1.7048,454,1.4645
1.7090,517,1.6677
1.7133,624,2.0129
1.7176,752,2.4258
1.7219,886,2.8581
1.7262,967,3.1194
1.7304,952,3.0710
1.7347,858,2.7677
1.7390,723,2.3323
1.7433,581,1.8742
1.7476,479,1.5452
1.7519,429,1.3839
1.7567,414,1.3355
1.7610,424,1.3677
1.7653,445,1.4355
1.7695,460,1.4839
1.7738,467,1.5065
1.7781,469,1.5129
1.7824,471,1.5194
1.7867,470,1.5161
1.7909,470,1.5161
1.7954,472,1.5226
1.7997,473,1.5258
1.8040,474,1.5290
1.8082,475,1.5323
1.8125,476,1.5355
1.8168,477,1.5387
1.8211,477,1.5387
1.8254,479,1.5452
1.8296,480,1.5484
1.8339,481,1.5516
1.8385,481,1.5516
1.8427,482,1.5548
1.8470,483,1.5581
1.8513,483,1.5581
1.8556,483,1.5581
1.8603,484,1.5613
1.8646,485,1.5645
1.8689,486,1.5677
1.8732,487,1.5710
1.8774,488,1.5742
1.8817,488,1.5742
1.8860,490,1.5806
1.8903,496,1.6000
1.8945,504,1.6258
1.8988,514,1.6581
1.9031,525,1.6935
1.9075,535,1.7258
1.9118,546,1.7613
1.9161,556,1.7935
1.9205,564,1.8194
1.9248,574,1.8516
1.9290,580,1.8710
1.9333,587,1.8935
1.9376,594,1.9161
1.9418,600,1.9355
1.9463,606,1.9548
1.9507,610,1.9677
1.9550,611,1.9710
1.9594,611,1.9710
1.9638,610,1.9677
1.9681,608,1.9613
1.9724,606,1.9548
1.9767,601,1.9387
1.9809,595,1.9194
1.9852,589,1.9000
1.9895,580,1.8710
1.9937,571,1.8419
1.9980,563,1.8161
2.0025,554,1.7871
2.0068,543,1.7516
2.0110,532,1.7161
2.0153,522,1.6839
2.0196,511,1.6484
2.0239,502,1.6194
2.0282,493,1.5903
2.0324,483,1.5581
2.0367,474,1.5290
2.0410,464,1.4968
2.0453,458,1.4774
2.0496,457,1.4742
2.0539,458,1.4774
2.0582,459,1.4806
2.0624,461,1.4871
2.0667,462,1.4903
2.0710,463,1.4935
2.0753,464,1.4968
2.0796,464,1.4968
2.0843,465,1.5000
2.0886,466,1.5032
2.0929,468,1.5097
2.0972,469,1.5129
2.1015,471,1.5194
2.1057,471,1.5194
2.1100,473,1.5258
2.1142,473,1.5258
2.1185,474,1.5290
2.1227,474,1.5290
2.1270,474,1.5290
2.1313,476,1.5355
2.1355,477,1.5387
2.1398,478,1.5419
2.1440,479,1.5452
2.1483,479,1.5452
2.1525,481,1.5516
2.1568,483,1.5581
2.1610,483,1.5581
2.1653,484,1.5613
2.1696,485,1.5645
2.1738,485,1.5645
2.1781,485,1.5645
2.1823,486,1.5677
2.1866,487,1.5710
2.1909,487,1.5710
2.1951,487,1.5710
2.1994,488,1.5742
2.2036,488,1.5742
2.2079,488,1.5742
2.2122,488,1.5742
2.2164,490,1.5806
2.2207,491,1.5839
2.2250,492,1.5871
2.2293,493,1.5903
2.2336,492,1.5871
2.2380,493,1.5903
2.2422,493,1.5903
2.2465,493,1.5903
2.2508,494,1.5935
2.2552,495,1.5968
2.2595,489,1.5774
2.2639,496,1.6000
2.2689,501,1.6161
2.2733,498,1.6065
2.2776,499,1.6097
2.2819,499,1.6097
2.2861,507,1.6355
2.2904,515,1.6613
2.2947,528,1.7032
2.2991,538,1.7355
2.3033,548,1.7677
2.3076,556,1.7935
2.3119,563,1.8161
2.3162,567,1.8290
2.3205,568,1.8323
2.3248,568,1.8323
2.3292,565,1.8226
2.3334,559,1.8032
2.3377,551,1.7774
2.3419,542,1.7484
2.3462,530,1.7097
2.3505,519,1.6742
2.3547,509,1.6419
2.3590,499,1.6097
2.3632,492,1.5871
2.3674,491,1.5839
2.3717,491,1.5839
2.3759,491,1.5839
2.3802,492,1.5871
2.3844,493,1.5903
2.3887,493,1.5903
2.3929,495,1.5968
2.3972,496,1.6000
2.4014,496,1.6000
2.4057,497,1.6032
2.4100,497,1.6032
2.4142,498,1.6065
2.4185,497,1.6032
2.4227,498,1.6065
2.4270,499,1.6097
2.4314,499,1.6097
2.4356,497,1.6032
2.4399,489,1.5774
2.4442,467,1.5065
2.4485,443,1.4290
2.4528,441,1.4226
2.4570,481,1.5516
2.4614,568,1.8323
2.4657,689,2.2226
2.4699,825,2.6613
2.4742,939,3.0290
2.4785,969,3.1258
2.4827,911,2.9387
2.4870,790,2.5484
2.4913,645,2.0806
2.4956,521,1.6806
2.4999,448,1.4452
2.5042,416,1.3419
2.5085,417,1.3452
2.5128,434,1.4000
2.5171,453,1.4613
2.5214,466,1.5032
2.5257,470,1.5161
2.5300,470,1.5161
2.5343,470,1.5161
2.5386,471,1.5194
2.5429,472,1.5226
2.5472,473,1.5258
2.5514,473,1.5258
2.5557,474,1.5290
2.5600,474,1.5290
2.5643,475,1.5323
2.5686,476,1.5355
2.5729,478,1.5419
2.5772,479,1.5452
2.5815,480,1.5484
2.5858,480,1.5484
2.5901,482,1.5548
2.5944,483,1.5581
2.5986,483,1.5581
2.6030,483,1.5581
2.6073,484,1.5613
2.6116,485,1.5645
2.6159,485,1.5645
2.6202,487,1.5710
2.6245,487,1.5710
2.6288,487,1.5710
2.6330,488,1.5742
2.6374,492,1.5871
2.6416,499,1.6097
2.6459,509,1.6419
2.6502,520,1.6774
2.6545,528,1.7032
2.6588,538,1.7355
2.6630,547,1.7645
2.6673,555,1.7903
2.6716,564,1.8194
2.6759,574,1.8516
2.6802,583,1.8806
2.6845,591,1.9065
2.6888,598,1.9290
2.6931,603,1.9452
2.6974,607,1.9581
2.7017,609,1.9645
2.7060,608,1.9613
2.7103,611,1.9710
2.7146,608,1.9613
2.7189,605,1.9516
2.7232,602,1.9419
2.7275,600,1.9355
2.7318,595,1.9194
2.7361,588,1.8968
2.7404,579,1.8677
2.7447,570,1.8387
2.7490,560,1.8065
2.7533,552,1.7806
2.7576,541,1.7452
2.7619,531,1.7129
2.7662,521,1.6806
2.7705,510,1.6452
2.7748,500,1.6129
2.7791,490,1.5806
2.7834,480,1.5484
2.7877,471,1.5194
2.7920,462,1.4903
2.7962,456,1.4710
2.8005,455,1.4677
2.8048,457,1.4742
2.8091,460,1.4839
2.8135,461,1.4871
2.8177,461,1.4871
2.8220,462,1.4903
2.8263,463,1.4935
2.8306,465,1.5000
2.8348,466,1.5032
2.8391,466,1.5032
2.8434,468,1.5097
2.8477,468,1.5097
2.8520,468,1.5097
2.8568,469,1.5129
2.8612,472,1.5226
2.8656,473,1.5258
2.8699,473,1.5258
2.8742,475,1.5323
2.8785,477,1.5387
2.8827,477,1.5387
2.8870,478,1.5419
2.8914,478,1.5419
2.8956,479,1.5452
2.8999,479,1.5452
2.9042,480,1.5484
2.9085,482,1.5548
2.9128,482,1.5548
2.9171,482,1.5548
2.9214,482,1.5548
2.9257,483,1.5581
2.9300,483,1.5581
2.9343,485,1.5645
2.9385,486,1.5677
2.9428,488,1.5742
2.9471,489,1.5774
2.9514,490,1.5806
2.9557,490,1.5806
2.9600,491,1.5839
2.9642,492,1.5871
2.9685,490,1.5806
2.9727,490,1.5806
2.9770,492,1.5871
2.9813,493,1.5903
2.9856,493,1.5903
2.9899,492,1.5871
2.9941,493,1.5903
2.9984,493,1.5903
3.0026,494,1.5935
3.0069,495,1.5968
3.0111,496,1.6000
3.0154,496,1.6000
3.0197,496,1.6000
3.0239,497,1.6032
3.0282,498,1.6065
3.0325,501,1.6161
3.0367,507,1.6355
3.0410,516,1.6645
3.0452,527,1.7000
3.0496,539,1.7387
3.0539,550,1.7742
3.0582,556,1.7935
3.0624,564,1.8194
3.0667,568,1.8323
3.0710,570,1.8387
3.0753,567,1.8290
3.0796,564,1.8194
3.0838,558,1.8000
3.0881,548,1.7677
3.0924,539,1.7387
3.0967,528,1.7032
3.1010,518,1.6710
3.1053,507,1.6355
3.1096,496,1.6000
3.1140,491,1.5839
3.1183,490,1.5806
3.1226,491,1.5839
3.1268,492,1.5871
3.1311,492,1.5871
3.1354,492,1.5871
3.1397,493,1.5903
3.1440,495,1.5968
3.1483,495,1.5968
3.1526,496,1.6000
3.1570,495,1.5968
3.1614,496,1.6000
3.1658,497,1.6032
3.1700,498,1.6065
3.1743,498,1.6065
3.1786,498,1.6065
3.1829,498,1.6065
3.1871,493,1.5903
3.1914,480,1.5484
3.1957,457,1.4742
3.1999,437,1.4097
3.2042,447,1.4419
3.2085,503,1.6226
3.2127,602,1.9419
3.2170,728,2.3484
3.2213,864,2.7871
3.2256,961,3.1000
3.2299,960,3.0968
3.2341,878,2.8323
3.2384,747,2.4097
3.2426,603,1.9452
3.2469,493,1.5903
3.2512,434,1.4000
3.2554,414,1.3355
3.2597,419,1.3516
3.2640,440,1.4194
3.2682,458,1.4774
3.2725,466,1.5032
3.2767,470,1.5161
3.2810,471,1.5194
3.2852,472,1.5226
3.2895,471,1.5194
3.2937,472,1.5226
3.2980,472,1.5226
3.3022,472,1.5226
3.3065,472,1.5226
3.3107,475,1.5323
3.3150,475,1.5323
3.3193,476,1.5355
3.3236,477,1.5387
3.3278,479,1.5452
3.3321,479,1.5452
3.3363,480,1.5484
3.3406,481,1.5516
3.3448,481,1.5516
3.3491,482,1.5548
3.3534,483,1.5581
3.3577,484,1.5613
3.3620,486,1.5677
3.3663,487,1.5710
3.3706,488,1.5742
3.3749,488,1.5742
3.3792,488,1.5742
3.3835,489,1.5774
3.3877,493,1.5903
3.3920,500,1.6129
3.3963,509,1.6419
3.4006,519,1.6742
3.4049,530,1.7097
3.4091,539,1.7387
3.4137,549,1.7710
3.4179,558,1.8000
3.4222,567,1.8290
3.4265,576,1.8581
3.4308,583,1.8806
3.4351,590,1.9032
3.4394,595,1.9194
3.4437,602,1.9419
3.4480,606,1.9548
3.4522,608,1.9613
3.4566,609,1.9645
3.4608,607,1.9581
3.4651,609,1.9645
3.4694,605,1.9516
3.4737,602,1.9419
3.4780,599,1.9323
3.4823,591,1.9065
3.4866,586,1.8903
3.4909,577,1.8613
3.4952,569,1.8355
3.4995,560,1.8065
3.5038,550,1.7742
3.5080,540,1.7419
3.5124,530,1.7097
3.5167,519,1.6742
3.5210,509,1.6419
3.5253,498,1.6065
3.5295,490,1.5806
3.5338,480,1.5484
3.5381,471,1.5194
3.5424,463,1.4935
3.5467,458,1.4774
3.5510,458,1.4774
3.5553,458,1.4774
3.5596,459,1.4806
3.5639,461,1.4871
3.5682,463,1.4935
3.5725,463,1.4935
3.5768,465,1.5000
3.5811,465,1.5000
3.5854,466,1.5032
3.5897,467,1.5065
3.5939,467,1.5065
3.5983,468,1.5097
3.6025,469,1.5129
3.6068,470,1.5161
3.6111,471,1.5194
3.6154,472,1.5226
3.6197,473,1.5258
3.6240,473,1.5258
3.6283,474,1.5290
3.6326,475,1.5323
3.6369,476,1.5355
3.6412,477,1.5387
3.6455,478,1.5419
3.6498,478,1.5419
3.6540,479,1.5452
3.6583,479,1.5452
3.6626,481,1.5516
3.6669,482,1.5548
3.6712,483,1.5581
3.6755,484,1.5613
3.6798,485,1.5645
3.6840,485,1.5645
3.6884,486,1.5677
3.6926,487,1.5710
3.6969,487,1.5710
3.7013,487,1.5710
3.7055,487,1.5710
3.7099,487,1.5710
3.7146,489,1.5774
3.7190,490,1.5806
3.7232,490,1.5806
3.7275,491,1.5839
3.7318,491,1.5839
3.7361,492,1.5871
3.7404,492,1.5871
3.7447,494,1.5935
3.7490,494,1.5935
3.7533,495,1.5968
3.7614,497,1.6032
3.7658,498,1.6065
3.7701,498,1.6065
3.7744,498,1.6065
3.7786,498,1.6065
3.7829,501,1.6161
3.7871,509,1.6419
3.7914,518,1.6710
3.7957,530,1.7097
3.8000,540,1.7419
3.8042,551,1.7774
3.8085,558,1.8000
3.8128,564,1.8194
3.8170,568,1.8323
3.8214,571,1.8419
3.8256,568,1.8323
3.8299,564,1.8194
3.8341,556,1.7935
3.8384,549,1.7710
3.8427,540,1.7419
3.8469,529,1.7065
3.8512,518,1.6710
3.8555,506,1.6323
3.8598,497,1.6032
3.8641,493,1.5903
3.8684,492,1.5871
3.8727,494,1.5935
3.8770,494,1.5935
3.8813,494,1.5935
3.8856,495,1.5968
3.8899,496,1.6000
3.8941,496,1.6000
3.8984,495,1.5968
3.9027,497,1.6032
3.9070,499,1.6097
3.9113,498,1.6065
3.9156,499,1.6097
3.9199,500,1.6129
3.9242,500,1.6129
3.9285,501,1.6161
3.9328,501,1.6161
3.9371,497,1.6032
3.9414,484,1.5613
3.9457,461,1.4871
3.9500,440,1.4194
3.9543,448,1.4452
3.9586,505,1.6290
3.9629,604,1.9484
3.9672,732,2.3613
3.9715,868,2.8000
3.9758,961,3.1000
3.9802,958,3.0903
3.9845,868,2.8000
3.9888,733,2.3645
3.9932,589,1.9000
3.9975,483,1.5581
4.0018,430,1.3871
4.0062,414,1.3355
4.0105,423,1.3645
4.0148,444,1.4323
4.0192,460,1.4839
4.0235,469,1.5129
4.0278,470,1.5161
4.0322,471,1.5194
4.0365,470,1.5161
4.0408,472,1.5226
4.0452,473,1.5258
4.0495,474,1.5290
4.0539,476,1.5355
4.0617,476,1.5355
4.0661,477,1.5387
4.0705,478,1.5419
4.0748,481,1.5516
4.0791,482,1.5548
4.0833,482,1.5548
4.0876,483,1.5581
4.0918,483,1.5581
4.0961,483,1.5581
4.1003,484,1.5613
4.1046,484,1.5613
4.1088,485,1.5645
4.1131,485,1.5645
4.1173,485,1.5645
4.1216,486,1.5677
4.1259,487,1.5710
4.1301,487,1.5710
4.1344,488,1.5742
4.1386,493,1.5903
4.1429,501,1.6161
4.1472,510,1.6452
4.1514,521,1.6806
4.1557,531,1.7129
4.1599,542,1.7484
4.1642,552,1.7806
4.1684,561,1.8097
4.1727,569,1.8355
4.1770,578,1.8645
4.1813,585,1.8871
4.1856,592,1.9097
4.1898,596,1.9226
4.1941,602,1.9419
4.1984,607,1.9581
4.2027,609,1.9645
4.2070,610,1.9677
4.2114,610,1.9677
4.2157,609,1.9645
4.2199,606,1.9548
4.2242,603,1.9452
4.2286,599,1.9323
4.2328,591,1.9065
4.2371,587,1.8935
4.2414,580,1.8710
4.2457,569,1.8355
4.2500,561,1.8097
4.2543,551,1.7774
4.2586,541,1.7452
4.2629,530,1.7097
4.2671,519,1.6742
4.2714,509,1.6419
4.2757,498,1.6065
4.2800,489,1.5774
4.2843,479,1.5452
4.2886,468,1.5097
4.2928,461,1.4871
4.2971,456,1.4710
4.3014,456,1.4710
4.3057,457,1.4742
4.3100,458,1.4774
4.3143,460,1.4839
4.3186,461,1.4871
4.3229,462,1.4903
4.3272,463,1.4935
4.3315,464,1.4968
4.3357,465,1.5000
4.3400,466,1.5032
4.3443,468,1.5097
4.3486,469,1.5129
4.3529,469,1.5129
4.3571,470,1.5161
4.3615,471,1.5194
4.3657,471,1.5194
4.3700,473,1.5258
4.3743,474,1.5290
4.3786,475,1.5323
4.3829,476,1.5355
4.3872,477,1.5387
4.3915,478,1.5419
4.3958,479,1.5452
4.4000,480,1.5484
4.4043,481,1.5516
4.4086,482,1.5548
4.4129,482,1.5548
4.4172,483,1.5581
4.4215,484,1.5613
4.4257,485,1.5645
4.4301,484,1.5613
4.4343,485,1.5645
4.4386,485,1.5645
4.4429,487,1.5710
4.4472,487,1.5710
4.4515,487,1.5710
4.4558,488,1.5742
4.4601,489,1.5774
4.4643,489,1.5774
4.4686,490,1.5806
4.4729,491,1.5839
4.4772,491,1.5839
4.4815,492,1.5871
4.4858,492,1.5871
4.4901,493,1.5903
4.4944,494,1.5935
4.4986,495,1.5968
4.5029,496,1.6000
4.5072,496,1.6000
4.5115,497,1.6032
4.5158,498,1.6065
4.5201,498,1.6065
4.5244,498,1.6065
4.5286,498,1.6065
4.5329,500,1.6129
4.5372,508,1.6387
4.5415,519,1.6742
4.5458,530,1.7097
4.5501,541,1.7452
4.5544,551,1.7774
4.5587,560,1.8065
4.5630,564,1.8194
4.5672,567,1.8290
4.5715,568,1.8323
4.5758,567,1.8290
4.5801,563,1.8161
4.5844,555,1.7903
4.5887,547,1.7645
4.5930,537,1.7323
4.5973,526,1.6968
4.6016,516,1.6645
4.6058,506,1.6323
4.6101,497,1.6032
4.6144,493,1.5903
4.6187,492,1.5871
4.6230,493,1.5903
4.6273,493,1.5903
4.6316,494,1.5935
4.6359,494,1.5935
4.6402,495,1.5968
4.6445,496,1.6000
4.6487,496,1.6000
4.6530,496,1.6000
4.6575,497,1.6032
4.6619,496,1.6000
4.6664,497,1.6032
4.6707,498,1.6065
4.6750,498,1.6065
4.6794,499,1.6097
4.6837,499,1.6097
4.6880,495,1.5968
4.6923,479,1.5452
4.6966,454,1.4645
4.7009,437,1.4097
4.7052,457,1.4742
4.7094,521,1.6806
4.7137,628,2.0258
4.7180,760,2.4516
4.7224,892,2.8774
4.7267,969,3.1258
4.7310,949,3.0613
4.7352,849,2.7387
4.7395,713,2.3000
4.7439,572,1.8452
4.7481,475,1.5323
4.7524,428,1.3806
4.7567,416,1.3419
4.7610,424,1.3677
4.7653,446,1.4387
4.7696,461,1.4871
4.7739,467,1.5065
4.7782,470,1.5161
4.7826,471,1.5194
4.7869,471,1.5194
4.7913,472,1.5226
4.7956,474,1.5290
4.7999,475,1.5323
4.8043,475,1.5323
4.8086,476,1.5355
4.8129,476,1.5355
4.8173,477,1.5387
4.8216,479,1.5452
4.8259,480,1.5484
4.8303,481,1.5516
4.8346,482,1.5548
4.8389,483,1.5581
4.8433,483,1.5581
4.8476,484,1.5613
4.8520,485,1.5645
4.8563,485,1.5645
4.8606,485,1.5645
4.8649,486,1.5677
4.8693,487,1.5710
4.8737,487,1.5710
4.8780,489,1.5774
4.8824,489,1.5774
4.8867,491,1.5839
4.8910,497,1.6032
4.8953,506,1.6323
4.8996,518,1.6710
4.9038,528,1.7032
4.9082,538,1.7355
4.9124,546,1.7613
4.9167,556,1.7935
4.9210,566,1.8258
4.9253,574,1.8516
4.9297,582,1.8774
4.9339,591,1.9065
4.9382,597,1.9258
4.9425,602,1.9419
4.9468,605,1.9516
4.9511,608,1.9613
4.9555,610,1.9677
4.9599,609,1.9645
4.9643,609,1.9645
4.9686,606,1.9548
4.9729,604,1.9484
4.9772,599,1.9323
4.9816,595,1.9194
4.9859,588,1.8968
4.9902,582,1.8774
4.9946,572,1.8452
4.9989,563,1.8161
5.0032,554,1.7871
5.0076,543,1.7516
5.0122,531,1.7129
5.0167,521,1.6806
5.0213,509,1.6419
5.0259,498,1.6065
5.0315,485,1.5645
5.0360,475,1.5323
5.0404,467,1.5065
5.0447,460,1.4839
5.0490,458,1.4774
5.0534,458,1.4774
5.0577,458,1.4774
5.0621,459,1.4806
5.0664,461,1.4871
5.0708,462,1.4903
5.0753,464,1.4968
5.0796,466,1.5032
5.0839,466,1.5032
5.0882,466,1.5032
5.0926,466,1.5032
5.0969,467,1.5065
5.1012,469,1.5129
5.1054,470,1.5161
5.1098,471,1.5194
5.1141,472,1.5226
5.1184,473,1.5258
5.1227,475,1.5323
5.1270,476,1.5355
5.1313,476,1.5355
5.1357,477,1.5387
5.1400,477,1.5387
5.1443,479,1.5452
5.1486,480,1.5484
5.1529,480,1.5484
5.1572,481,1.5516
5.1615,481,1.5516
5.1658,482,1.5548
5.1701,482,1.5548
5.1744,483,1.5581
5.1787,484,1.5613
5.1831,485,1.5645
5.1874,486,1.5677
5.1917,486,1.5677
5.1960,487,1.5710
5.2003,488,1.5742
5.2046,488,1.5742
5.2089,489,1.5774
5.2132,489,1.5774
5.2175,490,1.5806
5.2218,491,1.5839
5.2261,491,1.5839
5.2304,492,1.5871
5.2348,492,1.5871
5.2391,493,1.5903
5.2434,494,1.5935
5.2477,495,1.5968
5.2522,495,1.5968
5.2565,495,1.5968
5.2608,496,1.6000
5.2651,498,1.6065
5.2694,498,1.6065
5.2737,499,1.6097
5.2781,499,1.6097
5.2824,502,1.6194
5.2867,509,1.6419
5.2910,519,1.6742
5.2953,529,1.7065
5.2996,540,1.7419
5.3039,549,1.7710
5.3082,558,1.8000
5.3125,563,1.8161
5.3168,568,1.8323
5.3211,570,1.8387
5.3254,570,1.8387
5.3298,566,1.8258
5.3342,558,1.8000
5.3385,550,1.7742
5.3428,539,1.7387
5.3471,529,1.7065
5.3514,517,1.6677
5.3557,506,1.6323
5.3601,497,1.6032
5.3644,493,1.5903
5.3686,493,1.5903
5.3729,494,1.5935
5.3772,493,1.5903
5.3816,495,1.5968
5.3859,495,1.5968
5.3902,497,1.6032
5.3945,496,1.6000
5.3988,496,1.6000
5.4031,496,1.6000
5.4074,496,1.6000
5.4117,496,1.6000
5.4160,498,1.6065
5.4204,497,1.6032
5.4247,499,1.6097
5.4289,499,1.6097
5.4332,500,1.6129
5.4376,496,1.6000
5.4419,482,1.5548
5.4462,458,1.4774
5.4505,437,1.4097
5.4548,451,1.4548
5.4591,513,1.6548
5.4634,618,1.9935
5.4677,748,2.4129
5.4720,880,2.8387
5.4763,967,3.1194
5.4808,952,3.0710
5.4851,854,2.7548
5.4894,716,2.3097
5.4937,576,1.8581
5.4980,476,1.5355
5.5024,426,1.3742
5.5066,412,1.3290
5.5109,422,1.3613
5.5152,443,1.4290
5.5195,459,1.4806
5.5239,466,1.5032
5.5282,469,1.5129
5.5325,469,1.5129
5.5368,469,1.5129
5.5411,469,1.5129
5.5454,471,1.5194
5.5497,473,1.5258
5.5540,474,1.5290
5.5586,474,1.5290
5.5631,474,1.5290
5.5674,475,1.5323
5.5717,476,1.5355
5.5759,477,1.5387
5.5802,477,1.5387
5.5853,480,1.5484
5.5897,480,1.5484
5.5940,480,1.5484
5.5983,482,1.5548
5.6025,483,1.5581
5.6068,484,1.5613
5.6111,484,1.5613
5.6153,485,1.5645
5.6196,485,1.5645
5.6239,487,1.5710
5.6281,487,1.5710
5.6324,488,1.5742
5.6367,489,1.5774
5.6409,496,1.6000
5.6452,506,1.6323
5.6494,516,1.6645
5.6537,527,1.7000
5.6579,538,1.7355
5.6622,546,1.7613
5.6665,555,1.7903
5.6707,565,1.8226
5.6749,571,1.8419
5.6792,579,1.8677
5.6835,587,1.8935
5.6878,593,1.9129
5.6921,599,1.9323
5.6964,604,1.9484
5.7007,607,1.9581
5.7050,610,1.9677
5.7092,611,1.9710
5.7136,610,1.9677
5.7178,607,1.9581
5.7221,605,1.9516
5.7264,601,1.9387
5.7307,596,1.9226
5.7350,589,1.9000
5.7393,582,1.8774
5.7436,574,1.8516
5.7479,565,1.8226
5.7522,556,1.7935
5.7565,546,1.7613
5.7608,536,1.7290
5.7651,525,1.6935
5.7694,514,1.6581
5.7737,503,1.6226
5.7779,492,1.5871
5.7823,481,1.5516
5.7866,473,1.5258
5.7909,465,1.5000
5.7952,458,1.4774
5.7995,456,1.4710
5.8037,457,1.4742
5.8080,458,1.4774
5.8122,460,1.4839
5.8165,462,1.4903
5.8208,463,1.4935
5.8251,464,1.4968
5.8293,464,1.4968
5.8336,466,1.5032
5.8378,466,1.5032
5.8421,467,1.5065
5.8463,468,1.5097
5.8506,469,1.5129
5.8550,470,1.5161
5.8595,471,1.5194
5.8638,472,1.5226
5.8681,468,1.5097
5.8726,474,1.5290
5.8769,473,1.5258
5.8811,475,1.5323
5.8854,477,1.5387
5.8897,476,1.5355
5.8940,478,1.5419
5.8982,478,1.5419
5.9025,479,1.5452
5.9067,480,1.5484
5.9110,481,1.5516
5.9153,483,1.5581
5.9195,484,1.5613
5.9238,484,1.5613
5.9280,485,1.5645
5.9323,487,1.5710
5.9366,487,1.5710
5.9408,488,1.5742
5.9451,489,1.5774
5.9494,489,1.5774
5.9536,489,1.5774
5.9579,489,1.5774
5.9621,491,1.5839
5.9664,490,1.5806
5.9707,492,1.5871
5.9750,492,1.5871
5.9792,492,1.5871
5.9836,492,1.5871
5.9878,493,1.5903
5.9922,494,1.5935
5.9965,495,1.5968
6.0008,496,1.6000
6.0051,496,1.6000
6.0094,495,1.5968
6.0137,496,1.6000
6.0180,496,1.6000
6.0222,497,1.6032
6.0265,498,1.6065
6.0309,499,1.6097
6.0351,504,1.6258
6.0394,513,1.6548
6.0437,524,1.6903
6.0480,535,1.7258
6.0523,545,1.7581
6.0566,554,1.7871
6.0608,561,1.8097
6.0651,566,1.8258
6.0694,569,1.8355
6.0737,569,1.8355
6.0780,566,1.8258
6.0823,560,1.8065
6.0866,551,1.7774
6.0909,541,1.7452
6.0951,532,1.7161
6.0994,522,1.6839
6.1036,510,1.6452
6.1079,499,1.6097
6.1122,492,1.5871
6.1165,489,1.5774
6.1207,490,1.5806
6.1250,490,1.5806
6.1292,491,1.5839
6.1335,492,1.5871
6.1378,492,1.5871
6.1421,492,1.5871
6.1463,494,1.5935
6.1506,495,1.5968
6.1548,496,1.6000
6.1591,496,1.6000
6.1633,496,1.6000
6.1676,497,1.6032
6.1718,498,1.6065
6.1761,499,1.6097
6.1804,500,1.6129
6.1846,501,1.6161
6.1889,494,1.5935
6.1932,476,1.5355
6.1975,451,1.4548
6.2018,438,1.4129
6.2061,467,1.5065
6.2104,540,1.7419
6.2147,655,2.1129
6.2190,788,2.5419
6.2233,916,2.9548
6.2276,974,3.1419
6.2319,935,3.0161
6.2362,824,2.6581
6.2405,684,2.2065
6.2448,548,1.7677
6.2491,463,1.4935
6.2534,422,1.3613
6.2578,415,1.3387
6.2621,428,1.3806
6.2664,449,1.4484
6.2707,464,1.4968
6.2750,470,1.5161
6.2793,471,1.5194
6.2836,471,1.5194
6.2879,471,1.5194
6.2922,471,1.5194
6.2964,473,1.5258
6.3007,475,1.5323
6.3049,475,1.5323
6.3093,476,1.5355
6.3136,477,1.5387
6.3179,478,1.5419
6.3222,479,1.5452
6.3264,480,1.5484
6.3307,480,1.5484
6.3350,481,1.5516
6.3392,482,1.5548
6.3435,482,1.5548
6.3478,483,1.5581
6.3520,483,1.5581
6.3563,484,1.5613
6.3606,485,1.5645
6.3648,487,1.5710
6.3691,487,1.5710
6.3733,488,1.5742
6.3776,488,1.5742
6.3819,489,1.5774
6.3861,492,1.5871
6.3904,497,1.6032
6.3948,505,1.6290
6.3991,516,1.6645
6.4034,527,1.7000
6.4078,537,1.7323
6.4121,546,1.7613
6.4164,556,1.7935
6.4208,567,1.8290
6.4251,575,1.8548
6.4294,581,1.8742
6.4338,590,1.9032
6.4381,595,1.9194
6.4424,600,1.9355
6.4468,606,1.9548
6.4511,607,1.9581
6.4555,609,1.9645
6.4610,610,1.9677
6.4655,607,1.9581
6.4699,605,1.9516
6.4742,602,1.9419
6.4785,598,1.9290
6.4829,593,1.9129
6.4873,586,1.8903
6.4916,577,1.8613
6.4959,569,1.8355
6.5002,560,1.8065
6.5045,550,1.7742
6.5089,541,1.7452
6.5133,529,1.7065
6.5176,519,1.6742
6.5219,508,1.6387
6.5262,498,1.6065
6.5305,487,1.5710
6.5348,478,1.5419
6.5391,469,1.5129
6.5434,461,1.4871
6.5477,457,1.4742
6.5520,457,1.4742
6.5564,457,1.4742
6.5607,459,1.4806
6.5650,460,1.4839
6.5693,462,1.4903
6.5736,462,1.4903
6.5779,464,1.4968
6.5822,465,1.5000
6.5865,465,1.5000
6.5908,467,1.5065
6.5951,468,1.5097
6.5994,469,1.5129
6.6037,471,1.5194
6.6080,470,1.5161
6.6123,472,1.5226
6.6166,472,1.5226
6.6209,473,1.5258
6.6252,474,1.5290
6.6295,475,1.5323
6.6338,477,1.5387
6.6381,477,1.5387
6.6424,477,1.5387
6.6467,478,1.5419
6.6510,479,1.5452
6.6553,480,1.5484
6.6596,480,1.5484
6.6638,482,1.5548
6.6682,483,1.5581
6.6724,484,1.5613
6.6767,485,1.5645
6.6810,486,1.5677
6.6853,486,1.5677
6.6896,487,1.5710
6.6940,488,1.5742
6.6982,489,1.5774
6.7025,488,1.5742
6.7068,489,1.5774
6.7111,490,1.5806
6.7154,491,1.5839
6.7197,492,1.5871
6.7240,494,1.5935
6.7283,494,1.5935
6.7326,494,1.5935
6.7369,495,1.5968
6.7412,493,1.5903
6.7455,492,1.5871
6.7499,494,1.5935
6.7542,495,1.5968
6.7610,496,1.6000
6.7654,498,1.6065
6.7698,497,1.6032
6.7741,498,1.6065
6.7783,499,1.6097
6.7826,501,1.6161
6.7869,507,1.6355
6.7913,518,1.6710
6.7956,529,1.7065
6.7999,541,1.7452
6.8042,551,1.7774
6.8085,558,1.8000
6.8128,564,1.8194
6.8171,569,1.8355
6.8214,571,1.8419
6.8257,569,1.8355
6.8300,565,1.8226
6.8343,556,1.7935
6.8386,548,1.7677
6.8429,539,1.7387
6.8472,529,1.7065
6.8515,518,1.6710
6.8558,508,1.6387
6.8601,498,1.6065
6.8644,493,1.5903
6.8687,490,1.5806
6.8730,491,1.5839
6.8773,492,1.5871
6.8816,494,1.5935
6.8859,496,1.6000
6.8902,497,1.6032
6.8945,497,1.6032
6.8988,497,1.6032
6.9031,497,1.6032
6.9074,496,1.6000
6.9119,496,1.6000
6.9162,498,1.6065
6.9205,498,1.6065
6.9248,499,1.6097
6.9290,501,1.6161
6.9333,500,1.6129
6.9376,497,1.6032
6.9419,482,1.5548
6.9462,458,1.4774
6.9505,439,1.4161
6.9548,453,1.4613
6.9591,513,1.6548
6.9634,615,1.9839
6.9677,742,2.3935
6.9720,876,2.8258
6.9763,966,3.1161
6.9807,956,3.0839
6.9850,861,2.7774
6.9893,726,2.3419
6.9937,582,1.8774
6.9980,480,1.5484
7.0023,430,1.3871
7.0066,415,1.3387
7.0109,424,1.3677
7.0152,444,1.4323
7.0195,459,1.4806
7.0238,467,1.5065
7.0281,469,1.5129
7.0324,471,1.5194
7.0367,471,1.5194
7.0410,472,1.5226
7.0453,472,1.5226
7.0496,473,1.5258
7.0539,475,1.5323
7.0582,476,1.5355
7.0625,477,1.5387
7.0667,477,1.5387
7.0710,478,1.5419
7.0753,477,1.5387
7.0796,478,1.5419
7.0839,480,1.5484
7.0882,481,1.5516
7.0925,483,1.5581
7.0968,483,1.5581
7.1011,482,1.5548
7.1054,483,1.5581
7.1097,484,1.5613
7.1140,484,1.5613
7.1183,485,1.5645
7.1226,486,1.5677
7.1269,487,1.5710
7.1312,487,1.5710
7.1355,488,1.5742
7.1398,494,1.5935
7.1441,502,1.6194
7.1484,512,1.6516
7.1527,522,1.6839
7.1570,533,1.7194
7.1613,543,1.7516
7.1656,552,1.7806
7.1699,560,1.8065
7.1742,569,1.8355
7.1785,579,1.8677
7.1828,586,1.8903
7.1871,592,1.9097
7.1913,598,1.9290
7.1956,601,1.9387
7.2000,606,1.9548
7.2043,610,1.9677
7.2086,609,1.9645
7.2128,611,1.9710
7.2172,609,1.9645
7.2215,606,1.9548
7.2258,601,1.9387
7.2300,597,1.9258
7.2343,589,1.9000
7.2386,584,1.8839
7.2429,576,1.8581
7.2473,568,1.8323
7.2516,559,1.8032
7.2559,550,1.7742
7.2602,539,1.7387
7.2645,528,1.7032
7.2688,517,1.6677
7.2730,505,1.6290
7.2773,495,1.5968
7.2816,487,1.5710
7.2859,477,1.5387
7.2902,468,1.5097
7.2945,461,1.4871
7.2989,457,1.4742
7.3032,457,1.4742
7.3075,458,1.4774
7.3118,460,1.4839
7.3161,460,1.4839
7.3204,461,1.4871
7.3247,462,1.4903
7.3290,463,1.4935
7.3333,465,1.5000
7.3376,467,1.5065
7.3419,469,1.5129
7.3462,470,1.5161
7.3505,470,1.5161
7.3549,470,1.5161
7.3605,470,1.5161
7.3650,471,1.5194
7.3693,473,1.5258
7.3736,474,1.5290
7.3779,475,1.5323
7.3822,476,1.5355
7.3865,477,1.5387
7.3908,479,1.5452
7.3950,480,1.5484
7.3994,480,1.5484
7.4037,480,1.5484
7.4080,481,1.5516
7.4122,482,1.5548
7.4165,484,1.5613
7.4208,485,1.5645
7.4251,485,1.5645
7.4294,485,1.5645
7.4337,486,1.5677
7.4380,486,1.5677
7.4423,487,1.5710
7.4472,488,1.5742
7.4515,489,1.5774
7.4558,489,1.5774
7.4601,489,1.5774
7.4644,490,1.5806
7.4687,491,1.5839
7.4730,492,1.5871
7.4773,492,1.5871
7.4817,493,1.5903
7.4860,493,1.5903
7.4903,494,1.5935
7.4946,495,1.5968
7.4989,495,1.5968
7.5032,497,1.6032
7.5075,496,1.6000
7.5118,496,1.6000
7.5161,497,1.6032
7.5204,498,1.6065
7.5247,499,1.6097
7.5290,500,1.6129
7.5333,502,1.6194
7.5376,510,1.6452
7.5418,521,1.6806
7.5462,531,1.7129
7.5505,541,1.7452
7.5548,552,1.7806
7.5591,559,1.8032
7.5634,565,1.8226
7.5677,567,1.8290
7.5719,570,1.8387
7.5762,569,1.8355
7.5805,564,1.8194
7.5848,558,1.8000
7.5891,550,1.7742
7.5934,538,1.7355
7.5977,527,1.7000
7.6020,518,1.6710
7.6064,507,1.6355
7.6106,498,1.6065
7.6149,494,1.5935
7.6192,493,1.5903
7.6235,495,1.5968
7.6278,494,1.5935
7.6321,495,1.5968
7.6364,495,1.5968
7.6407,495,1.5968
7.6450,496,1.6000
7.6493,496,1.6000
7.6536,497,1.6032
7.6581,498,1.6065
7.6625,499,1.6097
7.6669,499,1.6097
7.6713,500,1.6129
7.6756,501,1.6161
7.6799,500,1.6129
7.6842,500,1.6129
7.6885,496,1.6000
7.6928,479,1.5452
7.6971,453,1.4613
7.7014,438,1.4129
7.7057,460,1.4839
7.7100,530,1.7097
7.7143,640,2.0645
7.7186,770,2.4839
7.7229,901,2.9065
7.7273,973,3.1387
7.7316,944,3.0452
7.7359,839,2.7065
7.7402,698,2.2516
7.7445,561,1.8097
7.7488,468,1.5097
7.7531,423,1.3645
7.7574,414,1.3355
7.7617,427,1.3774
7.7660,447,1.4419
7.7703,462,1.4903
7.7746,468,1.5097
7.7789,470,1.5161
7.7832,471,1.5194
7.7875,472,1.5226
7.7918,473,1.5258
7.7961,473,1.5258
7.8004,473,1.5258
7.8047,475,1.5323
7.8090,475,1.5323
7.8133,475,1.5323
7.8176,476,1.5355
7.8219,478,1.5419
7.8262,478,1.5419
7.8306,479,1.5452
7.8349,479,1.5452
7.8392,480,1.5484
7.8434,481,1.5516
7.8477,482,1.5548
7.8521,483,1.5581
7.8563,484,1.5613
7.8606,484,1.5613
7.8649,485,1.5645
7.8692,486,1.5677
7.8735,487,1.5710
7.8778,488,1.5742
7.8821,488,1.5742
7.8864,491,1.5839
7.8907,498,1.6065
7.8950,506,1.6323
7.8993,516,1.6645
7.9036,526,1.6968
7.9079,536,1.7290
7.9122,547,1.7645
7.9165,556,1.7935
7.9208,564,1.8194
7.9251,573,1.8484
7.9294,582,1.8774
7.9337,587,1.8935
7.9380,593,1.9129
7.9423,598,1.9290
7.9465,605,1.9516
7.9508,607,1.9581
7.9552,610,1.9677
7.9594,610,1.9677
7.9637,609,1.9645
7.9680,607,1.9581
7.9723,602,1.9419
7.9766,599,1.9323
7.9809,595,1.9194
7.9852,588,1.8968
7.9895,581,1.8742
7.9938,573,1.8484
7.9981,563,1.8161
8.0024,554,1.7871
8.0067,545,1.7581
8.0110,536,1.7290
8.0154,526,1.6968
8.0197,515,1.6613
8.0239,504,1.6258
8.0282,493,1.5903
8.0325,483,1.5581
8.0368,473,1.5258
8.0411,465,1.5000
8.0454,458,1.4774
8.0497,456,1.4710
8.0540,457,1.4742
8.0583,458,1.4774
8.0626,460,1.4839
8.0669,461,1.4871
8.0712,462,1.4903
8.0755,463,1.4935
8.0798,464,1.4968
8.0841,464,1.4968
8.0884,465,1.5000
8.0927,466,1.5032
8.0970,468,1.5097
8.1013,469,1.5129
8.1056,470,1.5161
8.1099,471,1.5194
8.1142,473,1.5258
8.1185,473,1.5258
8.1228,474,1.5290
8.1271,475,1.5323
8.1314,477,1.5387
8.1358,478,1.5419
8.1401,478,1.5419
8.1444,479,1.5452
8.1486,480,1.5484
8.1530,480,1.5484
8.1573,480,1.5484
8.1616,481,1.5516
8.1659,481,1.5516
8.1702,482,1.5548
8.1745,482,1.5548
8.1788,484,1.5613
8.1831,486,1.5677
8.1874,487,1.5710
8.1917,488,1.5742
8.1959,487,1.5710
8.2003,489,1.5774
8.2046,488,1.5742
8.2089,488,1.5742
8.2133,489,1.5774
8.2177,488,1.5742
8.2220,488,1.5742
8.2262,489,1.5774
8.2305,490,1.5806
8.2348,490,1.5806
8.2391,491,1.5839
8.2434,493,1.5903
8.2477,494,1.5935
8.2520,495,1.5968
8.2564,495,1.5968
8.2608,496,1.6000
8.2652,497,1.6032
8.2696,496,1.6000
8.2738,498,1.6065
8.2781,499,1.6097
8.2824,501,1.6161
8.2867,508,1.6387
8.2910,518,1.6710
8.2953,527,1.7000
8.2997,541,1.7452
8.3041,550,1.7742
8.3084,558,1.8000
8.3127,564,1.8194
8.3170,567,1.8290
8.3213,571,1.8419
8.3256,569,1.8355
8.3299,564,1.8194
8.3342,557,1.7968
8.3385,549,1.7710
8.3428,539,1.7387
8.3471,529,1.7065
8.3514,517,1.6677
8.3557,505,1.6290
8.3600,496,1.6000
8.3643,491,1.5839
8.3686,492,1.5871
8.3729,493,1.5903
8.3772,494,1.5935
8.3815,495,1.5968
8.3858,495,1.5968
8.3901,496,1.6000
8.3944,496,1.6000
8.3987,496,1.6000
8.4030,497,1.6032
8.4073,497,1.6032
8.4116,498,1.6065
8.4159,499,1.6097
8.4202,500,1.6129
8.4245,500,1.6129
8.4288,500,1.6129
8.4331,499,1.6097
8.4388,494,1.5935
8.4432,476,1.5355
8.4475,451,1.4548
8.4519,437,1.4097
8.4564,466,1.5032
8.4608,544,1.7548
8.4652,661,2.1323
8.4695,800,2.5806
8.4738,922,2.9742
8.4781,975,3.1452
8.4824,930,3.0000
8.4867,815,2.6290
8.4910,673,2.1710
8.4953,540,1.7419
8.4996,458,1.4774
8.5045,419,1.3516
8.5088,417,1.3452
8.5131,433,1.3968
8.5173,451,1.4548
8.5216,463,1.4935
8.5259,468,1.5097
8.5302,470,1.5161
8.5344,472,1.5226
8.5387,471,1.5194
8.5430,472,1.5226
8.5473,474,1.5290
8.5515,475,1.5323
8.5564,476,1.5355
8.5609,479,1.5452
8.5659,479,1.5452
8.5702,479,1.5452
8.5745,479,1.5452
8.5788,479,1.5452
8.5831,480,1.5484
8.5874,482,1.5548
8.5917,482,1.5548
8.5959,484,1.5613
8.6002,484,1.5613
8.6045,485,1.5645
8.6088,484,1.5613
8.6131,486,1.5677
8.6174,486,1.5677
8.6217,487,1.5710
8.6261,488,1.5742
8.6304,488,1.5742
8.6347,487,1.5710
8.6390,493,1.5903
8.6437,501,1.6161
8.6480,512,1.6516
8.6523,522,1.6839
8.6570,532,1.7161
8.6614,543,1.7516
8.6657,552,1.7806
8.6700,562,1.8129
8.6743,570,1.8387
8.6786,579,1.8677
8.6829,586,1.8903
8.6872,593,1.9129
8.6915,597,1.9258
8.6958,603,1.9452
8.7001,605,1.9516
8.7045,607,1.9581
8.7088,609,1.9645
8.7132,609,1.9645
8.7174,607,1.9581
8.7217,606,1.9548
8.7260,601,1.9387
8.7302,597,1.9258
8.7345,590,1.9032
8.7388,582,1.8774
8.7430,573,1.8484
8.7473,564,1.8194
8.7516,557,1.7968
8.7558,547,1.7645
8.7601,537,1.7323
8.7643,527,1.7000
8.7686,517,1.6677
8.7728,507,1.6355
8.7771,497,1.6032
8.7814,486,1.5677
8.7857,477,1.5387
8.7900,468,1.5097
8.7942,460,1.4839
8.7985,457,1.4742
8.8029,458,1.4774
8.8071,459,1.4806
8.8115,460,1.4839
8.8158,462,1.4903
8.8200,462,1.4903
8.8243,464,1.4968
8.8286,464,1.4968
8.8329,465,1.5000
8.8372,466,1.5032
8.8415,467,1.5065
8.8458,469,1.5129
8.8501,470,1.5161
8.8544,471,1.5194
8.8586,472,1.5226
8.8630,473,1.5258
8.8672,473,1.5258
8.8715,474,1.5290
8.8758,474,1.5290
8.8801,474,1.5290
8.8844,476,1.5355
8.8887,478,1.5419
8.8930,479,1.5452
8.8973,480,1.5484
8.9016,480,1.5484
8.9059,481,1.5516
8.9102,482,1.5548
8.9144,483,1.5581
8.9187,484,1.5613
8.9229,486,1.5677
8.9272,486,1.5677
8.9314,486,1.5677
8.9357,486,1.5677
8.9400,487,1.5710
8.9442,488,1.5742
8.9485,489,1.5774
8.9528,489,1.5774
8.9570,489,1.5774
8.9613,489,1.5774
8.9655,491,1.5839
8.9699,491,1.5839
8.9741,492,1.5871
8.9784,492,1.5871
8.9826,493,1.5903
8.9869,494,1.5935
8.9911,495,1.5968
8.9954,496,1.6000
8.9996,496,1.6000
9.0039,496,1.6000
9.0082,496,1.6000
9.0125,497,1.6032
9.0168,498,1.6065
9.0211,499,1.6097
9.0254,500,1.6129
9.0297,501,1.6161
9.0340,504,1.6258
9.0383,511,1.6484
9.0425,521,1.6806
9.0468,533,1.7194
9.0511,543,1.7516
9.0554,554,1.7871
9.0598,561,1.8097
9.0641,567,1.8290
9.0683,570,1.8387
9.0726,573,1.8484
9.0769,571,1.8419
9.0813,565,1.8226
9.0856,556,1.7935
9.0899,545,1.7581
9.0942,537,1.7323
9.0985,526,1.6968
9.1028,515,1.6613
9.1071,504,1.6258
9.1114,495,1.5968
9.1157,491,1.5839
9.1200,491,1.5839
9.1243,493,1.5903
9.1286,494,1.5935
9.1329,495,1.5968
9.1372,496,1.6000
9.1415,497,1.6032
9.1457,497,1.6032
9.1501,497,1.6032
9.1544,497,1.6032
9.1588,498,1.6065
9.1632,499,1.6097
9.1676,499,1.6097
9.1720,500,1.6129
9.1763,500,1.6129
9.1806,501,1.6161
9.1848,500,1.6129
9.1891,493,1.5903
9.1934,477,1.5387
9.1977,452,1.4581
9.2020,439,1.4161
9.2063,465,1.5000
9.2107,542,1.7484
9.2150,654,2.1097
9.2193,788,2.5419
9.2235,914,2.9484
9.2278,973,3.1387
9.2321,935,3.0161
9.2364,827,2.6677
9.2407,685,2.2097
9.2449,551,1.7774
9.2492,465,1.5000
9.2534,423,1.3645
9.2577,416,1.3419
9.2620,428,1.3806
9.2663,449,1.4484
9.2705,463,1.4935
9.2748,469,1.5129
9.2791,471,1.5194
9.2833,471,1.5194
9.2876,471,1.5194
9.2919,472,1.5226
9.2961,473,1.5258
9.3004,476,1.5355
9.3046,475,1.5323
9.3095,475,1.5323
9.3139,475,1.5323
9.3181,475,1.5323
9.3224,476,1.5355
9.3266,478,1.5419
9.3309,479,1.5452
9.3351,480,1.5484
9.3394,479,1.5452
9.3437,480,1.5484
9.3480,483,1.5581
9.3522,484,1.5613
9.3564,484,1.5613
9.3607,485,1.5645
9.3650,486,1.5677
9.3693,488,1.5742
9.3735,487,1.5710
9.3778,487,1.5710
9.3820,488,1.5742
9.3863,489,1.5774
9.3906,495,1.5968
9.3948,504,1.6258
9.3991,514,1.6581
9.4034,525,1.6935
9.4076,536,1.7290
9.4119,544,1.7548
9.4162,554,1.7871
9.4205,561,1.8097
9.4248,571,1.8419
9.4291,580,1.8710
9.4334,588,1.8968
9.4377,593,1.9129
9.4420,599,1.9323
9.4463,604,1.9484
9.4506,605,1.9516
9.4549,609,1.9645
9.4593,609,1.9645
9.4656,609,1.9645
9.4700,606,1.9548
9.4744,602,1.9419
9.4787,599,1.9323
9.4830,593,1.9129
9.4874,586,1.8903
9.4917,578,1.8645
9.4961,569,1.8355
9.5004,559,1.8032
9.5047,550,1.7742
9.5092,540,1.7419
9.5136,528,1.7032
9.5178,517,1.6677
9.5221,507,1.6355
9.5263,497,1.6032
9.5306,487,1.5710
9.5349,479,1.5452
9.5391,470,1.5161
9.5434,461,1.4871
9.5478,456,1.4710
9.5521,457,1.4742
9.5563,459,1.4806
9.5606,460,1.4839
9.5648,461,1.4871
9.5691,462,1.4903
9.5733,463,1.4935
9.5776,465,1.5000
9.5818,465,1.5000
9.5861,467,1.5065
9.5904,467,1.5065
9.5946,468,1.5097
9.5989,469,1.5129
9.6032,470,1.5161
9.6074,471,1.5194
9.6117,472,1.5226
9.6160,473,1.5258
9.6203,474,1.5290
9.6247,475,1.5323
9.6290,475,1.5323
9.6333,476,1.5355
9.6376,477,1.5387
9.6418,478,1.5419
9.6461,479,1.5452
9.6504,479,1.5452
9.6547,480,1.5484
9.6590,480,1.5484
9.6633,481,1.5516
9.6676,483,1.5581
9.6719,483,1.5581
9.6762,483,1.5581
9.6804,485,1.5645
9.6847,485,1.5645
9.6890,486,1.5677
9.6933,487,1.5710
9.6976,488,1.5742
9.7019,489,1.5774
9.7062,489,1.5774
9.7106,489,1.5774
9.7150,489,1.5774
9.7192,490,1.5806
9.7235,492,1.5871
9.7278,492,1.5871
9.7320,492,1.5871
9.7363,492,1.5871
9.7405,492,1.5871
9.7448,494,1.5935
9.7491,494,1.5935
9.7533,496,1.6000
9.7576,496,1.6000
9.7618,497,1.6032
9.7661,497,1.6032
9.7703,498,1.6065
9.7746,499,1.6097
9.7788,500,1.6129
9.7831,503,1.6226
9.7873,510,1.6452
9.7916,519,1.6742
9.7958,529,1.7065
9.8001,540,1.7419
9.8043,550,1.7742
9.8086,557,1.7968
9.8130,564,1.8194
9.8173,570,1.8387
9.8216,570,1.8387
9.8259,567,1.8290
9.8302,563,1.8161
9.8345,557,1.7968
9.8388,548,1.7677
9.8431,538,1.7355
9.8474,529,1.7065
9.8517,517,1.6677
9.8560,506,1.6323
9.8602,497,1.6032
9.8645,492,1.5871
9.8688,491,1.5839
9.8731,492,1.5871
9.8774,493,1.5903
9.8817,492,1.5871
9.8860,494,1.5935
9.8903,496,1.6000
9.8947,495,1.5968
9.8990,496,1.6000
9.9032,496,1.6000
9.9075,497,1.6032
9.9119,498,1.6065
9.9164,498,1.6065
9.9206,499,1.6097
9.9249,500,1.6129
9.9292,500,1.6129
9.9334,500,1.6129
9.9377,497,1.6032
9.9419,483,1.5581
9.9462,460,1.4839
9.9505,439,1.4161
9.9547,448,1.4452
9.9590,504,1.6258
9.9632,603,1.9452
9.9675,729,2.3516
9.9717,863,2.7839
9.9760,959,3.0935
9.9802,963,3.1065
9.9845,881,2.8419
9.9887,751,2.4226
9.9930,611,1.9710
9.9972,498,1.6065
10.0015,437,1.4097
10.0057,415,1.3387
10.0132,431,1.3903
10.0176,451,1.4548
10.0221,464,1.4968
10.0265,468,1.5097
10.0310,470,1.5161
10.0356,472,1.5226
10.0399,473,1.5258
10.0442,474,1.5290
10.0485,474,1.5290
10.0527,475,1.5323
10.0570,475,1.5323
10.0617,471,1.5194
10.0661,478,1.5419
10.0705,479,1.5452
10.0747,479,1.5452
10.0790,480,1.5484
10.0833,482,1.5548
10.0876,481,1.5516
10.0918,482,1.5548
10.0961,483,1.5581
10.1004,484,1.5613
10.1047,484,1.5613
10.1090,484,1.5613
10.1134,485,1.5645
10.1176,487,1.5710
10.1219,488,1.5742
10.1262,489,1.5774
10.1305,488,1.5742
10.1347,490,1.5806
10.1390,495,1.5968
10.1433,502,1.6194
10.1476,513,1.6548
10.1518,522,1.6839
10.1561,531,1.7129
10.1603,542,1.7484
10.1646,552,1.7806
10.1689,561,1.8097
10.1732,571,1.8419
10.1775,579,1.8677
10.1817,586,1.8903
10.1860,593,1.9129
10.1903,599,1.9323
10.1945,603,1.9452
10.1988,609,1.9645
10.2030,609,1.9645
10.2074,612,1.9742
10.2116,611,1.9710
10.2159,611,1.9710
10.2206,607,1.9581
10.2250,604,1.9484
10.2292,597,1.9258
10.2335,592,1.9097
10.2377,586,1.8903
10.2420,578,1.8645
10.2463,569,1.8355
10.2505,560,1.8065
10.2548,550,1.7742
10.2590,541,1.7452
10.2633,530,1.7097
10.2680,518,1.6710
10.2723,508,1.6387
10.2766,498,1.6065
10.2808,489,1.5774
10.2851,480,1.5484
10.2894,470,1.5161
10.2937,461,1.4871
10.2979,458,1.4774
10.3027,458,1.4774
10.3070,460,1.4839
10.3113,461,1.4871
10.3156,461,1.4871
10.3198,461,1.4871
10.3241,462,1.4903
10.3284,463,1.4935
10.3327,464,1.4968
10.3369,466,1.5032
10.3412,467,1.5065
10.3454,470,1.5161
10.3497,470,1.5161
10.3540,472,1.5226
10.3584,472,1.5226
10.3628,471,1.5194
10.3672,473,1.5258
10.3715,474,1.5290
10.3758,475,1.5323
10.3801,476,1.5355
10.3850,477,1.5387
10.3893,478,1.5419
10.3935,479,1.5452
10.3978,480,1.5484
10.4020,480,1.5484
10.4063,480,1.5484
10.4106,481,1.5516
10.4149,483,1.5581
10.4195,484,1.5613
10.4238,485,1.5645
10.4281,486,1.5677
10.4324,487,1.5710
10.4366,487,1.5710
10.4409,487,1.5710
10.4451,488,1.5742
10.4494,489,1.5774
10.4537,489,1.5774
10.4580,491,1.5839
10.4622,492,1.5871
10.4665,492,1.5871
10.4715,493,1.5903
10.4758,492,1.5871
10.4801,492,1.5871
10.4844,493,1.5903
10.4887,494,1.5935
10.4930,494,1.5935
10.4973,495,1.5968
10.5016,495,1.5968
10.5059,496,1.6000
10.5102,495,1.5968
10.5145,496,1.6000
10.5188,496,1.6000
10.5231,497,1.6032
10.5274,499,1.6097
10.5317,501,1.6161
10.5360,507,1.6355
10.5403,516,1.6645
10.5446,527,1.7000
10.5489,537,1.7323
10.5532,547,1.7645
10.5575,556,1.7935
10.5618,563,1.8161
10.5660,568,1.8323
10.5703,570,1.8387
10.5747,568,1.8323
10.5790,567,1.8290
10.5832,560,1.8065
10.5875,552,1.7806
10.5918,542,1.7484
10.5961,532,1.7161
10.6004,521,1.6806
10.6047,510,1.6452
10.6090,498,1.6065
10.6133,494,1.5935
10.6177,492,1.5871
10.6220,492,1.5871
10.6264,493,1.5903
10.6307,494,1.5935
10.6351,494,1.5935
10.6394,495,1.5968
10.6438,495,1.5968
10.6481,495,1.5968
10.6524,496,1.6000
10.6568,497,1.6032
10.6611,497,1.6032
10.6654,497,1.6032
10.6697,498,1.6065
10.6741,499,1.6097
10.6784,499,1.6097
10.6828,499,1.6097
10.6871,497,1.6032
10.6915,486,1.5677
10.6958,463,1.4935
10.7002,440,1.4194
10.7045,446,1.4387
10.7088,500,1.6129
10.7131,599,1.9323
10.7175,726,2.3419
10.7219,866,2.7935
10.7263,960,3.0968
10.7306,958,3.0903
10.7349,872,2.8129
10.7392,739,2.3839
10.7435,596,1.9226
10.7478,488,1.5742
10.7521,433,1.3968
10.7564,415,1.3387
10.7607,422,1.3613
10.7650,442,1.4258
10.7693,459,1.4806
10.7736,466,1.5032
10.7779,469,1.5129
10.7822,469,1.5129
10.7865,469,1.5129
10.7908,471,1.5194
10.7950,471,1.5194
10.7993,473,1.5258
10.8037,474,1.5290
10.8079,475,1.5323
10.8122,476,1.5355
10.8165,477,1.5387
10.8208,478,1.5419
10.8251,479,1.5452
10.8295,480,1.5484
10.8338,481,1.5516
10.8382,481,1.5516
10.8425,482,1.5548
10.8468,483,1.5581
10.8512,484,1.5613
10.8555,486,1.5677
10.8598,487,1.5710
10.8642,487,1.5710
10.8685,488,1.5742
10.8728,487,1.5710
10.8772,488,1.5742
10.8815,489,1.5774
10.8859,491,1.5839
10.8902,496,1.6000
10.8945,504,1.6258
10.8989,514,1.6581
10.9032,524,1.6903
10.9075,534,1.7226
10.9119,544,1.7548
10.9162,554,1.7871
10.9205,562,1.8129
10.9249,573,1.8484
10.9292,581,1.8742
10.9335,587,1.8935
10.9378,594,1.9161
10.9421,599,1.9323
10.9464,605,1.9516
10.9507,609,1.9645
10.9550,611,1.9710
10.9594,612,1.9742
10.9638,613,1.9774
10.9682,610,1.9677
10.9725,606,1.9548
10.9768,602,1.9419
10.9811,597,1.9258
10.9854,591,1.9065
10.9897,583,1.8806
10.9940,574,1.8516
10.9983,565,1.8226
11.0025,557,1.7968
11.0068,547,1.7645
11.0111,534,1.7226
11.0154,525,1.6935
11.0197,514,1.6581
11.0241,503,1.6226
11.0284,492,1.5871
11.0327,483,1.5581
11.0370,474,1.5290
11.0413,466,1.5032
11.0456,459,1.4806
11.0499,455,1.4677
11.0542,457,1.4742
11.0585,458,1.4774
11.0628,460,1.4839
11.0671,462,1.4903
11.0715,463,1.4935
11.0757,464,1.4968
11.0800,465,1.5000
11.0843,466,1.5032
11.0886,468,1.5097
11.0929,470,1.5161
11.0972,471,1.5194
11.1015,472,1.5226
11.1058,472,1.5226
11.1101,473,1.5258
11.1148,475,1.5323
11.1191,476,1.5355
11.1234,474,1.5290
11.1277,476,1.5355
11.1321,477,1.5387
11.1364,478,1.5419
11.1408,480,1.5484
11.1451,481,1.5516
11.1494,482,1.5548
11.1538,482,1.5548
11.1581,483,1.5581
11.1624,483,1.5581
11.1668,484,1.5613
11.1711,484,1.5613
11.1754,485,1.5645
11.1798,486,1.5677
11.1841,487,1.5710
11.1884,488,1.5742
11.1928,488,1.5742
11.1972,488,1.5742
11.2015,488,1.5742
11.2058,488,1.5742
11.2101,489,1.5774
11.2145,490,1.5806
11.2188,491,1.5839
11.2232,492,1.5871
11.2275,493,1.5903
11.2318,492,1.5871
11.2362,493,1.5903
11.2405,494,1.5935
11.2447,495,1.5968
11.2490,496,1.6000
11.2533,495,1.5968
11.2577,496,1.6000
11.2622,496,1.6000
11.2666,497,1.6032
11.2709,497,1.6032
11.2752,499,1.6097
11.2795,500,1.6129
11.2839,502,1.6194
11.2881,509,1.6419
11.2924,520,1.6774
11.2968,531,1.7129
11.3010,542,1.7484
11.3053,551,1.7774
11.3096,559,1.8032
11.3139,566,1.8258
11.3182,569,1.8355
11.3225,570,1.8387
11.3268,567,1.8290
11.3311,564,1.8194
11.3354,555,1.7903
11.3397,546,1.7613
11.3440,536,1.7290
11.3483,527,1.7000
11.3526,516,1.6645
11.3569,506,1.6323
11.3612,496,1.6000
11.3655,492,1.5871
11.3698,492,1.5871
11.3741,492,1.5871
11.3784,494,1.5935
11.3827,494,1.5935
11.3870,496,1.6000
11.3914,497,1.6032
11.3957,498,1.6065
11.4000,498,1.6065
11.4043,497,1.6032
11.4085,497,1.6032
11.4128,498,1.6065
11.4171,499,1.6097
11.4214,500,1.6129
11.4257,500,1.6129
11.4300,500,1.6129
11.4343,499,1.6097
11.4387,494,1.5935
11.4430,478,1.5419
11.4474,454,1.4645
11.4517,437,1.4097
11.4560,459,1.4806
11.4604,529,1.7065
11.4647,640,2.0645
11.4690,774,2.4968
11.4733,902,2.9097
11.4777,971,3.1323
11.4820,939,3.0290
11.4864,829,2.6742
11.4907,688,2.2194
11.4950,552,1.7806
11.4993,464,1.4968
11.5037,423,1.3645
11.5080,416,1.3419
11.5124,429,1.3839
11.5167,449,1.4484
11.5210,463,1.4935
11.5254,469,1.5129
11.5298,471,1.5194
11.5341,472,1.5226
11.5384,473,1.5258
11.5428,472,1.5226
11.5470,473,1.5258
11.5514,473,1.5258
11.5557,474,1.5290
11.5599,476,1.5355
11.5643,478,1.5419
11.5685,478,1.5419
11.5728,480,1.5484
11.5771,481,1.5516
11.5814,481,1.5516
11.5858,482,1.5548
11.5901,482,1.5548
11.5944,482,1.5548
11.5986,483,1.5581
11.6029,483,1.5581
11.6072,483,1.5581
11.6115,485,1.5645
11.6158,486,1.5677
11.6201,486,1.5677
11.6244,488,1.5742
11.6287,488,1.5742
11.6330,488,1.5742
11.6374,491,1.5839
11.6417,498,1.6065
11.6461,508,1.6387
11.6504,520,1.6774
11.6547,529,1.7065
11.6590,539,1.7387
11.6634,549,1.7710
11.6677,557,1.7968
11.6721,567,1.8290
11.6764,576,1.8581
11.6807,583,1.8806
11.6851,591,1.9065
11.6894,597,1.9258
11.6937,602,1.9419
11.6981,608,1.9613
11.7024,610,1.9677
11.7067,610,1.9677
11.7111,610,1.9677
11.7154,609,1.9645
11.7197,607,1.9581
11.7241,606,1.9548
11.7284,602,1.9419
11.7327,594,1.9161
11.7371,589,1.9000
11.7414,579,1.8677
11.7457,571,1.8419
11.7500,562,1.8129
11.7543,553,1.7839
11.7586,541,1.7452
11.7629,531,1.7129
11.7672,521,1.6806
11.7715,511,1.6484
11.7758,500,1.6129
11.7801,490,1.5806
11.7844,480,1.5484
11.7887,471,1.5194
11.7930,463,1.4935
11.7973,458,1.4774
11.8016,457,1.4742
11.8059,458,1.4774
11.8102,460,1.4839
11.8145,460,1.4839
11.8188,460,1.4839
11.8231,462,1.4903
11.8274,463,1.4935
11.8317,465,1.5000
11.8360,467,1.5065
11.8403,468,1.5097
11.8447,469,1.5129
11.8490,470,1.5161
11.8533,471,1.5194
11.8577,470,1.5161
11.8622,472,1.5226
11.8666,474,1.5290
11.8710,475,1.5323
11.8754,476,1.5355
11.8797,477,1.5387
11.8840,477,1.5387
11.8884,477,1.5387
11.8927,479,1.5452
11.8971,480,1.5484
11.9014,480,1.5484
11.9058,479,1.5452
11.9101,480,1.5484
11.9145,481,1.5516
11.9189,482,1.5548
11.9232,483,1.5581
11.9275,484,1.5613
11.9318,485,1.5645
11.9362,485,1.5645
11.9405,486,1.5677
11.9448,486,1.5677
11.9491,486,1.5677
11.9534,487,1.5710
11.9577,487,1.5710
11.9620,487,1.5710
11.9662,489,1.5774
11.9705,490,1.5806
11.9748,491,1.5839
11.9791,493,1.5903
11.9834,493,1.5903
11.9877,493,1.5903
11.9920,493,1.5903
11.9963,494,1.5935
12.0006,493,1.5903
12.0049,494,1.5935
12.0092,494,1.5935
12.0135,495,1.5968
12.0178,496,1.6000
12.0221,496,1.6000
12.0264,497,1.6032
12.0307,497,1.6032
12.0351,501,1.6161
12.0394,510,1.6452
12.0438,522,1.6839
12.0481,534,1.7226
12.0525,543,1.7516
12.0568,552,1.7806
12.0612,559,1.8032
12.0655,564,1.8194
12.0698,567,1.8290
12.0741,567,1.8290
12.0785,563,1.8161
12.0828,559,1.8032
12.0872,551,1.7774
12.0916,541,1.7452
12.0959,530,1.7097
12.1003,519,1.6742
12.1046,509,1.6419
12.1089,499,1.6097
12.1133,493,1.5903
12.1177,492,1.5871
12.1219,493,1.5903
12.1262,493,1.5903
12.1305,493,1.5903
12.1348,493,1.5903
12.1391,494,1.5935
12.1434,495,1.5968
12.1476,496,1.6000
12.1518,497,1.6032
12.1561,497,1.6032
12.1627,499,1.6097
12.1671,498,1.6065
12.1714,499,1.6097
12.1759,498,1.6065
12.1802,499,1.6097
12.1845,499,1.6097
12.1887,495,1.5968
12.1930,480,1.5484
12.1973,454,1.4645
12.2016,438,1.4129
12.2059,458,1.4774
12.2101,524,1.6903
12.2143,631,2.0355
12.2186,760,2.4516
12.2229,892,2.8774
12.2271,971,3.1323
12.2314,953,3.0742
12.2356,856,2.7613
12.2399,718,2.3161
12.2442,578,1.8645
12.2485,479,1.5452
12.2527,429,1.3839
12.2570,414,1.3355
12.2613,422,1.3613
12.2655,442,1.4258
12.2698,459,1.4806
12.2740,466,1.5032
12.2783,469,1.5129
12.2826,470,1.5161
12.2868,470,1.5161
12.2911,470,1.5161
12.2954,471,1.5194
12.2996,472,1.5226
12.3039,474,1.5290
12.3082,475,1.5323
12.3124,475,1.5323
12.3167,477,1.5387
12.3209,478,1.5419
12.3252,479,1.5452
12.3294,481,1.5516
12.3337,481,1.5516
12.3380,481,1.5516
12.3423,481,1.5516
12.3466,482,1.5548
12.3508,483,1.5581
12.3551,485,1.5645
12.3594,485,1.5645
12.3637,485,1.5645
12.3680,487,1.5710
12.3722,488,1.5742
12.3765,488,1.5742
12.3808,488,1.5742
12.3851,489,1.5774
12.3894,493,1.5903
12.3937,502,1.6194
12.3980,511,1.6484
12.4023,521,1.6806
12.4066,532,1.7161
12.4108,542,1.7484
12.4152,552,1.7806
12.4194,561,1.8097
12.4237,569,1.8355
12.4280,578,1.8645
12.4323,585,1.8871
12.4366,592,1.9097
12.4409,597,1.9258
12.4452,603,1.9452
12.4495,607,1.9581
12.4538,610,1.9677
12.4581,610,1.9677
12.4624,611,1.9710
12.4673,609,1.9645
12.4715,607,1.9581
12.4758,603,1.9452
12.4801,597,1.9258
12.4844,591,1.9065
12.4887,585,1.8871
12.4930,575,1.8548
12.4973,566,1.8258
12.5015,558,1.8000
12.5058,549,1.7710
12.5101,538,1.7355
12.5144,528,1.7032
12.5187,517,1.6677
12.5230,507,1.6355
12.5273,495,1.5968
12.5316,485,1.5645
12.5359,476,1.5355
12.5404,468,1.5097
12.5448,460,1.4839
12.5491,457,1.4742
12.5534,457,1.4742
12.5576,458,1.4774
12.5619,460,1.4839
12.5662,461,1.4871
12.5705,463,1.4935
12.5747,464,1.4968
12.5790,466,1.5032
12.5832,467,1.5065
12.5875,468,1.5097
12.5918,469,1.5129
12.5961,469,1.5129
12.6004,469,1.5129
12.6046,471,1.5194
12.6089,472,1.5226
12.6132,473,1.5258
12.6175,473,1.5258
12.6217,474,1.5290
12.6264,476,1.5355
12.6307,478,1.5419
12.6349,478,1.5419
12.6392,479,1.5452
12.6434,479,1.5452
12.6477,480,1.5484
12.6520,480,1.5484
12.6562,480,1.5484
12.6605,480,1.5484
12.6648,481,1.5516
12.6690,482,1.5548
12.6733,484,1.5613
12.6776,484,1.5613
12.6818,485,1.5645
12.6861,486,1.5677
12.6903,486,1.5677
12.6946,488,1.5742
12.6989,488,1.5742
12.7031,489,1.5774
12.7074,490,1.5806
12.7122,491,1.5839
12.7164,491,1.5839
12.7207,492,1.5871
12.7249,492,1.5871
12.7292,494,1.5935
12.7335,495,1.5968
12.7378,496,1.6000
12.7420,495,1.5968
12.7463,495,1.5968
12.7506,496,1.6000
12.7550,497,1.6032
12.7593,496,1.6000
12.7637,498,1.6065
12.7680,499,1.6097
12.7723,499,1.6097
12.7766,501,1.6161
12.7809,500,1.6129
12.7851,504,1.6258
12.7898,513,1.6548
12.7941,523,1.6871
12.7984,535,1.7258
12.8027,544,1.7548
12.8070,553,1.7839
12.8113,560,1.8065
12.8156,566,1.8258
12.8199,569,1.8355
12.8241,567,1.8290
12.8284,565,1.8226
12.8326,560,1.8065
12.8369,551,1.7774
12.8412,543,1.7516
12.8455,533,1.7194
12.8498,522,1.6839
12.8541,512,1.6516
12.8583,501,1.6161
12.8626,495,1.5968
12.8669,493,1.5903
12.8712,493,1.5903
12.8756,495,1.5968
12.8799,496,1.6000
12.8845,498,1.6065
12.8888,498,1.6065
12.8931,499,1.6097
12.8975,498,1.6065
12.9017,498,1.6065
12.9060,500,1.6129
12.9103,500,1.6129
12.9146,500,1.6129
12.9189,499,1.6097
12.9232,499,1.6097
12.9275,501,1.6161
12.9318,501,1.6161
12.9361,501,1.6161
12.9404,493,1.5903
12.9447,471,1.5194
12.9491,447,1.4419
12.9534,442,1.4258
12.9578,484,1.5613
12.9621,571,1.8419
12.9664,692,2.2323
12.9708,828,2.6710
12.9751,941,3.0355
12.9794,971,3.1323
12.9838,907,2.9258
12.9881,781,2.5194
12.9924,637,2.0548
12.9968,513,1.6548
13.0011,443,1.4290
13.0055,417,1.3452
13.0098,419,1.3516
13.0142,439,1.4161
13.0185,457,1.4742
13.0229,467,1.5065
13.0272,471,1.5194
13.0315,470,1.5161
13.0359,471,1.5194
13.0402,472,1.5226
13.0446,473,1.5258
13.0489,475,1.5323
13.0532,475,1.5323
13.0575,476,1.5355
13.0619,476,1.5355
13.0663,478,1.5419
13.0706,478,1.5419
13.0749,478,1.5419
13.0792,479,1.5452
13.0835,480,1.5484
13.0878,481,1.5516
13.0921,482,1.5548
13.0964,482,1.5548
13.1008,483,1.5581
13.1051,484,1.5613
13.1094,485,1.5645
13.1137,486,1.5677
13.1180,487,1.5710
13.1224,487,1.5710
13.1267,488,1.5742
13.1309,489,1.5774
13.1352,490,1.5806
13.1395,494,1.5935
13.1439,502,1.6194
13.1482,512,1.6516
13.1525,522,1.6839
13.1568,533,1.7194
13.1611,543,1.7516
13.1654,553,1.7839
13.1697,562,1.8129
13.1740,572,1.8452
13.1783,580,1.8710
13.1826,586,1.8903
13.1869,593,1.9129
13.1912,599,1.9323
13.1955,603,1.9452
13.1998,607,1.9581
13.2041,610,1.9677
13.2084,611,1.9710
13.2127,611,1.9710
13.2170,610,1.9677
13.2214,607,1.9581
13.2257,603,1.9452
13.2300,598,1.9290
13.2343,590,1.9032
13.2385,584,1.8839
13.2428,577,1.8613
13.2472,568,1.8323
13.2515,560,1.8065
13.2558,551,1.7774
13.2600,542,1.7484
13.2644,528,1.7032
13.2687,518,1.6710
13.2729,507,1.6355
13.2772,498,1.6065
13.2815,489,1.5774
13.2858,480,1.5484
13.2901,471,1.5194
13.2944,462,1.4903
13.2987,459,1.4806
13.3030,458,1.4774
13.3073,458,1.4774
13.3116,461,1.4871
13.3159,462,1.4903
13.3202,463,1.4935
13.3245,464,1.4968
13.3288,465,1.5000
13.3331,467,1.5065
13.3374,467,1.5065
13.3417,468,1.5097
13.3460,469,1.5129
13.3503,470,1.5161
13.3546,472,1.5226
13.3589,473,1.5258
13.3632,474,1.5290
13.3675,474,1.5290
13.3718,474,1.5290
13.3761,475,1.5323
13.3804,475,1.5323
13.3847,477,1.5387
13.3890,479,1.5452
13.3933,480,1.5484
13.3976,482,1.5548
13.4019,482,1.5548
13.4063,482,1.5548
13.4106,482,1.5548
13.4149,484,1.5613
13.4192,485,1.5645
13.4235,485,1.5645
13.4278,487,1.5710
13.4321,487,1.5710
13.4363,486,1.5677
13.4407,487,1.5710
13.4449,487,1.5710
13.4493,488,1.5742
13.4536,489,1.5774
13.4579,489,1.5774
13.4622,489,1.5774
13.4665,490,1.5806
13.4708,491,1.5839
13.4751,492,1.5871
13.4794,492,1.5871
13.4837,493,1.5903
13.4880,494,1.5935
13.4923,496,1.6000
13.4966,496,1.6000
13.5010,496,1.6000
13.5052,495,1.5968
13.5096,497,1.6032
13.5139,498,1.6065
13.5181,499,1.6097
13.5224,499,1.6097
13.5267,499,1.6097
13.5311,500,1.6129
13.5353,504,1.6258
13.5396,512,1.6516
13.5439,523,1.6871
13.5482,534,1.7226
13.5526,544,1.7548
13.5569,552,1.7806
13.5613,560,1.8065
13.5656,566,1.8258
13.5701,571,1.8419
13.5744,570,1.8387
13.5787,567,1.8290
13.5830,560,1.8065
13.5874,552,1.7806
13.5917,544,1.7548
13.5961,533,1.7194
13.6004,522,1.6839
13.6047,511,1.6484
13.6091,501,1.6161
13.6134,494,1.5935
13.6178,493,1.5903
13.6221,493,1.5903
13.6266,492,1.5871
13.6309,493,1.5903
13.6353,494,1.5935
13.6396,494,1.5935
13.6439,494,1.5935
13.6483,494,1.5935
13.6526,496,1.6000
13.6569,497,1.6032
13.6615,498,1.6065
13.6659,499,1.6097
13.6702,499,1.6097
13.6746,499,1.6097
13.6788,499,1.6097
13.6831,499,1.6097
13.6874,497,1.6032
13.6917,485,1.5645
13.6960,463,1.4935
13.7003,441,1.4226
13.7046,446,1.4387
13.7089,498,1.6065
13.7132,597,1.9258
13.7176,723,2.3323
13.7218,858,2.7677
13.7262,958,3.0903
13.7305,963,3.1065
13.7348,882,2.8452
13.7391,751,2.4226
13.7434,607,1.9581
13.7477,494,1.5935
13.7520,436,1.4065
13.7563,416,1.3419
13.7606,421,1.3581
13.7649,441,1.4226
13.7692,459,1.4806
13.7735,468,1.5097
13.7778,471,1.5194
13.7821,471,1.5194
13.7864,471,1.5194
13.7907,472,1.5226
13.7950,473,1.5258
13.7993,473,1.5258
13.8036,473,1.5258
13.8079,474,1.5290
13.8122,475,1.5323
13.8165,476,1.5355
13.8208,477,1.5387
13.8251,478,1.5419
13.8294,477,1.5387
13.8337,478,1.5419
13.8380,480,1.5484
13.8423,480,1.5484
13.8466,481,1.5516
13.8509,483,1.5581
13.8552,484,1.5613
13.8595,485,1.5645
13.8638,485,1.5645
13.8681,487,1.5710
13.8724,486,1.5677
13.8767,487,1.5710
13.8810,488,1.5742
13.8853,488,1.5742
13.8896,492,1.5871
13.8939,502,1.6194
13.8982,512,1.6516
13.9025,522,1.6839
13.9068,532,1.7161
13.9111,543,1.7516
13.9154,553,1.7839
13.9197,563,1.8161
13.9240,572,1.8452
13.9283,579,1.8677
13.9326,587,1.8935
13.9369,593,1.9129
13.9412,600,1.9355
13.9455,607,1.9581
13.9498,608,1.9613
13.9541,610,1.9677
13.9585,613,1.9774
13.9629,613,1.9774
13.9673,612,1.9742
13.9716,609,1.9645
13.9759,606,1.9548
13.9802,600,1.9355
13.9845,594,1.9161
13.9888,587,1.8935
13.9931,578,1.8645
13.9974,568,1.8323
14.0017,560,1.8065
14.0060,549,1.7710
14.0103,539,1.7387
14.0146,528,1.7032
14.0190,519,1.6742
14.0233,508,1.6387
14.0276,497,1.6032
14.0319,486,1.5677
14.0362,477,1.5387
14.0405,468,1.5097
14.0448,460,1.4839
14.0491,457,1.4742
14.0534,458,1.4774
14.0577,459,1.4806
14.0620,461,1.4871
14.0663,461,1.4871
14.0706,463,1.4935
14.0749,465,1.5000
14.0792,466,1.5032
14.0835,467,1.5065
14.0878,468,1.5097
14.0921,469,1.5129
14.0964,471,1.5194
14.1007,472,1.5226
14.1051,472,1.5226
14.1094,473,1.5258
14.1137,474,1.5290
14.1180,474,1.5290
14.1223,475,1.5323
14.1266,476,1.5355
14.1309,477,1.5387
14.1352,478,1.5419
14.1395,480,1.5484
14.1438,480,1.5484
14.1481,480,1.5484
14.1524,480,1.5484
14.1567,480,1.5484
14.1610,481,1.5516
14.1654,482,1.5548
14.1697,483,1.5581
14.1741,484,1.5613
14.1784,484,1.5613
14.1828,485,1.5645
14.1871,487,1.5710
14.1915,487,1.5710
14.1958,488,1.5742
14.2001,488,1.5742
14.2045,487,1.5710
14.2088,488,1.5742
14.2132,490,1.5806
14.2175,490,1.5806
14.2218,491,1.5839
14.2262,491,1.5839
14.2305,492,1.5871
14.2348,492,1.5871
14.2392,492,1.5871
14.2435,493,1.5903
14.2479,493,1.5903
14.2522,494,1.5935
14.2566,494,1.5935
14.2608,495,1.5968
14.2651,496,1.6000
14.2694,498,1.6065
14.2736,497,1.6032
14.2779,499,1.6097
14.2821,500,1.6129
14.2864,505,1.6290
14.2907,516,1.6645
14.2949,527,1.7000
14.2992,538,1.7355
14.3034,546,1.7613
14.3077,554,1.7871
14.3120,561,1.8097
14.3163,567,1.8290
14.3205,568,1.8323
14.3248,569,1.8355
14.3290,566,1.8258
14.3333,560,1.8065
14.3376,551,1.7774
14.3420,543,1.7516
14.3463,530,1.7097
14.3505,520,1.6774
14.3548,510,1.6452
14.3591,500,1.6129
14.3633,495,1.5968
14.3676,493,1.5903
14.3718,493,1.5903
14.3761,494,1.5935
14.3803,493,1.5903
14.3846,494,1.5935
14.3889,495,1.5968
14.3931,496,1.6000
14.3974,496,1.6000
14.4016,497,1.6032
14.4059,497,1.6032
14.4102,498,1.6065
14.4145,499,1.6097
14.4187,499,1.6097
14.4230,500,1.6129
14.4278,500,1.6129
14.4321,502,1.6194
14.4363,500,1.6129
14.4405,492,1.5871
14.4448,471,1.5194
14.4491,447,1.4419
14.4535,441,1.4226
14.4578,482,1.5548
14.4621,566,1.8258
14.4664,685,2.2097
14.4707,822,2.6516
14.4750,937,3.0226
14.4793,973,3.1387
14.4836,913,2.9452
14.4879,793,2.5581
14.4922,649,2.0935
14.4965,524,1.6903
14.5008,450,1.4516
14.5051,419,1.3516
14.5094,419,1.3516
14.5137,435,1.4032
14.5179,455,1.4677
14.5222,465,1.5000
14.5264,469,1.5129
14.5307,471,1.5194
14.5350,473,1.5258
14.5392,472,1.5226
14.5435,473,1.5258
14.5477,473,1.5258
14.5520,473,1.5258
14.5563,475,1.5323
14.5607,476,1.5355
14.5651,476,1.5355
14.5695,477,1.5387
14.5739,479,1.5452
14.5781,480,1.5484
14.5824,480,1.5484
14.5872,481,1.5516
14.5915,482,1.5548
14.5958,483,1.5581
14.6001,484,1.5613
14.6043,484,1.5613
14.6091,485,1.5645
14.6137,486,1.5677
14.6180,486,1.5677
14.6223,487,1.5710
14.6266,487,1.5710
14.6309,487,1.5710
14.6352,489,1.5774
14.6395,493,1.5903
14.6439,501,1.6161
14.6487,512,1.6516
14.6537,524,1.6903
14.6581,536,1.7290
14.6624,545,1.7581
14.6666,555,1.7903
14.6709,563,1.8161
14.6751,572,1.8452
14.6794,580,1.8710
14.6837,588,1.8968
14.6879,594,1.9161
14.6922,601,1.9387
14.6964,605,1.9516
14.7007,607,1.9581
14.7049,608,1.9613
14.7092,610,1.9677
14.7135,610,1.9677
14.7178,610,1.9677
14.7221,607,1.9581
14.7263,602,1.9419
14.7306,596,1.9226
14.7349,590,1.9032
14.7391,582,1.8774
14.7434,574,1.8516
14.7476,566,1.8258
14.7519,557,1.7968
14.7562,548,1.7677
14.7605,537,1.7323
14.7647,527,1.7000
14.7690,517,1.6677
14.7732,507,1.6355
14.7775,496,1.6000
14.7818,486,1.5677
14.7860,476,1.5355
14.7904,468,1.5097
14.7946,460,1.4839
14.7989,457,1.4742
14.8032,457,1.4742
14.8074,458,1.4774
14.8120,461,1.4871
14.8163,461,1.4871
14.8206,462,1.4903
14.8248,463,1.4935
14.8291,464,1.4968
14.8333,466,1.5032
14.8376,467,1.5065
14.8419,466,1.5032
14.8461,467,1.5065
14.8503,468,1.5097
14.8546,471,1.5194
14.8591,471,1.5194
14.8635,472,1.5226
14.8679,473,1.5258
14.8722,475,1.5323
14.8764,476,1.5355
14.8807,476,1.5355
14.8850,476,1.5355
14.8892,476,1.5355
14.8939,475,1.5323
14.8982,477,1.5387
14.9025,477,1.5387
14.9067,478,1.5419
14.9115,479,1.5452
14.9158,481,1.5516
14.9201,482,1.5548
14.9244,483,1.5581
14.9286,482,1.5548
14.9328,483,1.5581
14.9372,484,1.5613
14.9414,485,1.5645
14.9457,485,1.5645
14.9500,486,1.5677
14.9543,486,1.5677
14.9585,487,1.5710
14.9629,489,1.5774
14.9672,489,1.5774
14.9714,490,1.5806
14.9757,492,1.5871
14.9800,493,1.5903
14.9843,494,1.5935
14.9885,494,1.5935
14.9927,494,1.5935
14.9970,495,1.5968
15.0013,494,1.5935
15.0055,496,1.6000
15.0098,496,1.6000
15.0173,497,1.6032
15.0273,498,1.6065
15.0318,500,1.6129
15.0363,506,1.6323
15.0408,516,1.6645
15.0451,527,1.7000
15.0494,537,1.7323
15.0536,547,1.7645
15.0579,554,1.7871
15.0632,564,1.8194
15.0675,566,1.8258
15.0717,569,1.8355
15.0760,570,1.8387
15.0802,567,1.8290
15.0845,559,1.8032
15.0887,551,1.7774
15.0930,539,1.7387
15.0972,530,1.7097
15.1015,519,1.6742
15.1058,508,1.6387
15.1101,498,1.6065
15.1144,493,1.5903
15.1186,491,1.5839
15.1229,492,1.5871
15.1272,493,1.5903
15.1315,493,1.5903
15.1357,493,1.5903
15.1400,495,1.5968
15.1442,496,1.6000
15.1485,496,1.6000
15.1528,495,1.5968
15.1570,496,1.6000
15.1614,496,1.6000
15.1657,497,1.6032
15.1700,498,1.6065
15.1742,499,1.6097
15.1785,499,1.6097
15.1827,499,1.6097
15.1870,497,1.6032
15.1913,487,1.5710
15.1956,465,1.5000
15.1998,442,1.4258
15.2041,441,1.4226
15.2084,487,1.5710
15.2126,579,1.8677
15.2170,699,2.2548
15.2213,836,2.6968
15.2255,946,3.0516
15.2298,969,3.1258
15.2340,905,2.9194
15.2383,780,2.5161
15.2426,634,2.0452
15.2469,513,1.6548
15.2512,444,1.4323
15.2554,417,1.3452
15.2598,417,1.3452
15.2641,436,1.4065
15.2684,455,1.4677
15.2727,466,1.5032
15.2769,469,1.5129
15.2812,471,1.5194
15.2854,472,1.5226
15.2897,472,1.5226
15.2939,473,1.5258
15.2982,474,1.5290
15.3024,474,1.5290
15.3067,475,1.5323
15.3110,476,1.5355
15.3153,477,1.5387
15.3195,479,1.5452
15.3238,480,1.5484
15.3280,480,1.5484
15.3323,481,1.5516
15.3365,482,1.5548
15.3408,484,1.5613
15.3450,484,1.5613
15.3493,484,1.5613
15.3535,485,1.5645
15.3577,486,1.5677
15.3620,485,1.5645
15.3663,486,1.5677
15.3706,487,1.5710
15.3749,487,1.5710
15.3792,489,1.5774
15.3834,489,1.5774
15.3877,493,1.5903
15.3920,500,1.6129
15.3963,509,1.6419
15.4005,519,1.6742
15.4048,529,1.7065
15.4091,539,1.7387
15.4134,551,1.7774
15.4177,559,1.8032
15.4220,567,1.8290
15.4263,575,1.8548
15.4306,585,1.8871
15.4349,591,1.9065
15.4392,597,1.9258
15.4434,602,1.9419
15.4477,606,1.9548
15.4520,608,1.9613
15.4563,610,1.9677
15.4609,610,1.9677
15.4653,609,1.9645
15.4697,607,1.9581
15.4740,605,1.9516
15.4783,600,1.9355
15.4825,596,1.9226
15.4868,588,1.8968
15.4911,582,1.8774
15.4954,572,1.8452
15.4996,563,1.8161
15.5039,556,1.7935
15.5084,546,1.7613
15.5128,534,1.7226
15.5171,522,1.6839
15.5214,513,1.6548
15.5256,502,1.6194
15.5299,491,1.5839
15.5342,482,1.5548
15.5384,473,1.5258
15.5427,463,1.4935
15.5469,459,1.4806
15.5512,456,1.4710
15.5555,459,1.4806
15.5597,459,1.4806
15.5640,459,1.4806
15.5683,461,1.4871
15.5726,462,1.4903
15.5769,463,1.4935
15.5812,465,1.5000
15.5855,464,1.4968
15.5897,466,1.5032
15.5940,468,1.5097
15.5983,470,1.5161
15.6025,472,1.5226
15.6068,472,1.5226
15.6114,474,1.5290
15.6157,475,1.5323
15.6200,475,1.5323
15.6243,476,1.5355
15.6285,475,1.5323
15.6328,476,1.5355
15.6371,478,1.5419
15.6414,477,1.5387
15.6456,478,1.5419
15.6499,479,1.5452
15.6541,480,1.5484
15.6584,481,1.5516
15.6627,481,1.5516
15.6670,482,1.5548
15.6713,484,1.5613
15.6756,485,1.5645
15.6799,484,1.5613
15.6841,485,1.5645
15.6884,485,1.5645
15.6926,486,1.5677
15.6975,487,1.5710
15.7018,488,1.5742
15.7060,489,1.5774
15.7103,490,1.5806
15.7145,490,1.5806
15.7189,490,1.5806
15.7231,491,1.5839
15.7274,492,1.5871
15.7316,493,1.5903
15.7359,494,1.5935
15.7402,495,1.5968
15.7444,495,1.5968
15.7487,495,1.5968
15.7529,496,1.6000
15.7572,495,1.5968
15.7616,497,1.6032
15.7659,497,1.6032
15.7703,498,1.6065
15.7745,499,1.6097
15.7796,499,1.6097
15.7838,502,1.6194
15.7881,509,1.6419
15.7923,519,1.6742
15.7966,531,1.7129
15.8009,541,1.7452
15.8052,552,1.7806
15.8094,559,1.8032
15.8137,564,1.8194
15.8179,568,1.8323
15.8222,571,1.8419
15.8265,568,1.8323
15.8308,563,1.8161
15.8350,557,1.7968
15.8393,547,1.7645
15.8436,539,1.7387
15.8478,527,1.7000
15.8521,517,1.6677
15.8563,506,1.6323
15.8611,496,1.6000
15.8656,490,1.5806
15.8699,490,1.5806
15.8742,491,1.5839
15.8784,493,1.5903
15.8827,493,1.5903
15.8869,496,1.6000
15.8912,497,1.6032
15.8955,498,1.6065
15.8997,498,1.6065
15.9040,498,1.6065
15.9083,499,1.6097
15.9125,499,1.6097
15.9168,500,1.6129
15.9211,500,1.6129
15.9254,499,1.6097
15.9296,498,1.6065
15.9339,500,1.6129
15.9385,496,1.6000
15.9427,481,1.5516
15.9470,457,1.4742
15.9513,439,1.4161
15.9555,452,1.4581
15.9598,513,1.6548
15.9641,615,1.9839
15.9683,743,2.3968
15.9726,876,2.8258
15.9769,965,3.1129
15.9811,959,3.0935
15.9854,867,2.7968
15.9897,736,2.3742
15.9940,595,1.9194
15.9982,489,1.5774
16.0025,434,1.4000
16.0068,416,1.3419
16.0110,421,1.3581
16.0153,440,1.4194
16.0197,458,1.4774
16.0240,467,1.5065
16.0282,470,1.5161
16.0325,471,1.5194
16.0368,471,1.5194
16.0410,472,1.5226
16.0453,472,1.5226
16.0495,473,1.5258
16.0538,474,1.5290
16.0580,475,1.5323
16.0622,477,1.5387
16.0666,478,1.5419
16.0710,478,1.5419
16.0752,479,1.5452
16.0795,479,1.5452
16.0838,481,1.5516
16.0881,482,1.5548
16.0923,483,1.5581
16.0966,484,1.5613
16.1009,485,1.5645
16.1052,485,1.5645
16.1094,486,1.5677
16.1137,487,1.5710
16.1180,487,1.5710
16.1223,487,1.5710
16.1266,488,1.5742
16.1309,489,1.5774
16.1352,489,1.5774
16.1396,496,1.6000
16.1439,504,1.6258
16.1482,513,1.6548
16.1525,524,1.6903
16.1568,533,1.7194
16.1610,543,1.7516
16.1653,552,1.7806
16.1696,562,1.8129
16.1739,570,1.8387
16.1782,578,1.8645
16.1824,587,1.8935
16.1867,594,1.9161
16.1909,599,1.9323
16.1952,603,1.9452
16.1995,608,1.9613
16.2037,611,1.9710
16.2080,613,1.9774
16.2123,612,1.9742
16.2165,612,1.9742
16.2208,609,1.9645
16.2250,605,1.9516
16.2293,599,1.9323
16.2335,594,1.9161
16.2378,587,1.8935
16.2420,578,1.8645
16.2463,569,1.8355
16.2506,558,1.8000
16.2548,551,1.7774
16.2591,541,1.7452
16.2633,532,1.7161
16.2676,520,1.6774
16.2719,511,1.6484
16.2762,501,1.6161
16.2805,491,1.5839
16.2848,481,1.5516
16.2891,472,1.5226
16.2934,462,1.4903
16.2977,458,1.4774
16.3020,457,1.4742
16.3062,458,1.4774
16.3105,459,1.4806
16.3148,460,1.4839
16.3191,462,1.4903
16.3234,463,1.4935
16.3277,464,1.4968
16.3320,465,1.5000
16.3363,466,1.5032
16.3405,467,1.5065
16.3448,468,1.5097
16.3491,469,1.5129
16.3535,471,1.5194
16.3578,473,1.5258
16.3622,474,1.5290
16.3665,475,1.5323
16.3710,473,1.5258
16.3753,475,1.5323
16.3795,477,1.5387
16.3838,478,1.5419
16.3881,479,1.5452
16.3924,479,1.5452
16.3967,479,1.5452
16.4009,480,1.5484
16.4052,481,1.5516
16.4095,481,1.5516
16.4137,483,1.5581
16.4180,484,1.5613
16.4226,484,1.5613
16.4270,484,1.5613
16.4313,486,1.5677
16.4355,487,1.5710
16.4398,488,1.5742
16.4440,489,1.5774
16.4483,489,1.5774
16.4525,490,1.5806
16.4568,491,1.5839
16.4610,492,1.5871
16.4653,491,1.5839
16.4695,493,1.5903
16.4738,492,1.5871
16.4781,492,1.5871
16.4823,493,1.5903
16.4865,495,1.5968
16.4908,496,1.6000
16.4951,497,1.6032
16.4993,497,1.6032
16.5036,495,1.5968
16.5078,496,1.6000
16.5121,497,1.6032
16.5164,497,1.6032
16.5206,497,1.6032
16.5249,500,1.6129
16.5291,501,1.6161
16.5334,502,1.6194
16.5377,507,1.6355
16.5419,517,1.6677
16.5461,528,1.7032
16.5504,539,1.7387
16.5547,549,1.7710
16.5590,557,1.7968
16.5632,563,1.8161
16.5675,567,1.8290
16.5718,571,1.8419
16.5761,569,1.8355
16.5804,566,1.8258
16.5847,559,1.8032
16.5889,550,1.7742
16.5932,540,1.7419
16.5976,530,1.7097
16.6018,519,1.6742
16.6061,508,1.6387
16.6104,499,1.6097
16.6147,494,1.5935
16.6190,493,1.5903
16.6232,493,1.5903
16.6275,495,1.5968
16.6318,496,1.6000
16.6361,496,1.6000
16.6403,496,1.6000
16.6446,496,1.6000
16.6489,495,1.5968
16.6532,496,1.6000
16.6575,496,1.6000
16.6619,496,1.6000
16.6663,497,1.6032
16.6708,499,1.6097
16.6751,500,1.6129
16.6794,500,1.6129
16.6837,502,1.6194
16.6879,499,1.6097
16.6922,486,1.5677
16.6964,463,1.4935
16.7007,441,1.4226
16.7049,448,1.4452
16.7092,501,1.6161
16.7134,597,1.9258
16.7177,723,2.3323
16.7220,859,2.7710
16.7263,958,3.0903
16.7306,965,3.1129
16.7348,887,2.8613
16.7391,757,2.4419
16.7433,616,1.9871
16.7476,503,1.6226
16.7518,439,1.4161
16.7561,416,1.3419
16.7603,420,1.3548
16.7646,438,1.4129
16.7689,457,1.4742
16.7731,466,1.5032
16.7774,470,1.5161
16.7817,471,1.5194
16.7859,471,1.5194
16.7902,471,1.5194
16.7945,472,1.5226
16.7987,474,1.5290
16.8030,474,1.5290
16.8072,475,1.5323
16.8114,476,1.5355
16.8157,477,1.5387
16.8200,478,1.5419
16.8242,478,1.5419
16.8285,479,1.5452
16.8327,480,1.5484
16.8370,481,1.5516
16.8413,482,1.5548
16.8456,483,1.5581
16.8498,483,1.5581
16.8540,484,1.5613
16.8583,484,1.5613
16.8626,485,1.5645
16.8668,485,1.5645
16.8711,486,1.5677
16.8753,487,1.5710
16.8797,489,1.5774
16.8839,490,1.5806
16.8882,491,1.5839
16.8925,499,1.6097
16.8968,510,1.6452
16.9011,520,1.6774
16.9054,530,1.7097
16.9097,540,1.7419
16.9141,550,1.7742
16.9184,558,1.8000
16.9227,569,1.8355
16.9270,577,1.8613
16.9313,583,1.8806
16.9356,592,1.9097
16.9400,596,1.9226
16.9442,601,1.9387
16.9485,606,1.9548
16.9528,610,1.9677
16.9572,611,1.9710
16.9614,610,1.9677
16.9657,609,1.9645
16.9700,608,1.9613
16.9743,604,1.9484
16.9786,599,1.9323
16.9829,594,1.9161
16.9872,587,1.8935
16.9915,579,1.8677
16.9958,571,1.8419
17.0001,563,1.8161
17.0044,554,1.7871
17.0087,544,1.7548
17.0130,533,1.7194
17.0173,522,1.6839
17.0216,513,1.6548
17.0258,502,1.6194
17.0302,492,1.5871
17.0344,483,1.5581
17.0387,474,1.5290
17.0430,465,1.5000
17.0473,460,1.4839
17.0516,457,1.4742
17.0558,458,1.4774
17.0602,459,1.4806
17.0644,461,1.4871
17.0687,462,1.4903
17.0730,463,1.4935
17.0773,464,1.4968
17.0816,465,1.5000
17.0860,466,1.5032
17.0902,466,1.5032
17.0945,468,1.5097
17.0988,469,1.5129
17.1031,469,1.5129
17.1074,470,1.5161
17.1117,472,1.5226
17.1160,473,1.5258
17.1203,474,1.5290
17.1246,475,1.5323
17.1289,476,1.5355
17.1332,475,1.5323
17.1375,476,1.5355
17.1418,477,1.5387
17.1461,477,1.5387
17.1504,477,1.5387
17.1547,479,1.5452
17.1590,480,1.5484
17.1632,481,1.5516
17.1676,482,1.5548
17.1719,483,1.5581
17.1762,483,1.5581
17.1805,483,1.5581
17.1848,485,1.5645
17.1891,485,1.5645
17.1934,486,1.5677
17.1977,487,1.5710
17.2020,488,1.5742
17.2062,488,1.5742
17.2105,488,1.5742
17.2149,489,1.5774
17.2192,491,1.5839
17.2235,492,1.5871
17.2278,492,1.5871
17.2321,492,1.5871
17.2364,493,1.5903
17.2407,493,1.5903
17.2451,493,1.5903
17.2494,494,1.5935
17.2536,495,1.5968
17.2580,494,1.5935
17.2624,495,1.5968
17.2667,496,1.6000
17.2711,497,1.6032
17.2756,499,1.6097
17.2799,499,1.6097
17.2841,503,1.6226
17.2884,510,1.6452
17.2927,520,1.6774
17.2972,530,1.7097
17.3017,542,1.7484
17.3061,553,1.7839
17.3105,559,1.8032
17.3150,566,1.8258
17.3194,571,1.8419
17.3239,570,1.8387
17.3283,566,1.8258
17.3327,560,1.8065
17.3373,552,1.7806
17.3417,544,1.7548
17.3462,533,1.7194
17.3506,520,1.6774
17.3550,509,1.6419
17.3594,498,1.6065
17.3636,493,1.5903
17.3679,492,1.5871
17.3721,493,1.5903
17.3764,494,1.5935
17.3807,495,1.5968
17.3849,496,1.6000
17.3892,497,1.6032
17.3934,498,1.6065
17.3976,497,1.6032
17.4018,497,1.6032
17.4060,497,1.6032
17.4103,498,1.6065
17.4145,499,1.6097
17.4188,500,1.6129
17.4231,501,1.6161
17.4273,501,1.6161
17.4316,500,1.6129
17.4359,499,1.6097
17.4401,493,1.5903
17.4444,474,1.5290
17.4486,450,1.4516
17.4529,439,1.4161
17.4572,468,1.5097
17.4614,546,1.7613
17.4657,661,2.1323
17.4700,792,2.5548
17.4742,917,2.9581
17.4785,974,3.1419
17.4829,931,3.0032
17.4872,820,2.6452
17.4916,674,2.1742
17.4960,540,1.7419
17.5003,458,1.4774
17.5047,421,1.3581
17.5090,417,1.3452
17.5133,433,1.3968
17.5177,453,1.4613
17.5220,466,1.5032
17.5264,471,1.5194
17.5307,471,1.5194
17.5351,473,1.5258
17.5394,474,1.5290
17.5438,473,1.5258
17.5481,474,1.5290
17.5524,475,1.5323
17.5568,475,1.5323
17.5614,475,1.5323
17.5658,477,1.5387
17.5703,478,1.5419
17.5746,478,1.5419
17.5790,478,1.5419
17.5834,479,1.5452
17.5877,480,1.5484
17.5919,480,1.5484
17.5962,482,1.5548
17.6006,483,1.5581
17.6049,485,1.5645
17.6092,486,1.5677
17.6134,486,1.5677
17.6178,486,1.5677
17.6221,486,1.5677
17.6264,486,1.5677
17.6307,487,1.5710
17.6351,488,1.5742
17.6394,494,1.5935
17.6437,502,1.6194
17.6480,513,1.6548
17.6523,522,1.6839
17.6568,533,1.7194
17.6612,543,1.7516
17.6655,552,1.7806
17.6698,562,1.8129
17.6740,571,1.8419
17.6783,579,1.8677
17.6827,587,1.8935
17.6870,594,1.9161
17.6913,598,1.9290
17.6956,604,1.9484
17.6999,609,1.9645
17.7042,611,1.9710
17.7085,612,1.9742
17.7128,611,1.9710
17.7171,611,1.9710
17.7214,608,1.9613
17.7258,604,1.9484
17.7301,598,1.9290
17.7344,592,1.9097
17.7390,583,1.8806
17.7433,577,1.8613
17.7476,567,1.8290
17.7519,557,1.7968
17.7562,549,1.7710
17.7605,540,1.7419
17.7648,529,1.7065
17.7691,518,1.6710
17.7734,507,1.6355
17.7777,498,1.6065
17.7821,488,1.5742
17.7864,478,1.5419
17.7907,468,1.5097
17.7950,460,1.4839
17.7993,457,1.4742
17.8036,458,1.4774
17.8079,458,1.4774
17.8122,461,1.4871
17.8165,461,1.4871
17.8211,462,1.4903
17.8255,463,1.4935
17.8298,463,1.4935
17.8341,465,1.5000
17.8384,467,1.5065
17.8427,469,1.5129
17.8470,470,1.5161
17.8514,471,1.5194
17.8557,471,1.5194
17.8600,472,1.5226
17.8643,473,1.5258
17.8686,474,1.5290
17.8729,475,1.5323
17.8772,475,1.5323
17.8815,475,1.5323
17.8858,477,1.5387
17.8902,478,1.5419
17.8944,480,1.5484
17.8987,482,1.5548
17.9030,483,1.5581
17.9074,483,1.5581
17.9117,483,1.5581
17.9159,484,1.5613
17.9202,484,1.5613
17.9245,485,1.5645
17.9289,485,1.5645
17.9332,484,1.5613
17.9375,486,1.5677
17.9418,487,1.5710
17.9461,488,1.5742
17.9504,488,1.5742
17.9547,488,1.5742
17.9590,488,1.5742
17.9633,489,1.5774
17.9676,490,1.5806
17.9719,490,1.5806
17.9762,490,1.5806
17.9805,491,1.5839
17.9848,491,1.5839
17.9891,491,1.5839
17.9934,493,1.5903
17.9977,495,1.5968
18.0020,496,1.6000
18.0063,496,1.6000
18.0106,497,1.6032
18.0149,497,1.6032
18.0192,499,1.6097
18.0235,499,1.6097
18.0278,498,1.6065
18.0322,500,1.6129
18.0365,505,1.6290
18.0408,514,1.6581
18.0456,527,1.7000
18.0499,538,1.7355
18.0542,548,1.7677
18.0585,556,1.7935
18.0628,563,1.8161
18.0671,567,1.8290
18.0715,569,1.8355
18.0757,567,1.8290
18.0800,565,1.8226
18.0843,558,1.8000
18.0887,549,1.7710
18.0930,539,1.7387
18.0973,528,1.7032
18.1016,518,1.6710
18.1059,507,1.6355
18.1102,496,1.6000
18.1145,491,1.5839
18.1188,490,1.5806
18.1231,493,1.5903
18.1275,494,1.5935
18.1319,494,1.5935
18.1362,495,1.5968
18.1405,496,1.6000
18.1448,496,1.6000
18.1491,496,1.6000
18.1534,497,1.6032
18.1578,498,1.6065
18.1622,498,1.6065
18.1665,498,1.6065
18.1710,498,1.6065
18.1754,500,1.6129
18.1797,500,1.6129
18.1840,501,1.6161
18.1888,496,1.6000
18.1932,481,1.5516
18.1975,458,1.4774
18.2018,441,1.4226
18.2060,458,1.4774
18.2103,521,1.6806
18.2147,628,2.0258
18.2190,759,2.4484
18.2233,890,2.8710
18.2276,970,3.1290
18.2319,950,3.0645
18.2362,851,2.7452
18.2405,714,2.3032
18.2448,573,1.8484
18.2491,476,1.5355
18.2534,428,1.3806
18.2577,416,1.3419
18.2620,426,1.3742
18.2663,447,1.4419
18.2706,462,1.4903
18.2749,469,1.5129
18.2792,471,1.5194
18.2836,470,1.5161
18.2883,471,1.5194
18.2926,472,1.5226
18.2969,473,1.5258
18.3012,475,1.5323
18.3055,475,1.5323
18.3098,476,1.5355
18.3141,478,1.5419
18.3185,478,1.5419
18.3228,479,1.5452
18.3270,480,1.5484
18.3314,481,1.5516
18.3357,480,1.5484
18.3399,482,1.5548
18.3442,482,1.5548
18.3485,483,1.5581
18.3527,484,1.5613
18.3570,485,1.5645
18.3613,486,1.5677
18.3656,488,1.5742
18.3698,488,1.5742
18.3741,487,1.5710
18.3784,488,1.5742
18.3826,488,1.5742
18.3869,490,1.5806
18.3912,496,1.6000
18.3955,505,1.6290
18.3997,516,1.6645
18.4040,525,1.6935
18.4082,534,1.7226
18.4125,544,1.7548
18.4168,554,1.7871
18.4211,563,1.8161
18.4253,573,1.8484
18.4296,582,1.8774
18.4338,589,1.9000
18.4381,594,1.9161
18.4424,601,1.9387
18.4466,607,1.9581
18.4509,611,1.9710
18.4552,614,1.9806
18.4595,614,1.9806
18.4639,612,1.9742
18.4682,612,1.9742
18.4725,608,1.9613
18.4768,603,1.9452
18.4811,599,1.9323
18.4854,592,1.9097
18.4896,583,1.8806
18.4939,576,1.8581
18.4982,568,1.8323
18.5025,559,1.8032
18.5068,549,1.7710
18.5111,538,1.7355
18.5154,525,1.6935
18.5197,516,1.6645
18.5240,506,1.6323
18.5283,495,1.5968
18.5326,486,1.5677
18.5370,476,1.5355
18.5414,467,1.5065
18.5457,458,1.4774
18.5500,456,1.4710
18.5543,457,1.4742
18.5586,459,1.4806
18.5629,460,1.4839
18.5673,462,1.4903
18.5716,463,1.4935
18.5759,462,1.4903
18.5802,464,1.4968
18.5845,465,1.5000
18.5888,467,1.5065
18.5930,468,1.5097
18.5973,469,1.5129
18.6016,470,1.5161
18.6059,472,1.5226
18.6102,472,1.5226
18.6144,473,1.5258
18.6187,472,1.5226
18.6229,474,1.5290
18.6273,475,1.5323
18.6316,476,1.5355
18.6358,477,1.5387
18.6401,479,1.5452
18.6444,480,1.5484
18.6487,479,1.5452
18.6529,479,1.5452
18.6571,480,1.5484
18.6614,481,1.5516
18.6657,482,1.5548
18.6700,483,1.5581
18.6742,483,1.5581
18.6785,484,1.5613
18.6828,485,1.5645
18.6871,487,1.5710
18.6915,486,1.5677
18.6959,486,1.5677
18.7002,487,1.5710
18.7046,489,1.5774
18.7089,489,1.5774
18.7132,490,1.5806
18.7175,490,1.5806
18.7219,490,1.5806
18.7263,492,1.5871
18.7306,493,1.5903
18.7349,495,1.5968
18.7393,496,1.6000
18.7437,496,1.6000
18.7480,495,1.5968
18.7524,496,1.6000
18.7567,497,1.6032
18.7613,497,1.6032
18.7656,498,1.6065
18.7699,497,1.6032
18.7743,497,1.6032
18.7786,498,1.6065
18.7829,500,1.6129
18.7875,507,1.6355
18.7918,518,1.6710
18.7961,529,1.7065
18.8004,540,1.7419
18.8046,551,1.7774
18.8089,558,1.8000
18.8132,564,1.8194
18.8175,569,1.8355
18.8217,570,1.8387
18.8260,570,1.8387
18.8303,565,1.8226
18.8345,559,1.8032
18.8388,551,1.7774
18.8430,540,1.7419
18.8473,531,1.7129
18.8516,520,1.6774
18.8559,511,1.6484
18.8601,500,1.6129
18.8644,494,1.5935
18.8687,493,1.5903
18.8729,493,1.5903
18.8772,495,1.5968
18.8815,496,1.6000
18.8858,497,1.6032
18.8900,496,1.6000
18.8943,497,1.6032
18.8986,498,1.6065
18.9030,499,1.6097
18.9073,499,1.6097
18.9116,499,1.6097
18.9159,499,1.6097
18.9202,501,1.6161
18.9245,502,1.6194
18.9288,502,1.6194
18.9331,502,1.6194
18.9374,499,1.6097
18.9417,488,1.5742
18.9460,466,1.5032
18.9503,443,1.4290
18.9546,445,1.4355
18.9589,494,1.5935
18.9632,588,1.8968
18.9676,713,2.3000
18.9719,849,2.7387
18.9762,953,3.0742
18.9805,967,3.1194
18.9848,892,2.8774
18.9891,763,2.4613
18.9934,620,2.0000
18.9977,504,1.6258
19.0020,441,1.4226
19.0063,417,1.3452
19.0106,421,1.3581
19.0149,440,1.4194
19.0192,458,1.4774
19.0235,467,1.5065
19.0279,470,1.5161
19.0321,471,1.5194
19.0365,471,1.5194
19.0407,473,1.5258
19.0450,474,1.5290
19.0493,475,1.5323
19.0536,476,1.5355
19.0580,477,1.5387
19.0624,478,1.5419
19.0668,478,1.5419
19.0713,478,1.5419
19.0756,479,1.5452
19.0799,480,1.5484
19.0842,481,1.5516
19.0885,481,1.5516
19.0928,483,1.5581
19.0971,483,1.5581
19.1014,483,1.5581
19.1057,483,1.5581
19.1100,483,1.5581
19.1143,484,1.5613
19.1186,486,1.5677
19.1228,486,1.5677
19.1271,487,1.5710
19.1314,487,1.5710
19.1356,488,1.5742
19.1399,492,1.5871
19.1442,502,1.6194
19.1485,513,1.6548
19.1528,523,1.6871
19.1571,533,1.7194
19.1614,544,1.7548
19.1657,551,1.7774
19.1699,561,1.8097
19.1742,570,1.8387
19.1785,577,1.8613
19.1827,586,1.8903
19.1870,595,1.9194
19.1914,601,1.9387
19.1956,605,1.9516
19.1999,608,1.9613
19.2042,611,1.9710
19.2084,612,1.9742
19.2127,611,1.9710
19.2170,610,1.9677
19.2213,608,1.9613
19.2255,605,1.9516
19.2298,601,1.9387
19.2341,592,1.9097
19.2384,585,1.8871
19.2426,576,1.8581
19.2469,568,1.8323
19.2512,559,1.8032
19.2554,549,1.7710
19.2597,541,1.7452
19.2639,530,1.7097
19.2682,519,1.6742
19.2725,508,1.6387
19.2768,499,1.6097
19.2810,488,1.5742
19.2853,478,1.5419
19.2896,469,1.5129
19.2939,461,1.4871
19.2982,457,1.4742
19.3025,456,1.4710
19.3068,455,1.4677
19.3111,458,1.4774
19.3154,460,1.4839
19.3197,462,1.4903
19.3240,463,1.4935
19.3283,464,1.4968
19.3326,465,1.5000
19.3370,466,1.5032
19.3415,467,1.5065
19.3458,468,1.5097
19.3500,469,1.5129
19.3544,471,1.5194
19.3587,472,1.5226
19.3631,472,1.5226
19.3675,472,1.5226
19.3718,473,1.5258
19.3761,475,1.5323
19.3805,476,1.5355
19.3848,477,1.5387
19.3891,477,1.5387
19.3934,479,1.5452
19.3976,480,1.5484
19.4019,480,1.5484
19.4062,480,1.5484
19.4104,481,1.5516
19.4147,482,1.5548
19.4190,483,1.5581
19.4233,483,1.5581
19.4276,484,1.5613
19.4319,484,1.5613
19.4361,485,1.5645
19.4404,486,1.5677
19.4447,487,1.5710
19.4489,486,1.5677
19.4532,488,1.5742
19.4575,489,1.5774
19.4618,490,1.5806
19.4660,491,1.5839
19.4703,491,1.5839
19.4746,492,1.5871
19.4789,491,1.5839
19.4831,491,1.5839
19.4874,492,1.5871
19.4918,493,1.5903
19.4960,493,1.5903
19.5004,495,1.5968
19.5046,495,1.5968
19.5090,495,1.5968
19.5132,495,1.5968
19.5176,497,1.6032
19.5219,498,1.6065
19.5262,499,1.6097
19.5304,498,1.6065
19.5347,501,1.6161
19.5391,509,1.6419
19.5433,520,1.6774
19.5476,531,1.7129
19.5520,541,1.7452
19.5563,551,1.7774
19.5606,559,1.8032
19.5649,565,1.8226
19.5692,568,1.8323
19.5734,567,1.8290
19.5777,566,1.8258
19.5820,562,1.8129
19.5863,554,1.7871
19.5906,546,1.7613
19.5949,536,1.7290
19.5992,524,1.6903
19.6035,513,1.6548
19.6078,502,1.6194
19.6120,494,1.5935
19.6163,489,1.5774
19.6206,490,1.5806
19.6248,492,1.5871
19.6291,492,1.5871
19.6333,493,1.5903
19.6376,494,1.5935
19.6419,495,1.5968
19.6462,496,1.6000
19.6504,496,1.6000
19.6547,496,1.6000
19.6589,496,1.6000
19.6632,497,1.6032
19.6675,497,1.6032
19.6717,498,1.6065
19.6760,500,1.6129
19.6802,501,1.6161
19.6845,501,1.6161
19.6888,496,1.6000
19.6930,483,1.5581
19.6973,458,1.4774
19.7017,439,1.4161
19.7060,455,1.4677
19.7103,518,1.6710
19.7147,623,2.0097
19.7190,756,2.4387
19.7233,891,2.8742
19.7277,970,3.1290
19.7320,950,3.0645
19.7364,850,2.7419
19.7407,712,2.2968
19.7450,570,1.8387
19.7494,472,1.5226
19.7537,426,1.3742
19.7580,414,1.3355
19.7624,426,1.3742
19.7667,447,1.4419
19.7711,463,1.4935
19.7754,469,1.5129
19.7797,471,1.5194
19.7840,473,1.5258
19.7884,473,1.5258
19.7927,473,1.5258
19.7971,474,1.5290
19.8014,474,1.5290
19.8057,476,1.5355
19.8100,476,1.5355
19.8143,476,1.5355
19.8186,478,1.5419
19.8229,479,1.5452
19.8273,480,1.5484
19.8316,481,1.5516
19.8359,481,1.5516
19.8402,482,1.5548
19.8444,482,1.5548
19.8488,484,1.5613
19.8531,485,1.5645
19.8574,485,1.5645
19.8617,485,1.5645
19.8659,487,1.5710
19.8703,487,1.5710
19.8745,488,1.5742
19.8788,489,1.5774
19.8831,490,1.5806
19.8874,491,1.5839
19.8917,497,1.6032
19.8960,507,1.6355
19.9003,517,1.6677
19.9046,527,1.7000
19.9089,537,1.7323
19.9132,547,1.7645
19.9175,557,1.7968
19.9218,566,1.8258
19.9261,574,1.8516
19.9304,582,1.8774
19.9347,589,1.9000
19.9390,596,1.9226
19.9433,600,1.9355
19.9476,603,1.9452
19.9523,608,1.9613
19.9566,611,1.9710
19.9610,612,1.9742
19.9655,610,1.9677
19.9699,607,1.9581
19.9742,604,1.9484
19.9784,600,1.9355
19.9827,596,1.9226
19.9869,591,1.9065
19.9912,582,1.8774
19.9955,573,1.8484
19.9997,565,1.8226
20.0040,555,1.7903
20.0082,547,1.7645
20.0125,536,1.7290
20.0168,522,1.6839
20.0224,511,1.6484
20.0269,500,1.6129
20.0315,489,1.5774
20.0360,479,1.5452
20.0405,470,1.5161
20.0450,461,1.4871
20.0494,459,1.4806
20.0538,458,1.4774
20.0581,460,1.4839
20.0624,462,1.4903
20.0667,463,1.4935
20.0710,464,1.4968
20.0753,467,1.5065
20.0796,467,1.5065
20.0839,466,1.5032
20.0882,467,1.5065
20.0925,467,1.5065
20.0969,470,1.5161
20.1014,472,1.5226
20.1057,472,1.5226
20.1100,474,1.5290
20.1143,474,1.5290
20.1186,475,1.5323
20.1229,475,1.5323
20.1272,476,1.5355
20.1315,476,1.5355
20.1358,479,1.5452
20.1401,478,1.5419
20.1444,478,1.5419
20.1487,479,1.5452
20.1530,480,1.5484
20.1573,480,1.5484
20.1616,482,1.5548
20.1659,483,1.5581
20.1702,484,1.5613
20.1745,485,1.5645
20.1788,486,1.5677
20.1831,486,1.5677
20.1874,487,1.5710
20.1917,486,1.5677
20.1960,487,1.5710
20.2003,489,1.5774
20.2046,490,1.5806
20.2089,490,1.5806
20.2132,491,1.5839
20.2175,492,1.5871
20.2218,493,1.5903
20.2261,493,1.5903
20.2304,494,1.5935
20.2347,494,1.5935
20.2390,494,1.5935
20.2433,495,1.5968
20.2476,497,1.6032
20.2519,496,1.6000
20.2563,496,1.6000
20.2607,496,1.6000
20.2651,498,1.6065
20.2695,499,1.6097
20.2740,501,1.6161
20.2784,499,1.6097
20.2827,501,1.6161
20.2870,506,1.6323
20.2913,516,1.6645
20.2956,526,1.6968
20.2999,536,1.7290
20.3042,547,1.7645
20.3085,555,1.7903
20.3128,562,1.8129
20.3171,567,1.8290
20.3215,570,1.8387
20.3258,568,1.8323
20.3300,564,1.8194
20.3343,558,1.8000
20.3387,549,1.7710
20.3430,542,1.7484
20.3473,531,1.7129
20.3516,519,1.6742
20.3559,509,1.6419
20.3602,498,1.6065
20.3645,492,1.5871
20.3688,490,1.5806
20.3731,491,1.5839
20.3774,493,1.5903
20.3817,494,1.5935
20.3860,496,1.6000
20.3903,496,1.6000
20.3946,495,1.5968
20.3989,497,1.6032
20.4033,497,1.6032
20.4076,497,1.6032
20.4119,498,1.6065
20.4162,499,1.6097
20.4205,500,1.6129
20.4248,500,1.6129
20.4291,501,1.6161
20.4334,501,1.6161
20.4377,498,1.6065
20.4420,487,1.5710
20.4463,466,1.5032
20.4506,443,1.4290
20.4549,446,1.4387
20.4592,497,1.6032
20.4635,593,1.9129
20.4678,719,2.3194
20.4721,856,2.7613
20.4764,956,3.0839
20.4807,968,3.1226
20.4850,891,2.8742
20.4893,762,2.4581
20.4936,618,1.9935
20.4979,503,1.6226
20.5022,440,1.4194
20.5065,417,1.3452
20.5108,421,1.3581
20.5151,441,1.4226
20.5194,459,1.4806
20.5237,469,1.5129
20.5280,473,1.5258
20.5323,474,1.5290
20.5366,473,1.5258
20.5409,474,1.5290
20.5452,474,1.5290
20.5495,475,1.5323
20.5538,475,1.5323
20.5581,476,1.5355
20.5624,477,1.5387
20.5667,477,1.5387
20.5710,478,1.5419
20.5753,479,1.5452
20.5796,480,1.5484
20.5839,481,1.5516
20.5882,482,1.5548
20.5925,483,1.5581
20.5968,483,1.5581
20.6011,485,1.5645
20.6054,485,1.5645
20.6097,484,1.5613
20.6141,485,1.5645
20.6184,486,1.5677
20.6227,487,1.5710
20.6271,488,1.5742
20.6315,490,1.5806
20.6358,491,1.5839
20.6401,496,1.6000
20.6445,504,1.6258
20.6488,514,1.6581
20.6531,525,1.6935
20.6575,534,1.7226
20.6618,545,1.7581
20.6661,556,1.7935
20.6705,564,1.8194
20.6748,573,1.8484
20.6791,581,1.8742
20.6835,589,1.9000
20.6878,595,1.9194
20.6921,602,1.9419
20.6965,607,1.9581
20.7010,609,1.9645
20.7053,613,1.9774
20.7097,613,1.9774
20.7140,613,1.9774
20.7182,611,1.9710
20.7225,608,1.9613
20.7269,602,1.9419
20.7312,598,1.9290
20.7354,590,1.9032
20.7397,584,1.8839
20.7440,577,1.8613
20.7483,568,1.8323
20.7526,557,1.7968
20.7569,549,1.7710
20.7613,538,1.7355
20.7656,529,1.7065
20.7699,518,1.6710
20.7742,507,1.6355
20.7785,496,1.6000
20.7828,486,1.5677
20.7871,477,1.5387
20.7915,468,1.5097
20.7958,461,1.4871
20.8000,457,1.4742
20.8043,458,1.4774
20.8087,458,1.4774
20.8130,460,1.4839
20.8173,461,1.4871
20.8216,461,1.4871
20.8259,462,1.4903
20.8302,464,1.4968
20.8345,465,1.5000
20.8388,466,1.5032
20.8430,468,1.5097
20.8473,469,1.5129
20.8517,470,1.5161
20.8560,471,1.5194
20.8603,472,1.5226
20.8647,473,1.5258
20.8692,474,1.5290
20.8736,474,1.5290
20.8778,476,1.5355
20.8821,477,1.5387
20.8868,478,1.5419
20.8911,478,1.5419
20.8954,479,1.5452
20.8996,480,1.5484
20.9039,481,1.5516
20.9082,481,1.5516
20.9124,480,1.5484
20.9167,482,1.5548
20.9209,485,1.5645
20.9252,485,1.5645
20.9294,484,1.5613
20.9337,484,1.5613
20.9380,484,1.5613
20.9422,485,1.5645
20.9464,486,1.5677
20.9507,486,1.5677
20.9550,488,1.5742
20.9592,488,1.5742
20.9635,489,1.5774
20.9677,489,1.5774
20.9719,490,1.5806
20.9762,490,1.5806
20.9804,492,1.5871
20.9847,492,1.5871
20.9890,492,1.5871
20.9932,492,1.5871
20.9975,493,1.5903
21.0017,494,1.5935
21.0060,494,1.5935
21.0103,495,1.5968
21.0146,495,1.5968
21.0189,496,1.6000
21.0232,497,1.6032
21.0275,499,1.6097
21.0318,499,1.6097
21.0361,504,1.6258
21.0403,513,1.6548
21.0446,524,1.6903
21.0489,536,1.7290
21.0532,546,1.7613
21.0575,555,1.7903
21.0618,563,1.8161
21.0661,568,1.8323
21.0704,570,1.8387
21.0747,570,1.8387
21.0790,566,1.8258
21.0832,560,1.8065
21.0875,554,1.7871
21.0918,545,1.7581
21.0961,535,1.7258
21.1004,523,1.6871
21.1047,512,1.6516
21.1090,502,1.6194
21.1132,493,1.5903
21.1176,490,1.5806
21.1218,492,1.5871
21.1261,493,1.5903
21.1304,494,1.5935
21.1347,494,1.5935
21.1390,495,1.5968
21.1432,496,1.6000
21.1475,496,1.6000
21.1518,497,1.6032
21.1561,496,1.6000
21.1604,496,1.6000
21.1648,497,1.6032
21.1692,499,1.6097
21.1736,501,1.6161
21.1780,500,1.6129
21.1823,500,1.6129
21.1866,501,1.6161
21.1909,493,1.5903
21.1952,472,1.5226
21.1995,447,1.4419
21.2038,441,1.4226
21.2081,478,1.5419
21.2123,561,1.8097
21.2166,679,2.1903
21.2208,813,2.6226
21.2251,931,3.0032
21.2293,973,3.1387
21.2336,924,2.9806
21.2378,807,2.6032
21.2421,665,2.1452
21.2463,537,1.7323
21.2506,456,1.4710
21.2548,421,1.3581
21.2591,416,1.3419
21.2634,431,1.3903
21.2676,450,1.4516
21.2719,464,1.4968
21.2761,471,1.5194
21.2804,472,1.5226
21.2847,472,1.5226
21.2889,473,1.5258
21.2932,473,1.5258
21.2974,473,1.5258
21.3017,474,1.5290
21.3060,475,1.5323
21.3103,476,1.5355
21.3146,477,1.5387
21.3189,478,1.5419
21.3233,480,1.5484
21.3275,481,1.5516
21.3318,480,1.5484
21.3361,480,1.5484
21.3404,481,1.5516
21.3447,483,1.5581
21.3489,483,1.5581
21.3532,483,1.5581
21.3575,483,1.5581
21.3618,484,1.5613
21.3661,485,1.5645
21.3704,486,1.5677
21.3747,487,1.5710
21.3790,487,1.5710
21.3833,488,1.5742
21.3876,491,1.5839
21.3918,498,1.6065
21.3961,506,1.6323
21.4004,515,1.6613
21.4047,526,1.6968
21.4090,536,1.7290
21.4133,547,1.7645
21.4176,556,1.7935
21.4219,564,1.8194
21.4262,572,1.8452
21.4304,581,1.8742
21.4347,588,1.8968
21.4390,594,1.9161
21.4433,600,1.9355
21.4476,606,1.9548
21.4519,609,1.9645
21.4562,611,1.9710
21.4604,610,1.9677
21.4647,610,1.9677
21.4690,610,1.9677
21.4733,606,1.9548
21.4776,601,1.9387
21.4818,595,1.9194
21.4861,589,1.9000
21.4904,582,1.8774
21.4947,573,1.8484
21.4990,566,1.8258
21.5033,556,1.7935
21.5076,548,1.7677
21.5119,538,1.7355
21.5162,526,1.6968
21.5205,516,1.6645
21.5248,505,1.6290
21.5291,496,1.6000
21.5334,486,1.5677
21.5377,476,1.5355
21.5420,467,1.5065
21.5462,461,1.4871
21.5505,458,1.4774
21.5548,458,1.4774
21.5591,460,1.4839
21.5634,460,1.4839
21.5676,462,1.4903
21.5719,463,1.4935
21.5762,464,1.4968
21.5805,465,1.5000
21.5848,467,1.5065
21.5891,467,1.5065
21.5934,470,1.5161
21.5976,470,1.5161
21.6019,471,1.5194
21.6062,473,1.5258
21.6105,474,1.5290
21.6148,475,1.5323
21.6191,474,1.5290
21.6234,473,1.5258
21.6277,474,1.5290
21.6320,475,1.5323
21.6362,475,1.5323
21.6405,477,1.5387
21.6448,477,1.5387
21.6491,479,1.5452
21.6534,480,1.5484
21.6577,481,1.5516
21.6620,482,1.5548
21.6662,483,1.5581
21.6705,484,1.5613
21.6748,485,1.5645
21.6791,485,1.5645
21.6834,486,1.5677
21.6877,487,1.5710
21.6919,488,1.5742
21.6962,488,1.5742
21.7005,489,1.5774
21.7048,489,1.5774
21.7091,490,1.5806
21.7134,489,1.5774
21.7181,490,1.5806
21.7225,491,1.5839
21.7268,492,1.5871
21.7311,492,1.5871
21.7354,492,1.5871
21.7396,492,1.5871
21.7439,493,1.5903
21.7482,495,1.5968
21.7525,495,1.5968
21.7568,496,1.6000
21.7611,497,1.6032
21.7655,498,1.6065
21.7699,498,1.6065
21.7743,498,1.6065
21.7786,498,1.6065
21.7829,500,1.6129
21.7872,506,1.6323
21.7915,516,1.6645
21.7957,527,1.7000
21.8000,538,1.7355
21.8043,549,1.7710
21.8086,557,1.7968
21.8128,564,1.8194
21.8172,568,1.8323
21.8214,570,1.8387
21.8257,569,1.8355
21.8299,566,1.8258
21.8341,559,1.8032
21.8384,551,1.7774
21.8427,542,1.7484
21.8469,532,1.7161
21.8511,520,1.6774
21.8554,509,1.6419
21.8596,499,1.6097
21.8639,492,1.5871
21.8681,491,1.5839
21.8724,491,1.5839
21.8766,492,1.5871
21.8809,493,1.5903
21.8851,494,1.5935
21.8893,495,1.5968
21.8936,495,1.5968
21.8979,496,1.6000
21.9021,498,1.6065
21.9064,498,1.6065
21.9106,498,1.6065
21.9149,499,1.6097
21.9193,500,1.6129
21.9237,500,1.6129
21.9280,500,1.6129
21.9323,501,1.6161
21.9366,500,1.6129
21.9410,492,1.5871
21.9453,471,1.5194
21.9496,447,1.4419
21.9539,440,1.4194
21.9583,479,1.5452
21.9626,563,1.8161
21.9669,686,2.2129
21.9713,825,2.6613
21.9756,939,3.0290
21.9800,970,3.1290
21.9843,908,2.9290
21.9886,785,2.5323
21.9929,640,2.0645
21.9973,516,1.6645
22.0016,445,1.4355
22.0060,416,1.3419
22.0103,417,1.3452
22.0146,435,1.4032
22.0189,454,1.4645
22.0233,465,1.5000
22.0276,469,1.5129
22.0319,470,1.5161
22.0363,472,1.5226
22.0406,473,1.5258
22.0449,473,1.5258
22.0493,474,1.5290
22.0536,475,1.5323
22.0579,475,1.5323
22.0623,475,1.5323
22.0667,478,1.5419
22.0712,478,1.5419
22.0755,479,1.5452
22.0798,480,1.5484
22.0842,482,1.5548
22.0885,483,1.5581
22.0928,484,1.5613
22.0971,484,1.5613
22.1015,483,1.5581
22.1058,485,1.5645
22.1101,485,1.5645
22.1146,487,1.5710
22.1189,487,1.5710
22.1233,487,1.5710
22.1276,489,1.5774
22.1319,489,1.5774
22.1362,490,1.5806
22.1405,495,1.5968
22.1448,503,1.6226
22.1491,514,1.6581
22.1534,524,1.6903
22.1576,535,1.7258
22.1619,545,1.7581
22.1662,554,1.7871
22.1705,563,1.8161
22.1748,574,1.8516
22.1791,581,1.8742
22.1834,588,1.8968
22.1877,593,1.9129
22.1920,597,1.9258
22.1963,602,1.9419
22.2006,608,1.9613
22.2049,612,1.9742
22.2092,614,1.9806
22.2135,613,1.9774
22.2178,610,1.9677
22.2221,608,1.9613
22.2264,603,1.9452
22.2308,597,1.9258
22.2351,593,1.9129
22.2394,585,1.8871
22.2437,577,1.8613
22.2481,568,1.8323
22.2524,557,1.7968
22.2567,547,1.7645
22.2610,537,1.7323
22.2654,527,1.7000
22.2697,517,1.6677
22.2741,507,1.6355
22.2784,497,1.6032
22.2827,487,1.5710
22.2870,477,1.5387
22.2914,468,1.5097
22.2957,460,1.4839
22.3001,457,1.4742
22.3044,457,1.4742
22.3087,459,1.4806
22.3130,462,1.4903
22.3174,462,1.4903
22.3217,463,1.4935
22.3260,463,1.4935
22.3304,465,1.5000
22.3347,467,1.5065
22.3390,468,1.5097
22.3434,470,1.5161
22.3477,471,1.5194
22.3520,472,1.5226
22.3563,472,1.5226
22.3607,473,1.5258
22.3650,474,1.5290
22.3693,475,1.5323
22.3737,476,1.5355
22.3780,477,1.5387
22.3823,478,1.5419
22.3866,478,1.5419
22.3910,478,1.5419
22.3953,479,1.5452
22.3996,481,1.5516
22.4039,481,1.5516
22.4083,481,1.5516
22.4126,482,1.5548
22.4170,483,1.5581
22.4213,484,1.5613
22.4256,485,1.5645
22.4299,486,1.5677
22.4342,486,1.5677
22.4385,486,1.5677
22.4428,486,1.5677
22.4471,487,1.5710
22.4514,489,1.5774
22.4557,489,1.5774
22.4600,490,1.5806
22.4643,490,1.5806
22.4686,491,1.5839
22.4729,492,1.5871
22.4772,492,1.5871
22.4815,492,1.5871
22.4858,493,1.5903
22.4901,494,1.5935
22.4944,495,1.5968
22.4987,495,1.5968
22.5030,496,1.6000
22.5072,495,1.5968
22.5115,497,1.6032
22.5158,497,1.6032
22.5201,498,1.6065
22.5244,498,1.6065
22.5288,499,1.6097
22.5331,500,1.6129
22.5375,507,1.6355
22.5418,516,1.6645
22.5461,529,1.7065
22.5504,539,1.7387
22.5547,549,1.7710
22.5591,558,1.8000
22.5634,564,1.8194
22.5677,569,1.8355
22.5721,570,1.8387
22.5764,570,1.8387
22.5807,564,1.8194
22.5851,557,1.7968
22.5894,549,1.7710
22.5937,540,1.7419
22.5980,530,1.7097
22.6024,518,1.6710
22.6067,508,1.6387
22.6110,498,1.6065
22.6154,493,1.5903
22.6198,491,1.5839
22.6241,492,1.5871
22.6285,493,1.5903
22.6327,494,1.5935
22.6370,493,1.5903
22.6414,495,1.5968
22.6457,495,1.5968
22.6500,495,1.5968
22.6542,496,1.6000
22.6585,497,1.6032
22.6630,498,1.6065
22.6674,499,1.6097
22.6718,499,1.6097
22.6761,499,1.6097
22.6804,499,1.6097
22.6847,500,1.6129
22.6890,497,1.6032
22.6933,482,1.5548
22.6976,457,1.4742
22.7019,438,1.4129
22.7061,453,1.4613
22.7104,515,1.6613
22.7147,618,1.9935
22.7190,748,2.4129
22.7233,882,2.8452
22.7276,966,3.1161
22.7319,955,3.0806
22.7362,860,2.7742
22.7405,724,2.3355
22.7448,583,1.8806
22.7491,481,1.5516
22.7534,430,1.3871
22.7577,415,1.3387
22.7620,424,1.3677
22.7663,445,1.4355
22.7706,460,1.4839
22.7749,467,1.5065
22.7792,470,1.5161
22.7835,471,1.5194
22.7878,472,1.5226
22.7920,473,1.5258
22.7963,474,1.5290
22.8006,475,1.5323
22.8049,476,1.5355
22.8092,477,1.5387
22.8135,477,1.5387
22.8178,476,1.5355
22.8222,478,1.5419
22.8265,479,1.5452
22.8308,480,1.5484
22.8352,480,1.5484
22.8395,481,1.5516
22.8438,483,1.5581
22.8482,482,1.5548
22.8525,483,1.5581
22.8568,483,1.5581
22.8611,484,1.5613
22.8655,486,1.5677
22.8698,487,1.5710
22.8741,489,1.5774
22.8785,488,1.5742
22.8828,489,1.5774
22.8871,491,1.5839
22.8915,496,1.6000
22.8958,506,1.6323
22.9001,516,1.6645
22.9044,526,1.6968
22.9088,537,1.7323
22.9131,546,1.7613
22.9174,555,1.7903
22.9217,565,1.8226
22.9261,574,1.8516
22.9304,581,1.8742
22.9347,589,1.9000
22.9390,595,1.9194
22.9432,601,1.9387
22.9475,605,1.9516
22.9518,609,1.9645
22.9561,610,1.9677
22.9604,611,1.9710
22.9648,611,1.9710
22.9692,608,1.9613
22.9736,605,1.9516
22.9779,601,1.9387
22.9823,595,1.9194
22.9866,590,1.9032
22.9909,583,1.8806
22.9952,573,1.8484
22.9994,565,1.8226
23.0038,555,1.7903
23.0081,545,1.7581
23.0124,536,1.7290
23.0167,524,1.6903
23.0210,515,1.6613
23.0253,505,1.6290
23.0296,495,1.5968
23.0339,484,1.5613
23.0382,474,1.5290
23.0425,465,1.5000
23.0467,460,1.4839
23.0511,457,1.4742
23.0553,457,1.4742
23.0596,459,1.4806
23.0639,461,1.4871
23.0682,463,1.4935
23.0725,464,1.4968
23.0768,465,1.5000
23.0811,465,1.5000
23.0854,466,1.5032
23.0897,468,1.5097
23.0940,468,1.5097
23.0983,470,1.5161
23.1025,471,1.5194
23.1068,472,1.5226
23.1111,473,1.5258
23.1154,475,1.5323
23.1197,477,1.5387
23.1240,477,1.5387
23.1283,476,1.5355
23.1327,477,1.5387
23.1370,478,1.5419
23.1414,479,1.5452
23.1457,481,1.5516
23.1500,481,1.5516
23.1544,481,1.5516
23.1587,482,1.5548
23.1630,483,1.5581
23.1673,484,1.5613
23.1717,485,1.5645
23.1760,486,1.5677
23.1803,486,1.5677
23.1847,487,1.5710
23.1890,487,1.5710
23.1933,487,1.5710
23.1977,489,1.5774
23.2020,489,1.5774
23.2063,491,1.5839
23.2106,491,1.5839
23.2150,491,1.5839
23.2193,491,1.5839
23.2236,491,1.5839
23.2280,493,1.5903
23.2323,492,1.5871
23.2366,493,1.5903
23.2409,493,1.5903
23.2452,494,1.5935
23.2495,494,1.5935
23.2537,496,1.6000
23.2580,496,1.6000
23.2623,497,1.6032
23.2666,497,1.6032
23.2709,497,1.6032
23.2752,497,1.6032
23.2795,498,1.6065
23.2838,501,1.6161
23.2881,509,1.6419
23.2924,518,1.6710
23.2967,528,1.7032
23.3010,540,1.7419
23.3053,550,1.7742
23.3095,559,1.8032
23.3138,565,1.8226
23.3182,570,1.8387
23.3224,570,1.8387
23.3268,568,1.8323
23.3311,563,1.8161
23.3355,556,1.7935
23.3398,547,1.7645
23.3442,538,1.7355
23.3485,527,1.7000
23.3528,516,1.6645
23.3571,506,1.6323
23.3615,496,1.6000
23.3658,493,1.5903
23.3701,492,1.5871
23.3744,494,1.5935
23.3788,495,1.5968
23.3831,495,1.5968
23.3875,495,1.5968
23.3918,496,1.6000
23.3961,496,1.6000
23.4004,497,1.6032
23.4048,498,1.6065
23.4091,497,1.6032
23.4134,497,1.6032
23.4178,498,1.6065
23.4221,498,1.6065
23.4264,499,1.6097
23.4307,499,1.6097
23.4350,500,1.6129
23.4393,495,1.5968
23.4436,480,1.5484
23.4479,456,1.4710
23.4522,439,1.4161
23.4565,455,1.4677
23.4608,521,1.6806
23.4651,629,2.0290
23.4694,759,2.4484
23.4737,890,2.8710
23.4780,968,3.1226
23.4823,950,3.0645
23.4869,842,2.7161
23.4913,699,2.2548
23.4956,561,1.8097
23.4999,468,1.5097
23.5042,424,1.3677
23.5085,415,1.3387
23.5128,426,1.3742
23.5171,446,1.4387
23.5214,461,1.4871
23.5257,468,1.5097
23.5300,471,1.5194
23.5343,472,1.5226
23.5387,471,1.5194
23.5430,473,1.5258
23.5473,474,1.5290
23.5517,475,1.5323
23.5560,476,1.5355
23.5603,476,1.5355
23.5648,477,1.5387
23.5692,478,1.5419
23.5736,479,1.5452
23.5779,480,1.5484
23.5822,481,1.5516
23.5866,482,1.5548
23.5909,482,1.5548
23.5953,483,1.5581
23.5996,484,1.5613
23.6039,485,1.5645
23.6083,486,1.5677
23.6126,486,1.5677
23.6169,486,1.5677
23.6213,487,1.5710
23.6256,488,1.5742
23.6301,489,1.5774
23.6344,489,1.5774
23.6387,492,1.5871
23.6430,499,1.6097
23.6473,507,1.6355
23.6516,518,1.6710
23.6559,529,1.7065
23.6602,538,1.7355
23.6645,549,1.7710
23.6688,559,1.8032
23.6731,568,1.8323
23.6774,577,1.8613
23.6817,585,1.8871
23.6860,594,1.9161
23.6903,600,1.9355
23.6946,604,1.9484
23.6989,609,1.9645
23.7032,612,1.9742
23.7075,614,1.9806
23.7118,613,1.9774
23.7161,613,1.9774
23.7203,608,1.9613
23.7246,605,1.9516
23.7289,602,1.9419
23.7332,597,1.9258
23.7376,589,1.9000
23.7419,579,1.8677
23.7462,571,1.8419
23.7506,564,1.8194
23.7549,555,1.7903
23.7592,544,1.7548
23.7636,534,1.7226
23.7679,523,1.6871
23.7722,513,1.6548
23.7766,503,1.6226
23.7809,493,1.5903
23.7852,483,1.5581
23.7896,473,1.5258
23.7939,464,1.4968
23.7982,458,1.4774
23.8026,457,1.4742
23.8069,458,1.4774
23.8113,460,1.4839
23.8156,462,1.4903
23.8199,463,1.4935
23.8243,464,1.4968
23.8286,465,1.5000
23.8329,467,1.5065
23.8373,467,1.5065
23.8416,467,1.5065
23.8459,469,1.5129
23.8501,469,1.5129
23.8544,471,1.5194
23.8587,472,1.5226
23.8631,472,1.5226
23.8675,473,1.5258
23.8719,473,1.5258
23.8762,473,1.5258
23.8805,474,1.5290
23.8848,476,1.5355
23.8891,478,1.5419
23.8934,479,1.5452
23.8977,480,1.5484
23.9020,481,1.5516
23.9063,482,1.5548
23.9106,483,1.5581
23.9149,484,1.5613
23.9192,483,1.5581
23.9235,484,1.5613
23.9278,485,1.5645
23.9321,486,1.5677
23.9364,487,1.5710
23.9407,489,1.5774
23.9451,490,1.5806
23.9494,492,1.5871
23.9537,492,1.5871
23.9581,492,1.5871
23.9624,491,1.5839
23.9668,492,1.5871
23.9711,493,1.5903
23.9754,493,1.5903
23.9798,493,1.5903
23.9841,493,1.5903
23.9884,493,1.5903
23.9928,494,1.5935
23.9971,495,1.5968
24.0015,496,1.6000
24.0058,496,1.6000
24.0101,497,1.6032
24.0144,498,1.6065
24.0188,497,1.6032
24.0231,498,1.6065
24.0274,499,1.6097
24.0318,500,1.6129
24.0361,504,1.6258
24.0404,513,1.6548
24.0447,523,1.6871
24.0490,534,1.7226
24.0533,545,1.7581
24.0576,554,1.7871
24.0619,562,1.8129
24.0662,568,1.8323
24.0705,571,1.8419
24.0747,569,1.8355
24.0791,565,1.8226
24.0833,559,1.8032
24.0876,553,1.7839
24.0919,541,1.7452
24.0962,534,1.7226
24.1005,522,1.6839
24.1048,511,1.6484
24.1091,501,1.6161
24.1134,492,1.5871
24.1177,491,1.5839
24.1220,492,1.5871
24.1263,494,1.5935
24.1306,494,1.5935
24.1350,494,1.5935
24.1393,493,1.5903
24.1436,495,1.5968
24.1480,495,1.5968
24.1523,496,1.6000
24.1566,496,1.6000
24.1609,498,1.6065
24.1653,497,1.6032
24.1696,498,1.6065
24.1739,499,1.6097
24.1782,499,1.6097
24.1826,499,1.6097
24.1869,499,1.6097
24.1913,490,1.5806
24.1956,469,1.5129
24.1999,445,1.4355
24.2043,440,1.4194
24.2086,482,1.5548
24.2129,569,1.8355
24.2172,691,2.2290
24.2216,829,2.6742
24.2259,944,3.0452
24.2302,973,3.1387
24.2346,905,2.9194
24.2389,782,2.5226
24.2432,636,2.0516
24.2475,515,1.6613
24.2518,445,1.4355
24.2561,416,1.3419
24.2604,418,1.3484
24.2647,436,1.4065
24.2689,455,1.4677
24.2732,466,1.5032
24.2775,470,1.5161
24.2818,471,1.5194
24.2861,471,1.5194
24.2904,472,1.5226
24.2947,473,1.5258
24.2990,473,1.5258
24.3033,473,1.5258
24.3076,474,1.5290
24.3119,475,1.5323
24.3162,478,1.5419
24.3204,478,1.5419
24.3247,480,1.5484
24.3290,480,1.5484
24.3333,480,1.5484
24.3376,481,1.5516
24.3419,482,1.5548
24.3463,482,1.5548
24.3506,483,1.5581
24.3549,483,1.5581
24.3593,483,1.5581
24.3636,485,1.5645
24.3679,485,1.5645
24.3722,485,1.5645
24.3766,486,1.5677
24.3809,487,1.5710
24.3852,489,1.5774
24.3896,493,1.5903
24.3939,501,1.6161
24.3982,511,1.6484
24.4026,521,1.6806
24.4069,531,1.7129
24.4113,541,1.7452
24.4156,552,1.7806
24.4199,560,1.8065
24.4242,569,1.8355
24.4286,578,1.8645
24.4329,586,1.8903
24.4374,594,1.9161
24.4417,599,1.9323
24.4460,604,1.9484
24.4503,608,1.9613
24.4546,611,1.9710
24.4589,612,1.9742
24.4632,614,1.9806
24.4676,611,1.9710
24.4720,608,1.9613
24.4763,605,1.9516
24.4806,599,1.9323
24.4849,593,1.9129
24.4892,587,1.8935
24.4935,578,1.8645
24.4978,569,1.8355
24.5021,558,1.8000
24.5064,549,1.7710
24.5107,538,1.7355
24.5150,528,1.7032
24.5193,517,1.6677
24.5236,507,1.6355
24.5279,497,1.6032
24.5322,488,1.5742
24.5365,478,1.5419
24.5408,471,1.5194
24.5451,462,1.4903
24.5494,458,1.4774
24.5537,458,1.4774
24.5579,459,1.4806
24.5622,460,1.4839
24.5665,461,1.4871
24.5708,463,1.4935
24.5751,465,1.5000
24.5794,466,1.5032
24.5837,467,1.5065
24.5880,468,1.5097
24.5923,470,1.5161
24.5966,470,1.5161
24.6009,470,1.5161
24.6052,471,1.5194
24.6095,472,1.5226
24.6138,473,1.5258
24.6181,474,1.5290
24.6224,475,1.5323
24.6267,477,1.5387
24.6310,478,1.5419
24.6353,479,1.5452
24.6397,478,1.5419
24.6440,478,1.5419
24.6483,478,1.5419
24.6526,479,1.5452
24.6570,480,1.5484
24.6614,480,1.5484
24.6657,481,1.5516
24.6700,483,1.5581
24.6744,483,1.5581
24.6787,485,1.5645
24.6830,484,1.5613
24.6874,485,1.5645
24.6917,487,1.5710
24.6960,487,1.5710
24.7004,488,1.5742
24.7047,488,1.5742
24.7091,490,1.5806
24.7134,491,1.5839
24.7178,491,1.5839
24.7221,491,1.5839
24.7264,491,1.5839
24.7307,492,1.5871
24.7351,494,1.5935
24.7394,493,1.5903
24.7437,494,1.5935
24.7481,494,1.5935
24.7523,496,1.6000
24.7567,497,1.6032
24.7610,497,1.6032
24.7654,498,1.6065
24.7697,498,1.6065
24.7741,499,1.6097
24.7784,500,1.6129
24.7827,501,1.6161
24.7870,507,1.6355
24.7914,517,1.6677
24.7957,527,1.7000
24.8000,536,1.7290
24.8043,548,1.7677
24.8086,555,1.7903
24.8128,562,1.8129
24.8171,568,1.8323
24.8215,570,1.8387
24.8257,568,1.8323
24.8300,567,1.8290
24.8343,561,1.8097
24.8386,553,1.7839
24.8429,543,1.7516
24.8472,531,1.7129
24.8515,520,1.6774
24.8558,509,1.6419
24.8601,499,1.6097
24.8644,493,1.5903
24.8687,491,1.5839
24.8730,492,1.5871
24.8772,492,1.5871
24.8815,492,1.5871
24.8858,493,1.5903
24.8901,495,1.5968
24.8944,496,1.6000
24.8987,497,1.6032
24.9030,498,1.6065
24.9073,499,1.6097
24.9116,499,1.6097
24.9159,500,1.6129
24.9202,501,1.6161
24.9245,500,1.6129
24.9288,500,1.6129
24.9331,500,1.6129
24.9373,499,1.6097
24.9416,491,1.5839
24.9459,469,1.5129
24.9503,446,1.4387
24.9546,443,1.4290
24.9589,485,1.5645
24.9633,576,1.8581
24.9676,701,2.2613
24.9719,837,2.7000
24.9762,948,3.0581
24.9806,968,3.1226
24.9849,899,2.9000
24.9892,773,2.4935
24.9936,628,2.0258
24.9979,509,1.6419
25.0022,441,1.4226
25.0066,416,1.3419
25.0109,419,1.3516
25.0152,439,1.4161
25.0196,458,1.4774
25.0239,467,1.5065
25.0284,470,1.5161
25.0329,472,1.5226
25.0374,472,1.5226
25.0419,472,1.5226
25.0465,473,1.5258
25.0511,474,1.5290
25.0555,476,1.5355
25.0598,477,1.5387
25.0641,478,1.5419
25.0685,478,1.5419
25.0727,478,1.5419
25.0770,479,1.5452
25.0814,481,1.5516
25.0858,481,1.5516
25.0901,482,1.5548
25.0943,482,1.5548
25.0986,483,1.5581
25.1030,483,1.5581
25.1073,485,1.5645
25.1116,486,1.5677
25.1159,486,1.5677
25.1202,486,1.5677
25.1245,487,1.5710
25.1288,488,1.5742
25.1331,489,1.5774
25.1374,490,1.5806
25.1417,497,1.6032
25.1460,506,1.6323
25.1503,515,1.6613
25.1547,525,1.6935
25.1590,536,1.7290
25.1633,547,1.7645
25.1676,557,1.7968
25.1719,566,1.8258
25.1762,575,1.8548
25.1805,583,1.8806
25.1848,589,1.9000
25.1891,597,1.9258
25.1934,602,1.9419
25.1977,606,1.9548
25.2020,609,1.9645
25.2063,610,1.9677
25.2106,611,1.9710
25.2149,610,1.9677
25.2192,609,1.9645
25.2235,605,1.9516
25.2278,603,1.9452
25.2321,597,1.9258
25.2364,590,1.9032
25.2407,581,1.8742
25.2450,573,1.8484
25.2494,564,1.8194
25.2537,555,1.7903
25.2584,544,1.7548
25.2627,534,1.7226
25.2670,523,1.6871
25.2714,514,1.6581
25.2757,503,1.6226
25.2800,493,1.5903
25.2843,483,1.5581
25.2886,474,1.5290
25.2929,465,1.5000
25.2972,459,1.4806
25.3015,456,1.4710
25.3060,458,1.4774
25.3103,460,1.4839
25.3146,462,1.4903
25.3189,462,1.4903
25.3232,463,1.4935
25.3275,464,1.4968
25.3318,465,1.5000
25.3361,466,1.5032
25.3404,467,1.5065
25.3447,468,1.5097
25.3490,470,1.5161
25.3534,472,1.5226
25.3577,473,1.5258
25.3620,472,1.5226
25.3665,473,1.5258
25.3717,474,1.5290
25.3761,476,1.5355
25.3804,476,1.5355
25.3847,477,1.5387
25.3890,478,1.5419
25.3933,480,1.5484
25.3976,480,1.5484
25.4020,480,1.5484
25.4063,482,1.5548
25.4106,482,1.5548
25.4150,483,1.5581
25.4193,483,1.5581
25.4235,484,1.5613
25.4278,485,1.5645
25.4321,485,1.5645
25.4365,486,1.5677
25.4408,486,1.5677
25.4450,486,1.5677
25.4494,487,1.5710
25.4537,488,1.5742
25.4580,488,1.5742
25.4623,489,1.5774
25.4666,490,1.5806
25.4709,490,1.5806
25.4752,491,1.5839
25.4795,492,1.5871
25.4838,494,1.5935
25.4881,495,1.5968
25.4924,495,1.5968
25.4967,495,1.5968
25.5011,496,1.6000
25.5054,497,1.6032
25.5097,498,1.6065
25.5140,498,1.6065
25.5183,498,1.6065
25.5226,499,1.6097
25.5269,500,1.6129
25.5313,500,1.6129
25.5356,504,1.6258
25.5399,511,1.6484
25.5442,522,1.6839
25.5485,534,1.7226
25.5528,544,1.7548
25.5571,553,1.7839
25.5614,560,1.8065
25.5657,566,1.8258
25.5700,570,1.8387
25.5743,569,1.8355
25.5786,567,1.8290
25.5829,561,1.8097
25.5872,555,1.7903
25.5915,546,1.7613
25.5958,537,1.7323
25.6001,525,1.6935
25.6044,513,1.6548
25.6087,503,1.6226
25.6131,495,1.5968
25.6174,492,1.5871
25.6217,492,1.5871
25.6260,492,1.5871
25.6303,494,1.5935
25.6346,494,1.5935
25.6389,494,1.5935
25.6432,496,1.6000
25.6475,496,1.6000
25.6518,498,1.6065
25.6566,498,1.6065
25.6609,498,1.6065
25.6654,498,1.6065
25.6697,498,1.6065
25.6742,500,1.6129
25.6786,499,1.6097
25.6829,500,1.6129
25.6872,499,1.6097
25.6914,491,1.5839
25.6957,470,1.5161
25.7001,446,1.4387
25.7044,439,1.4161
25.7087,481,1.5516
25.7130,568,1.8323
25.7174,690,2.2258
25.7217,827,2.6677
25.7260,943,3.0419
25.7303,972,3.1355
25.7346,910,2.9355
25.7389,787,2.5387
25.7432,641,2.0677
25.7475,518,1.6710
25.7518,446,1.4387
25.7561,417,1.3452
25.7605,418,1.3484
25.7648,436,1.4065
25.7691,455,1.4677
25.7734,466,1.5032
25.7777,470,1.5161
25.7820,471,1.5194
25.7863,471,1.5194
25.7906,473,1.5258
25.7948,475,1.5323
25.7991,474,1.5290
25.8035,475,1.5323
25.8078,477,1.5387
25.8121,477,1.5387
25.8164,478,1.5419
25.8207,478,1.5419
25.8250,480,1.5484
25.8293,481,1.5516
25.8336,482,1.5548
25.8379,483,1.5581
25.8422,483,1.5581
25.8465,483,1.5581
25.8508,483,1.5581
25.8551,483,1.5581
25.8594,483,1.5581
25.8638,484,1.5613
25.8681,485,1.5645
25.8724,487,1.5710
25.8766,487,1.5710
25.8809,488,1.5742
25.8853,489,1.5774
25.8896,493,1.5903
25.8938,501,1.6161
25.8981,511,1.6484
25.9029,522,1.6839
25.9073,532,1.7161
25.9116,543,1.7516
25.9159,551,1.7774
25.9202,562,1.8129
25.9245,570,1.8387
25.9288,578,1.8645
25.9331,585,1.8871
25.9374,591,1.9065
25.9417,598,1.9290
25.9460,605,1.9516
25.9503,610,1.9677
25.9546,612,1.9742
25.9589,613,1.9774
25.9632,611,1.9710
25.9675,609,1.9645
25.9718,607,1.9581
25.9761,605,1.9516
25.9804,600,1.9355
25.9848,594,1.9161
25.9890,586,1.8903
25.9933,580,1.8710
25.9976,571,1.8419
26.0019,561,1.8097
26.0063,552,1.7806
26.0106,541,1.7452
26.0149,531,1.7129
26.0192,520,1.6774
26.0235,511,1.6484
26.0278,500,1.6129
26.0321,490,1.5806
26.0364,480,1.5484
26.0407,470,1.5161
26.0450,461,1.4871
26.0493,457,1.4742
26.0536,457,1.4742
26.0579,459,1.4806
26.0622,459,1.4806
26.0665,461,1.4871
26.0708,462,1.4903
26.0751,464,1.4968
26.0794,466,1.5032
26.0837,465,1.5000
26.0880,467,1.5065
26.0923,468,1.5097
26.0966,469,1.5129
26.1009,470,1.5161
26.1053,472,1.5226
26.1097,473,1.5258
26.1140,473,1.5258
26.1183,474,1.5290
26.1226,474,1.5290
26.1274,475,1.5323
26.1317,477,1.5387
26.1360,478,1.5419
26.1403,478,1.5419
26.1446,480,1.5484
26.1489,481,1.5516
26.1532,481,1.5516
26.1575,483,1.5581
26.1618,483,1.5581
26.1661,483,1.5581
26.1705,485,1.5645
26.1748,485,1.5645
26.1790,486,1.5677
26.1833,487,1.5710
26.1876,488,1.5742
26.1920,488,1.5742
26.1962,490,1.5806
26.2005,491,1.5839
26.2049,490,1.5806
26.2092,489,1.5774
26.2136,491,1.5839
26.2179,492,1.5871
26.2222,493,1.5903
26.2265,493,1.5903
26.2309,493,1.5903
26.2352,494,1.5935
26.2395,495,1.5968
26.2438,495,1.5968
26.2481,495,1.5968
26.2524,496,1.6000
26.2567,496,1.6000
26.2611,497,1.6032
26.2655,497,1.6032
26.2699,498,1.6065
26.2743,499,1.6097
26.2786,499,1.6097
26.2829,500,1.6129
26.2872,506,1.6323
26.2916,516,1.6645
26.2958,527,1.7000
26.3001,537,1.7323
26.3044,548,1.7677
26.3087,557,1.7968
26.3131,564,1.8194
26.3174,569,1.8355
26.3217,570,1.8387
26.3260,568,1.8323
26.3303,566,1.8258
26.3347,558,1.8000
26.3390,550,1.7742
26.3433,540,1.7419
26.3476,529,1.7065
26.3519,517,1.6677
26.3562,508,1.6387
26.3605,497,1.6032
26.3649,492,1.5871
26.3692,491,1.5839
26.3735,493,1.5903
26.3778,494,1.5935
26.3821,494,1.5935
26.3864,494,1.5935
26.3907,494,1.5935
26.3950,495,1.5968
26.3993,496,1.6000
26.4036,495,1.5968
26.4079,496,1.6000
26.4122,496,1.6000
26.4165,497,1.6032
26.4208,499,1.6097
26.4251,499,1.6097
26.4294,499,1.6097
26.4337,501,1.6161
26.4380,498,1.6065
26.4423,487,1.5710
26.4466,464,1.4968
26.4509,441,1.4226
26.4553,445,1.4355
26.4596,494,1.5935
26.4639,588,1.8968
26.4682,713,2.3000
26.4725,850,2.7419
26.4768,955,3.0806
26.4811,968,3.1226
26.4854,892,2.8774
26.4897,763,2.4613
26.4940,619,1.9968
26.4983,503,1.6226
26.5026,440,1.4194
26.5069,417,1.3452
26.5112,420,1.3548
26.5160,444,1.4323
26.5203,461,1.4871
26.5246,469,1.5129
26.5289,471,1.5194
26.5332,473,1.5258
26.5375,473,1.5258
26.5418,472,1.5226
26.5461,472,1.5226
26.5504,474,1.5290
26.5547,476,1.5355
26.5590,476,1.5355
26.5638,477,1.5387
26.5682,478,1.5419
26.5733,478,1.5419
26.5776,479,1.5452
26.5819,481,1.5516
26.5862,482,1.5548
26.5905,483,1.5581
26.5948,483,1.5581
26.5991,484,1.5613
26.6034,485,1.5645
26.6077,485,1.5645
26.6120,486,1.5677
26.6164,488,1.5742
26.6207,487,1.5710
26.6250,487,1.5710
26.6293,487,1.5710
26.6336,488,1.5742
26.6379,491,1.5839
26.6422,497,1.6032
26.6465,507,1.6355
26.6508,518,1.6710
26.6551,527,1.7000
26.6595,538,1.7355
26.6638,548,1.7677
26.6681,558,1.8000
26.6724,568,1.8323
26.6767,577,1.8613
26.6810,583,1.8806
26.6853,590,1.9032
26.6896,594,1.9161
26.6939,601,1.9387
26.6982,604,1.9484
26.7025,607,1.9581
26.7068,611,1.9710
26.7111,611,1.9710
26.7154,612,1.9742
26.7197,609,1.9645
26.7241,606,1.9548
26.7284,602,1.9419
26.7326,595,1.9194
26.7369,590,1.9032
26.7414,582,1.8774
26.7457,575,1.8548
26.7499,565,1.8226
26.7542,558,1.8000
26.7585,549,1.7710
26.7629,537,1.7323
26.7672,525,1.6935
26.7715,515,1.6613
26.7758,504,1.6258
26.7801,494,1.5935
26.7844,483,1.5581
26.7887,474,1.5290
26.7930,465,1.5000
26.7973,459,1.4806
26.8021,458,1.4774
26.8064,459,1.4806
26.8107,460,1.4839
26.8150,461,1.4871
26.8193,462,1.4903
26.8236,464,1.4968
26.8279,465,1.5000
26.8322,467,1.5065
26.8365,468,1.5097
26.8408,468,1.5097
26.8451,469,1.5129
26.8494,471,1.5194
26.8537,471,1.5194
26.8580,471,1.5194
26.8623,472,1.5226
26.8666,473,1.5258
26.8709,474,1.5290
26.8752,475,1.5323
26.8796,476,1.5355
26.8839,476,1.5355
26.8882,478,1.5419
26.8925,478,1.5419
26.8967,479,1.5452
26.9010,480,1.5484
26.9054,481,1.5516
26.9097,482,1.5548
26.9140,483,1.5581
26.9184,484,1.5613
26.9227,485,1.5645
26.9271,484,1.5613
26.9314,486,1.5677
26.9357,486,1.5677
26.9400,487,1.5710
26.9443,488,1.5742
26.9486,489,1.5774
26.9529,490,1.5806
26.9572,490,1.5806
26.9616,489,1.5774
26.9659,490,1.5806
26.9702,491,1.5839
26.9745,493,1.5903
26.9788,493,1.5903
26.9831,493,1.5903
26.9874,493,1.5903
26.9917,494,1.5935
26.9960,495,1.5968
27.0003,495,1.5968
27.0046,496,1.6000
27.0089,496,1.6000
27.0132,497,1.6032
27.0176,497,1.6032
27.0219,497,1.6032
27.0267,497,1.6032
27.0314,498,1.6065
27.0357,502,1.6194
27.0400,512,1.6516
27.0443,522,1.6839
27.0486,533,1.7194
27.0529,544,1.7548
27.0572,552,1.7806
27.0615,561,1.8097
27.0659,564,1.8194
27.0702,567,1.8290
27.0745,568,1.8323
27.0788,566,1.8258
27.0831,560,1.8065
27.0874,553,1.7839
27.0917,544,1.7548
27.0960,534,1.7226
27.1003,523,1.6871
27.1046,514,1.6581
27.1089,503,1.6226
27.1132,495,1.5968
27.1176,493,1.5903
27.1218,492,1.5871
27.1261,493,1.5903
27.1305,495,1.5968
27.1348,496,1.6000
27.1391,496,1.6000
27.1433,496,1.6000
27.1476,497,1.6032
27.1520,497,1.6032
27.1563,497,1.6032
27.1606,497,1.6032
27.1655,497,1.6032
27.1700,499,1.6097
27.1744,499,1.6097
27.1787,500,1.6129
27.1830,500,1.6129
27.1873,501,1.6161
27.1917,492,1.5871
27.1960,470,1.5161
27.2003,446,1.4387
27.2045,441,1.4226
27.2088,482,1.5548
27.2136,582,1.8774
27.2180,706,2.2774
27.2222,843,2.7194
27.2270,956,3.0839
27.2314,964,3.1097
27.2357,881,2.8419
27.2400,752,2.4258
27.2443,608,1.9613
27.2486,497,1.6032
27.2529,438,1.4129
27.2572,417,1.3452
27.2615,422,1.3613
27.2658,440,1.4194
27.2701,458,1.4774
27.2745,466,1.5032
27.2788,471,1.5194
27.2830,472,1.5226
27.2873,472,1.5226
27.2916,473,1.5258
27.2960,474,1.5290
27.3003,475,1.5323
27.3045,476,1.5355
27.3088,477,1.5387
27.3132,479,1.5452
27.3175,478,1.5419
27.3218,478,1.5419
27.3261,480,1.5484
27.3304,480,1.5484
27.3347,482,1.5548
27.3390,483,1.5581
27.3433,483,1.5581
27.3476,483,1.5581
27.3519,484,1.5613
27.3562,485,1.5645
27.3605,486,1.5677
27.3648,486,1.5677
27.3691,487,1.5710
27.3734,487,1.5710
27.3778,487,1.5710
27.3821,488,1.5742
27.3863,489,1.5774
27.3906,495,1.5968
27.3950,503,1.6226
27.3993,512,1.6516
27.4036,523,1.6871
27.4078,533,1.7194
27.4121,544,1.7548
27.4165,553,1.7839
27.4208,562,1.8129
27.4251,571,1.8419
27.4294,580,1.8710
27.4337,587,1.8935
27.4380,595,1.9194
27.4423,601,1.9387
27.4466,604,1.9484
27.4509,609,1.9645
27.4552,611,1.9710
27.4596,612,1.9742
27.4639,611,1.9710
27.4683,609,1.9645
27.4727,605,1.9516
27.4771,600,1.9355
27.4814,597,1.9258
27.4857,590,1.9032
27.4899,584,1.8839
27.4943,577,1.8613
27.4986,567,1.8290
27.5028,559,1.8032
27.5071,550,1.7742
27.5114,538,1.7355
27.5157,528,1.7032
27.5200,517,1.6677
27.5243,507,1.6355
27.5285,496,1.6000
27.5328,488,1.5742
27.5371,478,1.5419
27.5414,470,1.5161
27.5457,462,1.4903
27.5500,459,1.4806
27.5543,458,1.4774
27.5585,460,1.4839
27.5628,460,1.4839
27.5671,461,1.4871
27.5714,462,1.4903
27.5756,464,1.4968
27.5799,466,1.5032
27.5842,467,1.5065
27.5884,468,1.5097
27.5927,469,1.5129
27.5969,470,1.5161
27.6012,471,1.5194
27.6055,472,1.5226
27.6098,474,1.5290
27.6140,474,1.5290
27.6183,474,1.5290
27.6226,475,1.5323
27.6269,475,1.5323
27.6311,476,1.5355
27.6354,478,1.5419
27.6397,479,1.5452
27.6439,480,1.5484
27.6482,480,1.5484
27.6525,480,1.5484
27.6568,482,1.5548
27.6610,483,1.5581
27.6653,483,1.5581
27.6696,484,1.5613
27.6739,485,1.5645
27.6782,487,1.5710
27.6825,487,1.5710
27.6868,487,1.5710
27.6911,487,1.5710
27.6954,487,1.5710
27.6997,487,1.5710
27.7040,487,1.5710
27.7083,488,1.5742
27.7126,490,1.5806
27.7169,490,1.5806
27.7211,490,1.5806
27.7254,492,1.5871
27.7297,493,1.5903
27.7340,494,1.5935
27.7383,495,1.5968
27.7426,495,1.5968
27.7469,495,1.5968
27.7513,497,1.6032
27.7555,498,1.6065
27.7598,500,1.6129
27.7641,500,1.6129
27.7684,498,1.6065
27.7727,498,1.6065
27.7770,499,1.6097
27.7813,499,1.6097
27.7856,504,1.6258
27.7899,512,1.6516
27.7942,522,1.6839
27.7985,532,1.7161
27.8028,543,1.7516
27.8071,553,1.7839
27.8114,560,1.8065
27.8158,567,1.8290
27.8201,569,1.8355
27.8244,569,1.8355
27.8287,567,1.8290
27.8330,561,1.8097
27.8373,554,1.7871
27.8416,545,1.7581
27.8459,536,1.7290
27.8502,525,1.6935
27.8545,514,1.6581
27.8588,502,1.6194
27.8631,494,1.5935
27.8674,491,1.5839
27.8717,492,1.5871
27.8760,493,1.5903
27.8802,493,1.5903
27.8845,494,1.5935
27.8887,494,1.5935
27.8930,495,1.5968
27.8972,496,1.6000
27.9015,496,1.6000
27.9057,496,1.6000
27.9100,496,1.6000
27.9143,498,1.6065
27.9185,499,1.6097
27.9229,497,1.6032
27.9272,498,1.6065
27.9314,500,1.6129
27.9357,500,1.6129
27.9400,495,1.5968
27.9442,479,1.5452
27.9485,454,1.4645
27.9528,438,1.4129
27.9570,458,1.4774
27.9613,526,1.6968
27.9656,635,2.0484
27.9699,765,2.4677
27.9742,894,2.8839
27.9784,969,3.1258
27.9827,946,3.0516
27.9870,847,2.7323
27.9914,707,2.2806
27.9957,568,1.8323
28.0000,474,1.5290
28.0043,426,1.3742
28.0086,414,1.3355
28.0129,426,1.3742
28.0172,447,1.4419
28.0215,462,1.4903
28.0258,468,1.5097
28.0301,469,1.5129
28.0343,470,1.5161
28.0387,471,1.5194
28.0430,473,1.5258
28.0473,472,1.5226
28.0516,473,1.5258
28.0559,474,1.5290
28.0601,475,1.5323
28.0646,476,1.5355
28.0690,477,1.5387
28.0734,478,1.5419
28.0778,480,1.5484
28.0821,481,1.5516
28.0863,481,1.5516
28.0906,481,1.5516
28.0949,483,1.5581
28.0991,482,1.5548
28.1034,484,1.5613
28.1076,485,1.5645
28.1119,485,1.5645
28.1162,486,1.5677
28.1205,487,1.5710
28.1248,488,1.5742
28.1290,489,1.5774
28.1333,489,1.5774
28.1376,490,1.5806
28.1418,497,1.6032
28.1461,505,1.6290
28.1504,514,1.6581
28.1547,525,1.6935
28.1589,534,1.7226
28.1632,545,1.7581
28.1675,553,1.7839
28.1717,562,1.8129
28.1760,572,1.8452
28.1803,580,1.8710
28.1846,588,1.8968
28.1889,595,1.9194
28.1932,601,1.9387
28.1975,605,1.9516
28.2018,608,1.9613
28.2061,610,1.9677
28.2104,611,1.9710
28.2147,610,1.9677
28.2190,609,1.9645
28.2234,606,1.9548
28.2276,601,1.9387
28.2320,595,1.9194
28.2363,591,1.9065
28.2406,583,1.8806
28.2449,574,1.8516
28.2492,567,1.8290
28.2535,557,1.7968
28.2578,547,1.7645
28.2620,536,1.7290
28.2664,526,1.6968
28.2707,515,1.6613
28.2750,506,1.6323
28.2793,496,1.6000
28.2835,487,1.5710
28.2878,476,1.5355
28.2921,468,1.5097
28.2964,461,1.4871
28.3006,460,1.4839
28.3049,460,1.4839
28.3092,462,1.4903
28.3135,461,1.4871
28.3177,463,1.4935
28.3220,464,1.4968
28.3263,464,1.4968
28.3306,465,1.5000
28.3348,467,1.5065
28.3391,467,1.5065
28.3433,469,1.5129
28.3476,469,1.5129
28.3519,470,1.5161
28.3561,472,1.5226
28.3604,473,1.5258
28.3648,473,1.5258
28.3692,474,1.5290
28.3735,476,1.5355
28.3778,477,1.5387
28.3821,478,1.5419
28.3864,478,1.5419
28.3907,479,1.5452
28.3950,479,1.5452
28.3992,480,1.5484
28.4035,482,1.5548
28.4077,482,1.5548
28.4120,482,1.5548
28.4163,484,1.5613
28.4206,485,1.5645
28.4248,487,1.5710
28.4291,487,1.5710
28.4334,487,1.5710
28.4376,488,1.5742
28.4419,489,1.5774
28.4461,489,1.5774
28.4504,490,1.5806
28.4547,489,1.5774
28.4590,491,1.5839
28.4632,490,1.5806
28.4675,490,1.5806
28.4717,492,1.5871
28.4760,492,1.5871
28.4803,494,1.5935
28.4846,494,1.5935
28.4889,494,1.5935
28.4932,495,1.5968
28.4975,496,1.6000
28.5018,497,1.6032
28.5061,496,1.6000
28.5104,496,1.6000
28.5147,497,1.6032
28.5190,498,1.6065
28.5233,498,1.6065
28.5277,499,1.6097
28.5320,499,1.6097
28.5363,504,1.6258
28.5406,513,1.6548
28.5449,523,1.6871
28.5492,534,1.7226
28.5535,543,1.7516
28.5578,554,1.7871
28.5621,561,1.8097
28.5664,567,1.8290
28.5707,570,1.8387
28.5750,569,1.8355
28.5793,566,1.8258
28.5835,560,1.8065
28.5878,553,1.7839
28.5921,543,1.7516
28.5964,535,1.7258
28.6006,523,1.6871
28.6049,514,1.6581
28.6091,503,1.6226
28.6134,494,1.5935
28.6177,492,1.5871
28.6220,491,1.5839
28.6262,492,1.5871
28.6305,493,1.5903
28.6348,494,1.5935
28.6391,495,1.5968
28.6434,496,1.6000
28.6477,496,1.6000
28.6519,497,1.6032
28.6562,498,1.6065
28.6605,498,1.6065
28.6647,499,1.6097
28.6690,500,1.6129
28.6733,500,1.6129
28.6775,500,1.6129
28.6819,501,1.6161
28.6862,501,1.6161
28.6905,496,1.6000
28.6948,479,1.5452
28.6991,454,1.4645
28.7034,440,1.4194
28.7077,466,1.5032
28.7120,539,1.7387
28.7163,653,2.1065
28.7206,787,2.5387
28.7249,914,2.9484
28.7293,975,3.1452
28.7336,936,3.0194
28.7379,826,2.6645
28.7422,684,2.2065
28.7465,548,1.7677
28.7508,463,1.4935
28.7551,423,1.3645
28.7594,416,1.3419
28.7637,431,1.3903
28.7680,451,1.4548
28.7723,464,1.4968
28.7766,469,1.5129
28.7809,470,1.5161
28.7851,471,1.5194
28.7894,472,1.5226
28.7940,473,1.5258
28.7983,475,1.5323
28.8025,475,1.5323
28.8068,476,1.5355
28.8111,476,1.5355
28.8154,478,1.5419
28.8196,479,1.5452
28.8239,480,1.5484
28.8282,480,1.5484
28.8324,481,1.5516
28.8367,482,1.5548
28.8410,484,1.5613
28.8452,484,1.5613
28.8495,484,1.5613
28.8538,485,1.5645
28.8580,486,1.5677
28.8623,486,1.5677
28.8666,486,1.5677
28.8709,487,1.5710
28.8751,488,1.5742
28.8794,489,1.5774
28.8837,490,1.5806
28.8880,490,1.5806
28.8923,497,1.6032
28.8966,506,1.6323
28.9009,517,1.6677
28.9052,526,1.6968
28.9095,536,1.7290
28.9138,546,1.7613
28.9181,556,1.7935
28.9224,565,1.8226
28.9268,573,1.8484
28.9312,582,1.8774
28.9355,589,1.9000
28.9398,596,1.9226
28.9441,603,1.9452
28.9484,607,1.9581
28.9527,608,1.9613
28.9570,610,1.9677
28.9613,610,1.9677
28.9660,608,1.9613
28.9705,606,1.9548
28.9748,606,1.9548
28.9792,601,1.9387
28.9836,596,1.9226
28.9879,589,1.9000
28.9921,581,1.8742
28.9964,573,1.8484
29.0007,563,1.8161
29.0049,556,1.7935
29.0092,546,1.7613
29.0136,535,1.7258
29.0179,525,1.6935
29.0221,514,1.6581
29.0264,504,1.6258
29.0307,494,1.5935
29.0349,484,1.5613
29.0392,476,1.5355
29.0435,466,1.5032
29.0478,459,1.4806
29.0520,457,1.4742
29.0563,459,1.4806
29.0605,460,1.4839
29.0648,462,1.4903
29.0691,463,1.4935
29.0734,463,1.4935
29.0777,464,1.4968
29.0821,465,1.5000
29.0864,466,1.5032
29.0907,467,1.5065
29.0949,468,1.5097
29.0992,470,1.5161
29.1035,472,1.5226
29.1079,471,1.5194
29.1121,473,1.5258
29.1165,473,1.5258
29.1208,474,1.5290
29.1251,475,1.5323
29.1294,475,1.5323
29.1337,477,1.5387
29.1380,478,1.5419
29.1424,478,1.5419
29.1467,480,1.5484
29.1510,481,1.5516
29.1553,481,1.5516
29.1596,481,1.5516
29.1638,481,1.5516
29.1681,483,1.5581
29.1724,483,1.5581
29.1768,484,1.5613
29.1811,485,1.5645
29.1853,485,1.5645
29.1896,486,1.5677
29.1939,487,1.5710
29.1981,487,1.5710
29.2024,488,1.5742
29.2066,487,1.5710
29.2109,488,1.5742
29.2152,490,1.5806
29.2195,491,1.5839
29.2237,492,1.5871
29.2280,493,1.5903
29.2323,493,1.5903
29.2366,493,1.5903
29.2408,493,1.5903
29.2451,494,1.5935
29.2494,494,1.5935
29.2537,494,1.5935
29.2579,496,1.6000
29.2622,497,1.6032
29.2666,497,1.6032
29.2710,497,1.6032
29.2753,498,1.6065
29.2796,500,1.6129
29.2839,501,1.6161
29.2881,507,1.6355
29.2924,517,1.6677
29.2967,527,1.7000
29.3010,539,1.7387
29.3052,549,1.7710
29.3095,556,1.7935
29.3138,562,1.8129
29.3181,568,1.8323
29.3223,569,1.8355
29.3266,567,1.8290
29.3309,562,1.8129
29.3352,556,1.7935
29.3394,549,1.7710
29.3437,539,1.7387
29.3480,527,1.7000
29.3523,516,1.6645
29.3565,506,1.6323
29.3608,498,1.6065
29.3651,492,1.5871
29.3693,493,1.5903
29.3736,492,1.5871
29.3779,494,1.5935
29.3822,496,1.6000
29.3865,496,1.6000
29.3908,495,1.5968
29.3951,495,1.5968
29.3994,496,1.6000
29.4037,496,1.6000
29.4080,496,1.6000
29.4123,498,1.6065
29.4166,498,1.6065
29.4209,498,1.6065
29.4252,499,1.6097
29.4295,499,1.6097
29.4338,500,1.6129
29.4381,498,1.6065
29.4424,489,1.5774
29.4467,467,1.5065
29.4510,445,1.4355
29.4553,445,1.4355
29.4596,492,1.5871
29.4639,585,1.8871
29.4682,710,2.2903
29.4725,846,2.7290
29.4768,953,3.0742
29.4811,970,3.1290
29.4854,898,2.8968
29.4897,773,2.4935
29.4939,627,2.0226
29.4982,508,1.6387
29.5025,442,1.4258
29.5067,417,1.3452
29.5110,419,1.3516
29.5153,438,1.4129
29.5196,456,1.4710
29.5238,466,1.5032
29.5281,470,1.5161
29.5324,471,1.5194
29.5367,471,1.5194
29.5409,471,1.5194
29.5452,471,1.5194
29.5495,472,1.5226
29.5537,474,1.5290
29.5580,476,1.5355
29.5623,477,1.5387
29.5665,478,1.5419
29.5708,479,1.5452
29.5751,479,1.5452
29.5794,480,1.5484
29.5836,480,1.5484
29.5879,482,1.5548
29.5922,482,1.5548
29.5966,483,1.5581
29.6009,485,1.5645
29.6052,485,1.5645
29.6095,485,1.5645
29.6138,486,1.5677
29.6181,487,1.5710
29.6224,488,1.5742
29.6267,488,1.5742
29.6310,490,1.5806
29.6353,491,1.5839
29.6396,495,1.5968
29.6439,502,1.6194
29.6482,511,1.6484
29.6525,522,1.6839
29.6568,530,1.7097
29.6611,542,1.7484
29.6654,551,1.7774
29.6697,560,1.8065
29.6740,570,1.8387
29.6783,577,1.8613
29.6826,586,1.8903
29.6869,593,1.9129
29.6912,599,1.9323
29.6954,605,1.9516
29.6997,609,1.9645
29.7039,612,1.9742
29.7082,612,1.9742
29.7125,612,1.9742
29.7167,611,1.9710
29.7210,610,1.9677
29.7253,606,1.9548
29.7296,603,1.9452
29.7338,597,1.9258
29.7381,591,1.9065
29.7424,584,1.8839
29.7466,574,1.8516
29.7509,565,1.8226
29.7551,555,1.7903
29.7594,544,1.7548
29.7638,533,1.7194
29.7680,524,1.6903
29.7723,513,1.6548
29.7765,503,1.6226
29.7808,494,1.5935
29.7850,484,1.5613
29.7894,474,1.5290
29.7937,465,1.5000
29.7980,458,1.4774
29.8023,457,1.4742
29.8066,458,1.4774
29.8109,460,1.4839
29.8152,462,1.4903
29.8195,464,1.4968
29.8238,465,1.5000
29.8281,466,1.5032
29.8324,465,1.5000
29.8367,467,1.5065
29.8410,468,1.5097
29.8454,470,1.5161
29.8497,470,1.5161
29.8540,471,1.5194
29.8583,472,1.5226
29.8626,473,1.5258
29.8670,474,1.5290
29.8715,477,1.5387
29.8759,476,1.5355
29.8802,477,1.5387
29.8845,478,1.5419
29.8888,478,1.5419
29.8931,479,1.5452
29.8973,480,1.5484
29.9016,483,1.5581
29.9059,482,1.5548
29.9102,482,1.5548
29.9145,483,1.5581
29.9187,483,1.5581
29.9230,485,1.5645
29.9273,486,1.5677
29.9315,486,1.5677
29.9358,486,1.5677
29.9401,486,1.5677
29.9444,488,1.5742
29.9488,489,1.5774
29.9530,490,1.5806
29.9573,490,1.5806
29.9616,491,1.5839
29.9659,492,1.5871
29.9702,491,1.5839
29.9745,492,1.5871
29.9788,493,1.5903
29.9831,492,1.5871
29.9874,494,1.5935
29.9918,495,1.5968
29.9962,494,1.5935
30.0005,494,1.5935
30.0048,496,1.6000
30.0091,496,1.6000
30.0135,496,1.6000
30.0178,498,1.6065
30.0222,499,1.6097
30.0265,499,1.6097
30.0310,499,1.6097
30.0358,505,1.6290
30.0403,514,1.6581
30.0449,524,1.6903
30.0494,536,1.7290
30.0542,548,1.7677
30.0588,556,1.7935
30.0632,562,1.8129
30.0680,568,1.8323
30.0724,570,1.8387
30.0767,567,1.8290
30.0810,564,1.8194
30.0855,557,1.7968
30.0903,548,1.7677
30.0947,538,1.7355
30.0990,528,1.7032
30.1032,517,1.6677
30.1075,507,1.6355
30.1118,497,1.6032
30.1162,494,1.5935
30.1205,492,1.5871
30.1248,493,1.5903
30.1292,494,1.5935
30.1335,494,1.5935
30.1378,496,1.6000
30.1421,496,1.6000
30.1464,494,1.5935
30.1507,495,1.5968
30.1550,496,1.6000
30.1593,497,1.6032
30.1637,500,1.6129
30.1681,500,1.6129
30.1725,498,1.6065
30.1769,500,1.6129
30.1812,500,1.6129
30.1856,500,1.6129
30.1899,495,1.5968
30.1942,480,1.5484
30.1985,456,1.4710
30.2028,439,1.4161
30.2071,458,1.4774
30.2114,525,1.6935
30.2158,634,2.0452
30.2201,764,2.4645
30.2244,896,2.8903
30.2287,969,3.1258
30.2330,947,3.0548
30.2373,843,2.7194
30.2416,705,2.2742
30.2459,566,1.8258
30.2502,471,1.5194
30.2545,426,1.3742
30.2588,416,1.3419
30.2631,427,1.3774
30.2674,447,1.4419
30.2717,462,1.4903
30.2760,469,1.5129
30.2803,472,1.5226
30.2846,472,1.5226
30.2889,472,1.5226
30.2932,474,1.5290
30.2976,474,1.5290
30.3019,475,1.5323
30.3062,474,1.5290
30.3104,474,1.5290
30.3148,476,1.5355
30.3191,478,1.5419
30.3234,479,1.5452
30.3277,480,1.5484
30.3320,480,1.5484
30.3363,481,1.5516
30.3406,482,1.5548
30.3449,482,1.5548
30.3492,485,1.5645
30.3535,486,1.5677
30.3583,486,1.5677
30.3626,486,1.5677
30.3669,486,1.5677
30.3712,488,1.5742
30.3755,489,1.5774
30.3798,489,1.5774
30.3841,489,1.5774
30.3884,492,1.5871
30.3927,499,1.6097
30.3970,508,1.6387
30.4014,519,1.6742
30.4057,528,1.7032
30.4099,538,1.7355
30.4142,549,1.7710
30.4185,559,1.8032
30.4229,567,1.8290
30.4272,576,1.8581
30.4314,583,1.8806
30.4357,592,1.9097
30.4401,598,1.9290
30.4444,603,1.9452
30.4487,608,1.9613
30.4530,610,1.9677
30.4573,613,1.9774
30.4616,613,1.9774
30.4659,611,1.9710
30.4702,611,1.9710
30.4745,607,1.9581
30.4788,601,1.9387
30.4831,596,1.9226
30.4874,590,1.9032
30.4917,582,1.8774
30.4960,575,1.8548
30.5003,565,1.8226
30.5046,556,1.7935
30.5089,546,1.7613
30.5132,535,1.7258
30.5175,524,1.6903
30.5218,513,1.6548
30.5261,503,1.6226
30.5304,493,1.5903
30.5347,483,1.5581
30.5392,473,1.5258
30.5435,464,1.4968
30.5478,457,1.4742
30.5521,455,1.4677
30.5564,456,1.4710
30.5610,458,1.4774
30.5654,461,1.4871
30.5697,462,1.4903
30.5740,464,1.4968
30.5784,465,1.5000
30.5826,467,1.5065
30.5869,467,1.5065
30.5912,467,1.5065
30.5954,468,1.5097
30.5997,469,1.5129
30.6040,471,1.5194
30.6082,471,1.5194
30.6125,472,1.5226
30.6168,473,1.5258
30.6211,474,1.5290
30.6253,475,1.5323
30.6296,476,1.5355
30.6338,478,1.5419
30.6381,479,1.5452
30.6424,480,1.5484
30.6467,479,1.5452
30.6509,480,1.5484
30.6552,481,1.5516
30.6595,482,1.5548
30.6637,483,1.5581
30.6680,483,1.5581
30.6723,483,1.5581
30.6765,483,1.5581
30.6808,483,1.5581
30.6851,486,1.5677
30.6895,487,1.5710
30.6938,488,1.5742
30.6981,489,1.5774
30.7024,490,1.5806
30.7067,490,1.5806
30.7110,490,1.5806
30.7153,490,1.5806
30.7196,491,1.5839
30.7239,491,1.5839
30.7282,491,1.5839
30.7326,492,1.5871
30.7369,493,1.5903
30.7412,494,1.5935
30.7454,495,1.5968
30.7497,495,1.5968
30.7540,496,1.6000
30.7583,498,1.6065
30.7627,499,1.6097
30.7672,499,1.6097
30.7715,497,1.6032
30.7759,497,1.6032
30.7802,498,1.6065
30.7845,500,1.6129
30.7888,508,1.6387
30.7932,517,1.6677
30.7974,529,1.7065
30.8017,540,1.7419
30.8060,549,1.7710
30.8102,558,1.8000
30.8145,565,1.8226
30.8188,569,1.8355
30.8231,570,1.8387
30.8273,570,1.8387
30.8316,566,1.8258
30.8359,558,1.8000
30.8402,550,1.7742
30.8445,541,1.7452
30.8488,530,1.7097
30.8530,518,1.6710
30.8573,509,1.6419
30.8616,499,1.6097
30.8658,493,1.5903
30.8701,492,1.5871
30.8744,494,1.5935
30.8786,494,1.5935
30.8829,494,1.5935
30.8872,495,1.5968
30.8915,496,1.6000
30.8958,497,1.6032
30.9000,497,1.6032
30.9043,496,1.6000
30.9087,496,1.6000
30.9130,497,1.6032
30.9173,498,1.6065
30.9216,498,1.6065
30.9259,499,1.6097
30.9302,500,1.6129
30.9345,501,1.6161
30.9388,498,1.6065
30.9431,486,1.5677
30.9474,463,1.4935
30.9517,442,1.4258
30.9560,448,1.4452
30.9603,501,1.6161
30.9646,598,1.9290
30.9689,727,2.3452
30.9732,860,2.7742
30.9775,959,3.0935
30.9818,963,3.1065
30.9861,878,2.8323
30.9904,749,2.4161
30.9947,607,1.9581
30.9990,496,1.6000
31.0032,437,1.4097
31.0075,416,1.3419
31.0118,421,1.3581
31.0161,441,1.4226
31.0204,459,1.4806
31.0246,468,1.5097
31.0289,470,1.5161
31.0332,471,1.5194
31.0374,471,1.5194
31.0417,473,1.5258
31.0460,474,1.5290
31.0502,475,1.5323
31.0545,476,1.5355
31.0588,476,1.5355
31.0631,478,1.5419
31.0675,478,1.5419
31.0718,478,1.5419
31.0762,479,1.5452
31.0805,479,1.5452
31.0847,480,1.5484
31.0890,481,1.5516
31.0933,483,1.5581
31.0976,484,1.5613
31.1018,485,1.5645
31.1061,485,1.5645
31.1104,485,1.5645
31.1147,486,1.5677
31.1190,487,1.5710
31.1232,487,1.5710
31.1275,488,1.5742
31.1317,488,1.5742
31.1360,489,1.5774
31.1403,493,1.5903
31.1446,501,1.6161
31.1489,510,1.6452
31.1531,521,1.6806
31.1574,532,1.7161
31.1617,542,1.7484
31.1659,551,1.7774
31.1702,560,1.8065
31.1745,570,1.8387
31.1788,579,1.8677
31.1830,586,1.8903
31.1873,593,1.9129
31.1915,599,1.9323
31.1958,604,1.9484
31.2002,607,1.9581
31.2045,610,1.9677
31.2088,612,1.9742
31.2131,611,1.9710
31.2174,609,1.9645
31.2217,607,1.9581
31.2260,605,1.9516
31.2303,599,1.9323
31.2346,594,1.9161
31.2389,586,1.8903
31.2432,579,1.8677
31.2475,571,1.8419
31.2519,561,1.8097
31.2563,551,1.7774
31.2606,541,1.7452
31.2650,531,1.7129
31.2692,520,1.6774
31.2736,509,1.6419
31.2779,498,1.6065
31.2822,489,1.5774
31.2865,479,1.5452
31.2908,471,1.5194
31.2951,462,1.4903
31.2994,459,1.4806
31.3037,457,1.4742
31.3079,458,1.4774
31.3122,459,1.4806
31.3165,461,1.4871
31.3208,461,1.4871
31.3250,463,1.4935
31.3293,465,1.5000
31.3335,466,1.5032
31.3378,466,1.5032
31.3421,467,1.5065
31.3464,468,1.5097
31.3506,469,1.5129
31.3549,471,1.5194
31.3592,471,1.5194
31.3634,472,1.5226
31.3677,473,1.5258
31.3720,473,1.5258
31.3762,475,1.5323
31.3806,477,1.5387
31.3848,478,1.5419
31.3891,477,1.5387
31.3933,478,1.5419
31.3976,478,1.5419
31.4019,480,1.5484
31.4062,481,1.5516
31.4105,482,1.5548
31.4148,482,1.5548
31.4191,483,1.5581
31.4234,484,1.5613
31.4278,485,1.5645
31.4321,485,1.5645
31.4364,486,1.5677
31.4407,486,1.5677
31.4450,488,1.5742
31.4493,489,1.5774
31.4536,489,1.5774
31.4579,489,1.5774
31.4622,489,1.5774
31.4665,491,1.5839
31.4708,491,1.5839
31.4751,493,1.5903
31.4794,493,1.5903
31.4837,493,1.5903
31.4880,494,1.5935
31.4923,494,1.5935
31.4966,495,1.5968
31.5009,496,1.6000
31.5052,497,1.6032
31.5096,498,1.6065
31.5139,498,1.6065
31.5182,498,1.6065
31.5225,499,1.6097
31.5268,499,1.6097
31.5310,499,1.6097
31.5353,502,1.6194
31.5396,511,1.6484
31.5439,522,1.6839
31.5481,532,1.7161
31.5524,543,1.7516
31.5567,552,1.7806
31.5609,559,1.8032
31.5652,564,1.8194
31.5695,568,1.8323
31.5737,571,1.8419
31.5780,569,1.8355
31.5823,565,1.8226
31.5865,558,1.8000
31.5908,550,1.7742
31.5951,541,1.7452
31.5994,529,1.7065
31.6037,517,1.6677
31.6080,507,1.6355
31.6123,497,1.6032
31.6166,493,1.5903
31.6209,494,1.5935
31.6253,495,1.5968
31.6296,497,1.6032
31.6340,496,1.6000
31.6383,495,1.5968
31.6426,495,1.5968
31.6470,495,1.5968
31.6514,496,1.6000
31.6558,497,1.6032
31.6601,498,1.6065
31.6645,499,1.6097
31.6691,500,1.6129
31.6735,501,1.6161
31.6779,500,1.6129
31.6822,500,1.6129
31.6867,501,1.6161
31.6910,494,1.5935
31.6953,474,1.5290
31.6997,450,1.4516
31.7040,439,1.4161
31.7083,471,1.5194
31.7126,548,1.7677
31.7169,664,2.1419
31.7212,798,2.5742
31.7255,923,2.9774
31.7298,972,3.1355
31.7341,930,3.0000
31.7384,816,2.6323
31.7427,673,2.1710
31.7470,541,1.7452
31.7514,457,1.4742
31.7557,423,1.3645
31.7600,416,1.3419
31.7643,433,1.3968
31.7687,452,1.4581
31.7730,466,1.5032
31.7773,471,1.5194
31.7816,471,1.5194
31.7859,472,1.5226
31.7902,473,1.5258
31.7945,473,1.5258
31.7988,474,1.5290
31.8031,475,1.5323
31.8074,475,1.5323
31.8117,475,1.5323
31.8160,474,1.5290
31.8203,477,1.5387
31.8246,479,1.5452
31.8289,479,1.5452
31.8332,480,1.5484
31.8375,480,1.5484
31.8418,481,1.5516
31.8461,483,1.5581
31.8504,484,1.5613
31.8547,485,1.5645
31.8590,485,1.5645
31.8633,487,1.5710
31.8676,487,1.5710
31.8719,487,1.5710
31.8762,488,1.5742
31.8805,488,1.5742
31.8847,488,1.5742
31.8891,491,1.5839
31.8934,498,1.6065
31.8977,509,1.6419
31.9019,519,1.6742
31.9063,529,1.7065
31.9106,540,1.7419
31.9149,548,1.7677
31.9192,559,1.8032
31.9236,569,1.8355
31.9278,577,1.8613
31.9322,584,1.8839
31.9365,591,1.9065
31.9408,598,1.9290
31.9451,603,1.9452
31.9494,608,1.9613
31.9538,610,1.9677
31.9581,612,1.9742
31.9625,612,1.9742
31.9669,610,1.9677
31.9713,609,1.9645
31.9757,607,1.9581
31.9800,601,1.9387
31.9843,596,1.9226
31.9886,589,1.9000
31.9929,581,1.8742
31.9972,570,1.8387
32.0015,562,1.8129
32.0058,554,1.7871
32.0101,543,1.7516
32.0145,532,1.7161
32.0188,522,1.6839
32.0231,513,1.6548
32.0274,502,1.6194
32.0316,492,1.5871
32.0360,481,1.5516
32.0403,471,1.5194
32.0445,463,1.4935
32.0488,459,1.4806
32.0531,459,1.4806
32.0575,460,1.4839
32.0618,460,1.4839
32.0660,462,1.4903
32.0703,459,1.4806
32.0746,462,1.4903
32.0791,465,1.5000
32.0834,466,1.5032
32.0877,467,1.5065
32.0920,468,1.5097
32.0963,469,1.5129
32.1006,470,1.5161
32.1049,470,1.5161
32.1092,471,1.5194
32.1135,472,1.5226
32.1179,474,1.5290
32.1222,474,1.5290
32.1264,475,1.5323
32.1307,475,1.5323
32.1350,476,1.5355
32.1393,477,1.5387
32.1436,478,1.5419
32.1479,479,1.5452
32.1522,480,1.5484
32.1565,481,1.5516
32.1608,483,1.5581
32.1651,484,1.5613
32.1694,484,1.5613
32.1737,485,1.5645
32.1780,486,1.5677
32.1823,486,1.5677
32.1866,487,1.5710
32.1909,488,1.5742
32.1952,488,1.5742
32.1995,489,1.5774
32.2038,489,1.5774
32.2081,490,1.5806
32.2124,491,1.5839
32.2167,492,1.5871
32.2210,493,1.5903
32.2253,494,1.5935
32.2296,494,1.5935
32.2339,494,1.5935
32.2382,496,1.6000
32.2425,497,1.6032
32.2468,497,1.6032
32.2511,496,1.6000
32.2555,496,1.6000
32.2598,497,1.6032
32.2641,496,1.6000
32.2684,497,1.6032
32.2727,498,1.6065
32.2770,498,1.6065
32.2813,499,1.6097
32.2856,502,1.6194
32.2899,510,1.6452
32.2942,520,1.6774
32.2985,532,1.7161
32.3028,542,1.7484
32.3071,552,1.7806
32.3114,560,1.8065
32.3157,566,1.8258
32.3201,569,1.8355
32.3248,569,1.8355
32.3291,568,1.8323
32.3334,563,1.8161
32.3377,556,1.7935
32.3420,546,1.7613
32.3463,536,1.7290
32.3506,523,1.6871
32.3549,513,1.6548
32.3592,502,1.6194
32.3635,494,1.5935
32.3678,491,1.5839
32.3721,491,1.5839
32.3764,492,1.5871
32.3807,494,1.5935
32.3850,495,1.5968
32.3893,495,1.5968
32.3936,495,1.5968
32.3979,497,1.6032
32.4023,498,1.6065
32.4066,499,1.6097
32.4109,498,1.6065
32.4152,499,1.6097
32.4195,499,1.6097
32.4238,499,1.6097
32.4281,500,1.6129
32.4324,501,1.6161
32.4367,500,1.6129
32.4410,494,1.5935
32.4453,476,1.5355
32.4496,451,1.4548
32.4539,437,1.4097
32.4582,466,1.5032
32.4625,544,1.7548
32.4668,658,2.1226
32.4711,795,2.5645
32.4754,919,2.9645
32.4797,972,3.1355
32.4840,930,3.0000
32.4883,817,2.6355
32.4926,677,2.1839
32.4969,543,1.7516
32.5012,458,1.4774
32.5056,420,1.3548
32.5099,415,1.3387
32.5142,429,1.3839
32.5185,449,1.4484
32.5228,463,1.4935
32.5271,469,1.5129
32.5314,470,1.5161
32.5357,469,1.5129
32.5400,470,1.5161
32.5443,472,1.5226
32.5486,472,1.5226
32.5529,473,1.5258
32.5572,474,1.5290
32.5615,476,1.5355
32.5659,477,1.5387
32.5704,477,1.5387
32.5748,478,1.5419
32.5791,478,1.5419
32.5834,480,1.5484
32.5878,480,1.5484
32.5921,482,1.5548
32.5964,483,1.5581
32.6007,484,1.5613
32.6050,485,1.5645
32.6093,485,1.5645
32.6136,485,1.5645
32.6179,484,1.5613
32.6222,485,1.5645
32.6266,485,1.5645
32.6308,487,1.5710
32.6351,488,1.5742
32.6393,492,1.5871
32.6436,499,1.6097
32.6479,509,1.6419
32.6521,519,1.6742
32.6564,529,1.7065
32.6607,539,1.7387
32.6650,549,1.7710
32.6692,557,1.7968
32.6735,567,1.8290
32.6778,576,1.8581
32.6821,584,1.8839
32.6863,591,1.9065
32.6906,598,1.9290
32.6949,603,1.9452
32.6991,606,1.9548
32.7035,610,1.9677
32.7078,611,1.9710
32.7121,610,1.9677
32.7164,610,1.9677
32.7207,608,1.9613
32.7250,605,1.9516
32.7293,600,1.9355
32.7336,596,1.9226
32.7379,589,1.9000
32.7422,581,1.8742
32.7465,574,1.8516
32.7508,564,1.8194
32.7551,555,1.7903
32.7594,544,1.7548
32.7637,533,1.7194
32.7680,524,1.6903
32.7723,512,1.6516
32.7766,502,1.6194
32.7809,493,1.5903
32.7852,483,1.5581
32.7895,474,1.5290
32.7938,464,1.4968
32.7981,457,1.4742
32.8024,456,1.4710
32.8067,458,1.4774
32.8110,460,1.4839
32.8154,461,1.4871
32.8197,463,1.4935
32.8239,464,1.4968
32.8282,465,1.5000
32.8326,465,1.5000
32.8368,467,1.5065
32.8411,468,1.5097
32.8454,469,1.5129
32.8497,471,1.5194
32.8540,473,1.5258
32.8583,473,1.5258
32.8627,473,1.5258
32.8672,474,1.5290
32.8716,474,1.5290
32.8760,476,1.5355
32.8802,476,1.5355
32.8845,477,1.5387
32.8888,478,1.5419
32.8931,480,1.5484
32.8973,480,1.5484
32.9016,482,1.5548
32.9058,482,1.5548
32.9101,483,1.5581
32.9144,484,1.5613
32.9186,486,1.5677
32.9229,486,1.5677
32.9272,486,1.5677
32.9314,488,1.5742
32.9357,487,1.5710
32.9399,488,1.5742
32.9442,488,1.5742
32.9485,489,1.5774
32.9527,488,1.5742
32.9570,489,1.5774
32.9613,490,1.5806
32.9655,492,1.5871
32.9698,493,1.5903
32.9741,493,1.5903
32.9783,493,1.5903
32.9826,494,1.5935
32.9869,494,1.5935
32.9911,495,1.5968
32.9954,496,1.6000
32.9997,496,1.6000
33.0039,496,1.6000
33.0082,496,1.6000
33.0125,497,1.6032
33.0168,499,1.6097
33.0211,499,1.6097
33.0254,499,1.6097
33.0297,500,1.6129
33.0340,501,1.6161
33.0383,508,1.6387
33.0426,517,1.6677
33.0469,527,1.7000
33.0511,538,1.7355
33.0555,549,1.7710
33.0597,555,1.7903
33.0640,562,1.8129
33.0683,566,1.8258
33.0726,570,1.8387
33.0769,568,1.8323
33.0813,564,1.8194
33.0856,558,1.8000
33.0899,551,1.7774
33.0942,540,1.7419
33.0984,529,1.7065
33.1027,518,1.6710
33.1070,508,1.6387
33.1114,498,1.6065
33.1157,492,1.5871
33.1200,490,1.5806
33.1242,492,1.5871
33.1285,492,1.5871
33.1328,493,1.5903
33.1371,494,1.5935
33.1414,495,1.5968
33.1457,495,1.5968
33.1500,496,1.6000
33.1543,496,1.6000
33.1586,496,1.6000
33.1629,496,1.6000
33.1671,497,1.6032
33.1714,498,1.6065
33.1757,499,1.6097
33.1801,499,1.6097
33.1843,501,1.6161
33.1886,499,1.6097
33.1929,488,1.5742
33.1972,465,1.5000
33.2015,443,1.4290
33.2058,446,1.4387
33.2101,495,1.5968
33.2145,593,1.9129
33.2188,719,2.3194
33.2231,855,2.7581
33.2274,958,3.0903
33.2316,967,3.1194
33.2359,891,2.8742
33.2402,763,2.4613
33.2445,618,1.9935
33.2488,503,1.6226
33.2531,439,1.4161
33.2574,417,1.3452
33.2617,420,1.3548
33.2659,440,1.4194
33.2703,458,1.4774
33.2745,467,1.5065
33.2789,470,1.5161
33.2831,470,1.5161
33.2874,471,1.5194
33.2917,471,1.5194
33.2960,471,1.5194
33.3003,471,1.5194
33.3046,473,1.5258
33.3089,475,1.5323
33.3132,476,1.5355
33.3175,478,1.5419
33.3218,480,1.5484
33.3261,480,1.5484
33.3304,481,1.5516
33.3347,481,1.5516
33.3390,482,1.5548
33.3433,483,1.5581
33.3476,484,1.5613
33.3518,484,1.5613
33.3561,483,1.5581
33.3604,485,1.5645
33.3647,486,1.5677
33.3690,487,1.5710
33.3733,488,1.5742
33.3776,489,1.5774
33.3818,489,1.5774
33.3861,490,1.5806
33.3904,493,1.5903
33.3947,501,1.6161
33.3990,510,1.6452
33.4033,522,1.6839
33.4075,531,1.7129
33.4119,541,1.7452
33.4162,550,1.7742
33.4205,561,1.8097
33.4248,569,1.8355
33.4291,579,1.8677
33.4334,585,1.8871
33.4377,592,1.9097
33.4420,596,1.9226
33.4463,603,1.9452
33.4506,607,1.9581
33.4549,608,1.9613
33.4592,611,1.9710
33.4636,612,1.9742
33.4688,607,1.9581
33.4756,603,1.9452
33.4799,600,1.9355
33.4843,594,1.9161
33.4886,588,1.8968
33.4929,581,1.8742
33.4972,573,1.8484
33.5015,562,1.8129
33.5058,552,1.7806
33.5101,542,1.7484
33.5144,533,1.7194
33.5186,522,1.6839
33.5229,512,1.6516
33.5272,502,1.6194
33.5314,492,1.5871
33.5357,482,1.5548
33.5400,473,1.5258
33.5442,464,1.4968
33.5485,459,1.4806
33.5527,457,1.4742
33.5571,458,1.4774
33.5614,459,1.4806
33.5656,461,1.4871
33.5699,462,1.4903
33.5741,464,1.4968
33.5784,465,1.5000
33.5826,466,1.5032
33.5869,468,1.5097
33.5911,469,1.5129
33.5954,470,1.5161
33.5997,470,1.5161
33.6039,470,1.5161
33.6082,470,1.5161
33.6125,471,1.5194
33.6168,473,1.5258
33.6211,475,1.5323
33.6254,475,1.5323
33.6297,476,1.5355
33.6340,476,1.5355
33.6383,477,1.5387
33.6426,478,1.5419
33.6469,479,1.5452
33.6512,479,1.5452
33.6554,481,1.5516
33.6597,482,1.5548
33.6640,482,1.5548
33.6684,482,1.5548
33.6726,483,1.5581
33.6769,483,1.5581
33.6812,484,1.5613
33.6855,486,1.5677
33.6897,486,1.5677
33.6940,487,1.5710
33.6983,487,1.5710
33.7026,488,1.5742
33.7069,489,1.5774
33.7112,488,1.5742
33.7155,490,1.5806
33.7198,491,1.5839
33.7241,491,1.5839
33.7283,493,1.5903
33.7327,494,1.5935
33.7369,495,1.5968
33.7413,495,1.5968
33.7455,495,1.5968
33.7498,495,1.5968
33.7541,496,1.6000
33.7584,496,1.6000
33.7637,498,1.6065
33.7696,497,1.6032
33.7765,498,1.6065
33.7808,499,1.6097
33.7851,502,1.6194
33.7894,510,1.6452
33.7937,520,1.6774
33.7980,531,1.7129
33.8023,542,1.7484
33.8066,551,1.7774
33.8109,559,1.8032
33.8152,564,1.8194
33.8195,569,1.8355
33.8237,570,1.8387
33.8280,568,1.8323
33.8322,565,1.8226
33.8365,557,1.7968
33.8407,550,1.7742
33.8450,540,1.7419
33.8493,529,1.7065
33.8535,517,1.6677
33.8578,507,1.6355
33.8621,498,1.6065
33.8663,493,1.5903
33.8706,493,1.5903
33.8749,493,1.5903
33.8791,493,1.5903
33.8834,495,1.5968
33.8876,496,1.6000
33.8919,496,1.6000
33.8961,496,1.6000
33.9004,496,1.6000
33.9046,497,1.6032
33.9090,498,1.6065
33.9133,499,1.6097
33.9176,499,1.6097
33.9219,499,1.6097
33.9262,501,1.6161
33.9305,501,1.6161
33.9347,500,1.6129
33.9390,497,1.6032
33.9433,485,1.5645
33.9476,462,1.4903
33.9519,441,1.4226
33.9562,448,1.4452
33.9605,503,1.6226
33.9648,600,1.9355
33.9691,726,2.3419
33.9734,862,2.7806
33.9777,960,3.0968
33.9820,965,3.1129
33.9863,883,2.8484
33.9905,752,2.4258
33.9949,607,1.9581
33.9992,496,1.6000
34.0034,438,1.4129
34.0077,417,1.3452
34.0120,422,1.3613
34.0164,442,1.4258
34.0207,461,1.4871
34.0250,469,1.5129
34.0293,472,1.5226
34.0336,473,1.5258
34.0379,472,1.5226
34.0422,473,1.5258
34.0464,474,1.5290
34.0507,475,1.5323
34.0550,477,1.5387
34.0593,477,1.5387
34.0636,478,1.5419
34.0679,480,1.5484
34.0722,480,1.5484
34.0765,480,1.5484
34.0808,481,1.5516
34.0850,482,1.5548
34.0893,483,1.5581
34.0942,483,1.5581
34.0986,485,1.5645
34.1029,486,1.5677
34.1072,487,1.5710
34.1115,488,1.5742
34.1158,489,1.5774
34.1201,490,1.5806
34.1244,491,1.5839
34.1287,490,1.5806
34.1330,491,1.5839
34.1373,492,1.5871
34.1416,497,1.6032
34.1459,506,1.6323
34.1501,515,1.6613
34.1544,525,1.6935
34.1587,536,1.7290
34.1630,545,1.7581
34.1673,555,1.7903
34.1716,564,1.8194
34.1759,573,1.8484
34.1802,582,1.8774
34.1845,590,1.9032
34.1888,597,1.9258
34.1930,602,1.9419
34.1973,607,1.9581
34.2017,609,1.9645
34.2059,611,1.9710
34.2102,609,1.9645
34.2145,611,1.9710
34.2188,610,1.9677
34.2231,608,1.9613
34.2274,603,1.9452
34.2317,597,1.9258
34.2360,590,1.9032
34.2403,583,1.8806
34.2446,576,1.8581
34.2489,567,1.8290
34.2532,558,1.8000
34.2575,549,1.7710
34.2618,539,1.7387
34.2661,528,1.7032
34.2703,517,1.6677
34.2746,508,1.6387
34.2789,496,1.6000
34.2832,487,1.5710
34.2875,477,1.5387
34.2918,468,1.5097
34.2960,461,1.4871
34.3004,459,1.4806
34.3046,459,1.4806
34.3089,459,1.4806
34.3132,460,1.4839
34.3175,462,1.4903
34.3218,463,1.4935
34.3261,464,1.4968
34.3304,465,1.5000
34.3347,466,1.5032
34.3389,467,1.5065
34.3432,469,1.5129
34.3476,470,1.5161
34.3518,470,1.5161
34.3561,470,1.5161
34.3604,472,1.5226
34.3648,472,1.5226
34.3693,473,1.5258
34.3761,473,1.5258
34.3804,475,1.5323
34.3847,476,1.5355
34.3890,478,1.5419
34.3933,480,1.5484
34.3975,480,1.5484
34.4018,481,1.5516
34.4061,481,1.5516
34.4105,482,1.5548
34.4148,482,1.5548
34.4191,483,1.5581
34.4234,483,1.5581
34.4276,485,1.5645
34.4319,486,1.5677
34.4362,487,1.5710
34.4404,486,1.5677
34.4447,487,1.5710
34.4490,488,1.5742
34.4532,490,1.5806
34.4575,490,1.5806
34.4617,491,1.5839
34.4660,491,1.5839
34.4703,491,1.5839
34.4745,491,1.5839
34.4788,492,1.5871
34.4831,493,1.5903
34.4873,494,1.5935
34.4916,494,1.5935
34.4959,495,1.5968
34.5001,495,1.5968
34.5044,495,1.5968
34.5086,495,1.5968
34.5129,496,1.6000
34.5172,497,1.6032
34.5215,497,1.6032
34.5258,499,1.6097
34.5302,499,1.6097
34.5345,502,1.6194
34.5388,509,1.6419
34.5431,518,1.6710
34.5475,530,1.7097
34.5518,541,1.7452
34.5561,551,1.7774
34.5604,558,1.8000
34.5648,565,1.8226
34.5691,570,1.8387
34.5734,571,1.8419
34.5778,568,1.8323
34.5821,565,1.8226
34.5864,558,1.8000
34.5908,549,1.7710
34.5951,539,1.7387
34.5994,527,1.7000
34.6037,517,1.6677
34.6081,506,1.6323
34.6124,497,1.6032
34.6167,493,1.5903
34.6211,492,1.5871
34.6254,493,1.5903
34.6297,494,1.5935
34.6340,494,1.5935
34.6383,494,1.5935
34.6425,494,1.5935
34.6468,495,1.5968
34.6511,496,1.6000
34.6554,497,1.6032
34.6597,498,1.6065
34.6641,498,1.6065
34.6688,498,1.6065
34.6734,499,1.6097
34.6778,499,1.6097
34.6821,499,1.6097
34.6865,499,1.6097
34.6908,493,1.5903
34.6951,477,1.5387
34.6994,452,1.4581
34.7037,438,1.4129
34.7080,463,1.4935
34.7123,536,1.7290
34.7166,648,2.0903
34.7209,781,2.5194
34.7252,910,2.9355
34.7296,973,3.1387
34.7338,937,3.0226
34.7381,829,2.6742
34.7424,688,2.2194
34.7467,551,1.7774
34.7510,464,1.4968
34.7553,423,1.3645
34.7596,416,1.3419
34.7639,429,1.3839
34.7682,450,1.4516
34.7725,464,1.4968
34.7768,470,1.5161
34.7811,471,1.5194
34.7854,471,1.5194
34.7897,473,1.5258
34.7940,473,1.5258
34.7983,475,1.5323
34.8026,474,1.5290
34.8069,476,1.5355
34.8113,476,1.5355
34.8156,477,1.5387
34.8200,478,1.5419
34.8244,480,1.5484
34.8287,481,1.5516
34.8331,481,1.5516
34.8374,483,1.5581
34.8417,484,1.5613
34.8461,485,1.5645
34.8504,486,1.5677
34.8548,487,1.5710
34.8591,487,1.5710
34.8634,488,1.5742
34.8677,489,1.5774
34.8721,487,1.5710
34.8765,488,1.5742
34.8808,489,1.5774
34.8852,490,1.5806
34.8895,493,1.5903
34.8938,500,1.6129
34.8982,509,1.6419
34.9025,519,1.6742
34.9068,528,1.7032
34.9112,538,1.7355
34.9155,549,1.7710
34.9200,559,1.8032
34.9243,569,1.8355
34.9286,577,1.8613
34.9329,585,1.8871
34.9372,590,1.9032
34.9415,597,1.9258
34.9458,603,1.9452
34.9501,607,1.9581
34.9544,610,1.9677
34.9587,610,1.9677
34.9630,611,1.9710
34.9673,610,1.9677
34.9716,608,1.9613
34.9759,605,1.9516
34.9802,600,1.9355
34.9845,593,1.9129
34.9888,587,1.8935
34.9931,579,1.8677
34.9974,570,1.8387
35.0017,562,1.8129
35.0060,553,1.7839
35.0103,543,1.7516
35.0146,532,1.7161
35.0189,521,1.6806
35.0232,511,1.6484
35.0275,500,1.6129
35.0318,491,1.5839
35.0362,481,1.5516
35.0407,471,1.5194
35.0453,463,1.4935
35.0498,458,1.4774
35.0543,458,1.4774
35.0589,458,1.4774
35.0633,460,1.4839
35.0677,462,1.4903
35.0720,464,1.4968
35.0763,465,1.5000
35.0806,467,1.5065
35.0849,467,1.5065
35.0892,469,1.5129
35.0935,469,1.5129
35.0978,469,1.5129
35.1021,470,1.5161
35.1064,471,1.5194
35.1106,472,1.5226
35.1150,473,1.5258
35.1193,474,1.5290
35.1236,475,1.5323
35.1279,477,1.5387
35.1322,478,1.5419
35.1365,478,1.5419
35.1408,478,1.5419
35.1451,480,1.5484
35.1494,481,1.5516
35.1537,483,1.5581
35.1580,481,1.5516
35.1623,482,1.5548
35.1666,484,1.5613
35.1709,484,1.5613
35.1751,486,1.5677
35.1795,486,1.5677
35.1838,487,1.5710
35.1881,487,1.5710
35.1924,486,1.5677
35.1966,488,1.5742
35.2010,490,1.5806
35.2053,491,1.5839
35.2095,491,1.5839
35.2138,491,1.5839
35.2181,491,1.5839
35.2225,492,1.5871
35.2268,493,1.5903
35.2311,494,1.5935
35.2354,494,1.5935
35.2397,494,1.5935
35.2440,496,1.6000
35.2483,497,1.6032
35.2526,496,1.6000
35.2569,497,1.6032
35.2613,497,1.6032
35.2657,497,1.6032
35.2702,498,1.6065
35.2746,499,1.6097
35.2790,498,1.6065
35.2834,500,1.6129
35.2877,507,1.6355
35.2919,517,1.6677
35.2962,527,1.7000
35.3005,539,1.7387
35.3048,548,1.7677
35.3091,556,1.7935
35.3134,563,1.8161
35.3177,567,1.8290
35.3221,571,1.8419
35.3264,572,1.8452
35.3307,568,1.8323
35.3350,562,1.8129
35.3393,552,1.7806
35.3436,543,1.7516
35.3479,532,1.7161
35.3521,521,1.6806
35.3564,509,1.6419
35.3607,499,1.6097
35.3650,493,1.5903
35.3693,491,1.5839
35.3736,491,1.5839
35.3779,492,1.5871
35.3822,493,1.5903
35.3866,494,1.5935
35.3908,495,1.5968
35.3951,496,1.6000
35.3994,496,1.6000
35.4037,497,1.6032
35.4080,498,1.6065
35.4123,499,1.6097
35.4166,500,1.6129
35.4209,501,1.6161
35.4252,501,1.6161
35.4296,501,1.6161
35.4339,502,1.6194
35.4381,501,1.6161
35.4424,492,1.5871
35.4467,470,1.5161
35.4510,447,1.4419
35.4553,444,1.4323
35.4596,487,1.5710
35.4640,577,1.8613
35.4683,698,2.2516
35.4726,836,2.6968
35.4769,947,3.0548
35.4812,971,3.1323
35.4855,903,2.9129
35.4898,779,2.5129
35.4941,635,2.0484
35.4984,515,1.6613
35.5027,447,1.4419
35.5070,419,1.3516
35.5113,419,1.3516
35.5156,437,1.4097
35.5199,455,1.4677
35.5242,465,1.5000
35.5285,469,1.5129
35.5328,471,1.5194
35.5371,471,1.5194
35.5414,471,1.5194
35.5457,473,1.5258
35.5500,474,1.5290
35.5543,474,1.5290
35.5586,475,1.5323
35.5629,475,1.5323
35.5673,476,1.5355
35.5718,478,1.5419
35.5762,481,1.5516
35.5805,482,1.5548
35.5848,483,1.5581
35.5892,483,1.5581
35.5935,482,1.5548
35.5978,482,1.5548
35.6021,483,1.5581
35.6064,483,1.5581
35.6107,484,1.5613
35.6150,485,1.5645
35.6193,486,1.5677
35.6236,488,1.5742
35.6279,488,1.5742
35.6322,488,1.5742
35.6365,489,1.5774
35.6408,493,1.5903
35.6451,501,1.6161
35.6494,511,1.6484
35.6537,521,1.6806
35.6580,532,1.7161
35.6623,540,1.7419
35.6666,551,1.7774
35.6709,562,1.8129
35.6752,569,1.8355
35.6795,578,1.8645
35.6838,585,1.8871
35.6881,594,1.9161
35.6924,600,1.9355
35.6967,605,1.9516
35.7010,608,1.9613
35.7053,611,1.9710
35.7096,611,1.9710
35.7139,612,1.9742
35.7182,610,1.9677
35.7225,607,1.9581
35.7268,604,1.9484
35.7311,598,1.9290
35.7354,591,1.9065
35.7397,584,1.8839
35.7440,577,1.8613
35.7483,570,1.8387
35.7526,561,1.8097
35.7569,550,1.7742
35.7612,540,1.7419
35.7655,529,1.7065
35.7698,519,1.6742
35.7741,508,1.6387
35.7784,497,1.6032
35.7827,487,1.5710
35.7870,478,1.5419
35.7914,470,1.5161
35.7957,461,1.4871
35.8000,458,1.4774
35.8042,458,1.4774
35.8085,459,1.4806
35.8129,462,1.4903
35.8172,462,1.4903
35.8215,462,1.4903
35.8258,463,1.4935
35.8301,464,1.4968
35.8344,465,1.5000
35.8387,466,1.5032
35.8430,468,1.5097
35.8473,469,1.5129
35.8516,470,1.5161
35.8559,471,1.5194
35.8602,472,1.5226
35.8649,473,1.5258
35.8692,473,1.5258
35.8735,475,1.5323
35.8778,476,1.5355
35.8822,475,1.5323
35.8864,477,1.5387
35.8907,478,1.5419
35.8950,478,1.5419
35.8993,480,1.5484
35.9036,482,1.5548
35.9079,483,1.5581
35.9122,483,1.5581
35.9166,484,1.5613
35.9209,483,1.5581
35.9251,485,1.5645
35.9295,486,1.5677
35.9338,487,1.5710
35.9381,487,1.5710
35.9424,487,1.5710
35.9467,488,1.5742
35.9509,490,1.5806
35.9553,491,1.5839
35.9596,490,1.5806
35.9638,491,1.5839
35.9681,491,1.5839
35.9724,491,1.5839
35.9767,492,1.5871
35.9810,493,1.5903
35.9853,493,1.5903
35.9896,494,1.5935
35.9939,494,1.5935
35.9982,494,1.5935
36.0025,495,1.5968
36.0068,495,1.5968
36.0111,497,1.6032
36.0155,497,1.6032
36.0198,497,1.6032
36.0240,498,1.6065
36.0284,500,1.6129
36.0327,501,1.6161
36.0370,504,1.6258
36.0413,513,1.6548
36.0456,524,1.6903
36.0499,535,1.7258
36.0542,546,1.7613
36.0585,554,1.7871
36.0628,562,1.8129
36.0671,566,1.8258
36.0714,570,1.8387
36.0758,571,1.8419
36.0801,568,1.8323
36.0844,561,1.8097
36.0887,555,1.7903
36.0930,545,1.7581
36.0973,534,1.7226
36.1016,523,1.6871
36.1059,512,1.6516
36.1102,502,1.6194
36.1145,495,1.5968
36.1188,493,1.5903
36.1231,494,1.5935
36.1274,495,1.5968
36.1317,495,1.5968
36.1360,496,1.6000
36.1403,496,1.6000
36.1446,496,1.6000
36.1489,497,1.6032
36.1532,498,1.6065
36.1575,498,1.6065
36.1618,499,1.6097
36.1662,499,1.6097
36.1708,500,1.6129
36.1752,501,1.6161
36.1795,501,1.6161
36.1839,502,1.6194
36.1882,500,1.6129
36.1925,492,1.5871
36.1968,470,1.5161
36.2011,446,1.4387
36.2054,443,1.4290
36.2097,487,1.5710
36.2140,575,1.8548
36.2183,696,2.2452
36.2226,834,2.6903
36.2269,944,3.0452
36.2312,970,3.1290
36.2356,905,2.9194
36.2399,780,2.5161
36.2442,635,2.0484
36.2485,515,1.6613
36.2528,447,1.4419
36.2571,419,1.3516
36.2615,420,1.3548
36.2658,439,1.4161
36.2701,458,1.4774
36.2744,467,1.5065
36.2786,471,1.5194
36.2830,472,1.5226
36.2873,473,1.5258
36.2916,475,1.5323
36.2959,476,1.5355
36.3002,477,1.5387
36.3046,478,1.5419
36.3089,477,1.5387
36.3133,478,1.5419
36.3176,478,1.5419
36.3219,478,1.5419
36.3262,480,1.5484
36.3305,481,1.5516
36.3349,481,1.5516
36.3392,482,1.5548
36.3435,483,1.5581
36.3478,483,1.5581
36.3521,484,1.5613
36.3564,486,1.5677
36.3606,486,1.5677
36.3650,487,1.5710
36.3693,487,1.5710
36.3735,486,1.5677
36.3778,487,1.5710
36.3822,489,1.5774
36.3865,488,1.5742
36.3908,493,1.5903
36.3951,502,1.6194
36.3994,512,1.6516
36.4037,523,1.6871
36.4080,534,1.7226
36.4123,544,1.7548
36.4166,553,1.7839
36.4209,562,1.8129
36.4252,571,1.8419
36.4295,581,1.8742
36.4338,589,1.9000
36.4381,595,1.9194
36.4424,600,1.9355
36.4467,606,1.9548
36.4510,610,1.9677
36.4553,611,1.9710
36.4597,614,1.9806
36.4641,613,1.9774
36.4685,612,1.9742
36.4728,609,1.9645
36.4772,605,1.9516
36.4815,599,1.9323
36.4858,594,1.9161
36.4901,587,1.8935
36.4943,578,1.8645
36.4986,571,1.8419
36.5028,561,1.8097
36.5071,553,1.7839
36.5114,542,1.7484
36.5156,531,1.7129
36.5199,520,1.6774
36.5242,509,1.6419
36.5284,499,1.6097
36.5327,490,1.5806
36.5370,479,1.5452
36.5413,470,1.5161
36.5455,462,1.4903
36.5498,459,1.4806
36.5540,458,1.4774
36.5583,458,1.4774
36.5625,461,1.4871
36.5668,462,1.4903
36.5710,464,1.4968
36.5753,465,1.5000
36.5795,464,1.4968
36.5838,466,1.5032
36.5882,467,1.5065
36.5924,468,1.5097
36.5966,468,1.5097
36.6009,469,1.5129
36.6052,470,1.5161
36.6094,470,1.5161
36.6137,472,1.5226
36.6180,472,1.5226
36.6222,473,1.5258
36.6265,475,1.5323
36.6307,476,1.5355
36.6350,476,1.5355
36.6393,477,1.5387
36.6435,478,1.5419
36.6478,480,1.5484
36.6521,481,1.5516
36.6564,480,1.5484
36.6607,480,1.5484
36.6649,480,1.5484
36.6692,482,1.5548
36.6735,483,1.5581
36.6778,483,1.5581
36.6821,484,1.5613
36.6864,485,1.5645
36.6907,485,1.5645
36.6950,487,1.5710
36.6992,489,1.5774
36.7035,489,1.5774
36.7079,489,1.5774
36.7122,490,1.5806
36.7164,491,1.5839
36.7207,491,1.5839
36.7250,491,1.5839
36.7293,493,1.5903
36.7336,492,1.5871
36.7379,493,1.5903
36.7421,494,1.5935
36.7465,495,1.5968
36.7507,495,1.5968
36.7550,495,1.5968
36.7593,496,1.6000
36.7636,497,1.6032
36.7679,498,1.6065
36.7722,499,1.6097
36.7765,499,1.6097
36.7807,499,1.6097
36.7850,501,1.6161
36.7893,509,1.6419
36.7936,518,1.6710
36.7979,529,1.7065
36.8022,540,1.7419
36.8065,549,1.7710
36.8108,558,1.8000
36.8151,564,1.8194
36.8194,567,1.8290
36.8236,570,1.8387
36.8279,567,1.8290
36.8323,563,1.8161
36.8365,557,1.7968
36.8408,548,1.7677
36.8451,539,1.7387
36.8494,527,1.7000
36.8537,516,1.6645
36.8580,505,1.6290
36.8623,496,1.6000
36.8666,493,1.5903
36.8709,492,1.5871
36.8751,493,1.5903
36.8795,493,1.5903
36.8837,494,1.5935
36.8880,494,1.5935
36.8923,494,1.5935
36.8966,494,1.5935
36.9009,495,1.5968
36.9051,495,1.5968
36.9096,497,1.6032
36.9139,498,1.6065
36.9194,499,1.6097
36.9237,499,1.6097
36.9280,499,1.6097
36.9323,500,1.6129
36.9366,500,1.6129
36.9408,494,1.5935
36.9450,477,1.5387
36.9493,453,1.4613
36.9535,438,1.4129
36.9578,459,1.4806
36.9620,526,1.6968
36.9663,634,2.0452
36.9705,764,2.4645
36.9748,895,2.8871
36.9791,969,3.1258
36.9833,950,3.0645
36.9876,851,2.7452
36.9918,716,2.3097
36.9961,576,1.8581
37.0004,476,1.5355
37.0046,428,1.3806
37.0090,414,1.3355
37.0133,424,1.3677
37.0177,444,1.4323
37.0220,460,1.4839
37.0262,468,1.5097
37.0305,470,1.5161
37.0347,471,1.5194
37.0391,471,1.5194
37.0434,471,1.5194
37.0477,472,1.5226
37.0520,474,1.5290
37.0564,474,1.5290
37.0606,475,1.5323
37.0650,476,1.5355
37.0704,477,1.5387
37.0766,477,1.5387
37.0810,479,1.5452
37.0853,480,1.5484
37.0897,482,1.5548
37.0940,484,1.5613
37.0984,484,1.5613
37.1027,484,1.5613
37.1070,484,1.5613
37.1114,485,1.5645
37.1157,486,1.5677
37.1201,487,1.5710
37.1244,488,1.5742
37.1288,487,1.5710
37.1331,488,1.5742
37.1374,489,1.5774
37.1418,494,1.5935
37.1461,503,1.6226
37.1504,513,1.6548
37.1547,524,1.6903
37.1590,534,1.7226
37.1633,544,1.7548
37.1676,553,1.7839
37.1719,564,1.8194
37.1762,574,1.8516
37.1805,582,1.8774
37.1848,589,1.9000
37.1891,595,1.9194
37.1934,599,1.9323
37.1977,605,1.9516
37.2021,606,1.9548
37.2064,611,1.9710
37.2106,612,1.9742
37.2149,613,1.9774
37.2192,610,1.9677
37.2236,607,1.9581
37.2279,605,1.9516
37.2321,600,1.9355
37.2364,594,1.9161
37.2408,584,1.8839
37.2451,578,1.8645
37.2494,569,1.8355
37.2537,559,1.8032
37.2580,549,1.7710
37.2623,538,1.7355
37.2666,526,1.6968
37.2709,517,1.6677
37.2751,506,1.6323
37.2794,496,1.6000
37.2838,487,1.5710
37.2880,477,1.5387
37.2923,468,1.5097
37.2966,461,1.4871
37.3009,457,1.4742
37.3052,458,1.4774
37.3095,459,1.4806
37.3138,459,1.4806
37.3181,460,1.4839
37.3224,462,1.4903
37.3267,464,1.4968
37.3310,463,1.4935
37.3353,464,1.4968
37.3396,465,1.5000
37.3439,467,1.5065
37.3482,468,1.5097
37.3525,470,1.5161
37.3568,471,1.5194
37.3611,473,1.5258
37.3655,474,1.5290
37.3700,474,1.5290
37.3744,475,1.5323
37.3788,475,1.5323
37.3831,476,1.5355
37.3874,478,1.5419
37.3917,479,1.5452
37.3961,479,1.5452
37.4004,481,1.5516
37.4047,482,1.5548
37.4090,482,1.5548
37.4133,483,1.5581
37.4176,483,1.5581
37.4219,485,1.5645
37.4262,487,1.5710
37.4305,487,1.5710
37.4348,487,1.5710
37.4391,488,1.5742
37.4434,488,1.5742
37.4478,488,1.5742
37.4520,489,1.5774
37.4563,490,1.5806
37.4606,492,1.5871
37.4650,492,1.5871
37.4693,492,1.5871
37.4736,492,1.5871
37.4779,492,1.5871
37.4822,493,1.5903
37.4865,493,1.5903
37.4908,494,1.5935
37.4951,494,1.5935
37.4994,495,1.5968
37.5037,497,1.6032
37.5080,498,1.6065
37.5123,499,1.6097
37.5166,499,1.6097
37.5209,499,1.6097
37.5252,499,1.6097
37.5295,500,1.6129
37.5338,501,1.6161
37.5381,506,1.6323
37.5424,516,1.6645
37.5467,527,1.7000
37.5510,539,1.7387
37.5553,548,1.7677
37.5596,557,1.7968
37.5639,563,1.8161
37.5682,568,1.8323
37.5725,571,1.8419
37.5768,569,1.8355
37.5810,566,1.8258
37.5853,560,1.8065
37.5897,551,1.7774
37.5940,543,1.7516
37.5983,530,1.7097
37.6026,520,1.6774
37.6069,509,1.6419
37.6113,499,1.6097
37.6156,493,1.5903
37.6199,491,1.5839
37.6241,491,1.5839
37.6285,493,1.5903
37.6331,494,1.5935
37.6374,494,1.5935
37.6417,494,1.5935
37.6460,497,1.6032
37.6504,496,1.6000
37.6547,496,1.6000
37.6589,497,1.6032
37.6632,498,1.6065
37.6675,498,1.6065
37.6718,500,1.6129
37.6761,500,1.6129
37.6804,500,1.6129
37.6847,500,1.6129
37.6891,497,1.6032
37.6934,484,1.5613
37.6977,462,1.4903
37.7020,441,1.4226
37.7063,446,1.4387
37.7106,499,1.6097
37.7149,596,1.9226
37.7192,723,2.3323
37.7235,858,2.7677
37.7278,958,3.0903
37.7321,965,3.1129
37.7364,885,2.8548
37.7407,754,2.4323
37.7451,608,1.9613
37.7494,497,1.6032
37.7537,436,1.4065
37.7580,418,1.3484
37.7623,422,1.3613
37.7666,441,1.4226
37.7709,459,1.4806
37.7752,467,1.5065
37.7795,470,1.5161
37.7838,471,1.5194
37.7881,471,1.5194
37.7924,473,1.5258
37.7967,475,1.5323
37.8010,477,1.5387
37.8053,477,1.5387
37.8096,476,1.5355
37.8139,478,1.5419
37.8182,479,1.5452
37.8225,479,1.5452
37.8268,479,1.5452
37.8311,479,1.5452
37.8354,480,1.5484
37.8397,482,1.5548
37.8440,482,1.5548
37.8483,483,1.5581
37.8526,485,1.5645
37.8569,485,1.5645
37.8613,486,1.5677
37.8656,487,1.5710
37.8699,489,1.5774
37.8742,489,1.5774
37.8785,490,1.5806
37.8828,490,1.5806
37.8871,491,1.5839
37.8914,496,1.6000
37.8957,504,1.6258
37.9000,513,1.6548
37.9043,524,1.6903
37.9086,534,1.7226
37.9130,545,1.7581
37.9173,554,1.7871
37.9216,563,1.8161
37.9259,573,1.8484
37.9302,582,1.8774
37.9345,589,1.9000
37.9388,595,1.9194
37.9431,601,1.9387
37.9474,607,1.9581
37.9517,609,1.9645
37.9560,612,1.9742
37.9603,612,1.9742
37.9646,612,1.9742
37.9690,612,1.9742
37.9734,609,1.9645
37.9779,605,1.9516
37.9822,600,1.9355
37.9864,593,1.9129
37.9907,588,1.8968
37.9951,578,1.8645
37.9994,570,1.8387
38.0037,559,1.8032
38.0080,551,1.7774
38.0123,539,1.7387
38.0167,530,1.7097
38.0210,520,1.6774
38.0252,509,1.6419
38.0295,500,1.6129
38.0338,489,1.5774
38.0381,479,1.5452
38.0425,469,1.5129
38.0468,461,1.4871
38.0511,458,1.4774
38.0554,459,1.4806
38.0598,460,1.4839
38.0640,462,1.4903
38.0684,463,1.4935
38.0727,464,1.4968
38.0771,466,1.5032
38.0814,467,1.5065
38.0857,467,1.5065
38.0900,468,1.5097
38.0943,468,1.5097
38.0986,470,1.5161
38.1029,471,1.5194
38.1072,472,1.5226
38.1115,473,1.5258
38.1158,472,1.5226
38.1201,474,1.5290
38.1244,475,1.5323
38.1287,476,1.5355
38.1330,478,1.5419
38.1373,480,1.5484
38.1416,479,1.5452
38.1459,480,1.5484
38.1502,480,1.5484
38.1545,482,1.5548
38.1589,484,1.5613
38.1632,485,1.5645
38.1675,485,1.5645
38.1718,485,1.5645
38.1760,485,1.5645
38.1804,486,1.5677
38.1846,487,1.5710
38.1889,487,1.5710
38.1932,488,1.5742
38.1975,488,1.5742
38.2019,489,1.5774
38.2062,490,1.5806
38.2105,491,1.5839
38.2148,492,1.5871
38.2190,493,1.5903
38.2234,494,1.5935
38.2277,494,1.5935
38.2320,494,1.5935
38.2363,495,1.5968
38.2406,496,1.6000
38.2449,495,1.5968
38.2492,495,1.5968
38.2535,497,1.6032
38.2578,498,1.6065
38.2621,499,1.6097
38.2664,500,1.6129
38.2708,500,1.6129
38.2753,499,1.6097
38.2796,500,1.6129
38.2840,501,1.6161
38.2883,506,1.6323
38.2925,515,1.6613
38.2968,526,1.6968
38.3012,538,1.7355
38.3056,546,1.7613
38.3099,556,1.7935
38.3142,562,1.8129
38.3185,566,1.8258
38.3228,569,1.8355
38.3271,569,1.8355
38.3314,565,1.8226
38.3357,559,1.8032
38.3400,551,1.7774
38.3444,541,1.7452
38.3487,532,1.7161
38.3530,521,1.6806
38.3573,510,1.6452
38.3616,499,1.6097
38.3659,494,1.5935
38.3702,491,1.5839
38.3745,492,1.5871
38.3788,494,1.5935
38.3831,496,1.6000
38.3874,494,1.5935
38.3917,495,1.5968
38.3960,496,1.6000
38.4003,497,1.6032
38.4046,498,1.6065
38.4089,499,1.6097
38.4132,499,1.6097
38.4175,500,1.6129
38.4218,500,1.6129
38.4261,500,1.6129
38.4304,502,1.6194
38.4347,502,1.6194
38.4390,500,1.6129
38.4433,489,1.5774
38.4476,466,1.5032
38.4519,444,1.4323
38.4562,447,1.4419
38.4605,496,1.6000
38.4649,594,1.9161
38.4692,719,2.3194
38.4735,856,2.7613
38.4777,957,3.0871
38.4820,968,3.1226
38.4864,889,2.8677
38.4906,759,2.4484
38.4949,614,1.9806
38.4992,501,1.6161
38.5035,438,1.4129
38.5079,417,1.3452
38.5122,420,1.3548
38.5165,439,1.4161
38.5208,456,1.4710
38.5250,464,1.4968
38.5294,468,1.5097
38.5337,469,1.5129
38.5379,471,1.5194
38.5423,471,1.5194
38.5466,472,1.5226
38.5509,473,1.5258
38.5551,474,1.5290
38.5594,476,1.5355
38.5637,477,1.5387
38.5679,477,1.5387
38.5722,478,1.5419
38.5765,479,1.5452
38.5807,480,1.5484
38.5850,481,1.5516
38.5893,480,1.5484
38.5936,482,1.5548
38.5978,483,1.5581
38.6021,484,1.5613
38.6064,484,1.5613
38.6107,485,1.5645
38.6149,486,1.5677
38.6192,487,1.5710
38.6235,487,1.5710
38.6278,488,1.5742
38.6321,488,1.5742
38.6364,489,1.5774
38.6407,493,1.5903
38.6450,501,1.6161
38.6494,510,1.6452
38.6537,522,1.6839
38.6580,533,1.7194
38.6623,543,1.7516
38.6666,553,1.7839
38.6709,561,1.8097
38.6752,571,1.8419
38.6795,579,1.8677
38.6837,584,1.8839
38.6880,593,1.9129
38.6924,600,1.9355
38.6966,604,1.9484
38.7009,608,1.9613
38.7052,609,1.9645
38.7096,612,1.9742
38.7139,612,1.9742
38.7182,609,1.9645
38.7225,609,1.9645
38.7268,606,1.9548
38.7311,600,1.9355
38.7354,595,1.9194
38.7397,587,1.8935
38.7440,577,1.8613
38.7483,571,1.8419
38.7526,563,1.8161
38.7569,553,1.7839
38.7612,542,1.7484
38.7655,532,1.7161
38.7698,521,1.6806
38.7741,511,1.6484
38.7784,500,1.6129
38.7827,490,1.5806
38.7870,480,1.5484
38.7914,471,1.5194
38.7956,462,1.4903
38.7999,458,1.4774
38.8042,457,1.4742
38.8085,458,1.4774
38.8127,459,1.4806
38.8170,461,1.4871
38.8213,462,1.4903
38.8256,463,1.4935
38.8298,465,1.5000
38.8341,466,1.5032
38.8383,468,1.5097
38.8426,470,1.5161
38.8468,471,1.5194
38.8511,471,1.5194
38.8554,472,1.5226
38.8597,473,1.5258
38.8640,472,1.5226
38.8684,474,1.5290
38.8728,476,1.5355
38.8773,476,1.5355
38.8817,476,1.5355
38.8860,478,1.5419
38.8903,478,1.5419
38.8947,480,1.5484
38.8990,480,1.5484
38.9034,482,1.5548
38.9077,482,1.5548
38.9120,482,1.5548
38.9164,484,1.5613
38.9208,485,1.5645
38.9251,485,1.5645
38.9295,486,1.5677
38.9338,487,1.5710
38.9382,488,1.5742
38.9425,489,1.5774
38.9468,490,1.5806
38.9511,491,1.5839
38.9555,492,1.5871
38.9598,492,1.5871
38.9641,491,1.5839
38.9684,491,1.5839
38.9727,493,1.5903
38.9770,493,1.5903
38.9813,493,1.5903
38.9856,493,1.5903
38.9899,495,1.5968
38.9942,496,1.6000
38.9985,497,1.6032
39.0028,497,1.6032
39.0071,496,1.6000
39.0114,497,1.6032
39.0157,496,1.6000
39.0201,497,1.6032
39.0244,496,1.6000
39.0287,497,1.6032
39.0329,498,1.6065
39.0373,504,1.6258
39.0416,512,1.6516
39.0458,523,1.6871
39.0501,534,1.7226
39.0544,546,1.7613
39.0588,555,1.7903
39.0630,561,1.8097
39.0673,566,1.8258
39.0716,569,1.8355
39.0759,570,1.8387
39.0802,567,1.8290
39.0845,561,1.8097
39.0888,554,1.7871
39.0931,544,1.7548
39.0975,535,1.7258
39.1018,523,1.6871
39.1061,511,1.6484
39.1104,501,1.6161
39.1147,493,1.5903
39.1190,492,1.5871
39.1233,492,1.5871
39.1276,492,1.5871
39.1319,493,1.5903
39.1362,494,1.5935
39.1405,495,1.5968
39.1448,495,1.5968
39.1491,496,1.6000
39.1534,497,1.6032
39.1577,497,1.6032
39.1620,498,1.6065
39.1663,498,1.6065
39.1708,498,1.6065
39.1752,499,1.6097
39.1796,499,1.6097
39.1839,500,1.6129
39.1882,498,1.6065
39.1925,490,1.5806
39.1968,470,1.5161
39.2011,447,1.4419
39.2054,443,1.4290
39.2097,483,1.5581
39.2140,571,1.8419
39.2183,692,2.2323
39.2226,828,2.6710
39.2269,944,3.0452
39.2313,973,3.1387
39.2356,909,2.9323
39.2399,785,2.5323
39.2442,642,2.0710
39.2485,519,1.6742
39.2528,448,1.4452
39.2571,420,1.3548
39.2615,420,1.3548
39.2658,437,1.4097
39.2701,455,1.4677
39.2744,466,1.5032
39.2787,469,1.5129
39.2830,470,1.5161
39.2873,470,1.5161
39.2916,471,1.5194
39.2958,471,1.5194
39.3001,473,1.5258
39.3044,475,1.5323
39.3088,476,1.5355
39.3132,477,1.5387
39.3175,477,1.5387
39.3218,479,1.5452
39.3261,479,1.5452
39.3304,479,1.5452
39.3347,480,1.5484
39.3390,481,1.5516
39.3433,481,1.5516
39.3476,482,1.5548
39.3519,483,1.5581
39.3563,484,1.5613
39.3606,483,1.5581
39.3649,485,1.5645
39.3692,485,1.5645
39.3735,486,1.5677
39.3778,488,1.5742
39.3821,488,1.5742
39.3864,490,1.5806
39.3907,493,1.5903
39.3949,500,1.6129
39.3996,511,1.6484
39.4039,522,1.6839
39.4083,532,1.7161
39.4126,542,1.7484
39.4169,552,1.7806
39.4212,560,1.8065
39.4255,569,1.8355
39.4298,578,1.8645
39.4341,586,1.8903
39.4384,591,1.9065
39.4427,598,1.9290
39.4470,600,1.9355
39.4513,606,1.9548
39.4556,608,1.9613
39.4599,608,1.9613
39.4642,611,1.9710
39.4685,608,1.9613
39.4728,607,1.9581
39.4771,603,1.9452
39.4814,599,1.9323
39.4858,593,1.9129
39.4901,585,1.8871
39.4944,577,1.8613
39.4987,569,1.8355
39.5030,560,1.8065
39.5073,550,1.7742
39.5116,539,1.7387
39.5159,528,1.7032
39.5202,518,1.6710
39.5245,508,1.6387
39.5288,498,1.6065
39.5331,489,1.5774
39.5374,480,1.5484
39.5417,471,1.5194
39.5460,462,1.4903
39.5503,458,1.4774
39.5546,457,1.4742
39.5589,457,1.4742
39.5632,459,1.4806
39.5675,461,1.4871
39.5718,463,1.4935
39.5761,463,1.4935
39.5804,465,1.5000
39.5847,465,1.5000
39.5890,467,1.5065
39.5933,467,1.5065
39.5976,468,1.5097
39.6019,469,1.5129
39.6062,470,1.5161
39.6105,472,1.5226
39.6148,473,1.5258
39.6191,474,1.5290
39.6234,474,1.5290
39.6277,476,1.5355
39.6320,477,1.5387
39.6363,477,1.5387
39.6406,477,1.5387
39.6449,479,1.5452
39.6492,480,1.5484
39.6535,481,1.5516
39.6579,482,1.5548
39.6622,483,1.5581
39.6665,484,1.5613
39.6708,485,1.5645
39.6751,485,1.5645
39.6794,486,1.5677
39.6837,487,1.5710
39.6880,487,1.5710
39.6923,488,1.5742
39.6966,488,1.5742
39.7009,489,1.5774
39.7051,488,1.5742
39.7095,491,1.5839
39.7139,492,1.5871
39.7182,491,1.5839
39.7225,491,1.5839
39.7268,493,1.5903
39.7311,493,1.5903
39.7354,494,1.5935
39.7397,494,1.5935
39.7440,494,1.5935
39.7483,495,1.5968
39.7526,497,1.6032
39.7569,497,1.6032
39.7612,498,1.6065
39.7655,498,1.6065
39.7699,498,1.6065
39.7744,499,1.6097
39.7788,501,1.6161
39.7831,501,1.6161
39.7874,505,1.6290
39.7917,513,1.6548
39.7960,525,1.6935
39.8003,535,1.7258
39.8046,547,1.7645
39.8090,555,1.7903
39.8134,564,1.8194
39.8177,567,1.8290
39.8220,570,1.8387
39.8263,571,1.8419
39.8306,567,1.8290
39.8349,570,1.8387
39.8392,552,1.7806
39.8435,544,1.7548
39.8478,535,1.7258
39.8521,524,1.6903
39.8564,513,1.6548
39.8608,502,1.6194
39.8650,494,1.5935
39.8693,492,1.5871
39.8737,493,1.5903
39.8780,494,1.5935
39.8822,495,1.5968
39.8865,496,1.6000
39.8908,496,1.6000
39.8952,495,1.5968
39.8995,496,1.6000
39.9038,496,1.6000
39.9080,497,1.6032
39.9124,498,1.6065
39.9167,498,1.6065
39.9210,498,1.6065
39.9253,499,1.6097
39.9296,499,1.6097
39.9339,500,1.6129
39.9382,499,1.6097
39.9425,491,1.5839
39.9468,471,1.5194
39.9511,447,1.4419
39.9556,443,1.4290
39.9599,485,1.5645
39.9642,574,1.8516
39.9685,694,2.2387
39.9727,828,2.6710
39.9771,945,3.0484
39.9814,973,3.1387
39.9857,908,2.9290
39.9900,786,2.5355
39.9943,642,2.0710
39.9986,517,1.6677
40.0029,446,1.4387
40.0072,418,1.3484
40.0115,418,1.3484
40.0158,436,1.4065
40.0201,455,1.4677
40.0244,466,1.5032
40.0287,471,1.5194
40.0330,472,1.5226
40.0373,472,1.5226
40.0422,472,1.5226
40.0467,474,1.5290
40.0512,475,1.5323
40.0557,476,1.5355
40.0603,476,1.5355
40.0648,476,1.5355
40.0695,477,1.5387
40.0739,479,1.5452
40.0783,479,1.5452
40.0826,479,1.5452
40.0869,480,1.5484
40.0912,481,1.5516
40.0955,483,1.5581
40.0999,485,1.5645
40.1042,485,1.5645
40.1084,486,1.5677
40.1128,486,1.5677
40.1171,487,1.5710
40.1214,488,1.5742
40.1257,488,1.5742
40.1300,489,1.5774
40.1343,489,1.5774
40.1386,492,1.5871
40.1429,497,1.6032
40.1472,506,1.6323
40.1515,517,1.6677
40.1558,527,1.7000
40.1601,536,1.7290
40.1644,546,1.7613
40.1687,555,1.7903
40.1731,564,1.8194
40.1774,574,1.8516
40.1817,581,1.8742
40.1860,590,1.9032
40.1903,597,1.9258
40.1946,602,1.9419
40.1989,606,1.9548
40.2032,610,1.9677
40.2075,611,1.9710
40.2118,612,1.9742
40.2161,611,1.9710
40.2204,609,1.9645
40.2247,606,1.9548
40.2290,601,1.9387
40.2333,596,1.9226
40.2376,591,1.9065
40.2419,582,1.8774
40.2462,573,1.8484
40.2505,566,1.8258
40.2548,556,1.7935
40.2591,545,1.7581
40.2634,536,1.7290
40.2677,525,1.6935
40.2720,515,1.6613
40.2763,505,1.6290
40.2806,495,1.5968
40.2849,485,1.5645
40.2892,477,1.5387
40.2935,467,1.5065
40.2978,461,1.4871
40.3021,459,1.4806
40.3064,460,1.4839
40.3107,460,1.4839
40.3150,462,1.4903
40.3193,462,1.4903
40.3236,464,1.4968
40.3279,465,1.5000
40.3322,466,1.5032
40.3365,468,1.5097
40.3408,467,1.5065
40.3451,469,1.5129
40.3494,469,1.5129
40.3537,471,1.5194
40.3580,470,1.5161
40.3623,472,1.5226
40.3666,472,1.5226
40.3709,474,1.5290
40.3752,476,1.5355
40.3795,476,1.5355
40.3838,477,1.5387
40.3881,476,1.5355
40.3924,476,1.5355
40.3967,478,1.5419
40.4010,480,1.5484
40.4053,481,1.5516
40.4096,481,1.5516
40.4139,481,1.5516
40.4182,482,1.5548
40.4225,481,1.5516
40.4268,482,1.5548
40.4311,483,1.5581
40.4354,485,1.5645
40.4397,485,1.5645
40.4440,486,1.5677
40.4483,486,1.5677
40.4526,488,1.5742
40.4569,489,1.5774
40.4612,489,1.5774
40.4655,489,1.5774
40.4699,490,1.5806
40.4741,492,1.5871
40.4784,492,1.5871
40.4827,492,1.5871
40.4870,492,1.5871
40.4914,494,1.5935
40.4956,494,1.5935
40.4999,495,1.5968
40.5042,496,1.6000
40.5085,496,1.6000
40.5128,496,1.6000
40.5172,498,1.6065
40.5215,498,1.6065
40.5258,498,1.6065
40.5301,499,1.6097
40.5344,500,1.6129
40.5387,507,1.6355
40.5429,517,1.6677
40.5473,527,1.7000
40.5516,540,1.7419
40.5559,550,1.7742
40.5603,559,1.8032
40.5646,564,1.8194
40.5689,570,1.8387
40.5732,572,1.8452
40.5775,571,1.8419
40.5817,568,1.8323
40.5860,560,1.8065
40.5904,551,1.7774
40.5946,541,1.7452
40.5989,530,1.7097
40.6032,520,1.6774
40.6075,510,1.6452
40.6118,499,1.6097
40.6162,493,1.5903
40.6205,491,1.5839
40.6248,493,1.5903
40.6291,494,1.5935
40.6334,495,1.5968
40.6377,496,1.6000
40.6420,497,1.6032
40.6462,496,1.6000
40.6506,496,1.6000
40.6549,498,1.6065
40.6591,499,1.6097
40.6634,500,1.6129
40.6678,500,1.6129
40.6722,501,1.6161
40.6766,502,1.6194
40.6809,502,1.6194
40.6852,502,1.6194
40.6895,498,1.6065
40.6938,486,1.5677
40.6981,463,1.4935
40.7024,443,1.4290
40.7067,449,1.4484
40.7113,508,1.6387
40.7156,610,1.9677
40.7199,738,2.3806
40.7242,870,2.8065
40.7285,965,3.1129
40.7328,961,3.1000
40.7370,877,2.8290
40.7413,743,2.3968
40.7456,600,1.9355
40.7498,492,1.5871
40.7541,435,1.4032
40.7584,417,1.3452
40.7627,423,1.3645
40.7670,443,1.4290
40.7713,460,1.4839
40.7756,468,1.5097
40.7799,472,1.5226
40.7842,473,1.5258
40.7885,473,1.5258
40.7928,473,1.5258
40.7971,475,1.5323
40.8014,475,1.5323
40.8057,476,1.5355
40.8099,476,1.5355
40.8143,476,1.5355
40.8186,478,1.5419
40.8228,480,1.5484
40.8271,480,1.5484
40.8314,482,1.5548
40.8357,482,1.5548
40.8400,483,1.5581
40.8442,484,1.5613
40.8485,485,1.5645
40.8527,485,1.5645
40.8570,485,1.5645
40.8614,487,1.5710
40.8656,488,1.5742
40.8701,488,1.5742
40.8744,488,1.5742
40.8786,489,1.5774
40.8829,491,1.5839
40.8871,493,1.5903
40.8914,497,1.6032
40.8957,503,1.6226
40.8999,513,1.6548
40.9042,523,1.6871
40.9084,533,1.7194
40.9127,543,1.7516
40.9170,553,1.7839
40.9213,563,1.8161
40.9255,570,1.8387
40.9298,580,1.8710
40.9340,587,1.8935
40.9383,593,1.9129
40.9425,599,1.9323
40.9468,604,1.9484
40.9511,608,1.9613
40.9553,611,1.9710
40.9596,612,1.9742
40.9639,613,1.9774
40.9710,609,1.9645
40.9754,607,1.9581
40.9798,603,1.9452
40.9841,596,1.9226
40.9884,589,1.9000
40.9927,581,1.8742
40.9972,574,1.8516
41.0015,564,1.8194
41.0057,557,1.7968
41.0100,547,1.7645
41.0143,536,1.7290
41.0187,525,1.6935
41.0230,513,1.6548
41.0273,503,1.6226
41.0316,493,1.5903
41.0358,483,1.5581
41.0402,473,1.5258
41.0445,464,1.4968
41.0487,458,1.4774
41.0530,457,1.4742
41.0573,459,1.4806
41.0616,460,1.4839
41.0659,462,1.4903
41.0702,463,1.4935
41.0745,463,1.4935
41.0789,464,1.4968
41.0831,465,1.5000
41.0874,467,1.5065
41.0917,468,1.5097
41.0960,469,1.5129
41.1003,470,1.5161
41.1046,471,1.5194
41.1089,471,1.5194
41.1134,471,1.5194
41.1177,473,1.5258
41.1220,473,1.5258
41.1263,474,1.5290
41.1306,474,1.5290
41.1349,476,1.5355
41.1392,477,1.5387
41.1435,478,1.5419
41.1478,479,1.5452
41.1521,480,1.5484
41.1564,481,1.5516
41.1607,482,1.5548
41.1650,483,1.5581
41.1697,484,1.5613
41.1740,485,1.5645
41.1783,487,1.5710
41.1826,486,1.5677
41.1869,488,1.5742
41.1912,488,1.5742
41.1955,488,1.5742
41.1998,489,1.5774
41.2041,489,1.5774
41.2084,489,1.5774
41.2127,489,1.5774
41.2170,491,1.5839
41.2214,491,1.5839
41.2257,492,1.5871
41.2300,493,1.5903
41.2343,493,1.5903
41.2386,493,1.5903
41.2429,494,1.5935
41.2472,495,1.5968
41.2515,496,1.6000
41.2558,496,1.6000
41.2601,496,1.6000
41.2645,496,1.6000
41.2688,496,1.6000
41.2731,497,1.6032
41.2774,499,1.6097
41.2817,500,1.6129
41.2860,502,1.6194
41.2903,509,1.6419
41.2946,520,1.6774
41.2989,531,1.7129
41.3032,542,1.7484
41.3075,551,1.7774
41.3118,560,1.8065
41.3161,566,1.8258
41.3204,570,1.8387
41.3247,571,1.8419
41.3290,571,1.8419
41.3333,565,1.8226
41.3376,559,1.8032
41.3419,550,1.7742
41.3463,539,1.7387
41.3506,528,1.7032
41.3549,515,1.6613
41.3592,505,1.6290
41.3634,496,1.6000
41.3678,492,1.5871
41.3721,492,1.5871
41.3764,493,1.5903
41.3808,495,1.5968
41.3851,496,1.6000
41.3894,497,1.6032
41.3937,496,1.6000
41.3980,496,1.6000
41.4023,496,1.6000
41.4066,498,1.6065
41.4109,498,1.6065
41.4152,499,1.6097
41.4195,499,1.6097
41.4238,500,1.6129
41.4281,500,1.6129
41.4324,501,1.6161
41.4367,500,1.6129
41.4410,495,1.5968
41.4453,478,1.5419
41.4496,454,1.4645
41.4539,437,1.4097
41.4582,460,1.4839
41.4625,530,1.7097
41.4668,640,2.0645
41.4712,774,2.4968
41.4754,901,2.9065
41.4797,970,3.1290
41.4840,943,3.0419
41.4883,838,2.7032
41.4926,700,2.2581
41.4969,562,1.8129
41.5013,468,1.5097
41.5055,424,1.3677
41.5099,415,1.3387
41.5142,427,1.3774
41.5185,448,1.4452
41.5228,462,1.4903
41.5272,468,1.5097
41.5315,470,1.5161
41.5358,470,1.5161
41.5400,471,1.5194
41.5443,473,1.5258
41.5487,474,1.5290
41.5529,475,1.5323
41.5572,475,1.5323
41.5615,476,1.5355
41.5659,476,1.5355
41.5715,478,1.5419
41.5759,480,1.5484
41.5803,480,1.5484
41.5846,482,1.5548
41.5889,483,1.5581
41.5932,483,1.5581
41.5975,484,1.5613
41.6018,484,1.5613
41.6061,484,1.5613
41.6104,484,1.5613
41.6147,487,1.5710
41.6190,486,1.5677
41.6233,485,1.5645
41.6276,485,1.5645
41.6319,487,1.5710
41.6362,488,1.5742
41.6405,492,1.5871
41.6448,499,1.6097
41.6490,510,1.6452
41.6534,521,1.6806
41.6577,530,1.7097
41.6619,541,1.7452
41.6662,551,1.7774
41.6705,558,1.8000
41.6749,569,1.8355
41.6792,578,1.8645
41.6835,585,1.8871
41.6878,593,1.9129
41.6921,599,1.9323
41.6964,604,1.9484
41.7007,607,1.9581
41.7050,612,1.9742
41.7092,612,1.9742
41.7137,613,1.9774
41.7180,611,1.9710
41.7223,608,1.9613
41.7265,605,1.9516
41.7308,599,1.9323
41.7351,594,1.9161
41.7393,588,1.8968
41.7436,580,1.8710
41.7478,571,1.8419
41.7521,563,1.8161
41.7564,553,1.7839
41.7607,543,1.7516
41.7649,533,1.7194
41.7692,522,1.6839
41.7735,512,1.6516
41.7778,502,1.6194
41.7821,492,1.5871
41.7864,481,1.5516
41.7907,472,1.5226
41.7950,464,1.4968
41.7993,459,1.4806
41.8036,458,1.4774
41.8079,459,1.4806
41.8122,460,1.4839
41.8165,462,1.4903
41.8208,463,1.4935
41.8251,464,1.4968
41.8295,465,1.5000
41.8337,466,1.5032
41.8380,467,1.5065
41.8423,468,1.5097
41.8466,469,1.5129
41.8508,470,1.5161
41.8551,473,1.5258
41.8594,473,1.5258
41.8637,473,1.5258
41.8681,474,1.5290
41.8749,476,1.5355
41.8793,477,1.5387
41.8835,477,1.5387
41.8878,478,1.5419
41.8921,478,1.5419
41.8963,479,1.5452
41.9006,480,1.5484
41.9049,481,1.5516
41.9091,482,1.5548
41.9141,482,1.5548
41.9184,483,1.5581
41.9227,484,1.5613
41.9270,485,1.5645
41.9313,486,1.5677
41.9356,486,1.5677
41.9399,487,1.5710
41.9442,487,1.5710
41.9484,488,1.5742
41.9527,489,1.5774
41.9570,490,1.5806
41.9613,491,1.5839
41.9655,492,1.5871
41.9698,492,1.5871
41.9741,492,1.5871
41.9784,492,1.5871
41.9827,494,1.5935
41.9869,494,1.5935
41.9912,495,1.5968
41.9954,494,1.5935
41.9997,496,1.6000
42.0041,495,1.5968
42.0083,496,1.6000
42.0126,497,1.6032
42.0170,497,1.6032
42.0213,499,1.6097
42.0256,499,1.6097
42.0299,499,1.6097
42.0341,499,1.6097
42.0384,505,1.6290
42.0427,514,1.6581
42.0470,525,1.6935
42.0513,536,1.7290
42.0555,547,1.7645
42.0598,556,1.7935
42.0640,564,1.8194
42.0684,568,1.8323
42.0726,571,1.8419
42.0769,569,1.8355
42.0812,567,1.8290
42.0855,561,1.8097
42.0898,553,1.7839
42.0940,543,1.7516
42.0983,532,1.7161
42.1025,520,1.6774
42.1069,509,1.6419
42.1111,500,1.6129
42.1154,493,1.5903
42.1199,493,1.5903
42.1242,492,1.5871
42.1285,493,1.5903
42.1327,494,1.5935
42.1370,495,1.5968
42.1413,496,1.6000
42.1456,496,1.6000
42.1498,496,1.6000
42.1541,496,1.6000
42.1583,497,1.6032
42.1626,498,1.6065
42.1669,499,1.6097
42.1712,500,1.6129
42.1755,500,1.6129
42.1798,501,1.6161
42.1840,501,1.6161
42.1884,500,1.6129
42.1926,492,1.5871
42.1969,471,1.5194
42.2011,447,1.4419
42.2061,444,1.4323
42.2104,489,1.5774
42.2146,578,1.8645
42.2189,700,2.2581
42.2231,836,2.6968
42.2280,955,3.0806
42.2323,968,3.1226
42.2365,890,2.8710
42.2408,765,2.4677
42.2451,619,1.9968
42.2494,503,1.6226
42.2537,439,1.4161
42.2579,416,1.3419
42.2622,420,1.3548
42.2665,440,1.4194
42.2708,457,1.4742
42.2751,467,1.5065
42.2794,471,1.5194
42.2840,473,1.5258
42.2883,473,1.5258
42.2926,473,1.5258
42.2968,475,1.5323
42.3011,476,1.5355
42.3054,477,1.5387
42.3097,478,1.5419
42.3139,478,1.5419
42.3182,477,1.5387
42.3224,479,1.5452
42.3267,480,1.5484
42.3310,481,1.5516
42.3352,482,1.5548
42.3395,483,1.5581
42.3437,483,1.5581
42.3480,484,1.5613
42.3523,485,1.5645
42.3565,485,1.5645
42.3608,487,1.5710
42.3650,489,1.5774
42.3693,488,1.5742
42.3736,488,1.5742
42.3778,489,1.5774
42.3821,488,1.5742
42.3864,489,1.5774
42.3907,492,1.5871
42.3949,500,1.6129
42.3992,509,1.6419
42.4034,519,1.6742
42.4077,529,1.7065
42.4120,540,1.7419
42.4162,550,1.7742
42.4205,560,1.8065
42.4248,568,1.8323
42.4296,578,1.8645
42.4339,586,1.8903
42.4382,592,1.9097
42.4424,597,1.9258
42.4467,602,1.9419
42.4515,608,1.9613
42.4558,609,1.9645
42.4601,611,1.9710
42.4643,610,1.9677
42.4686,609,1.9645
42.4730,608,1.9613
42.4774,604,1.9484
42.4817,598,1.9290
42.4860,594,1.9161
42.4903,586,1.8903
42.4946,577,1.8613
42.4988,569,1.8355
42.5031,559,1.8032
42.5074,548,1.7677
42.5116,539,1.7387
42.5160,530,1.7097
42.5202,520,1.6774
42.5244,510,1.6452
42.5288,498,1.6065
42.5331,489,1.5774
42.5374,480,1.5484
42.5416,470,1.5161
42.5459,462,1.4903
42.5502,458,1.4774
42.5545,457,1.4742
42.5587,459,1.4806
42.5629,462,1.4903
42.5672,463,1.4935
42.5714,464,1.4968
42.5758,464,1.4968
42.5801,464,1.4968
42.5845,465,1.5000
42.5888,466,1.5032
42.5931,467,1.5065
42.5975,468,1.5097
42.6017,470,1.5161
42.6060,471,1.5194
42.6103,472,1.5226
42.6147,474,1.5290
42.6190,475,1.5323
42.6234,475,1.5323
42.6276,476,1.5355
42.6319,477,1.5387
42.6363,478,1.5419
42.6405,479,1.5452
42.6448,479,1.5452
42.6491,480,1.5484
42.6534,482,1.5548
42.6577,483,1.5581
42.6620,484,1.5613
42.6662,485,1.5645
42.6706,485,1.5645
42.6748,485,1.5645
42.6792,485,1.5645
42.6834,485,1.5645
42.6877,486,1.5677
42.6920,488,1.5742
42.6963,488,1.5742
42.7006,490,1.5806
42.7049,488,1.5742
42.7092,491,1.5839
42.7134,491,1.5839
42.7177,491,1.5839
42.7220,493,1.5903
42.7262,494,1.5935
42.7305,495,1.5968
42.7348,494,1.5935
42.7391,495,1.5968
42.7433,495,1.5968
42.7476,496,1.6000
42.7518,496,1.6000
42.7561,497,1.6032
42.7604,498,1.6065
42.7647,499,1.6097
42.7742,498,1.6065
42.7787,499,1.6097
42.7830,500,1.6129
42.7872,505,1.6290
42.7915,514,1.6581
42.7958,524,1.6903
42.8001,535,1.7258
42.8043,545,1.7581
42.8086,553,1.7839
42.8129,561,1.8097
42.8171,568,1.8323
42.8214,571,1.8419
42.8257,571,1.8419
42.8299,568,1.8323
42.8342,562,1.8129
42.8384,554,1.7871
42.8427,547,1.7645
42.8470,536,1.7290
42.8513,526,1.6968
42.8555,514,1.6581
42.8598,504,1.6258
42.8641,497,1.6032
42.8683,494,1.5935
42.8726,493,1.5903
42.8768,493,1.5903
42.8811,494,1.5935
42.8854,495,1.5968
42.8897,496,1.6000
42.8940,496,1.6000
42.8983,496,1.6000
42.9026,496,1.6000
42.9069,497,1.6032
42.9113,498,1.6065
42.9155,498,1.6065
42.9199,500,1.6129
42.9242,500,1.6129
42.9285,500,1.6129
42.9328,500,1.6129
42.9371,499,1.6097
42.9420,493,1.5903
42.9463,474,1.5290
42.9507,449,1.4484
42.9550,440,1.4194
42.9593,473,1.5258
42.9636,553,1.7839
42.9679,671,2.1645
42.9722,806,2.6000
42.9765,929,2.9968
42.9808,974,3.1419
42.9851,924,2.9806
42.9894,810,2.6129
42.9937,667,2.1516
42.9980,538,1.7355
43.0022,457,1.4742
43.0065,422,1.3613
43.0108,417,1.3452
43.0151,432,1.3935
43.0194,453,1.4613
43.0237,466,1.5032
43.0280,470,1.5161
43.0323,471,1.5194
43.0365,472,1.5226
43.0408,473,1.5258
43.0451,474,1.5290
43.0493,476,1.5355
43.0536,476,1.5355
43.0578,478,1.5419
43.0621,479,1.5452
43.0663,479,1.5452
43.0706,479,1.5452
43.0748,480,1.5484
43.0792,481,1.5516
43.0835,481,1.5516
43.0878,481,1.5516
43.0921,483,1.5581
43.0964,483,1.5581
43.1007,485,1.5645
43.1050,485,1.5645
43.1095,487,1.5710
43.1138,487,1.5710
43.1181,487,1.5710
43.1224,488,1.5742
43.1267,489,1.5774
43.1309,489,1.5774
43.1352,489,1.5774
43.1395,493,1.5903
43.1438,500,1.6129
43.1481,509,1.6419
43.1524,519,1.6742
43.1567,530,1.7097
43.1610,539,1.7387
43.1652,549,1.7710
43.1696,558,1.8000
43.1739,567,1.8290
43.1782,576,1.8581
43.1825,583,1.8806
43.1868,591,1.9065
43.1911,596,1.9226
43.1955,600,1.9355
43.1998,605,1.9516
43.2040,608,1.9613
43.2084,610,1.9677
43.2126,611,1.9710
43.2170,611,1.9710
43.2213,609,1.9645
43.2255,606,1.9548
43.2299,602,1.9419
43.2342,597,1.9258
43.2385,590,1.9032
43.2427,584,1.8839
43.2470,575,1.8548
43.2514,565,1.8226
43.2557,555,1.7903
43.2600,545,1.7581
43.2643,536,1.7290
43.2686,526,1.6968
43.2729,516,1.6645
43.2772,504,1.6258
43.2815,494,1.5935
43.2858,484,1.5613
43.2902,474,1.5290
43.2945,464,1.4968
43.2988,459,1.4806
43.3031,459,1.4806
43.3074,459,1.4806
43.3117,461,1.4871
43.3160,462,1.4903
43.3203,464,1.4968
43.3245,464,1.4968
43.3288,465,1.5000
43.3331,465,1.5000
43.3374,467,1.5065
43.3417,469,1.5129
43.3460,469,1.5129
43.3503,470,1.5161
43.3545,471,1.5194
43.3588,472,1.5226
43.3631,472,1.5226
43.3675,473,1.5258
43.3749,475,1.5323
43.3793,475,1.5323
43.3836,476,1.5355
43.3879,476,1.5355
43.3922,477,1.5387
43.3964,479,1.5452
43.4007,480,1.5484
43.4049,480,1.5484
43.4091,481,1.5516
43.4134,483,1.5581
43.4177,483,1.5581
43.4219,484,1.5613
43.4262,486,1.5677
43.4304,487,1.5710
43.4347,486,1.5677
43.4389,486,1.5677
43.4432,487,1.5710
43.4474,487,1.5710
43.4516,488,1.5742
43.4559,489,1.5774
43.4601,489,1.5774
43.4644,489,1.5774
43.4686,491,1.5839
43.4729,492,1.5871
43.4771,493,1.5903
43.4814,493,1.5903
43.4856,494,1.5935
43.4899,494,1.5935
43.4942,494,1.5935
43.4985,494,1.5935
43.5028,494,1.5935
43.5070,494,1.5935
43.5114,495,1.5968
43.5156,497,1.6032
43.5199,497,1.6032
43.5242,498,1.6065
43.5285,498,1.6065
43.5327,498,1.6065
43.5370,503,1.6226
43.5415,511,1.6484
43.5457,521,1.6806
43.5500,532,1.7161
43.5543,544,1.7548
43.5586,552,1.7806
43.5629,559,1.8032
43.5673,565,1.8226
43.5716,567,1.8290
43.5759,567,1.8290
43.5802,566,1.8258
43.5846,560,1.8065
43.5888,553,1.7839
43.5931,545,1.7581
43.5974,534,1.7226
43.6016,523,1.6871
43.6059,512,1.6516
43.6101,501,1.6161
43.6144,493,1.5903
43.6187,491,1.5839
43.6229,490,1.5806
43.6272,491,1.5839
43.6315,491,1.5839
43.6357,492,1.5871
43.6400,492,1.5871
43.6442,493,1.5903
43.6484,495,1.5968
43.6527,496,1.6000
43.6569,496,1.6000
43.6612,497,1.6032
43.6655,497,1.6032
43.6698,499,1.6097
43.6741,499,1.6097
43.6785,501,1.6161
43.6828,502,1.6194
43.6872,501,1.6161
43.6915,494,1.5935
43.6958,477,1.5387
43.7001,451,1.4548
43.7043,439,1.4161
43.7086,464,1.4968
43.7131,539,1.7387
43.7174,653,2.1065
43.7217,787,2.5387
43.7260,913,2.9452
43.7303,974,3.1419
43.7346,939,3.0290
43.7388,830,2.6774
43.7431,690,2.2258
43.7474,552,1.7806
43.7517,465,1.5000
43.7560,424,1.3677
43.7603,416,1.3419
43.7646,429,1.3839
43.7689,448,1.4452
43.7732,462,1.4903
43.7775,468,1.5097
43.7818,471,1.5194
43.7861,472,1.5226
43.7904,472,1.5226
43.7947,473,1.5258
43.7990,474,1.5290
43.8033,476,1.5355
43.8076,477,1.5387
43.8119,478,1.5419
43.8162,478,1.5419
43.8204,480,1.5484
43.8247,481,1.5516
43.8290,481,1.5516
43.8333,482,1.5548
43.8375,483,1.5581
43.8418,483,1.5581
43.8461,484,1.5613
43.8504,484,1.5613
43.8546,484,1.5613
43.8589,485,1.5645
43.8632,487,1.5710
43.8675,488,1.5742
43.8717,489,1.5774
43.8760,490,1.5806
43.8803,491,1.5839
43.8846,491,1.5839
43.8889,492,1.5871
43.8931,498,1.6065
43.8975,508,1.6387
43.9017,517,1.6677
43.9060,528,1.7032
43.9103,537,1.7323
43.9146,547,1.7645
43.9189,556,1.7935
43.9232,566,1.8258
43.9274,574,1.8516
43.9317,583,1.8806
43.9360,589,1.9000
43.9403,597,1.9258
43.9446,602,1.9419
43.9489,606,1.9548
43.9532,609,1.9645
43.9575,611,1.9710
43.9617,612,1.9742
43.9660,611,1.9710
43.9703,610,1.9677
43.9746,607,1.9581
43.9789,603,1.9452
43.9832,598,1.9290
43.9875,592,1.9097
43.9918,585,1.8871
43.9961,577,1.8613
44.0004,568,1.8323
44.0047,557,1.7968
44.0090,548,1.7677
44.0133,538,1.7355
44.0176,527,1.7000
44.0218,518,1.6710
44.0261,507,1.6355
44.0304,498,1.6065
44.0347,486,1.5677
44.0389,476,1.5355
44.0432,467,1.5065
44.0475,461,1.4871
44.0518,458,1.4774
44.0560,458,1.4774
44.0603,460,1.4839
44.0646,462,1.4903
44.0688,462,1.4903
44.0731,464,1.4968
44.0774,465,1.5000
44.0817,468,1.5097
44.0859,468,1.5097
44.0902,468,1.5097
44.0945,469,1.5129
44.0988,470,1.5161
44.1031,472,1.5226
44.1074,472,1.5226
44.1117,474,1.5290
44.1160,474,1.5290
44.1202,475,1.5323
44.1245,476,1.5355
44.1288,476,1.5355
44.1331,476,1.5355
44.1373,478,1.5419
44.1416,479,1.5452
44.1459,480,1.5484
44.1502,480,1.5484
44.1544,481,1.5516
44.1587,483,1.5581
44.1630,483,1.5581
44.1673,483,1.5581
44.1716,484,1.5613
44.1759,485,1.5645
44.1802,487,1.5710
44.1845,487,1.5710
44.1888,487,1.5710
44.1930,488,1.5742
44.1974,487,1.5710
44.2016,488,1.5742
44.2059,489,1.5774
44.2102,491,1.5839
44.2145,491,1.5839
44.2188,491,1.5839
44.2231,492,1.5871
44.2274,492,1.5871
44.2317,493,1.5903
44.2360,493,1.5903
44.2402,494,1.5935
44.2445,495,1.5968
44.2488,498,1.6065
44.2531,498,1.6065
44.2574,498,1.6065
44.2616,499,1.6097
44.2659,499,1.6097
44.2703,500,1.6129
44.2747,500,1.6129
44.2791,501,1.6161
44.2834,501,1.6161
44.2877,504,1.6258
44.2920,513,1.6548
44.2963,524,1.6903
44.3006,536,1.7290
44.3049,547,1.7645
44.3091,555,1.7903
44.3134,562,1.8129
44.3176,567,1.8290
44.3219,570,1.8387
44.3261,570,1.8387
44.3304,567,1.8290
44.3346,562,1.8129
44.3389,553,1.7839
44.3431,546,1.7613
44.3474,535,1.7258
44.3516,524,1.6903
44.3559,513,1.6548
44.3601,503,1.6226
44.3644,496,1.6000
44.3686,492,1.5871
44.3728,492,1.5871
44.3771,493,1.5903
44.3815,494,1.5935
44.3857,494,1.5935
44.3900,494,1.5935
44.3942,495,1.5968
44.3985,496,1.6000
44.4028,498,1.6065
44.4071,498,1.6065
44.4114,498,1.6065
44.4157,498,1.6065
44.4200,500,1.6129
44.4243,500,1.6129
44.4286,501,1.6161
44.4329,501,1.6161
44.4372,501,1.6161
44.4415,495,1.5968
44.4458,479,1.5452
44.4501,454,1.4645
44.4543,439,1.4161
44.4586,463,1.4935
44.4629,534,1.7226
44.4673,648,2.0903
44.4715,780,2.5161
44.4758,908,2.9290
44.4801,974,3.1419
44.4844,940,3.0323
44.4887,833,2.6871
44.4930,692,2.2323
44.4973,554,1.7871
44.5016,465,1.5000
44.5059,423,1.3645
44.5102,415,1.3387
44.5145,426,1.3742
44.5188,449,1.4484
44.5230,464,1.4968
44.5274,469,1.5129
44.5316,471,1.5194
44.5359,472,1.5226
44.5402,473,1.5258
44.5445,473,1.5258
44.5488,474,1.5290
44.5531,474,1.5290
44.5574,476,1.5355
44.5616,476,1.5355
44.5660,476,1.5355
44.5703,477,1.5387
44.5747,479,1.5452
44.5791,481,1.5516
44.5834,480,1.5484
44.5878,483,1.5581
44.5921,485,1.5645
44.5964,485,1.5645
44.6007,485,1.5645
44.6049,485,1.5645
44.6092,486,1.5677
44.6135,486,1.5677
44.6177,486,1.5677
44.6220,488,1.5742
44.6262,488,1.5742
44.6305,488,1.5742
44.6347,488,1.5742
44.6390,489,1.5774
44.6432,496,1.6000
44.6475,504,1.6258
44.6517,515,1.6613
44.6560,525,1.6935
44.6603,535,1.7258
44.6645,545,1.7581
44.6688,555,1.7903
44.6730,563,1.8161
44.6773,572,1.8452
44.6816,582,1.8774
44.6858,590,1.9032
44.6901,595,1.9194
44.6944,600,1.9355
44.6986,606,1.9548
44.7034,609,1.9645
44.7077,612,1.9742
44.7120,611,1.9710
44.7163,609,1.9645
44.7206,608,1.9613
44.7249,605,1.9516
44.7292,601,1.9387
44.7335,596,1.9226
44.7378,591,1.9065
44.7421,583,1.8806
44.7464,575,1.8548
44.7507,565,1.8226
44.7550,555,1.7903
44.7593,545,1.7581
44.7636,535,1.7258
44.7679,524,1.6903
44.7722,515,1.6613
44.7765,505,1.6290
44.7808,495,1.5968
44.7851,485,1.5645
44.7894,476,1.5355
44.7937,467,1.5065
44.7980,460,1.4839
44.8022,458,1.4774
44.8065,458,1.4774
44.8108,459,1.4806
44.8151,460,1.4839
44.8195,462,1.4903
44.8237,463,1.4935
44.8280,463,1.4935
44.8323,464,1.4968
44.8366,466,1.5032
44.8408,468,1.5097
44.8451,468,1.5097
44.8494,469,1.5129
44.8537,469,1.5129
44.8580,470,1.5161
44.8622,470,1.5161
44.8665,472,1.5226
44.8708,473,1.5258
44.8750,474,1.5290
44.8793,474,1.5290
44.8836,475,1.5323
44.8879,477,1.5387
44.8921,479,1.5452
44.8964,480,1.5484
44.9007,479,1.5452
44.9050,480,1.5484
44.9093,482,1.5548
44.9135,483,1.5581
44.9178,484,1.5613
44.9221,485,1.5645
44.9264,486,1.5677
44.9306,486,1.5677
44.9349,486,1.5677
44.9392,487,1.5710
44.9435,488,1.5742
44.9477,489,1.5774
44.9520,490,1.5806
44.9563,490,1.5806
44.9606,491,1.5839
44.9649,491,1.5839
44.9692,492,1.5871
44.9734,492,1.5871
44.9777,493,1.5903
44.9820,494,1.5935
44.9863,495,1.5968
44.9906,495,1.5968
44.9948,496,1.6000
44.9991,497,1.6032
45.0034,497,1.6032
45.0077,497,1.6032
45.0120,497,1.6032
45.0162,497,1.6032
45.0205,499,1.6097
45.0248,500,1.6129
45.0291,500,1.6129
45.0333,501,1.6161
45.0382,506,1.6323
45.0426,515,1.6613
45.0473,528,1.7032
45.0518,539,1.7387
45.0562,549,1.7710
45.0607,558,1.8000
45.0652,562,1.8129
45.0698,567,1.8290
45.0742,569,1.8355
45.0785,568,1.8323
45.0828,565,1.8226
45.0871,557,1.7968
45.0914,550,1.7742
45.0957,539,1.7387
45.1001,528,1.7032
45.1044,518,1.6710
45.1086,505,1.6290
45.1129,496,1.6000
45.1171,492,1.5871
45.1214,492,1.5871
45.1256,493,1.5903
45.1299,494,1.5935
45.1341,495,1.5968
45.1383,493,1.5903
45.1426,494,1.5935
45.1468,495,1.5968
45.1511,497,1.6032
45.1553,497,1.6032
45.1596,498,1.6065
45.1638,499,1.6097
45.1680,499,1.6097
45.1724,499,1.6097
45.1767,500,1.6129
45.1810,502,1.6194
45.1852,502,1.6194
45.1895,498,1.6065
45.1937,488,1.5742
45.1980,466,1.5032
45.2022,443,1.4290
45.2065,444,1.4323
45.2108,493,1.5903
45.2151,586,1.8903
45.2194,712,2.2968
45.2237,848,2.7355
45.2281,953,3.0742
45.2324,966,3.1161
45.2367,892,2.8774
45.2410,765,2.4677
45.2452,620,2.0000
45.2496,505,1.6290
45.2539,440,1.4194
45.2582,417,1.3452
45.2625,421,1.3581
45.2668,440,1.4194
45.2711,458,1.4774
45.2754,467,1.5065
45.2797,470,1.5161
45.2840,472,1.5226
45.2883,473,1.5258
45.2926,473,1.5258
45.2969,474,1.5290
45.3013,475,1.5323
45.3055,476,1.5355
45.3099,478,1.5419
45.3142,479,1.5452
45.3185,479,1.5452
45.3227,480,1.5484
45.3271,481,1.5516
45.3314,481,1.5516
45.3357,481,1.5516
45.3400,482,1.5548
45.3443,483,1.5581
45.3486,485,1.5645
45.3529,485,1.5645
45.3572,485,1.5645
45.3615,485,1.5645
45.3657,486,1.5677
45.3701,487,1.5710
45.3744,489,1.5774
45.3787,490,1.5806
45.3830,491,1.5839
45.3873,491,1.5839
45.3916,495,1.5968
45.3959,503,1.6226
45.4002,512,1.6516
45.4045,524,1.6903
45.4088,534,1.7226
45.4131,544,1.7548
45.4174,554,1.7871
45.4217,564,1.8194
45.4260,571,1.8419
45.4316,587,1.8935
45.4395,592,1.9097
45.4440,599,1.9323
45.4485,604,1.9484
45.4529,608,1.9613
45.4572,610,1.9677
45.4616,612,1.9742
45.4659,612,1.9742
45.4702,611,1.9710
45.4747,607,1.9581
45.4791,603,1.9452
45.4835,597,1.9258
45.4878,592,1.9097
45.4922,584,1.8839
45.4965,576,1.8581
45.5008,565,1.8226
45.5051,557,1.7968
45.5095,547,1.7645
45.5138,536,1.7290
45.5181,526,1.6968
45.5224,515,1.6613
45.5267,505,1.6290
45.5310,495,1.5968
45.5353,485,1.5645
45.5396,476,1.5355
45.5438,468,1.5097
45.5481,461,1.4871
45.5524,459,1.4806
45.5567,458,1.4774
45.5610,458,1.4774
45.5653,460,1.4839
45.5696,461,1.4871
45.5739,462,1.4903
45.5782,463,1.4935
45.5825,465,1.5000
45.5868,466,1.5032
45.5911,468,1.5097
45.5954,469,1.5129
45.5997,470,1.5161
45.6041,472,1.5226
45.6084,472,1.5226
45.6127,472,1.5226
45.6171,473,1.5258
45.6215,475,1.5323
45.6258,476,1.5355
45.6301,477,1.5387
45.6344,478,1.5419
45.6388,479,1.5452
45.6431,479,1.5452
45.6474,479,1.5452
45.6518,481,1.5516
45.6561,482,1.5548
45.6604,483,1.5581
45.6648,483,1.5581
45.6691,484,1.5613
45.6734,486,1.5677
45.6778,487,1.5710
45.6821,487,1.5710
45.6864,488,1.5742
45.6907,488,1.5742
45.6951,488,1.5742
45.6994,488,1.5742
45.7037,488,1.5742
45.7081,490,1.5806
45.7124,491,1.5839
45.7167,492,1.5871
45.7210,492,1.5871
45.7253,493,1.5903
45.7296,494,1.5935
45.7339,494,1.5935
45.7382,496,1.6000
45.7425,495,1.5968
45.7468,495,1.5968
45.7511,496,1.6000
45.7553,496,1.6000
45.7597,496,1.6000
45.7640,497,1.6032
45.7682,498,1.6065
45.7725,499,1.6097
45.7768,499,1.6097
45.7811,500,1.6129
45.7854,502,1.6194
45.7897,508,1.6387
45.7940,518,1.6710
45.7983,528,1.7032
45.8026,539,1.7387
45.8069,549,1.7710
45.8112,556,1.7935
45.8155,563,1.8161
45.8199,568,1.8323
45.8242,570,1.8387
45.8285,568,1.8323
45.8329,565,1.8226
45.8372,556,1.7935
45.8415,547,1.7645
45.8459,538,1.7355
45.8502,527,1.7000
45.8545,515,1.6613
45.8588,505,1.6290
45.8632,496,1.6000
45.8675,492,1.5871
45.8719,492,1.5871
45.8762,492,1.5871
45.8805,494,1.5935
45.8848,494,1.5935
45.8892,496,1.6000
45.8935,497,1.6032
45.8978,496,1.6000
45.9022,498,1.6065
45.9066,499,1.6097
45.9109,499,1.6097
45.9152,501,1.6161
45.9195,501,1.6161
45.9238,501,1.6161
45.9281,500,1.6129
45.9324,499,1.6097
45.9367,501,1.6161
45.9410,495,1.5968
45.9453,480,1.5484
45.9496,456,1.4710
45.9539,437,1.4097
45.9582,457,1.4742
45.9625,523,1.6871
45.9668,632,2.0387
45.9711,762,2.4581
45.9753,892,2.8774
45.9796,970,3.1290
45.9839,951,3.0677
45.9882,852,2.7484
45.9925,718,2.3161
45.9968,577,1.8613
46.0011,479,1.5452
46.0054,430,1.3871
46.0097,416,1.3419
46.0140,426,1.3742
46.0184,446,1.4387
46.0227,462,1.4903
46.0270,469,1.5129
46.0314,471,1.5194
46.0357,472,1.5226
46.0401,472,1.5226
46.0444,473,1.5258
46.0487,474,1.5290
46.0531,475,1.5323
46.0574,475,1.5323
46.0617,476,1.5355
46.0661,478,1.5419
46.0704,477,1.5387
46.0749,478,1.5419
46.0793,479,1.5452
46.0837,480,1.5484
46.0881,480,1.5484
46.0924,481,1.5516
46.0967,483,1.5581
46.1010,485,1.5645
46.1054,486,1.5677
46.1097,485,1.5645
46.1141,486,1.5677
46.1184,487,1.5710
46.1227,487,1.5710
46.1270,488,1.5742
46.1313,488,1.5742
46.1356,488,1.5742
46.1399,490,1.5806
46.1442,497,1.6032
46.1485,506,1.6323
46.1528,516,1.6645
46.1571,527,1.7000
46.1614,537,1.7323
46.1657,547,1.7645
46.1700,556,1.7935
46.1743,566,1.8258
46.1785,575,1.8548
46.1828,583,1.8806
46.1871,591,1.9065
46.1914,595,1.9194
46.1957,602,1.9419
46.2001,608,1.9613
46.2043,611,1.9710
46.2086,613,1.9774
46.2130,612,1.9742
46.2174,609,1.9645
46.2217,608,1.9613
46.2260,606,1.9548
46.2303,602,1.9419
46.2347,596,1.9226
46.2390,589,1.9000
46.2433,580,1.8710
46.2477,572,1.8452
46.2520,564,1.8194
46.2563,554,1.7871
46.2606,545,1.7581
46.2650,533,1.7194
46.2693,521,1.6806
46.2736,511,1.6484
46.2780,500,1.6129
46.2823,489,1.5774
46.2866,480,1.5484
46.2909,471,1.5194
46.2953,463,1.4935
46.2996,458,1.4774
46.3039,458,1.4774
46.3083,460,1.4839
46.3126,461,1.4871
46.3169,463,1.4935
46.3213,463,1.4935
46.3256,464,1.4968
46.3298,465,1.5000
46.3342,466,1.5032
46.3384,466,1.5032
46.3427,468,1.5097
46.3470,468,1.5097
46.3513,469,1.5129
46.3556,470,1.5161
46.3599,472,1.5226
46.3642,473,1.5258
46.3686,474,1.5290
46.3730,475,1.5323
46.3775,475,1.5323
46.3819,476,1.5355
46.3862,477,1.5387
46.3905,478,1.5419
46.3948,478,1.5419
46.3991,479,1.5452
46.4034,480,1.5484
46.4077,482,1.5548
46.4120,480,1.5484
46.4163,482,1.5548
46.4206,484,1.5613
46.4249,485,1.5645
46.4292,486,1.5677
46.4335,488,1.5742
46.4378,488,1.5742
46.4421,489,1.5774
46.4463,490,1.5806
46.4506,489,1.5774
46.4549,490,1.5806
46.4592,490,1.5806
46.4635,490,1.5806
46.4678,490,1.5806
46.4721,490,1.5806
46.4770,492,1.5871
46.4814,492,1.5871
46.4856,493,1.5903
46.4899,495,1.5968
46.4941,495,1.5968
46.4984,495,1.5968
46.5026,496,1.6000
46.5069,497,1.6032
46.5112,495,1.5968
46.5155,496,1.6000
46.5198,497,1.6032
46.5241,498,1.6065
46.5283,499,1.6097
46.5326,499,1.6097
46.5369,502,1.6194
46.5413,510,1.6452
46.5456,523,1.6871
46.5498,534,1.7226
46.5541,544,1.7548
46.5584,552,1.7806
46.5627,560,1.8065
46.5670,567,1.8290
46.5713,569,1.8355
46.5756,571,1.8419
46.5799,568,1.8323
46.5841,564,1.8194
46.5884,557,1.7968
46.5927,546,1.7613
46.5969,535,1.7258
46.6013,525,1.6935
46.6055,515,1.6613
46.6098,505,1.6290
46.6141,496,1.6000
46.6184,493,1.5903
46.6227,493,1.5903
46.6269,494,1.5935
46.6312,495,1.5968
46.6355,496,1.6000
46.6398,496,1.6000
46.6441,498,1.6065
46.6484,499,1.6097
46.6527,499,1.6097
46.6569,499,1.6097
46.6612,499,1.6097
46.6655,498,1.6065
46.6698,499,1.6097
46.6741,500,1.6129
46.6784,501,1.6161
46.6826,501,1.6161
46.6869,501,1.6161
46.6912,496,1.6000
46.6955,481,1.5516
46.6997,457,1.4742
46.7040,439,1.4161
46.7083,459,1.4806
46.7126,525,1.6935
46.7169,631,2.0355
46.7212,763,2.4613
46.7255,896,2.8903
46.7298,971,3.1323
46.7340,950,3.0645
46.7383,852,2.7484
46.7426,716,2.3097
46.7469,573,1.8484
46.7512,477,1.5387
46.7554,431,1.3903
46.7598,418,1.3484
46.7640,427,1.3774
46.7683,447,1.4419
46.7726,462,1.4903
46.7769,470,1.5161
46.7812,472,1.5226
46.7855,473,1.5258
46.7897,473,1.5258
46.7940,473,1.5258
46.7983,473,1.5258
46.8026,476,1.5355
46.8068,476,1.5355
46.8111,477,1.5387
46.8155,477,1.5387
46.8198,479,1.5452
46.8241,480,1.5484
46.8284,482,1.5548
46.8326,483,1.5581
46.8369,483,1.5581
46.8413,483,1.5581
46.8455,484,1.5613
46.8498,485,1.5645
46.8541,485,1.5645
46.8584,486,1.5677
46.8627,487,1.5710
46.8670,487,1.5710
46.8714,488,1.5742
46.8757,489,1.5774
46.8800,490,1.5806
46.8842,491,1.5839
46.8885,492,1.5871
46.8928,498,1.6065
46.8971,506,1.6323
46.9014,516,1.6645
46.9057,525,1.6935
46.9100,535,1.7258
46.9143,544,1.7548
46.9186,554,1.7871
46.9229,564,1.8194
46.9273,574,1.8516
46.9317,582,1.8774
46.9359,588,1.8968
46.9402,595,1.9194
46.9445,600,1.9355
46.9487,606,1.9548
46.9530,608,1.9613
46.9573,611,1.9710
46.9616,613,1.9774
46.9659,613,1.9774
46.9702,609,1.9645
46.9746,608,1.9613
46.9790,603,1.9452
46.9834,596,1.9226
46.9877,592,1.9097
46.9920,583,1.8806
46.9963,575,1.8548
47.0006,566,1.8258
47.0048,556,1.7935
47.0091,547,1.7645
47.0134,536,1.7290
47.0177,525,1.6935
47.0220,514,1.6581
47.0263,505,1.6290
47.0305,495,1.5968
47.0348,486,1.5677
47.0391,475,1.5323
47.0434,467,1.5065
47.0477,460,1.4839
47.0519,458,1.4774
47.0562,458,1.4774
47.0605,460,1.4839
47.0648,462,1.4903
47.0691,463,1.4935
47.0734,465,1.5000
47.0777,467,1.5065
47.0820,468,1.5097
47.0863,469,1.5129
47.0906,469,1.5129
47.0949,469,1.5129
47.0992,472,1.5226
47.1035,473,1.5258
47.1078,473,1.5258
47.1121,473,1.5258
47.1164,474,1.5290
47.1208,475,1.5323
47.1251,477,1.5387
47.1294,478,1.5419
47.1338,479,1.5452
47.1381,479,1.5452
47.1424,480,1.5484
47.1468,481,1.5516
47.1511,482,1.5548
47.1554,483,1.5581
47.1598,483,1.5581
47.1641,484,1.5613
47.1684,484,1.5613
47.1728,485,1.5645
47.1772,486,1.5677
47.1815,486,1.5677
47.1858,487,1.5710
47.1901,487,1.5710
47.1945,488,1.5742
47.1988,489,1.5774
47.2032,490,1.5806
47.2075,490,1.5806
47.2118,491,1.5839
47.2162,493,1.5903
47.2205,494,1.5935
47.2249,496,1.6000
47.2292,496,1.6000
47.2335,497,1.6032
47.2378,497,1.6032
47.2421,496,1.6000
47.2464,496,1.6000
47.2507,496,1.6000
47.2549,497,1.6032
47.2593,497,1.6032
47.2636,498,1.6065
47.2678,498,1.6065
47.2748,499,1.6097
47.2816,499,1.6097
47.2859,502,1.6194
47.2901,511,1.6484
47.2944,519,1.6742
47.2987,531,1.7129
47.3030,542,1.7484
47.3073,553,1.7839
47.3116,560,1.8065
47.3159,567,1.8290
47.3203,571,1.8419
47.3246,571,1.8419
47.3289,570,1.8387
47.3332,566,1.8258
47.3375,559,1.8032
47.3418,551,1.7774
47.3461,539,1.7387
47.3504,529,1.7065
47.3547,518,1.6710
47.3590,507,1.6355
47.3633,498,1.6065
47.3676,493,1.5903
47.3719,491,1.5839
47.3762,493,1.5903
47.3805,495,1.5968
47.3848,495,1.5968
47.3891,497,1.6032
47.3934,497,1.6032
47.3977,497,1.6032
47.4020,498,1.6065
47.4063,499,1.6097
47.4106,499,1.6097
47.4149,499,1.6097
47.4192,499,1.6097
47.4235,499,1.6097
47.4279,500,1.6129
47.4322,500,1.6129
47.4366,500,1.6129
47.4409,496,1.6000
47.4452,481,1.5516
47.4496,458,1.4774
47.4539,439,1.4161
47.4582,458,1.4774
47.4625,522,1.6839
47.4669,632,2.0387
47.4713,764,2.4645
47.4756,896,2.8903
47.4799,968,3.1226
47.4843,946,3.0516
47.4886,842,2.7161
47.4930,701,2.2613
47.4973,561,1.8097
47.5016,467,1.5065
47.5060,425,1.3710
47.5103,415,1.3387
47.5146,428,1.3806
47.5190,449,1.4484
47.5233,464,1.4968
47.5277,469,1.5129
47.5320,471,1.5194
47.5363,472,1.5226
47.5406,472,1.5226
47.5448,473,1.5258
47.5492,473,1.5258
47.5535,474,1.5290
47.5577,474,1.5290
47.5620,475,1.5323
47.5663,477,1.5387
47.5706,477,1.5387
47.5749,478,1.5419
47.5792,479,1.5452
47.5835,480,1.5484
47.5878,481,1.5516
47.5921,481,1.5516
47.5964,482,1.5548
47.6007,483,1.5581
47.6050,485,1.5645
47.6093,485,1.5645
47.6136,486,1.5677
47.6179,487,1.5710
47.6223,488,1.5742
47.6266,489,1.5774
47.6310,489,1.5774
47.6353,489,1.5774
47.6397,492,1.5871
47.6440,498,1.6065
47.6483,509,1.6419
47.6527,518,1.6710
47.6570,528,1.7032
47.6614,538,1.7355
47.6657,548,1.7677
47.6700,559,1.8032
47.6744,569,1.8355
47.6787,578,1.8645
47.6830,585,1.8871
47.6874,591,1.9065
47.6917,599,1.9323
47.6960,603,1.9452
47.7004,605,1.9516
47.7047,608,1.9613
47.7092,610,1.9677
47.7136,610,1.9677
47.7179,608,1.9613
47.7224,607,1.9581
47.7267,604,1.9484
47.7310,600,1.9355
47.7353,594,1.9161
47.7396,586,1.8903
47.7439,578,1.8645
47.7482,571,1.8419
47.7525,561,1.8097
47.7568,553,1.7839
47.7611,545,1.7581
47.7654,534,1.7226
47.7697,524,1.6903
47.7740,513,1.6548
47.7783,501,1.6161
47.7826,492,1.5871
47.7868,482,1.5548
47.7911,472,1.5226
47.7955,462,1.4903
47.7997,459,1.4806
47.8040,457,1.4742
47.8083,459,1.4806
47.8126,460,1.4839
47.8170,461,1.4871
47.8213,462,1.4903
47.8256,464,1.4968
47.8299,464,1.4968
47.8343,466,1.5032
47.8386,467,1.5065
47.8429,468,1.5097
47.8473,469,1.5129
47.8516,470,1.5161
47.8559,471,1.5194
47.8603,472,1.5226
47.8646,472,1.5226
47.8695,474,1.5290
47.8770,475,1.5323
47.8815,475,1.5323
47.8858,476,1.5355
47.8902,478,1.5419
47.8945,479,1.5452
47.8989,479,1.5452
47.9032,480,1.5484
47.9075,480,1.5484
47.9127,482,1.5548
47.9171,481,1.5516
47.9214,482,1.5548
47.9259,483,1.5581
47.9302,485,1.5645
47.9346,485,1.5645
47.9390,485,1.5645
47.9432,485,1.5645
47.9475,487,1.5710
47.9518,488,1.5742
47.9561,489,1.5774
47.9604,490,1.5806
47.9647,491,1.5839
47.9690,492,1.5871
47.9733,492,1.5871
47.9776,491,1.5839
47.9825,492,1.5871
47.9868,492,1.5871
47.9910,493,1.5903
47.9953,494,1.5935
47.9997,495,1.5968
48.0040,496,1.6000
48.0083,497,1.6032
48.0126,497,1.6032
48.0169,498,1.6065
48.0213,499,1.6097
48.0256,499,1.6097
48.0299,499,1.6097
48.0342,499,1.6097
48.0385,504,1.6258
48.0428,514,1.6581
48.0471,526,1.6968
48.0514,536,1.7290
48.0563,547,1.7645
48.0606,557,1.7968
48.0649,563,1.8161
48.0692,569,1.8355
48.0735,570,1.8387
48.0778,569,1.8355
48.0821,565,1.8226
48.0865,559,1.8032
48.0908,551,1.7774
48.0950,542,1.7484
48.0993,531,1.7129
48.1037,520,1.6774
48.1080,508,1.6387
48.1122,499,1.6097
48.1165,492,1.5871
48.1209,490,1.5806
48.1252,491,1.5839
48.1296,492,1.5871
48.1340,493,1.5903
48.1384,493,1.5903
48.1427,494,1.5935
48.1470,495,1.5968
48.1513,496,1.6000
48.1556,497,1.6032
48.1599,497,1.6032
48.1643,497,1.6032
48.1686,498,1.6065
48.1730,499,1.6097
48.1774,500,1.6129
48.1819,501,1.6161
48.1862,500,1.6129
48.1905,498,1.6065
48.1948,484,1.5613
48.1991,460,1.4839
48.2034,440,1.4194
48.2078,453,1.4613
48.2120,513,1.6548
48.2164,614,1.9806
48.2208,748,2.4129
48.2252,884,2.8516
48.2295,969,3.1258
48.2338,954,3.0774
48.2381,860,2.7742
48.2424,723,2.3323
48.2468,579,1.8677
48.2511,479,1.5452
48.2558,428,1.3806
48.2601,417,1.3452
48.2644,428,1.3806
48.2687,449,1.4484
48.2730,464,1.4968
48.2773,471,1.5194
48.2816,472,1.5226
48.2864,471,1.5194
48.2907,471,1.5194
48.2950,472,1.5226
48.2993,473,1.5258
48.3036,475,1.5323
48.3080,476,1.5355
48.3122,476,1.5355
48.3165,476,1.5355
48.3208,477,1.5387
48.3251,479,1.5452
48.3295,481,1.5516
48.3338,480,1.5484
48.3381,482,1.5548
48.3424,483,1.5581
48.3467,483,1.5581
48.3511,484,1.5613
48.3554,484,1.5613
48.3597,485,1.5645
48.3640,485,1.5645
48.3683,486,1.5677
48.3726,486,1.5677
48.3769,487,1.5710
48.3815,487,1.5710
48.3858,489,1.5774
48.3902,492,1.5871
48.3945,498,1.6065
48.3988,508,1.6387
48.4030,520,1.6774
48.4073,528,1.7032
48.4117,539,1.7387
48.4160,548,1.7677
48.4203,559,1.8032
48.4246,567,1.8290
48.4296,577,1.8613
48.4339,584,1.8839
48.4382,592,1.9097
48.4425,597,1.9258
48.4468,603,1.9452
48.4511,608,1.9613
48.4554,611,1.9710
48.4597,612,1.9742
48.4640,610,1.9677
48.4683,612,1.9742
48.4726,608,1.9613
48.4769,605,1.9516
48.4812,599,1.9323
48.4855,595,1.9194
48.4899,589,1.9000
48.4942,581,1.8742
48.4985,572,1.8452
48.5028,563,1.8161
48.5071,552,1.7806
48.5115,543,1.7516
48.5158,533,1.7194
48.5201,520,1.6774
48.5243,510,1.6452
48.5286,500,1.6129
48.5330,491,1.5839
48.5373,482,1.5548
48.5416,473,1.5258
48.5459,464,1.4968
48.5502,459,1.4806
48.5545,459,1.4806
48.5588,461,1.4871
48.5631,462,1.4903
48.5674,461,1.4871
48.5722,463,1.4935
48.5765,463,1.4935
48.5808,465,1.5000
48.5851,467,1.5065
48.5894,468,1.5097
48.5937,469,1.5129
48.5980,469,1.5129
48.6023,470,1.5161
48.6066,470,1.5161
48.6109,472,1.5226
48.6153,474,1.5290
48.6196,475,1.5323
48.6239,474,1.5290
48.6281,476,1.5355
48.6325,476,1.5355
48.6372,477,1.5387
48.6415,477,1.5387
48.6458,478,1.5419
48.6501,479,1.5452
48.6545,481,1.5516
48.6587,482,1.5548
48.6630,483,1.5581
48.6673,484,1.5613
48.6716,485,1.5645
48.6760,485,1.5645
48.6802,485,1.5645
48.6845,486,1.5677
48.6889,487,1.5710
48.6932,489,1.5774
48.6975,489,1.5774
48.7018,488,1.5742
48.7061,491,1.5839
48.7105,492,1.5871
48.7148,491,1.5839
48.7191,492,1.5871
48.7233,493,1.5903
48.7276,494,1.5935
48.7318,495,1.5968
48.7361,494,1.5935
48.7404,494,1.5935
48.7447,494,1.5935
48.7489,496,1.6000
48.7532,496,1.6000
48.7574,496,1.6000
48.7617,496,1.6000
48.7660,497,1.6032
48.7703,498,1.6065
48.7753,499,1.6097
48.7816,499,1.6097
48.7859,501,1.6161
48.7902,509,1.6419
48.7945,518,1.6710
48.7987,530,1.7097
48.8030,540,1.7419
48.8073,552,1.7806
48.8115,558,1.8000
48.8158,566,1.8258
48.8200,569,1.8355
48.8243,569,1.8355
48.8286,567,1.8290
48.8328,564,1.8194
48.8371,557,1.7968
48.8414,549,1.7710
48.8457,540,1.7419
48.8499,529,1.7065
48.8542,519,1.6742
48.8585,508,1.6387
48.8628,498,1.6065
48.8670,493,1.5903
48.8713,493,1.5903
48.8756,493,1.5903
48.8798,494,1.5935
48.8841,494,1.5935
48.8884,494,1.5935
48.8926,494,1.5935
48.8969,496,1.6000
48.9012,495,1.5968
48.9054,496,1.6000
48.9097,497,1.6032
48.9139,499,1.6097
48.9182,499,1.6097
48.9224,499,1.6097
48.9267,500,1.6129
48.9310,501,1.6161
48.9352,501,1.6161
48.9395,499,1.6097
48.9438,489,1.5774
48.9481,467,1.5065
48.9524,445,1.4355
48.9567,446,1.4387
48.9610,493,1.5903
48.9653,585,1.8871
48.9696,710,2.2903
48.9739,845,2.7258
48.9782,952,3.0710
48.9825,970,3.1290
48.9868,895,2.8871
48.9911,769,2.4806
48.9953,627,2.0226
48.9996,508,1.6387
49.0039,442,1.4258
49.0082,417,1.3452
49.0125,420,1.3548
49.0168,438,1.4129
49.0211,457,1.4742
49.0254,467,1.5065
49.0297,471,1.5194
49.0340,471,1.5194
49.0383,471,1.5194
49.0426,472,1.5226
49.0468,473,1.5258
49.0511,474,1.5290
49.0554,475,1.5323
49.0597,476,1.5355
49.0640,478,1.5419
49.0683,479,1.5452
49.0726,480,1.5484
49.0770,480,1.5484
49.0814,481,1.5516
49.0858,482,1.5548
49.0900,483,1.5581
49.0943,483,1.5581
49.0986,483,1.5581
49.1029,483,1.5581
49.1072,485,1.5645
49.1115,487,1.5710
49.1158,487,1.5710
49.1201,488,1.5742
49.1244,489,1.5774
49.1286,490,1.5806
49.1330,490,1.5806
49.1372,491,1.5839
49.1416,495,1.5968
49.1459,502,1.6194
49.1501,511,1.6484
49.1544,521,1.6806
49.1587,532,1.7161
49.1629,542,1.7484
49.1672,552,1.7806
49.1714,560,1.8065
49.1757,570,1.8387
49.1800,578,1.8645
49.1842,585,1.8871
49.1885,593,1.9129
49.1928,598,1.9290
49.1970,602,1.9419
49.2013,607,1.9581
49.2056,610,1.9677
49.2099,612,1.9742
49.2141,611,1.9710
49.2183,611,1.9710
49.2226,608,1.9613
49.2269,606,1.9548
49.2312,603,1.9452
49.2354,597,1.9258
49.2397,589,1.9000
49.2440,579,1.8677
49.2483,572,1.8452
49.2526,563,1.8161
49.2569,554,1.7871
49.2611,543,1.7516
49.2654,533,1.7194
49.2697,521,1.6806
49.2740,512,1.6516
49.2783,500,1.6129
49.2826,491,1.5839
49.2869,483,1.5581
49.2913,473,1.5258
49.2956,465,1.5000
49.2999,458,1.4774
49.3042,458,1.4774
49.3085,459,1.4806
49.3128,460,1.4839
49.3170,461,1.4871
49.3214,461,1.4871
49.3257,463,1.4935
49.3300,465,1.5000
49.3343,466,1.5032
49.3387,467,1.5065
49.3431,468,1.5097
49.3473,469,1.5129
49.3516,471,1.5194
49.3559,472,1.5226
49.3601,473,1.5258
49.3644,473,1.5258
49.3686,475,1.5323
49.3729,477,1.5387
49.3772,476,1.5355
49.3814,477,1.5387
49.3857,478,1.5419
49.3899,478,1.5419
49.3942,479,1.5452
49.3985,480,1.5484
49.4027,480,1.5484
49.4070,481,1.5516
49.4113,482,1.5548
49.4156,483,1.5581
49.4198,483,1.5581
49.4241,484,1.5613
49.4284,485,1.5645
49.4326,485,1.5645
49.4369,486,1.5677
49.4411,486,1.5677
49.4454,487,1.5710
49.4497,488,1.5742
49.4540,490,1.5806
49.4583,491,1.5839
49.4626,491,1.5839
49.4669,492,1.5871
49.4712,492,1.5871
49.4755,494,1.5935
49.4798,494,1.5935
49.4841,495,1.5968
49.4884,496,1.6000
49.4927,496,1.6000
49.4970,496,1.6000
49.5013,497,1.6032
49.5056,497,1.6032
49.5099,498,1.6065
49.5142,499,1.6097
49.5185,500,1.6129
49.5228,499,1.6097
49.5270,500,1.6129
49.5314,500,1.6129
49.5357,501,1.6161
49.5400,508,1.6387
49.5444,519,1.6742
49.5487,530,1.7097
49.5530,541,1.7452
49.5573,551,1.7774
49.5616,559,1.8032
49.5659,566,1.8258
49.5702,570,1.8387
49.5745,571,1.8419
49.5787,569,1.8355
49.5830,563,1.8161
49.5873,557,1.7968
49.5917,550,1.7742
49.5960,539,1.7387
49.6002,528,1.7032
49.6045,517,1.6677
49.6088,507,1.6355
49.6131,497,1.6032
49.6174,492,1.5871
49.6217,491,1.5839
49.6260,492,1.5871
49.6303,494,1.5935
49.6346,494,1.5935
49.6389,493,1.5903
49.6432,494,1.5935
49.6475,495,1.5968
49.6518,495,1.5968
49.6561,496,1.6000
49.6604,497,1.6032
49.6646,497,1.6032
49.6690,499,1.6097
49.6734,500,1.6129
49.6779,501,1.6161
49.6823,501,1.6161
49.6866,502,1.6194
49.6909,498,1.6065
49.6952,483,1.5581
49.6995,459,1.4806
49.7038,439,1.4161
49.7081,453,1.4613
49.7124,516,1.6645
49.7167,622,2.0065
49.7210,752,2.4258
49.7252,884,2.8516
49.7295,968,3.1226
49.7338,956,3.0839
49.7381,861,2.7774
49.7424,727,2.3452
49.7467,585,1.8871
49.7510,483,1.5581
49.7552,432,1.3935
49.7595,416,1.3419
49.7638,424,1.3677
49.7680,444,1.4323
49.7723,460,1.4839
49.7766,467,1.5065
49.7808,469,1.5129
49.7851,471,1.5194
49.7893,472,1.5226
49.7936,473,1.5258
49.7979,474,1.5290
49.8021,474,1.5290
49.8064,476,1.5355
49.8106,478,1.5419
49.8149,479,1.5452
49.8192,478,1.5419
49.8234,478,1.5419
49.8277,479,1.5452
49.8319,480,1.5484
49.8362,481,1.5516
49.8405,482,1.5548
49.8448,484,1.5613
49.8491,485,1.5645
49.8534,485,1.5645
49.8576,486,1.5677
49.8619,487,1.5710
49.8662,487,1.5710
49.8705,488,1.5742
49.8748,489,1.5774
49.8791,490,1.5806
49.8834,491,1.5839
49.8877,491,1.5839
49.8919,496,1.6000
49.8962,504,1.6258
49.9005,513,1.6548
49.9048,525,1.6935
49.9091,533,1.7194
49.9134,545,1.7581
49.9177,555,1.7903
49.9220,563,1.8161
49.9263,572,1.8452
49.9306,581,1.8742
49.9348,588,1.8968
49.9391,594,1.9161
49.9435,600,1.9355
49.9479,604,1.9484
49.9522,608,1.9613
49.9565,612,1.9742
49.9608,613,1.9774
49.9651,613,1.9774
49.9694,612,1.9742
49.9737,609,1.9645
49.9781,605,1.9516
49.9825,600,1.9355
49.9869,591,1.9065
49.9912,586,1.8903
49.9955,578,1.8645
49.9998,568,1.8323
50.0041,559,1.8032
50.0084,550,1.7742
50.0127,540,1.7419
50.0170,529,1.7065
50.0219,516,1.6645
50.0264,505,1.6290
50.0306,496,1.6000
50.0349,488,1.5742
50.0392,477,1.5387
50.0436,467,1.5065
50.0481,460,1.4839
50.0533,458,1.4774
50.0577,458,1.4774
50.0622,460,1.4839
50.0667,461,1.4871
50.0712,462,1.4903
50.0755,463,1.4935
50.0798,464,1.4968
50.0841,466,1.5032
50.0883,468,1.5097
50.0925,470,1.5161
50.0968,470,1.5161
50.1011,470,1.5161
50.1053,471,1.5194
50.1096,472,1.5226
50.1138,473,1.5258
50.1181,475,1.5323
50.1223,476,1.5355
50.1266,477,1.5387
50.1309,477,1.5387
50.1351,477,1.5387
50.1394,476,1.5355
50.1437,478,1.5419
50.1479,479,1.5452
50.1522,481,1.5516
50.1565,482,1.5548
50.1607,483,1.5581
50.1650,482,1.5548
50.1693,483,1.5581
50.1735,485,1.5645
50.1778,485,1.5645
50.1820,487,1.5710
50.1863,487,1.5710
50.1906,488,1.5742
50.1948,489,1.5774
50.1991,488,1.5742
50.2034,488,1.5742
50.2076,490,1.5806
50.2119,490,1.5806
50.2161,492,1.5871
50.2204,491,1.5839
50.2246,492,1.5871
50.2289,493,1.5903
50.2332,495,1.5968
50.2374,495,1.5968
50.2417,497,1.6032
50.2460,497,1.6032
50.2503,496,1.6000
50.2546,497,1.6032
50.2589,497,1.6032
50.2632,498,1.6065
50.2675,497,1.6032
50.2718,499,1.6097
50.2761,499,1.6097
50.2804,500,1.6129
50.2847,501,1.6161
50.2890,507,1.6355
50.2932,517,1.6677
50.2975,528,1.7032
50.3018,539,1.7387
50.3061,548,1.7677
50.3104,556,1.7935
50.3147,562,1.8129
50.3190,567,1.8290
50.3233,570,1.8387
50.3276,569,1.8355
50.3319,567,1.8290
50.3361,561,1.8097
50.3404,553,1.7839
50.3447,543,1.7516
50.3490,533,1.7194
50.3533,521,1.6806
50.3576,511,1.6484
50.3619,501,1.6161
50.3662,494,1.5935
50.3704,493,1.5903
50.3747,492,1.5871
50.3790,493,1.5903
50.3833,494,1.5935
50.3876,495,1.5968
50.3919,496,1.6000
50.3962,496,1.6000
50.4005,497,1.6032
50.4047,499,1.6097
50.4090,500,1.6129
50.4133,500,1.6129
50.4176,499,1.6097
50.4218,499,1.6097
50.4261,499,1.6097
50.4305,500,1.6129
50.4348,501,1.6161
50.4390,501,1.6161
50.4433,492,1.5871
50.4477,470,1.5161
50.4520,445,1.4355
50.4563,440,1.4194
50.4605,480,1.5484
50.4648,568,1.8323
50.4691,689,2.2226
50.4734,825,2.6613
50.4777,940,3.0323
50.4820,970,3.1290
50.4863,911,2.9387
50.4906,790,2.5484
50.4949,646,2.0839
50.4991,521,1.6806
50.5034,449,1.4484
50.5077,419,1.3516
50.5120,419,1.3516
50.5163,436,1.4065
50.5206,454,1.4645
50.5248,465,1.5000
50.5291,469,1.5129
50.5334,470,1.5161
50.5378,472,1.5226
50.5420,473,1.5258
50.5463,475,1.5323
50.5506,476,1.5355
50.5549,477,1.5387
50.5592,478,1.5419
50.5635,479,1.5452
50.5678,479,1.5452
50.5721,481,1.5516
50.5765,482,1.5548
50.5809,483,1.5581
50.5852,484,1.5613
50.5895,483,1.5581
50.5938,484,1.5613
50.5981,485,1.5645
50.6024,484,1.5613
50.6067,487,1.5710
50.6110,487,1.5710
50.6152,487,1.5710
50.6195,486,1.5677
50.6238,487,1.5710
50.6281,488,1.5742
50.6324,490,1.5806
50.6367,492,1.5871
50.6409,495,1.5968
50.6452,502,1.6194
50.6496,511,1.6484
50.6539,522,1.6839
50.6583,532,1.7161
50.6625,540,1.7419
50.6668,550,1.7742
50.6710,561,1.8097
50.6753,569,1.8355
50.6795,577,1.8613
50.6838,585,1.8871
50.6881,592,1.9097
50.6923,597,1.9258
50.6966,602,1.9419
50.7009,605,1.9516
50.7051,609,1.9645
50.7094,610,1.9677
50.7136,610,1.9677
50.7179,610,1.9677
50.7222,607,1.9581
50.7265,602,1.9419
50.7307,598,1.9290
50.7350,594,1.9161
50.7392,589,1.9000
50.7435,581,1.8742
50.7478,572,1.8452
50.7520,564,1.8194
50.7563,555,1.7903
50.7606,545,1.7581
50.7649,534,1.7226
50.7692,523,1.6871
50.7734,512,1.6516
50.7778,500,1.6129
50.7821,490,1.5806
50.7864,482,1.5548
50.7907,473,1.5258
50.7950,465,1.5000
50.7992,458,1.4774
50.8035,456,1.4710
50.8078,457,1.4742
50.8121,458,1.4774
50.8164,460,1.4839
50.8207,461,1.4871
50.8250,462,1.4903
50.8293,464,1.4968
50.8335,465,1.5000
50.8378,465,1.5000
50.8421,465,1.5000
50.8464,467,1.5065
50.8507,469,1.5129
50.8550,470,1.5161
50.8593,470,1.5161
50.8636,471,1.5194
50.8679,472,1.5226
50.8722,473,1.5258
50.8766,475,1.5323
50.8809,476,1.5355
50.8853,477,1.5387
50.8897,478,1.5419
50.8940,478,1.5419
50.8983,479,1.5452
50.9026,480,1.5484
50.9069,481,1.5516
50.9112,483,1.5581
50.9155,483,1.5581
50.9198,484,1.5613
50.9241,484,1.5613
50.9284,484,1.5613
50.9327,485,1.5645
50.9370,485,1.5645
50.9413,487,1.5710
50.9456,487,1.5710
50.9499,487,1.5710
50.9542,488,1.5742
50.9584,488,1.5742
50.9627,489,1.5774
50.9670,491,1.5839
50.9712,491,1.5839
50.9755,492,1.5871
50.9798,492,1.5871
50.9840,493,1.5903
50.9883,494,1.5935
50.9926,495,1.5968
50.9968,495,1.5968
51.0011,497,1.6032
51.0054,497,1.6032
51.0096,498,1.6065
51.0139,498,1.6065
51.0181,499,1.6097
51.0224,499,1.6097
51.0266,499,1.6097
51.0309,500,1.6129
51.0351,502,1.6194
51.0394,508,1.6387
51.0437,518,1.6710
51.0479,528,1.7032
51.0522,540,1.7419
51.0565,550,1.7742
51.0608,557,1.7968
51.0651,565,1.8226
51.0693,569,1.8355
51.0736,573,1.8484
51.0779,570,1.8387
51.0822,567,1.8290
51.0865,561,1.8097
51.0909,553,1.7839
51.0952,543,1.7516
51.0994,532,1.7161
51.1038,522,1.6839
51.1081,511,1.6484
51.1123,500,1.6129
51.1167,495,1.5968
51.1210,492,1.5871
51.1253,492,1.5871
51.1295,494,1.5935
51.1338,495,1.5968
51.1381,496,1.6000
51.1424,496,1.6000
51.1467,496,1.6000
51.1510,496,1.6000
51.1553,498,1.6065
51.1596,498,1.6065
51.1639,498,1.6065
51.1682,500,1.6129
51.1725,500,1.6129
51.1768,500,1.6129
51.1811,501,1.6161
51.1854,501,1.6161
51.1897,499,1.6097
51.1940,489,1.5774
51.1983,466,1.5032
51.2026,443,1.4290
51.2069,444,1.4323
51.2112,491,1.5839
51.2154,583,1.8806
51.2197,707,2.2806
51.2240,842,2.7161
51.2283,948,3.0581
51.2326,970,3.1290
51.2369,898,2.8968
51.2412,772,2.4903
51.2454,630,2.0323
51.2497,511,1.6484
51.2540,443,1.4290
51.2583,417,1.3452
51.2626,420,1.3548
51.2669,439,1.4161
51.2713,458,1.4774
51.2756,468,1.5097
51.2799,472,1.5226
51.2841,472,1.5226
51.2885,472,1.5226
51.2927,474,1.5290
51.2970,474,1.5290
51.3014,474,1.5290
51.3056,474,1.5290
51.3100,475,1.5323
51.3142,475,1.5323
51.3186,478,1.5419
51.3228,479,1.5452
51.3272,479,1.5452
51.3314,480,1.5484
51.3357,481,1.5516
51.3400,481,1.5516
51.3443,481,1.5516
51.3486,482,1.5548
51.3529,484,1.5613
51.3572,484,1.5613
51.3615,484,1.5613
51.3658,485,1.5645
51.3701,486,1.5677
51.3744,488,1.5742
51.3787,489,1.5774
51.3830,489,1.5774
51.3873,490,1.5806
51.3916,494,1.5935
51.3959,501,1.6161
51.4001,511,1.6484
51.4044,521,1.6806
51.4087,532,1.7161
51.4131,541,1.7452
51.4175,552,1.7806
51.4218,562,1.8129
51.4261,571,1.8419
51.4304,578,1.8645
51.4347,585,1.8871
51.4390,592,1.9097
51.4433,597,1.9258
51.4476,603,1.9452
51.4518,607,1.9581
51.4562,610,1.9677
51.4604,611,1.9710
51.4647,612,1.9742
51.4689,610,1.9677
51.4732,609,1.9645
51.4776,605,1.9516
51.4820,598,1.9290
51.4863,592,1.9097
51.4905,586,1.8903
51.4948,578,1.8645
51.4991,570,1.8387
51.5033,561,1.8097
51.5076,551,1.7774
51.5119,541,1.7452
51.5161,531,1.7129
51.5204,520,1.6774
51.5247,510,1.6452
51.5290,500,1.6129
51.5333,490,1.5806
51.5375,481,1.5516
51.5418,472,1.5226
51.5460,462,1.4903
51.5503,458,1.4774
51.5546,459,1.4806
51.5588,460,1.4839
51.5631,461,1.4871
51.5673,462,1.4903
51.5716,463,1.4935
51.5759,464,1.4968
51.5801,465,1.5000
51.5844,465,1.5000
51.5887,467,1.5065
51.5929,469,1.5129
51.5972,470,1.5161
51.6014,471,1.5194
51.6057,473,1.5258
51.6100,473,1.5258
51.6143,473,1.5258
51.6185,474,1.5290
51.6228,475,1.5323
51.6271,477,1.5387
51.6314,478,1.5419
51.6357,479,1.5452
51.6399,479,1.5452
51.6442,480,1.5484
51.6484,480,1.5484
51.6527,481,1.5516
51.6569,482,1.5548
51.6613,482,1.5548
51.6655,482,1.5548
51.6699,484,1.5613
51.6742,486,1.5677
51.6785,486,1.5677
51.6827,487,1.5710
51.6870,487,1.5710
51.6914,487,1.5710
51.6957,488,1.5742
51.7000,490,1.5806
51.7042,490,1.5806
51.7085,490,1.5806
51.7128,491,1.5839
51.7172,491,1.5839
51.7215,491,1.5839
51.7257,490,1.5806
51.7300,492,1.5871
51.7343,492,1.5871
51.7386,493,1.5903
51.7429,495,1.5968
51.7472,496,1.6000
51.7515,496,1.6000
51.7558,496,1.6000
51.7601,497,1.6032
51.7644,497,1.6032
51.7687,499,1.6097
51.7730,499,1.6097
51.7774,499,1.6097
51.7824,500,1.6129
51.7868,502,1.6194
51.7912,509,1.6419
51.7955,520,1.6774
51.7998,531,1.7129
51.8041,542,1.7484
51.8085,552,1.7806
51.8128,560,1.8065
51.8172,568,1.8323
51.8215,571,1.8419
51.8258,571,1.8419
51.8302,568,1.8323
51.8345,563,1.8161
51.8389,556,1.7935
51.8432,545,1.7581
51.8475,536,1.7290
51.8519,526,1.6968
51.8562,515,1.6613
51.8606,503,1.6226
51.8650,496,1.6000
51.8693,493,1.5903
51.8736,494,1.5935
51.8779,494,1.5935
51.8821,494,1.5935
51.8864,495,1.5968
51.8907,496,1.6000
51.8950,496,1.6000
51.8993,496,1.6000
51.9036,497,1.6032
51.9079,499,1.6097
51.9122,499,1.6097
51.9165,500,1.6129
51.9208,499,1.6097
51.9251,500,1.6129
51.9294,500,1.6129
51.9338,500,1.6129
51.9381,499,1.6097
51.9424,494,1.5935
51.9466,476,1.5355
51.9509,453,1.4613
51.9552,440,1.4194
51.9595,467,1.5065
51.9638,543,1.7516
51.9681,657,2.1194
51.9724,792,2.5548
51.9767,915,2.9516
51.9810,973,3.1387
51.9853,936,3.0194
51.9895,825,2.6613
51.9938,685,2.2097
51.9981,550,1.7742
52.0024,464,1.4968
52.0067,424,1.3677
52.0110,417,1.3452
52.0153,431,1.3903
52.0196,452,1.4581
52.0239,464,1.4968
52.0282,470,1.5161
52.0325,471,1.5194
52.0368,472,1.5226
52.0411,472,1.5226
52.0454,474,1.5290
52.0497,475,1.5323
52.0540,476,1.5355
52.0583,477,1.5387
52.0626,478,1.5419
52.0669,479,1.5452
52.0713,479,1.5452
52.0756,480,1.5484
52.0799,481,1.5516
52.0843,483,1.5581
52.0886,483,1.5581
52.0929,483,1.5581
52.0973,485,1.5645
52.1016,485,1.5645
52.1059,486,1.5677
52.1103,486,1.5677
52.1146,486,1.5677
52.1190,486,1.5677
52.1233,488,1.5742
52.1276,489,1.5774
52.1320,488,1.5742
52.1363,489,1.5774
52.1406,492,1.5871
52.1450,499,1.6097
52.1493,508,1.6387
52.1536,519,1.6742
52.1579,530,1.7097
52.1622,540,1.7419
52.1666,550,1.7742
52.1709,561,1.8097
52.1752,568,1.8323
52.1795,577,1.8613
52.1838,585,1.8871
52.1881,590,1.9032
52.1924,597,1.9258
52.1967,603,1.9452
52.2009,608,1.9613
52.2052,611,1.9710
52.2095,613,1.9774
52.2138,612,1.9742
52.2181,612,1.9742
52.2225,609,1.9645
52.2268,604,1.9484
52.2310,600,1.9355
52.2353,593,1.9129
52.2396,587,1.8935
52.2439,580,1.8710
52.2482,571,1.8419
52.2525,563,1.8161
52.2568,553,1.7839
52.2611,542,1.7484
52.2655,533,1.7194
52.2698,523,1.6871
52.2741,512,1.6516
52.2785,502,1.6194
52.2828,492,1.5871
52.2871,483,1.5581
52.2915,473,1.5258
52.2958,465,1.5000
52.3001,459,1.4806
52.3044,458,1.4774
52.3088,460,1.4839
52.3131,462,1.4903
52.3175,463,1.4935
52.3218,463,1.4935
52.3261,464,1.4968
52.3305,464,1.4968
52.3348,466,1.5032
52.3391,468,1.5097
52.3435,469,1.5129
52.3478,470,1.5161
52.3521,470,1.5161
52.3565,472,1.5226
52.3608,474,1.5290
52.3651,474,1.5290
52.3694,475,1.5323
52.3739,477,1.5387
52.3816,478,1.5419
52.3859,479,1.5452
52.3902,480,1.5484
52.3946,480,1.5484
52.3988,481,1.5516
52.4031,481,1.5516
52.4074,483,1.5581
52.4117,483,1.5581
52.4160,483,1.5581
52.4203,484,1.5613
52.4246,485,1.5645
52.4289,486,1.5677
52.4332,487,1.5710
52.4376,488,1.5742
52.4419,489,1.5774
52.4461,489,1.5774
52.4504,489,1.5774
52.4548,490,1.5806
52.4590,490,1.5806
52.4633,491,1.5839
52.4676,491,1.5839
52.4719,491,1.5839
52.4762,492,1.5871
52.4805,492,1.5871
52.4848,493,1.5903
52.4891,494,1.5935
52.4934,494,1.5935
52.4977,495,1.5968
52.5020,496,1.6000
52.5063,497,1.6032
52.5106,497,1.6032
52.5149,499,1.6097
52.5192,499,1.6097
52.5235,501,1.6161
52.5278,500,1.6129
52.5321,501,1.6161
52.5364,502,1.6194
52.5407,510,1.6452
52.5450,521,1.6806
52.5493,532,1.7161
52.5536,543,1.7516
52.5579,552,1.7806
52.5621,559,1.8032
52.5664,566,1.8258
52.5707,569,1.8355
52.5751,570,1.8387
52.5794,569,1.8355
52.5837,565,1.8226
52.5881,557,1.7968
52.5924,548,1.7677
52.5968,539,1.7387
52.6011,528,1.7032
52.6054,517,1.6677
52.6097,506,1.6323
52.6141,497,1.6032
52.6184,493,1.5903
52.6228,492,1.5871
52.6271,493,1.5903
52.6315,494,1.5935
52.6359,495,1.5968
52.6402,495,1.5968
52.6445,496,1.6000
52.6489,497,1.6032
52.6532,498,1.6065
52.6575,498,1.6065
52.6619,499,1.6097
52.6662,499,1.6097
52.6712,500,1.6129
52.6756,500,1.6129
52.6801,501,1.6161
52.6845,501,1.6161
52.6888,499,1.6097
52.6931,492,1.5871
52.6974,473,1.5258
52.7017,448,1.4452
52.7060,441,1.4226
52.7103,476,1.5355
52.7146,559,1.8032
52.7189,681,2.1968
52.7233,819,2.6419
52.7276,937,3.0226
52.7319,973,3.1387
52.7362,915,2.9516
52.7405,797,2.5710
52.7448,653,2.1065
52.7491,525,1.6935
52.7534,450,1.4516
52.7577,418,1.3484
52.7620,417,1.3452
52.7663,433,1.3968
52.7709,453,1.4613
52.7752,466,1.5032
52.7796,470,1.5161
52.7839,471,1.5194
52.7882,471,1.5194
52.7925,472,1.5226
52.7968,472,1.5226
52.8011,473,1.5258
52.8055,473,1.5258
52.8098,474,1.5290
52.8141,476,1.5355
52.8183,478,1.5419
52.8226,478,1.5419
52.8269,478,1.5419
52.8312,480,1.5484
52.8354,481,1.5516
52.8397,480,1.5484
52.8439,482,1.5548
52.8482,483,1.5581
52.8525,484,1.5613
52.8567,483,1.5581
52.8610,484,1.5613
52.8653,486,1.5677
52.8695,487,1.5710
52.8738,487,1.5710
52.8781,488,1.5742
52.8823,489,1.5774
52.8866,489,1.5774
52.8909,493,1.5903
52.8951,501,1.6161
52.8994,511,1.6484
52.9036,520,1.6774
52.9079,530,1.7097
52.9122,538,1.7355
52.9164,549,1.7710
52.9207,558,1.8000
52.9250,567,1.8290
52.9292,578,1.8645
52.9335,585,1.8871
52.9378,593,1.9129
52.9421,598,1.9290
52.9463,605,1.9516
52.9506,607,1.9581
52.9549,610,1.9677
52.9591,611,1.9710
52.9634,613,1.9774
52.9682,611,1.9710
52.9726,608,1.9613
52.9769,605,1.9516
52.9812,601,1.9387
52.9856,596,1.9226
52.9899,589,1.9000
52.9942,580,1.8710
52.9985,573,1.8484
53.0028,563,1.8161
53.0072,553,1.7839
53.0115,544,1.7548
53.0158,534,1.7226
53.0201,523,1.6871
53.0244,513,1.6548
53.0288,503,1.6226
53.0331,491,1.5839
53.0374,482,1.5548
53.0417,472,1.5226
53.0460,463,1.4935
53.0503,458,1.4774
53.0546,457,1.4742
53.0589,459,1.4806
53.0632,460,1.4839
53.0675,461,1.4871
53.0718,463,1.4935
53.0761,464,1.4968
53.0804,466,1.5032
53.0847,466,1.5032
53.0890,467,1.5065
53.0933,467,1.5065
53.0975,467,1.5065
53.1018,469,1.5129
53.1061,471,1.5194
53.1103,471,1.5194
53.1147,473,1.5258
53.1189,475,1.5323
53.1232,476,1.5355
53.1279,476,1.5355
53.1322,477,1.5387
53.1365,478,1.5419
53.1408,478,1.5419
53.1450,479,1.5452
53.1493,480,1.5484
53.1536,481,1.5516
53.1578,482,1.5548
53.1621,482,1.5548
53.1663,484,1.5613
53.1706,484,1.5613
53.1749,485,1.5645
53.1792,487,1.5710
53.1835,486,1.5677
53.1877,487,1.5710
53.1920,488,1.5742
53.1963,488,1.5742
53.2005,489,1.5774
53.2048,489,1.5774
53.2091,490,1.5806
53.2136,490,1.5806
53.2178,492,1.5871
53.2221,492,1.5871
53.2264,492,1.5871
53.2306,492,1.5871
53.2349,493,1.5903
53.2392,492,1.5871
53.2434,493,1.5903
53.2477,494,1.5935
53.2519,496,1.6000
53.2562,498,1.6065
53.2605,499,1.6097
53.2648,499,1.6097
53.2690,500,1.6129
53.2733,499,1.6097
53.2778,500,1.6129
53.2822,500,1.6129
53.2866,504,1.6258
53.2909,511,1.6484
53.2952,522,1.6839
53.2995,533,1.7194
53.3038,541,1.7452
53.3081,551,1.7774
53.3124,558,1.8000
53.3167,565,1.8226
53.3210,569,1.8355
53.3253,570,1.8387
53.3296,569,1.8355
53.3339,564,1.8194
53.3382,557,1.7968
53.3425,548,1.7677
53.3468,538,1.7355
53.3510,526,1.6968
53.3553,515,1.6613
53.3596,504,1.6258
53.3639,495,1.5968
53.3682,492,1.5871
53.3725,492,1.5871
53.3769,493,1.5903
53.3813,494,1.5935
53.3856,495,1.5968
53.3899,496,1.6000
53.3943,497,1.6032
53.3986,497,1.6032
53.4029,496,1.6000
53.4072,495,1.5968
53.4116,497,1.6032
53.4159,497,1.6032
53.4203,499,1.6097
53.4246,499,1.6097
53.4289,500,1.6129
53.4332,500,1.6129
53.4376,498,1.6065
53.4419,494,1.5935
53.4462,477,1.5387
53.4506,453,1.4613
53.4549,432,1.3935
53.4595,464,1.4968
53.4638,540,1.7419
53.4681,652,2.1032
53.4724,785,2.5323
53.4768,912,2.9419
53.4811,971,3.1323
53.4854,932,3.0065
53.4897,822,2.6516
53.4940,681,2.1968
53.4983,548,1.7677
53.5026,462,1.4903
53.5069,422,1.3613
53.5112,415,1.3387
53.5155,430,1.3871
53.5198,450,1.4516
53.5241,462,1.4903
53.5284,468,1.5097
53.5327,469,1.5129
53.5370,470,1.5161
53.5413,471,1.5194
53.5456,473,1.5258
53.5499,474,1.5290
53.5545,475,1.5323
53.5588,476,1.5355
53.5631,476,1.5355
53.5674,477,1.5387
53.5718,478,1.5419
53.5764,478,1.5419
53.5808,478,1.5419
53.5852,479,1.5452
53.5895,482,1.5548
53.5938,482,1.5548
53.5981,482,1.5548
53.6024,483,1.5581
53.6067,484,1.5613
53.6110,485,1.5645
53.6153,486,1.5677
53.6196,486,1.5677
53.6239,487,1.5710
53.6282,489,1.5774
53.6325,490,1.5806
53.6368,489,1.5774
53.6411,493,1.5903
53.6454,500,1.6129
53.6497,509,1.6419
53.6540,520,1.6774
53.6583,530,1.7097
53.6626,540,1.7419
53.6669,549,1.7710
53.6712,559,1.8032
53.6755,569,1.8355
53.6798,577,1.8613
53.6841,585,1.8871
53.6884,592,1.9097
53.6927,597,1.9258
53.6970,603,1.9452
53.7013,608,1.9613
53.7056,610,1.9677
53.7099,612,1.9742
53.7142,611,1.9710
53.7185,612,1.9742
53.7228,609,1.9645
53.7271,605,1.9516
53.7314,602,1.9419
53.7357,597,1.9258
53.7400,591,1.9065
53.7444,582,1.8774
53.7487,574,1.8516
53.7530,565,1.8226
53.7573,555,1.7903
53.7616,545,1.7581
53.7659,533,1.7194
53.7702,522,1.6839
53.7745,512,1.6516
53.7788,501,1.6161
53.7831,492,1.5871
53.7874,482,1.5548
53.7917,473,1.5258
53.7960,463,1.4935
53.8003,458,1.4774
53.8046,458,1.4774
53.8090,459,1.4806
53.8134,460,1.4839
53.8177,462,1.4903
53.8220,464,1.4968
53.8263,464,1.4968
53.8306,465,1.5000
53.8349,466,1.5032
53.8393,468,1.5097
53.8436,468,1.5097
53.8479,470,1.5161
53.8522,470,1.5161
53.8565,471,1.5194
53.8608,473,1.5258
53.8651,474,1.5290
53.8694,475,1.5323
53.8737,475,1.5323
53.8780,477,1.5387
53.8823,477,1.5387
53.8866,479,1.5452
53.8909,479,1.5452
53.8952,480,1.5484
53.8995,481,1.5516
53.9038,482,1.5548
53.9081,483,1.5581
53.9124,483,1.5581
53.9167,484,1.5613
53.9210,484,1.5613
53.9253,484,1.5613
53.9296,485,1.5645
53.9339,485,1.5645
53.9382,485,1.5645
53.9425,486,1.5677
53.9468,487,1.5710
53.9511,489,1.5774
53.9554,490,1.5806
53.9597,490,1.5806
53.9639,491,1.5839
53.9683,492,1.5871
53.9726,492,1.5871
53.9769,493,1.5903
53.9812,493,1.5903
53.9855,492,1.5871
53.9898,492,1.5871
53.9941,493,1.5903
53.9984,495,1.5968
54.0027,496,1.6000
54.0069,498,1.6065
54.0113,497,1.6032
54.0156,497,1.6032
54.0199,498,1.6065
54.0242,499,1.6097
54.0285,499,1.6097
54.0328,500,1.6129
54.0372,503,1.6226
54.0414,511,1.6484
54.0457,521,1.6806
54.0500,532,1.7161
54.0543,543,1.7516
54.0586,552,1.7806
54.0629,559,1.8032
54.0672,565,1.8226
54.0715,569,1.8355
54.0758,571,1.8419
54.0801,568,1.8323
54.0844,561,1.8097
54.0887,556,1.7935
54.0930,547,1.7645
54.0973,536,1.7290
54.1016,527,1.7000
54.1059,515,1.6613
54.1102,504,1.6258
54.1145,497,1.6032
54.1188,492,1.5871
54.1231,492,1.5871
54.1274,494,1.5935
54.1317,494,1.5935
54.1360,495,1.5968
54.1403,495,1.5968
54.1446,496,1.6000
54.1489,496,1.6000
54.1532,498,1.6065
54.1575,498,1.6065
54.1618,498,1.6065
54.1661,498,1.6065
54.1703,499,1.6097
54.1747,500,1.6129
54.1791,500,1.6129
54.1836,501,1.6161
54.1880,500,1.6129
54.1923,494,1.5935
54.1966,476,1.5355
54.2009,452,1.4581
54.2053,438,1.4129
54.2096,466,1.5032
54.2139,540,1.7419
54.2182,655,2.1129
54.2225,789,2.5452
54.2268,916,2.9548
54.2311,974,3.1419
54.2354,934,3.0129
54.2397,822,2.6516
54.2440,683,2.2032
54.2483,548,1.7677
54.2526,462,1.4903
54.2569,423,1.3645
54.2612,416,1.3419
54.2655,430,1.3871
54.2698,450,1.4516
54.2741,465,1.5000
54.2784,471,1.5194
54.2827,472,1.5226
54.2870,472,1.5226
54.2914,471,1.5194
54.2957,473,1.5258
54.3000,475,1.5323
54.3043,475,1.5323
54.3086,476,1.5355
54.3129,477,1.5387
54.3172,478,1.5419
54.3215,478,1.5419
54.3258,479,1.5452
54.3301,481,1.5516
54.3344,483,1.5581
54.3387,484,1.5613
54.3430,486,1.5677
54.3473,486,1.5677
54.3516,486,1.5677
54.3559,486,1.5677
54.3602,487,1.5710
54.3645,486,1.5677
54.3688,487,1.5710
54.3731,489,1.5774
54.3774,489,1.5774
54.3817,491,1.5839
54.3860,492,1.5871
54.3903,493,1.5903
54.3946,499,1.6097
54.3989,508,1.6387
54.4032,517,1.6677
54.4075,527,1.7000
54.4118,539,1.7387
54.4161,550,1.7742
54.4204,560,1.8065
54.4247,569,1.8355
54.4290,577,1.8613
54.4332,586,1.8903
54.4376,591,1.9065
54.4419,598,1.9290
54.4462,602,1.9419
54.4505,604,1.9484
54.4548,608,1.9613
54.4591,611,1.9710
54.4634,612,1.9742
54.4677,611,1.9710
54.4721,609,1.9645
54.4767,605,1.9516
54.4811,599,1.9323
54.4856,595,1.9194
54.4899,589,1.9000
54.4942,579,1.8677
54.4985,572,1.8452
54.5028,563,1.8161
54.5071,554,1.7871
54.5114,544,1.7548
54.5157,533,1.7194
54.5200,521,1.6806
54.5243,512,1.6516
54.5286,501,1.6161
54.5329,492,1.5871
54.5372,483,1.5581
54.5415,472,1.5226
54.5458,463,1.4935
54.5501,459,1.4806
54.5544,458,1.4774
54.5587,460,1.4839
54.5630,461,1.4871
54.5673,463,1.4935
54.5715,464,1.4968
54.5758,465,1.5000
54.5801,466,1.5032
54.5844,468,1.5097
54.5887,470,1.5161
54.5931,470,1.5161
54.5975,471,1.5194
54.6018,472,1.5226
54.6061,473,1.5258
54.6105,473,1.5258
54.6148,474,1.5290
54.6191,474,1.5290
54.6235,476,1.5355
54.6278,476,1.5355
54.6321,477,1.5387
54.6364,478,1.5419
54.6408,479,1.5452
54.6451,480,1.5484
54.6494,480,1.5484
54.6538,483,1.5581
54.6581,483,1.5581
54.6624,482,1.5548
54.6668,482,1.5548
54.6711,483,1.5581
54.6754,484,1.5613
54.6797,486,1.5677
54.6841,487,1.5710
54.6884,487,1.5710
54.6927,487,1.5710
54.6970,489,1.5774
54.7014,491,1.5839
54.7057,492,1.5871
54.7100,491,1.5839
54.7143,491,1.5839
54.7186,492,1.5871
54.7229,493,1.5903
54.7272,493,1.5903
54.7314,493,1.5903
54.7357,495,1.5968
54.7400,497,1.6032
54.7443,496,1.6000
54.7486,496,1.6000
54.7529,496,1.6000
54.7572,496,1.6000
54.7615,497,1.6032
54.7658,498,1.6065
54.7701,499,1.6097
54.7744,500,1.6129
54.7787,501,1.6161
54.7829,501,1.6161
54.7873,504,1.6258
54.7916,511,1.6484
54.7959,521,1.6806
54.8002,532,1.7161
54.8046,544,1.7548
54.8089,552,1.7806
54.8132,562,1.8129
54.8176,567,1.8290
54.8219,571,1.8419
54.8263,569,1.8355
54.8306,567,1.8290
54.8350,562,1.8129
54.8393,556,1.7935
54.8436,546,1.7613
54.8480,537,1.7323
54.8523,526,1.6968
54.8566,514,1.6581
54.8609,503,1.6226
54.8653,494,1.5935
54.8696,492,1.5871
54.8739,492,1.5871
54.8783,493,1.5903
54.8826,494,1.5935
54.8869,496,1.6000
54.8913,496,1.6000
54.8956,496,1.6000
54.8999,497,1.6032
54.9042,497,1.6032
54.9085,497,1.6032
54.9131,497,1.6032
54.9174,499,1.6097
54.9217,500,1.6129
54.9260,500,1.6129
54.9303,500,1.6129
54.9346,501,1.6161
54.9388,502,1.6194
54.9431,495,1.5968
54.9474,474,1.5290
54.9518,450,1.4516
54.9560,442,1.4258
54.9603,477,1.5387
54.9646,558,1.8000
54.9689,676,2.1806
54.9732,808,2.6065
54.9775,928,2.9935
54.9818,973,3.1387
54.9861,922,2.9742
54.9905,803,2.5903
54.9948,659,2.1258
54.9991,530,1.7097
55.0035,454,1.4645
55.0078,421,1.3581
55.0121,418,1.3484
55.0165,435,1.4032
55.0208,454,1.4645
55.0251,467,1.5065
55.0295,471,1.5194
55.0338,472,1.5226
55.0381,471,1.5194
55.0425,473,1.5258
55.0469,473,1.5258
55.0514,474,1.5290
55.0559,475,1.5323
55.0604,476,1.5355
55.0650,478,1.5419
55.0695,479,1.5452
55.0742,480,1.5484
55.0787,480,1.5484
55.0832,481,1.5516
55.0877,482,1.5548
55.0920,483,1.5581
55.0964,483,1.5581
55.1007,485,1.5645
55.1049,486,1.5677
55.1092,486,1.5677
55.1134,486,1.5677
55.1178,487,1.5710
55.1220,487,1.5710
55.1263,488,1.5742
55.1305,490,1.5806
55.1348,490,1.5806
55.1391,492,1.5871
55.1433,497,1.6032
55.1476,505,1.6290
55.1519,515,1.6613
55.1561,526,1.6968
55.1604,536,1.7290
55.1647,545,1.7581
55.1689,556,1.7935
55.1732,565,1.8226
55.1775,573,1.8484
55.1817,581,1.8742
55.1860,588,1.8968
55.1903,595,1.9194
55.1945,600,1.9355
55.1988,604,1.9484
55.2032,609,1.9645
55.2076,611,1.9710
55.2119,612,1.9742
55.2162,611,1.9710
55.2206,611,1.9710
55.2249,607,1.9581
55.2292,602,1.9419
55.2336,597,1.9258
55.2379,593,1.9129
55.2422,585,1.8871
55.2466,575,1.8548
55.2509,568,1.8323
55.2552,556,1.7935
55.2595,548,1.7677
55.2639,539,1.7387
55.2682,527,1.7000
55.2725,515,1.6613
55.2769,505,1.6290
55.2812,495,1.5968
55.2855,486,1.5677
55.2899,476,1.5355
55.2943,467,1.5065
55.2986,461,1.4871
55.3030,460,1.4839
55.3073,460,1.4839
55.3116,460,1.4839
55.3158,461,1.4871
55.3201,463,1.4935
55.3248,464,1.4968
55.3291,465,1.5000
55.3334,467,1.5065
55.3377,468,1.5097
55.3420,468,1.5097
55.3463,468,1.5097
55.3506,468,1.5097
55.3549,470,1.5161
55.3592,471,1.5194
55.3635,473,1.5258
55.3678,475,1.5323
55.3721,476,1.5355
55.3764,476,1.5355
55.3808,477,1.5387
55.3853,478,1.5419
55.3896,479,1.5452
55.3939,479,1.5452
55.3982,481,1.5516
55.4025,481,1.5516
55.4068,481,1.5516
55.4111,481,1.5516
55.4154,483,1.5581
55.4197,485,1.5645
55.4240,485,1.5645
55.4283,487,1.5710
55.4326,488,1.5742
55.4369,488,1.5742
55.4412,489,1.5774
55.4455,489,1.5774
55.4498,490,1.5806
55.4541,491,1.5839
55.4584,491,1.5839
55.4626,492,1.5871
55.4670,492,1.5871
55.4713,491,1.5839
55.4756,494,1.5935
55.4799,496,1.6000
55.4841,496,1.6000
55.4885,496,1.6000
55.4927,496,1.6000
55.4970,496,1.6000
55.5014,496,1.6000
55.5057,497,1.6032
55.5101,497,1.6032
55.5144,498,1.6065
55.5187,498,1.6065
55.5230,499,1.6097
55.5274,499,1.6097
55.5317,500,1.6129
55.5360,502,1.6194
55.5404,509,1.6419
55.5447,520,1.6774
55.5490,531,1.7129
55.5534,542,1.7484
55.5577,549,1.7710
55.5620,558,1.8000
55.5664,564,1.8194
55.5707,569,1.8355
55.5750,570,1.8387
55.5793,569,1.8355
55.5837,565,1.8226
55.5880,558,1.8000
55.5923,549,1.7710
55.5968,539,1.7387
55.6011,529,1.7065
55.6054,518,1.6710
55.6097,507,1.6355
55.6140,498,1.6065
55.6183,493,1.5903
55.6226,493,1.5903
55.6269,495,1.5968
55.6312,496,1.6000
55.6355,496,1.6000
55.6398,498,1.6065
55.6441,497,1.6032
55.6484,497,1.6032
55.6527,498,1.6065
55.6570,498,1.6065
55.6613,498,1.6065
55.6656,499,1.6097
55.6699,499,1.6097
55.6742,500,1.6129
55.6785,499,1.6097
55.6828,500,1.6129
55.6871,501,1.6161
55.6914,497,1.6032
55.6957,481,1.5516
55.7000,456,1.4710
55.7044,438,1.4129
55.7087,455,1.4677
55.7132,523,1.6871
55.7175,633,2.0419
55.7219,765,2.4677
55.7262,897,2.8935
55.7305,972,3.1355
55.7348,947,3.0548
55.7392,845,2.7258
55.7435,705,2.2742
55.7478,565,1.8226
55.7522,471,1.5194
55.7565,425,1.3710
55.7608,415,1.3387
55.7652,427,1.3774
55.7695,448,1.4452
55.7738,462,1.4903
55.7782,468,1.5097
55.7825,469,1.5129
55.7868,470,1.5161
55.7911,471,1.5194
55.7955,472,1.5226
55.7998,472,1.5226
55.8041,475,1.5323
55.8084,475,1.5323
55.8127,476,1.5355
55.8171,477,1.5387
55.8214,479,1.5452
55.8257,479,1.5452
55.8299,479,1.5452
55.8342,480,1.5484
55.8385,481,1.5516
55.8428,482,1.5548
55.8471,484,1.5613
55.8514,484,1.5613
55.8557,483,1.5581
55.8600,484,1.5613
55.8643,486,1.5677
55.8686,487,1.5710
55.8729,489,1.5774
55.8772,489,1.5774
55.8815,490,1.5806
55.8858,490,1.5806
55.8901,491,1.5839
55.8944,497,1.6032
55.8987,507,1.6355
55.9030,518,1.6710
55.9073,529,1.7065
55.9116,539,1.7387
55.9160,549,1.7710
55.9203,557,1.7968
55.9247,567,1.8290
55.9290,575,1.8548
55.9333,582,1.8774
55.9376,589,1.9000
55.9420,595,1.9194
55.9463,600,1.9355
55.9506,606,1.9548
55.9550,609,1.9645
55.9593,611,1.9710
55.9636,610,1.9677
55.9680,610,1.9677
55.9723,607,1.9581
55.9766,605,1.9516
55.9811,601,1.9387
55.9855,596,1.9226
55.9899,589,1.9000
55.9942,581,1.8742
55.9986,572,1.8452
56.0029,560,1.8065
56.0072,553,1.7839
56.0115,543,1.7516
56.0158,533,1.7194
56.0201,522,1.6839
56.0244,512,1.6516
56.0287,501,1.6161
56.0330,492,1.5871
56.0373,482,1.5548
56.0416,472,1.5226
56.0459,463,1.4935
56.0502,458,1.4774
56.0545,457,1.4742
56.0588,459,1.4806
56.0631,460,1.4839
56.0674,462,1.4903
56.0717,463,1.4935
56.0759,463,1.4935
56.0802,464,1.4968
56.0845,464,1.4968
56.0888,466,1.5032
56.0931,466,1.5032
56.0974,466,1.5032
56.1018,468,1.5097
56.1061,470,1.5161
56.1105,471,1.5194
56.1148,472,1.5226
56.1191,473,1.5258
56.1235,474,1.5290
56.1278,476,1.5355
56.1322,477,1.5387
56.1365,477,1.5387
56.1408,478,1.5419
56.1452,479,1.5452
56.1495,480,1.5484
56.1538,480,1.5484
56.1582,481,1.5516
56.1625,483,1.5581
56.1668,484,1.5613
56.1712,484,1.5613
56.1755,484,1.5613
56.1798,485,1.5645
56.1841,486,1.5677
56.1885,487,1.5710
56.1928,487,1.5710
56.1972,489,1.5774
56.2015,489,1.5774
56.2058,489,1.5774
56.2101,488,1.5742
56.2145,490,1.5806
56.2188,491,1.5839
56.2230,492,1.5871
56.2274,493,1.5903
56.2316,493,1.5903
56.2359,494,1.5935
56.2402,493,1.5903
56.2445,493,1.5903
56.2488,494,1.5935
56.2531,495,1.5968
56.2574,495,1.5968
56.2617,497,1.6032
56.2660,496,1.6000
56.2703,497,1.6032
56.2746,499,1.6097
56.2790,499,1.6097
56.2834,499,1.6097
56.2878,503,1.6226
56.2922,512,1.6516
56.2965,523,1.6871
56.3007,534,1.7226
56.3050,543,1.7516
56.3094,553,1.7839
56.3138,560,1.8065
56.3182,566,1.8258
56.3224,569,1.8355
56.3267,568,1.8323
56.3310,567,1.8290
56.3353,563,1.8161
56.3396,556,1.7935
56.3439,547,1.7645
56.3482,538,1.7355
56.3525,525,1.6935
56.3568,514,1.6581
56.3611,503,1.6226
56.3654,496,1.6000
56.3697,493,1.5903
56.3740,493,1.5903
56.3783,494,1.5935
56.3826,495,1.5968
56.3868,496,1.6000
56.3911,496,1.6000
56.3954,497,1.6032
56.3997,497,1.6032
56.4041,499,1.6097
56.4084,498,1.6065
56.4128,498,1.6065
56.4171,500,1.6129
56.4215,501,1.6161
56.4258,499,1.6097
56.4301,501,1.6161
56.4345,502,1.6194
56.4388,502,1.6194
56.4431,495,1.5968
56.4477,473,1.5258
56.4520,449,1.4484
56.4564,441,1.4226
56.4608,480,1.5484
56.4651,567,1.8290
56.4695,688,2.2194
56.4738,824,2.6581
56.4781,942,3.0387
56.4824,974,3.1419
56.4868,912,2.9419
56.4911,788,2.5419
56.4954,642,2.0710
56.4998,520,1.6774
56.5042,447,1.4419
56.5085,419,1.3516
56.5129,419,1.3516
56.5172,439,1.4161
56.5215,457,1.4742
56.5258,467,1.5065
56.5301,470,1.5161
56.5344,471,1.5194
56.5387,472,1.5226
56.5430,473,1.5258
56.5473,474,1.5290
56.5515,475,1.5323
56.5558,476,1.5355
56.5601,477,1.5387
56.5644,477,1.5387
56.5687,478,1.5419
56.5730,479,1.5452
56.5773,480,1.5484
56.5819,481,1.5516
56.5862,482,1.5548
56.5905,483,1.5581
56.5948,484,1.5613
56.5991,483,1.5581
56.6034,485,1.5645
56.6077,486,1.5677
56.6120,487,1.5710
56.6163,487,1.5710
56.6206,488,1.5742
56.6249,488,1.5742
56.6292,489,1.5774
56.6335,489,1.5774
56.6378,489,1.5774
56.6421,493,1.5903
56.6463,502,1.6194
56.6506,509,1.6419
56.6549,522,1.6839
56.6592,532,1.7161
56.6636,542,1.7484
56.6678,550,1.7742
56.6721,561,1.8097
56.6764,571,1.8419
56.6807,579,1.8677
56.6850,588,1.8968
56.6893,592,1.9097
56.6936,598,1.9290
56.6979,605,1.9516
56.7022,608,1.9613
56.7065,611,1.9710
56.7108,612,1.9742
56.7151,612,1.9742
56.7194,611,1.9710
56.7237,609,1.9645
56.7280,605,1.9516
56.7323,600,1.9355
56.7366,594,1.9161
56.7409,587,1.8935
56.7452,581,1.8742
56.7494,571,1.8419
56.7537,562,1.8129
56.7580,552,1.7806
56.7623,543,1.7516
56.7666,532,1.7161
56.7709,522,1.6839
56.7752,512,1.6516
56.7795,500,1.6129
56.7838,491,1.5839
56.7881,481,1.5516
56.7924,471,1.5194
56.7967,462,1.4903
56.8009,457,1.4742
56.8053,457,1.4742
56.8095,459,1.4806
56.8139,461,1.4871
56.8182,462,1.4903
56.8225,463,1.4935
56.8269,463,1.4935
56.8312,464,1.4968
56.8356,465,1.5000
56.8399,466,1.5032
56.8442,468,1.5097
56.8486,468,1.5097
56.8529,469,1.5129
56.8572,472,1.5226
56.8616,472,1.5226
56.8659,473,1.5258
56.8702,474,1.5290
56.8747,474,1.5290
56.8792,474,1.5290
56.8836,475,1.5323
56.8880,477,1.5387
56.8924,477,1.5387
56.8967,478,1.5419
56.9010,479,1.5452
56.9054,480,1.5484
56.9097,480,1.5484
56.9141,481,1.5516
56.9184,483,1.5581
56.9227,484,1.5613
56.9270,485,1.5645
56.9313,486,1.5677
56.9356,491,1.5839
56.9399,486,1.5677
56.9443,488,1.5742
56.9486,489,1.5774
56.9529,490,1.5806
56.9572,491,1.5839
56.9615,491,1.5839
56.9658,492,1.5871
56.9701,492,1.5871
56.9744,493,1.5903
56.9787,494,1.5935
56.9829,494,1.5935
56.9872,494,1.5935
56.9915,496,1.6000
56.9958,497,1.6032
57.0001,497,1.6032
57.0044,497,1.6032
57.0087,496,1.6000
57.0130,498,1.6065
57.0174,498,1.6065
57.0216,498,1.6065
57.0259,500,1.6129
57.0302,500,1.6129
57.0345,500,1.6129
57.0388,506,1.6323
57.0431,515,1.6613
57.0474,525,1.6935
57.0517,537,1.7323
57.0560,546,1.7613
57.0603,555,1.7903
57.0646,562,1.8129
57.0689,566,1.8258
57.0732,570,1.8387
57.0775,570,1.8387
57.0818,568,1.8323
57.0860,562,1.8129
57.0903,553,1.7839
57.0950,543,1.7516
57.0993,532,1.7161
57.1036,522,1.6839
57.1079,510,1.6452
57.1122,500,1.6129
57.1166,494,1.5935
57.1209,493,1.5903
57.1252,494,1.5935
57.1296,494,1.5935
57.1339,495,1.5968
57.1382,495,1.5968
57.1426,496,1.6000
57.1469,496,1.6000
57.1512,496,1.6000
57.1556,496,1.6000
57.1599,497,1.6032
57.1642,498,1.6065
57.1686,500,1.6129
57.1729,500,1.6129
57.1773,500,1.6129
57.1819,500,1.6129
57.1863,502,1.6194
57.1907,499,1.6097
57.1951,486,1.5677
57.1994,463,1.4935
57.2037,442,1.4258
57.2080,450,1.4516
57.2124,507,1.6355
57.2168,608,1.9613
57.2211,737,2.3774
57.2254,872,2.8129
57.2297,964,3.1097
57.2340,960,3.0968
57.2383,874,2.8194
57.2426,742,2.3935
57.2468,600,1.9355
57.2511,491,1.5839
57.2554,435,1.4032
57.2597,417,1.3452
57.2640,424,1.3677
57.2683,443,1.4290
57.2726,461,1.4871
57.2769,469,1.5129
57.2812,472,1.5226
57.2855,473,1.5258
57.2898,473,1.5258
57.2941,473,1.5258
57.2984,474,1.5290
57.3027,474,1.5290
57.3070,475,1.5323
57.3113,476,1.5355
57.3156,477,1.5387
57.3200,479,1.5452
57.3243,480,1.5484
57.3286,479,1.5452
57.3330,480,1.5484
57.3373,480,1.5484
57.3416,481,1.5516
57.3460,482,1.5548
57.3503,483,1.5581
57.3547,484,1.5613
57.3591,484,1.5613
57.3634,485,1.5645
57.3677,487,1.5710
57.3720,487,1.5710
57.3763,487,1.5710
57.3806,488,1.5742
57.3849,489,1.5774
57.3892,490,1.5806
57.3935,495,1.5968
57.3978,503,1.6226
57.4021,514,1.6581
57.4064,525,1.6935
57.4107,535,1.7258
57.4150,545,1.7581
57.4193,555,1.7903
57.4236,563,1.8161
57.4280,573,1.8484
57.4323,581,1.8742
57.4366,588,1.8968
57.4409,595,1.9194
57.4452,600,1.9355
57.4495,605,1.9516
57.4538,610,1.9677
57.4581,611,1.9710
57.4624,613,1.9774
57.4667,614,1.9806
57.4710,612,1.9742
57.4753,608,1.9613
57.4796,604,1.9484
57.4840,597,1.9258
57.4883,591,1.9065
57.4926,584,1.8839
57.4969,574,1.8516
57.5012,567,1.8290
57.5055,558,1.8000
57.5098,548,1.7677
57.5141,537,1.7323
57.5184,526,1.6968
57.5228,515,1.6613
57.5271,505,1.6290
57.5314,495,1.5968
57.5357,486,1.5677
57.5400,476,1.5355
57.5443,468,1.5097
57.5486,461,1.4871
57.5529,458,1.4774
57.5573,459,1.4806
57.5615,460,1.4839
57.5658,461,1.4871
57.5702,463,1.4935
57.5744,463,1.4935
57.5788,465,1.5000
57.5831,466,1.5032
57.5874,466,1.5032
57.5917,468,1.5097
57.5960,468,1.5097
57.6003,469,1.5129
57.6046,471,1.5194
57.6089,471,1.5194
57.6132,472,1.5226
57.6175,473,1.5258
57.6218,474,1.5290
57.6261,476,1.5355
57.6305,476,1.5355
57.6347,476,1.5355
57.6390,477,1.5387
57.6433,478,1.5419
57.6476,478,1.5419
57.6519,479,1.5452
57.6562,481,1.5516
57.6605,482,1.5548
57.6648,483,1.5581
57.6691,484,1.5613
57.6734,485,1.5645
57.6777,486,1.5677
57.6820,487,1.5710
57.6863,487,1.5710
57.6906,487,1.5710
57.6949,486,1.5677
57.6992,488,1.5742
57.7035,488,1.5742
57.7078,489,1.5774
57.7121,489,1.5774
57.7164,490,1.5806
57.7207,490,1.5806
57.7249,492,1.5871
57.7293,491,1.5839
57.7335,492,1.5871
57.7378,493,1.5903
57.7422,494,1.5935
57.7465,495,1.5968
57.7508,495,1.5968
57.7550,495,1.5968
57.7594,496,1.6000
57.7636,496,1.6000
57.7679,497,1.6032
57.7722,497,1.6032
57.7766,499,1.6097
57.7811,501,1.6161
57.7855,502,1.6194
57.7899,507,1.6355
57.7943,518,1.6710
57.7986,529,1.7065
57.8029,539,1.7387
57.8073,548,1.7677
57.8116,557,1.7968
57.8160,565,1.8226
57.8203,569,1.8355
57.8246,572,1.8452
57.8289,570,1.8387
57.8332,567,1.8290
57.8375,560,1.8065
57.8418,550,1.7742
57.8461,542,1.7484
57.8504,532,1.7161
57.8547,521,1.6806
57.8590,509,1.6419
57.8633,499,1.6097
57.8676,495,1.5968
57.8719,492,1.5871
57.8762,493,1.5903
57.8805,495,1.5968
57.8848,495,1.5968
57.8890,495,1.5968
57.8934,496,1.6000
57.8976,496,1.6000
57.9019,497,1.6032
57.9062,498,1.6065
57.9105,497,1.6032
57.9148,498,1.6065
57.9192,498,1.6065
57.9235,498,1.6065
57.9279,499,1.6097
57.9322,500,1.6129
57.9366,502,1.6194
57.9409,500,1.6129
57.9452,488,1.5742
57.9495,464,1.4968
57.9539,442,1.4258
57.9582,450,1.4516
57.9625,507,1.6355
57.9669,609,1.9645
57.9712,741,2.3903
57.9756,878,2.8323
57.9799,967,3.1194
57.9843,959,3.0935
57.9886,866,2.7935
57.9929,730,2.3548
57.9973,586,1.8903
58.0016,484,1.5613
58.0059,432,1.3935
58.0102,418,1.3484
58.0146,426,1.3742
58.0189,446,1.4387
58.0233,462,1.4903
58.0276,470,1.5161
58.0319,472,1.5226
58.0362,472,1.5226
58.0405,472,1.5226
58.0448,473,1.5258
58.0491,474,1.5290
58.0534,475,1.5323
58.0577,477,1.5387
58.0620,478,1.5419
58.0663,479,1.5452
58.0706,480,1.5484
58.0751,480,1.5484
58.0796,479,1.5452
58.0839,480,1.5484
58.0883,481,1.5516
58.0926,481,1.5516
58.0969,483,1.5581
58.1013,484,1.5613
58.1056,486,1.5677
58.1099,487,1.5710
58.1142,486,1.5677
58.1185,486,1.5677
58.1228,488,1.5742
58.1271,489,1.5774
58.1314,490,1.5806
58.1357,490,1.5806
58.1400,492,1.5871
58.1443,498,1.6065
58.1486,508,1.6387
58.1529,518,1.6710
58.1572,528,1.7032
58.1615,538,1.7355
58.1658,546,1.7613
58.1701,556,1.7935
58.1744,566,1.8258
58.1787,576,1.8581
58.1830,584,1.8839
58.1873,593,1.9129
58.1916,597,1.9258
58.1958,602,1.9419
58.2001,608,1.9613
58.2044,612,1.9742
58.2088,613,1.9774
58.2132,615,1.9839
58.2174,614,1.9806
58.2218,610,1.9677
58.2261,607,1.9581
58.2304,603,1.9452
58.2347,598,1.9290
58.2390,592,1.9097
58.2433,584,1.8839
58.2475,576,1.8581
58.2518,566,1.8258
58.2561,557,1.7968
58.2604,545,1.7581
58.2647,535,1.7258
58.2690,524,1.6903
58.2732,515,1.6613
58.2775,504,1.6258
58.2818,494,1.5935
58.2861,484,1.5613
58.2904,474,1.5290
58.2947,465,1.5000
58.2990,459,1.4806
58.3032,457,1.4742
58.3075,458,1.4774
58.3118,459,1.4806
58.3161,460,1.4839
58.3204,463,1.4935
58.3247,463,1.4935
58.3290,465,1.5000
58.3332,467,1.5065
58.3375,467,1.5065
58.3418,469,1.5129
58.3461,469,1.5129
58.3504,470,1.5161
58.3546,471,1.5194
58.3589,472,1.5226
58.3632,474,1.5290
58.3675,475,1.5323
58.3717,477,1.5387
58.3760,478,1.5419
58.3803,479,1.5452
58.3846,479,1.5452
58.3889,478,1.5419
58.3931,478,1.5419
58.3975,480,1.5484
58.4017,481,1.5516
58.4060,482,1.5548
58.4103,483,1.5581
58.4146,484,1.5613
58.4189,484,1.5613
58.4232,485,1.5645
58.4275,486,1.5677
58.4318,487,1.5710
58.4361,487,1.5710
58.4403,487,1.5710
58.4446,489,1.5774
58.4489,489,1.5774
58.4532,489,1.5774
58.4574,489,1.5774
58.4617,491,1.5839
58.4660,490,1.5806
58.4703,492,1.5871
58.4745,492,1.5871
58.4788,493,1.5903
58.4831,493,1.5903
58.4873,493,1.5903
58.4916,494,1.5935
58.4959,494,1.5935
58.5002,496,1.6000
58.5045,497,1.6032
58.5088,497,1.6032
58.5132,497,1.6032
58.5175,498,1.6065
58.5217,498,1.6065
58.5261,499,1.6097
58.5304,501,1.6161
58.5347,500,1.6129
58.5389,506,1.6323
58.5432,515,1.6613
58.5475,525,1.6935
58.5518,537,1.7323
58.5560,546,1.7613
58.5603,555,1.7903
58.5646,562,1.8129
58.5689,566,1.8258
58.5732,570,1.8387
58.5775,570,1.8387
58.5818,568,1.8323
58.5860,560,1.8065
58.5903,552,1.7806
58.5946,544,1.7548
58.5989,534,1.7226
58.6032,524,1.6903
58.6074,512,1.6516
58.6117,501,1.6161
58.6160,493,1.5903
58.6203,492,1.5871
58.6246,492,1.5871
58.6289,493,1.5903
58.6332,493,1.5903
58.6375,494,1.5935
58.6417,495,1.5968
58.6460,496,1.6000
58.6503,496,1.6000
58.6546,496,1.6000
58.6589,496,1.6000
58.6631,498,1.6065
58.6675,498,1.6065
58.6717,498,1.6065
58.6761,498,1.6065
58.6805,499,1.6097
58.6850,500,1.6129
58.6893,500,1.6129
58.6936,492,1.5871
58.6979,471,1.5194
58.7022,447,1.4419
58.7065,440,1.4194
58.7108,477,1.5387
58.7151,561,1.8097
58.7193,678,2.1871
58.7236,812,2.6194
58.7279,931,3.0032
58.7322,974,3.1419
58.7365,920,2.9677
58.7407,803,2.5903
58.7450,661,2.1323
58.7492,532,1.7161
58.7535,455,1.4677
58.7578,419,1.3516
58.7620,415,1.3387
58.7663,430,1.3871
58.7705,451,1.4548
58.7748,464,1.4968
58.7790,468,1.5097
58.7833,470,1.5161
58.7875,471,1.5194
58.7918,472,1.5226
58.7961,472,1.5226
58.8003,473,1.5258
58.8046,476,1.5355
58.8089,476,1.5355
58.8131,477,1.5387
58.8173,479,1.5452
58.8216,480,1.5484
58.8259,481,1.5516
58.8301,481,1.5516
58.8344,483,1.5581
58.8387,484,1.5613
58.8430,485,1.5645
58.8473,485,1.5645
58.8515,485,1.5645
58.8558,485,1.5645
58.8605,486,1.5677
58.8648,487,1.5710
58.8691,487,1.5710
58.8733,486,1.5677
58.8776,487,1.5710
58.8819,489,1.5774
58.8862,490,1.5806
58.8905,491,1.5839
58.8947,497,1.6032
58.8990,507,1.6355
58.9034,517,1.6677
58.9076,528,1.7032
58.9119,539,1.7387
58.9162,549,1.7710
58.9205,559,1.8032
58.9248,567,1.8290
58.9291,576,1.8581
58.9334,583,1.8806
58.9377,591,1.9065
58.9420,597,1.9258
58.9463,601,1.9387
58.9506,606,1.9548
58.9549,608,1.9613
58.9592,610,1.9677
58.9635,611,1.9710
58.9678,610,1.9677
58.9720,609,1.9645
58.9763,606,1.9548
58.9807,602,1.9419
58.9852,596,1.9226
58.9896,590,1.9032
58.9939,582,1.8774
58.9981,573,1.8484
59.0024,564,1.8194
59.0067,554,1.7871
59.0111,545,1.7581
59.0153,535,1.7258
59.0196,524,1.6903
59.0239,515,1.6613
59.0282,505,1.6290
59.0325,494,1.5935
59.0367,484,1.5613
59.0410,474,1.5290
59.0452,465,1.5000
59.0495,459,1.4806
59.0538,456,1.4710
59.0580,458,1.4774
59.0623,459,1.4806
59.0665,461,1.4871
59.0708,463,1.4935
59.0750,464,1.4968
59.0793,465,1.5000
59.0835,467,1.5065
59.0878,468,1.5097
59.0920,468,1.5097
59.0963,468,1.5097
59.1005,469,1.5129
59.1048,471,1.5194
59.1090,471,1.5194
59.1133,473,1.5258
59.1176,473,1.5258
59.1218,474,1.5290
59.1261,476,1.5355
59.1304,476,1.5355
59.1347,476,1.5355
59.1390,477,1.5387
59.1433,478,1.5419
59.1476,479,1.5452
59.1519,480,1.5484
59.1561,480,1.5484
59.1604,482,1.5548
59.1647,483,1.5581
59.1690,486,1.5677
59.1733,487,1.5710
59.1775,488,1.5742
59.1818,489,1.5774
59.1861,489,1.5774
59.1904,488,1.5742
59.1946,489,1.5774
59.1989,487,1.5710
59.2032,489,1.5774
59.2075,490,1.5806
59.2118,491,1.5839
59.2161,492,1.5871
59.2204,492,1.5871
59.2246,493,1.5903
59.2289,493,1.5903
59.2332,493,1.5903
59.2375,493,1.5903
59.2418,495,1.5968
59.2462,496,1.6000
59.2505,496,1.6000
59.2548,496,1.6000
59.2591,497,1.6032
59.2633,498,1.6065
59.2676,498,1.6065
59.2719,498,1.6065
59.2762,498,1.6065
59.2805,499,1.6097
59.2847,501,1.6161
59.2890,507,1.6355
59.2933,515,1.6613
59.2976,526,1.6968
59.3019,535,1.7258
59.3061,546,1.7613
59.3104,553,1.7839
59.3147,561,1.8097
59.3190,565,1.8226
59.3233,568,1.8323
59.3276,567,1.8290
59.3319,566,1.8258
59.3361,561,1.8097
59.3404,552,1.7806
59.3447,543,1.7516
59.3490,534,1.7226
59.3533,521,1.6806
59.3575,511,1.6484
59.3618,502,1.6194
59.3661,495,1.5968
59.3704,494,1.5935
59.3746,493,1.5903
59.3789,493,1.5903
59.3832,494,1.5935
59.3875,495,1.5968
59.3918,496,1.6000
59.3961,497,1.6032
59.4004,496,1.6000
59.4046,497,1.6032
59.4090,498,1.6065
59.4134,499,1.6097
59.4177,499,1.6097
59.4219,500,1.6129
59.4262,501,1.6161
59.4305,502,1.6194
59.4348,501,1.6161
59.4391,500,1.6129
59.4433,493,1.5903
59.4476,474,1.5290
59.4519,449,1.4484
59.4562,439,1.4161
59.4605,472,1.5226
59.4647,552,1.7806
59.4690,668,2.1548
59.4733,803,2.5903
59.4776,923,2.9774
59.4818,976,3.1484
59.4861,929,2.9968
59.4904,817,2.6355
59.4947,674,2.1742
59.4990,542,1.7484
59.5032,459,1.4806
59.5075,423,1.3645
59.5118,417,1.3452
59.5161,432,1.3935
59.5204,452,1.4581
59.5247,465,1.5000
59.5289,470,1.5161
59.5332,471,1.5194
59.5375,472,1.5226
59.5418,472,1.5226
59.5461,473,1.5258
59.5503,475,1.5323
59.5546,476,1.5355
59.5589,477,1.5387
59.5632,477,1.5387
59.5674,478,1.5419
59.5717,479,1.5452
59.5761,480,1.5484
59.5805,480,1.5484
59.5856,482,1.5548
59.5901,483,1.5581
59.5944,483,1.5581
59.5986,484,1.5613
59.6029,485,1.5645
59.6072,485,1.5645
59.6115,486,1.5677
59.6158,487,1.5710
59.6201,487,1.5710
59.6243,488,1.5742
59.6286,489,1.5774
59.6329,489,1.5774
59.6372,489,1.5774
59.6415,492,1.5871
59.6458,499,1.6097
59.6501,509,1.6419
59.6543,520,1.6774
59.6586,530,1.7097
59.6629,540,1.7419
59.6672,551,1.7774
59.6715,560,1.8065
59.6758,570,1.8387
59.6801,578,1.8645
59.6844,585,1.8871
59.6887,594,1.9161
59.6930,598,1.9290
59.6973,604,1.9484
59.7016,609,1.9645
59.7059,611,1.9710
59.7102,613,1.9774
59.7145,612,1.9742
59.7188,612,1.9742
59.7232,610,1.9677
59.7274,606,1.9548
59.7317,600,1.9355
59.7361,595,1.9194
59.7403,589,1.9000
59.7447,582,1.8774
59.7490,572,1.8452
59.7533,561,1.8097
59.7575,552,1.7806
59.7618,542,1.7484
59.7661,532,1.7161
59.7704,522,1.6839
59.7747,511,1.6484
59.7790,501,1.6161
59.7833,490,1.5806
59.7876,482,1.5548
59.7919,473,1.5258
59.7962,464,1.4968
59.8005,459,1.4806
59.8048,458,1.4774
59.8091,459,1.4806
59.8134,460,1.4839
59.8177,461,1.4871
59.8220,463,1.4935
59.8263,464,1.4968
59.8306,464,1.4968
59.8349,465,1.5000
59.8391,466,1.5032
59.8435,469,1.5129
59.8478,470,1.5161
59.8521,470,1.5161
59.8565,471,1.5194
59.8608,472,1.5226
59.8651,473,1.5258
59.8695,474,1.5290
59.8738,475,1.5323
59.8782,477,1.5387
59.8834,478,1.5419
59.8878,478,1.5419
59.8922,478,1.5419
59.8967,479,1.5452
59.9010,478,1.5419
59.9054,479,1.5452
59.9097,480,1.5484
59.9141,481,1.5516
59.9184,483,1.5581
59.9227,485,1.5645
59.9271,485,1.5645
59.9315,486,1.5677
59.9358,486,1.5677
59.9402,488,1.5742
59.9452,489,1.5774
59.9495,489,1.5774
59.9538,489,1.5774
59.9581,489,1.5774
59.9624,490,1.5806
59.9667,492,1.5871
59.9710,493,1.5903
59.9753,492,1.5871
59.9796,492,1.5871
59.9839,494,1.5935
59.9882,494,1.5935
59.9925,494,1.5935
59.9969,494,1.5935
60.0012,494,1.5935
60.0054,496,1.6000
60.0097,495,1.5968
60.0141,497,1.6032
60.0184,496,1.6000
60.0227,496,1.6000
60.0272,498,1.6065
60.0315,500,1.6129
60.0358,502,1.6194
60.0401,508,1.6387
60.0443,517,1.6677
60.0486,529,1.7065
60.0558,547,1.7645
60.0603,554,1.7871
60.0648,563,1.8161
60.0692,568,1.8323
60.0743,571,1.8419
60.0788,570,1.8387
60.0832,566,1.8258
60.0875,558,1.8000
60.0917,550,1.7742
60.0960,541,1.7452
60.1003,531,1.7129
60.1045,519,1.6742
60.1088,508,1.6387
60.1131,499,1.6097
60.1174,493,1.5903
60.1216,493,1.5903
60.1259,493,1.5903
60.1301,495,1.5968
60.1344,495,1.5968
60.1386,496,1.6000
60.1429,497,1.6032
60.1472,498,1.6065
60.1514,499,1.6097
60.1557,499,1.6097
60.1599,499,1.6097
60.1641,499,1.6097
60.1684,499,1.6097
60.1726,500,1.6129
60.1768,500,1.6129
60.1811,501,1.6161
60.1853,502,1.6194
60.1895,500,1.6129
60.1938,492,1.5871
60.1980,472,1.5226
60.2023,448,1.4452
60.2065,441,1.4226
60.2107,476,1.5355
60.2150,556,1.7935
60.2192,671,2.1645
60.2235,806,2.6000
60.2277,928,2.9935
60.2319,974,3.1419
60.2362,931,3.0032
60.2404,820,2.6452
60.2447,679,2.1903
60.2490,545,1.7581
60.2533,460,1.4839
60.2576,422,1.3613
60.2618,417,1.3452
60.2661,432,1.3935
60.2704,451,1.4548
60.2748,466,1.5032
60.2790,471,1.5194
60.2833,472,1.5226
60.2876,473,1.5258
60.2919,474,1.5290
60.2962,474,1.5290
60.3005,474,1.5290
60.3048,475,1.5323
60.3091,476,1.5355
60.3133,477,1.5387
60.3177,478,1.5419
60.3219,480,1.5484
60.3262,480,1.5484
60.3305,482,1.5548
60.3348,482,1.5548
60.3391,483,1.5581
60.3434,484,1.5613
60.3477,485,1.5645
60.3521,484,1.5613
60.3564,486,1.5677
60.3607,486,1.5677
60.3650,487,1.5710
60.3694,487,1.5710
60.3737,487,1.5710
60.3780,488,1.5742
60.3824,488,1.5742
60.3867,490,1.5806
60.3910,493,1.5903
60.3954,499,1.6097
60.3997,509,1.6419
60.4040,519,1.6742
60.4084,530,1.7097
60.4127,540,1.7419
60.4170,549,1.7710
60.4214,558,1.8000
60.4257,568,1.8323
60.4300,578,1.8645
60.4344,586,1.8903
60.4387,592,1.9097
60.4431,600,1.9355
60.4475,603,1.9452
60.4518,609,1.9645
60.4561,610,1.9677
60.4604,613,1.9774
60.4647,613,1.9774
60.4690,612,1.9742
60.4732,610,1.9677
60.4776,606,1.9548
60.4820,601,1.9387
60.4864,593,1.9129
60.4908,587,1.8935
60.4951,579,1.8677
60.4994,571,1.8419
60.5036,561,1.8097
60.5079,552,1.7806
60.5122,541,1.7452
60.5165,531,1.7129
60.5208,521,1.6806
60.5251,510,1.6452
60.5294,500,1.6129
60.5337,489,1.5774
60.5380,479,1.5452
60.5423,469,1.5129
60.5466,461,1.4871
60.5509,458,1.4774
60.5552,458,1.4774
60.5595,459,1.4806
60.5638,460,1.4839
60.5681,462,1.4903
60.5723,463,1.4935
60.5766,464,1.4968
60.5809,465,1.5000
60.5852,466,1.5032
60.5895,467,1.5065
60.5938,467,1.5065
60.5981,467,1.5065
60.6024,468,1.5097
60.6067,470,1.5161
60.6110,472,1.5226
60.6153,472,1.5226
60.6196,472,1.5226
60.6240,472,1.5226
60.6327,476,1.5355
60.6371,476,1.5355
60.6414,477,1.5387
60.6458,478,1.5419
60.6502,478,1.5419
60.6545,480,1.5484
60.6588,482,1.5548
60.6632,482,1.5548
60.6675,484,1.5613
60.6718,484,1.5613
60.6762,485,1.5645
60.6805,486,1.5677
60.6848,487,1.5710
60.6892,488,1.5742
60.6935,487,1.5710
60.6978,489,1.5774
60.7021,489,1.5774
60.7065,489,1.5774
60.7108,491,1.5839
60.7152,491,1.5839
60.7195,491,1.5839
60.7238,492,1.5871
60.7281,493,1.5903
60.7325,494,1.5935
60.7368,494,1.5935
60.7411,495,1.5968
60.7455,496,1.6000
60.7498,497,1.6032
60.7541,497,1.6032
60.7584,497,1.6032
60.7627,497,1.6032
60.7670,498,1.6065
60.7713,497,1.6032
60.7756,498,1.6065
60.7799,499,1.6097
60.7844,499,1.6097
60.7888,504,1.6258
60.7932,513,1.6548
60.7975,525,1.6935
60.8018,536,1.7290
60.8061,547,1.7645
60.8104,555,1.7903
60.8148,561,1.8097
60.8191,565,1.8226
60.8233,570,1.8387
60.8276,571,1.8419
60.8319,569,1.8355
60.8362,561,1.8097
60.8405,552,1.7806
60.8448,543,1.7516
60.8491,534,1.7226
60.8534,523,1.6871
60.8577,513,1.6548
60.8620,501,1.6161
60.8663,495,1.5968
60.8706,493,1.5903
60.8749,493,1.5903
60.8792,493,1.5903
60.8835,493,1.5903
60.8878,495,1.5968
60.8920,495,1.5968
60.8963,496,1.6000
60.9006,496,1.6000
60.9049,497,1.6032
60.9092,497,1.6032
60.9136,498,1.6065
60.9180,498,1.6065
60.9223,499,1.6097
60.9266,500,1.6129
60.9309,502,1.6194
60.9352,503,1.6226
60.9395,501,1.6161
60.9437,493,1.5903
60.9481,471,1.5194
60.9524,446,1.4387
60.9568,440,1.4194
60.9611,479,1.5452
60.9655,567,1.8290
60.9698,688,2.2194
60.9741,824,2.6581
60.9785,941,3.0355
60.9828,972,3.1355
60.9872,908,2.9290
60.9915,783,2.5258
60.9958,639,2.0613
61.0002,515,1.6613
61.0045,445,1.4355
61.0089,416,1.3419
61.0134,419,1.3516
61.0177,438,1.4129
61.0221,457,1.4742
61.0264,467,1.5065
61.0307,471,1.5194
61.0350,470,1.5161
61.0394,471,1.5194
61.0437,471,1.5194
61.0483,473,1.5258
61.0526,475,1.5323
61.0570,476,1.5355
61.0613,477,1.5387
61.0656,479,1.5452
61.0699,480,1.5484
61.0742,481,1.5516
61.0785,481,1.5516
61.0828,481,1.5516
61.0871,483,1.5581
61.0914,483,1.5581
61.0957,484,1.5613
61.1000,484,1.5613
61.1043,484,1.5613
61.1086,485,1.5645
61.1129,487,1.5710
61.1172,488,1.5742
61.1215,487,1.5710
61.1258,489,1.5774
61.1301,489,1.5774
61.1344,491,1.5839
61.1386,491,1.5839
61.1430,495,1.5968
61.1472,503,1.6226
61.1515,515,1.6613
61.1558,525,1.6935
61.1602,535,1.7258
61.1645,545,1.7581
61.1688,555,1.7903
61.1732,564,1.8194
61.1775,573,1.8484
61.1818,581,1.8742
61.1862,588,1.8968
61.1905,594,1.9161
61.1948,598,1.9290
61.1991,604,1.9484
61.2035,610,1.9677
61.2078,613,1.9774
61.2122,614,1.9806
61.2165,613,1.9774
61.2208,611,1.9710
61.2252,607,1.9581
61.2295,603,1.9452
61.2338,599,1.9323
61.2381,592,1.9097
61.2425,586,1.8903
61.2468,578,1.8645
61.2513,569,1.8355
61.2556,558,1.8000
61.2599,549,1.7710
61.2642,538,1.7355
61.2685,528,1.7032
61.2728,517,1.6677
61.2771,505,1.6290
61.2814,495,1.5968
61.2857,486,1.5677
61.2900,477,1.5387
61.2943,469,1.5129
61.2986,461,1.4871
61.3029,457,1.4742
61.3072,458,1.4774
61.3115,459,1.4806
61.3158,461,1.4871
61.3201,463,1.4935
61.3244,464,1.4968
61.3287,466,1.5032
61.3330,466,1.5032
61.3373,466,1.5032
61.3415,466,1.5032
61.3458,467,1.5065
61.3501,468,1.5097
61.3544,469,1.5129
61.3588,470,1.5161
61.3631,471,1.5194
61.3675,473,1.5258
61.3718,473,1.5258
61.3761,476,1.5355
61.3805,475,1.5323
61.3850,476,1.5355
61.3895,477,1.5387
61.3938,479,1.5452
61.3982,479,1.5452
61.4025,479,1.5452
61.4068,481,1.5516
61.4112,482,1.5548
61.4155,482,1.5548
61.4199,483,1.5581
61.4242,484,1.5613
61.4285,486,1.5677
61.4329,486,1.5677
61.4372,486,1.5677
61.4415,487,1.5710
61.4459,486,1.5677
61.4502,487,1.5710
61.4546,489,1.5774
61.4589,489,1.5774
61.4632,489,1.5774
61.4675,491,1.5839
61.4718,493,1.5903
61.4761,493,1.5903
61.4804,493,1.5903
61.4847,494,1.5935
61.4890,495,1.5968
61.4933,497,1.6032
61.4976,497,1.6032
61.5018,497,1.6032
61.5061,496,1.6000
61.5104,497,1.6032
61.5148,498,1.6065
61.5191,497,1.6032
61.5234,498,1.6065
61.5276,499,1.6097
61.5320,499,1.6097
61.5362,501,1.6161
61.5405,508,1.6387
61.5448,519,1.6742
61.5491,530,1.7097
61.5535,541,1.7452
61.5578,550,1.7742
61.5622,557,1.7968
61.5665,563,1.8161
61.5708,567,1.8290
61.5752,569,1.8355
61.5795,567,1.8290
61.5838,563,1.8161
61.5881,556,1.7935
61.5925,548,1.7677
61.5968,537,1.7323
61.6011,527,1.7000
61.6055,516,1.6645
61.6098,504,1.6258
61.6142,495,1.5968
61.6185,492,1.5871
61.6229,492,1.5871
61.6272,493,1.5903
61.6315,495,1.5968
61.6358,495,1.5968
61.6402,496,1.6000
61.6445,495,1.5968
61.6490,496,1.6000
61.6533,498,1.6065
61.6577,500,1.6129
61.6620,500,1.6129
61.6663,500,1.6129
61.6706,500,1.6129
61.6749,501,1.6161
61.6792,502,1.6194
61.6836,503,1.6226
61.6880,502,1.6194
61.6924,497,1.6032
61.6967,481,1.5516
61.7010,456,1.4710
61.7053,440,1.4194
61.7096,461,1.4871
61.7140,531,1.7129
61.7183,643,2.0742
61.7226,776,2.5032
61.7269,903,2.9129
61.7312,972,3.1355
61.7355,942,3.0387
61.7398,837,2.7000
61.7441,697,2.2484
61.7484,560,1.8065
61.7527,470,1.5161
61.7570,426,1.3742
61.7614,417,1.3452
61.7657,429,1.3839
61.7699,451,1.4548
61.7743,465,1.5000
61.7786,472,1.5226
61.7829,473,1.5258
61.7872,472,1.5226
61.7915,473,1.5258
61.7958,473,1.5258
61.8001,474,1.5290
61.8044,476,1.5355
61.8087,477,1.5387
61.8130,477,1.5387
61.8173,478,1.5419
61.8216,478,1.5419
61.8259,481,1.5516
61.8302,482,1.5548
61.8345,483,1.5581
61.8388,483,1.5581
61.8431,484,1.5613
61.8474,484,1.5613
61.8517,485,1.5645
61.8560,486,1.5677
61.8603,488,1.5742
61.8646,487,1.5710
61.8689,488,1.5742
61.8731,488,1.5742
61.8774,490,1.5806
61.8817,489,1.5774
61.8860,489,1.5774
61.8903,491,1.5839
61.8946,497,1.6032
61.8989,506,1.6323
61.9032,517,1.6677
61.9075,527,1.7000
61.9118,535,1.7258
61.9161,546,1.7613
61.9204,557,1.7968
61.9247,565,1.8226
61.9290,575,1.8548
61.9333,583,1.8806
61.9376,590,1.9032
61.9419,597,1.9258
61.9462,604,1.9484
61.9505,607,1.9581
61.9548,609,1.9645
61.9591,612,1.9742
61.9635,612,1.9742
61.9678,612,1.9742
61.9721,609,1.9645
61.9765,607,1.9581
61.9808,602,1.9419
61.9851,596,1.9226
61.9894,591,1.9065
61.9938,582,1.8774
61.9981,576,1.8581
62.0024,567,1.8290
62.0068,557,1.7968
62.0111,546,1.7613
62.0155,536,1.7290
62.0198,526,1.6968
62.0241,515,1.6613
62.0285,503,1.6226
62.0328,492,1.5871
62.0372,482,1.5548
62.0415,474,1.5290
62.0458,464,1.4968
62.0502,460,1.4839
62.0545,458,1.4774
62.0588,458,1.4774
62.0631,460,1.4839
62.0675,461,1.4871
62.0717,463,1.4935
62.0760,463,1.4935
62.0803,465,1.5000
62.0846,465,1.5000
62.0889,466,1.5032
62.0933,467,1.5065
62.0976,468,1.5097
62.1018,470,1.5161
62.1061,471,1.5194
62.1105,472,1.5226
62.1148,473,1.5258
62.1191,473,1.5258
62.1234,475,1.5323
62.1280,475,1.5323
62.1324,476,1.5355
62.1367,477,1.5387
62.1410,479,1.5452
62.1452,479,1.5452
62.1496,480,1.5484
62.1538,481,1.5516
62.1581,481,1.5516
62.1624,482,1.5548
62.1667,483,1.5581
62.1710,485,1.5645
62.1753,486,1.5677
62.1796,486,1.5677
62.1839,486,1.5677
62.1882,486,1.5677
62.1925,488,1.5742
62.1968,489,1.5774
62.2010,488,1.5742
62.2053,489,1.5774
62.2096,489,1.5774
62.2140,489,1.5774
62.2183,491,1.5839
62.2226,491,1.5839
62.2269,491,1.5839
62.2312,492,1.5871
62.2355,491,1.5839
62.2398,493,1.5903
62.2440,493,1.5903
62.2483,495,1.5968
62.2526,495,1.5968
62.2569,496,1.6000
62.2613,497,1.6032
62.2656,496,1.6000
62.2699,497,1.6032
62.2743,499,1.6097
62.2786,499,1.6097
62.2831,500,1.6129
62.2875,503,1.6226
62.2919,510,1.6452
62.2963,522,1.6839
62.3006,534,1.7226
62.3050,546,1.7613
62.3093,555,1.7903
62.3138,561,1.8097
62.3182,566,1.8258
62.3225,571,1.8419
62.3269,571,1.8419
62.3312,569,1.8355
62.3355,563,1.8161
62.3398,556,1.7935
62.3442,547,1.7645
62.3485,537,1.7323
62.3528,526,1.6968
62.3572,515,1.6613
62.3616,504,1.6258
62.3659,497,1.6032
62.3702,493,1.5903
62.3745,492,1.5871
62.3788,494,1.5935
62.3831,495,1.5968
62.3874,496,1.6000
62.3917,497,1.6032
62.3960,497,1.6032
62.4003,496,1.6000
62.4049,497,1.6032
62.4092,498,1.6065
62.4136,499,1.6097
62.4179,499,1.6097
62.4222,500,1.6129
62.4265,501,1.6161
62.4308,501,1.6161
62.4350,501,1.6161
62.4394,500,1.6129
62.4436,493,1.5903
62.4479,474,1.5290
62.4522,448,1.4452
62.4565,440,1.4194
62.4608,474,1.5290
62.4651,554,1.7871
62.4694,672,2.1677
62.4737,809,2.6097
62.4780,931,3.0032
62.4823,975,3.1452
62.4866,925,2.9839
62.4909,811,2.6161
62.4952,665,2.1452
62.4995,536,1.7290
62.5038,455,1.4677
62.5080,421,1.3581
62.5123,418,1.3484
62.5166,434,1.4000
62.5210,454,1.4645
62.5253,465,1.5000
62.5295,470,1.5161
62.5338,471,1.5194
62.5381,471,1.5194
62.5424,472,1.5226
62.5467,475,1.5323
62.5510,475,1.5323
62.5553,475,1.5323
62.5596,477,1.5387
62.5640,477,1.5387
62.5683,480,1.5484
62.5726,479,1.5452
62.5770,480,1.5484
62.5815,481,1.5516
62.5860,483,1.5581
62.5904,484,1.5613
62.5948,483,1.5581
62.5991,485,1.5645
62.6034,484,1.5613
62.6078,484,1.5613
62.6121,485,1.5645
62.6164,487,1.5710
62.6208,488,1.5742
62.6251,489,1.5774
62.6294,490,1.5806
62.6338,489,1.5774
62.6381,490,1.5806
62.6424,495,1.5968
62.6468,502,1.6194
62.6511,512,1.6516
62.6554,523,1.6871
62.6598,533,1.7194
62.6642,543,1.7516
62.6685,553,1.7839
62.6729,563,1.8161
62.6772,573,1.8484
62.6815,580,1.8710
62.6858,588,1.8968
62.6901,594,1.9161
62.6944,601,1.9387
62.6987,605,1.9516
62.7030,609,1.9645
62.7073,611,1.9710
62.7116,614,1.9806
62.7159,613,1.9774
62.7202,611,1.9710
62.7245,609,1.9645
62.7288,605,1.9516
62.7331,601,1.9387
62.7374,593,1.9129
62.7417,586,1.8903
62.7460,576,1.8581
62.7502,570,1.8387
62.7545,560,1.8065
62.7588,550,1.7742
62.7631,541,1.7452
62.7674,530,1.7097
62.7717,520,1.6774
62.7760,510,1.6452
62.7803,500,1.6129
62.7846,489,1.5774
62.7889,479,1.5452
62.7932,470,1.5161
62.7975,463,1.4935
62.8018,459,1.4806
62.8061,459,1.4806
62.8104,460,1.4839
62.8147,463,1.4935
62.8190,464,1.4968
62.8233,465,1.5000
62.8276,466,1.5032
62.8319,467,1.5065
62.8362,467,1.5065
62.8404,467,1.5065
62.8447,468,1.5097
62.8490,469,1.5129
62.8533,471,1.5194
62.8576,472,1.5226
62.8619,472,1.5226
62.8663,473,1.5258
62.8706,473,1.5258
62.8750,474,1.5290
62.8793,477,1.5387
62.8836,479,1.5452
62.8880,480,1.5484
62.8923,479,1.5452
62.8966,479,1.5452
62.9010,480,1.5484
62.9053,480,1.5484
62.9096,482,1.5548
62.9140,483,1.5581
62.9183,484,1.5613
62.9226,484,1.5613
62.9270,484,1.5613
62.9314,486,1.5677
62.9357,486,1.5677
62.9401,488,1.5742
62.9444,488,1.5742
62.9487,489,1.5774
62.9531,490,1.5806
62.9574,490,1.5806
62.9617,491,1.5839
62.9660,490,1.5806
62.9704,490,1.5806
62.9747,493,1.5903
62.9790,493,1.5903
62.9833,494,1.5935
62.9876,495,1.5968
62.9919,495,1.5968
62.9962,495,1.5968
63.0004,496,1.6000
63.0047,496,1.6000
63.0090,497,1.6032
63.0133,497,1.6032
63.0176,495,1.5968
63.0219,497,1.6032
63.0263,498,1.6065
63.0306,500,1.6129
63.0349,501,1.6161
63.0392,505,1.6290
63.0435,514,1.6581
63.0478,525,1.6935
63.0521,536,1.7290
63.0564,546,1.7613
63.0606,555,1.7903
63.0649,564,1.8194
63.0692,569,1.8355
63.0736,572,1.8452
63.0779,571,1.8419
63.0822,567,1.8290
63.0866,561,1.8097
63.0909,554,1.7871
63.0952,544,1.7548
63.0996,532,1.7161
63.1039,521,1.6806
63.1082,509,1.6419
63.1125,499,1.6097
63.1169,492,1.5871
63.1213,492,1.5871
63.1256,492,1.5871
63.1300,493,1.5903
63.1343,494,1.5935
63.1386,495,1.5968
63.1430,496,1.6000
63.1473,497,1.6032
63.1516,497,1.6032
63.1560,497,1.6032
63.1603,497,1.6032
63.1646,497,1.6032
63.1690,499,1.6097
63.1734,500,1.6129
63.1777,500,1.6129
63.1821,501,1.6161
63.1866,501,1.6161
63.1910,498,1.6065
63.1953,486,1.5677
63.1996,464,1.4968
63.2039,442,1.4258
63.2081,447,1.4419
63.2124,499,1.6097
63.2168,598,1.9290
63.2211,723,2.3323
63.2254,859,2.7710
63.2297,958,3.0903
63.2340,967,3.1194
63.2383,885,2.8548
63.2426,755,2.4355
63.2468,610,1.9677
63.2511,498,1.6065
63.2554,437,1.4097
63.2597,416,1.3419
63.2640,421,1.3581
63.2683,441,1.4226
63.2726,459,1.4806
63.2769,467,1.5065
63.2813,471,1.5194
63.2856,472,1.5226
63.2899,472,1.5226
63.2942,473,1.5258
63.2985,474,1.5290
63.3028,474,1.5290
63.3071,476,1.5355
63.3114,477,1.5387
63.3157,478,1.5419
63.3200,478,1.5419
63.3243,479,1.5452
63.3286,480,1.5484
63.3329,480,1.5484
63.3372,481,1.5516
63.3415,481,1.5516
63.3458,482,1.5548
63.3500,483,1.5581
63.3543,485,1.5645
63.3586,486,1.5677
63.3629,487,1.5710
63.3672,489,1.5774
63.3715,488,1.5742
63.3758,489,1.5774
63.3802,489,1.5774
63.3845,488,1.5742
63.3888,490,1.5806
63.3931,496,1.6000
63.3975,504,1.6258
63.4018,514,1.6581
63.4061,524,1.6903
63.4105,534,1.7226
63.4148,546,1.7613
63.4191,555,1.7903
63.4235,564,1.8194
63.4278,574,1.8516
63.4322,581,1.8742
63.4365,588,1.8968
63.4408,593,1.9129
63.4451,599,1.9323
63.4495,603,1.9452
63.4538,608,1.9613
63.4581,609,1.9645
63.4625,612,1.9742
63.4668,612,1.9742
63.4711,611,1.9710
63.4754,608,1.9613
63.4798,603,1.9452
63.4842,596,1.9226
63.4886,591,1.9065
63.4929,583,1.8806
63.4972,575,1.8548
63.5015,566,1.8258
63.5059,556,1.7935
63.5102,548,1.7677
63.5145,537,1.7323
63.5188,525,1.6935
63.5231,515,1.6613
63.5274,504,1.6258
63.5317,495,1.5968
63.5360,485,1.5645
63.5403,476,1.5355
63.5445,466,1.5032
63.5489,459,1.4806
63.5531,457,1.4742
63.5574,457,1.4742
63.5617,458,1.4774
63.5660,459,1.4806
63.5703,461,1.4871
63.5746,463,1.4935
63.5789,464,1.4968
63.5832,464,1.4968
63.5875,467,1.5065
63.5918,468,1.5097
63.5961,469,1.5129
63.6004,469,1.5129
63.6047,471,1.5194
63.6090,472,1.5226
63.6134,472,1.5226
63.6177,473,1.5258
63.6220,474,1.5290
63.6262,475,1.5323
63.6306,476,1.5355
63.6349,476,1.5355
63.6391,477,1.5387
63.6434,477,1.5387
63.6477,478,1.5419
63.6520,481,1.5516
63.6563,483,1.5581
63.6606,485,1.5645
63.6649,484,1.5613
63.6692,484,1.5613
63.6736,485,1.5645
63.6779,485,1.5645
63.6822,485,1.5645
63.6866,486,1.5677
63.6909,487,1.5710
63.6952,490,1.5806
63.6996,491,1.5839
63.7039,491,1.5839
63.7082,492,1.5871
63.7126,493,1.5903
63.7169,493,1.5903
63.7213,494,1.5935
63.7256,495,1.5968
63.7300,496,1.6000
63.7343,496,1.6000
63.7386,496,1.6000
63.7429,497,1.6032
63.7473,497,1.6032
63.7516,496,1.6000
63.7559,498,1.6065
63.7603,498,1.6065
63.7646,498,1.6065
63.7689,499,1.6097
63.7732,500,1.6129
63.7776,499,1.6097
63.7819,499,1.6097
63.7862,501,1.6161
63.7905,507,1.6355
63.7948,516,1.6645
63.7991,528,1.7032
63.8033,540,1.7419
63.8076,551,1.7774
63.8119,557,1.7968
63.8163,565,1.8226
63.8205,569,1.8355
63.8248,571,1.8419
63.8291,570,1.8387
63.8334,567,1.8290
63.8377,559,1.8032
63.8420,550,1.7742
63.8463,540,1.7419
63.8506,530,1.7097
63.8549,520,1.6774
63.8592,510,1.6452
63.8635,498,1.6065
63.8678,492,1.5871
63.8720,491,1.5839
63.8764,491,1.5839
63.8807,493,1.5903
63.8850,495,1.5968
63.8893,496,1.6000
63.8936,496,1.6000
63.8980,496,1.6000
63.9023,498,1.6065
63.9066,497,1.6032
63.9110,499,1.6097
63.9154,499,1.6097
63.9197,497,1.6032
63.9240,498,1.6065
63.9283,498,1.6065
63.9327,500,1.6129
63.9370,500,1.6129
63.9414,498,1.6065
63.9457,485,1.5645
63.9500,462,1.4903
63.9544,441,1.4226
63.9587,451,1.4548
63.9630,508,1.6387
63.9674,610,1.9677
63.9717,738,2.3806
63.9761,878,2.8323
63.9805,965,3.1129
63.9848,956,3.0839
63.9891,864,2.7871
63.9934,728,2.3484
63.9977,588,1.8968
64.0020,484,1.5613
64.0062,432,1.3935
64.0105,416,1.3419
64.0148,424,1.3677
64.0191,443,1.4290
64.0234,459,1.4806
64.0277,467,1.5065
64.0320,470,1.5161
64.0363,471,1.5194
64.0406,470,1.5161
64.0449,472,1.5226
64.0492,474,1.5290
64.0535,475,1.5323
64.0578,477,1.5387
64.0621,477,1.5387
64.0664,477,1.5387
64.0707,478,1.5419
64.0750,478,1.5419
64.0793,479,1.5452
64.0837,480,1.5484
64.0881,481,1.5516
64.0926,482,1.5548
64.0969,483,1.5581
64.1014,483,1.5581
64.1057,485,1.5645
64.1100,485,1.5645
64.1144,486,1.5677
64.1187,488,1.5742
64.1230,489,1.5774
64.1274,490,1.5806
64.1317,490,1.5806
64.1360,489,1.5774
64.1404,490,1.5806
64.1447,497,1.6032
64.1490,507,1.6355
64.1534,516,1.6645
64.1577,527,1.7000
64.1620,538,1.7355
64.1663,548,1.7677
64.1707,557,1.7968
64.1754,569,1.8355
64.1797,577,1.8613
64.1841,585,1.8871
64.1884,592,1.9097
64.1927,596,1.9226
64.1969,603,1.9452
64.2013,609,1.9645
64.2056,612,1.9742
64.2099,613,1.9774
64.2142,612,1.9742
64.2185,611,1.9710
64.2227,607,1.9581
64.2271,604,1.9484
64.2314,601,1.9387
64.2357,593,1.9129
64.2400,588,1.8968
64.2443,580,1.8710
64.2485,570,1.8387
64.2528,563,1.8161
64.2571,554,1.7871
64.2614,545,1.7581
64.2657,534,1.7226
64.2700,524,1.6903
64.2743,514,1.6581
64.2787,502,1.6194
64.2830,492,1.5871
64.2874,482,1.5548
64.2917,474,1.5290
64.2960,466,1.5032
64.3003,460,1.4839
64.3047,459,1.4806
64.3090,459,1.4806
64.3133,460,1.4839
64.3177,461,1.4871
64.3220,462,1.4903
64.3264,463,1.4935
64.3307,465,1.5000
64.3350,465,1.5000
64.3393,466,1.5032
64.3437,467,1.5065
64.3480,469,1.5129
64.3523,471,1.5194
64.3567,471,1.5194
64.3610,471,1.5194
64.3653,473,1.5258
64.3697,473,1.5258
64.3740,473,1.5258
64.3783,474,1.5290
64.3827,474,1.5290
64.3872,476,1.5355
64.3917,476,1.5355
64.3960,477,1.5387
64.4003,478,1.5419
64.4046,479,1.5452
64.4089,479,1.5452
64.4132,482,1.5548
64.4175,483,1.5581
64.4218,484,1.5613
64.4261,485,1.5645
64.4304,486,1.5677
64.4347,487,1.5710
64.4390,487,1.5710
64.4433,487,1.5710
64.4476,488,1.5742
64.4519,489,1.5774
64.4562,491,1.5839
64.4605,490,1.5806
64.4647,490,1.5806
64.4690,491,1.5839
64.4733,492,1.5871
64.4776,493,1.5903
64.4820,494,1.5935
64.4863,495,1.5968
64.4906,495,1.5968
64.4949,495,1.5968
64.4992,497,1.6032
64.5034,497,1.6032
64.5077,496,1.6000
64.5120,496,1.6000
64.5163,498,1.6065
64.5206,498,1.6065
64.5249,499,1.6097
64.5292,499,1.6097
64.5335,499,1.6097
64.5379,503,1.6226
64.5421,510,1.6452
64.5464,521,1.6806
64.5507,533,1.7194
64.5550,545,1.7581
64.5593,554,1.7871
64.5636,560,1.8065
64.5679,566,1.8258
64.5722,570,1.8387
64.5765,570,1.8387
64.5808,567,1.8290
64.5851,563,1.8161
64.5894,556,1.7935
64.5938,548,1.7677
64.5981,538,1.7355
64.6024,527,1.7000
64.6067,516,1.6645
64.6111,506,1.6323
64.6154,497,1.6032
64.6198,494,1.5935
64.6241,494,1.5935
64.6284,494,1.5935
64.6327,494,1.5935
64.6371,495,1.5968
64.6415,496,1.6000
64.6458,497,1.6032
64.6501,499,1.6097
64.6545,500,1.6129
64.6588,500,1.6129
64.6631,500,1.6129
64.6675,499,1.6097
64.6718,498,1.6065
64.6761,500,1.6129
64.6805,501,1.6161
64.6848,500,1.6129
64.6891,500,1.6129
64.6934,495,1.5968
64.6977,477,1.5387
64.7020,452,1.4581
64.7063,440,1.4194
64.7106,469,1.5129
64.7149,547,1.7645
64.7192,663,2.1387
64.7235,794,2.5613
64.7278,921,2.9710
64.7321,975,3.1452
64.7364,931,3.0032
64.7407,817,2.6355
64.7450,677,2.1839
64.7493,544,1.7548
64.7536,460,1.4839
64.7579,422,1.3613
64.7622,416,1.3419
64.7664,431,1.3903
64.7707,452,1.4581
64.7750,465,1.5000
64.7793,470,1.5161
64.7836,471,1.5194
64.7879,472,1.5226
64.7923,472,1.5226
64.7966,473,1.5258
64.8009,475,1.5323
64.8053,476,1.5355
64.8096,477,1.5387
64.8141,478,1.5419
64.8184,479,1.5452
64.8227,479,1.5452
64.8271,480,1.5484
64.8314,480,1.5484
64.8358,481,1.5516
64.8401,482,1.5548
64.8445,482,1.5548
64.8488,483,1.5581
64.8531,484,1.5613
64.8574,485,1.5645
64.8618,486,1.5677
64.8661,487,1.5710
64.8704,488,1.5742
64.8748,489,1.5774
64.8791,489,1.5774
64.8834,490,1.5806
64.8877,492,1.5871
64.8921,496,1.6000
64.8964,504,1.6258
64.9007,513,1.6548
64.9050,522,1.6839
64.9092,532,1.7161
64.9135,543,1.7516
64.9178,553,1.7839
64.9222,562,1.8129
64.9264,572,1.8452
64.9307,580,1.8710
64.9350,587,1.8935
64.9393,594,1.9161
64.9436,599,1.9323
64.9479,604,1.9484
64.9522,611,1.9710
64.9565,611,1.9710
64.9608,614,1.9806
64.9651,614,1.9806
64.9694,613,1.9774
64.9737,611,1.9710
64.9779,606,1.9548
64.9823,602,1.9419
64.9867,597,1.9258
64.9912,589,1.9000
64.9955,581,1.8742
64.9998,572,1.8452
65.0041,563,1.8161
65.0085,552,1.7806
65.0128,542,1.7484
65.0170,533,1.7194
65.0214,522,1.6839
65.0257,513,1.6548
65.0300,502,1.6194
65.0343,493,1.5903
65.0386,483,1.5581
65.0429,473,1.5258
65.0472,464,1.4968
65.0515,458,1.4774
65.0558,460,1.4839
65.0601,461,1.4871
65.0646,462,1.4903
65.0691,462,1.4903
65.0736,464,1.4968
65.0782,464,1.4968
65.0827,465,1.5000
65.0872,466,1.5032
65.0916,467,1.5065
65.0959,469,1.5129
65.1001,471,1.5194
65.1044,471,1.5194
65.1087,473,1.5258
65.1130,473,1.5258
65.1172,476,1.5355
65.1215,476,1.5355
65.1258,477,1.5387
65.1301,478,1.5419
65.1343,478,1.5419
65.1386,479,1.5452
65.1429,480,1.5484
65.1472,480,1.5484
65.1515,480,1.5484
65.1558,481,1.5516
65.1601,483,1.5581
65.1643,483,1.5581
65.1686,482,1.5548
65.1729,483,1.5581
65.1772,485,1.5645
65.1815,485,1.5645
65.1858,486,1.5677
65.1901,486,1.5677
65.1943,487,1.5710
65.1986,489,1.5774
65.2029,490,1.5806
65.2072,490,1.5806
65.2115,491,1.5839
65.2157,492,1.5871
65.2200,492,1.5871
65.2243,493,1.5903
65.2286,493,1.5903
65.2329,493,1.5903
65.2371,493,1.5903
65.2414,492,1.5871
65.2457,493,1.5903
65.2500,495,1.5968
65.2543,495,1.5968
65.2586,495,1.5968
65.2628,496,1.6000
65.2671,497,1.6032
65.2714,497,1.6032
65.2757,499,1.6097
65.2800,499,1.6097
65.2844,499,1.6097
65.2887,504,1.6258
65.2931,513,1.6548
65.2975,523,1.6871
65.3018,534,1.7226
65.3060,545,1.7581
65.3103,553,1.7839
65.3147,561,1.8097
65.3189,568,1.8323
65.3232,569,1.8355
65.3274,569,1.8355
65.3317,567,1.8290
65.3360,562,1.8129
65.3403,555,1.7903
65.3446,547,1.7645
65.3489,536,1.7290
65.3531,524,1.6903
65.3574,513,1.6548
65.3617,502,1.6194
65.3660,495,1.5968
65.3702,493,1.5903
65.3745,492,1.5871
65.3788,493,1.5903
65.3831,493,1.5903
65.3874,495,1.5968
65.3916,495,1.5968
65.3960,496,1.6000
65.4003,496,1.6000
65.4045,497,1.6032
65.4088,496,1.6000
65.4130,496,1.6000
65.4173,497,1.6032
65.4216,498,1.6065
65.4258,498,1.6065
65.4301,500,1.6129
65.4344,501,1.6161
65.4387,501,1.6161
65.4430,495,1.5968
65.4473,476,1.5355
65.4515,452,1.4581
65.4558,439,1.4161
65.4601,462,1.4903
65.4643,532,1.7161
65.4685,642,2.0710
65.4728,769,2.4806
65.4770,898,2.8968
65.4813,971,3.1323
65.4856,947,3.0548
65.4898,844,2.7226
65.4941,711,2.2935
65.4984,570,1.8387
65.5026,475,1.5323
65.5070,428,1.3806
65.5113,415,1.3387
65.5156,427,1.3774
65.5199,446,1.4387
65.5242,461,1.4871
65.5284,469,1.5129
65.5328,472,1.5226
65.5371,472,1.5226
65.5414,472,1.5226
65.5457,473,1.5258
65.5500,474,1.5290
65.5543,476,1.5355
65.5586,477,1.5387
65.5629,477,1.5387
65.5672,478,1.5419
65.5715,480,1.5484
65.5758,481,1.5516
65.5801,482,1.5548
65.5844,482,1.5548
65.5887,483,1.5581
65.5931,484,1.5613
65.5973,484,1.5613
65.6016,485,1.5645
65.6059,485,1.5645
65.6102,487,1.5710
65.6145,488,1.5742
65.6188,487,1.5710
65.6231,488,1.5742
65.6274,488,1.5742
65.6317,488,1.5742
65.6360,490,1.5806
65.6403,492,1.5871
65.6446,499,1.6097
65.6489,507,1.6355
65.6532,518,1.6710
65.6574,528,1.7032
65.6618,536,1.7290
65.6660,546,1.7613
65.6703,555,1.7903
65.6746,564,1.8194
65.6789,575,1.8548
65.6832,583,1.8806
65.6875,589,1.9000
65.6918,596,1.9226
65.6961,601,1.9387
65.7004,605,1.9516
65.7047,609,1.9645
65.7089,611,1.9710
65.7134,611,1.9710
65.7177,611,1.9710
65.7220,608,1.9613
65.7263,606,1.9548
65.7306,601,1.9387
65.7349,597,1.9258
65.7391,592,1.9097
65.7434,584,1.8839
65.7477,575,1.8548
65.7520,567,1.8290
65.7563,557,1.7968
65.7606,548,1.7677
65.7649,537,1.7323
65.7692,527,1.7000
65.7735,517,1.6677
65.7778,507,1.6355
65.7821,496,1.6000
65.7864,487,1.5710
65.7906,477,1.5387
65.7949,467,1.5065
65.7992,460,1.4839
65.8035,458,1.4774
65.8078,458,1.4774
65.8121,460,1.4839
65.8164,462,1.4903
65.8207,464,1.4968
65.8250,463,1.4935
65.8293,465,1.5000
65.8335,467,1.5065
65.8378,468,1.5097
65.8421,469,1.5129
65.8464,469,1.5129
65.8507,470,1.5161
65.8550,471,1.5194
65.8593,472,1.5226
65.8636,473,1.5258
65.8680,474,1.5290
65.8722,476,1.5355
65.8765,477,1.5387
65.8809,478,1.5419
65.8855,479,1.5452
65.8899,479,1.5452
65.8944,480,1.5484
65.8988,481,1.5516
65.9031,482,1.5548
65.9074,483,1.5581
65.9118,484,1.5613
65.9161,484,1.5613
65.9204,485,1.5645
65.9247,485,1.5645
65.9290,485,1.5645
65.9333,486,1.5677
65.9376,487,1.5710
65.9472,489,1.5774
65.9516,489,1.5774
65.9559,490,1.5806
65.9602,492,1.5871
65.9644,493,1.5903
65.9687,492,1.5871
65.9730,492,1.5871
65.9773,492,1.5871
65.9816,493,1.5903
65.9858,494,1.5935
65.9901,494,1.5935
65.9943,494,1.5935
65.9986,495,1.5968
66.0029,494,1.5935
66.0071,494,1.5935
66.0114,495,1.5968
66.0157,495,1.5968
66.0200,495,1.5968
66.0242,497,1.6032
66.0285,497,1.6032
66.0328,497,1.6032
66.0370,500,1.6129
66.0414,508,1.6387
66.0456,517,1.6677
66.0499,529,1.7065
66.0542,538,1.7355
66.0584,550,1.7742
66.0627,557,1.7968
66.0669,564,1.8194
66.0712,568,1.8323
66.0754,571,1.8419
66.0797,570,1.8387
66.0839,567,1.8290
66.0882,560,1.8065
66.0924,550,1.7742
66.0967,541,1.7452
66.1010,530,1.7097
66.1053,517,1.6677
66.1096,506,1.6323
66.1139,497,1.6032
66.1182,492,1.5871
66.1225,491,1.5839
66.1268,492,1.5871
66.1311,493,1.5903
66.1354,495,1.5968
66.1397,496,1.6000
66.1439,496,1.6000
66.1482,495,1.5968
66.1525,496,1.6000
66.1568,498,1.6065
66.1611,498,1.6065
66.1653,497,1.6032
66.1697,498,1.6065
66.1740,498,1.6065
66.1782,500,1.6129
66.1826,500,1.6129
66.1916,497,1.6032
66.1961,482,1.5548
66.2008,457,1.4742
66.2051,438,1.4129
66.2095,455,1.4677
66.2137,518,1.6710
66.2181,624,2.0129
66.2224,756,2.4387
66.2267,889,2.8677
66.2310,969,3.1258
66.2354,950,3.0645
66.2397,849,2.7387
66.2440,712,2.2968
66.2483,572,1.8452
66.2526,475,1.5323
66.2570,427,1.3774
66.2613,415,1.3387
66.2656,425,1.3710
66.2699,446,1.4387
66.2742,461,1.4871
66.2785,469,1.5129
66.2829,471,1.5194
66.2872,470,1.5161
66.2915,471,1.5194
66.2957,473,1.5258
66.3000,473,1.5258
66.3044,475,1.5323
66.3087,476,1.5355
66.3130,477,1.5387
66.3175,478,1.5419
66.3219,479,1.5452
66.3262,480,1.5484
66.3305,480,1.5484
66.3347,481,1.5516
66.3390,481,1.5516
66.3434,482,1.5548
66.3477,483,1.5581
66.3521,484,1.5613
66.3565,485,1.5645
66.3608,485,1.5645
66.3651,485,1.5645
66.3694,486,1.5677
66.3737,487,1.5710
66.3780,487,1.5710
66.3823,487,1.5710
66.3866,489,1.5774
66.3909,491,1.5839
66.3952,496,1.6000
66.3996,506,1.6323
66.4039,517,1.6677
66.4082,528,1.7032
66.4125,538,1.7355
66.4168,548,1.7677
66.4211,556,1.7935
66.4255,566,1.8258
66.4298,575,1.8548
66.4341,583,1.8806
66.4384,590,1.9032
66.4427,598,1.9290
66.4470,602,1.9419
66.4513,607,1.9581
66.4556,611,1.9710
66.4600,608,1.9613
66.4643,615,1.9839
66.4687,613,1.9774
66.4730,611,1.9710
66.4773,607,1.9581
66.4819,601,1.9387
66.4862,597,1.9258
66.4905,590,1.9032
66.4948,581,1.8742
66.4991,573,1.8484
66.5035,565,1.8226
66.5079,555,1.7903
66.5122,544,1.7548
66.5165,535,1.7258
66.5208,524,1.6903
66.5251,513,1.6548
66.5294,505,1.6290
66.5337,494,1.5935
66.5380,483,1.5581
66.5423,473,1.5258
66.5466,465,1.5000
66.5509,460,1.4839
66.5552,458,1.4774
66.5596,460,1.4839
66.5641,461,1.4871
66.5684,461,1.4871
66.5727,463,1.4935
66.5770,464,1.4968
66.5813,465,1.5000
66.5856,466,1.5032
66.5899,468,1.5097
66.5942,469,1.5129
66.5985,470,1.5161
66.6029,471,1.5194
66.6073,473,1.5258
66.6116,474,1.5290
66.6160,475,1.5323
66.6202,477,1.5387
66.6245,478,1.5419
66.6295,477,1.5387
66.6338,478,1.5419
66.6381,479,1.5452
66.6424,479,1.5452
66.6467,479,1.5452
66.6510,479,1.5452
66.6553,480,1.5484
66.6596,482,1.5548
66.6639,483,1.5581
66.6682,483,1.5581
66.6726,483,1.5581
66.6769,484,1.5613
66.6811,487,1.5710
66.6854,487,1.5710
66.6897,488,1.5742
66.6941,488,1.5742
66.6984,489,1.5774
66.7027,489,1.5774
66.7070,489,1.5774
66.7114,490,1.5806
66.7157,491,1.5839
66.7200,491,1.5839
66.7242,493,1.5903
66.7285,493,1.5903
66.7329,493,1.5903
66.7372,495,1.5968
66.7415,496,1.6000
66.7458,496,1.6000
66.7501,495,1.5968
66.7544,496,1.6000
66.7587,496,1.6000
66.7630,497,1.6032
66.7673,498,1.6065
66.7716,499,1.6097
66.7759,500,1.6129
66.7803,499,1.6097
66.7847,500,1.6129
66.7891,504,1.6258
66.7935,514,1.6581
66.7978,524,1.6903
66.8021,535,1.7258
66.8064,545,1.7581
66.8108,554,1.7871
66.8151,561,1.8097
66.8194,566,1.8258
66.8237,570,1.8387
66.8280,570,1.8387
66.8323,567,1.8290
66.8366,561,1.8097
66.8409,553,1.7839
66.8452,544,1.7548
66.8495,534,1.7226
66.8543,521,1.6806
66.8587,511,1.6484
66.8630,501,1.6161
66.8673,494,1.5935
66.8716,492,1.5871
66.8759,492,1.5871
66.8802,494,1.5935
66.8845,495,1.5968
66.8888,494,1.5935
66.8931,493,1.5903
66.8974,494,1.5935
66.9017,496,1.6000
66.9061,496,1.6000
66.9103,497,1.6032
66.9146,498,1.6065
66.9189,498,1.6065
66.9232,499,1.6097
66.9274,499,1.6097
66.9317,499,1.6097
66.9361,500,1.6129
66.9404,500,1.6129
66.9447,490,1.5806
66.9490,469,1.5129
66.9533,445,1.4355
66.9577,443,1.4290
66.9620,488,1.5742
66.9663,578,1.8645
66.9706,700,2.2581
66.9749,836,2.6968
66.9792,948,3.0581
66.9835,970,3.1290
66.9878,902,2.9097
66.9921,780,2.5161
66.9964,636,2.0516
67.0007,514,1.6581
67.0050,446,1.4387
67.0093,418,1.3484
67.0137,419,1.3516
67.0180,438,1.4129
67.0223,457,1.4742
67.0266,466,1.5032
67.0309,469,1.5129
67.0352,469,1.5129
67.0395,470,1.5161
67.0438,472,1.5226
67.0481,474,1.5290
67.0524,475,1.5323
67.0567,476,1.5355
67.0611,475,1.5323
67.0654,476,1.5355
67.0697,478,1.5419
67.0740,478,1.5419
67.0783,479,1.5452
67.0827,479,1.5452
67.0872,480,1.5484
67.0916,481,1.5516
67.0959,481,1.5516
67.1003,482,1.5548
67.1045,484,1.5613
67.1088,484,1.5613
67.1132,485,1.5645
67.1175,485,1.5645
67.1218,485,1.5645
67.1261,486,1.5677
67.1304,487,1.5710
67.1347,488,1.5742
67.1390,488,1.5742
67.1433,494,1.5935
67.1476,501,1.6161
67.1519,512,1.6516
67.1563,522,1.6839
67.1606,531,1.7129
67.1648,543,1.7516
67.1691,552,1.7806
67.1734,561,1.8097
67.1777,571,1.8419
67.1819,579,1.8677
67.1862,586,1.8903
67.1905,594,1.9161
67.1947,600,1.9355
67.1990,605,1.9516
67.2032,610,1.9677
67.2075,611,1.9710
67.2118,613,1.9774
67.2160,613,1.9774
67.2203,612,1.9742
67.2246,608,1.9613
67.2289,605,1.9516
67.2331,600,1.9355
67.2374,594,1.9161
67.2416,588,1.8968
67.2459,580,1.8710
67.2502,572,1.8452
67.2544,563,1.8161
67.2587,552,1.7806
67.2629,544,1.7548
67.2672,533,1.7194
67.2714,522,1.6839
67.2757,513,1.6548
67.2800,502,1.6194
67.2843,492,1.5871
67.2886,482,1.5548
67.2928,472,1.5226
67.2971,464,1.4968
67.3014,461,1.4871
67.3057,459,1.4806
67.3100,460,1.4839
67.3142,461,1.4871
67.3185,462,1.4903
67.3227,463,1.4935
67.3270,465,1.5000
67.3313,466,1.5032
67.3355,468,1.5097
67.3398,468,1.5097
67.3441,469,1.5129
67.3484,470,1.5161
67.3526,470,1.5161
67.3569,471,1.5194
67.3611,472,1.5226
67.3654,473,1.5258
67.3697,473,1.5258
67.3739,474,1.5290
67.3781,476,1.5355
67.3824,477,1.5387
67.3867,477,1.5387
67.3909,478,1.5419
67.3952,479,1.5452
67.3995,480,1.5484
67.4037,480,1.5484
67.4080,481,1.5516
67.4122,482,1.5548
67.4165,484,1.5613
67.4209,485,1.5645
67.4251,486,1.5677
67.4294,485,1.5645
67.4337,486,1.5677
67.4380,486,1.5677
67.4423,487,1.5710
67.4465,488,1.5742
67.4508,488,1.5742
67.4551,488,1.5742
67.4594,490,1.5806
67.4637,490,1.5806
67.4680,491,1.5839
67.4723,491,1.5839
67.4766,492,1.5871
67.4809,493,1.5903
67.4852,493,1.5903
67.4895,495,1.5968
67.4937,495,1.5968
67.4980,496,1.6000
67.5023,498,1.6065
67.5066,498,1.6065
67.5110,498,1.6065
67.5153,497,1.6032
67.5197,497,1.6032
67.5242,499,1.6097
67.5285,500,1.6129
67.5329,499,1.6097
67.5372,502,1.6194
67.5415,509,1.6419
67.5459,518,1.6710
67.5502,530,1.7097
67.5546,541,1.7452
67.5589,551,1.7774
67.5632,560,1.8065
67.5676,566,1.8258
67.5720,571,1.8419
67.5763,571,1.8419
67.5807,569,1.8355
67.5851,564,1.8194
67.5893,556,1.7935
67.5936,549,1.7710
67.5979,540,1.7419
67.6022,529,1.7065
67.6065,517,1.6677
67.6109,506,1.6323
67.6152,498,1.6065
67.6195,494,1.5935
67.6237,494,1.5935
67.6280,496,1.6000
67.6323,497,1.6032
67.6365,496,1.6000
67.6408,498,1.6065
67.6450,498,1.6065
67.6493,498,1.6065
67.6536,498,1.6065
67.6578,500,1.6129
67.6621,500,1.6129
67.6663,501,1.6161
67.6706,501,1.6161
67.6749,501,1.6161
67.6791,502,1.6194
67.6834,502,1.6194
67.6878,502,1.6194
67.6922,498,1.6065
67.6965,484,1.5613
67.7014,455,1.4677
67.7057,439,1.4161
67.7100,461,1.4871
67.7143,529,1.7065
67.7189,647,2.0871
67.7232,781,2.5194
67.7274,906,2.9226
67.7317,973,3.1387
67.7360,942,3.0387
67.7402,839,2.7065
67.7445,703,2.2677
67.7488,564,1.8194
67.7530,471,1.5194
67.7573,427,1.3774
67.7615,416,1.3419
67.7658,428,1.3806
67.7701,448,1.4452
67.7743,462,1.4903
67.7786,469,1.5129
67.7828,471,1.5194
67.7871,472,1.5226
67.7914,472,1.5226
67.7957,474,1.5290
67.8000,475,1.5323
67.8042,476,1.5355
67.8085,477,1.5387
67.8128,478,1.5419
67.8172,479,1.5452
67.8215,480,1.5484
67.8259,480,1.5484
67.8302,481,1.5516
67.8345,481,1.5516
67.8389,482,1.5548
67.8432,483,1.5581
67.8475,484,1.5613
67.8518,484,1.5613
67.8562,485,1.5645
67.8605,487,1.5710
67.8648,488,1.5742
67.8692,488,1.5742
67.8735,489,1.5774
67.8778,490,1.5806
67.8822,491,1.5839
67.8865,490,1.5806
67.8908,492,1.5871
67.8951,499,1.6097
67.8995,508,1.6387
67.9038,519,1.6742
67.9081,530,1.7097
67.9125,539,1.7387
67.9168,549,1.7710
67.9211,557,1.7968
67.9254,568,1.8323
67.9297,577,1.8613
67.9340,583,1.8806
67.9383,590,1.9032
67.9426,597,1.9258
67.9469,603,1.9452
67.9512,605,1.9516
67.9555,609,1.9645
67.9598,611,1.9710
67.9640,610,1.9677
67.9683,610,1.9677
67.9726,609,1.9645
67.9769,607,1.9581
67.9813,603,1.9452
67.9857,597,1.9258
67.9901,590,1.9032
67.9944,582,1.8774
67.9987,573,1.8484
68.0031,564,1.8194
68.0073,555,1.7903
68.0116,546,1.7613
68.0159,535,1.7258
68.0202,524,1.6903
68.0246,514,1.6581
68.0290,503,1.6226
68.0333,493,1.5903
68.0376,483,1.5581
68.0420,474,1.5290
68.0463,465,1.5000
68.0506,459,1.4806
68.0549,458,1.4774
68.0593,458,1.4774
68.0636,460,1.4839
68.0679,461,1.4871
68.0723,461,1.4871
68.0766,462,1.4903
68.0809,465,1.5000
68.0853,466,1.5032
68.0896,467,1.5065
68.0939,467,1.5065
68.0982,468,1.5097
68.1026,469,1.5129
68.1070,470,1.5161
68.1113,471,1.5194
68.1158,473,1.5258
68.1201,474,1.5290
68.1244,475,1.5323
68.1287,476,1.5355
68.1330,476,1.5355
68.1373,478,1.5419
68.1416,479,1.5452
68.1459,480,1.5484
68.1502,481,1.5516
68.1545,481,1.5516
68.1588,483,1.5581
68.1631,483,1.5581
68.1674,483,1.5581
68.1717,483,1.5581
68.1760,485,1.5645
68.1802,486,1.5677
68.1845,485,1.5645
68.1888,487,1.5710
68.1931,489,1.5774
68.1974,490,1.5806
68.2017,490,1.5806
68.2060,490,1.5806
68.2103,490,1.5806
68.2146,491,1.5839
68.2189,491,1.5839
68.2232,492,1.5871
68.2276,493,1.5903
68.2319,493,1.5903
68.2362,494,1.5935
68.2405,494,1.5935
68.2449,494,1.5935
68.2492,496,1.6000
68.2535,496,1.6000
68.2579,497,1.6032
68.2622,497,1.6032
68.2665,499,1.6097
68.2709,499,1.6097
68.2752,501,1.6161
68.2795,501,1.6161
68.2839,501,1.6161
68.2882,505,1.6290
68.2925,512,1.6516
68.2969,523,1.6871
68.3012,534,1.7226
68.3055,545,1.7581
68.3098,554,1.7871
68.3142,562,1.8129
68.3185,568,1.8323
68.3228,572,1.8452
68.3272,571,1.8419
68.3315,567,1.8290
68.3357,563,1.8161
68.3400,556,1.7935
68.3443,548,1.7677
68.3486,539,1.7387
68.3529,527,1.7000
68.3572,516,1.6645
68.3615,506,1.6323
68.3658,497,1.6032
68.3701,494,1.5935
68.3744,494,1.5935
68.3787,495,1.5968
68.3830,496,1.6000
68.3873,496,1.6000
68.3916,496,1.6000
68.3958,497,1.6032
68.4001,497,1.6032
68.4044,498,1.6065
68.4087,498,1.6065
68.4130,498,1.6065
68.4173,498,1.6065
68.4216,500,1.6129
68.4259,501,1.6161
68.4303,501,1.6161
68.4373,501,1.6161
68.4417,498,1.6065
68.4461,485,1.5645
68.4506,461,1.4871
68.4551,440,1.4194
68.4596,457,1.4742
68.4640,523,1.6871
68.4693,659,2.1258
68.4737,797,2.5710
68.4781,921,2.9710
68.4824,976,3.1484
68.4868,931,3.0032
68.4911,813,2.6226
68.4955,668,2.1548
68.4998,537,1.7323
68.5041,457,1.4742
68.5085,424,1.3677
68.5128,418,1.3484
68.5173,434,1.4000
68.5216,455,1.4677
68.5259,467,1.5065
68.5302,471,1.5194
68.5345,472,1.5226
68.5388,473,1.5258
68.5430,472,1.5226
68.5473,473,1.5258
68.5516,475,1.5323
68.5559,476,1.5355
68.5602,477,1.5387
68.5644,478,1.5419
68.5687,479,1.5452
68.5730,480,1.5484
68.5773,481,1.5516
68.5816,481,1.5516
68.5860,481,1.5516
68.5904,482,1.5548
68.5947,483,1.5581
68.5991,484,1.5613
68.6034,485,1.5645
68.6077,486,1.5677
68.6119,486,1.5677
68.6162,487,1.5710
68.6206,487,1.5710
68.6249,489,1.5774
68.6292,488,1.5742
68.6339,487,1.5710
68.6383,490,1.5806
68.6426,494,1.5935
68.6469,503,1.6226
68.6512,512,1.6516
68.6555,523,1.6871
68.6598,532,1.7161
68.6642,542,1.7484
68.6685,551,1.7774
68.6728,560,1.8065
68.6771,570,1.8387
68.6815,578,1.8645
68.6858,585,1.8871
68.6901,592,1.9097
68.6944,598,1.9290
68.6987,605,1.9516
68.7030,608,1.9613
68.7073,611,1.9710
68.7116,613,1.9774
68.7161,611,1.9710
68.7205,612,1.9742
68.7248,609,1.9645
68.7291,605,1.9516
68.7334,600,1.9355
68.7377,593,1.9129
68.7421,586,1.8903
68.7463,577,1.8613
68.7506,569,1.8355
68.7549,561,1.8097
68.7592,551,1.7774
68.7636,542,1.7484
68.7679,531,1.7129
68.7721,519,1.6742
68.7764,508,1.6387
68.7808,497,1.6032
68.7851,488,1.5742
68.7894,478,1.5419
68.7937,469,1.5129
68.7982,460,1.4839
68.8025,457,1.4742
68.8068,458,1.4774
68.8111,460,1.4839
68.8154,460,1.4839
68.8197,462,1.4903
68.8240,462,1.4903
68.8284,462,1.4903
68.8327,464,1.4968
68.8369,463,1.4935
68.8413,465,1.5000
68.8456,465,1.5000
68.8499,468,1.5097
68.8542,470,1.5161
68.8585,470,1.5161
68.8628,471,1.5194
68.8671,473,1.5258
68.8714,475,1.5323
68.8757,475,1.5323
68.8803,476,1.5355
68.8847,477,1.5387
68.8892,477,1.5387
68.8936,479,1.5452
68.8979,480,1.5484
68.9022,481,1.5516
68.9065,481,1.5516
68.9108,481,1.5516
68.9151,483,1.5581
68.9194,483,1.5581
68.9241,484,1.5613
68.9285,486,1.5677
68.9328,486,1.5677
68.9371,487,1.5710
68.9415,487,1.5710
68.9459,486,1.5677
68.9501,486,1.5677
68.9544,489,1.5774
68.9587,490,1.5806
68.9630,490,1.5806
68.9674,490,1.5806
68.9717,491,1.5839
68.9760,491,1.5839
68.9803,494,1.5935
68.9846,495,1.5968
68.9889,495,1.5968
68.9932,496,1.6000
68.9975,496,1.6000
69.0018,497,1.6032
69.0061,498,1.6065
69.0104,497,1.6032
69.0147,497,1.6032
69.0190,498,1.6065
69.0233,500,1.6129
69.0277,500,1.6129
69.0320,500,1.6129
69.0363,501,1.6161
69.0406,506,1.6323
69.0449,517,1.6677
69.0492,527,1.7000
69.0535,537,1.7323
69.0578,548,1.7677
69.0621,557,1.7968
69.0664,563,1.8161
69.0707,568,1.8323
69.0752,569,1.8355
69.0795,568,1.8323
69.0843,564,1.8194
69.0887,557,1.7968
69.0930,548,1.7677
69.0973,539,1.7387
69.1016,528,1.7032
69.1059,516,1.6645
69.1102,505,1.6290
69.1145,495,1.5968
69.1188,491,1.5839
69.1231,491,1.5839
69.1274,493,1.5903
69.1317,493,1.5903
69.1360,494,1.5935
69.1403,494,1.5935
69.1446,495,1.5968
69.1489,496,1.6000
69.1532,497,1.6032
69.1575,498,1.6065
69.1618,500,1.6129
69.1661,499,1.6097
69.1704,497,1.6032
69.1747,498,1.6065
69.1790,501,1.6161
69.1834,501,1.6161
69.1877,501,1.6161
69.1920,497,1.6032
69.1963,483,1.5581
69.2006,461,1.4871
69.2049,441,1.4226
69.2092,452,1.4581
69.2135,512,1.6516
69.2178,614,1.9806
69.2221,743,2.3968
69.2264,876,2.8258
69.2308,964,3.1097
69.2351,957,3.0871
69.2394,865,2.7903
69.2437,731,2.3581
69.2480,590,1.9032
69.2523,484,1.5613
69.2566,431,1.3903
69.2609,415,1.3387
69.2652,423,1.3645
69.2695,442,1.4258
69.2738,458,1.4774
69.2781,467,1.5065
69.2824,469,1.5129
69.2867,470,1.5161
69.2910,470,1.5161
69.2954,470,1.5161
69.2997,471,1.5194
69.3040,473,1.5258
69.3083,474,1.5290
69.3130,475,1.5323
69.3174,477,1.5387
69.3217,478,1.5419
69.3260,480,1.5484
69.3303,480,1.5484
69.3346,481,1.5516
69.3389,481,1.5516
69.3432,482,1.5548
69.3475,483,1.5581
69.3518,483,1.5581
69.3562,484,1.5613
69.3605,485,1.5645
69.3647,485,1.5645
69.3690,486,1.5677
69.3733,487,1.5710
69.3777,489,1.5774
69.3820,489,1.5774
69.3863,489,1.5774
69.3906,492,1.5871
69.3949,498,1.6065
69.3992,506,1.6323
69.4035,515,1.6613
69.4078,526,1.6968
69.4121,536,1.7290
69.4164,545,1.7581
69.4207,556,1.7935
69.4250,566,1.8258
69.4293,574,1.8516
69.4337,582,1.8774
69.4380,589,1.9000
69.4423,596,1.9226
69.4466,602,1.9419
69.4509,607,1.9581
69.4552,610,1.9677
69.4595,612,1.9742
69.4638,613,1.9774
69.4681,611,1.9710
69.4724,609,1.9645
69.4767,606,1.9548
69.4811,603,1.9452
69.4856,598,1.9290
69.4900,590,1.9032
69.4947,581,1.8742
69.4992,574,1.8516
69.5034,565,1.8226
69.5077,555,1.7903
69.5120,546,1.7613
69.5163,537,1.7323
69.5207,524,1.6903
69.5250,515,1.6613
69.5293,504,1.6258
69.5336,492,1.5871
69.5380,484,1.5613
69.5423,474,1.5290
69.5466,466,1.5032
69.5509,459,1.4806
69.5552,458,1.4774
69.5595,459,1.4806
69.5638,460,1.4839
69.5681,461,1.4871
69.5724,462,1.4903
69.5767,463,1.4935
69.5810,466,1.5032
69.5854,466,1.5032
69.5897,468,1.5097
69.5939,468,1.5097
69.5982,469,1.5129
69.6026,471,1.5194
69.6069,472,1.5226
69.6112,472,1.5226
69.6155,474,1.5290
69.6198,474,1.5290
69.6241,476,1.5355
69.6285,476,1.5355
69.6328,477,1.5387
69.6371,478,1.5419
69.6415,478,1.5419
69.6458,479,1.5452
69.6501,480,1.5484
69.6543,481,1.5516
69.6586,482,1.5548
69.6630,482,1.5548
69.6673,483,1.5581
69.6716,485,1.5645
69.6758,486,1.5677
69.6801,486,1.5677
69.6845,487,1.5710
69.6888,487,1.5710
69.6931,488,1.5742
69.6974,490,1.5806
69.7017,490,1.5806
69.7060,489,1.5774
69.7103,489,1.5774
69.7146,491,1.5839
69.7189,492,1.5871
69.7232,493,1.5903
69.7275,494,1.5935
69.7318,494,1.5935
69.7361,494,1.5935
69.7404,494,1.5935
69.7448,494,1.5935
69.7491,495,1.5968
69.7534,496,1.6000
69.7576,497,1.6032
69.7619,498,1.6065
69.7663,499,1.6097
69.7706,499,1.6097
69.7749,499,1.6097
69.7792,500,1.6129
69.7835,500,1.6129
69.7880,503,1.6226
69.7924,511,1.6484
69.7967,521,1.6806
69.8011,533,1.7194
69.8054,543,1.7516
69.8097,553,1.7839
69.8140,560,1.8065
69.8183,567,1.8290
69.8226,570,1.8387
69.8269,571,1.8419
69.8313,569,1.8355
69.8356,563,1.8161
69.8404,556,1.7935
69.8448,548,1.7677
69.8491,537,1.7323
69.8534,526,1.6968
69.8576,514,1.6581
69.8620,503,1.6226
69.8663,494,1.5935
69.8706,493,1.5903
69.8749,492,1.5871
69.8792,493,1.5903
69.8835,495,1.5968
69.8878,497,1.6032
69.8921,498,1.6065
69.8964,498,1.6065
69.9007,499,1.6097
69.9050,499,1.6097
69.9093,500,1.6129
69.9136,500,1.6129
69.9179,501,1.6161
69.9222,502,1.6194
69.9266,503,1.6226
69.9310,502,1.6194
69.9353,503,1.6226
69.9395,502,1.6194
69.9438,495,1.5968
69.9481,479,1.5452
69.9523,454,1.4645
69.9566,442,1.4258
69.9608,470,1.5161
69.9651,543,1.7516
69.9693,656,2.1161
69.9736,789,2.5452
69.9779,914,2.9484
69.9822,975,3.1452
69.9864,940,3.0323
69.9907,830,2.6774
69.9949,692,2.2323
69.9992,558,1.8000
