time_s,adc_raw,voltage
0.0000,606,1.9548
0.0044,595,1.9194
0.0232,541,1.7452
0.0276,527,1.7000
0.0320,512,1.6516
0.0364,498,1.6065
0.0408,484,1.5613
0.0452,470,1.5161
0.0497,457,1.4742
0.0542,446,1.4387
0.0586,440,1.4194
0.0631,438,1.4129
0.0675,440,1.4194
0.0719,441,1.4226
0.0764,442,1.4258
0.0808,444,1.4323
0.0853,447,1.4419
0.0897,448,1.4452
0.0941,449,1.4484
0.0985,449,1.4484
0.1029,451,1.4548
0.1074,453,1.4613
0.1118,455,1.4677
0.1162,457,1.4742
0.1207,459,1.4806
0.1251,460,1.4839
0.1295,461,1.4871
0.1338,462,1.4903
0.1382,464,1.4968
0.1426,465,1.5000
0.1470,465,1.5000
0.1514,466,1.5032
0.1557,467,1.5065
0.1601,468,1.5097
0.1645,468,1.5097
0.1688,470,1.5161
0.1732,471,1.5194
0.1775,471,1.5194
0.1819,472,1.5226
0.1864,473,1.5258
0.1909,474,1.5290
0.1955,476,1.5355
0.2004,477,1.5387
0.2053,479,1.5452
0.2100,479,1.5452
0.2144,481,1.5516
0.2188,482,1.5548
0.2232,483,1.5581
0.2276,484,1.5613
0.2321,484,1.5613
0.2367,485,1.5645
0.2414,486,1.5677
0.2460,486,1.5677
0.2508,487,1.5710
0.2557,489,1.5774
0.2613,488,1.5742
0.2660,488,1.5742
0.2708,489,1.5774
0.2754,491,1.5839
0.2797,492,1.5871
0.2841,494,1.5935
0.2885,494,1.5935
0.2928,498,1.6065
0.2973,505,1.6290
0.3023,518,1.6710
0.3067,534,1.7226
0.3112,548,1.7677
0.3155,561,1.8097
0.3199,574,1.8516
0.3242,583,1.8806
0.3285,587,1.8935
0.3329,590,1.9032
0.3373,586,1.8903
0.3417,581,1.8742
0.3460,571,1.8419
0.3504,560,1.8065
0.3548,545,1.7581
0.3591,532,1.7161
0.3634,518,1.6710
0.3684,502,1.6194
0.3728,489,1.5774
0.3772,485,1.5645
0.3816,485,1.5645
0.3863,485,1.5645
0.3906,486,1.5677
0.3950,487,1.5710
0.3993,489,1.5774
0.4037,489,1.5774
0.4080,492,1.5871
0.4123,493,1.5903
0.4167,492,1.5871
0.4210,492,1.5871
0.4260,493,1.5903
0.4303,494,1.5935
0.4350,494,1.5935
0.4393,495,1.5968
0.4437,496,1.6000
0.4480,493,1.5903
0.4524,477,1.5387
0.4567,447,1.4419
0.4609,418,1.3484
0.4651,423,1.3645
0.4692,486,1.5677
0.4734,605,1.9516
0.4776,765,2.4677
0.4818,940,3.0323
0.4859,1000,3.2258
0.4901,1001,3.2290
0.4943,999,3.2226
0.4985,954,3.0774
0.5026,761,2.4548
0.5068,560,1.8065
0.5110,437,1.4097
0.5151,386,1.2452
0.5193,380,1.2258
0.5235,400,1.2903
0.5278,429,1.3839
0.5320,447,1.4419
0.5431,454,1.4645
0.5474,456,1.4710
0.5517,458,1.4774
0.5560,458,1.4774
0.5603,460,1.4839
0.5645,462,1.4903
0.5688,463,1.4935
0.5731,464,1.4968
0.5773,465,1.5000
0.5815,465,1.5000
0.5856,467,1.5065
0.5898,468,1.5097
0.5939,468,1.5097
0.5981,468,1.5097
0.6023,469,1.5129
0.6064,472,1.5226
0.6106,473,1.5258
0.6148,474,1.5290
0.6189,475,1.5323
0.6231,475,1.5323
0.6273,477,1.5387
0.6314,478,1.5419
0.6356,478,1.5419
0.6397,479,1.5452
0.6439,480,1.5484
0.6480,485,1.5645
0.6522,493,1.5903
0.6564,505,1.6290
0.6605,518,1.6710
0.6647,533,1.7194
0.6688,544,1.7548
0.6730,557,1.7968
0.6772,569,1.8355
0.6814,582,1.8774
0.6855,595,1.9194
0.6897,604,1.9484
0.6939,613,1.9774
0.6980,621,2.0032
0.7022,628,2.0258
0.7064,635,2.0484
0.7105,639,2.0613
0.7147,642,2.0710
0.7189,644,2.0774
0.7230,646,2.0839
0.7272,646,2.0839
0.7314,642,2.0710
0.7355,635,2.0484
0.7397,630,2.0323
0.7439,622,2.0065
0.7480,615,1.9839
0.7522,603,1.9452
0.7564,593,1.9129
0.7605,580,1.8710
0.7647,567,1.8290
0.7689,554,1.7871
0.7730,540,1.7419
0.7772,528,1.7032
0.7814,514,1.6581
0.7856,499,1.6097
0.7897,488,1.5742
0.7939,477,1.5387
0.7981,463,1.4935
0.8022,451,1.4548
0.8064,442,1.4258
0.8106,440,1.4194
0.8147,439,1.4161
0.8189,440,1.4194
0.8231,443,1.4290
0.8272,443,1.4290
0.8314,445,1.4355
0.8356,446,1.4387
0.8397,449,1.4484
0.8439,450,1.4516
0.8480,452,1.4581
0.8522,453,1.4613
0.8564,454,1.4645
0.8605,454,1.4645
0.8647,456,1.4710
0.8688,458,1.4774
0.8730,459,1.4806
0.8772,460,1.4839
0.8813,461,1.4871
0.8855,462,1.4903
0.8897,463,1.4935
0.8938,463,1.4935
0.8980,465,1.5000
0.9021,466,1.5032
0.9063,468,1.5097
0.9104,468,1.5097
0.9146,469,1.5129
0.9188,470,1.5161
0.9229,471,1.5194
0.9271,472,1.5226
0.9313,474,1.5290
0.9355,475,1.5323
0.9396,475,1.5323
0.9438,475,1.5323
0.9479,477,1.5387
0.9521,478,1.5419
0.9563,479,1.5452
0.9604,480,1.5484
0.9646,482,1.5548
0.9688,482,1.5548
0.9729,482,1.5548
0.9771,484,1.5613
0.9813,484,1.5613
0.9854,487,1.5710
0.9896,487,1.5710
0.9938,487,1.5710
0.9979,486,1.5677
1.0021,487,1.5710
1.0063,488,1.5742
1.0104,489,1.5774
1.0146,489,1.5774
1.0189,490,1.5806
1.0231,492,1.5871
1.0273,492,1.5871
1.0315,490,1.5806
1.0356,491,1.5839
1.0398,493,1.5903
1.0440,497,1.6032
1.0481,507,1.6355
1.0523,520,1.6774
1.0565,532,1.7161
1.0606,547,1.7645
1.0648,559,1.8032
1.0690,570,1.8387
1.0732,579,1.8677
1.0773,586,1.8903
1.0815,588,1.8968
1.0857,587,1.8935
1.0898,581,1.8742
1.0940,574,1.8516
1.0981,567,1.8290
1.1023,555,1.7903
1.1065,541,1.7452
1.1106,526,1.6968
1.1148,512,1.6516
1.1190,499,1.6097
1.1232,488,1.5742
1.1274,485,1.5645
1.1315,485,1.5645
1.1357,486,1.5677
1.1398,487,1.5710
1.1440,489,1.5774
1.1482,488,1.5742
1.1523,488,1.5742
1.1565,488,1.5742
1.1606,489,1.5774
1.1648,491,1.5839
1.1689,490,1.5806
1.1731,490,1.5806
1.1772,490,1.5806
1.1814,492,1.5871
1.1856,492,1.5871
1.1897,492,1.5871
1.1939,493,1.5903
1.1981,491,1.5839
1.2022,477,1.5387
1.2064,449,1.4484
1.2105,418,1.3484
1.2147,417,1.3452
1.2189,474,1.5290
1.2230,591,1.9065
1.2272,749,2.4161
1.2314,924,2.9806
1.2355,1000,3.2258
1.2397,1002,3.2323
1.2439,1000,3.2258
1.2480,968,3.1226
1.2522,787,2.5387
1.2564,579,1.8677
1.2605,447,1.4419
1.2647,390,1.2581
1.2689,380,1.2258
1.2730,398,1.2839
1.2772,426,1.3742
1.2814,445,1.4355
1.2855,453,1.4613
1.2897,455,1.4677
1.2939,456,1.4710
1.2980,457,1.4742
1.3022,457,1.4742
1.3063,459,1.4806
1.3105,459,1.4806
1.3147,460,1.4839
1.3190,461,1.4871
1.3232,463,1.4935
1.3274,465,1.5000
1.3316,466,1.5032
1.3358,469,1.5129
1.3399,470,1.5161
1.3441,470,1.5161
1.3483,471,1.5194
1.3524,472,1.5226
1.3566,472,1.5226
1.3607,473,1.5258
1.3649,473,1.5258
1.3690,473,1.5258
1.3732,475,1.5323
1.3773,476,1.5355
1.3815,476,1.5355
1.3857,479,1.5452
1.3898,480,1.5484
1.3940,479,1.5452
1.3981,483,1.5581
1.4023,492,1.5871
1.4065,504,1.6258
1.4106,517,1.6677
1.4148,531,1.7129
1.4189,543,1.7516
1.4232,557,1.7968
1.4273,570,1.8387
1.4315,580,1.8710
1.4357,593,1.9129
1.4398,602,1.9419
1.4440,614,1.9806
1.4482,621,2.0032
1.4523,629,2.0290
1.4565,635,2.0484
1.4606,640,2.0645
1.4648,643,2.0742
1.4690,644,2.0774
1.4732,646,2.0839
1.4774,642,2.0710
1.4817,640,2.0645
1.4860,633,2.0419
1.4903,627,2.0226
1.4946,618,1.9935
1.4989,608,1.9613
1.5033,597,1.9258
1.5076,588,1.8968
1.5119,575,1.8548
1.5162,562,1.8129
1.5205,549,1.7710
1.5248,534,1.7226
1.5291,520,1.6774
1.5334,507,1.6355
1.5377,493,1.5903
1.5420,479,1.5452
1.5463,467,1.5065
1.5505,456,1.4710
1.5548,444,1.4323
1.5591,440,1.4194
1.5634,438,1.4129
1.5677,440,1.4194
1.5720,441,1.4226
1.5763,443,1.4290
1.5805,445,1.4355
1.5848,448,1.4452
1.5891,449,1.4484
1.5934,450,1.4516
1.5977,451,1.4548
1.6020,453,1.4613
1.6063,454,1.4645
1.6106,454,1.4645
1.6149,455,1.4677
1.6192,456,1.4710
1.6235,458,1.4774
1.6278,460,1.4839
1.6322,461,1.4871
1.6365,462,1.4903
1.6408,463,1.4935
1.6450,464,1.4968
1.6493,465,1.5000
1.6536,466,1.5032
1.6579,467,1.5065
1.6622,467,1.5065
1.6665,469,1.5129
1.6707,469,1.5129
1.6751,469,1.5129
1.6794,471,1.5194
1.6837,473,1.5258
1.6880,475,1.5323
1.6923,477,1.5387
1.6966,478,1.5419
1.7009,478,1.5419
1.7052,479,1.5452
1.7095,480,1.5484
1.7138,481,1.5516
1.7181,481,1.5516
1.7224,481,1.5516
1.7267,484,1.5613
1.7310,484,1.5613
1.7354,485,1.5645
1.7397,484,1.5613
1.7439,485,1.5645
1.7482,486,1.5677
1.7525,487,1.5710
1.7569,489,1.5774
1.7611,489,1.5774
1.7654,489,1.5774
1.7697,490,1.5806
1.7741,491,1.5839
1.7784,491,1.5839
1.7827,493,1.5903
1.7870,494,1.5935
1.7913,495,1.5968
1.7956,501,1.6161
1.7999,512,1.6516
1.8042,525,1.6935
1.8085,541,1.7452
1.8128,555,1.7903
1.8172,567,1.8290
1.8215,576,1.8581
1.8258,585,1.8871
1.8301,588,1.8968
1.8344,588,1.8968
1.8387,585,1.8871
1.8430,578,1.8645
1.8473,568,1.8323
1.8516,555,1.7903
1.8564,540,1.7419
1.8607,526,1.6968
1.8650,511,1.6484
1.8693,497,1.6032
1.8736,487,1.5710
1.8779,485,1.5645
1.8822,485,1.5645
1.8865,485,1.5645
1.8908,487,1.5710
1.8950,488,1.5742
1.8993,489,1.5774
1.9036,489,1.5774
1.9079,490,1.5806
1.9122,491,1.5839
1.9167,491,1.5839
1.9211,490,1.5806
1.9255,494,1.5935
1.9298,494,1.5935
1.9341,494,1.5935
1.9384,494,1.5935
1.9427,495,1.5968
1.9470,493,1.5903
1.9514,482,1.5548
1.9557,455,1.4677
1.9600,425,1.3710
1.9643,418,1.3484
1.9686,471,1.5194
1.9729,585,1.8871
1.9772,746,2.4065
1.9815,928,2.9935
1.9858,1000,3.2258
1.9901,1001,3.2290
1.9943,1001,3.2290
1.9986,954,3.0774
2.0029,755,2.4355
2.0071,551,1.7774
2.0114,431,1.3903
2.0157,385,1.2419
2.0199,383,1.2355
2.0242,407,1.3129
2.0285,433,1.3968
2.0327,449,1.4484
2.0370,455,1.4677
2.0413,456,1.4710
2.0456,457,1.4742
2.0498,458,1.4774
2.0541,460,1.4839
2.0583,460,1.4839
2.0626,462,1.4903
2.0669,463,1.4935
2.0711,463,1.4935
2.0754,466,1.5032
2.0796,467,1.5065
2.0840,468,1.5097
2.0883,469,1.5129
2.0926,470,1.5161
2.0969,471,1.5194
2.1012,472,1.5226
2.1054,472,1.5226
2.1097,473,1.5258
2.1141,474,1.5290
2.1183,474,1.5290
2.1226,474,1.5290
2.1269,476,1.5355
2.1313,477,1.5387
2.1356,478,1.5419
2.1398,480,1.5484
2.1442,481,1.5516
2.1484,485,1.5645
2.1527,495,1.5968
2.1570,508,1.6387
2.1613,520,1.6774
2.1656,533,1.7194
2.1699,548,1.7677
2.1742,560,1.8065
2.1784,573,1.8484
2.1828,585,1.8871
2.1871,598,1.9290
2.1914,607,1.9581
2.1957,617,1.9903
2.2000,625,2.0161
2.2043,633,2.0419
2.2086,639,2.0613
2.2130,640,2.0645
2.2174,645,2.0806
2.2218,647,2.0871
2.2262,646,2.0839
2.2305,641,2.0677
2.2348,636,2.0516
2.2392,630,2.0323
2.2435,622,2.0065
2.2477,613,1.9774
2.2521,600,1.9355
2.2564,589,1.9000
2.2606,578,1.8645
2.2650,565,1.8226
2.2692,553,1.7839
2.2735,541,1.7452
2.2778,526,1.6968
2.2821,511,1.6484
2.2865,496,1.6000
2.2907,483,1.5581
2.2950,470,1.5161
2.2993,458,1.4774
2.3036,446,1.4387
2.3079,440,1.4194
2.3121,438,1.4129
2.3164,438,1.4129
2.3207,439,1.4161
2.3249,443,1.4290
2.3292,444,1.4323
2.3335,446,1.4387
2.3377,446,1.4387
2.3420,448,1.4452
2.3462,450,1.4516
2.3505,452,1.4581
2.3547,453,1.4613
2.3589,454,1.4645
2.3632,455,1.4677
2.3674,458,1.4774
2.3717,458,1.4774
2.3760,458,1.4774
2.3802,459,1.4806
2.3845,461,1.4871
2.3888,462,1.4903
2.3931,462,1.4903
2.3974,463,1.4935
2.4017,465,1.5000
2.4059,466,1.5032
2.4102,467,1.5065
2.4145,469,1.5129
2.4188,469,1.5129
2.4231,470,1.5161
2.4274,471,1.5194
2.4316,473,1.5258
2.4359,474,1.5290
2.4402,475,1.5323
2.4446,476,1.5355
2.4489,478,1.5419
2.4532,480,1.5484
2.4575,480,1.5484
2.4618,480,1.5484
2.4661,480,1.5484
2.4704,482,1.5548
2.4747,483,1.5581
2.4790,483,1.5581
2.4833,484,1.5613
2.4876,484,1.5613
2.4919,485,1.5645
2.4963,485,1.5645
2.5005,487,1.5710
2.5048,488,1.5742
2.5092,489,1.5774
2.5135,490,1.5806
2.5178,490,1.5806
2.5221,491,1.5839
2.5264,492,1.5871
2.5307,493,1.5903
2.5350,494,1.5935
2.5392,494,1.5935
2.5435,497,1.6032
2.5478,506,1.6323
2.5521,519,1.6742
2.5563,534,1.7226
2.5606,547,1.7645
2.5649,560,1.8065
2.5692,571,1.8419
2.5735,579,1.8677
2.5778,585,1.8871
2.5821,588,1.8968
2.5864,586,1.8903
2.5907,580,1.8710
2.5950,573,1.8484
2.5993,562,1.8129
2.6036,550,1.7742
2.6078,537,1.7323
2.6121,522,1.6839
2.6164,507,1.6355
2.6207,494,1.5935
2.6250,486,1.5677
2.6293,485,1.5645
2.6336,486,1.5677
2.6379,486,1.5677
2.6422,488,1.5742
2.6465,488,1.5742
2.6508,488,1.5742
2.6551,490,1.5806
2.6593,490,1.5806
2.6636,491,1.5839
2.6679,492,1.5871
2.6722,493,1.5903
2.6765,493,1.5903
2.6808,492,1.5871
2.6851,494,1.5935
2.6894,495,1.5968
2.6938,496,1.6000
2.6981,492,1.5871
2.7024,478,1.5419
2.7067,448,1.4452
2.7110,417,1.3452
2.7153,422,1.3613
2.7196,490,1.5806
2.7239,617,1.9903
2.7282,785,2.5323
2.7325,965,3.1129
2.7368,1000,3.2258
2.7411,1002,3.2323
2.7454,998,3.2194
2.7497,912,2.9419
2.7540,694,2.2387
2.7583,509,1.6419
2.7626,411,1.3258
2.7669,379,1.2226
2.7712,386,1.2452
2.7755,413,1.3323
2.7798,437,1.4097
2.7842,450,1.4516
2.7885,454,1.4645
2.7928,456,1.4710
2.7972,457,1.4742
2.8015,458,1.4774
2.8058,459,1.4806
2.8100,460,1.4839
2.8144,463,1.4935
2.8188,462,1.4903
2.8232,464,1.4968
2.8275,464,1.4968
2.8318,465,1.5000
2.8361,466,1.5032
2.8404,467,1.5065
2.8448,469,1.5129
2.8490,469,1.5129
2.8533,470,1.5161
2.8577,472,1.5226
2.8619,473,1.5258
2.8662,474,1.5290
2.8705,474,1.5290
2.8748,475,1.5323
2.8791,477,1.5387
2.8834,478,1.5419
2.8877,479,1.5452
2.8919,480,1.5484
2.8962,482,1.5548
2.9005,489,1.5774
2.9047,500,1.6129
2.9090,513,1.6548
2.9132,525,1.6935
2.9175,538,1.7355
2.9218,551,1.7774
2.9260,563,1.8161
2.9303,576,1.8581
2.9345,589,1.9000
2.9388,599,1.9323
2.9431,610,1.9677
2.9474,619,1.9968
2.9516,627,2.0226
2.9559,633,2.0419
2.9602,637,2.0548
2.9645,639,2.0613
2.9687,643,2.0742
2.9730,643,2.0742
2.9773,641,2.0677
2.9816,636,2.0516
2.9859,633,2.0419
2.9902,626,2.0194
2.9945,618,1.9935
2.9988,610,1.9677
3.0031,599,1.9323
3.0074,588,1.8968
3.0117,575,1.8548
3.0160,562,1.8129
3.0204,549,1.7710
3.0247,536,1.7290
3.0290,521,1.6806
3.0333,507,1.6355
3.0376,493,1.5903
3.0419,480,1.5484
3.0462,468,1.5097
3.0505,455,1.4677
3.0548,446,1.4387
3.0591,439,1.4161
3.0635,436,1.4065
3.0678,439,1.4161
3.0721,441,1.4226
3.0764,444,1.4323
3.0807,445,1.4355
3.0850,447,1.4419
3.0893,449,1.4484
3.0936,450,1.4516
3.0979,450,1.4516
3.1022,452,1.4581
3.1065,453,1.4613
3.1108,454,1.4645
3.1152,455,1.4677
3.1196,457,1.4742
3.1240,458,1.4774
3.1284,459,1.4806
3.1327,460,1.4839
3.1370,461,1.4871
3.1412,462,1.4903
3.1456,465,1.5000
3.1498,467,1.5065
3.1541,468,1.5097
3.1584,469,1.5129
3.1627,470,1.5161
3.1670,470,1.5161
3.1713,471,1.5194
3.1756,472,1.5226
3.1799,474,1.5290
3.1843,477,1.5387
3.1886,479,1.5452
3.1929,479,1.5452
3.1972,480,1.5484
3.2015,481,1.5516
3.2058,480,1.5484
3.2100,480,1.5484
3.2143,480,1.5484
3.2185,481,1.5516
3.2228,482,1.5548
3.2271,483,1.5581
3.2313,483,1.5581
3.2356,485,1.5645
3.2399,487,1.5710
3.2441,486,1.5677
3.2484,487,1.5710
3.2527,488,1.5742
3.2569,488,1.5742
3.2612,488,1.5742
3.2655,489,1.5774
3.2697,490,1.5806
3.2740,490,1.5806
3.2783,490,1.5806
3.2826,491,1.5839
3.2868,492,1.5871
3.2911,493,1.5903
3.2954,499,1.6097
3.2997,508,1.6387
3.3040,524,1.6903
3.3083,539,1.7387
3.3126,553,1.7839
3.3169,565,1.8226
3.3212,576,1.8581
3.3255,583,1.8806
3.3299,589,1.9000
3.3341,589,1.9000
3.3384,586,1.8903
3.3427,580,1.8710
3.3470,569,1.8355
3.3513,557,1.7968
3.3556,542,1.7484
3.3599,528,1.7032
3.3642,514,1.6581
3.3685,501,1.6161
3.3728,488,1.5742
3.3771,485,1.5645
3.3814,485,1.5645
3.3856,487,1.5710
3.3899,487,1.5710
3.3942,488,1.5742
3.3985,489,1.5774
3.4028,490,1.5806
3.4071,490,1.5806
3.4114,491,1.5839
3.4157,491,1.5839
3.4200,492,1.5871
3.4243,493,1.5903
3.4286,493,1.5903
3.4329,494,1.5935
3.4373,495,1.5968
3.4415,496,1.6000
3.4458,494,1.5935
3.4501,487,1.5710
3.4544,465,1.5000
3.4588,433,1.3968
3.4631,413,1.3323
3.4674,447,1.4419
3.4717,545,1.7581
3.4760,695,2.2419
3.4803,872,2.8129
3.4846,999,3.2226
3.4889,1002,3.2323
3.4932,1000,3.2258
3.4975,987,3.1839
3.5018,815,2.6290
3.5061,597,1.9258
3.5104,455,1.4677
3.5147,392,1.2645
3.5190,380,1.2258
3.5233,399,1.2871
3.5276,427,1.3774
3.5319,446,1.4387
3.5362,454,1.4645
3.5405,455,1.4677
3.5448,456,1.4710
3.5491,458,1.4774
3.5534,460,1.4839
3.5577,460,1.4839
3.5620,462,1.4903
3.5663,461,1.4871
3.5706,464,1.4968
3.5749,465,1.5000
3.5792,467,1.5065
3.5835,468,1.5097
3.5878,469,1.5129
3.5921,470,1.5161
3.5965,471,1.5194
3.6008,472,1.5226
3.6051,473,1.5258
3.6093,473,1.5258
3.6137,474,1.5290
3.6180,474,1.5290
3.6223,475,1.5323
3.6266,476,1.5355
3.6309,477,1.5387
3.6352,477,1.5387
3.6395,478,1.5419
3.6437,479,1.5452
3.6480,481,1.5516
3.6523,489,1.5774
3.6566,502,1.6194
3.6609,517,1.6677
3.6652,531,1.7129
3.6695,545,1.7581
3.6738,559,1.8032
3.6781,571,1.8419
3.6825,583,1.8806
3.6868,596,1.9226
3.6911,606,1.9548
3.6954,615,1.9839
3.6997,624,2.0129
3.7041,632,2.0387
3.7088,636,2.0516
3.7132,640,2.0645
3.7176,642,2.0710
3.7221,645,2.0806
3.7265,645,2.0806
3.7308,641,2.0677
3.7351,636,2.0516
3.7394,628,2.0258
3.7437,620,2.0000
3.7480,613,1.9774
3.7523,603,1.9452
3.7566,591,1.9065
3.7610,578,1.8645
3.7653,565,1.8226
3.7696,553,1.7839
3.7739,538,1.7355
3.7782,525,1.6935
3.7825,511,1.6484
3.7868,496,1.6000
3.7911,482,1.5548
3.7954,470,1.5161
3.7997,458,1.4774
3.8040,447,1.4419
3.8083,440,1.4194
3.8125,438,1.4129
3.8168,438,1.4129
3.8211,440,1.4194
3.8253,443,1.4290
3.8296,444,1.4323
3.8338,446,1.4387
3.8381,447,1.4419
3.8423,450,1.4516
3.8466,451,1.4548
3.8509,453,1.4613
3.8551,455,1.4677
3.8594,455,1.4677
3.8637,456,1.4710
3.8679,458,1.4774
3.8722,458,1.4774
3.8764,459,1.4806
3.8807,460,1.4839
3.8849,461,1.4871
3.8892,462,1.4903
3.8935,463,1.4935
3.8978,464,1.4968
3.9022,466,1.5032
3.9065,468,1.5097
3.9107,469,1.5129
3.9150,469,1.5129
3.9193,470,1.5161
3.9236,471,1.5194
3.9279,472,1.5226
3.9322,473,1.5258
3.9365,474,1.5290
3.9408,474,1.5290
3.9451,476,1.5355
3.9494,477,1.5387
3.9537,478,1.5419
3.9580,480,1.5484
3.9623,480,1.5484
3.9666,481,1.5516
3.9709,482,1.5548
3.9752,483,1.5581
3.9794,483,1.5581
3.9838,485,1.5645
3.9880,485,1.5645
3.9924,486,1.5677
3.9967,488,1.5742
4.0010,487,1.5710
4.0053,488,1.5742
4.0095,489,1.5774
4.0139,490,1.5806
4.0183,490,1.5806
4.0227,491,1.5839
4.0271,493,1.5903
4.0314,493,1.5903
4.0356,493,1.5903
4.0400,493,1.5903
4.0443,497,1.6032
4.0486,507,1.6355
4.0529,521,1.6806
4.0572,536,1.7290
4.0615,550,1.7742
4.0658,562,1.8129
4.0701,572,1.8452
4.0744,581,1.8742
4.0787,585,1.8871
4.0830,587,1.8935
4.0873,586,1.8903
4.0917,579,1.8677
4.0961,570,1.8387
4.1004,559,1.8032
4.1047,545,1.7581
4.1090,532,1.7161
4.1133,518,1.6710
4.1175,503,1.6226
4.1218,490,1.5806
4.1260,484,1.5613
4.1303,484,1.5613
4.1346,485,1.5645
4.1388,487,1.5710
4.1431,487,1.5710
4.1473,489,1.5774
4.1516,491,1.5839
4.1559,493,1.5903
4.1601,493,1.5903
4.1644,492,1.5871
4.1686,492,1.5871
4.1729,492,1.5871
4.1772,494,1.5935
4.1815,496,1.6000
4.1857,496,1.6000
4.1900,497,1.6032
4.1942,497,1.6032
4.1985,494,1.5935
4.2028,478,1.5419
4.2072,448,1.4452
4.2115,419,1.3516
4.2158,426,1.3742
4.2201,499,1.6097
4.2244,632,2.0387
4.2287,802,2.5871
4.2330,983,3.1710
4.2373,1001,3.2290
4.2416,999,3.2226
4.2459,998,3.2194
4.2502,891,2.8742
4.2546,670,2.1613
4.2588,496,1.6000
4.2632,406,1.3097
4.2675,379,1.2226
4.2718,390,1.2581
4.2761,417,1.3452
4.2804,439,1.4161
4.2847,451,1.4548
4.2890,455,1.4677
4.2933,456,1.4710
4.2977,457,1.4742
4.3020,458,1.4774
4.3063,458,1.4774
4.3106,460,1.4839
4.3149,462,1.4903
4.3192,463,1.4935
4.3235,465,1.5000
4.3278,465,1.5000
4.3321,467,1.5065
4.3364,469,1.5129
4.3406,469,1.5129
4.3449,469,1.5129
4.3492,470,1.5161
4.3535,470,1.5161
4.3578,472,1.5226
4.3621,473,1.5258
4.3664,474,1.5290
4.3707,474,1.5290
4.3750,475,1.5323
4.3793,477,1.5387
4.3836,477,1.5387
4.3878,477,1.5387
4.3921,479,1.5452
4.3964,481,1.5516
4.4007,488,1.5742
4.4050,499,1.6097
4.4093,513,1.6548
4.4136,527,1.7000
4.4179,541,1.7452
4.4222,555,1.7903
4.4265,568,1.8323
4.4308,580,1.8710
4.4351,591,1.9065
4.4394,603,1.9452
4.4437,613,1.9774
4.4480,620,2.0000
4.4523,628,2.0258
4.4566,635,2.0484
4.4608,638,2.0581
4.4652,642,2.0710
4.4694,644,2.0774
4.4737,644,2.0774
4.4780,644,2.0774
4.4823,641,2.0677
4.4866,635,2.0484
4.4909,628,2.0258
4.4952,619,1.9968
4.4995,609,1.9645
4.5038,598,1.9290
4.5081,586,1.8903
4.5124,575,1.8548
4.5167,562,1.8129
4.5211,549,1.7710
4.5254,534,1.7226
4.5297,520,1.6774
4.5339,506,1.6323
4.5383,493,1.5903
4.5425,480,1.5484
4.5469,468,1.5097
4.5511,456,1.4710
4.5554,445,1.4355
4.5597,440,1.4194
4.5640,440,1.4194
4.5684,442,1.4258
4.5727,443,1.4290
4.5770,444,1.4323
4.5813,446,1.4387
4.5856,448,1.4452
4.5899,448,1.4452
4.5942,449,1.4484
4.5985,450,1.4516
4.6028,452,1.4581
4.6072,454,1.4645
4.6115,455,1.4677
4.6158,456,1.4710
4.6202,458,1.4774
4.6246,459,1.4806
4.6290,460,1.4839
4.6332,461,1.4871
4.6375,462,1.4903
4.6418,463,1.4935
4.6462,464,1.4968
4.6504,465,1.5000
4.6547,467,1.5065
4.6590,468,1.5097
4.6633,469,1.5129
4.6676,470,1.5161
4.6718,470,1.5161
4.6762,471,1.5194
4.6804,473,1.5258
4.6848,475,1.5323
4.6890,476,1.5355
4.6933,478,1.5419
4.6976,478,1.5419
4.7019,478,1.5419
4.7062,480,1.5484
4.7105,480,1.5484
4.7148,481,1.5516
4.7190,482,1.5548
4.7233,483,1.5581
4.7276,483,1.5581
4.7318,483,1.5581
4.7361,484,1.5613
4.7403,485,1.5645
4.7446,486,1.5677
4.7489,487,1.5710
4.7531,487,1.5710
4.7574,488,1.5742
4.7617,487,1.5710
4.7659,490,1.5806
4.7702,490,1.5806
4.7745,490,1.5806
4.7787,492,1.5871
4.7830,492,1.5871
4.7873,492,1.5871
4.7916,495,1.5968
4.7959,501,1.6161
4.8001,511,1.6484
4.8044,525,1.6935
4.8088,540,1.7419
4.8131,552,1.7806
4.8174,564,1.8194
4.8217,575,1.8548
4.8260,584,1.8839
4.8303,587,1.8935
4.8346,587,1.8935
4.8389,584,1.8839
4.8431,576,1.8581
4.8474,567,1.8290
4.8517,555,1.7903
4.8560,542,1.7484
4.8603,526,1.6968
4.8645,513,1.6548
4.8688,500,1.6129
4.8731,490,1.5806
4.8774,485,1.5645
4.8817,484,1.5613
4.8860,485,1.5645
4.8903,487,1.5710
4.8946,488,1.5742
4.8989,489,1.5774
4.9032,489,1.5774
4.9075,490,1.5806
4.9118,490,1.5806
4.9161,491,1.5839
4.9205,492,1.5871
4.9249,493,1.5903
4.9292,493,1.5903
4.9335,493,1.5903
4.9378,495,1.5968
4.9422,495,1.5968
4.9464,495,1.5968
4.9507,487,1.5710
4.9550,461,1.4871
4.9594,427,1.3774
4.9637,412,1.3290
4.9680,452,1.4581
4.9723,557,1.7968
4.9766,711,2.2935
4.9809,890,2.8710
4.9852,999,3.2226
4.9895,1002,3.2323
4.9938,1001,3.2290
4.9981,974,3.1419
5.0024,786,2.5355
5.0070,562,1.8129
5.0114,435,1.4032
5.0159,383,1.2355
5.0204,382,1.2323
5.0249,408,1.3161
5.0295,435,1.4032
5.0340,449,1.4484
5.0384,454,1.4645
5.0427,455,1.4677
5.0470,456,1.4710
5.0513,458,1.4774
5.0556,459,1.4806
5.0599,458,1.4774
5.0642,461,1.4871
5.0685,462,1.4903
5.0728,463,1.4935
5.0771,464,1.4968
5.0814,464,1.4968
5.0856,466,1.5032
5.0899,468,1.5097
5.0942,468,1.5097
5.0985,470,1.5161
5.1028,471,1.5194
5.1072,473,1.5258
5.1115,474,1.5290
5.1157,475,1.5323
5.1200,476,1.5355
5.1243,477,1.5387
5.1285,477,1.5387
5.1328,477,1.5387
5.1371,478,1.5419
5.1414,479,1.5452
5.1456,480,1.5484
5.1499,488,1.5742
5.1542,499,1.6097
5.1584,512,1.6516
5.1627,525,1.6935
5.1670,538,1.7355
5.1712,550,1.7742
5.1755,563,1.8161
5.1798,577,1.8613
5.1841,589,1.9000
5.1883,601,1.9387
5.1926,610,1.9677
5.1968,618,1.9935
5.2011,628,2.0258
5.2054,636,2.0516
5.2096,641,2.0677
5.2140,643,2.0742
5.2183,644,2.0774
5.2227,646,2.0839
5.2270,645,2.0806
5.2313,640,2.0645
5.2357,635,2.0484
5.2400,628,2.0258
5.2444,620,2.0000
5.2487,611,1.9710
5.2531,601,1.9387
5.2574,591,1.9065
5.2617,576,1.8581
5.2661,563,1.8161
5.2704,548,1.7677
5.2747,534,1.7226
5.2791,520,1.6774
5.2834,504,1.6258
5.2877,491,1.5839
5.2921,479,1.5452
5.2964,469,1.5129
5.3007,456,1.4710
5.3051,445,1.4355
5.3094,439,1.4161
5.3137,438,1.4129
5.3180,440,1.4194
5.3224,441,1.4226
5.3266,443,1.4290
5.3309,446,1.4387
5.3352,447,1.4419
5.3395,449,1.4484
5.3438,449,1.4484
5.3481,451,1.4548
5.3524,453,1.4613
5.3567,454,1.4645
5.3610,454,1.4645
5.3653,456,1.4710
5.3696,458,1.4774
5.3739,459,1.4806
5.3782,460,1.4839
5.3825,461,1.4871
5.3868,462,1.4903
5.3911,463,1.4935
5.3954,464,1.4968
5.3997,466,1.5032
5.4040,466,1.5032
5.4084,467,1.5065
5.4126,470,1.5161
5.4170,470,1.5161
5.4213,471,1.5194
5.4257,472,1.5226
5.4300,473,1.5258
5.4343,473,1.5258
5.4387,476,1.5355
5.4430,477,1.5387
5.4474,478,1.5419
5.4517,479,1.5452
5.4560,479,1.5452
5.4604,479,1.5452
5.4647,479,1.5452
5.4691,481,1.5516
5.4734,482,1.5548
5.4777,482,1.5548
5.4820,484,1.5613
5.4864,484,1.5613
5.4907,486,1.5677
5.4950,487,1.5710
5.4994,487,1.5710
5.5037,488,1.5742
5.5080,488,1.5742
5.5124,489,1.5774
5.5167,489,1.5774
5.5211,490,1.5806
5.5255,492,1.5871
5.5299,492,1.5871
5.5342,493,1.5903
5.5385,493,1.5903
5.5428,494,1.5935
5.5471,503,1.6226
5.5514,515,1.6613
5.5557,529,1.7065
5.5600,544,1.7548
5.5643,557,1.7968
5.5751,582,1.8774
5.5795,588,1.8968
5.5838,589,1.9000
5.5881,586,1.8903
5.5924,579,1.8677
5.5967,570,1.8387
5.6010,557,1.7968
5.6053,544,1.7548
5.6096,530,1.7097
5.6139,516,1.6645
5.6182,503,1.6226
5.6225,491,1.5839
5.6268,485,1.5645
5.6311,485,1.5645
5.6354,486,1.5677
5.6397,487,1.5710
5.6440,488,1.5742
5.6483,489,1.5774
5.6526,489,1.5774
5.6569,490,1.5806
5.6612,491,1.5839
5.6655,492,1.5871
5.6698,493,1.5903
5.6741,494,1.5935
5.6784,494,1.5935
5.6827,494,1.5935
5.6870,495,1.5968
5.6913,496,1.6000
5.6956,496,1.6000
5.6998,489,1.5774
5.7041,469,1.5129
5.7084,437,1.4097
5.7127,413,1.3323
5.7171,440,1.4194
5.7214,531,1.7129
5.7257,678,2.1871
5.7300,857,2.7645
5.7344,998,3.2194
5.7387,1000,3.2258
5.7431,1002,3.2323
5.7474,988,3.1871
5.7517,827,2.6677
5.7561,605,1.9516
5.7604,457,1.4742
5.7647,391,1.2613
5.7691,378,1.2194
5.7734,398,1.2839
5.7778,427,1.3774
5.7821,446,1.4387
5.7864,454,1.4645
5.7907,458,1.4774
5.7951,459,1.4806
5.7994,460,1.4839
5.8037,461,1.4871
5.8081,461,1.4871
5.8125,462,1.4903
5.8169,463,1.4935
5.8213,465,1.5000
5.8257,466,1.5032
5.8301,466,1.5032
5.8344,468,1.5097
5.8387,469,1.5129
5.8430,469,1.5129
5.8473,469,1.5129
5.8516,471,1.5194
5.8559,471,1.5194
5.8602,472,1.5226
5.8645,473,1.5258
5.8688,475,1.5323
5.8731,475,1.5323
5.8774,475,1.5323
5.8817,476,1.5355
5.8860,476,1.5355
5.8903,477,1.5387
5.8946,479,1.5452
5.8989,484,1.5613
5.9032,494,1.5935
5.9075,505,1.6290
5.9118,518,1.6710
5.9161,532,1.7161
5.9204,545,1.7581
5.9247,559,1.8032
5.9290,571,1.8419
5.9333,585,1.8871
5.9376,594,1.9161
5.9419,606,1.9548
5.9462,617,1.9903
5.9504,625,2.0161
5.9547,632,2.0387
5.9590,637,2.0548
5.9633,639,2.0613
5.9676,643,2.0742
5.9719,644,2.0774
5.9762,643,2.0742
5.9805,640,2.0645
5.9848,635,2.0484
5.9891,629,2.0290
5.9934,621,2.0032
5.9977,614,1.9806
6.0020,603,1.9452
6.0063,593,1.9129
6.0106,581,1.8742
6.0149,567,1.8290
6.0192,553,1.7839
6.0236,540,1.7419
6.0279,524,1.6903
6.0322,512,1.6516
6.0365,498,1.6065
6.0409,483,1.5581
6.0452,469,1.5129
6.0495,458,1.4774
6.0539,446,1.4387
6.0582,438,1.4129
6.0626,437,1.4097
6.0669,438,1.4129
6.0712,441,1.4226
6.0755,443,1.4290
6.0799,444,1.4323
6.0842,446,1.4387
6.0886,448,1.4452
6.0929,449,1.4484
6.0973,450,1.4516
6.1016,452,1.4581
6.1059,454,1.4645
6.1103,456,1.4710
6.1147,457,1.4742
6.1190,457,1.4742
6.1234,458,1.4774
6.1277,460,1.4839
6.1320,462,1.4903
6.1363,462,1.4903
6.1406,462,1.4903
6.1449,464,1.4968
6.1492,465,1.5000
6.1535,467,1.5065
6.1577,469,1.5129
6.1620,469,1.5129
6.1664,470,1.5161
6.1707,471,1.5194
6.1750,472,1.5226
6.1792,473,1.5258
6.1835,473,1.5258
6.1878,474,1.5290
6.1921,475,1.5323
6.1964,477,1.5387
6.2007,478,1.5419
6.2050,479,1.5452
6.2093,479,1.5452
6.2136,480,1.5484
6.2179,481,1.5516
6.2223,482,1.5548
6.2266,483,1.5581
6.2310,484,1.5613
6.2353,485,1.5645
6.2396,487,1.5710
6.2439,486,1.5677
6.2483,487,1.5710
6.2526,487,1.5710
6.2569,488,1.5742
6.2613,489,1.5774
6.2656,489,1.5774
6.2700,489,1.5774
6.2743,490,1.5806
6.2786,490,1.5806
6.2830,492,1.5871
6.2874,493,1.5903
6.2917,494,1.5935
6.2960,501,1.6161
6.3003,512,1.6516
6.3047,526,1.6968
6.3090,542,1.7484
6.3134,555,1.7903
6.3177,567,1.8290
6.3220,576,1.8581
6.3263,584,1.8839
6.3306,588,1.8968
6.3349,588,1.8968
6.3392,584,1.8839
6.3435,577,1.8613
6.3478,566,1.8258
6.3521,554,1.7871
6.3564,541,1.7452
6.3607,526,1.6968
6.3650,511,1.6484
6.3693,498,1.6065
6.3736,487,1.5710
6.3779,484,1.5613
6.3822,485,1.5645
6.3865,485,1.5645
6.3908,487,1.5710
6.3951,487,1.5710
6.3994,488,1.5742
6.4037,490,1.5806
6.4080,491,1.5839
6.4123,490,1.5806
6.4166,492,1.5871
6.4210,492,1.5871
6.4255,494,1.5935
6.4299,493,1.5903
6.4343,495,1.5968
6.4386,494,1.5935
6.4429,494,1.5935
6.4473,493,1.5903
6.4516,482,1.5548
6.4560,454,1.4645
6.4603,422,1.3613
6.4646,416,1.3419
6.4689,470,1.5161
6.4733,586,1.8903
6.4776,750,2.4194
6.4820,934,3.0129
6.4863,1001,3.2290
6.4906,1002,3.2323
6.4950,998,3.2194
6.4993,938,3.0258
6.5036,727,2.3452
6.5080,531,1.7129
6.5123,421,1.3581
6.5166,381,1.2290
6.5210,384,1.2387
6.5253,410,1.3226
6.5296,436,1.4065
6.5339,450,1.4516
6.5382,455,1.4677
6.5425,458,1.4774
6.5468,459,1.4806
6.5511,459,1.4806
6.5554,460,1.4839
6.5597,461,1.4871
6.5640,460,1.4839
6.5683,462,1.4903
6.5726,463,1.4935
6.5769,464,1.4968
6.5812,465,1.5000
6.5855,466,1.5032
6.5898,467,1.5065
6.5941,468,1.5097
6.5984,469,1.5129
6.6027,471,1.5194
6.6070,472,1.5226
6.6113,474,1.5290
6.6156,475,1.5323
6.6200,475,1.5323
6.6243,475,1.5323
6.6286,477,1.5387
6.6330,479,1.5452
6.6374,480,1.5484
6.6417,481,1.5516
6.6460,482,1.5548
6.6504,487,1.5710
6.6547,498,1.6065
6.6590,511,1.6484
6.6634,524,1.6903
6.6677,537,1.7323
6.6720,550,1.7742
6.6764,563,1.8161
6.6807,577,1.8613
6.6851,590,1.9032
6.6894,602,1.9419
6.6937,611,1.9710
6.6981,620,2.0000
6.7024,628,2.0258
6.7067,634,2.0452
6.7111,638,2.0581
6.7154,642,2.0710
6.7200,645,2.0806
6.7244,643,2.0742
6.7289,642,2.0710
6.7332,639,2.0613
6.7375,633,2.0419
6.7418,626,2.0194
6.7461,616,1.9871
6.7504,607,1.9581
6.7547,596,1.9226
6.7590,584,1.8839
6.7633,572,1.8452
6.7676,559,1.8032
6.7719,545,1.7581
6.7762,531,1.7129
6.7805,517,1.6677
6.7848,504,1.6258
6.7891,491,1.5839
6.7934,479,1.5452
6.7977,466,1.5032
6.8020,454,1.4645
6.8063,443,1.4290
6.8106,439,1.4161
6.8149,438,1.4129
6.8192,440,1.4194
6.8235,441,1.4226
6.8278,443,1.4290
6.8321,445,1.4355
6.8365,446,1.4387
6.8408,448,1.4452
6.8451,450,1.4516
6.8495,451,1.4548
6.8538,452,1.4581
6.8581,452,1.4581
6.8625,453,1.4613
6.8668,455,1.4677
6.8711,456,1.4710
6.8755,457,1.4742
6.8798,458,1.4774
6.8842,460,1.4839
6.8885,461,1.4871
6.8928,462,1.4903
6.8972,464,1.4968
6.9016,465,1.5000
6.9059,466,1.5032
6.9102,467,1.5065
6.9146,469,1.5129
6.9189,470,1.5161
6.9233,471,1.5194
6.9277,472,1.5226
6.9320,474,1.5290
6.9363,476,1.5355
6.9406,476,1.5355
6.9449,477,1.5387
6.9492,479,1.5452
6.9536,479,1.5452
6.9579,480,1.5484
6.9622,480,1.5484
6.9665,481,1.5516
6.9708,482,1.5548
6.9751,483,1.5581
6.9794,483,1.5581
6.9837,482,1.5548
6.9880,483,1.5581
6.9923,484,1.5613
6.9966,486,1.5677
7.0009,487,1.5710
7.0052,488,1.5742
7.0095,489,1.5774
7.0138,489,1.5774
7.0180,490,1.5806
7.0223,490,1.5806
7.0267,491,1.5839
7.0310,492,1.5871
7.0353,492,1.5871
7.0397,493,1.5903
7.0440,496,1.6000
7.0484,506,1.6323
7.0527,519,1.6742
7.0570,535,1.7258
7.0613,549,1.7710
7.0657,562,1.8129
7.0700,573,1.8484
7.0743,582,1.8774
7.0787,587,1.8935
7.0830,589,1.9000
7.0874,587,1.8935
7.0917,582,1.8774
7.0960,572,1.8452
7.1004,560,1.8065
7.1047,548,1.7677
7.1091,534,1.7226
7.1134,519,1.6742
7.1177,504,1.6258
7.1220,492,1.5871
7.1264,486,1.5677
7.1307,484,1.5613
7.1350,485,1.5645
7.1393,485,1.5645
7.1436,486,1.5677
7.1479,487,1.5710
7.1522,489,1.5774
7.1565,489,1.5774
7.1608,490,1.5806
7.1651,491,1.5839
7.1693,491,1.5839
7.1737,492,1.5871
7.1779,493,1.5903
7.1822,494,1.5935
7.1865,494,1.5935
7.1908,496,1.6000
7.1951,496,1.6000
7.1994,490,1.5806
7.2037,471,1.5194
7.2080,440,1.4194
7.2123,414,1.3355
7.2166,433,1.3968
7.2209,515,1.6613
7.2253,658,2.1226
7.2296,833,2.6871
7.2340,997,3.2161
7.2383,1001,3.2290
7.2427,999,3.2226
7.2470,992,3.2000
7.2513,853,2.7516
7.2557,630,2.0323
7.2600,472,1.5226
7.2643,398,1.2839
7.2686,380,1.2258
7.2730,396,1.2774
7.2774,424,1.3677
7.2817,446,1.4387
7.2860,454,1.4645
7.2904,457,1.4742
7.2947,458,1.4774
7.2990,458,1.4774
7.3034,459,1.4806
7.3077,460,1.4839
7.3120,462,1.4903
7.3164,462,1.4903
7.3209,463,1.4935
7.3254,464,1.4968
7.3298,465,1.5000
7.3342,467,1.5065
7.3385,468,1.5097
7.3428,469,1.5129
7.3471,470,1.5161
7.3514,471,1.5194
7.3557,472,1.5226
7.3600,474,1.5290
7.3643,475,1.5323
7.3686,475,1.5323
7.3729,476,1.5355
7.3772,478,1.5419
7.3815,478,1.5419
7.3858,479,1.5452
7.3901,480,1.5484
7.3944,481,1.5516
7.3987,483,1.5581
7.4030,492,1.5871
7.4073,505,1.6290
7.4116,518,1.6710
7.4159,533,1.7194
7.4202,547,1.7645
7.4245,560,1.8065
7.4288,572,1.8452
7.4332,586,1.8903
7.4379,597,1.9258
7.4423,606,1.9548
7.4466,617,1.9903
7.4510,625,2.0161
7.4553,631,2.0355
7.4596,638,2.0581
7.4640,641,2.0677
7.4683,644,2.0774
7.4726,644,2.0774
7.4769,643,2.0742
7.4813,640,2.0645
7.4856,636,2.0516
7.4900,629,2.0290
7.4943,620,2.0000
7.4986,609,1.9645
7.5030,600,1.9355
7.5073,589,1.9000
7.5116,577,1.8613
7.5160,564,1.8194
7.5203,551,1.7774
7.5246,536,1.7290
7.5290,520,1.6774
7.5333,508,1.6387
7.5376,494,1.5935
7.5419,480,1.5484
7.5462,469,1.5129
7.5505,457,1.4742
7.5548,446,1.4387
7.5591,439,1.4161
7.5634,438,1.4129
7.5677,439,1.4161
7.5720,441,1.4226
7.5763,443,1.4290
7.5806,444,1.4323
7.5849,446,1.4387
7.5892,448,1.4452
7.5935,449,1.4484
7.5978,450,1.4516
7.6021,452,1.4581
7.6064,453,1.4613
7.6106,455,1.4677
7.6149,456,1.4710
7.6194,457,1.4742
7.6238,458,1.4774
7.6282,458,1.4774
7.6325,460,1.4839
7.6368,461,1.4871
7.6412,462,1.4903
7.6455,464,1.4968
7.6498,466,1.5032
7.6542,467,1.5065
7.6585,468,1.5097
7.6628,468,1.5097
7.6672,470,1.5161
7.6716,470,1.5161
7.6759,470,1.5161
7.6802,471,1.5194
7.6846,472,1.5226
7.6890,474,1.5290
7.6933,476,1.5355
7.6976,478,1.5419
7.7020,478,1.5419
7.7063,478,1.5419
7.7106,479,1.5452
7.7150,479,1.5452
7.7193,481,1.5516
7.7236,481,1.5516
7.7281,482,1.5548
7.7324,484,1.5613
7.7367,484,1.5613
7.7410,484,1.5613
7.7453,484,1.5613
7.7496,484,1.5613
7.7539,486,1.5677
7.7582,487,1.5710
7.7625,489,1.5774
7.7668,490,1.5806
7.7711,491,1.5839
7.7754,492,1.5871
7.7797,492,1.5871
7.7840,493,1.5903
7.7883,493,1.5903
7.7926,495,1.5968
7.7969,503,1.6226
7.8012,515,1.6613
7.8055,530,1.7097
7.8098,543,1.7516
7.8141,557,1.7968
7.8183,570,1.8387
7.8226,580,1.8710
7.8269,585,1.8871
7.8313,588,1.8968
7.8357,588,1.8968
7.8400,584,1.8839
7.8443,577,1.8613
7.8487,564,1.8194
7.8531,551,1.7774
7.8574,538,1.7355
7.8617,523,1.6871
7.8660,508,1.6387
7.8704,494,1.5935
7.8747,487,1.5710
7.8790,484,1.5613
7.8834,485,1.5645
7.8877,486,1.5677
7.8921,487,1.5710
7.8964,487,1.5710
7.9007,488,1.5742
7.9050,489,1.5774
7.9094,490,1.5806
7.9137,490,1.5806
7.9180,490,1.5806
7.9224,491,1.5839
7.9267,491,1.5839
7.9311,492,1.5871
7.9354,492,1.5871
7.9397,493,1.5903
7.9440,495,1.5968
7.9483,493,1.5903
7.9526,479,1.5452
7.9569,450,1.4516
7.9612,419,1.3516
7.9655,421,1.3581
7.9698,486,1.5677
7.9741,611,1.9710
7.9784,776,2.5032
7.9826,957,3.0871
7.9869,1002,3.2323
7.9912,1002,3.2323
7.9956,1000,3.2258
7.9999,923,2.9774
8.0042,708,2.2839
8.0084,518,1.6710
8.0128,416,1.3419
8.0170,380,1.2258
8.0213,386,1.2452
8.0256,412,1.3290
8.0299,437,1.4097
8.0342,451,1.4548
8.0386,457,1.4742
8.0429,456,1.4710
8.0473,457,1.4742
8.0516,457,1.4742
8.0559,459,1.4806
8.0603,460,1.4839
8.0646,461,1.4871
8.0689,463,1.4935
8.0733,464,1.4968
8.0776,465,1.5000
8.0819,465,1.5000
8.0863,467,1.5065
8.0906,468,1.5097
8.0950,470,1.5161
8.0993,470,1.5161
8.1036,472,1.5226
8.1079,472,1.5226
8.1123,473,1.5258
8.1166,475,1.5323
8.1210,475,1.5323
8.1253,476,1.5355
8.1296,477,1.5387
8.1341,479,1.5452
8.1384,480,1.5484
8.1427,480,1.5484
8.1470,483,1.5581
8.1513,489,1.5774
8.1556,501,1.6161
8.1599,514,1.6581
8.1642,527,1.7000
8.1685,541,1.7452
8.1728,555,1.7903
8.1771,568,1.8323
8.1814,580,1.8710
8.1857,591,1.9065
8.1900,603,1.9452
8.1943,613,1.9774
8.1986,622,2.0065
8.2029,629,2.0290
8.2072,636,2.0516
8.2115,641,2.0677
8.2159,642,2.0710
8.2203,645,2.0806
8.2246,643,2.0742
8.2290,640,2.0645
8.2333,636,2.0516
8.2376,631,2.0355
8.2419,624,2.0129
8.2462,617,1.9903
8.2505,609,1.9645
8.2548,597,1.9258
8.2591,584,1.8839
8.2634,571,1.8419
8.2677,559,1.8032
8.2720,545,1.7581
8.2763,532,1.7161
8.2806,517,1.6677
8.2849,503,1.6226
8.2892,490,1.5806
8.2935,477,1.5387
8.2978,464,1.4968
8.3021,453,1.4613
8.3064,444,1.4323
8.3107,439,1.4161
8.3150,439,1.4161
8.3193,440,1.4194
8.3236,442,1.4258
8.3279,444,1.4323
8.3322,446,1.4387
8.3365,448,1.4452
8.3408,449,1.4484
8.3451,450,1.4516
8.3495,452,1.4581
8.3538,452,1.4581
8.3581,454,1.4645
8.3624,454,1.4645
8.3668,455,1.4677
8.3711,457,1.4742
8.3754,459,1.4806
8.3798,461,1.4871
8.3841,461,1.4871
8.3884,462,1.4903
8.3928,465,1.5000
8.3971,466,1.5032
8.4015,466,1.5032
8.4058,466,1.5032
8.4101,467,1.5065
8.4145,469,1.5129
8.4188,470,1.5161
8.4231,471,1.5194
8.4275,472,1.5226
8.4318,472,1.5226
8.4362,473,1.5258
8.4406,476,1.5355
8.4449,477,1.5387
8.4492,477,1.5387
8.4535,478,1.5419
8.4578,479,1.5452
8.4621,480,1.5484
8.4664,480,1.5484
8.4707,482,1.5548
8.4750,483,1.5581
8.4793,483,1.5581
8.4836,483,1.5581
8.4879,484,1.5613
8.4922,485,1.5645
8.4965,486,1.5677
8.5007,487,1.5710
8.5050,487,1.5710
8.5093,488,1.5742
8.5135,489,1.5774
8.5179,489,1.5774
8.5222,490,1.5806
8.5266,490,1.5806
8.5309,491,1.5839
8.5352,492,1.5871
8.5395,492,1.5871
8.5438,495,1.5968
8.5481,505,1.6290
8.5524,518,1.6710
8.5567,532,1.7161
8.5610,547,1.7645
8.5653,561,1.8097
8.5696,572,1.8452
8.5739,581,1.8742
8.5782,587,1.8935
8.5825,588,1.8968
8.5868,586,1.8903
8.5911,583,1.8806
8.5954,575,1.8548
8.5997,563,1.8161
8.6040,550,1.7742
8.6083,535,1.7258
8.6125,522,1.6839
8.6168,507,1.6355
8.6211,494,1.5935
8.6254,487,1.5710
8.6297,484,1.5613
8.6340,485,1.5645
8.6384,486,1.5677
8.6427,487,1.5710
8.6470,487,1.5710
8.6513,488,1.5742
8.6555,490,1.5806
8.6598,491,1.5839
8.6641,491,1.5839
8.6683,492,1.5871
8.6726,492,1.5871
8.6769,493,1.5903
8.6811,493,1.5903
8.6854,494,1.5935
8.6898,494,1.5935
8.6941,495,1.5968
8.6984,492,1.5871
8.7027,478,1.5419
8.7070,448,1.4452
8.7113,418,1.3484
8.7156,420,1.3548
8.7199,486,1.5677
8.7241,612,1.9742
8.7284,777,2.5065
8.7328,961,3.1000
8.7371,1002,3.2323
8.7414,1003,3.2355
8.7457,999,3.2226
8.7500,919,2.9645
8.7544,702,2.2645
8.7587,514,1.6581
8.7630,414,1.3355
8.7674,381,1.2290
8.7717,388,1.2516
8.7760,417,1.3452
8.7804,441,1.4226
8.7847,452,1.4581
8.7891,455,1.4677
8.7934,458,1.4774
8.7978,459,1.4806
8.8021,460,1.4839
8.8064,460,1.4839
8.8108,461,1.4871
8.8151,463,1.4935
8.8195,464,1.4968
8.8238,466,1.5032
8.8281,466,1.5032
8.8324,467,1.5065
8.8368,469,1.5129
8.8412,470,1.5161
8.8456,470,1.5161
8.8499,470,1.5161
8.8542,471,1.5194
8.8585,473,1.5258
8.8628,474,1.5290
8.8671,475,1.5323
8.8714,476,1.5355
8.8757,477,1.5387
8.8800,479,1.5452
8.8842,478,1.5419
8.8885,479,1.5452
8.8928,479,1.5452
8.8972,482,1.5548
8.9015,489,1.5774
8.9058,501,1.6161
8.9101,513,1.6548
8.9144,526,1.6968
8.9187,541,1.7452
8.9230,553,1.7839
8.9272,567,1.8290
8.9315,580,1.8710
8.9358,593,1.9129
8.9401,603,1.9452
8.9444,612,1.9742
8.9488,623,2.0097
8.9531,630,2.0323
8.9575,635,2.0484
8.9618,639,2.0613
8.9661,642,2.0710
8.9705,644,2.0774
8.9748,644,2.0774
8.9791,642,2.0710
8.9835,639,2.0613
8.9878,632,2.0387
8.9921,625,2.0161
8.9964,617,1.9903
9.0008,607,1.9581
9.0051,597,1.9258
9.0095,584,1.8839
9.0138,572,1.8452
9.0181,559,1.8032
9.0225,545,1.7581
9.0268,530,1.7097
9.0311,516,1.6645
9.0354,502,1.6194
9.0398,489,1.5774
9.0441,476,1.5355
9.0485,463,1.4935
9.0528,451,1.4548
9.0570,442,1.4258
9.0614,439,1.4161
9.0656,439,1.4161
9.0699,440,1.4194
9.0742,443,1.4290
9.0785,445,1.4355
9.0828,445,1.4355
9.0872,446,1.4387
9.0914,448,1.4452
9.0957,449,1.4484
9.1000,450,1.4516
9.1043,452,1.4581
9.1086,453,1.4613
9.1129,454,1.4645
9.1173,456,1.4710
9.1217,457,1.4742
9.1260,459,1.4806
9.1304,460,1.4839
9.1347,462,1.4903
9.1390,462,1.4903
9.1433,463,1.4935
9.1476,465,1.5000
9.1519,466,1.5032
9.1563,467,1.5065
9.1606,468,1.5097
9.1650,469,1.5129
9.1693,469,1.5129
9.1736,471,1.5194
9.1779,471,1.5194
9.1823,472,1.5226
9.1866,473,1.5258
9.1909,475,1.5323
9.1953,476,1.5355
9.1996,476,1.5355
9.2040,477,1.5387
9.2083,477,1.5387
9.2126,479,1.5452
9.2169,481,1.5516
9.2213,482,1.5548
9.2256,481,1.5516
9.2299,483,1.5581
9.2343,484,1.5613
9.2386,485,1.5645
9.2429,486,1.5677
9.2473,485,1.5645
9.2516,486,1.5677
9.2559,488,1.5742
9.2602,489,1.5774
9.2645,490,1.5806
9.2688,489,1.5774
9.2731,490,1.5806
9.2774,491,1.5839
9.2817,493,1.5903
9.2860,493,1.5903
9.2903,493,1.5903
9.2946,496,1.6000
9.2993,506,1.6323
9.3036,522,1.6839
9.3080,537,1.7323
9.3123,552,1.7806
9.3166,564,1.8194
9.3209,574,1.8516
9.3252,582,1.8774
9.3295,586,1.8903
9.3338,589,1.9000
9.3381,586,1.8903
9.3424,579,1.8677
9.3467,570,1.8387
9.3510,559,1.8032
9.3554,546,1.7613
9.3597,532,1.7161
9.3640,516,1.6645
9.3684,501,1.6161
9.3727,489,1.5774
9.3770,484,1.5613
9.3813,484,1.5613
9.3857,486,1.5677
9.3900,487,1.5710
9.3944,488,1.5742
9.3987,489,1.5774
9.4030,489,1.5774
9.4074,489,1.5774
9.4117,490,1.5806
9.4161,492,1.5871
9.4204,492,1.5871
9.4249,494,1.5935
9.4294,494,1.5935
9.4338,495,1.5968
9.4381,495,1.5968
9.4425,496,1.6000
9.4469,495,1.5968
9.4513,486,1.5677
9.4556,460,1.4839
9.4599,428,1.3806
9.4642,415,1.3387
9.4685,458,1.4774
9.4728,564,1.8194
9.4771,719,2.3194
9.4814,898,2.8968
9.4857,998,3.2194
9.4899,1001,3.2290
9.4943,1000,3.2258
9.4985,970,3.1290
9.5028,780,2.5161
9.5072,569,1.8355
9.5115,439,1.4161
9.5158,386,1.2452
9.5201,381,1.2290
9.5244,404,1.3032
9.5286,431,1.3903
9.5330,447,1.4419
9.5373,454,1.4645
9.5416,455,1.4677
9.5459,456,1.4710
9.5502,458,1.4774
9.5546,458,1.4774
9.5589,460,1.4839
9.5632,461,1.4871
9.5676,462,1.4903
9.5719,463,1.4935
9.5762,465,1.5000
9.5806,466,1.5032
9.5849,468,1.5097
9.5892,469,1.5129
9.5936,471,1.5194
9.5979,472,1.5226
9.6022,472,1.5226
9.6066,472,1.5226
9.6109,473,1.5258
9.6153,473,1.5258
9.6196,475,1.5323
9.6239,476,1.5355
9.6282,478,1.5419
9.6326,479,1.5452
9.6369,480,1.5484
9.6413,481,1.5516
9.6456,482,1.5548
9.6499,486,1.5677
9.6543,497,1.6032
9.6586,510,1.6452
9.6629,522,1.6839
9.6672,536,1.7290
9.6715,548,1.7677
9.6758,563,1.8161
9.6801,576,1.8581
9.6844,589,1.9000
9.6887,600,1.9355
9.6930,610,1.9677
9.6973,619,1.9968
9.7016,627,2.0226
9.7059,634,2.0452
9.7102,639,2.0613
9.7145,643,2.0742
9.7188,645,2.0806
9.7231,645,2.0806
9.7274,644,2.0774
9.7317,641,2.0677
9.7360,634,2.0452
9.7403,628,2.0258
9.7446,621,2.0032
9.7489,611,1.9710
9.7532,599,1.9323
9.7575,589,1.9000
9.7619,575,1.8548
9.7662,563,1.8161
9.7705,550,1.7742
9.7749,536,1.7290
9.7792,523,1.6871
9.7835,509,1.6419
9.7879,496,1.6000
9.7922,482,1.5548
9.7965,470,1.5161
9.8009,457,1.4742
9.8052,446,1.4387
9.8095,439,1.4161
9.8139,438,1.4129
9.8182,440,1.4194
9.8225,443,1.4290
9.8269,444,1.4323
9.8312,445,1.4355
9.8355,447,1.4419
9.8399,449,1.4484
9.8442,451,1.4548
9.8485,451,1.4548
9.8529,452,1.4581
9.8572,452,1.4581
9.8616,454,1.4645
9.8658,455,1.4677
9.8701,456,1.4710
9.8744,457,1.4742
9.8787,458,1.4774
9.8830,460,1.4839
9.8873,461,1.4871
9.8916,463,1.4935
9.8959,464,1.4968
9.9002,464,1.4968
9.9045,466,1.5032
9.9088,467,1.5065
9.9131,468,1.5097
9.9174,469,1.5129
9.9217,471,1.5194
9.9260,472,1.5226
9.9303,472,1.5226
9.9346,474,1.5290
9.9389,474,1.5290
9.9432,474,1.5290
9.9475,475,1.5323
9.9519,476,1.5355
9.9562,476,1.5355
9.9605,478,1.5419
9.9649,479,1.5452
9.9692,480,1.5484
9.9735,482,1.5548
9.9779,483,1.5581
9.9822,484,1.5613
9.9865,484,1.5613
9.9909,485,1.5645
9.9952,486,1.5677
9.9995,488,1.5742
10.0038,489,1.5774
10.0082,489,1.5774
10.0126,490,1.5806
10.0177,491,1.5839
10.0223,490,1.5806
10.0269,490,1.5806
10.0314,492,1.5871
10.0360,494,1.5935
10.0407,495,1.5968
10.0452,498,1.6065
10.0496,508,1.6387
10.0539,523,1.6871
10.0583,539,1.7387
10.0626,551,1.7774
10.0668,564,1.8194
10.0711,575,1.8548
10.0754,583,1.8806
10.0796,588,1.8968
10.0839,588,1.8968
10.0881,584,1.8839
10.0924,579,1.8677
10.0967,569,1.8355
10.1010,558,1.8000
10.1052,545,1.7581
10.1095,531,1.7129
10.1138,516,1.6645
10.1180,502,1.6194
10.1223,490,1.5806
10.1266,484,1.5613
10.1309,482,1.5548
10.1352,482,1.5548
10.1394,483,1.5581
10.1437,485,1.5645
10.1480,488,1.5742
10.1523,488,1.5742
10.1565,489,1.5774
10.1609,491,1.5839
10.1652,491,1.5839
10.1695,492,1.5871
10.1739,492,1.5871
10.1782,493,1.5903
10.1826,493,1.5903
10.1869,493,1.5903
10.1912,495,1.5968
10.1956,495,1.5968
10.1999,490,1.5806
10.2042,469,1.5129
10.2086,437,1.4097
10.2129,414,1.3355
10.2173,439,1.4161
10.2216,528,1.7032
10.2260,674,2.1742
10.2303,852,2.7484
10.2347,999,3.2226
10.2390,1001,3.2290
10.2433,999,3.2226
10.2476,990,3.1935
10.2520,829,2.6742
10.2563,607,1.9581
10.2606,459,1.4806
10.2649,393,1.2677
10.2692,379,1.2226
10.2735,397,1.2806
10.2778,426,1.3742
10.2821,444,1.4323
10.2864,452,1.4581
10.2907,454,1.4645
10.2950,455,1.4677
10.2993,457,1.4742
10.3036,459,1.4806
10.3079,459,1.4806
10.3122,460,1.4839
10.3165,461,1.4871
10.3209,462,1.4903
10.3253,463,1.4935
10.3297,466,1.5032
10.3340,466,1.5032
10.3384,474,1.5290
10.3427,469,1.5129
10.3470,470,1.5161
10.3513,471,1.5194
10.3556,472,1.5226
10.3599,474,1.5290
10.3642,473,1.5258
10.3685,475,1.5323
10.3728,476,1.5355
10.3772,477,1.5387
10.3815,478,1.5419
10.3858,479,1.5452
10.3900,480,1.5484
10.3943,481,1.5516
10.3986,484,1.5613
10.4029,492,1.5871
10.4072,505,1.6290
10.4115,518,1.6710
10.4158,532,1.7161
10.4202,546,1.7613
10.4245,559,1.8032
10.4287,572,1.8452
10.4330,585,1.8871
10.4373,594,1.9161
10.4416,604,1.9484
10.4459,615,1.9839
10.4502,622,2.0065
10.4545,630,2.0323
10.4588,636,2.0516
10.4632,638,2.0581
10.4676,641,2.0677
10.4719,643,2.0742
10.4762,643,2.0742
10.4806,640,2.0645
10.4849,635,2.0484
10.4892,629,2.0290
10.4935,620,2.0000
10.4979,613,1.9774
10.5022,603,1.9452
10.5066,592,1.9097
10.5109,579,1.8677
10.5152,567,1.8290
10.5196,553,1.7839
10.5239,538,1.7355
10.5282,524,1.6903
10.5326,510,1.6452
10.5369,495,1.5968
10.5412,481,1.5516
10.5456,470,1.5161
10.5499,458,1.4774
10.5542,447,1.4419
10.5586,439,1.4161
10.5629,437,1.4097
10.5673,440,1.4194
10.5716,441,1.4226
10.5758,444,1.4323
10.5801,445,1.4355
10.5844,447,1.4419
10.5887,449,1.4484
10.5930,450,1.4516
10.5973,451,1.4548
10.6016,453,1.4613
10.6059,454,1.4645
10.6102,455,1.4677
10.6145,457,1.4742
10.6188,458,1.4774
10.6231,459,1.4806
10.6274,461,1.4871
10.6317,460,1.4839
10.6360,462,1.4903
10.6403,462,1.4903
10.6446,463,1.4935
10.6489,465,1.5000
10.6532,465,1.5000
10.6575,466,1.5032
10.6618,468,1.5097
10.6662,469,1.5129
10.6705,471,1.5194
10.6748,471,1.5194
10.6792,472,1.5226
10.6835,473,1.5258
10.6878,475,1.5323
10.6922,475,1.5323
10.6965,477,1.5387
10.7008,478,1.5419
10.7052,479,1.5452
10.7095,480,1.5484
10.7139,481,1.5516
10.7182,482,1.5548
10.7225,483,1.5581
10.7269,485,1.5645
10.7312,486,1.5677
10.7355,486,1.5677
10.7398,488,1.5742
10.7442,488,1.5742
10.7485,488,1.5742
10.7529,489,1.5774
10.7572,490,1.5806
10.7615,490,1.5806
10.7659,491,1.5839
10.7702,492,1.5871
10.7745,493,1.5903
10.7788,494,1.5935
10.7831,494,1.5935
10.7874,494,1.5935
10.7917,495,1.5968
10.7960,501,1.6161
10.8002,511,1.6484
10.8045,524,1.6903
10.8088,539,1.7387
10.8131,552,1.7806
10.8174,565,1.8226
10.8217,577,1.8613
10.8260,585,1.8871
10.8303,590,1.9032
10.8346,590,1.9032
10.8389,586,1.8903
10.8432,579,1.8677
10.8475,570,1.8387
10.8518,558,1.8000
10.8561,545,1.7581
10.8605,531,1.7129
10.8648,515,1.6613
10.8692,500,1.6129
10.8735,490,1.5806
10.8778,485,1.5645
10.8822,485,1.5645
10.8865,486,1.5677
10.8908,486,1.5677
10.8952,487,1.5710
10.8995,489,1.5774
10.9038,491,1.5839
10.9082,492,1.5871
10.9125,491,1.5839
10.9168,492,1.5871
10.9212,492,1.5871
10.9257,493,1.5903
10.9301,494,1.5935
10.9345,494,1.5935
10.9389,495,1.5968
10.9432,496,1.6000
10.9476,494,1.5935
10.9519,482,1.5548
10.9562,456,1.4710
10.9607,424,1.3677
10.9650,418,1.3484
10.9693,473,1.5258
10.9736,589,1.9000
10.9779,751,2.4226
10.9822,931,3.0032
10.9865,1002,3.2323
10.9908,1000,3.2258
10.9951,999,3.2226
10.9994,947,3.0548
11.0037,742,2.3935
11.0080,543,1.7516
11.0123,427,1.3774
11.0166,383,1.2355
11.0209,384,1.2387
11.0252,409,1.3194
11.0295,436,1.4065
11.0338,451,1.4548
11.0381,456,1.4710
11.0424,457,1.4742
11.0467,457,1.4742
11.0510,458,1.4774
11.0553,461,1.4871
11.0596,462,1.4903
11.0639,463,1.4935
11.0682,464,1.4968
11.0725,464,1.4968
11.0769,466,1.5032
11.0812,467,1.5065
11.0855,467,1.5065
11.0898,469,1.5129
11.0942,471,1.5194
11.0986,472,1.5226
11.1030,473,1.5258
11.1077,473,1.5258
11.1121,473,1.5258
11.1164,474,1.5290
11.1208,475,1.5323
11.1251,476,1.5355
11.1295,478,1.5419
11.1338,479,1.5452
11.1382,479,1.5452
11.1425,480,1.5484
11.1468,480,1.5484
11.1511,487,1.5710
11.1555,499,1.6097
11.1598,513,1.6548
11.1641,527,1.7000
11.1685,540,1.7419
11.1728,554,1.7871
11.1771,566,1.8258
11.1814,578,1.8645
11.1857,590,1.9032
11.1900,601,1.9387
11.1943,612,1.9742
11.1985,621,2.0032
11.2029,629,2.0290
11.2072,633,2.0419
11.2115,639,2.0613
11.2158,642,2.0710
11.2201,644,2.0774
11.2245,645,2.0806
11.2289,643,2.0742
11.2333,638,2.0581
11.2376,630,2.0323
11.2419,626,2.0194
11.2462,618,1.9935
11.2505,608,1.9613
11.2548,596,1.9226
11.2591,587,1.8935
11.2635,573,1.8484
11.2678,560,1.8065
11.2721,546,1.7613
11.2763,533,1.7194
11.2806,519,1.6742
11.2849,504,1.6258
11.2892,491,1.5839
11.2935,477,1.5387
11.2978,465,1.5000
11.3021,452,1.4581
11.3064,443,1.4290
11.3107,438,1.4129
11.3150,437,1.4097
11.3193,440,1.4194
11.3236,444,1.4323
11.3279,443,1.4290
11.3322,446,1.4387
11.3365,447,1.4419
11.3408,449,1.4484
11.3451,450,1.4516
11.3494,451,1.4548
11.3537,453,1.4613
11.3580,453,1.4613
11.3623,455,1.4677
11.3666,456,1.4710
11.3709,458,1.4774
11.3752,460,1.4839
11.3796,462,1.4903
11.3839,462,1.4903
11.3883,463,1.4935
11.3926,465,1.5000
11.3969,464,1.4968
11.4012,466,1.5032
11.4056,468,1.5097
11.4099,468,1.5097
11.4142,468,1.5097
11.4186,470,1.5161
11.4229,471,1.5194
11.4273,472,1.5226
11.4316,473,1.5258
11.4360,475,1.5323
11.4403,476,1.5355
11.4446,476,1.5355
11.4490,476,1.5355
11.4533,477,1.5387
11.4577,478,1.5419
11.4620,479,1.5452
11.4664,480,1.5484
11.4708,482,1.5548
11.4751,483,1.5581
11.4794,484,1.5613
11.4837,485,1.5645
11.4880,485,1.5645
11.4923,485,1.5645
11.4966,487,1.5710
11.5009,489,1.5774
11.5051,489,1.5774
11.5095,488,1.5742
11.5137,487,1.5710
11.5180,488,1.5742
11.5223,489,1.5774
11.5266,491,1.5839
11.5309,493,1.5903
11.5353,494,1.5935
11.5395,494,1.5935
11.5438,496,1.6000
11.5481,504,1.6258
11.5524,516,1.6645
11.5567,531,1.7129
11.5610,547,1.7645
11.5653,558,1.8000
11.5696,572,1.8452
11.5740,579,1.8677
11.5783,587,1.8935
11.5826,589,1.9000
11.5870,587,1.8935
11.5913,583,1.8806
11.5956,574,1.8516
11.6000,562,1.8129
11.6043,551,1.7774
11.6086,537,1.7323
11.6130,522,1.6839
11.6173,507,1.6355
11.6217,493,1.5903
11.6260,485,1.5645
11.6303,483,1.5581
11.6347,485,1.5645
11.6391,487,1.5710
11.6434,487,1.5710
11.6477,489,1.5774
11.6521,490,1.5806
11.6564,491,1.5839
11.6607,491,1.5839
11.6651,491,1.5839
11.6694,490,1.5806
11.6738,491,1.5839
11.6780,492,1.5871
11.6823,492,1.5871
11.6866,493,1.5903
11.6909,495,1.5968
11.6952,494,1.5935
11.6995,490,1.5806
11.7038,473,1.5258
11.7081,443,1.4290
11.7124,416,1.3419
11.7167,431,1.3903
11.7210,510,1.6452
11.7253,645,2.0806
11.7296,817,2.6355
11.7339,993,3.2032
11.7382,1002,3.2323
11.7425,1001,3.2290
11.7468,996,3.2129
11.7511,880,2.8387
11.7554,657,2.1194
11.7597,487,1.5710
11.7640,402,1.2968
11.7684,379,1.2226
11.7727,390,1.2581
11.7771,420,1.3548
11.7814,442,1.4258
11.7857,453,1.4613
11.7901,456,1.4710
11.7944,458,1.4774
11.7988,459,1.4806
11.8031,459,1.4806
11.8074,460,1.4839
11.8117,460,1.4839
11.8161,461,1.4871
11.8204,462,1.4903
11.8249,463,1.4935
11.8293,464,1.4968
11.8337,467,1.5065
11.8381,467,1.5065
11.8424,469,1.5129
11.8468,470,1.5161
11.8511,472,1.5226
11.8554,472,1.5226
11.8598,474,1.5290
11.8641,473,1.5258
11.8686,473,1.5258
11.8729,474,1.5290
11.8773,476,1.5355
11.8816,477,1.5387
11.8859,477,1.5387
11.8902,478,1.5419
11.8945,478,1.5419
11.8988,481,1.5516
11.9031,491,1.5839
11.9073,503,1.6226
11.9116,517,1.6677
11.9159,531,1.7129
11.9202,544,1.7548
11.9245,556,1.7935
11.9288,570,1.8387
11.9331,582,1.8774
11.9374,594,1.9161
11.9417,606,1.9548
11.9460,614,1.9806
11.9503,623,2.0097
11.9546,628,2.0258
11.9590,635,2.0484
11.9634,639,2.0613
11.9676,642,2.0710
11.9719,642,2.0710
11.9763,641,2.0677
11.9806,640,2.0645
11.9850,635,2.0484
11.9893,629,2.0290
11.9936,622,2.0065
11.9979,614,1.9806
12.0023,604,1.9484
12.0066,592,1.9097
12.0109,580,1.8710
12.0153,567,1.8290
12.0196,555,1.7903
12.0240,541,1.7452
12.0283,527,1.7000
12.0326,512,1.6516
12.0370,498,1.6065
12.0413,484,1.5613
12.0457,472,1.5226
12.0500,460,1.4839
12.0543,447,1.4419
12.0586,441,1.4226
12.0630,438,1.4129
12.0674,439,1.4161
12.0718,441,1.4226
12.0761,443,1.4290
12.0805,446,1.4387
12.0848,446,1.4387
12.0891,448,1.4452
12.0934,449,1.4484
12.0977,451,1.4548
12.1020,451,1.4548
12.1063,453,1.4613
12.1106,454,1.4645
12.1149,455,1.4677
12.1192,456,1.4710
12.1236,458,1.4774
12.1280,459,1.4806
12.1324,460,1.4839
12.1367,461,1.4871
12.1410,463,1.4935
12.1453,464,1.4968
12.1496,466,1.5032
12.1539,467,1.5065
12.1582,468,1.5097
12.1625,470,1.5161
12.1668,470,1.5161
12.1711,471,1.5194
12.1754,471,1.5194
12.1797,471,1.5194
12.1840,473,1.5258
12.1883,474,1.5290
12.1926,476,1.5355
12.1969,476,1.5355
12.2012,477,1.5387
12.2055,479,1.5452
12.2098,479,1.5452
12.2141,481,1.5516
12.2184,481,1.5516
12.2227,483,1.5581
12.2270,483,1.5581
12.2313,483,1.5581
12.2356,485,1.5645
12.2399,486,1.5677
12.2442,487,1.5710
12.2485,487,1.5710
12.2528,488,1.5742
12.2571,489,1.5774
12.2613,488,1.5742
12.2656,489,1.5774
12.2700,489,1.5774
12.2743,490,1.5806
12.2787,491,1.5839
12.2830,493,1.5903
12.2874,492,1.5871
12.2917,493,1.5903
12.2960,499,1.6097
12.3004,510,1.6452
12.3047,523,1.6871
12.3090,538,1.7355
12.3134,551,1.7774
12.3177,564,1.8194
12.3220,575,1.8548
12.3264,583,1.8806
12.3307,587,1.8935
12.3351,587,1.8935
12.3394,583,1.8806
12.3437,576,1.8581
12.3480,565,1.8226
12.3524,553,1.7839
12.3567,541,1.7452
12.3610,526,1.6968
12.3654,513,1.6548
12.3697,500,1.6129
12.3740,490,1.5806
12.3784,486,1.5677
12.3827,486,1.5677
12.3870,487,1.5710
12.3913,487,1.5710
12.3956,487,1.5710
12.3999,491,1.5839
12.4042,490,1.5806
12.4085,491,1.5839
12.4128,491,1.5839
12.4171,492,1.5871
12.4213,492,1.5871
12.4256,493,1.5903
12.4299,493,1.5903
12.4343,495,1.5968
12.4386,496,1.6000
12.4429,496,1.6000
12.4472,495,1.5968
12.4515,486,1.5677
12.4558,461,1.4871
12.4601,429,1.3839
12.4644,415,1.3387
12.4687,457,1.4742
12.4730,564,1.8194
12.4773,719,2.3194
12.4816,901,2.9065
12.4860,1001,3.2290
12.4903,1002,3.2323
12.4946,1000,3.2258
12.4990,966,3.1161
12.5033,769,2.4806
12.5076,559,1.8032
12.5120,434,1.4000
12.5163,385,1.2419
12.5206,384,1.2387
12.5250,408,1.3161
12.5293,433,1.3968
12.5337,449,1.4484
12.5380,454,1.4645
12.5423,455,1.4677
12.5467,456,1.4710
12.5510,456,1.4710
12.5553,457,1.4742
12.5597,459,1.4806
12.5640,460,1.4839
12.5683,462,1.4903
12.5727,463,1.4935
12.5771,465,1.5000
12.5814,466,1.5032
12.5858,466,1.5032
12.5901,468,1.5097
12.5943,469,1.5129
12.5987,470,1.5161
12.6029,470,1.5161
12.6072,472,1.5226
12.6115,473,1.5258
12.6158,475,1.5323
12.6201,475,1.5323
12.6244,475,1.5323
12.6287,477,1.5387
12.6331,478,1.5419
12.6374,479,1.5452
12.6417,480,1.5484
12.6460,481,1.5516
12.6502,486,1.5677
12.6545,497,1.6032
12.6588,511,1.6484
12.6631,524,1.6903
12.6674,537,1.7323
12.6717,550,1.7742
12.6760,563,1.8161
12.6803,575,1.8548
12.6847,588,1.8968
12.6890,600,1.9355
12.6933,610,1.9677
12.6977,618,1.9935
12.7020,627,2.0226
12.7063,634,2.0452
12.7107,640,2.0645
12.7150,643,2.0742
12.7194,645,2.0806
12.7238,645,2.0806
12.7282,644,2.0774
12.7326,639,2.0613
12.7370,634,2.0452
12.7414,628,2.0258
12.7457,618,1.9935
12.7500,608,1.9613
12.7544,598,1.9290
12.7587,587,1.8935
12.7630,575,1.8548
12.7674,561,1.8097
12.7717,546,1.7613
12.7760,531,1.7129
12.7804,517,1.6677
12.7847,504,1.6258
12.7891,491,1.5839
12.7934,479,1.5452
12.7976,466,1.5032
12.8019,453,1.4613
12.8062,442,1.4258
12.8105,437,1.4097
12.8148,438,1.4129
12.8191,439,1.4161
12.8234,441,1.4226
12.8277,443,1.4290
12.8320,444,1.4323
12.8363,445,1.4355
12.8406,445,1.4355
12.8449,447,1.4419
12.8492,449,1.4484
12.8535,452,1.4581
12.8578,454,1.4645
12.8621,455,1.4677
12.8664,455,1.4677
12.8707,456,1.4710
12.8750,458,1.4774
12.8796,459,1.4806
12.8840,460,1.4839
12.8883,462,1.4903
12.8927,463,1.4935
12.8970,464,1.4968
12.9013,465,1.5000
12.9057,466,1.5032
12.9100,468,1.5097
12.9143,468,1.5097
12.9187,469,1.5129
12.9231,469,1.5129
12.9274,470,1.5161
12.9318,473,1.5258
12.9361,475,1.5323
12.9405,477,1.5387
12.9448,476,1.5355
12.9491,476,1.5355
12.9535,477,1.5387
12.9578,478,1.5419
12.9621,479,1.5452
12.9665,479,1.5452
12.9708,480,1.5484
12.9751,482,1.5548
12.9795,483,1.5581
12.9838,484,1.5613
12.9881,484,1.5613
12.9924,486,1.5677
12.9967,486,1.5677
13.0010,487,1.5710
13.0053,488,1.5742
13.0096,486,1.5677
13.0139,487,1.5710
13.0182,489,1.5774
13.0225,491,1.5839
13.0270,493,1.5903
13.0314,492,1.5871
13.0357,492,1.5871
13.0400,493,1.5903
13.0443,497,1.6032
13.0486,506,1.6323
13.0529,518,1.6710
13.0573,533,1.7194
13.0615,548,1.7677
13.0658,560,1.8065
13.0701,572,1.8452
13.0744,581,1.8742
13.0787,586,1.8903
13.0830,586,1.8903
13.0873,587,1.8935
13.0917,582,1.8774
13.0961,571,1.8419
13.1004,561,1.8097
13.1047,549,1.7710
13.1091,534,1.7226
13.1134,518,1.6710
13.1178,505,1.6290
13.1221,492,1.5871
13.1264,485,1.5645
13.1307,484,1.5613
13.1351,485,1.5645
13.1395,487,1.5710
13.1438,488,1.5742
13.1481,488,1.5742
13.1525,488,1.5742
13.1568,489,1.5774
13.1611,490,1.5806
13.1655,491,1.5839
13.1698,492,1.5871
13.1741,494,1.5935
13.1785,494,1.5935
13.1829,495,1.5968
13.1873,496,1.6000
13.1916,496,1.6000
13.1959,497,1.6032
13.2002,491,1.5839
13.2045,471,1.5194
13.2088,439,1.4161
13.2131,414,1.3355
13.2174,438,1.4129
13.2217,525,1.6935
13.2260,667,2.1516
13.2303,843,2.7194
13.2346,999,3.2226
13.2389,1000,3.2258
13.2432,1001,3.2290
13.2475,994,3.2065
13.2518,852,2.7484
13.2561,630,2.0323
13.2604,472,1.5226
13.2647,398,1.2839
13.2690,380,1.2258
13.2732,395,1.2742
13.2776,422,1.3613
13.2819,443,1.4290
13.2862,452,1.4581
13.2905,454,1.4645
13.2948,456,1.4710
13.2992,458,1.4774
13.3035,460,1.4839
13.3078,460,1.4839
13.3122,462,1.4903
13.3165,462,1.4903
13.3208,464,1.4968
13.3252,465,1.5000
13.3295,466,1.5032
13.3338,466,1.5032
13.3382,469,1.5129
13.3425,470,1.5161
13.3469,471,1.5194
13.3512,472,1.5226
13.3555,473,1.5258
13.3599,475,1.5323
13.3642,475,1.5323
13.3685,476,1.5355
13.3729,476,1.5355
13.3772,477,1.5387
13.3816,478,1.5419
13.3859,479,1.5452
13.3902,480,1.5484
13.3945,481,1.5516
13.3988,484,1.5613
13.4031,494,1.5935
13.4074,505,1.6290
13.4117,519,1.6742
13.4160,533,1.7194
13.4203,546,1.7613
13.4246,558,1.8000
13.4289,570,1.8387
13.4332,583,1.8806
13.4375,598,1.9290
13.4418,609,1.9645
13.4461,618,1.9935
13.4504,626,2.0194
13.4547,633,2.0419
13.4590,638,2.0581
13.4633,642,2.0710
13.4676,645,2.0806
13.4719,646,2.0839
13.4762,646,2.0839
13.4805,643,2.0742
13.4848,638,2.0581
13.4891,630,2.0323
13.4934,623,2.0097
13.4978,615,1.9839
13.5021,607,1.9581
13.5065,595,1.9194
13.5108,582,1.8774
13.5151,570,1.8387
13.5194,556,1.7935
13.5238,541,1.7452
13.5281,526,1.6968
13.5324,513,1.6548
13.5368,499,1.6097
13.5411,485,1.5645
13.5455,472,1.5226
13.5498,460,1.4839
13.5541,448,1.4452
13.5584,440,1.4194
13.5628,439,1.4161
13.5672,440,1.4194
13.5715,442,1.4258
13.5758,444,1.4323
13.5802,445,1.4355
13.5845,446,1.4387
13.5888,448,1.4452
13.5931,448,1.4452
13.5974,450,1.4516
13.6017,452,1.4581
13.6060,453,1.4613
13.6103,455,1.4677
13.6146,455,1.4677
13.6189,456,1.4710
13.6234,458,1.4774
13.6278,460,1.4839
13.6322,461,1.4871
13.6365,463,1.4935
13.6408,463,1.4935
13.6452,464,1.4968
13.6495,465,1.5000
13.6537,466,1.5032
13.6580,467,1.5065
13.6623,467,1.5065
13.6666,469,1.5129
13.6709,470,1.5161
13.6752,471,1.5194
13.6795,473,1.5258
13.6838,473,1.5258
13.6882,474,1.5290
13.6925,475,1.5323
13.6968,476,1.5355
13.7011,477,1.5387
13.7054,477,1.5387
13.7097,478,1.5419
13.7140,479,1.5452
13.7183,480,1.5484
13.7226,481,1.5516
13.7269,481,1.5516
13.7312,482,1.5548
13.7355,483,1.5581
13.7398,485,1.5645
13.7441,486,1.5677
13.7484,486,1.5677
13.7527,486,1.5677
13.7570,487,1.5710
13.7613,490,1.5806
13.7656,490,1.5806
13.7699,491,1.5839
13.7742,490,1.5806
13.7785,491,1.5839
13.7827,492,1.5871
13.7870,492,1.5871
13.7914,492,1.5871
13.7957,496,1.6000
13.8000,506,1.6323
13.8044,521,1.6806
13.8087,536,1.7290
13.8130,550,1.7742
13.8174,563,1.8161
13.8217,575,1.8548
13.8260,581,1.8742
13.8304,587,1.8935
13.8347,587,1.8935
13.8390,584,1.8839
13.8434,577,1.8613
13.8477,568,1.8323
13.8521,555,1.7903
13.8564,544,1.7548
13.8607,529,1.7065
13.8651,513,1.6548
13.8694,500,1.6129
13.8737,489,1.5774
13.8781,485,1.5645
13.8824,485,1.5645
13.8867,486,1.5677
13.8911,487,1.5710
13.8954,488,1.5742
13.8997,489,1.5774
13.9040,490,1.5806
13.9083,491,1.5839
13.9126,491,1.5839
13.9169,492,1.5871
13.9212,494,1.5935
13.9256,495,1.5968
13.9300,494,1.5935
13.9344,494,1.5935
13.9387,496,1.6000
13.9430,497,1.6032
13.9473,495,1.5968
13.9516,486,1.5677
13.9559,461,1.4871
13.9602,430,1.3871
13.9645,416,1.3419
13.9688,459,1.4806
13.9731,566,1.8258
13.9774,721,2.3258
13.9817,901,2.9065
13.9860,1000,3.2258
13.9904,999,3.2226
13.9947,999,3.2226
13.9991,966,3.1161
14.0034,769,2.4806
14.0077,560,1.8065
14.0121,434,1.4000
14.0164,385,1.2419
14.0208,382,1.2323
14.0251,406,1.3097
14.0295,433,1.3968
14.0338,449,1.4484
14.0381,454,1.4645
14.0425,456,1.4710
14.0468,456,1.4710
14.0511,457,1.4742
14.0555,459,1.4806
14.0598,460,1.4839
14.0642,461,1.4871
14.0685,462,1.4903
14.0728,463,1.4935
14.0772,464,1.4968
14.0815,466,1.5032
14.0859,467,1.5065
14.0902,467,1.5065
14.0947,469,1.5129
14.0990,469,1.5129
14.1033,470,1.5161
14.1076,472,1.5226
14.1119,473,1.5258
14.1162,475,1.5323
14.1205,477,1.5387
14.1247,477,1.5387
14.1290,477,1.5387
14.1333,478,1.5419
14.1376,479,1.5452
14.1419,480,1.5484
14.1462,481,1.5516
14.1505,485,1.5645
14.1548,496,1.6000
14.1591,510,1.6452
14.1634,524,1.6903
14.1677,538,1.7355
14.1720,551,1.7774
14.1763,563,1.8161
14.1806,576,1.8581
14.1849,587,1.8935
14.1892,598,1.9290
14.1935,610,1.9677
14.1978,619,1.9968
14.2021,626,2.0194
14.2065,633,2.0419
14.2108,637,2.0548
14.2151,640,2.0645
14.2194,642,2.0710
14.2238,644,2.0774
14.2281,643,2.0742
14.2324,640,2.0645
14.2368,633,2.0419
14.2411,628,2.0258
14.2454,620,2.0000
14.2498,610,1.9677
14.2541,598,1.9290
14.2584,587,1.8935
14.2628,576,1.8581
14.2672,562,1.8129
14.2715,550,1.7742
14.2758,536,1.7290
14.2802,520,1.6774
14.2845,506,1.6323
14.2888,493,1.5903
14.2933,478,1.5419
14.2976,465,1.5000
14.3019,453,1.4613
14.3062,443,1.4290
14.3105,439,1.4161
14.3148,439,1.4161
14.3191,442,1.4258
14.3234,443,1.4290
14.3277,445,1.4355
14.3320,446,1.4387
14.3363,447,1.4419
14.3406,448,1.4452
14.3449,448,1.4452
14.3492,450,1.4516
14.3535,451,1.4548
14.3578,453,1.4613
14.3621,455,1.4677
14.3664,457,1.4742
14.3707,459,1.4806
14.3750,459,1.4806
14.3793,460,1.4839
14.3836,461,1.4871
14.3879,462,1.4903
14.3922,463,1.4935
14.3965,464,1.4968
14.4008,465,1.5000
14.4052,465,1.5000
14.4095,467,1.5065
14.4138,468,1.5097
14.4181,469,1.5129
14.4225,470,1.5161
14.4268,472,1.5226
14.4312,472,1.5226
14.4355,473,1.5258
14.4398,474,1.5290
14.4441,475,1.5323
14.4485,476,1.5355
14.4528,477,1.5387
14.4572,478,1.5419
14.4615,479,1.5452
14.4659,479,1.5452
14.4702,480,1.5484
14.4745,481,1.5516
14.4789,483,1.5581
14.4832,484,1.5613
14.4875,485,1.5645
14.4919,485,1.5645
14.4962,485,1.5645
14.5005,487,1.5710
14.5048,488,1.5742
14.5091,488,1.5742
14.5134,489,1.5774
14.5177,489,1.5774
14.5220,489,1.5774
14.5265,490,1.5806
14.5309,492,1.5871
14.5352,493,1.5903
14.5395,493,1.5903
14.5438,496,1.6000
14.5482,504,1.6258
14.5525,516,1.6645
14.5568,531,1.7129
14.5611,544,1.7548
14.5654,558,1.8000
14.5697,569,1.8355
14.5740,579,1.8677
14.5782,585,1.8871
14.5825,590,1.9032
14.5868,587,1.8935
14.5911,583,1.8806
14.5954,574,1.8516
14.5997,562,1.8129
14.6040,551,1.7774
14.6083,537,1.7323
14.6126,523,1.6871
14.6169,508,1.6387
14.6212,495,1.5968
14.6255,487,1.5710
14.6298,484,1.5613
14.6341,485,1.5645
14.6384,486,1.5677
14.6427,488,1.5742
14.6470,489,1.5774
14.6517,489,1.5774
14.6561,489,1.5774
14.6604,488,1.5742
14.6646,490,1.5806
14.6689,490,1.5806
14.6732,491,1.5839
14.6775,493,1.5903
14.6818,494,1.5935
14.6861,493,1.5903
14.6904,494,1.5935
14.6947,495,1.5968
14.6990,492,1.5871
14.7033,477,1.5387
14.7077,447,1.4419
14.7120,418,1.3484
14.7163,424,1.3677
14.7207,495,1.5968
14.7250,626,2.0194
14.7293,796,2.5677
14.7337,980,3.1613
14.7380,999,3.2226
14.7424,1001,3.2290
14.7467,998,3.2194
14.7510,890,2.8710
14.7554,666,2.1484
14.7597,493,1.5903
14.7641,404,1.3032
14.7684,379,1.2226
14.7727,390,1.2581
14.7771,419,1.3516
14.7814,441,1.4226
14.7857,453,1.4613
14.7900,456,1.4710
14.7944,457,1.4742
14.7987,457,1.4742
14.8031,457,1.4742
14.8074,458,1.4774
14.8116,460,1.4839
14.8160,460,1.4839
14.8203,461,1.4871
14.8247,464,1.4968
14.8291,465,1.5000
14.8335,468,1.5097
14.8378,469,1.5129
14.8421,470,1.5161
14.8464,470,1.5161
14.8507,472,1.5226
14.8550,473,1.5258
14.8593,474,1.5290
14.8636,475,1.5323
14.8679,476,1.5355
14.8722,476,1.5355
14.8764,476,1.5355
14.8808,478,1.5419
14.8851,479,1.5452
14.8893,480,1.5484
14.8936,480,1.5484
14.8979,483,1.5581
14.9022,491,1.5839
14.9066,504,1.6258
14.9109,516,1.6645
14.9152,530,1.7097
14.9196,543,1.7516
14.9239,556,1.7935
14.9283,569,1.8355
14.9326,580,1.8710
14.9369,593,1.9129
14.9413,605,1.9516
14.9457,614,1.9806
14.9500,625,2.0161
14.9543,632,2.0387
14.9587,637,2.0548
14.9630,640,2.0645
14.9674,644,2.0774
14.9717,645,2.0806
14.9760,644,2.0774
14.9804,641,2.0677
14.9847,635,2.0484
14.9890,629,2.0290
14.9934,622,2.0065
14.9977,614,1.9806
15.0021,604,1.9484
15.0064,593,1.9129
15.0107,581,1.8742
15.0161,566,1.8258
15.0207,552,1.7806
15.0252,537,1.7323
15.0297,523,1.6871
15.0342,508,1.6387
15.0388,494,1.5935
15.0432,479,1.5452
15.0476,467,1.5065
15.0519,452,1.4581
15.0562,441,1.4226
15.0605,437,1.4097
15.0648,437,1.4097
15.0691,439,1.4161
15.0734,442,1.4258
15.0777,444,1.4323
15.0820,445,1.4355
15.0863,446,1.4387
15.0906,448,1.4452
15.0948,450,1.4516
15.0991,451,1.4548
15.1034,452,1.4581
15.1078,453,1.4613
15.1121,455,1.4677
15.1164,456,1.4710
15.1206,458,1.4774
15.1250,460,1.4839
15.1292,462,1.4903
15.1335,463,1.4935
15.1378,463,1.4935
15.1421,464,1.4968
15.1464,466,1.5032
15.1507,467,1.5065
15.1550,466,1.5032
15.1593,469,1.5129
15.1636,470,1.5161
15.1679,470,1.5161
15.1722,472,1.5226
15.1765,473,1.5258
15.1808,475,1.5323
15.1851,476,1.5355
15.1894,477,1.5387
15.1937,477,1.5387
15.1980,477,1.5387
15.2023,478,1.5419
15.2066,479,1.5452
15.2110,480,1.5484
15.2153,481,1.5516
15.2196,483,1.5581
15.2239,485,1.5645
15.2283,485,1.5645
15.2326,484,1.5613
15.2370,484,1.5613
15.2413,485,1.5645
15.2456,487,1.5710
15.2500,488,1.5742
15.2543,488,1.5742
15.2587,488,1.5742
15.2630,489,1.5774
15.2674,489,1.5774
15.2717,490,1.5806
15.2760,491,1.5839
15.2804,491,1.5839
15.2847,493,1.5903
15.2891,495,1.5968
15.2934,496,1.6000
15.2977,503,1.6226
15.3022,517,1.6677
15.3065,531,1.7129
15.3108,546,1.7613
15.3151,559,1.8032
15.3194,568,1.8323
15.3237,578,1.8645
15.3280,584,1.8839
15.3323,586,1.8903
15.3366,587,1.8935
15.3409,582,1.8774
15.3452,574,1.8516
15.3495,563,1.8161
15.3538,551,1.7774
15.3581,536,1.7290
15.3624,523,1.6871
15.3667,508,1.6387
15.3710,496,1.6000
15.3753,487,1.5710
15.3796,485,1.5645
15.3839,485,1.5645
15.3882,485,1.5645
15.3925,486,1.5677
15.3968,487,1.5710
15.4011,489,1.5774
15.4054,490,1.5806
15.4097,491,1.5839
15.4141,490,1.5806
15.4184,490,1.5806
15.4227,491,1.5839
15.4273,491,1.5839
15.4317,492,1.5871
15.4361,492,1.5871
15.4404,494,1.5935
15.4448,494,1.5935
15.4491,492,1.5871
15.4534,476,1.5355
15.4578,445,1.4355
15.4621,416,1.3419
15.4665,426,1.3742
15.4708,498,1.6065
15.4752,629,2.0290
15.4795,801,2.5839
15.4838,980,3.1613
15.4881,1002,3.2323
15.4925,1001,3.2290
15.4968,998,3.2194
15.5011,891,2.8742
15.5055,669,2.1581
15.5098,494,1.5935
15.5141,406,1.3097
15.5184,380,1.2258
15.5227,392,1.2645
15.5270,419,1.3516
15.5313,441,1.4226
15.5356,452,1.4581
15.5399,455,1.4677
15.5442,456,1.4710
15.5485,457,1.4742
15.5528,460,1.4839
15.5571,461,1.4871
15.5615,462,1.4903
15.5657,463,1.4935
15.5700,464,1.4968
15.5743,464,1.4968
15.5786,465,1.5000
15.5829,466,1.5032
15.5872,467,1.5065
15.5915,469,1.5129
15.5958,469,1.5129
15.6001,470,1.5161
15.6044,472,1.5226
15.6087,473,1.5258
15.6131,474,1.5290
15.6174,474,1.5290
15.6218,476,1.5355
15.6261,477,1.5387
15.6304,477,1.5387
15.6348,477,1.5387
15.6391,478,1.5419
15.6434,479,1.5452
15.6478,481,1.5516
15.6521,490,1.5806
15.6564,502,1.6194
15.6608,515,1.6613
15.6651,529,1.7065
15.6694,543,1.7516
15.6738,555,1.7903
15.6781,569,1.8355
15.6824,583,1.8806
15.6868,594,1.9161
15.6911,604,1.9484
15.6954,614,1.9806
15.6998,623,2.0097
15.7041,633,2.0419
15.7084,639,2.0613
15.7128,641,2.0677
15.7171,645,2.0806
15.7214,646,2.0839
15.7258,646,2.0839
15.7302,642,2.0710
15.7346,638,2.0581
15.7389,633,2.0419
15.7432,625,2.0161
15.7475,616,1.9871
15.7518,605,1.9516
15.7561,594,1.9161
15.7604,581,1.8742
15.7647,570,1.8387
15.7690,558,1.8000
15.7733,545,1.7581
15.7776,531,1.7129
15.7819,515,1.6613
15.7862,501,1.6161
15.7905,488,1.5742
15.7948,475,1.5323
15.7991,463,1.4935
15.8034,451,1.4548
15.8077,442,1.4258
15.8120,439,1.4161
15.8163,439,1.4161
15.8206,441,1.4226
15.8249,444,1.4323
15.8292,445,1.4355
15.8335,445,1.4355
15.8378,447,1.4419
15.8421,449,1.4484
15.8464,451,1.4548
15.8507,451,1.4548
15.8550,453,1.4613
15.8593,453,1.4613
15.8636,455,1.4677
15.8679,456,1.4710
15.8722,457,1.4742
15.8765,458,1.4774
15.8808,459,1.4806
15.8851,460,1.4839
15.8894,461,1.4871
15.8937,463,1.4935
15.8979,464,1.4968
15.9022,466,1.5032
15.9066,468,1.5097
15.9109,467,1.5065
15.9152,468,1.5097
15.9195,470,1.5161
15.9239,471,1.5194
15.9282,473,1.5258
15.9326,473,1.5258
15.9369,475,1.5323
15.9412,475,1.5323
15.9455,475,1.5323
15.9499,476,1.5355
15.9542,476,1.5355
15.9585,477,1.5387
15.9629,478,1.5419
15.9673,480,1.5484
15.9716,481,1.5516
15.9759,482,1.5548
15.9803,483,1.5581
15.9846,485,1.5645
15.9889,486,1.5677
15.9933,485,1.5645
15.9976,485,1.5645
16.0019,487,1.5710
16.0063,487,1.5710
16.0106,490,1.5806
16.0150,489,1.5774
16.0193,489,1.5774
16.0235,490,1.5806
16.0278,492,1.5871
16.0322,492,1.5871
16.0365,494,1.5935
16.0407,494,1.5935
16.0450,497,1.6032
16.0493,508,1.6387
16.0536,520,1.6774
16.0579,534,1.7226
16.0622,548,1.7677
16.0665,562,1.8129
16.0708,574,1.8516
16.0751,580,1.8710
16.0794,585,1.8871
16.0837,587,1.8935
16.0880,587,1.8935
16.0923,581,1.8742
16.0966,572,1.8452
16.1009,560,1.8065
16.1052,548,1.7677
16.1095,533,1.7194
16.1138,519,1.6742
16.1181,504,1.6258
16.1225,491,1.5839
16.1268,485,1.5645
16.1311,483,1.5581
16.1355,483,1.5581
16.1398,484,1.5613
16.1441,484,1.5613
16.1485,487,1.5710
16.1528,488,1.5742
16.1572,489,1.5774
16.1615,489,1.5774
16.1658,491,1.5839
16.1702,493,1.5903
16.1745,493,1.5903
16.1789,494,1.5935
16.1832,493,1.5903
16.1875,494,1.5935
16.1919,495,1.5968
16.1962,495,1.5968
16.2005,489,1.5774
16.2049,467,1.5065
16.2092,436,1.4065
16.2135,412,1.3290
16.2179,440,1.4194
16.2222,531,1.7129
16.2265,675,2.1774
16.2308,853,2.7516
16.2351,1000,3.2258
16.2394,1003,3.2355
16.2437,1000,3.2258
16.2480,992,3.2000
16.2523,838,2.7032
16.2566,617,1.9903
16.2609,466,1.5032
16.2651,395,1.2742
16.2694,379,1.2226
16.2737,396,1.2774
16.2781,425,1.3710
16.2823,446,1.4387
16.2866,454,1.4645
16.2909,456,1.4710
16.2952,457,1.4742
16.2995,458,1.4774
16.3038,459,1.4806
16.3081,461,1.4871
16.3125,462,1.4903
16.3168,463,1.4935
16.3212,464,1.4968
16.3257,465,1.5000
16.3301,466,1.5032
16.3345,467,1.5065
16.3389,468,1.5097
16.3432,469,1.5129
16.3475,469,1.5129
16.3519,469,1.5129
16.3562,471,1.5194
16.3606,473,1.5258
16.3650,473,1.5258
16.3695,474,1.5290
16.3751,476,1.5355
16.3797,478,1.5419
16.3841,479,1.5452
16.3887,479,1.5452
16.3953,480,1.5484
16.3999,483,1.5581
16.4044,494,1.5935
16.4089,509,1.6419
16.4134,521,1.6806
16.4178,535,1.7258
16.4222,548,1.7677
16.4265,563,1.8161
16.4312,578,1.8645
16.4355,590,1.9032
16.4397,600,1.9355
16.4440,611,1.9710
16.4483,621,2.0032
16.4525,628,2.0258
16.4567,634,2.0452
16.4609,638,2.0581
16.4652,642,2.0710
16.4694,644,2.0774
16.4737,645,2.0806
16.4779,644,2.0774
16.4822,639,2.0613
16.4865,633,2.0419
16.4907,628,2.0258
16.4950,621,2.0032
16.4993,613,1.9774
16.5035,602,1.9419
16.5078,592,1.9097
16.5121,579,1.8677
16.5163,567,1.8290
16.5206,553,1.7839
16.5250,539,1.7387
16.5292,524,1.6903
16.5335,510,1.6452
16.5378,495,1.5968
16.5421,482,1.5548
16.5464,469,1.5129
16.5507,459,1.4806
16.5550,448,1.4452
16.5593,440,1.4194
16.5636,439,1.4161
16.5679,439,1.4161
16.5722,440,1.4194
16.5765,442,1.4258
16.5808,444,1.4323
16.5851,446,1.4387
16.5894,448,1.4452
16.5937,448,1.4452
16.5980,449,1.4484
16.6023,450,1.4516
16.6066,452,1.4581
16.6109,453,1.4613
16.6153,454,1.4645
16.6196,456,1.4710
16.6240,456,1.4710
16.6284,458,1.4774
16.6328,459,1.4806
16.6373,460,1.4839
16.6416,462,1.4903
16.6459,463,1.4935
16.6503,464,1.4968
16.6546,466,1.5032
16.6589,467,1.5065
16.6633,468,1.5097
16.6676,470,1.5161
16.6720,470,1.5161
16.6763,472,1.5226
16.6806,473,1.5258
16.6850,473,1.5258
16.6893,474,1.5290
16.6936,475,1.5323
16.6980,476,1.5355
16.7023,476,1.5355
16.7066,478,1.5419
16.7110,479,1.5452
16.7154,479,1.5452
16.7197,480,1.5484
16.7241,482,1.5548
16.7284,484,1.5613
16.7327,485,1.5645
16.7370,486,1.5677
16.7413,486,1.5677
16.7456,487,1.5710
16.7499,488,1.5742
16.7542,488,1.5742
16.7585,489,1.5774
16.7627,490,1.5806
16.7670,491,1.5839
16.7713,491,1.5839
16.7756,490,1.5806
16.7799,491,1.5839
16.7842,492,1.5871
16.7885,494,1.5935
16.7928,495,1.5968
16.7972,502,1.6194
16.8015,513,1.6548
16.8057,527,1.7000
16.8100,542,1.7484
16.8143,556,1.7935
16.8186,568,1.8323
16.8230,578,1.8645
16.8273,585,1.8871
16.8317,589,1.9000
16.8360,587,1.8935
16.8404,582,1.8774
16.8447,576,1.8581
16.8490,565,1.8226
16.8534,553,1.7839
16.8577,538,1.7355
16.8620,524,1.6903
16.8664,509,1.6419
16.8707,496,1.6000
16.8751,486,1.5677
16.8794,483,1.5581
16.8837,484,1.5613
16.8880,485,1.5645
16.8924,487,1.5710
16.8967,488,1.5742
16.9011,489,1.5774
16.9054,490,1.5806
16.9097,490,1.5806
16.9140,491,1.5839
16.9185,493,1.5903
16.9228,493,1.5903
16.9272,494,1.5935
16.9315,494,1.5935
16.9358,495,1.5968
16.9401,495,1.5968
16.9444,494,1.5935
16.9487,494,1.5935
16.9530,481,1.5516
16.9573,452,1.4581
16.9617,421,1.3581
16.9660,423,1.3645
16.9703,484,1.5613
16.9746,608,1.9613
16.9789,773,2.4935
16.9832,952,3.0710
16.9875,999,3.2226
16.9918,1002,3.2323
16.9960,998,3.2194
17.0004,925,2.9839
17.0047,713,2.3000
17.0089,523,1.6871
17.0132,420,1.3548
17.0175,382,1.2323
17.0218,386,1.2452
17.0262,412,1.3290
17.0305,438,1.4129
17.0349,451,1.4548
17.0392,457,1.4742
17.0435,458,1.4774
17.0479,458,1.4774
17.0522,460,1.4839
17.0565,461,1.4871
17.0609,460,1.4839
17.0652,462,1.4903
17.0695,463,1.4935
17.0739,464,1.4968
17.0782,465,1.5000
17.0825,466,1.5032
17.0869,468,1.5097
17.0912,469,1.5129
17.0955,469,1.5129
17.0999,469,1.5129
17.1042,471,1.5194
17.1085,472,1.5226
17.1129,473,1.5258
17.1173,475,1.5323
17.1216,476,1.5355
17.1260,478,1.5419
17.1302,478,1.5419
17.1345,477,1.5387
17.1388,478,1.5419
17.1432,480,1.5484
17.1474,482,1.5548
17.1517,490,1.5806
17.1560,501,1.6161
17.1603,514,1.6581
17.1646,527,1.7000
17.1689,541,1.7452
17.1732,553,1.7839
17.1775,566,1.8258
17.1818,580,1.8710
17.1861,592,1.9097
17.1904,603,1.9452
17.1947,612,1.9742
17.1990,620,2.0000
17.2033,629,2.0290
17.2076,635,2.0484
17.2119,639,2.0613
17.2162,642,2.0710
17.2205,645,2.0806
17.2249,645,2.0806
17.2293,643,2.0742
17.2338,640,2.0645
17.2381,634,2.0452
17.2425,626,2.0194
17.2468,617,1.9903
17.2512,608,1.9613
17.2555,597,1.9258
17.2598,584,1.8839
17.2642,572,1.8452
17.2685,559,1.8032
17.2728,545,1.7581
17.2772,531,1.7129
17.2815,518,1.6710
17.2859,503,1.6226
17.2902,489,1.5774
17.2946,476,1.5355
17.2989,463,1.4935
17.3033,452,1.4581
17.3076,442,1.4258
17.3119,440,1.4194
17.3163,440,1.4194
17.3206,440,1.4194
17.3249,443,1.4290
17.3293,444,1.4323
17.3336,446,1.4387
17.3379,448,1.4452
17.3421,450,1.4516
17.3465,450,1.4516
17.3507,451,1.4548
17.3550,451,1.4548
17.3593,453,1.4613
17.3636,456,1.4710
17.3680,458,1.4774
17.3723,459,1.4806
17.3765,460,1.4839
17.3808,461,1.4871
17.3851,462,1.4903
17.3894,464,1.4968
17.3937,464,1.4968
17.3980,465,1.5000
17.4023,466,1.5032
17.4066,466,1.5032
17.4109,468,1.5097
17.4152,469,1.5129
17.4195,470,1.5161
17.4238,472,1.5226
17.4281,473,1.5258
17.4325,473,1.5258
17.4368,474,1.5290
17.4411,475,1.5323
17.4455,477,1.5387
17.4498,477,1.5387
17.4541,479,1.5452
17.4585,479,1.5452
17.4628,480,1.5484
17.4672,481,1.5516
17.4715,481,1.5516
17.4758,481,1.5516
17.4802,482,1.5548
17.4845,484,1.5613
17.4888,486,1.5677
17.4932,488,1.5742
17.4975,489,1.5774
17.5018,489,1.5774
17.5062,491,1.5839
17.5105,491,1.5839
17.5148,490,1.5806
17.5191,491,1.5839
17.5237,491,1.5839
17.5281,492,1.5871
17.5325,492,1.5871
17.5369,494,1.5935
17.5412,495,1.5968
17.5455,499,1.6097
17.5498,510,1.6452
17.5541,522,1.6839
17.5584,536,1.7290
17.5627,551,1.7774
17.5670,564,1.8194
17.5713,574,1.8516
17.5756,582,1.8774
17.5799,587,1.8935
17.5842,588,1.8968
17.5885,587,1.8935
17.5928,581,1.8742
17.5971,570,1.8387
17.6014,560,1.8065
17.6057,546,1.7613
17.6100,532,1.7161
17.6143,519,1.6742
17.6186,504,1.6258
17.6229,491,1.5839
17.6272,485,1.5645
17.6315,484,1.5613
17.6358,484,1.5613
17.6401,485,1.5645
17.6444,486,1.5677
17.6487,487,1.5710
17.6531,487,1.5710
17.6574,488,1.5742
17.6617,489,1.5774
17.6660,491,1.5839
17.6703,492,1.5871
17.6746,493,1.5903
17.6789,493,1.5903
17.6832,493,1.5903
17.6875,494,1.5935
17.6918,495,1.5968
17.6961,496,1.6000
17.7004,490,1.5806
17.7046,471,1.5194
17.7089,439,1.4161
17.7132,415,1.3387
17.7175,436,1.4065
17.7218,519,1.6742
17.7262,663,2.1387
17.7305,839,2.7065
17.7349,998,3.2194
17.7392,1002,3.2323
17.7436,1002,3.2323
17.7479,993,3.2032
17.7522,845,2.7258
17.7566,621,2.0032
17.7609,465,1.5000
17.7653,394,1.2710
17.7696,379,1.2226
17.7739,396,1.2774
17.7783,424,1.3677
17.7826,445,1.4355
17.7869,454,1.4645
17.7913,457,1.4742
17.7956,456,1.4710
17.7999,458,1.4774
17.8043,458,1.4774
17.8086,460,1.4839
17.8129,461,1.4871
17.8173,463,1.4935
17.8217,465,1.5000
17.8260,465,1.5000
17.8303,465,1.5000
17.8345,467,1.5065
17.8388,468,1.5097
17.8431,470,1.5161
17.8473,470,1.5161
17.8515,472,1.5226
17.8558,473,1.5258
17.8600,473,1.5258
17.8643,473,1.5258
17.8685,475,1.5323
17.8728,476,1.5355
17.8771,476,1.5355
17.8813,476,1.5355
17.8856,477,1.5387
17.8899,478,1.5419
17.8941,479,1.5452
17.8983,481,1.5516
17.9026,489,1.5774
17.9068,502,1.6194
17.9111,515,1.6613
17.9153,529,1.7065
17.9196,542,1.7484
17.9239,554,1.7871
17.9281,568,1.8323
17.9324,581,1.8742
17.9367,591,1.9065
17.9410,603,1.9452
17.9453,612,1.9742
17.9496,621,2.0032
17.9539,629,2.0290
17.9582,634,2.0452
17.9625,639,2.0613
17.9668,643,2.0742
17.9711,645,2.0806
17.9754,644,2.0774
17.9798,642,2.0710
17.9841,637,2.0548
17.9884,634,2.0452
17.9927,627,2.0226
17.9970,617,1.9903
18.0013,606,1.9548
18.0056,596,1.9226
18.0099,584,1.8839
18.0142,571,1.8419
18.0185,558,1.8000
18.0228,544,1.7548
18.0272,529,1.7065
18.0315,515,1.6613
18.0358,501,1.6161
18.0401,488,1.5742
18.0444,475,1.5323
18.0487,463,1.4935
18.0530,451,1.4548
18.0573,441,1.4226
18.0616,436,1.4065
18.0660,437,1.4097
18.0702,438,1.4129
18.0746,440,1.4194
18.0789,443,1.4290
18.0832,445,1.4355
18.0875,446,1.4387
18.0918,448,1.4452
18.0961,450,1.4516
18.1004,451,1.4548
18.1047,453,1.4613
18.1090,454,1.4645
18.1133,455,1.4677
18.1176,456,1.4710
18.1219,458,1.4774
18.1264,459,1.4806
18.1308,459,1.4806
18.1352,461,1.4871
18.1395,462,1.4903
18.1437,463,1.4935
18.1480,465,1.5000
18.1523,467,1.5065
18.1565,469,1.5129
18.1608,469,1.5129
18.1650,470,1.5161
18.1693,470,1.5161
18.1736,471,1.5194
18.1778,473,1.5258
18.1820,474,1.5290
18.1863,475,1.5323
18.1905,475,1.5323
18.1948,476,1.5355
18.1994,477,1.5387
18.2037,478,1.5419
18.2080,479,1.5452
18.2122,481,1.5516
18.2165,482,1.5548
18.2208,482,1.5548
18.2251,483,1.5581
18.2293,484,1.5613
18.2336,484,1.5613
18.2379,486,1.5677
18.2422,487,1.5710
18.2465,487,1.5710
18.2508,487,1.5710
18.2551,489,1.5774
18.2594,490,1.5806
18.2637,490,1.5806
18.2680,491,1.5839
18.2723,491,1.5839
18.2766,491,1.5839
18.2809,492,1.5871
18.2852,493,1.5903
18.2895,493,1.5903
18.2938,496,1.6000
18.2981,502,1.6194
18.3024,515,1.6613
18.3067,530,1.7097
18.3110,545,1.7581
18.3153,557,1.7968
18.3196,570,1.8387
18.3239,580,1.8710
18.3282,586,1.8903
18.3325,589,1.9000
18.3368,587,1.8935
18.3411,584,1.8839
18.3454,575,1.8548
18.3496,564,1.8194
18.3540,552,1.7806
18.3582,539,1.7387
18.3625,525,1.6935
18.3668,510,1.6452
18.3711,496,1.6000
18.3755,487,1.5710
18.3797,484,1.5613
18.3840,485,1.5645
18.3883,486,1.5677
18.3926,487,1.5710
18.3970,489,1.5774
18.4012,490,1.5806
18.4055,490,1.5806
18.4098,491,1.5839
18.4141,492,1.5871
18.4184,491,1.5839
18.4227,491,1.5839
18.4272,491,1.5839
18.4315,493,1.5903
18.4359,494,1.5935
18.4402,495,1.5968
18.4445,496,1.6000
18.4488,494,1.5935
18.4530,480,1.5484
18.4573,452,1.4581
18.4616,420,1.3548
18.4658,417,1.3452
18.4701,476,1.5355
18.4744,594,1.9161
18.4787,758,2.4452
18.4829,939,3.0290
18.4872,1001,3.2290
18.4915,1001,3.2290
18.4958,1000,3.2258
18.5001,944,3.0452
18.5043,738,2.3806
18.5086,540,1.7419
18.5129,426,1.3742
18.5172,383,1.2355
18.5214,382,1.2323
18.5257,408,1.3161
18.5300,435,1.4032
18.5343,451,1.4548
18.5386,455,1.4677
18.5429,457,1.4742
18.5473,458,1.4774
18.5516,458,1.4774
18.5558,459,1.4806
18.5601,460,1.4839
18.5645,461,1.4871
18.5687,463,1.4935
18.5730,464,1.4968
18.5773,465,1.5000
18.5816,466,1.5032
18.5859,468,1.5097
18.5902,470,1.5161
18.5945,471,1.5194
18.5988,472,1.5226
18.6031,471,1.5194
18.6074,472,1.5226
18.6117,473,1.5258
18.6160,474,1.5290
18.6204,475,1.5323
18.6247,476,1.5355
18.6290,477,1.5387
18.6332,477,1.5387
18.6376,478,1.5419
18.6418,478,1.5419
18.6461,479,1.5452
18.6504,484,1.5613
18.6547,495,1.5968
18.6590,508,1.6387
18.6633,522,1.6839
18.6676,537,1.7323
18.6719,550,1.7742
18.6762,563,1.8161
18.6805,576,1.8581
18.6847,588,1.8968
18.6891,599,1.9323
18.6934,607,1.9581
18.6977,619,1.9968
18.7020,625,2.0161
18.7063,634,2.0452
18.7106,637,2.0548
18.7149,641,2.0677
18.7192,643,2.0742
18.7235,644,2.0774
18.7278,640,2.0645
18.7321,639,2.0613
18.7364,633,2.0419
18.7406,627,2.0226
18.7450,621,2.0032
18.7492,610,1.9677
18.7536,600,1.9355
18.7579,590,1.9032
18.7622,578,1.8645
18.7665,566,1.8258
18.7707,551,1.7774
18.7750,538,1.7355
18.7793,524,1.6903
18.7837,512,1.6516
18.7879,497,1.6032
18.7923,483,1.5581
18.7966,470,1.5161
18.8009,458,1.4774
18.8052,446,1.4387
18.8095,439,1.4161
18.8138,439,1.4161
18.8181,440,1.4194
18.8224,441,1.4226
18.8267,443,1.4290
18.8310,446,1.4387
18.8353,448,1.4452
18.8396,449,1.4484
18.8439,449,1.4484
18.8482,451,1.4548
18.8525,452,1.4581
18.8567,452,1.4581
18.8610,453,1.4613
18.8653,455,1.4677
18.8696,456,1.4710
18.8739,457,1.4742
18.8781,458,1.4774
18.8824,460,1.4839
18.8867,462,1.4903
18.8910,463,1.4935
18.8953,464,1.4968
18.8996,465,1.5000
18.9039,467,1.5065
18.9082,468,1.5097
18.9125,470,1.5161
18.9168,470,1.5161
18.9211,471,1.5194
18.9254,473,1.5258
18.9297,473,1.5258
18.9340,473,1.5258
18.9383,474,1.5290
18.9426,474,1.5290
18.9469,476,1.5355
18.9512,477,1.5387
18.9555,478,1.5419
18.9598,477,1.5387
18.9641,479,1.5452
18.9684,480,1.5484
18.9727,482,1.5548
18.9770,483,1.5581
18.9813,484,1.5613
18.9856,484,1.5613
18.9899,486,1.5677
18.9942,486,1.5677
18.9985,487,1.5710
19.0028,487,1.5710
19.0072,488,1.5742
19.0114,490,1.5806
19.0158,491,1.5839
19.0201,492,1.5871
19.0244,492,1.5871
19.0288,493,1.5903
19.0332,494,1.5935
19.0375,495,1.5968
19.0418,497,1.6032
19.0461,500,1.6129
19.0504,511,1.6484
19.0547,524,1.6903
19.0590,539,1.7387
19.0633,553,1.7839
19.0676,566,1.8258
19.0719,574,1.8516
19.0762,582,1.8774
19.0805,587,1.8935
19.0848,588,1.8968
19.0891,585,1.8871
19.0935,579,1.8677
19.0977,570,1.8387
19.1020,559,1.8032
19.1063,544,1.7548
19.1107,530,1.7097
19.1150,515,1.6613
19.1192,501,1.6161
19.1235,489,1.5774
19.1279,485,1.5645
19.1322,484,1.5613
19.1365,485,1.5645
19.1407,486,1.5677
19.1451,488,1.5742
19.1493,488,1.5742
19.1536,488,1.5742
19.1579,488,1.5742
19.1622,489,1.5774
19.1665,491,1.5839
19.1707,492,1.5871
19.1750,493,1.5903
19.1793,494,1.5935
19.1836,494,1.5935
19.1879,494,1.5935
19.1922,496,1.6000
19.1965,495,1.5968
19.2007,489,1.5774
19.2051,468,1.5097
19.2093,436,1.4065
19.2137,413,1.3323
19.2180,439,1.4161
19.2222,527,1.7000
19.2265,670,2.1613
19.2308,848,2.7355
19.2352,997,3.2161
19.2395,1001,3.2290
19.2438,1002,3.2323
19.2481,993,3.2032
19.2524,845,2.7258
19.2567,623,2.0097
19.2609,468,1.5097
19.2652,396,1.2774
19.2695,379,1.2226
19.2738,396,1.2774
19.2782,424,1.3677
19.2825,445,1.4355
19.2868,453,1.4613
19.2910,455,1.4677
19.2954,457,1.4742
19.2997,458,1.4774
19.3040,460,1.4839
19.3083,461,1.4871
19.3126,462,1.4903
19.3169,463,1.4935
19.3212,464,1.4968
19.3255,466,1.5032
19.3300,467,1.5065
19.3353,468,1.5097
19.3398,467,1.5065
19.3441,468,1.5097
19.3484,471,1.5194
19.3527,472,1.5226
19.3570,473,1.5258
19.3613,475,1.5323
19.3655,476,1.5355
19.3697,476,1.5355
19.3740,476,1.5355
19.3783,478,1.5419
19.3826,478,1.5419
19.3868,479,1.5452
19.3912,482,1.5548
19.3955,482,1.5548
19.3998,487,1.5710
19.4040,496,1.6000
19.4083,507,1.6355
19.4126,520,1.6774
19.4169,533,1.7194
19.4211,547,1.7645
19.4254,560,1.8065
19.4297,572,1.8452
19.4339,585,1.8871
19.4382,596,1.9226
19.4425,608,1.9613
19.4468,616,1.9871
19.4511,624,2.0129
19.4553,632,2.0387
19.4597,638,2.0581
19.4639,641,2.0677
19.4682,643,2.0742
19.4725,644,2.0774
19.4768,643,2.0742
19.4810,643,2.0742
19.4853,635,2.0484
19.4896,629,2.0290
19.4942,622,2.0065
19.4985,614,1.9806
19.5028,604,1.9484
19.5070,593,1.9129
19.5113,579,1.8677
19.5156,566,1.8258
19.5199,554,1.7871
19.5242,541,1.7452
19.5284,528,1.7032
19.5327,514,1.6581
19.5370,501,1.6161
19.5413,487,1.5710
19.5456,473,1.5258
19.5499,463,1.4935
19.5541,451,1.4548
19.5584,441,1.4226
19.5627,440,1.4194
19.5670,439,1.4161
19.5712,441,1.4226
19.5758,443,1.4290
19.5801,444,1.4323
19.5844,445,1.4355
19.5887,446,1.4387
19.5930,449,1.4484
19.5973,451,1.4548
19.6016,451,1.4548
19.6059,452,1.4581
19.6102,454,1.4645
19.6144,456,1.4710
19.6187,457,1.4742
19.6230,459,1.4806
19.6273,461,1.4871
19.6316,463,1.4935
19.6358,463,1.4935
19.6401,464,1.4968
19.6444,464,1.4968
19.6487,466,1.5032
19.6529,467,1.5065
19.6577,468,1.5097
19.6620,469,1.5129
19.6662,470,1.5161
19.6705,471,1.5194
19.6748,471,1.5194
19.6790,474,1.5290
19.6833,475,1.5323
19.6876,474,1.5290
19.6919,474,1.5290
19.6961,475,1.5323
19.7004,476,1.5355
19.7048,477,1.5387
19.7090,479,1.5452
19.7133,480,1.5484
19.7175,480,1.5484
19.7218,481,1.5516
19.7261,482,1.5548
19.7304,483,1.5581
19.7346,484,1.5613
19.7393,485,1.5645
19.7437,486,1.5677
19.7479,487,1.5710
19.7522,488,1.5742
19.7565,489,1.5774
19.7607,490,1.5806
19.7650,489,1.5774
19.7693,491,1.5839
19.7736,491,1.5839
19.7778,492,1.5871
19.7821,492,1.5871
19.7864,494,1.5935
19.7906,496,1.6000
19.7949,498,1.6065
19.7991,507,1.6355
19.8034,519,1.6742
19.8077,533,1.7194
19.8120,547,1.7645
19.8163,559,1.8032
19.8205,571,1.8419
19.8248,579,1.8677
19.8291,585,1.8871
19.8333,588,1.8968
19.8376,587,1.8935
19.8418,580,1.8710
19.8461,572,1.8452
19.8504,561,1.8097
19.8547,549,1.7710
19.8590,535,1.7258
19.8633,519,1.6742
19.8676,506,1.6323
19.8719,492,1.5871
19.8762,485,1.5645
19.8805,483,1.5581
19.8848,485,1.5645
19.8891,486,1.5677
19.8933,486,1.5677
19.8976,487,1.5710
19.9019,487,1.5710
19.9063,488,1.5742
19.9106,489,1.5774
19.9148,491,1.5839
19.9191,491,1.5839
19.9234,491,1.5839
19.9279,492,1.5871
19.9322,493,1.5903
19.9367,492,1.5871
19.9410,493,1.5903
19.9453,494,1.5935
19.9496,492,1.5871
19.9539,476,1.5355
19.9582,445,1.4355
19.9629,414,1.3355
19.9672,427,1.3774
19.9715,504,1.6258
19.9758,639,2.0613
19.9800,806,2.6000
19.9843,985,3.1774
19.9886,1000,3.2258
19.9929,1002,3.2323
19.9972,996,3.2129
20.0014,888,2.8645
20.0057,669,2.1581
20.0100,494,1.5935
20.0143,405,1.3065
20.0185,379,1.2226
20.0229,388,1.2516
20.0282,424,1.3677
20.0327,444,1.4323
20.0371,452,1.4581
20.0416,455,1.4677
20.0460,458,1.4774
20.0505,459,1.4806
20.0548,460,1.4839
20.0591,460,1.4839
20.0633,460,1.4839
20.0676,461,1.4871
20.0718,462,1.4903
20.0760,464,1.4968
20.0802,466,1.5032
20.0845,466,1.5032
20.0888,467,1.5065
20.0930,469,1.5129
20.0973,470,1.5161
20.1016,472,1.5226
20.1058,472,1.5226
20.1101,473,1.5258
20.1144,474,1.5290
20.1186,474,1.5290
20.1229,474,1.5290
20.1273,476,1.5355
20.1316,477,1.5387
20.1359,478,1.5419
20.1402,479,1.5452
20.1444,481,1.5516
20.1487,483,1.5581
20.1531,492,1.5871
20.1574,504,1.6258
20.1617,516,1.6645
20.1661,530,1.7097
20.1704,544,1.7548
20.1747,557,1.7968
20.1791,571,1.8419
20.1834,582,1.8774
20.1877,594,1.9161
20.1920,605,1.9516
20.1964,616,1.9871
20.2007,623,2.0097
20.2050,632,2.0387
20.2094,638,2.0581
20.2137,640,2.0645
20.2180,643,2.0742
20.2224,645,2.0806
20.2272,643,2.0742
20.2316,642,2.0710
20.2361,636,2.0516
20.2404,631,2.0355
20.2447,622,2.0065
20.2491,613,1.9774
20.2534,603,1.9452
20.2577,591,1.9065
20.2620,579,1.8677
20.2663,566,1.8258
20.2706,554,1.7871
20.2749,541,1.7452
20.2792,525,1.6935
20.2835,511,1.6484
20.2878,497,1.6032
20.2921,483,1.5581
20.2964,470,1.5161
20.3007,459,1.4806
20.3050,448,1.4452
20.3093,440,1.4194
20.3136,439,1.4161
20.3179,440,1.4194
20.3221,442,1.4258
20.3264,443,1.4290
20.3307,445,1.4355
20.3350,447,1.4419
20.3393,450,1.4516
20.3436,451,1.4548
20.3480,451,1.4548
20.3523,452,1.4581
20.3567,453,1.4613
20.3610,455,1.4677
20.3653,457,1.4742
20.3697,458,1.4774
20.3740,460,1.4839
20.3783,460,1.4839
20.3827,461,1.4871
20.3870,463,1.4935
20.3913,464,1.4968
20.3956,464,1.4968
20.4000,465,1.5000
20.4043,466,1.5032
20.4086,467,1.5065
20.4130,469,1.5129
20.4174,470,1.5161
20.4217,471,1.5194
20.4260,472,1.5226
20.4303,473,1.5258
20.4347,474,1.5290
20.4390,476,1.5355
20.4434,478,1.5419
20.4477,479,1.5452
20.4520,480,1.5484
20.4563,480,1.5484
20.4606,481,1.5516
20.4649,481,1.5516
20.4692,482,1.5548
20.4735,483,1.5581
20.4778,484,1.5613
20.4821,485,1.5645
20.4864,485,1.5645
20.4907,485,1.5645
20.4949,486,1.5677
20.4992,486,1.5677
20.5035,487,1.5710
20.5078,489,1.5774
20.5121,490,1.5806
20.5164,491,1.5839
20.5207,491,1.5839
20.5250,491,1.5839
20.5293,492,1.5871
20.5336,492,1.5871
20.5379,494,1.5935
20.5422,495,1.5968
20.5465,500,1.6129
20.5508,510,1.6452
20.5551,525,1.6935
20.5594,539,1.7387
20.5638,553,1.7839
20.5681,566,1.8258
20.5724,576,1.8581
20.5767,582,1.8774
20.5811,589,1.9000
20.5854,588,1.8968
20.5897,585,1.8871
20.5941,578,1.8645
20.5984,569,1.8355
20.6027,556,1.7935
20.6072,542,1.7484
20.6115,527,1.7000
20.6158,513,1.6548
20.6201,498,1.6065
20.6245,488,1.5742
20.6288,484,1.5613
20.6331,484,1.5613
20.6375,487,1.5710
20.6418,487,1.5710
20.6461,487,1.5710
20.6505,488,1.5742
20.6548,489,1.5774
20.6591,491,1.5839
20.6634,490,1.5806
20.6677,492,1.5871
20.6720,493,1.5903
20.6763,494,1.5935
20.6805,494,1.5935
20.6848,494,1.5935
20.6891,495,1.5968
20.6934,496,1.6000
20.6977,495,1.5968
20.7020,486,1.5677
20.7063,460,1.4839
20.7106,428,1.3806
20.7149,414,1.3355
20.7192,456,1.4710
20.7235,560,1.8065
20.7279,718,2.3161
20.7322,900,2.9032
20.7365,998,3.2194
20.7408,1002,3.2323
20.7451,1000,3.2258
20.7493,970,3.1290
20.7536,781,2.5194
20.7580,569,1.8355
20.7624,438,1.4129
20.7667,385,1.2419
20.7711,380,1.2258
20.7754,402,1.2968
20.7797,430,1.3871
20.7840,447,1.4419
20.7884,454,1.4645
20.7927,455,1.4677
20.7970,456,1.4710
20.8013,457,1.4742
20.8057,459,1.4806
20.8100,461,1.4871
20.8144,462,1.4903
20.8187,462,1.4903
20.8231,464,1.4968
20.8278,466,1.5032
20.8322,467,1.5065
20.8366,468,1.5097
20.8410,468,1.5097
20.8453,469,1.5129
20.8496,471,1.5194
20.8540,471,1.5194
20.8583,473,1.5258
20.8626,473,1.5258
20.8669,475,1.5323
20.8712,477,1.5387
20.8755,476,1.5355
20.8798,477,1.5387
20.8841,478,1.5419
20.8884,479,1.5452
20.8927,480,1.5484
20.8970,480,1.5484
20.9013,485,1.5645
20.9056,497,1.6032
20.9099,510,1.6452
20.9142,524,1.6903
20.9184,537,1.7323
20.9227,550,1.7742
20.9270,564,1.8194
20.9313,578,1.8645
20.9356,590,1.9032
20.9399,599,1.9323
20.9442,609,1.9645
20.9485,619,1.9968
20.9528,627,2.0226
20.9572,633,2.0419
20.9615,638,2.0581
20.9658,641,2.0677
20.9702,643,2.0742
20.9745,644,2.0774
20.9788,643,2.0742
20.9832,639,2.0613
20.9875,635,2.0484
20.9918,627,2.0226
20.9961,620,2.0000
21.0005,612,1.9742
21.0048,601,1.9387
21.0091,589,1.9000
21.0135,576,1.8581
21.0178,563,1.8161
21.0221,550,1.7742
21.0264,535,1.7258
21.0308,521,1.6806
21.0352,506,1.6323
21.0395,492,1.5871
21.0438,478,1.5419
21.0481,465,1.5000
21.0525,454,1.4645
21.0568,443,1.4290
21.0611,439,1.4161
21.0654,439,1.4161
21.0697,441,1.4226
21.0740,443,1.4290
21.0783,444,1.4323
21.0826,445,1.4355
21.0869,447,1.4419
21.0912,449,1.4484
21.0955,450,1.4516
21.0998,451,1.4548
21.1040,453,1.4613
21.1083,454,1.4645
21.1126,456,1.4710
21.1170,458,1.4774
21.1212,459,1.4806
21.1256,459,1.4806
21.1300,461,1.4871
21.1344,461,1.4871
21.1388,464,1.4968
21.1431,464,1.4968
21.1474,465,1.5000
21.1516,466,1.5032
21.1560,468,1.5097
21.1603,470,1.5161
21.1646,470,1.5161
21.1688,471,1.5194
21.1731,472,1.5226
21.1775,472,1.5226
21.1817,472,1.5226
21.1860,475,1.5323
21.1903,476,1.5355
21.1946,476,1.5355
21.1990,477,1.5387
21.2032,478,1.5419
21.2075,479,1.5452
21.2118,481,1.5516
21.2161,481,1.5516
21.2204,482,1.5548
21.2247,482,1.5548
21.2290,485,1.5645
21.2333,485,1.5645
21.2376,485,1.5645
21.2419,486,1.5677
21.2462,486,1.5677
21.2505,487,1.5710
21.2548,488,1.5742
21.2591,489,1.5774
21.2634,490,1.5806
21.2678,491,1.5839
21.2721,492,1.5871
21.2764,493,1.5903
21.2807,493,1.5903
21.2851,495,1.5968
21.2894,494,1.5935
21.2937,495,1.5968
21.2981,503,1.6226
21.3024,514,1.6581
21.3067,528,1.7032
21.3111,543,1.7516
21.3154,556,1.7935
21.3197,568,1.8323
21.3241,578,1.8645
21.3284,586,1.8903
21.3327,589,1.9000
21.3371,588,1.8968
21.3414,583,1.8806
21.3458,574,1.8516
21.3501,564,1.8194
21.3544,549,1.7710
21.3587,536,1.7290
21.3631,521,1.6806
21.3674,508,1.6387
21.3716,494,1.5935
21.3759,485,1.5645
21.3802,484,1.5613
21.3846,484,1.5613
21.3890,486,1.5677
21.3933,487,1.5710
21.3975,487,1.5710
21.4018,487,1.5710
21.4062,489,1.5774
21.4104,488,1.5742
21.4148,489,1.5774
21.4190,489,1.5774
21.4234,491,1.5839
21.4277,492,1.5871
21.4321,492,1.5871
21.4364,492,1.5871
21.4407,491,1.5839
21.4450,493,1.5903
21.4493,492,1.5871
21.4536,479,1.5452
21.4579,449,1.4484
21.4622,417,1.3452
21.4665,420,1.3548
21.4708,485,1.5645
21.4751,610,1.9677
21.4794,777,2.5065
21.4837,958,3.0903
21.4880,1000,3.2258
21.4923,1001,3.2290
21.4966,1001,3.2290
21.5008,918,2.9613
21.5051,705,2.2742
21.5094,516,1.6645
21.5137,414,1.3355
21.5180,379,1.2226
21.5223,383,1.2355
21.5266,411,1.3258
21.5309,436,1.4065
21.5352,450,1.4516
21.5395,455,1.4677
21.5438,457,1.4742
21.5481,458,1.4774
21.5524,460,1.4839
21.5567,461,1.4871
21.5610,462,1.4903
21.5653,462,1.4903
21.5697,463,1.4935
21.5740,464,1.4968
21.5783,465,1.5000
21.5827,467,1.5065
21.5870,468,1.5097
21.5913,468,1.5097
21.5957,470,1.5161
21.6000,471,1.5194
21.6043,472,1.5226
21.6087,474,1.5290
21.6130,475,1.5323
21.6174,476,1.5355
21.6217,477,1.5387
21.6260,478,1.5419
21.6304,478,1.5419
21.6347,479,1.5452
21.6391,480,1.5484
21.6434,481,1.5516
21.6477,482,1.5548
21.6521,489,1.5774
21.6564,501,1.6161
21.6607,514,1.6581
21.6650,529,1.7065
21.6693,542,1.7484
21.6736,554,1.7871
21.6779,568,1.8323
21.6822,580,1.8710
21.6865,593,1.9129
21.6908,603,1.9452
21.6951,613,1.9774
21.6994,622,2.0065
21.7037,629,2.0290
21.7080,635,2.0484
21.7123,639,2.0613
21.7166,643,2.0742
21.7209,645,2.0806
21.7252,644,2.0774
21.7296,643,2.0742
21.7349,636,2.0516
21.7394,633,2.0419
21.7437,625,2.0161
21.7480,616,1.9871
21.7523,607,1.9581
21.7566,597,1.9258
21.7609,584,1.8839
21.7652,569,1.8355
21.7695,556,1.7935
21.7738,543,1.7516
21.7781,528,1.7032
21.7824,515,1.6613
21.7866,500,1.6129
21.7909,488,1.5742
21.7952,475,1.5323
21.7997,462,1.4903
21.8040,450,1.4516
21.8083,440,1.4194
21.8126,437,1.4097
21.8169,439,1.4161
21.8212,442,1.4258
21.8255,443,1.4290
21.8298,444,1.4323
21.8341,447,1.4419
21.8384,448,1.4452
21.8427,449,1.4484
21.8470,450,1.4516
21.8513,451,1.4548
21.8556,454,1.4645
21.8599,455,1.4677
21.8642,456,1.4710
21.8685,456,1.4710
21.8729,457,1.4742
21.8772,460,1.4839
21.8816,462,1.4903
21.8859,464,1.4968
21.8902,464,1.4968
21.8945,465,1.5000
21.8989,466,1.5032
21.9032,466,1.5032
21.9075,468,1.5097
21.9119,468,1.5097
21.9162,471,1.5194
21.9205,472,1.5226
21.9249,472,1.5226
21.9292,473,1.5258
21.9335,474,1.5290
21.9379,475,1.5323
21.9422,476,1.5355
21.9465,477,1.5387
21.9509,476,1.5355
21.9552,477,1.5387
21.9595,480,1.5484
21.9639,481,1.5516
21.9683,482,1.5548
21.9726,481,1.5516
21.9769,482,1.5548
21.9812,482,1.5548
21.9855,485,1.5645
21.9898,485,1.5645
21.9940,486,1.5677
21.9983,487,1.5710
22.0026,487,1.5710
22.0069,488,1.5742
22.0112,489,1.5774
22.0155,490,1.5806
22.0198,490,1.5806
22.0242,490,1.5806
22.0286,491,1.5839
22.0330,493,1.5903
22.0374,494,1.5935
22.0418,495,1.5968
22.0461,499,1.6097
22.0504,509,1.6419
22.0546,523,1.6871
22.0589,538,1.7355
22.0632,553,1.7839
22.0675,564,1.8194
22.0718,575,1.8548
22.0761,581,1.8742
22.0804,586,1.8903
22.0847,588,1.8968
22.0890,585,1.8871
22.0933,579,1.8677
22.0976,569,1.8355
22.1019,556,1.7935
22.1062,544,1.7548
22.1105,529,1.7065
22.1148,515,1.6613
22.1191,502,1.6194
22.1234,491,1.5839
22.1277,485,1.5645
22.1321,485,1.5645
22.1364,485,1.5645
22.1407,486,1.5677
22.1450,486,1.5677
22.1493,487,1.5710
22.1536,487,1.5710
22.1579,488,1.5742
22.1622,490,1.5806
22.1665,491,1.5839
22.1709,497,1.6032
22.1752,494,1.5935
22.1796,494,1.5935
22.1839,494,1.5935
22.1883,495,1.5968
22.1926,496,1.6000
22.1969,496,1.6000
22.2012,488,1.5742
22.2056,466,1.5032
22.2099,433,1.3968
22.2142,413,1.3323
22.2186,444,1.4323
22.2229,540,1.7419
22.2274,694,2.2387
22.2318,880,2.8387
22.2361,1001,3.2290
22.2405,1001,3.2290
22.2448,1000,3.2258
22.2492,978,3.1548
22.2535,798,2.5742
22.2578,582,1.8774
22.2621,446,1.4387
22.2665,387,1.2484
22.2708,380,1.2258
22.2751,400,1.2903
22.2794,430,1.3871
22.2837,447,1.4419
22.2880,454,1.4645
22.2923,456,1.4710
22.2966,456,1.4710
22.3009,457,1.4742
22.3052,459,1.4806
22.3095,460,1.4839
22.3138,461,1.4871
22.3180,461,1.4871
22.3223,462,1.4903
22.3266,462,1.4903
22.3309,464,1.4968
22.3353,466,1.5032
22.3395,467,1.5065
22.3438,468,1.5097
22.3481,470,1.5161
22.3524,471,1.5194
22.3567,472,1.5226
22.3610,473,1.5258
22.3654,475,1.5323
22.3697,476,1.5355
22.3741,476,1.5355
22.3784,477,1.5387
22.3827,477,1.5387
22.3870,477,1.5387
22.3914,479,1.5452
22.3957,480,1.5484
22.4000,484,1.5613
22.4044,494,1.5935
22.4087,508,1.6387
22.4131,522,1.6839
22.4174,535,1.7258
22.4217,548,1.7677
22.4261,560,1.8065
22.4304,573,1.8484
22.4348,586,1.8903
22.4391,599,1.9323
22.4434,609,1.9645
22.4478,620,2.0000
22.4521,627,2.0226
22.4564,633,2.0419
22.4608,639,2.0613
22.4651,643,2.0742
22.4694,644,2.0774
22.4737,645,2.0806
22.4780,643,2.0742
22.4823,640,2.0645
22.4866,636,2.0516
22.4909,629,2.0290
22.4952,621,2.0032
22.4995,613,1.9774
22.5038,603,1.9452
22.5081,591,1.9065
22.5124,579,1.8677
22.5167,566,1.8258
22.5210,553,1.7839
22.5253,539,1.7387
22.5296,524,1.6903
22.5339,510,1.6452
22.5382,497,1.6032
22.5425,484,1.5613
22.5468,470,1.5161
22.5511,458,1.4774
22.5554,447,1.4419
22.5597,439,1.4161
22.5640,437,1.4097
22.5682,439,1.4161
22.5725,441,1.4226
22.5769,444,1.4323
22.5812,445,1.4355
22.5856,446,1.4387
22.5899,446,1.4387
22.5942,448,1.4452
22.5986,449,1.4484
22.6029,451,1.4548
22.6073,453,1.4613
22.6116,455,1.4677
22.6160,455,1.4677
22.6203,458,1.4774
22.6246,458,1.4774
22.6291,459,1.4806
22.6335,462,1.4903
22.6380,463,1.4935
22.6423,464,1.4968
22.6466,465,1.5000
22.6510,466,1.5032
22.6553,466,1.5032
22.6596,467,1.5065
22.6640,468,1.5097
22.6684,468,1.5097
22.6727,470,1.5161
22.6770,472,1.5226
22.6813,473,1.5258
22.6856,474,1.5290
22.6899,475,1.5323
22.6942,477,1.5387
22.6985,477,1.5387
22.7028,479,1.5452
22.7071,480,1.5484
22.7114,481,1.5516
22.7157,483,1.5581
22.7200,483,1.5581
22.7243,484,1.5613
22.7286,483,1.5581
22.7329,484,1.5613
22.7372,486,1.5677
22.7415,486,1.5677
22.7458,487,1.5710
22.7501,488,1.5742
22.7544,487,1.5710
22.7587,488,1.5742
22.7630,488,1.5742
22.7673,489,1.5774
22.7716,491,1.5839
22.7759,492,1.5871
22.7803,494,1.5935
22.7846,494,1.5935
22.7889,493,1.5903
22.7933,493,1.5903
22.7976,500,1.6129
22.8019,512,1.6516
22.8063,527,1.7000
22.8106,542,1.7484
22.8149,556,1.7935
22.8192,568,1.8323
22.8236,577,1.8613
22.8279,585,1.8871
22.8324,588,1.8968
22.8367,589,1.9000
22.8410,585,1.8871
22.8454,576,1.8581
22.8498,564,1.8194
22.8541,550,1.7742
22.8584,536,1.7290
22.8628,523,1.6871
22.8671,509,1.6419
22.8715,495,1.5968
22.8758,487,1.5710
22.8801,483,1.5581
22.8844,484,1.5613
22.8887,486,1.5677
22.8930,486,1.5677
22.8973,488,1.5742
22.9016,488,1.5742
22.9059,489,1.5774
22.9102,489,1.5774
22.9145,491,1.5839
22.9188,492,1.5871
22.9231,492,1.5871
22.9275,492,1.5871
22.9319,492,1.5871
22.9363,493,1.5903
22.9406,494,1.5935
22.9450,494,1.5935
22.9492,491,1.5839
22.9535,477,1.5387
22.9578,449,1.4484
22.9621,419,1.3516
22.9664,419,1.3516
22.9707,481,1.5516
22.9750,606,1.9548
22.9793,771,2.4871
22.9836,953,3.0742
22.9879,1001,3.2290
22.9922,1000,3.2258
22.9965,1000,3.2258
23.0008,928,2.9935
23.0051,718,2.3161
23.0094,527,1.7000
23.0136,420,1.3548
23.0179,383,1.2355
23.0222,385,1.2419
23.0265,412,1.3290
23.0309,436,1.4065
23.0352,451,1.4548
23.0395,455,1.4677
23.0438,458,1.4774
23.0481,459,1.4806
23.0524,460,1.4839
23.0567,460,1.4839
23.0610,461,1.4871
23.0653,460,1.4839
23.0696,462,1.4903
23.0739,464,1.4968
23.0782,465,1.5000
23.0825,465,1.5000
23.0868,467,1.5065
23.0912,468,1.5097
23.0955,469,1.5129
23.0998,470,1.5161
23.1041,471,1.5194
23.1085,472,1.5226
23.1128,472,1.5226
23.1172,474,1.5290
23.1215,474,1.5290
23.1258,475,1.5323
23.1302,477,1.5387
23.1345,479,1.5452
23.1389,480,1.5484
23.1432,481,1.5516
23.1475,481,1.5516
23.1519,486,1.5677
23.1562,499,1.6097
23.1605,513,1.6548
23.1648,526,1.6968
23.1691,539,1.7387
23.1736,554,1.7871
23.1779,566,1.8258
23.1822,579,1.8677
23.1865,591,1.9065
23.1908,603,1.9452
23.1951,613,1.9774
23.1994,621,2.0032
23.2037,630,2.0323
23.2080,635,2.0484
23.2123,640,2.0645
23.2166,641,2.0677
23.2209,644,2.0774
23.2251,645,2.0806
23.2295,644,2.0774
23.2338,640,2.0645
23.2381,634,2.0452
23.2424,628,2.0258
23.2467,620,2.0000
23.2509,609,1.9645
23.2553,598,1.9290
23.2595,587,1.8935
23.2638,574,1.8516
23.2681,561,1.8097
23.2724,548,1.7677
23.2767,534,1.7226
23.2811,519,1.6742
23.2854,506,1.6323
23.2897,492,1.5871
23.2941,479,1.5452
23.2984,467,1.5065
23.3027,455,1.4677
23.3070,444,1.4323
23.3114,440,1.4194
23.3157,441,1.4226
23.3200,442,1.4258
23.3243,443,1.4290
23.3287,445,1.4355
23.3331,446,1.4387
23.3374,448,1.4452
23.3417,449,1.4484
23.3461,450,1.4516
23.3504,451,1.4548
23.3547,453,1.4613
23.3591,453,1.4613
23.3642,453,1.4613
23.3692,455,1.4677
23.3755,457,1.4742
23.3801,458,1.4774
23.3846,460,1.4839
23.3892,462,1.4903
23.3936,463,1.4935
23.3981,464,1.4968
23.4026,465,1.5000
23.4072,467,1.5065
23.4118,468,1.5097
23.4163,470,1.5161
23.4209,472,1.5226
23.4255,473,1.5258
23.4300,475,1.5323
23.4345,475,1.5323
23.4388,474,1.5290
23.4431,475,1.5323
23.4474,476,1.5355
23.4517,477,1.5387
23.4560,478,1.5419
23.4603,478,1.5419
23.4645,480,1.5484
23.4688,481,1.5516
23.4731,482,1.5548
23.4775,483,1.5581
23.4818,483,1.5581
23.4860,484,1.5613
23.4901,486,1.5677
23.4943,486,1.5677
23.4985,487,1.5710
23.5028,487,1.5710
23.5070,489,1.5774
23.5170,489,1.5774
23.5213,490,1.5806
23.5255,490,1.5806
23.5297,491,1.5839
23.5339,492,1.5871
23.5381,493,1.5903
23.5423,493,1.5903
23.5464,499,1.6097
23.5506,508,1.6387
23.5631,551,1.7774
23.5675,564,1.8194
23.5718,573,1.8484
23.5761,580,1.8710
23.5804,587,1.8935
23.5847,588,1.8968
23.5890,586,1.8903
23.5933,580,1.8710
23.5976,572,1.8452
23.6019,560,1.8065
23.6061,546,1.7613
23.6103,532,1.7161
23.6144,518,1.6710
23.6186,504,1.6258
23.6228,491,1.5839
23.6269,486,1.5677
23.6311,484,1.5613
23.6352,485,1.5645
23.6394,487,1.5710
23.6436,488,1.5742
23.6477,488,1.5742
23.6519,489,1.5774
23.6560,490,1.5806
23.6602,490,1.5806
23.6644,491,1.5839
23.6685,492,1.5871
23.6727,492,1.5871
23.6768,492,1.5871
23.6810,493,1.5903
23.6851,493,1.5903
23.6893,495,1.5968
23.6935,496,1.6000
23.6976,496,1.6000
23.7018,488,1.5742
23.7060,466,1.5032
23.7101,434,1.4000
23.7143,413,1.3323
23.7185,442,1.4258
23.7226,530,1.7097
23.7268,668,2.1548
23.7310,838,2.7032
23.7351,996,3.2129
23.7393,1000,3.2258
23.7435,1000,3.2258
23.7477,996,3.2129
23.7520,878,2.8323
23.7562,666,2.1484
23.7603,496,1.6000
23.7645,409,1.3194
23.7687,381,1.2290
23.7729,388,1.2516
23.7770,415,1.3387
23.7812,438,1.4129
23.7853,451,1.4548
23.7895,455,1.4677
23.7937,458,1.4774
23.7978,459,1.4806
23.8020,460,1.4839
23.8062,460,1.4839
23.8103,461,1.4871
23.8145,463,1.4935
23.8187,464,1.4968
23.8228,466,1.5032
23.8270,466,1.5032
23.8313,467,1.5065
23.8354,466,1.5032
23.8396,468,1.5097
23.8438,469,1.5129
23.8479,471,1.5194
23.8521,472,1.5226
23.8563,472,1.5226
23.8604,472,1.5226
23.8646,473,1.5258
23.8688,474,1.5290
23.8729,476,1.5355
23.8771,478,1.5419
23.8814,478,1.5419
23.8856,477,1.5387
23.8898,480,1.5484
23.8940,481,1.5516
23.8981,481,1.5516
23.9023,489,1.5774
23.9065,498,1.6065
23.9106,510,1.6452
23.9148,525,1.6935
23.9190,539,1.7387
23.9231,552,1.7806
23.9273,565,1.8226
23.9315,576,1.8581
23.9356,587,1.8935
23.9398,598,1.9290
23.9440,607,1.9581
23.9481,617,1.9903
23.9523,625,2.0161
23.9565,632,2.0387
23.9606,638,2.0581
23.9648,642,2.0710
23.9689,644,2.0774
23.9731,646,2.0839
23.9773,645,2.0806
23.9814,640,2.0645
23.9856,636,2.0516
23.9898,631,2.0355
23.9939,624,2.0129
23.9981,616,1.9871
24.0023,608,1.9613
24.0064,596,1.9226
24.0106,584,1.8839
24.0148,572,1.8452
24.0189,559,1.8032
24.0231,545,1.7581
24.0273,532,1.7161
24.0314,519,1.6742
24.0356,505,1.6290
24.0397,492,1.5871
24.0439,479,1.5452
24.0481,467,1.5065
24.0522,456,1.4710
24.0564,447,1.4419
24.0606,441,1.4226
24.0648,440,1.4194
24.0689,442,1.4258
24.0731,443,1.4290
24.0773,444,1.4323
24.0814,444,1.4323
24.0856,446,1.4387
24.0897,448,1.4452
24.0939,450,1.4516
24.0981,451,1.4548
24.1022,453,1.4613
24.1064,455,1.4677
24.1106,454,1.4645
24.1147,457,1.4742
24.1189,458,1.4774
24.1230,460,1.4839
24.1272,460,1.4839
24.1314,461,1.4871
24.1355,463,1.4935
24.1397,464,1.4968
24.1438,465,1.5000
24.1480,467,1.5065
24.1522,467,1.5065
24.1563,468,1.5097
24.1605,469,1.5129
24.1647,469,1.5129
24.1688,471,1.5194
24.1730,471,1.5194
24.1772,472,1.5226
24.1813,472,1.5226
24.1855,475,1.5323
24.1898,475,1.5323
24.1940,476,1.5355
24.1982,477,1.5387
24.2025,479,1.5452
24.2068,480,1.5484
24.2110,481,1.5516
24.2153,481,1.5516
24.2195,481,1.5516
24.2238,482,1.5548
24.2280,482,1.5548
24.2323,484,1.5613
24.2365,486,1.5677
24.2408,486,1.5677
24.2451,486,1.5677
24.2493,488,1.5742
24.2536,488,1.5742
24.2578,488,1.5742
24.2622,489,1.5774
24.2664,489,1.5774
24.2707,489,1.5774
24.2750,491,1.5839
24.2792,490,1.5806
24.2835,493,1.5903
24.2877,494,1.5935
24.2920,495,1.5968
24.2963,500,1.6129
24.3006,510,1.6452
24.3049,523,1.6871
24.3092,538,1.7355
24.3135,551,1.7774
24.3178,565,1.8226
24.3221,575,1.8548
24.3264,583,1.8806
24.3307,588,1.8968
24.3350,589,1.9000
24.3393,585,1.8871
24.3435,578,1.8645
24.3478,572,1.8452
24.3521,560,1.8065
24.3564,547,1.7645
24.3607,533,1.7194
24.3650,519,1.6742
24.3693,504,1.6258
24.3736,492,1.5871
24.3779,485,1.5645
24.3822,484,1.5613
24.3866,483,1.5581
24.3909,485,1.5645
24.3952,486,1.5677
24.3995,488,1.5742
24.4037,489,1.5774
24.4079,490,1.5806
24.4122,491,1.5839
24.4165,492,1.5871
24.4207,492,1.5871
24.4250,492,1.5871
24.4294,494,1.5935
24.4339,494,1.5935
24.4383,494,1.5935
24.4425,496,1.6000
24.4468,496,1.6000
24.4510,490,1.5806
24.4553,471,1.5194
24.4596,438,1.4129
24.4638,413,1.3323
24.4681,434,1.4000
24.4724,520,1.6774
24.4766,661,2.1323
24.4809,834,2.6903
24.4851,996,3.2129
24.4895,1001,3.2290
24.4937,1001,3.2290
24.4980,995,3.2097
24.5022,868,2.8000
24.5065,650,2.0968
24.5107,483,1.5581
24.5150,401,1.2935
24.5193,378,1.2194
24.5236,390,1.2581
24.5278,420,1.3548
24.5321,442,1.4258
24.5363,452,1.4581
24.5406,456,1.4710
24.5448,456,1.4710
24.5491,456,1.4710
24.5534,456,1.4710
24.5576,458,1.4774
24.5619,459,1.4806
24.5661,461,1.4871
24.5704,462,1.4903
24.5747,463,1.4935
24.5790,464,1.4968
24.5833,466,1.5032
24.5875,467,1.5065
24.5919,468,1.5097
24.5962,469,1.5129
24.6005,471,1.5194
24.6048,472,1.5226
24.6091,471,1.5194
24.6134,472,1.5226
24.6177,472,1.5226
24.6220,474,1.5290
24.6263,476,1.5355
24.6306,477,1.5387
24.6349,478,1.5419
24.6391,478,1.5419
24.6435,479,1.5452
24.6477,480,1.5484
24.6520,487,1.5710
24.6563,499,1.6097
24.6606,512,1.6516
24.6649,525,1.6935
24.6692,539,1.7387
24.6735,551,1.7774
24.6778,565,1.8226
24.6821,579,1.8677
24.6863,590,1.9032
24.6906,601,1.9387
24.6949,612,1.9742
24.6992,621,2.0032
24.7035,628,2.0258
24.7077,634,2.0452
24.7120,636,2.0516
24.7162,641,2.0677
24.7205,644,2.0774
24.7248,645,2.0806
24.7291,645,2.0806
24.7335,641,2.0677
24.7379,632,2.0387
24.7424,629,2.0290
24.7467,618,1.9935
24.7510,610,1.9677
24.7552,599,1.9323
24.7595,588,1.8968
24.7638,575,1.8548
24.7681,562,1.8129
24.7723,549,1.7710
24.7766,536,1.7290
24.7808,521,1.6806
24.7851,508,1.6387
24.7894,494,1.5935
24.7936,480,1.5484
24.7979,469,1.5129
24.8021,455,1.4677
24.8064,445,1.4355
24.8107,440,1.4194
24.8150,438,1.4129
24.8193,440,1.4194
24.8236,442,1.4258
24.8279,443,1.4290
24.8322,444,1.4323
24.8365,446,1.4387
24.8408,447,1.4419
24.8451,449,1.4484
24.8493,450,1.4516
24.8536,452,1.4581
24.8579,453,1.4613
24.8622,455,1.4677
24.8665,456,1.4710
24.8708,459,1.4806
24.8751,460,1.4839
24.8793,462,1.4903
24.8836,463,1.4935
24.8879,462,1.4903
24.8922,463,1.4935
24.8965,465,1.5000
24.9008,465,1.5000
24.9050,466,1.5032
24.9093,468,1.5097
24.9136,469,1.5129
24.9179,471,1.5194
24.9222,471,1.5194
24.9265,472,1.5226
24.9308,474,1.5290
24.9351,475,1.5323
24.9393,476,1.5355
24.9436,476,1.5355
24.9479,476,1.5355
24.9522,478,1.5419
24.9565,479,1.5452
24.9607,480,1.5484
24.9650,481,1.5516
24.9693,483,1.5581
24.9736,482,1.5548
24.9779,485,1.5645
24.9822,486,1.5677
24.9865,486,1.5677
24.9907,486,1.5677
24.9950,488,1.5742
24.9993,488,1.5742
25.0036,489,1.5774
25.0079,489,1.5774
25.0122,489,1.5774
25.0165,491,1.5839
25.0208,491,1.5839
25.0252,491,1.5839
25.0296,491,1.5839
25.0340,492,1.5871
25.0385,493,1.5903
25.0429,494,1.5935
25.0476,500,1.6129
25.0521,513,1.6548
25.0565,528,1.7032
25.0608,544,1.7548
25.0651,557,1.7968
25.0694,570,1.8387
25.0737,577,1.8613
25.0780,584,1.8839
25.0823,588,1.8968
25.0866,589,1.9000
25.0909,585,1.8871
25.0952,577,1.8613
25.0996,565,1.8226
25.1039,555,1.7903
25.1081,540,1.7419
25.1124,527,1.7000
25.1166,511,1.6484
25.1208,499,1.6097
25.1251,489,1.5774
25.1293,484,1.5613
25.1335,484,1.5613
25.1377,484,1.5613
25.1420,486,1.5677
25.1462,487,1.5710
25.1504,488,1.5742
25.1547,489,1.5774
25.1589,490,1.5806
25.1631,491,1.5839
25.1674,491,1.5839
25.1716,492,1.5871
25.1759,494,1.5935
25.1801,494,1.5935
25.1843,493,1.5903
25.1886,493,1.5903
25.1928,494,1.5935
25.1971,495,1.5968
25.2014,490,1.5806
25.2056,468,1.5097
25.2099,436,1.4065
25.2142,413,1.3323
25.2185,440,1.4194
25.2227,529,1.7065
25.2271,672,2.1677
25.2313,848,2.7355
25.2356,999,3.2226
25.2399,1000,3.2258
25.2442,998,3.2194
25.2485,993,3.2032
25.2528,844,2.7226
25.2571,623,2.0097
25.2613,469,1.5129
25.2660,392,1.2645
25.2704,379,1.2226
25.2747,398,1.2839
25.2790,426,1.3742
25.2833,445,1.4355
25.2876,452,1.4581
25.2919,454,1.4645
25.2962,455,1.4677
25.3004,457,1.4742
25.3047,458,1.4774
25.3091,459,1.4806
25.3133,461,1.4871
25.3176,462,1.4903
25.3219,464,1.4968
25.3261,464,1.4968
25.3305,464,1.4968
25.3349,465,1.5000
25.3392,467,1.5065
25.3435,467,1.5065
25.3477,468,1.5097
25.3520,469,1.5129
25.3563,470,1.5161
25.3605,471,1.5194
25.3647,473,1.5258
25.3690,473,1.5258
25.3732,475,1.5323
25.3775,476,1.5355
25.3817,478,1.5419
25.3860,477,1.5387
25.3902,478,1.5419
25.3945,481,1.5516
25.3987,483,1.5581
25.4030,490,1.5806
25.4073,501,1.6161
25.4116,514,1.6581
25.4159,529,1.7065
25.4203,543,1.7516
25.4246,556,1.7935
25.4289,570,1.8387
25.4334,584,1.8839
25.4378,594,1.9161
25.4422,604,1.9484
25.4466,614,1.9806
25.4510,620,2.0000
25.4553,628,2.0258
25.4597,634,2.0452
25.4640,640,2.0645
25.4683,643,2.0742
25.4726,643,2.0742
25.4770,644,2.0774
25.4813,643,2.0742
25.4857,637,2.0548
25.4900,632,2.0387
25.4944,624,2.0129
25.4987,614,1.9806
25.5031,605,1.9516
25.5074,594,1.9161
25.5117,581,1.8742
25.5160,566,1.8258
25.5203,554,1.7871
25.5246,541,1.7452
25.5289,528,1.7032
25.5332,514,1.6581
25.5375,499,1.6097
25.5418,485,1.5645
25.5460,473,1.5258
25.5503,460,1.4839
25.5546,449,1.4484
25.5589,440,1.4194
25.5632,437,1.4097
25.5675,438,1.4129
25.5718,440,1.4194
25.5761,442,1.4258
25.5804,443,1.4290
25.5847,444,1.4323
25.5890,446,1.4387
25.5933,448,1.4452
25.5975,450,1.4516
25.6019,453,1.4613
25.6062,453,1.4613
25.6105,454,1.4645
25.6149,454,1.4645
25.6192,456,1.4710
25.6235,457,1.4742
25.6279,460,1.4839
25.6324,462,1.4903
25.6368,462,1.4903
25.6412,464,1.4968
25.6455,465,1.5000
25.6499,465,1.5000
25.6542,467,1.5065
25.6586,469,1.5129
25.6629,469,1.5129
25.6673,470,1.5161
25.6716,472,1.5226
25.6758,473,1.5258
25.6801,473,1.5258
25.6844,473,1.5258
25.6887,473,1.5258
25.6930,474,1.5290
25.6973,476,1.5355
25.7016,476,1.5355
25.7058,477,1.5387
25.7102,478,1.5419
25.7145,479,1.5452
25.7187,481,1.5516
25.7230,481,1.5516
25.7273,482,1.5548
25.7316,483,1.5581
25.7358,484,1.5613
25.7400,483,1.5581
25.7443,486,1.5677
25.7485,487,1.5710
25.7528,488,1.5742
25.7570,488,1.5742
25.7613,489,1.5774
25.7656,489,1.5774
25.7698,491,1.5839
25.7741,492,1.5871
25.7783,492,1.5871
25.7826,493,1.5903
25.7868,495,1.5968
25.7911,494,1.5935
25.7953,497,1.6032
25.7996,506,1.6323
25.8038,520,1.6774
25.8081,535,1.7258
25.8124,550,1.7742
25.8167,561,1.8097
25.8210,571,1.8419
25.8253,579,1.8677
25.8296,585,1.8871
25.8339,588,1.8968
25.8381,587,1.8935
25.8424,583,1.8806
25.8467,575,1.8548
25.8510,563,1.8161
25.8553,550,1.7742
25.8596,536,1.7290
25.8638,521,1.6806
25.8681,508,1.6387
25.8724,495,1.5968
25.8767,487,1.5710
25.8810,485,1.5645
25.8852,487,1.5710
25.8895,489,1.5774
25.8938,488,1.5742
25.8981,489,1.5774
25.9024,490,1.5806
25.9066,492,1.5871
25.9109,492,1.5871
25.9152,492,1.5871
25.9195,493,1.5903
25.9238,492,1.5871
25.9281,492,1.5871
25.9323,493,1.5903
25.9366,494,1.5935
25.9409,495,1.5968
25.9451,496,1.6000
25.9494,493,1.5903
25.9537,479,1.5452
25.9580,450,1.4516
25.9622,420,1.3548
25.9665,419,1.3516
25.9708,481,1.5516
25.9751,602,1.9419
25.9794,764,2.4645
25.9837,945,3.0484
25.9879,1002,3.2323
25.9922,1000,3.2258
25.9965,998,3.2194
26.0008,934,3.0129
26.0051,724,2.3355
26.0094,529,1.7065
26.0137,419,1.3516
26.0180,382,1.2323
26.0223,383,1.2355
26.0266,408,1.3161
26.0309,433,1.3968
26.0352,447,1.4419
26.0394,454,1.4645
26.0438,456,1.4710
26.0480,456,1.4710
26.0523,457,1.4742
26.0566,458,1.4774
26.0608,459,1.4806
26.0651,461,1.4871
26.0694,462,1.4903
26.0737,463,1.4935
26.0779,463,1.4935
26.0822,465,1.5000
26.0865,466,1.5032
26.0908,468,1.5097
26.0951,470,1.5161
26.0994,471,1.5194
26.1036,473,1.5258
26.1079,473,1.5258
26.1122,474,1.5290
26.1166,475,1.5323
26.1208,477,1.5387
26.1251,477,1.5387
26.1294,478,1.5419
26.1337,478,1.5419
26.1380,480,1.5484
26.1422,481,1.5516
26.1465,481,1.5516
26.1508,485,1.5645
26.1551,495,1.5968
26.1593,508,1.6387
26.1636,522,1.6839
26.1679,536,1.7290
26.1722,549,1.7710
26.1765,563,1.8161
26.1808,575,1.8548
26.1851,587,1.8935
26.1894,598,1.9290
26.1936,609,1.9645
26.1979,618,1.9935
26.2022,627,2.0226
26.2065,635,2.0484
26.2108,639,2.0613
26.2150,643,2.0742
26.2194,644,2.0774
26.2236,644,2.0774
26.2279,644,2.0774
26.2323,641,2.0677
26.2367,634,2.0452
26.2411,630,2.0323
26.2454,622,2.0065
26.2496,614,1.9806
26.2539,603,1.9452
26.2582,594,1.9161
26.2625,580,1.8710
26.2668,567,1.8290
26.2710,555,1.7903
26.2753,541,1.7452
26.2796,527,1.7000
26.2839,514,1.6581
26.2881,499,1.6097
26.2925,485,1.5645
26.2967,474,1.5290
26.3019,458,1.4774
26.3063,448,1.4452
26.3105,441,1.4226
26.3148,439,1.4161
26.3191,441,1.4226
26.3234,443,1.4290
26.3276,444,1.4323
26.3319,445,1.4355
26.3362,445,1.4355
26.3404,447,1.4419
26.3446,450,1.4516
26.3489,451,1.4548
26.3531,454,1.4645
26.3574,454,1.4645
26.3617,455,1.4677
26.3659,457,1.4742
26.3701,458,1.4774
26.3744,460,1.4839
26.3787,460,1.4839
26.3829,462,1.4903
26.3872,463,1.4935
26.3914,464,1.4968
26.3956,464,1.4968
26.3999,466,1.5032
26.4042,468,1.5097
26.4084,467,1.5065
26.4127,468,1.5097
26.4169,469,1.5129
26.4213,471,1.5194
26.4255,473,1.5258
26.4298,473,1.5258
26.4341,473,1.5258
26.4384,475,1.5323
26.4427,476,1.5355
26.4469,477,1.5387
26.4512,478,1.5419
26.4555,479,1.5452
26.4598,481,1.5516
26.4640,481,1.5516
26.4683,480,1.5484
26.4726,481,1.5516
26.4768,482,1.5548
26.4811,485,1.5645
26.4854,486,1.5677
26.4897,486,1.5677
26.4939,487,1.5710
26.4982,487,1.5710
26.5025,488,1.5742
26.5068,490,1.5806
26.5110,488,1.5742
26.5153,490,1.5806
26.5196,489,1.5774
26.5239,491,1.5839
26.5282,490,1.5806
26.5326,492,1.5871
26.5370,492,1.5871
26.5414,493,1.5903
26.5456,497,1.6032
26.5499,506,1.6323
26.5542,520,1.6774
26.5585,535,1.7258
26.5627,548,1.7677
26.5670,562,1.8129
26.5713,572,1.8452
26.5756,581,1.8742
26.5798,587,1.8935
26.5842,588,1.8968
26.5884,586,1.8903
26.5927,579,1.8677
26.5970,572,1.8452
26.6012,560,1.8065
26.6056,549,1.7710
26.6098,535,1.7258
26.6142,520,1.6774
26.6185,505,1.6290
26.6227,493,1.5903
26.6270,486,1.5677
26.6313,484,1.5613
26.6356,486,1.5677
26.6398,487,1.5710
26.6441,488,1.5742
26.6483,489,1.5774
26.6526,489,1.5774
26.6568,489,1.5774
26.6611,491,1.5839
26.6654,492,1.5871
26.6696,493,1.5903
26.6738,493,1.5903
26.6781,493,1.5903
26.6824,495,1.5968
26.6866,495,1.5968
26.6908,497,1.6032
26.6951,497,1.6032
26.6994,495,1.5968
26.7036,483,1.5581
26.7079,454,1.4645
26.7121,422,1.3613
26.7164,419,1.3516
26.7206,475,1.5323
26.7250,595,1.9194
26.7292,757,2.4419
26.7335,937,3.0226
26.7378,999,3.2226
26.7421,1000,3.2258
26.7464,1000,3.2258
26.7507,941,3.0355
26.7549,733,2.3645
26.7592,537,1.7323
26.7635,424,1.3677
26.7678,382,1.2323
26.7720,382,1.2323
26.7763,407,1.3129
26.7806,434,1.4000
26.7849,449,1.4484
26.7892,454,1.4645
26.7935,456,1.4710
26.7977,457,1.4742
26.8020,457,1.4742
26.8063,458,1.4774
26.8106,460,1.4839
26.8149,460,1.4839
26.8191,461,1.4871
26.8234,463,1.4935
26.8277,465,1.5000
26.8320,466,1.5032
26.8363,468,1.5097
26.8405,470,1.5161
26.8448,471,1.5194
26.8491,470,1.5161
26.8534,472,1.5226
26.8577,474,1.5290
26.8620,475,1.5323
26.8662,477,1.5387
26.8705,476,1.5355
26.8748,477,1.5387
26.8791,479,1.5452
26.8834,480,1.5484
26.8877,480,1.5484
26.8920,479,1.5452
26.8963,481,1.5516
26.9005,485,1.5645
26.9048,495,1.5968
26.9091,508,1.6387
26.9134,520,1.6774
26.9177,534,1.7226
26.9219,549,1.7710
26.9263,562,1.8129
26.9305,575,1.8548
26.9348,588,1.8968
26.9391,598,1.9290
26.9434,608,1.9613
26.9476,617,1.9903
26.9519,626,2.0194
26.9562,633,2.0419
26.9605,638,2.0581
26.9649,643,2.0742
26.9692,645,2.0806
26.9735,647,2.0871
26.9778,645,2.0806
26.9821,643,2.0742
26.9864,635,2.0484
26.9907,629,2.0290
26.9950,622,2.0065
26.9992,612,1.9742
27.0035,602,1.9419
27.0078,591,1.9065
27.0121,580,1.8710
27.0164,567,1.8290
27.0206,551,1.7774
27.0253,537,1.7323
27.0296,524,1.6903
27.0340,511,1.6484
27.0382,497,1.6032
27.0425,484,1.5613
27.0468,471,1.5194
27.0511,458,1.4774
27.0554,447,1.4419
27.0596,440,1.4194
27.0639,438,1.4129
27.0682,439,1.4161
27.0725,441,1.4226
27.0768,443,1.4290
27.0810,444,1.4323
27.0853,445,1.4355
27.0896,447,1.4419
27.0939,447,1.4419
27.0982,449,1.4484
27.1024,451,1.4548
27.1068,453,1.4613
27.1110,454,1.4645
27.1153,455,1.4677
27.1196,458,1.4774
27.1238,459,1.4806
27.1281,459,1.4806
27.1326,460,1.4839
27.1370,462,1.4903
27.1414,464,1.4968
27.1457,465,1.5000
27.1499,465,1.5000
27.1542,466,1.5032
27.1585,468,1.5097
27.1628,469,1.5129
27.1671,471,1.5194
27.1714,471,1.5194
27.1757,472,1.5226
27.1800,474,1.5290
27.1843,475,1.5323
27.1885,476,1.5355
27.1928,477,1.5387
27.1971,477,1.5387
27.2014,478,1.5419
27.2057,479,1.5452
27.2099,480,1.5484
27.2142,481,1.5516
27.2185,482,1.5548
27.2228,482,1.5548
27.2272,483,1.5581
27.2314,484,1.5613
27.2357,484,1.5613
27.2400,485,1.5645
27.2442,486,1.5677
27.2485,486,1.5677
27.2527,486,1.5677
27.2570,488,1.5742
27.2612,489,1.5774
27.2655,489,1.5774
27.2697,492,1.5871
27.2740,492,1.5871
27.2782,493,1.5903
27.2825,492,1.5871
27.2867,492,1.5871
27.2910,494,1.5935
27.2952,496,1.6000
27.2995,505,1.6290
27.3037,518,1.6710
27.3079,532,1.7161
27.3122,545,1.7581
27.3165,560,1.8065
27.3207,569,1.8355
27.3250,579,1.8677
27.3293,585,1.8871
27.3336,587,1.8935
27.3379,586,1.8903
27.3422,582,1.8774
27.3465,573,1.8484
27.3507,562,1.8129
27.3550,549,1.7710
27.3593,537,1.7323
27.3636,521,1.6806
27.3679,507,1.6355
27.3722,494,1.5935
27.3764,485,1.5645
27.3807,483,1.5581
27.3850,483,1.5581
27.3893,484,1.5613
27.3936,486,1.5677
27.3978,488,1.5742
27.4021,488,1.5742
27.4064,488,1.5742
27.4107,489,1.5774
27.4149,490,1.5806
27.4192,490,1.5806
27.4235,492,1.5871
27.4278,493,1.5903
27.4322,494,1.5935
27.4367,493,1.5903
27.4410,494,1.5935
27.4454,494,1.5935
27.4497,492,1.5871
27.4539,478,1.5419
27.4582,449,1.4484
27.4625,421,1.3581
27.4668,422,1.3613
27.4711,484,1.5613
27.4754,606,1.9548
27.4796,771,2.4871
27.4839,952,3.0710
27.4882,1000,3.2258
27.4925,1002,3.2323
27.4968,999,3.2226
27.5011,928,2.9935
27.5054,716,2.3097
27.5096,525,1.6935
27.5139,419,1.3516
27.5182,381,1.2290
27.5225,384,1.2387
27.5267,410,1.3226
27.5310,435,1.4032
27.5353,449,1.4484
27.5396,455,1.4677
27.5438,457,1.4742
27.5482,457,1.4742
27.5525,458,1.4774
27.5568,459,1.4806
27.5610,461,1.4871
27.5654,463,1.4935
27.5696,463,1.4935
27.5739,464,1.4968
27.5782,465,1.5000
27.5825,466,1.5032
27.5868,468,1.5097
27.5911,468,1.5097
27.5953,470,1.5161
27.5996,471,1.5194
27.6039,471,1.5194
27.6082,473,1.5258
27.6124,475,1.5323
27.6167,475,1.5323
27.6210,476,1.5355
27.6252,478,1.5419
27.6295,479,1.5452
27.6338,479,1.5452
27.6381,479,1.5452
27.6424,479,1.5452
27.6466,480,1.5484
27.6509,485,1.5645
27.6552,495,1.5968
27.6595,509,1.6419
27.6638,523,1.6871
27.6681,536,1.7290
27.6723,548,1.7677
27.6767,561,1.8097
27.6809,574,1.8516
27.6852,587,1.8935
27.6895,599,1.9323
27.6938,609,1.9645
27.6981,619,1.9968
27.7024,628,2.0258
27.7066,632,2.0387
27.7110,638,2.0581
27.7152,641,2.0677
27.7195,642,2.0710
27.7238,643,2.0742
27.7280,643,2.0742
27.7324,641,2.0677
27.7366,636,2.0516
27.7409,628,2.0258
27.7452,621,2.0032
27.7495,613,1.9774
27.7538,600,1.9355
27.7581,591,1.9065
27.7623,579,1.8677
27.7666,567,1.8290
27.7709,555,1.7903
27.7752,542,1.7484
27.7795,526,1.6968
27.7838,512,1.6516
27.7880,497,1.6032
27.7924,483,1.5581
27.7967,470,1.5161
27.8010,458,1.4774
27.8052,448,1.4452
27.8095,440,1.4194
27.8138,438,1.4129
27.8181,439,1.4161
27.8223,441,1.4226
27.8266,442,1.4258
27.8309,445,1.4355
27.8352,447,1.4419
27.8395,448,1.4452
27.8438,449,1.4484
27.8481,450,1.4516
27.8524,453,1.4613
27.8566,454,1.4645
27.8609,454,1.4645
27.8652,456,1.4710
27.8695,457,1.4742
27.8738,458,1.4774
27.8781,459,1.4806
27.8824,460,1.4839
27.8866,461,1.4871
27.8909,463,1.4935
27.8952,464,1.4968
27.8995,466,1.5032
27.9038,466,1.5032
27.9080,466,1.5032
27.9123,467,1.5065
27.9167,469,1.5129
27.9209,470,1.5161
27.9252,472,1.5226
27.9295,473,1.5258
27.9338,474,1.5290
27.9381,476,1.5355
27.9424,476,1.5355
27.9467,477,1.5387
27.9509,477,1.5387
27.9552,478,1.5419
27.9595,479,1.5452
27.9638,479,1.5452
27.9680,481,1.5516
27.9723,482,1.5548
27.9766,482,1.5548
27.9809,482,1.5548
27.9851,482,1.5548
27.9894,483,1.5581
27.9937,485,1.5645
27.9980,486,1.5677
28.0023,488,1.5742
28.0065,488,1.5742
28.0108,489,1.5774
28.0151,489,1.5774
28.0194,489,1.5774
28.0237,490,1.5806
28.0279,490,1.5806
28.0324,491,1.5839
28.0368,493,1.5903
28.0411,494,1.5935
28.0455,496,1.6000
28.0497,504,1.6258
28.0540,517,1.6677
28.0583,532,1.7161
28.0626,546,1.7613
28.0669,559,1.8032
28.0711,570,1.8387
28.0754,580,1.8710
28.0797,585,1.8871
28.0840,589,1.9000
28.0882,586,1.8903
28.0926,582,1.8774
28.0968,573,1.8484
28.1011,562,1.8129
28.1054,550,1.7742
28.1097,536,1.7290
28.1139,522,1.6839
28.1182,508,1.6387
28.1225,496,1.6000
28.1268,488,1.5742
28.1310,486,1.5677
28.1353,487,1.5710
28.1396,488,1.5742
28.1439,488,1.5742
28.1482,488,1.5742
28.1525,490,1.5806
28.1568,491,1.5839
28.1611,491,1.5839
28.1654,493,1.5903
28.1697,494,1.5935
28.1740,493,1.5903
28.1782,494,1.5935
28.1825,495,1.5968
28.1868,494,1.5935
28.1911,495,1.5968
28.1954,496,1.6000
28.1996,494,1.5935
28.2039,481,1.5516
28.2082,452,1.4581
28.2124,421,1.3581
28.2167,421,1.3581
28.2210,483,1.5581
28.2253,604,1.9484
28.2296,765,2.4677
28.2339,947,3.0548
28.2382,1002,3.2323
28.2424,1002,3.2323
28.2467,999,3.2226
28.2510,934,3.0129
28.2553,722,2.3290
28.2596,529,1.7065
28.2639,422,1.3613
28.2682,382,1.2323
28.2724,384,1.2387
28.2767,410,1.3226
28.2810,437,1.4097
28.2852,450,1.4516
28.2895,455,1.4677
28.2938,456,1.4710
28.2981,457,1.4742
28.3024,457,1.4742
28.3067,458,1.4774
28.3110,459,1.4806
28.3153,460,1.4839
28.3195,462,1.4903
28.3238,463,1.4935
28.3281,464,1.4968
28.3326,465,1.5000
28.3369,467,1.5065
28.3416,466,1.5032
28.3460,468,1.5097
28.3504,469,1.5129
28.3547,470,1.5161
28.3592,470,1.5161
28.3635,471,1.5194
28.3678,473,1.5258
28.3721,474,1.5290
28.3764,475,1.5323
28.3807,477,1.5387
28.3850,478,1.5419
28.3894,479,1.5452
28.3937,479,1.5452
28.3980,481,1.5516
28.4023,488,1.5742
28.4066,498,1.6065
28.4109,512,1.6516
28.4152,526,1.6968
28.4195,540,1.7419
28.4238,553,1.7839
28.4281,565,1.8226
28.4325,578,1.8645
28.4368,590,1.9032
28.4412,603,1.9452
28.4458,612,1.9742
28.4501,623,2.0097
28.4544,630,2.0323
28.4587,635,2.0484
28.4629,639,2.0613
28.4672,641,2.0677
28.4716,642,2.0710
28.4758,644,2.0774
28.4801,644,2.0774
28.4843,640,2.0645
28.4886,635,2.0484
28.4929,627,2.0226
28.4972,619,1.9968
28.5015,608,1.9613
28.5058,600,1.9355
28.5100,587,1.8935
28.5143,575,1.8548
28.5186,562,1.8129
28.5229,548,1.7677
28.5272,535,1.7258
28.5321,518,1.6710
28.5364,504,1.6258
28.5407,490,1.5806
28.5449,477,1.5387
28.5492,465,1.5000
28.5535,453,1.4613
28.5578,443,1.4290
28.5620,439,1.4161
28.5663,438,1.4129
28.5706,439,1.4161
28.5749,442,1.4258
28.5791,444,1.4323
28.5834,446,1.4387
28.5877,447,1.4419
28.5919,448,1.4452
28.5962,450,1.4516
28.6006,451,1.4548
28.6048,453,1.4613
28.6091,453,1.4613
28.6133,454,1.4645
28.6176,455,1.4677
28.6219,457,1.4742
28.6262,459,1.4806
28.6306,459,1.4806
28.6349,460,1.4839
28.6391,463,1.4935
28.6440,464,1.4968
28.6483,465,1.5000
28.6526,465,1.5000
28.6569,466,1.5032
28.6612,468,1.5097
28.6654,468,1.5097
28.6697,470,1.5161
28.6739,472,1.5226
28.6782,473,1.5258
28.6825,473,1.5258
28.6868,474,1.5290
28.6910,475,1.5323
28.6954,477,1.5387
28.6997,479,1.5452
28.7040,479,1.5452
28.7082,479,1.5452
28.7126,478,1.5419
28.7169,478,1.5419
28.7211,479,1.5452
28.7254,481,1.5516
28.7296,480,1.5484
28.7339,482,1.5548
28.7382,483,1.5581
28.7424,483,1.5581
28.7467,485,1.5645
28.7510,486,1.5677
28.7554,487,1.5710
28.7598,487,1.5710
28.7641,489,1.5774
28.7684,491,1.5839
28.7726,491,1.5839
28.7769,492,1.5871
28.7812,492,1.5871
28.7897,493,1.5903
28.7949,496,1.6000
28.7993,504,1.6258
28.8036,516,1.6645
28.8078,530,1.7097
28.8121,546,1.7613
28.8163,559,1.8032
28.8206,569,1.8355
28.8249,579,1.8677
28.8292,586,1.8903
28.8334,587,1.8935
28.8377,586,1.8903
28.8420,582,1.8774
28.8463,574,1.8516
28.8505,564,1.8194
28.8548,551,1.7774
28.8591,538,1.7355
28.8634,523,1.6871
28.8676,508,1.6387
28.8719,495,1.5968
28.8762,484,1.5613
28.8805,483,1.5581
28.8847,482,1.5548
28.8890,482,1.5548
28.8932,484,1.5613
28.8975,487,1.5710
28.9018,488,1.5742
28.9061,489,1.5774
28.9104,490,1.5806
28.9146,491,1.5839
28.9189,491,1.5839
28.9232,492,1.5871
28.9275,492,1.5871
28.9320,494,1.5935
28.9364,494,1.5935
28.9407,497,1.6032
28.9451,496,1.6000
28.9494,494,1.5935
28.9537,482,1.5548
28.9580,453,1.4613
28.9623,422,1.3613
28.9666,420,1.3548
28.9709,479,1.5452
28.9752,598,1.9290
28.9794,758,2.4452
28.9837,940,3.0323
28.9880,1001,3.2290
28.9922,1001,3.2290
28.9965,1001,3.2290
29.0008,943,3.0419
29.0051,734,2.3677
29.0094,538,1.7355
29.0137,425,1.3710
29.0179,384,1.2387
29.0222,384,1.2387
29.0265,409,1.3194
29.0307,434,1.4000
29.0350,449,1.4484
29.0398,455,1.4677
29.0441,458,1.4774
29.0483,458,1.4774
29.0526,460,1.4839
29.0569,461,1.4871
29.0611,461,1.4871
29.0655,464,1.4968
29.0697,465,1.5000
29.0740,466,1.5032
29.0783,467,1.5065
29.0825,469,1.5129
29.0868,470,1.5161
29.0911,471,1.5194
29.0953,470,1.5161
29.0996,472,1.5226
29.1039,472,1.5226
29.1082,473,1.5258
29.1125,474,1.5290
29.1167,474,1.5290
29.1214,475,1.5323
29.1257,476,1.5355
29.1300,478,1.5419
29.1343,479,1.5452
29.1385,480,1.5484
29.1428,481,1.5516
29.1474,482,1.5548
29.1517,487,1.5710
29.1560,499,1.6097
29.1602,512,1.6516
29.1645,524,1.6903
29.1688,538,1.7355
29.1731,552,1.7806
29.1773,565,1.8226
29.1816,578,1.8645
29.1859,590,1.9032
29.1902,602,1.9419
29.1944,611,1.9710
29.1987,620,2.0000
29.2031,628,2.0258
29.2074,635,2.0484
29.2116,640,2.0645
29.2159,642,2.0710
29.2201,645,2.0806
29.2244,646,2.0839
29.2287,645,2.0806
29.2331,643,2.0742
29.2375,635,2.0484
29.2417,628,2.0258
29.2460,622,2.0065
29.2503,614,1.9806
29.2546,603,1.9452
29.2588,591,1.9065
29.2631,580,1.8710
29.2673,566,1.8258
29.2716,554,1.7871
29.2758,540,1.7419
29.2801,526,1.6968
29.2843,512,1.6516
29.2885,498,1.6065
29.2928,485,1.5645
29.2970,472,1.5226
29.3013,461,1.4871
29.3055,449,1.4484
29.3098,441,1.4226
29.3141,440,1.4194
29.3183,440,1.4194
29.3225,442,1.4258
29.3268,443,1.4290
29.3310,445,1.4355
29.3353,446,1.4387
29.3396,448,1.4452
29.3439,449,1.4484
29.3483,450,1.4516
29.3526,452,1.4581
29.3570,454,1.4645
29.3613,456,1.4710
29.3656,456,1.4710
29.3700,458,1.4774
29.3743,459,1.4806
29.3786,459,1.4806
29.3830,461,1.4871
29.3874,461,1.4871
29.3917,462,1.4903
29.3960,463,1.4935
29.4004,465,1.5000
29.4047,467,1.5065
29.4090,467,1.5065
29.4134,468,1.5097
29.4177,470,1.5161
29.4220,471,1.5194
29.4263,472,1.5226
29.4307,474,1.5290
29.4350,474,1.5290
29.4393,474,1.5290
29.4437,476,1.5355
29.4480,477,1.5387
29.4523,478,1.5419
29.4566,479,1.5452
29.4609,480,1.5484
29.4652,479,1.5452
29.4695,481,1.5516
29.4738,483,1.5581
29.4781,484,1.5613
29.4824,485,1.5645
29.4867,486,1.5677
29.4910,486,1.5677
29.4953,486,1.5677
29.4996,487,1.5710
29.5039,487,1.5710
29.5082,487,1.5710
29.5125,489,1.5774
29.5168,489,1.5774
29.5211,489,1.5774
29.5253,489,1.5774
29.5296,489,1.5774
29.5339,491,1.5839
29.5382,491,1.5839
29.5425,493,1.5903
29.5468,498,1.6065
29.5511,508,1.6387
29.5554,523,1.6871
29.5598,538,1.7355
29.5641,551,1.7774
29.5684,564,1.8194
29.5728,572,1.8452
29.5772,580,1.8710
29.5815,586,1.8903
29.5858,587,1.8935
29.5901,585,1.8871
29.5945,578,1.8645
29.5988,567,1.8290
29.6032,556,1.7935
29.6075,543,1.7516
29.6118,529,1.7065
29.6161,514,1.6581
29.6205,499,1.6097
29.6248,488,1.5742
29.6291,484,1.5613
29.6335,483,1.5581
29.6378,485,1.5645
29.6421,487,1.5710
29.6465,487,1.5710
29.6509,488,1.5742
29.6552,488,1.5742
29.6596,490,1.5806
29.6639,491,1.5839
29.6682,492,1.5871
29.6724,492,1.5871
29.6767,491,1.5839
29.6810,491,1.5839
29.6853,493,1.5903
29.6896,494,1.5935
29.6939,496,1.6000
29.6982,494,1.5935
29.7025,485,1.5645
29.7068,461,1.4871
29.7111,429,1.3839
29.7154,413,1.3323
29.7197,453,1.4613
29.7240,554,1.7871
29.7283,707,2.2806
29.7326,886,2.8581
29.7369,999,3.2226
29.7412,1002,3.2323
29.7454,998,3.2194
29.7497,979,3.1581
29.7540,799,2.5774
29.7584,582,1.8774
29.7628,445,1.4355
29.7671,387,1.2484
29.7714,380,1.2258
29.7757,402,1.2968
29.7801,431,1.3903
29.7844,449,1.4484
29.7887,456,1.4710
29.7931,457,1.4742
29.7974,458,1.4774
29.8017,459,1.4806
29.8061,460,1.4839
29.8104,461,1.4871
29.8147,463,1.4935
29.8190,464,1.4968
29.8234,465,1.5000
29.8278,466,1.5032
29.8322,468,1.5097
29.8366,468,1.5097
29.8410,469,1.5129
29.8454,471,1.5194
29.8497,471,1.5194
29.8540,472,1.5226
29.8584,472,1.5226
29.8627,474,1.5290
29.8670,475,1.5323
29.8713,475,1.5323
29.8756,477,1.5387
29.8799,478,1.5419
29.8842,479,1.5452
29.8885,479,1.5452
29.8928,480,1.5484
29.8971,480,1.5484
29.9014,486,1.5677
29.9057,497,1.6032
29.9100,510,1.6452
29.9143,523,1.6871
29.9186,536,1.7290
29.9229,552,1.7806
29.9272,564,1.8194
29.9315,577,1.8613
29.9358,588,1.8968
29.9401,600,1.9355
29.9444,610,1.9677
29.9487,619,1.9968
29.9531,627,2.0226
29.9574,634,2.0452
29.9618,639,2.0613
29.9661,643,2.0742
29.9704,644,2.0774
29.9748,645,2.0806
29.9791,642,2.0710
29.9834,640,2.0645
29.9878,635,2.0484
29.9921,628,2.0258
29.9964,619,1.9968
30.0007,611,1.9710
30.0051,601,1.9387
30.0094,589,1.9000
30.0137,577,1.8613
30.0181,562,1.8129
30.0224,550,1.7742
30.0274,533,1.7194
30.0325,517,1.6677
30.0370,501,1.6161
30.0415,488,1.5742
30.0460,474,1.5290
30.0505,463,1.4935
30.0551,451,1.4548
30.0595,443,1.4290
30.0638,440,1.4194
30.0681,440,1.4194
30.0724,442,1.4258
30.0766,444,1.4323
30.0809,446,1.4387
30.0852,448,1.4452
30.0894,449,1.4484
30.0937,449,1.4484
30.0980,451,1.4548
30.1022,452,1.4581
30.1065,453,1.4613
30.1108,454,1.4645
30.1150,457,1.4742
30.1193,458,1.4774
30.1236,458,1.4774
30.1278,460,1.4839
30.1322,461,1.4871
30.1366,462,1.4903
30.1409,463,1.4935
30.1452,465,1.5000
30.1495,467,1.5065
30.1537,467,1.5065
30.1580,468,1.5097
30.1623,470,1.5161
30.1666,470,1.5161
30.1709,471,1.5194
30.1752,471,1.5194
30.1795,472,1.5226
30.1838,475,1.5323
30.1881,475,1.5323
30.1924,476,1.5355
30.1967,477,1.5387
30.2010,478,1.5419
30.2053,479,1.5452
30.2096,480,1.5484
30.2139,481,1.5516
30.2182,482,1.5548
30.2225,483,1.5581
30.2268,485,1.5645
30.2311,485,1.5645
30.2354,486,1.5677
30.2397,488,1.5742
30.2440,488,1.5742
30.2483,488,1.5742
30.2526,488,1.5742
30.2568,488,1.5742
30.2612,489,1.5774
30.2655,490,1.5806
30.2698,491,1.5839
30.2740,492,1.5871
30.2783,494,1.5935
30.2826,494,1.5935
30.2869,495,1.5968
30.2912,494,1.5935
30.2955,496,1.6000
30.2998,506,1.6323
30.3041,519,1.6742
30.3084,534,1.7226
30.3127,549,1.7710
30.3170,561,1.8097
30.3213,571,1.8419
30.3256,579,1.8677
30.3299,585,1.8871
30.3342,587,1.8935
30.3385,585,1.8871
30.3428,580,1.8710
30.3471,573,1.8484
30.3514,563,1.8161
30.3556,549,1.7710
30.3599,536,1.7290
30.3643,520,1.6774
30.3686,505,1.6290
30.3730,491,1.5839
30.3773,484,1.5613
30.3816,482,1.5548
30.3860,483,1.5581
30.3903,485,1.5645
30.3946,487,1.5710
30.3990,488,1.5742
30.4033,489,1.5774
30.4076,489,1.5774
30.4120,490,1.5806
30.4163,492,1.5871
30.4206,492,1.5871
30.4249,493,1.5903
30.4293,493,1.5903
30.4336,494,1.5935
30.4379,494,1.5935
30.4422,494,1.5935
30.4466,495,1.5968
30.4509,491,1.5839
30.4552,472,1.5226
30.4595,441,1.4226
30.4639,413,1.3323
30.4682,431,1.3903
30.4725,511,1.6484
30.4768,649,2.0935
30.4810,821,2.6484
30.4853,993,3.2032
30.4896,1001,3.2290
30.4939,1000,3.2258
30.4982,996,3.2129
30.5025,877,2.8290
30.5068,657,2.1194
30.5111,487,1.5710
30.5154,403,1.3000
30.5197,379,1.2226
30.5240,392,1.2645
30.5283,420,1.3548
30.5326,442,1.4258
30.5369,452,1.4581
30.5412,455,1.4677
30.5454,456,1.4710
30.5497,456,1.4710
30.5540,458,1.4774
30.5587,459,1.4806
30.5631,461,1.4871
30.5674,463,1.4935
30.5717,465,1.5000
30.5760,465,1.5000
30.5803,465,1.5000
30.5846,466,1.5032
30.5889,469,1.5129
30.5932,470,1.5161
30.5974,471,1.5194
30.6017,472,1.5226
30.6060,473,1.5258
30.6103,473,1.5258
30.6146,474,1.5290
30.6189,475,1.5323
30.6232,476,1.5355
30.6275,477,1.5387
30.6318,478,1.5419
30.6361,479,1.5452
30.6404,479,1.5452
30.6447,480,1.5484
30.6490,483,1.5581
30.6533,492,1.5871
30.6577,504,1.6258
30.6620,517,1.6677
30.6663,530,1.7097
30.6706,542,1.7484
30.6750,554,1.7871
30.6793,568,1.8323
30.6836,582,1.8774
30.6879,593,1.9129
30.6923,604,1.9484
30.6966,614,1.9806
30.7009,624,2.0129
30.7053,630,2.0323
30.7096,636,2.0516
30.7139,639,2.0613
30.7183,643,2.0742
30.7226,645,2.0806
30.7270,644,2.0774
30.7315,641,2.0677
30.7360,638,2.0581
30.7404,631,2.0355
30.7447,623,2.0097
30.7490,614,1.9806
30.7534,602,1.9419
30.7578,592,1.9097
30.7622,580,1.8710
30.7664,567,1.8290
30.7707,554,1.7871
30.7750,541,1.7452
30.7793,527,1.7000
30.7835,512,1.6516
30.7878,499,1.6097
30.7921,486,1.5677
30.7963,472,1.5226
30.8006,460,1.4839
30.8049,447,1.4419
30.8092,439,1.4161
30.8140,437,1.4097
30.8183,438,1.4129
30.8226,439,1.4161
30.8269,442,1.4258
30.8311,443,1.4290
30.8354,445,1.4355
30.8397,447,1.4419
30.8440,449,1.4484
30.8482,452,1.4581
30.8525,453,1.4613
30.8568,454,1.4645
30.8611,455,1.4677
30.8654,456,1.4710
30.8697,457,1.4742
30.8740,457,1.4742
30.8782,458,1.4774
30.8825,458,1.4774
30.8868,460,1.4839
30.8911,463,1.4935
30.8953,463,1.4935
30.9003,464,1.4968
30.9045,465,1.5000
30.9088,468,1.5097
30.9131,469,1.5129
30.9174,470,1.5161
30.9217,471,1.5194
30.9260,472,1.5226
30.9303,472,1.5226
30.9345,473,1.5258
30.9388,474,1.5290
30.9431,475,1.5323
30.9473,476,1.5355
30.9516,478,1.5419
30.9558,478,1.5419
30.9601,479,1.5452
30.9644,479,1.5452
30.9687,480,1.5484
30.9729,481,1.5516
30.9772,483,1.5581
30.9815,483,1.5581
30.9858,484,1.5613
30.9900,485,1.5645
30.9943,486,1.5677
30.9985,486,1.5677
31.0028,487,1.5710
31.0071,488,1.5742
31.0114,488,1.5742
31.0156,489,1.5774
31.0199,489,1.5774
31.0242,490,1.5806
31.0285,491,1.5839
31.0329,493,1.5903
31.0373,493,1.5903
31.0416,494,1.5935
31.0459,498,1.6065
31.0502,508,1.6387
31.0544,519,1.6742
31.0587,532,1.7161
31.0629,547,1.7645
31.0672,560,1.8065
31.0715,571,1.8419
31.0758,578,1.8645
31.0800,584,1.8839
31.0843,587,1.8935
31.0886,586,1.8903
31.0928,582,1.8774
31.0971,573,1.8484
31.1014,562,1.8129
31.1057,549,1.7710
31.1099,537,1.7323
31.1142,521,1.6806
31.1185,507,1.6355
31.1229,493,1.5903
31.1272,486,1.5677
31.1315,483,1.5581
31.1358,485,1.5645
31.1401,487,1.5710
31.1444,489,1.5774
31.1487,490,1.5806
31.1530,491,1.5839
31.1573,491,1.5839
31.1616,492,1.5871
31.1659,492,1.5871
31.1702,494,1.5935
31.1746,495,1.5968
31.1789,495,1.5968
31.1832,496,1.6000
31.1875,496,1.6000
31.1919,497,1.6032
31.1962,497,1.6032
31.2005,493,1.5903
31.2048,476,1.5355
31.2092,445,1.4355
31.2135,416,1.3419
31.2178,427,1.3774
31.2222,504,1.6258
31.2265,640,2.0645
31.2308,811,2.6161
31.2352,989,3.1903
31.2395,999,3.2226
31.2438,1002,3.2323
31.2481,997,3.2161
31.2525,881,2.8419
31.2568,659,2.1258
31.2611,488,1.5742
31.2655,404,1.3032
31.2698,381,1.2290
31.2741,392,1.2645
31.2784,420,1.3548
31.2827,442,1.4258
31.2870,453,1.4613
31.2913,456,1.4710
31.2956,457,1.4742
31.2999,457,1.4742
31.3042,457,1.4742
31.3084,458,1.4774
31.3127,461,1.4871
31.3170,463,1.4935
31.3213,464,1.4968
31.3256,465,1.5000
31.3299,464,1.4968
31.3342,465,1.5000
31.3385,467,1.5065
31.3428,469,1.5129
31.3471,469,1.5129
31.3514,471,1.5194
31.3557,473,1.5258
31.3600,474,1.5290
31.3643,475,1.5323
31.3686,476,1.5355
31.3730,476,1.5355
31.3773,477,1.5387
31.3817,478,1.5419
31.3860,478,1.5419
31.3903,479,1.5452
31.3947,480,1.5484
31.3990,483,1.5581
31.4033,492,1.5871
31.4076,503,1.6226
31.4119,516,1.6645
31.4163,530,1.7097
31.4206,543,1.7516
31.4250,555,1.7903
31.4293,568,1.8323
31.4336,581,1.8742
31.4379,594,1.9161
31.4423,604,1.9484
31.4466,614,1.9806
31.4509,623,2.0097
31.4553,631,2.0355
31.4596,637,2.0548
31.4639,641,2.0677
31.4682,643,2.0742
31.4726,645,2.0806
31.4769,643,2.0742
31.4812,643,2.0742
31.4855,639,2.0613
31.4898,632,2.0387
31.4940,626,2.0194
31.4983,617,1.9903
31.5026,608,1.9613
31.5069,596,1.9226
31.5112,587,1.8935
31.5155,573,1.8484
31.5198,559,1.8032
31.5241,545,1.7581
31.5284,531,1.7129
31.5327,517,1.6677
31.5370,503,1.6226
31.5413,489,1.5774
31.5456,475,1.5323
31.5499,462,1.4903
31.5542,450,1.4516
31.5585,441,1.4226
31.5628,437,1.4097
31.5671,438,1.4129
31.5713,441,1.4226
31.5757,442,1.4258
31.5801,443,1.4290
31.5844,445,1.4355
31.5887,447,1.4419
31.5930,450,1.4516
31.5974,450,1.4516
31.6017,451,1.4548
31.6060,452,1.4581
31.6104,454,1.4645
31.6147,457,1.4742
31.6190,458,1.4774
31.6234,459,1.4806
31.6277,459,1.4806
31.6322,462,1.4903
31.6366,463,1.4935
31.6411,464,1.4968
31.6454,464,1.4968
31.6497,465,1.5000
31.6540,466,1.5032
31.6584,467,1.5065
31.6627,468,1.5097
31.6670,468,1.5097
31.6714,471,1.5194
31.6757,471,1.5194
31.6800,472,1.5226
31.6843,473,1.5258
31.6886,475,1.5323
31.6929,474,1.5290
31.6972,476,1.5355
31.7015,477,1.5387
31.7058,478,1.5419
31.7101,479,1.5452
31.7144,480,1.5484
31.7187,482,1.5548
31.7230,482,1.5548
31.7273,480,1.5484
31.7316,482,1.5548
31.7359,484,1.5613
31.7402,486,1.5677
31.7445,487,1.5710
31.7488,487,1.5710
31.7531,488,1.5742
31.7574,489,1.5774
31.7617,491,1.5839
31.7660,492,1.5871
31.7704,492,1.5871
31.7747,492,1.5871
31.7790,494,1.5935
31.7834,494,1.5935
31.7877,495,1.5968
31.7920,495,1.5968
31.7964,498,1.6065
31.8007,508,1.6387
31.8050,520,1.6774
31.8093,535,1.7258
31.8137,551,1.7774
31.8180,563,1.8161
31.8223,573,1.8484
31.8267,582,1.8774
31.8310,588,1.8968
31.8353,588,1.8968
31.8397,584,1.8839
31.8440,580,1.8710
31.8483,571,1.8419
31.8527,558,1.8000
31.8570,545,1.7581
31.8613,531,1.7129
31.8657,516,1.6645
31.8700,502,1.6194
31.8743,489,1.5774
31.8786,484,1.5613
31.8829,483,1.5581
31.8872,484,1.5613
31.8915,486,1.5677
31.8958,487,1.5710
31.9000,487,1.5710
31.9043,489,1.5774
31.9085,490,1.5806
31.9128,491,1.5839
31.9170,491,1.5839
31.9213,492,1.5871
31.9256,493,1.5903
31.9299,494,1.5935
31.9343,494,1.5935
31.9386,495,1.5968
31.9429,496,1.6000
31.9472,496,1.6000
31.9515,492,1.5871
31.9558,471,1.5194
31.9601,439,1.4161
31.9644,415,1.3387
31.9688,440,1.4194
31.9731,528,1.7032
31.9774,669,2.1581
31.9816,842,2.7161
31.9859,997,3.2161
31.9901,1001,3.2290
31.9944,1001,3.2290
31.9986,995,3.2097
32.0029,864,2.7871
32.0072,642,2.0710
32.0114,479,1.5452
32.0157,400,1.2903
32.0199,379,1.2226
32.0242,391,1.2613
32.0284,419,1.3516
32.0327,442,1.4258
32.0369,453,1.4613
32.0412,457,1.4742
32.0455,457,1.4742
32.0497,458,1.4774
32.0540,459,1.4806
32.0582,461,1.4871
32.0625,462,1.4903
32.0667,462,1.4903
32.0710,462,1.4903
32.0752,464,1.4968
32.0795,465,1.5000
32.0838,467,1.5065
32.0881,468,1.5097
32.0924,469,1.5129
32.0967,470,1.5161
32.1010,470,1.5161
32.1052,472,1.5226
32.1095,472,1.5226
32.1138,473,1.5258
32.1181,474,1.5290
32.1224,476,1.5355
32.1267,476,1.5355
32.1310,476,1.5355
32.1353,477,1.5387
32.1396,478,1.5419
32.1439,480,1.5484
32.1482,482,1.5548
32.1525,489,1.5774
32.1568,499,1.6097
32.1611,513,1.6548
32.1653,527,1.7000
32.1696,541,1.7452
32.1740,553,1.7839
32.1783,566,1.8258
32.1825,578,1.8645
32.1869,590,1.9032
32.1912,599,1.9323
32.1955,609,1.9645
32.1997,620,2.0000
32.2040,628,2.0258
32.2083,635,2.0484
32.2126,639,2.0613
32.2169,642,2.0710
32.2212,645,2.0806
32.2255,646,2.0839
32.2297,644,2.0774
32.2340,639,2.0613
32.2383,633,2.0419
32.2426,626,2.0194
32.2469,619,1.9968
32.2512,610,1.9677
32.2555,600,1.9355
32.2598,586,1.8903
32.2641,574,1.8516
32.2684,561,1.8097
32.2727,548,1.7677
32.2770,533,1.7194
32.2813,521,1.6806
32.2856,506,1.6323
32.2899,492,1.5871
32.2941,480,1.5484
32.2984,468,1.5097
32.3027,455,1.4677
32.3070,445,1.4355
32.3113,439,1.4161
32.3156,438,1.4129
32.3199,439,1.4161
32.3245,442,1.4258
32.3289,444,1.4323
32.3332,445,1.4355
32.3375,448,1.4452
32.3417,449,1.4484
32.3461,451,1.4548
32.3503,452,1.4581
32.3546,453,1.4613
32.3589,454,1.4645
32.3632,456,1.4710
32.3675,456,1.4710
32.3718,458,1.4774
32.3761,458,1.4774
32.3804,459,1.4806
32.3847,460,1.4839
32.3890,462,1.4903
32.3933,463,1.4935
32.3976,463,1.4935
32.4018,465,1.5000
32.4062,467,1.5065
32.4104,468,1.5097
32.4147,468,1.5097
32.4190,469,1.5129
32.4233,472,1.5226
32.4276,472,1.5226
32.4319,473,1.5258
32.4362,474,1.5290
32.4405,475,1.5323
32.4448,476,1.5355
32.4491,477,1.5387
32.4534,477,1.5387
32.4577,478,1.5419
32.4620,479,1.5452
32.4663,481,1.5516
32.4706,482,1.5548
32.4749,482,1.5548
32.4792,484,1.5613
32.4835,484,1.5613
32.4878,485,1.5645
32.4921,487,1.5710
32.4964,486,1.5677
32.5006,487,1.5710
32.5049,488,1.5742
32.5092,490,1.5806
32.5135,490,1.5806
32.5178,491,1.5839
32.5221,492,1.5871
32.5264,493,1.5903
32.5307,493,1.5903
32.5373,493,1.5903
32.5418,494,1.5935
32.5462,496,1.6000
32.5506,505,1.6290
32.5549,518,1.6710
32.5592,533,1.7194
32.5636,549,1.7710
32.5680,561,1.8097
32.5723,573,1.8484
32.5766,581,1.8742
32.5810,586,1.8903
32.5859,587,1.8935
32.5902,586,1.8903
32.5945,578,1.8645
32.5988,569,1.8355
32.6031,558,1.8000
32.6075,544,1.7548
32.6118,530,1.7097
32.6161,515,1.6613
32.6203,501,1.6161
32.6247,490,1.5806
32.6290,485,1.5645
32.6333,484,1.5613
32.6376,486,1.5677
32.6419,487,1.5710
32.6462,488,1.5742
32.6505,489,1.5774
32.6548,489,1.5774
32.6591,490,1.5806
32.6640,492,1.5871
32.6684,491,1.5839
32.6727,493,1.5903
32.6770,492,1.5871
32.6813,493,1.5903
32.6857,495,1.5968
32.6900,496,1.6000
32.6943,497,1.6032
32.6986,495,1.5968
32.7029,487,1.5710
32.7072,462,1.4903
32.7116,429,1.3839
32.7159,415,1.3387
32.7201,458,1.4774
32.7244,564,1.8194
32.7287,720,2.3226
32.7331,904,2.9161
32.7374,1000,3.2258
32.7417,1001,3.2290
32.7461,1000,3.2258
32.7505,966,3.1161
32.7548,771,2.4871
32.7591,563,1.8161
32.7634,438,1.4129
32.7677,387,1.2484
32.7720,383,1.2355
32.7763,405,1.3065
32.7806,432,1.3935
32.7849,449,1.4484
32.7893,455,1.4677
32.7936,457,1.4742
32.7979,457,1.4742
32.8022,458,1.4774
32.8065,460,1.4839
32.8108,462,1.4903
32.8151,462,1.4903
32.8194,463,1.4935
32.8237,463,1.4935
32.8287,465,1.5000
32.8331,465,1.5000
32.8376,467,1.5065
32.8420,469,1.5129
32.8463,470,1.5161
32.8506,472,1.5226
32.8550,474,1.5290
32.8593,475,1.5323
32.8636,477,1.5387
32.8678,477,1.5387
32.8722,477,1.5387
32.8765,477,1.5387
32.8808,476,1.5355
32.8851,477,1.5387
32.8895,479,1.5452
32.8938,481,1.5516
32.8980,481,1.5516
32.9023,487,1.5710
32.9066,497,1.6032
32.9108,510,1.6452
32.9151,522,1.6839
32.9194,537,1.7323
32.9236,551,1.7774
32.9279,563,1.8161
32.9321,576,1.8581
32.9364,589,1.9000
32.9407,600,1.9355
32.9449,609,1.9645
32.9492,620,2.0000
32.9535,627,2.0226
32.9578,634,2.0452
32.9620,640,2.0645
32.9663,643,2.0742
32.9705,646,2.0839
32.9748,645,2.0806
32.9791,646,2.0839
32.9834,643,2.0742
32.9877,637,2.0548
32.9920,629,2.0290
32.9963,621,2.0032
33.0006,611,1.9710
33.0049,601,1.9387
33.0092,590,1.9032
33.0135,578,1.8645
33.0178,566,1.8258
33.0221,552,1.7806
33.0264,539,1.7387
33.0307,523,1.6871
33.0350,508,1.6387
33.0393,495,1.5968
33.0436,481,1.5516
33.0479,468,1.5097
33.0522,456,1.4710
33.0565,445,1.4355
33.0609,438,1.4129
33.0652,438,1.4129
33.0695,439,1.4161
33.0738,441,1.4226
33.0781,443,1.4290
33.0824,444,1.4323
33.0866,446,1.4387
33.0909,448,1.4452
33.0952,450,1.4516
33.0994,450,1.4516
33.1037,452,1.4581
33.1080,454,1.4645
33.1122,455,1.4677
33.1165,456,1.4710
33.1208,458,1.4774
33.1250,459,1.4806
33.1293,461,1.4871
33.1336,461,1.4871
33.1379,462,1.4903
33.1421,463,1.4935
33.1464,464,1.4968
33.1507,466,1.5032
33.1550,468,1.5097
33.1592,468,1.5097
33.1635,469,1.5129
33.1677,468,1.5097
33.1720,470,1.5161
33.1763,472,1.5226
33.1805,474,1.5290
33.1848,475,1.5323
33.1891,476,1.5355
33.1934,477,1.5387
33.1977,477,1.5387
33.2020,477,1.5387
33.2063,479,1.5452
33.2106,480,1.5484
33.2149,482,1.5548
33.2192,482,1.5548
33.2235,484,1.5613
33.2278,483,1.5581
33.2321,484,1.5613
33.2363,486,1.5677
33.2406,486,1.5677
33.2449,487,1.5710
33.2492,487,1.5710
33.2535,488,1.5742
33.2578,488,1.5742
33.2622,489,1.5774
33.2665,490,1.5806
33.2707,491,1.5839
33.2750,491,1.5839
33.2793,493,1.5903
33.2836,493,1.5903
33.2879,494,1.5935
33.2922,494,1.5935
33.2964,497,1.6032
33.3007,507,1.6355
33.3050,521,1.6806
33.3092,536,1.7290
33.3135,550,1.7742
33.3178,562,1.8129
33.3220,573,1.8484
33.3263,582,1.8774
33.3306,588,1.8968
33.3348,589,1.9000
33.3391,587,1.8935
33.3434,581,1.8742
33.3476,573,1.8484
33.3519,560,1.8065
33.3562,547,1.7645
33.3605,532,1.7161
33.3648,519,1.6742
33.3690,505,1.6290
33.3733,493,1.5903
33.3776,487,1.5710
33.3818,484,1.5613
33.3861,485,1.5645
33.3904,486,1.5677
33.3947,487,1.5710
33.3990,488,1.5742
33.4033,489,1.5774
33.4076,490,1.5806
33.4119,490,1.5806
33.4161,491,1.5839
33.4204,491,1.5839
33.4248,491,1.5839
33.4291,492,1.5871
33.4347,494,1.5935
33.4391,495,1.5968
33.4435,495,1.5968
33.4478,495,1.5968
33.4521,489,1.5774
33.4564,466,1.5032
33.4607,433,1.3968
33.4650,413,1.3323
33.4693,444,1.4323
33.4736,537,1.7323
33.4779,686,2.2129
33.4822,862,2.7806
33.4867,998,3.2194
33.4909,1001,3.2290
33.4952,999,3.2226
33.4995,988,3.1871
33.5037,825,2.6613
33.5080,608,1.9613
33.5123,461,1.4871
33.5165,394,1.2710
33.5208,378,1.2194
33.5251,396,1.2774
33.5293,424,1.3677
33.5336,444,1.4323
33.5379,452,1.4581
33.5421,454,1.4645
33.5464,456,1.4710
33.5506,457,1.4742
33.5549,458,1.4774
33.5591,460,1.4839
33.5634,461,1.4871
33.5677,462,1.4903
33.5719,463,1.4935
33.5762,464,1.4968
33.5804,464,1.4968
33.5847,467,1.5065
33.5889,468,1.5097
33.5932,468,1.5097
33.5975,469,1.5129
33.6018,469,1.5129
33.6061,472,1.5226
33.6104,473,1.5258
33.6146,474,1.5290
33.6189,474,1.5290
33.6233,476,1.5355
33.6276,477,1.5387
33.6319,479,1.5452
33.6362,479,1.5452
33.6405,479,1.5452
33.6448,480,1.5484
33.6491,480,1.5484
33.6534,488,1.5742
33.6577,499,1.6097
33.6620,512,1.6516
33.6663,526,1.6968
33.6707,540,1.7419
33.6750,555,1.7903
33.6793,568,1.8323
33.6835,580,1.8710
33.6878,592,1.9097
33.6921,602,1.9419
33.6964,613,1.9774
33.7007,621,2.0032
33.7049,629,2.0290
33.7092,636,2.0516
33.7134,641,2.0677
33.7177,642,2.0710
33.7220,644,2.0774
33.7263,646,2.0839
33.7305,643,2.0742
33.7350,640,2.0645
33.7393,632,2.0387
33.7437,625,2.0161
33.7480,617,1.9903
33.7522,609,1.9645
33.7565,599,1.9323
33.7608,588,1.8968
33.7650,574,1.8516
33.7693,560,1.8065
33.7735,546,1.7613
33.7778,535,1.7258
33.7821,519,1.6742
33.7864,506,1.6323
33.7906,491,1.5839
33.7949,479,1.5452
33.7992,466,1.5032
33.8035,455,1.4677
33.8077,444,1.4323
33.8120,439,1.4161
33.8162,439,1.4161
33.8205,440,1.4194
33.8248,441,1.4226
33.8290,444,1.4323
33.8334,445,1.4355
33.8377,447,1.4419
33.8420,449,1.4484
33.8462,450,1.4516
33.8505,450,1.4516
33.8549,452,1.4581
33.8591,453,1.4613
33.8634,454,1.4645
33.8676,457,1.4742
33.8719,457,1.4742
33.8762,457,1.4742
33.8804,459,1.4806
33.8847,460,1.4839
33.8890,461,1.4871
33.8933,463,1.4935
33.8977,466,1.5032
33.9019,467,1.5065
33.9062,469,1.5129
33.9105,470,1.5161
33.9148,470,1.5161
33.9191,470,1.5161
33.9234,471,1.5194
33.9277,471,1.5194
33.9320,473,1.5258
33.9363,474,1.5290
33.9406,474,1.5290
33.9449,475,1.5323
33.9492,476,1.5355
33.9535,477,1.5387
33.9578,479,1.5452
33.9621,479,1.5452
33.9664,480,1.5484
33.9707,481,1.5516
33.9750,482,1.5548
33.9793,482,1.5548
33.9835,483,1.5581
33.9878,484,1.5613
33.9921,484,1.5613
33.9964,485,1.5645
34.0007,486,1.5677
34.0050,485,1.5645
34.0092,486,1.5677
34.0135,486,1.5677
34.0177,488,1.5742
34.0220,489,1.5774
34.0263,490,1.5806
34.0305,491,1.5839
34.0348,492,1.5871
34.0390,492,1.5871
34.0433,493,1.5903
34.0475,499,1.6097
34.0518,510,1.6452
34.0561,524,1.6903
34.0604,539,1.7387
34.0646,553,1.7839
34.0689,564,1.8194
34.0732,574,1.8516
34.0774,583,1.8806
34.0817,585,1.8871
34.0860,586,1.8903
34.0907,584,1.8839
34.0950,578,1.8645
34.0994,568,1.8323
34.1037,556,1.7935
34.1080,542,1.7484
34.1123,528,1.7032
34.1166,513,1.6548
34.1209,499,1.6097
34.1252,488,1.5742
34.1294,484,1.5613
34.1337,483,1.5581
34.1380,485,1.5645
34.1423,486,1.5677
34.1467,488,1.5742
34.1511,488,1.5742
34.1554,490,1.5806
34.1597,491,1.5839
34.1641,492,1.5871
34.1684,493,1.5903
34.1728,493,1.5903
34.1772,494,1.5935
34.1815,494,1.5935
34.1859,495,1.5968
34.1902,495,1.5968
34.1945,495,1.5968
34.1988,495,1.5968
34.2031,484,1.5613
34.2074,461,1.4871
34.2117,428,1.3806
34.2160,415,1.3387
34.2203,460,1.4839
34.2246,566,1.8258
34.2289,722,2.3290
34.2332,901,2.9065
34.2375,1001,3.2290
34.2418,1002,3.2323
34.2461,1000,3.2258
34.2504,970,3.1290
34.2547,781,2.5194
34.2590,570,1.8387
34.2634,437,1.4097
34.2677,386,1.2452
34.2720,383,1.2355
34.2763,405,1.3065
34.2805,432,1.3935
34.2849,449,1.4484
34.2891,456,1.4710
34.2935,458,1.4774
34.2978,458,1.4774
34.3021,461,1.4871
34.3064,460,1.4839
34.3107,460,1.4839
34.3150,461,1.4871
34.3193,462,1.4903
34.3236,464,1.4968
34.3289,466,1.5032
34.3345,469,1.5129
34.3389,470,1.5161
34.3433,471,1.5194
34.3477,472,1.5226
34.3520,472,1.5226
34.3563,473,1.5258
34.3606,474,1.5290
34.3649,475,1.5323
34.3692,476,1.5355
34.3735,476,1.5355
34.3778,477,1.5387
34.3821,478,1.5419
34.3864,479,1.5452
34.3907,481,1.5516
34.3950,481,1.5516
34.3993,484,1.5613
34.4036,490,1.5806
34.4079,503,1.6226
34.4122,516,1.6645
34.4164,529,1.7065
34.4207,543,1.7516
34.4250,556,1.7935
34.4293,569,1.8355
34.4336,582,1.8774
34.4379,594,1.9161
34.4422,605,1.9516
34.4465,614,1.9806
34.4508,624,2.0129
34.4551,631,2.0355
34.4596,636,2.0516
34.4639,640,2.0645
34.4682,642,2.0710
34.4725,644,2.0774
34.4768,645,2.0806
34.4811,642,2.0710
34.4853,638,2.0581
34.4897,630,2.0323
34.4939,625,2.0161
34.4982,616,1.9871
34.5025,607,1.9581
34.5068,596,1.9226
34.5111,584,1.8839
34.5154,571,1.8419
34.5197,558,1.8000
34.5240,545,1.7581
34.5284,532,1.7161
34.5327,517,1.6677
34.5369,505,1.6290
34.5412,492,1.5871
34.5455,478,1.5419
34.5498,464,1.4968
34.5541,452,1.4581
34.5584,442,1.4258
34.5627,436,1.4065
34.5670,439,1.4161
34.5713,441,1.4226
34.5756,443,1.4290
34.5799,445,1.4355
34.5842,445,1.4355
34.5885,446,1.4387
34.5928,448,1.4452
34.5971,449,1.4484
34.6014,450,1.4516
34.6058,452,1.4581
34.6101,454,1.4645
34.6144,455,1.4677
34.6187,455,1.4677
34.6230,456,1.4710
34.6273,459,1.4806
34.6332,461,1.4871
34.6376,462,1.4903
34.6420,461,1.4871
34.6470,463,1.4935
34.6514,465,1.5000
34.6558,467,1.5065
34.6602,468,1.5097
34.6644,469,1.5129
34.6687,470,1.5161
34.6730,472,1.5226
34.6773,472,1.5226
34.6815,473,1.5258
34.6858,473,1.5258
34.6900,474,1.5290
34.6944,475,1.5323
34.6986,475,1.5323
34.7029,477,1.5387
34.7072,478,1.5419
34.7115,480,1.5484
34.7158,480,1.5484
34.7201,482,1.5548
34.7244,482,1.5548
34.7286,483,1.5581
34.7329,483,1.5581
34.7372,483,1.5581
34.7415,485,1.5645
34.7457,484,1.5613
34.7500,486,1.5677
34.7543,488,1.5742
34.7585,488,1.5742
34.7628,490,1.5806
34.7670,491,1.5839
34.7713,491,1.5839
34.7756,492,1.5871
34.7799,493,1.5903
34.7841,493,1.5903
34.7884,493,1.5903
34.7926,494,1.5935
34.7970,498,1.6065
34.8012,508,1.6387
34.8055,522,1.6839
34.8098,537,1.7323
34.8141,550,1.7742
34.8184,563,1.8161
34.8226,573,1.8484
34.8269,581,1.8742
34.8311,586,1.8903
34.8354,587,1.8935
34.8398,586,1.8903
34.8440,580,1.8710
34.8483,572,1.8452
34.8526,559,1.8032
34.8569,547,1.7645
34.8612,532,1.7161
34.8655,517,1.6677
34.8697,503,1.6226
34.8740,492,1.5871
34.8783,486,1.5677
34.8826,485,1.5645
34.8868,487,1.5710
34.8911,488,1.5742
34.8954,490,1.5806
34.8997,489,1.5774
34.9040,491,1.5839
34.9083,491,1.5839
34.9125,493,1.5903
34.9168,493,1.5903
34.9211,493,1.5903
34.9254,494,1.5935
34.9296,495,1.5968
34.9339,495,1.5968
34.9381,497,1.6032
34.9424,496,1.6000
34.9467,496,1.6000
34.9510,492,1.5871
34.9553,474,1.5290
34.9596,444,1.4323
34.9639,415,1.3387
34.9681,427,1.3774
34.9724,503,1.6226
34.9767,634,2.0452
34.9810,805,2.5968
34.9852,982,3.1677
34.9895,1000,3.2258
34.9937,1000,3.2258
34.9980,996,3.2129
35.0023,904,2.9161
35.0066,684,2.2065
35.0109,505,1.6290
35.0151,412,1.3290
35.0194,380,1.2258
35.0237,389,1.2548
35.0280,416,1.3419
35.0323,441,1.4226
35.0368,453,1.4613
35.0413,456,1.4710
35.0458,458,1.4774
35.0502,459,1.4806
35.0547,461,1.4871
35.0592,461,1.4871
35.0635,461,1.4871
35.0678,463,1.4935
35.0721,465,1.5000
35.0763,465,1.5000
35.0806,466,1.5032
35.0849,467,1.5065
35.0891,469,1.5129
35.0934,469,1.5129
35.0976,470,1.5161
35.1019,472,1.5226
35.1062,473,1.5258
35.1104,474,1.5290
35.1147,476,1.5355
35.1189,477,1.5387
35.1232,477,1.5387
35.1274,478,1.5419
35.1317,479,1.5452
35.1359,480,1.5484
35.1402,481,1.5516
35.1444,481,1.5516
35.1487,483,1.5581
35.1529,489,1.5774
35.1572,500,1.6129
35.1615,513,1.6548
35.1657,525,1.6935
35.1700,540,1.7419
35.1743,551,1.7774
35.1785,565,1.8226
35.1828,578,1.8645
35.1871,589,1.9000
35.1913,600,1.9355
35.1956,610,1.9677
35.1998,620,2.0000
35.2041,626,2.0194
35.2084,632,2.0387
35.2127,638,2.0581
35.2170,640,2.0645
35.2213,644,2.0774
35.2256,643,2.0742
35.2299,644,2.0774
35.2343,641,2.0677
35.2387,633,2.0419
35.2431,627,2.0226
35.2474,618,1.9935
35.2517,609,1.9645
35.2560,600,1.9355
35.2603,586,1.8903
35.2646,574,1.8516
35.2689,560,1.8065
35.2732,547,1.7645
35.2775,533,1.7194
35.2818,519,1.6742
35.2861,505,1.6290
35.2904,492,1.5871
35.2947,479,1.5452
35.2989,467,1.5065
35.3032,455,1.4677
35.3076,444,1.4323
35.3118,439,1.4161
35.3161,439,1.4161
35.3204,440,1.4194
35.3247,443,1.4290
35.3290,444,1.4323
35.3332,447,1.4419
35.3375,448,1.4452
35.3418,449,1.4484
35.3460,451,1.4548
35.3503,453,1.4613
35.3545,453,1.4613
35.3588,454,1.4645
35.3630,454,1.4645
35.3673,456,1.4710
35.3716,458,1.4774
35.3758,460,1.4839
35.3801,461,1.4871
35.3843,462,1.4903
35.3886,463,1.4935
35.3928,464,1.4968
35.3973,465,1.5000
35.4016,465,1.5000
35.4059,467,1.5065
35.4102,468,1.5097
35.4145,469,1.5129
35.4188,469,1.5129
35.4231,471,1.5194
35.4274,472,1.5226
35.4317,473,1.5258
35.4360,474,1.5290
35.4403,475,1.5323
35.4445,475,1.5323
35.4488,477,1.5387
35.4531,479,1.5452
35.4574,479,1.5452
35.4617,480,1.5484
35.4660,481,1.5516
35.4703,481,1.5516
35.4746,481,1.5516
35.4789,481,1.5516
35.4831,482,1.5548
35.4874,483,1.5581
35.4917,484,1.5613
35.4960,485,1.5645
35.5003,486,1.5677
35.5046,487,1.5710
35.5089,488,1.5742
35.5131,488,1.5742
35.5174,488,1.5742
35.5216,489,1.5774
35.5259,489,1.5774
35.5302,491,1.5839
35.5346,492,1.5871
35.5389,493,1.5903
35.5433,493,1.5903
35.5475,499,1.6097
35.5518,510,1.6452
35.5560,523,1.6871
35.5603,539,1.7387
35.5646,552,1.7806
35.5689,564,1.8194
35.5731,575,1.8548
35.5774,582,1.8774
35.5817,586,1.8903
35.5859,588,1.8968
35.5902,585,1.8871
35.5945,577,1.8613
35.5987,568,1.8323
35.6030,556,1.7935
35.6073,542,1.7484
35.6116,530,1.7097
35.6158,515,1.6613
35.6201,502,1.6194
35.6244,490,1.5806
35.6286,484,1.5613
35.6329,483,1.5581
35.6372,485,1.5645
35.6415,486,1.5677
35.6458,488,1.5742
35.6500,488,1.5742
35.6543,488,1.5742
35.6586,488,1.5742
35.6629,488,1.5742
35.6672,489,1.5774
35.6714,490,1.5806
35.6757,491,1.5839
35.6799,493,1.5903
35.6842,493,1.5903
35.6884,494,1.5935
35.6927,495,1.5968
35.6970,495,1.5968
35.7012,490,1.5806
35.7054,473,1.5258
35.7097,441,1.4226
35.7140,413,1.3323
35.7183,427,1.3774
35.7225,502,1.6194
35.7269,636,2.0516
35.7312,807,2.6032
35.7355,986,3.1806
35.7398,1000,3.2258
35.7441,1000,3.2258
35.7484,997,3.2161
35.7527,883,2.8484
35.7570,663,2.1387
35.7613,490,1.5806
35.7656,402,1.2968
35.7699,377,1.2161
35.7742,389,1.2548
35.7785,417,1.3452
35.7827,441,1.4226
35.7870,452,1.4581
35.7913,455,1.4677
35.7956,456,1.4710
35.7999,456,1.4710
35.8042,457,1.4742
35.8085,459,1.4806
35.8127,461,1.4871
35.8170,462,1.4903
35.8213,463,1.4935
35.8255,464,1.4968
35.8298,465,1.5000
35.8340,466,1.5032
35.8384,468,1.5097
35.8426,469,1.5129
35.8469,471,1.5194
35.8511,472,1.5226
35.8560,472,1.5226
35.8604,474,1.5290
35.8647,475,1.5323
35.8689,476,1.5355
35.8732,476,1.5355
35.8774,477,1.5387
35.8817,479,1.5452
35.8859,480,1.5484
35.8902,481,1.5516
35.8944,481,1.5516
35.8987,482,1.5548
35.9029,489,1.5774
35.9072,500,1.6129
35.9115,514,1.6581
35.9157,528,1.7032
35.9201,541,1.7452
35.9244,553,1.7839
35.9287,566,1.8258
35.9330,580,1.8710
35.9373,591,1.9065
35.9416,602,1.9419
35.9459,611,1.9710
35.9502,620,2.0000
35.9544,627,2.0226
35.9588,635,2.0484
35.9631,639,2.0613
35.9673,644,2.0774
35.9717,645,2.0806
35.9759,646,2.0839
35.9802,643,2.0742
35.9845,639,2.0613
35.9888,633,2.0419
35.9931,626,2.0194
35.9974,618,1.9935
36.0017,610,1.9677
36.0060,601,1.9387
36.0103,588,1.8968
36.0146,576,1.8581
36.0189,562,1.8129
36.0232,549,1.7710
36.0275,536,1.7290
36.0318,521,1.6806
36.0361,507,1.6355
36.0404,493,1.5903
36.0446,479,1.5452
36.0490,466,1.5032
36.0532,455,1.4677
36.0576,444,1.4323
36.0620,438,1.4129
36.0664,438,1.4129
36.0707,439,1.4161
36.0750,442,1.4258
36.0794,444,1.4323
36.0837,445,1.4355
36.0880,448,1.4452
36.0923,448,1.4452
36.0966,449,1.4484
36.1009,451,1.4548
36.1052,453,1.4613
36.1095,454,1.4645
36.1138,456,1.4710
36.1181,456,1.4710
36.1224,457,1.4742
36.1267,457,1.4742
36.1310,460,1.4839
36.1354,462,1.4903
36.1398,462,1.4903
36.1442,464,1.4968
36.1485,465,1.5000
36.1528,466,1.5032
36.1572,466,1.5032
36.1615,468,1.5097
36.1658,469,1.5129
36.1701,470,1.5161
36.1744,472,1.5226
36.1786,472,1.5226
36.1829,473,1.5258
36.1873,474,1.5290
36.1916,474,1.5290
36.1959,476,1.5355
36.2002,475,1.5323
36.2045,477,1.5387
36.2088,479,1.5452
36.2132,479,1.5452
36.2175,482,1.5548
36.2218,482,1.5548
36.2261,484,1.5613
36.2304,486,1.5677
36.2347,486,1.5677
36.2391,487,1.5710
36.2439,487,1.5710
36.2482,487,1.5710
36.2525,487,1.5710
36.2568,488,1.5742
36.2611,489,1.5774
36.2654,489,1.5774
36.2698,491,1.5839
36.2741,491,1.5839
36.2784,493,1.5903
36.2826,493,1.5903
36.2869,494,1.5935
36.2913,495,1.5968
36.2956,497,1.6032
36.2999,506,1.6323
36.3042,518,1.6710
36.3085,533,1.7194
36.3128,547,1.7645
36.3172,560,1.8065
36.3215,571,1.8419
36.3258,580,1.8710
36.3301,586,1.8903
36.3344,589,1.9000
36.3387,589,1.9000
36.3430,583,1.8806
36.3473,573,1.8484
36.3517,563,1.8161
36.3559,551,1.7774
36.3604,536,1.7290
36.3647,522,1.6839
36.3690,506,1.6323
36.3733,493,1.5903
36.3776,486,1.5677
36.3819,485,1.5645
36.3863,486,1.5677
36.3906,488,1.5742
36.3948,489,1.5774
36.3991,489,1.5774
36.4033,489,1.5774
36.4076,490,1.5806
36.4119,490,1.5806
36.4162,491,1.5839
36.4204,491,1.5839
36.4247,493,1.5903
36.4290,494,1.5935
36.4333,494,1.5935
36.4377,493,1.5903
36.4421,495,1.5968
36.4463,496,1.6000
36.4506,494,1.5935
36.4550,479,1.5452
36.4592,448,1.4452
36.4635,418,1.3484
36.4677,424,1.3677
36.4720,491,1.5839
36.4763,615,1.9839
36.4805,783,2.5258
36.4848,962,3.1032
36.4891,1000,3.2258
36.4933,1002,3.2323
36.4976,998,3.2194
36.5018,925,2.9839
36.5061,713,2.3000
36.5104,525,1.6935
36.5146,421,1.3581
36.5189,382,1.2323
36.5231,386,1.2452
36.5274,411,1.3258
36.5316,437,1.4097
36.5359,451,1.4548
36.5401,456,1.4710
36.5444,457,1.4742
36.5487,457,1.4742
36.5530,458,1.4774
36.5573,459,1.4806
36.5615,459,1.4806
36.5658,461,1.4871
36.5701,463,1.4935
36.5743,464,1.4968
36.5786,467,1.5065
36.5828,468,1.5097
36.5871,468,1.5097
36.5914,469,1.5129
36.5957,470,1.5161
36.5999,470,1.5161
36.6042,472,1.5226
36.6084,472,1.5226
36.6127,474,1.5290
36.6170,475,1.5323
36.6212,476,1.5355
36.6255,477,1.5387
36.6298,478,1.5419
36.6341,479,1.5452
36.6384,479,1.5452
36.6427,479,1.5452
36.6470,480,1.5484
36.6513,484,1.5613
36.6556,495,1.5968
36.6599,508,1.6387
36.6642,521,1.6806
36.6685,535,1.7258
36.6728,548,1.7677
36.6770,562,1.8129
36.6813,575,1.8548
36.6856,587,1.8935
36.6899,600,1.9355
36.6942,610,1.9677
36.6985,619,1.9968
36.7028,626,2.0194
36.7070,633,2.0419
36.7113,639,2.0613
36.7156,643,2.0742
36.7199,644,2.0774
36.7242,645,2.0806
36.7285,645,2.0806
36.7328,642,2.0710
36.7371,637,2.0548
36.7413,630,2.0323
36.7456,622,2.0065
36.7499,615,1.9839
36.7542,605,1.9516
36.7585,594,1.9161
36.7628,581,1.8742
36.7672,568,1.8323
36.7715,554,1.7871
36.7758,540,1.7419
36.7801,527,1.7000
36.7843,512,1.6516
36.7886,498,1.6065
36.7929,484,1.5613
36.7972,471,1.5194
36.8015,460,1.4839
36.8058,448,1.4452
36.8101,442,1.4258
36.8143,440,1.4194
36.8186,440,1.4194
36.8229,441,1.4226
36.8272,443,1.4290
36.8315,444,1.4323
36.8358,445,1.4355
36.8401,446,1.4387
36.8444,449,1.4484
36.8487,450,1.4516
36.8530,452,1.4581
36.8573,453,1.4613
36.8616,453,1.4613
36.8659,455,1.4677
36.8702,457,1.4742
36.8745,459,1.4806
36.8788,460,1.4839
36.8830,460,1.4839
36.8873,461,1.4871
36.8916,462,1.4903
36.8959,463,1.4935
36.9002,465,1.5000
36.9045,466,1.5032
36.9087,468,1.5097
36.9130,469,1.5129
36.9174,471,1.5194
36.9216,473,1.5258
36.9259,473,1.5258
36.9302,474,1.5290
36.9345,473,1.5258
36.9388,473,1.5258
36.9431,475,1.5323
36.9474,476,1.5355
36.9516,477,1.5387
36.9559,479,1.5452
36.9602,480,1.5484
36.9645,481,1.5516
36.9689,481,1.5516
36.9732,482,1.5548
36.9775,484,1.5613
36.9817,484,1.5613
36.9860,485,1.5645
36.9903,486,1.5677
36.9946,487,1.5710
36.9989,488,1.5742
37.0031,487,1.5710
37.0074,489,1.5774
37.0117,490,1.5806
37.0160,491,1.5839
37.0203,491,1.5839
37.0245,491,1.5839
37.0288,492,1.5871
37.0330,491,1.5839
37.0379,487,1.5710
37.0423,493,1.5903
37.0466,496,1.6000
37.0509,507,1.6355
37.0551,519,1.6742
37.0594,534,1.7226
37.0637,549,1.7710
37.0680,562,1.8129
37.0722,574,1.8516
37.0765,582,1.8774
37.0808,586,1.8903
37.0850,587,1.8935
37.0893,587,1.8935
37.0935,581,1.8742
37.0977,572,1.8452
37.1020,562,1.8129
37.1063,549,1.7710
37.1105,534,1.7226
37.1148,520,1.6774
37.1191,505,1.6290
37.1233,492,1.5871
37.1276,484,1.5613
37.1318,483,1.5581
37.1361,484,1.5613
37.1403,485,1.5645
37.1446,486,1.5677
37.1489,487,1.5710
37.1531,488,1.5742
37.1574,488,1.5742
37.1616,489,1.5774
37.1659,489,1.5774
37.1701,490,1.5806
37.1744,492,1.5871
37.1786,493,1.5903
37.1829,493,1.5903
37.1872,494,1.5935
37.1914,496,1.6000
37.1957,497,1.6032
37.1999,494,1.5935
37.2042,483,1.5581
37.2084,454,1.4645
37.2127,423,1.3645
37.2170,418,1.3484
37.2212,473,1.5258
37.2255,588,1.8968
37.2298,747,2.4097
37.2341,929,2.9968
37.2383,1002,3.2323
37.2426,1000,3.2258
37.2469,1000,3.2258
37.2512,952,3.0710
37.2555,747,2.4097
37.2598,545,1.7581
37.2641,430,1.3871
37.2683,385,1.2419
37.2726,383,1.2355
37.2769,406,1.3097
37.2812,434,1.4000
37.2855,448,1.4452
37.2897,455,1.4677
37.2940,456,1.4710
37.2983,456,1.4710
37.3026,457,1.4742
37.3069,458,1.4774
37.3111,460,1.4839
37.3154,462,1.4903
37.3197,463,1.4935
37.3240,464,1.4968
37.3283,465,1.5000
37.3326,466,1.5032
37.3385,466,1.5032
37.3429,468,1.5097
37.3473,470,1.5161
37.3516,469,1.5129
37.3558,470,1.5161
37.3601,472,1.5226
37.3644,473,1.5258
37.3687,473,1.5258
37.3730,474,1.5290
37.3773,475,1.5323
37.3816,476,1.5355
37.3859,477,1.5387
37.3902,478,1.5419
37.3944,479,1.5452
37.3987,481,1.5516
37.4030,487,1.5710
37.4073,498,1.6065
37.4116,512,1.6516
37.4159,526,1.6968
37.4202,539,1.7387
37.4245,552,1.7806
37.4287,565,1.8226
37.4331,578,1.8645
37.4373,591,1.9065
37.4416,600,1.9355
37.4459,612,1.9742
37.4501,620,2.0000
37.4544,628,2.0258
37.4586,633,2.0419
37.4629,640,2.0645
37.4671,642,2.0710
37.4714,645,2.0806
37.4757,645,2.0806
37.4799,644,2.0774
37.4842,640,2.0645
37.4885,634,2.0452
37.4927,628,2.0258
37.4970,620,2.0000
37.5013,610,1.9677
37.5055,600,1.9355
37.5098,590,1.9032
37.5140,579,1.8677
37.5184,565,1.8226
37.5227,551,1.7774
37.5271,537,1.7323
37.5314,523,1.6871
37.5357,508,1.6387
37.5400,496,1.6000
37.5443,482,1.5548
37.5486,469,1.5129
37.5529,457,1.4742
37.5573,446,1.4387
37.5615,438,1.4129
37.5658,437,1.4097
37.5701,439,1.4161
37.5745,441,1.4226
37.5788,445,1.4355
37.5830,447,1.4419
37.5873,448,1.4452
37.5916,449,1.4484
37.5959,451,1.4548
37.6002,452,1.4581
37.6044,453,1.4613
37.6087,453,1.4613
37.6130,454,1.4645
37.6180,455,1.4677
37.6223,457,1.4742
37.6266,457,1.4742
37.6309,458,1.4774
37.6351,460,1.4839
37.6394,461,1.4871
37.6436,462,1.4903
37.6479,464,1.4968
37.6521,465,1.5000
37.6564,466,1.5032
37.6606,467,1.5065
37.6649,467,1.5065
37.6691,470,1.5161
37.6734,470,1.5161
37.6777,471,1.5194
37.6819,472,1.5226
37.6861,473,1.5258
37.6904,473,1.5258
37.6946,475,1.5323
37.6989,476,1.5355
37.7032,477,1.5387
37.7074,477,1.5387
37.7116,479,1.5452
37.7159,480,1.5484
37.7203,481,1.5516
37.7245,482,1.5548
37.7288,483,1.5581
37.7331,484,1.5613
37.7374,486,1.5677
37.7417,488,1.5742
37.7460,487,1.5710
37.7503,488,1.5742
37.7545,489,1.5774
37.7588,490,1.5806
37.7632,490,1.5806
37.7675,490,1.5806
37.7718,490,1.5806
37.7760,491,1.5839
37.7804,492,1.5871
37.7846,492,1.5871
37.7889,493,1.5903
37.7932,494,1.5935
37.7975,500,1.6129
37.8018,511,1.6484
37.8061,525,1.6935
37.8104,539,1.7387
37.8147,552,1.7806
37.8190,564,1.8194
37.8233,574,1.8516
37.8275,581,1.8742
37.8318,588,1.8968
37.8361,589,1.9000
37.8404,586,1.8903
37.8447,580,1.8710
37.8490,570,1.8387
37.8533,558,1.8000
37.8576,545,1.7581
37.8619,530,1.7097
37.8661,516,1.6645
37.8704,501,1.6161
37.8747,491,1.5839
37.8790,484,1.5613
37.8833,483,1.5581
37.8876,484,1.5613
37.8919,485,1.5645
37.8961,486,1.5677
37.9004,486,1.5677
37.9047,488,1.5742
37.9090,489,1.5774
37.9133,489,1.5774
37.9176,490,1.5806
37.9219,491,1.5839
37.9262,492,1.5871
37.9305,493,1.5903
37.9348,494,1.5935
37.9392,494,1.5935
37.9436,494,1.5935
37.9480,494,1.5935
37.9523,488,1.5742
37.9565,467,1.5065
37.9608,435,1.4032
37.9651,411,1.3258
37.9694,438,1.4129
37.9737,528,1.7032
37.9780,673,2.1710
37.9823,852,2.7484
37.9866,998,3.2194
37.9909,999,3.2226
37.9952,1000,3.2258
37.9995,992,3.2000
38.0038,838,2.7032
38.0081,619,1.9968
38.0124,466,1.5032
38.0166,395,1.2742
38.0209,378,1.2194
38.0252,394,1.2710
38.0295,423,1.3645
38.0338,444,1.4323
38.0380,452,1.4581
38.0423,455,1.4677
38.0465,456,1.4710
38.0508,458,1.4774
38.0550,458,1.4774
38.0593,461,1.4871
38.0635,461,1.4871
38.0678,462,1.4903
38.0720,463,1.4935
38.0763,464,1.4968
38.0806,466,1.5032
38.0848,467,1.5065
38.0891,468,1.5097
38.0933,469,1.5129
38.0976,471,1.5194
38.1018,472,1.5226
38.1061,473,1.5258
38.1103,474,1.5290
38.1146,474,1.5290
38.1188,475,1.5323
38.1232,477,1.5387
38.1276,477,1.5387
38.1320,478,1.5419
38.1363,478,1.5419
38.1405,480,1.5484
38.1448,481,1.5516
38.1491,482,1.5548
38.1534,490,1.5806
38.1577,501,1.6161
38.1619,514,1.6581
38.1663,527,1.7000
38.1706,540,1.7419
38.1749,554,1.7871
38.1791,566,1.8258
38.1834,579,1.8677
38.1878,592,1.9097
38.1920,603,1.9452
38.1963,612,1.9742
38.2006,621,2.0032
38.2049,629,2.0290
38.2092,635,2.0484
38.2135,638,2.0581
38.2177,642,2.0710
38.2221,643,2.0742
38.2264,642,2.0710
38.2307,641,2.0677
38.2351,639,2.0613
38.2395,633,2.0419
38.2439,626,2.0194
38.2482,620,2.0000
38.2525,610,1.9677
38.2568,599,1.9323
38.2610,587,1.8935
38.2653,574,1.8516
38.2696,561,1.8097
38.2739,547,1.7645
38.2782,534,1.7226
38.2825,519,1.6742
38.2868,505,1.6290
38.2911,492,1.5871
38.2954,479,1.5452
38.2997,466,1.5032
38.3040,454,1.4645
38.3083,442,1.4258
38.3126,438,1.4129
38.3168,439,1.4161
38.3211,441,1.4226
38.3254,442,1.4258
38.3297,444,1.4323
38.3340,445,1.4355
38.3382,446,1.4387
38.3425,447,1.4419
38.3467,449,1.4484
38.3510,449,1.4484
38.3553,450,1.4516
38.3595,452,1.4581
38.3638,454,1.4645
38.3680,455,1.4677
38.3723,457,1.4742
38.3765,459,1.4806
38.3808,460,1.4839
38.3850,461,1.4871
38.3893,462,1.4903
38.3936,463,1.4935
38.3978,464,1.4968
38.4021,465,1.5000
38.4063,467,1.5065
38.4106,467,1.5065
38.4149,469,1.5129
38.4191,468,1.5097
38.4234,470,1.5161
38.4277,471,1.5194
38.4320,471,1.5194
38.4363,472,1.5226
38.4405,473,1.5258
38.4448,474,1.5290
38.4491,475,1.5323
38.4534,477,1.5387
38.4577,478,1.5419
38.4620,479,1.5452
38.4663,481,1.5516
38.4706,481,1.5516
38.4749,482,1.5548
38.4792,483,1.5581
38.4835,484,1.5613
38.4878,484,1.5613
38.4920,485,1.5645
38.4964,486,1.5677
38.5006,487,1.5710
38.5049,487,1.5710
38.5092,488,1.5742
38.5135,489,1.5774
38.5177,489,1.5774
38.5220,491,1.5839
38.5264,491,1.5839
38.5307,492,1.5871
38.5349,492,1.5871
38.5392,493,1.5903
38.5435,494,1.5935
38.5478,500,1.6129
38.5521,511,1.6484
38.5564,524,1.6903
38.5607,540,1.7419
38.5650,554,1.7871
38.5693,566,1.8258
38.5736,576,1.8581
38.5779,584,1.8839
38.5822,588,1.8968
38.5865,588,1.8968
38.5908,585,1.8871
38.5951,579,1.8677
38.5994,568,1.8323
38.6037,556,1.7935
38.6079,543,1.7516
38.6122,529,1.7065
38.6165,515,1.6613
38.6208,500,1.6129
38.6251,488,1.5742
38.6294,484,1.5613
38.6337,484,1.5613
38.6380,486,1.5677
38.6423,487,1.5710
38.6465,488,1.5742
38.6508,489,1.5774
38.6551,490,1.5806
38.6594,490,1.5806
38.6637,491,1.5839
38.6680,492,1.5871
38.6723,491,1.5839
38.6766,492,1.5871
38.6809,494,1.5935
38.6852,494,1.5935
38.6895,495,1.5968
38.6938,496,1.6000
38.6981,497,1.6032
38.7024,490,1.5806
38.7067,468,1.5097
38.7110,437,1.4097
38.7153,413,1.3323
38.7196,441,1.4226
38.7239,532,1.7161
38.7284,685,2.2097
38.7327,864,2.7871
38.7369,999,3.2226
38.7413,1000,3.2258
38.7455,1001,3.2290
38.7498,989,3.1903
38.7541,827,2.6677
38.7584,608,1.9613
38.7627,460,1.4839
38.7670,392,1.2645
38.7712,378,1.2194
38.7755,396,1.2774
38.7798,424,1.3677
38.7841,444,1.4323
38.7884,453,1.4613
38.7927,455,1.4677
38.7970,455,1.4677
38.8013,455,1.4677
38.8056,457,1.4742
38.8099,458,1.4774
38.8142,459,1.4806
38.8184,462,1.4903
38.8227,463,1.4935
38.8270,464,1.4968
38.8313,464,1.4968
38.8358,466,1.5032
38.8402,467,1.5065
38.8446,467,1.5065
38.8489,467,1.5065
38.8532,469,1.5129
38.8575,470,1.5161
38.8617,472,1.5226
38.8660,472,1.5226
38.8703,473,1.5258
38.8746,475,1.5323
38.8789,476,1.5355
38.8832,476,1.5355
38.8875,476,1.5355
38.8918,478,1.5419
38.8961,478,1.5419
38.9005,482,1.5548
38.9048,491,1.5839
38.9090,503,1.6226
38.9133,516,1.6645
38.9176,530,1.7097
38.9219,543,1.7516
38.9262,556,1.7935
38.9305,569,1.8355
38.9348,583,1.8806
38.9390,595,1.9194
38.9433,604,1.9484
38.9476,612,1.9742
38.9519,620,2.0000
38.9561,630,2.0323
38.9604,636,2.0516
38.9647,639,2.0613
38.9689,642,2.0710
38.9732,643,2.0742
38.9774,643,2.0742
38.9817,640,2.0645
38.9859,636,2.0516
38.9902,631,2.0355
38.9945,624,2.0129
38.9987,615,1.9839
39.0030,607,1.9581
39.0073,596,1.9226
39.0116,585,1.8871
39.0158,573,1.8484
39.0201,559,1.8032
39.0244,544,1.7548
39.0287,530,1.7097
39.0330,516,1.6645
39.0373,502,1.6194
39.0416,488,1.5742
39.0459,474,1.5290
39.0502,462,1.4903
39.0544,451,1.4548
39.0587,442,1.4258
39.0630,439,1.4161
39.0673,439,1.4161
39.0716,441,1.4226
39.0759,443,1.4290
39.0802,445,1.4355
39.0845,445,1.4355
39.0887,446,1.4387
39.0931,447,1.4419
39.0973,449,1.4484
39.1016,451,1.4548
39.1059,453,1.4613
39.1102,454,1.4645
39.1145,454,1.4645
39.1188,455,1.4677
39.1231,455,1.4677
39.1273,456,1.4710
39.1317,458,1.4774
39.1361,460,1.4839
39.1404,462,1.4903
39.1448,463,1.4935
39.1491,464,1.4968
39.1533,465,1.5000
39.1576,466,1.5032
39.1618,467,1.5065
39.1661,469,1.5129
39.1704,469,1.5129
39.1746,470,1.5161
39.1789,471,1.5194
39.1832,471,1.5194
39.1874,471,1.5194
39.1917,473,1.5258
39.1959,475,1.5323
39.2002,475,1.5323
39.2044,479,1.5452
39.2090,477,1.5387
39.2133,478,1.5419
39.2175,480,1.5484
39.2218,480,1.5484
39.2260,481,1.5516
39.2303,482,1.5548
39.2346,483,1.5581
39.2388,484,1.5613
39.2431,484,1.5613
39.2473,484,1.5613
39.2516,485,1.5645
39.2559,487,1.5710
39.2601,488,1.5742
39.2644,488,1.5742
39.2686,489,1.5774
39.2729,490,1.5806
39.2772,489,1.5774
39.2815,491,1.5839
39.2857,491,1.5839
39.2899,492,1.5871
39.2942,493,1.5903
39.2984,498,1.6065
39.3027,510,1.6452
39.3069,525,1.6935
39.3112,540,1.7419
39.3154,554,1.7871
39.3197,565,1.8226
39.3239,575,1.8548
39.3282,583,1.8806
39.3324,587,1.8935
39.3367,588,1.8968
39.3410,584,1.8839
39.3453,576,1.8581
39.3496,568,1.8323
39.3538,556,1.7935
39.3582,543,1.7516
39.3625,528,1.7032
39.3668,514,1.6581
39.3710,500,1.6129
39.3761,487,1.5710
39.3805,484,1.5613
39.3848,483,1.5581
39.3891,485,1.5645
39.3934,486,1.5677
39.3977,487,1.5710
39.4019,487,1.5710
39.4062,488,1.5742
39.4105,489,1.5774
39.4148,489,1.5774
39.4191,490,1.5806
39.4234,490,1.5806
39.4277,492,1.5871
39.4319,492,1.5871
39.4362,493,1.5903
39.4405,494,1.5935
39.4448,493,1.5903
39.4490,493,1.5903
39.4532,485,1.5645
39.4575,461,1.4871
39.4618,429,1.3839
39.4660,412,1.3290
39.4703,450,1.4516
39.4745,552,1.7806
39.4788,702,2.2645
39.4831,882,2.8452
39.4873,998,3.2194
39.4916,1000,3.2258
39.4958,1000,3.2258
39.5001,984,3.1742
39.5044,812,2.6194
39.5086,599,1.9323
39.5129,457,1.4742
39.5172,392,1.2645
39.5214,379,1.2226
39.5257,397,1.2806
39.5299,425,1.3710
39.5342,445,1.4355
39.5384,453,1.4613
39.5427,456,1.4710
39.5470,456,1.4710
39.5513,457,1.4742
39.5556,457,1.4742
39.5599,457,1.4742
39.5642,458,1.4774
39.5685,459,1.4806
39.5727,461,1.4871
39.5770,463,1.4935
39.5813,464,1.4968
39.5856,465,1.5000
39.5899,466,1.5032
39.5942,465,1.5000
39.5984,468,1.5097
39.6027,469,1.5129
39.6070,470,1.5161
39.6113,471,1.5194
39.6156,471,1.5194
39.6198,472,1.5226
39.6241,473,1.5258
39.6284,474,1.5290
39.6327,475,1.5323
39.6370,477,1.5387
39.6413,477,1.5387
39.6456,479,1.5452
39.6499,481,1.5516
39.6542,489,1.5774
39.6585,501,1.6161
39.6627,514,1.6581
39.6670,527,1.7000
39.6713,542,1.7484
39.6756,555,1.7903
39.6799,568,1.8323
39.6842,580,1.8710
39.6885,591,1.9065
39.6928,603,1.9452
39.6971,612,1.9742
39.7013,622,2.0065
39.7057,629,2.0290
39.7100,634,2.0452
39.7142,640,2.0645
39.7185,642,2.0710
39.7228,644,2.0774
39.7271,644,2.0774
39.7314,642,2.0710
39.7358,638,2.0581
39.7402,631,2.0355
39.7446,623,2.0097
39.7488,615,1.9839
39.7531,606,1.9548
39.7574,597,1.9258
39.7617,585,1.8871
39.7659,571,1.8419
39.7702,557,1.7968
39.7745,544,1.7548
39.7787,531,1.7129
39.7830,517,1.6677
39.7872,503,1.6226
39.7915,490,1.5806
39.7957,479,1.5452
39.8000,466,1.5032
39.8043,453,1.4613
39.8085,444,1.4323
39.8128,439,1.4161
39.8171,438,1.4129
39.8214,439,1.4161
39.8257,441,1.4226
39.8299,442,1.4258
39.8342,444,1.4323
39.8385,446,1.4387
39.8428,448,1.4452
39.8470,449,1.4484
39.8513,450,1.4516
39.8555,451,1.4548
39.8598,453,1.4613
39.8641,455,1.4677
39.8683,455,1.4677
39.8726,456,1.4710
39.8768,457,1.4742
39.8811,458,1.4774
39.8853,460,1.4839
39.8896,462,1.4903
39.8939,463,1.4935
39.8981,465,1.5000
39.9024,466,1.5032
39.9066,467,1.5065
39.9109,468,1.5097
39.9152,468,1.5097
39.9194,471,1.5194
39.9237,471,1.5194
39.9280,472,1.5226
39.9322,473,1.5258
39.9365,473,1.5258
39.9407,473,1.5258
39.9450,474,1.5290
39.9493,476,1.5355
39.9536,476,1.5355
39.9579,477,1.5387
39.9622,477,1.5387
39.9665,477,1.5387
39.9707,479,1.5452
39.9750,480,1.5484
39.9793,482,1.5548
39.9836,483,1.5581
39.9879,483,1.5581
39.9922,485,1.5645
39.9965,486,1.5677
40.0007,487,1.5710
40.0050,486,1.5677
40.0093,488,1.5742
40.0136,489,1.5774
40.0179,490,1.5806
40.0221,490,1.5806
40.0264,490,1.5806
40.0307,492,1.5871
40.0351,492,1.5871
40.0404,492,1.5871
40.0449,494,1.5935
40.0493,502,1.6194
40.0537,515,1.6613
40.0582,530,1.7097
40.0628,545,1.7581
40.0674,560,1.8065
40.0717,570,1.8387
40.0760,578,1.8645
40.0803,584,1.8839
40.0846,587,1.8935
40.0889,588,1.8968
40.0932,583,1.8806
40.0975,573,1.8484
40.1018,564,1.8194
40.1061,550,1.7742
40.1104,536,1.7290
40.1146,523,1.6871
40.1189,508,1.6387
40.1232,494,1.5935
40.1276,487,1.5710
40.1318,483,1.5581
40.1361,484,1.5613
40.1405,485,1.5645
40.1448,486,1.5677
40.1491,487,1.5710
40.1534,487,1.5710
40.1577,489,1.5774
40.1619,490,1.5806
40.1662,490,1.5806
40.1705,490,1.5806
40.1748,492,1.5871
40.1791,492,1.5871
40.1834,492,1.5871
40.1877,492,1.5871
40.1920,493,1.5903
40.1963,493,1.5903
40.2006,491,1.5839
40.2049,477,1.5387
40.2092,448,1.4452
40.2135,418,1.3484
40.2178,420,1.3548
40.2221,483,1.5581
40.2264,606,1.9548
40.2307,773,2.4935
40.2350,957,3.0871
40.2393,1001,3.2290
40.2436,1000,3.2258
40.2480,997,3.2161
40.2523,912,2.9419
40.2566,695,2.2419
40.2609,510,1.6452
40.2653,412,1.3290
40.2696,379,1.2226
40.2739,387,1.2484
40.2783,415,1.3387
40.2826,439,1.4161
40.2869,451,1.4548
40.2913,454,1.4645
40.2956,456,1.4710
40.2999,457,1.4742
40.3042,457,1.4742
40.3086,458,1.4774
40.3129,459,1.4806
40.3173,461,1.4871
40.3216,461,1.4871
40.3258,462,1.4903
40.3301,463,1.4935
40.3344,465,1.5000
40.3387,465,1.5000
40.3430,467,1.5065
40.3473,468,1.5097
40.3516,469,1.5129
40.3559,471,1.5194
40.3601,472,1.5226
40.3644,473,1.5258
40.3687,473,1.5258
40.3730,475,1.5323
40.3773,476,1.5355
40.3815,477,1.5387
40.3858,477,1.5387
40.3901,478,1.5419
40.3944,479,1.5452
40.3987,479,1.5452
40.4029,486,1.5677
40.4072,496,1.6000
40.4115,509,1.6419
40.4158,523,1.6871
40.4200,537,1.7323
40.4243,550,1.7742
40.4286,563,1.8161
40.4329,576,1.8581
40.4372,588,1.8968
40.4415,599,1.9323
40.4457,609,1.9645
40.4500,617,1.9903
40.4543,625,2.0161
40.4586,633,2.0419
40.4629,637,2.0548
40.4672,640,2.0645
40.4714,641,2.0677
40.4757,642,2.0710
40.4800,640,2.0645
40.4843,638,2.0581
40.4885,632,2.0387
40.4928,627,2.0226
40.4971,619,1.9968
40.5014,608,1.9613
40.5057,597,1.9258
40.5100,586,1.8903
40.5143,573,1.8484
40.5185,561,1.8097
40.5228,549,1.7710
40.5271,534,1.7226
40.5314,520,1.6774
40.5357,505,1.6290
40.5400,490,1.5806
40.5442,478,1.5419
40.5485,466,1.5032
40.5528,454,1.4645
40.5572,443,1.4290
40.5614,437,1.4097
40.5657,436,1.4065
40.5700,437,1.4097
40.5743,439,1.4161
40.5785,440,1.4194
40.5828,442,1.4258
40.5871,443,1.4290
40.5914,444,1.4323
40.5956,446,1.4387
40.6000,447,1.4419
40.6043,448,1.4452
40.6085,451,1.4548
40.6128,451,1.4548
40.6172,452,1.4581
40.6214,452,1.4581
40.6257,454,1.4645
40.6300,456,1.4710
40.6343,457,1.4742
40.6386,459,1.4806
40.6430,461,1.4871
40.6475,461,1.4871
40.6518,462,1.4903
40.6561,464,1.4968
40.6603,465,1.5000
40.6646,465,1.5000
40.6688,466,1.5032
40.6731,467,1.5065
40.6773,468,1.5097
40.6816,469,1.5129
40.6858,471,1.5194
40.6901,472,1.5226
40.6943,473,1.5258
40.6986,474,1.5290
40.7029,475,1.5323
40.7071,475,1.5323
40.7114,476,1.5355
40.7156,478,1.5419
40.7199,479,1.5452
40.7241,478,1.5419
40.7284,480,1.5484
40.7327,481,1.5516
40.7369,482,1.5548
40.7412,483,1.5581
40.7455,484,1.5613
40.7498,485,1.5645
40.7541,486,1.5677
40.7584,486,1.5677
40.7627,486,1.5677
40.7670,485,1.5645
40.7713,487,1.5710
40.7756,488,1.5742
40.7799,490,1.5806
40.7842,490,1.5806
40.7885,490,1.5806
40.7928,490,1.5806
40.7971,495,1.5968
40.8014,506,1.6323
40.8058,519,1.6742
40.8101,533,1.7194
40.8144,548,1.7677
40.8186,560,1.8065
40.8230,572,1.8452
40.8273,580,1.8710
40.8316,585,1.8871
40.8359,587,1.8935
40.8402,585,1.8871
40.8445,578,1.8645
40.8488,569,1.8355
40.8531,557,1.7968
40.8575,543,1.7516
40.8618,529,1.7065
40.8661,515,1.6613
40.8704,500,1.6129
40.8747,488,1.5742
40.8790,483,1.5581
40.8833,482,1.5548
40.8876,482,1.5548
40.8919,483,1.5581
40.8962,486,1.5677
40.9005,486,1.5677
40.9048,487,1.5710
40.9091,487,1.5710
40.9134,489,1.5774
40.9176,490,1.5806
40.9219,491,1.5839
40.9262,492,1.5871
40.9305,492,1.5871
40.9348,493,1.5903
40.9392,494,1.5935
40.9437,495,1.5968
40.9480,495,1.5968
40.9523,489,1.5774
40.9566,469,1.5129
40.9609,438,1.4129
40.9651,414,1.3355
40.9694,438,1.4129
40.9737,524,1.6903
40.9779,664,2.1419
40.9822,837,2.7000
40.9865,998,3.2194
40.9908,1002,3.2323
40.9950,1001,3.2290
40.9992,995,3.2097
41.0035,862,2.7806
41.0078,641,2.0677
41.0121,478,1.5419
41.0163,398,1.2839
41.0206,376,1.2129
41.0249,390,1.2581
41.0291,419,1.3516
41.0334,441,1.4226
41.0377,451,1.4548
41.0419,454,1.4645
41.0462,456,1.4710
41.0506,456,1.4710
41.0549,458,1.4774
41.0592,460,1.4839
41.0634,460,1.4839
41.0677,461,1.4871
41.0721,462,1.4903
41.0764,464,1.4968
41.0806,464,1.4968
41.0849,466,1.5032
41.0892,468,1.5097
41.0935,469,1.5129
41.0978,470,1.5161
41.1021,470,1.5161
41.1064,470,1.5161
41.1107,470,1.5161
41.1150,471,1.5194
41.1193,472,1.5226
41.1236,474,1.5290
41.1279,474,1.5290
41.1322,475,1.5323
41.1369,476,1.5355
41.1413,476,1.5355
41.1455,477,1.5387
41.1498,478,1.5419
41.1542,487,1.5710
41.1585,500,1.6129
41.1628,513,1.6548
41.1671,526,1.6968
41.1713,539,1.7387
41.1757,552,1.7806
41.1799,566,1.8258
41.1842,578,1.8645
41.1885,591,1.9065
41.1928,602,1.9419
41.1971,611,1.9710
41.2014,621,2.0032
41.2057,628,2.0258
41.2100,634,2.0452
41.2143,639,2.0613
41.2186,642,2.0710
41.2229,644,2.0774
41.2272,644,2.0774
41.2315,643,2.0742
41.2358,637,2.0548
41.2401,630,2.0323
41.2444,624,2.0129
41.2487,617,1.9903
41.2531,607,1.9581
41.2574,596,1.9226
41.2617,582,1.8774
41.2660,570,1.8387
41.2702,558,1.8000
41.2745,545,1.7581
41.2788,531,1.7129
41.2831,516,1.6645
41.2874,503,1.6226
41.2917,490,1.5806
41.2960,476,1.5355
41.3003,464,1.4968
41.3045,452,1.4581
41.3088,443,1.4290
41.3132,439,1.4161
41.3175,438,1.4129
41.3218,440,1.4194
41.3261,441,1.4226
41.3304,442,1.4258
41.3346,443,1.4290
41.3390,445,1.4355
41.3433,446,1.4387
41.3475,447,1.4419
41.3518,450,1.4516
41.3561,452,1.4581
41.3605,453,1.4613
41.3648,453,1.4613
41.3691,454,1.4645
41.3734,455,1.4677
41.3777,457,1.4742
41.3819,459,1.4806
41.3862,459,1.4806
41.3905,461,1.4871
41.3948,461,1.4871
41.3991,463,1.4935
41.4034,464,1.4968
41.4077,466,1.5032
41.4120,466,1.5032
41.4163,468,1.5097
41.4206,468,1.5097
41.4249,470,1.5161
41.4292,470,1.5161
41.4335,471,1.5194
41.4378,472,1.5226
41.4421,473,1.5258
41.4464,474,1.5290
41.4506,475,1.5323
41.4550,477,1.5387
41.4593,478,1.5419
41.4636,478,1.5419
41.4679,478,1.5419
41.4722,480,1.5484
41.4765,480,1.5484
41.4808,481,1.5516
41.4851,481,1.5516
41.4894,484,1.5613
41.4936,484,1.5613
41.4979,483,1.5581
41.5022,485,1.5645
41.5065,485,1.5645
41.5108,485,1.5645
41.5151,487,1.5710
41.5194,488,1.5742
41.5237,489,1.5774
41.5280,490,1.5806
41.5324,491,1.5839
41.5368,491,1.5839
41.5412,488,1.5742
41.5456,493,1.5903
41.5499,502,1.6194
41.5542,514,1.6581
41.5585,528,1.7032
41.5628,542,1.7484
41.5672,556,1.7935
41.5714,567,1.8290
41.5757,576,1.8581
41.5800,584,1.8839
41.5843,587,1.8935
41.5885,585,1.8871
41.5928,581,1.8742
41.5970,574,1.8516
41.6013,562,1.8129
41.6055,550,1.7742
41.6098,537,1.7323
41.6140,522,1.6839
41.6183,509,1.6419
41.6225,496,1.6000
41.6268,486,1.5677
41.6310,483,1.5581
41.6353,483,1.5581
41.6395,484,1.5613
41.6438,485,1.5645
41.6480,486,1.5677
41.6523,488,1.5742
41.6566,487,1.5710
41.6608,487,1.5710
41.6652,487,1.5710
41.6695,487,1.5710
41.6737,489,1.5774
41.6780,491,1.5839
41.6823,491,1.5839
41.6866,492,1.5871
41.6909,493,1.5903
41.6951,494,1.5935
41.6994,494,1.5935
41.7037,484,1.5613
41.7080,458,1.4774
41.7123,425,1.3710
41.7165,414,1.3355
41.7208,458,1.4774
41.7251,565,1.8226
41.7294,720,2.3226
41.7337,900,2.9032
41.7380,998,3.2194
41.7422,1001,3.2290
41.7465,999,3.2226
41.7508,973,3.1387
41.7551,785,2.5323
41.7594,574,1.8516
41.7637,442,1.4258
41.7680,387,1.2484
41.7723,380,1.2258
41.7765,401,1.2935
41.7808,429,1.3839
41.7851,447,1.4419
41.7894,453,1.4613
41.7937,455,1.4677
41.7979,455,1.4677
41.8022,456,1.4710
41.8065,457,1.4742
41.8108,458,1.4774
41.8150,460,1.4839
41.8193,462,1.4903
41.8236,464,1.4968
41.8279,464,1.4968
41.8322,465,1.5000
41.8366,466,1.5032
41.8410,471,1.5194
41.8454,470,1.5161
41.8497,470,1.5161
41.8540,472,1.5226
41.8583,472,1.5226
41.8626,472,1.5226
41.8669,475,1.5323
41.8712,475,1.5323
41.8755,475,1.5323
41.8797,477,1.5387
41.8840,479,1.5452
41.8882,479,1.5452
41.8925,480,1.5484
41.8967,481,1.5516
41.9009,485,1.5645
41.9052,493,1.5903
41.9094,505,1.6290
41.9137,518,1.6710
41.9180,530,1.7097
41.9222,543,1.7516
41.9264,556,1.7935
41.9307,569,1.8355
41.9350,582,1.8774
41.9392,594,1.9161
41.9435,606,1.9548
41.9477,614,1.9806
41.9520,624,2.0129
41.9562,630,2.0323
41.9606,635,2.0484
41.9648,639,2.0613
41.9691,641,2.0677
41.9735,642,2.0710
41.9778,643,2.0742
41.9821,641,2.0677
41.9864,636,2.0516
41.9907,630,2.0323
41.9951,624,2.0129
41.9993,616,1.9871
42.0036,606,1.9548
42.0079,595,1.9194
42.0122,583,1.8806
42.0165,569,1.8355
42.0208,556,1.7935
42.0251,543,1.7516
42.0293,528,1.7032
42.0336,515,1.6613
42.0379,502,1.6194
42.0422,489,1.5774
42.0464,477,1.5387
42.0507,464,1.4968
42.0550,451,1.4548
42.0593,441,1.4226
42.0636,436,1.4065
42.0679,436,1.4065
42.0721,438,1.4129
42.0764,440,1.4194
42.0807,441,1.4226
42.0850,445,1.4355
42.0892,447,1.4419
42.0936,448,1.4452
42.0979,449,1.4484
42.1021,450,1.4516
42.1064,451,1.4548
42.1107,454,1.4645
42.1150,455,1.4677
42.1193,456,1.4710
42.1236,457,1.4742
42.1279,458,1.4774
42.1321,459,1.4806
42.1364,462,1.4903
42.1407,462,1.4903
42.1450,462,1.4903
42.1493,463,1.4935
42.1536,463,1.4935
42.1578,465,1.5000
42.1622,466,1.5032
42.1665,468,1.5097
42.1707,469,1.5129
42.1750,470,1.5161
42.1793,472,1.5226
42.1836,472,1.5226
42.1879,473,1.5258
42.1921,473,1.5258
42.1964,474,1.5290
42.2007,475,1.5323
42.2050,476,1.5355
42.2092,477,1.5387
42.2135,478,1.5419
42.2178,480,1.5484
42.2221,481,1.5516
42.2263,482,1.5548
42.2306,481,1.5516
42.2349,481,1.5516
42.2392,482,1.5548
42.2435,483,1.5581
42.2477,482,1.5548
42.2520,485,1.5645
42.2563,486,1.5677
42.2606,487,1.5710
42.2649,488,1.5742
42.2691,488,1.5742
42.2734,489,1.5774
42.2777,489,1.5774
42.2820,491,1.5839
42.2863,491,1.5839
42.2906,493,1.5903
42.2948,494,1.5935
42.2991,500,1.6129
42.3034,512,1.6516
42.3077,527,1.7000
42.3119,540,1.7419
42.3162,554,1.7871
42.3205,565,1.8226
42.3248,576,1.8581
42.3291,583,1.8806
42.3334,587,1.8935
42.3376,586,1.8903
42.3419,581,1.8742
42.3462,575,1.8548
42.3505,565,1.8226
42.3548,555,1.7903
42.3590,541,1.7452
42.3634,526,1.6968
42.3677,510,1.6452
42.3719,495,1.5968
42.3762,484,1.5613
42.3805,482,1.5548
42.3848,482,1.5548
42.3891,483,1.5581
42.3934,485,1.5645
42.3976,486,1.5677
42.4019,488,1.5742
42.4062,487,1.5710
42.4105,488,1.5742
42.4147,489,1.5774
42.4190,490,1.5806
42.4233,490,1.5806
42.4276,490,1.5806
42.4318,490,1.5806
42.4362,491,1.5839
42.4406,492,1.5871
42.4450,493,1.5903
42.4494,493,1.5903
42.4537,484,1.5613
42.4579,460,1.4839
42.4622,428,1.3806
42.4665,413,1.3323
42.4708,455,1.4677
42.4750,559,1.8032
42.4793,712,2.2968
42.4835,888,2.8645
42.4878,1000,3.2258
42.4921,1002,3.2323
42.4964,999,3.2226
42.5006,979,3.1581
42.5049,800,2.5806
42.5091,586,1.8903
42.5134,450,1.4516
42.5176,389,1.2548
42.5218,380,1.2258
42.5261,398,1.2839
42.5304,426,1.3742
42.5347,445,1.4355
42.5389,453,1.4613
42.5432,455,1.4677
42.5474,456,1.4710
42.5517,457,1.4742
42.5559,458,1.4774
42.5602,460,1.4839
42.5644,461,1.4871
42.5687,462,1.4903
42.5730,463,1.4935
42.5773,463,1.4935
42.5816,464,1.4968
42.5858,465,1.5000
42.5901,467,1.5065
42.5944,469,1.5129
42.5987,469,1.5129
42.6029,470,1.5161
42.6073,471,1.5194
42.6116,472,1.5226
42.6158,473,1.5258
42.6201,474,1.5290
42.6244,475,1.5323
42.6287,476,1.5355
42.6330,476,1.5355
42.6373,478,1.5419
42.6415,478,1.5419
42.6458,478,1.5419
42.6501,481,1.5516
42.6544,489,1.5774
42.6586,500,1.6129
42.6629,514,1.6581
42.6674,528,1.7032
42.6717,542,1.7484
42.6760,555,1.7903
42.6803,568,1.8323
42.6845,580,1.8710
42.6888,592,1.9097
42.6931,602,1.9419
42.6974,612,1.9742
42.7016,621,2.0032
42.7059,628,2.0258
42.7102,634,2.0452
42.7145,638,2.0581
42.7188,641,2.0677
42.7231,643,2.0742
42.7273,643,2.0742
42.7316,640,2.0645
42.7360,637,2.0548
42.7404,629,2.0290
42.7448,622,2.0065
42.7491,616,1.9871
42.7534,606,1.9548
42.7578,594,1.9161
42.7621,582,1.8774
42.7664,569,1.8355
42.7707,556,1.7935
42.7750,543,1.7516
42.7792,530,1.7097
42.7835,516,1.6645
42.7878,502,1.6194
42.7920,488,1.5742
42.7963,475,1.5323
42.8006,463,1.4935
42.8049,452,1.4581
42.8091,441,1.4226
42.8134,436,1.4065
42.8176,438,1.4129
42.8219,441,1.4226
42.8262,442,1.4258
42.8304,443,1.4290
42.8347,444,1.4323
42.8390,446,1.4387
42.8432,448,1.4452
42.8475,449,1.4484
42.8517,450,1.4516
42.8560,452,1.4581
42.8603,454,1.4645
42.8646,454,1.4645
42.8689,456,1.4710
42.8732,457,1.4742
42.8775,458,1.4774
42.8818,460,1.4839
42.8861,461,1.4871
42.8904,463,1.4935
42.8951,463,1.4935
42.8994,465,1.5000
42.9038,465,1.5000
42.9080,466,1.5032
42.9123,466,1.5032
42.9166,467,1.5065
42.9209,468,1.5097
42.9252,470,1.5161
42.9295,472,1.5226
42.9338,471,1.5194
42.9381,471,1.5194
42.9424,473,1.5258
42.9468,474,1.5290
42.9510,475,1.5323
42.9553,476,1.5355
42.9596,478,1.5419
42.9639,479,1.5452
42.9682,479,1.5452
42.9725,480,1.5484
42.9768,481,1.5516
42.9811,481,1.5516
42.9854,482,1.5548
42.9897,483,1.5581
42.9940,483,1.5581
42.9983,485,1.5645
43.0026,486,1.5677
43.0069,487,1.5710
43.0112,486,1.5677
43.0155,487,1.5710
43.0197,487,1.5710
43.0241,488,1.5742
43.0284,488,1.5742
43.0327,488,1.5742
43.0369,489,1.5774
43.0412,492,1.5871
43.0455,494,1.5935
43.0498,504,1.6258
43.0541,516,1.6645
43.0584,531,1.7129
43.0627,545,1.7581
43.0670,558,1.8000
43.0713,570,1.8387
43.0756,579,1.8677
43.0799,586,1.8903
43.0842,589,1.9000
43.0885,588,1.8968
43.0928,583,1.8806
43.0972,576,1.8581
43.1015,564,1.8194
43.1058,552,1.7806
43.1101,538,1.7355
43.1144,523,1.6871
43.1187,510,1.6452
43.1230,495,1.5968
43.1273,485,1.5645
43.1317,483,1.5581
43.1360,483,1.5581
43.1402,484,1.5613
43.1445,485,1.5645
43.1488,487,1.5710
43.1531,488,1.5742
43.1574,488,1.5742
43.1617,489,1.5774
43.1660,490,1.5806
43.1702,492,1.5871
43.1745,493,1.5903
43.1789,492,1.5871
43.1832,492,1.5871
43.1875,492,1.5871
43.1918,492,1.5871
43.1961,493,1.5903
43.2004,491,1.5839
43.2047,478,1.5419
43.2090,450,1.4516
43.2133,418,1.3484
43.2176,416,1.3419
43.2219,475,1.5323
43.2262,596,1.9226
43.2305,759,2.4484
43.2348,939,3.0290
43.2392,1002,3.2323
43.2435,1001,3.2290
43.2477,997,3.2161
43.2521,931,3.0032
43.2563,726,2.3419
43.2606,531,1.7129
43.2649,421,1.3581
43.2692,379,1.2226
43.2735,381,1.2290
43.2778,408,1.3161
43.2821,435,1.4032
43.2865,449,1.4484
43.2908,454,1.4645
43.2951,455,1.4677
43.2994,455,1.4677
43.3037,456,1.4710
43.3080,459,1.4806
43.3123,461,1.4871
43.3166,461,1.4871
43.3209,462,1.4903
43.3252,463,1.4935
43.3295,465,1.5000
43.3338,465,1.5000
43.3383,466,1.5032
43.3427,466,1.5032
43.3472,468,1.5097
43.3516,470,1.5161
43.3559,472,1.5226
43.3602,473,1.5258
43.3646,472,1.5226
43.3689,474,1.5290
43.3733,474,1.5290
43.3777,476,1.5355
43.3820,477,1.5387
43.3863,479,1.5452
43.3906,479,1.5452
43.3949,478,1.5419
43.3992,480,1.5484
43.4034,487,1.5710
43.4080,501,1.6161
43.4123,513,1.6548
43.4167,527,1.7000
43.4209,541,1.7452
43.4252,555,1.7903
43.4295,568,1.8323
43.4339,580,1.8710
43.4381,592,1.9097
43.4424,603,1.9452
43.4467,613,1.9774
43.4510,622,2.0065
43.4553,629,2.0290
43.4596,637,2.0548
43.4639,639,2.0613
43.4682,643,2.0742
43.4725,643,2.0742
43.4768,645,2.0806
43.4811,642,2.0710
43.4855,638,2.0581
43.4898,632,2.0387
43.4941,625,2.0161
43.4985,616,1.9871
43.5028,606,1.9548
43.5072,596,1.9226
43.5115,584,1.8839
43.5158,571,1.8419
43.5202,557,1.7968
43.5245,544,1.7548
43.5288,531,1.7129
43.5332,516,1.6645
43.5375,503,1.6226
43.5418,489,1.5774
43.5462,475,1.5323
43.5505,462,1.4903
43.5548,450,1.4516
43.5592,439,1.4161
43.5635,436,1.4065
43.5678,438,1.4129
43.5721,439,1.4161
43.5765,440,1.4194
43.5808,442,1.4258
43.5851,444,1.4323
43.5894,445,1.4355
43.5937,448,1.4452
43.5980,449,1.4484
43.6023,451,1.4548
43.6066,450,1.4516
43.6109,452,1.4581
43.6152,452,1.4581
43.6195,454,1.4645
43.6238,456,1.4710
43.6281,457,1.4742
43.6324,457,1.4742
43.6368,458,1.4774
43.6414,460,1.4839
43.6458,463,1.4935
43.6501,462,1.4903
43.6544,463,1.4935
43.6587,465,1.5000
43.6631,466,1.5032
43.6674,468,1.5097
43.6717,468,1.5097
43.6760,469,1.5129
43.6803,470,1.5161
43.6846,472,1.5226
43.6889,473,1.5258
43.6932,474,1.5290
43.6974,475,1.5323
43.7018,476,1.5355
43.7060,477,1.5387
43.7103,478,1.5419
43.7146,482,1.5548
43.7190,481,1.5516
43.7233,482,1.5548
43.7276,481,1.5516
43.7319,482,1.5548
43.7362,482,1.5548
43.7405,482,1.5548
43.7448,483,1.5581
43.7490,485,1.5645
43.7533,485,1.5645
43.7576,486,1.5677
43.7619,488,1.5742
43.7662,488,1.5742
43.7705,491,1.5839
43.7748,490,1.5806
43.7791,490,1.5806
43.7834,491,1.5839
43.7878,492,1.5871
43.7921,492,1.5871
43.7964,495,1.5968
43.8007,504,1.6258
43.8051,517,1.6677
43.8094,532,1.7161
43.8137,547,1.7645
43.8181,559,1.8032
43.8224,570,1.8387
43.8267,578,1.8645
43.8310,585,1.8871
43.8355,588,1.8968
43.8399,587,1.8935
43.8442,582,1.8774
43.8485,572,1.8452
43.8529,559,1.8032
43.8573,547,1.7645
43.8616,532,1.7161
43.8660,517,1.6677
43.8703,503,1.6226
43.8746,489,1.5774
43.8790,484,1.5613
43.8833,483,1.5581
43.8876,485,1.5645
43.8919,486,1.5677
43.8962,486,1.5677
43.9005,487,1.5710
43.9048,489,1.5774
43.9091,490,1.5806
43.9133,490,1.5806
43.9176,491,1.5839
43.9219,491,1.5839
43.9262,491,1.5839
43.9305,491,1.5839
43.9348,492,1.5871
43.9391,493,1.5903
43.9434,495,1.5968
43.9477,495,1.5968
43.9520,491,1.5839
43.9563,472,1.5226
43.9606,441,1.4226
43.9649,415,1.3387
43.9692,433,1.3968
43.9735,512,1.6516
43.9777,647,2.0871
43.9820,821,2.6484
43.9864,992,3.2000
43.9907,1001,3.2290
43.9951,1000,3.2258
43.9994,995,3.2097
44.0037,864,2.7871
44.0080,642,2.0710
44.0124,477,1.5387
44.0167,399,1.2871
44.0210,380,1.2258
44.0254,394,1.2710
44.0297,421,1.3581
44.0340,443,1.4290
44.0384,453,1.4613
44.0427,456,1.4710
44.0470,457,1.4742
44.0514,458,1.4774
44.0557,459,1.4806
44.0600,461,1.4871
44.0643,462,1.4903
44.0687,463,1.4935
44.0731,463,1.4935
44.0774,464,1.4968
44.0817,465,1.5000
44.0860,467,1.5065
44.0903,468,1.5097
44.0946,468,1.5097
44.0989,469,1.5129
44.1032,470,1.5161
44.1075,472,1.5226
44.1118,473,1.5258
44.1161,473,1.5258
44.1204,474,1.5290
44.1247,475,1.5323
44.1290,476,1.5355
44.1333,477,1.5387
44.1376,478,1.5419
44.1419,478,1.5419
44.1462,480,1.5484
44.1504,481,1.5516
44.1547,491,1.5839
44.1590,503,1.6226
44.1633,516,1.6645
44.1676,530,1.7097
44.1719,544,1.7548
44.1762,557,1.7968
44.1805,569,1.8355
44.1848,583,1.8806
44.1891,594,1.9161
44.1935,603,1.9452
44.1978,613,1.9774
44.2021,624,2.0129
44.2065,630,2.0323
44.2108,638,2.0581
44.2151,641,2.0677
44.2195,642,2.0710
44.2238,644,2.0774
44.2281,643,2.0742
44.2324,641,2.0677
44.2368,636,2.0516
44.2424,629,2.0290
44.2469,619,1.9968
44.2512,611,1.9710
44.2556,601,1.9387
44.2600,589,1.9000
44.2643,576,1.8581
44.2686,564,1.8194
44.2730,550,1.7742
44.2773,534,1.7226
44.2817,521,1.6806
44.2860,507,1.6355
44.2903,494,1.5935
44.2946,479,1.5452
44.2989,468,1.5097
44.3032,456,1.4710
44.3075,445,1.4355
44.3118,438,1.4129
44.3161,437,1.4097
44.3204,437,1.4097
44.3246,439,1.4161
44.3289,441,1.4226
44.3332,443,1.4290
44.3375,445,1.4355
44.3418,448,1.4452
44.3461,449,1.4484
44.3504,450,1.4516
44.3547,452,1.4581
44.3590,454,1.4645
44.3633,455,1.4677
44.3676,456,1.4710
44.3719,456,1.4710
44.3762,458,1.4774
44.3805,458,1.4774
44.3848,460,1.4839
44.3891,461,1.4871
44.3934,462,1.4903
44.3977,463,1.4935
44.4021,465,1.5000
44.4064,465,1.5000
44.4107,467,1.5065
44.4150,468,1.5097
44.4193,469,1.5129
44.4236,469,1.5129
44.4279,470,1.5161
44.4322,472,1.5226
44.4365,472,1.5226
44.4408,473,1.5258
44.4452,475,1.5323
44.4494,476,1.5355
44.4537,477,1.5387
44.4580,478,1.5419
44.4623,480,1.5484
44.4666,481,1.5516
44.4709,481,1.5516
44.4752,481,1.5516
44.4795,482,1.5548
44.4839,483,1.5581
44.4881,484,1.5613
44.4924,485,1.5645
44.4967,487,1.5710
44.5010,488,1.5742
44.5053,488,1.5742
44.5096,488,1.5742
44.5139,488,1.5742
44.5182,489,1.5774
44.5225,491,1.5839
44.5268,491,1.5839
44.5311,491,1.5839
44.5354,490,1.5806
44.5398,492,1.5871
44.5442,493,1.5903
44.5486,499,1.6097
44.5529,509,1.6419
44.5573,524,1.6903
44.5616,541,1.7452
44.5659,554,1.7871
44.5702,565,1.8226
44.5745,574,1.8516
44.5788,583,1.8806
44.5831,588,1.8968
44.5874,587,1.8935
44.5917,585,1.8871
44.5959,578,1.8645
44.6002,568,1.8323
44.6045,556,1.7935
44.6088,542,1.7484
44.6131,527,1.7000
44.6174,513,1.6548
44.6217,498,1.6065
44.6260,487,1.5710
44.6303,484,1.5613
44.6346,484,1.5613
44.6388,487,1.5710
44.6431,487,1.5710
44.6474,487,1.5710
44.6517,487,1.5710
44.6560,488,1.5742
44.6603,489,1.5774
44.6705,492,1.5871
44.6749,492,1.5871
44.6792,493,1.5903
44.6835,494,1.5935
44.6878,493,1.5903
44.6921,494,1.5935
44.6965,494,1.5935
44.7008,492,1.5871
44.7051,478,1.5419
44.7095,448,1.4452
44.7138,417,1.3452
44.7181,418,1.3484
44.7224,484,1.5613
44.7268,611,1.9710
44.7311,780,2.5161
44.7355,960,3.0968
44.7398,1001,3.2290
44.7441,1001,3.2290
44.7484,997,3.2161
44.7527,909,2.9323
44.7570,694,2.2387
44.7613,510,1.6452
44.7656,413,1.3323
44.7699,380,1.2258
44.7742,386,1.2452
44.7785,413,1.3323
44.7828,438,1.4129
44.7871,450,1.4516
44.7914,454,1.4645
44.7957,457,1.4742
44.8000,459,1.4806
44.8043,459,1.4806
44.8086,459,1.4806
44.8129,459,1.4806
44.8172,460,1.4839
44.8215,461,1.4871
44.8258,463,1.4935
44.8301,465,1.5000
44.8344,465,1.5000
44.8387,466,1.5032
44.8430,467,1.5065
44.8473,469,1.5129
44.8516,470,1.5161
44.8559,471,1.5194
44.8602,472,1.5226
44.8645,473,1.5258
44.8688,474,1.5290
44.8731,475,1.5323
44.8774,476,1.5355
44.8817,477,1.5387
44.8860,477,1.5387
44.8903,478,1.5419
44.8946,479,1.5452
44.8989,480,1.5484
44.9032,485,1.5645
44.9074,497,1.6032
44.9117,510,1.6452
44.9160,524,1.6903
44.9203,538,1.7355
44.9246,551,1.7774
44.9289,563,1.8161
44.9332,576,1.8581
44.9375,589,1.9000
44.9418,601,1.9387
44.9461,611,1.9710
44.9504,620,2.0000
44.9547,629,2.0290
44.9589,634,2.0452
44.9632,638,2.0581
44.9675,641,2.0677
44.9718,643,2.0742
44.9761,644,2.0774
44.9804,643,2.0742
44.9847,639,2.0613
44.9891,634,2.0452
44.9934,627,2.0226
44.9977,617,1.9903
45.0020,610,1.9677
45.0063,600,1.9355
45.0106,588,1.8968
45.0149,576,1.8581
45.0192,563,1.8161
45.0235,549,1.7710
45.0278,535,1.7258
45.0321,521,1.6806
45.0364,507,1.6355
45.0407,494,1.5935
45.0457,479,1.5452
45.0502,465,1.5000
45.0546,453,1.4613
45.0591,443,1.4290
45.0635,438,1.4129
45.0680,439,1.4161
45.0724,441,1.4226
45.0767,442,1.4258
45.0810,444,1.4323
45.0853,445,1.4355
45.0897,446,1.4387
45.0940,446,1.4387
45.0983,448,1.4452
45.1026,448,1.4452
45.1068,450,1.4516
45.1111,451,1.4548
45.1153,452,1.4581
45.1196,454,1.4645
45.1239,456,1.4710
45.1282,458,1.4774
45.1324,459,1.4806
45.1367,460,1.4839
45.1417,461,1.4871
45.1462,462,1.4903
45.1505,462,1.4903
45.1548,462,1.4903
45.1591,465,1.5000
45.1634,467,1.5065
45.1677,469,1.5129
45.1720,469,1.5129
45.1768,470,1.5161
45.1811,470,1.5161
45.1854,471,1.5194
45.1897,472,1.5226
45.1940,473,1.5258
45.1984,475,1.5323
45.2027,477,1.5387
45.2070,478,1.5419
45.2113,477,1.5387
45.2156,479,1.5452
45.2199,480,1.5484
45.2242,481,1.5516
45.2285,482,1.5548
45.2328,483,1.5581
45.2371,483,1.5581
45.2414,484,1.5613
45.2458,485,1.5645
45.2501,485,1.5645
45.2544,486,1.5677
45.2589,486,1.5677
45.2632,488,1.5742
45.2675,489,1.5774
45.2718,490,1.5806
45.2761,492,1.5871
45.2804,492,1.5871
45.2847,492,1.5871
45.2890,493,1.5903
45.2933,493,1.5903
45.2976,498,1.6065
45.3019,508,1.6387
45.3063,522,1.6839
45.3106,537,1.7323
45.3149,551,1.7774
45.3192,562,1.8129
45.3235,573,1.8484
45.3278,583,1.8806
45.3321,587,1.8935
45.3365,587,1.8935
45.3409,586,1.8903
45.3453,580,1.8710
45.3496,570,1.8387
45.3539,556,1.7935
45.3582,544,1.7548
45.3625,531,1.7129
45.3668,516,1.6645
45.3711,502,1.6194
45.3754,489,1.5774
45.3797,484,1.5613
45.3840,484,1.5613
45.3883,485,1.5645
45.3927,487,1.5710
45.3970,487,1.5710
45.4013,487,1.5710
45.4056,488,1.5742
45.4099,489,1.5774
45.4142,489,1.5774
45.4185,489,1.5774
45.4230,490,1.5806
45.4273,492,1.5871
45.4316,493,1.5903
45.4360,493,1.5903
45.4404,494,1.5935
45.4448,494,1.5935
45.4492,494,1.5935
45.4535,486,1.5677
45.4578,462,1.4903
45.4621,430,1.3871
45.4664,413,1.3323
45.4708,452,1.4581
45.4751,554,1.7871
45.4794,707,2.2806
45.4837,886,2.8581
45.4880,999,3.2226
45.4923,1002,3.2323
45.4966,998,3.2194
45.5009,976,3.1484
45.5054,783,2.5258
45.5098,570,1.8387
45.5141,439,1.4161
45.5184,387,1.2484
45.5226,381,1.2290
45.5269,402,1.2968
45.5313,430,1.3871
45.5356,447,1.4419
45.5399,455,1.4677
45.5441,457,1.4742
45.5484,458,1.4774
45.5528,457,1.4742
45.5571,459,1.4806
45.5614,459,1.4806
45.5657,461,1.4871
45.5700,462,1.4903
45.5744,462,1.4903
45.5787,463,1.4935
45.5829,465,1.5000
45.5873,467,1.5065
45.5916,469,1.5129
45.5959,469,1.5129
45.6002,469,1.5129
45.6045,470,1.5161
45.6088,470,1.5161
45.6131,471,1.5194
45.6174,473,1.5258
45.6217,474,1.5290
45.6260,476,1.5355
45.6303,477,1.5387
45.6346,477,1.5387
45.6389,479,1.5452
45.6432,479,1.5452
45.6475,479,1.5452
45.6518,485,1.5645
45.6561,494,1.5935
45.6604,507,1.6355
45.6647,520,1.6774
45.6690,533,1.7194
45.6734,547,1.7645
45.6777,560,1.8065
45.6819,574,1.8516
45.6862,584,1.8839
45.6905,595,1.9194
45.6949,605,1.9516
45.6992,616,1.9871
45.7035,624,2.0129
45.7078,631,2.0355
45.7121,637,2.0548
45.7164,640,2.0645
45.7207,643,2.0742
45.7250,642,2.0710
45.7293,642,2.0710
45.7341,640,2.0645
45.7384,635,2.0484
45.7427,628,2.0258
45.7470,619,1.9968
45.7514,610,1.9677
45.7557,600,1.9355
45.7600,589,1.9000
45.7643,577,1.8613
45.7686,563,1.8161
45.7729,551,1.7774
45.7772,537,1.7323
45.7815,521,1.6806
45.7858,507,1.6355
45.7901,493,1.5903
45.7944,480,1.5484
45.7987,467,1.5065
45.8030,456,1.4710
45.8073,443,1.4290
45.8116,436,1.4065
45.8160,436,1.4065
45.8203,438,1.4129
45.8245,440,1.4194
45.8288,442,1.4258
45.8331,444,1.4323
45.8375,444,1.4323
45.8417,444,1.4323
45.8460,446,1.4387
45.8503,448,1.4452
45.8547,451,1.4548
45.8590,452,1.4581
45.8633,454,1.4645
45.8676,454,1.4645
45.8719,455,1.4677
45.8762,455,1.4677
45.8805,456,1.4710
45.8848,458,1.4774
45.8891,460,1.4839
45.8934,461,1.4871
45.8977,462,1.4903
45.9020,463,1.4935
45.9063,465,1.5000
45.9106,465,1.5000
45.9149,466,1.5032
45.9192,467,1.5065
45.9235,468,1.5097
45.9278,469,1.5129
45.9321,470,1.5161
45.9364,471,1.5194
45.9407,473,1.5258
45.9450,473,1.5258
45.9493,475,1.5323
45.9537,475,1.5323
45.9585,476,1.5355
45.9628,477,1.5387
45.9671,479,1.5452
45.9714,480,1.5484
45.9757,480,1.5484
45.9800,481,1.5516
45.9843,482,1.5548
45.9886,482,1.5548
45.9929,483,1.5581
45.9973,483,1.5581
46.0021,485,1.5645
46.0064,485,1.5645
46.0107,486,1.5677
46.0150,485,1.5645
46.0198,486,1.5677
46.0241,487,1.5710
46.0284,491,1.5839
46.0327,491,1.5839
46.0370,490,1.5806
46.0415,491,1.5839
46.0459,494,1.5935
46.0502,495,1.5968
46.0546,513,1.6548
46.0589,529,1.7065
46.0632,544,1.7548
46.0675,557,1.7968
46.0718,568,1.8323
46.0761,577,1.8613
46.0804,584,1.8839
46.0847,588,1.8968
46.0890,586,1.8903
46.0933,581,1.8742
46.0977,573,1.8484
46.1020,561,1.8097
46.1063,550,1.7742
46.1106,535,1.7258
46.1149,520,1.6774
46.1192,506,1.6323
46.1235,492,1.5871
46.1278,485,1.5645
46.1321,482,1.5548
46.1364,482,1.5548
46.1407,485,1.5645
46.1451,485,1.5645
46.1494,485,1.5645
46.1537,486,1.5677
46.1580,487,1.5710
46.1623,489,1.5774
46.1666,489,1.5774
46.1709,490,1.5806
46.1752,491,1.5839
46.1795,492,1.5871
46.1838,493,1.5903
46.1881,494,1.5935
46.1924,494,1.5935
46.1967,496,1.6000
46.2010,493,1.5903
46.2054,479,1.5452
46.2097,450,1.4516
46.2140,419,1.3516
46.2182,421,1.3581
46.2225,486,1.5677
46.2269,613,1.9774
46.2312,777,2.5065
46.2354,959,3.0935
46.2397,1000,3.2258
46.2440,1001,3.2290
46.2484,998,3.2194
46.2527,920,2.9677
46.2570,704,2.2710
46.2613,516,1.6645
46.2656,415,1.3387
46.2699,381,1.2290
46.2742,386,1.2452
46.2785,413,1.3323
46.2828,437,1.4097
46.2871,450,1.4516
46.2914,456,1.4710
46.2957,457,1.4742
46.3002,458,1.4774
46.3045,459,1.4806
46.3089,460,1.4839
46.3132,461,1.4871
46.3174,461,1.4871
46.3217,463,1.4935
46.3266,464,1.4968
46.3309,465,1.5000
46.3352,466,1.5032
46.3396,467,1.5065
46.3440,467,1.5065
46.3484,468,1.5097
46.3527,470,1.5161
46.3570,471,1.5194
46.3613,472,1.5226
46.3656,474,1.5290
46.3700,475,1.5323
46.3743,475,1.5323
46.3786,474,1.5290
46.3829,476,1.5355
46.3872,478,1.5419
46.3915,481,1.5516
46.3958,481,1.5516
46.4002,481,1.5516
46.4045,490,1.5806
46.4088,502,1.6194
46.4131,515,1.6613
46.4174,528,1.7032
46.4217,541,1.7452
46.4260,554,1.7871
46.4303,568,1.8323
46.4346,580,1.8710
46.4389,591,1.9065
46.4438,605,1.9516
46.4481,615,1.9839
46.4525,622,2.0065
46.4568,631,2.0355
46.4611,636,2.0516
46.4658,640,2.0645
46.4702,640,2.0645
46.4745,641,2.0677
46.4788,643,2.0742
46.4830,640,2.0645
46.4873,637,2.0548
46.4917,629,2.0290
46.4960,621,2.0032
46.5003,612,1.9742
46.5046,602,1.9419
46.5089,593,1.9129
46.5132,580,1.8710
46.5175,566,1.8258
46.5218,554,1.7871
46.5261,541,1.7452
46.5304,526,1.6968
46.5347,512,1.6516
46.5390,498,1.6065
46.5433,485,1.5645
46.5476,472,1.5226
46.5520,459,1.4806
46.5563,448,1.4452
46.5606,439,1.4161
46.5649,435,1.4032
46.5692,436,1.4065
46.5735,439,1.4161
46.5778,440,1.4194
46.5821,443,1.4290
46.5864,445,1.4355
46.5907,447,1.4419
46.5950,448,1.4452
46.5993,448,1.4452
46.6036,449,1.4484
46.6079,452,1.4581
46.6127,453,1.4613
46.6171,452,1.4581
46.6213,455,1.4677
46.6256,458,1.4774
46.6299,459,1.4806
46.6343,458,1.4774
46.6386,460,1.4839
46.6428,461,1.4871
46.6472,463,1.4935
46.6515,464,1.4968
46.6558,466,1.5032
46.6601,466,1.5032
46.6644,468,1.5097
46.6687,469,1.5129
46.6730,470,1.5161
46.6774,471,1.5194
46.6817,472,1.5226
46.6860,473,1.5258
46.6903,473,1.5258
46.6946,475,1.5323
46.6989,475,1.5323
46.7032,476,1.5355
46.7075,478,1.5419
46.7118,480,1.5484
46.7161,481,1.5516
46.7204,482,1.5548
46.7247,482,1.5548
46.7290,482,1.5548
46.7333,483,1.5581
46.7376,485,1.5645
46.7419,486,1.5677
46.7462,486,1.5677
46.7505,487,1.5710
46.7548,488,1.5742
46.7591,488,1.5742
46.7634,489,1.5774
46.7677,489,1.5774
46.7720,489,1.5774
46.7764,488,1.5742
46.7806,491,1.5839
46.7849,492,1.5871
46.7892,493,1.5903
46.7935,493,1.5903
46.7978,496,1.6000
46.8021,507,1.6355
46.8064,520,1.6774
46.8108,536,1.7290
46.8151,550,1.7742
46.8194,563,1.8161
46.8237,573,1.8484
46.8280,581,1.8742
46.8323,585,1.8871
46.8365,587,1.8935
46.8409,584,1.8839
46.8452,577,1.8613
46.8495,569,1.8355
46.8538,556,1.7935
46.8581,543,1.7516
46.8625,529,1.7065
46.8667,515,1.6613
46.8710,500,1.6129
46.8753,488,1.5742
46.8797,483,1.5581
46.8840,483,1.5581
46.8882,483,1.5581
46.8925,484,1.5613
46.8968,486,1.5677
46.9011,488,1.5742
46.9054,488,1.5742
46.9098,489,1.5774
46.9141,490,1.5806
46.9189,490,1.5806
46.9232,491,1.5839
46.9275,493,1.5903
46.9318,494,1.5935
46.9361,494,1.5935
46.9405,494,1.5935
46.9449,495,1.5968
46.9493,494,1.5935
46.9536,487,1.5710
46.9579,462,1.4903
46.9623,430,1.3871
46.9665,413,1.3323
46.9708,452,1.4581
46.9752,554,1.7871
46.9795,707,2.2806
46.9838,888,2.8645
46.9881,999,3.2226
46.9924,1001,3.2290
46.9970,999,3.2226
47.0014,966,3.1161
47.0057,776,2.5032
47.0100,564,1.8194
47.0143,437,1.4097
47.0186,384,1.2387
47.0229,380,1.2258
47.0272,404,1.3032
47.0315,429,1.3839
47.0357,446,1.4387
47.0400,452,1.4581
47.0443,454,1.4645
47.0485,456,1.4710
47.0528,457,1.4742
47.0570,457,1.4742
47.0614,458,1.4774
47.0657,460,1.4839
47.0699,462,1.4903
47.0742,463,1.4935
47.0787,464,1.4968
47.0829,466,1.5032
47.0872,466,1.5032
47.0915,467,1.5065
47.0957,468,1.5097
47.1000,469,1.5129
47.1043,469,1.5129
47.1085,471,1.5194
47.1128,471,1.5194
47.1171,472,1.5226
47.1214,474,1.5290
47.1257,475,1.5323
47.1299,475,1.5323
47.1342,476,1.5355
47.1386,478,1.5419
47.1428,479,1.5452
47.1472,479,1.5452
47.1514,482,1.5548
47.1558,491,1.5839
47.1601,503,1.6226
47.1644,519,1.6742
47.1686,533,1.7194
47.1728,546,1.7613
47.1772,559,1.8032
47.1814,571,1.8419
47.1857,583,1.8806
47.1899,595,1.9194
47.1942,604,1.9484
47.1984,613,1.9774
47.2026,624,2.0129
47.2069,630,2.0323
47.2112,636,2.0516
47.2155,639,2.0613
47.2198,642,2.0710
47.2240,643,2.0742
47.2283,643,2.0742
47.2326,639,2.0613
47.2369,635,2.0484
47.2413,628,2.0258
47.2457,622,2.0065
47.2501,613,1.9774
47.2544,603,1.9452
47.2587,593,1.9129
47.2631,579,1.8677
47.2674,567,1.8290
47.2717,553,1.7839
47.2760,540,1.7419
47.2802,526,1.6968
47.2845,512,1.6516
47.2889,497,1.6032
47.2931,485,1.5645
47.2974,473,1.5258
47.3017,461,1.4871
47.3060,449,1.4484
47.3103,440,1.4194
47.3145,438,1.4129
47.3188,438,1.4129
47.3230,440,1.4194
47.3273,442,1.4258
47.3315,444,1.4323
47.3358,445,1.4355
47.3401,447,1.4419
47.3443,448,1.4452
47.3485,449,1.4484
47.3528,450,1.4516
47.3570,452,1.4581
47.3613,452,1.4581
47.3655,453,1.4613
47.3698,456,1.4710
47.3740,456,1.4710
47.3783,458,1.4774
47.3826,458,1.4774
47.3868,461,1.4871
47.3910,462,1.4903
47.3953,463,1.4935
47.3995,463,1.4935
47.4038,464,1.4968
47.4081,466,1.5032
47.4124,467,1.5065
47.4167,467,1.5065
47.4210,467,1.5065
47.4253,469,1.5129
47.4295,470,1.5161
47.4338,470,1.5161
47.4381,472,1.5226
47.4424,472,1.5226
47.4466,473,1.5258
47.4509,474,1.5290
47.4554,476,1.5355
47.4598,478,1.5419
47.4641,479,1.5452
47.4684,480,1.5484
47.4726,481,1.5516
47.4769,481,1.5516
47.4812,482,1.5548
47.4854,483,1.5581
47.4897,484,1.5613
47.4940,484,1.5613
47.4983,485,1.5645
47.5026,486,1.5677
47.5069,487,1.5710
47.5112,488,1.5742
47.5155,490,1.5806
47.5197,490,1.5806
47.5240,489,1.5774
47.5283,490,1.5806
47.5325,491,1.5839
47.5369,492,1.5871
47.5411,493,1.5903
47.5454,495,1.5968
47.5497,501,1.6161
47.5540,514,1.6581
47.5583,528,1.7032
47.5626,542,1.7484
47.5669,556,1.7935
47.5712,566,1.8258
47.5755,577,1.8613
47.5798,583,1.8806
47.5840,586,1.8903
47.5883,587,1.8935
47.5926,583,1.8806
47.5969,576,1.8581
47.6012,565,1.8226
47.6055,552,1.7806
47.6098,539,1.7387
47.6141,525,1.6935
47.6184,509,1.6419
47.6227,496,1.6000
47.6270,486,1.5677
47.6313,484,1.5613
47.6355,484,1.5613
47.6398,485,1.5645
47.6441,486,1.5677
47.6484,488,1.5742
47.6527,488,1.5742
47.6569,488,1.5742
47.6613,488,1.5742
47.6656,489,1.5774
47.6698,490,1.5806
47.6741,491,1.5839
47.6784,492,1.5871
47.6827,493,1.5903
47.6869,493,1.5903
47.6912,494,1.5935
47.6955,494,1.5935
47.6998,494,1.5935
47.7041,485,1.5645
47.7083,459,1.4806
47.7126,426,1.3742
47.7169,412,1.3290
47.7212,456,1.4710
47.7255,562,1.8129
47.7298,718,2.3161
47.7341,897,2.8935
47.7384,1000,3.2258
47.7427,1001,3.2290
47.7470,999,3.2226
47.7513,972,3.1355
47.7556,780,2.5161
47.7601,564,1.8194
47.7643,438,1.4129
47.7686,386,1.2452
47.7729,382,1.2323
47.7773,405,1.3065
47.7816,433,1.3968
47.7859,448,1.4452
47.7901,453,1.4613
47.7944,456,1.4710
47.7987,456,1.4710
47.8030,457,1.4742
47.8073,457,1.4742
47.8116,459,1.4806
47.8159,460,1.4839
47.8202,461,1.4871
47.8245,463,1.4935
47.8287,464,1.4968
47.8330,466,1.5032
47.8373,466,1.5032
47.8419,467,1.5065
47.8463,468,1.5097
47.8507,469,1.5129
47.8550,471,1.5194
47.8593,472,1.5226
47.8636,472,1.5226
47.8680,473,1.5258
47.8723,473,1.5258
47.8766,475,1.5323
47.8809,474,1.5290
47.8852,476,1.5355
47.8895,477,1.5387
47.8937,478,1.5419
47.8980,480,1.5484
47.9023,483,1.5581
47.9066,493,1.5903
47.9108,506,1.6323
47.9152,520,1.6774
47.9195,535,1.7258
47.9237,548,1.7677
47.9280,560,1.8065
47.9323,574,1.8516
47.9365,584,1.8839
47.9408,596,1.9226
47.9450,607,1.9581
47.9493,617,1.9903
47.9535,624,2.0129
47.9578,630,2.0323
47.9621,634,2.0452
47.9663,638,2.0581
47.9706,642,2.0710
47.9748,642,2.0710
47.9791,641,2.0677
47.9833,639,2.0613
47.9876,635,2.0484
47.9918,630,2.0323
47.9961,623,2.0097
48.0004,614,1.9806
48.0046,603,1.9452
48.0089,593,1.9129
48.0132,580,1.8710
48.0174,568,1.8323
48.0217,555,1.7903
48.0260,541,1.7452
48.0303,526,1.6968
48.0346,513,1.6548
48.0389,498,1.6065
48.0432,484,1.5613
48.0475,471,1.5194
48.0518,460,1.4839
48.0561,449,1.4484
48.0604,440,1.4194
48.0647,438,1.4129
48.0690,439,1.4161
48.0733,441,1.4226
48.0776,443,1.4290
48.0819,442,1.4258
48.0861,444,1.4323
48.0905,446,1.4387
48.0947,448,1.4452
48.0990,450,1.4516
48.1033,451,1.4548
48.1075,452,1.4581
48.1118,452,1.4581
48.1161,453,1.4613
48.1204,455,1.4677
48.1247,456,1.4710
48.1290,457,1.4742
48.1333,459,1.4806
48.1376,460,1.4839
48.1420,460,1.4839
48.1464,462,1.4903
48.1508,463,1.4935
48.1551,464,1.4968
48.1595,464,1.4968
48.1638,466,1.5032
48.1682,466,1.5032
48.1725,467,1.5065
48.1769,468,1.5097
48.1812,469,1.5129
48.1855,471,1.5194
48.1898,473,1.5258
48.1942,474,1.5290
48.1985,475,1.5323
48.2028,476,1.5355
48.2076,478,1.5419
48.2122,478,1.5419
48.2166,479,1.5452
48.2210,481,1.5516
48.2253,483,1.5581
48.2296,483,1.5581
48.2339,484,1.5613
48.2382,484,1.5613
48.2425,485,1.5645
48.2468,486,1.5677
48.2511,487,1.5710
48.2554,488,1.5742
48.2597,489,1.5774
48.2640,489,1.5774
48.2683,490,1.5806
48.2726,491,1.5839
48.2769,492,1.5871
48.2812,493,1.5903
48.2855,495,1.5968
48.2898,494,1.5935
48.2940,493,1.5903
48.2984,497,1.6032
48.3026,509,1.6419
48.3069,523,1.6871
48.3112,538,1.7355
48.3156,553,1.7839
48.3199,562,1.8129
48.3242,574,1.8516
48.3285,582,1.8774
48.3328,586,1.8903
48.3371,587,1.8935
48.3413,583,1.8806
48.3456,579,1.8677
48.3499,569,1.8355
48.3542,558,1.8000
48.3585,545,1.7581
48.3628,528,1.7032
48.3671,514,1.6581
48.3714,500,1.6129
48.3757,488,1.5742
48.3801,483,1.5581
48.3843,483,1.5581
48.3886,484,1.5613
48.3929,486,1.5677
48.3973,488,1.5742
48.4015,488,1.5742
48.4058,489,1.5774
48.4101,489,1.5774
48.4144,490,1.5806
48.4187,491,1.5839
48.4230,491,1.5839
48.4274,492,1.5871
48.4317,493,1.5903
48.4360,493,1.5903
48.4403,495,1.5968
48.4447,496,1.6000
48.4491,496,1.6000
48.4535,488,1.5742
48.4578,463,1.4935
48.4623,429,1.3839
48.4668,414,1.3355
48.4713,459,1.4806
48.4757,569,1.8355
48.4801,729,2.3516
48.4844,912,2.9419
48.4888,1000,3.2258
48.4931,1000,3.2258
48.4974,1001,3.2290
48.5018,957,3.0871
48.5061,757,2.4419
48.5104,552,1.7806
48.5147,431,1.3903
48.5191,384,1.2387
48.5234,381,1.2290
48.5277,405,1.3065
48.5320,432,1.3935
48.5362,449,1.4484
48.5405,453,1.4613
48.5447,455,1.4677
48.5490,455,1.4677
48.5533,457,1.4742
48.5575,457,1.4742
48.5618,459,1.4806
48.5661,460,1.4839
48.5704,462,1.4903
48.5746,463,1.4935
48.5789,465,1.5000
48.5832,466,1.5032
48.5874,467,1.5065
48.5917,468,1.5097
48.5960,470,1.5161
48.6002,471,1.5194
48.6045,472,1.5226
48.6088,473,1.5258
48.6130,473,1.5258
48.6173,473,1.5258
48.6215,474,1.5290
48.6259,475,1.5323
48.6302,476,1.5355
48.6346,476,1.5355
48.6389,477,1.5387
48.6432,477,1.5387
48.6476,478,1.5419
48.6519,483,1.5581
48.6562,493,1.5903
48.6605,505,1.6290
48.6649,520,1.6774
48.6692,535,1.7258
48.6735,548,1.7677
48.6779,559,1.8032
48.6822,574,1.8516
48.6865,586,1.8903
48.6909,596,1.9226
48.6952,607,1.9581
48.6995,617,1.9903
48.7039,625,2.0161
48.7082,632,2.0387
48.7125,638,2.0581
48.7168,641,2.0677
48.7212,643,2.0742
48.7255,644,2.0774
48.7298,642,2.0710
48.7341,640,2.0645
48.7384,636,2.0516
48.7429,628,2.0258
48.7474,620,2.0000
48.7517,612,1.9742
48.7560,601,1.9387
48.7602,591,1.9065
48.7645,577,1.8613
48.7688,566,1.8258
48.7731,551,1.7774
48.7773,539,1.7387
48.7816,526,1.6968
48.7858,511,1.6484
48.7901,497,1.6032
48.7944,483,1.5581
48.7986,471,1.5194
48.8029,460,1.4839
48.8073,448,1.4452
48.8115,441,1.4226
48.8158,438,1.4129
48.8201,440,1.4194
48.8244,442,1.4258
48.8287,444,1.4323
48.8331,445,1.4355
48.8374,447,1.4419
48.8417,448,1.4452
48.8460,449,1.4484
48.8503,451,1.4548
48.8546,453,1.4613
48.8589,455,1.4677
48.8632,456,1.4710
48.8675,456,1.4710
48.8718,457,1.4742
48.8762,458,1.4774
48.8804,459,1.4806
48.8847,460,1.4839
48.8891,462,1.4903
48.8934,464,1.4968
48.8977,466,1.5032
48.9020,466,1.5032
48.9063,466,1.5032
48.9106,469,1.5129
48.9148,469,1.5129
48.9191,469,1.5129
48.9234,471,1.5194
48.9277,472,1.5226
48.9320,473,1.5258
48.9363,474,1.5290
48.9406,475,1.5323
48.9450,476,1.5355
48.9492,476,1.5355
48.9535,477,1.5387
48.9579,477,1.5387
48.9622,477,1.5387
48.9665,478,1.5419
48.9708,480,1.5484
48.9751,481,1.5516
48.9794,481,1.5516
48.9837,482,1.5548
48.9879,484,1.5613
48.9922,485,1.5645
48.9965,486,1.5677
49.0008,487,1.5710
49.0051,487,1.5710
49.0094,487,1.5710
49.0137,488,1.5742
49.0180,489,1.5774
49.0223,489,1.5774
49.0266,489,1.5774
49.0309,489,1.5774
49.0363,490,1.5806
49.0421,492,1.5871
49.0465,494,1.5935
49.0509,503,1.6226
49.0552,516,1.6645
49.0596,530,1.7097
49.0638,543,1.7516
49.0681,558,1.8000
49.0725,569,1.8355
49.0768,579,1.8677
49.0810,583,1.8806
49.0853,585,1.8871
49.0896,583,1.8806
49.0939,580,1.8710
49.0982,572,1.8452
49.1025,560,1.8065
49.1068,548,1.7677
49.1111,533,1.7194
49.1154,519,1.6742
49.1197,506,1.6323
49.1241,493,1.5903
49.1284,487,1.5710
49.1327,484,1.5613
49.1370,484,1.5613
49.1413,487,1.5710
49.1455,487,1.5710
49.1498,488,1.5742
49.1541,488,1.5742
49.1583,487,1.5710
49.1626,489,1.5774
49.1669,490,1.5806
49.1711,490,1.5806
49.1754,492,1.5871
49.1797,491,1.5839
49.1839,491,1.5839
49.1881,492,1.5871
49.1924,495,1.5968
49.1967,495,1.5968
49.2010,494,1.5935
49.2052,480,1.5484
49.2095,451,1.4548
49.2138,418,1.3484
49.2180,416,1.3419
49.2223,474,1.5290
49.2266,592,1.9097
49.2308,755,2.4355
49.2351,937,3.0226
49.2394,999,3.2226
49.2437,1002,3.2323
49.2480,999,3.2226
49.2523,937,3.0226
49.2566,728,2.3484
49.2610,530,1.7097
49.2653,421,1.3581
49.2696,379,1.2226
49.2739,381,1.2290
49.2782,407,1.3129
49.2825,433,1.3968
49.2868,448,1.4452
49.2911,453,1.4613
49.2954,454,1.4645
49.2997,455,1.4677
49.3040,455,1.4677
49.3083,458,1.4774
49.3126,460,1.4839
49.3168,460,1.4839
49.3211,461,1.4871
49.3254,461,1.4871
49.3297,463,1.4935
49.3340,465,1.5000
49.3383,467,1.5065
49.3426,467,1.5065
49.3469,469,1.5129
49.3512,470,1.5161
49.3555,470,1.5161
49.3598,472,1.5226
49.3641,472,1.5226
49.3684,473,1.5258
49.3727,474,1.5290
49.3770,476,1.5355
49.3813,476,1.5355
49.3857,476,1.5355
49.3899,477,1.5387
49.3942,478,1.5419
49.3985,479,1.5452
49.4029,484,1.5613
49.4072,495,1.5968
49.4115,508,1.6387
49.4158,522,1.6839
49.4201,534,1.7226
49.4244,547,1.7645
49.4287,561,1.8097
49.4329,575,1.8548
49.4373,586,1.8903
49.4416,597,1.9258
49.4459,607,1.9581
49.4502,617,1.9903
49.4544,626,2.0194
49.4588,632,2.0387
49.4631,637,2.0548
49.4674,641,2.0677
49.4717,643,2.0742
49.4760,642,2.0710
49.4803,643,2.0742
49.4846,638,2.0581
49.4889,633,2.0419
49.4932,626,2.0194
49.4974,619,1.9968
49.5017,611,1.9710
49.5060,601,1.9387
49.5103,588,1.8968
49.5146,577,1.8613
49.5189,564,1.8194
49.5232,550,1.7742
49.5275,536,1.7290
49.5318,523,1.6871
49.5361,508,1.6387
49.5404,494,1.5935
49.5448,481,1.5516
49.5491,468,1.5097
49.5534,456,1.4710
49.5577,445,1.4355
49.5620,438,1.4129
49.5663,438,1.4129
49.5706,439,1.4161
49.5749,442,1.4258
49.5792,444,1.4323
49.5835,444,1.4323
49.5878,446,1.4387
49.5921,447,1.4419
49.5964,448,1.4452
49.6007,450,1.4516
49.6050,452,1.4581
49.6093,453,1.4613
49.6136,454,1.4645
49.6178,456,1.4710
49.6221,457,1.4742
49.6265,458,1.4774
49.6307,460,1.4839
49.6351,460,1.4839
49.6426,463,1.4935
49.6471,463,1.4935
49.6515,466,1.5032
49.6560,466,1.5032
49.6603,467,1.5065
49.6646,468,1.5097
49.6690,470,1.5161
49.6733,470,1.5161
49.6777,471,1.5194
49.6820,472,1.5226
49.6863,474,1.5290
49.6907,475,1.5323
49.6950,475,1.5323
49.6993,476,1.5355
49.7037,477,1.5387
49.7080,477,1.5387
49.7123,480,1.5484
49.7167,480,1.5484
49.7210,481,1.5516
49.7253,481,1.5516
49.7297,482,1.5548
49.7340,482,1.5548
49.7383,484,1.5613
49.7426,485,1.5645
49.7469,485,1.5645
49.7512,486,1.5677
49.7556,487,1.5710
49.7599,487,1.5710
49.7642,488,1.5742
49.7685,489,1.5774
49.7728,490,1.5806
49.7771,491,1.5839
49.7814,492,1.5871
49.7857,493,1.5903
49.7900,492,1.5871
49.7943,493,1.5903
49.7986,498,1.6065
49.8029,509,1.6419
49.8072,523,1.6871
49.8115,538,1.7355
49.8158,552,1.7806
49.8201,565,1.8226
49.8244,575,1.8548
49.8287,583,1.8806
49.8331,587,1.8935
49.8374,589,1.9000
49.8418,586,1.8903
49.8461,578,1.8645
49.8504,569,1.8355
49.8547,557,1.7968
49.8591,543,1.7516
49.8634,528,1.7032
49.8678,514,1.6581
49.8721,499,1.6097
49.8764,488,1.5742
49.8808,484,1.5613
49.8851,483,1.5581
49.8894,485,1.5645
49.8938,486,1.5677
49.8981,486,1.5677
49.9025,486,1.5677
49.9068,488,1.5742
49.9111,489,1.5774
49.9154,491,1.5839
49.9198,491,1.5839
49.9241,492,1.5871
49.9284,493,1.5903
49.9328,494,1.5935
49.9372,494,1.5935
49.9421,495,1.5968
49.9465,495,1.5968
49.9509,492,1.5871
49.9552,480,1.5484
49.9596,451,1.4548
49.9639,420,1.3548
49.9682,419,1.3516
49.9724,478,1.5419
49.9767,598,1.9290
49.9855,954,3.0774
49.9899,1001,3.2290
49.9942,1002,3.2323
49.9985,1000,3.2258
50.0028,926,2.9871
50.0071,711,2.2935
50.0114,521,1.6806
50.0157,417,1.3452
50.0200,382,1.2323
50.0243,386,1.2452
50.0286,412,1.3290
50.0330,437,1.4097
50.0373,451,1.4548
50.0416,455,1.4677
50.0460,456,1.4710
50.0504,457,1.4742
50.0549,457,1.4742
50.0594,458,1.4774
50.0672,461,1.4871
50.0718,462,1.4903
50.0762,463,1.4935
50.0805,465,1.5000
50.0847,465,1.5000
50.0890,466,1.5032
50.0933,467,1.5065
50.0975,467,1.5065
50.1017,468,1.5097
50.1060,470,1.5161
50.1102,472,1.5226
50.1145,473,1.5258
50.1187,475,1.5323
50.1230,476,1.5355
50.1273,476,1.5355
50.1315,476,1.5355
50.1357,478,1.5419
50.1400,479,1.5452
50.1442,480,1.5484
50.1485,481,1.5516
50.1527,485,1.5645
50.1569,494,1.5935
50.1611,508,1.6387
50.1654,523,1.6871
50.1696,535,1.7258
50.1738,549,1.7710
50.1781,560,1.8065
50.1823,574,1.8516
50.1865,586,1.8903
50.1908,597,1.9258
50.1950,608,1.9613
50.1992,615,1.9839
50.2035,621,2.0032
50.2077,629,2.0290
50.2119,637,2.0548
50.2161,640,2.0645
50.2203,641,2.0677
50.2246,645,2.0806
50.2288,644,2.0774
50.2330,643,2.0742
50.2373,638,2.0581
50.2416,632,2.0387
50.2459,624,2.0129
50.2502,614,1.9806
50.2544,605,1.9516
50.2587,595,1.9194
50.2630,581,1.8742
50.2675,568,1.8323
50.2717,555,1.7903
50.2760,542,1.7484
50.2803,528,1.7032
50.2846,515,1.6613
50.2889,501,1.6161
50.2931,489,1.5774
50.2974,475,1.5323
50.3017,462,1.4903
50.3060,451,1.4548
50.3103,442,1.4258
50.3146,440,1.4194
50.3189,439,1.4161
50.3231,441,1.4226
50.3274,443,1.4290
50.3317,445,1.4355
50.3360,447,1.4419
50.3403,447,1.4419
50.3445,448,1.4452
50.3488,450,1.4516
50.3531,451,1.4548
50.3574,453,1.4613
50.3617,455,1.4677
50.3659,456,1.4710
50.3703,457,1.4742
50.3745,458,1.4774
50.3788,460,1.4839
50.3831,461,1.4871
50.3874,462,1.4903
50.3917,464,1.4968
50.3959,464,1.4968
50.4002,465,1.5000
50.4045,466,1.5032
50.4087,468,1.5097
50.4130,469,1.5129
50.4173,469,1.5129
50.4216,469,1.5129
50.4259,471,1.5194
50.4301,473,1.5258
50.4344,473,1.5258
50.4387,474,1.5290
50.4430,474,1.5290
50.4473,476,1.5355
50.4516,478,1.5419
50.4559,479,1.5452
50.4602,479,1.5452
50.4644,480,1.5484
50.4687,481,1.5516
50.4730,482,1.5548
50.4773,483,1.5581
50.4816,484,1.5613
50.4859,484,1.5613
50.4901,485,1.5645
50.4944,486,1.5677
50.4987,487,1.5710
50.5030,487,1.5710
50.5073,488,1.5742
50.5116,488,1.5742
50.5159,489,1.5774
50.5202,491,1.5839
50.5244,491,1.5839
50.5287,491,1.5839
50.5330,491,1.5839
50.5374,493,1.5903
50.5418,495,1.5968
50.5462,497,1.6032
50.5507,505,1.6290
50.5550,517,1.6677
50.5593,531,1.7129
50.5636,546,1.7613
50.5679,559,1.8032
50.5722,571,1.8419
50.5765,580,1.8710
50.5808,586,1.8903
50.5850,588,1.8968
50.5893,586,1.8903
50.5936,582,1.8774
50.5979,572,1.8452
50.6021,562,1.8129
50.6064,549,1.7710
50.6107,535,1.7258
50.6150,522,1.6839
50.6193,507,1.6355
50.6235,493,1.5903
50.6278,485,1.5645
50.6321,483,1.5581
50.6363,484,1.5613
50.6406,487,1.5710
50.6449,487,1.5710
50.6492,488,1.5742
50.6534,488,1.5742
50.6577,489,1.5774
50.6619,490,1.5806
50.6662,491,1.5839
50.6704,492,1.5871
50.6746,493,1.5903
50.6789,492,1.5871
50.6831,494,1.5935
50.6874,494,1.5935
50.6916,496,1.6000
50.6959,495,1.5968
50.7001,495,1.5968
50.7044,485,1.5645
50.7086,460,1.4839
50.7129,429,1.3839
50.7172,415,1.3387
50.7215,460,1.4839
50.7258,564,1.8194
50.7300,718,2.3161
50.7342,896,2.8903
50.7385,998,3.2194
50.7428,1002,3.2323
50.7471,1001,3.2290
50.7514,974,3.1419
50.7558,782,2.5226
50.7601,569,1.8355
50.7644,440,1.4194
50.7687,386,1.2452
50.7730,381,1.2290
50.7773,402,1.2968
50.7817,429,1.3839
50.7859,446,1.4387
50.7902,452,1.4581
50.7945,454,1.4645
50.7989,456,1.4710
50.8032,458,1.4774
50.8075,459,1.4806
50.8118,460,1.4839
50.8160,462,1.4903
50.8203,463,1.4935
50.8247,463,1.4935
50.8290,464,1.4968
50.8333,464,1.4968
50.8383,466,1.5032
50.8428,467,1.5065
50.8473,468,1.5097
50.8516,470,1.5161
50.8559,472,1.5226
50.8602,470,1.5161
50.8646,471,1.5194
50.8688,472,1.5226
50.8731,474,1.5290
50.8773,475,1.5323
50.8816,476,1.5355
50.8859,476,1.5355
50.8901,478,1.5419
50.8944,479,1.5452
50.8987,480,1.5484
50.9030,487,1.5710
50.9073,497,1.6032
50.9116,510,1.6452
50.9158,523,1.6871
50.9206,537,1.7323
50.9249,549,1.7710
50.9291,563,1.8161
50.9334,577,1.8613
50.9376,589,1.9000
50.9419,601,1.9387
50.9468,613,1.9774
50.9511,621,2.0032
50.9553,627,2.0226
50.9597,636,2.0516
50.9639,639,2.0613
50.9682,642,2.0710
50.9725,644,2.0774
50.9767,644,2.0774
50.9810,642,2.0710
50.9852,638,2.0581
50.9896,633,2.0419
50.9938,626,2.0194
50.9981,620,2.0000
51.0027,610,1.9677
51.0070,598,1.9290
51.0113,587,1.8935
51.0155,576,1.8581
51.0197,562,1.8129
51.0240,549,1.7710
51.0283,535,1.7258
51.0326,521,1.6806
51.0368,507,1.6355
51.0411,493,1.5903
51.0454,479,1.5452
51.0497,465,1.5000
51.0539,455,1.4677
51.0582,445,1.4355
51.0624,439,1.4161
51.0667,437,1.4097
51.0710,438,1.4129
51.0753,440,1.4194
51.0795,443,1.4290
51.0838,446,1.4387
51.0880,447,1.4419
51.0923,448,1.4452
51.0966,450,1.4516
51.1009,451,1.4548
51.1055,452,1.4581
51.1098,453,1.4613
51.1140,454,1.4645
51.1183,455,1.4677
51.1225,456,1.4710
51.1268,456,1.4710
51.1311,458,1.4774
51.1353,460,1.4839
51.1395,461,1.4871
51.1443,463,1.4935
51.1486,463,1.4935
51.1528,465,1.5000
51.1571,465,1.5000
51.1614,466,1.5032
51.1656,467,1.5065
51.1699,469,1.5129
51.1742,471,1.5194
51.1785,472,1.5226
51.1827,472,1.5226
51.1872,473,1.5258
51.1914,474,1.5290
51.1957,475,1.5323
51.2000,477,1.5387
51.2042,478,1.5419
51.2085,479,1.5452
51.2128,480,1.5484
51.2170,480,1.5484
51.2213,481,1.5516
51.2255,482,1.5548
51.2298,482,1.5548
51.2341,483,1.5581
51.2383,485,1.5645
51.2426,486,1.5677
51.2468,488,1.5742
51.2511,489,1.5774
51.2554,489,1.5774
51.2598,488,1.5742
51.2641,490,1.5806
51.2688,491,1.5839
51.2731,492,1.5871
51.2774,492,1.5871
51.2816,493,1.5903
51.2859,492,1.5871
51.2901,493,1.5903
51.2944,494,1.5935
51.2987,501,1.6161
51.3030,511,1.6484
51.3073,525,1.6935
51.3115,539,1.7387
51.3158,554,1.7871
51.3201,564,1.8194
51.3243,574,1.8516
51.3286,580,1.8710
51.3328,587,1.8935
51.3371,587,1.8935
51.3414,584,1.8839
51.3457,579,1.8677
51.3503,568,1.8323
51.3546,557,1.7968
51.3589,544,1.7548
51.3631,528,1.7032
51.3674,514,1.6581
51.3716,499,1.6097
51.3759,490,1.5806
51.3802,484,1.5613
51.3844,483,1.5581
51.3887,485,1.5645
51.3930,485,1.5645
51.3973,486,1.5677
51.4016,486,1.5677
51.4059,488,1.5742
51.4101,489,1.5774
51.4144,490,1.5806
51.4187,491,1.5839
51.4229,492,1.5871
51.4272,491,1.5839
51.4320,493,1.5903
51.4363,493,1.5903
51.4406,494,1.5935
51.4450,494,1.5935
51.4494,494,1.5935
51.4538,486,1.5677
51.4581,462,1.4903
51.4624,432,1.3935
51.4666,413,1.3323
51.4708,447,1.4419
51.4751,542,1.7484
51.4794,692,2.2323
51.4837,869,2.8032
51.4879,999,3.2226
51.4922,1002,3.2323
51.4965,1002,3.2323
51.5010,987,3.1839
51.5053,812,2.6194
51.5095,599,1.9323
51.5138,455,1.4677
51.5181,391,1.2613
51.5224,380,1.2258
51.5266,398,1.2839
51.5309,426,1.3742
51.5352,447,1.4419
51.5395,455,1.4677
51.5437,457,1.4742
51.5480,458,1.4774
51.5523,458,1.4774
51.5566,459,1.4806
51.5609,460,1.4839
51.5652,460,1.4839
51.5694,462,1.4903
51.5737,463,1.4935
51.5780,464,1.4968
51.5822,465,1.5000
51.5865,466,1.5032
51.5908,467,1.5065
51.5951,468,1.5097
51.5993,469,1.5129
51.6036,470,1.5161
51.6079,470,1.5161
51.6122,472,1.5226
51.6164,473,1.5258
51.6207,473,1.5258
51.6250,474,1.5290
51.6292,475,1.5323
51.6335,475,1.5323
51.6378,476,1.5355
51.6420,478,1.5419
51.6463,479,1.5452
51.6506,482,1.5548
51.6549,490,1.5806
51.6592,502,1.6194
51.6635,515,1.6613
51.6678,527,1.7000
51.6721,541,1.7452
51.6764,554,1.7871
51.6808,568,1.8323
51.6850,581,1.8742
51.6894,594,1.9161
51.6937,604,1.9484
51.6980,614,1.9806
51.7023,622,2.0065
51.7066,629,2.0290
51.7108,636,2.0516
51.7152,640,2.0645
51.7195,642,2.0710
51.7238,643,2.0742
51.7281,643,2.0742
51.7324,642,2.0710
51.7378,636,2.0516
51.7431,627,2.0226
51.7476,620,2.0000
51.7526,609,1.9645
51.7569,600,1.9355
51.7612,588,1.8968
51.7654,577,1.8613
51.7697,563,1.8161
51.7740,551,1.7774
51.7782,537,1.7323
51.7825,522,1.6839
51.7868,508,1.6387
51.7910,494,1.5935
51.7953,480,1.5484
51.7996,468,1.5097
51.8038,456,1.4710
51.8082,445,1.4355
51.8125,439,1.4161
51.8168,438,1.4129
51.8210,440,1.4194
51.8253,441,1.4226
51.8295,443,1.4290
51.8338,444,1.4323
51.8380,446,1.4387
51.8423,447,1.4419
51.8466,448,1.4452
51.8508,450,1.4516
51.8551,451,1.4548
51.8594,454,1.4645
51.8637,455,1.4677
51.8680,455,1.4677
51.8723,457,1.4742
51.8766,459,1.4806
51.8809,460,1.4839
51.8852,461,1.4871
51.8895,462,1.4903
51.8938,463,1.4935
51.8981,464,1.4968
51.9024,466,1.5032
51.9067,466,1.5032
51.9110,468,1.5097
51.9152,469,1.5129
51.9196,470,1.5161
51.9239,470,1.5161
51.9281,470,1.5161
51.9324,472,1.5226
51.9367,472,1.5226
51.9410,473,1.5258
51.9453,474,1.5290
51.9497,475,1.5323
51.9540,477,1.5387
51.9583,477,1.5387
51.9625,478,1.5419
51.9668,478,1.5419
51.9712,478,1.5419
51.9755,479,1.5452
51.9799,480,1.5484
51.9841,481,1.5516
51.9884,483,1.5581
51.9927,484,1.5613
51.9970,485,1.5645
52.0013,486,1.5677
52.0055,487,1.5710
52.0098,488,1.5742
52.0141,488,1.5742
52.0184,490,1.5806
52.0227,490,1.5806
52.0270,491,1.5839
52.0313,492,1.5871
52.0356,492,1.5871
52.0399,493,1.5903
52.0442,493,1.5903
52.0485,497,1.6032
52.0527,508,1.6387
52.0570,522,1.6839
52.0613,536,1.7290
52.0656,549,1.7710
52.0698,561,1.8097
52.0741,570,1.8387
52.0783,580,1.8710
52.0826,585,1.8871
52.0869,587,1.8935
52.0911,585,1.8871
52.0954,579,1.8677
52.0996,570,1.8387
52.1039,557,1.7968
52.1081,544,1.7548
52.1124,531,1.7129
52.1167,516,1.6645
52.1209,502,1.6194
52.1252,490,1.5806
52.1295,483,1.5581
52.1337,482,1.5548
52.1380,484,1.5613
52.1423,485,1.5645
52.1465,487,1.5710
52.1509,488,1.5742
52.1552,488,1.5742
52.1595,490,1.5806
52.1637,491,1.5839
52.1680,491,1.5839
52.1723,493,1.5903
52.1766,492,1.5871
52.1809,493,1.5903
52.1852,494,1.5935
52.1895,494,1.5935
52.1938,495,1.5968
52.1981,496,1.6000
52.2024,492,1.5871
52.2067,473,1.5258
52.2110,441,1.4226
52.2153,415,1.3387
52.2196,430,1.3871
52.2239,509,1.6419
52.2282,646,2.0839
52.2325,818,2.6387
52.2368,993,3.2032
52.2411,1001,3.2290
52.2454,1002,3.2323
52.2497,997,3.2161
52.2540,883,2.8484
52.2583,662,2.1355
52.2625,491,1.5839
52.2668,406,1.3097
52.2711,381,1.2290
52.2754,392,1.2645
52.2797,421,1.3581
52.2841,443,1.4290
52.2884,453,1.4613
52.2927,455,1.4677
52.2969,456,1.4710
52.3013,458,1.4774
52.3056,459,1.4806
52.3098,460,1.4839
52.3142,461,1.4871
52.3184,463,1.4935
52.3227,464,1.4968
52.3270,465,1.5000
52.3313,467,1.5065
52.3356,468,1.5097
52.3399,469,1.5129
52.3460,469,1.5129
52.3504,471,1.5194
52.3547,472,1.5226
52.3590,472,1.5226
52.3633,472,1.5226
52.3675,473,1.5258
52.3718,475,1.5323
52.3760,477,1.5387
52.3803,477,1.5387
52.3846,478,1.5419
52.3888,479,1.5452
52.3931,479,1.5452
52.3973,481,1.5516
52.4016,483,1.5581
52.4058,493,1.5903
52.4101,508,1.6387
52.4144,519,1.6742
52.4187,534,1.7226
52.4230,546,1.7613
52.4273,559,1.8032
52.4315,573,1.8484
52.4358,584,1.8839
52.4401,595,1.9194
52.4443,606,1.9548
52.4486,616,1.9871
52.4530,624,2.0129
52.4572,631,2.0355
52.4616,638,2.0581
52.4659,642,2.0710
52.4701,644,2.0774
52.4745,645,2.0806
52.4787,646,2.0839
52.4830,644,2.0774
52.4874,638,2.0581
52.4916,632,2.0387
52.4959,624,2.0129
52.5002,616,1.9871
52.5045,606,1.9548
52.5088,596,1.9226
52.5131,583,1.8806
52.5174,568,1.8323
52.5217,557,1.7968
52.5260,542,1.7484
52.5303,527,1.7000
52.5346,514,1.6581
52.5389,501,1.6161
52.5432,488,1.5742
52.5475,474,1.5290
52.5517,462,1.4903
52.5561,450,1.4516
52.5604,441,1.4226
52.5647,437,1.4097
52.5690,438,1.4129
52.5733,441,1.4226
52.5775,443,1.4290
52.5818,444,1.4323
52.5861,445,1.4355
52.5904,446,1.4387
52.5947,447,1.4419
52.5989,449,1.4484
52.6032,450,1.4516
52.6075,452,1.4581
52.6118,454,1.4645
52.6161,456,1.4710
52.6204,457,1.4742
52.6247,457,1.4742
52.6289,459,1.4806
52.6332,461,1.4871
52.6376,463,1.4935
52.6421,464,1.4968
52.6465,461,1.4871
52.6509,464,1.4968
52.6554,467,1.5065
52.6596,468,1.5097
52.6639,470,1.5161
52.6682,471,1.5194
52.6725,472,1.5226
52.6767,474,1.5290
52.6810,473,1.5258
52.6852,472,1.5226
52.6895,474,1.5290
52.6937,476,1.5355
52.6979,477,1.5387
52.7022,478,1.5419
52.7065,478,1.5419
52.7107,478,1.5419
52.7150,479,1.5452
52.7192,480,1.5484
52.7235,481,1.5516
52.7277,482,1.5548
52.7321,481,1.5516
52.7363,483,1.5581
52.7405,484,1.5613
52.7448,484,1.5613
52.7491,485,1.5645
52.7533,485,1.5645
52.7576,486,1.5677
52.7619,487,1.5710
52.7662,487,1.5710
52.7704,487,1.5710
52.7747,489,1.5774
52.7790,490,1.5806
52.7832,490,1.5806
52.7875,492,1.5871
52.7918,492,1.5871
52.7961,494,1.5935
52.8003,501,1.6161
52.8046,514,1.6581
52.8089,528,1.7032
52.8132,543,1.7516
52.8174,555,1.7903
52.8217,568,1.8323
52.8260,577,1.8613
52.8303,584,1.8839
52.8346,588,1.8968
52.8389,588,1.8968
52.8431,584,1.8839
52.8474,576,1.8581
52.8517,564,1.8194
52.8559,553,1.7839
52.8602,539,1.7387
52.8645,524,1.6903
52.8688,509,1.6419
52.8731,495,1.5968
52.8773,485,1.5645
52.8816,483,1.5581
52.8859,483,1.5581
52.8902,486,1.5677
52.8944,487,1.5710
52.8987,486,1.5677
52.9030,487,1.5710
52.9073,487,1.5710
52.9116,488,1.5742
52.9159,488,1.5742
52.9201,490,1.5806
52.9244,491,1.5839
52.9287,493,1.5903
52.9330,494,1.5935
52.9373,494,1.5935
52.9415,495,1.5968
52.9458,495,1.5968
52.9501,494,1.5935
52.9544,485,1.5645
52.9586,461,1.4871
52.9629,428,1.3806
52.9672,414,1.3355
52.9715,455,1.4677
52.9758,560,1.8065
52.9801,712,2.2968
52.9843,893,2.8806
52.9886,998,3.2194
52.9929,1001,3.2290
52.9972,1000,3.2258
53.0015,975,3.1452
53.0057,793,2.5581
53.0100,581,1.8742
53.0143,445,1.4355
53.0186,388,1.2516
53.0228,379,1.2226
53.0272,401,1.2935
53.0314,429,1.3839
53.0358,448,1.4452
53.0400,456,1.4710
53.0443,458,1.4774
53.0486,458,1.4774
53.0528,458,1.4774
53.0572,459,1.4806
53.0614,460,1.4839
53.0657,461,1.4871
53.0700,462,1.4903
53.0743,463,1.4935
53.0786,465,1.5000
53.0828,466,1.5032
53.0872,466,1.5032
53.0914,468,1.5097
53.0958,469,1.5129
53.1000,470,1.5161
53.1043,472,1.5226
53.1086,473,1.5258
53.1129,474,1.5290
53.1172,475,1.5323
53.1215,474,1.5290
53.1258,475,1.5323
53.1301,477,1.5387
53.1344,479,1.5452
53.1387,480,1.5484
53.1430,480,1.5484
53.1473,480,1.5484
53.1515,483,1.5581
53.1558,492,1.5871
53.1601,503,1.6226
53.1645,517,1.6677
53.1687,530,1.7097
53.1730,544,1.7548
53.1774,558,1.8000
53.1817,569,1.8355
53.1860,580,1.8710
53.1903,592,1.9097
53.1945,602,1.9419
53.1989,613,1.9774
53.2032,622,2.0065
53.2075,630,2.0323
53.2118,636,2.0516
53.2160,640,2.0645
53.2204,643,2.0742
53.2247,644,2.0774
53.2289,644,2.0774
53.2332,641,2.0677
53.2375,635,2.0484
53.2420,629,2.0290
53.2466,622,2.0065
53.2510,612,1.9742
53.2553,603,1.9452
53.2596,592,1.9097
53.2639,578,1.8645
53.2682,566,1.8258
53.2724,554,1.7871
53.2767,540,1.7419
53.2810,525,1.6935
53.2852,511,1.6484
53.2895,498,1.6065
53.2938,484,1.5613
53.2980,473,1.5258
53.3023,462,1.4903
53.3065,450,1.4516
53.3108,441,1.4226
53.3150,439,1.4161
53.3193,439,1.4161
53.3236,441,1.4226
53.3278,442,1.4258
53.3321,443,1.4290
53.3364,446,1.4387
53.3406,447,1.4419
53.3450,448,1.4452
53.3492,448,1.4452
53.3535,451,1.4548
53.3578,452,1.4581
53.3621,454,1.4645
53.3664,456,1.4710
53.3707,457,1.4742
53.3750,458,1.4774
53.3793,459,1.4806
53.3836,460,1.4839
53.3879,462,1.4903
53.3922,463,1.4935
53.3965,463,1.4935
53.4008,464,1.4968
53.4051,466,1.5032
53.4094,467,1.5065
53.4137,468,1.5097
53.4180,469,1.5129
53.4223,471,1.5194
53.4266,472,1.5226
53.4309,473,1.5258
53.4352,474,1.5290
53.4395,475,1.5323
53.4438,476,1.5355
53.4480,477,1.5387
53.4523,478,1.5419
53.4566,478,1.5419
53.4609,480,1.5484
53.4652,479,1.5452
53.4695,480,1.5484
53.4738,481,1.5516
53.4780,481,1.5516
53.4823,483,1.5581
53.4866,484,1.5613
53.4909,486,1.5677
53.4952,485,1.5645
53.4995,485,1.5645
53.5038,486,1.5677
53.5081,487,1.5710
53.5128,488,1.5742
53.5171,488,1.5742
53.5214,490,1.5806
53.5258,490,1.5806
53.5300,491,1.5839
53.5344,492,1.5871
53.5387,492,1.5871
53.5431,493,1.5903
53.5475,495,1.5968
53.5520,505,1.6290
53.5563,519,1.6742
53.5606,534,1.7226
53.5650,548,1.7677
53.5693,561,1.8097
53.5736,572,1.8452
53.5779,581,1.8742
53.5822,587,1.8935
53.5865,587,1.8935
53.5908,584,1.8839
53.5951,579,1.8677
53.5994,570,1.8387
53.6037,558,1.8000
53.6080,545,1.7581
53.6123,530,1.7097
53.6166,517,1.6677
53.6209,503,1.6226
53.6252,490,1.5806
53.6295,485,1.5645
53.6338,483,1.5581
53.6381,485,1.5645
53.6424,482,1.5548
53.6467,488,1.5742
53.6511,488,1.5742
53.6554,490,1.5806
53.6597,491,1.5839
53.6640,490,1.5806
53.6684,490,1.5806
53.6727,491,1.5839
53.6771,492,1.5871
53.6814,491,1.5839
53.6857,493,1.5903
53.6900,494,1.5935
53.6944,495,1.5968
53.6987,495,1.5968
53.7030,489,1.5774
53.7074,470,1.5161
53.7117,437,1.4097
53.7160,414,1.3355
53.7203,439,1.4161
53.7247,528,1.7032
53.7290,673,2.1710
53.7334,850,2.7419
53.7377,997,3.2161
53.7420,1000,3.2258
53.7463,999,3.2226
53.7507,991,3.1968
53.7550,834,2.6903
53.7593,615,1.9839
53.7637,462,1.4903
53.7680,393,1.2677
53.7723,380,1.2258
53.7766,398,1.2839
53.7809,427,1.3774
53.7852,446,1.4387
53.7895,454,1.4645
53.7938,457,1.4742
53.7981,456,1.4710
53.8024,458,1.4774
53.8067,458,1.4774
53.8110,459,1.4806
53.8153,461,1.4871
53.8196,461,1.4871
53.8239,462,1.4903
53.8281,463,1.4935
53.8324,464,1.4968
53.8369,465,1.5000
53.8412,466,1.5032
53.8455,467,1.5065
53.8498,468,1.5097
53.8541,470,1.5161
53.8584,472,1.5226
53.8627,472,1.5226
53.8670,473,1.5258
53.8713,474,1.5290
53.8757,475,1.5323
53.8800,475,1.5323
53.8844,477,1.5387
53.8887,477,1.5387
53.8930,478,1.5419
53.8974,479,1.5452
53.9017,484,1.5613
53.9060,493,1.5903
53.9103,505,1.6290
53.9147,519,1.6742
53.9190,534,1.7226
53.9234,546,1.7613
53.9277,558,1.8000
53.9320,573,1.8484
53.9363,584,1.8839
53.9407,596,1.9226
53.9450,607,1.9581
53.9493,616,1.9871
53.9537,624,2.0129
53.9580,633,2.0419
53.9623,636,2.0516
53.9667,641,2.0677
53.9710,642,2.0710
53.9753,642,2.0710
53.9796,644,2.0774
53.9839,640,2.0645
53.9882,634,2.0452
53.9925,629,2.0290
53.9968,622,2.0065
54.0011,613,1.9774
54.0054,603,1.9452
54.0096,593,1.9129
54.0139,581,1.8742
54.0182,567,1.8290
54.0225,553,1.7839
54.0268,540,1.7419
54.0311,526,1.6968
54.0354,512,1.6516
54.0397,498,1.6065
54.0440,485,1.5645
54.0483,471,1.5194
54.0526,460,1.4839
54.0569,449,1.4484
54.0612,441,1.4226
54.0655,439,1.4161
54.0698,439,1.4161
54.0741,441,1.4226
54.0784,443,1.4290
54.0828,444,1.4323
54.0872,446,1.4387
54.0915,448,1.4452
54.0958,450,1.4516
54.1001,451,1.4548
54.1045,453,1.4613
54.1088,453,1.4613
54.1131,454,1.4645
54.1175,456,1.4710
54.1218,457,1.4742
54.1261,459,1.4806
54.1305,460,1.4839
54.1348,462,1.4903
54.1391,463,1.4935
54.1436,464,1.4968
54.1480,464,1.4968
54.1524,465,1.5000
54.1568,466,1.5032
54.1611,467,1.5065
54.1655,468,1.5097
54.1699,469,1.5129
54.1743,470,1.5161
54.1786,471,1.5194
54.1828,472,1.5226
54.1872,473,1.5258
54.1915,473,1.5258
54.1958,474,1.5290
54.2001,475,1.5323
54.2044,475,1.5323
54.2086,477,1.5387
54.2129,478,1.5419
54.2172,479,1.5452
54.2215,480,1.5484
54.2259,480,1.5484
54.2301,481,1.5516
54.2344,482,1.5548
54.2387,484,1.5613
54.2430,485,1.5645
54.2473,486,1.5677
54.2516,487,1.5710
54.2559,487,1.5710
54.2602,487,1.5710
54.2645,488,1.5742
54.2688,489,1.5774
54.2731,491,1.5839
54.2775,492,1.5871
54.2818,492,1.5871
54.2861,492,1.5871
54.2905,493,1.5903
54.2948,495,1.5968
54.2991,500,1.6129
54.3034,512,1.6516
54.3078,527,1.7000
54.3121,541,1.7452
54.3164,555,1.7903
54.3207,567,1.8290
54.3251,576,1.8581
54.3294,583,1.8806
54.3338,587,1.8935
54.3381,586,1.8903
54.3424,584,1.8839
54.3467,577,1.8613
54.3511,567,1.8290
54.3554,556,1.7935
54.3597,543,1.7516
54.3641,527,1.7000
54.3684,512,1.6516
54.3727,497,1.6032
54.3771,488,1.5742
54.3813,485,1.5645
54.3856,485,1.5645
54.3899,486,1.5677
54.3942,487,1.5710
54.3985,488,1.5742
54.4028,488,1.5742
54.4071,488,1.5742
54.4114,489,1.5774
54.4157,489,1.5774
54.4200,490,1.5806
54.4243,491,1.5839
54.4286,492,1.5871
54.4329,493,1.5903
54.4372,493,1.5903
54.4415,493,1.5903
54.4465,494,1.5935
54.4509,492,1.5871
54.4552,481,1.5516
54.4596,452,1.4581
54.4639,421,1.3581
54.4682,415,1.3387
54.4725,471,1.5194
54.4768,589,1.9000
54.4811,749,2.4161
54.4854,932,3.0065
54.4897,1000,3.2258
54.4940,1000,3.2258
54.4983,999,3.2226
54.5025,946,3.0516
54.5068,743,2.3968
54.5111,541,1.7452
54.5154,427,1.3774
54.5197,383,1.2355
54.5240,384,1.2387
54.5283,408,1.3161
54.5326,434,1.4000
54.5369,448,1.4452
54.5412,453,1.4613
54.5455,455,1.4677
54.5498,456,1.4710
54.5541,456,1.4710
54.5584,457,1.4742
54.5627,459,1.4806
54.5669,459,1.4806
54.5712,459,1.4806
54.5756,462,1.4903
54.5799,464,1.4968
54.5842,466,1.5032
54.5885,467,1.5065
54.5929,468,1.5097
54.5973,469,1.5129
54.6016,470,1.5161
54.6059,471,1.5194
54.6102,471,1.5194
54.6146,471,1.5194
54.6189,473,1.5258
54.6232,474,1.5290
54.6276,475,1.5323
54.6319,476,1.5355
54.6362,477,1.5387
54.6406,479,1.5452
54.6449,480,1.5484
54.6492,480,1.5484
54.6536,484,1.5613
54.6579,496,1.6000
54.6622,510,1.6452
54.6665,524,1.6903
54.6709,537,1.7323
54.6752,551,1.7774
54.6795,565,1.8226
54.6838,579,1.8677
54.6881,589,1.9000
54.6924,600,1.9355
54.6967,612,1.9742
54.7010,621,2.0032
54.7053,628,2.0258
54.7096,635,2.0484
54.7139,640,2.0645
54.7182,642,2.0710
54.7224,645,2.0806
54.7267,646,2.0839
54.7310,645,2.0806
54.7353,641,2.0677
54.7396,635,2.0484
54.7439,629,2.0290
54.7482,619,1.9968
54.7525,610,1.9677
54.7568,602,1.9419
54.7611,590,1.9032
54.7654,577,1.8613
54.7697,564,1.8194
54.7741,551,1.7774
54.7784,537,1.7323
54.7827,524,1.6903
54.7871,509,1.6419
54.7914,495,1.5968
54.7957,482,1.5548
54.8000,470,1.5161
54.8044,457,1.4742
54.8087,446,1.4387
54.8130,440,1.4194
54.8174,440,1.4194
54.8217,442,1.4258
54.8260,444,1.4323
54.8303,445,1.4355
54.8347,447,1.4419
54.8390,448,1.4452
54.8433,449,1.4484
54.8477,449,1.4484
54.8520,450,1.4516
54.8563,451,1.4548
54.8607,454,1.4645
54.8650,455,1.4677
54.8693,458,1.4774
54.8737,458,1.4774
54.8780,460,1.4839
54.8823,460,1.4839
54.8866,461,1.4871
54.8909,462,1.4903
54.8952,464,1.4968
54.8995,465,1.5000
54.9038,466,1.5032
54.9081,468,1.5097
54.9123,469,1.5129
54.9166,470,1.5161
54.9209,470,1.5161
54.9252,471,1.5194
54.9295,472,1.5226
54.9338,473,1.5258
54.9381,472,1.5226
54.9424,473,1.5258
54.9467,474,1.5290
54.9510,476,1.5355
54.9553,476,1.5355
54.9596,477,1.5387
54.9639,477,1.5387
54.9682,479,1.5452
54.9724,480,1.5484
54.9767,482,1.5548
54.9811,483,1.5581
54.9854,483,1.5581
54.9897,484,1.5613
54.9940,484,1.5613
54.9984,486,1.5677
55.0027,486,1.5677
55.0070,488,1.5742
55.0114,487,1.5710
55.0157,488,1.5742
55.0200,489,1.5774
55.0244,490,1.5806
55.0287,490,1.5806
55.0331,492,1.5871
55.0374,493,1.5903
55.0418,494,1.5935
55.0475,496,1.6000
55.0532,511,1.6484
55.0583,527,1.7000
55.0629,543,1.7516
55.0674,557,1.7968
55.0719,570,1.8387
55.0764,579,1.8677
55.0809,586,1.8903
55.0852,588,1.8968
55.0895,587,1.8935
55.0937,582,1.8774
55.0979,575,1.8548
55.1021,566,1.8258
55.1064,554,1.7871
55.1106,540,1.7419
55.1148,525,1.6935
55.1190,511,1.6484
55.1233,497,1.6032
55.1275,487,1.5710
55.1317,484,1.5613
55.1360,485,1.5645
55.1402,486,1.5677
55.1444,487,1.5710
55.1486,487,1.5710
55.1529,488,1.5742
55.1571,489,1.5774
55.1614,488,1.5742
55.1656,489,1.5774
55.1698,489,1.5774
55.1741,490,1.5806
55.1783,491,1.5839
55.1825,492,1.5871
55.1868,494,1.5935
55.1911,494,1.5935
55.1954,494,1.5935
55.1997,494,1.5935
55.2039,487,1.5710
55.2082,465,1.5000
55.2125,433,1.3968
55.2168,414,1.3355
55.2211,447,1.4419
55.2253,543,1.7516
55.2296,692,2.2323
55.2339,867,2.7968
55.2382,998,3.2194
55.2424,1001,3.2290
55.2467,1000,3.2258
55.2510,988,3.1871
55.2553,825,2.6613
55.2595,608,1.9613
55.2639,459,1.4806
55.2681,392,1.2645
55.2724,378,1.2194
55.2767,397,1.2806
55.2810,427,1.3774
55.2909,456,1.4710
55.2953,457,1.4742
55.2996,457,1.4742
55.3039,457,1.4742
55.3081,458,1.4774
55.3124,460,1.4839
55.3167,461,1.4871
55.3210,461,1.4871
55.3252,463,1.4935
55.3295,464,1.4968
55.3338,466,1.5032
55.3381,467,1.5065
55.3425,468,1.5097
55.3469,469,1.5129
55.3512,471,1.5194
55.3557,471,1.5194
55.3602,473,1.5258
55.3645,474,1.5290
55.3688,474,1.5290
55.3731,475,1.5323
55.3774,476,1.5355
55.3817,476,1.5355
55.3860,479,1.5452
55.3902,480,1.5484
55.3945,480,1.5484
55.3988,480,1.5484
55.4030,485,1.5645
55.4078,496,1.6000
55.4122,510,1.6452
55.4164,523,1.6871
55.4206,536,1.7290
55.4249,549,1.7710
55.4292,563,1.8161
55.4335,576,1.8581
55.4378,588,1.8968
55.4420,600,1.9355
55.4463,609,1.9645
55.4506,618,1.9935
55.4549,627,2.0226
55.4593,634,2.0452
55.4636,638,2.0581
55.4678,643,2.0742
55.4721,643,2.0742
55.4764,644,2.0774
55.4813,643,2.0742
55.4855,641,2.0677
55.4899,634,2.0452
55.4942,627,2.0226
55.4985,620,2.0000
55.5028,611,1.9710
55.5071,599,1.9323
55.5113,588,1.8968
55.5156,575,1.8548
55.5199,562,1.8129
55.5242,550,1.7742
55.5285,537,1.7323
55.5327,522,1.6839
55.5371,509,1.6419
55.5413,495,1.5968
55.5456,480,1.5484
55.5499,469,1.5129
55.5542,457,1.4742
55.5585,444,1.4323
55.5629,438,1.4129
55.5671,438,1.4129
55.5721,439,1.4161
55.5765,442,1.4258
55.5808,444,1.4323
55.5850,445,1.4355
55.5893,446,1.4387
55.5936,448,1.4452
55.5979,448,1.4452
55.6021,450,1.4516
55.6064,452,1.4581
55.6107,453,1.4613
55.6149,454,1.4645
55.6192,456,1.4710
55.6235,456,1.4710
55.6278,458,1.4774
55.6325,458,1.4774
55.6368,461,1.4871
55.6411,462,1.4903
55.6454,464,1.4968
55.6497,464,1.4968
55.6542,465,1.5000
55.6585,467,1.5065
55.6628,469,1.5129
55.6670,470,1.5161
55.6713,469,1.5129
55.6756,470,1.5161
55.6799,470,1.5161
55.6841,472,1.5226
55.6884,473,1.5258
55.6927,474,1.5290
55.6970,475,1.5323
55.7013,476,1.5355
55.7056,477,1.5387
55.7098,477,1.5387
55.7141,479,1.5452
55.7183,479,1.5452
55.7226,480,1.5484
55.7269,481,1.5516
55.7312,483,1.5581
55.7354,484,1.5613
55.7401,484,1.5613
55.7444,485,1.5645
55.7487,486,1.5677
55.7530,487,1.5710
55.7573,488,1.5742
55.7616,488,1.5742
55.7658,488,1.5742
55.7701,490,1.5806
55.7744,491,1.5839
55.7786,491,1.5839
55.7830,492,1.5871
55.7873,493,1.5903
55.7915,493,1.5903
55.7958,495,1.5968
55.8000,500,1.6129
55.8043,512,1.6516
55.8086,526,1.6968
55.8128,540,1.7419
55.8172,555,1.7903
55.8215,566,1.8258
55.8258,576,1.8581
55.8300,583,1.8806
55.8343,586,1.8903
55.8386,588,1.8968
55.8429,585,1.8871
55.8472,578,1.8645
55.8514,568,1.8323
55.8557,555,1.7903
55.8600,541,1.7452
55.8643,527,1.7000
55.8685,513,1.6548
55.8728,497,1.6032
55.8770,486,1.5677
55.8813,484,1.5613
55.8856,484,1.5613
55.8899,485,1.5645
55.8942,486,1.5677
55.8985,488,1.5742
55.9028,489,1.5774
55.9071,491,1.5839
55.9114,491,1.5839
55.9157,491,1.5839
55.9200,491,1.5839
55.9244,492,1.5871
55.9287,493,1.5903
55.9329,493,1.5903
55.9372,493,1.5903
55.9416,494,1.5935
55.9460,495,1.5968
55.9504,494,1.5935
55.9548,486,1.5677
55.9590,459,1.4806
55.9634,428,1.3806
55.9677,415,1.3387
55.9720,461,1.4871
55.9763,569,1.8355
55.9806,726,2.3419
55.9848,906,2.9226
55.9893,999,3.2226
55.9935,1002,3.2323
55.9978,1001,3.2290
56.0020,965,3.1129
56.0063,773,2.4935
56.0106,567,1.8290
56.0148,438,1.4129
56.0191,386,1.2452
56.0233,380,1.2258
56.0276,402,1.2968
56.0319,429,1.3839
56.0361,446,1.4387
56.0404,454,1.4645
56.0446,456,1.4710
56.0489,457,1.4742
56.0532,455,1.4677
56.0574,457,1.4742
56.0617,459,1.4806
56.0660,460,1.4839
56.0703,461,1.4871
56.0745,464,1.4968
56.0787,465,1.5000
56.0830,467,1.5065
56.0873,468,1.5097
56.0916,468,1.5097
56.0959,469,1.5129
56.1002,470,1.5161
56.1045,471,1.5194
56.1088,473,1.5258
56.1131,474,1.5290
56.1174,474,1.5290
56.1217,476,1.5355
56.1260,476,1.5355
56.1303,478,1.5419
56.1346,478,1.5419
56.1389,479,1.5452
56.1432,478,1.5419
56.1474,480,1.5484
56.1518,483,1.5581
56.1560,492,1.5871
56.1604,506,1.6323
56.1647,520,1.6774
56.1690,533,1.7194
56.1733,545,1.7581
56.1776,557,1.7968
56.1819,570,1.8387
56.1862,583,1.8806
56.1906,596,1.9226
56.1948,605,1.9516
56.1991,616,1.9871
56.2034,624,2.0129
56.2076,629,2.0290
56.2119,636,2.0516
56.2162,640,2.0645
56.2204,643,2.0742
56.2247,643,2.0742
56.2289,643,2.0742
56.2332,641,2.0677
56.2375,638,2.0581
56.2418,629,2.0290
56.2462,622,2.0065
56.2506,614,1.9806
56.2549,605,1.9516
56.2592,594,1.9161
56.2635,583,1.8806
56.2678,571,1.8419
56.2721,556,1.7935
56.2763,543,1.7516
56.2806,529,1.7065
56.2848,514,1.6581
56.2891,501,1.6161
56.2934,488,1.5742
56.2977,475,1.5323
56.3019,464,1.4968
56.3062,453,1.4613
56.3104,443,1.4290
56.3147,438,1.4129
56.3190,438,1.4129
56.3232,440,1.4194
56.3274,442,1.4258
56.3317,443,1.4290
56.3360,445,1.4355
56.3402,447,1.4419
56.3445,449,1.4484
56.3487,450,1.4516
56.3530,451,1.4548
56.3573,453,1.4613
56.3616,454,1.4645
56.3658,455,1.4677
56.3701,456,1.4710
56.3744,457,1.4742
56.3786,459,1.4806
56.3828,460,1.4839
56.3872,463,1.4935
56.3915,463,1.4935
56.3958,464,1.4968
56.4001,464,1.4968
56.4044,465,1.5000
56.4087,467,1.5065
56.4130,468,1.5097
56.4173,469,1.5129
56.4216,470,1.5161
56.4259,472,1.5226
56.4302,471,1.5194
56.4345,472,1.5226
56.4388,474,1.5290
56.4430,475,1.5323
56.4473,475,1.5323
56.4516,477,1.5387
56.4560,478,1.5419
56.4605,478,1.5419
56.4648,480,1.5484
56.4691,481,1.5516
56.4734,481,1.5516
56.4777,482,1.5548
56.4820,484,1.5613
56.4863,483,1.5581
56.4906,484,1.5613
56.4949,485,1.5645
56.4993,486,1.5677
56.5036,486,1.5677
56.5078,486,1.5677
56.5121,487,1.5710
56.5164,489,1.5774
56.5207,489,1.5774
56.5250,491,1.5839
56.5294,491,1.5839
56.5336,491,1.5839
56.5379,492,1.5871
56.5423,492,1.5871
56.5465,495,1.5968
56.5509,502,1.6194
56.5552,515,1.6613
56.5596,531,1.7129
56.5640,545,1.7581
56.5683,557,1.7968
56.5726,567,1.8290
56.5769,578,1.8645
56.5812,585,1.8871
56.5855,589,1.9000
56.5898,587,1.8935
56.5941,582,1.8774
56.5984,575,1.8548
56.6027,564,1.8194
56.6071,551,1.7774
56.6114,536,1.7290
56.6157,521,1.6806
56.6200,507,1.6355
56.6243,493,1.5903
56.6286,486,1.5677
56.6329,484,1.5613
56.6372,485,1.5645
56.6416,486,1.5677
56.6458,487,1.5710
56.6502,488,1.5742
56.6545,488,1.5742
56.6588,489,1.5774
56.6631,491,1.5839
56.6674,492,1.5871
56.6717,491,1.5839
56.6760,492,1.5871
56.6803,493,1.5903
56.6846,494,1.5935
56.6889,495,1.5968
56.6933,496,1.6000
56.6976,495,1.5968
56.7019,492,1.5871
56.7062,479,1.5452
56.7105,448,1.4452
56.7148,418,1.3484
56.7191,421,1.3581
56.7234,488,1.5742
56.7277,614,1.9806
56.7320,783,2.5258
56.7363,965,3.1129
56.7406,999,3.2226
56.7450,1001,3.2290
56.7493,997,3.2161
56.7536,909,2.9323
56.7579,693,2.2355
56.7622,507,1.6355
56.7665,412,1.3290
56.7708,380,1.2258
56.7751,386,1.2452
56.7793,414,1.3355
56.7836,439,1.4161
56.7879,451,1.4548
56.7922,456,1.4710
56.7965,456,1.4710
56.8008,456,1.4710
56.8051,458,1.4774
56.8094,459,1.4806
56.8137,460,1.4839
56.8180,461,1.4871
56.8222,464,1.4968
56.8265,464,1.4968
56.8308,466,1.5032
56.8351,468,1.5097
56.8394,467,1.5065
56.8442,470,1.5161
56.8486,470,1.5161
56.8530,470,1.5161
56.8573,472,1.5226
56.8616,474,1.5290
56.8659,474,1.5290
56.8703,475,1.5323
56.8746,476,1.5355
56.8788,476,1.5355
56.8832,477,1.5387
56.8874,478,1.5419
56.8919,478,1.5419
56.8961,479,1.5452
56.9004,481,1.5516
56.9047,488,1.5742
56.9090,500,1.6129
56.9133,514,1.6581
56.9175,526,1.6968
56.9218,540,1.7419
56.9263,555,1.7903
56.9306,568,1.8323
56.9348,580,1.8710
56.9391,591,1.9065
56.9434,603,1.9452
56.9476,613,1.9774
56.9519,622,2.0065
56.9562,628,2.0258
56.9605,634,2.0452
56.9647,640,2.0645
56.9690,645,2.0806
56.9733,645,2.0806
56.9776,645,2.0806
56.9819,643,2.0742
56.9861,638,2.0581
56.9904,635,2.0484
56.9947,627,2.0226
56.9990,619,1.9968
57.0033,611,1.9710
57.0075,600,1.9355
57.0118,589,1.9000
57.0161,576,1.8581
57.0203,562,1.8129
57.0246,551,1.7774
57.0289,536,1.7290
57.0331,521,1.6806
57.0374,507,1.6355
57.0417,495,1.5968
57.0460,481,1.5516
57.0502,468,1.5097
57.0549,454,1.4645
57.0592,443,1.4290
57.0635,440,1.4194
57.0677,439,1.4161
57.0720,441,1.4226
57.0763,442,1.4258
57.0805,444,1.4323
57.0848,446,1.4387
57.0891,448,1.4452
57.0933,448,1.4452
57.0976,450,1.4516
57.1019,452,1.4581
57.1062,453,1.4613
57.1105,453,1.4613
57.1148,455,1.4677
57.1190,457,1.4742
57.1233,458,1.4774
57.1276,459,1.4806
57.1319,459,1.4806
57.1362,460,1.4839
57.1405,461,1.4871
57.1449,462,1.4903
57.1492,464,1.4968
57.1537,465,1.5000
57.1580,467,1.5065
57.1623,468,1.5097
57.1666,469,1.5129
57.1710,469,1.5129
57.1753,471,1.5194
57.1796,472,1.5226
57.1840,474,1.5290
57.1883,476,1.5355
57.1926,477,1.5387
57.1970,478,1.5419
57.2013,479,1.5452
57.2056,479,1.5452
57.2099,481,1.5516
57.2142,481,1.5516
57.2185,480,1.5484
57.2228,481,1.5516
57.2271,482,1.5548
57.2315,483,1.5581
57.2358,483,1.5581
57.2401,483,1.5581
57.2444,485,1.5645
57.2487,487,1.5710
57.2530,487,1.5710
57.2573,488,1.5742
57.2616,489,1.5774
57.2659,490,1.5806
57.2702,491,1.5839
57.2745,491,1.5839
57.2788,491,1.5839
57.2831,491,1.5839
57.2874,492,1.5871
57.2917,494,1.5935
57.2960,495,1.5968
57.3003,502,1.6194
57.3046,515,1.6613
57.3089,529,1.7065
57.3132,543,1.7516
57.3175,557,1.7968
57.3218,567,1.8290
57.3261,577,1.8613
57.3304,585,1.8871
57.3347,587,1.8935
57.3390,586,1.8903
57.3433,580,1.8710
57.3476,575,1.8548
57.3519,564,1.8194
57.3562,551,1.7774
57.3605,538,1.7355
57.3648,524,1.6903
57.3691,511,1.6484
57.3734,497,1.6032
57.3777,487,1.5710
57.3820,483,1.5581
57.3863,483,1.5581
57.3906,485,1.5645
57.3949,486,1.5677
57.3992,487,1.5710
57.4035,489,1.5774
57.4079,489,1.5774
57.4122,491,1.5839
57.4165,491,1.5839
57.4208,491,1.5839
57.4252,492,1.5871
57.4295,492,1.5871
57.4338,494,1.5935
57.4382,494,1.5935
57.4425,494,1.5935
57.4468,495,1.5968
57.4512,493,1.5903
57.4556,481,1.5516
57.4600,452,1.4581
57.4643,421,1.3581
57.4687,418,1.3484
57.4730,480,1.5484
57.4774,600,1.9355
57.4817,766,2.4710
57.4860,952,3.0710
57.4904,999,3.2226
57.4947,1000,3.2258
57.4991,999,3.2226
57.5035,922,2.9742
57.5078,705,2.2742
57.5121,517,1.6677
57.5164,415,1.3387
57.5207,380,1.2258
57.5250,386,1.2452
57.5293,413,1.3323
57.5336,437,1.4097
57.5379,450,1.4516
57.5422,452,1.4581
57.5465,455,1.4677
57.5508,456,1.4710
57.5551,457,1.4742
57.5594,459,1.4806
57.5637,459,1.4806
57.5680,460,1.4839
57.5723,462,1.4903
57.5766,463,1.4935
57.5809,465,1.5000
57.5852,467,1.5065
57.5895,468,1.5097
57.5938,469,1.5129
57.5980,470,1.5161
57.6023,471,1.5194
57.6067,472,1.5226
57.6110,472,1.5226
57.6154,473,1.5258
57.6197,474,1.5290
57.6240,475,1.5323
57.6284,475,1.5323
57.6327,477,1.5387
57.6370,478,1.5419
57.6414,477,1.5387
57.6457,480,1.5484
57.6500,482,1.5548
57.6544,489,1.5774
57.6587,500,1.6129
57.6631,512,1.6516
57.6674,526,1.6968
57.6717,539,1.7387
57.6761,553,1.7839
57.6804,566,1.8258
57.6847,579,1.8677
57.6891,592,1.9097
57.6934,604,1.9484
57.6977,613,1.9774
57.7021,621,2.0032
57.7064,630,2.0323
57.7107,636,2.0516
57.7150,641,2.0677
57.7193,642,2.0710
57.7236,644,2.0774
57.7279,646,2.0839
57.7322,643,2.0742
57.7365,640,2.0645
57.7408,634,2.0452
57.7452,626,2.0194
57.7496,618,1.9935
57.7540,608,1.9613
57.7583,596,1.9226
57.7626,583,1.8806
57.7669,570,1.8387
57.7712,556,1.7935
57.7756,546,1.7613
57.7799,530,1.7097
57.7841,516,1.6645
57.7884,501,1.6161
57.7927,488,1.5742
57.7970,476,1.5355
57.8014,464,1.4968
57.8057,453,1.4613
57.8100,443,1.4290
57.8143,439,1.4161
57.8186,439,1.4161
57.8229,441,1.4226
57.8273,442,1.4258
57.8316,445,1.4355
57.8359,447,1.4419
57.8401,447,1.4419
57.8445,449,1.4484
57.8488,451,1.4548
57.8531,452,1.4581
57.8575,454,1.4645
57.8617,454,1.4645
57.8660,456,1.4710
57.8703,457,1.4742
57.8745,457,1.4742
57.8788,459,1.4806
57.8831,461,1.4871
57.8874,462,1.4903
57.8921,462,1.4903
57.8964,464,1.4968
57.9007,465,1.5000
57.9050,466,1.5032
57.9093,467,1.5065
57.9135,468,1.5097
57.9178,469,1.5129
57.9221,471,1.5194
57.9264,470,1.5161
57.9306,471,1.5194
57.9349,471,1.5194
57.9392,473,1.5258
57.9435,475,1.5323
57.9477,476,1.5355
57.9520,477,1.5387
57.9563,478,1.5419
57.9606,479,1.5452
57.9649,480,1.5484
57.9691,481,1.5516
57.9734,481,1.5516
57.9777,481,1.5516
57.9820,483,1.5581
57.9862,484,1.5613
57.9905,485,1.5645
57.9948,485,1.5645
57.9991,486,1.5677
58.0033,487,1.5710
58.0076,488,1.5742
58.0119,488,1.5742
58.0162,488,1.5742
58.0205,488,1.5742
58.0248,491,1.5839
58.0290,492,1.5871
58.0333,492,1.5871
58.0376,493,1.5903
58.0419,494,1.5935
58.0463,496,1.6000
58.0506,503,1.6226
58.0550,515,1.6613
58.0594,528,1.7032
58.0638,544,1.7548
58.0680,557,1.7968
58.0723,568,1.8323
58.0765,578,1.8645
58.0808,584,1.8839
58.0851,587,1.8935
58.0894,587,1.8935
58.0937,582,1.8774
58.0981,575,1.8548
58.1024,563,1.8161
58.1067,551,1.7774
58.1110,537,1.7323
58.1153,523,1.6871
58.1195,508,1.6387
58.1238,495,1.5968
58.1281,485,1.5645
58.1324,484,1.5613
58.1367,484,1.5613
58.1409,485,1.5645
58.1452,486,1.5677
58.1495,489,1.5774
58.1538,489,1.5774
58.1580,489,1.5774
58.1623,490,1.5806
58.1666,490,1.5806
58.1709,490,1.5806
58.1752,492,1.5871
58.1794,493,1.5903
58.1843,493,1.5903
58.1886,494,1.5935
58.1929,494,1.5935
58.1971,494,1.5935
58.2014,493,1.5903
58.2062,477,1.5387
58.2105,448,1.4452
58.2147,418,1.3484
58.2190,419,1.3516
58.2233,482,1.5548
58.2276,606,1.9548
58.2318,768,2.4774
58.2361,948,3.0581
58.2403,999,3.2226
58.2446,1000,3.2258
58.2489,1000,3.2258
58.2531,934,3.0129
58.2574,724,2.3355
58.2617,528,1.7032
58.2660,421,1.3581
58.2703,382,1.2323
58.2746,385,1.2419
58.2788,410,1.3226
58.2831,436,1.4065
58.2874,451,1.4548
58.2917,455,1.4677
58.2959,456,1.4710
58.3002,457,1.4742
58.3044,457,1.4742
58.3088,457,1.4742
58.3131,459,1.4806
58.3173,462,1.4903
58.3216,462,1.4903
58.3259,463,1.4935
58.3301,465,1.5000
58.3344,465,1.5000
58.3387,466,1.5032
58.3431,468,1.5097
58.3474,469,1.5129
58.3517,470,1.5161
58.3559,471,1.5194
58.3602,473,1.5258
58.3645,474,1.5290
58.3687,475,1.5323
58.3730,475,1.5323
58.3773,476,1.5355
58.3815,477,1.5387
58.3858,478,1.5419
58.3901,480,1.5484
58.3944,481,1.5516
58.3986,481,1.5516
58.4029,485,1.5645
58.4072,496,1.6000
58.4115,508,1.6387
58.4158,522,1.6839
58.4201,535,1.7258
58.4244,547,1.7645
58.4287,561,1.8097
58.4330,576,1.8581
58.4373,587,1.8935
58.4416,600,1.9355
58.4459,611,1.9710
58.4502,620,2.0000
58.4545,627,2.0226
58.4588,633,2.0419
58.4632,639,2.0613
58.4674,642,2.0710
58.4717,643,2.0742
58.4760,644,2.0774
58.4803,643,2.0742
58.4846,642,2.0710
58.4889,636,2.0516
58.4932,630,2.0323
58.4975,621,2.0032
58.5018,613,1.9774
58.5061,603,1.9452
58.5103,592,1.9097
58.5147,578,1.8645
58.5190,565,1.8226
58.5233,552,1.7806
58.5276,538,1.7355
58.5319,526,1.6968
58.5362,512,1.6516
58.5405,497,1.6032
58.5447,484,1.5613
58.5490,472,1.5226
58.5535,459,1.4806
58.5578,446,1.4387
58.5621,439,1.4161
58.5664,437,1.4097
58.5707,439,1.4161
58.5750,441,1.4226
58.5793,443,1.4290
58.5836,445,1.4355
58.5879,448,1.4452
58.5922,450,1.4516
58.5965,451,1.4548
58.6008,452,1.4581
58.6051,453,1.4613
58.6093,454,1.4645
58.6137,455,1.4677
58.6179,456,1.4710
58.6222,458,1.4774
58.6265,460,1.4839
58.6308,461,1.4871
58.6351,461,1.4871
58.6394,463,1.4935
58.6466,464,1.4968
58.6510,469,1.5129
58.6553,465,1.5000
58.6597,467,1.5065
58.6640,467,1.5065
58.6682,467,1.5065
58.6725,468,1.5097
58.6768,470,1.5161
58.6811,471,1.5194
58.6854,472,1.5226
58.6897,475,1.5323
58.6940,477,1.5387
58.6983,477,1.5387
58.7026,477,1.5387
58.7068,478,1.5419
58.7111,480,1.5484
58.7154,481,1.5516
58.7197,481,1.5516
58.7239,481,1.5516
58.7282,482,1.5548
58.7324,484,1.5613
58.7367,484,1.5613
58.7410,484,1.5613
58.7452,484,1.5613
58.7495,487,1.5710
58.7537,488,1.5742
58.7580,488,1.5742
58.7622,490,1.5806
58.7665,491,1.5839
58.7708,492,1.5871
58.7750,491,1.5839
58.7793,491,1.5839
58.7836,491,1.5839
58.7879,492,1.5871
58.7921,493,1.5903
58.7964,495,1.5968
58.8007,502,1.6194
58.8050,513,1.6548
58.8093,529,1.7065
58.8136,543,1.7516
58.8179,556,1.7935
58.8229,570,1.8387
58.8272,579,1.8677
58.8315,586,1.8903
58.8358,588,1.8968
58.8401,586,1.8903
58.8444,582,1.8774
58.8487,575,1.8548
58.8530,564,1.8194
58.8573,549,1.7710
58.8616,536,1.7290
58.8659,522,1.6839
58.8702,508,1.6387
58.8745,495,1.5968
58.8788,487,1.5710
58.8831,484,1.5613
58.8874,484,1.5613
58.8917,486,1.5677
58.8959,487,1.5710
58.9002,487,1.5710
58.9045,488,1.5742
58.9088,490,1.5806
58.9131,491,1.5839
58.9174,491,1.5839
58.9216,492,1.5871
58.9259,494,1.5935
58.9302,494,1.5935
58.9344,494,1.5935
58.9387,495,1.5968
58.9431,495,1.5968
58.9476,496,1.6000
58.9519,493,1.5903
58.9562,479,1.5452
58.9605,450,1.4516
58.9648,419,1.3516
58.9691,421,1.3581
58.9734,483,1.5581
58.9776,605,1.9516
58.9819,769,2.4806
58.9861,950,3.0645
58.9903,1000,3.2258
58.9946,1001,3.2290
58.9988,1000,3.2258
59.0031,938,3.0258
59.0073,731,2.3581
59.0116,537,1.7323
59.0158,425,1.3710
59.0201,382,1.2323
59.0244,383,1.2355
59.0287,408,1.3161
59.0331,434,1.4000
59.0373,449,1.4484
59.0416,454,1.4645
59.0459,455,1.4677
59.0502,456,1.4710
59.0545,456,1.4710
59.0588,458,1.4774
59.0631,459,1.4806
59.0674,460,1.4839
59.0717,462,1.4903
59.0760,461,1.4871
59.0803,463,1.4935
59.0846,465,1.5000
59.0888,466,1.5032
59.0933,467,1.5065
59.0976,468,1.5097
59.1019,470,1.5161
59.1062,471,1.5194
59.1105,473,1.5258
59.1148,475,1.5323
59.1191,476,1.5355
59.1233,476,1.5355
59.1276,477,1.5387
59.1319,478,1.5419
59.1361,478,1.5419
59.1404,478,1.5419
59.1447,480,1.5484
59.1490,481,1.5516
59.1533,486,1.5677
59.1576,497,1.6032
59.1619,510,1.6452
59.1662,522,1.6839
59.1705,535,1.7258
59.1747,549,1.7710
59.1790,560,1.8065
59.1833,573,1.8484
59.1876,587,1.8935
59.1919,598,1.9290
59.1962,608,1.9613
59.2004,617,1.9903
59.2047,625,2.0161
59.2090,632,2.0387
59.2133,639,2.0613
59.2176,642,2.0710
59.2218,644,2.0774
59.2261,643,2.0742
59.2304,643,2.0742
59.2347,641,2.0677
59.2390,637,2.0548
59.2432,630,2.0323
59.2475,622,2.0065
59.2518,613,1.9774
59.2562,603,1.9452
59.2605,591,1.9065
59.2648,579,1.8677
59.2691,567,1.8290
59.2734,553,1.7839
59.2776,540,1.7419
59.2819,524,1.6903
59.2862,511,1.6484
59.2905,497,1.6032
59.2948,484,1.5613
59.2990,472,1.5226
59.3034,459,1.4806
59.3076,447,1.4419
59.3119,440,1.4194
59.3162,438,1.4129
59.3205,440,1.4194
59.3248,441,1.4226
59.3290,444,1.4323
59.3333,445,1.4355
59.3376,447,1.4419
59.3418,448,1.4452
59.3461,450,1.4516
59.3504,451,1.4548
59.3547,453,1.4613
59.3589,454,1.4645
59.3633,455,1.4677
59.3675,456,1.4710
59.3718,458,1.4774
59.3761,458,1.4774
59.3804,459,1.4806
59.3847,461,1.4871
59.3890,463,1.4935
59.3933,464,1.4968
59.3975,464,1.4968
59.4018,466,1.5032
59.4061,467,1.5065
59.4104,468,1.5097
59.4147,468,1.5097
59.4190,470,1.5161
59.4233,471,1.5194
59.4275,472,1.5226
59.4318,474,1.5290
59.4361,475,1.5323
59.4404,476,1.5355
59.4446,475,1.5323
59.4489,477,1.5387
59.4532,477,1.5387
59.4575,477,1.5387
59.4618,479,1.5452
59.4661,479,1.5452
59.4704,480,1.5484
59.4746,480,1.5484
59.4789,480,1.5484
59.4832,482,1.5548
59.4875,483,1.5581
59.4918,484,1.5613
59.4961,484,1.5613
59.5004,484,1.5613
59.5047,485,1.5645
59.5090,486,1.5677
59.5133,487,1.5710
59.5176,488,1.5742
59.5219,490,1.5806
59.5262,489,1.5774
59.5305,490,1.5806
59.5348,490,1.5806
59.5391,491,1.5839
59.5435,493,1.5903
59.5479,497,1.6032
59.5523,506,1.6323
59.5567,519,1.6742
59.5610,534,1.7226
59.5653,548,1.7677
59.5696,562,1.8129
59.5740,572,1.8452
59.5783,581,1.8742
59.5826,586,1.8903
59.5870,588,1.8968
59.5913,585,1.8871
59.5957,580,1.8710
59.6000,572,1.8452
59.6043,559,1.8032
59.6086,547,1.7645
59.6130,533,1.7194
59.6174,519,1.6742
59.6217,504,1.6258
59.6260,491,1.5839
59.6304,485,1.5645
59.6347,483,1.5581
59.6390,485,1.5645
59.6434,487,1.5710
59.6477,488,1.5742
59.6520,490,1.5806
59.6564,490,1.5806
59.6607,490,1.5806
59.6650,492,1.5871
59.6694,494,1.5935
59.6737,494,1.5935
59.6780,495,1.5968
59.6824,496,1.6000
59.6867,496,1.6000
59.6910,497,1.6032
59.6954,498,1.6065
59.6997,497,1.6032
59.7040,490,1.5806
59.7084,467,1.5065
59.7127,433,1.3968
59.7170,412,1.3290
59.7214,444,1.4323
59.7257,540,1.7419
59.7300,689,2.2226
59.7343,868,2.8000
59.7386,998,3.2194
59.7429,1000,3.2258
59.7472,1000,3.2258
59.7515,986,3.1806
59.7558,818,2.6387
59.7603,589,1.9000
59.7647,449,1.4484
59.7690,389,1.2548
59.7733,380,1.2258
59.7776,401,1.2935
59.7819,429,1.3839
59.7862,447,1.4419
59.7904,454,1.4645
59.7947,455,1.4677
59.7990,456,1.4710
59.8033,456,1.4710
59.8076,458,1.4774
59.8119,459,1.4806
59.8162,459,1.4806
59.8205,459,1.4806
59.8249,461,1.4871
59.8292,463,1.4935
59.8335,464,1.4968
59.8379,464,1.4968
59.8422,466,1.5032
59.8468,468,1.5097
59.8512,469,1.5129
59.8556,470,1.5161
59.8599,472,1.5226
59.8642,474,1.5290
59.8685,475,1.5323
59.8728,476,1.5355
59.8772,477,1.5387
59.8815,477,1.5387
59.8858,479,1.5452
59.8900,480,1.5484
59.8943,481,1.5516
59.8986,483,1.5581
59.9030,487,1.5710
59.9073,497,1.6032
59.9116,509,1.6419
59.9159,522,1.6839
59.9201,536,1.7290
59.9244,548,1.7677
59.9287,561,1.8097
59.9330,574,1.8516
59.9373,586,1.8903
59.9415,597,1.9258
59.9458,608,1.9613
59.9501,616,1.9871
59.9543,625,2.0161
59.9586,632,2.0387
59.9629,639,2.0613
59.9672,643,2.0742
59.9715,644,2.0774
59.9757,645,2.0806
59.9800,645,2.0806
59.9843,643,2.0742
59.9885,638,2.0581
59.9927,631,2.0355
59.9970,622,2.0065
60.0012,612,1.9742
60.0055,603,1.9452
60.0098,592,1.9097
60.0141,582,1.8774
60.0183,569,1.8355
60.0226,556,1.7935
60.0269,542,1.7484
60.0312,528,1.7032
60.0355,515,1.6613
60.0398,501,1.6161
60.0441,487,1.5710
60.0484,475,1.5323
60.0527,462,1.4903
60.0570,449,1.4484
60.0615,441,1.4226
60.0661,439,1.4161
60.0706,439,1.4161
60.0752,442,1.4258
60.0803,445,1.4355
60.0849,446,1.4387
60.0893,448,1.4452
60.0936,449,1.4484
60.0979,451,1.4548
60.1022,452,1.4581
60.1066,452,1.4581
60.1109,453,1.4613
60.1151,456,1.4710
60.1196,457,1.4742
60.1238,459,1.4806
60.1281,460,1.4839
60.1324,460,1.4839
60.1366,461,1.4871
60.1409,463,1.4935
60.1451,464,1.4968
60.1493,464,1.4968
60.1536,466,1.5032
60.1578,467,1.5065
60.1620,467,1.5065
60.1663,468,1.5097
60.1705,470,1.5161
60.1748,471,1.5194
60.1790,472,1.5226
60.1833,472,1.5226
60.1875,473,1.5258
60.1918,474,1.5290
60.1960,474,1.5290
60.2002,475,1.5323
60.2045,477,1.5387
60.2087,477,1.5387
60.2130,479,1.5452
60.2172,479,1.5452
60.2215,480,1.5484
60.2257,481,1.5516
60.2300,482,1.5548
60.2344,482,1.5548
60.2386,484,1.5613
60.2429,485,1.5645
60.2473,486,1.5677
60.2516,488,1.5742
60.2559,489,1.5774
60.2601,491,1.5839
60.2644,491,1.5839
60.2687,491,1.5839
60.2730,491,1.5839
60.2773,491,1.5839
60.2816,492,1.5871
60.2859,492,1.5871
60.2902,493,1.5903
60.2945,494,1.5935
60.2988,497,1.6032
60.3031,508,1.6387
60.3074,522,1.6839
60.3117,536,1.7290
60.3160,551,1.7774
60.3203,563,1.8161
60.3246,572,1.8452
60.3289,581,1.8742
60.3332,586,1.8903
60.3375,586,1.8903
60.3417,585,1.8871
60.3460,578,1.8645
60.3503,570,1.8387
60.3546,559,1.8032
60.3589,545,1.7581
60.3632,530,1.7097
60.3675,516,1.6645
60.3718,502,1.6194
60.3761,490,1.5806
60.3804,484,1.5613
60.3847,484,1.5613
60.3890,484,1.5613
60.3933,485,1.5645
60.3975,486,1.5677
60.4018,487,1.5710
60.4061,488,1.5742
60.4104,488,1.5742
60.4147,489,1.5774
60.4190,489,1.5774
60.4233,490,1.5806
60.4276,491,1.5839
60.4318,492,1.5871
60.4362,493,1.5903
60.4405,494,1.5935
60.4449,495,1.5968
60.4494,495,1.5968
60.4538,489,1.5774
60.4581,468,1.5097
60.4625,435,1.4032
60.4668,413,1.3323
60.4711,441,1.4226
60.4754,532,1.7161
60.4797,676,2.1806
60.4840,853,2.7516
60.4883,998,3.2194
60.4926,1001,3.2290
60.4969,1001,3.2290
60.5011,992,3.2000
60.5054,836,2.6968
60.5097,615,1.9839
60.5140,463,1.4935
60.5183,393,1.2677
60.5227,379,1.2226
60.5270,396,1.2774
60.5313,425,1.3710
60.5356,445,1.4355
60.5398,453,1.4613
60.5441,455,1.4677
60.5484,455,1.4677
60.5526,456,1.4710
60.5569,457,1.4742
60.5612,458,1.4774
60.5655,460,1.4839
60.5697,462,1.4903
60.5740,463,1.4935
60.5783,464,1.4968
60.5826,465,1.5000
60.5873,467,1.5065
60.5916,468,1.5097
60.5959,468,1.5097
60.6002,469,1.5129
60.6045,471,1.5194
60.6088,471,1.5194
60.6130,472,1.5226
60.6173,472,1.5226
60.6216,473,1.5258
60.6258,475,1.5323
60.6301,477,1.5387
60.6344,478,1.5419
60.6386,479,1.5452
60.6429,479,1.5452
60.6472,479,1.5452
60.6514,481,1.5516
60.6557,490,1.5806
60.6600,502,1.6194
60.6642,516,1.6645
60.6685,529,1.7065
60.6727,543,1.7516
60.6770,556,1.7935
60.6813,567,1.8290
60.6855,580,1.8710
60.6898,591,1.9065
60.6940,605,1.9516
60.6983,614,1.9806
60.7026,623,2.0097
60.7068,632,2.0387
60.7111,637,2.0548
60.7153,641,2.0677
60.7196,644,2.0774
60.7238,645,2.0806
60.7281,645,2.0806
60.7324,644,2.0774
60.7367,641,2.0677
60.7410,634,2.0452
60.7454,627,2.0226
60.7499,617,1.9903
60.7543,608,1.9613
60.7586,597,1.9258
60.7629,585,1.8871
60.7673,572,1.8452
60.7716,559,1.8032
60.7759,546,1.7613
60.7802,531,1.7129
60.7845,517,1.6677
60.7888,503,1.6226
60.7931,491,1.5839
60.7974,478,1.5419
60.8017,464,1.4968
60.8060,452,1.4581
60.8103,444,1.4323
60.8146,440,1.4194
60.8189,440,1.4194
60.8232,443,1.4290
60.8275,444,1.4323
60.8318,446,1.4387
60.8360,447,1.4419
60.8403,448,1.4452
60.8445,448,1.4452
60.8488,449,1.4484
60.8532,452,1.4581
60.8575,453,1.4613
60.8617,454,1.4645
60.8660,456,1.4710
60.8702,456,1.4710
60.8745,457,1.4742
60.8787,458,1.4774
60.8830,459,1.4806
60.8873,460,1.4839
60.8915,462,1.4903
60.8958,462,1.4903
60.9000,464,1.4968
60.9043,466,1.5032
60.9085,468,1.5097
60.9128,469,1.5129
60.9170,471,1.5194
60.9213,472,1.5226
60.9256,472,1.5226
60.9298,473,1.5258
60.9341,473,1.5258
60.9384,473,1.5258
60.9427,474,1.5290
60.9470,475,1.5323
60.9513,477,1.5387
60.9555,478,1.5419
60.9598,477,1.5387
60.9641,478,1.5419
60.9684,480,1.5484
60.9727,481,1.5516
60.9770,481,1.5516
60.9813,481,1.5516
60.9856,482,1.5548
60.9899,484,1.5613
60.9941,485,1.5645
60.9984,486,1.5677
61.0027,487,1.5710
61.0070,487,1.5710
61.0112,489,1.5774
61.0156,489,1.5774
61.0198,490,1.5806
61.0241,491,1.5839
61.0284,492,1.5871
61.0327,492,1.5871
61.0370,491,1.5839
61.0413,492,1.5871
61.0456,494,1.5935
61.0498,500,1.6129
61.0541,512,1.6516
61.0584,526,1.6968
61.0627,540,1.7419
61.0670,554,1.7871
61.0713,567,1.8290
61.0756,576,1.8581
61.0799,585,1.8871
61.0842,588,1.8968
61.0885,588,1.8968
61.0928,586,1.8903
61.0971,580,1.8710
61.1014,570,1.8387
61.1056,557,1.7968
61.1099,541,1.7452
61.1142,528,1.7032
61.1185,512,1.6516
61.1228,499,1.6097
61.1271,489,1.5774
61.1313,486,1.5677
61.1356,485,1.5645
61.1399,486,1.5677
61.1442,487,1.5710
61.1485,489,1.5774
61.1528,490,1.5806
61.1570,490,1.5806
61.1613,489,1.5774
61.1656,490,1.5806
61.1699,491,1.5839
61.1742,492,1.5871
61.1785,493,1.5903
61.1828,494,1.5935
61.1870,494,1.5935
61.1914,494,1.5935
61.1957,495,1.5968
61.2000,495,1.5968
61.2043,489,1.5774
61.2086,465,1.5000
61.2129,433,1.3968
61.2172,415,1.3387
61.2215,449,1.4484
61.2258,544,1.7548
61.2301,693,2.2355
61.2344,871,2.8097
61.2387,1000,3.2258
61.2430,1000,3.2258
61.2473,1000,3.2258
61.2516,984,3.1742
61.2559,817,2.6355
61.2602,600,1.9355
61.2645,455,1.4677
61.2688,392,1.2645
61.2731,381,1.2290
61.2774,399,1.2871
61.2817,428,1.3806
61.2860,447,1.4419
61.2903,453,1.4613
61.2946,456,1.4710
61.2989,457,1.4742
61.3032,458,1.4774
61.3075,460,1.4839
61.3118,461,1.4871
61.3161,462,1.4903
61.3203,463,1.4935
61.3246,464,1.4968
61.3289,463,1.4935
61.3332,464,1.4968
61.3375,466,1.5032
61.3418,467,1.5065
61.3463,468,1.5097
61.3506,469,1.5129
61.3550,471,1.5194
61.3594,472,1.5226
61.3636,474,1.5290
61.3679,474,1.5290
61.3723,475,1.5323
61.3765,476,1.5355
61.3808,476,1.5355
61.3851,475,1.5323
61.3894,477,1.5387
61.3937,479,1.5452
61.3980,480,1.5484
61.4023,484,1.5613
61.4066,493,1.5903
61.4108,506,1.6323
61.4151,519,1.6742
61.4195,533,1.7194
61.4237,545,1.7581
61.4280,559,1.8032
61.4323,572,1.8452
61.4366,586,1.8903
61.4409,596,1.9226
61.4452,606,1.9548
61.4495,615,1.9839
61.4537,624,2.0129
61.4580,631,2.0355
61.4623,637,2.0548
61.4665,641,2.0677
61.4708,643,2.0742
61.4750,645,2.0806
61.4793,645,2.0806
61.4835,641,2.0677
61.4878,638,2.0581
61.4921,632,2.0387
61.4963,622,2.0065
61.5006,615,1.9839
61.5048,606,1.9548
61.5091,595,1.9194
61.5133,583,1.8806
61.5176,571,1.8419
61.5219,556,1.7935
61.5262,545,1.7581
61.5304,532,1.7161
61.5347,517,1.6677
61.5389,504,1.6258
61.5432,490,1.5806
61.5475,476,1.5355
61.5518,463,1.4935
61.5561,452,1.4581
61.5604,441,1.4226
61.5647,438,1.4129
61.5689,438,1.4129
61.5732,440,1.4194
61.5775,442,1.4258
61.5818,444,1.4323
61.5861,445,1.4355
61.5904,447,1.4419
61.5947,450,1.4516
61.5990,452,1.4581
61.6033,451,1.4548
61.6076,453,1.4613
61.6118,454,1.4645
61.6161,455,1.4677
61.6204,455,1.4677
61.6247,456,1.4710
61.6290,457,1.4742
61.6333,459,1.4806
61.6376,460,1.4839
61.6419,461,1.4871
61.6463,463,1.4935
61.6507,464,1.4968
61.6552,465,1.5000
61.6594,465,1.5000
61.6637,466,1.5032
61.6681,470,1.5161
61.6723,472,1.5226
61.6766,473,1.5258
61.6809,473,1.5258
61.6852,474,1.5290
61.6895,475,1.5323
61.6938,476,1.5355
61.6980,477,1.5387
61.7023,477,1.5387
61.7066,479,1.5452
61.7109,480,1.5484
61.7152,480,1.5484
61.7194,481,1.5516
61.7237,482,1.5548
61.7280,484,1.5613
61.7323,483,1.5581
61.7366,483,1.5581
61.7409,483,1.5581
61.7451,485,1.5645
61.7493,486,1.5677
61.7536,488,1.5742
61.7579,488,1.5742
61.7622,489,1.5774
61.7664,491,1.5839
61.7707,492,1.5871
61.7750,492,1.5871
61.7792,492,1.5871
61.7834,491,1.5839
61.7877,493,1.5903
61.7920,493,1.5903
61.7962,493,1.5903
61.8005,501,1.6161
61.8047,513,1.6548
61.8090,527,1.7000
61.8133,542,1.7484
61.8175,554,1.7871
61.8218,567,1.8290
61.8260,577,1.8613
61.8303,586,1.8903
61.8345,589,1.9000
61.8388,588,1.8968
61.8431,584,1.8839
61.8474,577,1.8613
61.8516,568,1.8323
61.8560,556,1.7935
61.8602,541,1.7452
61.8645,527,1.7000
61.8688,512,1.6516
61.8731,499,1.6097
61.8773,490,1.5806
61.8816,485,1.5645
61.8859,486,1.5677
61.8901,486,1.5677
61.8945,487,1.5710
61.8987,486,1.5677
61.9030,488,1.5742
61.9073,489,1.5774
61.9116,491,1.5839
61.9159,491,1.5839
61.9201,490,1.5806
61.9244,491,1.5839
61.9287,492,1.5871
61.9329,494,1.5935
61.9373,494,1.5935
61.9416,494,1.5935
61.9459,496,1.6000
61.9502,496,1.6000
61.9545,489,1.5774
61.9588,465,1.5000
61.9630,432,1.3935
61.9673,413,1.3323
61.9716,447,1.4419
61.9760,548,1.7677
61.9804,701,2.2613
61.9846,878,2.8323
61.9889,999,3.2226
61.9932,1002,3.2323
61.9975,999,3.2226
62.0018,982,3.1677
62.0061,809,2.6097
62.0104,592,1.9097
62.0147,451,1.4548
62.0190,390,1.2581
62.0233,379,1.2226
62.0275,398,1.2839
62.0318,426,1.3742
62.0361,446,1.4387
62.0404,453,1.4613
62.0447,456,1.4710
62.0489,456,1.4710
62.0532,458,1.4774
62.0574,459,1.4806
62.0617,460,1.4839
62.0660,461,1.4871
62.0703,463,1.4935
62.0745,464,1.4968
62.0788,464,1.4968
62.0830,465,1.5000
62.0873,466,1.5032
62.0915,468,1.5097
62.0958,469,1.5129
62.1001,470,1.5161
62.1043,472,1.5226
62.1086,473,1.5258
62.1128,475,1.5323
62.1171,474,1.5290
62.1214,475,1.5323
62.1257,475,1.5323
62.1299,476,1.5355
62.1342,478,1.5419
62.1384,479,1.5452
62.1427,478,1.5419
62.1471,478,1.5419
62.1513,482,1.5548
62.1556,491,1.5839
62.1599,503,1.6226
62.1642,516,1.6645
62.1685,527,1.7000
62.1728,541,1.7452
62.1770,554,1.7871
62.1813,568,1.8323
62.1856,581,1.8742
62.1899,592,1.9097
62.1942,603,1.9452
62.1984,614,1.9806
62.2027,622,2.0065
62.2070,631,2.0355
62.2113,636,2.0516
62.2156,641,2.0677
62.2199,643,2.0742
62.2242,646,2.0839
62.2284,644,2.0774
62.2327,643,2.0742
62.2370,637,2.0548
62.2413,632,2.0387
62.2457,625,2.0161
62.2508,611,1.9710
62.2553,606,1.9548
62.2596,594,1.9161
62.2639,583,1.8806
62.2681,571,1.8419
62.2724,557,1.7968
62.2767,543,1.7516
62.2810,528,1.7032
62.2853,513,1.6548
62.2895,499,1.6097
62.2938,488,1.5742
62.2982,475,1.5323
62.3025,463,1.4935
62.3068,452,1.4581
62.3111,442,1.4258
62.3154,439,1.4161
62.3197,440,1.4194
62.3240,442,1.4258
62.3283,444,1.4323
62.3326,445,1.4355
62.3369,446,1.4387
62.3414,447,1.4419
62.3461,448,1.4452
62.3504,451,1.4548
62.3547,451,1.4548
62.3590,453,1.4613
62.3632,455,1.4677
62.3675,456,1.4710
62.3718,458,1.4774
62.3760,458,1.4774
62.3803,459,1.4806
62.3845,460,1.4839
62.3888,462,1.4903
62.3931,463,1.4935
62.3974,464,1.4968
62.4016,465,1.5000
62.4059,465,1.5000
62.4102,466,1.5032
62.4144,469,1.5129
62.4187,469,1.5129
62.4230,469,1.5129
62.4273,471,1.5194
62.4315,472,1.5226
62.4358,474,1.5290
62.4401,476,1.5355
62.4444,477,1.5387
62.4487,477,1.5387
62.4531,477,1.5387
62.4573,478,1.5419
62.4616,479,1.5452
62.4659,480,1.5484
62.4702,481,1.5516
62.4745,481,1.5516
62.4788,482,1.5548
62.4831,483,1.5581
62.4873,484,1.5613
62.4917,486,1.5677
62.4960,486,1.5677
62.5003,488,1.5742
62.5046,488,1.5742
62.5089,488,1.5742
62.5132,489,1.5774
62.5175,490,1.5806
62.5218,490,1.5806
62.5261,491,1.5839
62.5303,491,1.5839
62.5347,491,1.5839
62.5390,493,1.5903
62.5433,493,1.5903
62.5477,496,1.6000
62.5522,506,1.6323
62.5566,519,1.6742
62.5609,533,1.7194
62.5652,547,1.7645
62.5695,561,1.8097
62.5739,570,1.8387
62.5781,581,1.8742
62.5825,587,1.8935
62.5868,588,1.8968
62.5910,587,1.8935
62.5953,581,1.8742
62.5996,572,1.8452
62.6039,559,1.8032
62.6082,547,1.7645
62.6125,533,1.7194
62.6169,518,1.6710
62.6211,504,1.6258
62.6254,491,1.5839
62.6297,484,1.5613
62.6341,482,1.5548
62.6384,484,1.5613
62.6428,486,1.5677
62.6471,487,1.5710
62.6514,487,1.5710
62.6557,488,1.5742
62.6600,488,1.5742
62.6642,489,1.5774
62.6685,490,1.5806
62.6728,491,1.5839
62.6771,492,1.5871
62.6813,492,1.5871
62.6856,492,1.5871
62.6899,494,1.5935
62.6941,495,1.5968
62.6984,494,1.5935
62.7027,492,1.5871
62.7070,476,1.5355
62.7113,447,1.4419
62.7155,417,1.3452
62.7198,425,1.3710
62.7241,494,1.5935
62.7284,624,2.0129
62.7326,788,2.5419
62.7369,970,3.1290
62.7412,1000,3.2258
62.7454,1001,3.2290
62.7497,998,3.2194
62.7540,909,2.9323
62.7583,692,2.2323
62.7627,507,1.6355
62.7670,411,1.3258
62.7712,379,1.2226
62.7755,388,1.2516
62.7799,416,1.3419
62.7842,440,1.4194
62.7885,452,1.4581
62.7928,456,1.4710
62.7972,457,1.4742
62.8015,457,1.4742
62.8058,457,1.4742
62.8101,458,1.4774
62.8144,460,1.4839
62.8186,461,1.4871
62.8230,462,1.4903
62.8273,464,1.4968
62.8316,465,1.5000
62.8359,467,1.5065
62.8402,468,1.5097
62.8445,469,1.5129
62.8488,469,1.5129
62.8531,471,1.5194
62.8574,472,1.5226
62.8617,473,1.5258
62.8660,474,1.5290
62.8703,474,1.5290
62.8746,475,1.5323
62.8789,475,1.5323
62.8832,476,1.5355
62.8875,478,1.5419
62.8918,478,1.5419
62.8961,480,1.5484
62.9004,481,1.5516
62.9047,488,1.5742
62.9090,500,1.6129
62.9133,514,1.6581
62.9175,526,1.6968
62.9218,538,1.7355
62.9262,551,1.7774
62.9304,565,1.8226
62.9347,579,1.8677
62.9390,592,1.9097
62.9434,602,1.9419
62.9477,612,1.9742
62.9520,619,1.9968
62.9563,630,2.0323
62.9606,636,2.0516
62.9649,640,2.0645
62.9692,642,2.0710
62.9735,643,2.0742
62.9778,646,2.0839
62.9821,643,2.0742
62.9864,638,2.0581
62.9907,634,2.0452
62.9950,626,2.0194
62.9993,620,2.0000
63.0036,611,1.9710
63.0079,600,1.9355
63.0122,587,1.8935
63.0166,575,1.8548
63.0209,561,1.8097
63.0252,547,1.7645
63.0295,534,1.7226
63.0338,520,1.6774
63.0381,507,1.6355
63.0424,493,1.5903
63.0467,480,1.5484
63.0510,468,1.5097
63.0553,457,1.4742
63.0596,446,1.4387
63.0639,441,1.4226
63.0682,441,1.4226
63.0725,442,1.4258
63.0768,444,1.4323
63.0811,445,1.4355
63.0854,446,1.4387
63.0897,447,1.4419
63.0940,448,1.4452
63.0983,450,1.4516
63.1027,451,1.4548
63.1070,452,1.4581
63.1112,454,1.4645
63.1155,454,1.4645
63.1198,455,1.4677
63.1241,458,1.4774
63.1284,459,1.4806
63.1327,461,1.4871
63.1370,462,1.4903
63.1413,463,1.4935
63.1456,464,1.4968
63.1505,466,1.5032
63.1549,466,1.5032
63.1592,467,1.5065
63.1635,469,1.5129
63.1679,470,1.5161
63.1722,471,1.5194
63.1765,472,1.5226
63.1809,473,1.5258
63.1859,473,1.5258
63.1903,474,1.5290
63.1946,475,1.5323
63.1989,475,1.5323
63.2032,477,1.5387
63.2075,479,1.5452
63.2119,480,1.5484
63.2162,482,1.5548
63.2205,482,1.5548
63.2248,484,1.5613
63.2291,484,1.5613
63.2335,486,1.5677
63.2378,485,1.5645
63.2421,487,1.5710
63.2464,487,1.5710
63.2514,488,1.5742
63.2557,489,1.5774
63.2600,488,1.5742
63.2643,490,1.5806
63.2685,490,1.5806
63.2728,491,1.5839
63.2772,493,1.5903
63.2814,493,1.5903
63.2857,493,1.5903
63.2900,493,1.5903
63.2943,495,1.5968
63.2986,499,1.6097
63.3029,507,1.6355
63.3072,520,1.6774
63.3114,536,1.7290
63.3157,552,1.7806
63.3200,565,1.8226
63.3243,575,1.8548
63.3286,583,1.8806
63.3328,588,1.8968
63.3372,589,1.9000
63.3415,586,1.8903
63.3457,582,1.8774
63.3502,571,1.8419
63.3545,561,1.8097
63.3590,546,1.7613
63.3633,531,1.7129
63.3675,517,1.6677
63.3718,502,1.6194
63.3761,491,1.5839
63.3804,485,1.5645
63.3846,485,1.5645
63.3889,486,1.5677
63.3932,488,1.5742
63.3975,490,1.5806
63.4017,490,1.5806
63.4060,491,1.5839
63.4103,491,1.5839
63.4146,492,1.5871
63.4189,492,1.5871
63.4232,493,1.5903
63.4275,493,1.5903
63.4323,493,1.5903
63.4366,494,1.5935
63.4409,495,1.5968
63.4452,496,1.6000
63.4496,496,1.6000
63.4540,488,1.5742
63.4584,467,1.5065
63.4626,437,1.4097
63.4669,413,1.3323
63.4712,439,1.4161
63.4755,529,1.7065
63.4798,676,2.1806
63.4841,851,2.7452
63.4884,999,3.2226
63.4926,999,3.2226
63.4969,1000,3.2258
63.5012,992,3.2000
63.5055,844,2.7226
63.5098,624,2.0129
63.5144,459,1.4806
63.5187,391,1.2613
63.5230,377,1.2161
63.5273,395,1.2742
63.5316,425,1.3710
63.5358,446,1.4387
63.5401,453,1.4613
63.5444,456,1.4710
63.5487,456,1.4710
63.5530,458,1.4774
63.5573,459,1.4806
63.5616,460,1.4839
63.5659,461,1.4871
63.5702,462,1.4903
63.5744,463,1.4935
63.5787,465,1.5000
63.5830,466,1.5032
63.5873,466,1.5032
63.5915,467,1.5065
63.5961,469,1.5129
63.6004,470,1.5161
63.6046,471,1.5194
63.6089,471,1.5194
63.6132,472,1.5226
63.6175,473,1.5258
63.6218,473,1.5258
63.6261,475,1.5323
63.6303,475,1.5323
63.6346,476,1.5355
63.6389,478,1.5419
63.6432,480,1.5484
63.6475,482,1.5548
63.6517,484,1.5613
63.6560,492,1.5871
63.6603,503,1.6226
63.6646,516,1.6645
63.6689,528,1.7032
63.6732,542,1.7484
63.6777,557,1.7968
63.6820,570,1.8387
63.6863,582,1.8774
63.6905,595,1.9194
63.6948,605,1.9516
63.6990,614,1.9806
63.7033,623,2.0097
63.7076,631,2.0355
63.7119,637,2.0548
63.7162,641,2.0677
63.7204,642,2.0710
63.7247,644,2.0774
63.7291,644,2.0774
63.7334,642,2.0710
63.7376,637,2.0548
63.7419,631,2.0355
63.7462,624,2.0129
63.7505,615,1.9839
63.7548,608,1.9613
63.7593,596,1.9226
63.7636,584,1.8839
63.7679,571,1.8419
63.7722,558,1.8000
63.7765,545,1.7581
63.7808,530,1.7097
63.7851,515,1.6613
63.7894,501,1.6161
63.7936,488,1.5742
63.7979,476,1.5355
63.8022,464,1.4968
63.8065,451,1.4548
63.8107,442,1.4258
63.8150,438,1.4129
63.8193,438,1.4129
63.8236,439,1.4161
63.8279,442,1.4258
63.8322,443,1.4290
63.8364,444,1.4323
63.8408,447,1.4419
63.8451,448,1.4452
63.8494,450,1.4516
63.8537,452,1.4581
63.8580,453,1.4613
63.8623,453,1.4613
63.8666,454,1.4645
63.8708,455,1.4677
63.8751,456,1.4710
63.8794,459,1.4806
63.8836,460,1.4839
63.8879,461,1.4871
63.8922,463,1.4935
63.8965,464,1.4968
63.9007,465,1.5000
63.9050,467,1.5065
63.9093,466,1.5032
63.9136,468,1.5097
63.9179,468,1.5097
63.9224,469,1.5129
63.9267,470,1.5161
63.9310,472,1.5226
63.9353,473,1.5258
63.9395,474,1.5290
63.9438,474,1.5290
63.9481,476,1.5355
63.9524,477,1.5387
63.9569,480,1.5484
63.9612,480,1.5484
63.9655,481,1.5516
63.9698,481,1.5516
63.9740,482,1.5548
63.9783,483,1.5581
63.9826,483,1.5581
63.9868,483,1.5581
63.9911,483,1.5581
63.9954,485,1.5645
63.9997,486,1.5677
64.0041,486,1.5677
64.0084,487,1.5710
64.0127,489,1.5774
64.0170,490,1.5806
64.0213,491,1.5839
64.0256,492,1.5871
64.0299,493,1.5903
64.0341,494,1.5935
64.0384,494,1.5935
64.0427,494,1.5935
64.0473,496,1.6000
64.0516,505,1.6290
64.0560,518,1.6710
64.0603,533,1.7194
64.0646,546,1.7613
64.0689,559,1.8032
64.0732,570,1.8387
64.0775,579,1.8677
64.0817,586,1.8903
64.0860,589,1.9000
64.0903,588,1.8968
64.0946,584,1.8839
64.0989,575,1.8548
64.1032,564,1.8194
64.1075,550,1.7742
64.1125,534,1.7226
64.1168,521,1.6806
64.1211,506,1.6323
64.1253,492,1.5871
64.1296,485,1.5645
64.1339,484,1.5613
64.1382,486,1.5677
64.1425,488,1.5742
64.1467,488,1.5742
64.1510,489,1.5774
64.1553,490,1.5806
64.1596,492,1.5871
64.1639,492,1.5871
64.1682,493,1.5903
64.1725,493,1.5903
64.1768,494,1.5935
64.1810,494,1.5935
64.1853,495,1.5968
64.1896,495,1.5968
64.1939,496,1.6000
64.1981,496,1.6000
64.2024,493,1.5903
64.2067,480,1.5484
64.2110,451,1.4548
64.2153,421,1.3581
64.2196,423,1.3645
64.2239,488,1.5742
64.2281,611,1.9710
64.2324,777,2.5065
64.2367,958,3.0903
64.2410,1001,3.2290
64.2452,1001,3.2290
64.2495,999,3.2226
64.2538,927,2.9903
64.2581,714,2.3032
64.2624,523,1.6871
64.2667,418,1.3484
64.2709,381,1.2290
64.2752,385,1.2419
64.2795,410,1.3226
64.2837,435,1.4032
64.2880,449,1.4484
64.2923,455,1.4677
64.2966,457,1.4742
64.3009,457,1.4742
64.3051,457,1.4742
64.3095,458,1.4774
64.3138,460,1.4839
64.3181,462,1.4903
64.3224,463,1.4935
64.3267,463,1.4935
64.3310,464,1.4968
64.3353,465,1.5000
64.3395,466,1.5032
64.3438,467,1.5065
64.3482,469,1.5129
64.3526,471,1.5194
64.3570,472,1.5226
64.3612,472,1.5226
64.3655,472,1.5226
64.3698,472,1.5226
64.3741,473,1.5258
64.3784,475,1.5323
64.3827,476,1.5355
64.3869,476,1.5355
64.3912,478,1.5419
64.3955,479,1.5452
64.3998,481,1.5516
64.4041,489,1.5774
64.4084,499,1.6097
64.4128,513,1.6548
64.4172,525,1.6935
64.4214,540,1.7419
64.4257,552,1.7806
64.4300,565,1.8226
64.4343,577,1.8613
64.4386,590,1.9032
64.4428,602,1.9419
64.4471,611,1.9710
64.4514,620,2.0000
64.4557,628,2.0258
64.4601,633,2.0419
64.4643,639,2.0613
64.4686,641,2.0677
64.4729,645,2.0806
64.4772,646,2.0839
64.4815,644,2.0774
64.4858,641,2.0677
64.4900,636,2.0516
64.4945,629,2.0290
64.4988,620,2.0000
64.5031,610,1.9677
64.5073,600,1.9355
64.5116,587,1.8935
64.5159,575,1.8548
64.5202,564,1.8194
64.5245,550,1.7742
64.5288,537,1.7323
64.5330,524,1.6903
64.5373,510,1.6452
64.5416,497,1.6032
64.5459,482,1.5548
64.5501,470,1.5161
64.5544,457,1.4742
64.5587,446,1.4387
64.5630,440,1.4194
64.5673,438,1.4129
64.5716,439,1.4161
64.5761,441,1.4226
64.5804,443,1.4290
64.5846,444,1.4323
64.5889,446,1.4387
64.5932,448,1.4452
64.5975,450,1.4516
64.6018,451,1.4548
64.6060,451,1.4548
64.6103,452,1.4581
64.6146,454,1.4645
64.6189,457,1.4742
64.6232,459,1.4806
64.6274,459,1.4806
64.6317,460,1.4839
64.6360,462,1.4903
64.6402,463,1.4935
64.6445,464,1.4968
64.6488,464,1.4968
64.6531,465,1.5000
64.6577,468,1.5097
64.6621,468,1.5097
64.6664,470,1.5161
64.6707,470,1.5161
64.6750,470,1.5161
64.6792,471,1.5194
64.6835,471,1.5194
64.6878,472,1.5226
64.6921,474,1.5290
64.6963,475,1.5323
64.7006,477,1.5387
64.7049,477,1.5387
64.7092,478,1.5419
64.7134,479,1.5452
64.7177,479,1.5452
64.7220,480,1.5484
64.7263,481,1.5516
64.7306,482,1.5548
64.7349,483,1.5581
64.7392,484,1.5613
64.7435,485,1.5645
64.7478,486,1.5677
64.7521,487,1.5710
64.7563,488,1.5742
64.7606,487,1.5710
64.7649,489,1.5774
64.7692,489,1.5774
64.7735,490,1.5806
64.7778,491,1.5839
64.7820,490,1.5806
64.7863,491,1.5839
64.7906,492,1.5871
64.7949,492,1.5871
64.7992,498,1.6065
64.8034,507,1.6355
64.8077,521,1.6806
64.8120,536,1.7290
64.8163,549,1.7710
64.8208,563,1.8161
64.8251,573,1.8484
64.8294,583,1.8806
64.8337,587,1.8935
64.8379,588,1.8968
64.8422,585,1.8871
64.8465,580,1.8710
64.8508,570,1.8387
64.8551,559,1.8032
64.8593,544,1.7548
64.8636,531,1.7129
64.8679,516,1.6645
64.8722,503,1.6226
64.8764,491,1.5839
64.8807,485,1.5645
64.8850,484,1.5613
64.8893,486,1.5677
64.8936,487,1.5710
64.8978,489,1.5774
64.9024,491,1.5839
64.9067,491,1.5839
64.9110,491,1.5839
64.9153,492,1.5871
64.9195,494,1.5935
64.9238,494,1.5935
64.9281,494,1.5935
64.9324,494,1.5935
64.9367,494,1.5935
64.9409,494,1.5935
64.9452,495,1.5968
64.9496,495,1.5968
64.9540,488,1.5742
64.9583,468,1.5097
64.9626,436,1.4065
64.9669,412,1.3290
64.9712,436,1.4065
64.9755,524,1.6903
64.9797,665,2.1452
64.9840,840,2.7097
64.9888,998,3.2194
64.9931,1001,3.2290
64.9974,1001,3.2290
65.0016,990,3.1935
65.0059,831,2.6806
65.0102,611,1.9710
65.0149,451,1.4548
65.0192,390,1.2581
65.0235,379,1.2226
65.0277,398,1.2839
65.0320,427,1.3774
65.0363,446,1.4387
65.0406,455,1.4677
65.0449,458,1.4774
65.0491,458,1.4774
65.0534,458,1.4774
65.0577,460,1.4839
65.0620,460,1.4839
65.0665,461,1.4871
65.0710,462,1.4903
65.0754,463,1.4935
65.0800,465,1.5000
65.0845,466,1.5032
65.0889,466,1.5032
65.0933,468,1.5097
65.0975,469,1.5129
65.1018,470,1.5161
65.1060,472,1.5226
65.1103,473,1.5258
65.1146,474,1.5290
65.1188,475,1.5323
65.1231,476,1.5355
65.1274,478,1.5419
65.1322,478,1.5419
65.1365,479,1.5452
65.1407,479,1.5452
65.1450,480,1.5484
65.1493,481,1.5516
65.1535,486,1.5677
65.1578,496,1.6000
65.1621,508,1.6387
65.1664,522,1.6839
65.1707,535,1.7258
65.1750,548,1.7677
65.1792,561,1.8097
65.1835,574,1.8516
65.1878,586,1.8903
65.1921,597,1.9258
65.1964,608,1.9613
65.2006,620,2.0000
65.2049,628,2.0258
65.2092,633,2.0419
65.2135,639,2.0613
65.2178,642,2.0710
65.2221,644,2.0774
65.2263,645,2.0806
65.2306,644,2.0774
65.2349,642,2.0710
65.2391,635,2.0484
65.2435,630,2.0323
65.2478,623,2.0097
65.2522,614,1.9806
65.2566,602,1.9419
65.2608,593,1.9129
65.2651,580,1.8710
65.2694,567,1.8290
65.2737,553,1.7839
65.2780,539,1.7387
65.2823,524,1.6903
65.2866,513,1.6548
65.2909,499,1.6097
65.2952,484,1.5613
65.2995,471,1.5194
65.3038,459,1.4806
65.3080,448,1.4452
65.3123,440,1.4194
65.3166,438,1.4129
65.3209,439,1.4161
65.3252,441,1.4226
65.3295,443,1.4290
65.3338,445,1.4355
65.3381,447,1.4419
65.3424,449,1.4484
65.3466,450,1.4516
65.3509,450,1.4516
65.3552,452,1.4581
65.3595,452,1.4581
65.3639,454,1.4645
65.3682,456,1.4710
65.3726,457,1.4742
65.3769,459,1.4806
65.3812,460,1.4839
65.3856,460,1.4839
65.3899,463,1.4935
65.3942,466,1.5032
65.3986,465,1.5000
65.4029,466,1.5032
65.4073,466,1.5032
65.4116,467,1.5065
65.4159,468,1.5097
65.4203,469,1.5129
65.4246,470,1.5161
65.4289,472,1.5226
65.4333,473,1.5258
65.4376,474,1.5290
65.4420,476,1.5355
65.4463,477,1.5387
65.4506,477,1.5387
65.4549,477,1.5387
65.4593,478,1.5419
65.4637,480,1.5484
65.4681,480,1.5484
65.4725,481,1.5516
65.4768,482,1.5548
65.4811,483,1.5581
65.4854,484,1.5613
65.4897,484,1.5613
65.4940,485,1.5645
65.4983,487,1.5710
65.5026,487,1.5710
65.5069,487,1.5710
65.5112,489,1.5774
65.5155,490,1.5806
65.5198,490,1.5806
65.5241,489,1.5774
65.5284,491,1.5839
65.5327,491,1.5839
65.5370,492,1.5871
65.5413,493,1.5903
65.5456,494,1.5935
65.5498,500,1.6129
65.5541,511,1.6484
65.5584,524,1.6903
65.5628,537,1.7323
65.5671,552,1.7806
65.5713,566,1.8258
65.5757,576,1.8581
65.5799,584,1.8839
65.5843,588,1.8968
65.5885,590,1.9032
65.5928,586,1.8903
65.5971,580,1.8710
65.6015,571,1.8419
65.6058,557,1.7968
65.6101,543,1.7516
65.6144,531,1.7129
65.6186,515,1.6613
65.6230,501,1.6161
65.6273,489,1.5774
65.6316,485,1.5645
65.6359,485,1.5645
65.6402,486,1.5677
65.6445,486,1.5677
65.6488,488,1.5742
65.6531,489,1.5774
65.6574,492,1.5871
65.6617,491,1.5839
65.6660,492,1.5871
65.6703,492,1.5871
65.6746,493,1.5903
65.6789,494,1.5935
65.6833,495,1.5968
65.6876,495,1.5968
65.6918,495,1.5968
65.6961,496,1.6000
65.7004,495,1.5968
65.7047,488,1.5742
65.7090,464,1.4968
65.7133,431,1.3903
65.7176,413,1.3323
65.7219,447,1.4419
65.7262,545,1.7581
65.7305,694,2.2387
65.7348,873,2.8161
65.7391,999,3.2226
65.7434,1000,3.2258
65.7477,999,3.2226
65.7520,985,3.1774
65.7563,815,2.6290
65.7606,599,1.9323
65.7649,454,1.4645
65.7692,391,1.2613
65.7735,380,1.2258
65.7778,399,1.2871
65.7821,427,1.3774
65.7864,447,1.4419
65.7907,454,1.4645
65.7949,458,1.4774
65.7992,459,1.4806
65.8035,459,1.4806
65.8078,460,1.4839
65.8121,461,1.4871
65.8164,462,1.4903
65.8207,463,1.4935
65.8250,464,1.4968
65.8293,466,1.5032
65.8336,466,1.5032
65.8379,468,1.5097
65.8422,468,1.5097
65.8473,470,1.5161
65.8517,471,1.5194
65.8561,472,1.5226
65.8604,472,1.5226
65.8647,474,1.5290
65.8690,474,1.5290
65.8733,474,1.5290
65.8781,475,1.5323
65.8824,476,1.5355
65.8867,477,1.5387
65.8910,477,1.5387
65.8953,479,1.5452
65.8996,481,1.5516
65.9039,486,1.5677
65.9082,496,1.6000
65.9125,508,1.6387
65.9167,522,1.6839
65.9210,536,1.7290
65.9253,550,1.7742
65.9296,562,1.8129
65.9340,575,1.8548
65.9383,587,1.8935
65.9426,600,1.9355
65.9469,611,1.9710
65.9512,619,1.9968
65.9555,627,2.0226
65.9598,633,2.0419
65.9641,637,2.0548
65.9684,642,2.0710
65.9727,644,2.0774
65.9770,644,2.0774
65.9813,642,2.0710
65.9856,640,2.0645
65.9899,636,2.0516
65.9942,628,2.0258
65.9985,620,2.0000
66.0027,612,1.9742
66.0070,603,1.9452
66.0113,590,1.9032
66.0156,579,1.8677
66.0199,566,1.8258
66.0242,552,1.7806
66.0285,539,1.7387
66.0328,524,1.6903
66.0372,510,1.6452
66.0414,497,1.6032
66.0457,482,1.5548
66.0500,470,1.5161
66.0543,459,1.4806
66.0586,448,1.4452
66.0629,440,1.4194
66.0672,438,1.4129
66.0715,438,1.4129
66.0758,442,1.4258
66.0802,445,1.4355
66.0845,446,1.4387
66.0888,447,1.4419
66.0932,448,1.4452
66.0975,449,1.4484
66.1018,451,1.4548
66.1062,453,1.4613
66.1105,453,1.4613
66.1148,454,1.4645
66.1192,455,1.4677
66.1235,456,1.4710
66.1278,458,1.4774
66.1321,459,1.4806
66.1365,461,1.4871
66.1408,463,1.4935
66.1452,465,1.5000
66.1496,466,1.5032
66.1540,466,1.5032
66.1585,467,1.5065
66.1628,468,1.5097
66.1672,469,1.5129
66.1715,470,1.5161
66.1759,471,1.5194
66.1802,474,1.5290
66.1845,475,1.5323
66.1888,476,1.5355
66.1931,476,1.5355
66.1974,476,1.5355
66.2017,477,1.5387
66.2060,477,1.5387
66.2103,478,1.5419
66.2146,480,1.5484
66.2189,480,1.5484
66.2232,482,1.5548
66.2274,482,1.5548
66.2317,482,1.5548
66.2360,483,1.5581
66.2403,485,1.5645
66.2447,486,1.5677
66.2490,487,1.5710
66.2533,487,1.5710
66.2576,487,1.5710
66.2619,488,1.5742
66.2662,489,1.5774
66.2705,490,1.5806
66.2748,491,1.5839
66.2791,493,1.5903
66.2834,493,1.5903
66.2878,493,1.5903
66.2921,493,1.5903
66.2964,494,1.5935
66.3008,500,1.6129
66.3051,512,1.6516
66.3094,525,1.6935
66.3137,542,1.7484
66.3181,556,1.7935
66.3224,568,1.8323
66.3267,577,1.8613
66.3311,586,1.8903
66.3354,587,1.8935
66.3397,588,1.8968
66.3440,584,1.8839
66.3484,576,1.8581
66.3527,565,1.8226
66.3570,552,1.7806
66.3614,538,1.7355
66.3657,524,1.6903
66.3700,510,1.6452
66.3744,496,1.6000
66.3787,486,1.5677
66.3831,484,1.5613
66.3873,486,1.5677
66.3916,487,1.5710
66.3959,489,1.5774
66.4002,490,1.5806
66.4045,489,1.5774
66.4088,489,1.5774
66.4131,489,1.5774
66.4174,490,1.5806
66.4217,492,1.5871
66.4260,493,1.5903
66.4303,493,1.5903
66.4346,494,1.5935
66.4389,495,1.5968
66.4431,496,1.6000
66.4474,497,1.6032
66.4517,494,1.5935
66.4560,484,1.5613
66.4603,456,1.4710
66.4646,425,1.3710
66.4689,417,1.3452
66.4732,469,1.5129
66.4775,582,1.8774
66.4818,746,2.4065
66.4862,930,3.0000
66.4905,999,3.2226
66.4948,1002,3.2323
66.4991,997,3.2161
66.5035,947,3.0548
66.5078,738,2.3806
66.5121,537,1.7323
66.5165,424,1.3677
66.5208,381,1.2290
66.5251,384,1.2387
66.5295,409,1.3194
66.5338,435,1.4032
66.5381,450,1.4516
66.5425,455,1.4677
66.5468,457,1.4742
66.5511,459,1.4806
66.5554,458,1.4774
66.5598,459,1.4806
66.5641,460,1.4839
66.5685,461,1.4871
66.5728,462,1.4903
66.5771,464,1.4968
66.5815,465,1.5000
66.5858,466,1.5032
66.5901,467,1.5065
66.5944,468,1.5097
66.5987,469,1.5129
66.6030,471,1.5194
66.6073,472,1.5226
66.6116,472,1.5226
66.6159,473,1.5258
66.6202,474,1.5290
66.6245,475,1.5323
66.6288,476,1.5355
66.6331,477,1.5387
66.6374,478,1.5419
66.6416,479,1.5452
66.6459,480,1.5484
66.6502,482,1.5548
66.6545,487,1.5710
66.6588,497,1.6032
66.6631,509,1.6419
66.6674,523,1.6871
66.6717,538,1.7355
66.6760,552,1.7806
66.6803,564,1.8194
66.6846,577,1.8613
66.6889,590,1.9032
66.6933,600,1.9355
66.6976,611,1.9710
66.7019,622,2.0065
66.7062,628,2.0258
66.7106,636,2.0516
66.7149,640,2.0645
66.7192,642,2.0710
66.7235,644,2.0774
66.7279,644,2.0774
66.7322,642,2.0710
66.7365,639,2.0613
66.7409,634,2.0452
66.7452,628,2.0258
66.7497,620,2.0000
66.7541,611,1.9710
66.7586,599,1.9323
66.7629,587,1.8935
66.7673,575,1.8548
66.7717,561,1.8097
66.7761,548,1.7677
66.7804,533,1.7194
66.7848,518,1.6710
66.7891,505,1.6290
66.7934,491,1.5839
66.7977,478,1.5419
66.8020,465,1.5000
66.8062,454,1.4645
66.8105,444,1.4323
66.8148,439,1.4161
66.8191,439,1.4161
66.8234,441,1.4226
66.8277,442,1.4258
66.8320,443,1.4290
66.8363,445,1.4355
66.8406,448,1.4452
66.8449,450,1.4516
66.8492,451,1.4548
66.8535,451,1.4548
66.8578,453,1.4613
66.8621,454,1.4645
66.8664,456,1.4710
66.8706,457,1.4742
66.8749,457,1.4742
66.8792,458,1.4774
66.8835,459,1.4806
66.8879,460,1.4839
66.8922,462,1.4903
66.8966,464,1.4968
66.9009,464,1.4968
66.9052,464,1.4968
66.9095,465,1.5000
66.9139,467,1.5065
66.9182,469,1.5129
66.9225,470,1.5161
66.9269,471,1.5194
66.9312,471,1.5194
66.9355,472,1.5226
66.9399,473,1.5258
66.9442,475,1.5323
66.9485,475,1.5323
66.9528,476,1.5355
66.9572,477,1.5387
66.9616,478,1.5419
66.9659,479,1.5452
66.9702,479,1.5452
66.9745,481,1.5516
66.9789,482,1.5548
66.9833,483,1.5581
66.9877,483,1.5581
66.9920,484,1.5613
66.9962,485,1.5645
67.0006,486,1.5677
67.0048,488,1.5742
67.0091,488,1.5742
67.0134,489,1.5774
67.0177,490,1.5806
67.0220,491,1.5839
67.0263,491,1.5839
67.0306,493,1.5903
67.0349,494,1.5935
67.0392,495,1.5968
67.0435,495,1.5968
67.0479,497,1.6032
67.0523,511,1.6484
67.0567,518,1.6710
67.0611,534,1.7226
67.0654,547,1.7645
67.0696,562,1.8129
67.0739,573,1.8484
67.0782,581,1.8742
67.0826,586,1.8903
67.0869,588,1.8968
67.0912,587,1.8935
67.0955,581,1.8742
67.0998,574,1.8516
67.1041,563,1.8161
67.1084,550,1.7742
67.1126,534,1.7226
67.1169,519,1.6742
67.1212,505,1.6290
67.1255,493,1.5903
67.1298,485,1.5645
67.1341,484,1.5613
67.1384,485,1.5645
67.1427,487,1.5710
67.1470,488,1.5742
67.1513,489,1.5774
67.1556,490,1.5806
67.1599,491,1.5839
67.1642,491,1.5839
67.1685,490,1.5806
67.1728,492,1.5871
67.1771,492,1.5871
67.1814,493,1.5903
67.1858,493,1.5903
67.1901,495,1.5968
67.1944,496,1.6000
67.1988,496,1.6000
67.2031,492,1.5871
67.2074,476,1.5355
67.2118,445,1.4355
67.2161,417,1.3452
67.2204,428,1.3806
67.2248,504,1.6258
67.2291,637,2.0548
67.2334,811,2.6161
67.2377,990,3.1935
67.2421,1000,3.2258
67.2464,1001,3.2290
67.2508,996,3.2129
67.2551,879,2.8355
67.2594,656,2.1161
67.2637,485,1.5645
67.2681,402,1.2968
67.2724,380,1.2258
67.2767,393,1.2677
67.2811,420,1.3548
67.2854,442,1.4258
67.2898,452,1.4581
67.2941,455,1.4677
67.2984,456,1.4710
67.3027,458,1.4774
67.3071,459,1.4806
67.3114,460,1.4839
67.3157,461,1.4871
67.3200,463,1.4935
67.3244,465,1.5000
67.3287,466,1.5032
67.3330,467,1.5065
67.3374,467,1.5065
67.3417,468,1.5097
67.3460,469,1.5129
67.3504,469,1.5129
67.3547,470,1.5161
67.3590,470,1.5161
67.3633,472,1.5226
67.3677,473,1.5258
67.3720,474,1.5290
67.3763,475,1.5323
67.3807,477,1.5387
67.3850,477,1.5387
67.3893,478,1.5419
67.3937,479,1.5452
67.3979,480,1.5484
67.4022,483,1.5581
67.4065,492,1.5871
67.4108,504,1.6258
67.4151,516,1.6645
67.4194,531,1.7129
67.4237,544,1.7548
67.4280,556,1.7935
67.4323,571,1.8419
67.4366,584,1.8839
67.4409,597,1.9258
67.4452,607,1.9581
67.4495,616,1.9871
67.4538,624,2.0129
67.4581,630,2.0323
67.4624,636,2.0516
67.4667,640,2.0645
67.4710,643,2.0742
67.4753,644,2.0774
67.4796,644,2.0774
67.4839,644,2.0774
67.4882,638,2.0581
67.4925,630,2.0323
67.4968,624,2.0129
67.5011,617,1.9903
67.5055,606,1.9548
67.5098,595,1.9194
67.5141,584,1.8839
67.5185,570,1.8387
67.5228,557,1.7968
67.5272,544,1.7548
67.5315,530,1.7097
67.5358,516,1.6645
67.5402,501,1.6161
67.5445,488,1.5742
67.5488,474,1.5290
67.5532,462,1.4903
67.5575,450,1.4516
67.5618,442,1.4258
67.5661,439,1.4161
67.5705,439,1.4161
67.5748,440,1.4194
67.5792,444,1.4323
67.5835,446,1.4387
67.5879,448,1.4452
67.5922,449,1.4484
67.5966,451,1.4548
67.6009,452,1.4581
67.6052,453,1.4613
67.6095,454,1.4645
67.6137,455,1.4677
67.6180,456,1.4710
67.6223,458,1.4774
67.6266,459,1.4806
67.6309,461,1.4871
67.6352,462,1.4903
67.6395,463,1.4935
67.6438,464,1.4968
67.6487,465,1.5000
67.6531,464,1.4968
67.6576,468,1.5097
67.6619,469,1.5129
67.6661,469,1.5129
67.6704,469,1.5129
67.6747,472,1.5226
67.6791,472,1.5226
67.6834,473,1.5258
67.6877,473,1.5258
67.6920,473,1.5258
67.6963,476,1.5355
67.7006,477,1.5387
67.7049,476,1.5355
67.7092,477,1.5387
67.7135,478,1.5419
67.7178,479,1.5452
67.7221,481,1.5516
67.7264,482,1.5548
67.7307,482,1.5548
67.7349,484,1.5613
67.7393,484,1.5613
67.7435,486,1.5677
67.7478,486,1.5677
67.7521,487,1.5710
67.7564,488,1.5742
67.7608,490,1.5806
67.7651,489,1.5774
67.7693,491,1.5839
67.7736,492,1.5871
67.7779,492,1.5871
67.7822,492,1.5871
67.7865,492,1.5871
67.7908,494,1.5935
67.7951,494,1.5935
67.7994,499,1.6097
67.8038,510,1.6452
67.8081,524,1.6903
67.8124,538,1.7355
67.8168,552,1.7806
67.8211,563,1.8161
67.8254,574,1.8516
67.8298,582,1.8774
67.8341,587,1.8935
67.8384,588,1.8968
67.8428,587,1.8935
67.8472,578,1.8645
67.8515,570,1.8387
67.8558,557,1.7968
67.8601,544,1.7548
67.8645,530,1.7097
67.8688,516,1.6645
67.8732,501,1.6161
67.8775,490,1.5806
67.8818,486,1.5677
67.8862,486,1.5677
67.8906,486,1.5677
67.8949,487,1.5710
67.8992,488,1.5742
67.9035,489,1.5774
67.9078,489,1.5774
67.9121,489,1.5774
67.9164,490,1.5806
67.9207,490,1.5806
67.9250,491,1.5839
67.9293,492,1.5871
67.9336,492,1.5871
67.9379,493,1.5903
67.9421,494,1.5935
67.9465,495,1.5968
67.9524,489,1.5774
67.9569,480,1.5484
67.9612,449,1.4484
67.9655,419,1.3516
67.9698,421,1.3581
67.9741,486,1.5677
67.9783,609,1.9645
67.9827,777,2.5065
67.9870,960,3.0968
67.9914,1001,3.2290
67.9957,1001,3.2290
68.0000,996,3.2129
68.0043,919,2.9645
68.0086,704,2.2710
68.0129,517,1.6677
68.0172,415,1.3387
68.0215,380,1.2258
68.0258,387,1.2484
68.0301,414,1.3355
68.0344,438,1.4129
68.0386,451,1.4548
68.0429,456,1.4710
68.0473,458,1.4774
68.0515,458,1.4774
68.0558,459,1.4806
68.0600,459,1.4806
68.0643,460,1.4839
68.0685,462,1.4903
68.0728,463,1.4935
68.0772,464,1.4968
68.0814,467,1.5065
68.0857,468,1.5097
68.0899,469,1.5129
68.0942,469,1.5129
68.0985,470,1.5161
68.1028,472,1.5226
68.1070,473,1.5258
68.1113,474,1.5290
68.1156,474,1.5290
68.1199,475,1.5323
68.1241,476,1.5355
68.1284,476,1.5355
68.1327,477,1.5387
68.1370,478,1.5419
68.1413,480,1.5484
68.1456,480,1.5484
68.1499,480,1.5484
68.1542,486,1.5677
68.1584,498,1.6065
68.1627,510,1.6452
68.1670,524,1.6903
68.1713,537,1.7323
68.1756,550,1.7742
68.1799,563,1.8161
68.1841,576,1.8581
68.1884,588,1.8968
68.1928,599,1.9323
68.1972,610,1.9677
68.2014,619,1.9968
68.2057,628,2.0258
68.2100,634,2.0452
68.2142,640,2.0645
68.2185,643,2.0742
68.2228,645,2.0806
68.2270,647,2.0871
68.2313,645,2.0806
68.2355,643,2.0742
68.2397,637,2.0548
68.2440,628,2.0258
68.2483,622,2.0065
68.2525,613,1.9774
68.2568,602,1.9419
68.2610,593,1.9129
68.2653,580,1.8710
68.2696,566,1.8258
68.2738,553,1.7839
68.2781,539,1.7387
68.2824,525,1.6935
68.2866,512,1.6516
68.2909,498,1.6065
68.2952,483,1.5581
68.2994,471,1.5194
68.3037,459,1.4806
68.3080,447,1.4419
68.3123,439,1.4161
68.3166,438,1.4129
68.3209,439,1.4161
68.3251,441,1.4226
68.3294,442,1.4258
68.3337,444,1.4323
68.3380,447,1.4419
68.3423,449,1.4484
68.3466,450,1.4516
68.3509,451,1.4548
68.3552,452,1.4581
68.3595,453,1.4613
68.3637,455,1.4677
68.3680,456,1.4710
68.3723,459,1.4806
68.3766,460,1.4839
68.3809,461,1.4871
68.3852,461,1.4871
68.3895,461,1.4871
68.3938,463,1.4935
68.3981,463,1.4935
68.4024,465,1.5000
68.4067,466,1.5032
68.4109,467,1.5065
68.4152,467,1.5065
68.4195,468,1.5097
68.4238,469,1.5129
68.4281,470,1.5161
68.4324,470,1.5161
68.4367,471,1.5194
68.4410,473,1.5258
68.4453,473,1.5258
68.4496,475,1.5323
68.4539,474,1.5290
68.4582,475,1.5323
68.4625,476,1.5355
68.4668,477,1.5387
68.4711,479,1.5452
68.4754,480,1.5484
68.4797,481,1.5516
68.4839,481,1.5516
68.4882,482,1.5548
68.4925,483,1.5581
68.4968,483,1.5581
68.5011,485,1.5645
68.5054,487,1.5710
68.5097,488,1.5742
68.5140,490,1.5806
68.5183,490,1.5806
68.5226,490,1.5806
68.5269,491,1.5839
68.5311,492,1.5871
68.5354,494,1.5935
68.5397,493,1.5903
68.5440,494,1.5935
68.5483,495,1.5968
68.5532,506,1.6323
68.5576,519,1.6742
68.5621,535,1.7258
68.5664,549,1.7710
68.5707,562,1.8129
68.5751,573,1.8484
68.5794,582,1.8774
68.5838,586,1.8903
68.5881,587,1.8935
68.5925,584,1.8839
68.5969,578,1.8645
68.6013,569,1.8355
68.6057,556,1.7935
68.6100,544,1.7548
68.6143,529,1.7065
68.6193,513,1.6548
68.6236,499,1.6097
68.6279,488,1.5742
68.6322,484,1.5613
68.6365,484,1.5613
68.6408,484,1.5613
68.6451,487,1.5710
68.6495,487,1.5710
68.6539,488,1.5742
68.6581,488,1.5742
68.6625,490,1.5806
68.6668,490,1.5806
68.6711,492,1.5871
68.6754,493,1.5903
68.6797,493,1.5903
68.6840,494,1.5935
68.6883,495,1.5968
68.6926,495,1.5968
68.6969,495,1.5968
68.7014,495,1.5968
68.7057,485,1.5645
68.7100,458,1.4774
68.7143,426,1.3742
68.7186,413,1.3323
68.7229,460,1.4839
68.7273,571,1.8419
68.7316,731,2.3581
68.7359,911,2.9387
68.7402,999,3.2226
68.7445,1000,3.2258
68.7489,1001,3.2290
68.7532,960,3.0968
68.7575,763,2.4613
68.7618,557,1.7968
68.7661,433,1.3968
68.7704,385,1.2419
68.7747,382,1.2323
68.7790,406,1.3097
68.7836,434,1.4000
68.7879,450,1.4516
68.7922,455,1.4677
68.7965,456,1.4710
68.8009,457,1.4742
68.8052,457,1.4742
68.8096,460,1.4839
68.8139,461,1.4871
68.8182,461,1.4871
68.8225,462,1.4903
68.8268,464,1.4968
68.8311,465,1.5000
68.8354,467,1.5065
68.8397,469,1.5129
68.8443,471,1.5194
68.8498,472,1.5226
68.8541,471,1.5194
68.8585,472,1.5226
68.8628,473,1.5258
68.8672,475,1.5323
68.8714,476,1.5355
68.8757,476,1.5355
68.8799,477,1.5387
68.8841,477,1.5387
68.8884,479,1.5452
68.8927,478,1.5419
68.8969,479,1.5452
68.9012,481,1.5516
68.9054,487,1.5710
68.9098,500,1.6129
68.9140,512,1.6516
68.9183,528,1.7032
68.9225,542,1.7484
68.9268,555,1.7903
68.9310,567,1.8290
68.9353,579,1.8677
68.9395,591,1.9065
68.9438,602,1.9419
68.9480,611,1.9710
68.9523,620,2.0000
68.9566,628,2.0258
68.9608,634,2.0452
68.9651,639,2.0613
68.9694,642,2.0710
68.9736,645,2.0806
68.9778,646,2.0839
68.9821,644,2.0774
68.9864,640,2.0645
68.9906,634,2.0452
68.9949,627,2.0226
68.9992,620,2.0000
69.0034,610,1.9677
69.0077,600,1.9355
69.0120,588,1.8968
69.0163,576,1.8581
69.0206,563,1.8161
69.0248,551,1.7774
69.0291,537,1.7323
69.0334,522,1.6839
69.0377,508,1.6387
69.0420,495,1.5968
69.0463,482,1.5548
69.0506,469,1.5129
69.0549,457,1.4742
69.0592,446,1.4387
69.0635,440,1.4194
69.0678,438,1.4129
69.0720,439,1.4161
69.0763,441,1.4226
69.0806,442,1.4258
69.0849,444,1.4323
69.0892,445,1.4355
69.0934,447,1.4419
69.0977,450,1.4516
69.1020,451,1.4548
69.1063,453,1.4613
69.1106,453,1.4613
69.1149,455,1.4677
69.1192,457,1.4742
69.1234,458,1.4774
69.1277,459,1.4806
69.1320,460,1.4839
69.1363,461,1.4871
69.1406,462,1.4903
69.1449,463,1.4935
69.1492,464,1.4968
69.1534,465,1.5000
69.1577,466,1.5032
69.1620,467,1.5065
69.1663,468,1.5097
69.1706,469,1.5129
69.1749,469,1.5129
69.1792,471,1.5194
69.1835,473,1.5258
69.1878,474,1.5290
69.1921,474,1.5290
69.1970,475,1.5323
69.2013,477,1.5387
69.2056,478,1.5419
69.2100,478,1.5419
69.2143,479,1.5452
69.2186,479,1.5452
69.2229,479,1.5452
69.2272,480,1.5484
69.2315,482,1.5548
69.2358,482,1.5548
69.2401,482,1.5548
69.2444,484,1.5613
69.2487,485,1.5645
69.2530,486,1.5677
69.2573,487,1.5710
69.2617,488,1.5742
69.2660,487,1.5710
69.2703,488,1.5742
69.2747,490,1.5806
69.2790,490,1.5806
69.2833,490,1.5806
69.2876,491,1.5839
69.2919,492,1.5871
69.2962,493,1.5903
69.3005,500,1.6129
69.3051,512,1.6516
69.3094,527,1.7000
69.3136,540,1.7419
69.3179,555,1.7903
69.3222,566,1.8258
69.3265,577,1.8613
69.3308,583,1.8806
69.3350,587,1.8935
69.3393,587,1.8935
69.3436,583,1.8806
69.3478,577,1.8613
69.3521,568,1.8323
69.3564,556,1.7935
69.3607,543,1.7516
69.3649,529,1.7065
69.3692,512,1.6516
69.3735,498,1.6065
69.3777,488,1.5742
69.3820,483,1.5581
69.3863,484,1.5613
69.3905,484,1.5613
69.3948,486,1.5677
69.3990,486,1.5677
69.4033,487,1.5710
69.4075,489,1.5774
69.4119,489,1.5774
69.4166,491,1.5839
69.4209,492,1.5871
69.4252,492,1.5871
69.4295,492,1.5871
69.4338,492,1.5871
69.4381,493,1.5903
69.4425,492,1.5871
69.4468,493,1.5903
69.4514,494,1.5935
69.4559,484,1.5613
69.4603,457,1.4742
69.4646,424,1.3677
69.4689,415,1.3387
69.4732,465,1.5000
69.4775,576,1.8581
69.4818,734,2.3677
69.4861,915,2.9516
69.4903,1000,3.2258
69.4946,1002,3.2323
69.4989,999,3.2226
69.5032,959,3.0935
69.5075,762,2.4581
69.5118,558,1.8000
69.5160,433,1.3968
69.5204,383,1.2355
69.5247,381,1.2290
69.5289,404,1.3032
69.5332,431,1.3903
69.5374,447,1.4419
69.5417,453,1.4613
69.5459,456,1.4710
69.5502,456,1.4710
69.5544,457,1.4742
69.5587,459,1.4806
69.5630,460,1.4839
69.5673,462,1.4903
69.5716,463,1.4935
69.5758,464,1.4968
69.5801,465,1.5000
69.5843,466,1.5032
69.5886,467,1.5065
69.5928,468,1.5097
69.5971,469,1.5129
69.6014,470,1.5161
69.6057,470,1.5161
69.6099,470,1.5161
69.6142,471,1.5194
69.6185,472,1.5226
69.6228,474,1.5290
69.6272,475,1.5323
69.6314,475,1.5323
69.6357,476,1.5355
69.6400,477,1.5387
69.6443,479,1.5452
69.6486,480,1.5484
69.6529,482,1.5548
69.6572,492,1.5871
69.6615,504,1.6258
69.6657,518,1.6710
69.6700,531,1.7129
69.6743,545,1.7581
69.6786,559,1.8032
69.6829,572,1.8452
69.6872,584,1.8839
69.6915,595,1.9194
69.6958,603,1.9452
69.7001,614,1.9806
69.7044,624,2.0129
69.7087,631,2.0355
69.7130,637,2.0548
69.7173,641,2.0677
69.7216,643,2.0742
69.7259,643,2.0742
69.7302,641,2.0677
69.7344,640,2.0645
69.7387,637,2.0548
69.7430,630,2.0323
69.7474,621,2.0032
69.7521,612,1.9742
69.7565,602,1.9419
69.7609,591,1.9065
69.7652,578,1.8645
69.7695,566,1.8258
69.7738,551,1.7774
69.7781,539,1.7387
69.7824,526,1.6968
69.7867,512,1.6516
69.7910,498,1.6065
69.7953,484,1.5613
69.7996,471,1.5194
69.8038,460,1.4839
69.8081,449,1.4484
69.8126,440,1.4194
69.8168,438,1.4129
69.8211,438,1.4129
69.8253,441,1.4226
69.8296,442,1.4258
69.8339,443,1.4290
69.8381,446,1.4387
69.8424,448,1.4452
69.8467,450,1.4516
69.8509,449,1.4484
69.8552,450,1.4516
69.8594,451,1.4548
69.8637,453,1.4613
69.8679,453,1.4613
69.8722,455,1.4677
69.8765,457,1.4742
69.8807,460,1.4839
69.8850,462,1.4903
69.8893,463,1.4935
69.8935,462,1.4903
69.8978,462,1.4903
69.9020,464,1.4968
69.9063,465,1.5000
69.9106,466,1.5032
69.9148,468,1.5097
69.9191,470,1.5161
69.9234,471,1.5194
69.9277,472,1.5226
69.9320,471,1.5194
69.9363,473,1.5258
69.9406,475,1.5323
69.9449,476,1.5355
69.9492,477,1.5387
69.9535,478,1.5419
69.9578,479,1.5452
69.9621,480,1.5484
69.9664,481,1.5516
69.9707,481,1.5516
69.9750,482,1.5548
69.9792,483,1.5581
69.9836,484,1.5613
69.9878,485,1.5645
69.9921,485,1.5645
69.9964,485,1.5645
